source name	characteristics[organism]	characteristics[organism part]	characteristics[cell type]	characteristics[disease]	characteristics[biological replicate]	assay name	technology type	comment[proteomics data acquisition method]	comment[label]	comment[instrument]	comment[modification parameters]	comment[cleavage agent details]	comment[dissociation method]	comment[reduction reagent]	comment[alkylation reagent]	comment[fraction identifier]	comment[technical replicate]	comment[data file]	comment[file uri]	comment[sdrf version]	comment[sdrf template]	comment[sdrf annotation tool]	factor value[organism part]
20220602_PIETILAINEN_SEC_GP_33_RULE2.raw.zip	homo sapiens	stem	not applicable	obesity	1	20220602_PIETILAINEN_SEC_GP_33_RULE2.raw.zip	proteomic profiling by mass spectrometry	NT=Data-dependent acquisition;AC=PRIDE:0000627	NT=label free sample;AC=MS:1002038	NT=synapt ms;AC=MS:1001782	NT=Carbamidomethyl;AC=UNIMOD:4;TA=C;MT=Fixed	NT=Trypsin;AC=MS:1001251	NT=collision-induced dissociation;AC=MS:1000133	dithiothreitol (dtt)	iodoacetamide (iaa)	1	1	20220602_PIETILAINEN_SEC_GP_33_RULE2.raw.zip	ftp://ftp.pride.ebi.ac.uk/pride/data/archive/2025/05/PXD041584/20220602_PIETILAINEN_SEC_GP_33_RULE2.raw.zip	v1.1.0	NT=ms-proteomics;VV=v1.1.0	manual curation	stem
20220207_GP_SEC_PIETILAINEN_68.raw.zip	homo sapiens	stem	not applicable	obesity	1	20220207_GP_SEC_PIETILAINEN_68.raw.zip	proteomic profiling by mass spectrometry	NT=Data-dependent acquisition;AC=PRIDE:0000627	NT=label free sample;AC=MS:1002038	NT=synapt ms;AC=MS:1001782	NT=Carbamidomethyl;AC=UNIMOD:4;TA=C;MT=Fixed	NT=Trypsin;AC=MS:1001251	NT=collision-induced dissociation;AC=MS:1000133	dithiothreitol (dtt)	iodoacetamide (iaa)	1	1	20220207_GP_SEC_PIETILAINEN_68.raw.zip	ftp://ftp.pride.ebi.ac.uk/pride/data/archive/2025/05/PXD041584/20220207_GP_SEC_PIETILAINEN_68.raw.zip	v1.1.0	NT=ms-proteomics;VV=v1.1.0	manual curation	stem
20220602_PIETILAINEN_SEC_GP_04_RULE2.raw.zip	homo sapiens	stem	not applicable	obesity	1	20220602_PIETILAINEN_SEC_GP_04_RULE2.raw.zip	proteomic profiling by mass spectrometry	NT=Data-dependent acquisition;AC=PRIDE:0000627	NT=label free sample;AC=MS:1002038	NT=synapt ms;AC=MS:1001782	NT=Carbamidomethyl;AC=UNIMOD:4;TA=C;MT=Fixed	NT=Trypsin;AC=MS:1001251	NT=collision-induced dissociation;AC=MS:1000133	dithiothreitol (dtt)	iodoacetamide (iaa)	1	1	20220602_PIETILAINEN_SEC_GP_04_RULE2.raw.zip	ftp://ftp.pride.ebi.ac.uk/pride/data/archive/2025/05/PXD041584/20220602_PIETILAINEN_SEC_GP_04_RULE2.raw.zip	v1.1.0	NT=ms-proteomics;VV=v1.1.0	manual curation	stem
20220207_GP_SEC_PIETILAINEN_05.raw.zip	homo sapiens	stem	not applicable	obesity	1	20220207_GP_SEC_PIETILAINEN_05.raw.zip	proteomic profiling by mass spectrometry	NT=Data-dependent acquisition;AC=PRIDE:0000627	NT=label free sample;AC=MS:1002038	NT=synapt ms;AC=MS:1001782	NT=Carbamidomethyl;AC=UNIMOD:4;TA=C;MT=Fixed	NT=Trypsin;AC=MS:1001251	NT=collision-induced dissociation;AC=MS:1000133	dithiothreitol (dtt)	iodoacetamide (iaa)	1	1	20220207_GP_SEC_PIETILAINEN_05.raw.zip	ftp://ftp.pride.ebi.ac.uk/pride/data/archive/2025/05/PXD041584/20220207_GP_SEC_PIETILAINEN_05.raw.zip	v1.1.0	NT=ms-proteomics;VV=v1.1.0	manual curation	stem
20220602_PIETILAINEN_SEC_GP_105_TOFMRM.raw.zip	homo sapiens	stem	not applicable	obesity	1	20220602_PIETILAINEN_SEC_GP_105_TOFMRM.raw.zip	proteomic profiling by mass spectrometry	NT=Data-dependent acquisition;AC=PRIDE:0000627	NT=label free sample;AC=MS:1002038	NT=synapt ms;AC=MS:1001782	NT=Carbamidomethyl;AC=UNIMOD:4;TA=C;MT=Fixed	NT=Trypsin;AC=MS:1001251	NT=collision-induced dissociation;AC=MS:1000133	dithiothreitol (dtt)	iodoacetamide (iaa)	1	1	20220602_PIETILAINEN_SEC_GP_105_TOFMRM.raw.zip	ftp://ftp.pride.ebi.ac.uk/pride/data/archive/2025/05/PXD041584/20220602_PIETILAINEN_SEC_GP_105_TOFMRM.raw.zip	v1.1.0	NT=ms-proteomics;VV=v1.1.0	manual curation	stem
20220602_PIETILAINEN_SEC_GP_35_RULE1.raw.zip	homo sapiens	stem	not applicable	obesity	1	20220602_PIETILAINEN_SEC_GP_35_RULE1.raw.zip	proteomic profiling by mass spectrometry	NT=Data-dependent acquisition;AC=PRIDE:0000627	NT=label free sample;AC=MS:1002038	NT=synapt ms;AC=MS:1001782	NT=Carbamidomethyl;AC=UNIMOD:4;TA=C;MT=Fixed	NT=Trypsin;AC=MS:1001251	NT=collision-induced dissociation;AC=MS:1000133	dithiothreitol (dtt)	iodoacetamide (iaa)	1	1	20220602_PIETILAINEN_SEC_GP_35_RULE1.raw.zip	ftp://ftp.pride.ebi.ac.uk/pride/data/archive/2025/05/PXD041584/20220602_PIETILAINEN_SEC_GP_35_RULE1.raw.zip	v1.1.0	NT=ms-proteomics;VV=v1.1.0	manual curation	stem
20220207_GP_SEC_PIETILAINEN_82.raw.zip	homo sapiens	stem	not applicable	obesity	1	20220207_GP_SEC_PIETILAINEN_82.raw.zip	proteomic profiling by mass spectrometry	NT=Data-dependent acquisition;AC=PRIDE:0000627	NT=label free sample;AC=MS:1002038	NT=synapt ms;AC=MS:1001782	NT=Carbamidomethyl;AC=UNIMOD:4;TA=C;MT=Fixed	NT=Trypsin;AC=MS:1001251	NT=collision-induced dissociation;AC=MS:1000133	dithiothreitol (dtt)	iodoacetamide (iaa)	1	1	20220207_GP_SEC_PIETILAINEN_82.raw.zip	ftp://ftp.pride.ebi.ac.uk/pride/data/archive/2025/05/PXD041584/20220207_GP_SEC_PIETILAINEN_82.raw.zip	v1.1.0	NT=ms-proteomics;VV=v1.1.0	manual curation	stem
20220602_PIETILAINEN_SEC_GP_56_TOFMRM.raw.zip	homo sapiens	stem	not applicable	obesity	1	20220602_PIETILAINEN_SEC_GP_56_TOFMRM.raw.zip	proteomic profiling by mass spectrometry	NT=Data-dependent acquisition;AC=PRIDE:0000627	NT=label free sample;AC=MS:1002038	NT=synapt ms;AC=MS:1001782	NT=Carbamidomethyl;AC=UNIMOD:4;TA=C;MT=Fixed	NT=Trypsin;AC=MS:1001251	NT=collision-induced dissociation;AC=MS:1000133	dithiothreitol (dtt)	iodoacetamide (iaa)	1	1	20220602_PIETILAINEN_SEC_GP_56_TOFMRM.raw.zip	ftp://ftp.pride.ebi.ac.uk/pride/data/archive/2025/05/PXD041584/20220602_PIETILAINEN_SEC_GP_56_TOFMRM.raw.zip	v1.1.0	NT=ms-proteomics;VV=v1.1.0	manual curation	stem
20220602_PIETILAINEN_SEC_GP_95_RULE2.raw.zip	homo sapiens	stem	not applicable	obesity	1	20220602_PIETILAINEN_SEC_GP_95_RULE2.raw.zip	proteomic profiling by mass spectrometry	NT=Data-dependent acquisition;AC=PRIDE:0000627	NT=label free sample;AC=MS:1002038	NT=synapt ms;AC=MS:1001782	NT=Carbamidomethyl;AC=UNIMOD:4;TA=C;MT=Fixed	NT=Trypsin;AC=MS:1001251	NT=collision-induced dissociation;AC=MS:1000133	dithiothreitol (dtt)	iodoacetamide (iaa)	1	1	20220602_PIETILAINEN_SEC_GP_95_RULE2.raw.zip	ftp://ftp.pride.ebi.ac.uk/pride/data/archive/2025/05/PXD041584/20220602_PIETILAINEN_SEC_GP_95_RULE2.raw.zip	v1.1.0	NT=ms-proteomics;VV=v1.1.0	manual curation	stem
20220602_PIETILAINEN_SEC_GP_87_RULE1.raw.zip	homo sapiens	stem	not applicable	obesity	1	20220602_PIETILAINEN_SEC_GP_87_RULE1.raw.zip	proteomic profiling by mass spectrometry	NT=Data-dependent acquisition;AC=PRIDE:0000627	NT=label free sample;AC=MS:1002038	NT=synapt ms;AC=MS:1001782	NT=Carbamidomethyl;AC=UNIMOD:4;TA=C;MT=Fixed	NT=Trypsin;AC=MS:1001251	NT=collision-induced dissociation;AC=MS:1000133	dithiothreitol (dtt)	iodoacetamide (iaa)	1	1	20220602_PIETILAINEN_SEC_GP_87_RULE1.raw.zip	ftp://ftp.pride.ebi.ac.uk/pride/data/archive/2025/05/PXD041584/20220602_PIETILAINEN_SEC_GP_87_RULE1.raw.zip	v1.1.0	NT=ms-proteomics;VV=v1.1.0	manual curation	stem
20220602_PIETILAINEN_SEC_GP_18_RULE1.raw.zip	homo sapiens	stem	not applicable	obesity	1	20220602_PIETILAINEN_SEC_GP_18_RULE1.raw.zip	proteomic profiling by mass spectrometry	NT=Data-dependent acquisition;AC=PRIDE:0000627	NT=label free sample;AC=MS:1002038	NT=synapt ms;AC=MS:1001782	NT=Carbamidomethyl;AC=UNIMOD:4;TA=C;MT=Fixed	NT=Trypsin;AC=MS:1001251	NT=collision-induced dissociation;AC=MS:1000133	dithiothreitol (dtt)	iodoacetamide (iaa)	1	1	20220602_PIETILAINEN_SEC_GP_18_RULE1.raw.zip	ftp://ftp.pride.ebi.ac.uk/pride/data/archive/2025/05/PXD041584/20220602_PIETILAINEN_SEC_GP_18_RULE1.raw.zip	v1.1.0	NT=ms-proteomics;VV=v1.1.0	manual curation	stem
20220207_GP_SEC_PIETILAINEN_14.raw.zip	homo sapiens	stem	not applicable	obesity	1	20220207_GP_SEC_PIETILAINEN_14.raw.zip	proteomic profiling by mass spectrometry	NT=Data-dependent acquisition;AC=PRIDE:0000627	NT=label free sample;AC=MS:1002038	NT=synapt ms;AC=MS:1001782	NT=Carbamidomethyl;AC=UNIMOD:4;TA=C;MT=Fixed	NT=Trypsin;AC=MS:1001251	NT=collision-induced dissociation;AC=MS:1000133	dithiothreitol (dtt)	iodoacetamide (iaa)	1	1	20220207_GP_SEC_PIETILAINEN_14.raw.zip	ftp://ftp.pride.ebi.ac.uk/pride/data/archive/2025/05/PXD041584/20220207_GP_SEC_PIETILAINEN_14.raw.zip	v1.1.0	NT=ms-proteomics;VV=v1.1.0	manual curation	stem
20220207_GP_SEC_PIETILAINEN_80.raw.zip	homo sapiens	stem	not applicable	obesity	1	20220207_GP_SEC_PIETILAINEN_80.raw.zip	proteomic profiling by mass spectrometry	NT=Data-dependent acquisition;AC=PRIDE:0000627	NT=label free sample;AC=MS:1002038	NT=synapt ms;AC=MS:1001782	NT=Carbamidomethyl;AC=UNIMOD:4;TA=C;MT=Fixed	NT=Trypsin;AC=MS:1001251	NT=collision-induced dissociation;AC=MS:1000133	dithiothreitol (dtt)	iodoacetamide (iaa)	1	1	20220207_GP_SEC_PIETILAINEN_80.raw.zip	ftp://ftp.pride.ebi.ac.uk/pride/data/archive/2025/05/PXD041584/20220207_GP_SEC_PIETILAINEN_80.raw.zip	v1.1.0	NT=ms-proteomics;VV=v1.1.0	manual curation	stem
20220602_PIETILAINEN_SEC_GP_84_RULE2.raw.zip	homo sapiens	stem	not applicable	obesity	1	20220602_PIETILAINEN_SEC_GP_84_RULE2.raw.zip	proteomic profiling by mass spectrometry	NT=Data-dependent acquisition;AC=PRIDE:0000627	NT=label free sample;AC=MS:1002038	NT=synapt ms;AC=MS:1001782	NT=Carbamidomethyl;AC=UNIMOD:4;TA=C;MT=Fixed	NT=Trypsin;AC=MS:1001251	NT=collision-induced dissociation;AC=MS:1000133	dithiothreitol (dtt)	iodoacetamide (iaa)	1	1	20220602_PIETILAINEN_SEC_GP_84_RULE2.raw.zip	ftp://ftp.pride.ebi.ac.uk/pride/data/archive/2025/05/PXD041584/20220602_PIETILAINEN_SEC_GP_84_RULE2.raw.zip	v1.1.0	NT=ms-proteomics;VV=v1.1.0	manual curation	stem
20220602_PIETILAINEN_SEC_GP_70_RULE1.raw.zip	homo sapiens	stem	not applicable	obesity	1	20220602_PIETILAINEN_SEC_GP_70_RULE1.raw.zip	proteomic profiling by mass spectrometry	NT=Data-dependent acquisition;AC=PRIDE:0000627	NT=label free sample;AC=MS:1002038	NT=synapt ms;AC=MS:1001782	NT=Carbamidomethyl;AC=UNIMOD:4;TA=C;MT=Fixed	NT=Trypsin;AC=MS:1001251	NT=collision-induced dissociation;AC=MS:1000133	dithiothreitol (dtt)	iodoacetamide (iaa)	1	1	20220602_PIETILAINEN_SEC_GP_70_RULE1.raw.zip	ftp://ftp.pride.ebi.ac.uk/pride/data/archive/2025/05/PXD041584/20220602_PIETILAINEN_SEC_GP_70_RULE1.raw.zip	v1.1.0	NT=ms-proteomics;VV=v1.1.0	manual curation	stem
20220207_GP_SEC_PIETILAINEN_139.raw.zip	homo sapiens	stem	not applicable	obesity	1	20220207_GP_SEC_PIETILAINEN_139.raw.zip	proteomic profiling by mass spectrometry	NT=Data-dependent acquisition;AC=PRIDE:0000627	NT=label free sample;AC=MS:1002038	NT=synapt ms;AC=MS:1001782	NT=Carbamidomethyl;AC=UNIMOD:4;TA=C;MT=Fixed	NT=Trypsin;AC=MS:1001251	NT=collision-induced dissociation;AC=MS:1000133	dithiothreitol (dtt)	iodoacetamide (iaa)	1	1	20220207_GP_SEC_PIETILAINEN_139.raw.zip	ftp://ftp.pride.ebi.ac.uk/pride/data/archive/2025/05/PXD041584/20220207_GP_SEC_PIETILAINEN_139.raw.zip	v1.1.0	NT=ms-proteomics;VV=v1.1.0	manual curation	stem
20220207_GP_SEC_PIETILAINEN_125.raw.zip	homo sapiens	stem	not applicable	obesity	1	20220207_GP_SEC_PIETILAINEN_125.raw.zip	proteomic profiling by mass spectrometry	NT=Data-dependent acquisition;AC=PRIDE:0000627	NT=label free sample;AC=MS:1002038	NT=synapt ms;AC=MS:1001782	NT=Carbamidomethyl;AC=UNIMOD:4;TA=C;MT=Fixed	NT=Trypsin;AC=MS:1001251	NT=collision-induced dissociation;AC=MS:1000133	dithiothreitol (dtt)	iodoacetamide (iaa)	1	1	20220207_GP_SEC_PIETILAINEN_125.raw.zip	ftp://ftp.pride.ebi.ac.uk/pride/data/archive/2025/05/PXD041584/20220207_GP_SEC_PIETILAINEN_125.raw.zip	v1.1.0	NT=ms-proteomics;VV=v1.1.0	manual curation	stem
20220602_PIETILAINEN_SEC_GP_48_RULE1.raw.zip	homo sapiens	stem	not applicable	obesity	1	20220602_PIETILAINEN_SEC_GP_48_RULE1.raw.zip	proteomic profiling by mass spectrometry	NT=Data-dependent acquisition;AC=PRIDE:0000627	NT=label free sample;AC=MS:1002038	NT=synapt ms;AC=MS:1001782	NT=Carbamidomethyl;AC=UNIMOD:4;TA=C;MT=Fixed	NT=Trypsin;AC=MS:1001251	NT=collision-induced dissociation;AC=MS:1000133	dithiothreitol (dtt)	iodoacetamide (iaa)	1	1	20220602_PIETILAINEN_SEC_GP_48_RULE1.raw.zip	ftp://ftp.pride.ebi.ac.uk/pride/data/archive/2025/05/PXD041584/20220602_PIETILAINEN_SEC_GP_48_RULE1.raw.zip	v1.1.0	NT=ms-proteomics;VV=v1.1.0	manual curation	stem
20220602_PIETILAINEN_SEC_GP_03_TOFMRM.raw.zip	homo sapiens	stem	not applicable	obesity	1	20220602_PIETILAINEN_SEC_GP_03_TOFMRM.raw.zip	proteomic profiling by mass spectrometry	NT=Data-dependent acquisition;AC=PRIDE:0000627	NT=label free sample;AC=MS:1002038	NT=synapt ms;AC=MS:1001782	NT=Carbamidomethyl;AC=UNIMOD:4;TA=C;MT=Fixed	NT=Trypsin;AC=MS:1001251	NT=collision-induced dissociation;AC=MS:1000133	dithiothreitol (dtt)	iodoacetamide (iaa)	1	1	20220602_PIETILAINEN_SEC_GP_03_TOFMRM.raw.zip	ftp://ftp.pride.ebi.ac.uk/pride/data/archive/2025/05/PXD041584/20220602_PIETILAINEN_SEC_GP_03_TOFMRM.raw.zip	v1.1.0	NT=ms-proteomics;VV=v1.1.0	manual curation	stem
20220602_PIETILAINEN_SEC_GP_112_TOFMRM.raw.zip	homo sapiens	stem	not applicable	obesity	1	20220602_PIETILAINEN_SEC_GP_112_TOFMRM.raw.zip	proteomic profiling by mass spectrometry	NT=Data-dependent acquisition;AC=PRIDE:0000627	NT=label free sample;AC=MS:1002038	NT=synapt ms;AC=MS:1001782	NT=Carbamidomethyl;AC=UNIMOD:4;TA=C;MT=Fixed	NT=Trypsin;AC=MS:1001251	NT=collision-induced dissociation;AC=MS:1000133	dithiothreitol (dtt)	iodoacetamide (iaa)	1	1	20220602_PIETILAINEN_SEC_GP_112_TOFMRM.raw.zip	ftp://ftp.pride.ebi.ac.uk/pride/data/archive/2025/05/PXD041584/20220602_PIETILAINEN_SEC_GP_112_TOFMRM.raw.zip	v1.1.0	NT=ms-proteomics;VV=v1.1.0	manual curation	stem
20220602_PIETILAINEN_SEC_GP_36_RULE2.raw.zip	homo sapiens	stem	not applicable	obesity	1	20220602_PIETILAINEN_SEC_GP_36_RULE2.raw.zip	proteomic profiling by mass spectrometry	NT=Data-dependent acquisition;AC=PRIDE:0000627	NT=label free sample;AC=MS:1002038	NT=synapt ms;AC=MS:1001782	NT=Carbamidomethyl;AC=UNIMOD:4;TA=C;MT=Fixed	NT=Trypsin;AC=MS:1001251	NT=collision-induced dissociation;AC=MS:1000133	dithiothreitol (dtt)	iodoacetamide (iaa)	1	1	20220602_PIETILAINEN_SEC_GP_36_RULE2.raw.zip	ftp://ftp.pride.ebi.ac.uk/pride/data/archive/2025/05/PXD041584/20220602_PIETILAINEN_SEC_GP_36_RULE2.raw.zip	v1.1.0	NT=ms-proteomics;VV=v1.1.0	manual curation	stem
20220602_PIETILAINEN_SEC_GP_13_TOFMRM.raw.zip	homo sapiens	stem	not applicable	obesity	1	20220602_PIETILAINEN_SEC_GP_13_TOFMRM.raw.zip	proteomic profiling by mass spectrometry	NT=Data-dependent acquisition;AC=PRIDE:0000627	NT=label free sample;AC=MS:1002038	NT=synapt ms;AC=MS:1001782	NT=Carbamidomethyl;AC=UNIMOD:4;TA=C;MT=Fixed	NT=Trypsin;AC=MS:1001251	NT=collision-induced dissociation;AC=MS:1000133	dithiothreitol (dtt)	iodoacetamide (iaa)	1	1	20220602_PIETILAINEN_SEC_GP_13_TOFMRM.raw.zip	ftp://ftp.pride.ebi.ac.uk/pride/data/archive/2025/05/PXD041584/20220602_PIETILAINEN_SEC_GP_13_TOFMRM.raw.zip	v1.1.0	NT=ms-proteomics;VV=v1.1.0	manual curation	stem
20220207_GP_SEC_PIETILAINEN_138.raw.zip	homo sapiens	stem	not applicable	obesity	1	20220207_GP_SEC_PIETILAINEN_138.raw.zip	proteomic profiling by mass spectrometry	NT=Data-dependent acquisition;AC=PRIDE:0000627	NT=label free sample;AC=MS:1002038	NT=synapt ms;AC=MS:1001782	NT=Carbamidomethyl;AC=UNIMOD:4;TA=C;MT=Fixed	NT=Trypsin;AC=MS:1001251	NT=collision-induced dissociation;AC=MS:1000133	dithiothreitol (dtt)	iodoacetamide (iaa)	1	1	20220207_GP_SEC_PIETILAINEN_138.raw.zip	ftp://ftp.pride.ebi.ac.uk/pride/data/archive/2025/05/PXD041584/20220207_GP_SEC_PIETILAINEN_138.raw.zip	v1.1.0	NT=ms-proteomics;VV=v1.1.0	manual curation	stem
20220207_GP_SEC_PIETILAINEN_12B.raw.zip	homo sapiens	stem	not applicable	obesity	1	20220207_GP_SEC_PIETILAINEN_12B.raw.zip	proteomic profiling by mass spectrometry	NT=Data-dependent acquisition;AC=PRIDE:0000627	NT=label free sample;AC=MS:1002038	NT=synapt ms;AC=MS:1001782	NT=Carbamidomethyl;AC=UNIMOD:4;TA=C;MT=Fixed	NT=Trypsin;AC=MS:1001251	NT=collision-induced dissociation;AC=MS:1000133	dithiothreitol (dtt)	iodoacetamide (iaa)	1	1	20220207_GP_SEC_PIETILAINEN_12B.raw.zip	ftp://ftp.pride.ebi.ac.uk/pride/data/archive/2025/05/PXD041584/20220207_GP_SEC_PIETILAINEN_12B.raw.zip	v1.1.0	NT=ms-proteomics;VV=v1.1.0	manual curation	stem
20220602_PIETILAINEN_SEC_GP_86_RULE1.raw.zip	homo sapiens	stem	not applicable	obesity	1	20220602_PIETILAINEN_SEC_GP_86_RULE1.raw.zip	proteomic profiling by mass spectrometry	NT=Data-dependent acquisition;AC=PRIDE:0000627	NT=label free sample;AC=MS:1002038	NT=synapt ms;AC=MS:1001782	NT=Carbamidomethyl;AC=UNIMOD:4;TA=C;MT=Fixed	NT=Trypsin;AC=MS:1001251	NT=collision-induced dissociation;AC=MS:1000133	dithiothreitol (dtt)	iodoacetamide (iaa)	1	1	20220602_PIETILAINEN_SEC_GP_86_RULE1.raw.zip	ftp://ftp.pride.ebi.ac.uk/pride/data/archive/2025/05/PXD041584/20220602_PIETILAINEN_SEC_GP_86_RULE1.raw.zip	v1.1.0	NT=ms-proteomics;VV=v1.1.0	manual curation	stem
20220602_PIETILAINEN_SEC_GP_12_TOFMRM.raw.zip	homo sapiens	stem	not applicable	obesity	1	20220602_PIETILAINEN_SEC_GP_12_TOFMRM.raw.zip	proteomic profiling by mass spectrometry	NT=Data-dependent acquisition;AC=PRIDE:0000627	NT=label free sample;AC=MS:1002038	NT=synapt ms;AC=MS:1001782	NT=Carbamidomethyl;AC=UNIMOD:4;TA=C;MT=Fixed	NT=Trypsin;AC=MS:1001251	NT=collision-induced dissociation;AC=MS:1000133	dithiothreitol (dtt)	iodoacetamide (iaa)	1	1	20220602_PIETILAINEN_SEC_GP_12_TOFMRM.raw.zip	ftp://ftp.pride.ebi.ac.uk/pride/data/archive/2025/05/PXD041584/20220602_PIETILAINEN_SEC_GP_12_TOFMRM.raw.zip	v1.1.0	NT=ms-proteomics;VV=v1.1.0	manual curation	stem
20220602_PIETILAINEN_SEC_GP_28_RULE1.raw.zip	homo sapiens	stem	not applicable	obesity	1	20220602_PIETILAINEN_SEC_GP_28_RULE1.raw.zip	proteomic profiling by mass spectrometry	NT=Data-dependent acquisition;AC=PRIDE:0000627	NT=label free sample;AC=MS:1002038	NT=synapt ms;AC=MS:1001782	NT=Carbamidomethyl;AC=UNIMOD:4;TA=C;MT=Fixed	NT=Trypsin;AC=MS:1001251	NT=collision-induced dissociation;AC=MS:1000133	dithiothreitol (dtt)	iodoacetamide (iaa)	1	1	20220602_PIETILAINEN_SEC_GP_28_RULE1.raw.zip	ftp://ftp.pride.ebi.ac.uk/pride/data/archive/2025/05/PXD041584/20220602_PIETILAINEN_SEC_GP_28_RULE1.raw.zip	v1.1.0	NT=ms-proteomics;VV=v1.1.0	manual curation	stem
20220602_PIETILAINEN_SEC_GP_112_RULE2.raw.zip	homo sapiens	stem	not applicable	obesity	1	20220602_PIETILAINEN_SEC_GP_112_RULE2.raw.zip	proteomic profiling by mass spectrometry	NT=Data-dependent acquisition;AC=PRIDE:0000627	NT=label free sample;AC=MS:1002038	NT=synapt ms;AC=MS:1001782	NT=Carbamidomethyl;AC=UNIMOD:4;TA=C;MT=Fixed	NT=Trypsin;AC=MS:1001251	NT=collision-induced dissociation;AC=MS:1000133	dithiothreitol (dtt)	iodoacetamide (iaa)	1	1	20220602_PIETILAINEN_SEC_GP_112_RULE2.raw.zip	ftp://ftp.pride.ebi.ac.uk/pride/data/archive/2025/05/PXD041584/20220602_PIETILAINEN_SEC_GP_112_RULE2.raw.zip	v1.1.0	NT=ms-proteomics;VV=v1.1.0	manual curation	stem
20220602_PIETILAINEN_SEC_GP_63_RULE2.raw.zip	homo sapiens	stem	not applicable	obesity	1	20220602_PIETILAINEN_SEC_GP_63_RULE2.raw.zip	proteomic profiling by mass spectrometry	NT=Data-dependent acquisition;AC=PRIDE:0000627	NT=label free sample;AC=MS:1002038	NT=synapt ms;AC=MS:1001782	NT=Carbamidomethyl;AC=UNIMOD:4;TA=C;MT=Fixed	NT=Trypsin;AC=MS:1001251	NT=collision-induced dissociation;AC=MS:1000133	dithiothreitol (dtt)	iodoacetamide (iaa)	1	1	20220602_PIETILAINEN_SEC_GP_63_RULE2.raw.zip	ftp://ftp.pride.ebi.ac.uk/pride/data/archive/2025/05/PXD041584/20220602_PIETILAINEN_SEC_GP_63_RULE2.raw.zip	v1.1.0	NT=ms-proteomics;VV=v1.1.0	manual curation	stem
20220602_PIETILAINEN_SEC_GP_09_RULE2.raw.zip	homo sapiens	stem	not applicable	obesity	1	20220602_PIETILAINEN_SEC_GP_09_RULE2.raw.zip	proteomic profiling by mass spectrometry	NT=Data-dependent acquisition;AC=PRIDE:0000627	NT=label free sample;AC=MS:1002038	NT=synapt ms;AC=MS:1001782	NT=Carbamidomethyl;AC=UNIMOD:4;TA=C;MT=Fixed	NT=Trypsin;AC=MS:1001251	NT=collision-induced dissociation;AC=MS:1000133	dithiothreitol (dtt)	iodoacetamide (iaa)	1	1	20220602_PIETILAINEN_SEC_GP_09_RULE2.raw.zip	ftp://ftp.pride.ebi.ac.uk/pride/data/archive/2025/05/PXD041584/20220602_PIETILAINEN_SEC_GP_09_RULE2.raw.zip	v1.1.0	NT=ms-proteomics;VV=v1.1.0	manual curation	stem
20220602_PIETILAINEN_SEC_GP_71_TOFMRM.raw.zip	homo sapiens	stem	not applicable	obesity	1	20220602_PIETILAINEN_SEC_GP_71_TOFMRM.raw.zip	proteomic profiling by mass spectrometry	NT=Data-dependent acquisition;AC=PRIDE:0000627	NT=label free sample;AC=MS:1002038	NT=synapt ms;AC=MS:1001782	NT=Carbamidomethyl;AC=UNIMOD:4;TA=C;MT=Fixed	NT=Trypsin;AC=MS:1001251	NT=collision-induced dissociation;AC=MS:1000133	dithiothreitol (dtt)	iodoacetamide (iaa)	1	1	20220602_PIETILAINEN_SEC_GP_71_TOFMRM.raw.zip	ftp://ftp.pride.ebi.ac.uk/pride/data/archive/2025/05/PXD041584/20220602_PIETILAINEN_SEC_GP_71_TOFMRM.raw.zip	v1.1.0	NT=ms-proteomics;VV=v1.1.0	manual curation	stem
20220602_PIETILAINEN_SEC_GP_107_TOFMRM.raw.zip	homo sapiens	stem	not applicable	obesity	1	20220602_PIETILAINEN_SEC_GP_107_TOFMRM.raw.zip	proteomic profiling by mass spectrometry	NT=Data-dependent acquisition;AC=PRIDE:0000627	NT=label free sample;AC=MS:1002038	NT=synapt ms;AC=MS:1001782	NT=Carbamidomethyl;AC=UNIMOD:4;TA=C;MT=Fixed	NT=Trypsin;AC=MS:1001251	NT=collision-induced dissociation;AC=MS:1000133	dithiothreitol (dtt)	iodoacetamide (iaa)	1	1	20220602_PIETILAINEN_SEC_GP_107_TOFMRM.raw.zip	ftp://ftp.pride.ebi.ac.uk/pride/data/archive/2025/05/PXD041584/20220602_PIETILAINEN_SEC_GP_107_TOFMRM.raw.zip	v1.1.0	NT=ms-proteomics;VV=v1.1.0	manual curation	stem
20220602_PIETILAINEN_SEC_GP_56_RULE1.raw.zip	homo sapiens	stem	not applicable	obesity	1	20220602_PIETILAINEN_SEC_GP_56_RULE1.raw.zip	proteomic profiling by mass spectrometry	NT=Data-dependent acquisition;AC=PRIDE:0000627	NT=label free sample;AC=MS:1002038	NT=synapt ms;AC=MS:1001782	NT=Carbamidomethyl;AC=UNIMOD:4;TA=C;MT=Fixed	NT=Trypsin;AC=MS:1001251	NT=collision-induced dissociation;AC=MS:1000133	dithiothreitol (dtt)	iodoacetamide (iaa)	1	1	20220602_PIETILAINEN_SEC_GP_56_RULE1.raw.zip	ftp://ftp.pride.ebi.ac.uk/pride/data/archive/2025/05/PXD041584/20220602_PIETILAINEN_SEC_GP_56_RULE1.raw.zip	v1.1.0	NT=ms-proteomics;VV=v1.1.0	manual curation	stem
20220207_GP_SEC_PIETILAINEN_133.raw.zip	homo sapiens	stem	not applicable	obesity	1	20220207_GP_SEC_PIETILAINEN_133.raw.zip	proteomic profiling by mass spectrometry	NT=Data-dependent acquisition;AC=PRIDE:0000627	NT=label free sample;AC=MS:1002038	NT=synapt ms;AC=MS:1001782	NT=Carbamidomethyl;AC=UNIMOD:4;TA=C;MT=Fixed	NT=Trypsin;AC=MS:1001251	NT=collision-induced dissociation;AC=MS:1000133	dithiothreitol (dtt)	iodoacetamide (iaa)	1	1	20220207_GP_SEC_PIETILAINEN_133.raw.zip	ftp://ftp.pride.ebi.ac.uk/pride/data/archive/2025/05/PXD041584/20220207_GP_SEC_PIETILAINEN_133.raw.zip	v1.1.0	NT=ms-proteomics;VV=v1.1.0	manual curation	stem
20220602_PIETILAINEN_SEC_GP_91_RULE2.raw.zip	homo sapiens	stem	not applicable	obesity	1	20220602_PIETILAINEN_SEC_GP_91_RULE2.raw.zip	proteomic profiling by mass spectrometry	NT=Data-dependent acquisition;AC=PRIDE:0000627	NT=label free sample;AC=MS:1002038	NT=synapt ms;AC=MS:1001782	NT=Carbamidomethyl;AC=UNIMOD:4;TA=C;MT=Fixed	NT=Trypsin;AC=MS:1001251	NT=collision-induced dissociation;AC=MS:1000133	dithiothreitol (dtt)	iodoacetamide (iaa)	1	1	20220602_PIETILAINEN_SEC_GP_91_RULE2.raw.zip	ftp://ftp.pride.ebi.ac.uk/pride/data/archive/2025/05/PXD041584/20220602_PIETILAINEN_SEC_GP_91_RULE2.raw.zip	v1.1.0	NT=ms-proteomics;VV=v1.1.0	manual curation	stem
20220602_PIETILAINEN_SEC_GP_26_RULE1.raw.zip	homo sapiens	stem	not applicable	obesity	1	20220602_PIETILAINEN_SEC_GP_26_RULE1.raw.zip	proteomic profiling by mass spectrometry	NT=Data-dependent acquisition;AC=PRIDE:0000627	NT=label free sample;AC=MS:1002038	NT=synapt ms;AC=MS:1001782	NT=Carbamidomethyl;AC=UNIMOD:4;TA=C;MT=Fixed	NT=Trypsin;AC=MS:1001251	NT=collision-induced dissociation;AC=MS:1000133	dithiothreitol (dtt)	iodoacetamide (iaa)	1	1	20220602_PIETILAINEN_SEC_GP_26_RULE1.raw.zip	ftp://ftp.pride.ebi.ac.uk/pride/data/archive/2025/05/PXD041584/20220602_PIETILAINEN_SEC_GP_26_RULE1.raw.zip	v1.1.0	NT=ms-proteomics;VV=v1.1.0	manual curation	stem
20220602_PIETILAINEN_SEC_GP_22_TOFMRM.raw.zip	homo sapiens	stem	not applicable	obesity	1	20220602_PIETILAINEN_SEC_GP_22_TOFMRM.raw.zip	proteomic profiling by mass spectrometry	NT=Data-dependent acquisition;AC=PRIDE:0000627	NT=label free sample;AC=MS:1002038	NT=synapt ms;AC=MS:1001782	NT=Carbamidomethyl;AC=UNIMOD:4;TA=C;MT=Fixed	NT=Trypsin;AC=MS:1001251	NT=collision-induced dissociation;AC=MS:1000133	dithiothreitol (dtt)	iodoacetamide (iaa)	1	1	20220602_PIETILAINEN_SEC_GP_22_TOFMRM.raw.zip	ftp://ftp.pride.ebi.ac.uk/pride/data/archive/2025/05/PXD041584/20220602_PIETILAINEN_SEC_GP_22_TOFMRM.raw.zip	v1.1.0	NT=ms-proteomics;VV=v1.1.0	manual curation	stem
20220602_PIETILAINEN_SEC_GP_101_RULE2.raw.zip	homo sapiens	stem	not applicable	obesity	1	20220602_PIETILAINEN_SEC_GP_101_RULE2.raw.zip	proteomic profiling by mass spectrometry	NT=Data-dependent acquisition;AC=PRIDE:0000627	NT=label free sample;AC=MS:1002038	NT=synapt ms;AC=MS:1001782	NT=Carbamidomethyl;AC=UNIMOD:4;TA=C;MT=Fixed	NT=Trypsin;AC=MS:1001251	NT=collision-induced dissociation;AC=MS:1000133	dithiothreitol (dtt)	iodoacetamide (iaa)	1	1	20220602_PIETILAINEN_SEC_GP_101_RULE2.raw.zip	ftp://ftp.pride.ebi.ac.uk/pride/data/archive/2025/05/PXD041584/20220602_PIETILAINEN_SEC_GP_101_RULE2.raw.zip	v1.1.0	NT=ms-proteomics;VV=v1.1.0	manual curation	stem
20220602_PIETILAINEN_SEC_GP_89_RULE2.raw.zip	homo sapiens	stem	not applicable	obesity	1	20220602_PIETILAINEN_SEC_GP_89_RULE2.raw.zip	proteomic profiling by mass spectrometry	NT=Data-dependent acquisition;AC=PRIDE:0000627	NT=label free sample;AC=MS:1002038	NT=synapt ms;AC=MS:1001782	NT=Carbamidomethyl;AC=UNIMOD:4;TA=C;MT=Fixed	NT=Trypsin;AC=MS:1001251	NT=collision-induced dissociation;AC=MS:1000133	dithiothreitol (dtt)	iodoacetamide (iaa)	1	1	20220602_PIETILAINEN_SEC_GP_89_RULE2.raw.zip	ftp://ftp.pride.ebi.ac.uk/pride/data/archive/2025/05/PXD041584/20220602_PIETILAINEN_SEC_GP_89_RULE2.raw.zip	v1.1.0	NT=ms-proteomics;VV=v1.1.0	manual curation	stem
20220602_PIETILAINEN_SEC_GP_52_RULE1.raw.zip	homo sapiens	stem	not applicable	obesity	1	20220602_PIETILAINEN_SEC_GP_52_RULE1.raw.zip	proteomic profiling by mass spectrometry	NT=Data-dependent acquisition;AC=PRIDE:0000627	NT=label free sample;AC=MS:1002038	NT=synapt ms;AC=MS:1001782	NT=Carbamidomethyl;AC=UNIMOD:4;TA=C;MT=Fixed	NT=Trypsin;AC=MS:1001251	NT=collision-induced dissociation;AC=MS:1000133	dithiothreitol (dtt)	iodoacetamide (iaa)	1	1	20220602_PIETILAINEN_SEC_GP_52_RULE1.raw.zip	ftp://ftp.pride.ebi.ac.uk/pride/data/archive/2025/05/PXD041584/20220602_PIETILAINEN_SEC_GP_52_RULE1.raw.zip	v1.1.0	NT=ms-proteomics;VV=v1.1.0	manual curation	stem
20220207_GP_SEC_PIETILAINEN_17.raw.zip	homo sapiens	stem	not applicable	obesity	1	20220207_GP_SEC_PIETILAINEN_17.raw.zip	proteomic profiling by mass spectrometry	NT=Data-dependent acquisition;AC=PRIDE:0000627	NT=label free sample;AC=MS:1002038	NT=synapt ms;AC=MS:1001782	NT=Carbamidomethyl;AC=UNIMOD:4;TA=C;MT=Fixed	NT=Trypsin;AC=MS:1001251	NT=collision-induced dissociation;AC=MS:1000133	dithiothreitol (dtt)	iodoacetamide (iaa)	1	1	20220207_GP_SEC_PIETILAINEN_17.raw.zip	ftp://ftp.pride.ebi.ac.uk/pride/data/archive/2025/05/PXD041584/20220207_GP_SEC_PIETILAINEN_17.raw.zip	v1.1.0	NT=ms-proteomics;VV=v1.1.0	manual curation	stem
20220602_PIETILAINEN_SEC_GP_47_RULE2.raw.zip	homo sapiens	stem	not applicable	obesity	1	20220602_PIETILAINEN_SEC_GP_47_RULE2.raw.zip	proteomic profiling by mass spectrometry	NT=Data-dependent acquisition;AC=PRIDE:0000627	NT=label free sample;AC=MS:1002038	NT=synapt ms;AC=MS:1001782	NT=Carbamidomethyl;AC=UNIMOD:4;TA=C;MT=Fixed	NT=Trypsin;AC=MS:1001251	NT=collision-induced dissociation;AC=MS:1000133	dithiothreitol (dtt)	iodoacetamide (iaa)	1	1	20220602_PIETILAINEN_SEC_GP_47_RULE2.raw.zip	ftp://ftp.pride.ebi.ac.uk/pride/data/archive/2025/05/PXD041584/20220602_PIETILAINEN_SEC_GP_47_RULE2.raw.zip	v1.1.0	NT=ms-proteomics;VV=v1.1.0	manual curation	stem
20220602_PIETILAINEN_SEC_GP_14_RULE2.raw.zip	homo sapiens	stem	not applicable	obesity	1	20220602_PIETILAINEN_SEC_GP_14_RULE2.raw.zip	proteomic profiling by mass spectrometry	NT=Data-dependent acquisition;AC=PRIDE:0000627	NT=label free sample;AC=MS:1002038	NT=synapt ms;AC=MS:1001782	NT=Carbamidomethyl;AC=UNIMOD:4;TA=C;MT=Fixed	NT=Trypsin;AC=MS:1001251	NT=collision-induced dissociation;AC=MS:1000133	dithiothreitol (dtt)	iodoacetamide (iaa)	1	1	20220602_PIETILAINEN_SEC_GP_14_RULE2.raw.zip	ftp://ftp.pride.ebi.ac.uk/pride/data/archive/2025/05/PXD041584/20220602_PIETILAINEN_SEC_GP_14_RULE2.raw.zip	v1.1.0	NT=ms-proteomics;VV=v1.1.0	manual curation	stem
20220602_PIETILAINEN_SEC_GP_35_RULE2.raw.zip	homo sapiens	stem	not applicable	obesity	1	20220602_PIETILAINEN_SEC_GP_35_RULE2.raw.zip	proteomic profiling by mass spectrometry	NT=Data-dependent acquisition;AC=PRIDE:0000627	NT=label free sample;AC=MS:1002038	NT=synapt ms;AC=MS:1001782	NT=Carbamidomethyl;AC=UNIMOD:4;TA=C;MT=Fixed	NT=Trypsin;AC=MS:1001251	NT=collision-induced dissociation;AC=MS:1000133	dithiothreitol (dtt)	iodoacetamide (iaa)	1	1	20220602_PIETILAINEN_SEC_GP_35_RULE2.raw.zip	ftp://ftp.pride.ebi.ac.uk/pride/data/archive/2025/05/PXD041584/20220602_PIETILAINEN_SEC_GP_35_RULE2.raw.zip	v1.1.0	NT=ms-proteomics;VV=v1.1.0	manual curation	stem
20220602_PIETILAINEN_SEC_GP_58_RULE1b.raw.zip	homo sapiens	stem	not applicable	obesity	1	20220602_PIETILAINEN_SEC_GP_58_RULE1b.raw.zip	proteomic profiling by mass spectrometry	NT=Data-dependent acquisition;AC=PRIDE:0000627	NT=label free sample;AC=MS:1002038	NT=synapt ms;AC=MS:1001782	NT=Carbamidomethyl;AC=UNIMOD:4;TA=C;MT=Fixed	NT=Trypsin;AC=MS:1001251	NT=collision-induced dissociation;AC=MS:1000133	dithiothreitol (dtt)	iodoacetamide (iaa)	1	1	20220602_PIETILAINEN_SEC_GP_58_RULE1b.raw.zip	ftp://ftp.pride.ebi.ac.uk/pride/data/archive/2025/05/PXD041584/20220602_PIETILAINEN_SEC_GP_58_RULE1b.raw.zip	v1.1.0	NT=ms-proteomics;VV=v1.1.0	manual curation	stem
20220602_PIETILAINEN_SEC_GP_81_TOFMRM.raw.zip	homo sapiens	stem	not applicable	obesity	1	20220602_PIETILAINEN_SEC_GP_81_TOFMRM.raw.zip	proteomic profiling by mass spectrometry	NT=Data-dependent acquisition;AC=PRIDE:0000627	NT=label free sample;AC=MS:1002038	NT=synapt ms;AC=MS:1001782	NT=Carbamidomethyl;AC=UNIMOD:4;TA=C;MT=Fixed	NT=Trypsin;AC=MS:1001251	NT=collision-induced dissociation;AC=MS:1000133	dithiothreitol (dtt)	iodoacetamide (iaa)	1	1	20220602_PIETILAINEN_SEC_GP_81_TOFMRM.raw.zip	ftp://ftp.pride.ebi.ac.uk/pride/data/archive/2025/05/PXD041584/20220602_PIETILAINEN_SEC_GP_81_TOFMRM.raw.zip	v1.1.0	NT=ms-proteomics;VV=v1.1.0	manual curation	stem
20220207_GP_SEC_PIETILAINEN_110.raw.zip	homo sapiens	stem	not applicable	obesity	1	20220207_GP_SEC_PIETILAINEN_110.raw.zip	proteomic profiling by mass spectrometry	NT=Data-dependent acquisition;AC=PRIDE:0000627	NT=label free sample;AC=MS:1002038	NT=synapt ms;AC=MS:1001782	NT=Carbamidomethyl;AC=UNIMOD:4;TA=C;MT=Fixed	NT=Trypsin;AC=MS:1001251	NT=collision-induced dissociation;AC=MS:1000133	dithiothreitol (dtt)	iodoacetamide (iaa)	1	1	20220207_GP_SEC_PIETILAINEN_110.raw.zip	ftp://ftp.pride.ebi.ac.uk/pride/data/archive/2025/05/PXD041584/20220207_GP_SEC_PIETILAINEN_110.raw.zip	v1.1.0	NT=ms-proteomics;VV=v1.1.0	manual curation	stem
20220602_PIETILAINEN_SEC_GP_74_RULE1.raw.zip	homo sapiens	stem	not applicable	obesity	1	20220602_PIETILAINEN_SEC_GP_74_RULE1.raw.zip	proteomic profiling by mass spectrometry	NT=Data-dependent acquisition;AC=PRIDE:0000627	NT=label free sample;AC=MS:1002038	NT=synapt ms;AC=MS:1001782	NT=Carbamidomethyl;AC=UNIMOD:4;TA=C;MT=Fixed	NT=Trypsin;AC=MS:1001251	NT=collision-induced dissociation;AC=MS:1000133	dithiothreitol (dtt)	iodoacetamide (iaa)	1	1	20220602_PIETILAINEN_SEC_GP_74_RULE1.raw.zip	ftp://ftp.pride.ebi.ac.uk/pride/data/archive/2025/05/PXD041584/20220602_PIETILAINEN_SEC_GP_74_RULE1.raw.zip	v1.1.0	NT=ms-proteomics;VV=v1.1.0	manual curation	stem
20220602_PIETILAINEN_SEC_GP_96_RULE2.raw.zip	homo sapiens	stem	not applicable	obesity	1	20220602_PIETILAINEN_SEC_GP_96_RULE2.raw.zip	proteomic profiling by mass spectrometry	NT=Data-dependent acquisition;AC=PRIDE:0000627	NT=label free sample;AC=MS:1002038	NT=synapt ms;AC=MS:1001782	NT=Carbamidomethyl;AC=UNIMOD:4;TA=C;MT=Fixed	NT=Trypsin;AC=MS:1001251	NT=collision-induced dissociation;AC=MS:1000133	dithiothreitol (dtt)	iodoacetamide (iaa)	1	1	20220602_PIETILAINEN_SEC_GP_96_RULE2.raw.zip	ftp://ftp.pride.ebi.ac.uk/pride/data/archive/2025/05/PXD041584/20220602_PIETILAINEN_SEC_GP_96_RULE2.raw.zip	v1.1.0	NT=ms-proteomics;VV=v1.1.0	manual curation	stem
20220602_PIETILAINEN_SEC_GP_111_RULE1.raw.zip	homo sapiens	stem	not applicable	obesity	1	20220602_PIETILAINEN_SEC_GP_111_RULE1.raw.zip	proteomic profiling by mass spectrometry	NT=Data-dependent acquisition;AC=PRIDE:0000627	NT=label free sample;AC=MS:1002038	NT=synapt ms;AC=MS:1001782	NT=Carbamidomethyl;AC=UNIMOD:4;TA=C;MT=Fixed	NT=Trypsin;AC=MS:1001251	NT=collision-induced dissociation;AC=MS:1000133	dithiothreitol (dtt)	iodoacetamide (iaa)	1	1	20220602_PIETILAINEN_SEC_GP_111_RULE1.raw.zip	ftp://ftp.pride.ebi.ac.uk/pride/data/archive/2025/05/PXD041584/20220602_PIETILAINEN_SEC_GP_111_RULE1.raw.zip	v1.1.0	NT=ms-proteomics;VV=v1.1.0	manual curation	stem
20220207_GP_SEC_PIETILAINEN_19.raw.zip	homo sapiens	stem	not applicable	obesity	1	20220207_GP_SEC_PIETILAINEN_19.raw.zip	proteomic profiling by mass spectrometry	NT=Data-dependent acquisition;AC=PRIDE:0000627	NT=label free sample;AC=MS:1002038	NT=synapt ms;AC=MS:1001782	NT=Carbamidomethyl;AC=UNIMOD:4;TA=C;MT=Fixed	NT=Trypsin;AC=MS:1001251	NT=collision-induced dissociation;AC=MS:1000133	dithiothreitol (dtt)	iodoacetamide (iaa)	1	1	20220207_GP_SEC_PIETILAINEN_19.raw.zip	ftp://ftp.pride.ebi.ac.uk/pride/data/archive/2025/05/PXD041584/20220207_GP_SEC_PIETILAINEN_19.raw.zip	v1.1.0	NT=ms-proteomics;VV=v1.1.0	manual curation	stem
20220602_PIETILAINEN_SEC_GP_111_TOFMRM.raw.zip	homo sapiens	stem	not applicable	obesity	1	20220602_PIETILAINEN_SEC_GP_111_TOFMRM.raw.zip	proteomic profiling by mass spectrometry	NT=Data-dependent acquisition;AC=PRIDE:0000627	NT=label free sample;AC=MS:1002038	NT=synapt ms;AC=MS:1001782	NT=Carbamidomethyl;AC=UNIMOD:4;TA=C;MT=Fixed	NT=Trypsin;AC=MS:1001251	NT=collision-induced dissociation;AC=MS:1000133	dithiothreitol (dtt)	iodoacetamide (iaa)	1	1	20220602_PIETILAINEN_SEC_GP_111_TOFMRM.raw.zip	ftp://ftp.pride.ebi.ac.uk/pride/data/archive/2025/05/PXD041584/20220602_PIETILAINEN_SEC_GP_111_TOFMRM.raw.zip	v1.1.0	NT=ms-proteomics;VV=v1.1.0	manual curation	stem
20220207_GP_SEC_PIETILAINEN_96.raw.zip	homo sapiens	stem	not applicable	obesity	1	20220207_GP_SEC_PIETILAINEN_96.raw.zip	proteomic profiling by mass spectrometry	NT=Data-dependent acquisition;AC=PRIDE:0000627	NT=label free sample;AC=MS:1002038	NT=synapt ms;AC=MS:1001782	NT=Carbamidomethyl;AC=UNIMOD:4;TA=C;MT=Fixed	NT=Trypsin;AC=MS:1001251	NT=collision-induced dissociation;AC=MS:1000133	dithiothreitol (dtt)	iodoacetamide (iaa)	1	1	20220207_GP_SEC_PIETILAINEN_96.raw.zip	ftp://ftp.pride.ebi.ac.uk/pride/data/archive/2025/05/PXD041584/20220207_GP_SEC_PIETILAINEN_96.raw.zip	v1.1.0	NT=ms-proteomics;VV=v1.1.0	manual curation	stem
20220207_GP_SEC_PIETILAINEN_105.raw.zip	homo sapiens	stem	not applicable	obesity	1	20220207_GP_SEC_PIETILAINEN_105.raw.zip	proteomic profiling by mass spectrometry	NT=Data-dependent acquisition;AC=PRIDE:0000627	NT=label free sample;AC=MS:1002038	NT=synapt ms;AC=MS:1001782	NT=Carbamidomethyl;AC=UNIMOD:4;TA=C;MT=Fixed	NT=Trypsin;AC=MS:1001251	NT=collision-induced dissociation;AC=MS:1000133	dithiothreitol (dtt)	iodoacetamide (iaa)	1	1	20220207_GP_SEC_PIETILAINEN_105.raw.zip	ftp://ftp.pride.ebi.ac.uk/pride/data/archive/2025/05/PXD041584/20220207_GP_SEC_PIETILAINEN_105.raw.zip	v1.1.0	NT=ms-proteomics;VV=v1.1.0	manual curation	stem
20220602_PIETILAINEN_SEC_GP_28_TOFMRM.raw.zip	homo sapiens	stem	not applicable	obesity	1	20220602_PIETILAINEN_SEC_GP_28_TOFMRM.raw.zip	proteomic profiling by mass spectrometry	NT=Data-dependent acquisition;AC=PRIDE:0000627	NT=label free sample;AC=MS:1002038	NT=synapt ms;AC=MS:1001782	NT=Carbamidomethyl;AC=UNIMOD:4;TA=C;MT=Fixed	NT=Trypsin;AC=MS:1001251	NT=collision-induced dissociation;AC=MS:1000133	dithiothreitol (dtt)	iodoacetamide (iaa)	1	1	20220602_PIETILAINEN_SEC_GP_28_TOFMRM.raw.zip	ftp://ftp.pride.ebi.ac.uk/pride/data/archive/2025/05/PXD041584/20220602_PIETILAINEN_SEC_GP_28_TOFMRM.raw.zip	v1.1.0	NT=ms-proteomics;VV=v1.1.0	manual curation	stem
20220207_GP_SEC_PIETILAINEN_87.raw.zip	homo sapiens	stem	not applicable	obesity	1	20220207_GP_SEC_PIETILAINEN_87.raw.zip	proteomic profiling by mass spectrometry	NT=Data-dependent acquisition;AC=PRIDE:0000627	NT=label free sample;AC=MS:1002038	NT=synapt ms;AC=MS:1001782	NT=Carbamidomethyl;AC=UNIMOD:4;TA=C;MT=Fixed	NT=Trypsin;AC=MS:1001251	NT=collision-induced dissociation;AC=MS:1000133	dithiothreitol (dtt)	iodoacetamide (iaa)	1	1	20220207_GP_SEC_PIETILAINEN_87.raw.zip	ftp://ftp.pride.ebi.ac.uk/pride/data/archive/2025/05/PXD041584/20220207_GP_SEC_PIETILAINEN_87.raw.zip	v1.1.0	NT=ms-proteomics;VV=v1.1.0	manual curation	stem
20220207_GP_SEC_PIETILAINEN_62.raw.zip	homo sapiens	stem	not applicable	obesity	1	20220207_GP_SEC_PIETILAINEN_62.raw.zip	proteomic profiling by mass spectrometry	NT=Data-dependent acquisition;AC=PRIDE:0000627	NT=label free sample;AC=MS:1002038	NT=synapt ms;AC=MS:1001782	NT=Carbamidomethyl;AC=UNIMOD:4;TA=C;MT=Fixed	NT=Trypsin;AC=MS:1001251	NT=collision-induced dissociation;AC=MS:1000133	dithiothreitol (dtt)	iodoacetamide (iaa)	1	1	20220207_GP_SEC_PIETILAINEN_62.raw.zip	ftp://ftp.pride.ebi.ac.uk/pride/data/archive/2025/05/PXD041584/20220207_GP_SEC_PIETILAINEN_62.raw.zip	v1.1.0	NT=ms-proteomics;VV=v1.1.0	manual curation	stem
20220602_PIETILAINEN_SEC_GP_98_TOFMRM.raw.zip	homo sapiens	stem	not applicable	obesity	1	20220602_PIETILAINEN_SEC_GP_98_TOFMRM.raw.zip	proteomic profiling by mass spectrometry	NT=Data-dependent acquisition;AC=PRIDE:0000627	NT=label free sample;AC=MS:1002038	NT=synapt ms;AC=MS:1001782	NT=Carbamidomethyl;AC=UNIMOD:4;TA=C;MT=Fixed	NT=Trypsin;AC=MS:1001251	NT=collision-induced dissociation;AC=MS:1000133	dithiothreitol (dtt)	iodoacetamide (iaa)	1	1	20220602_PIETILAINEN_SEC_GP_98_TOFMRM.raw.zip	ftp://ftp.pride.ebi.ac.uk/pride/data/archive/2025/05/PXD041584/20220602_PIETILAINEN_SEC_GP_98_TOFMRM.raw.zip	v1.1.0	NT=ms-proteomics;VV=v1.1.0	manual curation	stem
20220602_PIETILAINEN_SEC_GP_99_TOFMRM.raw.zip	homo sapiens	stem	not applicable	obesity	1	20220602_PIETILAINEN_SEC_GP_99_TOFMRM.raw.zip	proteomic profiling by mass spectrometry	NT=Data-dependent acquisition;AC=PRIDE:0000627	NT=label free sample;AC=MS:1002038	NT=synapt ms;AC=MS:1001782	NT=Carbamidomethyl;AC=UNIMOD:4;TA=C;MT=Fixed	NT=Trypsin;AC=MS:1001251	NT=collision-induced dissociation;AC=MS:1000133	dithiothreitol (dtt)	iodoacetamide (iaa)	1	1	20220602_PIETILAINEN_SEC_GP_99_TOFMRM.raw.zip	ftp://ftp.pride.ebi.ac.uk/pride/data/archive/2025/05/PXD041584/20220602_PIETILAINEN_SEC_GP_99_TOFMRM.raw.zip	v1.1.0	NT=ms-proteomics;VV=v1.1.0	manual curation	stem
20220602_PIETILAINEN_SEC_GP_03_RULE1_RES.raw.zip	homo sapiens	stem	not applicable	obesity	1	20220602_PIETILAINEN_SEC_GP_03_RULE1_RES.raw.zip	proteomic profiling by mass spectrometry	NT=Data-dependent acquisition;AC=PRIDE:0000627	NT=label free sample;AC=MS:1002038	NT=synapt ms;AC=MS:1001782	NT=Carbamidomethyl;AC=UNIMOD:4;TA=C;MT=Fixed	NT=Trypsin;AC=MS:1001251	NT=collision-induced dissociation;AC=MS:1000133	dithiothreitol (dtt)	iodoacetamide (iaa)	1	1	20220602_PIETILAINEN_SEC_GP_03_RULE1_RES.raw.zip	ftp://ftp.pride.ebi.ac.uk/pride/data/archive/2025/05/PXD041584/20220602_PIETILAINEN_SEC_GP_03_RULE1_RES.raw.zip	v1.1.0	NT=ms-proteomics;VV=v1.1.0	manual curation	stem
20220602_PIETILAINEN_SEC_GP_58_RULE1.raw.zip	homo sapiens	stem	not applicable	obesity	1	20220602_PIETILAINEN_SEC_GP_58_RULE1.raw.zip	proteomic profiling by mass spectrometry	NT=Data-dependent acquisition;AC=PRIDE:0000627	NT=label free sample;AC=MS:1002038	NT=synapt ms;AC=MS:1001782	NT=Carbamidomethyl;AC=UNIMOD:4;TA=C;MT=Fixed	NT=Trypsin;AC=MS:1001251	NT=collision-induced dissociation;AC=MS:1000133	dithiothreitol (dtt)	iodoacetamide (iaa)	1	1	20220602_PIETILAINEN_SEC_GP_58_RULE1.raw.zip	ftp://ftp.pride.ebi.ac.uk/pride/data/archive/2025/05/PXD041584/20220602_PIETILAINEN_SEC_GP_58_RULE1.raw.zip	v1.1.0	NT=ms-proteomics;VV=v1.1.0	manual curation	stem
20220602_PIETILAINEN_SEC_GP_38_RULE1.raw.zip	homo sapiens	stem	not applicable	obesity	1	20220602_PIETILAINEN_SEC_GP_38_RULE1.raw.zip	proteomic profiling by mass spectrometry	NT=Data-dependent acquisition;AC=PRIDE:0000627	NT=label free sample;AC=MS:1002038	NT=synapt ms;AC=MS:1001782	NT=Carbamidomethyl;AC=UNIMOD:4;TA=C;MT=Fixed	NT=Trypsin;AC=MS:1001251	NT=collision-induced dissociation;AC=MS:1000133	dithiothreitol (dtt)	iodoacetamide (iaa)	1	1	20220602_PIETILAINEN_SEC_GP_38_RULE1.raw.zip	ftp://ftp.pride.ebi.ac.uk/pride/data/archive/2025/05/PXD041584/20220602_PIETILAINEN_SEC_GP_38_RULE1.raw.zip	v1.1.0	NT=ms-proteomics;VV=v1.1.0	manual curation	stem
20220602_PIETILAINEN_SEC_GP_24_RULE1.raw.zip	homo sapiens	stem	not applicable	obesity	1	20220602_PIETILAINEN_SEC_GP_24_RULE1.raw.zip	proteomic profiling by mass spectrometry	NT=Data-dependent acquisition;AC=PRIDE:0000627	NT=label free sample;AC=MS:1002038	NT=synapt ms;AC=MS:1001782	NT=Carbamidomethyl;AC=UNIMOD:4;TA=C;MT=Fixed	NT=Trypsin;AC=MS:1001251	NT=collision-induced dissociation;AC=MS:1000133	dithiothreitol (dtt)	iodoacetamide (iaa)	1	1	20220602_PIETILAINEN_SEC_GP_24_RULE1.raw.zip	ftp://ftp.pride.ebi.ac.uk/pride/data/archive/2025/05/PXD041584/20220602_PIETILAINEN_SEC_GP_24_RULE1.raw.zip	v1.1.0	NT=ms-proteomics;VV=v1.1.0	manual curation	stem
20220602_PIETILAINEN_SEC_GP_65_RULE1.raw.zip	homo sapiens	stem	not applicable	obesity	1	20220602_PIETILAINEN_SEC_GP_65_RULE1.raw.zip	proteomic profiling by mass spectrometry	NT=Data-dependent acquisition;AC=PRIDE:0000627	NT=label free sample;AC=MS:1002038	NT=synapt ms;AC=MS:1001782	NT=Carbamidomethyl;AC=UNIMOD:4;TA=C;MT=Fixed	NT=Trypsin;AC=MS:1001251	NT=collision-induced dissociation;AC=MS:1000133	dithiothreitol (dtt)	iodoacetamide (iaa)	1	1	20220602_PIETILAINEN_SEC_GP_65_RULE1.raw.zip	ftp://ftp.pride.ebi.ac.uk/pride/data/archive/2025/05/PXD041584/20220602_PIETILAINEN_SEC_GP_65_RULE1.raw.zip	v1.1.0	NT=ms-proteomics;VV=v1.1.0	manual curation	stem
20220207_GP_SEC_PIETILAINEN_08.raw.zip	homo sapiens	stem	not applicable	obesity	1	20220207_GP_SEC_PIETILAINEN_08.raw.zip	proteomic profiling by mass spectrometry	NT=Data-dependent acquisition;AC=PRIDE:0000627	NT=label free sample;AC=MS:1002038	NT=synapt ms;AC=MS:1001782	NT=Carbamidomethyl;AC=UNIMOD:4;TA=C;MT=Fixed	NT=Trypsin;AC=MS:1001251	NT=collision-induced dissociation;AC=MS:1000133	dithiothreitol (dtt)	iodoacetamide (iaa)	1	1	20220207_GP_SEC_PIETILAINEN_08.raw.zip	ftp://ftp.pride.ebi.ac.uk/pride/data/archive/2025/05/PXD041584/20220207_GP_SEC_PIETILAINEN_08.raw.zip	v1.1.0	NT=ms-proteomics;VV=v1.1.0	manual curation	stem
20220602_PIETILAINEN_SEC_GP_67_RULE1.raw.zip	homo sapiens	stem	not applicable	obesity	1	20220602_PIETILAINEN_SEC_GP_67_RULE1.raw.zip	proteomic profiling by mass spectrometry	NT=Data-dependent acquisition;AC=PRIDE:0000627	NT=label free sample;AC=MS:1002038	NT=synapt ms;AC=MS:1001782	NT=Carbamidomethyl;AC=UNIMOD:4;TA=C;MT=Fixed	NT=Trypsin;AC=MS:1001251	NT=collision-induced dissociation;AC=MS:1000133	dithiothreitol (dtt)	iodoacetamide (iaa)	1	1	20220602_PIETILAINEN_SEC_GP_67_RULE1.raw.zip	ftp://ftp.pride.ebi.ac.uk/pride/data/archive/2025/05/PXD041584/20220602_PIETILAINEN_SEC_GP_67_RULE1.raw.zip	v1.1.0	NT=ms-proteomics;VV=v1.1.0	manual curation	stem
20220602_PIETILAINEN_SEC_GP_36_RULE1.raw.zip	homo sapiens	stem	not applicable	obesity	1	20220602_PIETILAINEN_SEC_GP_36_RULE1.raw.zip	proteomic profiling by mass spectrometry	NT=Data-dependent acquisition;AC=PRIDE:0000627	NT=label free sample;AC=MS:1002038	NT=synapt ms;AC=MS:1001782	NT=Carbamidomethyl;AC=UNIMOD:4;TA=C;MT=Fixed	NT=Trypsin;AC=MS:1001251	NT=collision-induced dissociation;AC=MS:1000133	dithiothreitol (dtt)	iodoacetamide (iaa)	1	1	20220602_PIETILAINEN_SEC_GP_36_RULE1.raw.zip	ftp://ftp.pride.ebi.ac.uk/pride/data/archive/2025/05/PXD041584/20220602_PIETILAINEN_SEC_GP_36_RULE1.raw.zip	v1.1.0	NT=ms-proteomics;VV=v1.1.0	manual curation	stem
20220602_PIETILAINEN_SEC_GP_35_TOFMRM.raw.zip	homo sapiens	stem	not applicable	obesity	1	20220602_PIETILAINEN_SEC_GP_35_TOFMRM.raw.zip	proteomic profiling by mass spectrometry	NT=Data-dependent acquisition;AC=PRIDE:0000627	NT=label free sample;AC=MS:1002038	NT=synapt ms;AC=MS:1001782	NT=Carbamidomethyl;AC=UNIMOD:4;TA=C;MT=Fixed	NT=Trypsin;AC=MS:1001251	NT=collision-induced dissociation;AC=MS:1000133	dithiothreitol (dtt)	iodoacetamide (iaa)	1	1	20220602_PIETILAINEN_SEC_GP_35_TOFMRM.raw.zip	ftp://ftp.pride.ebi.ac.uk/pride/data/archive/2025/05/PXD041584/20220602_PIETILAINEN_SEC_GP_35_TOFMRM.raw.zip	v1.1.0	NT=ms-proteomics;VV=v1.1.0	manual curation	stem
20220602_PIETILAINEN_SEC_GP_65_TOFMRM.raw.zip	homo sapiens	stem	not applicable	obesity	1	20220602_PIETILAINEN_SEC_GP_65_TOFMRM.raw.zip	proteomic profiling by mass spectrometry	NT=Data-dependent acquisition;AC=PRIDE:0000627	NT=label free sample;AC=MS:1002038	NT=synapt ms;AC=MS:1001782	NT=Carbamidomethyl;AC=UNIMOD:4;TA=C;MT=Fixed	NT=Trypsin;AC=MS:1001251	NT=collision-induced dissociation;AC=MS:1000133	dithiothreitol (dtt)	iodoacetamide (iaa)	1	1	20220602_PIETILAINEN_SEC_GP_65_TOFMRM.raw.zip	ftp://ftp.pride.ebi.ac.uk/pride/data/archive/2025/05/PXD041584/20220602_PIETILAINEN_SEC_GP_65_TOFMRM.raw.zip	v1.1.0	NT=ms-proteomics;VV=v1.1.0	manual curation	stem
20220602_PIETILAINEN_SEC_GP_01_RULE2.raw.zip	homo sapiens	stem	not applicable	obesity	1	20220602_PIETILAINEN_SEC_GP_01_RULE2.raw.zip	proteomic profiling by mass spectrometry	NT=Data-dependent acquisition;AC=PRIDE:0000627	NT=label free sample;AC=MS:1002038	NT=synapt ms;AC=MS:1001782	NT=Carbamidomethyl;AC=UNIMOD:4;TA=C;MT=Fixed	NT=Trypsin;AC=MS:1001251	NT=collision-induced dissociation;AC=MS:1000133	dithiothreitol (dtt)	iodoacetamide (iaa)	1	1	20220602_PIETILAINEN_SEC_GP_01_RULE2.raw.zip	ftp://ftp.pride.ebi.ac.uk/pride/data/archive/2025/05/PXD041584/20220602_PIETILAINEN_SEC_GP_01_RULE2.raw.zip	v1.1.0	NT=ms-proteomics;VV=v1.1.0	manual curation	stem
20220602_PIETILAINEN_SEC_GP_102_RULE1.raw.zip	homo sapiens	stem	not applicable	obesity	1	20220602_PIETILAINEN_SEC_GP_102_RULE1.raw.zip	proteomic profiling by mass spectrometry	NT=Data-dependent acquisition;AC=PRIDE:0000627	NT=label free sample;AC=MS:1002038	NT=synapt ms;AC=MS:1001782	NT=Carbamidomethyl;AC=UNIMOD:4;TA=C;MT=Fixed	NT=Trypsin;AC=MS:1001251	NT=collision-induced dissociation;AC=MS:1000133	dithiothreitol (dtt)	iodoacetamide (iaa)	1	1	20220602_PIETILAINEN_SEC_GP_102_RULE1.raw.zip	ftp://ftp.pride.ebi.ac.uk/pride/data/archive/2025/05/PXD041584/20220602_PIETILAINEN_SEC_GP_102_RULE1.raw.zip	v1.1.0	NT=ms-proteomics;VV=v1.1.0	manual curation	stem
20220207_GP_SEC_PIETILAINEN_98.raw.zip	homo sapiens	stem	not applicable	obesity	1	20220207_GP_SEC_PIETILAINEN_98.raw.zip	proteomic profiling by mass spectrometry	NT=Data-dependent acquisition;AC=PRIDE:0000627	NT=label free sample;AC=MS:1002038	NT=synapt ms;AC=MS:1001782	NT=Carbamidomethyl;AC=UNIMOD:4;TA=C;MT=Fixed	NT=Trypsin;AC=MS:1001251	NT=collision-induced dissociation;AC=MS:1000133	dithiothreitol (dtt)	iodoacetamide (iaa)	1	1	20220207_GP_SEC_PIETILAINEN_98.raw.zip	ftp://ftp.pride.ebi.ac.uk/pride/data/archive/2025/05/PXD041584/20220207_GP_SEC_PIETILAINEN_98.raw.zip	v1.1.0	NT=ms-proteomics;VV=v1.1.0	manual curation	stem
20220602_PIETILAINEN_SEC_GP_20_TOFMRM.raw.zip	homo sapiens	stem	not applicable	obesity	1	20220602_PIETILAINEN_SEC_GP_20_TOFMRM.raw.zip	proteomic profiling by mass spectrometry	NT=Data-dependent acquisition;AC=PRIDE:0000627	NT=label free sample;AC=MS:1002038	NT=synapt ms;AC=MS:1001782	NT=Carbamidomethyl;AC=UNIMOD:4;TA=C;MT=Fixed	NT=Trypsin;AC=MS:1001251	NT=collision-induced dissociation;AC=MS:1000133	dithiothreitol (dtt)	iodoacetamide (iaa)	1	1	20220602_PIETILAINEN_SEC_GP_20_TOFMRM.raw.zip	ftp://ftp.pride.ebi.ac.uk/pride/data/archive/2025/05/PXD041584/20220602_PIETILAINEN_SEC_GP_20_TOFMRM.raw.zip	v1.1.0	NT=ms-proteomics;VV=v1.1.0	manual curation	stem
20220207_GP_SEC_PIETILAINEN_112.raw.zip	homo sapiens	stem	not applicable	obesity	1	20220207_GP_SEC_PIETILAINEN_112.raw.zip	proteomic profiling by mass spectrometry	NT=Data-dependent acquisition;AC=PRIDE:0000627	NT=label free sample;AC=MS:1002038	NT=synapt ms;AC=MS:1001782	NT=Carbamidomethyl;AC=UNIMOD:4;TA=C;MT=Fixed	NT=Trypsin;AC=MS:1001251	NT=collision-induced dissociation;AC=MS:1000133	dithiothreitol (dtt)	iodoacetamide (iaa)	1	1	20220207_GP_SEC_PIETILAINEN_112.raw.zip	ftp://ftp.pride.ebi.ac.uk/pride/data/archive/2025/05/PXD041584/20220207_GP_SEC_PIETILAINEN_112.raw.zip	v1.1.0	NT=ms-proteomics;VV=v1.1.0	manual curation	stem
20220602_PIETILAINEN_SEC_GP_07_RULE2.raw.zip	homo sapiens	stem	not applicable	obesity	1	20220602_PIETILAINEN_SEC_GP_07_RULE2.raw.zip	proteomic profiling by mass spectrometry	NT=Data-dependent acquisition;AC=PRIDE:0000627	NT=label free sample;AC=MS:1002038	NT=synapt ms;AC=MS:1001782	NT=Carbamidomethyl;AC=UNIMOD:4;TA=C;MT=Fixed	NT=Trypsin;AC=MS:1001251	NT=collision-induced dissociation;AC=MS:1000133	dithiothreitol (dtt)	iodoacetamide (iaa)	1	1	20220602_PIETILAINEN_SEC_GP_07_RULE2.raw.zip	ftp://ftp.pride.ebi.ac.uk/pride/data/archive/2025/05/PXD041584/20220602_PIETILAINEN_SEC_GP_07_RULE2.raw.zip	v1.1.0	NT=ms-proteomics;VV=v1.1.0	manual curation	stem
20220602_PIETILAINEN_SEC_GP_46_RULE1.raw.zip	homo sapiens	stem	not applicable	obesity	1	20220602_PIETILAINEN_SEC_GP_46_RULE1.raw.zip	proteomic profiling by mass spectrometry	NT=Data-dependent acquisition;AC=PRIDE:0000627	NT=label free sample;AC=MS:1002038	NT=synapt ms;AC=MS:1001782	NT=Carbamidomethyl;AC=UNIMOD:4;TA=C;MT=Fixed	NT=Trypsin;AC=MS:1001251	NT=collision-induced dissociation;AC=MS:1000133	dithiothreitol (dtt)	iodoacetamide (iaa)	1	1	20220602_PIETILAINEN_SEC_GP_46_RULE1.raw.zip	ftp://ftp.pride.ebi.ac.uk/pride/data/archive/2025/05/PXD041584/20220602_PIETILAINEN_SEC_GP_46_RULE1.raw.zip	v1.1.0	NT=ms-proteomics;VV=v1.1.0	manual curation	stem
20220207_GP_SEC_PIETILAINEN_77.raw.zip	homo sapiens	stem	not applicable	obesity	1	20220207_GP_SEC_PIETILAINEN_77.raw.zip	proteomic profiling by mass spectrometry	NT=Data-dependent acquisition;AC=PRIDE:0000627	NT=label free sample;AC=MS:1002038	NT=synapt ms;AC=MS:1001782	NT=Carbamidomethyl;AC=UNIMOD:4;TA=C;MT=Fixed	NT=Trypsin;AC=MS:1001251	NT=collision-induced dissociation;AC=MS:1000133	dithiothreitol (dtt)	iodoacetamide (iaa)	1	1	20220207_GP_SEC_PIETILAINEN_77.raw.zip	ftp://ftp.pride.ebi.ac.uk/pride/data/archive/2025/05/PXD041584/20220207_GP_SEC_PIETILAINEN_77.raw.zip	v1.1.0	NT=ms-proteomics;VV=v1.1.0	manual curation	stem
20220602_PIETILAINEN_SEC_GP_51_RULE2.raw.zip	homo sapiens	stem	not applicable	obesity	1	20220602_PIETILAINEN_SEC_GP_51_RULE2.raw.zip	proteomic profiling by mass spectrometry	NT=Data-dependent acquisition;AC=PRIDE:0000627	NT=label free sample;AC=MS:1002038	NT=synapt ms;AC=MS:1001782	NT=Carbamidomethyl;AC=UNIMOD:4;TA=C;MT=Fixed	NT=Trypsin;AC=MS:1001251	NT=collision-induced dissociation;AC=MS:1000133	dithiothreitol (dtt)	iodoacetamide (iaa)	1	1	20220602_PIETILAINEN_SEC_GP_51_RULE2.raw.zip	ftp://ftp.pride.ebi.ac.uk/pride/data/archive/2025/05/PXD041584/20220602_PIETILAINEN_SEC_GP_51_RULE2.raw.zip	v1.1.0	NT=ms-proteomics;VV=v1.1.0	manual curation	stem
20220602_PIETILAINEN_SEC_GP_68_RULE2.raw.zip	homo sapiens	stem	not applicable	obesity	1	20220602_PIETILAINEN_SEC_GP_68_RULE2.raw.zip	proteomic profiling by mass spectrometry	NT=Data-dependent acquisition;AC=PRIDE:0000627	NT=label free sample;AC=MS:1002038	NT=synapt ms;AC=MS:1001782	NT=Carbamidomethyl;AC=UNIMOD:4;TA=C;MT=Fixed	NT=Trypsin;AC=MS:1001251	NT=collision-induced dissociation;AC=MS:1000133	dithiothreitol (dtt)	iodoacetamide (iaa)	1	1	20220602_PIETILAINEN_SEC_GP_68_RULE2.raw.zip	ftp://ftp.pride.ebi.ac.uk/pride/data/archive/2025/05/PXD041584/20220602_PIETILAINEN_SEC_GP_68_RULE2.raw.zip	v1.1.0	NT=ms-proteomics;VV=v1.1.0	manual curation	stem
20220207_GP_SEC_PIETILAINEN_127.raw.zip	homo sapiens	stem	not applicable	obesity	1	20220207_GP_SEC_PIETILAINEN_127.raw.zip	proteomic profiling by mass spectrometry	NT=Data-dependent acquisition;AC=PRIDE:0000627	NT=label free sample;AC=MS:1002038	NT=synapt ms;AC=MS:1001782	NT=Carbamidomethyl;AC=UNIMOD:4;TA=C;MT=Fixed	NT=Trypsin;AC=MS:1001251	NT=collision-induced dissociation;AC=MS:1000133	dithiothreitol (dtt)	iodoacetamide (iaa)	1	1	20220207_GP_SEC_PIETILAINEN_127.raw.zip	ftp://ftp.pride.ebi.ac.uk/pride/data/archive/2025/05/PXD041584/20220207_GP_SEC_PIETILAINEN_127.raw.zip	v1.1.0	NT=ms-proteomics;VV=v1.1.0	manual curation	stem
20220207_GP_SEC_PIETILAINEN_56.raw.zip	homo sapiens	stem	not applicable	obesity	1	20220207_GP_SEC_PIETILAINEN_56.raw.zip	proteomic profiling by mass spectrometry	NT=Data-dependent acquisition;AC=PRIDE:0000627	NT=label free sample;AC=MS:1002038	NT=synapt ms;AC=MS:1001782	NT=Carbamidomethyl;AC=UNIMOD:4;TA=C;MT=Fixed	NT=Trypsin;AC=MS:1001251	NT=collision-induced dissociation;AC=MS:1000133	dithiothreitol (dtt)	iodoacetamide (iaa)	1	1	20220207_GP_SEC_PIETILAINEN_56.raw.zip	ftp://ftp.pride.ebi.ac.uk/pride/data/archive/2025/05/PXD041584/20220207_GP_SEC_PIETILAINEN_56.raw.zip	v1.1.0	NT=ms-proteomics;VV=v1.1.0	manual curation	stem
20220602_PIETILAINEN_SEC_GP_25_RULE2.raw.zip	homo sapiens	stem	not applicable	obesity	1	20220602_PIETILAINEN_SEC_GP_25_RULE2.raw.zip	proteomic profiling by mass spectrometry	NT=Data-dependent acquisition;AC=PRIDE:0000627	NT=label free sample;AC=MS:1002038	NT=synapt ms;AC=MS:1001782	NT=Carbamidomethyl;AC=UNIMOD:4;TA=C;MT=Fixed	NT=Trypsin;AC=MS:1001251	NT=collision-induced dissociation;AC=MS:1000133	dithiothreitol (dtt)	iodoacetamide (iaa)	1	1	20220602_PIETILAINEN_SEC_GP_25_RULE2.raw.zip	ftp://ftp.pride.ebi.ac.uk/pride/data/archive/2025/05/PXD041584/20220602_PIETILAINEN_SEC_GP_25_RULE2.raw.zip	v1.1.0	NT=ms-proteomics;VV=v1.1.0	manual curation	stem
20220602_PIETILAINEN_SEC_GP_23_RULE1.raw.zip	homo sapiens	stem	not applicable	obesity	1	20220602_PIETILAINEN_SEC_GP_23_RULE1.raw.zip	proteomic profiling by mass spectrometry	NT=Data-dependent acquisition;AC=PRIDE:0000627	NT=label free sample;AC=MS:1002038	NT=synapt ms;AC=MS:1001782	NT=Carbamidomethyl;AC=UNIMOD:4;TA=C;MT=Fixed	NT=Trypsin;AC=MS:1001251	NT=collision-induced dissociation;AC=MS:1000133	dithiothreitol (dtt)	iodoacetamide (iaa)	1	1	20220602_PIETILAINEN_SEC_GP_23_RULE1.raw.zip	ftp://ftp.pride.ebi.ac.uk/pride/data/archive/2025/05/PXD041584/20220602_PIETILAINEN_SEC_GP_23_RULE1.raw.zip	v1.1.0	NT=ms-proteomics;VV=v1.1.0	manual curation	stem
20220207_GP_SEC_PIETILAINEN_119.raw.zip	homo sapiens	stem	not applicable	obesity	1	20220207_GP_SEC_PIETILAINEN_119.raw.zip	proteomic profiling by mass spectrometry	NT=Data-dependent acquisition;AC=PRIDE:0000627	NT=label free sample;AC=MS:1002038	NT=synapt ms;AC=MS:1001782	NT=Carbamidomethyl;AC=UNIMOD:4;TA=C;MT=Fixed	NT=Trypsin;AC=MS:1001251	NT=collision-induced dissociation;AC=MS:1000133	dithiothreitol (dtt)	iodoacetamide (iaa)	1	1	20220207_GP_SEC_PIETILAINEN_119.raw.zip	ftp://ftp.pride.ebi.ac.uk/pride/data/archive/2025/05/PXD041584/20220207_GP_SEC_PIETILAINEN_119.raw.zip	v1.1.0	NT=ms-proteomics;VV=v1.1.0	manual curation	stem
20220602_PIETILAINEN_SEC_GP_64_RULE2.raw.zip	homo sapiens	stem	not applicable	obesity	1	20220602_PIETILAINEN_SEC_GP_64_RULE2.raw.zip	proteomic profiling by mass spectrometry	NT=Data-dependent acquisition;AC=PRIDE:0000627	NT=label free sample;AC=MS:1002038	NT=synapt ms;AC=MS:1001782	NT=Carbamidomethyl;AC=UNIMOD:4;TA=C;MT=Fixed	NT=Trypsin;AC=MS:1001251	NT=collision-induced dissociation;AC=MS:1000133	dithiothreitol (dtt)	iodoacetamide (iaa)	1	1	20220602_PIETILAINEN_SEC_GP_64_RULE2.raw.zip	ftp://ftp.pride.ebi.ac.uk/pride/data/archive/2025/05/PXD041584/20220602_PIETILAINEN_SEC_GP_64_RULE2.raw.zip	v1.1.0	NT=ms-proteomics;VV=v1.1.0	manual curation	stem
20220602_PIETILAINEN_SEC_GP_07_TOFMRM.raw.zip	homo sapiens	stem	not applicable	obesity	1	20220602_PIETILAINEN_SEC_GP_07_TOFMRM.raw.zip	proteomic profiling by mass spectrometry	NT=Data-dependent acquisition;AC=PRIDE:0000627	NT=label free sample;AC=MS:1002038	NT=synapt ms;AC=MS:1001782	NT=Carbamidomethyl;AC=UNIMOD:4;TA=C;MT=Fixed	NT=Trypsin;AC=MS:1001251	NT=collision-induced dissociation;AC=MS:1000133	dithiothreitol (dtt)	iodoacetamide (iaa)	1	1	20220602_PIETILAINEN_SEC_GP_07_TOFMRM.raw.zip	ftp://ftp.pride.ebi.ac.uk/pride/data/archive/2025/05/PXD041584/20220602_PIETILAINEN_SEC_GP_07_TOFMRM.raw.zip	v1.1.0	NT=ms-proteomics;VV=v1.1.0	manual curation	stem
20220207_GP_SEC_PIETILAINEN_116.raw.zip	homo sapiens	stem	not applicable	obesity	1	20220207_GP_SEC_PIETILAINEN_116.raw.zip	proteomic profiling by mass spectrometry	NT=Data-dependent acquisition;AC=PRIDE:0000627	NT=label free sample;AC=MS:1002038	NT=synapt ms;AC=MS:1001782	NT=Carbamidomethyl;AC=UNIMOD:4;TA=C;MT=Fixed	NT=Trypsin;AC=MS:1001251	NT=collision-induced dissociation;AC=MS:1000133	dithiothreitol (dtt)	iodoacetamide (iaa)	1	1	20220207_GP_SEC_PIETILAINEN_116.raw.zip	ftp://ftp.pride.ebi.ac.uk/pride/data/archive/2025/05/PXD041584/20220207_GP_SEC_PIETILAINEN_116.raw.zip	v1.1.0	NT=ms-proteomics;VV=v1.1.0	manual curation	stem
20220207_GP_SEC_PIETILAINEN_78.raw.zip	homo sapiens	stem	not applicable	obesity	1	20220207_GP_SEC_PIETILAINEN_78.raw.zip	proteomic profiling by mass spectrometry	NT=Data-dependent acquisition;AC=PRIDE:0000627	NT=label free sample;AC=MS:1002038	NT=synapt ms;AC=MS:1001782	NT=Carbamidomethyl;AC=UNIMOD:4;TA=C;MT=Fixed	NT=Trypsin;AC=MS:1001251	NT=collision-induced dissociation;AC=MS:1000133	dithiothreitol (dtt)	iodoacetamide (iaa)	1	1	20220207_GP_SEC_PIETILAINEN_78.raw.zip	ftp://ftp.pride.ebi.ac.uk/pride/data/archive/2025/05/PXD041584/20220207_GP_SEC_PIETILAINEN_78.raw.zip	v1.1.0	NT=ms-proteomics;VV=v1.1.0	manual curation	stem
20220602_PIETILAINEN_SEC_GP_23_RULE2.raw.zip	homo sapiens	stem	not applicable	obesity	1	20220602_PIETILAINEN_SEC_GP_23_RULE2.raw.zip	proteomic profiling by mass spectrometry	NT=Data-dependent acquisition;AC=PRIDE:0000627	NT=label free sample;AC=MS:1002038	NT=synapt ms;AC=MS:1001782	NT=Carbamidomethyl;AC=UNIMOD:4;TA=C;MT=Fixed	NT=Trypsin;AC=MS:1001251	NT=collision-induced dissociation;AC=MS:1000133	dithiothreitol (dtt)	iodoacetamide (iaa)	1	1	20220602_PIETILAINEN_SEC_GP_23_RULE2.raw.zip	ftp://ftp.pride.ebi.ac.uk/pride/data/archive/2025/05/PXD041584/20220602_PIETILAINEN_SEC_GP_23_RULE2.raw.zip	v1.1.0	NT=ms-proteomics;VV=v1.1.0	manual curation	stem
20220602_PIETILAINEN_SEC_GP_13_RULE2.raw.zip	homo sapiens	stem	not applicable	obesity	1	20220602_PIETILAINEN_SEC_GP_13_RULE2.raw.zip	proteomic profiling by mass spectrometry	NT=Data-dependent acquisition;AC=PRIDE:0000627	NT=label free sample;AC=MS:1002038	NT=synapt ms;AC=MS:1001782	NT=Carbamidomethyl;AC=UNIMOD:4;TA=C;MT=Fixed	NT=Trypsin;AC=MS:1001251	NT=collision-induced dissociation;AC=MS:1000133	dithiothreitol (dtt)	iodoacetamide (iaa)	1	1	20220602_PIETILAINEN_SEC_GP_13_RULE2.raw.zip	ftp://ftp.pride.ebi.ac.uk/pride/data/archive/2025/05/PXD041584/20220602_PIETILAINEN_SEC_GP_13_RULE2.raw.zip	v1.1.0	NT=ms-proteomics;VV=v1.1.0	manual curation	stem
20220602_PIETILAINEN_SEC_GP_09_TOFMRM.raw.zip	homo sapiens	stem	not applicable	obesity	1	20220602_PIETILAINEN_SEC_GP_09_TOFMRM.raw.zip	proteomic profiling by mass spectrometry	NT=Data-dependent acquisition;AC=PRIDE:0000627	NT=label free sample;AC=MS:1002038	NT=synapt ms;AC=MS:1001782	NT=Carbamidomethyl;AC=UNIMOD:4;TA=C;MT=Fixed	NT=Trypsin;AC=MS:1001251	NT=collision-induced dissociation;AC=MS:1000133	dithiothreitol (dtt)	iodoacetamide (iaa)	1	1	20220602_PIETILAINEN_SEC_GP_09_TOFMRM.raw.zip	ftp://ftp.pride.ebi.ac.uk/pride/data/archive/2025/05/PXD041584/20220602_PIETILAINEN_SEC_GP_09_TOFMRM.raw.zip	v1.1.0	NT=ms-proteomics;VV=v1.1.0	manual curation	stem
20220602_PIETILAINEN_SEC_GP_10_RULE2.raw.zip	homo sapiens	stem	not applicable	obesity	1	20220602_PIETILAINEN_SEC_GP_10_RULE2.raw.zip	proteomic profiling by mass spectrometry	NT=Data-dependent acquisition;AC=PRIDE:0000627	NT=label free sample;AC=MS:1002038	NT=synapt ms;AC=MS:1001782	NT=Carbamidomethyl;AC=UNIMOD:4;TA=C;MT=Fixed	NT=Trypsin;AC=MS:1001251	NT=collision-induced dissociation;AC=MS:1000133	dithiothreitol (dtt)	iodoacetamide (iaa)	1	1	20220602_PIETILAINEN_SEC_GP_10_RULE2.raw.zip	ftp://ftp.pride.ebi.ac.uk/pride/data/archive/2025/05/PXD041584/20220602_PIETILAINEN_SEC_GP_10_RULE2.raw.zip	v1.1.0	NT=ms-proteomics;VV=v1.1.0	manual curation	stem
20220602_PIETILAINEN_SEC_GP_56_RULE2.raw.zip	homo sapiens	stem	not applicable	obesity	1	20220602_PIETILAINEN_SEC_GP_56_RULE2.raw.zip	proteomic profiling by mass spectrometry	NT=Data-dependent acquisition;AC=PRIDE:0000627	NT=label free sample;AC=MS:1002038	NT=synapt ms;AC=MS:1001782	NT=Carbamidomethyl;AC=UNIMOD:4;TA=C;MT=Fixed	NT=Trypsin;AC=MS:1001251	NT=collision-induced dissociation;AC=MS:1000133	dithiothreitol (dtt)	iodoacetamide (iaa)	1	1	20220602_PIETILAINEN_SEC_GP_56_RULE2.raw.zip	ftp://ftp.pride.ebi.ac.uk/pride/data/archive/2025/05/PXD041584/20220602_PIETILAINEN_SEC_GP_56_RULE2.raw.zip	v1.1.0	NT=ms-proteomics;VV=v1.1.0	manual curation	stem
20220207_GP_SEC_PIETILAINEN_90.raw.zip	homo sapiens	stem	not applicable	obesity	1	20220207_GP_SEC_PIETILAINEN_90.raw.zip	proteomic profiling by mass spectrometry	NT=Data-dependent acquisition;AC=PRIDE:0000627	NT=label free sample;AC=MS:1002038	NT=synapt ms;AC=MS:1001782	NT=Carbamidomethyl;AC=UNIMOD:4;TA=C;MT=Fixed	NT=Trypsin;AC=MS:1001251	NT=collision-induced dissociation;AC=MS:1000133	dithiothreitol (dtt)	iodoacetamide (iaa)	1	1	20220207_GP_SEC_PIETILAINEN_90.raw.zip	ftp://ftp.pride.ebi.ac.uk/pride/data/archive/2025/05/PXD041584/20220207_GP_SEC_PIETILAINEN_90.raw.zip	v1.1.0	NT=ms-proteomics;VV=v1.1.0	manual curation	stem
20220207_GP_SEC_PIETILAINEN_95.raw.zip	homo sapiens	stem	not applicable	obesity	1	20220207_GP_SEC_PIETILAINEN_95.raw.zip	proteomic profiling by mass spectrometry	NT=Data-dependent acquisition;AC=PRIDE:0000627	NT=label free sample;AC=MS:1002038	NT=synapt ms;AC=MS:1001782	NT=Carbamidomethyl;AC=UNIMOD:4;TA=C;MT=Fixed	NT=Trypsin;AC=MS:1001251	NT=collision-induced dissociation;AC=MS:1000133	dithiothreitol (dtt)	iodoacetamide (iaa)	1	1	20220207_GP_SEC_PIETILAINEN_95.raw.zip	ftp://ftp.pride.ebi.ac.uk/pride/data/archive/2025/05/PXD041584/20220207_GP_SEC_PIETILAINEN_95.raw.zip	v1.1.0	NT=ms-proteomics;VV=v1.1.0	manual curation	stem
20220602_PIETILAINEN_SEC_GP_102_TOFMRM.raw.zip	homo sapiens	stem	not applicable	obesity	1	20220602_PIETILAINEN_SEC_GP_102_TOFMRM.raw.zip	proteomic profiling by mass spectrometry	NT=Data-dependent acquisition;AC=PRIDE:0000627	NT=label free sample;AC=MS:1002038	NT=synapt ms;AC=MS:1001782	NT=Carbamidomethyl;AC=UNIMOD:4;TA=C;MT=Fixed	NT=Trypsin;AC=MS:1001251	NT=collision-induced dissociation;AC=MS:1000133	dithiothreitol (dtt)	iodoacetamide (iaa)	1	1	20220602_PIETILAINEN_SEC_GP_102_TOFMRM.raw.zip	ftp://ftp.pride.ebi.ac.uk/pride/data/archive/2025/05/PXD041584/20220602_PIETILAINEN_SEC_GP_102_TOFMRM.raw.zip	v1.1.0	NT=ms-proteomics;VV=v1.1.0	manual curation	stem
20220602_PIETILAINEN_SEC_GP_102_RULE2.raw.zip	homo sapiens	stem	not applicable	obesity	1	20220602_PIETILAINEN_SEC_GP_102_RULE2.raw.zip	proteomic profiling by mass spectrometry	NT=Data-dependent acquisition;AC=PRIDE:0000627	NT=label free sample;AC=MS:1002038	NT=synapt ms;AC=MS:1001782	NT=Carbamidomethyl;AC=UNIMOD:4;TA=C;MT=Fixed	NT=Trypsin;AC=MS:1001251	NT=collision-induced dissociation;AC=MS:1000133	dithiothreitol (dtt)	iodoacetamide (iaa)	1	1	20220602_PIETILAINEN_SEC_GP_102_RULE2.raw.zip	ftp://ftp.pride.ebi.ac.uk/pride/data/archive/2025/05/PXD041584/20220602_PIETILAINEN_SEC_GP_102_RULE2.raw.zip	v1.1.0	NT=ms-proteomics;VV=v1.1.0	manual curation	stem
20220207_GP_SEC_PIETILAINEN_25.raw.zip	homo sapiens	stem	not applicable	obesity	1	20220207_GP_SEC_PIETILAINEN_25.raw.zip	proteomic profiling by mass spectrometry	NT=Data-dependent acquisition;AC=PRIDE:0000627	NT=label free sample;AC=MS:1002038	NT=synapt ms;AC=MS:1001782	NT=Carbamidomethyl;AC=UNIMOD:4;TA=C;MT=Fixed	NT=Trypsin;AC=MS:1001251	NT=collision-induced dissociation;AC=MS:1000133	dithiothreitol (dtt)	iodoacetamide (iaa)	1	1	20220207_GP_SEC_PIETILAINEN_25.raw.zip	ftp://ftp.pride.ebi.ac.uk/pride/data/archive/2025/05/PXD041584/20220207_GP_SEC_PIETILAINEN_25.raw.zip	v1.1.0	NT=ms-proteomics;VV=v1.1.0	manual curation	stem
20220207_GP_SEC_PIETILAINEN_24.raw.zip	homo sapiens	stem	not applicable	obesity	1	20220207_GP_SEC_PIETILAINEN_24.raw.zip	proteomic profiling by mass spectrometry	NT=Data-dependent acquisition;AC=PRIDE:0000627	NT=label free sample;AC=MS:1002038	NT=synapt ms;AC=MS:1001782	NT=Carbamidomethyl;AC=UNIMOD:4;TA=C;MT=Fixed	NT=Trypsin;AC=MS:1001251	NT=collision-induced dissociation;AC=MS:1000133	dithiothreitol (dtt)	iodoacetamide (iaa)	1	1	20220207_GP_SEC_PIETILAINEN_24.raw.zip	ftp://ftp.pride.ebi.ac.uk/pride/data/archive/2025/05/PXD041584/20220207_GP_SEC_PIETILAINEN_24.raw.zip	v1.1.0	NT=ms-proteomics;VV=v1.1.0	manual curation	stem
20220207_GP_SEC_PIETILAINEN_76.raw.zip	homo sapiens	stem	not applicable	obesity	1	20220207_GP_SEC_PIETILAINEN_76.raw.zip	proteomic profiling by mass spectrometry	NT=Data-dependent acquisition;AC=PRIDE:0000627	NT=label free sample;AC=MS:1002038	NT=synapt ms;AC=MS:1001782	NT=Carbamidomethyl;AC=UNIMOD:4;TA=C;MT=Fixed	NT=Trypsin;AC=MS:1001251	NT=collision-induced dissociation;AC=MS:1000133	dithiothreitol (dtt)	iodoacetamide (iaa)	1	1	20220207_GP_SEC_PIETILAINEN_76.raw.zip	ftp://ftp.pride.ebi.ac.uk/pride/data/archive/2025/05/PXD041584/20220207_GP_SEC_PIETILAINEN_76.raw.zip	v1.1.0	NT=ms-proteomics;VV=v1.1.0	manual curation	stem
20220602_PIETILAINEN_SEC_GP_45_RULE1.raw.zip	homo sapiens	stem	not applicable	obesity	1	20220602_PIETILAINEN_SEC_GP_45_RULE1.raw.zip	proteomic profiling by mass spectrometry	NT=Data-dependent acquisition;AC=PRIDE:0000627	NT=label free sample;AC=MS:1002038	NT=synapt ms;AC=MS:1001782	NT=Carbamidomethyl;AC=UNIMOD:4;TA=C;MT=Fixed	NT=Trypsin;AC=MS:1001251	NT=collision-induced dissociation;AC=MS:1000133	dithiothreitol (dtt)	iodoacetamide (iaa)	1	1	20220602_PIETILAINEN_SEC_GP_45_RULE1.raw.zip	ftp://ftp.pride.ebi.ac.uk/pride/data/archive/2025/05/PXD041584/20220602_PIETILAINEN_SEC_GP_45_RULE1.raw.zip	v1.1.0	NT=ms-proteomics;VV=v1.1.0	manual curation	stem
20220602_PIETILAINEN_SEC_GP_66_TOFMRM.raw.zip	homo sapiens	stem	not applicable	obesity	1	20220602_PIETILAINEN_SEC_GP_66_TOFMRM.raw.zip	proteomic profiling by mass spectrometry	NT=Data-dependent acquisition;AC=PRIDE:0000627	NT=label free sample;AC=MS:1002038	NT=synapt ms;AC=MS:1001782	NT=Carbamidomethyl;AC=UNIMOD:4;TA=C;MT=Fixed	NT=Trypsin;AC=MS:1001251	NT=collision-induced dissociation;AC=MS:1000133	dithiothreitol (dtt)	iodoacetamide (iaa)	1	1	20220602_PIETILAINEN_SEC_GP_66_TOFMRM.raw.zip	ftp://ftp.pride.ebi.ac.uk/pride/data/archive/2025/05/PXD041584/20220602_PIETILAINEN_SEC_GP_66_TOFMRM.raw.zip	v1.1.0	NT=ms-proteomics;VV=v1.1.0	manual curation	stem
20220602_PIETILAINEN_SEC_GP_45_TOFMRM.raw.zip	homo sapiens	stem	not applicable	obesity	1	20220602_PIETILAINEN_SEC_GP_45_TOFMRM.raw.zip	proteomic profiling by mass spectrometry	NT=Data-dependent acquisition;AC=PRIDE:0000627	NT=label free sample;AC=MS:1002038	NT=synapt ms;AC=MS:1001782	NT=Carbamidomethyl;AC=UNIMOD:4;TA=C;MT=Fixed	NT=Trypsin;AC=MS:1001251	NT=collision-induced dissociation;AC=MS:1000133	dithiothreitol (dtt)	iodoacetamide (iaa)	1	1	20220602_PIETILAINEN_SEC_GP_45_TOFMRM.raw.zip	ftp://ftp.pride.ebi.ac.uk/pride/data/archive/2025/05/PXD041584/20220602_PIETILAINEN_SEC_GP_45_TOFMRM.raw.zip	v1.1.0	NT=ms-proteomics;VV=v1.1.0	manual curation	stem
20220602_PIETILAINEN_SEC_GP_114_RULE1.raw.zip	homo sapiens	stem	not applicable	obesity	1	20220602_PIETILAINEN_SEC_GP_114_RULE1.raw.zip	proteomic profiling by mass spectrometry	NT=Data-dependent acquisition;AC=PRIDE:0000627	NT=label free sample;AC=MS:1002038	NT=synapt ms;AC=MS:1001782	NT=Carbamidomethyl;AC=UNIMOD:4;TA=C;MT=Fixed	NT=Trypsin;AC=MS:1001251	NT=collision-induced dissociation;AC=MS:1000133	dithiothreitol (dtt)	iodoacetamide (iaa)	1	1	20220602_PIETILAINEN_SEC_GP_114_RULE1.raw.zip	ftp://ftp.pride.ebi.ac.uk/pride/data/archive/2025/05/PXD041584/20220602_PIETILAINEN_SEC_GP_114_RULE1.raw.zip	v1.1.0	NT=ms-proteomics;VV=v1.1.0	manual curation	stem
20220207_GP_SEC_PIETILAINEN_118.raw.zip	homo sapiens	stem	not applicable	obesity	1	20220207_GP_SEC_PIETILAINEN_118.raw.zip	proteomic profiling by mass spectrometry	NT=Data-dependent acquisition;AC=PRIDE:0000627	NT=label free sample;AC=MS:1002038	NT=synapt ms;AC=MS:1001782	NT=Carbamidomethyl;AC=UNIMOD:4;TA=C;MT=Fixed	NT=Trypsin;AC=MS:1001251	NT=collision-induced dissociation;AC=MS:1000133	dithiothreitol (dtt)	iodoacetamide (iaa)	1	1	20220207_GP_SEC_PIETILAINEN_118.raw.zip	ftp://ftp.pride.ebi.ac.uk/pride/data/archive/2025/05/PXD041584/20220207_GP_SEC_PIETILAINEN_118.raw.zip	v1.1.0	NT=ms-proteomics;VV=v1.1.0	manual curation	stem
20220207_GP_SEC_PIETILAINEN_134.raw.zip	homo sapiens	stem	not applicable	obesity	1	20220207_GP_SEC_PIETILAINEN_134.raw.zip	proteomic profiling by mass spectrometry	NT=Data-dependent acquisition;AC=PRIDE:0000627	NT=label free sample;AC=MS:1002038	NT=synapt ms;AC=MS:1001782	NT=Carbamidomethyl;AC=UNIMOD:4;TA=C;MT=Fixed	NT=Trypsin;AC=MS:1001251	NT=collision-induced dissociation;AC=MS:1000133	dithiothreitol (dtt)	iodoacetamide (iaa)	1	1	20220207_GP_SEC_PIETILAINEN_134.raw.zip	ftp://ftp.pride.ebi.ac.uk/pride/data/archive/2025/05/PXD041584/20220207_GP_SEC_PIETILAINEN_134.raw.zip	v1.1.0	NT=ms-proteomics;VV=v1.1.0	manual curation	stem
20220207_GP_SEC_PIETILAINEN_02.raw.zip	homo sapiens	stem	not applicable	obesity	1	20220207_GP_SEC_PIETILAINEN_02.raw.zip	proteomic profiling by mass spectrometry	NT=Data-dependent acquisition;AC=PRIDE:0000627	NT=label free sample;AC=MS:1002038	NT=synapt ms;AC=MS:1001782	NT=Carbamidomethyl;AC=UNIMOD:4;TA=C;MT=Fixed	NT=Trypsin;AC=MS:1001251	NT=collision-induced dissociation;AC=MS:1000133	dithiothreitol (dtt)	iodoacetamide (iaa)	1	1	20220207_GP_SEC_PIETILAINEN_02.raw.zip	ftp://ftp.pride.ebi.ac.uk/pride/data/archive/2025/05/PXD041584/20220207_GP_SEC_PIETILAINEN_02.raw.zip	v1.1.0	NT=ms-proteomics;VV=v1.1.0	manual curation	stem
20220207_GP_SEC_PIETILAINEN_07.raw.zip	homo sapiens	stem	not applicable	obesity	1	20220207_GP_SEC_PIETILAINEN_07.raw.zip	proteomic profiling by mass spectrometry	NT=Data-dependent acquisition;AC=PRIDE:0000627	NT=label free sample;AC=MS:1002038	NT=synapt ms;AC=MS:1001782	NT=Carbamidomethyl;AC=UNIMOD:4;TA=C;MT=Fixed	NT=Trypsin;AC=MS:1001251	NT=collision-induced dissociation;AC=MS:1000133	dithiothreitol (dtt)	iodoacetamide (iaa)	1	1	20220207_GP_SEC_PIETILAINEN_07.raw.zip	ftp://ftp.pride.ebi.ac.uk/pride/data/archive/2025/05/PXD041584/20220207_GP_SEC_PIETILAINEN_07.raw.zip	v1.1.0	NT=ms-proteomics;VV=v1.1.0	manual curation	stem
20220602_PIETILAINEN_SEC_GP_32_RULE1.raw.zip	homo sapiens	stem	not applicable	obesity	1	20220602_PIETILAINEN_SEC_GP_32_RULE1.raw.zip	proteomic profiling by mass spectrometry	NT=Data-dependent acquisition;AC=PRIDE:0000627	NT=label free sample;AC=MS:1002038	NT=synapt ms;AC=MS:1001782	NT=Carbamidomethyl;AC=UNIMOD:4;TA=C;MT=Fixed	NT=Trypsin;AC=MS:1001251	NT=collision-induced dissociation;AC=MS:1000133	dithiothreitol (dtt)	iodoacetamide (iaa)	1	1	20220602_PIETILAINEN_SEC_GP_32_RULE1.raw.zip	ftp://ftp.pride.ebi.ac.uk/pride/data/archive/2025/05/PXD041584/20220602_PIETILAINEN_SEC_GP_32_RULE1.raw.zip	v1.1.0	NT=ms-proteomics;VV=v1.1.0	manual curation	stem
20220207_GP_SEC_PIETILAINEN_74.raw.zip	homo sapiens	stem	not applicable	obesity	1	20220207_GP_SEC_PIETILAINEN_74.raw.zip	proteomic profiling by mass spectrometry	NT=Data-dependent acquisition;AC=PRIDE:0000627	NT=label free sample;AC=MS:1002038	NT=synapt ms;AC=MS:1001782	NT=Carbamidomethyl;AC=UNIMOD:4;TA=C;MT=Fixed	NT=Trypsin;AC=MS:1001251	NT=collision-induced dissociation;AC=MS:1000133	dithiothreitol (dtt)	iodoacetamide (iaa)	1	1	20220207_GP_SEC_PIETILAINEN_74.raw.zip	ftp://ftp.pride.ebi.ac.uk/pride/data/archive/2025/05/PXD041584/20220207_GP_SEC_PIETILAINEN_74.raw.zip	v1.1.0	NT=ms-proteomics;VV=v1.1.0	manual curation	stem
20220602_PIETILAINEN_SEC_GP_106_RULE2.raw.zip	homo sapiens	stem	not applicable	obesity	1	20220602_PIETILAINEN_SEC_GP_106_RULE2.raw.zip	proteomic profiling by mass spectrometry	NT=Data-dependent acquisition;AC=PRIDE:0000627	NT=label free sample;AC=MS:1002038	NT=synapt ms;AC=MS:1001782	NT=Carbamidomethyl;AC=UNIMOD:4;TA=C;MT=Fixed	NT=Trypsin;AC=MS:1001251	NT=collision-induced dissociation;AC=MS:1000133	dithiothreitol (dtt)	iodoacetamide (iaa)	1	1	20220602_PIETILAINEN_SEC_GP_106_RULE2.raw.zip	ftp://ftp.pride.ebi.ac.uk/pride/data/archive/2025/05/PXD041584/20220602_PIETILAINEN_SEC_GP_106_RULE2.raw.zip	v1.1.0	NT=ms-proteomics;VV=v1.1.0	manual curation	stem
20220602_PIETILAINEN_SEC_GP_28_RULE2.raw.zip	homo sapiens	stem	not applicable	obesity	1	20220602_PIETILAINEN_SEC_GP_28_RULE2.raw.zip	proteomic profiling by mass spectrometry	NT=Data-dependent acquisition;AC=PRIDE:0000627	NT=label free sample;AC=MS:1002038	NT=synapt ms;AC=MS:1001782	NT=Carbamidomethyl;AC=UNIMOD:4;TA=C;MT=Fixed	NT=Trypsin;AC=MS:1001251	NT=collision-induced dissociation;AC=MS:1000133	dithiothreitol (dtt)	iodoacetamide (iaa)	1	1	20220602_PIETILAINEN_SEC_GP_28_RULE2.raw.zip	ftp://ftp.pride.ebi.ac.uk/pride/data/archive/2025/05/PXD041584/20220602_PIETILAINEN_SEC_GP_28_RULE2.raw.zip	v1.1.0	NT=ms-proteomics;VV=v1.1.0	manual curation	stem
20220602_PIETILAINEN_SEC_GP_21_RULE2.raw.zip	homo sapiens	stem	not applicable	obesity	1	20220602_PIETILAINEN_SEC_GP_21_RULE2.raw.zip	proteomic profiling by mass spectrometry	NT=Data-dependent acquisition;AC=PRIDE:0000627	NT=label free sample;AC=MS:1002038	NT=synapt ms;AC=MS:1001782	NT=Carbamidomethyl;AC=UNIMOD:4;TA=C;MT=Fixed	NT=Trypsin;AC=MS:1001251	NT=collision-induced dissociation;AC=MS:1000133	dithiothreitol (dtt)	iodoacetamide (iaa)	1	1	20220602_PIETILAINEN_SEC_GP_21_RULE2.raw.zip	ftp://ftp.pride.ebi.ac.uk/pride/data/archive/2025/05/PXD041584/20220602_PIETILAINEN_SEC_GP_21_RULE2.raw.zip	v1.1.0	NT=ms-proteomics;VV=v1.1.0	manual curation	stem
20220207_GP_SEC_PIETILAINEN_88.raw.zip	homo sapiens	stem	not applicable	obesity	1	20220207_GP_SEC_PIETILAINEN_88.raw.zip	proteomic profiling by mass spectrometry	NT=Data-dependent acquisition;AC=PRIDE:0000627	NT=label free sample;AC=MS:1002038	NT=synapt ms;AC=MS:1001782	NT=Carbamidomethyl;AC=UNIMOD:4;TA=C;MT=Fixed	NT=Trypsin;AC=MS:1001251	NT=collision-induced dissociation;AC=MS:1000133	dithiothreitol (dtt)	iodoacetamide (iaa)	1	1	20220207_GP_SEC_PIETILAINEN_88.raw.zip	ftp://ftp.pride.ebi.ac.uk/pride/data/archive/2025/05/PXD041584/20220207_GP_SEC_PIETILAINEN_88.raw.zip	v1.1.0	NT=ms-proteomics;VV=v1.1.0	manual curation	stem
20220602_PIETILAINEN_SEC_GP_15_TOFMRM.raw.zip	homo sapiens	stem	not applicable	obesity	1	20220602_PIETILAINEN_SEC_GP_15_TOFMRM.raw.zip	proteomic profiling by mass spectrometry	NT=Data-dependent acquisition;AC=PRIDE:0000627	NT=label free sample;AC=MS:1002038	NT=synapt ms;AC=MS:1001782	NT=Carbamidomethyl;AC=UNIMOD:4;TA=C;MT=Fixed	NT=Trypsin;AC=MS:1001251	NT=collision-induced dissociation;AC=MS:1000133	dithiothreitol (dtt)	iodoacetamide (iaa)	1	1	20220602_PIETILAINEN_SEC_GP_15_TOFMRM.raw.zip	ftp://ftp.pride.ebi.ac.uk/pride/data/archive/2025/05/PXD041584/20220602_PIETILAINEN_SEC_GP_15_TOFMRM.raw.zip	v1.1.0	NT=ms-proteomics;VV=v1.1.0	manual curation	stem
20220602_PIETILAINEN_SEC_GP_108_RULE2.raw.zip	homo sapiens	stem	not applicable	obesity	1	20220602_PIETILAINEN_SEC_GP_108_RULE2.raw.zip	proteomic profiling by mass spectrometry	NT=Data-dependent acquisition;AC=PRIDE:0000627	NT=label free sample;AC=MS:1002038	NT=synapt ms;AC=MS:1001782	NT=Carbamidomethyl;AC=UNIMOD:4;TA=C;MT=Fixed	NT=Trypsin;AC=MS:1001251	NT=collision-induced dissociation;AC=MS:1000133	dithiothreitol (dtt)	iodoacetamide (iaa)	1	1	20220602_PIETILAINEN_SEC_GP_108_RULE2.raw.zip	ftp://ftp.pride.ebi.ac.uk/pride/data/archive/2025/05/PXD041584/20220602_PIETILAINEN_SEC_GP_108_RULE2.raw.zip	v1.1.0	NT=ms-proteomics;VV=v1.1.0	manual curation	stem
20220207_GP_SEC_PIETILAINEN_38.raw.zip	homo sapiens	stem	not applicable	obesity	1	20220207_GP_SEC_PIETILAINEN_38.raw.zip	proteomic profiling by mass spectrometry	NT=Data-dependent acquisition;AC=PRIDE:0000627	NT=label free sample;AC=MS:1002038	NT=synapt ms;AC=MS:1001782	NT=Carbamidomethyl;AC=UNIMOD:4;TA=C;MT=Fixed	NT=Trypsin;AC=MS:1001251	NT=collision-induced dissociation;AC=MS:1000133	dithiothreitol (dtt)	iodoacetamide (iaa)	1	1	20220207_GP_SEC_PIETILAINEN_38.raw.zip	ftp://ftp.pride.ebi.ac.uk/pride/data/archive/2025/05/PXD041584/20220207_GP_SEC_PIETILAINEN_38.raw.zip	v1.1.0	NT=ms-proteomics;VV=v1.1.0	manual curation	stem
20220602_PIETILAINEN_SEC_GP_77_TOFMRM.raw.zip	homo sapiens	stem	not applicable	obesity	1	20220602_PIETILAINEN_SEC_GP_77_TOFMRM.raw.zip	proteomic profiling by mass spectrometry	NT=Data-dependent acquisition;AC=PRIDE:0000627	NT=label free sample;AC=MS:1002038	NT=synapt ms;AC=MS:1001782	NT=Carbamidomethyl;AC=UNIMOD:4;TA=C;MT=Fixed	NT=Trypsin;AC=MS:1001251	NT=collision-induced dissociation;AC=MS:1000133	dithiothreitol (dtt)	iodoacetamide (iaa)	1	1	20220602_PIETILAINEN_SEC_GP_77_TOFMRM.raw.zip	ftp://ftp.pride.ebi.ac.uk/pride/data/archive/2025/05/PXD041584/20220602_PIETILAINEN_SEC_GP_77_TOFMRM.raw.zip	v1.1.0	NT=ms-proteomics;VV=v1.1.0	manual curation	stem
20220602_PIETILAINEN_SEC_GP_11_RULE1.raw.zip	homo sapiens	stem	not applicable	obesity	1	20220602_PIETILAINEN_SEC_GP_11_RULE1.raw.zip	proteomic profiling by mass spectrometry	NT=Data-dependent acquisition;AC=PRIDE:0000627	NT=label free sample;AC=MS:1002038	NT=synapt ms;AC=MS:1001782	NT=Carbamidomethyl;AC=UNIMOD:4;TA=C;MT=Fixed	NT=Trypsin;AC=MS:1001251	NT=collision-induced dissociation;AC=MS:1000133	dithiothreitol (dtt)	iodoacetamide (iaa)	1	1	20220602_PIETILAINEN_SEC_GP_11_RULE1.raw.zip	ftp://ftp.pride.ebi.ac.uk/pride/data/archive/2025/05/PXD041584/20220602_PIETILAINEN_SEC_GP_11_RULE1.raw.zip	v1.1.0	NT=ms-proteomics;VV=v1.1.0	manual curation	stem
20220602_PIETILAINEN_SEC_GP_80_RULE1.raw.zip	homo sapiens	stem	not applicable	obesity	1	20220602_PIETILAINEN_SEC_GP_80_RULE1.raw.zip	proteomic profiling by mass spectrometry	NT=Data-dependent acquisition;AC=PRIDE:0000627	NT=label free sample;AC=MS:1002038	NT=synapt ms;AC=MS:1001782	NT=Carbamidomethyl;AC=UNIMOD:4;TA=C;MT=Fixed	NT=Trypsin;AC=MS:1001251	NT=collision-induced dissociation;AC=MS:1000133	dithiothreitol (dtt)	iodoacetamide (iaa)	1	1	20220602_PIETILAINEN_SEC_GP_80_RULE1.raw.zip	ftp://ftp.pride.ebi.ac.uk/pride/data/archive/2025/05/PXD041584/20220602_PIETILAINEN_SEC_GP_80_RULE1.raw.zip	v1.1.0	NT=ms-proteomics;VV=v1.1.0	manual curation	stem
20220602_PIETILAINEN_SEC_GP_61_TOFMRM.raw.zip	homo sapiens	stem	not applicable	obesity	1	20220602_PIETILAINEN_SEC_GP_61_TOFMRM.raw.zip	proteomic profiling by mass spectrometry	NT=Data-dependent acquisition;AC=PRIDE:0000627	NT=label free sample;AC=MS:1002038	NT=synapt ms;AC=MS:1001782	NT=Carbamidomethyl;AC=UNIMOD:4;TA=C;MT=Fixed	NT=Trypsin;AC=MS:1001251	NT=collision-induced dissociation;AC=MS:1000133	dithiothreitol (dtt)	iodoacetamide (iaa)	1	1	20220602_PIETILAINEN_SEC_GP_61_TOFMRM.raw.zip	ftp://ftp.pride.ebi.ac.uk/pride/data/archive/2025/05/PXD041584/20220602_PIETILAINEN_SEC_GP_61_TOFMRM.raw.zip	v1.1.0	NT=ms-proteomics;VV=v1.1.0	manual curation	stem
20220602_PIETILAINEN_SEC_GP_12_RULE2.raw.zip	homo sapiens	stem	not applicable	obesity	1	20220602_PIETILAINEN_SEC_GP_12_RULE2.raw.zip	proteomic profiling by mass spectrometry	NT=Data-dependent acquisition;AC=PRIDE:0000627	NT=label free sample;AC=MS:1002038	NT=synapt ms;AC=MS:1001782	NT=Carbamidomethyl;AC=UNIMOD:4;TA=C;MT=Fixed	NT=Trypsin;AC=MS:1001251	NT=collision-induced dissociation;AC=MS:1000133	dithiothreitol (dtt)	iodoacetamide (iaa)	1	1	20220602_PIETILAINEN_SEC_GP_12_RULE2.raw.zip	ftp://ftp.pride.ebi.ac.uk/pride/data/archive/2025/05/PXD041584/20220602_PIETILAINEN_SEC_GP_12_RULE2.raw.zip	v1.1.0	NT=ms-proteomics;VV=v1.1.0	manual curation	stem
20220602_PIETILAINEN_SEC_GP_11_TOFMRM.raw.zip	homo sapiens	stem	not applicable	obesity	1	20220602_PIETILAINEN_SEC_GP_11_TOFMRM.raw.zip	proteomic profiling by mass spectrometry	NT=Data-dependent acquisition;AC=PRIDE:0000627	NT=label free sample;AC=MS:1002038	NT=synapt ms;AC=MS:1001782	NT=Carbamidomethyl;AC=UNIMOD:4;TA=C;MT=Fixed	NT=Trypsin;AC=MS:1001251	NT=collision-induced dissociation;AC=MS:1000133	dithiothreitol (dtt)	iodoacetamide (iaa)	1	1	20220602_PIETILAINEN_SEC_GP_11_TOFMRM.raw.zip	ftp://ftp.pride.ebi.ac.uk/pride/data/archive/2025/05/PXD041584/20220602_PIETILAINEN_SEC_GP_11_TOFMRM.raw.zip	v1.1.0	NT=ms-proteomics;VV=v1.1.0	manual curation	stem
20220602_PIETILAINEN_SEC_GP_17_TOFMRM.raw.zip	homo sapiens	stem	not applicable	obesity	1	20220602_PIETILAINEN_SEC_GP_17_TOFMRM.raw.zip	proteomic profiling by mass spectrometry	NT=Data-dependent acquisition;AC=PRIDE:0000627	NT=label free sample;AC=MS:1002038	NT=synapt ms;AC=MS:1001782	NT=Carbamidomethyl;AC=UNIMOD:4;TA=C;MT=Fixed	NT=Trypsin;AC=MS:1001251	NT=collision-induced dissociation;AC=MS:1000133	dithiothreitol (dtt)	iodoacetamide (iaa)	1	1	20220602_PIETILAINEN_SEC_GP_17_TOFMRM.raw.zip	ftp://ftp.pride.ebi.ac.uk/pride/data/archive/2025/05/PXD041584/20220602_PIETILAINEN_SEC_GP_17_TOFMRM.raw.zip	v1.1.0	NT=ms-proteomics;VV=v1.1.0	manual curation	stem
20220207_GP_SEC_PIETILAINEN_89.raw.zip	homo sapiens	stem	not applicable	obesity	1	20220207_GP_SEC_PIETILAINEN_89.raw.zip	proteomic profiling by mass spectrometry	NT=Data-dependent acquisition;AC=PRIDE:0000627	NT=label free sample;AC=MS:1002038	NT=synapt ms;AC=MS:1001782	NT=Carbamidomethyl;AC=UNIMOD:4;TA=C;MT=Fixed	NT=Trypsin;AC=MS:1001251	NT=collision-induced dissociation;AC=MS:1000133	dithiothreitol (dtt)	iodoacetamide (iaa)	1	1	20220207_GP_SEC_PIETILAINEN_89.raw.zip	ftp://ftp.pride.ebi.ac.uk/pride/data/archive/2025/05/PXD041584/20220207_GP_SEC_PIETILAINEN_89.raw.zip	v1.1.0	NT=ms-proteomics;VV=v1.1.0	manual curation	stem
20220602_PIETILAINEN_SEC_GP_19_RULE1.raw.zip	homo sapiens	stem	not applicable	obesity	1	20220602_PIETILAINEN_SEC_GP_19_RULE1.raw.zip	proteomic profiling by mass spectrometry	NT=Data-dependent acquisition;AC=PRIDE:0000627	NT=label free sample;AC=MS:1002038	NT=synapt ms;AC=MS:1001782	NT=Carbamidomethyl;AC=UNIMOD:4;TA=C;MT=Fixed	NT=Trypsin;AC=MS:1001251	NT=collision-induced dissociation;AC=MS:1000133	dithiothreitol (dtt)	iodoacetamide (iaa)	1	1	20220602_PIETILAINEN_SEC_GP_19_RULE1.raw.zip	ftp://ftp.pride.ebi.ac.uk/pride/data/archive/2025/05/PXD041584/20220602_PIETILAINEN_SEC_GP_19_RULE1.raw.zip	v1.1.0	NT=ms-proteomics;VV=v1.1.0	manual curation	stem
20220602_PIETILAINEN_SEC_GP_01_RULE1_RES.raw.zip	homo sapiens	stem	not applicable	obesity	1	20220602_PIETILAINEN_SEC_GP_01_RULE1_RES.raw.zip	proteomic profiling by mass spectrometry	NT=Data-dependent acquisition;AC=PRIDE:0000627	NT=label free sample;AC=MS:1002038	NT=synapt ms;AC=MS:1001782	NT=Carbamidomethyl;AC=UNIMOD:4;TA=C;MT=Fixed	NT=Trypsin;AC=MS:1001251	NT=collision-induced dissociation;AC=MS:1000133	dithiothreitol (dtt)	iodoacetamide (iaa)	1	1	20220602_PIETILAINEN_SEC_GP_01_RULE1_RES.raw.zip	ftp://ftp.pride.ebi.ac.uk/pride/data/archive/2025/05/PXD041584/20220602_PIETILAINEN_SEC_GP_01_RULE1_RES.raw.zip	v1.1.0	NT=ms-proteomics;VV=v1.1.0	manual curation	stem
20220602_PIETILAINEN_SEC_GP_110_RULE1.raw.zip	homo sapiens	stem	not applicable	obesity	1	20220602_PIETILAINEN_SEC_GP_110_RULE1.raw.zip	proteomic profiling by mass spectrometry	NT=Data-dependent acquisition;AC=PRIDE:0000627	NT=label free sample;AC=MS:1002038	NT=synapt ms;AC=MS:1001782	NT=Carbamidomethyl;AC=UNIMOD:4;TA=C;MT=Fixed	NT=Trypsin;AC=MS:1001251	NT=collision-induced dissociation;AC=MS:1000133	dithiothreitol (dtt)	iodoacetamide (iaa)	1	1	20220602_PIETILAINEN_SEC_GP_110_RULE1.raw.zip	ftp://ftp.pride.ebi.ac.uk/pride/data/archive/2025/05/PXD041584/20220602_PIETILAINEN_SEC_GP_110_RULE1.raw.zip	v1.1.0	NT=ms-proteomics;VV=v1.1.0	manual curation	stem
20220602_PIETILAINEN_SEC_GP_01_RULE1.raw.zip	homo sapiens	stem	not applicable	obesity	1	20220602_PIETILAINEN_SEC_GP_01_RULE1.raw.zip	proteomic profiling by mass spectrometry	NT=Data-dependent acquisition;AC=PRIDE:0000627	NT=label free sample;AC=MS:1002038	NT=synapt ms;AC=MS:1001782	NT=Carbamidomethyl;AC=UNIMOD:4;TA=C;MT=Fixed	NT=Trypsin;AC=MS:1001251	NT=collision-induced dissociation;AC=MS:1000133	dithiothreitol (dtt)	iodoacetamide (iaa)	1	1	20220602_PIETILAINEN_SEC_GP_01_RULE1.raw.zip	ftp://ftp.pride.ebi.ac.uk/pride/data/archive/2025/05/PXD041584/20220602_PIETILAINEN_SEC_GP_01_RULE1.raw.zip	v1.1.0	NT=ms-proteomics;VV=v1.1.0	manual curation	stem
20220602_PIETILAINEN_SEC_GP_02_TOFMRM.raw.zip	homo sapiens	stem	not applicable	obesity	1	20220602_PIETILAINEN_SEC_GP_02_TOFMRM.raw.zip	proteomic profiling by mass spectrometry	NT=Data-dependent acquisition;AC=PRIDE:0000627	NT=label free sample;AC=MS:1002038	NT=synapt ms;AC=MS:1001782	NT=Carbamidomethyl;AC=UNIMOD:4;TA=C;MT=Fixed	NT=Trypsin;AC=MS:1001251	NT=collision-induced dissociation;AC=MS:1000133	dithiothreitol (dtt)	iodoacetamide (iaa)	1	1	20220602_PIETILAINEN_SEC_GP_02_TOFMRM.raw.zip	ftp://ftp.pride.ebi.ac.uk/pride/data/archive/2025/05/PXD041584/20220602_PIETILAINEN_SEC_GP_02_TOFMRM.raw.zip	v1.1.0	NT=ms-proteomics;VV=v1.1.0	manual curation	stem
20220602_PIETILAINEN_SEC_GP_37_RULE1.raw.zip	homo sapiens	stem	not applicable	obesity	1	20220602_PIETILAINEN_SEC_GP_37_RULE1.raw.zip	proteomic profiling by mass spectrometry	NT=Data-dependent acquisition;AC=PRIDE:0000627	NT=label free sample;AC=MS:1002038	NT=synapt ms;AC=MS:1001782	NT=Carbamidomethyl;AC=UNIMOD:4;TA=C;MT=Fixed	NT=Trypsin;AC=MS:1001251	NT=collision-induced dissociation;AC=MS:1000133	dithiothreitol (dtt)	iodoacetamide (iaa)	1	1	20220602_PIETILAINEN_SEC_GP_37_RULE1.raw.zip	ftp://ftp.pride.ebi.ac.uk/pride/data/archive/2025/05/PXD041584/20220602_PIETILAINEN_SEC_GP_37_RULE1.raw.zip	v1.1.0	NT=ms-proteomics;VV=v1.1.0	manual curation	stem
20220602_PIETILAINEN_SEC_GP_21_RULE1.raw.zip	homo sapiens	stem	not applicable	obesity	1	20220602_PIETILAINEN_SEC_GP_21_RULE1.raw.zip	proteomic profiling by mass spectrometry	NT=Data-dependent acquisition;AC=PRIDE:0000627	NT=label free sample;AC=MS:1002038	NT=synapt ms;AC=MS:1001782	NT=Carbamidomethyl;AC=UNIMOD:4;TA=C;MT=Fixed	NT=Trypsin;AC=MS:1001251	NT=collision-induced dissociation;AC=MS:1000133	dithiothreitol (dtt)	iodoacetamide (iaa)	1	1	20220602_PIETILAINEN_SEC_GP_21_RULE1.raw.zip	ftp://ftp.pride.ebi.ac.uk/pride/data/archive/2025/05/PXD041584/20220602_PIETILAINEN_SEC_GP_21_RULE1.raw.zip	v1.1.0	NT=ms-proteomics;VV=v1.1.0	manual curation	stem
20220207_GP_SEC_PIETILAINEN_72.raw.zip	homo sapiens	stem	not applicable	obesity	1	20220207_GP_SEC_PIETILAINEN_72.raw.zip	proteomic profiling by mass spectrometry	NT=Data-dependent acquisition;AC=PRIDE:0000627	NT=label free sample;AC=MS:1002038	NT=synapt ms;AC=MS:1001782	NT=Carbamidomethyl;AC=UNIMOD:4;TA=C;MT=Fixed	NT=Trypsin;AC=MS:1001251	NT=collision-induced dissociation;AC=MS:1000133	dithiothreitol (dtt)	iodoacetamide (iaa)	1	1	20220207_GP_SEC_PIETILAINEN_72.raw.zip	ftp://ftp.pride.ebi.ac.uk/pride/data/archive/2025/05/PXD041584/20220207_GP_SEC_PIETILAINEN_72.raw.zip	v1.1.0	NT=ms-proteomics;VV=v1.1.0	manual curation	stem
20220207_GP_SEC_PIETILAINEN_123.raw.zip	homo sapiens	stem	not applicable	obesity	1	20220207_GP_SEC_PIETILAINEN_123.raw.zip	proteomic profiling by mass spectrometry	NT=Data-dependent acquisition;AC=PRIDE:0000627	NT=label free sample;AC=MS:1002038	NT=synapt ms;AC=MS:1001782	NT=Carbamidomethyl;AC=UNIMOD:4;TA=C;MT=Fixed	NT=Trypsin;AC=MS:1001251	NT=collision-induced dissociation;AC=MS:1000133	dithiothreitol (dtt)	iodoacetamide (iaa)	1	1	20220207_GP_SEC_PIETILAINEN_123.raw.zip	ftp://ftp.pride.ebi.ac.uk/pride/data/archive/2025/05/PXD041584/20220207_GP_SEC_PIETILAINEN_123.raw.zip	v1.1.0	NT=ms-proteomics;VV=v1.1.0	manual curation	stem
20220602_PIETILAINEN_SEC_GP_68_RULE1.raw.zip	homo sapiens	stem	not applicable	obesity	1	20220602_PIETILAINEN_SEC_GP_68_RULE1.raw.zip	proteomic profiling by mass spectrometry	NT=Data-dependent acquisition;AC=PRIDE:0000627	NT=label free sample;AC=MS:1002038	NT=synapt ms;AC=MS:1001782	NT=Carbamidomethyl;AC=UNIMOD:4;TA=C;MT=Fixed	NT=Trypsin;AC=MS:1001251	NT=collision-induced dissociation;AC=MS:1000133	dithiothreitol (dtt)	iodoacetamide (iaa)	1	1	20220602_PIETILAINEN_SEC_GP_68_RULE1.raw.zip	ftp://ftp.pride.ebi.ac.uk/pride/data/archive/2025/05/PXD041584/20220602_PIETILAINEN_SEC_GP_68_RULE1.raw.zip	v1.1.0	NT=ms-proteomics;VV=v1.1.0	manual curation	stem
20220602_PIETILAINEN_SEC_GP_25_TOFMRM.raw.zip	homo sapiens	stem	not applicable	obesity	1	20220602_PIETILAINEN_SEC_GP_25_TOFMRM.raw.zip	proteomic profiling by mass spectrometry	NT=Data-dependent acquisition;AC=PRIDE:0000627	NT=label free sample;AC=MS:1002038	NT=synapt ms;AC=MS:1001782	NT=Carbamidomethyl;AC=UNIMOD:4;TA=C;MT=Fixed	NT=Trypsin;AC=MS:1001251	NT=collision-induced dissociation;AC=MS:1000133	dithiothreitol (dtt)	iodoacetamide (iaa)	1	1	20220602_PIETILAINEN_SEC_GP_25_TOFMRM.raw.zip	ftp://ftp.pride.ebi.ac.uk/pride/data/archive/2025/05/PXD041584/20220602_PIETILAINEN_SEC_GP_25_TOFMRM.raw.zip	v1.1.0	NT=ms-proteomics;VV=v1.1.0	manual curation	stem
20220602_PIETILAINEN_SEC_GP_31_RULE2.raw.zip	homo sapiens	stem	not applicable	obesity	1	20220602_PIETILAINEN_SEC_GP_31_RULE2.raw.zip	proteomic profiling by mass spectrometry	NT=Data-dependent acquisition;AC=PRIDE:0000627	NT=label free sample;AC=MS:1002038	NT=synapt ms;AC=MS:1001782	NT=Carbamidomethyl;AC=UNIMOD:4;TA=C;MT=Fixed	NT=Trypsin;AC=MS:1001251	NT=collision-induced dissociation;AC=MS:1000133	dithiothreitol (dtt)	iodoacetamide (iaa)	1	1	20220602_PIETILAINEN_SEC_GP_31_RULE2.raw.zip	ftp://ftp.pride.ebi.ac.uk/pride/data/archive/2025/05/PXD041584/20220602_PIETILAINEN_SEC_GP_31_RULE2.raw.zip	v1.1.0	NT=ms-proteomics;VV=v1.1.0	manual curation	stem
20220602_PIETILAINEN_SEC_GP_25_RULE1.raw.zip	homo sapiens	stem	not applicable	obesity	1	20220602_PIETILAINEN_SEC_GP_25_RULE1.raw.zip	proteomic profiling by mass spectrometry	NT=Data-dependent acquisition;AC=PRIDE:0000627	NT=label free sample;AC=MS:1002038	NT=synapt ms;AC=MS:1001782	NT=Carbamidomethyl;AC=UNIMOD:4;TA=C;MT=Fixed	NT=Trypsin;AC=MS:1001251	NT=collision-induced dissociation;AC=MS:1000133	dithiothreitol (dtt)	iodoacetamide (iaa)	1	1	20220602_PIETILAINEN_SEC_GP_25_RULE1.raw.zip	ftp://ftp.pride.ebi.ac.uk/pride/data/archive/2025/05/PXD041584/20220602_PIETILAINEN_SEC_GP_25_RULE1.raw.zip	v1.1.0	NT=ms-proteomics;VV=v1.1.0	manual curation	stem
20220207_GP_SEC_PIETILAINEN_103.raw.zip	homo sapiens	stem	not applicable	obesity	1	20220207_GP_SEC_PIETILAINEN_103.raw.zip	proteomic profiling by mass spectrometry	NT=Data-dependent acquisition;AC=PRIDE:0000627	NT=label free sample;AC=MS:1002038	NT=synapt ms;AC=MS:1001782	NT=Carbamidomethyl;AC=UNIMOD:4;TA=C;MT=Fixed	NT=Trypsin;AC=MS:1001251	NT=collision-induced dissociation;AC=MS:1000133	dithiothreitol (dtt)	iodoacetamide (iaa)	1	1	20220207_GP_SEC_PIETILAINEN_103.raw.zip	ftp://ftp.pride.ebi.ac.uk/pride/data/archive/2025/05/PXD041584/20220207_GP_SEC_PIETILAINEN_103.raw.zip	v1.1.0	NT=ms-proteomics;VV=v1.1.0	manual curation	stem
20220602_PIETILAINEN_SEC_GP_69_RULE2.raw.zip	homo sapiens	stem	not applicable	obesity	1	20220602_PIETILAINEN_SEC_GP_69_RULE2.raw.zip	proteomic profiling by mass spectrometry	NT=Data-dependent acquisition;AC=PRIDE:0000627	NT=label free sample;AC=MS:1002038	NT=synapt ms;AC=MS:1001782	NT=Carbamidomethyl;AC=UNIMOD:4;TA=C;MT=Fixed	NT=Trypsin;AC=MS:1001251	NT=collision-induced dissociation;AC=MS:1000133	dithiothreitol (dtt)	iodoacetamide (iaa)	1	1	20220602_PIETILAINEN_SEC_GP_69_RULE2.raw.zip	ftp://ftp.pride.ebi.ac.uk/pride/data/archive/2025/05/PXD041584/20220602_PIETILAINEN_SEC_GP_69_RULE2.raw.zip	v1.1.0	NT=ms-proteomics;VV=v1.1.0	manual curation	stem
20220602_PIETILAINEN_SEC_GP_49_RULE1.raw.zip	homo sapiens	stem	not applicable	obesity	1	20220602_PIETILAINEN_SEC_GP_49_RULE1.raw.zip	proteomic profiling by mass spectrometry	NT=Data-dependent acquisition;AC=PRIDE:0000627	NT=label free sample;AC=MS:1002038	NT=synapt ms;AC=MS:1001782	NT=Carbamidomethyl;AC=UNIMOD:4;TA=C;MT=Fixed	NT=Trypsin;AC=MS:1001251	NT=collision-induced dissociation;AC=MS:1000133	dithiothreitol (dtt)	iodoacetamide (iaa)	1	1	20220602_PIETILAINEN_SEC_GP_49_RULE1.raw.zip	ftp://ftp.pride.ebi.ac.uk/pride/data/archive/2025/05/PXD041584/20220602_PIETILAINEN_SEC_GP_49_RULE1.raw.zip	v1.1.0	NT=ms-proteomics;VV=v1.1.0	manual curation	stem
20220602_PIETILAINEN_SEC_GP_03_RULE1.raw.zip	homo sapiens	stem	not applicable	obesity	1	20220602_PIETILAINEN_SEC_GP_03_RULE1.raw.zip	proteomic profiling by mass spectrometry	NT=Data-dependent acquisition;AC=PRIDE:0000627	NT=label free sample;AC=MS:1002038	NT=synapt ms;AC=MS:1001782	NT=Carbamidomethyl;AC=UNIMOD:4;TA=C;MT=Fixed	NT=Trypsin;AC=MS:1001251	NT=collision-induced dissociation;AC=MS:1000133	dithiothreitol (dtt)	iodoacetamide (iaa)	1	1	20220602_PIETILAINEN_SEC_GP_03_RULE1.raw.zip	ftp://ftp.pride.ebi.ac.uk/pride/data/archive/2025/05/PXD041584/20220602_PIETILAINEN_SEC_GP_03_RULE1.raw.zip	v1.1.0	NT=ms-proteomics;VV=v1.1.0	manual curation	stem
20220602_PIETILAINEN_SEC_GP_27_TOFMRM.raw.zip	homo sapiens	stem	not applicable	obesity	1	20220602_PIETILAINEN_SEC_GP_27_TOFMRM.raw.zip	proteomic profiling by mass spectrometry	NT=Data-dependent acquisition;AC=PRIDE:0000627	NT=label free sample;AC=MS:1002038	NT=synapt ms;AC=MS:1001782	NT=Carbamidomethyl;AC=UNIMOD:4;TA=C;MT=Fixed	NT=Trypsin;AC=MS:1001251	NT=collision-induced dissociation;AC=MS:1000133	dithiothreitol (dtt)	iodoacetamide (iaa)	1	1	20220602_PIETILAINEN_SEC_GP_27_TOFMRM.raw.zip	ftp://ftp.pride.ebi.ac.uk/pride/data/archive/2025/05/PXD041584/20220602_PIETILAINEN_SEC_GP_27_TOFMRM.raw.zip	v1.1.0	NT=ms-proteomics;VV=v1.1.0	manual curation	stem
20220602_PIETILAINEN_SEC_GP_44_RULE2.raw.zip	homo sapiens	stem	not applicable	obesity	1	20220602_PIETILAINEN_SEC_GP_44_RULE2.raw.zip	proteomic profiling by mass spectrometry	NT=Data-dependent acquisition;AC=PRIDE:0000627	NT=label free sample;AC=MS:1002038	NT=synapt ms;AC=MS:1001782	NT=Carbamidomethyl;AC=UNIMOD:4;TA=C;MT=Fixed	NT=Trypsin;AC=MS:1001251	NT=collision-induced dissociation;AC=MS:1000133	dithiothreitol (dtt)	iodoacetamide (iaa)	1	1	20220602_PIETILAINEN_SEC_GP_44_RULE2.raw.zip	ftp://ftp.pride.ebi.ac.uk/pride/data/archive/2025/05/PXD041584/20220602_PIETILAINEN_SEC_GP_44_RULE2.raw.zip	v1.1.0	NT=ms-proteomics;VV=v1.1.0	manual curation	stem
20220602_PIETILAINEN_SEC_GP_82_RULE1.raw.zip	homo sapiens	stem	not applicable	obesity	1	20220602_PIETILAINEN_SEC_GP_82_RULE1.raw.zip	proteomic profiling by mass spectrometry	NT=Data-dependent acquisition;AC=PRIDE:0000627	NT=label free sample;AC=MS:1002038	NT=synapt ms;AC=MS:1001782	NT=Carbamidomethyl;AC=UNIMOD:4;TA=C;MT=Fixed	NT=Trypsin;AC=MS:1001251	NT=collision-induced dissociation;AC=MS:1000133	dithiothreitol (dtt)	iodoacetamide (iaa)	1	1	20220602_PIETILAINEN_SEC_GP_82_RULE1.raw.zip	ftp://ftp.pride.ebi.ac.uk/pride/data/archive/2025/05/PXD041584/20220602_PIETILAINEN_SEC_GP_82_RULE1.raw.zip	v1.1.0	NT=ms-proteomics;VV=v1.1.0	manual curation	stem
20220602_PIETILAINEN_SEC_GP_27_RULE2.raw.zip	homo sapiens	stem	not applicable	obesity	1	20220602_PIETILAINEN_SEC_GP_27_RULE2.raw.zip	proteomic profiling by mass spectrometry	NT=Data-dependent acquisition;AC=PRIDE:0000627	NT=label free sample;AC=MS:1002038	NT=synapt ms;AC=MS:1001782	NT=Carbamidomethyl;AC=UNIMOD:4;TA=C;MT=Fixed	NT=Trypsin;AC=MS:1001251	NT=collision-induced dissociation;AC=MS:1000133	dithiothreitol (dtt)	iodoacetamide (iaa)	1	1	20220602_PIETILAINEN_SEC_GP_27_RULE2.raw.zip	ftp://ftp.pride.ebi.ac.uk/pride/data/archive/2025/05/PXD041584/20220602_PIETILAINEN_SEC_GP_27_RULE2.raw.zip	v1.1.0	NT=ms-proteomics;VV=v1.1.0	manual curation	stem
20220602_PIETILAINEN_SEC_GP_53_TOFMRM.raw.zip	homo sapiens	stem	not applicable	obesity	1	20220602_PIETILAINEN_SEC_GP_53_TOFMRM.raw.zip	proteomic profiling by mass spectrometry	NT=Data-dependent acquisition;AC=PRIDE:0000627	NT=label free sample;AC=MS:1002038	NT=synapt ms;AC=MS:1001782	NT=Carbamidomethyl;AC=UNIMOD:4;TA=C;MT=Fixed	NT=Trypsin;AC=MS:1001251	NT=collision-induced dissociation;AC=MS:1000133	dithiothreitol (dtt)	iodoacetamide (iaa)	1	1	20220602_PIETILAINEN_SEC_GP_53_TOFMRM.raw.zip	ftp://ftp.pride.ebi.ac.uk/pride/data/archive/2025/05/PXD041584/20220602_PIETILAINEN_SEC_GP_53_TOFMRM.raw.zip	v1.1.0	NT=ms-proteomics;VV=v1.1.0	manual curation	stem
20220207_GP_SEC_PIETILAINEN_75.raw.zip	homo sapiens	stem	not applicable	obesity	1	20220207_GP_SEC_PIETILAINEN_75.raw.zip	proteomic profiling by mass spectrometry	NT=Data-dependent acquisition;AC=PRIDE:0000627	NT=label free sample;AC=MS:1002038	NT=synapt ms;AC=MS:1001782	NT=Carbamidomethyl;AC=UNIMOD:4;TA=C;MT=Fixed	NT=Trypsin;AC=MS:1001251	NT=collision-induced dissociation;AC=MS:1000133	dithiothreitol (dtt)	iodoacetamide (iaa)	1	1	20220207_GP_SEC_PIETILAINEN_75.raw.zip	ftp://ftp.pride.ebi.ac.uk/pride/data/archive/2025/05/PXD041584/20220207_GP_SEC_PIETILAINEN_75.raw.zip	v1.1.0	NT=ms-proteomics;VV=v1.1.0	manual curation	stem
20220602_PIETILAINEN_SEC_GP_93_RULE2.raw.zip	homo sapiens	stem	not applicable	obesity	1	20220602_PIETILAINEN_SEC_GP_93_RULE2.raw.zip	proteomic profiling by mass spectrometry	NT=Data-dependent acquisition;AC=PRIDE:0000627	NT=label free sample;AC=MS:1002038	NT=synapt ms;AC=MS:1001782	NT=Carbamidomethyl;AC=UNIMOD:4;TA=C;MT=Fixed	NT=Trypsin;AC=MS:1001251	NT=collision-induced dissociation;AC=MS:1000133	dithiothreitol (dtt)	iodoacetamide (iaa)	1	1	20220602_PIETILAINEN_SEC_GP_93_RULE2.raw.zip	ftp://ftp.pride.ebi.ac.uk/pride/data/archive/2025/05/PXD041584/20220602_PIETILAINEN_SEC_GP_93_RULE2.raw.zip	v1.1.0	NT=ms-proteomics;VV=v1.1.0	manual curation	stem
20220602_PIETILAINEN_SEC_GP_47_TOFMRM.raw.zip	homo sapiens	stem	not applicable	obesity	1	20220602_PIETILAINEN_SEC_GP_47_TOFMRM.raw.zip	proteomic profiling by mass spectrometry	NT=Data-dependent acquisition;AC=PRIDE:0000627	NT=label free sample;AC=MS:1002038	NT=synapt ms;AC=MS:1001782	NT=Carbamidomethyl;AC=UNIMOD:4;TA=C;MT=Fixed	NT=Trypsin;AC=MS:1001251	NT=collision-induced dissociation;AC=MS:1000133	dithiothreitol (dtt)	iodoacetamide (iaa)	1	1	20220602_PIETILAINEN_SEC_GP_47_TOFMRM.raw.zip	ftp://ftp.pride.ebi.ac.uk/pride/data/archive/2025/05/PXD041584/20220602_PIETILAINEN_SEC_GP_47_TOFMRM.raw.zip	v1.1.0	NT=ms-proteomics;VV=v1.1.0	manual curation	stem
20220602_PIETILAINEN_SEC_GP_33_RULE2B.raw.zip	homo sapiens	stem	not applicable	obesity	1	20220602_PIETILAINEN_SEC_GP_33_RULE2B.raw.zip	proteomic profiling by mass spectrometry	NT=Data-dependent acquisition;AC=PRIDE:0000627	NT=label free sample;AC=MS:1002038	NT=synapt ms;AC=MS:1001782	NT=Carbamidomethyl;AC=UNIMOD:4;TA=C;MT=Fixed	NT=Trypsin;AC=MS:1001251	NT=collision-induced dissociation;AC=MS:1000133	dithiothreitol (dtt)	iodoacetamide (iaa)	1	1	20220602_PIETILAINEN_SEC_GP_33_RULE2B.raw.zip	ftp://ftp.pride.ebi.ac.uk/pride/data/archive/2025/05/PXD041584/20220602_PIETILAINEN_SEC_GP_33_RULE2B.raw.zip	v1.1.0	NT=ms-proteomics;VV=v1.1.0	manual curation	stem
20220602_PIETILAINEN_SEC_GP_12_RULE1.raw.zip	homo sapiens	stem	not applicable	obesity	1	20220602_PIETILAINEN_SEC_GP_12_RULE1.raw.zip	proteomic profiling by mass spectrometry	NT=Data-dependent acquisition;AC=PRIDE:0000627	NT=label free sample;AC=MS:1002038	NT=synapt ms;AC=MS:1001782	NT=Carbamidomethyl;AC=UNIMOD:4;TA=C;MT=Fixed	NT=Trypsin;AC=MS:1001251	NT=collision-induced dissociation;AC=MS:1000133	dithiothreitol (dtt)	iodoacetamide (iaa)	1	1	20220602_PIETILAINEN_SEC_GP_12_RULE1.raw.zip	ftp://ftp.pride.ebi.ac.uk/pride/data/archive/2025/05/PXD041584/20220602_PIETILAINEN_SEC_GP_12_RULE1.raw.zip	v1.1.0	NT=ms-proteomics;VV=v1.1.0	manual curation	stem
20220602_PIETILAINEN_SEC_GP_82_RULE2.raw.zip	homo sapiens	stem	not applicable	obesity	1	20220602_PIETILAINEN_SEC_GP_82_RULE2.raw.zip	proteomic profiling by mass spectrometry	NT=Data-dependent acquisition;AC=PRIDE:0000627	NT=label free sample;AC=MS:1002038	NT=synapt ms;AC=MS:1001782	NT=Carbamidomethyl;AC=UNIMOD:4;TA=C;MT=Fixed	NT=Trypsin;AC=MS:1001251	NT=collision-induced dissociation;AC=MS:1000133	dithiothreitol (dtt)	iodoacetamide (iaa)	1	1	20220602_PIETILAINEN_SEC_GP_82_RULE2.raw.zip	ftp://ftp.pride.ebi.ac.uk/pride/data/archive/2025/05/PXD041584/20220602_PIETILAINEN_SEC_GP_82_RULE2.raw.zip	v1.1.0	NT=ms-proteomics;VV=v1.1.0	manual curation	stem
20220602_PIETILAINEN_SEC_GP_41_RULE1.raw.zip	homo sapiens	stem	not applicable	obesity	1	20220602_PIETILAINEN_SEC_GP_41_RULE1.raw.zip	proteomic profiling by mass spectrometry	NT=Data-dependent acquisition;AC=PRIDE:0000627	NT=label free sample;AC=MS:1002038	NT=synapt ms;AC=MS:1001782	NT=Carbamidomethyl;AC=UNIMOD:4;TA=C;MT=Fixed	NT=Trypsin;AC=MS:1001251	NT=collision-induced dissociation;AC=MS:1000133	dithiothreitol (dtt)	iodoacetamide (iaa)	1	1	20220602_PIETILAINEN_SEC_GP_41_RULE1.raw.zip	ftp://ftp.pride.ebi.ac.uk/pride/data/archive/2025/05/PXD041584/20220602_PIETILAINEN_SEC_GP_41_RULE1.raw.zip	v1.1.0	NT=ms-proteomics;VV=v1.1.0	manual curation	stem
20220602_PIETILAINEN_SEC_GP_70_RULE2.raw.zip	homo sapiens	stem	not applicable	obesity	1	20220602_PIETILAINEN_SEC_GP_70_RULE2.raw.zip	proteomic profiling by mass spectrometry	NT=Data-dependent acquisition;AC=PRIDE:0000627	NT=label free sample;AC=MS:1002038	NT=synapt ms;AC=MS:1001782	NT=Carbamidomethyl;AC=UNIMOD:4;TA=C;MT=Fixed	NT=Trypsin;AC=MS:1001251	NT=collision-induced dissociation;AC=MS:1000133	dithiothreitol (dtt)	iodoacetamide (iaa)	1	1	20220602_PIETILAINEN_SEC_GP_70_RULE2.raw.zip	ftp://ftp.pride.ebi.ac.uk/pride/data/archive/2025/05/PXD041584/20220602_PIETILAINEN_SEC_GP_70_RULE2.raw.zip	v1.1.0	NT=ms-proteomics;VV=v1.1.0	manual curation	stem
20220602_PIETILAINEN_SEC_GP_20_RULE2.raw.zip	homo sapiens	stem	not applicable	obesity	1	20220602_PIETILAINEN_SEC_GP_20_RULE2.raw.zip	proteomic profiling by mass spectrometry	NT=Data-dependent acquisition;AC=PRIDE:0000627	NT=label free sample;AC=MS:1002038	NT=synapt ms;AC=MS:1001782	NT=Carbamidomethyl;AC=UNIMOD:4;TA=C;MT=Fixed	NT=Trypsin;AC=MS:1001251	NT=collision-induced dissociation;AC=MS:1000133	dithiothreitol (dtt)	iodoacetamide (iaa)	1	1	20220602_PIETILAINEN_SEC_GP_20_RULE2.raw.zip	ftp://ftp.pride.ebi.ac.uk/pride/data/archive/2025/05/PXD041584/20220602_PIETILAINEN_SEC_GP_20_RULE2.raw.zip	v1.1.0	NT=ms-proteomics;VV=v1.1.0	manual curation	stem
20220207_GP_SEC_PIETILAINEN_27.raw.zip	homo sapiens	stem	not applicable	obesity	1	20220207_GP_SEC_PIETILAINEN_27.raw.zip	proteomic profiling by mass spectrometry	NT=Data-dependent acquisition;AC=PRIDE:0000627	NT=label free sample;AC=MS:1002038	NT=synapt ms;AC=MS:1001782	NT=Carbamidomethyl;AC=UNIMOD:4;TA=C;MT=Fixed	NT=Trypsin;AC=MS:1001251	NT=collision-induced dissociation;AC=MS:1000133	dithiothreitol (dtt)	iodoacetamide (iaa)	1	1	20220207_GP_SEC_PIETILAINEN_27.raw.zip	ftp://ftp.pride.ebi.ac.uk/pride/data/archive/2025/05/PXD041584/20220207_GP_SEC_PIETILAINEN_27.raw.zip	v1.1.0	NT=ms-proteomics;VV=v1.1.0	manual curation	stem
20220602_PIETILAINEN_SEC_GP_108_TOFMRM.raw.zip	homo sapiens	stem	not applicable	obesity	1	20220602_PIETILAINEN_SEC_GP_108_TOFMRM.raw.zip	proteomic profiling by mass spectrometry	NT=Data-dependent acquisition;AC=PRIDE:0000627	NT=label free sample;AC=MS:1002038	NT=synapt ms;AC=MS:1001782	NT=Carbamidomethyl;AC=UNIMOD:4;TA=C;MT=Fixed	NT=Trypsin;AC=MS:1001251	NT=collision-induced dissociation;AC=MS:1000133	dithiothreitol (dtt)	iodoacetamide (iaa)	1	1	20220602_PIETILAINEN_SEC_GP_108_TOFMRM.raw.zip	ftp://ftp.pride.ebi.ac.uk/pride/data/archive/2025/05/PXD041584/20220602_PIETILAINEN_SEC_GP_108_TOFMRM.raw.zip	v1.1.0	NT=ms-proteomics;VV=v1.1.0	manual curation	stem
20220602_PIETILAINEN_SEC_GP_42_RULE1.raw.zip	homo sapiens	stem	not applicable	obesity	1	20220602_PIETILAINEN_SEC_GP_42_RULE1.raw.zip	proteomic profiling by mass spectrometry	NT=Data-dependent acquisition;AC=PRIDE:0000627	NT=label free sample;AC=MS:1002038	NT=synapt ms;AC=MS:1001782	NT=Carbamidomethyl;AC=UNIMOD:4;TA=C;MT=Fixed	NT=Trypsin;AC=MS:1001251	NT=collision-induced dissociation;AC=MS:1000133	dithiothreitol (dtt)	iodoacetamide (iaa)	1	1	20220602_PIETILAINEN_SEC_GP_42_RULE1.raw.zip	ftp://ftp.pride.ebi.ac.uk/pride/data/archive/2025/05/PXD041584/20220602_PIETILAINEN_SEC_GP_42_RULE1.raw.zip	v1.1.0	NT=ms-proteomics;VV=v1.1.0	manual curation	stem
20220602_PIETILAINEN_SEC_GP_105_RULE2.raw.zip	homo sapiens	stem	not applicable	obesity	1	20220602_PIETILAINEN_SEC_GP_105_RULE2.raw.zip	proteomic profiling by mass spectrometry	NT=Data-dependent acquisition;AC=PRIDE:0000627	NT=label free sample;AC=MS:1002038	NT=synapt ms;AC=MS:1001782	NT=Carbamidomethyl;AC=UNIMOD:4;TA=C;MT=Fixed	NT=Trypsin;AC=MS:1001251	NT=collision-induced dissociation;AC=MS:1000133	dithiothreitol (dtt)	iodoacetamide (iaa)	1	1	20220602_PIETILAINEN_SEC_GP_105_RULE2.raw.zip	ftp://ftp.pride.ebi.ac.uk/pride/data/archive/2025/05/PXD041584/20220602_PIETILAINEN_SEC_GP_105_RULE2.raw.zip	v1.1.0	NT=ms-proteomics;VV=v1.1.0	manual curation	stem
20220602_PIETILAINEN_SEC_GP_36_TOFMRM.raw.zip	homo sapiens	stem	not applicable	obesity	1	20220602_PIETILAINEN_SEC_GP_36_TOFMRM.raw.zip	proteomic profiling by mass spectrometry	NT=Data-dependent acquisition;AC=PRIDE:0000627	NT=label free sample;AC=MS:1002038	NT=synapt ms;AC=MS:1001782	NT=Carbamidomethyl;AC=UNIMOD:4;TA=C;MT=Fixed	NT=Trypsin;AC=MS:1001251	NT=collision-induced dissociation;AC=MS:1000133	dithiothreitol (dtt)	iodoacetamide (iaa)	1	1	20220602_PIETILAINEN_SEC_GP_36_TOFMRM.raw.zip	ftp://ftp.pride.ebi.ac.uk/pride/data/archive/2025/05/PXD041584/20220602_PIETILAINEN_SEC_GP_36_TOFMRM.raw.zip	v1.1.0	NT=ms-proteomics;VV=v1.1.0	manual curation	stem
20220207_GP_SEC_PIETILAINEN_135.raw.zip	homo sapiens	stem	not applicable	obesity	1	20220207_GP_SEC_PIETILAINEN_135.raw.zip	proteomic profiling by mass spectrometry	NT=Data-dependent acquisition;AC=PRIDE:0000627	NT=label free sample;AC=MS:1002038	NT=synapt ms;AC=MS:1001782	NT=Carbamidomethyl;AC=UNIMOD:4;TA=C;MT=Fixed	NT=Trypsin;AC=MS:1001251	NT=collision-induced dissociation;AC=MS:1000133	dithiothreitol (dtt)	iodoacetamide (iaa)	1	1	20220207_GP_SEC_PIETILAINEN_135.raw.zip	ftp://ftp.pride.ebi.ac.uk/pride/data/archive/2025/05/PXD041584/20220207_GP_SEC_PIETILAINEN_135.raw.zip	v1.1.0	NT=ms-proteomics;VV=v1.1.0	manual curation	stem
20220602_PIETILAINEN_SEC_GP_73_TOFMRM.raw.zip	homo sapiens	stem	not applicable	obesity	1	20220602_PIETILAINEN_SEC_GP_73_TOFMRM.raw.zip	proteomic profiling by mass spectrometry	NT=Data-dependent acquisition;AC=PRIDE:0000627	NT=label free sample;AC=MS:1002038	NT=synapt ms;AC=MS:1001782	NT=Carbamidomethyl;AC=UNIMOD:4;TA=C;MT=Fixed	NT=Trypsin;AC=MS:1001251	NT=collision-induced dissociation;AC=MS:1000133	dithiothreitol (dtt)	iodoacetamide (iaa)	1	1	20220602_PIETILAINEN_SEC_GP_73_TOFMRM.raw.zip	ftp://ftp.pride.ebi.ac.uk/pride/data/archive/2025/05/PXD041584/20220602_PIETILAINEN_SEC_GP_73_TOFMRM.raw.zip	v1.1.0	NT=ms-proteomics;VV=v1.1.0	manual curation	stem
20220602_PIETILAINEN_SEC_GP_89_TOFMRM.raw.zip	homo sapiens	stem	not applicable	obesity	1	20220602_PIETILAINEN_SEC_GP_89_TOFMRM.raw.zip	proteomic profiling by mass spectrometry	NT=Data-dependent acquisition;AC=PRIDE:0000627	NT=label free sample;AC=MS:1002038	NT=synapt ms;AC=MS:1001782	NT=Carbamidomethyl;AC=UNIMOD:4;TA=C;MT=Fixed	NT=Trypsin;AC=MS:1001251	NT=collision-induced dissociation;AC=MS:1000133	dithiothreitol (dtt)	iodoacetamide (iaa)	1	1	20220602_PIETILAINEN_SEC_GP_89_TOFMRM.raw.zip	ftp://ftp.pride.ebi.ac.uk/pride/data/archive/2025/05/PXD041584/20220602_PIETILAINEN_SEC_GP_89_TOFMRM.raw.zip	v1.1.0	NT=ms-proteomics;VV=v1.1.0	manual curation	stem
20220602_PIETILAINEN_SEC_GP_73_RULE2.raw.zip	homo sapiens	stem	not applicable	obesity	1	20220602_PIETILAINEN_SEC_GP_73_RULE2.raw.zip	proteomic profiling by mass spectrometry	NT=Data-dependent acquisition;AC=PRIDE:0000627	NT=label free sample;AC=MS:1002038	NT=synapt ms;AC=MS:1001782	NT=Carbamidomethyl;AC=UNIMOD:4;TA=C;MT=Fixed	NT=Trypsin;AC=MS:1001251	NT=collision-induced dissociation;AC=MS:1000133	dithiothreitol (dtt)	iodoacetamide (iaa)	1	1	20220602_PIETILAINEN_SEC_GP_73_RULE2.raw.zip	ftp://ftp.pride.ebi.ac.uk/pride/data/archive/2025/05/PXD041584/20220602_PIETILAINEN_SEC_GP_73_RULE2.raw.zip	v1.1.0	NT=ms-proteomics;VV=v1.1.0	manual curation	stem
20220207_GP_SEC_PIETILAINEN_73.raw.zip	homo sapiens	stem	not applicable	obesity	1	20220207_GP_SEC_PIETILAINEN_73.raw.zip	proteomic profiling by mass spectrometry	NT=Data-dependent acquisition;AC=PRIDE:0000627	NT=label free sample;AC=MS:1002038	NT=synapt ms;AC=MS:1001782	NT=Carbamidomethyl;AC=UNIMOD:4;TA=C;MT=Fixed	NT=Trypsin;AC=MS:1001251	NT=collision-induced dissociation;AC=MS:1000133	dithiothreitol (dtt)	iodoacetamide (iaa)	1	1	20220207_GP_SEC_PIETILAINEN_73.raw.zip	ftp://ftp.pride.ebi.ac.uk/pride/data/archive/2025/05/PXD041584/20220207_GP_SEC_PIETILAINEN_73.raw.zip	v1.1.0	NT=ms-proteomics;VV=v1.1.0	manual curation	stem
20220207_GP_SEC_PIETILAINEN_117.raw.zip	homo sapiens	stem	not applicable	obesity	1	20220207_GP_SEC_PIETILAINEN_117.raw.zip	proteomic profiling by mass spectrometry	NT=Data-dependent acquisition;AC=PRIDE:0000627	NT=label free sample;AC=MS:1002038	NT=synapt ms;AC=MS:1001782	NT=Carbamidomethyl;AC=UNIMOD:4;TA=C;MT=Fixed	NT=Trypsin;AC=MS:1001251	NT=collision-induced dissociation;AC=MS:1000133	dithiothreitol (dtt)	iodoacetamide (iaa)	1	1	20220207_GP_SEC_PIETILAINEN_117.raw.zip	ftp://ftp.pride.ebi.ac.uk/pride/data/archive/2025/05/PXD041584/20220207_GP_SEC_PIETILAINEN_117.raw.zip	v1.1.0	NT=ms-proteomics;VV=v1.1.0	manual curation	stem
20220207_GP_SEC_PIETILAINEN_28.raw.zip	homo sapiens	stem	not applicable	obesity	1	20220207_GP_SEC_PIETILAINEN_28.raw.zip	proteomic profiling by mass spectrometry	NT=Data-dependent acquisition;AC=PRIDE:0000627	NT=label free sample;AC=MS:1002038	NT=synapt ms;AC=MS:1001782	NT=Carbamidomethyl;AC=UNIMOD:4;TA=C;MT=Fixed	NT=Trypsin;AC=MS:1001251	NT=collision-induced dissociation;AC=MS:1000133	dithiothreitol (dtt)	iodoacetamide (iaa)	1	1	20220207_GP_SEC_PIETILAINEN_28.raw.zip	ftp://ftp.pride.ebi.ac.uk/pride/data/archive/2025/05/PXD041584/20220207_GP_SEC_PIETILAINEN_28.raw.zip	v1.1.0	NT=ms-proteomics;VV=v1.1.0	manual curation	stem
20220602_PIETILAINEN_SEC_GP_17_RULE1.raw.zip	homo sapiens	stem	not applicable	obesity	1	20220602_PIETILAINEN_SEC_GP_17_RULE1.raw.zip	proteomic profiling by mass spectrometry	NT=Data-dependent acquisition;AC=PRIDE:0000627	NT=label free sample;AC=MS:1002038	NT=synapt ms;AC=MS:1001782	NT=Carbamidomethyl;AC=UNIMOD:4;TA=C;MT=Fixed	NT=Trypsin;AC=MS:1001251	NT=collision-induced dissociation;AC=MS:1000133	dithiothreitol (dtt)	iodoacetamide (iaa)	1	1	20220602_PIETILAINEN_SEC_GP_17_RULE1.raw.zip	ftp://ftp.pride.ebi.ac.uk/pride/data/archive/2025/05/PXD041584/20220602_PIETILAINEN_SEC_GP_17_RULE1.raw.zip	v1.1.0	NT=ms-proteomics;VV=v1.1.0	manual curation	stem
20220602_PIETILAINEN_SEC_GP_18_TOFMRM.raw.zip	homo sapiens	stem	not applicable	obesity	1	20220602_PIETILAINEN_SEC_GP_18_TOFMRM.raw.zip	proteomic profiling by mass spectrometry	NT=Data-dependent acquisition;AC=PRIDE:0000627	NT=label free sample;AC=MS:1002038	NT=synapt ms;AC=MS:1001782	NT=Carbamidomethyl;AC=UNIMOD:4;TA=C;MT=Fixed	NT=Trypsin;AC=MS:1001251	NT=collision-induced dissociation;AC=MS:1000133	dithiothreitol (dtt)	iodoacetamide (iaa)	1	1	20220602_PIETILAINEN_SEC_GP_18_TOFMRM.raw.zip	ftp://ftp.pride.ebi.ac.uk/pride/data/archive/2025/05/PXD041584/20220602_PIETILAINEN_SEC_GP_18_TOFMRM.raw.zip	v1.1.0	NT=ms-proteomics;VV=v1.1.0	manual curation	stem
20220602_PIETILAINEN_SEC_GP_34_RULE1.raw.zip	homo sapiens	stem	not applicable	obesity	1	20220602_PIETILAINEN_SEC_GP_34_RULE1.raw.zip	proteomic profiling by mass spectrometry	NT=Data-dependent acquisition;AC=PRIDE:0000627	NT=label free sample;AC=MS:1002038	NT=synapt ms;AC=MS:1001782	NT=Carbamidomethyl;AC=UNIMOD:4;TA=C;MT=Fixed	NT=Trypsin;AC=MS:1001251	NT=collision-induced dissociation;AC=MS:1000133	dithiothreitol (dtt)	iodoacetamide (iaa)	1	1	20220602_PIETILAINEN_SEC_GP_34_RULE1.raw.zip	ftp://ftp.pride.ebi.ac.uk/pride/data/archive/2025/05/PXD041584/20220602_PIETILAINEN_SEC_GP_34_RULE1.raw.zip	v1.1.0	NT=ms-proteomics;VV=v1.1.0	manual curation	stem
20220602_PIETILAINEN_SEC_GP_80_RULE2.raw.zip	homo sapiens	stem	not applicable	obesity	1	20220602_PIETILAINEN_SEC_GP_80_RULE2.raw.zip	proteomic profiling by mass spectrometry	NT=Data-dependent acquisition;AC=PRIDE:0000627	NT=label free sample;AC=MS:1002038	NT=synapt ms;AC=MS:1001782	NT=Carbamidomethyl;AC=UNIMOD:4;TA=C;MT=Fixed	NT=Trypsin;AC=MS:1001251	NT=collision-induced dissociation;AC=MS:1000133	dithiothreitol (dtt)	iodoacetamide (iaa)	1	1	20220602_PIETILAINEN_SEC_GP_80_RULE2.raw.zip	ftp://ftp.pride.ebi.ac.uk/pride/data/archive/2025/05/PXD041584/20220602_PIETILAINEN_SEC_GP_80_RULE2.raw.zip	v1.1.0	NT=ms-proteomics;VV=v1.1.0	manual curation	stem
20220602_PIETILAINEN_SEC_GP_22_RULE2.raw.zip	homo sapiens	stem	not applicable	obesity	1	20220602_PIETILAINEN_SEC_GP_22_RULE2.raw.zip	proteomic profiling by mass spectrometry	NT=Data-dependent acquisition;AC=PRIDE:0000627	NT=label free sample;AC=MS:1002038	NT=synapt ms;AC=MS:1001782	NT=Carbamidomethyl;AC=UNIMOD:4;TA=C;MT=Fixed	NT=Trypsin;AC=MS:1001251	NT=collision-induced dissociation;AC=MS:1000133	dithiothreitol (dtt)	iodoacetamide (iaa)	1	1	20220602_PIETILAINEN_SEC_GP_22_RULE2.raw.zip	ftp://ftp.pride.ebi.ac.uk/pride/data/archive/2025/05/PXD041584/20220602_PIETILAINEN_SEC_GP_22_RULE2.raw.zip	v1.1.0	NT=ms-proteomics;VV=v1.1.0	manual curation	stem
20220602_PIETILAINEN_SEC_GP_29_RULE2.raw.zip	homo sapiens	stem	not applicable	obesity	1	20220602_PIETILAINEN_SEC_GP_29_RULE2.raw.zip	proteomic profiling by mass spectrometry	NT=Data-dependent acquisition;AC=PRIDE:0000627	NT=label free sample;AC=MS:1002038	NT=synapt ms;AC=MS:1001782	NT=Carbamidomethyl;AC=UNIMOD:4;TA=C;MT=Fixed	NT=Trypsin;AC=MS:1001251	NT=collision-induced dissociation;AC=MS:1000133	dithiothreitol (dtt)	iodoacetamide (iaa)	1	1	20220602_PIETILAINEN_SEC_GP_29_RULE2.raw.zip	ftp://ftp.pride.ebi.ac.uk/pride/data/archive/2025/05/PXD041584/20220602_PIETILAINEN_SEC_GP_29_RULE2.raw.zip	v1.1.0	NT=ms-proteomics;VV=v1.1.0	manual curation	stem
20220207_GP_SEC_PIETILAINEN_111.raw.zip	homo sapiens	stem	not applicable	obesity	1	20220207_GP_SEC_PIETILAINEN_111.raw.zip	proteomic profiling by mass spectrometry	NT=Data-dependent acquisition;AC=PRIDE:0000627	NT=label free sample;AC=MS:1002038	NT=synapt ms;AC=MS:1001782	NT=Carbamidomethyl;AC=UNIMOD:4;TA=C;MT=Fixed	NT=Trypsin;AC=MS:1001251	NT=collision-induced dissociation;AC=MS:1000133	dithiothreitol (dtt)	iodoacetamide (iaa)	1	1	20220207_GP_SEC_PIETILAINEN_111.raw.zip	ftp://ftp.pride.ebi.ac.uk/pride/data/archive/2025/05/PXD041584/20220207_GP_SEC_PIETILAINEN_111.raw.zip	v1.1.0	NT=ms-proteomics;VV=v1.1.0	manual curation	stem
20220602_PIETILAINEN_SEC_GP_87_RULE2.raw.zip	homo sapiens	stem	not applicable	obesity	1	20220602_PIETILAINEN_SEC_GP_87_RULE2.raw.zip	proteomic profiling by mass spectrometry	NT=Data-dependent acquisition;AC=PRIDE:0000627	NT=label free sample;AC=MS:1002038	NT=synapt ms;AC=MS:1001782	NT=Carbamidomethyl;AC=UNIMOD:4;TA=C;MT=Fixed	NT=Trypsin;AC=MS:1001251	NT=collision-induced dissociation;AC=MS:1000133	dithiothreitol (dtt)	iodoacetamide (iaa)	1	1	20220602_PIETILAINEN_SEC_GP_87_RULE2.raw.zip	ftp://ftp.pride.ebi.ac.uk/pride/data/archive/2025/05/PXD041584/20220602_PIETILAINEN_SEC_GP_87_RULE2.raw.zip	v1.1.0	NT=ms-proteomics;VV=v1.1.0	manual curation	stem
20220602_PIETILAINEN_SEC_GP_46_RULE2.raw.zip	homo sapiens	stem	not applicable	obesity	1	20220602_PIETILAINEN_SEC_GP_46_RULE2.raw.zip	proteomic profiling by mass spectrometry	NT=Data-dependent acquisition;AC=PRIDE:0000627	NT=label free sample;AC=MS:1002038	NT=synapt ms;AC=MS:1001782	NT=Carbamidomethyl;AC=UNIMOD:4;TA=C;MT=Fixed	NT=Trypsin;AC=MS:1001251	NT=collision-induced dissociation;AC=MS:1000133	dithiothreitol (dtt)	iodoacetamide (iaa)	1	1	20220602_PIETILAINEN_SEC_GP_46_RULE2.raw.zip	ftp://ftp.pride.ebi.ac.uk/pride/data/archive/2025/05/PXD041584/20220602_PIETILAINEN_SEC_GP_46_RULE2.raw.zip	v1.1.0	NT=ms-proteomics;VV=v1.1.0	manual curation	stem
20220207_GP_SEC_PIETILAINEN_131.raw.zip	homo sapiens	stem	not applicable	obesity	1	20220207_GP_SEC_PIETILAINEN_131.raw.zip	proteomic profiling by mass spectrometry	NT=Data-dependent acquisition;AC=PRIDE:0000627	NT=label free sample;AC=MS:1002038	NT=synapt ms;AC=MS:1001782	NT=Carbamidomethyl;AC=UNIMOD:4;TA=C;MT=Fixed	NT=Trypsin;AC=MS:1001251	NT=collision-induced dissociation;AC=MS:1000133	dithiothreitol (dtt)	iodoacetamide (iaa)	1	1	20220207_GP_SEC_PIETILAINEN_131.raw.zip	ftp://ftp.pride.ebi.ac.uk/pride/data/archive/2025/05/PXD041584/20220207_GP_SEC_PIETILAINEN_131.raw.zip	v1.1.0	NT=ms-proteomics;VV=v1.1.0	manual curation	stem
20220602_PIETILAINEN_SEC_GP_92_TOFMRM.raw.zip	homo sapiens	stem	not applicable	obesity	1	20220602_PIETILAINEN_SEC_GP_92_TOFMRM.raw.zip	proteomic profiling by mass spectrometry	NT=Data-dependent acquisition;AC=PRIDE:0000627	NT=label free sample;AC=MS:1002038	NT=synapt ms;AC=MS:1001782	NT=Carbamidomethyl;AC=UNIMOD:4;TA=C;MT=Fixed	NT=Trypsin;AC=MS:1001251	NT=collision-induced dissociation;AC=MS:1000133	dithiothreitol (dtt)	iodoacetamide (iaa)	1	1	20220602_PIETILAINEN_SEC_GP_92_TOFMRM.raw.zip	ftp://ftp.pride.ebi.ac.uk/pride/data/archive/2025/05/PXD041584/20220602_PIETILAINEN_SEC_GP_92_TOFMRM.raw.zip	v1.1.0	NT=ms-proteomics;VV=v1.1.0	manual curation	stem
20220602_PIETILAINEN_SEC_GP_72_RULE1.raw.zip	homo sapiens	stem	not applicable	obesity	1	20220602_PIETILAINEN_SEC_GP_72_RULE1.raw.zip	proteomic profiling by mass spectrometry	NT=Data-dependent acquisition;AC=PRIDE:0000627	NT=label free sample;AC=MS:1002038	NT=synapt ms;AC=MS:1001782	NT=Carbamidomethyl;AC=UNIMOD:4;TA=C;MT=Fixed	NT=Trypsin;AC=MS:1001251	NT=collision-induced dissociation;AC=MS:1000133	dithiothreitol (dtt)	iodoacetamide (iaa)	1	1	20220602_PIETILAINEN_SEC_GP_72_RULE1.raw.zip	ftp://ftp.pride.ebi.ac.uk/pride/data/archive/2025/05/PXD041584/20220602_PIETILAINEN_SEC_GP_72_RULE1.raw.zip	v1.1.0	NT=ms-proteomics;VV=v1.1.0	manual curation	stem
20220602_PIETILAINEN_SEC_GP_06_RULE1.raw.zip	homo sapiens	stem	not applicable	obesity	1	20220602_PIETILAINEN_SEC_GP_06_RULE1.raw.zip	proteomic profiling by mass spectrometry	NT=Data-dependent acquisition;AC=PRIDE:0000627	NT=label free sample;AC=MS:1002038	NT=synapt ms;AC=MS:1001782	NT=Carbamidomethyl;AC=UNIMOD:4;TA=C;MT=Fixed	NT=Trypsin;AC=MS:1001251	NT=collision-induced dissociation;AC=MS:1000133	dithiothreitol (dtt)	iodoacetamide (iaa)	1	1	20220602_PIETILAINEN_SEC_GP_06_RULE1.raw.zip	ftp://ftp.pride.ebi.ac.uk/pride/data/archive/2025/05/PXD041584/20220602_PIETILAINEN_SEC_GP_06_RULE1.raw.zip	v1.1.0	NT=ms-proteomics;VV=v1.1.0	manual curation	stem
20220602_PIETILAINEN_SEC_GP_68_TOFMRM.raw.zip	homo sapiens	stem	not applicable	obesity	1	20220602_PIETILAINEN_SEC_GP_68_TOFMRM.raw.zip	proteomic profiling by mass spectrometry	NT=Data-dependent acquisition;AC=PRIDE:0000627	NT=label free sample;AC=MS:1002038	NT=synapt ms;AC=MS:1001782	NT=Carbamidomethyl;AC=UNIMOD:4;TA=C;MT=Fixed	NT=Trypsin;AC=MS:1001251	NT=collision-induced dissociation;AC=MS:1000133	dithiothreitol (dtt)	iodoacetamide (iaa)	1	1	20220602_PIETILAINEN_SEC_GP_68_TOFMRM.raw.zip	ftp://ftp.pride.ebi.ac.uk/pride/data/archive/2025/05/PXD041584/20220602_PIETILAINEN_SEC_GP_68_TOFMRM.raw.zip	v1.1.0	NT=ms-proteomics;VV=v1.1.0	manual curation	stem
20220602_PIETILAINEN_SEC_GP_50_RULE2.raw.zip	homo sapiens	stem	not applicable	obesity	1	20220602_PIETILAINEN_SEC_GP_50_RULE2.raw.zip	proteomic profiling by mass spectrometry	NT=Data-dependent acquisition;AC=PRIDE:0000627	NT=label free sample;AC=MS:1002038	NT=synapt ms;AC=MS:1001782	NT=Carbamidomethyl;AC=UNIMOD:4;TA=C;MT=Fixed	NT=Trypsin;AC=MS:1001251	NT=collision-induced dissociation;AC=MS:1000133	dithiothreitol (dtt)	iodoacetamide (iaa)	1	1	20220602_PIETILAINEN_SEC_GP_50_RULE2.raw.zip	ftp://ftp.pride.ebi.ac.uk/pride/data/archive/2025/05/PXD041584/20220602_PIETILAINEN_SEC_GP_50_RULE2.raw.zip	v1.1.0	NT=ms-proteomics;VV=v1.1.0	manual curation	stem
20220602_PIETILAINEN_SEC_GP_67_TOFMRM.raw.zip	homo sapiens	stem	not applicable	obesity	1	20220602_PIETILAINEN_SEC_GP_67_TOFMRM.raw.zip	proteomic profiling by mass spectrometry	NT=Data-dependent acquisition;AC=PRIDE:0000627	NT=label free sample;AC=MS:1002038	NT=synapt ms;AC=MS:1001782	NT=Carbamidomethyl;AC=UNIMOD:4;TA=C;MT=Fixed	NT=Trypsin;AC=MS:1001251	NT=collision-induced dissociation;AC=MS:1000133	dithiothreitol (dtt)	iodoacetamide (iaa)	1	1	20220602_PIETILAINEN_SEC_GP_67_TOFMRM.raw.zip	ftp://ftp.pride.ebi.ac.uk/pride/data/archive/2025/05/PXD041584/20220602_PIETILAINEN_SEC_GP_67_TOFMRM.raw.zip	v1.1.0	NT=ms-proteomics;VV=v1.1.0	manual curation	stem
20220602_PIETILAINEN_SEC_GP_06_RULE2.raw.zip	homo sapiens	stem	not applicable	obesity	1	20220602_PIETILAINEN_SEC_GP_06_RULE2.raw.zip	proteomic profiling by mass spectrometry	NT=Data-dependent acquisition;AC=PRIDE:0000627	NT=label free sample;AC=MS:1002038	NT=synapt ms;AC=MS:1001782	NT=Carbamidomethyl;AC=UNIMOD:4;TA=C;MT=Fixed	NT=Trypsin;AC=MS:1001251	NT=collision-induced dissociation;AC=MS:1000133	dithiothreitol (dtt)	iodoacetamide (iaa)	1	1	20220602_PIETILAINEN_SEC_GP_06_RULE2.raw.zip	ftp://ftp.pride.ebi.ac.uk/pride/data/archive/2025/05/PXD041584/20220602_PIETILAINEN_SEC_GP_06_RULE2.raw.zip	v1.1.0	NT=ms-proteomics;VV=v1.1.0	manual curation	stem
20220602_PIETILAINEN_SEC_GP_34_RULE2.raw.zip	homo sapiens	stem	not applicable	obesity	1	20220602_PIETILAINEN_SEC_GP_34_RULE2.raw.zip	proteomic profiling by mass spectrometry	NT=Data-dependent acquisition;AC=PRIDE:0000627	NT=label free sample;AC=MS:1002038	NT=synapt ms;AC=MS:1001782	NT=Carbamidomethyl;AC=UNIMOD:4;TA=C;MT=Fixed	NT=Trypsin;AC=MS:1001251	NT=collision-induced dissociation;AC=MS:1000133	dithiothreitol (dtt)	iodoacetamide (iaa)	1	1	20220602_PIETILAINEN_SEC_GP_34_RULE2.raw.zip	ftp://ftp.pride.ebi.ac.uk/pride/data/archive/2025/05/PXD041584/20220602_PIETILAINEN_SEC_GP_34_RULE2.raw.zip	v1.1.0	NT=ms-proteomics;VV=v1.1.0	manual curation	stem
20220602_PIETILAINEN_SEC_GP_21_TOFMRM.raw.zip	homo sapiens	stem	not applicable	obesity	1	20220602_PIETILAINEN_SEC_GP_21_TOFMRM.raw.zip	proteomic profiling by mass spectrometry	NT=Data-dependent acquisition;AC=PRIDE:0000627	NT=label free sample;AC=MS:1002038	NT=synapt ms;AC=MS:1001782	NT=Carbamidomethyl;AC=UNIMOD:4;TA=C;MT=Fixed	NT=Trypsin;AC=MS:1001251	NT=collision-induced dissociation;AC=MS:1000133	dithiothreitol (dtt)	iodoacetamide (iaa)	1	1	20220602_PIETILAINEN_SEC_GP_21_TOFMRM.raw.zip	ftp://ftp.pride.ebi.ac.uk/pride/data/archive/2025/05/PXD041584/20220602_PIETILAINEN_SEC_GP_21_TOFMRM.raw.zip	v1.1.0	NT=ms-proteomics;VV=v1.1.0	manual curation	stem
20220602_PIETILAINEN_SEC_GP_95_RULE1.raw.zip	homo sapiens	stem	not applicable	obesity	1	20220602_PIETILAINEN_SEC_GP_95_RULE1.raw.zip	proteomic profiling by mass spectrometry	NT=Data-dependent acquisition;AC=PRIDE:0000627	NT=label free sample;AC=MS:1002038	NT=synapt ms;AC=MS:1001782	NT=Carbamidomethyl;AC=UNIMOD:4;TA=C;MT=Fixed	NT=Trypsin;AC=MS:1001251	NT=collision-induced dissociation;AC=MS:1000133	dithiothreitol (dtt)	iodoacetamide (iaa)	1	1	20220602_PIETILAINEN_SEC_GP_95_RULE1.raw.zip	ftp://ftp.pride.ebi.ac.uk/pride/data/archive/2025/05/PXD041584/20220602_PIETILAINEN_SEC_GP_95_RULE1.raw.zip	v1.1.0	NT=ms-proteomics;VV=v1.1.0	manual curation	stem
20220602_PIETILAINEN_SEC_GP_110_RULE2.raw.zip	homo sapiens	stem	not applicable	obesity	1	20220602_PIETILAINEN_SEC_GP_110_RULE2.raw.zip	proteomic profiling by mass spectrometry	NT=Data-dependent acquisition;AC=PRIDE:0000627	NT=label free sample;AC=MS:1002038	NT=synapt ms;AC=MS:1001782	NT=Carbamidomethyl;AC=UNIMOD:4;TA=C;MT=Fixed	NT=Trypsin;AC=MS:1001251	NT=collision-induced dissociation;AC=MS:1000133	dithiothreitol (dtt)	iodoacetamide (iaa)	1	1	20220602_PIETILAINEN_SEC_GP_110_RULE2.raw.zip	ftp://ftp.pride.ebi.ac.uk/pride/data/archive/2025/05/PXD041584/20220602_PIETILAINEN_SEC_GP_110_RULE2.raw.zip	v1.1.0	NT=ms-proteomics;VV=v1.1.0	manual curation	stem
20220602_PIETILAINEN_SEC_GP_62_TOFMRM.raw.zip	homo sapiens	stem	not applicable	obesity	1	20220602_PIETILAINEN_SEC_GP_62_TOFMRM.raw.zip	proteomic profiling by mass spectrometry	NT=Data-dependent acquisition;AC=PRIDE:0000627	NT=label free sample;AC=MS:1002038	NT=synapt ms;AC=MS:1001782	NT=Carbamidomethyl;AC=UNIMOD:4;TA=C;MT=Fixed	NT=Trypsin;AC=MS:1001251	NT=collision-induced dissociation;AC=MS:1000133	dithiothreitol (dtt)	iodoacetamide (iaa)	1	1	20220602_PIETILAINEN_SEC_GP_62_TOFMRM.raw.zip	ftp://ftp.pride.ebi.ac.uk/pride/data/archive/2025/05/PXD041584/20220602_PIETILAINEN_SEC_GP_62_TOFMRM.raw.zip	v1.1.0	NT=ms-proteomics;VV=v1.1.0	manual curation	stem
20220602_PIETILAINEN_SEC_GP_64_RULE1.raw.zip	homo sapiens	stem	not applicable	obesity	1	20220602_PIETILAINEN_SEC_GP_64_RULE1.raw.zip	proteomic profiling by mass spectrometry	NT=Data-dependent acquisition;AC=PRIDE:0000627	NT=label free sample;AC=MS:1002038	NT=synapt ms;AC=MS:1001782	NT=Carbamidomethyl;AC=UNIMOD:4;TA=C;MT=Fixed	NT=Trypsin;AC=MS:1001251	NT=collision-induced dissociation;AC=MS:1000133	dithiothreitol (dtt)	iodoacetamide (iaa)	1	1	20220602_PIETILAINEN_SEC_GP_64_RULE1.raw.zip	ftp://ftp.pride.ebi.ac.uk/pride/data/archive/2025/05/PXD041584/20220602_PIETILAINEN_SEC_GP_64_RULE1.raw.zip	v1.1.0	NT=ms-proteomics;VV=v1.1.0	manual curation	stem
20220602_PIETILAINEN_SEC_GP_100_TOFMRM.raw.zip	homo sapiens	stem	not applicable	obesity	1	20220602_PIETILAINEN_SEC_GP_100_TOFMRM.raw.zip	proteomic profiling by mass spectrometry	NT=Data-dependent acquisition;AC=PRIDE:0000627	NT=label free sample;AC=MS:1002038	NT=synapt ms;AC=MS:1001782	NT=Carbamidomethyl;AC=UNIMOD:4;TA=C;MT=Fixed	NT=Trypsin;AC=MS:1001251	NT=collision-induced dissociation;AC=MS:1000133	dithiothreitol (dtt)	iodoacetamide (iaa)	1	1	20220602_PIETILAINEN_SEC_GP_100_TOFMRM.raw.zip	ftp://ftp.pride.ebi.ac.uk/pride/data/archive/2025/05/PXD041584/20220602_PIETILAINEN_SEC_GP_100_TOFMRM.raw.zip	v1.1.0	NT=ms-proteomics;VV=v1.1.0	manual curation	stem
20220207_GP_SEC_PIETILAINEN_23.raw.zip	homo sapiens	stem	not applicable	obesity	1	20220207_GP_SEC_PIETILAINEN_23.raw.zip	proteomic profiling by mass spectrometry	NT=Data-dependent acquisition;AC=PRIDE:0000627	NT=label free sample;AC=MS:1002038	NT=synapt ms;AC=MS:1001782	NT=Carbamidomethyl;AC=UNIMOD:4;TA=C;MT=Fixed	NT=Trypsin;AC=MS:1001251	NT=collision-induced dissociation;AC=MS:1000133	dithiothreitol (dtt)	iodoacetamide (iaa)	1	1	20220207_GP_SEC_PIETILAINEN_23.raw.zip	ftp://ftp.pride.ebi.ac.uk/pride/data/archive/2025/05/PXD041584/20220207_GP_SEC_PIETILAINEN_23.raw.zip	v1.1.0	NT=ms-proteomics;VV=v1.1.0	manual curation	stem
20220602_PIETILAINEN_SEC_GP_91_RULE1.raw.zip	homo sapiens	stem	not applicable	obesity	1	20220602_PIETILAINEN_SEC_GP_91_RULE1.raw.zip	proteomic profiling by mass spectrometry	NT=Data-dependent acquisition;AC=PRIDE:0000627	NT=label free sample;AC=MS:1002038	NT=synapt ms;AC=MS:1001782	NT=Carbamidomethyl;AC=UNIMOD:4;TA=C;MT=Fixed	NT=Trypsin;AC=MS:1001251	NT=collision-induced dissociation;AC=MS:1000133	dithiothreitol (dtt)	iodoacetamide (iaa)	1	1	20220602_PIETILAINEN_SEC_GP_91_RULE1.raw.zip	ftp://ftp.pride.ebi.ac.uk/pride/data/archive/2025/05/PXD041584/20220602_PIETILAINEN_SEC_GP_91_RULE1.raw.zip	v1.1.0	NT=ms-proteomics;VV=v1.1.0	manual curation	stem
20220602_PIETILAINEN_SEC_GP_69_TOFMRM.raw.zip	homo sapiens	stem	not applicable	obesity	1	20220602_PIETILAINEN_SEC_GP_69_TOFMRM.raw.zip	proteomic profiling by mass spectrometry	NT=Data-dependent acquisition;AC=PRIDE:0000627	NT=label free sample;AC=MS:1002038	NT=synapt ms;AC=MS:1001782	NT=Carbamidomethyl;AC=UNIMOD:4;TA=C;MT=Fixed	NT=Trypsin;AC=MS:1001251	NT=collision-induced dissociation;AC=MS:1000133	dithiothreitol (dtt)	iodoacetamide (iaa)	1	1	20220602_PIETILAINEN_SEC_GP_69_TOFMRM.raw.zip	ftp://ftp.pride.ebi.ac.uk/pride/data/archive/2025/05/PXD041584/20220602_PIETILAINEN_SEC_GP_69_TOFMRM.raw.zip	v1.1.0	NT=ms-proteomics;VV=v1.1.0	manual curation	stem
20220602_PIETILAINEN_SEC_GP_58_TOFMRMb.raw.zip	homo sapiens	stem	not applicable	obesity	1	20220602_PIETILAINEN_SEC_GP_58_TOFMRMb.raw.zip	proteomic profiling by mass spectrometry	NT=Data-dependent acquisition;AC=PRIDE:0000627	NT=label free sample;AC=MS:1002038	NT=synapt ms;AC=MS:1001782	NT=Carbamidomethyl;AC=UNIMOD:4;TA=C;MT=Fixed	NT=Trypsin;AC=MS:1001251	NT=collision-induced dissociation;AC=MS:1000133	dithiothreitol (dtt)	iodoacetamide (iaa)	1	1	20220602_PIETILAINEN_SEC_GP_58_TOFMRMb.raw.zip	ftp://ftp.pride.ebi.ac.uk/pride/data/archive/2025/05/PXD041584/20220602_PIETILAINEN_SEC_GP_58_TOFMRMb.raw.zip	v1.1.0	NT=ms-proteomics;VV=v1.1.0	manual curation	stem
20220602_PIETILAINEN_SEC_GP_23_TOFMRM.raw.zip	homo sapiens	stem	not applicable	obesity	1	20220602_PIETILAINEN_SEC_GP_23_TOFMRM.raw.zip	proteomic profiling by mass spectrometry	NT=Data-dependent acquisition;AC=PRIDE:0000627	NT=label free sample;AC=MS:1002038	NT=synapt ms;AC=MS:1001782	NT=Carbamidomethyl;AC=UNIMOD:4;TA=C;MT=Fixed	NT=Trypsin;AC=MS:1001251	NT=collision-induced dissociation;AC=MS:1000133	dithiothreitol (dtt)	iodoacetamide (iaa)	1	1	20220602_PIETILAINEN_SEC_GP_23_TOFMRM.raw.zip	ftp://ftp.pride.ebi.ac.uk/pride/data/archive/2025/05/PXD041584/20220602_PIETILAINEN_SEC_GP_23_TOFMRM.raw.zip	v1.1.0	NT=ms-proteomics;VV=v1.1.0	manual curation	stem
20220207_GP_SEC_PIETILAINEN_137.raw.zip	homo sapiens	stem	not applicable	obesity	1	20220207_GP_SEC_PIETILAINEN_137.raw.zip	proteomic profiling by mass spectrometry	NT=Data-dependent acquisition;AC=PRIDE:0000627	NT=label free sample;AC=MS:1002038	NT=synapt ms;AC=MS:1001782	NT=Carbamidomethyl;AC=UNIMOD:4;TA=C;MT=Fixed	NT=Trypsin;AC=MS:1001251	NT=collision-induced dissociation;AC=MS:1000133	dithiothreitol (dtt)	iodoacetamide (iaa)	1	1	20220207_GP_SEC_PIETILAINEN_137.raw.zip	ftp://ftp.pride.ebi.ac.uk/pride/data/archive/2025/05/PXD041584/20220207_GP_SEC_PIETILAINEN_137.raw.zip	v1.1.0	NT=ms-proteomics;VV=v1.1.0	manual curation	stem
20220207_GP_SEC_PIETILAINEN_86.raw.zip	homo sapiens	stem	not applicable	obesity	1	20220207_GP_SEC_PIETILAINEN_86.raw.zip	proteomic profiling by mass spectrometry	NT=Data-dependent acquisition;AC=PRIDE:0000627	NT=label free sample;AC=MS:1002038	NT=synapt ms;AC=MS:1001782	NT=Carbamidomethyl;AC=UNIMOD:4;TA=C;MT=Fixed	NT=Trypsin;AC=MS:1001251	NT=collision-induced dissociation;AC=MS:1000133	dithiothreitol (dtt)	iodoacetamide (iaa)	1	1	20220207_GP_SEC_PIETILAINEN_86.raw.zip	ftp://ftp.pride.ebi.ac.uk/pride/data/archive/2025/05/PXD041584/20220207_GP_SEC_PIETILAINEN_86.raw.zip	v1.1.0	NT=ms-proteomics;VV=v1.1.0	manual curation	stem
20220602_PIETILAINEN_SEC_GP_91_TOFMRM.raw.zip	homo sapiens	stem	not applicable	obesity	1	20220602_PIETILAINEN_SEC_GP_91_TOFMRM.raw.zip	proteomic profiling by mass spectrometry	NT=Data-dependent acquisition;AC=PRIDE:0000627	NT=label free sample;AC=MS:1002038	NT=synapt ms;AC=MS:1001782	NT=Carbamidomethyl;AC=UNIMOD:4;TA=C;MT=Fixed	NT=Trypsin;AC=MS:1001251	NT=collision-induced dissociation;AC=MS:1000133	dithiothreitol (dtt)	iodoacetamide (iaa)	1	1	20220602_PIETILAINEN_SEC_GP_91_TOFMRM.raw.zip	ftp://ftp.pride.ebi.ac.uk/pride/data/archive/2025/05/PXD041584/20220602_PIETILAINEN_SEC_GP_91_TOFMRM.raw.zip	v1.1.0	NT=ms-proteomics;VV=v1.1.0	manual curation	stem
20220602_PIETILAINEN_SEC_GP_92_RULE1.raw.zip	homo sapiens	stem	not applicable	obesity	1	20220602_PIETILAINEN_SEC_GP_92_RULE1.raw.zip	proteomic profiling by mass spectrometry	NT=Data-dependent acquisition;AC=PRIDE:0000627	NT=label free sample;AC=MS:1002038	NT=synapt ms;AC=MS:1001782	NT=Carbamidomethyl;AC=UNIMOD:4;TA=C;MT=Fixed	NT=Trypsin;AC=MS:1001251	NT=collision-induced dissociation;AC=MS:1000133	dithiothreitol (dtt)	iodoacetamide (iaa)	1	1	20220602_PIETILAINEN_SEC_GP_92_RULE1.raw.zip	ftp://ftp.pride.ebi.ac.uk/pride/data/archive/2025/05/PXD041584/20220602_PIETILAINEN_SEC_GP_92_RULE1.raw.zip	v1.1.0	NT=ms-proteomics;VV=v1.1.0	manual curation	stem
20220602_PIETILAINEN_SEC_GP_60_RULE1.raw.zip	homo sapiens	stem	not applicable	obesity	1	20220602_PIETILAINEN_SEC_GP_60_RULE1.raw.zip	proteomic profiling by mass spectrometry	NT=Data-dependent acquisition;AC=PRIDE:0000627	NT=label free sample;AC=MS:1002038	NT=synapt ms;AC=MS:1001782	NT=Carbamidomethyl;AC=UNIMOD:4;TA=C;MT=Fixed	NT=Trypsin;AC=MS:1001251	NT=collision-induced dissociation;AC=MS:1000133	dithiothreitol (dtt)	iodoacetamide (iaa)	1	1	20220602_PIETILAINEN_SEC_GP_60_RULE1.raw.zip	ftp://ftp.pride.ebi.ac.uk/pride/data/archive/2025/05/PXD041584/20220602_PIETILAINEN_SEC_GP_60_RULE1.raw.zip	v1.1.0	NT=ms-proteomics;VV=v1.1.0	manual curation	stem
20220602_PIETILAINEN_SEC_GP_41_RULE2.raw.zip	homo sapiens	stem	not applicable	obesity	1	20220602_PIETILAINEN_SEC_GP_41_RULE2.raw.zip	proteomic profiling by mass spectrometry	NT=Data-dependent acquisition;AC=PRIDE:0000627	NT=label free sample;AC=MS:1002038	NT=synapt ms;AC=MS:1001782	NT=Carbamidomethyl;AC=UNIMOD:4;TA=C;MT=Fixed	NT=Trypsin;AC=MS:1001251	NT=collision-induced dissociation;AC=MS:1000133	dithiothreitol (dtt)	iodoacetamide (iaa)	1	1	20220602_PIETILAINEN_SEC_GP_41_RULE2.raw.zip	ftp://ftp.pride.ebi.ac.uk/pride/data/archive/2025/05/PXD041584/20220602_PIETILAINEN_SEC_GP_41_RULE2.raw.zip	v1.1.0	NT=ms-proteomics;VV=v1.1.0	manual curation	stem
20220602_PIETILAINEN_SEC_GP_31_RULE1.raw.zip	homo sapiens	stem	not applicable	obesity	1	20220602_PIETILAINEN_SEC_GP_31_RULE1.raw.zip	proteomic profiling by mass spectrometry	NT=Data-dependent acquisition;AC=PRIDE:0000627	NT=label free sample;AC=MS:1002038	NT=synapt ms;AC=MS:1001782	NT=Carbamidomethyl;AC=UNIMOD:4;TA=C;MT=Fixed	NT=Trypsin;AC=MS:1001251	NT=collision-induced dissociation;AC=MS:1000133	dithiothreitol (dtt)	iodoacetamide (iaa)	1	1	20220602_PIETILAINEN_SEC_GP_31_RULE1.raw.zip	ftp://ftp.pride.ebi.ac.uk/pride/data/archive/2025/05/PXD041584/20220602_PIETILAINEN_SEC_GP_31_RULE1.raw.zip	v1.1.0	NT=ms-proteomics;VV=v1.1.0	manual curation	stem
20220602_PIETILAINEN_SEC_GP_38_RULE2.raw.zip	homo sapiens	stem	not applicable	obesity	1	20220602_PIETILAINEN_SEC_GP_38_RULE2.raw.zip	proteomic profiling by mass spectrometry	NT=Data-dependent acquisition;AC=PRIDE:0000627	NT=label free sample;AC=MS:1002038	NT=synapt ms;AC=MS:1001782	NT=Carbamidomethyl;AC=UNIMOD:4;TA=C;MT=Fixed	NT=Trypsin;AC=MS:1001251	NT=collision-induced dissociation;AC=MS:1000133	dithiothreitol (dtt)	iodoacetamide (iaa)	1	1	20220602_PIETILAINEN_SEC_GP_38_RULE2.raw.zip	ftp://ftp.pride.ebi.ac.uk/pride/data/archive/2025/05/PXD041584/20220602_PIETILAINEN_SEC_GP_38_RULE2.raw.zip	v1.1.0	NT=ms-proteomics;VV=v1.1.0	manual curation	stem
20220207_GP_SEC_PIETILAINEN_136.raw.zip	homo sapiens	stem	not applicable	obesity	1	20220207_GP_SEC_PIETILAINEN_136.raw.zip	proteomic profiling by mass spectrometry	NT=Data-dependent acquisition;AC=PRIDE:0000627	NT=label free sample;AC=MS:1002038	NT=synapt ms;AC=MS:1001782	NT=Carbamidomethyl;AC=UNIMOD:4;TA=C;MT=Fixed	NT=Trypsin;AC=MS:1001251	NT=collision-induced dissociation;AC=MS:1000133	dithiothreitol (dtt)	iodoacetamide (iaa)	1	1	20220207_GP_SEC_PIETILAINEN_136.raw.zip	ftp://ftp.pride.ebi.ac.uk/pride/data/archive/2025/05/PXD041584/20220207_GP_SEC_PIETILAINEN_136.raw.zip	v1.1.0	NT=ms-proteomics;VV=v1.1.0	manual curation	stem
20220602_PIETILAINEN_SEC_GP_43_TOFMRM.raw.zip	homo sapiens	stem	not applicable	obesity	1	20220602_PIETILAINEN_SEC_GP_43_TOFMRM.raw.zip	proteomic profiling by mass spectrometry	NT=Data-dependent acquisition;AC=PRIDE:0000627	NT=label free sample;AC=MS:1002038	NT=synapt ms;AC=MS:1001782	NT=Carbamidomethyl;AC=UNIMOD:4;TA=C;MT=Fixed	NT=Trypsin;AC=MS:1001251	NT=collision-induced dissociation;AC=MS:1000133	dithiothreitol (dtt)	iodoacetamide (iaa)	1	1	20220602_PIETILAINEN_SEC_GP_43_TOFMRM.raw.zip	ftp://ftp.pride.ebi.ac.uk/pride/data/archive/2025/05/PXD041584/20220602_PIETILAINEN_SEC_GP_43_TOFMRM.raw.zip	v1.1.0	NT=ms-proteomics;VV=v1.1.0	manual curation	stem
20220602_PIETILAINEN_SEC_GP_99_RULE2.raw.zip	homo sapiens	stem	not applicable	obesity	1	20220602_PIETILAINEN_SEC_GP_99_RULE2.raw.zip	proteomic profiling by mass spectrometry	NT=Data-dependent acquisition;AC=PRIDE:0000627	NT=label free sample;AC=MS:1002038	NT=synapt ms;AC=MS:1001782	NT=Carbamidomethyl;AC=UNIMOD:4;TA=C;MT=Fixed	NT=Trypsin;AC=MS:1001251	NT=collision-induced dissociation;AC=MS:1000133	dithiothreitol (dtt)	iodoacetamide (iaa)	1	1	20220602_PIETILAINEN_SEC_GP_99_RULE2.raw.zip	ftp://ftp.pride.ebi.ac.uk/pride/data/archive/2025/05/PXD041584/20220602_PIETILAINEN_SEC_GP_99_RULE2.raw.zip	v1.1.0	NT=ms-proteomics;VV=v1.1.0	manual curation	stem
20220602_PIETILAINEN_SEC_GP_04_TOFMRM.raw.zip	homo sapiens	stem	not applicable	obesity	1	20220602_PIETILAINEN_SEC_GP_04_TOFMRM.raw.zip	proteomic profiling by mass spectrometry	NT=Data-dependent acquisition;AC=PRIDE:0000627	NT=label free sample;AC=MS:1002038	NT=synapt ms;AC=MS:1001782	NT=Carbamidomethyl;AC=UNIMOD:4;TA=C;MT=Fixed	NT=Trypsin;AC=MS:1001251	NT=collision-induced dissociation;AC=MS:1000133	dithiothreitol (dtt)	iodoacetamide (iaa)	1	1	20220602_PIETILAINEN_SEC_GP_04_TOFMRM.raw.zip	ftp://ftp.pride.ebi.ac.uk/pride/data/archive/2025/05/PXD041584/20220602_PIETILAINEN_SEC_GP_04_TOFMRM.raw.zip	v1.1.0	NT=ms-proteomics;VV=v1.1.0	manual curation	stem
20220602_PIETILAINEN_SEC_GP_65_RULE2.raw.zip	homo sapiens	stem	not applicable	obesity	1	20220602_PIETILAINEN_SEC_GP_65_RULE2.raw.zip	proteomic profiling by mass spectrometry	NT=Data-dependent acquisition;AC=PRIDE:0000627	NT=label free sample;AC=MS:1002038	NT=synapt ms;AC=MS:1001782	NT=Carbamidomethyl;AC=UNIMOD:4;TA=C;MT=Fixed	NT=Trypsin;AC=MS:1001251	NT=collision-induced dissociation;AC=MS:1000133	dithiothreitol (dtt)	iodoacetamide (iaa)	1	1	20220602_PIETILAINEN_SEC_GP_65_RULE2.raw.zip	ftp://ftp.pride.ebi.ac.uk/pride/data/archive/2025/05/PXD041584/20220602_PIETILAINEN_SEC_GP_65_RULE2.raw.zip	v1.1.0	NT=ms-proteomics;VV=v1.1.0	manual curation	stem
20220602_PIETILAINEN_SEC_GP_44_TOFMRM.raw.zip	homo sapiens	stem	not applicable	obesity	1	20220602_PIETILAINEN_SEC_GP_44_TOFMRM.raw.zip	proteomic profiling by mass spectrometry	NT=Data-dependent acquisition;AC=PRIDE:0000627	NT=label free sample;AC=MS:1002038	NT=synapt ms;AC=MS:1001782	NT=Carbamidomethyl;AC=UNIMOD:4;TA=C;MT=Fixed	NT=Trypsin;AC=MS:1001251	NT=collision-induced dissociation;AC=MS:1000133	dithiothreitol (dtt)	iodoacetamide (iaa)	1	1	20220602_PIETILAINEN_SEC_GP_44_TOFMRM.raw.zip	ftp://ftp.pride.ebi.ac.uk/pride/data/archive/2025/05/PXD041584/20220602_PIETILAINEN_SEC_GP_44_TOFMRM.raw.zip	v1.1.0	NT=ms-proteomics;VV=v1.1.0	manual curation	stem
20220602_PIETILAINEN_SEC_GP_18_RULE2.raw.zip	homo sapiens	stem	not applicable	obesity	1	20220602_PIETILAINEN_SEC_GP_18_RULE2.raw.zip	proteomic profiling by mass spectrometry	NT=Data-dependent acquisition;AC=PRIDE:0000627	NT=label free sample;AC=MS:1002038	NT=synapt ms;AC=MS:1001782	NT=Carbamidomethyl;AC=UNIMOD:4;TA=C;MT=Fixed	NT=Trypsin;AC=MS:1001251	NT=collision-induced dissociation;AC=MS:1000133	dithiothreitol (dtt)	iodoacetamide (iaa)	1	1	20220602_PIETILAINEN_SEC_GP_18_RULE2.raw.zip	ftp://ftp.pride.ebi.ac.uk/pride/data/archive/2025/05/PXD041584/20220602_PIETILAINEN_SEC_GP_18_RULE2.raw.zip	v1.1.0	NT=ms-proteomics;VV=v1.1.0	manual curation	stem
20220602_PIETILAINEN_SEC_GP_33_TOFMRM.raw.zip	homo sapiens	stem	not applicable	obesity	1	20220602_PIETILAINEN_SEC_GP_33_TOFMRM.raw.zip	proteomic profiling by mass spectrometry	NT=Data-dependent acquisition;AC=PRIDE:0000627	NT=label free sample;AC=MS:1002038	NT=synapt ms;AC=MS:1001782	NT=Carbamidomethyl;AC=UNIMOD:4;TA=C;MT=Fixed	NT=Trypsin;AC=MS:1001251	NT=collision-induced dissociation;AC=MS:1000133	dithiothreitol (dtt)	iodoacetamide (iaa)	1	1	20220602_PIETILAINEN_SEC_GP_33_TOFMRM.raw.zip	ftp://ftp.pride.ebi.ac.uk/pride/data/archive/2025/05/PXD041584/20220602_PIETILAINEN_SEC_GP_33_TOFMRM.raw.zip	v1.1.0	NT=ms-proteomics;VV=v1.1.0	manual curation	stem
20220602_PIETILAINEN_SEC_GP_08_TOFMRM.raw.zip	homo sapiens	stem	not applicable	obesity	1	20220602_PIETILAINEN_SEC_GP_08_TOFMRM.raw.zip	proteomic profiling by mass spectrometry	NT=Data-dependent acquisition;AC=PRIDE:0000627	NT=label free sample;AC=MS:1002038	NT=synapt ms;AC=MS:1001782	NT=Carbamidomethyl;AC=UNIMOD:4;TA=C;MT=Fixed	NT=Trypsin;AC=MS:1001251	NT=collision-induced dissociation;AC=MS:1000133	dithiothreitol (dtt)	iodoacetamide (iaa)	1	1	20220602_PIETILAINEN_SEC_GP_08_TOFMRM.raw.zip	ftp://ftp.pride.ebi.ac.uk/pride/data/archive/2025/05/PXD041584/20220602_PIETILAINEN_SEC_GP_08_TOFMRM.raw.zip	v1.1.0	NT=ms-proteomics;VV=v1.1.0	manual curation	stem
20220602_PIETILAINEN_SEC_GP_46_TOFMRM.raw.zip	homo sapiens	stem	not applicable	obesity	1	20220602_PIETILAINEN_SEC_GP_46_TOFMRM.raw.zip	proteomic profiling by mass spectrometry	NT=Data-dependent acquisition;AC=PRIDE:0000627	NT=label free sample;AC=MS:1002038	NT=synapt ms;AC=MS:1001782	NT=Carbamidomethyl;AC=UNIMOD:4;TA=C;MT=Fixed	NT=Trypsin;AC=MS:1001251	NT=collision-induced dissociation;AC=MS:1000133	dithiothreitol (dtt)	iodoacetamide (iaa)	1	1	20220602_PIETILAINEN_SEC_GP_46_TOFMRM.raw.zip	ftp://ftp.pride.ebi.ac.uk/pride/data/archive/2025/05/PXD041584/20220602_PIETILAINEN_SEC_GP_46_TOFMRM.raw.zip	v1.1.0	NT=ms-proteomics;VV=v1.1.0	manual curation	stem
20220602_PIETILAINEN_SEC_GP_44_RULE1.raw.zip	homo sapiens	stem	not applicable	obesity	1	20220602_PIETILAINEN_SEC_GP_44_RULE1.raw.zip	proteomic profiling by mass spectrometry	NT=Data-dependent acquisition;AC=PRIDE:0000627	NT=label free sample;AC=MS:1002038	NT=synapt ms;AC=MS:1001782	NT=Carbamidomethyl;AC=UNIMOD:4;TA=C;MT=Fixed	NT=Trypsin;AC=MS:1001251	NT=collision-induced dissociation;AC=MS:1000133	dithiothreitol (dtt)	iodoacetamide (iaa)	1	1	20220602_PIETILAINEN_SEC_GP_44_RULE1.raw.zip	ftp://ftp.pride.ebi.ac.uk/pride/data/archive/2025/05/PXD041584/20220602_PIETILAINEN_SEC_GP_44_RULE1.raw.zip	v1.1.0	NT=ms-proteomics;VV=v1.1.0	manual curation	stem
20220602_PIETILAINEN_SEC_GP_20_RULE1.raw.zip	homo sapiens	stem	not applicable	obesity	1	20220602_PIETILAINEN_SEC_GP_20_RULE1.raw.zip	proteomic profiling by mass spectrometry	NT=Data-dependent acquisition;AC=PRIDE:0000627	NT=label free sample;AC=MS:1002038	NT=synapt ms;AC=MS:1001782	NT=Carbamidomethyl;AC=UNIMOD:4;TA=C;MT=Fixed	NT=Trypsin;AC=MS:1001251	NT=collision-induced dissociation;AC=MS:1000133	dithiothreitol (dtt)	iodoacetamide (iaa)	1	1	20220602_PIETILAINEN_SEC_GP_20_RULE1.raw.zip	ftp://ftp.pride.ebi.ac.uk/pride/data/archive/2025/05/PXD041584/20220602_PIETILAINEN_SEC_GP_20_RULE1.raw.zip	v1.1.0	NT=ms-proteomics;VV=v1.1.0	manual curation	stem
20220602_PIETILAINEN_SEC_GP_63_TOFMRM.raw.zip	homo sapiens	stem	not applicable	obesity	1	20220602_PIETILAINEN_SEC_GP_63_TOFMRM.raw.zip	proteomic profiling by mass spectrometry	NT=Data-dependent acquisition;AC=PRIDE:0000627	NT=label free sample;AC=MS:1002038	NT=synapt ms;AC=MS:1001782	NT=Carbamidomethyl;AC=UNIMOD:4;TA=C;MT=Fixed	NT=Trypsin;AC=MS:1001251	NT=collision-induced dissociation;AC=MS:1000133	dithiothreitol (dtt)	iodoacetamide (iaa)	1	1	20220602_PIETILAINEN_SEC_GP_63_TOFMRM.raw.zip	ftp://ftp.pride.ebi.ac.uk/pride/data/archive/2025/05/PXD041584/20220602_PIETILAINEN_SEC_GP_63_TOFMRM.raw.zip	v1.1.0	NT=ms-proteomics;VV=v1.1.0	manual curation	stem
20220602_PIETILAINEN_SEC_GP_104_RULE2.raw.zip	homo sapiens	stem	not applicable	obesity	1	20220602_PIETILAINEN_SEC_GP_104_RULE2.raw.zip	proteomic profiling by mass spectrometry	NT=Data-dependent acquisition;AC=PRIDE:0000627	NT=label free sample;AC=MS:1002038	NT=synapt ms;AC=MS:1001782	NT=Carbamidomethyl;AC=UNIMOD:4;TA=C;MT=Fixed	NT=Trypsin;AC=MS:1001251	NT=collision-induced dissociation;AC=MS:1000133	dithiothreitol (dtt)	iodoacetamide (iaa)	1	1	20220602_PIETILAINEN_SEC_GP_104_RULE2.raw.zip	ftp://ftp.pride.ebi.ac.uk/pride/data/archive/2025/05/PXD041584/20220602_PIETILAINEN_SEC_GP_104_RULE2.raw.zip	v1.1.0	NT=ms-proteomics;VV=v1.1.0	manual curation	stem
20220207_GP_SEC_PIETILAINEN_93.raw.zip	homo sapiens	stem	not applicable	obesity	1	20220207_GP_SEC_PIETILAINEN_93.raw.zip	proteomic profiling by mass spectrometry	NT=Data-dependent acquisition;AC=PRIDE:0000627	NT=label free sample;AC=MS:1002038	NT=synapt ms;AC=MS:1001782	NT=Carbamidomethyl;AC=UNIMOD:4;TA=C;MT=Fixed	NT=Trypsin;AC=MS:1001251	NT=collision-induced dissociation;AC=MS:1000133	dithiothreitol (dtt)	iodoacetamide (iaa)	1	1	20220207_GP_SEC_PIETILAINEN_93.raw.zip	ftp://ftp.pride.ebi.ac.uk/pride/data/archive/2025/05/PXD041584/20220207_GP_SEC_PIETILAINEN_93.raw.zip	v1.1.0	NT=ms-proteomics;VV=v1.1.0	manual curation	stem
20220602_PIETILAINEN_SEC_GP_96_RULE1.raw.zip	homo sapiens	stem	not applicable	obesity	1	20220602_PIETILAINEN_SEC_GP_96_RULE1.raw.zip	proteomic profiling by mass spectrometry	NT=Data-dependent acquisition;AC=PRIDE:0000627	NT=label free sample;AC=MS:1002038	NT=synapt ms;AC=MS:1001782	NT=Carbamidomethyl;AC=UNIMOD:4;TA=C;MT=Fixed	NT=Trypsin;AC=MS:1001251	NT=collision-induced dissociation;AC=MS:1000133	dithiothreitol (dtt)	iodoacetamide (iaa)	1	1	20220602_PIETILAINEN_SEC_GP_96_RULE1.raw.zip	ftp://ftp.pride.ebi.ac.uk/pride/data/archive/2025/05/PXD041584/20220602_PIETILAINEN_SEC_GP_96_RULE1.raw.zip	v1.1.0	NT=ms-proteomics;VV=v1.1.0	manual curation	stem
20220602_PIETILAINEN_SEC_GP_83_TOFMRM.raw.zip	homo sapiens	stem	not applicable	obesity	1	20220602_PIETILAINEN_SEC_GP_83_TOFMRM.raw.zip	proteomic profiling by mass spectrometry	NT=Data-dependent acquisition;AC=PRIDE:0000627	NT=label free sample;AC=MS:1002038	NT=synapt ms;AC=MS:1001782	NT=Carbamidomethyl;AC=UNIMOD:4;TA=C;MT=Fixed	NT=Trypsin;AC=MS:1001251	NT=collision-induced dissociation;AC=MS:1000133	dithiothreitol (dtt)	iodoacetamide (iaa)	1	1	20220602_PIETILAINEN_SEC_GP_83_TOFMRM.raw.zip	ftp://ftp.pride.ebi.ac.uk/pride/data/archive/2025/05/PXD041584/20220602_PIETILAINEN_SEC_GP_83_TOFMRM.raw.zip	v1.1.0	NT=ms-proteomics;VV=v1.1.0	manual curation	stem
20220602_PIETILAINEN_SEC_GP_27_RULE1.raw.zip	homo sapiens	stem	not applicable	obesity	1	20220602_PIETILAINEN_SEC_GP_27_RULE1.raw.zip	proteomic profiling by mass spectrometry	NT=Data-dependent acquisition;AC=PRIDE:0000627	NT=label free sample;AC=MS:1002038	NT=synapt ms;AC=MS:1001782	NT=Carbamidomethyl;AC=UNIMOD:4;TA=C;MT=Fixed	NT=Trypsin;AC=MS:1001251	NT=collision-induced dissociation;AC=MS:1000133	dithiothreitol (dtt)	iodoacetamide (iaa)	1	1	20220602_PIETILAINEN_SEC_GP_27_RULE1.raw.zip	ftp://ftp.pride.ebi.ac.uk/pride/data/archive/2025/05/PXD041584/20220602_PIETILAINEN_SEC_GP_27_RULE1.raw.zip	v1.1.0	NT=ms-proteomics;VV=v1.1.0	manual curation	stem
20220602_PIETILAINEN_SEC_GP_49_RULE2.raw.zip	homo sapiens	stem	not applicable	obesity	1	20220602_PIETILAINEN_SEC_GP_49_RULE2.raw.zip	proteomic profiling by mass spectrometry	NT=Data-dependent acquisition;AC=PRIDE:0000627	NT=label free sample;AC=MS:1002038	NT=synapt ms;AC=MS:1001782	NT=Carbamidomethyl;AC=UNIMOD:4;TA=C;MT=Fixed	NT=Trypsin;AC=MS:1001251	NT=collision-induced dissociation;AC=MS:1000133	dithiothreitol (dtt)	iodoacetamide (iaa)	1	1	20220602_PIETILAINEN_SEC_GP_49_RULE2.raw.zip	ftp://ftp.pride.ebi.ac.uk/pride/data/archive/2025/05/PXD041584/20220602_PIETILAINEN_SEC_GP_49_RULE2.raw.zip	v1.1.0	NT=ms-proteomics;VV=v1.1.0	manual curation	stem
20220602_PIETILAINEN_SEC_GP_62_RULE1.raw.zip	homo sapiens	stem	not applicable	obesity	1	20220602_PIETILAINEN_SEC_GP_62_RULE1.raw.zip	proteomic profiling by mass spectrometry	NT=Data-dependent acquisition;AC=PRIDE:0000627	NT=label free sample;AC=MS:1002038	NT=synapt ms;AC=MS:1001782	NT=Carbamidomethyl;AC=UNIMOD:4;TA=C;MT=Fixed	NT=Trypsin;AC=MS:1001251	NT=collision-induced dissociation;AC=MS:1000133	dithiothreitol (dtt)	iodoacetamide (iaa)	1	1	20220602_PIETILAINEN_SEC_GP_62_RULE1.raw.zip	ftp://ftp.pride.ebi.ac.uk/pride/data/archive/2025/05/PXD041584/20220602_PIETILAINEN_SEC_GP_62_RULE1.raw.zip	v1.1.0	NT=ms-proteomics;VV=v1.1.0	manual curation	stem
20220602_PIETILAINEN_SEC_GP_03_RULE2.raw.zip	homo sapiens	stem	not applicable	obesity	1	20220602_PIETILAINEN_SEC_GP_03_RULE2.raw.zip	proteomic profiling by mass spectrometry	NT=Data-dependent acquisition;AC=PRIDE:0000627	NT=label free sample;AC=MS:1002038	NT=synapt ms;AC=MS:1001782	NT=Carbamidomethyl;AC=UNIMOD:4;TA=C;MT=Fixed	NT=Trypsin;AC=MS:1001251	NT=collision-induced dissociation;AC=MS:1000133	dithiothreitol (dtt)	iodoacetamide (iaa)	1	1	20220602_PIETILAINEN_SEC_GP_03_RULE2.raw.zip	ftp://ftp.pride.ebi.ac.uk/pride/data/archive/2025/05/PXD041584/20220602_PIETILAINEN_SEC_GP_03_RULE2.raw.zip	v1.1.0	NT=ms-proteomics;VV=v1.1.0	manual curation	stem
20220602_PIETILAINEN_SEC_GP_87_TOFMRM.raw.zip	homo sapiens	stem	not applicable	obesity	1	20220602_PIETILAINEN_SEC_GP_87_TOFMRM.raw.zip	proteomic profiling by mass spectrometry	NT=Data-dependent acquisition;AC=PRIDE:0000627	NT=label free sample;AC=MS:1002038	NT=synapt ms;AC=MS:1001782	NT=Carbamidomethyl;AC=UNIMOD:4;TA=C;MT=Fixed	NT=Trypsin;AC=MS:1001251	NT=collision-induced dissociation;AC=MS:1000133	dithiothreitol (dtt)	iodoacetamide (iaa)	1	1	20220602_PIETILAINEN_SEC_GP_87_TOFMRM.raw.zip	ftp://ftp.pride.ebi.ac.uk/pride/data/archive/2025/05/PXD041584/20220602_PIETILAINEN_SEC_GP_87_TOFMRM.raw.zip	v1.1.0	NT=ms-proteomics;VV=v1.1.0	manual curation	stem
20220602_PIETILAINEN_SEC_GP_61_RULE1.raw.zip	homo sapiens	stem	not applicable	obesity	1	20220602_PIETILAINEN_SEC_GP_61_RULE1.raw.zip	proteomic profiling by mass spectrometry	NT=Data-dependent acquisition;AC=PRIDE:0000627	NT=label free sample;AC=MS:1002038	NT=synapt ms;AC=MS:1001782	NT=Carbamidomethyl;AC=UNIMOD:4;TA=C;MT=Fixed	NT=Trypsin;AC=MS:1001251	NT=collision-induced dissociation;AC=MS:1000133	dithiothreitol (dtt)	iodoacetamide (iaa)	1	1	20220602_PIETILAINEN_SEC_GP_61_RULE1.raw.zip	ftp://ftp.pride.ebi.ac.uk/pride/data/archive/2025/05/PXD041584/20220602_PIETILAINEN_SEC_GP_61_RULE1.raw.zip	v1.1.0	NT=ms-proteomics;VV=v1.1.0	manual curation	stem
20220602_PIETILAINEN_SEC_GP_24_TOFMRM.raw.zip	homo sapiens	stem	not applicable	obesity	1	20220602_PIETILAINEN_SEC_GP_24_TOFMRM.raw.zip	proteomic profiling by mass spectrometry	NT=Data-dependent acquisition;AC=PRIDE:0000627	NT=label free sample;AC=MS:1002038	NT=synapt ms;AC=MS:1001782	NT=Carbamidomethyl;AC=UNIMOD:4;TA=C;MT=Fixed	NT=Trypsin;AC=MS:1001251	NT=collision-induced dissociation;AC=MS:1000133	dithiothreitol (dtt)	iodoacetamide (iaa)	1	1	20220602_PIETILAINEN_SEC_GP_24_TOFMRM.raw.zip	ftp://ftp.pride.ebi.ac.uk/pride/data/archive/2025/05/PXD041584/20220602_PIETILAINEN_SEC_GP_24_TOFMRM.raw.zip	v1.1.0	NT=ms-proteomics;VV=v1.1.0	manual curation	stem
20220602_PIETILAINEN_SEC_GP_29_RULE1.raw.zip	homo sapiens	stem	not applicable	obesity	1	20220602_PIETILAINEN_SEC_GP_29_RULE1.raw.zip	proteomic profiling by mass spectrometry	NT=Data-dependent acquisition;AC=PRIDE:0000627	NT=label free sample;AC=MS:1002038	NT=synapt ms;AC=MS:1001782	NT=Carbamidomethyl;AC=UNIMOD:4;TA=C;MT=Fixed	NT=Trypsin;AC=MS:1001251	NT=collision-induced dissociation;AC=MS:1000133	dithiothreitol (dtt)	iodoacetamide (iaa)	1	1	20220602_PIETILAINEN_SEC_GP_29_RULE1.raw.zip	ftp://ftp.pride.ebi.ac.uk/pride/data/archive/2025/05/PXD041584/20220602_PIETILAINEN_SEC_GP_29_RULE1.raw.zip	v1.1.0	NT=ms-proteomics;VV=v1.1.0	manual curation	stem
20220602_PIETILAINEN_SEC_GP_84_RULE1.raw.zip	homo sapiens	stem	not applicable	obesity	1	20220602_PIETILAINEN_SEC_GP_84_RULE1.raw.zip	proteomic profiling by mass spectrometry	NT=Data-dependent acquisition;AC=PRIDE:0000627	NT=label free sample;AC=MS:1002038	NT=synapt ms;AC=MS:1001782	NT=Carbamidomethyl;AC=UNIMOD:4;TA=C;MT=Fixed	NT=Trypsin;AC=MS:1001251	NT=collision-induced dissociation;AC=MS:1000133	dithiothreitol (dtt)	iodoacetamide (iaa)	1	1	20220602_PIETILAINEN_SEC_GP_84_RULE1.raw.zip	ftp://ftp.pride.ebi.ac.uk/pride/data/archive/2025/05/PXD041584/20220602_PIETILAINEN_SEC_GP_84_RULE1.raw.zip	v1.1.0	NT=ms-proteomics;VV=v1.1.0	manual curation	stem
20220602_PIETILAINEN_SEC_GP_42_RULE2.raw.zip	homo sapiens	stem	not applicable	obesity	1	20220602_PIETILAINEN_SEC_GP_42_RULE2.raw.zip	proteomic profiling by mass spectrometry	NT=Data-dependent acquisition;AC=PRIDE:0000627	NT=label free sample;AC=MS:1002038	NT=synapt ms;AC=MS:1001782	NT=Carbamidomethyl;AC=UNIMOD:4;TA=C;MT=Fixed	NT=Trypsin;AC=MS:1001251	NT=collision-induced dissociation;AC=MS:1000133	dithiothreitol (dtt)	iodoacetamide (iaa)	1	1	20220602_PIETILAINEN_SEC_GP_42_RULE2.raw.zip	ftp://ftp.pride.ebi.ac.uk/pride/data/archive/2025/05/PXD041584/20220602_PIETILAINEN_SEC_GP_42_RULE2.raw.zip	v1.1.0	NT=ms-proteomics;VV=v1.1.0	manual curation	stem
20220602_PIETILAINEN_SEC_GP_06_TOFMRM.raw.zip	homo sapiens	stem	not applicable	obesity	1	20220602_PIETILAINEN_SEC_GP_06_TOFMRM.raw.zip	proteomic profiling by mass spectrometry	NT=Data-dependent acquisition;AC=PRIDE:0000627	NT=label free sample;AC=MS:1002038	NT=synapt ms;AC=MS:1001782	NT=Carbamidomethyl;AC=UNIMOD:4;TA=C;MT=Fixed	NT=Trypsin;AC=MS:1001251	NT=collision-induced dissociation;AC=MS:1000133	dithiothreitol (dtt)	iodoacetamide (iaa)	1	1	20220602_PIETILAINEN_SEC_GP_06_TOFMRM.raw.zip	ftp://ftp.pride.ebi.ac.uk/pride/data/archive/2025/05/PXD041584/20220602_PIETILAINEN_SEC_GP_06_TOFMRM.raw.zip	v1.1.0	NT=ms-proteomics;VV=v1.1.0	manual curation	stem
20220602_PIETILAINEN_SEC_GP_56_RULE2B.raw.zip	homo sapiens	stem	not applicable	obesity	1	20220602_PIETILAINEN_SEC_GP_56_RULE2B.raw.zip	proteomic profiling by mass spectrometry	NT=Data-dependent acquisition;AC=PRIDE:0000627	NT=label free sample;AC=MS:1002038	NT=synapt ms;AC=MS:1001782	NT=Carbamidomethyl;AC=UNIMOD:4;TA=C;MT=Fixed	NT=Trypsin;AC=MS:1001251	NT=collision-induced dissociation;AC=MS:1000133	dithiothreitol (dtt)	iodoacetamide (iaa)	1	1	20220602_PIETILAINEN_SEC_GP_56_RULE2B.raw.zip	ftp://ftp.pride.ebi.ac.uk/pride/data/archive/2025/05/PXD041584/20220602_PIETILAINEN_SEC_GP_56_RULE2B.raw.zip	v1.1.0	NT=ms-proteomics;VV=v1.1.0	manual curation	stem
20220602_PIETILAINEN_SEC_GP_69_RULE1.raw.zip	homo sapiens	stem	not applicable	obesity	1	20220602_PIETILAINEN_SEC_GP_69_RULE1.raw.zip	proteomic profiling by mass spectrometry	NT=Data-dependent acquisition;AC=PRIDE:0000627	NT=label free sample;AC=MS:1002038	NT=synapt ms;AC=MS:1001782	NT=Carbamidomethyl;AC=UNIMOD:4;TA=C;MT=Fixed	NT=Trypsin;AC=MS:1001251	NT=collision-induced dissociation;AC=MS:1000133	dithiothreitol (dtt)	iodoacetamide (iaa)	1	1	20220602_PIETILAINEN_SEC_GP_69_RULE1.raw.zip	ftp://ftp.pride.ebi.ac.uk/pride/data/archive/2025/05/PXD041584/20220602_PIETILAINEN_SEC_GP_69_RULE1.raw.zip	v1.1.0	NT=ms-proteomics;VV=v1.1.0	manual curation	stem
20220207_GP_SEC_PIETILAINEN_79.raw.zip	homo sapiens	stem	not applicable	obesity	1	20220207_GP_SEC_PIETILAINEN_79.raw.zip	proteomic profiling by mass spectrometry	NT=Data-dependent acquisition;AC=PRIDE:0000627	NT=label free sample;AC=MS:1002038	NT=synapt ms;AC=MS:1001782	NT=Carbamidomethyl;AC=UNIMOD:4;TA=C;MT=Fixed	NT=Trypsin;AC=MS:1001251	NT=collision-induced dissociation;AC=MS:1000133	dithiothreitol (dtt)	iodoacetamide (iaa)	1	1	20220207_GP_SEC_PIETILAINEN_79.raw.zip	ftp://ftp.pride.ebi.ac.uk/pride/data/archive/2025/05/PXD041584/20220207_GP_SEC_PIETILAINEN_79.raw.zip	v1.1.0	NT=ms-proteomics;VV=v1.1.0	manual curation	stem
20220602_PIETILAINEN_SEC_GP_55_RULE2.raw.zip	homo sapiens	stem	not applicable	obesity	1	20220602_PIETILAINEN_SEC_GP_55_RULE2.raw.zip	proteomic profiling by mass spectrometry	NT=Data-dependent acquisition;AC=PRIDE:0000627	NT=label free sample;AC=MS:1002038	NT=synapt ms;AC=MS:1001782	NT=Carbamidomethyl;AC=UNIMOD:4;TA=C;MT=Fixed	NT=Trypsin;AC=MS:1001251	NT=collision-induced dissociation;AC=MS:1000133	dithiothreitol (dtt)	iodoacetamide (iaa)	1	1	20220602_PIETILAINEN_SEC_GP_55_RULE2.raw.zip	ftp://ftp.pride.ebi.ac.uk/pride/data/archive/2025/05/PXD041584/20220602_PIETILAINEN_SEC_GP_55_RULE2.raw.zip	v1.1.0	NT=ms-proteomics;VV=v1.1.0	manual curation	stem
20220602_PIETILAINEN_SEC_GP_86_TOFMRM.raw.zip	homo sapiens	stem	not applicable	obesity	1	20220602_PIETILAINEN_SEC_GP_86_TOFMRM.raw.zip	proteomic profiling by mass spectrometry	NT=Data-dependent acquisition;AC=PRIDE:0000627	NT=label free sample;AC=MS:1002038	NT=synapt ms;AC=MS:1001782	NT=Carbamidomethyl;AC=UNIMOD:4;TA=C;MT=Fixed	NT=Trypsin;AC=MS:1001251	NT=collision-induced dissociation;AC=MS:1000133	dithiothreitol (dtt)	iodoacetamide (iaa)	1	1	20220602_PIETILAINEN_SEC_GP_86_TOFMRM.raw.zip	ftp://ftp.pride.ebi.ac.uk/pride/data/archive/2025/05/PXD041584/20220602_PIETILAINEN_SEC_GP_86_TOFMRM.raw.zip	v1.1.0	NT=ms-proteomics;VV=v1.1.0	manual curation	stem
20220207_GP_SEC_PIETILAINEN_92.raw.zip	homo sapiens	stem	not applicable	obesity	1	20220207_GP_SEC_PIETILAINEN_92.raw.zip	proteomic profiling by mass spectrometry	NT=Data-dependent acquisition;AC=PRIDE:0000627	NT=label free sample;AC=MS:1002038	NT=synapt ms;AC=MS:1001782	NT=Carbamidomethyl;AC=UNIMOD:4;TA=C;MT=Fixed	NT=Trypsin;AC=MS:1001251	NT=collision-induced dissociation;AC=MS:1000133	dithiothreitol (dtt)	iodoacetamide (iaa)	1	1	20220207_GP_SEC_PIETILAINEN_92.raw.zip	ftp://ftp.pride.ebi.ac.uk/pride/data/archive/2025/05/PXD041584/20220207_GP_SEC_PIETILAINEN_92.raw.zip	v1.1.0	NT=ms-proteomics;VV=v1.1.0	manual curation	stem
20220602_PIETILAINEN_SEC_GP_106_RULE1.raw.zip	homo sapiens	stem	not applicable	obesity	1	20220602_PIETILAINEN_SEC_GP_106_RULE1.raw.zip	proteomic profiling by mass spectrometry	NT=Data-dependent acquisition;AC=PRIDE:0000627	NT=label free sample;AC=MS:1002038	NT=synapt ms;AC=MS:1001782	NT=Carbamidomethyl;AC=UNIMOD:4;TA=C;MT=Fixed	NT=Trypsin;AC=MS:1001251	NT=collision-induced dissociation;AC=MS:1000133	dithiothreitol (dtt)	iodoacetamide (iaa)	1	1	20220602_PIETILAINEN_SEC_GP_106_RULE1.raw.zip	ftp://ftp.pride.ebi.ac.uk/pride/data/archive/2025/05/PXD041584/20220602_PIETILAINEN_SEC_GP_106_RULE1.raw.zip	v1.1.0	NT=ms-proteomics;VV=v1.1.0	manual curation	stem
20220207_GP_SEC_PIETILAINEN_26.raw.zip	homo sapiens	stem	not applicable	obesity	1	20220207_GP_SEC_PIETILAINEN_26.raw.zip	proteomic profiling by mass spectrometry	NT=Data-dependent acquisition;AC=PRIDE:0000627	NT=label free sample;AC=MS:1002038	NT=synapt ms;AC=MS:1001782	NT=Carbamidomethyl;AC=UNIMOD:4;TA=C;MT=Fixed	NT=Trypsin;AC=MS:1001251	NT=collision-induced dissociation;AC=MS:1000133	dithiothreitol (dtt)	iodoacetamide (iaa)	1	1	20220207_GP_SEC_PIETILAINEN_26.raw.zip	ftp://ftp.pride.ebi.ac.uk/pride/data/archive/2025/05/PXD041584/20220207_GP_SEC_PIETILAINEN_26.raw.zip	v1.1.0	NT=ms-proteomics;VV=v1.1.0	manual curation	stem
20220207_GP_SEC_PIETILAINEN_113.raw.zip	homo sapiens	stem	not applicable	obesity	1	20220207_GP_SEC_PIETILAINEN_113.raw.zip	proteomic profiling by mass spectrometry	NT=Data-dependent acquisition;AC=PRIDE:0000627	NT=label free sample;AC=MS:1002038	NT=synapt ms;AC=MS:1001782	NT=Carbamidomethyl;AC=UNIMOD:4;TA=C;MT=Fixed	NT=Trypsin;AC=MS:1001251	NT=collision-induced dissociation;AC=MS:1000133	dithiothreitol (dtt)	iodoacetamide (iaa)	1	1	20220207_GP_SEC_PIETILAINEN_113.raw.zip	ftp://ftp.pride.ebi.ac.uk/pride/data/archive/2025/05/PXD041584/20220207_GP_SEC_PIETILAINEN_113.raw.zip	v1.1.0	NT=ms-proteomics;VV=v1.1.0	manual curation	stem
20220602_PIETILAINEN_SEC_GP_83_RULE2.raw.zip	homo sapiens	stem	not applicable	obesity	1	20220602_PIETILAINEN_SEC_GP_83_RULE2.raw.zip	proteomic profiling by mass spectrometry	NT=Data-dependent acquisition;AC=PRIDE:0000627	NT=label free sample;AC=MS:1002038	NT=synapt ms;AC=MS:1001782	NT=Carbamidomethyl;AC=UNIMOD:4;TA=C;MT=Fixed	NT=Trypsin;AC=MS:1001251	NT=collision-induced dissociation;AC=MS:1000133	dithiothreitol (dtt)	iodoacetamide (iaa)	1	1	20220602_PIETILAINEN_SEC_GP_83_RULE2.raw.zip	ftp://ftp.pride.ebi.ac.uk/pride/data/archive/2025/05/PXD041584/20220602_PIETILAINEN_SEC_GP_83_RULE2.raw.zip	v1.1.0	NT=ms-proteomics;VV=v1.1.0	manual curation	stem
20220602_PIETILAINEN_SEC_GP_58_RULE2.raw.zip	homo sapiens	stem	not applicable	obesity	1	20220602_PIETILAINEN_SEC_GP_58_RULE2.raw.zip	proteomic profiling by mass spectrometry	NT=Data-dependent acquisition;AC=PRIDE:0000627	NT=label free sample;AC=MS:1002038	NT=synapt ms;AC=MS:1001782	NT=Carbamidomethyl;AC=UNIMOD:4;TA=C;MT=Fixed	NT=Trypsin;AC=MS:1001251	NT=collision-induced dissociation;AC=MS:1000133	dithiothreitol (dtt)	iodoacetamide (iaa)	1	1	20220602_PIETILAINEN_SEC_GP_58_RULE2.raw.zip	ftp://ftp.pride.ebi.ac.uk/pride/data/archive/2025/05/PXD041584/20220602_PIETILAINEN_SEC_GP_58_RULE2.raw.zip	v1.1.0	NT=ms-proteomics;VV=v1.1.0	manual curation	stem
20220602_PIETILAINEN_SEC_GP_09_RULE1.raw.zip	homo sapiens	stem	not applicable	obesity	1	20220602_PIETILAINEN_SEC_GP_09_RULE1.raw.zip	proteomic profiling by mass spectrometry	NT=Data-dependent acquisition;AC=PRIDE:0000627	NT=label free sample;AC=MS:1002038	NT=synapt ms;AC=MS:1001782	NT=Carbamidomethyl;AC=UNIMOD:4;TA=C;MT=Fixed	NT=Trypsin;AC=MS:1001251	NT=collision-induced dissociation;AC=MS:1000133	dithiothreitol (dtt)	iodoacetamide (iaa)	1	1	20220602_PIETILAINEN_SEC_GP_09_RULE1.raw.zip	ftp://ftp.pride.ebi.ac.uk/pride/data/archive/2025/05/PXD041584/20220602_PIETILAINEN_SEC_GP_09_RULE1.raw.zip	v1.1.0	NT=ms-proteomics;VV=v1.1.0	manual curation	stem
20220207_GP_SEC_PIETILAINEN_121.raw.zip	homo sapiens	stem	not applicable	obesity	1	20220207_GP_SEC_PIETILAINEN_121.raw.zip	proteomic profiling by mass spectrometry	NT=Data-dependent acquisition;AC=PRIDE:0000627	NT=label free sample;AC=MS:1002038	NT=synapt ms;AC=MS:1001782	NT=Carbamidomethyl;AC=UNIMOD:4;TA=C;MT=Fixed	NT=Trypsin;AC=MS:1001251	NT=collision-induced dissociation;AC=MS:1000133	dithiothreitol (dtt)	iodoacetamide (iaa)	1	1	20220207_GP_SEC_PIETILAINEN_121.raw.zip	ftp://ftp.pride.ebi.ac.uk/pride/data/archive/2025/05/PXD041584/20220207_GP_SEC_PIETILAINEN_121.raw.zip	v1.1.0	NT=ms-proteomics;VV=v1.1.0	manual curation	stem
20220207_GP_SEC_PIETILAINEN_106.raw.zip	homo sapiens	stem	not applicable	obesity	1	20220207_GP_SEC_PIETILAINEN_106.raw.zip	proteomic profiling by mass spectrometry	NT=Data-dependent acquisition;AC=PRIDE:0000627	NT=label free sample;AC=MS:1002038	NT=synapt ms;AC=MS:1001782	NT=Carbamidomethyl;AC=UNIMOD:4;TA=C;MT=Fixed	NT=Trypsin;AC=MS:1001251	NT=collision-induced dissociation;AC=MS:1000133	dithiothreitol (dtt)	iodoacetamide (iaa)	1	1	20220207_GP_SEC_PIETILAINEN_106.raw.zip	ftp://ftp.pride.ebi.ac.uk/pride/data/archive/2025/05/PXD041584/20220207_GP_SEC_PIETILAINEN_106.raw.zip	v1.1.0	NT=ms-proteomics;VV=v1.1.0	manual curation	stem
20220602_PIETILAINEN_SEC_GP_90_TOFMRM.raw.zip	homo sapiens	stem	not applicable	obesity	1	20220602_PIETILAINEN_SEC_GP_90_TOFMRM.raw.zip	proteomic profiling by mass spectrometry	NT=Data-dependent acquisition;AC=PRIDE:0000627	NT=label free sample;AC=MS:1002038	NT=synapt ms;AC=MS:1001782	NT=Carbamidomethyl;AC=UNIMOD:4;TA=C;MT=Fixed	NT=Trypsin;AC=MS:1001251	NT=collision-induced dissociation;AC=MS:1000133	dithiothreitol (dtt)	iodoacetamide (iaa)	1	1	20220602_PIETILAINEN_SEC_GP_90_TOFMRM.raw.zip	ftp://ftp.pride.ebi.ac.uk/pride/data/archive/2025/05/PXD041584/20220602_PIETILAINEN_SEC_GP_90_TOFMRM.raw.zip	v1.1.0	NT=ms-proteomics;VV=v1.1.0	manual curation	stem
20220602_PIETILAINEN_SEC_GP_95_TOFMRM.raw.zip	homo sapiens	stem	not applicable	obesity	1	20220602_PIETILAINEN_SEC_GP_95_TOFMRM.raw.zip	proteomic profiling by mass spectrometry	NT=Data-dependent acquisition;AC=PRIDE:0000627	NT=label free sample;AC=MS:1002038	NT=synapt ms;AC=MS:1001782	NT=Carbamidomethyl;AC=UNIMOD:4;TA=C;MT=Fixed	NT=Trypsin;AC=MS:1001251	NT=collision-induced dissociation;AC=MS:1000133	dithiothreitol (dtt)	iodoacetamide (iaa)	1	1	20220602_PIETILAINEN_SEC_GP_95_TOFMRM.raw.zip	ftp://ftp.pride.ebi.ac.uk/pride/data/archive/2025/05/PXD041584/20220602_PIETILAINEN_SEC_GP_95_TOFMRM.raw.zip	v1.1.0	NT=ms-proteomics;VV=v1.1.0	manual curation	stem
20220602_PIETILAINEN_SEC_GP_47_RULE1.raw.zip	homo sapiens	stem	not applicable	obesity	1	20220602_PIETILAINEN_SEC_GP_47_RULE1.raw.zip	proteomic profiling by mass spectrometry	NT=Data-dependent acquisition;AC=PRIDE:0000627	NT=label free sample;AC=MS:1002038	NT=synapt ms;AC=MS:1001782	NT=Carbamidomethyl;AC=UNIMOD:4;TA=C;MT=Fixed	NT=Trypsin;AC=MS:1001251	NT=collision-induced dissociation;AC=MS:1000133	dithiothreitol (dtt)	iodoacetamide (iaa)	1	1	20220602_PIETILAINEN_SEC_GP_47_RULE1.raw.zip	ftp://ftp.pride.ebi.ac.uk/pride/data/archive/2025/05/PXD041584/20220602_PIETILAINEN_SEC_GP_47_RULE1.raw.zip	v1.1.0	NT=ms-proteomics;VV=v1.1.0	manual curation	stem
20220207_GP_SEC_PIETILAINEN_108.raw.zip	homo sapiens	stem	not applicable	obesity	1	20220207_GP_SEC_PIETILAINEN_108.raw.zip	proteomic profiling by mass spectrometry	NT=Data-dependent acquisition;AC=PRIDE:0000627	NT=label free sample;AC=MS:1002038	NT=synapt ms;AC=MS:1001782	NT=Carbamidomethyl;AC=UNIMOD:4;TA=C;MT=Fixed	NT=Trypsin;AC=MS:1001251	NT=collision-induced dissociation;AC=MS:1000133	dithiothreitol (dtt)	iodoacetamide (iaa)	1	1	20220207_GP_SEC_PIETILAINEN_108.raw.zip	ftp://ftp.pride.ebi.ac.uk/pride/data/archive/2025/05/PXD041584/20220207_GP_SEC_PIETILAINEN_108.raw.zip	v1.1.0	NT=ms-proteomics;VV=v1.1.0	manual curation	stem
20220602_PIETILAINEN_SEC_GP_97_TOFMRM.raw.zip	homo sapiens	stem	not applicable	obesity	1	20220602_PIETILAINEN_SEC_GP_97_TOFMRM.raw.zip	proteomic profiling by mass spectrometry	NT=Data-dependent acquisition;AC=PRIDE:0000627	NT=label free sample;AC=MS:1002038	NT=synapt ms;AC=MS:1001782	NT=Carbamidomethyl;AC=UNIMOD:4;TA=C;MT=Fixed	NT=Trypsin;AC=MS:1001251	NT=collision-induced dissociation;AC=MS:1000133	dithiothreitol (dtt)	iodoacetamide (iaa)	1	1	20220602_PIETILAINEN_SEC_GP_97_TOFMRM.raw.zip	ftp://ftp.pride.ebi.ac.uk/pride/data/archive/2025/05/PXD041584/20220602_PIETILAINEN_SEC_GP_97_TOFMRM.raw.zip	v1.1.0	NT=ms-proteomics;VV=v1.1.0	manual curation	stem
20220602_PIETILAINEN_SEC_GP_104_RULE1.raw.zip	homo sapiens	stem	not applicable	obesity	1	20220602_PIETILAINEN_SEC_GP_104_RULE1.raw.zip	proteomic profiling by mass spectrometry	NT=Data-dependent acquisition;AC=PRIDE:0000627	NT=label free sample;AC=MS:1002038	NT=synapt ms;AC=MS:1001782	NT=Carbamidomethyl;AC=UNIMOD:4;TA=C;MT=Fixed	NT=Trypsin;AC=MS:1001251	NT=collision-induced dissociation;AC=MS:1000133	dithiothreitol (dtt)	iodoacetamide (iaa)	1	1	20220602_PIETILAINEN_SEC_GP_104_RULE1.raw.zip	ftp://ftp.pride.ebi.ac.uk/pride/data/archive/2025/05/PXD041584/20220602_PIETILAINEN_SEC_GP_104_RULE1.raw.zip	v1.1.0	NT=ms-proteomics;VV=v1.1.0	manual curation	stem
20220602_PIETILAINEN_SEC_GP_93_TOFMRM.raw.zip	homo sapiens	stem	not applicable	obesity	1	20220602_PIETILAINEN_SEC_GP_93_TOFMRM.raw.zip	proteomic profiling by mass spectrometry	NT=Data-dependent acquisition;AC=PRIDE:0000627	NT=label free sample;AC=MS:1002038	NT=synapt ms;AC=MS:1001782	NT=Carbamidomethyl;AC=UNIMOD:4;TA=C;MT=Fixed	NT=Trypsin;AC=MS:1001251	NT=collision-induced dissociation;AC=MS:1000133	dithiothreitol (dtt)	iodoacetamide (iaa)	1	1	20220602_PIETILAINEN_SEC_GP_93_TOFMRM.raw.zip	ftp://ftp.pride.ebi.ac.uk/pride/data/archive/2025/05/PXD041584/20220602_PIETILAINEN_SEC_GP_93_TOFMRM.raw.zip	v1.1.0	NT=ms-proteomics;VV=v1.1.0	manual curation	stem
20220207_GP_SEC_PIETILAINEN_04.raw.zip	homo sapiens	stem	not applicable	obesity	1	20220207_GP_SEC_PIETILAINEN_04.raw.zip	proteomic profiling by mass spectrometry	NT=Data-dependent acquisition;AC=PRIDE:0000627	NT=label free sample;AC=MS:1002038	NT=synapt ms;AC=MS:1001782	NT=Carbamidomethyl;AC=UNIMOD:4;TA=C;MT=Fixed	NT=Trypsin;AC=MS:1001251	NT=collision-induced dissociation;AC=MS:1000133	dithiothreitol (dtt)	iodoacetamide (iaa)	1	1	20220207_GP_SEC_PIETILAINEN_04.raw.zip	ftp://ftp.pride.ebi.ac.uk/pride/data/archive/2025/05/PXD041584/20220207_GP_SEC_PIETILAINEN_04.raw.zip	v1.1.0	NT=ms-proteomics;VV=v1.1.0	manual curation	stem
20220602_PIETILAINEN_SEC_GP_02_RULE1.raw.zip	homo sapiens	stem	not applicable	obesity	1	20220602_PIETILAINEN_SEC_GP_02_RULE1.raw.zip	proteomic profiling by mass spectrometry	NT=Data-dependent acquisition;AC=PRIDE:0000627	NT=label free sample;AC=MS:1002038	NT=synapt ms;AC=MS:1001782	NT=Carbamidomethyl;AC=UNIMOD:4;TA=C;MT=Fixed	NT=Trypsin;AC=MS:1001251	NT=collision-induced dissociation;AC=MS:1000133	dithiothreitol (dtt)	iodoacetamide (iaa)	1	1	20220602_PIETILAINEN_SEC_GP_02_RULE1.raw.zip	ftp://ftp.pride.ebi.ac.uk/pride/data/archive/2025/05/PXD041584/20220602_PIETILAINEN_SEC_GP_02_RULE1.raw.zip	v1.1.0	NT=ms-proteomics;VV=v1.1.0	manual curation	stem
20220602_PIETILAINEN_SEC_GP_89_RULE1.raw.zip	homo sapiens	stem	not applicable	obesity	1	20220602_PIETILAINEN_SEC_GP_89_RULE1.raw.zip	proteomic profiling by mass spectrometry	NT=Data-dependent acquisition;AC=PRIDE:0000627	NT=label free sample;AC=MS:1002038	NT=synapt ms;AC=MS:1001782	NT=Carbamidomethyl;AC=UNIMOD:4;TA=C;MT=Fixed	NT=Trypsin;AC=MS:1001251	NT=collision-induced dissociation;AC=MS:1000133	dithiothreitol (dtt)	iodoacetamide (iaa)	1	1	20220602_PIETILAINEN_SEC_GP_89_RULE1.raw.zip	ftp://ftp.pride.ebi.ac.uk/pride/data/archive/2025/05/PXD041584/20220602_PIETILAINEN_SEC_GP_89_RULE1.raw.zip	v1.1.0	NT=ms-proteomics;VV=v1.1.0	manual curation	stem
20220207_GP_SEC_PIETILAINEN_41.raw.zip	homo sapiens	stem	not applicable	obesity	1	20220207_GP_SEC_PIETILAINEN_41.raw.zip	proteomic profiling by mass spectrometry	NT=Data-dependent acquisition;AC=PRIDE:0000627	NT=label free sample;AC=MS:1002038	NT=synapt ms;AC=MS:1001782	NT=Carbamidomethyl;AC=UNIMOD:4;TA=C;MT=Fixed	NT=Trypsin;AC=MS:1001251	NT=collision-induced dissociation;AC=MS:1000133	dithiothreitol (dtt)	iodoacetamide (iaa)	1	1	20220207_GP_SEC_PIETILAINEN_41.raw.zip	ftp://ftp.pride.ebi.ac.uk/pride/data/archive/2025/05/PXD041584/20220207_GP_SEC_PIETILAINEN_41.raw.zip	v1.1.0	NT=ms-proteomics;VV=v1.1.0	manual curation	stem
20220207_GP_SEC_PIETILAINEN_126.raw.zip	homo sapiens	stem	not applicable	obesity	1	20220207_GP_SEC_PIETILAINEN_126.raw.zip	proteomic profiling by mass spectrometry	NT=Data-dependent acquisition;AC=PRIDE:0000627	NT=label free sample;AC=MS:1002038	NT=synapt ms;AC=MS:1001782	NT=Carbamidomethyl;AC=UNIMOD:4;TA=C;MT=Fixed	NT=Trypsin;AC=MS:1001251	NT=collision-induced dissociation;AC=MS:1000133	dithiothreitol (dtt)	iodoacetamide (iaa)	1	1	20220207_GP_SEC_PIETILAINEN_126.raw.zip	ftp://ftp.pride.ebi.ac.uk/pride/data/archive/2025/05/PXD041584/20220207_GP_SEC_PIETILAINEN_126.raw.zip	v1.1.0	NT=ms-proteomics;VV=v1.1.0	manual curation	stem
20220602_PIETILAINEN_SEC_GP_16_TOFMRM.raw.zip	homo sapiens	stem	not applicable	obesity	1	20220602_PIETILAINEN_SEC_GP_16_TOFMRM.raw.zip	proteomic profiling by mass spectrometry	NT=Data-dependent acquisition;AC=PRIDE:0000627	NT=label free sample;AC=MS:1002038	NT=synapt ms;AC=MS:1001782	NT=Carbamidomethyl;AC=UNIMOD:4;TA=C;MT=Fixed	NT=Trypsin;AC=MS:1001251	NT=collision-induced dissociation;AC=MS:1000133	dithiothreitol (dtt)	iodoacetamide (iaa)	1	1	20220602_PIETILAINEN_SEC_GP_16_TOFMRM.raw.zip	ftp://ftp.pride.ebi.ac.uk/pride/data/archive/2025/05/PXD041584/20220602_PIETILAINEN_SEC_GP_16_TOFMRM.raw.zip	v1.1.0	NT=ms-proteomics;VV=v1.1.0	manual curation	stem
20220602_PIETILAINEN_SEC_GP_08_RULE1.raw.zip	homo sapiens	stem	not applicable	obesity	1	20220602_PIETILAINEN_SEC_GP_08_RULE1.raw.zip	proteomic profiling by mass spectrometry	NT=Data-dependent acquisition;AC=PRIDE:0000627	NT=label free sample;AC=MS:1002038	NT=synapt ms;AC=MS:1001782	NT=Carbamidomethyl;AC=UNIMOD:4;TA=C;MT=Fixed	NT=Trypsin;AC=MS:1001251	NT=collision-induced dissociation;AC=MS:1000133	dithiothreitol (dtt)	iodoacetamide (iaa)	1	1	20220602_PIETILAINEN_SEC_GP_08_RULE1.raw.zip	ftp://ftp.pride.ebi.ac.uk/pride/data/archive/2025/05/PXD041584/20220602_PIETILAINEN_SEC_GP_08_RULE1.raw.zip	v1.1.0	NT=ms-proteomics;VV=v1.1.0	manual curation	stem
20220602_PIETILAINEN_SEC_GP_73_RULE1.raw.zip	homo sapiens	stem	not applicable	obesity	1	20220602_PIETILAINEN_SEC_GP_73_RULE1.raw.zip	proteomic profiling by mass spectrometry	NT=Data-dependent acquisition;AC=PRIDE:0000627	NT=label free sample;AC=MS:1002038	NT=synapt ms;AC=MS:1001782	NT=Carbamidomethyl;AC=UNIMOD:4;TA=C;MT=Fixed	NT=Trypsin;AC=MS:1001251	NT=collision-induced dissociation;AC=MS:1000133	dithiothreitol (dtt)	iodoacetamide (iaa)	1	1	20220602_PIETILAINEN_SEC_GP_73_RULE1.raw.zip	ftp://ftp.pride.ebi.ac.uk/pride/data/archive/2025/05/PXD041584/20220602_PIETILAINEN_SEC_GP_73_RULE1.raw.zip	v1.1.0	NT=ms-proteomics;VV=v1.1.0	manual curation	stem
20220207_GP_SEC_PIETILAINEN_100.raw.zip	homo sapiens	stem	not applicable	obesity	1	20220207_GP_SEC_PIETILAINEN_100.raw.zip	proteomic profiling by mass spectrometry	NT=Data-dependent acquisition;AC=PRIDE:0000627	NT=label free sample;AC=MS:1002038	NT=synapt ms;AC=MS:1001782	NT=Carbamidomethyl;AC=UNIMOD:4;TA=C;MT=Fixed	NT=Trypsin;AC=MS:1001251	NT=collision-induced dissociation;AC=MS:1000133	dithiothreitol (dtt)	iodoacetamide (iaa)	1	1	20220207_GP_SEC_PIETILAINEN_100.raw.zip	ftp://ftp.pride.ebi.ac.uk/pride/data/archive/2025/05/PXD041584/20220207_GP_SEC_PIETILAINEN_100.raw.zip	v1.1.0	NT=ms-proteomics;VV=v1.1.0	manual curation	stem
20220602_PIETILAINEN_SEC_GP_19_TOFMRM.raw.zip	homo sapiens	stem	not applicable	obesity	1	20220602_PIETILAINEN_SEC_GP_19_TOFMRM.raw.zip	proteomic profiling by mass spectrometry	NT=Data-dependent acquisition;AC=PRIDE:0000627	NT=label free sample;AC=MS:1002038	NT=synapt ms;AC=MS:1001782	NT=Carbamidomethyl;AC=UNIMOD:4;TA=C;MT=Fixed	NT=Trypsin;AC=MS:1001251	NT=collision-induced dissociation;AC=MS:1000133	dithiothreitol (dtt)	iodoacetamide (iaa)	1	1	20220602_PIETILAINEN_SEC_GP_19_TOFMRM.raw.zip	ftp://ftp.pride.ebi.ac.uk/pride/data/archive/2025/05/PXD041584/20220602_PIETILAINEN_SEC_GP_19_TOFMRM.raw.zip	v1.1.0	NT=ms-proteomics;VV=v1.1.0	manual curation	stem
20220602_PIETILAINEN_SEC_GP_67_RULE2.raw.zip	homo sapiens	stem	not applicable	obesity	1	20220602_PIETILAINEN_SEC_GP_67_RULE2.raw.zip	proteomic profiling by mass spectrometry	NT=Data-dependent acquisition;AC=PRIDE:0000627	NT=label free sample;AC=MS:1002038	NT=synapt ms;AC=MS:1001782	NT=Carbamidomethyl;AC=UNIMOD:4;TA=C;MT=Fixed	NT=Trypsin;AC=MS:1001251	NT=collision-induced dissociation;AC=MS:1000133	dithiothreitol (dtt)	iodoacetamide (iaa)	1	1	20220602_PIETILAINEN_SEC_GP_67_RULE2.raw.zip	ftp://ftp.pride.ebi.ac.uk/pride/data/archive/2025/05/PXD041584/20220602_PIETILAINEN_SEC_GP_67_RULE2.raw.zip	v1.1.0	NT=ms-proteomics;VV=v1.1.0	manual curation	stem
20220602_PIETILAINEN_SEC_GP_98_RULE1.raw.zip	homo sapiens	stem	not applicable	obesity	1	20220602_PIETILAINEN_SEC_GP_98_RULE1.raw.zip	proteomic profiling by mass spectrometry	NT=Data-dependent acquisition;AC=PRIDE:0000627	NT=label free sample;AC=MS:1002038	NT=synapt ms;AC=MS:1001782	NT=Carbamidomethyl;AC=UNIMOD:4;TA=C;MT=Fixed	NT=Trypsin;AC=MS:1001251	NT=collision-induced dissociation;AC=MS:1000133	dithiothreitol (dtt)	iodoacetamide (iaa)	1	1	20220602_PIETILAINEN_SEC_GP_98_RULE1.raw.zip	ftp://ftp.pride.ebi.ac.uk/pride/data/archive/2025/05/PXD041584/20220602_PIETILAINEN_SEC_GP_98_RULE1.raw.zip	v1.1.0	NT=ms-proteomics;VV=v1.1.0	manual curation	stem
20220207_GP_SEC_PIETILAINEN_06.raw.zip	homo sapiens	stem	not applicable	obesity	1	20220207_GP_SEC_PIETILAINEN_06.raw.zip	proteomic profiling by mass spectrometry	NT=Data-dependent acquisition;AC=PRIDE:0000627	NT=label free sample;AC=MS:1002038	NT=synapt ms;AC=MS:1001782	NT=Carbamidomethyl;AC=UNIMOD:4;TA=C;MT=Fixed	NT=Trypsin;AC=MS:1001251	NT=collision-induced dissociation;AC=MS:1000133	dithiothreitol (dtt)	iodoacetamide (iaa)	1	1	20220207_GP_SEC_PIETILAINEN_06.raw.zip	ftp://ftp.pride.ebi.ac.uk/pride/data/archive/2025/05/PXD041584/20220207_GP_SEC_PIETILAINEN_06.raw.zip	v1.1.0	NT=ms-proteomics;VV=v1.1.0	manual curation	stem
20220602_PIETILAINEN_SEC_GP_66_RULE2.raw.zip	homo sapiens	stem	not applicable	obesity	1	20220602_PIETILAINEN_SEC_GP_66_RULE2.raw.zip	proteomic profiling by mass spectrometry	NT=Data-dependent acquisition;AC=PRIDE:0000627	NT=label free sample;AC=MS:1002038	NT=synapt ms;AC=MS:1001782	NT=Carbamidomethyl;AC=UNIMOD:4;TA=C;MT=Fixed	NT=Trypsin;AC=MS:1001251	NT=collision-induced dissociation;AC=MS:1000133	dithiothreitol (dtt)	iodoacetamide (iaa)	1	1	20220602_PIETILAINEN_SEC_GP_66_RULE2.raw.zip	ftp://ftp.pride.ebi.ac.uk/pride/data/archive/2025/05/PXD041584/20220602_PIETILAINEN_SEC_GP_66_RULE2.raw.zip	v1.1.0	NT=ms-proteomics;VV=v1.1.0	manual curation	stem
20220602_PIETILAINEN_SEC_GP_33_RULE1.raw.zip	homo sapiens	stem	not applicable	obesity	1	20220602_PIETILAINEN_SEC_GP_33_RULE1.raw.zip	proteomic profiling by mass spectrometry	NT=Data-dependent acquisition;AC=PRIDE:0000627	NT=label free sample;AC=MS:1002038	NT=synapt ms;AC=MS:1001782	NT=Carbamidomethyl;AC=UNIMOD:4;TA=C;MT=Fixed	NT=Trypsin;AC=MS:1001251	NT=collision-induced dissociation;AC=MS:1000133	dithiothreitol (dtt)	iodoacetamide (iaa)	1	1	20220602_PIETILAINEN_SEC_GP_33_RULE1.raw.zip	ftp://ftp.pride.ebi.ac.uk/pride/data/archive/2025/05/PXD041584/20220602_PIETILAINEN_SEC_GP_33_RULE1.raw.zip	v1.1.0	NT=ms-proteomics;VV=v1.1.0	manual curation	stem
20220602_PIETILAINEN_SEC_GP_72_TOFMRM.raw.zip	homo sapiens	stem	not applicable	obesity	1	20220602_PIETILAINEN_SEC_GP_72_TOFMRM.raw.zip	proteomic profiling by mass spectrometry	NT=Data-dependent acquisition;AC=PRIDE:0000627	NT=label free sample;AC=MS:1002038	NT=synapt ms;AC=MS:1001782	NT=Carbamidomethyl;AC=UNIMOD:4;TA=C;MT=Fixed	NT=Trypsin;AC=MS:1001251	NT=collision-induced dissociation;AC=MS:1000133	dithiothreitol (dtt)	iodoacetamide (iaa)	1	1	20220602_PIETILAINEN_SEC_GP_72_TOFMRM.raw.zip	ftp://ftp.pride.ebi.ac.uk/pride/data/archive/2025/05/PXD041584/20220602_PIETILAINEN_SEC_GP_72_TOFMRM.raw.zip	v1.1.0	NT=ms-proteomics;VV=v1.1.0	manual curation	stem
20220602_PIETILAINEN_SEC_GP_45_RULE2.raw.zip	homo sapiens	stem	not applicable	obesity	1	20220602_PIETILAINEN_SEC_GP_45_RULE2.raw.zip	proteomic profiling by mass spectrometry	NT=Data-dependent acquisition;AC=PRIDE:0000627	NT=label free sample;AC=MS:1002038	NT=synapt ms;AC=MS:1001782	NT=Carbamidomethyl;AC=UNIMOD:4;TA=C;MT=Fixed	NT=Trypsin;AC=MS:1001251	NT=collision-induced dissociation;AC=MS:1000133	dithiothreitol (dtt)	iodoacetamide (iaa)	1	1	20220602_PIETILAINEN_SEC_GP_45_RULE2.raw.zip	ftp://ftp.pride.ebi.ac.uk/pride/data/archive/2025/05/PXD041584/20220602_PIETILAINEN_SEC_GP_45_RULE2.raw.zip	v1.1.0	NT=ms-proteomics;VV=v1.1.0	manual curation	stem
20220207_GP_SEC_PIETILAINEN_18.raw.zip	homo sapiens	stem	not applicable	obesity	1	20220207_GP_SEC_PIETILAINEN_18.raw.zip	proteomic profiling by mass spectrometry	NT=Data-dependent acquisition;AC=PRIDE:0000627	NT=label free sample;AC=MS:1002038	NT=synapt ms;AC=MS:1001782	NT=Carbamidomethyl;AC=UNIMOD:4;TA=C;MT=Fixed	NT=Trypsin;AC=MS:1001251	NT=collision-induced dissociation;AC=MS:1000133	dithiothreitol (dtt)	iodoacetamide (iaa)	1	1	20220207_GP_SEC_PIETILAINEN_18.raw.zip	ftp://ftp.pride.ebi.ac.uk/pride/data/archive/2025/05/PXD041584/20220207_GP_SEC_PIETILAINEN_18.raw.zip	v1.1.0	NT=ms-proteomics;VV=v1.1.0	manual curation	stem
20220602_PIETILAINEN_SEC_GP_53_RULE2.raw.zip	homo sapiens	stem	not applicable	obesity	1	20220602_PIETILAINEN_SEC_GP_53_RULE2.raw.zip	proteomic profiling by mass spectrometry	NT=Data-dependent acquisition;AC=PRIDE:0000627	NT=label free sample;AC=MS:1002038	NT=synapt ms;AC=MS:1001782	NT=Carbamidomethyl;AC=UNIMOD:4;TA=C;MT=Fixed	NT=Trypsin;AC=MS:1001251	NT=collision-induced dissociation;AC=MS:1000133	dithiothreitol (dtt)	iodoacetamide (iaa)	1	1	20220602_PIETILAINEN_SEC_GP_53_RULE2.raw.zip	ftp://ftp.pride.ebi.ac.uk/pride/data/archive/2025/05/PXD041584/20220602_PIETILAINEN_SEC_GP_53_RULE2.raw.zip	v1.1.0	NT=ms-proteomics;VV=v1.1.0	manual curation	stem
20220207_GP_SEC_PIETILAINEN_109.raw.zip	homo sapiens	stem	not applicable	obesity	1	20220207_GP_SEC_PIETILAINEN_109.raw.zip	proteomic profiling by mass spectrometry	NT=Data-dependent acquisition;AC=PRIDE:0000627	NT=label free sample;AC=MS:1002038	NT=synapt ms;AC=MS:1001782	NT=Carbamidomethyl;AC=UNIMOD:4;TA=C;MT=Fixed	NT=Trypsin;AC=MS:1001251	NT=collision-induced dissociation;AC=MS:1000133	dithiothreitol (dtt)	iodoacetamide (iaa)	1	1	20220207_GP_SEC_PIETILAINEN_109.raw.zip	ftp://ftp.pride.ebi.ac.uk/pride/data/archive/2025/05/PXD041584/20220207_GP_SEC_PIETILAINEN_109.raw.zip	v1.1.0	NT=ms-proteomics;VV=v1.1.0	manual curation	stem
20220602_PIETILAINEN_SEC_GP_77_RULE2.raw.zip	homo sapiens	stem	not applicable	obesity	1	20220602_PIETILAINEN_SEC_GP_77_RULE2.raw.zip	proteomic profiling by mass spectrometry	NT=Data-dependent acquisition;AC=PRIDE:0000627	NT=label free sample;AC=MS:1002038	NT=synapt ms;AC=MS:1001782	NT=Carbamidomethyl;AC=UNIMOD:4;TA=C;MT=Fixed	NT=Trypsin;AC=MS:1001251	NT=collision-induced dissociation;AC=MS:1000133	dithiothreitol (dtt)	iodoacetamide (iaa)	1	1	20220602_PIETILAINEN_SEC_GP_77_RULE2.raw.zip	ftp://ftp.pride.ebi.ac.uk/pride/data/archive/2025/05/PXD041584/20220602_PIETILAINEN_SEC_GP_77_RULE2.raw.zip	v1.1.0	NT=ms-proteomics;VV=v1.1.0	manual curation	stem
20220602_PIETILAINEN_SEC_GP_51_RULE1.raw.zip	homo sapiens	stem	not applicable	obesity	1	20220602_PIETILAINEN_SEC_GP_51_RULE1.raw.zip	proteomic profiling by mass spectrometry	NT=Data-dependent acquisition;AC=PRIDE:0000627	NT=label free sample;AC=MS:1002038	NT=synapt ms;AC=MS:1001782	NT=Carbamidomethyl;AC=UNIMOD:4;TA=C;MT=Fixed	NT=Trypsin;AC=MS:1001251	NT=collision-induced dissociation;AC=MS:1000133	dithiothreitol (dtt)	iodoacetamide (iaa)	1	1	20220602_PIETILAINEN_SEC_GP_51_RULE1.raw.zip	ftp://ftp.pride.ebi.ac.uk/pride/data/archive/2025/05/PXD041584/20220602_PIETILAINEN_SEC_GP_51_RULE1.raw.zip	v1.1.0	NT=ms-proteomics;VV=v1.1.0	manual curation	stem
20220207_GP_SEC_PIETILAINEN_30.raw.zip	homo sapiens	stem	not applicable	obesity	1	20220207_GP_SEC_PIETILAINEN_30.raw.zip	proteomic profiling by mass spectrometry	NT=Data-dependent acquisition;AC=PRIDE:0000627	NT=label free sample;AC=MS:1002038	NT=synapt ms;AC=MS:1001782	NT=Carbamidomethyl;AC=UNIMOD:4;TA=C;MT=Fixed	NT=Trypsin;AC=MS:1001251	NT=collision-induced dissociation;AC=MS:1000133	dithiothreitol (dtt)	iodoacetamide (iaa)	1	1	20220207_GP_SEC_PIETILAINEN_30.raw.zip	ftp://ftp.pride.ebi.ac.uk/pride/data/archive/2025/05/PXD041584/20220207_GP_SEC_PIETILAINEN_30.raw.zip	v1.1.0	NT=ms-proteomics;VV=v1.1.0	manual curation	stem
20220602_PIETILAINEN_SEC_GP_60_RULE2.raw.zip	homo sapiens	stem	not applicable	obesity	1	20220602_PIETILAINEN_SEC_GP_60_RULE2.raw.zip	proteomic profiling by mass spectrometry	NT=Data-dependent acquisition;AC=PRIDE:0000627	NT=label free sample;AC=MS:1002038	NT=synapt ms;AC=MS:1001782	NT=Carbamidomethyl;AC=UNIMOD:4;TA=C;MT=Fixed	NT=Trypsin;AC=MS:1001251	NT=collision-induced dissociation;AC=MS:1000133	dithiothreitol (dtt)	iodoacetamide (iaa)	1	1	20220602_PIETILAINEN_SEC_GP_60_RULE2.raw.zip	ftp://ftp.pride.ebi.ac.uk/pride/data/archive/2025/05/PXD041584/20220602_PIETILAINEN_SEC_GP_60_RULE2.raw.zip	v1.1.0	NT=ms-proteomics;VV=v1.1.0	manual curation	stem
20220207_GP_SEC_PIETILAINEN_44.raw.zip	homo sapiens	stem	not applicable	obesity	1	20220207_GP_SEC_PIETILAINEN_44.raw.zip	proteomic profiling by mass spectrometry	NT=Data-dependent acquisition;AC=PRIDE:0000627	NT=label free sample;AC=MS:1002038	NT=synapt ms;AC=MS:1001782	NT=Carbamidomethyl;AC=UNIMOD:4;TA=C;MT=Fixed	NT=Trypsin;AC=MS:1001251	NT=collision-induced dissociation;AC=MS:1000133	dithiothreitol (dtt)	iodoacetamide (iaa)	1	1	20220207_GP_SEC_PIETILAINEN_44.raw.zip	ftp://ftp.pride.ebi.ac.uk/pride/data/archive/2025/05/PXD041584/20220207_GP_SEC_PIETILAINEN_44.raw.zip	v1.1.0	NT=ms-proteomics;VV=v1.1.0	manual curation	stem
20220602_PIETILAINEN_SEC_GP_31_TOFMRM.raw.zip	homo sapiens	stem	not applicable	obesity	1	20220602_PIETILAINEN_SEC_GP_31_TOFMRM.raw.zip	proteomic profiling by mass spectrometry	NT=Data-dependent acquisition;AC=PRIDE:0000627	NT=label free sample;AC=MS:1002038	NT=synapt ms;AC=MS:1001782	NT=Carbamidomethyl;AC=UNIMOD:4;TA=C;MT=Fixed	NT=Trypsin;AC=MS:1001251	NT=collision-induced dissociation;AC=MS:1000133	dithiothreitol (dtt)	iodoacetamide (iaa)	1	1	20220602_PIETILAINEN_SEC_GP_31_TOFMRM.raw.zip	ftp://ftp.pride.ebi.ac.uk/pride/data/archive/2025/05/PXD041584/20220602_PIETILAINEN_SEC_GP_31_TOFMRM.raw.zip	v1.1.0	NT=ms-proteomics;VV=v1.1.0	manual curation	stem
20220602_PIETILAINEN_SEC_GP_99_RULE1.raw.zip	homo sapiens	stem	not applicable	obesity	1	20220602_PIETILAINEN_SEC_GP_99_RULE1.raw.zip	proteomic profiling by mass spectrometry	NT=Data-dependent acquisition;AC=PRIDE:0000627	NT=label free sample;AC=MS:1002038	NT=synapt ms;AC=MS:1001782	NT=Carbamidomethyl;AC=UNIMOD:4;TA=C;MT=Fixed	NT=Trypsin;AC=MS:1001251	NT=collision-induced dissociation;AC=MS:1000133	dithiothreitol (dtt)	iodoacetamide (iaa)	1	1	20220602_PIETILAINEN_SEC_GP_99_RULE1.raw.zip	ftp://ftp.pride.ebi.ac.uk/pride/data/archive/2025/05/PXD041584/20220602_PIETILAINEN_SEC_GP_99_RULE1.raw.zip	v1.1.0	NT=ms-proteomics;VV=v1.1.0	manual curation	stem
20220602_PIETILAINEN_SEC_GP_37_RULE2.raw.zip	homo sapiens	stem	not applicable	obesity	1	20220602_PIETILAINEN_SEC_GP_37_RULE2.raw.zip	proteomic profiling by mass spectrometry	NT=Data-dependent acquisition;AC=PRIDE:0000627	NT=label free sample;AC=MS:1002038	NT=synapt ms;AC=MS:1001782	NT=Carbamidomethyl;AC=UNIMOD:4;TA=C;MT=Fixed	NT=Trypsin;AC=MS:1001251	NT=collision-induced dissociation;AC=MS:1000133	dithiothreitol (dtt)	iodoacetamide (iaa)	1	1	20220602_PIETILAINEN_SEC_GP_37_RULE2.raw.zip	ftp://ftp.pride.ebi.ac.uk/pride/data/archive/2025/05/PXD041584/20220602_PIETILAINEN_SEC_GP_37_RULE2.raw.zip	v1.1.0	NT=ms-proteomics;VV=v1.1.0	manual curation	stem
20220602_PIETILAINEN_SEC_GP_114_RULE2.raw.zip	homo sapiens	stem	not applicable	obesity	1	20220602_PIETILAINEN_SEC_GP_114_RULE2.raw.zip	proteomic profiling by mass spectrometry	NT=Data-dependent acquisition;AC=PRIDE:0000627	NT=label free sample;AC=MS:1002038	NT=synapt ms;AC=MS:1001782	NT=Carbamidomethyl;AC=UNIMOD:4;TA=C;MT=Fixed	NT=Trypsin;AC=MS:1001251	NT=collision-induced dissociation;AC=MS:1000133	dithiothreitol (dtt)	iodoacetamide (iaa)	1	1	20220602_PIETILAINEN_SEC_GP_114_RULE2.raw.zip	ftp://ftp.pride.ebi.ac.uk/pride/data/archive/2025/05/PXD041584/20220602_PIETILAINEN_SEC_GP_114_RULE2.raw.zip	v1.1.0	NT=ms-proteomics;VV=v1.1.0	manual curation	stem
20220602_PIETILAINEN_SEC_GP_75_TOFMRM.raw.zip	homo sapiens	stem	not applicable	obesity	1	20220602_PIETILAINEN_SEC_GP_75_TOFMRM.raw.zip	proteomic profiling by mass spectrometry	NT=Data-dependent acquisition;AC=PRIDE:0000627	NT=label free sample;AC=MS:1002038	NT=synapt ms;AC=MS:1001782	NT=Carbamidomethyl;AC=UNIMOD:4;TA=C;MT=Fixed	NT=Trypsin;AC=MS:1001251	NT=collision-induced dissociation;AC=MS:1000133	dithiothreitol (dtt)	iodoacetamide (iaa)	1	1	20220602_PIETILAINEN_SEC_GP_75_TOFMRM.raw.zip	ftp://ftp.pride.ebi.ac.uk/pride/data/archive/2025/05/PXD041584/20220602_PIETILAINEN_SEC_GP_75_TOFMRM.raw.zip	v1.1.0	NT=ms-proteomics;VV=v1.1.0	manual curation	stem
20220602_PIETILAINEN_SEC_GP_111_RULE2.raw.zip	homo sapiens	stem	not applicable	obesity	1	20220602_PIETILAINEN_SEC_GP_111_RULE2.raw.zip	proteomic profiling by mass spectrometry	NT=Data-dependent acquisition;AC=PRIDE:0000627	NT=label free sample;AC=MS:1002038	NT=synapt ms;AC=MS:1001782	NT=Carbamidomethyl;AC=UNIMOD:4;TA=C;MT=Fixed	NT=Trypsin;AC=MS:1001251	NT=collision-induced dissociation;AC=MS:1000133	dithiothreitol (dtt)	iodoacetamide (iaa)	1	1	20220602_PIETILAINEN_SEC_GP_111_RULE2.raw.zip	ftp://ftp.pride.ebi.ac.uk/pride/data/archive/2025/05/PXD041584/20220602_PIETILAINEN_SEC_GP_111_RULE2.raw.zip	v1.1.0	NT=ms-proteomics;VV=v1.1.0	manual curation	stem
20220207_GP_SEC_PIETILAINEN_67.raw.zip	homo sapiens	stem	not applicable	obesity	1	20220207_GP_SEC_PIETILAINEN_67.raw.zip	proteomic profiling by mass spectrometry	NT=Data-dependent acquisition;AC=PRIDE:0000627	NT=label free sample;AC=MS:1002038	NT=synapt ms;AC=MS:1001782	NT=Carbamidomethyl;AC=UNIMOD:4;TA=C;MT=Fixed	NT=Trypsin;AC=MS:1001251	NT=collision-induced dissociation;AC=MS:1000133	dithiothreitol (dtt)	iodoacetamide (iaa)	1	1	20220207_GP_SEC_PIETILAINEN_67.raw.zip	ftp://ftp.pride.ebi.ac.uk/pride/data/archive/2025/05/PXD041584/20220207_GP_SEC_PIETILAINEN_67.raw.zip	v1.1.0	NT=ms-proteomics;VV=v1.1.0	manual curation	stem
20220602_PIETILAINEN_SEC_GP_82_TOFMRM.raw.zip	homo sapiens	stem	not applicable	obesity	1	20220602_PIETILAINEN_SEC_GP_82_TOFMRM.raw.zip	proteomic profiling by mass spectrometry	NT=Data-dependent acquisition;AC=PRIDE:0000627	NT=label free sample;AC=MS:1002038	NT=synapt ms;AC=MS:1001782	NT=Carbamidomethyl;AC=UNIMOD:4;TA=C;MT=Fixed	NT=Trypsin;AC=MS:1001251	NT=collision-induced dissociation;AC=MS:1000133	dithiothreitol (dtt)	iodoacetamide (iaa)	1	1	20220602_PIETILAINEN_SEC_GP_82_TOFMRM.raw.zip	ftp://ftp.pride.ebi.ac.uk/pride/data/archive/2025/05/PXD041584/20220602_PIETILAINEN_SEC_GP_82_TOFMRM.raw.zip	v1.1.0	NT=ms-proteomics;VV=v1.1.0	manual curation	stem
20220602_PIETILAINEN_SEC_GP_81_RULE1.raw.zip	homo sapiens	stem	not applicable	obesity	1	20220602_PIETILAINEN_SEC_GP_81_RULE1.raw.zip	proteomic profiling by mass spectrometry	NT=Data-dependent acquisition;AC=PRIDE:0000627	NT=label free sample;AC=MS:1002038	NT=synapt ms;AC=MS:1001782	NT=Carbamidomethyl;AC=UNIMOD:4;TA=C;MT=Fixed	NT=Trypsin;AC=MS:1001251	NT=collision-induced dissociation;AC=MS:1000133	dithiothreitol (dtt)	iodoacetamide (iaa)	1	1	20220602_PIETILAINEN_SEC_GP_81_RULE1.raw.zip	ftp://ftp.pride.ebi.ac.uk/pride/data/archive/2025/05/PXD041584/20220602_PIETILAINEN_SEC_GP_81_RULE1.raw.zip	v1.1.0	NT=ms-proteomics;VV=v1.1.0	manual curation	stem
20220602_PIETILAINEN_SEC_GP_104_TOFMRM.raw.zip	homo sapiens	stem	not applicable	obesity	1	20220602_PIETILAINEN_SEC_GP_104_TOFMRM.raw.zip	proteomic profiling by mass spectrometry	NT=Data-dependent acquisition;AC=PRIDE:0000627	NT=label free sample;AC=MS:1002038	NT=synapt ms;AC=MS:1001782	NT=Carbamidomethyl;AC=UNIMOD:4;TA=C;MT=Fixed	NT=Trypsin;AC=MS:1001251	NT=collision-induced dissociation;AC=MS:1000133	dithiothreitol (dtt)	iodoacetamide (iaa)	1	1	20220602_PIETILAINEN_SEC_GP_104_TOFMRM.raw.zip	ftp://ftp.pride.ebi.ac.uk/pride/data/archive/2025/05/PXD041584/20220602_PIETILAINEN_SEC_GP_104_TOFMRM.raw.zip	v1.1.0	NT=ms-proteomics;VV=v1.1.0	manual curation	stem
20220602_PIETILAINEN_SEC_GP_49_TOFMRM.raw.zip	homo sapiens	stem	not applicable	obesity	1	20220602_PIETILAINEN_SEC_GP_49_TOFMRM.raw.zip	proteomic profiling by mass spectrometry	NT=Data-dependent acquisition;AC=PRIDE:0000627	NT=label free sample;AC=MS:1002038	NT=synapt ms;AC=MS:1001782	NT=Carbamidomethyl;AC=UNIMOD:4;TA=C;MT=Fixed	NT=Trypsin;AC=MS:1001251	NT=collision-induced dissociation;AC=MS:1000133	dithiothreitol (dtt)	iodoacetamide (iaa)	1	1	20220602_PIETILAINEN_SEC_GP_49_TOFMRM.raw.zip	ftp://ftp.pride.ebi.ac.uk/pride/data/archive/2025/05/PXD041584/20220602_PIETILAINEN_SEC_GP_49_TOFMRM.raw.zip	v1.1.0	NT=ms-proteomics;VV=v1.1.0	manual curation	stem
20220602_PIETILAINEN_SEC_GP_78_RULE2.raw.zip	homo sapiens	stem	not applicable	obesity	1	20220602_PIETILAINEN_SEC_GP_78_RULE2.raw.zip	proteomic profiling by mass spectrometry	NT=Data-dependent acquisition;AC=PRIDE:0000627	NT=label free sample;AC=MS:1002038	NT=synapt ms;AC=MS:1001782	NT=Carbamidomethyl;AC=UNIMOD:4;TA=C;MT=Fixed	NT=Trypsin;AC=MS:1001251	NT=collision-induced dissociation;AC=MS:1000133	dithiothreitol (dtt)	iodoacetamide (iaa)	1	1	20220602_PIETILAINEN_SEC_GP_78_RULE2.raw.zip	ftp://ftp.pride.ebi.ac.uk/pride/data/archive/2025/05/PXD041584/20220602_PIETILAINEN_SEC_GP_78_RULE2.raw.zip	v1.1.0	NT=ms-proteomics;VV=v1.1.0	manual curation	stem
20220602_PIETILAINEN_SEC_GP_66_RULE1.raw.zip	homo sapiens	stem	not applicable	obesity	1	20220602_PIETILAINEN_SEC_GP_66_RULE1.raw.zip	proteomic profiling by mass spectrometry	NT=Data-dependent acquisition;AC=PRIDE:0000627	NT=label free sample;AC=MS:1002038	NT=synapt ms;AC=MS:1001782	NT=Carbamidomethyl;AC=UNIMOD:4;TA=C;MT=Fixed	NT=Trypsin;AC=MS:1001251	NT=collision-induced dissociation;AC=MS:1000133	dithiothreitol (dtt)	iodoacetamide (iaa)	1	1	20220602_PIETILAINEN_SEC_GP_66_RULE1.raw.zip	ftp://ftp.pride.ebi.ac.uk/pride/data/archive/2025/05/PXD041584/20220602_PIETILAINEN_SEC_GP_66_RULE1.raw.zip	v1.1.0	NT=ms-proteomics;VV=v1.1.0	manual curation	stem
20220207_GP_SEC_PIETILAINEN_120.raw.zip	homo sapiens	stem	not applicable	obesity	1	20220207_GP_SEC_PIETILAINEN_120.raw.zip	proteomic profiling by mass spectrometry	NT=Data-dependent acquisition;AC=PRIDE:0000627	NT=label free sample;AC=MS:1002038	NT=synapt ms;AC=MS:1001782	NT=Carbamidomethyl;AC=UNIMOD:4;TA=C;MT=Fixed	NT=Trypsin;AC=MS:1001251	NT=collision-induced dissociation;AC=MS:1000133	dithiothreitol (dtt)	iodoacetamide (iaa)	1	1	20220207_GP_SEC_PIETILAINEN_120.raw.zip	ftp://ftp.pride.ebi.ac.uk/pride/data/archive/2025/05/PXD041584/20220207_GP_SEC_PIETILAINEN_120.raw.zip	v1.1.0	NT=ms-proteomics;VV=v1.1.0	manual curation	stem
20220602_PIETILAINEN_SEC_GP_83_RULE1.raw.zip	homo sapiens	stem	not applicable	obesity	1	20220602_PIETILAINEN_SEC_GP_83_RULE1.raw.zip	proteomic profiling by mass spectrometry	NT=Data-dependent acquisition;AC=PRIDE:0000627	NT=label free sample;AC=MS:1002038	NT=synapt ms;AC=MS:1001782	NT=Carbamidomethyl;AC=UNIMOD:4;TA=C;MT=Fixed	NT=Trypsin;AC=MS:1001251	NT=collision-induced dissociation;AC=MS:1000133	dithiothreitol (dtt)	iodoacetamide (iaa)	1	1	20220602_PIETILAINEN_SEC_GP_83_RULE1.raw.zip	ftp://ftp.pride.ebi.ac.uk/pride/data/archive/2025/05/PXD041584/20220602_PIETILAINEN_SEC_GP_83_RULE1.raw.zip	v1.1.0	NT=ms-proteomics;VV=v1.1.0	manual curation	stem
20220602_PIETILAINEN_SEC_GP_01_TOFMRM.raw.zip	homo sapiens	stem	not applicable	obesity	1	20220602_PIETILAINEN_SEC_GP_01_TOFMRM.raw.zip	proteomic profiling by mass spectrometry	NT=Data-dependent acquisition;AC=PRIDE:0000627	NT=label free sample;AC=MS:1002038	NT=synapt ms;AC=MS:1001782	NT=Carbamidomethyl;AC=UNIMOD:4;TA=C;MT=Fixed	NT=Trypsin;AC=MS:1001251	NT=collision-induced dissociation;AC=MS:1000133	dithiothreitol (dtt)	iodoacetamide (iaa)	1	1	20220602_PIETILAINEN_SEC_GP_01_TOFMRM.raw.zip	ftp://ftp.pride.ebi.ac.uk/pride/data/archive/2025/05/PXD041584/20220602_PIETILAINEN_SEC_GP_01_TOFMRM.raw.zip	v1.1.0	NT=ms-proteomics;VV=v1.1.0	manual curation	stem
20220207_GP_SEC_PIETILAINEN_107.raw.zip	homo sapiens	stem	not applicable	obesity	1	20220207_GP_SEC_PIETILAINEN_107.raw.zip	proteomic profiling by mass spectrometry	NT=Data-dependent acquisition;AC=PRIDE:0000627	NT=label free sample;AC=MS:1002038	NT=synapt ms;AC=MS:1001782	NT=Carbamidomethyl;AC=UNIMOD:4;TA=C;MT=Fixed	NT=Trypsin;AC=MS:1001251	NT=collision-induced dissociation;AC=MS:1000133	dithiothreitol (dtt)	iodoacetamide (iaa)	1	1	20220207_GP_SEC_PIETILAINEN_107.raw.zip	ftp://ftp.pride.ebi.ac.uk/pride/data/archive/2025/05/PXD041584/20220207_GP_SEC_PIETILAINEN_107.raw.zip	v1.1.0	NT=ms-proteomics;VV=v1.1.0	manual curation	stem
20220207_GP_SEC_PIETILAINEN_115.raw.zip	homo sapiens	stem	not applicable	obesity	1	20220207_GP_SEC_PIETILAINEN_115.raw.zip	proteomic profiling by mass spectrometry	NT=Data-dependent acquisition;AC=PRIDE:0000627	NT=label free sample;AC=MS:1002038	NT=synapt ms;AC=MS:1001782	NT=Carbamidomethyl;AC=UNIMOD:4;TA=C;MT=Fixed	NT=Trypsin;AC=MS:1001251	NT=collision-induced dissociation;AC=MS:1000133	dithiothreitol (dtt)	iodoacetamide (iaa)	1	1	20220207_GP_SEC_PIETILAINEN_115.raw.zip	ftp://ftp.pride.ebi.ac.uk/pride/data/archive/2025/05/PXD041584/20220207_GP_SEC_PIETILAINEN_115.raw.zip	v1.1.0	NT=ms-proteomics;VV=v1.1.0	manual curation	stem
20220207_GP_SEC_PIETILAINEN_132.raw.zip	homo sapiens	stem	not applicable	obesity	1	20220207_GP_SEC_PIETILAINEN_132.raw.zip	proteomic profiling by mass spectrometry	NT=Data-dependent acquisition;AC=PRIDE:0000627	NT=label free sample;AC=MS:1002038	NT=synapt ms;AC=MS:1001782	NT=Carbamidomethyl;AC=UNIMOD:4;TA=C;MT=Fixed	NT=Trypsin;AC=MS:1001251	NT=collision-induced dissociation;AC=MS:1000133	dithiothreitol (dtt)	iodoacetamide (iaa)	1	1	20220207_GP_SEC_PIETILAINEN_132.raw.zip	ftp://ftp.pride.ebi.ac.uk/pride/data/archive/2025/05/PXD041584/20220207_GP_SEC_PIETILAINEN_132.raw.zip	v1.1.0	NT=ms-proteomics;VV=v1.1.0	manual curation	stem
20220602_PIETILAINEN_SEC_GP_97_RULE1.raw.zip	homo sapiens	stem	not applicable	obesity	1	20220602_PIETILAINEN_SEC_GP_97_RULE1.raw.zip	proteomic profiling by mass spectrometry	NT=Data-dependent acquisition;AC=PRIDE:0000627	NT=label free sample;AC=MS:1002038	NT=synapt ms;AC=MS:1001782	NT=Carbamidomethyl;AC=UNIMOD:4;TA=C;MT=Fixed	NT=Trypsin;AC=MS:1001251	NT=collision-induced dissociation;AC=MS:1000133	dithiothreitol (dtt)	iodoacetamide (iaa)	1	1	20220602_PIETILAINEN_SEC_GP_97_RULE1.raw.zip	ftp://ftp.pride.ebi.ac.uk/pride/data/archive/2025/05/PXD041584/20220602_PIETILAINEN_SEC_GP_97_RULE1.raw.zip	v1.1.0	NT=ms-proteomics;VV=v1.1.0	manual curation	stem
20220207_GP_SEC_PIETILAINEN_50.raw.zip	homo sapiens	stem	not applicable	obesity	1	20220207_GP_SEC_PIETILAINEN_50.raw.zip	proteomic profiling by mass spectrometry	NT=Data-dependent acquisition;AC=PRIDE:0000627	NT=label free sample;AC=MS:1002038	NT=synapt ms;AC=MS:1001782	NT=Carbamidomethyl;AC=UNIMOD:4;TA=C;MT=Fixed	NT=Trypsin;AC=MS:1001251	NT=collision-induced dissociation;AC=MS:1000133	dithiothreitol (dtt)	iodoacetamide (iaa)	1	1	20220207_GP_SEC_PIETILAINEN_50.raw.zip	ftp://ftp.pride.ebi.ac.uk/pride/data/archive/2025/05/PXD041584/20220207_GP_SEC_PIETILAINEN_50.raw.zip	v1.1.0	NT=ms-proteomics;VV=v1.1.0	manual curation	stem
20220207_GP_SEC_PIETILAINEN_85.raw.zip	homo sapiens	stem	not applicable	obesity	1	20220207_GP_SEC_PIETILAINEN_85.raw.zip	proteomic profiling by mass spectrometry	NT=Data-dependent acquisition;AC=PRIDE:0000627	NT=label free sample;AC=MS:1002038	NT=synapt ms;AC=MS:1001782	NT=Carbamidomethyl;AC=UNIMOD:4;TA=C;MT=Fixed	NT=Trypsin;AC=MS:1001251	NT=collision-induced dissociation;AC=MS:1000133	dithiothreitol (dtt)	iodoacetamide (iaa)	1	1	20220207_GP_SEC_PIETILAINEN_85.raw.zip	ftp://ftp.pride.ebi.ac.uk/pride/data/archive/2025/05/PXD041584/20220207_GP_SEC_PIETILAINEN_85.raw.zip	v1.1.0	NT=ms-proteomics;VV=v1.1.0	manual curation	stem
20220207_GP_SEC_PIETILAINEN_03.raw.zip	homo sapiens	stem	not applicable	obesity	1	20220207_GP_SEC_PIETILAINEN_03.raw.zip	proteomic profiling by mass spectrometry	NT=Data-dependent acquisition;AC=PRIDE:0000627	NT=label free sample;AC=MS:1002038	NT=synapt ms;AC=MS:1001782	NT=Carbamidomethyl;AC=UNIMOD:4;TA=C;MT=Fixed	NT=Trypsin;AC=MS:1001251	NT=collision-induced dissociation;AC=MS:1000133	dithiothreitol (dtt)	iodoacetamide (iaa)	1	1	20220207_GP_SEC_PIETILAINEN_03.raw.zip	ftp://ftp.pride.ebi.ac.uk/pride/data/archive/2025/05/PXD041584/20220207_GP_SEC_PIETILAINEN_03.raw.zip	v1.1.0	NT=ms-proteomics;VV=v1.1.0	manual curation	stem
20220207_GP_SEC_PIETILAINEN_47.raw.zip	homo sapiens	stem	not applicable	obesity	1	20220207_GP_SEC_PIETILAINEN_47.raw.zip	proteomic profiling by mass spectrometry	NT=Data-dependent acquisition;AC=PRIDE:0000627	NT=label free sample;AC=MS:1002038	NT=synapt ms;AC=MS:1001782	NT=Carbamidomethyl;AC=UNIMOD:4;TA=C;MT=Fixed	NT=Trypsin;AC=MS:1001251	NT=collision-induced dissociation;AC=MS:1000133	dithiothreitol (dtt)	iodoacetamide (iaa)	1	1	20220207_GP_SEC_PIETILAINEN_47.raw.zip	ftp://ftp.pride.ebi.ac.uk/pride/data/archive/2025/05/PXD041584/20220207_GP_SEC_PIETILAINEN_47.raw.zip	v1.1.0	NT=ms-proteomics;VV=v1.1.0	manual curation	stem
20220602_PIETILAINEN_SEC_GP_04_RULE1.raw.zip	homo sapiens	stem	not applicable	obesity	1	20220602_PIETILAINEN_SEC_GP_04_RULE1.raw.zip	proteomic profiling by mass spectrometry	NT=Data-dependent acquisition;AC=PRIDE:0000627	NT=label free sample;AC=MS:1002038	NT=synapt ms;AC=MS:1001782	NT=Carbamidomethyl;AC=UNIMOD:4;TA=C;MT=Fixed	NT=Trypsin;AC=MS:1001251	NT=collision-induced dissociation;AC=MS:1000133	dithiothreitol (dtt)	iodoacetamide (iaa)	1	1	20220602_PIETILAINEN_SEC_GP_04_RULE1.raw.zip	ftp://ftp.pride.ebi.ac.uk/pride/data/archive/2025/05/PXD041584/20220602_PIETILAINEN_SEC_GP_04_RULE1.raw.zip	v1.1.0	NT=ms-proteomics;VV=v1.1.0	manual curation	stem
20220602_PIETILAINEN_SEC_GP_02_RULE2.raw.zip	homo sapiens	stem	not applicable	obesity	1	20220602_PIETILAINEN_SEC_GP_02_RULE2.raw.zip	proteomic profiling by mass spectrometry	NT=Data-dependent acquisition;AC=PRIDE:0000627	NT=label free sample;AC=MS:1002038	NT=synapt ms;AC=MS:1001782	NT=Carbamidomethyl;AC=UNIMOD:4;TA=C;MT=Fixed	NT=Trypsin;AC=MS:1001251	NT=collision-induced dissociation;AC=MS:1000133	dithiothreitol (dtt)	iodoacetamide (iaa)	1	1	20220602_PIETILAINEN_SEC_GP_02_RULE2.raw.zip	ftp://ftp.pride.ebi.ac.uk/pride/data/archive/2025/05/PXD041584/20220602_PIETILAINEN_SEC_GP_02_RULE2.raw.zip	v1.1.0	NT=ms-proteomics;VV=v1.1.0	manual curation	stem
20220602_PIETILAINEN_SEC_GP_72_RULE2.raw.zip	homo sapiens	stem	not applicable	obesity	1	20220602_PIETILAINEN_SEC_GP_72_RULE2.raw.zip	proteomic profiling by mass spectrometry	NT=Data-dependent acquisition;AC=PRIDE:0000627	NT=label free sample;AC=MS:1002038	NT=synapt ms;AC=MS:1001782	NT=Carbamidomethyl;AC=UNIMOD:4;TA=C;MT=Fixed	NT=Trypsin;AC=MS:1001251	NT=collision-induced dissociation;AC=MS:1000133	dithiothreitol (dtt)	iodoacetamide (iaa)	1	1	20220602_PIETILAINEN_SEC_GP_72_RULE2.raw.zip	ftp://ftp.pride.ebi.ac.uk/pride/data/archive/2025/05/PXD041584/20220602_PIETILAINEN_SEC_GP_72_RULE2.raw.zip	v1.1.0	NT=ms-proteomics;VV=v1.1.0	manual curation	stem
20220602_PIETILAINEN_SEC_GP_110_TOFMRM.raw.zip	homo sapiens	stem	not applicable	obesity	1	20220602_PIETILAINEN_SEC_GP_110_TOFMRM.raw.zip	proteomic profiling by mass spectrometry	NT=Data-dependent acquisition;AC=PRIDE:0000627	NT=label free sample;AC=MS:1002038	NT=synapt ms;AC=MS:1001782	NT=Carbamidomethyl;AC=UNIMOD:4;TA=C;MT=Fixed	NT=Trypsin;AC=MS:1001251	NT=collision-induced dissociation;AC=MS:1000133	dithiothreitol (dtt)	iodoacetamide (iaa)	1	1	20220602_PIETILAINEN_SEC_GP_110_TOFMRM.raw.zip	ftp://ftp.pride.ebi.ac.uk/pride/data/archive/2025/05/PXD041584/20220602_PIETILAINEN_SEC_GP_110_TOFMRM.raw.zip	v1.1.0	NT=ms-proteomics;VV=v1.1.0	manual curation	stem
20220602_PIETILAINEN_SEC_GP_97_RULE2.raw.zip	homo sapiens	stem	not applicable	obesity	1	20220602_PIETILAINEN_SEC_GP_97_RULE2.raw.zip	proteomic profiling by mass spectrometry	NT=Data-dependent acquisition;AC=PRIDE:0000627	NT=label free sample;AC=MS:1002038	NT=synapt ms;AC=MS:1001782	NT=Carbamidomethyl;AC=UNIMOD:4;TA=C;MT=Fixed	NT=Trypsin;AC=MS:1001251	NT=collision-induced dissociation;AC=MS:1000133	dithiothreitol (dtt)	iodoacetamide (iaa)	1	1	20220602_PIETILAINEN_SEC_GP_97_RULE2.raw.zip	ftp://ftp.pride.ebi.ac.uk/pride/data/archive/2025/05/PXD041584/20220602_PIETILAINEN_SEC_GP_97_RULE2.raw.zip	v1.1.0	NT=ms-proteomics;VV=v1.1.0	manual curation	stem
20220207_GP_SEC_PIETILAINEN_32.raw.zip	homo sapiens	stem	not applicable	obesity	1	20220207_GP_SEC_PIETILAINEN_32.raw.zip	proteomic profiling by mass spectrometry	NT=Data-dependent acquisition;AC=PRIDE:0000627	NT=label free sample;AC=MS:1002038	NT=synapt ms;AC=MS:1001782	NT=Carbamidomethyl;AC=UNIMOD:4;TA=C;MT=Fixed	NT=Trypsin;AC=MS:1001251	NT=collision-induced dissociation;AC=MS:1000133	dithiothreitol (dtt)	iodoacetamide (iaa)	1	1	20220207_GP_SEC_PIETILAINEN_32.raw.zip	ftp://ftp.pride.ebi.ac.uk/pride/data/archive/2025/05/PXD041584/20220207_GP_SEC_PIETILAINEN_32.raw.zip	v1.1.0	NT=ms-proteomics;VV=v1.1.0	manual curation	stem
20220602_PIETILAINEN_SEC_GP_16_RULE1.raw.zip	homo sapiens	stem	not applicable	obesity	1	20220602_PIETILAINEN_SEC_GP_16_RULE1.raw.zip	proteomic profiling by mass spectrometry	NT=Data-dependent acquisition;AC=PRIDE:0000627	NT=label free sample;AC=MS:1002038	NT=synapt ms;AC=MS:1001782	NT=Carbamidomethyl;AC=UNIMOD:4;TA=C;MT=Fixed	NT=Trypsin;AC=MS:1001251	NT=collision-induced dissociation;AC=MS:1000133	dithiothreitol (dtt)	iodoacetamide (iaa)	1	1	20220602_PIETILAINEN_SEC_GP_16_RULE1.raw.zip	ftp://ftp.pride.ebi.ac.uk/pride/data/archive/2025/05/PXD041584/20220602_PIETILAINEN_SEC_GP_16_RULE1.raw.zip	v1.1.0	NT=ms-proteomics;VV=v1.1.0	manual curation	stem
20220207_GP_SEC_PIETILAINEN_69.raw.zip	homo sapiens	stem	not applicable	obesity	1	20220207_GP_SEC_PIETILAINEN_69.raw.zip	proteomic profiling by mass spectrometry	NT=Data-dependent acquisition;AC=PRIDE:0000627	NT=label free sample;AC=MS:1002038	NT=synapt ms;AC=MS:1001782	NT=Carbamidomethyl;AC=UNIMOD:4;TA=C;MT=Fixed	NT=Trypsin;AC=MS:1001251	NT=collision-induced dissociation;AC=MS:1000133	dithiothreitol (dtt)	iodoacetamide (iaa)	1	1	20220207_GP_SEC_PIETILAINEN_69.raw.zip	ftp://ftp.pride.ebi.ac.uk/pride/data/archive/2025/05/PXD041584/20220207_GP_SEC_PIETILAINEN_69.raw.zip	v1.1.0	NT=ms-proteomics;VV=v1.1.0	manual curation	stem
20220602_PIETILAINEN_SEC_GP_42_TOFMRM.raw.zip	homo sapiens	stem	not applicable	obesity	1	20220602_PIETILAINEN_SEC_GP_42_TOFMRM.raw.zip	proteomic profiling by mass spectrometry	NT=Data-dependent acquisition;AC=PRIDE:0000627	NT=label free sample;AC=MS:1002038	NT=synapt ms;AC=MS:1001782	NT=Carbamidomethyl;AC=UNIMOD:4;TA=C;MT=Fixed	NT=Trypsin;AC=MS:1001251	NT=collision-induced dissociation;AC=MS:1000133	dithiothreitol (dtt)	iodoacetamide (iaa)	1	1	20220602_PIETILAINEN_SEC_GP_42_TOFMRM.raw.zip	ftp://ftp.pride.ebi.ac.uk/pride/data/archive/2025/05/PXD041584/20220602_PIETILAINEN_SEC_GP_42_TOFMRM.raw.zip	v1.1.0	NT=ms-proteomics;VV=v1.1.0	manual curation	stem
20220207_GP_SEC_PIETILAINEN_99.raw.zip	homo sapiens	stem	not applicable	obesity	1	20220207_GP_SEC_PIETILAINEN_99.raw.zip	proteomic profiling by mass spectrometry	NT=Data-dependent acquisition;AC=PRIDE:0000627	NT=label free sample;AC=MS:1002038	NT=synapt ms;AC=MS:1001782	NT=Carbamidomethyl;AC=UNIMOD:4;TA=C;MT=Fixed	NT=Trypsin;AC=MS:1001251	NT=collision-induced dissociation;AC=MS:1000133	dithiothreitol (dtt)	iodoacetamide (iaa)	1	1	20220207_GP_SEC_PIETILAINEN_99.raw.zip	ftp://ftp.pride.ebi.ac.uk/pride/data/archive/2025/05/PXD041584/20220207_GP_SEC_PIETILAINEN_99.raw.zip	v1.1.0	NT=ms-proteomics;VV=v1.1.0	manual curation	stem
20220602_PIETILAINEN_SEC_GP_58_RULE2b.raw.zip	homo sapiens	stem	not applicable	obesity	1	20220602_PIETILAINEN_SEC_GP_58_RULE2b.raw.zip	proteomic profiling by mass spectrometry	NT=Data-dependent acquisition;AC=PRIDE:0000627	NT=label free sample;AC=MS:1002038	NT=synapt ms;AC=MS:1001782	NT=Carbamidomethyl;AC=UNIMOD:4;TA=C;MT=Fixed	NT=Trypsin;AC=MS:1001251	NT=collision-induced dissociation;AC=MS:1000133	dithiothreitol (dtt)	iodoacetamide (iaa)	1	1	20220602_PIETILAINEN_SEC_GP_58_RULE2b.raw.zip	ftp://ftp.pride.ebi.ac.uk/pride/data/archive/2025/05/PXD041584/20220602_PIETILAINEN_SEC_GP_58_RULE2b.raw.zip	v1.1.0	NT=ms-proteomics;VV=v1.1.0	manual curation	stem
20220207_GP_SEC_PIETILAINEN_70.raw.zip	homo sapiens	stem	not applicable	obesity	1	20220207_GP_SEC_PIETILAINEN_70.raw.zip	proteomic profiling by mass spectrometry	NT=Data-dependent acquisition;AC=PRIDE:0000627	NT=label free sample;AC=MS:1002038	NT=synapt ms;AC=MS:1001782	NT=Carbamidomethyl;AC=UNIMOD:4;TA=C;MT=Fixed	NT=Trypsin;AC=MS:1001251	NT=collision-induced dissociation;AC=MS:1000133	dithiothreitol (dtt)	iodoacetamide (iaa)	1	1	20220207_GP_SEC_PIETILAINEN_70.raw.zip	ftp://ftp.pride.ebi.ac.uk/pride/data/archive/2025/05/PXD041584/20220207_GP_SEC_PIETILAINEN_70.raw.zip	v1.1.0	NT=ms-proteomics;VV=v1.1.0	manual curation	stem
20220602_PIETILAINEN_SEC_GP_81_RULE2.raw.zip	homo sapiens	stem	not applicable	obesity	1	20220602_PIETILAINEN_SEC_GP_81_RULE2.raw.zip	proteomic profiling by mass spectrometry	NT=Data-dependent acquisition;AC=PRIDE:0000627	NT=label free sample;AC=MS:1002038	NT=synapt ms;AC=MS:1001782	NT=Carbamidomethyl;AC=UNIMOD:4;TA=C;MT=Fixed	NT=Trypsin;AC=MS:1001251	NT=collision-induced dissociation;AC=MS:1000133	dithiothreitol (dtt)	iodoacetamide (iaa)	1	1	20220602_PIETILAINEN_SEC_GP_81_RULE2.raw.zip	ftp://ftp.pride.ebi.ac.uk/pride/data/archive/2025/05/PXD041584/20220602_PIETILAINEN_SEC_GP_81_RULE2.raw.zip	v1.1.0	NT=ms-proteomics;VV=v1.1.0	manual curation	stem
20220602_PIETILAINEN_SEC_GP_74_TOFMRM.raw.zip	homo sapiens	stem	not applicable	obesity	1	20220602_PIETILAINEN_SEC_GP_74_TOFMRM.raw.zip	proteomic profiling by mass spectrometry	NT=Data-dependent acquisition;AC=PRIDE:0000627	NT=label free sample;AC=MS:1002038	NT=synapt ms;AC=MS:1001782	NT=Carbamidomethyl;AC=UNIMOD:4;TA=C;MT=Fixed	NT=Trypsin;AC=MS:1001251	NT=collision-induced dissociation;AC=MS:1000133	dithiothreitol (dtt)	iodoacetamide (iaa)	1	1	20220602_PIETILAINEN_SEC_GP_74_TOFMRM.raw.zip	ftp://ftp.pride.ebi.ac.uk/pride/data/archive/2025/05/PXD041584/20220602_PIETILAINEN_SEC_GP_74_TOFMRM.raw.zip	v1.1.0	NT=ms-proteomics;VV=v1.1.0	manual curation	stem
20220207_GP_SEC_PIETILAINEN_16.raw.zip	homo sapiens	stem	not applicable	obesity	1	20220207_GP_SEC_PIETILAINEN_16.raw.zip	proteomic profiling by mass spectrometry	NT=Data-dependent acquisition;AC=PRIDE:0000627	NT=label free sample;AC=MS:1002038	NT=synapt ms;AC=MS:1001782	NT=Carbamidomethyl;AC=UNIMOD:4;TA=C;MT=Fixed	NT=Trypsin;AC=MS:1001251	NT=collision-induced dissociation;AC=MS:1000133	dithiothreitol (dtt)	iodoacetamide (iaa)	1	1	20220207_GP_SEC_PIETILAINEN_16.raw.zip	ftp://ftp.pride.ebi.ac.uk/pride/data/archive/2025/05/PXD041584/20220207_GP_SEC_PIETILAINEN_16.raw.zip	v1.1.0	NT=ms-proteomics;VV=v1.1.0	manual curation	stem
20220602_PIETILAINEN_SEC_GP_78_RULE1.raw.zip	homo sapiens	stem	not applicable	obesity	1	20220602_PIETILAINEN_SEC_GP_78_RULE1.raw.zip	proteomic profiling by mass spectrometry	NT=Data-dependent acquisition;AC=PRIDE:0000627	NT=label free sample;AC=MS:1002038	NT=synapt ms;AC=MS:1001782	NT=Carbamidomethyl;AC=UNIMOD:4;TA=C;MT=Fixed	NT=Trypsin;AC=MS:1001251	NT=collision-induced dissociation;AC=MS:1000133	dithiothreitol (dtt)	iodoacetamide (iaa)	1	1	20220602_PIETILAINEN_SEC_GP_78_RULE1.raw.zip	ftp://ftp.pride.ebi.ac.uk/pride/data/archive/2025/05/PXD041584/20220602_PIETILAINEN_SEC_GP_78_RULE1.raw.zip	v1.1.0	NT=ms-proteomics;VV=v1.1.0	manual curation	stem
20220602_PIETILAINEN_SEC_GP_34_TOFMRM.raw.zip	homo sapiens	stem	not applicable	obesity	1	20220602_PIETILAINEN_SEC_GP_34_TOFMRM.raw.zip	proteomic profiling by mass spectrometry	NT=Data-dependent acquisition;AC=PRIDE:0000627	NT=label free sample;AC=MS:1002038	NT=synapt ms;AC=MS:1001782	NT=Carbamidomethyl;AC=UNIMOD:4;TA=C;MT=Fixed	NT=Trypsin;AC=MS:1001251	NT=collision-induced dissociation;AC=MS:1000133	dithiothreitol (dtt)	iodoacetamide (iaa)	1	1	20220602_PIETILAINEN_SEC_GP_34_TOFMRM.raw.zip	ftp://ftp.pride.ebi.ac.uk/pride/data/archive/2025/05/PXD041584/20220602_PIETILAINEN_SEC_GP_34_TOFMRM.raw.zip	v1.1.0	NT=ms-proteomics;VV=v1.1.0	manual curation	stem
20220602_PIETILAINEN_SEC_GP_90_RULE1.raw.zip	homo sapiens	stem	not applicable	obesity	1	20220602_PIETILAINEN_SEC_GP_90_RULE1.raw.zip	proteomic profiling by mass spectrometry	NT=Data-dependent acquisition;AC=PRIDE:0000627	NT=label free sample;AC=MS:1002038	NT=synapt ms;AC=MS:1001782	NT=Carbamidomethyl;AC=UNIMOD:4;TA=C;MT=Fixed	NT=Trypsin;AC=MS:1001251	NT=collision-induced dissociation;AC=MS:1000133	dithiothreitol (dtt)	iodoacetamide (iaa)	1	1	20220602_PIETILAINEN_SEC_GP_90_RULE1.raw.zip	ftp://ftp.pride.ebi.ac.uk/pride/data/archive/2025/05/PXD041584/20220602_PIETILAINEN_SEC_GP_90_RULE1.raw.zip	v1.1.0	NT=ms-proteomics;VV=v1.1.0	manual curation	stem
20220602_PIETILAINEN_SEC_GP_22_RULE1.raw.zip	homo sapiens	stem	not applicable	obesity	1	20220602_PIETILAINEN_SEC_GP_22_RULE1.raw.zip	proteomic profiling by mass spectrometry	NT=Data-dependent acquisition;AC=PRIDE:0000627	NT=label free sample;AC=MS:1002038	NT=synapt ms;AC=MS:1001782	NT=Carbamidomethyl;AC=UNIMOD:4;TA=C;MT=Fixed	NT=Trypsin;AC=MS:1001251	NT=collision-induced dissociation;AC=MS:1000133	dithiothreitol (dtt)	iodoacetamide (iaa)	1	1	20220602_PIETILAINEN_SEC_GP_22_RULE1.raw.zip	ftp://ftp.pride.ebi.ac.uk/pride/data/archive/2025/05/PXD041584/20220602_PIETILAINEN_SEC_GP_22_RULE1.raw.zip	v1.1.0	NT=ms-proteomics;VV=v1.1.0	manual curation	stem
20220207_GP_SEC_PIETILAINEN_122.raw.zip	homo sapiens	stem	not applicable	obesity	1	20220207_GP_SEC_PIETILAINEN_122.raw.zip	proteomic profiling by mass spectrometry	NT=Data-dependent acquisition;AC=PRIDE:0000627	NT=label free sample;AC=MS:1002038	NT=synapt ms;AC=MS:1001782	NT=Carbamidomethyl;AC=UNIMOD:4;TA=C;MT=Fixed	NT=Trypsin;AC=MS:1001251	NT=collision-induced dissociation;AC=MS:1000133	dithiothreitol (dtt)	iodoacetamide (iaa)	1	1	20220207_GP_SEC_PIETILAINEN_122.raw.zip	ftp://ftp.pride.ebi.ac.uk/pride/data/archive/2025/05/PXD041584/20220207_GP_SEC_PIETILAINEN_122.raw.zip	v1.1.0	NT=ms-proteomics;VV=v1.1.0	manual curation	stem
20220602_PIETILAINEN_SEC_GP_48_RULE2.raw.zip	homo sapiens	stem	not applicable	obesity	1	20220602_PIETILAINEN_SEC_GP_48_RULE2.raw.zip	proteomic profiling by mass spectrometry	NT=Data-dependent acquisition;AC=PRIDE:0000627	NT=label free sample;AC=MS:1002038	NT=synapt ms;AC=MS:1001782	NT=Carbamidomethyl;AC=UNIMOD:4;TA=C;MT=Fixed	NT=Trypsin;AC=MS:1001251	NT=collision-induced dissociation;AC=MS:1000133	dithiothreitol (dtt)	iodoacetamide (iaa)	1	1	20220602_PIETILAINEN_SEC_GP_48_RULE2.raw.zip	ftp://ftp.pride.ebi.ac.uk/pride/data/archive/2025/05/PXD041584/20220602_PIETILAINEN_SEC_GP_48_RULE2.raw.zip	v1.1.0	NT=ms-proteomics;VV=v1.1.0	manual curation	stem
20220207_GP_SEC_PIETILAINEN_59.raw.zip	homo sapiens	stem	not applicable	obesity	1	20220207_GP_SEC_PIETILAINEN_59.raw.zip	proteomic profiling by mass spectrometry	NT=Data-dependent acquisition;AC=PRIDE:0000627	NT=label free sample;AC=MS:1002038	NT=synapt ms;AC=MS:1001782	NT=Carbamidomethyl;AC=UNIMOD:4;TA=C;MT=Fixed	NT=Trypsin;AC=MS:1001251	NT=collision-induced dissociation;AC=MS:1000133	dithiothreitol (dtt)	iodoacetamide (iaa)	1	1	20220207_GP_SEC_PIETILAINEN_59.raw.zip	ftp://ftp.pride.ebi.ac.uk/pride/data/archive/2025/05/PXD041584/20220207_GP_SEC_PIETILAINEN_59.raw.zip	v1.1.0	NT=ms-proteomics;VV=v1.1.0	manual curation	stem
20220602_PIETILAINEN_SEC_GP_38_TOFMRM.raw.zip	homo sapiens	stem	not applicable	obesity	1	20220602_PIETILAINEN_SEC_GP_38_TOFMRM.raw.zip	proteomic profiling by mass spectrometry	NT=Data-dependent acquisition;AC=PRIDE:0000627	NT=label free sample;AC=MS:1002038	NT=synapt ms;AC=MS:1001782	NT=Carbamidomethyl;AC=UNIMOD:4;TA=C;MT=Fixed	NT=Trypsin;AC=MS:1001251	NT=collision-induced dissociation;AC=MS:1000133	dithiothreitol (dtt)	iodoacetamide (iaa)	1	1	20220602_PIETILAINEN_SEC_GP_38_TOFMRM.raw.zip	ftp://ftp.pride.ebi.ac.uk/pride/data/archive/2025/05/PXD041584/20220602_PIETILAINEN_SEC_GP_38_TOFMRM.raw.zip	v1.1.0	NT=ms-proteomics;VV=v1.1.0	manual curation	stem
20220602_PIETILAINEN_SEC_GP_60_TOFMRM.raw.zip	homo sapiens	stem	not applicable	obesity	1	20220602_PIETILAINEN_SEC_GP_60_TOFMRM.raw.zip	proteomic profiling by mass spectrometry	NT=Data-dependent acquisition;AC=PRIDE:0000627	NT=label free sample;AC=MS:1002038	NT=synapt ms;AC=MS:1001782	NT=Carbamidomethyl;AC=UNIMOD:4;TA=C;MT=Fixed	NT=Trypsin;AC=MS:1001251	NT=collision-induced dissociation;AC=MS:1000133	dithiothreitol (dtt)	iodoacetamide (iaa)	1	1	20220602_PIETILAINEN_SEC_GP_60_TOFMRM.raw.zip	ftp://ftp.pride.ebi.ac.uk/pride/data/archive/2025/05/PXD041584/20220602_PIETILAINEN_SEC_GP_60_TOFMRM.raw.zip	v1.1.0	NT=ms-proteomics;VV=v1.1.0	manual curation	stem
20220602_PIETILAINEN_SEC_GP_93_RULE1.raw.zip	homo sapiens	stem	not applicable	obesity	1	20220602_PIETILAINEN_SEC_GP_93_RULE1.raw.zip	proteomic profiling by mass spectrometry	NT=Data-dependent acquisition;AC=PRIDE:0000627	NT=label free sample;AC=MS:1002038	NT=synapt ms;AC=MS:1001782	NT=Carbamidomethyl;AC=UNIMOD:4;TA=C;MT=Fixed	NT=Trypsin;AC=MS:1001251	NT=collision-induced dissociation;AC=MS:1000133	dithiothreitol (dtt)	iodoacetamide (iaa)	1	1	20220602_PIETILAINEN_SEC_GP_93_RULE1.raw.zip	ftp://ftp.pride.ebi.ac.uk/pride/data/archive/2025/05/PXD041584/20220602_PIETILAINEN_SEC_GP_93_RULE1.raw.zip	v1.1.0	NT=ms-proteomics;VV=v1.1.0	manual curation	stem
20220602_PIETILAINEN_SEC_GP_100_RULE2.raw.zip	homo sapiens	stem	not applicable	obesity	1	20220602_PIETILAINEN_SEC_GP_100_RULE2.raw.zip	proteomic profiling by mass spectrometry	NT=Data-dependent acquisition;AC=PRIDE:0000627	NT=label free sample;AC=MS:1002038	NT=synapt ms;AC=MS:1001782	NT=Carbamidomethyl;AC=UNIMOD:4;TA=C;MT=Fixed	NT=Trypsin;AC=MS:1001251	NT=collision-induced dissociation;AC=MS:1000133	dithiothreitol (dtt)	iodoacetamide (iaa)	1	1	20220602_PIETILAINEN_SEC_GP_100_RULE2.raw.zip	ftp://ftp.pride.ebi.ac.uk/pride/data/archive/2025/05/PXD041584/20220602_PIETILAINEN_SEC_GP_100_RULE2.raw.zip	v1.1.0	NT=ms-proteomics;VV=v1.1.0	manual curation	stem
20220602_PIETILAINEN_SEC_GP_11_RULE1B.raw.zip	homo sapiens	stem	not applicable	obesity	1	20220602_PIETILAINEN_SEC_GP_11_RULE1B.raw.zip	proteomic profiling by mass spectrometry	NT=Data-dependent acquisition;AC=PRIDE:0000627	NT=label free sample;AC=MS:1002038	NT=synapt ms;AC=MS:1001782	NT=Carbamidomethyl;AC=UNIMOD:4;TA=C;MT=Fixed	NT=Trypsin;AC=MS:1001251	NT=collision-induced dissociation;AC=MS:1000133	dithiothreitol (dtt)	iodoacetamide (iaa)	1	1	20220602_PIETILAINEN_SEC_GP_11_RULE1B.raw.zip	ftp://ftp.pride.ebi.ac.uk/pride/data/archive/2025/05/PXD041584/20220602_PIETILAINEN_SEC_GP_11_RULE1B.raw.zip	v1.1.0	NT=ms-proteomics;VV=v1.1.0	manual curation	stem
20220602_PIETILAINEN_SEC_GP_107_RULE2.raw.zip	homo sapiens	stem	not applicable	obesity	1	20220602_PIETILAINEN_SEC_GP_107_RULE2.raw.zip	proteomic profiling by mass spectrometry	NT=Data-dependent acquisition;AC=PRIDE:0000627	NT=label free sample;AC=MS:1002038	NT=synapt ms;AC=MS:1001782	NT=Carbamidomethyl;AC=UNIMOD:4;TA=C;MT=Fixed	NT=Trypsin;AC=MS:1001251	NT=collision-induced dissociation;AC=MS:1000133	dithiothreitol (dtt)	iodoacetamide (iaa)	1	1	20220602_PIETILAINEN_SEC_GP_107_RULE2.raw.zip	ftp://ftp.pride.ebi.ac.uk/pride/data/archive/2025/05/PXD041584/20220602_PIETILAINEN_SEC_GP_107_RULE2.raw.zip	v1.1.0	NT=ms-proteomics;VV=v1.1.0	manual curation	stem
20220602_PIETILAINEN_SEC_GP_57_TOFMRM.raw.zip	homo sapiens	stem	not applicable	obesity	1	20220602_PIETILAINEN_SEC_GP_57_TOFMRM.raw.zip	proteomic profiling by mass spectrometry	NT=Data-dependent acquisition;AC=PRIDE:0000627	NT=label free sample;AC=MS:1002038	NT=synapt ms;AC=MS:1001782	NT=Carbamidomethyl;AC=UNIMOD:4;TA=C;MT=Fixed	NT=Trypsin;AC=MS:1001251	NT=collision-induced dissociation;AC=MS:1000133	dithiothreitol (dtt)	iodoacetamide (iaa)	1	1	20220602_PIETILAINEN_SEC_GP_57_TOFMRM.raw.zip	ftp://ftp.pride.ebi.ac.uk/pride/data/archive/2025/05/PXD041584/20220602_PIETILAINEN_SEC_GP_57_TOFMRM.raw.zip	v1.1.0	NT=ms-proteomics;VV=v1.1.0	manual curation	stem
20220207_GP_SEC_PIETILAINEN_65.raw.zip	homo sapiens	stem	not applicable	obesity	1	20220207_GP_SEC_PIETILAINEN_65.raw.zip	proteomic profiling by mass spectrometry	NT=Data-dependent acquisition;AC=PRIDE:0000627	NT=label free sample;AC=MS:1002038	NT=synapt ms;AC=MS:1001782	NT=Carbamidomethyl;AC=UNIMOD:4;TA=C;MT=Fixed	NT=Trypsin;AC=MS:1001251	NT=collision-induced dissociation;AC=MS:1000133	dithiothreitol (dtt)	iodoacetamide (iaa)	1	1	20220207_GP_SEC_PIETILAINEN_65.raw.zip	ftp://ftp.pride.ebi.ac.uk/pride/data/archive/2025/05/PXD041584/20220207_GP_SEC_PIETILAINEN_65.raw.zip	v1.1.0	NT=ms-proteomics;VV=v1.1.0	manual curation	stem
20220602_PIETILAINEN_SEC_GP_17_RULE2.raw.zip	homo sapiens	stem	not applicable	obesity	1	20220602_PIETILAINEN_SEC_GP_17_RULE2.raw.zip	proteomic profiling by mass spectrometry	NT=Data-dependent acquisition;AC=PRIDE:0000627	NT=label free sample;AC=MS:1002038	NT=synapt ms;AC=MS:1001782	NT=Carbamidomethyl;AC=UNIMOD:4;TA=C;MT=Fixed	NT=Trypsin;AC=MS:1001251	NT=collision-induced dissociation;AC=MS:1000133	dithiothreitol (dtt)	iodoacetamide (iaa)	1	1	20220602_PIETILAINEN_SEC_GP_17_RULE2.raw.zip	ftp://ftp.pride.ebi.ac.uk/pride/data/archive/2025/05/PXD041584/20220602_PIETILAINEN_SEC_GP_17_RULE2.raw.zip	v1.1.0	NT=ms-proteomics;VV=v1.1.0	manual curation	stem
20220602_PIETILAINEN_SEC_GP_11_RULE2.raw.zip	homo sapiens	stem	not applicable	obesity	1	20220602_PIETILAINEN_SEC_GP_11_RULE2.raw.zip	proteomic profiling by mass spectrometry	NT=Data-dependent acquisition;AC=PRIDE:0000627	NT=label free sample;AC=MS:1002038	NT=synapt ms;AC=MS:1001782	NT=Carbamidomethyl;AC=UNIMOD:4;TA=C;MT=Fixed	NT=Trypsin;AC=MS:1001251	NT=collision-induced dissociation;AC=MS:1000133	dithiothreitol (dtt)	iodoacetamide (iaa)	1	1	20220602_PIETILAINEN_SEC_GP_11_RULE2.raw.zip	ftp://ftp.pride.ebi.ac.uk/pride/data/archive/2025/05/PXD041584/20220602_PIETILAINEN_SEC_GP_11_RULE2.raw.zip	v1.1.0	NT=ms-proteomics;VV=v1.1.0	manual curation	stem
20220602_PIETILAINEN_SEC_GP_26_TOFMRM.raw.zip	homo sapiens	stem	not applicable	obesity	1	20220602_PIETILAINEN_SEC_GP_26_TOFMRM.raw.zip	proteomic profiling by mass spectrometry	NT=Data-dependent acquisition;AC=PRIDE:0000627	NT=label free sample;AC=MS:1002038	NT=synapt ms;AC=MS:1001782	NT=Carbamidomethyl;AC=UNIMOD:4;TA=C;MT=Fixed	NT=Trypsin;AC=MS:1001251	NT=collision-induced dissociation;AC=MS:1000133	dithiothreitol (dtt)	iodoacetamide (iaa)	1	1	20220602_PIETILAINEN_SEC_GP_26_TOFMRM.raw.zip	ftp://ftp.pride.ebi.ac.uk/pride/data/archive/2025/05/PXD041584/20220602_PIETILAINEN_SEC_GP_26_TOFMRM.raw.zip	v1.1.0	NT=ms-proteomics;VV=v1.1.0	manual curation	stem
20220602_PIETILAINEN_SEC_GP_10_RULE1.raw.zip	homo sapiens	stem	not applicable	obesity	1	20220602_PIETILAINEN_SEC_GP_10_RULE1.raw.zip	proteomic profiling by mass spectrometry	NT=Data-dependent acquisition;AC=PRIDE:0000627	NT=label free sample;AC=MS:1002038	NT=synapt ms;AC=MS:1001782	NT=Carbamidomethyl;AC=UNIMOD:4;TA=C;MT=Fixed	NT=Trypsin;AC=MS:1001251	NT=collision-induced dissociation;AC=MS:1000133	dithiothreitol (dtt)	iodoacetamide (iaa)	1	1	20220602_PIETILAINEN_SEC_GP_10_RULE1.raw.zip	ftp://ftp.pride.ebi.ac.uk/pride/data/archive/2025/05/PXD041584/20220602_PIETILAINEN_SEC_GP_10_RULE1.raw.zip	v1.1.0	NT=ms-proteomics;VV=v1.1.0	manual curation	stem
20220602_PIETILAINEN_SEC_GP_32_RULE2.raw.zip	homo sapiens	stem	not applicable	obesity	1	20220602_PIETILAINEN_SEC_GP_32_RULE2.raw.zip	proteomic profiling by mass spectrometry	NT=Data-dependent acquisition;AC=PRIDE:0000627	NT=label free sample;AC=MS:1002038	NT=synapt ms;AC=MS:1001782	NT=Carbamidomethyl;AC=UNIMOD:4;TA=C;MT=Fixed	NT=Trypsin;AC=MS:1001251	NT=collision-induced dissociation;AC=MS:1000133	dithiothreitol (dtt)	iodoacetamide (iaa)	1	1	20220602_PIETILAINEN_SEC_GP_32_RULE2.raw.zip	ftp://ftp.pride.ebi.ac.uk/pride/data/archive/2025/05/PXD041584/20220602_PIETILAINEN_SEC_GP_32_RULE2.raw.zip	v1.1.0	NT=ms-proteomics;VV=v1.1.0	manual curation	stem
20220207_GP_SEC_PIETILAINEN_83.raw.zip	homo sapiens	stem	not applicable	obesity	1	20220207_GP_SEC_PIETILAINEN_83.raw.zip	proteomic profiling by mass spectrometry	NT=Data-dependent acquisition;AC=PRIDE:0000627	NT=label free sample;AC=MS:1002038	NT=synapt ms;AC=MS:1001782	NT=Carbamidomethyl;AC=UNIMOD:4;TA=C;MT=Fixed	NT=Trypsin;AC=MS:1001251	NT=collision-induced dissociation;AC=MS:1000133	dithiothreitol (dtt)	iodoacetamide (iaa)	1	1	20220207_GP_SEC_PIETILAINEN_83.raw.zip	ftp://ftp.pride.ebi.ac.uk/pride/data/archive/2025/05/PXD041584/20220207_GP_SEC_PIETILAINEN_83.raw.zip	v1.1.0	NT=ms-proteomics;VV=v1.1.0	manual curation	stem
20220207_GP_SEC_PIETILAINEN_104.raw.zip	homo sapiens	stem	not applicable	obesity	1	20220207_GP_SEC_PIETILAINEN_104.raw.zip	proteomic profiling by mass spectrometry	NT=Data-dependent acquisition;AC=PRIDE:0000627	NT=label free sample;AC=MS:1002038	NT=synapt ms;AC=MS:1001782	NT=Carbamidomethyl;AC=UNIMOD:4;TA=C;MT=Fixed	NT=Trypsin;AC=MS:1001251	NT=collision-induced dissociation;AC=MS:1000133	dithiothreitol (dtt)	iodoacetamide (iaa)	1	1	20220207_GP_SEC_PIETILAINEN_104.raw.zip	ftp://ftp.pride.ebi.ac.uk/pride/data/archive/2025/05/PXD041584/20220207_GP_SEC_PIETILAINEN_104.raw.zip	v1.1.0	NT=ms-proteomics;VV=v1.1.0	manual curation	stem
20220602_PIETILAINEN_SEC_GP_41_TOFMRM.raw.zip	homo sapiens	stem	not applicable	obesity	1	20220602_PIETILAINEN_SEC_GP_41_TOFMRM.raw.zip	proteomic profiling by mass spectrometry	NT=Data-dependent acquisition;AC=PRIDE:0000627	NT=label free sample;AC=MS:1002038	NT=synapt ms;AC=MS:1001782	NT=Carbamidomethyl;AC=UNIMOD:4;TA=C;MT=Fixed	NT=Trypsin;AC=MS:1001251	NT=collision-induced dissociation;AC=MS:1000133	dithiothreitol (dtt)	iodoacetamide (iaa)	1	1	20220602_PIETILAINEN_SEC_GP_41_TOFMRM.raw.zip	ftp://ftp.pride.ebi.ac.uk/pride/data/archive/2025/05/PXD041584/20220602_PIETILAINEN_SEC_GP_41_TOFMRM.raw.zip	v1.1.0	NT=ms-proteomics;VV=v1.1.0	manual curation	stem
20220602_PIETILAINEN_SEC_GP_61_RULE2.raw.zip	homo sapiens	stem	not applicable	obesity	1	20220602_PIETILAINEN_SEC_GP_61_RULE2.raw.zip	proteomic profiling by mass spectrometry	NT=Data-dependent acquisition;AC=PRIDE:0000627	NT=label free sample;AC=MS:1002038	NT=synapt ms;AC=MS:1001782	NT=Carbamidomethyl;AC=UNIMOD:4;TA=C;MT=Fixed	NT=Trypsin;AC=MS:1001251	NT=collision-induced dissociation;AC=MS:1000133	dithiothreitol (dtt)	iodoacetamide (iaa)	1	1	20220602_PIETILAINEN_SEC_GP_61_RULE2.raw.zip	ftp://ftp.pride.ebi.ac.uk/pride/data/archive/2025/05/PXD041584/20220602_PIETILAINEN_SEC_GP_61_RULE2.raw.zip	v1.1.0	NT=ms-proteomics;VV=v1.1.0	manual curation	stem
20220602_PIETILAINEN_SEC_GP_96_TOFMRM.raw.zip	homo sapiens	stem	not applicable	obesity	1	20220602_PIETILAINEN_SEC_GP_96_TOFMRM.raw.zip	proteomic profiling by mass spectrometry	NT=Data-dependent acquisition;AC=PRIDE:0000627	NT=label free sample;AC=MS:1002038	NT=synapt ms;AC=MS:1001782	NT=Carbamidomethyl;AC=UNIMOD:4;TA=C;MT=Fixed	NT=Trypsin;AC=MS:1001251	NT=collision-induced dissociation;AC=MS:1000133	dithiothreitol (dtt)	iodoacetamide (iaa)	1	1	20220602_PIETILAINEN_SEC_GP_96_TOFMRM.raw.zip	ftp://ftp.pride.ebi.ac.uk/pride/data/archive/2025/05/PXD041584/20220602_PIETILAINEN_SEC_GP_96_TOFMRM.raw.zip	v1.1.0	NT=ms-proteomics;VV=v1.1.0	manual curation	stem
20220602_PIETILAINEN_SEC_GP_71_RULE1.raw.zip	homo sapiens	stem	not applicable	obesity	1	20220602_PIETILAINEN_SEC_GP_71_RULE1.raw.zip	proteomic profiling by mass spectrometry	NT=Data-dependent acquisition;AC=PRIDE:0000627	NT=label free sample;AC=MS:1002038	NT=synapt ms;AC=MS:1001782	NT=Carbamidomethyl;AC=UNIMOD:4;TA=C;MT=Fixed	NT=Trypsin;AC=MS:1001251	NT=collision-induced dissociation;AC=MS:1000133	dithiothreitol (dtt)	iodoacetamide (iaa)	1	1	20220602_PIETILAINEN_SEC_GP_71_RULE1.raw.zip	ftp://ftp.pride.ebi.ac.uk/pride/data/archive/2025/05/PXD041584/20220602_PIETILAINEN_SEC_GP_71_RULE1.raw.zip	v1.1.0	NT=ms-proteomics;VV=v1.1.0	manual curation	stem
20220602_PIETILAINEN_SEC_GP_19_RULE2.raw.zip	homo sapiens	stem	not applicable	obesity	1	20220602_PIETILAINEN_SEC_GP_19_RULE2.raw.zip	proteomic profiling by mass spectrometry	NT=Data-dependent acquisition;AC=PRIDE:0000627	NT=label free sample;AC=MS:1002038	NT=synapt ms;AC=MS:1001782	NT=Carbamidomethyl;AC=UNIMOD:4;TA=C;MT=Fixed	NT=Trypsin;AC=MS:1001251	NT=collision-induced dissociation;AC=MS:1000133	dithiothreitol (dtt)	iodoacetamide (iaa)	1	1	20220602_PIETILAINEN_SEC_GP_19_RULE2.raw.zip	ftp://ftp.pride.ebi.ac.uk/pride/data/archive/2025/05/PXD041584/20220602_PIETILAINEN_SEC_GP_19_RULE2.raw.zip	v1.1.0	NT=ms-proteomics;VV=v1.1.0	manual curation	stem
20220207_GP_SEC_PIETILAINEN_13.raw.zip	homo sapiens	stem	not applicable	obesity	1	20220207_GP_SEC_PIETILAINEN_13.raw.zip	proteomic profiling by mass spectrometry	NT=Data-dependent acquisition;AC=PRIDE:0000627	NT=label free sample;AC=MS:1002038	NT=synapt ms;AC=MS:1001782	NT=Carbamidomethyl;AC=UNIMOD:4;TA=C;MT=Fixed	NT=Trypsin;AC=MS:1001251	NT=collision-induced dissociation;AC=MS:1000133	dithiothreitol (dtt)	iodoacetamide (iaa)	1	1	20220207_GP_SEC_PIETILAINEN_13.raw.zip	ftp://ftp.pride.ebi.ac.uk/pride/data/archive/2025/05/PXD041584/20220207_GP_SEC_PIETILAINEN_13.raw.zip	v1.1.0	NT=ms-proteomics;VV=v1.1.0	manual curation	stem
20220207_GP_SEC_PIETILAINEN_15.raw.zip	homo sapiens	stem	not applicable	obesity	1	20220207_GP_SEC_PIETILAINEN_15.raw.zip	proteomic profiling by mass spectrometry	NT=Data-dependent acquisition;AC=PRIDE:0000627	NT=label free sample;AC=MS:1002038	NT=synapt ms;AC=MS:1001782	NT=Carbamidomethyl;AC=UNIMOD:4;TA=C;MT=Fixed	NT=Trypsin;AC=MS:1001251	NT=collision-induced dissociation;AC=MS:1000133	dithiothreitol (dtt)	iodoacetamide (iaa)	1	1	20220207_GP_SEC_PIETILAINEN_15.raw.zip	ftp://ftp.pride.ebi.ac.uk/pride/data/archive/2025/05/PXD041584/20220207_GP_SEC_PIETILAINEN_15.raw.zip	v1.1.0	NT=ms-proteomics;VV=v1.1.0	manual curation	stem
20220602_PIETILAINEN_SEC_GP_57_RULE1.raw.zip	homo sapiens	stem	not applicable	obesity	1	20220602_PIETILAINEN_SEC_GP_57_RULE1.raw.zip	proteomic profiling by mass spectrometry	NT=Data-dependent acquisition;AC=PRIDE:0000627	NT=label free sample;AC=MS:1002038	NT=synapt ms;AC=MS:1001782	NT=Carbamidomethyl;AC=UNIMOD:4;TA=C;MT=Fixed	NT=Trypsin;AC=MS:1001251	NT=collision-induced dissociation;AC=MS:1000133	dithiothreitol (dtt)	iodoacetamide (iaa)	1	1	20220602_PIETILAINEN_SEC_GP_57_RULE1.raw.zip	ftp://ftp.pride.ebi.ac.uk/pride/data/archive/2025/05/PXD041584/20220602_PIETILAINEN_SEC_GP_57_RULE1.raw.zip	v1.1.0	NT=ms-proteomics;VV=v1.1.0	manual curation	stem
20220602_PIETILAINEN_SEC_GP_51_TOFMRM.raw.zip	homo sapiens	stem	not applicable	obesity	1	20220602_PIETILAINEN_SEC_GP_51_TOFMRM.raw.zip	proteomic profiling by mass spectrometry	NT=Data-dependent acquisition;AC=PRIDE:0000627	NT=label free sample;AC=MS:1002038	NT=synapt ms;AC=MS:1001782	NT=Carbamidomethyl;AC=UNIMOD:4;TA=C;MT=Fixed	NT=Trypsin;AC=MS:1001251	NT=collision-induced dissociation;AC=MS:1000133	dithiothreitol (dtt)	iodoacetamide (iaa)	1	1	20220602_PIETILAINEN_SEC_GP_51_TOFMRM.raw.zip	ftp://ftp.pride.ebi.ac.uk/pride/data/archive/2025/05/PXD041584/20220602_PIETILAINEN_SEC_GP_51_TOFMRM.raw.zip	v1.1.0	NT=ms-proteomics;VV=v1.1.0	manual curation	stem
20220602_PIETILAINEN_SEC_GP_50_RULE1.raw.zip	homo sapiens	stem	not applicable	obesity	1	20220602_PIETILAINEN_SEC_GP_50_RULE1.raw.zip	proteomic profiling by mass spectrometry	NT=Data-dependent acquisition;AC=PRIDE:0000627	NT=label free sample;AC=MS:1002038	NT=synapt ms;AC=MS:1001782	NT=Carbamidomethyl;AC=UNIMOD:4;TA=C;MT=Fixed	NT=Trypsin;AC=MS:1001251	NT=collision-induced dissociation;AC=MS:1000133	dithiothreitol (dtt)	iodoacetamide (iaa)	1	1	20220602_PIETILAINEN_SEC_GP_50_RULE1.raw.zip	ftp://ftp.pride.ebi.ac.uk/pride/data/archive/2025/05/PXD041584/20220602_PIETILAINEN_SEC_GP_50_RULE1.raw.zip	v1.1.0	NT=ms-proteomics;VV=v1.1.0	manual curation	stem
20220602_PIETILAINEN_SEC_GP_107_RULE1.raw.zip	homo sapiens	stem	not applicable	obesity	1	20220602_PIETILAINEN_SEC_GP_107_RULE1.raw.zip	proteomic profiling by mass spectrometry	NT=Data-dependent acquisition;AC=PRIDE:0000627	NT=label free sample;AC=MS:1002038	NT=synapt ms;AC=MS:1001782	NT=Carbamidomethyl;AC=UNIMOD:4;TA=C;MT=Fixed	NT=Trypsin;AC=MS:1001251	NT=collision-induced dissociation;AC=MS:1000133	dithiothreitol (dtt)	iodoacetamide (iaa)	1	1	20220602_PIETILAINEN_SEC_GP_107_RULE1.raw.zip	ftp://ftp.pride.ebi.ac.uk/pride/data/archive/2025/05/PXD041584/20220602_PIETILAINEN_SEC_GP_107_RULE1.raw.zip	v1.1.0	NT=ms-proteomics;VV=v1.1.0	manual curation	stem
20220602_PIETILAINEN_SEC_GP_53_RULE1.raw.zip	homo sapiens	stem	not applicable	obesity	1	20220602_PIETILAINEN_SEC_GP_53_RULE1.raw.zip	proteomic profiling by mass spectrometry	NT=Data-dependent acquisition;AC=PRIDE:0000627	NT=label free sample;AC=MS:1002038	NT=synapt ms;AC=MS:1001782	NT=Carbamidomethyl;AC=UNIMOD:4;TA=C;MT=Fixed	NT=Trypsin;AC=MS:1001251	NT=collision-induced dissociation;AC=MS:1000133	dithiothreitol (dtt)	iodoacetamide (iaa)	1	1	20220602_PIETILAINEN_SEC_GP_53_RULE1.raw.zip	ftp://ftp.pride.ebi.ac.uk/pride/data/archive/2025/05/PXD041584/20220602_PIETILAINEN_SEC_GP_53_RULE1.raw.zip	v1.1.0	NT=ms-proteomics;VV=v1.1.0	manual curation	stem
20220207_GP_SEC_PIETILAINEN_97.raw.zip	homo sapiens	stem	not applicable	obesity	1	20220207_GP_SEC_PIETILAINEN_97.raw.zip	proteomic profiling by mass spectrometry	NT=Data-dependent acquisition;AC=PRIDE:0000627	NT=label free sample;AC=MS:1002038	NT=synapt ms;AC=MS:1001782	NT=Carbamidomethyl;AC=UNIMOD:4;TA=C;MT=Fixed	NT=Trypsin;AC=MS:1001251	NT=collision-induced dissociation;AC=MS:1000133	dithiothreitol (dtt)	iodoacetamide (iaa)	1	1	20220207_GP_SEC_PIETILAINEN_97.raw.zip	ftp://ftp.pride.ebi.ac.uk/pride/data/archive/2025/05/PXD041584/20220207_GP_SEC_PIETILAINEN_97.raw.zip	v1.1.0	NT=ms-proteomics;VV=v1.1.0	manual curation	stem
20220207_GP_SEC_PIETILAINEN_101.raw.zip	homo sapiens	stem	not applicable	obesity	1	20220207_GP_SEC_PIETILAINEN_101.raw.zip	proteomic profiling by mass spectrometry	NT=Data-dependent acquisition;AC=PRIDE:0000627	NT=label free sample;AC=MS:1002038	NT=synapt ms;AC=MS:1001782	NT=Carbamidomethyl;AC=UNIMOD:4;TA=C;MT=Fixed	NT=Trypsin;AC=MS:1001251	NT=collision-induced dissociation;AC=MS:1000133	dithiothreitol (dtt)	iodoacetamide (iaa)	1	1	20220207_GP_SEC_PIETILAINEN_101.raw.zip	ftp://ftp.pride.ebi.ac.uk/pride/data/archive/2025/05/PXD041584/20220207_GP_SEC_PIETILAINEN_101.raw.zip	v1.1.0	NT=ms-proteomics;VV=v1.1.0	manual curation	stem
20220207_GP_SEC_PIETILAINEN_81.raw.zip	homo sapiens	stem	not applicable	obesity	1	20220207_GP_SEC_PIETILAINEN_81.raw.zip	proteomic profiling by mass spectrometry	NT=Data-dependent acquisition;AC=PRIDE:0000627	NT=label free sample;AC=MS:1002038	NT=synapt ms;AC=MS:1001782	NT=Carbamidomethyl;AC=UNIMOD:4;TA=C;MT=Fixed	NT=Trypsin;AC=MS:1001251	NT=collision-induced dissociation;AC=MS:1000133	dithiothreitol (dtt)	iodoacetamide (iaa)	1	1	20220207_GP_SEC_PIETILAINEN_81.raw.zip	ftp://ftp.pride.ebi.ac.uk/pride/data/archive/2025/05/PXD041584/20220207_GP_SEC_PIETILAINEN_81.raw.zip	v1.1.0	NT=ms-proteomics;VV=v1.1.0	manual curation	stem
20220602_PIETILAINEN_SEC_GP_10_TOFMRM.raw.zip	homo sapiens	stem	not applicable	obesity	1	20220602_PIETILAINEN_SEC_GP_10_TOFMRM.raw.zip	proteomic profiling by mass spectrometry	NT=Data-dependent acquisition;AC=PRIDE:0000627	NT=label free sample;AC=MS:1002038	NT=synapt ms;AC=MS:1001782	NT=Carbamidomethyl;AC=UNIMOD:4;TA=C;MT=Fixed	NT=Trypsin;AC=MS:1001251	NT=collision-induced dissociation;AC=MS:1000133	dithiothreitol (dtt)	iodoacetamide (iaa)	1	1	20220602_PIETILAINEN_SEC_GP_10_TOFMRM.raw.zip	ftp://ftp.pride.ebi.ac.uk/pride/data/archive/2025/05/PXD041584/20220602_PIETILAINEN_SEC_GP_10_TOFMRM.raw.zip	v1.1.0	NT=ms-proteomics;VV=v1.1.0	manual curation	stem
20220602_PIETILAINEN_SEC_GP_13_RULE1.raw.zip	homo sapiens	stem	not applicable	obesity	1	20220602_PIETILAINEN_SEC_GP_13_RULE1.raw.zip	proteomic profiling by mass spectrometry	NT=Data-dependent acquisition;AC=PRIDE:0000627	NT=label free sample;AC=MS:1002038	NT=synapt ms;AC=MS:1001782	NT=Carbamidomethyl;AC=UNIMOD:4;TA=C;MT=Fixed	NT=Trypsin;AC=MS:1001251	NT=collision-induced dissociation;AC=MS:1000133	dithiothreitol (dtt)	iodoacetamide (iaa)	1	1	20220602_PIETILAINEN_SEC_GP_13_RULE1.raw.zip	ftp://ftp.pride.ebi.ac.uk/pride/data/archive/2025/05/PXD041584/20220602_PIETILAINEN_SEC_GP_13_RULE1.raw.zip	v1.1.0	NT=ms-proteomics;VV=v1.1.0	manual curation	stem
20220602_PIETILAINEN_SEC_GP_54_RULE2.raw.zip	homo sapiens	stem	not applicable	obesity	1	20220602_PIETILAINEN_SEC_GP_54_RULE2.raw.zip	proteomic profiling by mass spectrometry	NT=Data-dependent acquisition;AC=PRIDE:0000627	NT=label free sample;AC=MS:1002038	NT=synapt ms;AC=MS:1001782	NT=Carbamidomethyl;AC=UNIMOD:4;TA=C;MT=Fixed	NT=Trypsin;AC=MS:1001251	NT=collision-induced dissociation;AC=MS:1000133	dithiothreitol (dtt)	iodoacetamide (iaa)	1	1	20220602_PIETILAINEN_SEC_GP_54_RULE2.raw.zip	ftp://ftp.pride.ebi.ac.uk/pride/data/archive/2025/05/PXD041584/20220602_PIETILAINEN_SEC_GP_54_RULE2.raw.zip	v1.1.0	NT=ms-proteomics;VV=v1.1.0	manual curation	stem
20220602_PIETILAINEN_SEC_GP_54_TOFMRM.raw.zip	homo sapiens	stem	not applicable	obesity	1	20220602_PIETILAINEN_SEC_GP_54_TOFMRM.raw.zip	proteomic profiling by mass spectrometry	NT=Data-dependent acquisition;AC=PRIDE:0000627	NT=label free sample;AC=MS:1002038	NT=synapt ms;AC=MS:1001782	NT=Carbamidomethyl;AC=UNIMOD:4;TA=C;MT=Fixed	NT=Trypsin;AC=MS:1001251	NT=collision-induced dissociation;AC=MS:1000133	dithiothreitol (dtt)	iodoacetamide (iaa)	1	1	20220602_PIETILAINEN_SEC_GP_54_TOFMRM.raw.zip	ftp://ftp.pride.ebi.ac.uk/pride/data/archive/2025/05/PXD041584/20220602_PIETILAINEN_SEC_GP_54_TOFMRM.raw.zip	v1.1.0	NT=ms-proteomics;VV=v1.1.0	manual curation	stem
20220602_PIETILAINEN_SEC_GP_78_TOFMRM.raw.zip	homo sapiens	stem	not applicable	obesity	1	20220602_PIETILAINEN_SEC_GP_78_TOFMRM.raw.zip	proteomic profiling by mass spectrometry	NT=Data-dependent acquisition;AC=PRIDE:0000627	NT=label free sample;AC=MS:1002038	NT=synapt ms;AC=MS:1001782	NT=Carbamidomethyl;AC=UNIMOD:4;TA=C;MT=Fixed	NT=Trypsin;AC=MS:1001251	NT=collision-induced dissociation;AC=MS:1000133	dithiothreitol (dtt)	iodoacetamide (iaa)	1	1	20220602_PIETILAINEN_SEC_GP_78_TOFMRM.raw.zip	ftp://ftp.pride.ebi.ac.uk/pride/data/archive/2025/05/PXD041584/20220602_PIETILAINEN_SEC_GP_78_TOFMRM.raw.zip	v1.1.0	NT=ms-proteomics;VV=v1.1.0	manual curation	stem
20220602_PIETILAINEN_SEC_GP_77_RULE1.raw.zip	homo sapiens	stem	not applicable	obesity	1	20220602_PIETILAINEN_SEC_GP_77_RULE1.raw.zip	proteomic profiling by mass spectrometry	NT=Data-dependent acquisition;AC=PRIDE:0000627	NT=label free sample;AC=MS:1002038	NT=synapt ms;AC=MS:1001782	NT=Carbamidomethyl;AC=UNIMOD:4;TA=C;MT=Fixed	NT=Trypsin;AC=MS:1001251	NT=collision-induced dissociation;AC=MS:1000133	dithiothreitol (dtt)	iodoacetamide (iaa)	1	1	20220602_PIETILAINEN_SEC_GP_77_RULE1.raw.zip	ftp://ftp.pride.ebi.ac.uk/pride/data/archive/2025/05/PXD041584/20220602_PIETILAINEN_SEC_GP_77_RULE1.raw.zip	v1.1.0	NT=ms-proteomics;VV=v1.1.0	manual curation	stem
20220602_PIETILAINEN_SEC_GP_52_TOFMRM.raw.zip	homo sapiens	stem	not applicable	obesity	1	20220602_PIETILAINEN_SEC_GP_52_TOFMRM.raw.zip	proteomic profiling by mass spectrometry	NT=Data-dependent acquisition;AC=PRIDE:0000627	NT=label free sample;AC=MS:1002038	NT=synapt ms;AC=MS:1001782	NT=Carbamidomethyl;AC=UNIMOD:4;TA=C;MT=Fixed	NT=Trypsin;AC=MS:1001251	NT=collision-induced dissociation;AC=MS:1000133	dithiothreitol (dtt)	iodoacetamide (iaa)	1	1	20220602_PIETILAINEN_SEC_GP_52_TOFMRM.raw.zip	ftp://ftp.pride.ebi.ac.uk/pride/data/archive/2025/05/PXD041584/20220602_PIETILAINEN_SEC_GP_52_TOFMRM.raw.zip	v1.1.0	NT=ms-proteomics;VV=v1.1.0	manual curation	stem
20220602_PIETILAINEN_SEC_GP_90_RULE2.raw.zip	homo sapiens	stem	not applicable	obesity	1	20220602_PIETILAINEN_SEC_GP_90_RULE2.raw.zip	proteomic profiling by mass spectrometry	NT=Data-dependent acquisition;AC=PRIDE:0000627	NT=label free sample;AC=MS:1002038	NT=synapt ms;AC=MS:1001782	NT=Carbamidomethyl;AC=UNIMOD:4;TA=C;MT=Fixed	NT=Trypsin;AC=MS:1001251	NT=collision-induced dissociation;AC=MS:1000133	dithiothreitol (dtt)	iodoacetamide (iaa)	1	1	20220602_PIETILAINEN_SEC_GP_90_RULE2.raw.zip	ftp://ftp.pride.ebi.ac.uk/pride/data/archive/2025/05/PXD041584/20220602_PIETILAINEN_SEC_GP_90_RULE2.raw.zip	v1.1.0	NT=ms-proteomics;VV=v1.1.0	manual curation	stem
20220602_PIETILAINEN_SEC_GP_26_RULE2.raw.zip	homo sapiens	stem	not applicable	obesity	1	20220602_PIETILAINEN_SEC_GP_26_RULE2.raw.zip	proteomic profiling by mass spectrometry	NT=Data-dependent acquisition;AC=PRIDE:0000627	NT=label free sample;AC=MS:1002038	NT=synapt ms;AC=MS:1001782	NT=Carbamidomethyl;AC=UNIMOD:4;TA=C;MT=Fixed	NT=Trypsin;AC=MS:1001251	NT=collision-induced dissociation;AC=MS:1000133	dithiothreitol (dtt)	iodoacetamide (iaa)	1	1	20220602_PIETILAINEN_SEC_GP_26_RULE2.raw.zip	ftp://ftp.pride.ebi.ac.uk/pride/data/archive/2025/05/PXD041584/20220602_PIETILAINEN_SEC_GP_26_RULE2.raw.zip	v1.1.0	NT=ms-proteomics;VV=v1.1.0	manual curation	stem
20220602_PIETILAINEN_SEC_GP_43_RULE2.raw.zip	homo sapiens	stem	not applicable	obesity	1	20220602_PIETILAINEN_SEC_GP_43_RULE2.raw.zip	proteomic profiling by mass spectrometry	NT=Data-dependent acquisition;AC=PRIDE:0000627	NT=label free sample;AC=MS:1002038	NT=synapt ms;AC=MS:1001782	NT=Carbamidomethyl;AC=UNIMOD:4;TA=C;MT=Fixed	NT=Trypsin;AC=MS:1001251	NT=collision-induced dissociation;AC=MS:1000133	dithiothreitol (dtt)	iodoacetamide (iaa)	1	1	20220602_PIETILAINEN_SEC_GP_43_RULE2.raw.zip	ftp://ftp.pride.ebi.ac.uk/pride/data/archive/2025/05/PXD041584/20220602_PIETILAINEN_SEC_GP_43_RULE2.raw.zip	v1.1.0	NT=ms-proteomics;VV=v1.1.0	manual curation	stem
20220602_PIETILAINEN_SEC_GP_30_RULE1.raw.zip	homo sapiens	stem	not applicable	obesity	1	20220602_PIETILAINEN_SEC_GP_30_RULE1.raw.zip	proteomic profiling by mass spectrometry	NT=Data-dependent acquisition;AC=PRIDE:0000627	NT=label free sample;AC=MS:1002038	NT=synapt ms;AC=MS:1001782	NT=Carbamidomethyl;AC=UNIMOD:4;TA=C;MT=Fixed	NT=Trypsin;AC=MS:1001251	NT=collision-induced dissociation;AC=MS:1000133	dithiothreitol (dtt)	iodoacetamide (iaa)	1	1	20220602_PIETILAINEN_SEC_GP_30_RULE1.raw.zip	ftp://ftp.pride.ebi.ac.uk/pride/data/archive/2025/05/PXD041584/20220602_PIETILAINEN_SEC_GP_30_RULE1.raw.zip	v1.1.0	NT=ms-proteomics;VV=v1.1.0	manual curation	stem
20220602_PIETILAINEN_SEC_GP_37_TOFMRM.raw.zip	homo sapiens	stem	not applicable	obesity	1	20220602_PIETILAINEN_SEC_GP_37_TOFMRM.raw.zip	proteomic profiling by mass spectrometry	NT=Data-dependent acquisition;AC=PRIDE:0000627	NT=label free sample;AC=MS:1002038	NT=synapt ms;AC=MS:1001782	NT=Carbamidomethyl;AC=UNIMOD:4;TA=C;MT=Fixed	NT=Trypsin;AC=MS:1001251	NT=collision-induced dissociation;AC=MS:1000133	dithiothreitol (dtt)	iodoacetamide (iaa)	1	1	20220602_PIETILAINEN_SEC_GP_37_TOFMRM.raw.zip	ftp://ftp.pride.ebi.ac.uk/pride/data/archive/2025/05/PXD041584/20220602_PIETILAINEN_SEC_GP_37_TOFMRM.raw.zip	v1.1.0	NT=ms-proteomics;VV=v1.1.0	manual curation	stem
20220602_PIETILAINEN_SEC_GP_53_TOFMRM_B.raw.zip	homo sapiens	stem	not applicable	obesity	1	20220602_PIETILAINEN_SEC_GP_53_TOFMRM_B.raw.zip	proteomic profiling by mass spectrometry	NT=Data-dependent acquisition;AC=PRIDE:0000627	NT=label free sample;AC=MS:1002038	NT=synapt ms;AC=MS:1001782	NT=Carbamidomethyl;AC=UNIMOD:4;TA=C;MT=Fixed	NT=Trypsin;AC=MS:1001251	NT=collision-induced dissociation;AC=MS:1000133	dithiothreitol (dtt)	iodoacetamide (iaa)	1	1	20220602_PIETILAINEN_SEC_GP_53_TOFMRM_B.raw.zip	ftp://ftp.pride.ebi.ac.uk/pride/data/archive/2025/05/PXD041584/20220602_PIETILAINEN_SEC_GP_53_TOFMRM_B.raw.zip	v1.1.0	NT=ms-proteomics;VV=v1.1.0	manual curation	stem
20220602_PIETILAINEN_SEC_GP_29_TOFMRM.raw.zip	homo sapiens	stem	not applicable	obesity	1	20220602_PIETILAINEN_SEC_GP_29_TOFMRM.raw.zip	proteomic profiling by mass spectrometry	NT=Data-dependent acquisition;AC=PRIDE:0000627	NT=label free sample;AC=MS:1002038	NT=synapt ms;AC=MS:1001782	NT=Carbamidomethyl;AC=UNIMOD:4;TA=C;MT=Fixed	NT=Trypsin;AC=MS:1001251	NT=collision-induced dissociation;AC=MS:1000133	dithiothreitol (dtt)	iodoacetamide (iaa)	1	1	20220602_PIETILAINEN_SEC_GP_29_TOFMRM.raw.zip	ftp://ftp.pride.ebi.ac.uk/pride/data/archive/2025/05/PXD041584/20220602_PIETILAINEN_SEC_GP_29_TOFMRM.raw.zip	v1.1.0	NT=ms-proteomics;VV=v1.1.0	manual curation	stem
20220602_PIETILAINEN_SEC_GP_54_RULE1.raw.zip	homo sapiens	stem	not applicable	obesity	1	20220602_PIETILAINEN_SEC_GP_54_RULE1.raw.zip	proteomic profiling by mass spectrometry	NT=Data-dependent acquisition;AC=PRIDE:0000627	NT=label free sample;AC=MS:1002038	NT=synapt ms;AC=MS:1001782	NT=Carbamidomethyl;AC=UNIMOD:4;TA=C;MT=Fixed	NT=Trypsin;AC=MS:1001251	NT=collision-induced dissociation;AC=MS:1000133	dithiothreitol (dtt)	iodoacetamide (iaa)	1	1	20220602_PIETILAINEN_SEC_GP_54_RULE1.raw.zip	ftp://ftp.pride.ebi.ac.uk/pride/data/archive/2025/05/PXD041584/20220602_PIETILAINEN_SEC_GP_54_RULE1.raw.zip	v1.1.0	NT=ms-proteomics;VV=v1.1.0	manual curation	stem
20220207_GP_SEC_PIETILAINEN_114.raw.zip	homo sapiens	stem	not applicable	obesity	1	20220207_GP_SEC_PIETILAINEN_114.raw.zip	proteomic profiling by mass spectrometry	NT=Data-dependent acquisition;AC=PRIDE:0000627	NT=label free sample;AC=MS:1002038	NT=synapt ms;AC=MS:1001782	NT=Carbamidomethyl;AC=UNIMOD:4;TA=C;MT=Fixed	NT=Trypsin;AC=MS:1001251	NT=collision-induced dissociation;AC=MS:1000133	dithiothreitol (dtt)	iodoacetamide (iaa)	1	1	20220207_GP_SEC_PIETILAINEN_114.raw.zip	ftp://ftp.pride.ebi.ac.uk/pride/data/archive/2025/05/PXD041584/20220207_GP_SEC_PIETILAINEN_114.raw.zip	v1.1.0	NT=ms-proteomics;VV=v1.1.0	manual curation	stem
20220602_PIETILAINEN_SEC_GP_71_RULE2.raw.zip	homo sapiens	stem	not applicable	obesity	1	20220602_PIETILAINEN_SEC_GP_71_RULE2.raw.zip	proteomic profiling by mass spectrometry	NT=Data-dependent acquisition;AC=PRIDE:0000627	NT=label free sample;AC=MS:1002038	NT=synapt ms;AC=MS:1001782	NT=Carbamidomethyl;AC=UNIMOD:4;TA=C;MT=Fixed	NT=Trypsin;AC=MS:1001251	NT=collision-induced dissociation;AC=MS:1000133	dithiothreitol (dtt)	iodoacetamide (iaa)	1	1	20220602_PIETILAINEN_SEC_GP_71_RULE2.raw.zip	ftp://ftp.pride.ebi.ac.uk/pride/data/archive/2025/05/PXD041584/20220602_PIETILAINEN_SEC_GP_71_RULE2.raw.zip	v1.1.0	NT=ms-proteomics;VV=v1.1.0	manual curation	stem
20220602_PIETILAINEN_SEC_GP_74_RULE2.raw.zip	homo sapiens	stem	not applicable	obesity	1	20220602_PIETILAINEN_SEC_GP_74_RULE2.raw.zip	proteomic profiling by mass spectrometry	NT=Data-dependent acquisition;AC=PRIDE:0000627	NT=label free sample;AC=MS:1002038	NT=synapt ms;AC=MS:1001782	NT=Carbamidomethyl;AC=UNIMOD:4;TA=C;MT=Fixed	NT=Trypsin;AC=MS:1001251	NT=collision-induced dissociation;AC=MS:1000133	dithiothreitol (dtt)	iodoacetamide (iaa)	1	1	20220602_PIETILAINEN_SEC_GP_74_RULE2.raw.zip	ftp://ftp.pride.ebi.ac.uk/pride/data/archive/2025/05/PXD041584/20220602_PIETILAINEN_SEC_GP_74_RULE2.raw.zip	v1.1.0	NT=ms-proteomics;VV=v1.1.0	manual curation	stem
20220602_PIETILAINEN_SEC_GP_05_TOFMRM.raw.zip	homo sapiens	stem	not applicable	obesity	1	20220602_PIETILAINEN_SEC_GP_05_TOFMRM.raw.zip	proteomic profiling by mass spectrometry	NT=Data-dependent acquisition;AC=PRIDE:0000627	NT=label free sample;AC=MS:1002038	NT=synapt ms;AC=MS:1001782	NT=Carbamidomethyl;AC=UNIMOD:4;TA=C;MT=Fixed	NT=Trypsin;AC=MS:1001251	NT=collision-induced dissociation;AC=MS:1000133	dithiothreitol (dtt)	iodoacetamide (iaa)	1	1	20220602_PIETILAINEN_SEC_GP_05_TOFMRM.raw.zip	ftp://ftp.pride.ebi.ac.uk/pride/data/archive/2025/05/PXD041584/20220602_PIETILAINEN_SEC_GP_05_TOFMRM.raw.zip	v1.1.0	NT=ms-proteomics;VV=v1.1.0	manual curation	stem
20220207_GP_SEC_PIETILAINEN_71.raw.zip	homo sapiens	stem	not applicable	obesity	1	20220207_GP_SEC_PIETILAINEN_71.raw.zip	proteomic profiling by mass spectrometry	NT=Data-dependent acquisition;AC=PRIDE:0000627	NT=label free sample;AC=MS:1002038	NT=synapt ms;AC=MS:1001782	NT=Carbamidomethyl;AC=UNIMOD:4;TA=C;MT=Fixed	NT=Trypsin;AC=MS:1001251	NT=collision-induced dissociation;AC=MS:1000133	dithiothreitol (dtt)	iodoacetamide (iaa)	1	1	20220207_GP_SEC_PIETILAINEN_71.raw.zip	ftp://ftp.pride.ebi.ac.uk/pride/data/archive/2025/05/PXD041584/20220207_GP_SEC_PIETILAINEN_71.raw.zip	v1.1.0	NT=ms-proteomics;VV=v1.1.0	manual curation	stem
20220602_PIETILAINEN_SEC_GP_70_TOFMRM.raw.zip	homo sapiens	stem	not applicable	obesity	1	20220602_PIETILAINEN_SEC_GP_70_TOFMRM.raw.zip	proteomic profiling by mass spectrometry	NT=Data-dependent acquisition;AC=PRIDE:0000627	NT=label free sample;AC=MS:1002038	NT=synapt ms;AC=MS:1001782	NT=Carbamidomethyl;AC=UNIMOD:4;TA=C;MT=Fixed	NT=Trypsin;AC=MS:1001251	NT=collision-induced dissociation;AC=MS:1000133	dithiothreitol (dtt)	iodoacetamide (iaa)	1	1	20220602_PIETILAINEN_SEC_GP_70_TOFMRM.raw.zip	ftp://ftp.pride.ebi.ac.uk/pride/data/archive/2025/05/PXD041584/20220602_PIETILAINEN_SEC_GP_70_TOFMRM.raw.zip	v1.1.0	NT=ms-proteomics;VV=v1.1.0	manual curation	stem
20220602_PIETILAINEN_SEC_GP_84_TOFMRM.raw.zip	homo sapiens	stem	not applicable	obesity	1	20220602_PIETILAINEN_SEC_GP_84_TOFMRM.raw.zip	proteomic profiling by mass spectrometry	NT=Data-dependent acquisition;AC=PRIDE:0000627	NT=label free sample;AC=MS:1002038	NT=synapt ms;AC=MS:1001782	NT=Carbamidomethyl;AC=UNIMOD:4;TA=C;MT=Fixed	NT=Trypsin;AC=MS:1001251	NT=collision-induced dissociation;AC=MS:1000133	dithiothreitol (dtt)	iodoacetamide (iaa)	1	1	20220602_PIETILAINEN_SEC_GP_84_TOFMRM.raw.zip	ftp://ftp.pride.ebi.ac.uk/pride/data/archive/2025/05/PXD041584/20220602_PIETILAINEN_SEC_GP_84_TOFMRM.raw.zip	v1.1.0	NT=ms-proteomics;VV=v1.1.0	manual curation	stem
20220602_PIETILAINEN_SEC_GP_48_TOFMRM.raw.zip	homo sapiens	stem	not applicable	obesity	1	20220602_PIETILAINEN_SEC_GP_48_TOFMRM.raw.zip	proteomic profiling by mass spectrometry	NT=Data-dependent acquisition;AC=PRIDE:0000627	NT=label free sample;AC=MS:1002038	NT=synapt ms;AC=MS:1001782	NT=Carbamidomethyl;AC=UNIMOD:4;TA=C;MT=Fixed	NT=Trypsin;AC=MS:1001251	NT=collision-induced dissociation;AC=MS:1000133	dithiothreitol (dtt)	iodoacetamide (iaa)	1	1	20220602_PIETILAINEN_SEC_GP_48_TOFMRM.raw.zip	ftp://ftp.pride.ebi.ac.uk/pride/data/archive/2025/05/PXD041584/20220602_PIETILAINEN_SEC_GP_48_TOFMRM.raw.zip	v1.1.0	NT=ms-proteomics;VV=v1.1.0	manual curation	stem
20220602_PIETILAINEN_SEC_GP_106_TOFMRM.raw.zip	homo sapiens	stem	not applicable	obesity	1	20220602_PIETILAINEN_SEC_GP_106_TOFMRM.raw.zip	proteomic profiling by mass spectrometry	NT=Data-dependent acquisition;AC=PRIDE:0000627	NT=label free sample;AC=MS:1002038	NT=synapt ms;AC=MS:1001782	NT=Carbamidomethyl;AC=UNIMOD:4;TA=C;MT=Fixed	NT=Trypsin;AC=MS:1001251	NT=collision-induced dissociation;AC=MS:1000133	dithiothreitol (dtt)	iodoacetamide (iaa)	1	1	20220602_PIETILAINEN_SEC_GP_106_TOFMRM.raw.zip	ftp://ftp.pride.ebi.ac.uk/pride/data/archive/2025/05/PXD041584/20220602_PIETILAINEN_SEC_GP_106_TOFMRM.raw.zip	v1.1.0	NT=ms-proteomics;VV=v1.1.0	manual curation	stem
20220602_PIETILAINEN_SEC_GP_15_RULE1.raw.zip	homo sapiens	stem	not applicable	obesity	1	20220602_PIETILAINEN_SEC_GP_15_RULE1.raw.zip	proteomic profiling by mass spectrometry	NT=Data-dependent acquisition;AC=PRIDE:0000627	NT=label free sample;AC=MS:1002038	NT=synapt ms;AC=MS:1001782	NT=Carbamidomethyl;AC=UNIMOD:4;TA=C;MT=Fixed	NT=Trypsin;AC=MS:1001251	NT=collision-induced dissociation;AC=MS:1000133	dithiothreitol (dtt)	iodoacetamide (iaa)	1	1	20220602_PIETILAINEN_SEC_GP_15_RULE1.raw.zip	ftp://ftp.pride.ebi.ac.uk/pride/data/archive/2025/05/PXD041584/20220602_PIETILAINEN_SEC_GP_15_RULE1.raw.zip	v1.1.0	NT=ms-proteomics;VV=v1.1.0	manual curation	stem
20220602_PIETILAINEN_SEC_GP_50_TOFMRM.raw.zip	homo sapiens	stem	not applicable	obesity	1	20220602_PIETILAINEN_SEC_GP_50_TOFMRM.raw.zip	proteomic profiling by mass spectrometry	NT=Data-dependent acquisition;AC=PRIDE:0000627	NT=label free sample;AC=MS:1002038	NT=synapt ms;AC=MS:1001782	NT=Carbamidomethyl;AC=UNIMOD:4;TA=C;MT=Fixed	NT=Trypsin;AC=MS:1001251	NT=collision-induced dissociation;AC=MS:1000133	dithiothreitol (dtt)	iodoacetamide (iaa)	1	1	20220602_PIETILAINEN_SEC_GP_50_TOFMRM.raw.zip	ftp://ftp.pride.ebi.ac.uk/pride/data/archive/2025/05/PXD041584/20220602_PIETILAINEN_SEC_GP_50_TOFMRM.raw.zip	v1.1.0	NT=ms-proteomics;VV=v1.1.0	manual curation	stem
20220602_PIETILAINEN_SEC_GP_30_TOFMRM.raw.zip	homo sapiens	stem	not applicable	obesity	1	20220602_PIETILAINEN_SEC_GP_30_TOFMRM.raw.zip	proteomic profiling by mass spectrometry	NT=Data-dependent acquisition;AC=PRIDE:0000627	NT=label free sample;AC=MS:1002038	NT=synapt ms;AC=MS:1001782	NT=Carbamidomethyl;AC=UNIMOD:4;TA=C;MT=Fixed	NT=Trypsin;AC=MS:1001251	NT=collision-induced dissociation;AC=MS:1000133	dithiothreitol (dtt)	iodoacetamide (iaa)	1	1	20220602_PIETILAINEN_SEC_GP_30_TOFMRM.raw.zip	ftp://ftp.pride.ebi.ac.uk/pride/data/archive/2025/05/PXD041584/20220602_PIETILAINEN_SEC_GP_30_TOFMRM.raw.zip	v1.1.0	NT=ms-proteomics;VV=v1.1.0	manual curation	stem
20220602_PIETILAINEN_SEC_GP_62_RULE2.raw.zip	homo sapiens	stem	not applicable	obesity	1	20220602_PIETILAINEN_SEC_GP_62_RULE2.raw.zip	proteomic profiling by mass spectrometry	NT=Data-dependent acquisition;AC=PRIDE:0000627	NT=label free sample;AC=MS:1002038	NT=synapt ms;AC=MS:1001782	NT=Carbamidomethyl;AC=UNIMOD:4;TA=C;MT=Fixed	NT=Trypsin;AC=MS:1001251	NT=collision-induced dissociation;AC=MS:1000133	dithiothreitol (dtt)	iodoacetamide (iaa)	1	1	20220602_PIETILAINEN_SEC_GP_62_RULE2.raw.zip	ftp://ftp.pride.ebi.ac.uk/pride/data/archive/2025/05/PXD041584/20220602_PIETILAINEN_SEC_GP_62_RULE2.raw.zip	v1.1.0	NT=ms-proteomics;VV=v1.1.0	manual curation	stem
20220602_PIETILAINEN_SEC_GP_92_RULE2.raw.zip	homo sapiens	stem	not applicable	obesity	1	20220602_PIETILAINEN_SEC_GP_92_RULE2.raw.zip	proteomic profiling by mass spectrometry	NT=Data-dependent acquisition;AC=PRIDE:0000627	NT=label free sample;AC=MS:1002038	NT=synapt ms;AC=MS:1001782	NT=Carbamidomethyl;AC=UNIMOD:4;TA=C;MT=Fixed	NT=Trypsin;AC=MS:1001251	NT=collision-induced dissociation;AC=MS:1000133	dithiothreitol (dtt)	iodoacetamide (iaa)	1	1	20220602_PIETILAINEN_SEC_GP_92_RULE2.raw.zip	ftp://ftp.pride.ebi.ac.uk/pride/data/archive/2025/05/PXD041584/20220602_PIETILAINEN_SEC_GP_92_RULE2.raw.zip	v1.1.0	NT=ms-proteomics;VV=v1.1.0	manual curation	stem
20220602_PIETILAINEN_SEC_GP_07_RULE1.raw.zip	homo sapiens	stem	not applicable	obesity	1	20220602_PIETILAINEN_SEC_GP_07_RULE1.raw.zip	proteomic profiling by mass spectrometry	NT=Data-dependent acquisition;AC=PRIDE:0000627	NT=label free sample;AC=MS:1002038	NT=synapt ms;AC=MS:1001782	NT=Carbamidomethyl;AC=UNIMOD:4;TA=C;MT=Fixed	NT=Trypsin;AC=MS:1001251	NT=collision-induced dissociation;AC=MS:1000133	dithiothreitol (dtt)	iodoacetamide (iaa)	1	1	20220602_PIETILAINEN_SEC_GP_07_RULE1.raw.zip	ftp://ftp.pride.ebi.ac.uk/pride/data/archive/2025/05/PXD041584/20220602_PIETILAINEN_SEC_GP_07_RULE1.raw.zip	v1.1.0	NT=ms-proteomics;VV=v1.1.0	manual curation	stem
20220602_PIETILAINEN_SEC_GP_55_RULE1.raw.zip	homo sapiens	stem	not applicable	obesity	1	20220602_PIETILAINEN_SEC_GP_55_RULE1.raw.zip	proteomic profiling by mass spectrometry	NT=Data-dependent acquisition;AC=PRIDE:0000627	NT=label free sample;AC=MS:1002038	NT=synapt ms;AC=MS:1001782	NT=Carbamidomethyl;AC=UNIMOD:4;TA=C;MT=Fixed	NT=Trypsin;AC=MS:1001251	NT=collision-induced dissociation;AC=MS:1000133	dithiothreitol (dtt)	iodoacetamide (iaa)	1	1	20220602_PIETILAINEN_SEC_GP_55_RULE1.raw.zip	ftp://ftp.pride.ebi.ac.uk/pride/data/archive/2025/05/PXD041584/20220602_PIETILAINEN_SEC_GP_55_RULE1.raw.zip	v1.1.0	NT=ms-proteomics;VV=v1.1.0	manual curation	stem
20220207_GP_SEC_PIETILAINEN_102.raw.zip	homo sapiens	stem	not applicable	obesity	1	20220207_GP_SEC_PIETILAINEN_102.raw.zip	proteomic profiling by mass spectrometry	NT=Data-dependent acquisition;AC=PRIDE:0000627	NT=label free sample;AC=MS:1002038	NT=synapt ms;AC=MS:1001782	NT=Carbamidomethyl;AC=UNIMOD:4;TA=C;MT=Fixed	NT=Trypsin;AC=MS:1001251	NT=collision-induced dissociation;AC=MS:1000133	dithiothreitol (dtt)	iodoacetamide (iaa)	1	1	20220207_GP_SEC_PIETILAINEN_102.raw.zip	ftp://ftp.pride.ebi.ac.uk/pride/data/archive/2025/05/PXD041584/20220207_GP_SEC_PIETILAINEN_102.raw.zip	v1.1.0	NT=ms-proteomics;VV=v1.1.0	manual curation	stem
20220602_PIETILAINEN_SEC_GP_59_RULE1.raw.zip	homo sapiens	stem	not applicable	obesity	1	20220602_PIETILAINEN_SEC_GP_59_RULE1.raw.zip	proteomic profiling by mass spectrometry	NT=Data-dependent acquisition;AC=PRIDE:0000627	NT=label free sample;AC=MS:1002038	NT=synapt ms;AC=MS:1001782	NT=Carbamidomethyl;AC=UNIMOD:4;TA=C;MT=Fixed	NT=Trypsin;AC=MS:1001251	NT=collision-induced dissociation;AC=MS:1000133	dithiothreitol (dtt)	iodoacetamide (iaa)	1	1	20220602_PIETILAINEN_SEC_GP_59_RULE1.raw.zip	ftp://ftp.pride.ebi.ac.uk/pride/data/archive/2025/05/PXD041584/20220602_PIETILAINEN_SEC_GP_59_RULE1.raw.zip	v1.1.0	NT=ms-proteomics;VV=v1.1.0	manual curation	stem
20220602_PIETILAINEN_SEC_GP_80_TOFMRM.raw.zip	homo sapiens	stem	not applicable	obesity	1	20220602_PIETILAINEN_SEC_GP_80_TOFMRM.raw.zip	proteomic profiling by mass spectrometry	NT=Data-dependent acquisition;AC=PRIDE:0000627	NT=label free sample;AC=MS:1002038	NT=synapt ms;AC=MS:1001782	NT=Carbamidomethyl;AC=UNIMOD:4;TA=C;MT=Fixed	NT=Trypsin;AC=MS:1001251	NT=collision-induced dissociation;AC=MS:1000133	dithiothreitol (dtt)	iodoacetamide (iaa)	1	1	20220602_PIETILAINEN_SEC_GP_80_TOFMRM.raw.zip	ftp://ftp.pride.ebi.ac.uk/pride/data/archive/2025/05/PXD041584/20220602_PIETILAINEN_SEC_GP_80_TOFMRM.raw.zip	v1.1.0	NT=ms-proteomics;VV=v1.1.0	manual curation	stem
20220207_GP_SEC_PIETILAINEN_21.raw.zip	homo sapiens	stem	not applicable	obesity	1	20220207_GP_SEC_PIETILAINEN_21.raw.zip	proteomic profiling by mass spectrometry	NT=Data-dependent acquisition;AC=PRIDE:0000627	NT=label free sample;AC=MS:1002038	NT=synapt ms;AC=MS:1001782	NT=Carbamidomethyl;AC=UNIMOD:4;TA=C;MT=Fixed	NT=Trypsin;AC=MS:1001251	NT=collision-induced dissociation;AC=MS:1000133	dithiothreitol (dtt)	iodoacetamide (iaa)	1	1	20220207_GP_SEC_PIETILAINEN_21.raw.zip	ftp://ftp.pride.ebi.ac.uk/pride/data/archive/2025/05/PXD041584/20220207_GP_SEC_PIETILAINEN_21.raw.zip	v1.1.0	NT=ms-proteomics;VV=v1.1.0	manual curation	stem
20220602_PIETILAINEN_SEC_GP_86_RULE2.raw.zip	homo sapiens	stem	not applicable	obesity	1	20220602_PIETILAINEN_SEC_GP_86_RULE2.raw.zip	proteomic profiling by mass spectrometry	NT=Data-dependent acquisition;AC=PRIDE:0000627	NT=label free sample;AC=MS:1002038	NT=synapt ms;AC=MS:1001782	NT=Carbamidomethyl;AC=UNIMOD:4;TA=C;MT=Fixed	NT=Trypsin;AC=MS:1001251	NT=collision-induced dissociation;AC=MS:1000133	dithiothreitol (dtt)	iodoacetamide (iaa)	1	1	20220602_PIETILAINEN_SEC_GP_86_RULE2.raw.zip	ftp://ftp.pride.ebi.ac.uk/pride/data/archive/2025/05/PXD041584/20220602_PIETILAINEN_SEC_GP_86_RULE2.raw.zip	v1.1.0	NT=ms-proteomics;VV=v1.1.0	manual curation	stem
20220207_GP_SEC_PIETILAINEN_09B.raw.zip	homo sapiens	stem	not applicable	obesity	1	20220207_GP_SEC_PIETILAINEN_09B.raw.zip	proteomic profiling by mass spectrometry	NT=Data-dependent acquisition;AC=PRIDE:0000627	NT=label free sample;AC=MS:1002038	NT=synapt ms;AC=MS:1001782	NT=Carbamidomethyl;AC=UNIMOD:4;TA=C;MT=Fixed	NT=Trypsin;AC=MS:1001251	NT=collision-induced dissociation;AC=MS:1000133	dithiothreitol (dtt)	iodoacetamide (iaa)	1	1	20220207_GP_SEC_PIETILAINEN_09B.raw.zip	ftp://ftp.pride.ebi.ac.uk/pride/data/archive/2025/05/PXD041584/20220207_GP_SEC_PIETILAINEN_09B.raw.zip	v1.1.0	NT=ms-proteomics;VV=v1.1.0	manual curation	stem
20220602_PIETILAINEN_SEC_GP_32_TOFMRM.raw.zip	homo sapiens	stem	not applicable	obesity	1	20220602_PIETILAINEN_SEC_GP_32_TOFMRM.raw.zip	proteomic profiling by mass spectrometry	NT=Data-dependent acquisition;AC=PRIDE:0000627	NT=label free sample;AC=MS:1002038	NT=synapt ms;AC=MS:1001782	NT=Carbamidomethyl;AC=UNIMOD:4;TA=C;MT=Fixed	NT=Trypsin;AC=MS:1001251	NT=collision-induced dissociation;AC=MS:1000133	dithiothreitol (dtt)	iodoacetamide (iaa)	1	1	20220602_PIETILAINEN_SEC_GP_32_TOFMRM.raw.zip	ftp://ftp.pride.ebi.ac.uk/pride/data/archive/2025/05/PXD041584/20220602_PIETILAINEN_SEC_GP_32_TOFMRM.raw.zip	v1.1.0	NT=ms-proteomics;VV=v1.1.0	manual curation	stem
20220207_GP_SEC_PIETILAINEN_94.raw.zip	homo sapiens	stem	not applicable	obesity	1	20220207_GP_SEC_PIETILAINEN_94.raw.zip	proteomic profiling by mass spectrometry	NT=Data-dependent acquisition;AC=PRIDE:0000627	NT=label free sample;AC=MS:1002038	NT=synapt ms;AC=MS:1001782	NT=Carbamidomethyl;AC=UNIMOD:4;TA=C;MT=Fixed	NT=Trypsin;AC=MS:1001251	NT=collision-induced dissociation;AC=MS:1000133	dithiothreitol (dtt)	iodoacetamide (iaa)	1	1	20220207_GP_SEC_PIETILAINEN_94.raw.zip	ftp://ftp.pride.ebi.ac.uk/pride/data/archive/2025/05/PXD041584/20220207_GP_SEC_PIETILAINEN_94.raw.zip	v1.1.0	NT=ms-proteomics;VV=v1.1.0	manual curation	stem
20220602_PIETILAINEN_SEC_GP_98_RULE2.raw.zip	homo sapiens	stem	not applicable	obesity	1	20220602_PIETILAINEN_SEC_GP_98_RULE2.raw.zip	proteomic profiling by mass spectrometry	NT=Data-dependent acquisition;AC=PRIDE:0000627	NT=label free sample;AC=MS:1002038	NT=synapt ms;AC=MS:1001782	NT=Carbamidomethyl;AC=UNIMOD:4;TA=C;MT=Fixed	NT=Trypsin;AC=MS:1001251	NT=collision-induced dissociation;AC=MS:1000133	dithiothreitol (dtt)	iodoacetamide (iaa)	1	1	20220602_PIETILAINEN_SEC_GP_98_RULE2.raw.zip	ftp://ftp.pride.ebi.ac.uk/pride/data/archive/2025/05/PXD041584/20220602_PIETILAINEN_SEC_GP_98_RULE2.raw.zip	v1.1.0	NT=ms-proteomics;VV=v1.1.0	manual curation	stem
20220602_PIETILAINEN_SEC_GP_114_TOFMRM.raw.zip	homo sapiens	stem	not applicable	obesity	1	20220602_PIETILAINEN_SEC_GP_114_TOFMRM.raw.zip	proteomic profiling by mass spectrometry	NT=Data-dependent acquisition;AC=PRIDE:0000627	NT=label free sample;AC=MS:1002038	NT=synapt ms;AC=MS:1001782	NT=Carbamidomethyl;AC=UNIMOD:4;TA=C;MT=Fixed	NT=Trypsin;AC=MS:1001251	NT=collision-induced dissociation;AC=MS:1000133	dithiothreitol (dtt)	iodoacetamide (iaa)	1	1	20220602_PIETILAINEN_SEC_GP_114_TOFMRM.raw.zip	ftp://ftp.pride.ebi.ac.uk/pride/data/archive/2025/05/PXD041584/20220602_PIETILAINEN_SEC_GP_114_TOFMRM.raw.zip	v1.1.0	NT=ms-proteomics;VV=v1.1.0	manual curation	stem
20220602_PIETILAINEN_SEC_GP_55_TOFMRM.raw.zip	homo sapiens	stem	not applicable	obesity	1	20220602_PIETILAINEN_SEC_GP_55_TOFMRM.raw.zip	proteomic profiling by mass spectrometry	NT=Data-dependent acquisition;AC=PRIDE:0000627	NT=label free sample;AC=MS:1002038	NT=synapt ms;AC=MS:1001782	NT=Carbamidomethyl;AC=UNIMOD:4;TA=C;MT=Fixed	NT=Trypsin;AC=MS:1001251	NT=collision-induced dissociation;AC=MS:1000133	dithiothreitol (dtt)	iodoacetamide (iaa)	1	1	20220602_PIETILAINEN_SEC_GP_55_TOFMRM.raw.zip	ftp://ftp.pride.ebi.ac.uk/pride/data/archive/2025/05/PXD041584/20220602_PIETILAINEN_SEC_GP_55_TOFMRM.raw.zip	v1.1.0	NT=ms-proteomics;VV=v1.1.0	manual curation	stem
20220602_PIETILAINEN_SEC_GP_108_RULE1.raw.zip	homo sapiens	stem	not applicable	obesity	1	20220602_PIETILAINEN_SEC_GP_108_RULE1.raw.zip	proteomic profiling by mass spectrometry	NT=Data-dependent acquisition;AC=PRIDE:0000627	NT=label free sample;AC=MS:1002038	NT=synapt ms;AC=MS:1001782	NT=Carbamidomethyl;AC=UNIMOD:4;TA=C;MT=Fixed	NT=Trypsin;AC=MS:1001251	NT=collision-induced dissociation;AC=MS:1000133	dithiothreitol (dtt)	iodoacetamide (iaa)	1	1	20220602_PIETILAINEN_SEC_GP_108_RULE1.raw.zip	ftp://ftp.pride.ebi.ac.uk/pride/data/archive/2025/05/PXD041584/20220602_PIETILAINEN_SEC_GP_108_RULE1.raw.zip	v1.1.0	NT=ms-proteomics;VV=v1.1.0	manual curation	stem
20220207_GP_SEC_PIETILAINEN_29.raw.zip	homo sapiens	stem	not applicable	obesity	1	20220207_GP_SEC_PIETILAINEN_29.raw.zip	proteomic profiling by mass spectrometry	NT=Data-dependent acquisition;AC=PRIDE:0000627	NT=label free sample;AC=MS:1002038	NT=synapt ms;AC=MS:1001782	NT=Carbamidomethyl;AC=UNIMOD:4;TA=C;MT=Fixed	NT=Trypsin;AC=MS:1001251	NT=collision-induced dissociation;AC=MS:1000133	dithiothreitol (dtt)	iodoacetamide (iaa)	1	1	20220207_GP_SEC_PIETILAINEN_29.raw.zip	ftp://ftp.pride.ebi.ac.uk/pride/data/archive/2025/05/PXD041584/20220207_GP_SEC_PIETILAINEN_29.raw.zip	v1.1.0	NT=ms-proteomics;VV=v1.1.0	manual curation	stem
20220602_PIETILAINEN_SEC_GP_43_RULE1.raw.zip	homo sapiens	stem	not applicable	obesity	1	20220602_PIETILAINEN_SEC_GP_43_RULE1.raw.zip	proteomic profiling by mass spectrometry	NT=Data-dependent acquisition;AC=PRIDE:0000627	NT=label free sample;AC=MS:1002038	NT=synapt ms;AC=MS:1001782	NT=Carbamidomethyl;AC=UNIMOD:4;TA=C;MT=Fixed	NT=Trypsin;AC=MS:1001251	NT=collision-induced dissociation;AC=MS:1000133	dithiothreitol (dtt)	iodoacetamide (iaa)	1	1	20220602_PIETILAINEN_SEC_GP_43_RULE1.raw.zip	ftp://ftp.pride.ebi.ac.uk/pride/data/archive/2025/05/PXD041584/20220602_PIETILAINEN_SEC_GP_43_RULE1.raw.zip	v1.1.0	NT=ms-proteomics;VV=v1.1.0	manual curation	stem
20220207_GP_SEC_PIETILAINEN_129.raw.zip	homo sapiens	stem	not applicable	obesity	1	20220207_GP_SEC_PIETILAINEN_129.raw.zip	proteomic profiling by mass spectrometry	NT=Data-dependent acquisition;AC=PRIDE:0000627	NT=label free sample;AC=MS:1002038	NT=synapt ms;AC=MS:1001782	NT=Carbamidomethyl;AC=UNIMOD:4;TA=C;MT=Fixed	NT=Trypsin;AC=MS:1001251	NT=collision-induced dissociation;AC=MS:1000133	dithiothreitol (dtt)	iodoacetamide (iaa)	1	1	20220207_GP_SEC_PIETILAINEN_129.raw.zip	ftp://ftp.pride.ebi.ac.uk/pride/data/archive/2025/05/PXD041584/20220207_GP_SEC_PIETILAINEN_129.raw.zip	v1.1.0	NT=ms-proteomics;VV=v1.1.0	manual curation	stem
20220207_GP_SEC_PIETILAINEN_128.raw.zip	homo sapiens	stem	not applicable	obesity	1	20220207_GP_SEC_PIETILAINEN_128.raw.zip	proteomic profiling by mass spectrometry	NT=Data-dependent acquisition;AC=PRIDE:0000627	NT=label free sample;AC=MS:1002038	NT=synapt ms;AC=MS:1001782	NT=Carbamidomethyl;AC=UNIMOD:4;TA=C;MT=Fixed	NT=Trypsin;AC=MS:1001251	NT=collision-induced dissociation;AC=MS:1000133	dithiothreitol (dtt)	iodoacetamide (iaa)	1	1	20220207_GP_SEC_PIETILAINEN_128.raw.zip	ftp://ftp.pride.ebi.ac.uk/pride/data/archive/2025/05/PXD041584/20220207_GP_SEC_PIETILAINEN_128.raw.zip	v1.1.0	NT=ms-proteomics;VV=v1.1.0	manual curation	stem
20220207_GP_SEC_PIETILAINEN_20.raw.zip	homo sapiens	stem	not applicable	obesity	1	20220207_GP_SEC_PIETILAINEN_20.raw.zip	proteomic profiling by mass spectrometry	NT=Data-dependent acquisition;AC=PRIDE:0000627	NT=label free sample;AC=MS:1002038	NT=synapt ms;AC=MS:1001782	NT=Carbamidomethyl;AC=UNIMOD:4;TA=C;MT=Fixed	NT=Trypsin;AC=MS:1001251	NT=collision-induced dissociation;AC=MS:1000133	dithiothreitol (dtt)	iodoacetamide (iaa)	1	1	20220207_GP_SEC_PIETILAINEN_20.raw.zip	ftp://ftp.pride.ebi.ac.uk/pride/data/archive/2025/05/PXD041584/20220207_GP_SEC_PIETILAINEN_20.raw.zip	v1.1.0	NT=ms-proteomics;VV=v1.1.0	manual curation	stem
20220602_PIETILAINEN_SEC_GP_15_RULE2.raw.zip	homo sapiens	stem	not applicable	obesity	1	20220602_PIETILAINEN_SEC_GP_15_RULE2.raw.zip	proteomic profiling by mass spectrometry	NT=Data-dependent acquisition;AC=PRIDE:0000627	NT=label free sample;AC=MS:1002038	NT=synapt ms;AC=MS:1001782	NT=Carbamidomethyl;AC=UNIMOD:4;TA=C;MT=Fixed	NT=Trypsin;AC=MS:1001251	NT=collision-induced dissociation;AC=MS:1000133	dithiothreitol (dtt)	iodoacetamide (iaa)	1	1	20220602_PIETILAINEN_SEC_GP_15_RULE2.raw.zip	ftp://ftp.pride.ebi.ac.uk/pride/data/archive/2025/05/PXD041584/20220602_PIETILAINEN_SEC_GP_15_RULE2.raw.zip	v1.1.0	NT=ms-proteomics;VV=v1.1.0	manual curation	stem
20220602_PIETILAINEN_SEC_GP_08_RULE2.raw.zip	homo sapiens	stem	not applicable	obesity	1	20220602_PIETILAINEN_SEC_GP_08_RULE2.raw.zip	proteomic profiling by mass spectrometry	NT=Data-dependent acquisition;AC=PRIDE:0000627	NT=label free sample;AC=MS:1002038	NT=synapt ms;AC=MS:1001782	NT=Carbamidomethyl;AC=UNIMOD:4;TA=C;MT=Fixed	NT=Trypsin;AC=MS:1001251	NT=collision-induced dissociation;AC=MS:1000133	dithiothreitol (dtt)	iodoacetamide (iaa)	1	1	20220602_PIETILAINEN_SEC_GP_08_RULE2.raw.zip	ftp://ftp.pride.ebi.ac.uk/pride/data/archive/2025/05/PXD041584/20220602_PIETILAINEN_SEC_GP_08_RULE2.raw.zip	v1.1.0	NT=ms-proteomics;VV=v1.1.0	manual curation	stem
20220602_PIETILAINEN_SEC_GP_52_RULE2.raw.zip	homo sapiens	stem	not applicable	obesity	1	20220602_PIETILAINEN_SEC_GP_52_RULE2.raw.zip	proteomic profiling by mass spectrometry	NT=Data-dependent acquisition;AC=PRIDE:0000627	NT=label free sample;AC=MS:1002038	NT=synapt ms;AC=MS:1001782	NT=Carbamidomethyl;AC=UNIMOD:4;TA=C;MT=Fixed	NT=Trypsin;AC=MS:1001251	NT=collision-induced dissociation;AC=MS:1000133	dithiothreitol (dtt)	iodoacetamide (iaa)	1	1	20220602_PIETILAINEN_SEC_GP_52_RULE2.raw.zip	ftp://ftp.pride.ebi.ac.uk/pride/data/archive/2025/05/PXD041584/20220602_PIETILAINEN_SEC_GP_52_RULE2.raw.zip	v1.1.0	NT=ms-proteomics;VV=v1.1.0	manual curation	stem
20220602_PIETILAINEN_SEC_GP_05_RULE1.raw.zip	homo sapiens	stem	not applicable	obesity	1	20220602_PIETILAINEN_SEC_GP_05_RULE1.raw.zip	proteomic profiling by mass spectrometry	NT=Data-dependent acquisition;AC=PRIDE:0000627	NT=label free sample;AC=MS:1002038	NT=synapt ms;AC=MS:1001782	NT=Carbamidomethyl;AC=UNIMOD:4;TA=C;MT=Fixed	NT=Trypsin;AC=MS:1001251	NT=collision-induced dissociation;AC=MS:1000133	dithiothreitol (dtt)	iodoacetamide (iaa)	1	1	20220602_PIETILAINEN_SEC_GP_05_RULE1.raw.zip	ftp://ftp.pride.ebi.ac.uk/pride/data/archive/2025/05/PXD041584/20220602_PIETILAINEN_SEC_GP_05_RULE1.raw.zip	v1.1.0	NT=ms-proteomics;VV=v1.1.0	manual curation	stem
20220602_PIETILAINEN_SEC_GP_16_RULE2.raw.zip	homo sapiens	stem	not applicable	obesity	1	20220602_PIETILAINEN_SEC_GP_16_RULE2.raw.zip	proteomic profiling by mass spectrometry	NT=Data-dependent acquisition;AC=PRIDE:0000627	NT=label free sample;AC=MS:1002038	NT=synapt ms;AC=MS:1001782	NT=Carbamidomethyl;AC=UNIMOD:4;TA=C;MT=Fixed	NT=Trypsin;AC=MS:1001251	NT=collision-induced dissociation;AC=MS:1000133	dithiothreitol (dtt)	iodoacetamide (iaa)	1	1	20220602_PIETILAINEN_SEC_GP_16_RULE2.raw.zip	ftp://ftp.pride.ebi.ac.uk/pride/data/archive/2025/05/PXD041584/20220602_PIETILAINEN_SEC_GP_16_RULE2.raw.zip	v1.1.0	NT=ms-proteomics;VV=v1.1.0	manual curation	stem
20220602_PIETILAINEN_SEC_GP_101_TOFMRM.raw.zip	homo sapiens	stem	not applicable	obesity	1	20220602_PIETILAINEN_SEC_GP_101_TOFMRM.raw.zip	proteomic profiling by mass spectrometry	NT=Data-dependent acquisition;AC=PRIDE:0000627	NT=label free sample;AC=MS:1002038	NT=synapt ms;AC=MS:1001782	NT=Carbamidomethyl;AC=UNIMOD:4;TA=C;MT=Fixed	NT=Trypsin;AC=MS:1001251	NT=collision-induced dissociation;AC=MS:1000133	dithiothreitol (dtt)	iodoacetamide (iaa)	1	1	20220602_PIETILAINEN_SEC_GP_101_TOFMRM.raw.zip	ftp://ftp.pride.ebi.ac.uk/pride/data/archive/2025/05/PXD041584/20220602_PIETILAINEN_SEC_GP_101_TOFMRM.raw.zip	v1.1.0	NT=ms-proteomics;VV=v1.1.0	manual curation	stem
20220207_GP_SEC_PIETILAINEN_124.raw.zip	homo sapiens	stem	not applicable	obesity	1	20220207_GP_SEC_PIETILAINEN_124.raw.zip	proteomic profiling by mass spectrometry	NT=Data-dependent acquisition;AC=PRIDE:0000627	NT=label free sample;AC=MS:1002038	NT=synapt ms;AC=MS:1001782	NT=Carbamidomethyl;AC=UNIMOD:4;TA=C;MT=Fixed	NT=Trypsin;AC=MS:1001251	NT=collision-induced dissociation;AC=MS:1000133	dithiothreitol (dtt)	iodoacetamide (iaa)	1	1	20220207_GP_SEC_PIETILAINEN_124.raw.zip	ftp://ftp.pride.ebi.ac.uk/pride/data/archive/2025/05/PXD041584/20220207_GP_SEC_PIETILAINEN_124.raw.zip	v1.1.0	NT=ms-proteomics;VV=v1.1.0	manual curation	stem
20220602_PIETILAINEN_SEC_GP_105_RULE1.raw.zip	homo sapiens	stem	not applicable	obesity	1	20220602_PIETILAINEN_SEC_GP_105_RULE1.raw.zip	proteomic profiling by mass spectrometry	NT=Data-dependent acquisition;AC=PRIDE:0000627	NT=label free sample;AC=MS:1002038	NT=synapt ms;AC=MS:1001782	NT=Carbamidomethyl;AC=UNIMOD:4;TA=C;MT=Fixed	NT=Trypsin;AC=MS:1001251	NT=collision-induced dissociation;AC=MS:1000133	dithiothreitol (dtt)	iodoacetamide (iaa)	1	1	20220602_PIETILAINEN_SEC_GP_105_RULE1.raw.zip	ftp://ftp.pride.ebi.ac.uk/pride/data/archive/2025/05/PXD041584/20220602_PIETILAINEN_SEC_GP_105_RULE1.raw.zip	v1.1.0	NT=ms-proteomics;VV=v1.1.0	manual curation	stem
20220602_PIETILAINEN_SEC_GP_05_RULE2.raw.zip	homo sapiens	stem	not applicable	obesity	1	20220602_PIETILAINEN_SEC_GP_05_RULE2.raw.zip	proteomic profiling by mass spectrometry	NT=Data-dependent acquisition;AC=PRIDE:0000627	NT=label free sample;AC=MS:1002038	NT=synapt ms;AC=MS:1001782	NT=Carbamidomethyl;AC=UNIMOD:4;TA=C;MT=Fixed	NT=Trypsin;AC=MS:1001251	NT=collision-induced dissociation;AC=MS:1000133	dithiothreitol (dtt)	iodoacetamide (iaa)	1	1	20220602_PIETILAINEN_SEC_GP_05_RULE2.raw.zip	ftp://ftp.pride.ebi.ac.uk/pride/data/archive/2025/05/PXD041584/20220602_PIETILAINEN_SEC_GP_05_RULE2.raw.zip	v1.1.0	NT=ms-proteomics;VV=v1.1.0	manual curation	stem
20220207_GP_SEC_PIETILAINEN_130.raw.zip	homo sapiens	stem	not applicable	obesity	1	20220207_GP_SEC_PIETILAINEN_130.raw.zip	proteomic profiling by mass spectrometry	NT=Data-dependent acquisition;AC=PRIDE:0000627	NT=label free sample;AC=MS:1002038	NT=synapt ms;AC=MS:1001782	NT=Carbamidomethyl;AC=UNIMOD:4;TA=C;MT=Fixed	NT=Trypsin;AC=MS:1001251	NT=collision-induced dissociation;AC=MS:1000133	dithiothreitol (dtt)	iodoacetamide (iaa)	1	1	20220207_GP_SEC_PIETILAINEN_130.raw.zip	ftp://ftp.pride.ebi.ac.uk/pride/data/archive/2025/05/PXD041584/20220207_GP_SEC_PIETILAINEN_130.raw.zip	v1.1.0	NT=ms-proteomics;VV=v1.1.0	manual curation	stem
20220602_PIETILAINEN_SEC_GP_14_TOFMRM.raw.zip	homo sapiens	stem	not applicable	obesity	1	20220602_PIETILAINEN_SEC_GP_14_TOFMRM.raw.zip	proteomic profiling by mass spectrometry	NT=Data-dependent acquisition;AC=PRIDE:0000627	NT=label free sample;AC=MS:1002038	NT=synapt ms;AC=MS:1001782	NT=Carbamidomethyl;AC=UNIMOD:4;TA=C;MT=Fixed	NT=Trypsin;AC=MS:1001251	NT=collision-induced dissociation;AC=MS:1000133	dithiothreitol (dtt)	iodoacetamide (iaa)	1	1	20220602_PIETILAINEN_SEC_GP_14_TOFMRM.raw.zip	ftp://ftp.pride.ebi.ac.uk/pride/data/archive/2025/05/PXD041584/20220602_PIETILAINEN_SEC_GP_14_TOFMRM.raw.zip	v1.1.0	NT=ms-proteomics;VV=v1.1.0	manual curation	stem
20220602_PIETILAINEN_SEC_GP_30_RULE2.raw.zip	homo sapiens	stem	not applicable	obesity	1	20220602_PIETILAINEN_SEC_GP_30_RULE2.raw.zip	proteomic profiling by mass spectrometry	NT=Data-dependent acquisition;AC=PRIDE:0000627	NT=label free sample;AC=MS:1002038	NT=synapt ms;AC=MS:1001782	NT=Carbamidomethyl;AC=UNIMOD:4;TA=C;MT=Fixed	NT=Trypsin;AC=MS:1001251	NT=collision-induced dissociation;AC=MS:1000133	dithiothreitol (dtt)	iodoacetamide (iaa)	1	1	20220602_PIETILAINEN_SEC_GP_30_RULE2.raw.zip	ftp://ftp.pride.ebi.ac.uk/pride/data/archive/2025/05/PXD041584/20220602_PIETILAINEN_SEC_GP_30_RULE2.raw.zip	v1.1.0	NT=ms-proteomics;VV=v1.1.0	manual curation	stem
20220602_PIETILAINEN_SEC_GP_59_TOFMRM.raw.zip	homo sapiens	stem	not applicable	obesity	1	20220602_PIETILAINEN_SEC_GP_59_TOFMRM.raw.zip	proteomic profiling by mass spectrometry	NT=Data-dependent acquisition;AC=PRIDE:0000627	NT=label free sample;AC=MS:1002038	NT=synapt ms;AC=MS:1001782	NT=Carbamidomethyl;AC=UNIMOD:4;TA=C;MT=Fixed	NT=Trypsin;AC=MS:1001251	NT=collision-induced dissociation;AC=MS:1000133	dithiothreitol (dtt)	iodoacetamide (iaa)	1	1	20220602_PIETILAINEN_SEC_GP_59_TOFMRM.raw.zip	ftp://ftp.pride.ebi.ac.uk/pride/data/archive/2025/05/PXD041584/20220602_PIETILAINEN_SEC_GP_59_TOFMRM.raw.zip	v1.1.0	NT=ms-proteomics;VV=v1.1.0	manual curation	stem
20220602_PIETILAINEN_SEC_GP_101_RULE1.raw.zip	homo sapiens	stem	not applicable	obesity	1	20220602_PIETILAINEN_SEC_GP_101_RULE1.raw.zip	proteomic profiling by mass spectrometry	NT=Data-dependent acquisition;AC=PRIDE:0000627	NT=label free sample;AC=MS:1002038	NT=synapt ms;AC=MS:1001782	NT=Carbamidomethyl;AC=UNIMOD:4;TA=C;MT=Fixed	NT=Trypsin;AC=MS:1001251	NT=collision-induced dissociation;AC=MS:1000133	dithiothreitol (dtt)	iodoacetamide (iaa)	1	1	20220602_PIETILAINEN_SEC_GP_101_RULE1.raw.zip	ftp://ftp.pride.ebi.ac.uk/pride/data/archive/2025/05/PXD041584/20220602_PIETILAINEN_SEC_GP_101_RULE1.raw.zip	v1.1.0	NT=ms-proteomics;VV=v1.1.0	manual curation	stem
20220207_GP_SEC_PIETILAINEN_91.raw.zip	homo sapiens	stem	not applicable	obesity	1	20220207_GP_SEC_PIETILAINEN_91.raw.zip	proteomic profiling by mass spectrometry	NT=Data-dependent acquisition;AC=PRIDE:0000627	NT=label free sample;AC=MS:1002038	NT=synapt ms;AC=MS:1001782	NT=Carbamidomethyl;AC=UNIMOD:4;TA=C;MT=Fixed	NT=Trypsin;AC=MS:1001251	NT=collision-induced dissociation;AC=MS:1000133	dithiothreitol (dtt)	iodoacetamide (iaa)	1	1	20220207_GP_SEC_PIETILAINEN_91.raw.zip	ftp://ftp.pride.ebi.ac.uk/pride/data/archive/2025/05/PXD041584/20220207_GP_SEC_PIETILAINEN_91.raw.zip	v1.1.0	NT=ms-proteomics;VV=v1.1.0	manual curation	stem
20220207_GP_SEC_PIETILAINEN_22.raw.zip	homo sapiens	stem	not applicable	obesity	1	20220207_GP_SEC_PIETILAINEN_22.raw.zip	proteomic profiling by mass spectrometry	NT=Data-dependent acquisition;AC=PRIDE:0000627	NT=label free sample;AC=MS:1002038	NT=synapt ms;AC=MS:1001782	NT=Carbamidomethyl;AC=UNIMOD:4;TA=C;MT=Fixed	NT=Trypsin;AC=MS:1001251	NT=collision-induced dissociation;AC=MS:1000133	dithiothreitol (dtt)	iodoacetamide (iaa)	1	1	20220207_GP_SEC_PIETILAINEN_22.raw.zip	ftp://ftp.pride.ebi.ac.uk/pride/data/archive/2025/05/PXD041584/20220207_GP_SEC_PIETILAINEN_22.raw.zip	v1.1.0	NT=ms-proteomics;VV=v1.1.0	manual curation	stem
20220602_PIETILAINEN_SEC_GP_63_RULE1.raw.zip	homo sapiens	stem	not applicable	obesity	1	20220602_PIETILAINEN_SEC_GP_63_RULE1.raw.zip	proteomic profiling by mass spectrometry	NT=Data-dependent acquisition;AC=PRIDE:0000627	NT=label free sample;AC=MS:1002038	NT=synapt ms;AC=MS:1001782	NT=Carbamidomethyl;AC=UNIMOD:4;TA=C;MT=Fixed	NT=Trypsin;AC=MS:1001251	NT=collision-induced dissociation;AC=MS:1000133	dithiothreitol (dtt)	iodoacetamide (iaa)	1	1	20220602_PIETILAINEN_SEC_GP_63_RULE1.raw.zip	ftp://ftp.pride.ebi.ac.uk/pride/data/archive/2025/05/PXD041584/20220602_PIETILAINEN_SEC_GP_63_RULE1.raw.zip	v1.1.0	NT=ms-proteomics;VV=v1.1.0	manual curation	stem
20220602_PIETILAINEN_SEC_GP_14_RULE1.raw.zip	homo sapiens	stem	not applicable	obesity	1	20220602_PIETILAINEN_SEC_GP_14_RULE1.raw.zip	proteomic profiling by mass spectrometry	NT=Data-dependent acquisition;AC=PRIDE:0000627	NT=label free sample;AC=MS:1002038	NT=synapt ms;AC=MS:1001782	NT=Carbamidomethyl;AC=UNIMOD:4;TA=C;MT=Fixed	NT=Trypsin;AC=MS:1001251	NT=collision-induced dissociation;AC=MS:1000133	dithiothreitol (dtt)	iodoacetamide (iaa)	1	1	20220602_PIETILAINEN_SEC_GP_14_RULE1.raw.zip	ftp://ftp.pride.ebi.ac.uk/pride/data/archive/2025/05/PXD041584/20220602_PIETILAINEN_SEC_GP_14_RULE1.raw.zip	v1.1.0	NT=ms-proteomics;VV=v1.1.0	manual curation	stem
20220602_PIETILAINEN_SEC_GP_100_RULE1.raw.zip	homo sapiens	stem	not applicable	obesity	1	20220602_PIETILAINEN_SEC_GP_100_RULE1.raw.zip	proteomic profiling by mass spectrometry	NT=Data-dependent acquisition;AC=PRIDE:0000627	NT=label free sample;AC=MS:1002038	NT=synapt ms;AC=MS:1001782	NT=Carbamidomethyl;AC=UNIMOD:4;TA=C;MT=Fixed	NT=Trypsin;AC=MS:1001251	NT=collision-induced dissociation;AC=MS:1000133	dithiothreitol (dtt)	iodoacetamide (iaa)	1	1	20220602_PIETILAINEN_SEC_GP_100_RULE1.raw.zip	ftp://ftp.pride.ebi.ac.uk/pride/data/archive/2025/05/PXD041584/20220602_PIETILAINEN_SEC_GP_100_RULE1.raw.zip	v1.1.0	NT=ms-proteomics;VV=v1.1.0	manual curation	stem
20220207_GP_SEC_PIETILAINEN_84.raw.zip	homo sapiens	stem	not applicable	obesity	1	20220207_GP_SEC_PIETILAINEN_84.raw.zip	proteomic profiling by mass spectrometry	NT=Data-dependent acquisition;AC=PRIDE:0000627	NT=label free sample;AC=MS:1002038	NT=synapt ms;AC=MS:1001782	NT=Carbamidomethyl;AC=UNIMOD:4;TA=C;MT=Fixed	NT=Trypsin;AC=MS:1001251	NT=collision-induced dissociation;AC=MS:1000133	dithiothreitol (dtt)	iodoacetamide (iaa)	1	1	20220207_GP_SEC_PIETILAINEN_84.raw.zip	ftp://ftp.pride.ebi.ac.uk/pride/data/archive/2025/05/PXD041584/20220207_GP_SEC_PIETILAINEN_84.raw.zip	v1.1.0	NT=ms-proteomics;VV=v1.1.0	manual curation	stem
20220602_PIETILAINEN_SEC_GP_59_RULE2.raw.zip	homo sapiens	stem	not applicable	obesity	1	20220602_PIETILAINEN_SEC_GP_59_RULE2.raw.zip	proteomic profiling by mass spectrometry	NT=Data-dependent acquisition;AC=PRIDE:0000627	NT=label free sample;AC=MS:1002038	NT=synapt ms;AC=MS:1001782	NT=Carbamidomethyl;AC=UNIMOD:4;TA=C;MT=Fixed	NT=Trypsin;AC=MS:1001251	NT=collision-induced dissociation;AC=MS:1000133	dithiothreitol (dtt)	iodoacetamide (iaa)	1	1	20220602_PIETILAINEN_SEC_GP_59_RULE2.raw.zip	ftp://ftp.pride.ebi.ac.uk/pride/data/archive/2025/05/PXD041584/20220602_PIETILAINEN_SEC_GP_59_RULE2.raw.zip	v1.1.0	NT=ms-proteomics;VV=v1.1.0	manual curation	stem
20220602_PIETILAINEN_SEC_GP_75_RULE2.raw.zip	homo sapiens	stem	not applicable	obesity	1	20220602_PIETILAINEN_SEC_GP_75_RULE2.raw.zip	proteomic profiling by mass spectrometry	NT=Data-dependent acquisition;AC=PRIDE:0000627	NT=label free sample;AC=MS:1002038	NT=synapt ms;AC=MS:1001782	NT=Carbamidomethyl;AC=UNIMOD:4;TA=C;MT=Fixed	NT=Trypsin;AC=MS:1001251	NT=collision-induced dissociation;AC=MS:1000133	dithiothreitol (dtt)	iodoacetamide (iaa)	1	1	20220602_PIETILAINEN_SEC_GP_75_RULE2.raw.zip	ftp://ftp.pride.ebi.ac.uk/pride/data/archive/2025/05/PXD041584/20220602_PIETILAINEN_SEC_GP_75_RULE2.raw.zip	v1.1.0	NT=ms-proteomics;VV=v1.1.0	manual curation	stem
20220602_PIETILAINEN_SEC_GP_57_RULE2.raw.zip	homo sapiens	stem	not applicable	obesity	1	20220602_PIETILAINEN_SEC_GP_57_RULE2.raw.zip	proteomic profiling by mass spectrometry	NT=Data-dependent acquisition;AC=PRIDE:0000627	NT=label free sample;AC=MS:1002038	NT=synapt ms;AC=MS:1001782	NT=Carbamidomethyl;AC=UNIMOD:4;TA=C;MT=Fixed	NT=Trypsin;AC=MS:1001251	NT=collision-induced dissociation;AC=MS:1000133	dithiothreitol (dtt)	iodoacetamide (iaa)	1	1	20220602_PIETILAINEN_SEC_GP_57_RULE2.raw.zip	ftp://ftp.pride.ebi.ac.uk/pride/data/archive/2025/05/PXD041584/20220602_PIETILAINEN_SEC_GP_57_RULE2.raw.zip	v1.1.0	NT=ms-proteomics;VV=v1.1.0	manual curation	stem
20220207_GP_SEC_PIETILAINEN_35.raw.zip	homo sapiens	stem	not applicable	obesity	1	20220207_GP_SEC_PIETILAINEN_35.raw.zip	proteomic profiling by mass spectrometry	NT=Data-dependent acquisition;AC=PRIDE:0000627	NT=label free sample;AC=MS:1002038	NT=synapt ms;AC=MS:1001782	NT=Carbamidomethyl;AC=UNIMOD:4;TA=C;MT=Fixed	NT=Trypsin;AC=MS:1001251	NT=collision-induced dissociation;AC=MS:1000133	dithiothreitol (dtt)	iodoacetamide (iaa)	1	1	20220207_GP_SEC_PIETILAINEN_35.raw.zip	ftp://ftp.pride.ebi.ac.uk/pride/data/archive/2025/05/PXD041584/20220207_GP_SEC_PIETILAINEN_35.raw.zip	v1.1.0	NT=ms-proteomics;VV=v1.1.0	manual curation	stem
20220207_GP_SEC_PIETILAINEN_53.raw.zip	homo sapiens	stem	not applicable	obesity	1	20220207_GP_SEC_PIETILAINEN_53.raw.zip	proteomic profiling by mass spectrometry	NT=Data-dependent acquisition;AC=PRIDE:0000627	NT=label free sample;AC=MS:1002038	NT=synapt ms;AC=MS:1001782	NT=Carbamidomethyl;AC=UNIMOD:4;TA=C;MT=Fixed	NT=Trypsin;AC=MS:1001251	NT=collision-induced dissociation;AC=MS:1000133	dithiothreitol (dtt)	iodoacetamide (iaa)	1	1	20220207_GP_SEC_PIETILAINEN_53.raw.zip	ftp://ftp.pride.ebi.ac.uk/pride/data/archive/2025/05/PXD041584/20220207_GP_SEC_PIETILAINEN_53.raw.zip	v1.1.0	NT=ms-proteomics;VV=v1.1.0	manual curation	stem
20220602_PIETILAINEN_SEC_GP_112_RULE1.raw.zip	homo sapiens	stem	not applicable	obesity	1	20220602_PIETILAINEN_SEC_GP_112_RULE1.raw.zip	proteomic profiling by mass spectrometry	NT=Data-dependent acquisition;AC=PRIDE:0000627	NT=label free sample;AC=MS:1002038	NT=synapt ms;AC=MS:1001782	NT=Carbamidomethyl;AC=UNIMOD:4;TA=C;MT=Fixed	NT=Trypsin;AC=MS:1001251	NT=collision-induced dissociation;AC=MS:1000133	dithiothreitol (dtt)	iodoacetamide (iaa)	1	1	20220602_PIETILAINEN_SEC_GP_112_RULE1.raw.zip	ftp://ftp.pride.ebi.ac.uk/pride/data/archive/2025/05/PXD041584/20220602_PIETILAINEN_SEC_GP_112_RULE1.raw.zip	v1.1.0	NT=ms-proteomics;VV=v1.1.0	manual curation	stem
20220602_PIETILAINEN_SEC_GP_64_TOFMRM.raw.zip	homo sapiens	stem	not applicable	obesity	1	20220602_PIETILAINEN_SEC_GP_64_TOFMRM.raw.zip	proteomic profiling by mass spectrometry	NT=Data-dependent acquisition;AC=PRIDE:0000627	NT=label free sample;AC=MS:1002038	NT=synapt ms;AC=MS:1001782	NT=Carbamidomethyl;AC=UNIMOD:4;TA=C;MT=Fixed	NT=Trypsin;AC=MS:1001251	NT=collision-induced dissociation;AC=MS:1000133	dithiothreitol (dtt)	iodoacetamide (iaa)	1	1	20220602_PIETILAINEN_SEC_GP_64_TOFMRM.raw.zip	ftp://ftp.pride.ebi.ac.uk/pride/data/archive/2025/05/PXD041584/20220602_PIETILAINEN_SEC_GP_64_TOFMRM.raw.zip	v1.1.0	NT=ms-proteomics;VV=v1.1.0	manual curation	stem
20220602_PIETILAINEN_SEC_GP_24_RULE2.raw.zip	homo sapiens	stem	not applicable	obesity	1	20220602_PIETILAINEN_SEC_GP_24_RULE2.raw.zip	proteomic profiling by mass spectrometry	NT=Data-dependent acquisition;AC=PRIDE:0000627	NT=label free sample;AC=MS:1002038	NT=synapt ms;AC=MS:1001782	NT=Carbamidomethyl;AC=UNIMOD:4;TA=C;MT=Fixed	NT=Trypsin;AC=MS:1001251	NT=collision-induced dissociation;AC=MS:1000133	dithiothreitol (dtt)	iodoacetamide (iaa)	1	1	20220602_PIETILAINEN_SEC_GP_24_RULE2.raw.zip	ftp://ftp.pride.ebi.ac.uk/pride/data/archive/2025/05/PXD041584/20220602_PIETILAINEN_SEC_GP_24_RULE2.raw.zip	v1.1.0	NT=ms-proteomics;VV=v1.1.0	manual curation	stem
