source name	characteristics[organism]	characteristics[organism part]	characteristics[cell type]	characteristics[disease]	characteristics[biological replicate]	assay name	technology type	comment[proteomics data acquisition method]	comment[label]	comment[instrument]	comment[modification parameters]	comment[cleavage agent details]	comment[dissociation method]	comment[fraction identifier]	comment[technical replicate]	comment[data file]	comment[file uri]	comment[sdrf version]	comment[sdrf template]	comment[sdrf template]	comment[sdrf annotation tool]	factor value[organism part]
SEV6_5	homo sapiens	blood	not applicable	severe acute respiratory syndrome	5	SEV6_5	proteomic profiling by mass spectrometry	NT=Data-dependent acquisition;AC=PRIDE:0000627	NT=label free sample;AC=MS:1002038	NT=q exactive;AC=MS:1001911	NT=Phospho;AC=UNIMOD:21;TA=S,T,Y;MT=Variable	NT=Trypsin;AC=MS:1001251	NT=collision-induced dissociation;AC=MS:1000133	1	1	SEV6_5.raw	ftp://ftp.pride.ebi.ac.uk/pride/data/archive/2026/02/PXD072061/SEV6_5.raw	v1.1.0	NT=ms-proteomics;VV=v1.1.0	NT=clinical-metadata;VV=v1.0.0	manual curation	blood
HD2_6	homo sapiens	blood	not applicable	severe acute respiratory syndrome	6	HD2_6	proteomic profiling by mass spectrometry	NT=Data-dependent acquisition;AC=PRIDE:0000627	NT=label free sample;AC=MS:1002038	NT=q exactive;AC=MS:1001911	NT=Phospho;AC=UNIMOD:21;TA=S,T,Y;MT=Variable	NT=Trypsin;AC=MS:1001251	NT=collision-induced dissociation;AC=MS:1000133	1	1	HD2_6.raw	ftp://ftp.pride.ebi.ac.uk/pride/data/archive/2026/02/PXD072061/HD2_6.raw	v1.1.0	NT=ms-proteomics;VV=v1.1.0	NT=clinical-metadata;VV=v1.0.0	manual curation	blood
MILD8_4	homo sapiens	blood	not applicable	severe acute respiratory syndrome	4	MILD8_4	proteomic profiling by mass spectrometry	NT=Data-dependent acquisition;AC=PRIDE:0000627	NT=label free sample;AC=MS:1002038	NT=q exactive;AC=MS:1001911	NT=Phospho;AC=UNIMOD:21;TA=S,T,Y;MT=Variable	NT=Trypsin;AC=MS:1001251	NT=collision-induced dissociation;AC=MS:1000133	1	1	MILD8_4.raw	ftp://ftp.pride.ebi.ac.uk/pride/data/archive/2026/02/PXD072061/MILD8_4.raw	v1.1.0	NT=ms-proteomics;VV=v1.1.0	NT=clinical-metadata;VV=v1.0.0	manual curation	blood
SEV4_1b	homo sapiens	blood	not applicable	severe acute respiratory syndrome	1	SEV4_1b	proteomic profiling by mass spectrometry	NT=Data-dependent acquisition;AC=PRIDE:0000627	NT=label free sample;AC=MS:1002038	NT=q exactive;AC=MS:1001911	NT=Phospho;AC=UNIMOD:21;TA=S,T,Y;MT=Variable	NT=Trypsin;AC=MS:1001251	NT=collision-induced dissociation;AC=MS:1000133	1	1	SEV4_1b.raw	ftp://ftp.pride.ebi.ac.uk/pride/data/archive/2026/02/PXD072061/SEV4_1b.raw	v1.1.0	NT=ms-proteomics;VV=v1.1.0	NT=clinical-metadata;VV=v1.0.0	manual curation	blood
HD2_3b	homo sapiens	blood	not applicable	severe acute respiratory syndrome	1	HD2_3b	proteomic profiling by mass spectrometry	NT=Data-dependent acquisition;AC=PRIDE:0000627	NT=label free sample;AC=MS:1002038	NT=q exactive;AC=MS:1001911	NT=Phospho;AC=UNIMOD:21;TA=S,T,Y;MT=Variable	NT=Trypsin;AC=MS:1001251	NT=collision-induced dissociation;AC=MS:1000133	1	1	HD2_3b.raw	ftp://ftp.pride.ebi.ac.uk/pride/data/archive/2026/02/PXD072061/HD2_3b.raw	v1.1.0	NT=ms-proteomics;VV=v1.1.0	NT=clinical-metadata;VV=v1.0.0	manual curation	blood
MILD3_1b	homo sapiens	blood	not applicable	severe acute respiratory syndrome	1	MILD3_1b	proteomic profiling by mass spectrometry	NT=Data-dependent acquisition;AC=PRIDE:0000627	NT=label free sample;AC=MS:1002038	NT=q exactive;AC=MS:1001911	NT=Phospho;AC=UNIMOD:21;TA=S,T,Y;MT=Variable	NT=Trypsin;AC=MS:1001251	NT=collision-induced dissociation;AC=MS:1000133	1	1	MILD3_1b.raw	ftp://ftp.pride.ebi.ac.uk/pride/data/archive/2026/02/PXD072061/MILD3_1b.raw	v1.1.0	NT=ms-proteomics;VV=v1.1.0	NT=clinical-metadata;VV=v1.0.0	manual curation	blood
SEV8_1b	homo sapiens	blood	not applicable	severe acute respiratory syndrome	1	SEV8_1b	proteomic profiling by mass spectrometry	NT=Data-dependent acquisition;AC=PRIDE:0000627	NT=label free sample;AC=MS:1002038	NT=q exactive;AC=MS:1001911	NT=Phospho;AC=UNIMOD:21;TA=S,T,Y;MT=Variable	NT=Trypsin;AC=MS:1001251	NT=collision-induced dissociation;AC=MS:1000133	1	1	SEV8_1b.raw	ftp://ftp.pride.ebi.ac.uk/pride/data/archive/2026/02/PXD072061/SEV8_1b.raw	v1.1.0	NT=ms-proteomics;VV=v1.1.0	NT=clinical-metadata;VV=v1.0.0	manual curation	blood
HD2_1b	homo sapiens	blood	not applicable	severe acute respiratory syndrome	1	HD2_1b	proteomic profiling by mass spectrometry	NT=Data-dependent acquisition;AC=PRIDE:0000627	NT=label free sample;AC=MS:1002038	NT=q exactive;AC=MS:1001911	NT=Phospho;AC=UNIMOD:21;TA=S,T,Y;MT=Variable	NT=Trypsin;AC=MS:1001251	NT=collision-induced dissociation;AC=MS:1000133	1	1	HD2_1b.raw	ftp://ftp.pride.ebi.ac.uk/pride/data/archive/2026/02/PXD072061/HD2_1b.raw	v1.1.0	NT=ms-proteomics;VV=v1.1.0	NT=clinical-metadata;VV=v1.0.0	manual curation	blood
MILD2_4	homo sapiens	blood	not applicable	severe acute respiratory syndrome	4	MILD2_4	proteomic profiling by mass spectrometry	NT=Data-dependent acquisition;AC=PRIDE:0000627	NT=label free sample;AC=MS:1002038	NT=q exactive;AC=MS:1001911	NT=Phospho;AC=UNIMOD:21;TA=S,T,Y;MT=Variable	NT=Trypsin;AC=MS:1001251	NT=collision-induced dissociation;AC=MS:1000133	1	1	MILD2_4.raw	ftp://ftp.pride.ebi.ac.uk/pride/data/archive/2026/02/PXD072061/MILD2_4.raw	v1.1.0	NT=ms-proteomics;VV=v1.1.0	NT=clinical-metadata;VV=v1.0.0	manual curation	blood
MILD8_8b	homo sapiens	blood	not applicable	severe acute respiratory syndrome	1	MILD8_8b	proteomic profiling by mass spectrometry	NT=Data-dependent acquisition;AC=PRIDE:0000627	NT=label free sample;AC=MS:1002038	NT=q exactive;AC=MS:1001911	NT=Phospho;AC=UNIMOD:21;TA=S,T,Y;MT=Variable	NT=Trypsin;AC=MS:1001251	NT=collision-induced dissociation;AC=MS:1000133	1	1	MILD8_8b.raw	ftp://ftp.pride.ebi.ac.uk/pride/data/archive/2026/02/PXD072061/MILD8_8b.raw	v1.1.0	NT=ms-proteomics;VV=v1.1.0	NT=clinical-metadata;VV=v1.0.0	manual curation	blood
MILD11_1	homo sapiens	blood	not applicable	severe acute respiratory syndrome	1	MILD11_1	proteomic profiling by mass spectrometry	NT=Data-dependent acquisition;AC=PRIDE:0000627	NT=label free sample;AC=MS:1002038	NT=q exactive;AC=MS:1001911	NT=Phospho;AC=UNIMOD:21;TA=S,T,Y;MT=Variable	NT=Trypsin;AC=MS:1001251	NT=collision-induced dissociation;AC=MS:1000133	1	1	MILD11_1.raw	ftp://ftp.pride.ebi.ac.uk/pride/data/archive/2026/02/PXD072061/MILD11_1.raw	v1.1.0	NT=ms-proteomics;VV=v1.1.0	NT=clinical-metadata;VV=v1.0.0	manual curation	blood
SEV7_1b	homo sapiens	blood	not applicable	severe acute respiratory syndrome	1	SEV7_1b	proteomic profiling by mass spectrometry	NT=Data-dependent acquisition;AC=PRIDE:0000627	NT=label free sample;AC=MS:1002038	NT=q exactive;AC=MS:1001911	NT=Phospho;AC=UNIMOD:21;TA=S,T,Y;MT=Variable	NT=Trypsin;AC=MS:1001251	NT=collision-induced dissociation;AC=MS:1000133	1	1	SEV7_1b.raw	ftp://ftp.pride.ebi.ac.uk/pride/data/archive/2026/02/PXD072061/SEV7_1b.raw	v1.1.0	NT=ms-proteomics;VV=v1.1.0	NT=clinical-metadata;VV=v1.0.0	manual curation	blood
MILD3_6b	homo sapiens	blood	not applicable	severe acute respiratory syndrome	1	MILD3_6b	proteomic profiling by mass spectrometry	NT=Data-dependent acquisition;AC=PRIDE:0000627	NT=label free sample;AC=MS:1002038	NT=q exactive;AC=MS:1001911	NT=Phospho;AC=UNIMOD:21;TA=S,T,Y;MT=Variable	NT=Trypsin;AC=MS:1001251	NT=collision-induced dissociation;AC=MS:1000133	1	1	MILD3_6b.raw	ftp://ftp.pride.ebi.ac.uk/pride/data/archive/2026/02/PXD072061/MILD3_6b.raw	v1.1.0	NT=ms-proteomics;VV=v1.1.0	NT=clinical-metadata;VV=v1.0.0	manual curation	blood
MILD8_4b	homo sapiens	blood	not applicable	severe acute respiratory syndrome	1	MILD8_4b	proteomic profiling by mass spectrometry	NT=Data-dependent acquisition;AC=PRIDE:0000627	NT=label free sample;AC=MS:1002038	NT=q exactive;AC=MS:1001911	NT=Phospho;AC=UNIMOD:21;TA=S,T,Y;MT=Variable	NT=Trypsin;AC=MS:1001251	NT=collision-induced dissociation;AC=MS:1000133	1	1	MILD8_4b.raw	ftp://ftp.pride.ebi.ac.uk/pride/data/archive/2026/02/PXD072061/MILD8_4b.raw	v1.1.0	NT=ms-proteomics;VV=v1.1.0	NT=clinical-metadata;VV=v1.0.0	manual curation	blood
HD1_2b	homo sapiens	blood	not applicable	severe acute respiratory syndrome	1	HD1_2b	proteomic profiling by mass spectrometry	NT=Data-dependent acquisition;AC=PRIDE:0000627	NT=label free sample;AC=MS:1002038	NT=q exactive;AC=MS:1001911	NT=Phospho;AC=UNIMOD:21;TA=S,T,Y;MT=Variable	NT=Trypsin;AC=MS:1001251	NT=collision-induced dissociation;AC=MS:1000133	1	1	HD1_2b.raw	ftp://ftp.pride.ebi.ac.uk/pride/data/archive/2026/02/PXD072061/HD1_2b.raw	v1.1.0	NT=ms-proteomics;VV=v1.1.0	NT=clinical-metadata;VV=v1.0.0	manual curation	blood
MILD1_7	homo sapiens	blood	not applicable	severe acute respiratory syndrome	7	MILD1_7	proteomic profiling by mass spectrometry	NT=Data-dependent acquisition;AC=PRIDE:0000627	NT=label free sample;AC=MS:1002038	NT=q exactive;AC=MS:1001911	NT=Phospho;AC=UNIMOD:21;TA=S,T,Y;MT=Variable	NT=Trypsin;AC=MS:1001251	NT=collision-induced dissociation;AC=MS:1000133	1	1	MILD1_7.raw	ftp://ftp.pride.ebi.ac.uk/pride/data/archive/2026/02/PXD072061/MILD1_7.raw	v1.1.0	NT=ms-proteomics;VV=v1.1.0	NT=clinical-metadata;VV=v1.0.0	manual curation	blood
MILD1_2b	homo sapiens	blood	not applicable	severe acute respiratory syndrome	1	MILD1_2b	proteomic profiling by mass spectrometry	NT=Data-dependent acquisition;AC=PRIDE:0000627	NT=label free sample;AC=MS:1002038	NT=q exactive;AC=MS:1001911	NT=Phospho;AC=UNIMOD:21;TA=S,T,Y;MT=Variable	NT=Trypsin;AC=MS:1001251	NT=collision-induced dissociation;AC=MS:1000133	1	1	MILD1_2b.raw	ftp://ftp.pride.ebi.ac.uk/pride/data/archive/2026/02/PXD072061/MILD1_2b.raw	v1.1.0	NT=ms-proteomics;VV=v1.1.0	NT=clinical-metadata;VV=v1.0.0	manual curation	blood
HD1_5b	homo sapiens	blood	not applicable	severe acute respiratory syndrome	1	HD1_5b	proteomic profiling by mass spectrometry	NT=Data-dependent acquisition;AC=PRIDE:0000627	NT=label free sample;AC=MS:1002038	NT=q exactive;AC=MS:1001911	NT=Phospho;AC=UNIMOD:21;TA=S,T,Y;MT=Variable	NT=Trypsin;AC=MS:1001251	NT=collision-induced dissociation;AC=MS:1000133	1	1	HD1_5b.raw	ftp://ftp.pride.ebi.ac.uk/pride/data/archive/2026/02/PXD072061/HD1_5b.raw	v1.1.0	NT=ms-proteomics;VV=v1.1.0	NT=clinical-metadata;VV=v1.0.0	manual curation	blood
MILD11_7	homo sapiens	blood	not applicable	severe acute respiratory syndrome	7	MILD11_7	proteomic profiling by mass spectrometry	NT=Data-dependent acquisition;AC=PRIDE:0000627	NT=label free sample;AC=MS:1002038	NT=q exactive;AC=MS:1001911	NT=Phospho;AC=UNIMOD:21;TA=S,T,Y;MT=Variable	NT=Trypsin;AC=MS:1001251	NT=collision-induced dissociation;AC=MS:1000133	1	1	MILD11_7.raw	ftp://ftp.pride.ebi.ac.uk/pride/data/archive/2026/02/PXD072061/MILD11_7.raw	v1.1.0	NT=ms-proteomics;VV=v1.1.0	NT=clinical-metadata;VV=v1.0.0	manual curation	blood
MILD11_5b	homo sapiens	blood	not applicable	severe acute respiratory syndrome	1	MILD11_5b	proteomic profiling by mass spectrometry	NT=Data-dependent acquisition;AC=PRIDE:0000627	NT=label free sample;AC=MS:1002038	NT=q exactive;AC=MS:1001911	NT=Phospho;AC=UNIMOD:21;TA=S,T,Y;MT=Variable	NT=Trypsin;AC=MS:1001251	NT=collision-induced dissociation;AC=MS:1000133	1	1	MILD11_5b.raw	ftp://ftp.pride.ebi.ac.uk/pride/data/archive/2026/02/PXD072061/MILD11_5b.raw	v1.1.0	NT=ms-proteomics;VV=v1.1.0	NT=clinical-metadata;VV=v1.0.0	manual curation	blood
HD3_8	homo sapiens	blood	not applicable	severe acute respiratory syndrome	8	HD3_8	proteomic profiling by mass spectrometry	NT=Data-dependent acquisition;AC=PRIDE:0000627	NT=label free sample;AC=MS:1002038	NT=q exactive;AC=MS:1001911	NT=Phospho;AC=UNIMOD:21;TA=S,T,Y;MT=Variable	NT=Trypsin;AC=MS:1001251	NT=collision-induced dissociation;AC=MS:1000133	1	1	HD3_8.raw	ftp://ftp.pride.ebi.ac.uk/pride/data/archive/2026/02/PXD072061/HD3_8.raw	v1.1.0	NT=ms-proteomics;VV=v1.1.0	NT=clinical-metadata;VV=v1.0.0	manual curation	blood
MILD8_7	homo sapiens	blood	not applicable	severe acute respiratory syndrome	7	MILD8_7	proteomic profiling by mass spectrometry	NT=Data-dependent acquisition;AC=PRIDE:0000627	NT=label free sample;AC=MS:1002038	NT=q exactive;AC=MS:1001911	NT=Phospho;AC=UNIMOD:21;TA=S,T,Y;MT=Variable	NT=Trypsin;AC=MS:1001251	NT=collision-induced dissociation;AC=MS:1000133	1	1	MILD8_7.raw	ftp://ftp.pride.ebi.ac.uk/pride/data/archive/2026/02/PXD072061/MILD8_7.raw	v1.1.0	NT=ms-proteomics;VV=v1.1.0	NT=clinical-metadata;VV=v1.0.0	manual curation	blood
SEV3_6b	homo sapiens	blood	not applicable	severe acute respiratory syndrome	1	SEV3_6b	proteomic profiling by mass spectrometry	NT=Data-dependent acquisition;AC=PRIDE:0000627	NT=label free sample;AC=MS:1002038	NT=q exactive;AC=MS:1001911	NT=Phospho;AC=UNIMOD:21;TA=S,T,Y;MT=Variable	NT=Trypsin;AC=MS:1001251	NT=collision-induced dissociation;AC=MS:1000133	1	1	SEV3_6b.raw	ftp://ftp.pride.ebi.ac.uk/pride/data/archive/2026/02/PXD072061/SEV3_6b.raw	v1.1.0	NT=ms-proteomics;VV=v1.1.0	NT=clinical-metadata;VV=v1.0.0	manual curation	blood
SEV4_8b	homo sapiens	blood	not applicable	severe acute respiratory syndrome	1	SEV4_8b	proteomic profiling by mass spectrometry	NT=Data-dependent acquisition;AC=PRIDE:0000627	NT=label free sample;AC=MS:1002038	NT=q exactive;AC=MS:1001911	NT=Phospho;AC=UNIMOD:21;TA=S,T,Y;MT=Variable	NT=Trypsin;AC=MS:1001251	NT=collision-induced dissociation;AC=MS:1000133	1	1	SEV4_8b.raw	ftp://ftp.pride.ebi.ac.uk/pride/data/archive/2026/02/PXD072061/SEV4_8b.raw	v1.1.0	NT=ms-proteomics;VV=v1.1.0	NT=clinical-metadata;VV=v1.0.0	manual curation	blood
HD3_2	homo sapiens	blood	not applicable	severe acute respiratory syndrome	2	HD3_2	proteomic profiling by mass spectrometry	NT=Data-dependent acquisition;AC=PRIDE:0000627	NT=label free sample;AC=MS:1002038	NT=q exactive;AC=MS:1001911	NT=Phospho;AC=UNIMOD:21;TA=S,T,Y;MT=Variable	NT=Trypsin;AC=MS:1001251	NT=collision-induced dissociation;AC=MS:1000133	1	1	HD3_2.raw	ftp://ftp.pride.ebi.ac.uk/pride/data/archive/2026/02/PXD072061/HD3_2.raw	v1.1.0	NT=ms-proteomics;VV=v1.1.0	NT=clinical-metadata;VV=v1.0.0	manual curation	blood
HD4_3b	homo sapiens	blood	not applicable	severe acute respiratory syndrome	1	HD4_3b	proteomic profiling by mass spectrometry	NT=Data-dependent acquisition;AC=PRIDE:0000627	NT=label free sample;AC=MS:1002038	NT=q exactive;AC=MS:1001911	NT=Phospho;AC=UNIMOD:21;TA=S,T,Y;MT=Variable	NT=Trypsin;AC=MS:1001251	NT=collision-induced dissociation;AC=MS:1000133	1	1	HD4_3b.raw	ftp://ftp.pride.ebi.ac.uk/pride/data/archive/2026/02/PXD072061/HD4_3b.raw	v1.1.0	NT=ms-proteomics;VV=v1.1.0	NT=clinical-metadata;VV=v1.0.0	manual curation	blood
HD2_8b	homo sapiens	blood	not applicable	severe acute respiratory syndrome	1	HD2_8b	proteomic profiling by mass spectrometry	NT=Data-dependent acquisition;AC=PRIDE:0000627	NT=label free sample;AC=MS:1002038	NT=q exactive;AC=MS:1001911	NT=Phospho;AC=UNIMOD:21;TA=S,T,Y;MT=Variable	NT=Trypsin;AC=MS:1001251	NT=collision-induced dissociation;AC=MS:1000133	1	1	HD2_8b.raw	ftp://ftp.pride.ebi.ac.uk/pride/data/archive/2026/02/PXD072061/HD2_8b.raw	v1.1.0	NT=ms-proteomics;VV=v1.1.0	NT=clinical-metadata;VV=v1.0.0	manual curation	blood
HD5_5b	homo sapiens	blood	not applicable	severe acute respiratory syndrome	1	HD5_5b	proteomic profiling by mass spectrometry	NT=Data-dependent acquisition;AC=PRIDE:0000627	NT=label free sample;AC=MS:1002038	NT=q exactive;AC=MS:1001911	NT=Phospho;AC=UNIMOD:21;TA=S,T,Y;MT=Variable	NT=Trypsin;AC=MS:1001251	NT=collision-induced dissociation;AC=MS:1000133	1	1	HD5_5b.raw	ftp://ftp.pride.ebi.ac.uk/pride/data/archive/2026/02/PXD072061/HD5_5b.raw	v1.1.0	NT=ms-proteomics;VV=v1.1.0	NT=clinical-metadata;VV=v1.0.0	manual curation	blood
MILD7_2b	homo sapiens	blood	not applicable	severe acute respiratory syndrome	1	MILD7_2b	proteomic profiling by mass spectrometry	NT=Data-dependent acquisition;AC=PRIDE:0000627	NT=label free sample;AC=MS:1002038	NT=q exactive;AC=MS:1001911	NT=Phospho;AC=UNIMOD:21;TA=S,T,Y;MT=Variable	NT=Trypsin;AC=MS:1001251	NT=collision-induced dissociation;AC=MS:1000133	1	1	MILD7_2b.raw	ftp://ftp.pride.ebi.ac.uk/pride/data/archive/2026/02/PXD072061/MILD7_2b.raw	v1.1.0	NT=ms-proteomics;VV=v1.1.0	NT=clinical-metadata;VV=v1.0.0	manual curation	blood
SEV1_7	homo sapiens	blood	not applicable	severe acute respiratory syndrome	7	SEV1_7	proteomic profiling by mass spectrometry	NT=Data-dependent acquisition;AC=PRIDE:0000627	NT=label free sample;AC=MS:1002038	NT=q exactive;AC=MS:1001911	NT=Phospho;AC=UNIMOD:21;TA=S,T,Y;MT=Variable	NT=Trypsin;AC=MS:1001251	NT=collision-induced dissociation;AC=MS:1000133	1	1	SEV1_7.raw	ftp://ftp.pride.ebi.ac.uk/pride/data/archive/2026/02/PXD072061/SEV1_7.raw	v1.1.0	NT=ms-proteomics;VV=v1.1.0	NT=clinical-metadata;VV=v1.0.0	manual curation	blood
HD4_6	homo sapiens	blood	not applicable	severe acute respiratory syndrome	6	HD4_6	proteomic profiling by mass spectrometry	NT=Data-dependent acquisition;AC=PRIDE:0000627	NT=label free sample;AC=MS:1002038	NT=q exactive;AC=MS:1001911	NT=Phospho;AC=UNIMOD:21;TA=S,T,Y;MT=Variable	NT=Trypsin;AC=MS:1001251	NT=collision-induced dissociation;AC=MS:1000133	1	1	HD4_6.raw	ftp://ftp.pride.ebi.ac.uk/pride/data/archive/2026/02/PXD072061/HD4_6.raw	v1.1.0	NT=ms-proteomics;VV=v1.1.0	NT=clinical-metadata;VV=v1.0.0	manual curation	blood
SEV1_6	homo sapiens	blood	not applicable	severe acute respiratory syndrome	6	SEV1_6	proteomic profiling by mass spectrometry	NT=Data-dependent acquisition;AC=PRIDE:0000627	NT=label free sample;AC=MS:1002038	NT=q exactive;AC=MS:1001911	NT=Phospho;AC=UNIMOD:21;TA=S,T,Y;MT=Variable	NT=Trypsin;AC=MS:1001251	NT=collision-induced dissociation;AC=MS:1000133	1	1	SEV1_6.raw	ftp://ftp.pride.ebi.ac.uk/pride/data/archive/2026/02/PXD072061/SEV1_6.raw	v1.1.0	NT=ms-proteomics;VV=v1.1.0	NT=clinical-metadata;VV=v1.0.0	manual curation	blood
HD5_7	homo sapiens	blood	not applicable	severe acute respiratory syndrome	7	HD5_7	proteomic profiling by mass spectrometry	NT=Data-dependent acquisition;AC=PRIDE:0000627	NT=label free sample;AC=MS:1002038	NT=q exactive;AC=MS:1001911	NT=Phospho;AC=UNIMOD:21;TA=S,T,Y;MT=Variable	NT=Trypsin;AC=MS:1001251	NT=collision-induced dissociation;AC=MS:1000133	1	1	HD5_7.raw	ftp://ftp.pride.ebi.ac.uk/pride/data/archive/2026/02/PXD072061/HD5_7.raw	v1.1.0	NT=ms-proteomics;VV=v1.1.0	NT=clinical-metadata;VV=v1.0.0	manual curation	blood
HD2_6b	homo sapiens	blood	not applicable	severe acute respiratory syndrome	1	HD2_6b	proteomic profiling by mass spectrometry	NT=Data-dependent acquisition;AC=PRIDE:0000627	NT=label free sample;AC=MS:1002038	NT=q exactive;AC=MS:1001911	NT=Phospho;AC=UNIMOD:21;TA=S,T,Y;MT=Variable	NT=Trypsin;AC=MS:1001251	NT=collision-induced dissociation;AC=MS:1000133	1	1	HD2_6b.raw	ftp://ftp.pride.ebi.ac.uk/pride/data/archive/2026/02/PXD072061/HD2_6b.raw	v1.1.0	NT=ms-proteomics;VV=v1.1.0	NT=clinical-metadata;VV=v1.0.0	manual curation	blood
MILD12_8b	homo sapiens	blood	not applicable	severe acute respiratory syndrome	1	MILD12_8b	proteomic profiling by mass spectrometry	NT=Data-dependent acquisition;AC=PRIDE:0000627	NT=label free sample;AC=MS:1002038	NT=q exactive;AC=MS:1001911	NT=Phospho;AC=UNIMOD:21;TA=S,T,Y;MT=Variable	NT=Trypsin;AC=MS:1001251	NT=collision-induced dissociation;AC=MS:1000133	1	1	MILD12_8b.raw	ftp://ftp.pride.ebi.ac.uk/pride/data/archive/2026/02/PXD072061/MILD12_8b.raw	v1.1.0	NT=ms-proteomics;VV=v1.1.0	NT=clinical-metadata;VV=v1.0.0	manual curation	blood
MILD1_4b	homo sapiens	blood	not applicable	severe acute respiratory syndrome	1	MILD1_4b	proteomic profiling by mass spectrometry	NT=Data-dependent acquisition;AC=PRIDE:0000627	NT=label free sample;AC=MS:1002038	NT=q exactive;AC=MS:1001911	NT=Phospho;AC=UNIMOD:21;TA=S,T,Y;MT=Variable	NT=Trypsin;AC=MS:1001251	NT=collision-induced dissociation;AC=MS:1000133	1	1	MILD1_4b.raw	ftp://ftp.pride.ebi.ac.uk/pride/data/archive/2026/02/PXD072061/MILD1_4b.raw	v1.1.0	NT=ms-proteomics;VV=v1.1.0	NT=clinical-metadata;VV=v1.0.0	manual curation	blood
MILD11_1b	homo sapiens	blood	not applicable	severe acute respiratory syndrome	1	MILD11_1b	proteomic profiling by mass spectrometry	NT=Data-dependent acquisition;AC=PRIDE:0000627	NT=label free sample;AC=MS:1002038	NT=q exactive;AC=MS:1001911	NT=Phospho;AC=UNIMOD:21;TA=S,T,Y;MT=Variable	NT=Trypsin;AC=MS:1001251	NT=collision-induced dissociation;AC=MS:1000133	1	1	MILD11_1b.raw	ftp://ftp.pride.ebi.ac.uk/pride/data/archive/2026/02/PXD072061/MILD11_1b.raw	v1.1.0	NT=ms-proteomics;VV=v1.1.0	NT=clinical-metadata;VV=v1.0.0	manual curation	blood
SEV5_1b	homo sapiens	blood	not applicable	severe acute respiratory syndrome	1	SEV5_1b	proteomic profiling by mass spectrometry	NT=Data-dependent acquisition;AC=PRIDE:0000627	NT=label free sample;AC=MS:1002038	NT=q exactive;AC=MS:1001911	NT=Phospho;AC=UNIMOD:21;TA=S,T,Y;MT=Variable	NT=Trypsin;AC=MS:1001251	NT=collision-induced dissociation;AC=MS:1000133	1	1	SEV5_1b.raw	ftp://ftp.pride.ebi.ac.uk/pride/data/archive/2026/02/PXD072061/SEV5_1b.raw	v1.1.0	NT=ms-proteomics;VV=v1.1.0	NT=clinical-metadata;VV=v1.0.0	manual curation	blood
SEV2_3	homo sapiens	blood	not applicable	severe acute respiratory syndrome	3	SEV2_3	proteomic profiling by mass spectrometry	NT=Data-dependent acquisition;AC=PRIDE:0000627	NT=label free sample;AC=MS:1002038	NT=q exactive;AC=MS:1001911	NT=Phospho;AC=UNIMOD:21;TA=S,T,Y;MT=Variable	NT=Trypsin;AC=MS:1001251	NT=collision-induced dissociation;AC=MS:1000133	1	1	SEV2_3.raw	ftp://ftp.pride.ebi.ac.uk/pride/data/archive/2026/02/PXD072061/SEV2_3.raw	v1.1.0	NT=ms-proteomics;VV=v1.1.0	NT=clinical-metadata;VV=v1.0.0	manual curation	blood
SEV2_2	homo sapiens	blood	not applicable	severe acute respiratory syndrome	2	SEV2_2	proteomic profiling by mass spectrometry	NT=Data-dependent acquisition;AC=PRIDE:0000627	NT=label free sample;AC=MS:1002038	NT=q exactive;AC=MS:1001911	NT=Phospho;AC=UNIMOD:21;TA=S,T,Y;MT=Variable	NT=Trypsin;AC=MS:1001251	NT=collision-induced dissociation;AC=MS:1000133	1	1	SEV2_2.raw	ftp://ftp.pride.ebi.ac.uk/pride/data/archive/2026/02/PXD072061/SEV2_2.raw	v1.1.0	NT=ms-proteomics;VV=v1.1.0	NT=clinical-metadata;VV=v1.0.0	manual curation	blood
MILD7_3b	homo sapiens	blood	not applicable	severe acute respiratory syndrome	1	MILD7_3b	proteomic profiling by mass spectrometry	NT=Data-dependent acquisition;AC=PRIDE:0000627	NT=label free sample;AC=MS:1002038	NT=q exactive;AC=MS:1001911	NT=Phospho;AC=UNIMOD:21;TA=S,T,Y;MT=Variable	NT=Trypsin;AC=MS:1001251	NT=collision-induced dissociation;AC=MS:1000133	1	1	MILD7_3b.raw	ftp://ftp.pride.ebi.ac.uk/pride/data/archive/2026/02/PXD072061/MILD7_3b.raw	v1.1.0	NT=ms-proteomics;VV=v1.1.0	NT=clinical-metadata;VV=v1.0.0	manual curation	blood
SEV1_7b	homo sapiens	blood	not applicable	severe acute respiratory syndrome	1	SEV1_7b	proteomic profiling by mass spectrometry	NT=Data-dependent acquisition;AC=PRIDE:0000627	NT=label free sample;AC=MS:1002038	NT=q exactive;AC=MS:1001911	NT=Phospho;AC=UNIMOD:21;TA=S,T,Y;MT=Variable	NT=Trypsin;AC=MS:1001251	NT=collision-induced dissociation;AC=MS:1000133	1	1	SEV1_7b.raw	ftp://ftp.pride.ebi.ac.uk/pride/data/archive/2026/02/PXD072061/SEV1_7b.raw	v1.1.0	NT=ms-proteomics;VV=v1.1.0	NT=clinical-metadata;VV=v1.0.0	manual curation	blood
MILD6_5b	homo sapiens	blood	not applicable	severe acute respiratory syndrome	1	MILD6_5b	proteomic profiling by mass spectrometry	NT=Data-dependent acquisition;AC=PRIDE:0000627	NT=label free sample;AC=MS:1002038	NT=q exactive;AC=MS:1001911	NT=Phospho;AC=UNIMOD:21;TA=S,T,Y;MT=Variable	NT=Trypsin;AC=MS:1001251	NT=collision-induced dissociation;AC=MS:1000133	1	1	MILD6_5b.raw	ftp://ftp.pride.ebi.ac.uk/pride/data/archive/2026/02/PXD072061/MILD6_5b.raw	v1.1.0	NT=ms-proteomics;VV=v1.1.0	NT=clinical-metadata;VV=v1.0.0	manual curation	blood
SEV5_3b	homo sapiens	blood	not applicable	severe acute respiratory syndrome	1	SEV5_3b	proteomic profiling by mass spectrometry	NT=Data-dependent acquisition;AC=PRIDE:0000627	NT=label free sample;AC=MS:1002038	NT=q exactive;AC=MS:1001911	NT=Phospho;AC=UNIMOD:21;TA=S,T,Y;MT=Variable	NT=Trypsin;AC=MS:1001251	NT=collision-induced dissociation;AC=MS:1000133	1	1	SEV5_3b.raw	ftp://ftp.pride.ebi.ac.uk/pride/data/archive/2026/02/PXD072061/SEV5_3b.raw	v1.1.0	NT=ms-proteomics;VV=v1.1.0	NT=clinical-metadata;VV=v1.0.0	manual curation	blood
MILD3_8b	homo sapiens	blood	not applicable	severe acute respiratory syndrome	1	MILD3_8b	proteomic profiling by mass spectrometry	NT=Data-dependent acquisition;AC=PRIDE:0000627	NT=label free sample;AC=MS:1002038	NT=q exactive;AC=MS:1001911	NT=Phospho;AC=UNIMOD:21;TA=S,T,Y;MT=Variable	NT=Trypsin;AC=MS:1001251	NT=collision-induced dissociation;AC=MS:1000133	1	1	MILD3_8b.raw	ftp://ftp.pride.ebi.ac.uk/pride/data/archive/2026/02/PXD072061/MILD3_8b.raw	v1.1.0	NT=ms-proteomics;VV=v1.1.0	NT=clinical-metadata;VV=v1.0.0	manual curation	blood
HD3_5	homo sapiens	blood	not applicable	severe acute respiratory syndrome	5	HD3_5	proteomic profiling by mass spectrometry	NT=Data-dependent acquisition;AC=PRIDE:0000627	NT=label free sample;AC=MS:1002038	NT=q exactive;AC=MS:1001911	NT=Phospho;AC=UNIMOD:21;TA=S,T,Y;MT=Variable	NT=Trypsin;AC=MS:1001251	NT=collision-induced dissociation;AC=MS:1000133	1	1	HD3_5.raw	ftp://ftp.pride.ebi.ac.uk/pride/data/archive/2026/02/PXD072061/HD3_5.raw	v1.1.0	NT=ms-proteomics;VV=v1.1.0	NT=clinical-metadata;VV=v1.0.0	manual curation	blood
MILD8_8	homo sapiens	blood	not applicable	severe acute respiratory syndrome	8	MILD8_8	proteomic profiling by mass spectrometry	NT=Data-dependent acquisition;AC=PRIDE:0000627	NT=label free sample;AC=MS:1002038	NT=q exactive;AC=MS:1001911	NT=Phospho;AC=UNIMOD:21;TA=S,T,Y;MT=Variable	NT=Trypsin;AC=MS:1001251	NT=collision-induced dissociation;AC=MS:1000133	1	1	MILD8_8.raw	ftp://ftp.pride.ebi.ac.uk/pride/data/archive/2026/02/PXD072061/MILD8_8.raw	v1.1.0	NT=ms-proteomics;VV=v1.1.0	NT=clinical-metadata;VV=v1.0.0	manual curation	blood
MILD2_4b	homo sapiens	blood	not applicable	severe acute respiratory syndrome	1	MILD2_4b	proteomic profiling by mass spectrometry	NT=Data-dependent acquisition;AC=PRIDE:0000627	NT=label free sample;AC=MS:1002038	NT=q exactive;AC=MS:1001911	NT=Phospho;AC=UNIMOD:21;TA=S,T,Y;MT=Variable	NT=Trypsin;AC=MS:1001251	NT=collision-induced dissociation;AC=MS:1000133	1	1	MILD2_4b.raw	ftp://ftp.pride.ebi.ac.uk/pride/data/archive/2026/02/PXD072061/MILD2_4b.raw	v1.1.0	NT=ms-proteomics;VV=v1.1.0	NT=clinical-metadata;VV=v1.0.0	manual curation	blood
SEV8_5b	homo sapiens	blood	not applicable	severe acute respiratory syndrome	1	SEV8_5b	proteomic profiling by mass spectrometry	NT=Data-dependent acquisition;AC=PRIDE:0000627	NT=label free sample;AC=MS:1002038	NT=q exactive;AC=MS:1001911	NT=Phospho;AC=UNIMOD:21;TA=S,T,Y;MT=Variable	NT=Trypsin;AC=MS:1001251	NT=collision-induced dissociation;AC=MS:1000133	1	1	SEV8_5b.raw	ftp://ftp.pride.ebi.ac.uk/pride/data/archive/2026/02/PXD072061/SEV8_5b.raw	v1.1.0	NT=ms-proteomics;VV=v1.1.0	NT=clinical-metadata;VV=v1.0.0	manual curation	blood
MILD9_2	homo sapiens	blood	not applicable	severe acute respiratory syndrome	2	MILD9_2	proteomic profiling by mass spectrometry	NT=Data-dependent acquisition;AC=PRIDE:0000627	NT=label free sample;AC=MS:1002038	NT=q exactive;AC=MS:1001911	NT=Phospho;AC=UNIMOD:21;TA=S,T,Y;MT=Variable	NT=Trypsin;AC=MS:1001251	NT=collision-induced dissociation;AC=MS:1000133	1	1	MILD9_2.raw	ftp://ftp.pride.ebi.ac.uk/pride/data/archive/2026/02/PXD072061/MILD9_2.raw	v1.1.0	NT=ms-proteomics;VV=v1.1.0	NT=clinical-metadata;VV=v1.0.0	manual curation	blood
HD2_5b	homo sapiens	blood	not applicable	severe acute respiratory syndrome	1	HD2_5b	proteomic profiling by mass spectrometry	NT=Data-dependent acquisition;AC=PRIDE:0000627	NT=label free sample;AC=MS:1002038	NT=q exactive;AC=MS:1001911	NT=Phospho;AC=UNIMOD:21;TA=S,T,Y;MT=Variable	NT=Trypsin;AC=MS:1001251	NT=collision-induced dissociation;AC=MS:1000133	1	1	HD2_5b.raw	ftp://ftp.pride.ebi.ac.uk/pride/data/archive/2026/02/PXD072061/HD2_5b.raw	v1.1.0	NT=ms-proteomics;VV=v1.1.0	NT=clinical-metadata;VV=v1.0.0	manual curation	blood
SEV7_6	homo sapiens	blood	not applicable	severe acute respiratory syndrome	6	SEV7_6	proteomic profiling by mass spectrometry	NT=Data-dependent acquisition;AC=PRIDE:0000627	NT=label free sample;AC=MS:1002038	NT=q exactive;AC=MS:1001911	NT=Phospho;AC=UNIMOD:21;TA=S,T,Y;MT=Variable	NT=Trypsin;AC=MS:1001251	NT=collision-induced dissociation;AC=MS:1000133	1	1	SEV7_6.raw	ftp://ftp.pride.ebi.ac.uk/pride/data/archive/2026/02/PXD072061/SEV7_6.raw	v1.1.0	NT=ms-proteomics;VV=v1.1.0	NT=clinical-metadata;VV=v1.0.0	manual curation	blood
MILD9_7b	homo sapiens	blood	not applicable	severe acute respiratory syndrome	1	MILD9_7b	proteomic profiling by mass spectrometry	NT=Data-dependent acquisition;AC=PRIDE:0000627	NT=label free sample;AC=MS:1002038	NT=q exactive;AC=MS:1001911	NT=Phospho;AC=UNIMOD:21;TA=S,T,Y;MT=Variable	NT=Trypsin;AC=MS:1001251	NT=collision-induced dissociation;AC=MS:1000133	1	1	MILD9_7b.raw	ftp://ftp.pride.ebi.ac.uk/pride/data/archive/2026/02/PXD072061/MILD9_7b.raw	v1.1.0	NT=ms-proteomics;VV=v1.1.0	NT=clinical-metadata;VV=v1.0.0	manual curation	blood
MILD10_4	homo sapiens	blood	not applicable	severe acute respiratory syndrome	4	MILD10_4	proteomic profiling by mass spectrometry	NT=Data-dependent acquisition;AC=PRIDE:0000627	NT=label free sample;AC=MS:1002038	NT=q exactive;AC=MS:1001911	NT=Phospho;AC=UNIMOD:21;TA=S,T,Y;MT=Variable	NT=Trypsin;AC=MS:1001251	NT=collision-induced dissociation;AC=MS:1000133	1	1	MILD10_4.raw	ftp://ftp.pride.ebi.ac.uk/pride/data/archive/2026/02/PXD072061/MILD10_4.raw	v1.1.0	NT=ms-proteomics;VV=v1.1.0	NT=clinical-metadata;VV=v1.0.0	manual curation	blood
MILD10_5	homo sapiens	blood	not applicable	severe acute respiratory syndrome	5	MILD10_5	proteomic profiling by mass spectrometry	NT=Data-dependent acquisition;AC=PRIDE:0000627	NT=label free sample;AC=MS:1002038	NT=q exactive;AC=MS:1001911	NT=Phospho;AC=UNIMOD:21;TA=S,T,Y;MT=Variable	NT=Trypsin;AC=MS:1001251	NT=collision-induced dissociation;AC=MS:1000133	1	1	MILD10_5.raw	ftp://ftp.pride.ebi.ac.uk/pride/data/archive/2026/02/PXD072061/MILD10_5.raw	v1.1.0	NT=ms-proteomics;VV=v1.1.0	NT=clinical-metadata;VV=v1.0.0	manual curation	blood
SEV1_5b	homo sapiens	blood	not applicable	severe acute respiratory syndrome	1	SEV1_5b	proteomic profiling by mass spectrometry	NT=Data-dependent acquisition;AC=PRIDE:0000627	NT=label free sample;AC=MS:1002038	NT=q exactive;AC=MS:1001911	NT=Phospho;AC=UNIMOD:21;TA=S,T,Y;MT=Variable	NT=Trypsin;AC=MS:1001251	NT=collision-induced dissociation;AC=MS:1000133	1	1	SEV1_5b.raw	ftp://ftp.pride.ebi.ac.uk/pride/data/archive/2026/02/PXD072061/SEV1_5b.raw	v1.1.0	NT=ms-proteomics;VV=v1.1.0	NT=clinical-metadata;VV=v1.0.0	manual curation	blood
SEV1_2b	homo sapiens	blood	not applicable	severe acute respiratory syndrome	1	SEV1_2b	proteomic profiling by mass spectrometry	NT=Data-dependent acquisition;AC=PRIDE:0000627	NT=label free sample;AC=MS:1002038	NT=q exactive;AC=MS:1001911	NT=Phospho;AC=UNIMOD:21;TA=S,T,Y;MT=Variable	NT=Trypsin;AC=MS:1001251	NT=collision-induced dissociation;AC=MS:1000133	1	1	SEV1_2b.raw	ftp://ftp.pride.ebi.ac.uk/pride/data/archive/2026/02/PXD072061/SEV1_2b.raw	v1.1.0	NT=ms-proteomics;VV=v1.1.0	NT=clinical-metadata;VV=v1.0.0	manual curation	blood
MILD5_6	homo sapiens	blood	not applicable	severe acute respiratory syndrome	6	MILD5_6	proteomic profiling by mass spectrometry	NT=Data-dependent acquisition;AC=PRIDE:0000627	NT=label free sample;AC=MS:1002038	NT=q exactive;AC=MS:1001911	NT=Phospho;AC=UNIMOD:21;TA=S,T,Y;MT=Variable	NT=Trypsin;AC=MS:1001251	NT=collision-induced dissociation;AC=MS:1000133	1	1	MILD5_6.raw	ftp://ftp.pride.ebi.ac.uk/pride/data/archive/2026/02/PXD072061/MILD5_6.raw	v1.1.0	NT=ms-proteomics;VV=v1.1.0	NT=clinical-metadata;VV=v1.0.0	manual curation	blood
HD1_6	homo sapiens	blood	not applicable	severe acute respiratory syndrome	6	HD1_6	proteomic profiling by mass spectrometry	NT=Data-dependent acquisition;AC=PRIDE:0000627	NT=label free sample;AC=MS:1002038	NT=q exactive;AC=MS:1001911	NT=Phospho;AC=UNIMOD:21;TA=S,T,Y;MT=Variable	NT=Trypsin;AC=MS:1001251	NT=collision-induced dissociation;AC=MS:1000133	1	1	HD1_6.raw	ftp://ftp.pride.ebi.ac.uk/pride/data/archive/2026/02/PXD072061/HD1_6.raw	v1.1.0	NT=ms-proteomics;VV=v1.1.0	NT=clinical-metadata;VV=v1.0.0	manual curation	blood
MILD5_3	homo sapiens	blood	not applicable	severe acute respiratory syndrome	3	MILD5_3	proteomic profiling by mass spectrometry	NT=Data-dependent acquisition;AC=PRIDE:0000627	NT=label free sample;AC=MS:1002038	NT=q exactive;AC=MS:1001911	NT=Phospho;AC=UNIMOD:21;TA=S,T,Y;MT=Variable	NT=Trypsin;AC=MS:1001251	NT=collision-induced dissociation;AC=MS:1000133	1	1	MILD5_3.raw	ftp://ftp.pride.ebi.ac.uk/pride/data/archive/2026/02/PXD072061/MILD5_3.raw	v1.1.0	NT=ms-proteomics;VV=v1.1.0	NT=clinical-metadata;VV=v1.0.0	manual curation	blood
MILD2_7	homo sapiens	blood	not applicable	severe acute respiratory syndrome	7	MILD2_7	proteomic profiling by mass spectrometry	NT=Data-dependent acquisition;AC=PRIDE:0000627	NT=label free sample;AC=MS:1002038	NT=q exactive;AC=MS:1001911	NT=Phospho;AC=UNIMOD:21;TA=S,T,Y;MT=Variable	NT=Trypsin;AC=MS:1001251	NT=collision-induced dissociation;AC=MS:1000133	1	1	MILD2_7.raw	ftp://ftp.pride.ebi.ac.uk/pride/data/archive/2026/02/PXD072061/MILD2_7.raw	v1.1.0	NT=ms-proteomics;VV=v1.1.0	NT=clinical-metadata;VV=v1.0.0	manual curation	blood
MILD6_7b	homo sapiens	blood	not applicable	severe acute respiratory syndrome	1	MILD6_7b	proteomic profiling by mass spectrometry	NT=Data-dependent acquisition;AC=PRIDE:0000627	NT=label free sample;AC=MS:1002038	NT=q exactive;AC=MS:1001911	NT=Phospho;AC=UNIMOD:21;TA=S,T,Y;MT=Variable	NT=Trypsin;AC=MS:1001251	NT=collision-induced dissociation;AC=MS:1000133	1	1	MILD6_7b.raw	ftp://ftp.pride.ebi.ac.uk/pride/data/archive/2026/02/PXD072061/MILD6_7b.raw	v1.1.0	NT=ms-proteomics;VV=v1.1.0	NT=clinical-metadata;VV=v1.0.0	manual curation	blood
MILD4_4b	homo sapiens	blood	not applicable	severe acute respiratory syndrome	1	MILD4_4b	proteomic profiling by mass spectrometry	NT=Data-dependent acquisition;AC=PRIDE:0000627	NT=label free sample;AC=MS:1002038	NT=q exactive;AC=MS:1001911	NT=Phospho;AC=UNIMOD:21;TA=S,T,Y;MT=Variable	NT=Trypsin;AC=MS:1001251	NT=collision-induced dissociation;AC=MS:1000133	1	1	MILD4_4b.raw	ftp://ftp.pride.ebi.ac.uk/pride/data/archive/2026/02/PXD072061/MILD4_4b.raw	v1.1.0	NT=ms-proteomics;VV=v1.1.0	NT=clinical-metadata;VV=v1.0.0	manual curation	blood
MILD2_1	homo sapiens	blood	not applicable	severe acute respiratory syndrome	1	MILD2_1	proteomic profiling by mass spectrometry	NT=Data-dependent acquisition;AC=PRIDE:0000627	NT=label free sample;AC=MS:1002038	NT=q exactive;AC=MS:1001911	NT=Phospho;AC=UNIMOD:21;TA=S,T,Y;MT=Variable	NT=Trypsin;AC=MS:1001251	NT=collision-induced dissociation;AC=MS:1000133	1	1	MILD2_1.raw	ftp://ftp.pride.ebi.ac.uk/pride/data/archive/2026/02/PXD072061/MILD2_1.raw	v1.1.0	NT=ms-proteomics;VV=v1.1.0	NT=clinical-metadata;VV=v1.0.0	manual curation	blood
SEV8_8	homo sapiens	blood	not applicable	severe acute respiratory syndrome	8	SEV8_8	proteomic profiling by mass spectrometry	NT=Data-dependent acquisition;AC=PRIDE:0000627	NT=label free sample;AC=MS:1002038	NT=q exactive;AC=MS:1001911	NT=Phospho;AC=UNIMOD:21;TA=S,T,Y;MT=Variable	NT=Trypsin;AC=MS:1001251	NT=collision-induced dissociation;AC=MS:1000133	1	1	SEV8_8.raw	ftp://ftp.pride.ebi.ac.uk/pride/data/archive/2026/02/PXD072061/SEV8_8.raw	v1.1.0	NT=ms-proteomics;VV=v1.1.0	NT=clinical-metadata;VV=v1.0.0	manual curation	blood
HD3_3b	homo sapiens	blood	not applicable	severe acute respiratory syndrome	1	HD3_3b	proteomic profiling by mass spectrometry	NT=Data-dependent acquisition;AC=PRIDE:0000627	NT=label free sample;AC=MS:1002038	NT=q exactive;AC=MS:1001911	NT=Phospho;AC=UNIMOD:21;TA=S,T,Y;MT=Variable	NT=Trypsin;AC=MS:1001251	NT=collision-induced dissociation;AC=MS:1000133	1	1	HD3_3b.raw	ftp://ftp.pride.ebi.ac.uk/pride/data/archive/2026/02/PXD072061/HD3_3b.raw	v1.1.0	NT=ms-proteomics;VV=v1.1.0	NT=clinical-metadata;VV=v1.0.0	manual curation	blood
SEV2_4	homo sapiens	blood	not applicable	severe acute respiratory syndrome	4	SEV2_4	proteomic profiling by mass spectrometry	NT=Data-dependent acquisition;AC=PRIDE:0000627	NT=label free sample;AC=MS:1002038	NT=q exactive;AC=MS:1001911	NT=Phospho;AC=UNIMOD:21;TA=S,T,Y;MT=Variable	NT=Trypsin;AC=MS:1001251	NT=collision-induced dissociation;AC=MS:1000133	1	1	SEV2_4.raw	ftp://ftp.pride.ebi.ac.uk/pride/data/archive/2026/02/PXD072061/SEV2_4.raw	v1.1.0	NT=ms-proteomics;VV=v1.1.0	NT=clinical-metadata;VV=v1.0.0	manual curation	blood
SEV2_6	homo sapiens	blood	not applicable	severe acute respiratory syndrome	6	SEV2_6	proteomic profiling by mass spectrometry	NT=Data-dependent acquisition;AC=PRIDE:0000627	NT=label free sample;AC=MS:1002038	NT=q exactive;AC=MS:1001911	NT=Phospho;AC=UNIMOD:21;TA=S,T,Y;MT=Variable	NT=Trypsin;AC=MS:1001251	NT=collision-induced dissociation;AC=MS:1000133	1	1	SEV2_6.raw	ftp://ftp.pride.ebi.ac.uk/pride/data/archive/2026/02/PXD072061/SEV2_6.raw	v1.1.0	NT=ms-proteomics;VV=v1.1.0	NT=clinical-metadata;VV=v1.0.0	manual curation	blood
SEV3_8	homo sapiens	blood	not applicable	severe acute respiratory syndrome	8	SEV3_8	proteomic profiling by mass spectrometry	NT=Data-dependent acquisition;AC=PRIDE:0000627	NT=label free sample;AC=MS:1002038	NT=q exactive;AC=MS:1001911	NT=Phospho;AC=UNIMOD:21;TA=S,T,Y;MT=Variable	NT=Trypsin;AC=MS:1001251	NT=collision-induced dissociation;AC=MS:1000133	1	1	SEV3_8.raw	ftp://ftp.pride.ebi.ac.uk/pride/data/archive/2026/02/PXD072061/SEV3_8.raw	v1.1.0	NT=ms-proteomics;VV=v1.1.0	NT=clinical-metadata;VV=v1.0.0	manual curation	blood
SEV5_4	homo sapiens	blood	not applicable	severe acute respiratory syndrome	4	SEV5_4	proteomic profiling by mass spectrometry	NT=Data-dependent acquisition;AC=PRIDE:0000627	NT=label free sample;AC=MS:1002038	NT=q exactive;AC=MS:1001911	NT=Phospho;AC=UNIMOD:21;TA=S,T,Y;MT=Variable	NT=Trypsin;AC=MS:1001251	NT=collision-induced dissociation;AC=MS:1000133	1	1	SEV5_4.raw	ftp://ftp.pride.ebi.ac.uk/pride/data/archive/2026/02/PXD072061/SEV5_4.raw	v1.1.0	NT=ms-proteomics;VV=v1.1.0	NT=clinical-metadata;VV=v1.0.0	manual curation	blood
HD4_1b	homo sapiens	blood	not applicable	severe acute respiratory syndrome	1	HD4_1b	proteomic profiling by mass spectrometry	NT=Data-dependent acquisition;AC=PRIDE:0000627	NT=label free sample;AC=MS:1002038	NT=q exactive;AC=MS:1001911	NT=Phospho;AC=UNIMOD:21;TA=S,T,Y;MT=Variable	NT=Trypsin;AC=MS:1001251	NT=collision-induced dissociation;AC=MS:1000133	1	1	HD4_1b.raw	ftp://ftp.pride.ebi.ac.uk/pride/data/archive/2026/02/PXD072061/HD4_1b.raw	v1.1.0	NT=ms-proteomics;VV=v1.1.0	NT=clinical-metadata;VV=v1.0.0	manual curation	blood
HD4_2b	homo sapiens	blood	not applicable	severe acute respiratory syndrome	1	HD4_2b	proteomic profiling by mass spectrometry	NT=Data-dependent acquisition;AC=PRIDE:0000627	NT=label free sample;AC=MS:1002038	NT=q exactive;AC=MS:1001911	NT=Phospho;AC=UNIMOD:21;TA=S,T,Y;MT=Variable	NT=Trypsin;AC=MS:1001251	NT=collision-induced dissociation;AC=MS:1000133	1	1	HD4_2b.raw	ftp://ftp.pride.ebi.ac.uk/pride/data/archive/2026/02/PXD072061/HD4_2b.raw	v1.1.0	NT=ms-proteomics;VV=v1.1.0	NT=clinical-metadata;VV=v1.0.0	manual curation	blood
MILD12_7b	homo sapiens	blood	not applicable	severe acute respiratory syndrome	1	MILD12_7b	proteomic profiling by mass spectrometry	NT=Data-dependent acquisition;AC=PRIDE:0000627	NT=label free sample;AC=MS:1002038	NT=q exactive;AC=MS:1001911	NT=Phospho;AC=UNIMOD:21;TA=S,T,Y;MT=Variable	NT=Trypsin;AC=MS:1001251	NT=collision-induced dissociation;AC=MS:1000133	1	1	MILD12_7b.raw	ftp://ftp.pride.ebi.ac.uk/pride/data/archive/2026/02/PXD072061/MILD12_7b.raw	v1.1.0	NT=ms-proteomics;VV=v1.1.0	NT=clinical-metadata;VV=v1.0.0	manual curation	blood
MILD12_5	homo sapiens	blood	not applicable	severe acute respiratory syndrome	5	MILD12_5	proteomic profiling by mass spectrometry	NT=Data-dependent acquisition;AC=PRIDE:0000627	NT=label free sample;AC=MS:1002038	NT=q exactive;AC=MS:1001911	NT=Phospho;AC=UNIMOD:21;TA=S,T,Y;MT=Variable	NT=Trypsin;AC=MS:1001251	NT=collision-induced dissociation;AC=MS:1000133	1	1	MILD12_5.raw	ftp://ftp.pride.ebi.ac.uk/pride/data/archive/2026/02/PXD072061/MILD12_5.raw	v1.1.0	NT=ms-proteomics;VV=v1.1.0	NT=clinical-metadata;VV=v1.0.0	manual curation	blood
SEV2_8	homo sapiens	blood	not applicable	severe acute respiratory syndrome	8	SEV2_8	proteomic profiling by mass spectrometry	NT=Data-dependent acquisition;AC=PRIDE:0000627	NT=label free sample;AC=MS:1002038	NT=q exactive;AC=MS:1001911	NT=Phospho;AC=UNIMOD:21;TA=S,T,Y;MT=Variable	NT=Trypsin;AC=MS:1001251	NT=collision-induced dissociation;AC=MS:1000133	1	1	SEV2_8.raw	ftp://ftp.pride.ebi.ac.uk/pride/data/archive/2026/02/PXD072061/SEV2_8.raw	v1.1.0	NT=ms-proteomics;VV=v1.1.0	NT=clinical-metadata;VV=v1.0.0	manual curation	blood
SEV3_7b	homo sapiens	blood	not applicable	severe acute respiratory syndrome	1	SEV3_7b	proteomic profiling by mass spectrometry	NT=Data-dependent acquisition;AC=PRIDE:0000627	NT=label free sample;AC=MS:1002038	NT=q exactive;AC=MS:1001911	NT=Phospho;AC=UNIMOD:21;TA=S,T,Y;MT=Variable	NT=Trypsin;AC=MS:1001251	NT=collision-induced dissociation;AC=MS:1000133	1	1	SEV3_7b.raw	ftp://ftp.pride.ebi.ac.uk/pride/data/archive/2026/02/PXD072061/SEV3_7b.raw	v1.1.0	NT=ms-proteomics;VV=v1.1.0	NT=clinical-metadata;VV=v1.0.0	manual curation	blood
HD5_2	homo sapiens	blood	not applicable	severe acute respiratory syndrome	2	HD5_2	proteomic profiling by mass spectrometry	NT=Data-dependent acquisition;AC=PRIDE:0000627	NT=label free sample;AC=MS:1002038	NT=q exactive;AC=MS:1001911	NT=Phospho;AC=UNIMOD:21;TA=S,T,Y;MT=Variable	NT=Trypsin;AC=MS:1001251	NT=collision-induced dissociation;AC=MS:1000133	1	1	HD5_2.raw	ftp://ftp.pride.ebi.ac.uk/pride/data/archive/2026/02/PXD072061/HD5_2.raw	v1.1.0	NT=ms-proteomics;VV=v1.1.0	NT=clinical-metadata;VV=v1.0.0	manual curation	blood
HD3_4b	homo sapiens	blood	not applicable	severe acute respiratory syndrome	1	HD3_4b	proteomic profiling by mass spectrometry	NT=Data-dependent acquisition;AC=PRIDE:0000627	NT=label free sample;AC=MS:1002038	NT=q exactive;AC=MS:1001911	NT=Phospho;AC=UNIMOD:21;TA=S,T,Y;MT=Variable	NT=Trypsin;AC=MS:1001251	NT=collision-induced dissociation;AC=MS:1000133	1	1	HD3_4b.raw	ftp://ftp.pride.ebi.ac.uk/pride/data/archive/2026/02/PXD072061/HD3_4b.raw	v1.1.0	NT=ms-proteomics;VV=v1.1.0	NT=clinical-metadata;VV=v1.0.0	manual curation	blood
MILD10_3b	homo sapiens	blood	not applicable	severe acute respiratory syndrome	1	MILD10_3b	proteomic profiling by mass spectrometry	NT=Data-dependent acquisition;AC=PRIDE:0000627	NT=label free sample;AC=MS:1002038	NT=q exactive;AC=MS:1001911	NT=Phospho;AC=UNIMOD:21;TA=S,T,Y;MT=Variable	NT=Trypsin;AC=MS:1001251	NT=collision-induced dissociation;AC=MS:1000133	1	1	MILD10_3b.raw	ftp://ftp.pride.ebi.ac.uk/pride/data/archive/2026/02/PXD072061/MILD10_3b.raw	v1.1.0	NT=ms-proteomics;VV=v1.1.0	NT=clinical-metadata;VV=v1.0.0	manual curation	blood
MILD7_1b	homo sapiens	blood	not applicable	severe acute respiratory syndrome	1	MILD7_1b	proteomic profiling by mass spectrometry	NT=Data-dependent acquisition;AC=PRIDE:0000627	NT=label free sample;AC=MS:1002038	NT=q exactive;AC=MS:1001911	NT=Phospho;AC=UNIMOD:21;TA=S,T,Y;MT=Variable	NT=Trypsin;AC=MS:1001251	NT=collision-induced dissociation;AC=MS:1000133	1	1	MILD7_1b.raw	ftp://ftp.pride.ebi.ac.uk/pride/data/archive/2026/02/PXD072061/MILD7_1b.raw	v1.1.0	NT=ms-proteomics;VV=v1.1.0	NT=clinical-metadata;VV=v1.0.0	manual curation	blood
SEV7_3b	homo sapiens	blood	not applicable	severe acute respiratory syndrome	1	SEV7_3b	proteomic profiling by mass spectrometry	NT=Data-dependent acquisition;AC=PRIDE:0000627	NT=label free sample;AC=MS:1002038	NT=q exactive;AC=MS:1001911	NT=Phospho;AC=UNIMOD:21;TA=S,T,Y;MT=Variable	NT=Trypsin;AC=MS:1001251	NT=collision-induced dissociation;AC=MS:1000133	1	1	SEV7_3b.raw	ftp://ftp.pride.ebi.ac.uk/pride/data/archive/2026/02/PXD072061/SEV7_3b.raw	v1.1.0	NT=ms-proteomics;VV=v1.1.0	NT=clinical-metadata;VV=v1.0.0	manual curation	blood
MILD12_4b	homo sapiens	blood	not applicable	severe acute respiratory syndrome	1	MILD12_4b	proteomic profiling by mass spectrometry	NT=Data-dependent acquisition;AC=PRIDE:0000627	NT=label free sample;AC=MS:1002038	NT=q exactive;AC=MS:1001911	NT=Phospho;AC=UNIMOD:21;TA=S,T,Y;MT=Variable	NT=Trypsin;AC=MS:1001251	NT=collision-induced dissociation;AC=MS:1000133	1	1	MILD12_4b.raw	ftp://ftp.pride.ebi.ac.uk/pride/data/archive/2026/02/PXD072061/MILD12_4b.raw	v1.1.0	NT=ms-proteomics;VV=v1.1.0	NT=clinical-metadata;VV=v1.0.0	manual curation	blood
HD1_8	homo sapiens	blood	not applicable	severe acute respiratory syndrome	8	HD1_8	proteomic profiling by mass spectrometry	NT=Data-dependent acquisition;AC=PRIDE:0000627	NT=label free sample;AC=MS:1002038	NT=q exactive;AC=MS:1001911	NT=Phospho;AC=UNIMOD:21;TA=S,T,Y;MT=Variable	NT=Trypsin;AC=MS:1001251	NT=collision-induced dissociation;AC=MS:1000133	1	1	HD1_8.raw	ftp://ftp.pride.ebi.ac.uk/pride/data/archive/2026/02/PXD072061/HD1_8.raw	v1.1.0	NT=ms-proteomics;VV=v1.1.0	NT=clinical-metadata;VV=v1.0.0	manual curation	blood
MILD9_1b	homo sapiens	blood	not applicable	severe acute respiratory syndrome	1	MILD9_1b	proteomic profiling by mass spectrometry	NT=Data-dependent acquisition;AC=PRIDE:0000627	NT=label free sample;AC=MS:1002038	NT=q exactive;AC=MS:1001911	NT=Phospho;AC=UNIMOD:21;TA=S,T,Y;MT=Variable	NT=Trypsin;AC=MS:1001251	NT=collision-induced dissociation;AC=MS:1000133	1	1	MILD9_1b.raw	ftp://ftp.pride.ebi.ac.uk/pride/data/archive/2026/02/PXD072061/MILD9_1b.raw	v1.1.0	NT=ms-proteomics;VV=v1.1.0	NT=clinical-metadata;VV=v1.0.0	manual curation	blood
MILD4_2	homo sapiens	blood	not applicable	severe acute respiratory syndrome	2	MILD4_2	proteomic profiling by mass spectrometry	NT=Data-dependent acquisition;AC=PRIDE:0000627	NT=label free sample;AC=MS:1002038	NT=q exactive;AC=MS:1001911	NT=Phospho;AC=UNIMOD:21;TA=S,T,Y;MT=Variable	NT=Trypsin;AC=MS:1001251	NT=collision-induced dissociation;AC=MS:1000133	1	1	MILD4_2.raw	ftp://ftp.pride.ebi.ac.uk/pride/data/archive/2026/02/PXD072061/MILD4_2.raw	v1.1.0	NT=ms-proteomics;VV=v1.1.0	NT=clinical-metadata;VV=v1.0.0	manual curation	blood
MILD5_8	homo sapiens	blood	not applicable	severe acute respiratory syndrome	8	MILD5_8	proteomic profiling by mass spectrometry	NT=Data-dependent acquisition;AC=PRIDE:0000627	NT=label free sample;AC=MS:1002038	NT=q exactive;AC=MS:1001911	NT=Phospho;AC=UNIMOD:21;TA=S,T,Y;MT=Variable	NT=Trypsin;AC=MS:1001251	NT=collision-induced dissociation;AC=MS:1000133	1	1	MILD5_8.raw	ftp://ftp.pride.ebi.ac.uk/pride/data/archive/2026/02/PXD072061/MILD5_8.raw	v1.1.0	NT=ms-proteomics;VV=v1.1.0	NT=clinical-metadata;VV=v1.0.0	manual curation	blood
MILD5_4b	homo sapiens	blood	not applicable	severe acute respiratory syndrome	1	MILD5_4b	proteomic profiling by mass spectrometry	NT=Data-dependent acquisition;AC=PRIDE:0000627	NT=label free sample;AC=MS:1002038	NT=q exactive;AC=MS:1001911	NT=Phospho;AC=UNIMOD:21;TA=S,T,Y;MT=Variable	NT=Trypsin;AC=MS:1001251	NT=collision-induced dissociation;AC=MS:1000133	1	1	MILD5_4b.raw	ftp://ftp.pride.ebi.ac.uk/pride/data/archive/2026/02/PXD072061/MILD5_4b.raw	v1.1.0	NT=ms-proteomics;VV=v1.1.0	NT=clinical-metadata;VV=v1.0.0	manual curation	blood
HD2_8	homo sapiens	blood	not applicable	severe acute respiratory syndrome	8	HD2_8	proteomic profiling by mass spectrometry	NT=Data-dependent acquisition;AC=PRIDE:0000627	NT=label free sample;AC=MS:1002038	NT=q exactive;AC=MS:1001911	NT=Phospho;AC=UNIMOD:21;TA=S,T,Y;MT=Variable	NT=Trypsin;AC=MS:1001251	NT=collision-induced dissociation;AC=MS:1000133	1	1	HD2_8.raw	ftp://ftp.pride.ebi.ac.uk/pride/data/archive/2026/02/PXD072061/HD2_8.raw	v1.1.0	NT=ms-proteomics;VV=v1.1.0	NT=clinical-metadata;VV=v1.0.0	manual curation	blood
MILD5_1	homo sapiens	blood	not applicable	severe acute respiratory syndrome	1	MILD5_1	proteomic profiling by mass spectrometry	NT=Data-dependent acquisition;AC=PRIDE:0000627	NT=label free sample;AC=MS:1002038	NT=q exactive;AC=MS:1001911	NT=Phospho;AC=UNIMOD:21;TA=S,T,Y;MT=Variable	NT=Trypsin;AC=MS:1001251	NT=collision-induced dissociation;AC=MS:1000133	1	1	MILD5_1.raw	ftp://ftp.pride.ebi.ac.uk/pride/data/archive/2026/02/PXD072061/MILD5_1.raw	v1.1.0	NT=ms-proteomics;VV=v1.1.0	NT=clinical-metadata;VV=v1.0.0	manual curation	blood
MILD1_6	homo sapiens	blood	not applicable	severe acute respiratory syndrome	6	MILD1_6	proteomic profiling by mass spectrometry	NT=Data-dependent acquisition;AC=PRIDE:0000627	NT=label free sample;AC=MS:1002038	NT=q exactive;AC=MS:1001911	NT=Phospho;AC=UNIMOD:21;TA=S,T,Y;MT=Variable	NT=Trypsin;AC=MS:1001251	NT=collision-induced dissociation;AC=MS:1000133	1	1	MILD1_6.raw	ftp://ftp.pride.ebi.ac.uk/pride/data/archive/2026/02/PXD072061/MILD1_6.raw	v1.1.0	NT=ms-proteomics;VV=v1.1.0	NT=clinical-metadata;VV=v1.0.0	manual curation	blood
SEV8_7	homo sapiens	blood	not applicable	severe acute respiratory syndrome	7	SEV8_7	proteomic profiling by mass spectrometry	NT=Data-dependent acquisition;AC=PRIDE:0000627	NT=label free sample;AC=MS:1002038	NT=q exactive;AC=MS:1001911	NT=Phospho;AC=UNIMOD:21;TA=S,T,Y;MT=Variable	NT=Trypsin;AC=MS:1001251	NT=collision-induced dissociation;AC=MS:1000133	1	1	SEV8_7.raw	ftp://ftp.pride.ebi.ac.uk/pride/data/archive/2026/02/PXD072061/SEV8_7.raw	v1.1.0	NT=ms-proteomics;VV=v1.1.0	NT=clinical-metadata;VV=v1.0.0	manual curation	blood
MILD1_1	homo sapiens	blood	not applicable	severe acute respiratory syndrome	1	MILD1_1	proteomic profiling by mass spectrometry	NT=Data-dependent acquisition;AC=PRIDE:0000627	NT=label free sample;AC=MS:1002038	NT=q exactive;AC=MS:1001911	NT=Phospho;AC=UNIMOD:21;TA=S,T,Y;MT=Variable	NT=Trypsin;AC=MS:1001251	NT=collision-induced dissociation;AC=MS:1000133	1	1	MILD1_1.raw	ftp://ftp.pride.ebi.ac.uk/pride/data/archive/2026/02/PXD072061/MILD1_1.raw	v1.1.0	NT=ms-proteomics;VV=v1.1.0	NT=clinical-metadata;VV=v1.0.0	manual curation	blood
MILD5_8b	homo sapiens	blood	not applicable	severe acute respiratory syndrome	1	MILD5_8b	proteomic profiling by mass spectrometry	NT=Data-dependent acquisition;AC=PRIDE:0000627	NT=label free sample;AC=MS:1002038	NT=q exactive;AC=MS:1001911	NT=Phospho;AC=UNIMOD:21;TA=S,T,Y;MT=Variable	NT=Trypsin;AC=MS:1001251	NT=collision-induced dissociation;AC=MS:1000133	1	1	MILD5_8b.raw	ftp://ftp.pride.ebi.ac.uk/pride/data/archive/2026/02/PXD072061/MILD5_8b.raw	v1.1.0	NT=ms-proteomics;VV=v1.1.0	NT=clinical-metadata;VV=v1.0.0	manual curation	blood
MILD9_3	homo sapiens	blood	not applicable	severe acute respiratory syndrome	3	MILD9_3	proteomic profiling by mass spectrometry	NT=Data-dependent acquisition;AC=PRIDE:0000627	NT=label free sample;AC=MS:1002038	NT=q exactive;AC=MS:1001911	NT=Phospho;AC=UNIMOD:21;TA=S,T,Y;MT=Variable	NT=Trypsin;AC=MS:1001251	NT=collision-induced dissociation;AC=MS:1000133	1	1	MILD9_3.raw	ftp://ftp.pride.ebi.ac.uk/pride/data/archive/2026/02/PXD072061/MILD9_3.raw	v1.1.0	NT=ms-proteomics;VV=v1.1.0	NT=clinical-metadata;VV=v1.0.0	manual curation	blood
MILD7_8	homo sapiens	blood	not applicable	severe acute respiratory syndrome	8	MILD7_8	proteomic profiling by mass spectrometry	NT=Data-dependent acquisition;AC=PRIDE:0000627	NT=label free sample;AC=MS:1002038	NT=q exactive;AC=MS:1001911	NT=Phospho;AC=UNIMOD:21;TA=S,T,Y;MT=Variable	NT=Trypsin;AC=MS:1001251	NT=collision-induced dissociation;AC=MS:1000133	1	1	MILD7_8.raw	ftp://ftp.pride.ebi.ac.uk/pride/data/archive/2026/02/PXD072061/MILD7_8.raw	v1.1.0	NT=ms-proteomics;VV=v1.1.0	NT=clinical-metadata;VV=v1.0.0	manual curation	blood
SEV2_7b	homo sapiens	blood	not applicable	severe acute respiratory syndrome	1	SEV2_7b	proteomic profiling by mass spectrometry	NT=Data-dependent acquisition;AC=PRIDE:0000627	NT=label free sample;AC=MS:1002038	NT=q exactive;AC=MS:1001911	NT=Phospho;AC=UNIMOD:21;TA=S,T,Y;MT=Variable	NT=Trypsin;AC=MS:1001251	NT=collision-induced dissociation;AC=MS:1000133	1	1	SEV2_7b.raw	ftp://ftp.pride.ebi.ac.uk/pride/data/archive/2026/02/PXD072061/SEV2_7b.raw	v1.1.0	NT=ms-proteomics;VV=v1.1.0	NT=clinical-metadata;VV=v1.0.0	manual curation	blood
SEV4_1	homo sapiens	blood	not applicable	severe acute respiratory syndrome	1	SEV4_1	proteomic profiling by mass spectrometry	NT=Data-dependent acquisition;AC=PRIDE:0000627	NT=label free sample;AC=MS:1002038	NT=q exactive;AC=MS:1001911	NT=Phospho;AC=UNIMOD:21;TA=S,T,Y;MT=Variable	NT=Trypsin;AC=MS:1001251	NT=collision-induced dissociation;AC=MS:1000133	1	1	SEV4_1.raw	ftp://ftp.pride.ebi.ac.uk/pride/data/archive/2026/02/PXD072061/SEV4_1.raw	v1.1.0	NT=ms-proteomics;VV=v1.1.0	NT=clinical-metadata;VV=v1.0.0	manual curation	blood
MILD9_1	homo sapiens	blood	not applicable	severe acute respiratory syndrome	1	MILD9_1	proteomic profiling by mass spectrometry	NT=Data-dependent acquisition;AC=PRIDE:0000627	NT=label free sample;AC=MS:1002038	NT=q exactive;AC=MS:1001911	NT=Phospho;AC=UNIMOD:21;TA=S,T,Y;MT=Variable	NT=Trypsin;AC=MS:1001251	NT=collision-induced dissociation;AC=MS:1000133	1	1	MILD9_1.raw	ftp://ftp.pride.ebi.ac.uk/pride/data/archive/2026/02/PXD072061/MILD9_1.raw	v1.1.0	NT=ms-proteomics;VV=v1.1.0	NT=clinical-metadata;VV=v1.0.0	manual curation	blood
HD4_8b	homo sapiens	blood	not applicable	severe acute respiratory syndrome	1	HD4_8b	proteomic profiling by mass spectrometry	NT=Data-dependent acquisition;AC=PRIDE:0000627	NT=label free sample;AC=MS:1002038	NT=q exactive;AC=MS:1001911	NT=Phospho;AC=UNIMOD:21;TA=S,T,Y;MT=Variable	NT=Trypsin;AC=MS:1001251	NT=collision-induced dissociation;AC=MS:1000133	1	1	HD4_8b.raw	ftp://ftp.pride.ebi.ac.uk/pride/data/archive/2026/02/PXD072061/HD4_8b.raw	v1.1.0	NT=ms-proteomics;VV=v1.1.0	NT=clinical-metadata;VV=v1.0.0	manual curation	blood
MILD1_8	homo sapiens	blood	not applicable	severe acute respiratory syndrome	8	MILD1_8	proteomic profiling by mass spectrometry	NT=Data-dependent acquisition;AC=PRIDE:0000627	NT=label free sample;AC=MS:1002038	NT=q exactive;AC=MS:1001911	NT=Phospho;AC=UNIMOD:21;TA=S,T,Y;MT=Variable	NT=Trypsin;AC=MS:1001251	NT=collision-induced dissociation;AC=MS:1000133	1	1	MILD1_8.raw	ftp://ftp.pride.ebi.ac.uk/pride/data/archive/2026/02/PXD072061/MILD1_8.raw	v1.1.0	NT=ms-proteomics;VV=v1.1.0	NT=clinical-metadata;VV=v1.0.0	manual curation	blood
MILD6_4	homo sapiens	blood	not applicable	severe acute respiratory syndrome	4	MILD6_4	proteomic profiling by mass spectrometry	NT=Data-dependent acquisition;AC=PRIDE:0000627	NT=label free sample;AC=MS:1002038	NT=q exactive;AC=MS:1001911	NT=Phospho;AC=UNIMOD:21;TA=S,T,Y;MT=Variable	NT=Trypsin;AC=MS:1001251	NT=collision-induced dissociation;AC=MS:1000133	1	1	MILD6_4.raw	ftp://ftp.pride.ebi.ac.uk/pride/data/archive/2026/02/PXD072061/MILD6_4.raw	v1.1.0	NT=ms-proteomics;VV=v1.1.0	NT=clinical-metadata;VV=v1.0.0	manual curation	blood
MILD10_1b	homo sapiens	blood	not applicable	severe acute respiratory syndrome	1	MILD10_1b	proteomic profiling by mass spectrometry	NT=Data-dependent acquisition;AC=PRIDE:0000627	NT=label free sample;AC=MS:1002038	NT=q exactive;AC=MS:1001911	NT=Phospho;AC=UNIMOD:21;TA=S,T,Y;MT=Variable	NT=Trypsin;AC=MS:1001251	NT=collision-induced dissociation;AC=MS:1000133	1	1	MILD10_1b.raw	ftp://ftp.pride.ebi.ac.uk/pride/data/archive/2026/02/PXD072061/MILD10_1b.raw	v1.1.0	NT=ms-proteomics;VV=v1.1.0	NT=clinical-metadata;VV=v1.0.0	manual curation	blood
MILD7_5b	homo sapiens	blood	not applicable	severe acute respiratory syndrome	1	MILD7_5b	proteomic profiling by mass spectrometry	NT=Data-dependent acquisition;AC=PRIDE:0000627	NT=label free sample;AC=MS:1002038	NT=q exactive;AC=MS:1001911	NT=Phospho;AC=UNIMOD:21;TA=S,T,Y;MT=Variable	NT=Trypsin;AC=MS:1001251	NT=collision-induced dissociation;AC=MS:1000133	1	1	MILD7_5b.raw	ftp://ftp.pride.ebi.ac.uk/pride/data/archive/2026/02/PXD072061/MILD7_5b.raw	v1.1.0	NT=ms-proteomics;VV=v1.1.0	NT=clinical-metadata;VV=v1.0.0	manual curation	blood
MILD10_8b	homo sapiens	blood	not applicable	severe acute respiratory syndrome	1	MILD10_8b	proteomic profiling by mass spectrometry	NT=Data-dependent acquisition;AC=PRIDE:0000627	NT=label free sample;AC=MS:1002038	NT=q exactive;AC=MS:1001911	NT=Phospho;AC=UNIMOD:21;TA=S,T,Y;MT=Variable	NT=Trypsin;AC=MS:1001251	NT=collision-induced dissociation;AC=MS:1000133	1	1	MILD10_8b.raw	ftp://ftp.pride.ebi.ac.uk/pride/data/archive/2026/02/PXD072061/MILD10_8b.raw	v1.1.0	NT=ms-proteomics;VV=v1.1.0	NT=clinical-metadata;VV=v1.0.0	manual curation	blood
SEV3_7	homo sapiens	blood	not applicable	severe acute respiratory syndrome	7	SEV3_7	proteomic profiling by mass spectrometry	NT=Data-dependent acquisition;AC=PRIDE:0000627	NT=label free sample;AC=MS:1002038	NT=q exactive;AC=MS:1001911	NT=Phospho;AC=UNIMOD:21;TA=S,T,Y;MT=Variable	NT=Trypsin;AC=MS:1001251	NT=collision-induced dissociation;AC=MS:1000133	1	1	SEV3_7.raw	ftp://ftp.pride.ebi.ac.uk/pride/data/archive/2026/02/PXD072061/SEV3_7.raw	v1.1.0	NT=ms-proteomics;VV=v1.1.0	NT=clinical-metadata;VV=v1.0.0	manual curation	blood
SEV8_3	homo sapiens	blood	not applicable	severe acute respiratory syndrome	3	SEV8_3	proteomic profiling by mass spectrometry	NT=Data-dependent acquisition;AC=PRIDE:0000627	NT=label free sample;AC=MS:1002038	NT=q exactive;AC=MS:1001911	NT=Phospho;AC=UNIMOD:21;TA=S,T,Y;MT=Variable	NT=Trypsin;AC=MS:1001251	NT=collision-induced dissociation;AC=MS:1000133	1	1	SEV8_3.raw	ftp://ftp.pride.ebi.ac.uk/pride/data/archive/2026/02/PXD072061/SEV8_3.raw	v1.1.0	NT=ms-proteomics;VV=v1.1.0	NT=clinical-metadata;VV=v1.0.0	manual curation	blood
SEV4_7	homo sapiens	blood	not applicable	severe acute respiratory syndrome	7	SEV4_7	proteomic profiling by mass spectrometry	NT=Data-dependent acquisition;AC=PRIDE:0000627	NT=label free sample;AC=MS:1002038	NT=q exactive;AC=MS:1001911	NT=Phospho;AC=UNIMOD:21;TA=S,T,Y;MT=Variable	NT=Trypsin;AC=MS:1001251	NT=collision-induced dissociation;AC=MS:1000133	1	1	SEV4_7.raw	ftp://ftp.pride.ebi.ac.uk/pride/data/archive/2026/02/PXD072061/SEV4_7.raw	v1.1.0	NT=ms-proteomics;VV=v1.1.0	NT=clinical-metadata;VV=v1.0.0	manual curation	blood
HD4_6b	homo sapiens	blood	not applicable	severe acute respiratory syndrome	1	HD4_6b	proteomic profiling by mass spectrometry	NT=Data-dependent acquisition;AC=PRIDE:0000627	NT=label free sample;AC=MS:1002038	NT=q exactive;AC=MS:1001911	NT=Phospho;AC=UNIMOD:21;TA=S,T,Y;MT=Variable	NT=Trypsin;AC=MS:1001251	NT=collision-induced dissociation;AC=MS:1000133	1	1	HD4_6b.raw	ftp://ftp.pride.ebi.ac.uk/pride/data/archive/2026/02/PXD072061/HD4_6b.raw	v1.1.0	NT=ms-proteomics;VV=v1.1.0	NT=clinical-metadata;VV=v1.0.0	manual curation	blood
SEV5_5b	homo sapiens	blood	not applicable	severe acute respiratory syndrome	1	SEV5_5b	proteomic profiling by mass spectrometry	NT=Data-dependent acquisition;AC=PRIDE:0000627	NT=label free sample;AC=MS:1002038	NT=q exactive;AC=MS:1001911	NT=Phospho;AC=UNIMOD:21;TA=S,T,Y;MT=Variable	NT=Trypsin;AC=MS:1001251	NT=collision-induced dissociation;AC=MS:1000133	1	1	SEV5_5b.raw	ftp://ftp.pride.ebi.ac.uk/pride/data/archive/2026/02/PXD072061/SEV5_5b.raw	v1.1.0	NT=ms-proteomics;VV=v1.1.0	NT=clinical-metadata;VV=v1.0.0	manual curation	blood
HD1_2	homo sapiens	blood	not applicable	severe acute respiratory syndrome	2	HD1_2	proteomic profiling by mass spectrometry	NT=Data-dependent acquisition;AC=PRIDE:0000627	NT=label free sample;AC=MS:1002038	NT=q exactive;AC=MS:1001911	NT=Phospho;AC=UNIMOD:21;TA=S,T,Y;MT=Variable	NT=Trypsin;AC=MS:1001251	NT=collision-induced dissociation;AC=MS:1000133	1	1	HD1_2.raw	ftp://ftp.pride.ebi.ac.uk/pride/data/archive/2026/02/PXD072061/HD1_2.raw	v1.1.0	NT=ms-proteomics;VV=v1.1.0	NT=clinical-metadata;VV=v1.0.0	manual curation	blood
SEV1_3b	homo sapiens	blood	not applicable	severe acute respiratory syndrome	1	SEV1_3b	proteomic profiling by mass spectrometry	NT=Data-dependent acquisition;AC=PRIDE:0000627	NT=label free sample;AC=MS:1002038	NT=q exactive;AC=MS:1001911	NT=Phospho;AC=UNIMOD:21;TA=S,T,Y;MT=Variable	NT=Trypsin;AC=MS:1001251	NT=collision-induced dissociation;AC=MS:1000133	1	1	SEV1_3b.raw	ftp://ftp.pride.ebi.ac.uk/pride/data/archive/2026/02/PXD072061/SEV1_3b.raw	v1.1.0	NT=ms-proteomics;VV=v1.1.0	NT=clinical-metadata;VV=v1.0.0	manual curation	blood
HD1_7b	homo sapiens	blood	not applicable	severe acute respiratory syndrome	1	HD1_7b	proteomic profiling by mass spectrometry	NT=Data-dependent acquisition;AC=PRIDE:0000627	NT=label free sample;AC=MS:1002038	NT=q exactive;AC=MS:1001911	NT=Phospho;AC=UNIMOD:21;TA=S,T,Y;MT=Variable	NT=Trypsin;AC=MS:1001251	NT=collision-induced dissociation;AC=MS:1000133	1	1	HD1_7b.raw	ftp://ftp.pride.ebi.ac.uk/pride/data/archive/2026/02/PXD072061/HD1_7b.raw	v1.1.0	NT=ms-proteomics;VV=v1.1.0	NT=clinical-metadata;VV=v1.0.0	manual curation	blood
SEV6_3	homo sapiens	blood	not applicable	severe acute respiratory syndrome	3	SEV6_3	proteomic profiling by mass spectrometry	NT=Data-dependent acquisition;AC=PRIDE:0000627	NT=label free sample;AC=MS:1002038	NT=q exactive;AC=MS:1001911	NT=Phospho;AC=UNIMOD:21;TA=S,T,Y;MT=Variable	NT=Trypsin;AC=MS:1001251	NT=collision-induced dissociation;AC=MS:1000133	1	1	SEV6_3.raw	ftp://ftp.pride.ebi.ac.uk/pride/data/archive/2026/02/PXD072061/SEV6_3.raw	v1.1.0	NT=ms-proteomics;VV=v1.1.0	NT=clinical-metadata;VV=v1.0.0	manual curation	blood
SEV7_1	homo sapiens	blood	not applicable	severe acute respiratory syndrome	1	SEV7_1	proteomic profiling by mass spectrometry	NT=Data-dependent acquisition;AC=PRIDE:0000627	NT=label free sample;AC=MS:1002038	NT=q exactive;AC=MS:1001911	NT=Phospho;AC=UNIMOD:21;TA=S,T,Y;MT=Variable	NT=Trypsin;AC=MS:1001251	NT=collision-induced dissociation;AC=MS:1000133	1	1	SEV7_1.raw	ftp://ftp.pride.ebi.ac.uk/pride/data/archive/2026/02/PXD072061/SEV7_1.raw	v1.1.0	NT=ms-proteomics;VV=v1.1.0	NT=clinical-metadata;VV=v1.0.0	manual curation	blood
SEV7_2b	homo sapiens	blood	not applicable	severe acute respiratory syndrome	1	SEV7_2b	proteomic profiling by mass spectrometry	NT=Data-dependent acquisition;AC=PRIDE:0000627	NT=label free sample;AC=MS:1002038	NT=q exactive;AC=MS:1001911	NT=Phospho;AC=UNIMOD:21;TA=S,T,Y;MT=Variable	NT=Trypsin;AC=MS:1001251	NT=collision-induced dissociation;AC=MS:1000133	1	1	SEV7_2b.raw	ftp://ftp.pride.ebi.ac.uk/pride/data/archive/2026/02/PXD072061/SEV7_2b.raw	v1.1.0	NT=ms-proteomics;VV=v1.1.0	NT=clinical-metadata;VV=v1.0.0	manual curation	blood
MILD12_5b	homo sapiens	blood	not applicable	severe acute respiratory syndrome	1	MILD12_5b	proteomic profiling by mass spectrometry	NT=Data-dependent acquisition;AC=PRIDE:0000627	NT=label free sample;AC=MS:1002038	NT=q exactive;AC=MS:1001911	NT=Phospho;AC=UNIMOD:21;TA=S,T,Y;MT=Variable	NT=Trypsin;AC=MS:1001251	NT=collision-induced dissociation;AC=MS:1000133	1	1	MILD12_5b.raw	ftp://ftp.pride.ebi.ac.uk/pride/data/archive/2026/02/PXD072061/MILD12_5b.raw	v1.1.0	NT=ms-proteomics;VV=v1.1.0	NT=clinical-metadata;VV=v1.0.0	manual curation	blood
MILD12_7	homo sapiens	blood	not applicable	severe acute respiratory syndrome	7	MILD12_7	proteomic profiling by mass spectrometry	NT=Data-dependent acquisition;AC=PRIDE:0000627	NT=label free sample;AC=MS:1002038	NT=q exactive;AC=MS:1001911	NT=Phospho;AC=UNIMOD:21;TA=S,T,Y;MT=Variable	NT=Trypsin;AC=MS:1001251	NT=collision-induced dissociation;AC=MS:1000133	1	1	MILD12_7.raw	ftp://ftp.pride.ebi.ac.uk/pride/data/archive/2026/02/PXD072061/MILD12_7.raw	v1.1.0	NT=ms-proteomics;VV=v1.1.0	NT=clinical-metadata;VV=v1.0.0	manual curation	blood
MILD7_4b	homo sapiens	blood	not applicable	severe acute respiratory syndrome	1	MILD7_4b	proteomic profiling by mass spectrometry	NT=Data-dependent acquisition;AC=PRIDE:0000627	NT=label free sample;AC=MS:1002038	NT=q exactive;AC=MS:1001911	NT=Phospho;AC=UNIMOD:21;TA=S,T,Y;MT=Variable	NT=Trypsin;AC=MS:1001251	NT=collision-induced dissociation;AC=MS:1000133	1	1	MILD7_4b.raw	ftp://ftp.pride.ebi.ac.uk/pride/data/archive/2026/02/PXD072061/MILD7_4b.raw	v1.1.0	NT=ms-proteomics;VV=v1.1.0	NT=clinical-metadata;VV=v1.0.0	manual curation	blood
MILD1_1b	homo sapiens	blood	not applicable	severe acute respiratory syndrome	1	MILD1_1b	proteomic profiling by mass spectrometry	NT=Data-dependent acquisition;AC=PRIDE:0000627	NT=label free sample;AC=MS:1002038	NT=q exactive;AC=MS:1001911	NT=Phospho;AC=UNIMOD:21;TA=S,T,Y;MT=Variable	NT=Trypsin;AC=MS:1001251	NT=collision-induced dissociation;AC=MS:1000133	1	1	MILD1_1b.raw	ftp://ftp.pride.ebi.ac.uk/pride/data/archive/2026/02/PXD072061/MILD1_1b.raw	v1.1.0	NT=ms-proteomics;VV=v1.1.0	NT=clinical-metadata;VV=v1.0.0	manual curation	blood
SEV8_1	homo sapiens	blood	not applicable	severe acute respiratory syndrome	1	SEV8_1	proteomic profiling by mass spectrometry	NT=Data-dependent acquisition;AC=PRIDE:0000627	NT=label free sample;AC=MS:1002038	NT=q exactive;AC=MS:1001911	NT=Phospho;AC=UNIMOD:21;TA=S,T,Y;MT=Variable	NT=Trypsin;AC=MS:1001251	NT=collision-induced dissociation;AC=MS:1000133	1	1	SEV8_1.raw	ftp://ftp.pride.ebi.ac.uk/pride/data/archive/2026/02/PXD072061/SEV8_1.raw	v1.1.0	NT=ms-proteomics;VV=v1.1.0	NT=clinical-metadata;VV=v1.0.0	manual curation	blood
HD5_5	homo sapiens	blood	not applicable	severe acute respiratory syndrome	5	HD5_5	proteomic profiling by mass spectrometry	NT=Data-dependent acquisition;AC=PRIDE:0000627	NT=label free sample;AC=MS:1002038	NT=q exactive;AC=MS:1001911	NT=Phospho;AC=UNIMOD:21;TA=S,T,Y;MT=Variable	NT=Trypsin;AC=MS:1001251	NT=collision-induced dissociation;AC=MS:1000133	1	1	HD5_5.raw	ftp://ftp.pride.ebi.ac.uk/pride/data/archive/2026/02/PXD072061/HD5_5.raw	v1.1.0	NT=ms-proteomics;VV=v1.1.0	NT=clinical-metadata;VV=v1.0.0	manual curation	blood
SEV6_6b	homo sapiens	blood	not applicable	severe acute respiratory syndrome	1	SEV6_6b	proteomic profiling by mass spectrometry	NT=Data-dependent acquisition;AC=PRIDE:0000627	NT=label free sample;AC=MS:1002038	NT=q exactive;AC=MS:1001911	NT=Phospho;AC=UNIMOD:21;TA=S,T,Y;MT=Variable	NT=Trypsin;AC=MS:1001251	NT=collision-induced dissociation;AC=MS:1000133	1	1	SEV6_6b.raw	ftp://ftp.pride.ebi.ac.uk/pride/data/archive/2026/02/PXD072061/SEV6_6b.raw	v1.1.0	NT=ms-proteomics;VV=v1.1.0	NT=clinical-metadata;VV=v1.0.0	manual curation	blood
MILD3_8	homo sapiens	blood	not applicable	severe acute respiratory syndrome	8	MILD3_8	proteomic profiling by mass spectrometry	NT=Data-dependent acquisition;AC=PRIDE:0000627	NT=label free sample;AC=MS:1002038	NT=q exactive;AC=MS:1001911	NT=Phospho;AC=UNIMOD:21;TA=S,T,Y;MT=Variable	NT=Trypsin;AC=MS:1001251	NT=collision-induced dissociation;AC=MS:1000133	1	1	MILD3_8.raw	ftp://ftp.pride.ebi.ac.uk/pride/data/archive/2026/02/PXD072061/MILD3_8.raw	v1.1.0	NT=ms-proteomics;VV=v1.1.0	NT=clinical-metadata;VV=v1.0.0	manual curation	blood
MILD10_1	homo sapiens	blood	not applicable	severe acute respiratory syndrome	1	MILD10_1	proteomic profiling by mass spectrometry	NT=Data-dependent acquisition;AC=PRIDE:0000627	NT=label free sample;AC=MS:1002038	NT=q exactive;AC=MS:1001911	NT=Phospho;AC=UNIMOD:21;TA=S,T,Y;MT=Variable	NT=Trypsin;AC=MS:1001251	NT=collision-induced dissociation;AC=MS:1000133	1	1	MILD10_1.raw	ftp://ftp.pride.ebi.ac.uk/pride/data/archive/2026/02/PXD072061/MILD10_1.raw	v1.1.0	NT=ms-proteomics;VV=v1.1.0	NT=clinical-metadata;VV=v1.0.0	manual curation	blood
SEV8_8b	homo sapiens	blood	not applicable	severe acute respiratory syndrome	1	SEV8_8b	proteomic profiling by mass spectrometry	NT=Data-dependent acquisition;AC=PRIDE:0000627	NT=label free sample;AC=MS:1002038	NT=q exactive;AC=MS:1001911	NT=Phospho;AC=UNIMOD:21;TA=S,T,Y;MT=Variable	NT=Trypsin;AC=MS:1001251	NT=collision-induced dissociation;AC=MS:1000133	1	1	SEV8_8b.raw	ftp://ftp.pride.ebi.ac.uk/pride/data/archive/2026/02/PXD072061/SEV8_8b.raw	v1.1.0	NT=ms-proteomics;VV=v1.1.0	NT=clinical-metadata;VV=v1.0.0	manual curation	blood
MILD3_4	homo sapiens	blood	not applicable	severe acute respiratory syndrome	4	MILD3_4	proteomic profiling by mass spectrometry	NT=Data-dependent acquisition;AC=PRIDE:0000627	NT=label free sample;AC=MS:1002038	NT=q exactive;AC=MS:1001911	NT=Phospho;AC=UNIMOD:21;TA=S,T,Y;MT=Variable	NT=Trypsin;AC=MS:1001251	NT=collision-induced dissociation;AC=MS:1000133	1	1	MILD3_4.raw	ftp://ftp.pride.ebi.ac.uk/pride/data/archive/2026/02/PXD072061/MILD3_4.raw	v1.1.0	NT=ms-proteomics;VV=v1.1.0	NT=clinical-metadata;VV=v1.0.0	manual curation	blood
SEV5_8	homo sapiens	blood	not applicable	severe acute respiratory syndrome	8	SEV5_8	proteomic profiling by mass spectrometry	NT=Data-dependent acquisition;AC=PRIDE:0000627	NT=label free sample;AC=MS:1002038	NT=q exactive;AC=MS:1001911	NT=Phospho;AC=UNIMOD:21;TA=S,T,Y;MT=Variable	NT=Trypsin;AC=MS:1001251	NT=collision-induced dissociation;AC=MS:1000133	1	1	SEV5_8.raw	ftp://ftp.pride.ebi.ac.uk/pride/data/archive/2026/02/PXD072061/SEV5_8.raw	v1.1.0	NT=ms-proteomics;VV=v1.1.0	NT=clinical-metadata;VV=v1.0.0	manual curation	blood
MILD10_7b	homo sapiens	blood	not applicable	severe acute respiratory syndrome	1	MILD10_7b	proteomic profiling by mass spectrometry	NT=Data-dependent acquisition;AC=PRIDE:0000627	NT=label free sample;AC=MS:1002038	NT=q exactive;AC=MS:1001911	NT=Phospho;AC=UNIMOD:21;TA=S,T,Y;MT=Variable	NT=Trypsin;AC=MS:1001251	NT=collision-induced dissociation;AC=MS:1000133	1	1	MILD10_7b.raw	ftp://ftp.pride.ebi.ac.uk/pride/data/archive/2026/02/PXD072061/MILD10_7b.raw	v1.1.0	NT=ms-proteomics;VV=v1.1.0	NT=clinical-metadata;VV=v1.0.0	manual curation	blood
MILD7_3	homo sapiens	blood	not applicable	severe acute respiratory syndrome	3	MILD7_3	proteomic profiling by mass spectrometry	NT=Data-dependent acquisition;AC=PRIDE:0000627	NT=label free sample;AC=MS:1002038	NT=q exactive;AC=MS:1001911	NT=Phospho;AC=UNIMOD:21;TA=S,T,Y;MT=Variable	NT=Trypsin;AC=MS:1001251	NT=collision-induced dissociation;AC=MS:1000133	1	1	MILD7_3.raw	ftp://ftp.pride.ebi.ac.uk/pride/data/archive/2026/02/PXD072061/MILD7_3.raw	v1.1.0	NT=ms-proteomics;VV=v1.1.0	NT=clinical-metadata;VV=v1.0.0	manual curation	blood
MILD4_5	homo sapiens	blood	not applicable	severe acute respiratory syndrome	5	MILD4_5	proteomic profiling by mass spectrometry	NT=Data-dependent acquisition;AC=PRIDE:0000627	NT=label free sample;AC=MS:1002038	NT=q exactive;AC=MS:1001911	NT=Phospho;AC=UNIMOD:21;TA=S,T,Y;MT=Variable	NT=Trypsin;AC=MS:1001251	NT=collision-induced dissociation;AC=MS:1000133	1	1	MILD4_5.raw	ftp://ftp.pride.ebi.ac.uk/pride/data/archive/2026/02/PXD072061/MILD4_5.raw	v1.1.0	NT=ms-proteomics;VV=v1.1.0	NT=clinical-metadata;VV=v1.0.0	manual curation	blood
MILD4_7b	homo sapiens	blood	not applicable	severe acute respiratory syndrome	1	MILD4_7b	proteomic profiling by mass spectrometry	NT=Data-dependent acquisition;AC=PRIDE:0000627	NT=label free sample;AC=MS:1002038	NT=q exactive;AC=MS:1001911	NT=Phospho;AC=UNIMOD:21;TA=S,T,Y;MT=Variable	NT=Trypsin;AC=MS:1001251	NT=collision-induced dissociation;AC=MS:1000133	1	1	MILD4_7b.raw	ftp://ftp.pride.ebi.ac.uk/pride/data/archive/2026/02/PXD072061/MILD4_7b.raw	v1.1.0	NT=ms-proteomics;VV=v1.1.0	NT=clinical-metadata;VV=v1.0.0	manual curation	blood
SEV4_4b	homo sapiens	blood	not applicable	severe acute respiratory syndrome	1	SEV4_4b	proteomic profiling by mass spectrometry	NT=Data-dependent acquisition;AC=PRIDE:0000627	NT=label free sample;AC=MS:1002038	NT=q exactive;AC=MS:1001911	NT=Phospho;AC=UNIMOD:21;TA=S,T,Y;MT=Variable	NT=Trypsin;AC=MS:1001251	NT=collision-induced dissociation;AC=MS:1000133	1	1	SEV4_4b.raw	ftp://ftp.pride.ebi.ac.uk/pride/data/archive/2026/02/PXD072061/SEV4_4b.raw	v1.1.0	NT=ms-proteomics;VV=v1.1.0	NT=clinical-metadata;VV=v1.0.0	manual curation	blood
HD4_7b	homo sapiens	blood	not applicable	severe acute respiratory syndrome	1	HD4_7b	proteomic profiling by mass spectrometry	NT=Data-dependent acquisition;AC=PRIDE:0000627	NT=label free sample;AC=MS:1002038	NT=q exactive;AC=MS:1001911	NT=Phospho;AC=UNIMOD:21;TA=S,T,Y;MT=Variable	NT=Trypsin;AC=MS:1001251	NT=collision-induced dissociation;AC=MS:1000133	1	1	HD4_7b.raw	ftp://ftp.pride.ebi.ac.uk/pride/data/archive/2026/02/PXD072061/HD4_7b.raw	v1.1.0	NT=ms-proteomics;VV=v1.1.0	NT=clinical-metadata;VV=v1.0.0	manual curation	blood
MILD7_4	homo sapiens	blood	not applicable	severe acute respiratory syndrome	4	MILD7_4	proteomic profiling by mass spectrometry	NT=Data-dependent acquisition;AC=PRIDE:0000627	NT=label free sample;AC=MS:1002038	NT=q exactive;AC=MS:1001911	NT=Phospho;AC=UNIMOD:21;TA=S,T,Y;MT=Variable	NT=Trypsin;AC=MS:1001251	NT=collision-induced dissociation;AC=MS:1000133	1	1	MILD7_4.raw	ftp://ftp.pride.ebi.ac.uk/pride/data/archive/2026/02/PXD072061/MILD7_4.raw	v1.1.0	NT=ms-proteomics;VV=v1.1.0	NT=clinical-metadata;VV=v1.0.0	manual curation	blood
SEV2_7	homo sapiens	blood	not applicable	severe acute respiratory syndrome	7	SEV2_7	proteomic profiling by mass spectrometry	NT=Data-dependent acquisition;AC=PRIDE:0000627	NT=label free sample;AC=MS:1002038	NT=q exactive;AC=MS:1001911	NT=Phospho;AC=UNIMOD:21;TA=S,T,Y;MT=Variable	NT=Trypsin;AC=MS:1001251	NT=collision-induced dissociation;AC=MS:1000133	1	1	SEV2_7.raw	ftp://ftp.pride.ebi.ac.uk/pride/data/archive/2026/02/PXD072061/SEV2_7.raw	v1.1.0	NT=ms-proteomics;VV=v1.1.0	NT=clinical-metadata;VV=v1.0.0	manual curation	blood
MILD5_6b	homo sapiens	blood	not applicable	severe acute respiratory syndrome	1	MILD5_6b	proteomic profiling by mass spectrometry	NT=Data-dependent acquisition;AC=PRIDE:0000627	NT=label free sample;AC=MS:1002038	NT=q exactive;AC=MS:1001911	NT=Phospho;AC=UNIMOD:21;TA=S,T,Y;MT=Variable	NT=Trypsin;AC=MS:1001251	NT=collision-induced dissociation;AC=MS:1000133	1	1	MILD5_6b.raw	ftp://ftp.pride.ebi.ac.uk/pride/data/archive/2026/02/PXD072061/MILD5_6b.raw	v1.1.0	NT=ms-proteomics;VV=v1.1.0	NT=clinical-metadata;VV=v1.0.0	manual curation	blood
MILD4_6	homo sapiens	blood	not applicable	severe acute respiratory syndrome	6	MILD4_6	proteomic profiling by mass spectrometry	NT=Data-dependent acquisition;AC=PRIDE:0000627	NT=label free sample;AC=MS:1002038	NT=q exactive;AC=MS:1001911	NT=Phospho;AC=UNIMOD:21;TA=S,T,Y;MT=Variable	NT=Trypsin;AC=MS:1001251	NT=collision-induced dissociation;AC=MS:1000133	1	1	MILD4_6.raw	ftp://ftp.pride.ebi.ac.uk/pride/data/archive/2026/02/PXD072061/MILD4_6.raw	v1.1.0	NT=ms-proteomics;VV=v1.1.0	NT=clinical-metadata;VV=v1.0.0	manual curation	blood
SEV6_4b	homo sapiens	blood	not applicable	severe acute respiratory syndrome	1	SEV6_4b	proteomic profiling by mass spectrometry	NT=Data-dependent acquisition;AC=PRIDE:0000627	NT=label free sample;AC=MS:1002038	NT=q exactive;AC=MS:1001911	NT=Phospho;AC=UNIMOD:21;TA=S,T,Y;MT=Variable	NT=Trypsin;AC=MS:1001251	NT=collision-induced dissociation;AC=MS:1000133	1	1	SEV6_4b.raw	ftp://ftp.pride.ebi.ac.uk/pride/data/archive/2026/02/PXD072061/SEV6_4b.raw	v1.1.0	NT=ms-proteomics;VV=v1.1.0	NT=clinical-metadata;VV=v1.0.0	manual curation	blood
SEV3_3	homo sapiens	blood	not applicable	severe acute respiratory syndrome	3	SEV3_3	proteomic profiling by mass spectrometry	NT=Data-dependent acquisition;AC=PRIDE:0000627	NT=label free sample;AC=MS:1002038	NT=q exactive;AC=MS:1001911	NT=Phospho;AC=UNIMOD:21;TA=S,T,Y;MT=Variable	NT=Trypsin;AC=MS:1001251	NT=collision-induced dissociation;AC=MS:1000133	1	1	SEV3_3.raw	ftp://ftp.pride.ebi.ac.uk/pride/data/archive/2026/02/PXD072061/SEV3_3.raw	v1.1.0	NT=ms-proteomics;VV=v1.1.0	NT=clinical-metadata;VV=v1.0.0	manual curation	blood
MILD2_2	homo sapiens	blood	not applicable	severe acute respiratory syndrome	2	MILD2_2	proteomic profiling by mass spectrometry	NT=Data-dependent acquisition;AC=PRIDE:0000627	NT=label free sample;AC=MS:1002038	NT=q exactive;AC=MS:1001911	NT=Phospho;AC=UNIMOD:21;TA=S,T,Y;MT=Variable	NT=Trypsin;AC=MS:1001251	NT=collision-induced dissociation;AC=MS:1000133	1	1	MILD2_2.raw	ftp://ftp.pride.ebi.ac.uk/pride/data/archive/2026/02/PXD072061/MILD2_2.raw	v1.1.0	NT=ms-proteomics;VV=v1.1.0	NT=clinical-metadata;VV=v1.0.0	manual curation	blood
MILD3_2b	homo sapiens	blood	not applicable	severe acute respiratory syndrome	1	MILD3_2b	proteomic profiling by mass spectrometry	NT=Data-dependent acquisition;AC=PRIDE:0000627	NT=label free sample;AC=MS:1002038	NT=q exactive;AC=MS:1001911	NT=Phospho;AC=UNIMOD:21;TA=S,T,Y;MT=Variable	NT=Trypsin;AC=MS:1001251	NT=collision-induced dissociation;AC=MS:1000133	1	1	MILD3_2b.raw	ftp://ftp.pride.ebi.ac.uk/pride/data/archive/2026/02/PXD072061/MILD3_2b.raw	v1.1.0	NT=ms-proteomics;VV=v1.1.0	NT=clinical-metadata;VV=v1.0.0	manual curation	blood
MILD8_5	homo sapiens	blood	not applicable	severe acute respiratory syndrome	5	MILD8_5	proteomic profiling by mass spectrometry	NT=Data-dependent acquisition;AC=PRIDE:0000627	NT=label free sample;AC=MS:1002038	NT=q exactive;AC=MS:1001911	NT=Phospho;AC=UNIMOD:21;TA=S,T,Y;MT=Variable	NT=Trypsin;AC=MS:1001251	NT=collision-induced dissociation;AC=MS:1000133	1	1	MILD8_5.raw	ftp://ftp.pride.ebi.ac.uk/pride/data/archive/2026/02/PXD072061/MILD8_5.raw	v1.1.0	NT=ms-proteomics;VV=v1.1.0	NT=clinical-metadata;VV=v1.0.0	manual curation	blood
MILD6_1	homo sapiens	blood	not applicable	severe acute respiratory syndrome	1	MILD6_1	proteomic profiling by mass spectrometry	NT=Data-dependent acquisition;AC=PRIDE:0000627	NT=label free sample;AC=MS:1002038	NT=q exactive;AC=MS:1001911	NT=Phospho;AC=UNIMOD:21;TA=S,T,Y;MT=Variable	NT=Trypsin;AC=MS:1001251	NT=collision-induced dissociation;AC=MS:1000133	1	1	MILD6_1.raw	ftp://ftp.pride.ebi.ac.uk/pride/data/archive/2026/02/PXD072061/MILD6_1.raw	v1.1.0	NT=ms-proteomics;VV=v1.1.0	NT=clinical-metadata;VV=v1.0.0	manual curation	blood
MILD4_5b	homo sapiens	blood	not applicable	severe acute respiratory syndrome	1	MILD4_5b	proteomic profiling by mass spectrometry	NT=Data-dependent acquisition;AC=PRIDE:0000627	NT=label free sample;AC=MS:1002038	NT=q exactive;AC=MS:1001911	NT=Phospho;AC=UNIMOD:21;TA=S,T,Y;MT=Variable	NT=Trypsin;AC=MS:1001251	NT=collision-induced dissociation;AC=MS:1000133	1	1	MILD4_5b.raw	ftp://ftp.pride.ebi.ac.uk/pride/data/archive/2026/02/PXD072061/MILD4_5b.raw	v1.1.0	NT=ms-proteomics;VV=v1.1.0	NT=clinical-metadata;VV=v1.0.0	manual curation	blood
MILD1_4	homo sapiens	blood	not applicable	severe acute respiratory syndrome	4	MILD1_4	proteomic profiling by mass spectrometry	NT=Data-dependent acquisition;AC=PRIDE:0000627	NT=label free sample;AC=MS:1002038	NT=q exactive;AC=MS:1001911	NT=Phospho;AC=UNIMOD:21;TA=S,T,Y;MT=Variable	NT=Trypsin;AC=MS:1001251	NT=collision-induced dissociation;AC=MS:1000133	1	1	MILD1_4.raw	ftp://ftp.pride.ebi.ac.uk/pride/data/archive/2026/02/PXD072061/MILD1_4.raw	v1.1.0	NT=ms-proteomics;VV=v1.1.0	NT=clinical-metadata;VV=v1.0.0	manual curation	blood
SEV5_7	homo sapiens	blood	not applicable	severe acute respiratory syndrome	7	SEV5_7	proteomic profiling by mass spectrometry	NT=Data-dependent acquisition;AC=PRIDE:0000627	NT=label free sample;AC=MS:1002038	NT=q exactive;AC=MS:1001911	NT=Phospho;AC=UNIMOD:21;TA=S,T,Y;MT=Variable	NT=Trypsin;AC=MS:1001251	NT=collision-induced dissociation;AC=MS:1000133	1	1	SEV5_7.raw	ftp://ftp.pride.ebi.ac.uk/pride/data/archive/2026/02/PXD072061/SEV5_7.raw	v1.1.0	NT=ms-proteomics;VV=v1.1.0	NT=clinical-metadata;VV=v1.0.0	manual curation	blood
MILD2_6b	homo sapiens	blood	not applicable	severe acute respiratory syndrome	1	MILD2_6b	proteomic profiling by mass spectrometry	NT=Data-dependent acquisition;AC=PRIDE:0000627	NT=label free sample;AC=MS:1002038	NT=q exactive;AC=MS:1001911	NT=Phospho;AC=UNIMOD:21;TA=S,T,Y;MT=Variable	NT=Trypsin;AC=MS:1001251	NT=collision-induced dissociation;AC=MS:1000133	1	1	MILD2_6b.raw	ftp://ftp.pride.ebi.ac.uk/pride/data/archive/2026/02/PXD072061/MILD2_6b.raw	v1.1.0	NT=ms-proteomics;VV=v1.1.0	NT=clinical-metadata;VV=v1.0.0	manual curation	blood
HD3_4	homo sapiens	blood	not applicable	severe acute respiratory syndrome	4	HD3_4	proteomic profiling by mass spectrometry	NT=Data-dependent acquisition;AC=PRIDE:0000627	NT=label free sample;AC=MS:1002038	NT=q exactive;AC=MS:1001911	NT=Phospho;AC=UNIMOD:21;TA=S,T,Y;MT=Variable	NT=Trypsin;AC=MS:1001251	NT=collision-induced dissociation;AC=MS:1000133	1	1	HD3_4.raw	ftp://ftp.pride.ebi.ac.uk/pride/data/archive/2026/02/PXD072061/HD3_4.raw	v1.1.0	NT=ms-proteomics;VV=v1.1.0	NT=clinical-metadata;VV=v1.0.0	manual curation	blood
SEV4_2b	homo sapiens	blood	not applicable	severe acute respiratory syndrome	1	SEV4_2b	proteomic profiling by mass spectrometry	NT=Data-dependent acquisition;AC=PRIDE:0000627	NT=label free sample;AC=MS:1002038	NT=q exactive;AC=MS:1001911	NT=Phospho;AC=UNIMOD:21;TA=S,T,Y;MT=Variable	NT=Trypsin;AC=MS:1001251	NT=collision-induced dissociation;AC=MS:1000133	1	1	SEV4_2b.raw	ftp://ftp.pride.ebi.ac.uk/pride/data/archive/2026/02/PXD072061/SEV4_2b.raw	v1.1.0	NT=ms-proteomics;VV=v1.1.0	NT=clinical-metadata;VV=v1.0.0	manual curation	blood
HD3_6	homo sapiens	blood	not applicable	severe acute respiratory syndrome	6	HD3_6	proteomic profiling by mass spectrometry	NT=Data-dependent acquisition;AC=PRIDE:0000627	NT=label free sample;AC=MS:1002038	NT=q exactive;AC=MS:1001911	NT=Phospho;AC=UNIMOD:21;TA=S,T,Y;MT=Variable	NT=Trypsin;AC=MS:1001251	NT=collision-induced dissociation;AC=MS:1000133	1	1	HD3_6.raw	ftp://ftp.pride.ebi.ac.uk/pride/data/archive/2026/02/PXD072061/HD3_6.raw	v1.1.0	NT=ms-proteomics;VV=v1.1.0	NT=clinical-metadata;VV=v1.0.0	manual curation	blood
HD1_4	homo sapiens	blood	not applicable	severe acute respiratory syndrome	4	HD1_4	proteomic profiling by mass spectrometry	NT=Data-dependent acquisition;AC=PRIDE:0000627	NT=label free sample;AC=MS:1002038	NT=q exactive;AC=MS:1001911	NT=Phospho;AC=UNIMOD:21;TA=S,T,Y;MT=Variable	NT=Trypsin;AC=MS:1001251	NT=collision-induced dissociation;AC=MS:1000133	1	1	HD1_4.raw	ftp://ftp.pride.ebi.ac.uk/pride/data/archive/2026/02/PXD072061/HD1_4.raw	v1.1.0	NT=ms-proteomics;VV=v1.1.0	NT=clinical-metadata;VV=v1.0.0	manual curation	blood
MILD1_2	homo sapiens	blood	not applicable	severe acute respiratory syndrome	2	MILD1_2	proteomic profiling by mass spectrometry	NT=Data-dependent acquisition;AC=PRIDE:0000627	NT=label free sample;AC=MS:1002038	NT=q exactive;AC=MS:1001911	NT=Phospho;AC=UNIMOD:21;TA=S,T,Y;MT=Variable	NT=Trypsin;AC=MS:1001251	NT=collision-induced dissociation;AC=MS:1000133	1	1	MILD1_2.raw	ftp://ftp.pride.ebi.ac.uk/pride/data/archive/2026/02/PXD072061/MILD1_2.raw	v1.1.0	NT=ms-proteomics;VV=v1.1.0	NT=clinical-metadata;VV=v1.0.0	manual curation	blood
SEV6_6	homo sapiens	blood	not applicable	severe acute respiratory syndrome	6	SEV6_6	proteomic profiling by mass spectrometry	NT=Data-dependent acquisition;AC=PRIDE:0000627	NT=label free sample;AC=MS:1002038	NT=q exactive;AC=MS:1001911	NT=Phospho;AC=UNIMOD:21;TA=S,T,Y;MT=Variable	NT=Trypsin;AC=MS:1001251	NT=collision-induced dissociation;AC=MS:1000133	1	1	SEV6_6.raw	ftp://ftp.pride.ebi.ac.uk/pride/data/archive/2026/02/PXD072061/SEV6_6.raw	v1.1.0	NT=ms-proteomics;VV=v1.1.0	NT=clinical-metadata;VV=v1.0.0	manual curation	blood
SEV3_2b	homo sapiens	blood	not applicable	severe acute respiratory syndrome	1	SEV3_2b	proteomic profiling by mass spectrometry	NT=Data-dependent acquisition;AC=PRIDE:0000627	NT=label free sample;AC=MS:1002038	NT=q exactive;AC=MS:1001911	NT=Phospho;AC=UNIMOD:21;TA=S,T,Y;MT=Variable	NT=Trypsin;AC=MS:1001251	NT=collision-induced dissociation;AC=MS:1000133	1	1	SEV3_2b.raw	ftp://ftp.pride.ebi.ac.uk/pride/data/archive/2026/02/PXD072061/SEV3_2b.raw	v1.1.0	NT=ms-proteomics;VV=v1.1.0	NT=clinical-metadata;VV=v1.0.0	manual curation	blood
SEV4_6	homo sapiens	blood	not applicable	severe acute respiratory syndrome	6	SEV4_6	proteomic profiling by mass spectrometry	NT=Data-dependent acquisition;AC=PRIDE:0000627	NT=label free sample;AC=MS:1002038	NT=q exactive;AC=MS:1001911	NT=Phospho;AC=UNIMOD:21;TA=S,T,Y;MT=Variable	NT=Trypsin;AC=MS:1001251	NT=collision-induced dissociation;AC=MS:1000133	1	1	SEV4_6.raw	ftp://ftp.pride.ebi.ac.uk/pride/data/archive/2026/02/PXD072061/SEV4_6.raw	v1.1.0	NT=ms-proteomics;VV=v1.1.0	NT=clinical-metadata;VV=v1.0.0	manual curation	blood
MILD12_1b	homo sapiens	blood	not applicable	severe acute respiratory syndrome	1	MILD12_1b	proteomic profiling by mass spectrometry	NT=Data-dependent acquisition;AC=PRIDE:0000627	NT=label free sample;AC=MS:1002038	NT=q exactive;AC=MS:1001911	NT=Phospho;AC=UNIMOD:21;TA=S,T,Y;MT=Variable	NT=Trypsin;AC=MS:1001251	NT=collision-induced dissociation;AC=MS:1000133	1	1	MILD12_1b.raw	ftp://ftp.pride.ebi.ac.uk/pride/data/archive/2026/02/PXD072061/MILD12_1b.raw	v1.1.0	NT=ms-proteomics;VV=v1.1.0	NT=clinical-metadata;VV=v1.0.0	manual curation	blood
SEV4_3	homo sapiens	blood	not applicable	severe acute respiratory syndrome	3	SEV4_3	proteomic profiling by mass spectrometry	NT=Data-dependent acquisition;AC=PRIDE:0000627	NT=label free sample;AC=MS:1002038	NT=q exactive;AC=MS:1001911	NT=Phospho;AC=UNIMOD:21;TA=S,T,Y;MT=Variable	NT=Trypsin;AC=MS:1001251	NT=collision-induced dissociation;AC=MS:1000133	1	1	SEV4_3.raw	ftp://ftp.pride.ebi.ac.uk/pride/data/archive/2026/02/PXD072061/SEV4_3.raw	v1.1.0	NT=ms-proteomics;VV=v1.1.0	NT=clinical-metadata;VV=v1.0.0	manual curation	blood
MILD6_6b	homo sapiens	blood	not applicable	severe acute respiratory syndrome	1	MILD6_6b	proteomic profiling by mass spectrometry	NT=Data-dependent acquisition;AC=PRIDE:0000627	NT=label free sample;AC=MS:1002038	NT=q exactive;AC=MS:1001911	NT=Phospho;AC=UNIMOD:21;TA=S,T,Y;MT=Variable	NT=Trypsin;AC=MS:1001251	NT=collision-induced dissociation;AC=MS:1000133	1	1	MILD6_6b.raw	ftp://ftp.pride.ebi.ac.uk/pride/data/archive/2026/02/PXD072061/MILD6_6b.raw	v1.1.0	NT=ms-proteomics;VV=v1.1.0	NT=clinical-metadata;VV=v1.0.0	manual curation	blood
SEV5_3	homo sapiens	blood	not applicable	severe acute respiratory syndrome	3	SEV5_3	proteomic profiling by mass spectrometry	NT=Data-dependent acquisition;AC=PRIDE:0000627	NT=label free sample;AC=MS:1002038	NT=q exactive;AC=MS:1001911	NT=Phospho;AC=UNIMOD:21;TA=S,T,Y;MT=Variable	NT=Trypsin;AC=MS:1001251	NT=collision-induced dissociation;AC=MS:1000133	1	1	SEV5_3.raw	ftp://ftp.pride.ebi.ac.uk/pride/data/archive/2026/02/PXD072061/SEV5_3.raw	v1.1.0	NT=ms-proteomics;VV=v1.1.0	NT=clinical-metadata;VV=v1.0.0	manual curation	blood
MILD8_1	homo sapiens	blood	not applicable	severe acute respiratory syndrome	1	MILD8_1	proteomic profiling by mass spectrometry	NT=Data-dependent acquisition;AC=PRIDE:0000627	NT=label free sample;AC=MS:1002038	NT=q exactive;AC=MS:1001911	NT=Phospho;AC=UNIMOD:21;TA=S,T,Y;MT=Variable	NT=Trypsin;AC=MS:1001251	NT=collision-induced dissociation;AC=MS:1000133	1	1	MILD8_1.raw	ftp://ftp.pride.ebi.ac.uk/pride/data/archive/2026/02/PXD072061/MILD8_1.raw	v1.1.0	NT=ms-proteomics;VV=v1.1.0	NT=clinical-metadata;VV=v1.0.0	manual curation	blood
MILD1_3b	homo sapiens	blood	not applicable	severe acute respiratory syndrome	1	MILD1_3b	proteomic profiling by mass spectrometry	NT=Data-dependent acquisition;AC=PRIDE:0000627	NT=label free sample;AC=MS:1002038	NT=q exactive;AC=MS:1001911	NT=Phospho;AC=UNIMOD:21;TA=S,T,Y;MT=Variable	NT=Trypsin;AC=MS:1001251	NT=collision-induced dissociation;AC=MS:1000133	1	1	MILD1_3b.raw	ftp://ftp.pride.ebi.ac.uk/pride/data/archive/2026/02/PXD072061/MILD1_3b.raw	v1.1.0	NT=ms-proteomics;VV=v1.1.0	NT=clinical-metadata;VV=v1.0.0	manual curation	blood
MILD9_4	homo sapiens	blood	not applicable	severe acute respiratory syndrome	4	MILD9_4	proteomic profiling by mass spectrometry	NT=Data-dependent acquisition;AC=PRIDE:0000627	NT=label free sample;AC=MS:1002038	NT=q exactive;AC=MS:1001911	NT=Phospho;AC=UNIMOD:21;TA=S,T,Y;MT=Variable	NT=Trypsin;AC=MS:1001251	NT=collision-induced dissociation;AC=MS:1000133	1	1	MILD9_4.raw	ftp://ftp.pride.ebi.ac.uk/pride/data/archive/2026/02/PXD072061/MILD9_4.raw	v1.1.0	NT=ms-proteomics;VV=v1.1.0	NT=clinical-metadata;VV=v1.0.0	manual curation	blood
HD5_6b	homo sapiens	blood	not applicable	severe acute respiratory syndrome	1	HD5_6b	proteomic profiling by mass spectrometry	NT=Data-dependent acquisition;AC=PRIDE:0000627	NT=label free sample;AC=MS:1002038	NT=q exactive;AC=MS:1001911	NT=Phospho;AC=UNIMOD:21;TA=S,T,Y;MT=Variable	NT=Trypsin;AC=MS:1001251	NT=collision-induced dissociation;AC=MS:1000133	1	1	HD5_6b.raw	ftp://ftp.pride.ebi.ac.uk/pride/data/archive/2026/02/PXD072061/HD5_6b.raw	v1.1.0	NT=ms-proteomics;VV=v1.1.0	NT=clinical-metadata;VV=v1.0.0	manual curation	blood
HD2_2b	homo sapiens	blood	not applicable	severe acute respiratory syndrome	1	HD2_2b	proteomic profiling by mass spectrometry	NT=Data-dependent acquisition;AC=PRIDE:0000627	NT=label free sample;AC=MS:1002038	NT=q exactive;AC=MS:1001911	NT=Phospho;AC=UNIMOD:21;TA=S,T,Y;MT=Variable	NT=Trypsin;AC=MS:1001251	NT=collision-induced dissociation;AC=MS:1000133	1	1	HD2_2b.raw	ftp://ftp.pride.ebi.ac.uk/pride/data/archive/2026/02/PXD072061/HD2_2b.raw	v1.1.0	NT=ms-proteomics;VV=v1.1.0	NT=clinical-metadata;VV=v1.0.0	manual curation	blood
SEV7_5b	homo sapiens	blood	not applicable	severe acute respiratory syndrome	1	SEV7_5b	proteomic profiling by mass spectrometry	NT=Data-dependent acquisition;AC=PRIDE:0000627	NT=label free sample;AC=MS:1002038	NT=q exactive;AC=MS:1001911	NT=Phospho;AC=UNIMOD:21;TA=S,T,Y;MT=Variable	NT=Trypsin;AC=MS:1001251	NT=collision-induced dissociation;AC=MS:1000133	1	1	SEV7_5b.raw	ftp://ftp.pride.ebi.ac.uk/pride/data/archive/2026/02/PXD072061/SEV7_5b.raw	v1.1.0	NT=ms-proteomics;VV=v1.1.0	NT=clinical-metadata;VV=v1.0.0	manual curation	blood
MILD2_3	homo sapiens	blood	not applicable	severe acute respiratory syndrome	3	MILD2_3	proteomic profiling by mass spectrometry	NT=Data-dependent acquisition;AC=PRIDE:0000627	NT=label free sample;AC=MS:1002038	NT=q exactive;AC=MS:1001911	NT=Phospho;AC=UNIMOD:21;TA=S,T,Y;MT=Variable	NT=Trypsin;AC=MS:1001251	NT=collision-induced dissociation;AC=MS:1000133	1	1	MILD2_3.raw	ftp://ftp.pride.ebi.ac.uk/pride/data/archive/2026/02/PXD072061/MILD2_3.raw	v1.1.0	NT=ms-proteomics;VV=v1.1.0	NT=clinical-metadata;VV=v1.0.0	manual curation	blood
MILD6_3b	homo sapiens	blood	not applicable	severe acute respiratory syndrome	1	MILD6_3b	proteomic profiling by mass spectrometry	NT=Data-dependent acquisition;AC=PRIDE:0000627	NT=label free sample;AC=MS:1002038	NT=q exactive;AC=MS:1001911	NT=Phospho;AC=UNIMOD:21;TA=S,T,Y;MT=Variable	NT=Trypsin;AC=MS:1001251	NT=collision-induced dissociation;AC=MS:1000133	1	1	MILD6_3b.raw	ftp://ftp.pride.ebi.ac.uk/pride/data/archive/2026/02/PXD072061/MILD6_3b.raw	v1.1.0	NT=ms-proteomics;VV=v1.1.0	NT=clinical-metadata;VV=v1.0.0	manual curation	blood
SEV2_8b	homo sapiens	blood	not applicable	severe acute respiratory syndrome	1	SEV2_8b	proteomic profiling by mass spectrometry	NT=Data-dependent acquisition;AC=PRIDE:0000627	NT=label free sample;AC=MS:1002038	NT=q exactive;AC=MS:1001911	NT=Phospho;AC=UNIMOD:21;TA=S,T,Y;MT=Variable	NT=Trypsin;AC=MS:1001251	NT=collision-induced dissociation;AC=MS:1000133	1	1	SEV2_8b.raw	ftp://ftp.pride.ebi.ac.uk/pride/data/archive/2026/02/PXD072061/SEV2_8b.raw	v1.1.0	NT=ms-proteomics;VV=v1.1.0	NT=clinical-metadata;VV=v1.0.0	manual curation	blood
MILD12_6b	homo sapiens	blood	not applicable	severe acute respiratory syndrome	1	MILD12_6b	proteomic profiling by mass spectrometry	NT=Data-dependent acquisition;AC=PRIDE:0000627	NT=label free sample;AC=MS:1002038	NT=q exactive;AC=MS:1001911	NT=Phospho;AC=UNIMOD:21;TA=S,T,Y;MT=Variable	NT=Trypsin;AC=MS:1001251	NT=collision-induced dissociation;AC=MS:1000133	1	1	MILD12_6b.raw	ftp://ftp.pride.ebi.ac.uk/pride/data/archive/2026/02/PXD072061/MILD12_6b.raw	v1.1.0	NT=ms-proteomics;VV=v1.1.0	NT=clinical-metadata;VV=v1.0.0	manual curation	blood
MILD5_7	homo sapiens	blood	not applicable	severe acute respiratory syndrome	7	MILD5_7	proteomic profiling by mass spectrometry	NT=Data-dependent acquisition;AC=PRIDE:0000627	NT=label free sample;AC=MS:1002038	NT=q exactive;AC=MS:1001911	NT=Phospho;AC=UNIMOD:21;TA=S,T,Y;MT=Variable	NT=Trypsin;AC=MS:1001251	NT=collision-induced dissociation;AC=MS:1000133	1	1	MILD5_7.raw	ftp://ftp.pride.ebi.ac.uk/pride/data/archive/2026/02/PXD072061/MILD5_7.raw	v1.1.0	NT=ms-proteomics;VV=v1.1.0	NT=clinical-metadata;VV=v1.0.0	manual curation	blood
SEV7_4	homo sapiens	blood	not applicable	severe acute respiratory syndrome	4	SEV7_4	proteomic profiling by mass spectrometry	NT=Data-dependent acquisition;AC=PRIDE:0000627	NT=label free sample;AC=MS:1002038	NT=q exactive;AC=MS:1001911	NT=Phospho;AC=UNIMOD:21;TA=S,T,Y;MT=Variable	NT=Trypsin;AC=MS:1001251	NT=collision-induced dissociation;AC=MS:1000133	1	1	SEV7_4.raw	ftp://ftp.pride.ebi.ac.uk/pride/data/archive/2026/02/PXD072061/SEV7_4.raw	v1.1.0	NT=ms-proteomics;VV=v1.1.0	NT=clinical-metadata;VV=v1.0.0	manual curation	blood
SEV1_4b	homo sapiens	blood	not applicable	severe acute respiratory syndrome	1	SEV1_4b	proteomic profiling by mass spectrometry	NT=Data-dependent acquisition;AC=PRIDE:0000627	NT=label free sample;AC=MS:1002038	NT=q exactive;AC=MS:1001911	NT=Phospho;AC=UNIMOD:21;TA=S,T,Y;MT=Variable	NT=Trypsin;AC=MS:1001251	NT=collision-induced dissociation;AC=MS:1000133	1	1	SEV1_4b.raw	ftp://ftp.pride.ebi.ac.uk/pride/data/archive/2026/02/PXD072061/SEV1_4b.raw	v1.1.0	NT=ms-proteomics;VV=v1.1.0	NT=clinical-metadata;VV=v1.0.0	manual curation	blood
MILD11_2	homo sapiens	blood	not applicable	severe acute respiratory syndrome	2	MILD11_2	proteomic profiling by mass spectrometry	NT=Data-dependent acquisition;AC=PRIDE:0000627	NT=label free sample;AC=MS:1002038	NT=q exactive;AC=MS:1001911	NT=Phospho;AC=UNIMOD:21;TA=S,T,Y;MT=Variable	NT=Trypsin;AC=MS:1001251	NT=collision-induced dissociation;AC=MS:1000133	1	1	MILD11_2.raw	ftp://ftp.pride.ebi.ac.uk/pride/data/archive/2026/02/PXD072061/MILD11_2.raw	v1.1.0	NT=ms-proteomics;VV=v1.1.0	NT=clinical-metadata;VV=v1.0.0	manual curation	blood
HD5_8	homo sapiens	blood	not applicable	severe acute respiratory syndrome	8	HD5_8	proteomic profiling by mass spectrometry	NT=Data-dependent acquisition;AC=PRIDE:0000627	NT=label free sample;AC=MS:1002038	NT=q exactive;AC=MS:1001911	NT=Phospho;AC=UNIMOD:21;TA=S,T,Y;MT=Variable	NT=Trypsin;AC=MS:1001251	NT=collision-induced dissociation;AC=MS:1000133	1	1	HD5_8.raw	ftp://ftp.pride.ebi.ac.uk/pride/data/archive/2026/02/PXD072061/HD5_8.raw	v1.1.0	NT=ms-proteomics;VV=v1.1.0	NT=clinical-metadata;VV=v1.0.0	manual curation	blood
HD1_3	homo sapiens	blood	not applicable	severe acute respiratory syndrome	3	HD1_3	proteomic profiling by mass spectrometry	NT=Data-dependent acquisition;AC=PRIDE:0000627	NT=label free sample;AC=MS:1002038	NT=q exactive;AC=MS:1001911	NT=Phospho;AC=UNIMOD:21;TA=S,T,Y;MT=Variable	NT=Trypsin;AC=MS:1001251	NT=collision-induced dissociation;AC=MS:1000133	1	1	HD1_3.raw	ftp://ftp.pride.ebi.ac.uk/pride/data/archive/2026/02/PXD072061/HD1_3.raw	v1.1.0	NT=ms-proteomics;VV=v1.1.0	NT=clinical-metadata;VV=v1.0.0	manual curation	blood
SEV7_7	homo sapiens	blood	not applicable	severe acute respiratory syndrome	7	SEV7_7	proteomic profiling by mass spectrometry	NT=Data-dependent acquisition;AC=PRIDE:0000627	NT=label free sample;AC=MS:1002038	NT=q exactive;AC=MS:1001911	NT=Phospho;AC=UNIMOD:21;TA=S,T,Y;MT=Variable	NT=Trypsin;AC=MS:1001251	NT=collision-induced dissociation;AC=MS:1000133	1	1	SEV7_7.raw	ftp://ftp.pride.ebi.ac.uk/pride/data/archive/2026/02/PXD072061/SEV7_7.raw	v1.1.0	NT=ms-proteomics;VV=v1.1.0	NT=clinical-metadata;VV=v1.0.0	manual curation	blood
MILD5_5b	homo sapiens	blood	not applicable	severe acute respiratory syndrome	1	MILD5_5b	proteomic profiling by mass spectrometry	NT=Data-dependent acquisition;AC=PRIDE:0000627	NT=label free sample;AC=MS:1002038	NT=q exactive;AC=MS:1001911	NT=Phospho;AC=UNIMOD:21;TA=S,T,Y;MT=Variable	NT=Trypsin;AC=MS:1001251	NT=collision-induced dissociation;AC=MS:1000133	1	1	MILD5_5b.raw	ftp://ftp.pride.ebi.ac.uk/pride/data/archive/2026/02/PXD072061/MILD5_5b.raw	v1.1.0	NT=ms-proteomics;VV=v1.1.0	NT=clinical-metadata;VV=v1.0.0	manual curation	blood
MILD12_1	homo sapiens	blood	not applicable	severe acute respiratory syndrome	1	MILD12_1	proteomic profiling by mass spectrometry	NT=Data-dependent acquisition;AC=PRIDE:0000627	NT=label free sample;AC=MS:1002038	NT=q exactive;AC=MS:1001911	NT=Phospho;AC=UNIMOD:21;TA=S,T,Y;MT=Variable	NT=Trypsin;AC=MS:1001251	NT=collision-induced dissociation;AC=MS:1000133	1	1	MILD12_1.raw	ftp://ftp.pride.ebi.ac.uk/pride/data/archive/2026/02/PXD072061/MILD12_1.raw	v1.1.0	NT=ms-proteomics;VV=v1.1.0	NT=clinical-metadata;VV=v1.0.0	manual curation	blood
MILD12_8	homo sapiens	blood	not applicable	severe acute respiratory syndrome	8	MILD12_8	proteomic profiling by mass spectrometry	NT=Data-dependent acquisition;AC=PRIDE:0000627	NT=label free sample;AC=MS:1002038	NT=q exactive;AC=MS:1001911	NT=Phospho;AC=UNIMOD:21;TA=S,T,Y;MT=Variable	NT=Trypsin;AC=MS:1001251	NT=collision-induced dissociation;AC=MS:1000133	1	1	MILD12_8.raw	ftp://ftp.pride.ebi.ac.uk/pride/data/archive/2026/02/PXD072061/MILD12_8.raw	v1.1.0	NT=ms-proteomics;VV=v1.1.0	NT=clinical-metadata;VV=v1.0.0	manual curation	blood
HD2_7	homo sapiens	blood	not applicable	severe acute respiratory syndrome	7	HD2_7	proteomic profiling by mass spectrometry	NT=Data-dependent acquisition;AC=PRIDE:0000627	NT=label free sample;AC=MS:1002038	NT=q exactive;AC=MS:1001911	NT=Phospho;AC=UNIMOD:21;TA=S,T,Y;MT=Variable	NT=Trypsin;AC=MS:1001251	NT=collision-induced dissociation;AC=MS:1000133	1	1	HD2_7.raw	ftp://ftp.pride.ebi.ac.uk/pride/data/archive/2026/02/PXD072061/HD2_7.raw	v1.1.0	NT=ms-proteomics;VV=v1.1.0	NT=clinical-metadata;VV=v1.0.0	manual curation	blood
SEV2_3b	homo sapiens	blood	not applicable	severe acute respiratory syndrome	1	SEV2_3b	proteomic profiling by mass spectrometry	NT=Data-dependent acquisition;AC=PRIDE:0000627	NT=label free sample;AC=MS:1002038	NT=q exactive;AC=MS:1001911	NT=Phospho;AC=UNIMOD:21;TA=S,T,Y;MT=Variable	NT=Trypsin;AC=MS:1001251	NT=collision-induced dissociation;AC=MS:1000133	1	1	SEV2_3b.raw	ftp://ftp.pride.ebi.ac.uk/pride/data/archive/2026/02/PXD072061/SEV2_3b.raw	v1.1.0	NT=ms-proteomics;VV=v1.1.0	NT=clinical-metadata;VV=v1.0.0	manual curation	blood
MILD1_7b	homo sapiens	blood	not applicable	severe acute respiratory syndrome	1	MILD1_7b	proteomic profiling by mass spectrometry	NT=Data-dependent acquisition;AC=PRIDE:0000627	NT=label free sample;AC=MS:1002038	NT=q exactive;AC=MS:1001911	NT=Phospho;AC=UNIMOD:21;TA=S,T,Y;MT=Variable	NT=Trypsin;AC=MS:1001251	NT=collision-induced dissociation;AC=MS:1000133	1	1	MILD1_7b.raw	ftp://ftp.pride.ebi.ac.uk/pride/data/archive/2026/02/PXD072061/MILD1_7b.raw	v1.1.0	NT=ms-proteomics;VV=v1.1.0	NT=clinical-metadata;VV=v1.0.0	manual curation	blood
HD3_2b	homo sapiens	blood	not applicable	severe acute respiratory syndrome	1	HD3_2b	proteomic profiling by mass spectrometry	NT=Data-dependent acquisition;AC=PRIDE:0000627	NT=label free sample;AC=MS:1002038	NT=q exactive;AC=MS:1001911	NT=Phospho;AC=UNIMOD:21;TA=S,T,Y;MT=Variable	NT=Trypsin;AC=MS:1001251	NT=collision-induced dissociation;AC=MS:1000133	1	1	HD3_2b.raw	ftp://ftp.pride.ebi.ac.uk/pride/data/archive/2026/02/PXD072061/HD3_2b.raw	v1.1.0	NT=ms-proteomics;VV=v1.1.0	NT=clinical-metadata;VV=v1.0.0	manual curation	blood
SEV5_2	homo sapiens	blood	not applicable	severe acute respiratory syndrome	2	SEV5_2	proteomic profiling by mass spectrometry	NT=Data-dependent acquisition;AC=PRIDE:0000627	NT=label free sample;AC=MS:1002038	NT=q exactive;AC=MS:1001911	NT=Phospho;AC=UNIMOD:21;TA=S,T,Y;MT=Variable	NT=Trypsin;AC=MS:1001251	NT=collision-induced dissociation;AC=MS:1000133	1	1	SEV5_2.raw	ftp://ftp.pride.ebi.ac.uk/pride/data/archive/2026/02/PXD072061/SEV5_2.raw	v1.1.0	NT=ms-proteomics;VV=v1.1.0	NT=clinical-metadata;VV=v1.0.0	manual curation	blood
MILD8_6	homo sapiens	blood	not applicable	severe acute respiratory syndrome	6	MILD8_6	proteomic profiling by mass spectrometry	NT=Data-dependent acquisition;AC=PRIDE:0000627	NT=label free sample;AC=MS:1002038	NT=q exactive;AC=MS:1001911	NT=Phospho;AC=UNIMOD:21;TA=S,T,Y;MT=Variable	NT=Trypsin;AC=MS:1001251	NT=collision-induced dissociation;AC=MS:1000133	1	1	MILD8_6.raw	ftp://ftp.pride.ebi.ac.uk/pride/data/archive/2026/02/PXD072061/MILD8_6.raw	v1.1.0	NT=ms-proteomics;VV=v1.1.0	NT=clinical-metadata;VV=v1.0.0	manual curation	blood
HD4_2	homo sapiens	blood	not applicable	severe acute respiratory syndrome	2	HD4_2	proteomic profiling by mass spectrometry	NT=Data-dependent acquisition;AC=PRIDE:0000627	NT=label free sample;AC=MS:1002038	NT=q exactive;AC=MS:1001911	NT=Phospho;AC=UNIMOD:21;TA=S,T,Y;MT=Variable	NT=Trypsin;AC=MS:1001251	NT=collision-induced dissociation;AC=MS:1000133	1	1	HD4_2.raw	ftp://ftp.pride.ebi.ac.uk/pride/data/archive/2026/02/PXD072061/HD4_2.raw	v1.1.0	NT=ms-proteomics;VV=v1.1.0	NT=clinical-metadata;VV=v1.0.0	manual curation	blood
SEV6_7	homo sapiens	blood	not applicable	severe acute respiratory syndrome	7	SEV6_7	proteomic profiling by mass spectrometry	NT=Data-dependent acquisition;AC=PRIDE:0000627	NT=label free sample;AC=MS:1002038	NT=q exactive;AC=MS:1001911	NT=Phospho;AC=UNIMOD:21;TA=S,T,Y;MT=Variable	NT=Trypsin;AC=MS:1001251	NT=collision-induced dissociation;AC=MS:1000133	1	1	SEV6_7.raw	ftp://ftp.pride.ebi.ac.uk/pride/data/archive/2026/02/PXD072061/SEV6_7.raw	v1.1.0	NT=ms-proteomics;VV=v1.1.0	NT=clinical-metadata;VV=v1.0.0	manual curation	blood
SEV8_4b	homo sapiens	blood	not applicable	severe acute respiratory syndrome	1	SEV8_4b	proteomic profiling by mass spectrometry	NT=Data-dependent acquisition;AC=PRIDE:0000627	NT=label free sample;AC=MS:1002038	NT=q exactive;AC=MS:1001911	NT=Phospho;AC=UNIMOD:21;TA=S,T,Y;MT=Variable	NT=Trypsin;AC=MS:1001251	NT=collision-induced dissociation;AC=MS:1000133	1	1	SEV8_4b.raw	ftp://ftp.pride.ebi.ac.uk/pride/data/archive/2026/02/PXD072061/SEV8_4b.raw	v1.1.0	NT=ms-proteomics;VV=v1.1.0	NT=clinical-metadata;VV=v1.0.0	manual curation	blood
MILD11_4	homo sapiens	blood	not applicable	severe acute respiratory syndrome	4	MILD11_4	proteomic profiling by mass spectrometry	NT=Data-dependent acquisition;AC=PRIDE:0000627	NT=label free sample;AC=MS:1002038	NT=q exactive;AC=MS:1001911	NT=Phospho;AC=UNIMOD:21;TA=S,T,Y;MT=Variable	NT=Trypsin;AC=MS:1001251	NT=collision-induced dissociation;AC=MS:1000133	1	1	MILD11_4.raw	ftp://ftp.pride.ebi.ac.uk/pride/data/archive/2026/02/PXD072061/MILD11_4.raw	v1.1.0	NT=ms-proteomics;VV=v1.1.0	NT=clinical-metadata;VV=v1.0.0	manual curation	blood
SEV8_5	homo sapiens	blood	not applicable	severe acute respiratory syndrome	5	SEV8_5	proteomic profiling by mass spectrometry	NT=Data-dependent acquisition;AC=PRIDE:0000627	NT=label free sample;AC=MS:1002038	NT=q exactive;AC=MS:1001911	NT=Phospho;AC=UNIMOD:21;TA=S,T,Y;MT=Variable	NT=Trypsin;AC=MS:1001251	NT=collision-induced dissociation;AC=MS:1000133	1	1	SEV8_5.raw	ftp://ftp.pride.ebi.ac.uk/pride/data/archive/2026/02/PXD072061/SEV8_5.raw	v1.1.0	NT=ms-proteomics;VV=v1.1.0	NT=clinical-metadata;VV=v1.0.0	manual curation	blood
SEV6_4	homo sapiens	blood	not applicable	severe acute respiratory syndrome	4	SEV6_4	proteomic profiling by mass spectrometry	NT=Data-dependent acquisition;AC=PRIDE:0000627	NT=label free sample;AC=MS:1002038	NT=q exactive;AC=MS:1001911	NT=Phospho;AC=UNIMOD:21;TA=S,T,Y;MT=Variable	NT=Trypsin;AC=MS:1001251	NT=collision-induced dissociation;AC=MS:1000133	1	1	SEV6_4.raw	ftp://ftp.pride.ebi.ac.uk/pride/data/archive/2026/02/PXD072061/SEV6_4.raw	v1.1.0	NT=ms-proteomics;VV=v1.1.0	NT=clinical-metadata;VV=v1.0.0	manual curation	blood
MILD11_6b	homo sapiens	blood	not applicable	severe acute respiratory syndrome	1	MILD11_6b	proteomic profiling by mass spectrometry	NT=Data-dependent acquisition;AC=PRIDE:0000627	NT=label free sample;AC=MS:1002038	NT=q exactive;AC=MS:1001911	NT=Phospho;AC=UNIMOD:21;TA=S,T,Y;MT=Variable	NT=Trypsin;AC=MS:1001251	NT=collision-induced dissociation;AC=MS:1000133	1	1	MILD11_6b.raw	ftp://ftp.pride.ebi.ac.uk/pride/data/archive/2026/02/PXD072061/MILD11_6b.raw	v1.1.0	NT=ms-proteomics;VV=v1.1.0	NT=clinical-metadata;VV=v1.0.0	manual curation	blood
SEV1_4	homo sapiens	blood	not applicable	severe acute respiratory syndrome	4	SEV1_4	proteomic profiling by mass spectrometry	NT=Data-dependent acquisition;AC=PRIDE:0000627	NT=label free sample;AC=MS:1002038	NT=q exactive;AC=MS:1001911	NT=Phospho;AC=UNIMOD:21;TA=S,T,Y;MT=Variable	NT=Trypsin;AC=MS:1001251	NT=collision-induced dissociation;AC=MS:1000133	1	1	SEV1_4.raw	ftp://ftp.pride.ebi.ac.uk/pride/data/archive/2026/02/PXD072061/SEV1_4.raw	v1.1.0	NT=ms-proteomics;VV=v1.1.0	NT=clinical-metadata;VV=v1.0.0	manual curation	blood
HD1_1b	homo sapiens	blood	not applicable	severe acute respiratory syndrome	1	HD1_1b	proteomic profiling by mass spectrometry	NT=Data-dependent acquisition;AC=PRIDE:0000627	NT=label free sample;AC=MS:1002038	NT=q exactive;AC=MS:1001911	NT=Phospho;AC=UNIMOD:21;TA=S,T,Y;MT=Variable	NT=Trypsin;AC=MS:1001251	NT=collision-induced dissociation;AC=MS:1000133	1	1	HD1_1b.raw	ftp://ftp.pride.ebi.ac.uk/pride/data/archive/2026/02/PXD072061/HD1_1b.raw	v1.1.0	NT=ms-proteomics;VV=v1.1.0	NT=clinical-metadata;VV=v1.0.0	manual curation	blood
MILD11_7b	homo sapiens	blood	not applicable	severe acute respiratory syndrome	1	MILD11_7b	proteomic profiling by mass spectrometry	NT=Data-dependent acquisition;AC=PRIDE:0000627	NT=label free sample;AC=MS:1002038	NT=q exactive;AC=MS:1001911	NT=Phospho;AC=UNIMOD:21;TA=S,T,Y;MT=Variable	NT=Trypsin;AC=MS:1001251	NT=collision-induced dissociation;AC=MS:1000133	1	1	MILD11_7b.raw	ftp://ftp.pride.ebi.ac.uk/pride/data/archive/2026/02/PXD072061/MILD11_7b.raw	v1.1.0	NT=ms-proteomics;VV=v1.1.0	NT=clinical-metadata;VV=v1.0.0	manual curation	blood
SEV7_3	homo sapiens	blood	not applicable	severe acute respiratory syndrome	3	SEV7_3	proteomic profiling by mass spectrometry	NT=Data-dependent acquisition;AC=PRIDE:0000627	NT=label free sample;AC=MS:1002038	NT=q exactive;AC=MS:1001911	NT=Phospho;AC=UNIMOD:21;TA=S,T,Y;MT=Variable	NT=Trypsin;AC=MS:1001251	NT=collision-induced dissociation;AC=MS:1000133	1	1	SEV7_3.raw	ftp://ftp.pride.ebi.ac.uk/pride/data/archive/2026/02/PXD072061/SEV7_3.raw	v1.1.0	NT=ms-proteomics;VV=v1.1.0	NT=clinical-metadata;VV=v1.0.0	manual curation	blood
SEV6_1b	homo sapiens	blood	not applicable	severe acute respiratory syndrome	1	SEV6_1b	proteomic profiling by mass spectrometry	NT=Data-dependent acquisition;AC=PRIDE:0000627	NT=label free sample;AC=MS:1002038	NT=q exactive;AC=MS:1001911	NT=Phospho;AC=UNIMOD:21;TA=S,T,Y;MT=Variable	NT=Trypsin;AC=MS:1001251	NT=collision-induced dissociation;AC=MS:1000133	1	1	SEV6_1b.raw	ftp://ftp.pride.ebi.ac.uk/pride/data/archive/2026/02/PXD072061/SEV6_1b.raw	v1.1.0	NT=ms-proteomics;VV=v1.1.0	NT=clinical-metadata;VV=v1.0.0	manual curation	blood
SEV3_5	homo sapiens	blood	not applicable	severe acute respiratory syndrome	5	SEV3_5	proteomic profiling by mass spectrometry	NT=Data-dependent acquisition;AC=PRIDE:0000627	NT=label free sample;AC=MS:1002038	NT=q exactive;AC=MS:1001911	NT=Phospho;AC=UNIMOD:21;TA=S,T,Y;MT=Variable	NT=Trypsin;AC=MS:1001251	NT=collision-induced dissociation;AC=MS:1000133	1	1	SEV3_5.raw	ftp://ftp.pride.ebi.ac.uk/pride/data/archive/2026/02/PXD072061/SEV3_5.raw	v1.1.0	NT=ms-proteomics;VV=v1.1.0	NT=clinical-metadata;VV=v1.0.0	manual curation	blood
HD2_2	homo sapiens	blood	not applicable	severe acute respiratory syndrome	2	HD2_2	proteomic profiling by mass spectrometry	NT=Data-dependent acquisition;AC=PRIDE:0000627	NT=label free sample;AC=MS:1002038	NT=q exactive;AC=MS:1001911	NT=Phospho;AC=UNIMOD:21;TA=S,T,Y;MT=Variable	NT=Trypsin;AC=MS:1001251	NT=collision-induced dissociation;AC=MS:1000133	1	1	HD2_2.raw	ftp://ftp.pride.ebi.ac.uk/pride/data/archive/2026/02/PXD072061/HD2_2.raw	v1.1.0	NT=ms-proteomics;VV=v1.1.0	NT=clinical-metadata;VV=v1.0.0	manual curation	blood
MILD6_4b	homo sapiens	blood	not applicable	severe acute respiratory syndrome	1	MILD6_4b	proteomic profiling by mass spectrometry	NT=Data-dependent acquisition;AC=PRIDE:0000627	NT=label free sample;AC=MS:1002038	NT=q exactive;AC=MS:1001911	NT=Phospho;AC=UNIMOD:21;TA=S,T,Y;MT=Variable	NT=Trypsin;AC=MS:1001251	NT=collision-induced dissociation;AC=MS:1000133	1	1	MILD6_4b.raw	ftp://ftp.pride.ebi.ac.uk/pride/data/archive/2026/02/PXD072061/MILD6_4b.raw	v1.1.0	NT=ms-proteomics;VV=v1.1.0	NT=clinical-metadata;VV=v1.0.0	manual curation	blood
HD5_1b	homo sapiens	blood	not applicable	severe acute respiratory syndrome	1	HD5_1b	proteomic profiling by mass spectrometry	NT=Data-dependent acquisition;AC=PRIDE:0000627	NT=label free sample;AC=MS:1002038	NT=q exactive;AC=MS:1001911	NT=Phospho;AC=UNIMOD:21;TA=S,T,Y;MT=Variable	NT=Trypsin;AC=MS:1001251	NT=collision-induced dissociation;AC=MS:1000133	1	1	HD5_1b.raw	ftp://ftp.pride.ebi.ac.uk/pride/data/archive/2026/02/PXD072061/HD5_1b.raw	v1.1.0	NT=ms-proteomics;VV=v1.1.0	NT=clinical-metadata;VV=v1.0.0	manual curation	blood
SEV5_6b	homo sapiens	blood	not applicable	severe acute respiratory syndrome	1	SEV5_6b	proteomic profiling by mass spectrometry	NT=Data-dependent acquisition;AC=PRIDE:0000627	NT=label free sample;AC=MS:1002038	NT=q exactive;AC=MS:1001911	NT=Phospho;AC=UNIMOD:21;TA=S,T,Y;MT=Variable	NT=Trypsin;AC=MS:1001251	NT=collision-induced dissociation;AC=MS:1000133	1	1	SEV5_6b.raw	ftp://ftp.pride.ebi.ac.uk/pride/data/archive/2026/02/PXD072061/SEV5_6b.raw	v1.1.0	NT=ms-proteomics;VV=v1.1.0	NT=clinical-metadata;VV=v1.0.0	manual curation	blood
MILD2_5b	homo sapiens	blood	not applicable	severe acute respiratory syndrome	1	MILD2_5b	proteomic profiling by mass spectrometry	NT=Data-dependent acquisition;AC=PRIDE:0000627	NT=label free sample;AC=MS:1002038	NT=q exactive;AC=MS:1001911	NT=Phospho;AC=UNIMOD:21;TA=S,T,Y;MT=Variable	NT=Trypsin;AC=MS:1001251	NT=collision-induced dissociation;AC=MS:1000133	1	1	MILD2_5b.raw	ftp://ftp.pride.ebi.ac.uk/pride/data/archive/2026/02/PXD072061/MILD2_5b.raw	v1.1.0	NT=ms-proteomics;VV=v1.1.0	NT=clinical-metadata;VV=v1.0.0	manual curation	blood
SEV3_5b	homo sapiens	blood	not applicable	severe acute respiratory syndrome	1	SEV3_5b	proteomic profiling by mass spectrometry	NT=Data-dependent acquisition;AC=PRIDE:0000627	NT=label free sample;AC=MS:1002038	NT=q exactive;AC=MS:1001911	NT=Phospho;AC=UNIMOD:21;TA=S,T,Y;MT=Variable	NT=Trypsin;AC=MS:1001251	NT=collision-induced dissociation;AC=MS:1000133	1	1	SEV3_5b.raw	ftp://ftp.pride.ebi.ac.uk/pride/data/archive/2026/02/PXD072061/SEV3_5b.raw	v1.1.0	NT=ms-proteomics;VV=v1.1.0	NT=clinical-metadata;VV=v1.0.0	manual curation	blood
SEV2_5b	homo sapiens	blood	not applicable	severe acute respiratory syndrome	1	SEV2_5b	proteomic profiling by mass spectrometry	NT=Data-dependent acquisition;AC=PRIDE:0000627	NT=label free sample;AC=MS:1002038	NT=q exactive;AC=MS:1001911	NT=Phospho;AC=UNIMOD:21;TA=S,T,Y;MT=Variable	NT=Trypsin;AC=MS:1001251	NT=collision-induced dissociation;AC=MS:1000133	1	1	SEV2_5b.raw	ftp://ftp.pride.ebi.ac.uk/pride/data/archive/2026/02/PXD072061/SEV2_5b.raw	v1.1.0	NT=ms-proteomics;VV=v1.1.0	NT=clinical-metadata;VV=v1.0.0	manual curation	blood
MILD5_3b	homo sapiens	blood	not applicable	severe acute respiratory syndrome	1	MILD5_3b	proteomic profiling by mass spectrometry	NT=Data-dependent acquisition;AC=PRIDE:0000627	NT=label free sample;AC=MS:1002038	NT=q exactive;AC=MS:1001911	NT=Phospho;AC=UNIMOD:21;TA=S,T,Y;MT=Variable	NT=Trypsin;AC=MS:1001251	NT=collision-induced dissociation;AC=MS:1000133	1	1	MILD5_3b.raw	ftp://ftp.pride.ebi.ac.uk/pride/data/archive/2026/02/PXD072061/MILD5_3b.raw	v1.1.0	NT=ms-proteomics;VV=v1.1.0	NT=clinical-metadata;VV=v1.0.0	manual curation	blood
MILD5_4	homo sapiens	blood	not applicable	severe acute respiratory syndrome	4	MILD5_4	proteomic profiling by mass spectrometry	NT=Data-dependent acquisition;AC=PRIDE:0000627	NT=label free sample;AC=MS:1002038	NT=q exactive;AC=MS:1001911	NT=Phospho;AC=UNIMOD:21;TA=S,T,Y;MT=Variable	NT=Trypsin;AC=MS:1001251	NT=collision-induced dissociation;AC=MS:1000133	1	1	MILD5_4.raw	ftp://ftp.pride.ebi.ac.uk/pride/data/archive/2026/02/PXD072061/MILD5_4.raw	v1.1.0	NT=ms-proteomics;VV=v1.1.0	NT=clinical-metadata;VV=v1.0.0	manual curation	blood
MILD3_5b	homo sapiens	blood	not applicable	severe acute respiratory syndrome	1	MILD3_5b	proteomic profiling by mass spectrometry	NT=Data-dependent acquisition;AC=PRIDE:0000627	NT=label free sample;AC=MS:1002038	NT=q exactive;AC=MS:1001911	NT=Phospho;AC=UNIMOD:21;TA=S,T,Y;MT=Variable	NT=Trypsin;AC=MS:1001251	NT=collision-induced dissociation;AC=MS:1000133	1	1	MILD3_5b.raw	ftp://ftp.pride.ebi.ac.uk/pride/data/archive/2026/02/PXD072061/MILD3_5b.raw	v1.1.0	NT=ms-proteomics;VV=v1.1.0	NT=clinical-metadata;VV=v1.0.0	manual curation	blood
HD4_7	homo sapiens	blood	not applicable	severe acute respiratory syndrome	7	HD4_7	proteomic profiling by mass spectrometry	NT=Data-dependent acquisition;AC=PRIDE:0000627	NT=label free sample;AC=MS:1002038	NT=q exactive;AC=MS:1001911	NT=Phospho;AC=UNIMOD:21;TA=S,T,Y;MT=Variable	NT=Trypsin;AC=MS:1001251	NT=collision-induced dissociation;AC=MS:1000133	1	1	HD4_7.raw	ftp://ftp.pride.ebi.ac.uk/pride/data/archive/2026/02/PXD072061/HD4_7.raw	v1.1.0	NT=ms-proteomics;VV=v1.1.0	NT=clinical-metadata;VV=v1.0.0	manual curation	blood
MILD10_2b	homo sapiens	blood	not applicable	severe acute respiratory syndrome	1	MILD10_2b	proteomic profiling by mass spectrometry	NT=Data-dependent acquisition;AC=PRIDE:0000627	NT=label free sample;AC=MS:1002038	NT=q exactive;AC=MS:1001911	NT=Phospho;AC=UNIMOD:21;TA=S,T,Y;MT=Variable	NT=Trypsin;AC=MS:1001251	NT=collision-induced dissociation;AC=MS:1000133	1	1	MILD10_2b.raw	ftp://ftp.pride.ebi.ac.uk/pride/data/archive/2026/02/PXD072061/MILD10_2b.raw	v1.1.0	NT=ms-proteomics;VV=v1.1.0	NT=clinical-metadata;VV=v1.0.0	manual curation	blood
SEV4_8	homo sapiens	blood	not applicable	severe acute respiratory syndrome	8	SEV4_8	proteomic profiling by mass spectrometry	NT=Data-dependent acquisition;AC=PRIDE:0000627	NT=label free sample;AC=MS:1002038	NT=q exactive;AC=MS:1001911	NT=Phospho;AC=UNIMOD:21;TA=S,T,Y;MT=Variable	NT=Trypsin;AC=MS:1001251	NT=collision-induced dissociation;AC=MS:1000133	1	1	SEV4_8.raw	ftp://ftp.pride.ebi.ac.uk/pride/data/archive/2026/02/PXD072061/SEV4_8.raw	v1.1.0	NT=ms-proteomics;VV=v1.1.0	NT=clinical-metadata;VV=v1.0.0	manual curation	blood
MILD7_6	homo sapiens	blood	not applicable	severe acute respiratory syndrome	6	MILD7_6	proteomic profiling by mass spectrometry	NT=Data-dependent acquisition;AC=PRIDE:0000627	NT=label free sample;AC=MS:1002038	NT=q exactive;AC=MS:1001911	NT=Phospho;AC=UNIMOD:21;TA=S,T,Y;MT=Variable	NT=Trypsin;AC=MS:1001251	NT=collision-induced dissociation;AC=MS:1000133	1	1	MILD7_6.raw	ftp://ftp.pride.ebi.ac.uk/pride/data/archive/2026/02/PXD072061/MILD7_6.raw	v1.1.0	NT=ms-proteomics;VV=v1.1.0	NT=clinical-metadata;VV=v1.0.0	manual curation	blood
SEV4_5b	homo sapiens	blood	not applicable	severe acute respiratory syndrome	1	SEV4_5b	proteomic profiling by mass spectrometry	NT=Data-dependent acquisition;AC=PRIDE:0000627	NT=label free sample;AC=MS:1002038	NT=q exactive;AC=MS:1001911	NT=Phospho;AC=UNIMOD:21;TA=S,T,Y;MT=Variable	NT=Trypsin;AC=MS:1001251	NT=collision-induced dissociation;AC=MS:1000133	1	1	SEV4_5b.raw	ftp://ftp.pride.ebi.ac.uk/pride/data/archive/2026/02/PXD072061/SEV4_5b.raw	v1.1.0	NT=ms-proteomics;VV=v1.1.0	NT=clinical-metadata;VV=v1.0.0	manual curation	blood
HD5_3	homo sapiens	blood	not applicable	severe acute respiratory syndrome	3	HD5_3	proteomic profiling by mass spectrometry	NT=Data-dependent acquisition;AC=PRIDE:0000627	NT=label free sample;AC=MS:1002038	NT=q exactive;AC=MS:1001911	NT=Phospho;AC=UNIMOD:21;TA=S,T,Y;MT=Variable	NT=Trypsin;AC=MS:1001251	NT=collision-induced dissociation;AC=MS:1000133	1	1	HD5_3.raw	ftp://ftp.pride.ebi.ac.uk/pride/data/archive/2026/02/PXD072061/HD5_3.raw	v1.1.0	NT=ms-proteomics;VV=v1.1.0	NT=clinical-metadata;VV=v1.0.0	manual curation	blood
MILD1_6b	homo sapiens	blood	not applicable	severe acute respiratory syndrome	1	MILD1_6b	proteomic profiling by mass spectrometry	NT=Data-dependent acquisition;AC=PRIDE:0000627	NT=label free sample;AC=MS:1002038	NT=q exactive;AC=MS:1001911	NT=Phospho;AC=UNIMOD:21;TA=S,T,Y;MT=Variable	NT=Trypsin;AC=MS:1001251	NT=collision-induced dissociation;AC=MS:1000133	1	1	MILD1_6b.raw	ftp://ftp.pride.ebi.ac.uk/pride/data/archive/2026/02/PXD072061/MILD1_6b.raw	v1.1.0	NT=ms-proteomics;VV=v1.1.0	NT=clinical-metadata;VV=v1.0.0	manual curation	blood
MILD12_4	homo sapiens	blood	not applicable	severe acute respiratory syndrome	4	MILD12_4	proteomic profiling by mass spectrometry	NT=Data-dependent acquisition;AC=PRIDE:0000627	NT=label free sample;AC=MS:1002038	NT=q exactive;AC=MS:1001911	NT=Phospho;AC=UNIMOD:21;TA=S,T,Y;MT=Variable	NT=Trypsin;AC=MS:1001251	NT=collision-induced dissociation;AC=MS:1000133	1	1	MILD12_4.raw	ftp://ftp.pride.ebi.ac.uk/pride/data/archive/2026/02/PXD072061/MILD12_4.raw	v1.1.0	NT=ms-proteomics;VV=v1.1.0	NT=clinical-metadata;VV=v1.0.0	manual curation	blood
HD3_1b	homo sapiens	blood	not applicable	severe acute respiratory syndrome	1	HD3_1b	proteomic profiling by mass spectrometry	NT=Data-dependent acquisition;AC=PRIDE:0000627	NT=label free sample;AC=MS:1002038	NT=q exactive;AC=MS:1001911	NT=Phospho;AC=UNIMOD:21;TA=S,T,Y;MT=Variable	NT=Trypsin;AC=MS:1001251	NT=collision-induced dissociation;AC=MS:1000133	1	1	HD3_1b.raw	ftp://ftp.pride.ebi.ac.uk/pride/data/archive/2026/02/PXD072061/HD3_1b.raw	v1.1.0	NT=ms-proteomics;VV=v1.1.0	NT=clinical-metadata;VV=v1.0.0	manual curation	blood
MILD4_3b	homo sapiens	blood	not applicable	severe acute respiratory syndrome	1	MILD4_3b	proteomic profiling by mass spectrometry	NT=Data-dependent acquisition;AC=PRIDE:0000627	NT=label free sample;AC=MS:1002038	NT=q exactive;AC=MS:1001911	NT=Phospho;AC=UNIMOD:21;TA=S,T,Y;MT=Variable	NT=Trypsin;AC=MS:1001251	NT=collision-induced dissociation;AC=MS:1000133	1	1	MILD4_3b.raw	ftp://ftp.pride.ebi.ac.uk/pride/data/archive/2026/02/PXD072061/MILD4_3b.raw	v1.1.0	NT=ms-proteomics;VV=v1.1.0	NT=clinical-metadata;VV=v1.0.0	manual curation	blood
MILD11_3	homo sapiens	blood	not applicable	severe acute respiratory syndrome	3	MILD11_3	proteomic profiling by mass spectrometry	NT=Data-dependent acquisition;AC=PRIDE:0000627	NT=label free sample;AC=MS:1002038	NT=q exactive;AC=MS:1001911	NT=Phospho;AC=UNIMOD:21;TA=S,T,Y;MT=Variable	NT=Trypsin;AC=MS:1001251	NT=collision-induced dissociation;AC=MS:1000133	1	1	MILD11_3.raw	ftp://ftp.pride.ebi.ac.uk/pride/data/archive/2026/02/PXD072061/MILD11_3.raw	v1.1.0	NT=ms-proteomics;VV=v1.1.0	NT=clinical-metadata;VV=v1.0.0	manual curation	blood
MILD10_6	homo sapiens	blood	not applicable	severe acute respiratory syndrome	6	MILD10_6	proteomic profiling by mass spectrometry	NT=Data-dependent acquisition;AC=PRIDE:0000627	NT=label free sample;AC=MS:1002038	NT=q exactive;AC=MS:1001911	NT=Phospho;AC=UNIMOD:21;TA=S,T,Y;MT=Variable	NT=Trypsin;AC=MS:1001251	NT=collision-induced dissociation;AC=MS:1000133	1	1	MILD10_6.raw	ftp://ftp.pride.ebi.ac.uk/pride/data/archive/2026/02/PXD072061/MILD10_6.raw	v1.1.0	NT=ms-proteomics;VV=v1.1.0	NT=clinical-metadata;VV=v1.0.0	manual curation	blood
MILD2_6	homo sapiens	blood	not applicable	severe acute respiratory syndrome	6	MILD2_6	proteomic profiling by mass spectrometry	NT=Data-dependent acquisition;AC=PRIDE:0000627	NT=label free sample;AC=MS:1002038	NT=q exactive;AC=MS:1001911	NT=Phospho;AC=UNIMOD:21;TA=S,T,Y;MT=Variable	NT=Trypsin;AC=MS:1001251	NT=collision-induced dissociation;AC=MS:1000133	1	1	MILD2_6.raw	ftp://ftp.pride.ebi.ac.uk/pride/data/archive/2026/02/PXD072061/MILD2_6.raw	v1.1.0	NT=ms-proteomics;VV=v1.1.0	NT=clinical-metadata;VV=v1.0.0	manual curation	blood
SEV3_1	homo sapiens	blood	not applicable	severe acute respiratory syndrome	1	SEV3_1	proteomic profiling by mass spectrometry	NT=Data-dependent acquisition;AC=PRIDE:0000627	NT=label free sample;AC=MS:1002038	NT=q exactive;AC=MS:1001911	NT=Phospho;AC=UNIMOD:21;TA=S,T,Y;MT=Variable	NT=Trypsin;AC=MS:1001251	NT=collision-induced dissociation;AC=MS:1000133	1	1	SEV3_1.raw	ftp://ftp.pride.ebi.ac.uk/pride/data/archive/2026/02/PXD072061/SEV3_1.raw	v1.1.0	NT=ms-proteomics;VV=v1.1.0	NT=clinical-metadata;VV=v1.0.0	manual curation	blood
HD3_6b	homo sapiens	blood	not applicable	severe acute respiratory syndrome	1	HD3_6b	proteomic profiling by mass spectrometry	NT=Data-dependent acquisition;AC=PRIDE:0000627	NT=label free sample;AC=MS:1002038	NT=q exactive;AC=MS:1001911	NT=Phospho;AC=UNIMOD:21;TA=S,T,Y;MT=Variable	NT=Trypsin;AC=MS:1001251	NT=collision-induced dissociation;AC=MS:1000133	1	1	HD3_6b.raw	ftp://ftp.pride.ebi.ac.uk/pride/data/archive/2026/02/PXD072061/HD3_6b.raw	v1.1.0	NT=ms-proteomics;VV=v1.1.0	NT=clinical-metadata;VV=v1.0.0	manual curation	blood
SEV7_8	homo sapiens	blood	not applicable	severe acute respiratory syndrome	8	SEV7_8	proteomic profiling by mass spectrometry	NT=Data-dependent acquisition;AC=PRIDE:0000627	NT=label free sample;AC=MS:1002038	NT=q exactive;AC=MS:1001911	NT=Phospho;AC=UNIMOD:21;TA=S,T,Y;MT=Variable	NT=Trypsin;AC=MS:1001251	NT=collision-induced dissociation;AC=MS:1000133	1	1	SEV7_8.raw	ftp://ftp.pride.ebi.ac.uk/pride/data/archive/2026/02/PXD072061/SEV7_8.raw	v1.1.0	NT=ms-proteomics;VV=v1.1.0	NT=clinical-metadata;VV=v1.0.0	manual curation	blood
HD5_6	homo sapiens	blood	not applicable	severe acute respiratory syndrome	6	HD5_6	proteomic profiling by mass spectrometry	NT=Data-dependent acquisition;AC=PRIDE:0000627	NT=label free sample;AC=MS:1002038	NT=q exactive;AC=MS:1001911	NT=Phospho;AC=UNIMOD:21;TA=S,T,Y;MT=Variable	NT=Trypsin;AC=MS:1001251	NT=collision-induced dissociation;AC=MS:1000133	1	1	HD5_6.raw	ftp://ftp.pride.ebi.ac.uk/pride/data/archive/2026/02/PXD072061/HD5_6.raw	v1.1.0	NT=ms-proteomics;VV=v1.1.0	NT=clinical-metadata;VV=v1.0.0	manual curation	blood
HD3_7	homo sapiens	blood	not applicable	severe acute respiratory syndrome	7	HD3_7	proteomic profiling by mass spectrometry	NT=Data-dependent acquisition;AC=PRIDE:0000627	NT=label free sample;AC=MS:1002038	NT=q exactive;AC=MS:1001911	NT=Phospho;AC=UNIMOD:21;TA=S,T,Y;MT=Variable	NT=Trypsin;AC=MS:1001251	NT=collision-induced dissociation;AC=MS:1000133	1	1	HD3_7.raw	ftp://ftp.pride.ebi.ac.uk/pride/data/archive/2026/02/PXD072061/HD3_7.raw	v1.1.0	NT=ms-proteomics;VV=v1.1.0	NT=clinical-metadata;VV=v1.0.0	manual curation	blood
MILD2_7b	homo sapiens	blood	not applicable	severe acute respiratory syndrome	1	MILD2_7b	proteomic profiling by mass spectrometry	NT=Data-dependent acquisition;AC=PRIDE:0000627	NT=label free sample;AC=MS:1002038	NT=q exactive;AC=MS:1001911	NT=Phospho;AC=UNIMOD:21;TA=S,T,Y;MT=Variable	NT=Trypsin;AC=MS:1001251	NT=collision-induced dissociation;AC=MS:1000133	1	1	MILD2_7b.raw	ftp://ftp.pride.ebi.ac.uk/pride/data/archive/2026/02/PXD072061/MILD2_7b.raw	v1.1.0	NT=ms-proteomics;VV=v1.1.0	NT=clinical-metadata;VV=v1.0.0	manual curation	blood
SEV4_3b	homo sapiens	blood	not applicable	severe acute respiratory syndrome	1	SEV4_3b	proteomic profiling by mass spectrometry	NT=Data-dependent acquisition;AC=PRIDE:0000627	NT=label free sample;AC=MS:1002038	NT=q exactive;AC=MS:1001911	NT=Phospho;AC=UNIMOD:21;TA=S,T,Y;MT=Variable	NT=Trypsin;AC=MS:1001251	NT=collision-induced dissociation;AC=MS:1000133	1	1	SEV4_3b.raw	ftp://ftp.pride.ebi.ac.uk/pride/data/archive/2026/02/PXD072061/SEV4_3b.raw	v1.1.0	NT=ms-proteomics;VV=v1.1.0	NT=clinical-metadata;VV=v1.0.0	manual curation	blood
SEV3_8b	homo sapiens	blood	not applicable	severe acute respiratory syndrome	1	SEV3_8b	proteomic profiling by mass spectrometry	NT=Data-dependent acquisition;AC=PRIDE:0000627	NT=label free sample;AC=MS:1002038	NT=q exactive;AC=MS:1001911	NT=Phospho;AC=UNIMOD:21;TA=S,T,Y;MT=Variable	NT=Trypsin;AC=MS:1001251	NT=collision-induced dissociation;AC=MS:1000133	1	1	SEV3_8b.raw	ftp://ftp.pride.ebi.ac.uk/pride/data/archive/2026/02/PXD072061/SEV3_8b.raw	v1.1.0	NT=ms-proteomics;VV=v1.1.0	NT=clinical-metadata;VV=v1.0.0	manual curation	blood
SEV2_6b	homo sapiens	blood	not applicable	severe acute respiratory syndrome	1	SEV2_6b	proteomic profiling by mass spectrometry	NT=Data-dependent acquisition;AC=PRIDE:0000627	NT=label free sample;AC=MS:1002038	NT=q exactive;AC=MS:1001911	NT=Phospho;AC=UNIMOD:21;TA=S,T,Y;MT=Variable	NT=Trypsin;AC=MS:1001251	NT=collision-induced dissociation;AC=MS:1000133	1	1	SEV2_6b.raw	ftp://ftp.pride.ebi.ac.uk/pride/data/archive/2026/02/PXD072061/SEV2_6b.raw	v1.1.0	NT=ms-proteomics;VV=v1.1.0	NT=clinical-metadata;VV=v1.0.0	manual curation	blood
MILD6_6	homo sapiens	blood	not applicable	severe acute respiratory syndrome	6	MILD6_6	proteomic profiling by mass spectrometry	NT=Data-dependent acquisition;AC=PRIDE:0000627	NT=label free sample;AC=MS:1002038	NT=q exactive;AC=MS:1001911	NT=Phospho;AC=UNIMOD:21;TA=S,T,Y;MT=Variable	NT=Trypsin;AC=MS:1001251	NT=collision-induced dissociation;AC=MS:1000133	1	1	MILD6_6.raw	ftp://ftp.pride.ebi.ac.uk/pride/data/archive/2026/02/PXD072061/MILD6_6.raw	v1.1.0	NT=ms-proteomics;VV=v1.1.0	NT=clinical-metadata;VV=v1.0.0	manual curation	blood
HD4_4	homo sapiens	blood	not applicable	severe acute respiratory syndrome	4	HD4_4	proteomic profiling by mass spectrometry	NT=Data-dependent acquisition;AC=PRIDE:0000627	NT=label free sample;AC=MS:1002038	NT=q exactive;AC=MS:1001911	NT=Phospho;AC=UNIMOD:21;TA=S,T,Y;MT=Variable	NT=Trypsin;AC=MS:1001251	NT=collision-induced dissociation;AC=MS:1000133	1	1	HD4_4.raw	ftp://ftp.pride.ebi.ac.uk/pride/data/archive/2026/02/PXD072061/HD4_4.raw	v1.1.0	NT=ms-proteomics;VV=v1.1.0	NT=clinical-metadata;VV=v1.0.0	manual curation	blood
MILD8_1b	homo sapiens	blood	not applicable	severe acute respiratory syndrome	1	MILD8_1b	proteomic profiling by mass spectrometry	NT=Data-dependent acquisition;AC=PRIDE:0000627	NT=label free sample;AC=MS:1002038	NT=q exactive;AC=MS:1001911	NT=Phospho;AC=UNIMOD:21;TA=S,T,Y;MT=Variable	NT=Trypsin;AC=MS:1001251	NT=collision-induced dissociation;AC=MS:1000133	1	1	MILD8_1b.raw	ftp://ftp.pride.ebi.ac.uk/pride/data/archive/2026/02/PXD072061/MILD8_1b.raw	v1.1.0	NT=ms-proteomics;VV=v1.1.0	NT=clinical-metadata;VV=v1.0.0	manual curation	blood
MILD2_3b	homo sapiens	blood	not applicable	severe acute respiratory syndrome	1	MILD2_3b	proteomic profiling by mass spectrometry	NT=Data-dependent acquisition;AC=PRIDE:0000627	NT=label free sample;AC=MS:1002038	NT=q exactive;AC=MS:1001911	NT=Phospho;AC=UNIMOD:21;TA=S,T,Y;MT=Variable	NT=Trypsin;AC=MS:1001251	NT=collision-induced dissociation;AC=MS:1000133	1	1	MILD2_3b.raw	ftp://ftp.pride.ebi.ac.uk/pride/data/archive/2026/02/PXD072061/MILD2_3b.raw	v1.1.0	NT=ms-proteomics;VV=v1.1.0	NT=clinical-metadata;VV=v1.0.0	manual curation	blood
MILD9_4b	homo sapiens	blood	not applicable	severe acute respiratory syndrome	1	MILD9_4b	proteomic profiling by mass spectrometry	NT=Data-dependent acquisition;AC=PRIDE:0000627	NT=label free sample;AC=MS:1002038	NT=q exactive;AC=MS:1001911	NT=Phospho;AC=UNIMOD:21;TA=S,T,Y;MT=Variable	NT=Trypsin;AC=MS:1001251	NT=collision-induced dissociation;AC=MS:1000133	1	1	MILD9_4b.raw	ftp://ftp.pride.ebi.ac.uk/pride/data/archive/2026/02/PXD072061/MILD9_4b.raw	v1.1.0	NT=ms-proteomics;VV=v1.1.0	NT=clinical-metadata;VV=v1.0.0	manual curation	blood
SEV8_4	homo sapiens	blood	not applicable	severe acute respiratory syndrome	4	SEV8_4	proteomic profiling by mass spectrometry	NT=Data-dependent acquisition;AC=PRIDE:0000627	NT=label free sample;AC=MS:1002038	NT=q exactive;AC=MS:1001911	NT=Phospho;AC=UNIMOD:21;TA=S,T,Y;MT=Variable	NT=Trypsin;AC=MS:1001251	NT=collision-induced dissociation;AC=MS:1000133	1	1	SEV8_4.raw	ftp://ftp.pride.ebi.ac.uk/pride/data/archive/2026/02/PXD072061/SEV8_4.raw	v1.1.0	NT=ms-proteomics;VV=v1.1.0	NT=clinical-metadata;VV=v1.0.0	manual curation	blood
MILD11_8	homo sapiens	blood	not applicable	severe acute respiratory syndrome	8	MILD11_8	proteomic profiling by mass spectrometry	NT=Data-dependent acquisition;AC=PRIDE:0000627	NT=label free sample;AC=MS:1002038	NT=q exactive;AC=MS:1001911	NT=Phospho;AC=UNIMOD:21;TA=S,T,Y;MT=Variable	NT=Trypsin;AC=MS:1001251	NT=collision-induced dissociation;AC=MS:1000133	1	1	MILD11_8.raw	ftp://ftp.pride.ebi.ac.uk/pride/data/archive/2026/02/PXD072061/MILD11_8.raw	v1.1.0	NT=ms-proteomics;VV=v1.1.0	NT=clinical-metadata;VV=v1.0.0	manual curation	blood
SEV4_2	homo sapiens	blood	not applicable	severe acute respiratory syndrome	2	SEV4_2	proteomic profiling by mass spectrometry	NT=Data-dependent acquisition;AC=PRIDE:0000627	NT=label free sample;AC=MS:1002038	NT=q exactive;AC=MS:1001911	NT=Phospho;AC=UNIMOD:21;TA=S,T,Y;MT=Variable	NT=Trypsin;AC=MS:1001251	NT=collision-induced dissociation;AC=MS:1000133	1	1	SEV4_2.raw	ftp://ftp.pride.ebi.ac.uk/pride/data/archive/2026/02/PXD072061/SEV4_2.raw	v1.1.0	NT=ms-proteomics;VV=v1.1.0	NT=clinical-metadata;VV=v1.0.0	manual curation	blood
MILD9_2b	homo sapiens	blood	not applicable	severe acute respiratory syndrome	1	MILD9_2b	proteomic profiling by mass spectrometry	NT=Data-dependent acquisition;AC=PRIDE:0000627	NT=label free sample;AC=MS:1002038	NT=q exactive;AC=MS:1001911	NT=Phospho;AC=UNIMOD:21;TA=S,T,Y;MT=Variable	NT=Trypsin;AC=MS:1001251	NT=collision-induced dissociation;AC=MS:1000133	1	1	MILD9_2b.raw	ftp://ftp.pride.ebi.ac.uk/pride/data/archive/2026/02/PXD072061/MILD9_2b.raw	v1.1.0	NT=ms-proteomics;VV=v1.1.0	NT=clinical-metadata;VV=v1.0.0	manual curation	blood
MILD2_2b	homo sapiens	blood	not applicable	severe acute respiratory syndrome	1	MILD2_2b	proteomic profiling by mass spectrometry	NT=Data-dependent acquisition;AC=PRIDE:0000627	NT=label free sample;AC=MS:1002038	NT=q exactive;AC=MS:1001911	NT=Phospho;AC=UNIMOD:21;TA=S,T,Y;MT=Variable	NT=Trypsin;AC=MS:1001251	NT=collision-induced dissociation;AC=MS:1000133	1	1	MILD2_2b.raw	ftp://ftp.pride.ebi.ac.uk/pride/data/archive/2026/02/PXD072061/MILD2_2b.raw	v1.1.0	NT=ms-proteomics;VV=v1.1.0	NT=clinical-metadata;VV=v1.0.0	manual curation	blood
SEV4_6b	homo sapiens	blood	not applicable	severe acute respiratory syndrome	1	SEV4_6b	proteomic profiling by mass spectrometry	NT=Data-dependent acquisition;AC=PRIDE:0000627	NT=label free sample;AC=MS:1002038	NT=q exactive;AC=MS:1001911	NT=Phospho;AC=UNIMOD:21;TA=S,T,Y;MT=Variable	NT=Trypsin;AC=MS:1001251	NT=collision-induced dissociation;AC=MS:1000133	1	1	SEV4_6b.raw	ftp://ftp.pride.ebi.ac.uk/pride/data/archive/2026/02/PXD072061/SEV4_6b.raw	v1.1.0	NT=ms-proteomics;VV=v1.1.0	NT=clinical-metadata;VV=v1.0.0	manual curation	blood
HD3_3	homo sapiens	blood	not applicable	severe acute respiratory syndrome	3	HD3_3	proteomic profiling by mass spectrometry	NT=Data-dependent acquisition;AC=PRIDE:0000627	NT=label free sample;AC=MS:1002038	NT=q exactive;AC=MS:1001911	NT=Phospho;AC=UNIMOD:21;TA=S,T,Y;MT=Variable	NT=Trypsin;AC=MS:1001251	NT=collision-induced dissociation;AC=MS:1000133	1	1	HD3_3.raw	ftp://ftp.pride.ebi.ac.uk/pride/data/archive/2026/02/PXD072061/HD3_3.raw	v1.1.0	NT=ms-proteomics;VV=v1.1.0	NT=clinical-metadata;VV=v1.0.0	manual curation	blood
SEV1_1	homo sapiens	blood	not applicable	severe acute respiratory syndrome	1	SEV1_1	proteomic profiling by mass spectrometry	NT=Data-dependent acquisition;AC=PRIDE:0000627	NT=label free sample;AC=MS:1002038	NT=q exactive;AC=MS:1001911	NT=Phospho;AC=UNIMOD:21;TA=S,T,Y;MT=Variable	NT=Trypsin;AC=MS:1001251	NT=collision-induced dissociation;AC=MS:1000133	1	1	SEV1_1.raw	ftp://ftp.pride.ebi.ac.uk/pride/data/archive/2026/02/PXD072061/SEV1_1.raw	v1.1.0	NT=ms-proteomics;VV=v1.1.0	NT=clinical-metadata;VV=v1.0.0	manual curation	blood
HD4_3	homo sapiens	blood	not applicable	severe acute respiratory syndrome	3	HD4_3	proteomic profiling by mass spectrometry	NT=Data-dependent acquisition;AC=PRIDE:0000627	NT=label free sample;AC=MS:1002038	NT=q exactive;AC=MS:1001911	NT=Phospho;AC=UNIMOD:21;TA=S,T,Y;MT=Variable	NT=Trypsin;AC=MS:1001251	NT=collision-induced dissociation;AC=MS:1000133	1	1	HD4_3.raw	ftp://ftp.pride.ebi.ac.uk/pride/data/archive/2026/02/PXD072061/HD4_3.raw	v1.1.0	NT=ms-proteomics;VV=v1.1.0	NT=clinical-metadata;VV=v1.0.0	manual curation	blood
SEV7_8b	homo sapiens	blood	not applicable	severe acute respiratory syndrome	1	SEV7_8b	proteomic profiling by mass spectrometry	NT=Data-dependent acquisition;AC=PRIDE:0000627	NT=label free sample;AC=MS:1002038	NT=q exactive;AC=MS:1001911	NT=Phospho;AC=UNIMOD:21;TA=S,T,Y;MT=Variable	NT=Trypsin;AC=MS:1001251	NT=collision-induced dissociation;AC=MS:1000133	1	1	SEV7_8b.raw	ftp://ftp.pride.ebi.ac.uk/pride/data/archive/2026/02/PXD072061/SEV7_8b.raw	v1.1.0	NT=ms-proteomics;VV=v1.1.0	NT=clinical-metadata;VV=v1.0.0	manual curation	blood
MILD7_5	homo sapiens	blood	not applicable	severe acute respiratory syndrome	5	MILD7_5	proteomic profiling by mass spectrometry	NT=Data-dependent acquisition;AC=PRIDE:0000627	NT=label free sample;AC=MS:1002038	NT=q exactive;AC=MS:1001911	NT=Phospho;AC=UNIMOD:21;TA=S,T,Y;MT=Variable	NT=Trypsin;AC=MS:1001251	NT=collision-induced dissociation;AC=MS:1000133	1	1	MILD7_5.raw	ftp://ftp.pride.ebi.ac.uk/pride/data/archive/2026/02/PXD072061/MILD7_5.raw	v1.1.0	NT=ms-proteomics;VV=v1.1.0	NT=clinical-metadata;VV=v1.0.0	manual curation	blood
MILD8_2b	homo sapiens	blood	not applicable	severe acute respiratory syndrome	1	MILD8_2b	proteomic profiling by mass spectrometry	NT=Data-dependent acquisition;AC=PRIDE:0000627	NT=label free sample;AC=MS:1002038	NT=q exactive;AC=MS:1001911	NT=Phospho;AC=UNIMOD:21;TA=S,T,Y;MT=Variable	NT=Trypsin;AC=MS:1001251	NT=collision-induced dissociation;AC=MS:1000133	1	1	MILD8_2b.raw	ftp://ftp.pride.ebi.ac.uk/pride/data/archive/2026/02/PXD072061/MILD8_2b.raw	v1.1.0	NT=ms-proteomics;VV=v1.1.0	NT=clinical-metadata;VV=v1.0.0	manual curation	blood
HD2_3	homo sapiens	blood	not applicable	severe acute respiratory syndrome	3	HD2_3	proteomic profiling by mass spectrometry	NT=Data-dependent acquisition;AC=PRIDE:0000627	NT=label free sample;AC=MS:1002038	NT=q exactive;AC=MS:1001911	NT=Phospho;AC=UNIMOD:21;TA=S,T,Y;MT=Variable	NT=Trypsin;AC=MS:1001251	NT=collision-induced dissociation;AC=MS:1000133	1	1	HD2_3.raw	ftp://ftp.pride.ebi.ac.uk/pride/data/archive/2026/02/PXD072061/HD2_3.raw	v1.1.0	NT=ms-proteomics;VV=v1.1.0	NT=clinical-metadata;VV=v1.0.0	manual curation	blood
SEV7_5	homo sapiens	blood	not applicable	severe acute respiratory syndrome	5	SEV7_5	proteomic profiling by mass spectrometry	NT=Data-dependent acquisition;AC=PRIDE:0000627	NT=label free sample;AC=MS:1002038	NT=q exactive;AC=MS:1001911	NT=Phospho;AC=UNIMOD:21;TA=S,T,Y;MT=Variable	NT=Trypsin;AC=MS:1001251	NT=collision-induced dissociation;AC=MS:1000133	1	1	SEV7_5.raw	ftp://ftp.pride.ebi.ac.uk/pride/data/archive/2026/02/PXD072061/SEV7_5.raw	v1.1.0	NT=ms-proteomics;VV=v1.1.0	NT=clinical-metadata;VV=v1.0.0	manual curation	blood
HD1_7	homo sapiens	blood	not applicable	severe acute respiratory syndrome	7	HD1_7	proteomic profiling by mass spectrometry	NT=Data-dependent acquisition;AC=PRIDE:0000627	NT=label free sample;AC=MS:1002038	NT=q exactive;AC=MS:1001911	NT=Phospho;AC=UNIMOD:21;TA=S,T,Y;MT=Variable	NT=Trypsin;AC=MS:1001251	NT=collision-induced dissociation;AC=MS:1000133	1	1	HD1_7.raw	ftp://ftp.pride.ebi.ac.uk/pride/data/archive/2026/02/PXD072061/HD1_7.raw	v1.1.0	NT=ms-proteomics;VV=v1.1.0	NT=clinical-metadata;VV=v1.0.0	manual curation	blood
MILD6_2b	homo sapiens	blood	not applicable	severe acute respiratory syndrome	1	MILD6_2b	proteomic profiling by mass spectrometry	NT=Data-dependent acquisition;AC=PRIDE:0000627	NT=label free sample;AC=MS:1002038	NT=q exactive;AC=MS:1001911	NT=Phospho;AC=UNIMOD:21;TA=S,T,Y;MT=Variable	NT=Trypsin;AC=MS:1001251	NT=collision-induced dissociation;AC=MS:1000133	1	1	MILD6_2b.raw	ftp://ftp.pride.ebi.ac.uk/pride/data/archive/2026/02/PXD072061/MILD6_2b.raw	v1.1.0	NT=ms-proteomics;VV=v1.1.0	NT=clinical-metadata;VV=v1.0.0	manual curation	blood
MILD11_3b	homo sapiens	blood	not applicable	severe acute respiratory syndrome	1	MILD11_3b	proteomic profiling by mass spectrometry	NT=Data-dependent acquisition;AC=PRIDE:0000627	NT=label free sample;AC=MS:1002038	NT=q exactive;AC=MS:1001911	NT=Phospho;AC=UNIMOD:21;TA=S,T,Y;MT=Variable	NT=Trypsin;AC=MS:1001251	NT=collision-induced dissociation;AC=MS:1000133	1	1	MILD11_3b.raw	ftp://ftp.pride.ebi.ac.uk/pride/data/archive/2026/02/PXD072061/MILD11_3b.raw	v1.1.0	NT=ms-proteomics;VV=v1.1.0	NT=clinical-metadata;VV=v1.0.0	manual curation	blood
MILD5_5	homo sapiens	blood	not applicable	severe acute respiratory syndrome	5	MILD5_5	proteomic profiling by mass spectrometry	NT=Data-dependent acquisition;AC=PRIDE:0000627	NT=label free sample;AC=MS:1002038	NT=q exactive;AC=MS:1001911	NT=Phospho;AC=UNIMOD:21;TA=S,T,Y;MT=Variable	NT=Trypsin;AC=MS:1001251	NT=collision-induced dissociation;AC=MS:1000133	1	1	MILD5_5.raw	ftp://ftp.pride.ebi.ac.uk/pride/data/archive/2026/02/PXD072061/MILD5_5.raw	v1.1.0	NT=ms-proteomics;VV=v1.1.0	NT=clinical-metadata;VV=v1.0.0	manual curation	blood
SEV5_1	homo sapiens	blood	not applicable	severe acute respiratory syndrome	1	SEV5_1	proteomic profiling by mass spectrometry	NT=Data-dependent acquisition;AC=PRIDE:0000627	NT=label free sample;AC=MS:1002038	NT=q exactive;AC=MS:1001911	NT=Phospho;AC=UNIMOD:21;TA=S,T,Y;MT=Variable	NT=Trypsin;AC=MS:1001251	NT=collision-induced dissociation;AC=MS:1000133	1	1	SEV5_1.raw	ftp://ftp.pride.ebi.ac.uk/pride/data/archive/2026/02/PXD072061/SEV5_1.raw	v1.1.0	NT=ms-proteomics;VV=v1.1.0	NT=clinical-metadata;VV=v1.0.0	manual curation	blood
MILD5_7b	homo sapiens	blood	not applicable	severe acute respiratory syndrome	1	MILD5_7b	proteomic profiling by mass spectrometry	NT=Data-dependent acquisition;AC=PRIDE:0000627	NT=label free sample;AC=MS:1002038	NT=q exactive;AC=MS:1001911	NT=Phospho;AC=UNIMOD:21;TA=S,T,Y;MT=Variable	NT=Trypsin;AC=MS:1001251	NT=collision-induced dissociation;AC=MS:1000133	1	1	MILD5_7b.raw	ftp://ftp.pride.ebi.ac.uk/pride/data/archive/2026/02/PXD072061/MILD5_7b.raw	v1.1.0	NT=ms-proteomics;VV=v1.1.0	NT=clinical-metadata;VV=v1.0.0	manual curation	blood
SEV1_8b	homo sapiens	blood	not applicable	severe acute respiratory syndrome	1	SEV1_8b	proteomic profiling by mass spectrometry	NT=Data-dependent acquisition;AC=PRIDE:0000627	NT=label free sample;AC=MS:1002038	NT=q exactive;AC=MS:1001911	NT=Phospho;AC=UNIMOD:21;TA=S,T,Y;MT=Variable	NT=Trypsin;AC=MS:1001251	NT=collision-induced dissociation;AC=MS:1000133	1	1	SEV1_8b.raw	ftp://ftp.pride.ebi.ac.uk/pride/data/archive/2026/02/PXD072061/SEV1_8b.raw	v1.1.0	NT=ms-proteomics;VV=v1.1.0	NT=clinical-metadata;VV=v1.0.0	manual curation	blood
MILD6_8	homo sapiens	blood	not applicable	severe acute respiratory syndrome	8	MILD6_8	proteomic profiling by mass spectrometry	NT=Data-dependent acquisition;AC=PRIDE:0000627	NT=label free sample;AC=MS:1002038	NT=q exactive;AC=MS:1001911	NT=Phospho;AC=UNIMOD:21;TA=S,T,Y;MT=Variable	NT=Trypsin;AC=MS:1001251	NT=collision-induced dissociation;AC=MS:1000133	1	1	MILD6_8.raw	ftp://ftp.pride.ebi.ac.uk/pride/data/archive/2026/02/PXD072061/MILD6_8.raw	v1.1.0	NT=ms-proteomics;VV=v1.1.0	NT=clinical-metadata;VV=v1.0.0	manual curation	blood
MILD7_8b	homo sapiens	blood	not applicable	severe acute respiratory syndrome	1	MILD7_8b	proteomic profiling by mass spectrometry	NT=Data-dependent acquisition;AC=PRIDE:0000627	NT=label free sample;AC=MS:1002038	NT=q exactive;AC=MS:1001911	NT=Phospho;AC=UNIMOD:21;TA=S,T,Y;MT=Variable	NT=Trypsin;AC=MS:1001251	NT=collision-induced dissociation;AC=MS:1000133	1	1	MILD7_8b.raw	ftp://ftp.pride.ebi.ac.uk/pride/data/archive/2026/02/PXD072061/MILD7_8b.raw	v1.1.0	NT=ms-proteomics;VV=v1.1.0	NT=clinical-metadata;VV=v1.0.0	manual curation	blood
SEV8_6b	homo sapiens	blood	not applicable	severe acute respiratory syndrome	1	SEV8_6b	proteomic profiling by mass spectrometry	NT=Data-dependent acquisition;AC=PRIDE:0000627	NT=label free sample;AC=MS:1002038	NT=q exactive;AC=MS:1001911	NT=Phospho;AC=UNIMOD:21;TA=S,T,Y;MT=Variable	NT=Trypsin;AC=MS:1001251	NT=collision-induced dissociation;AC=MS:1000133	1	1	SEV8_6b.raw	ftp://ftp.pride.ebi.ac.uk/pride/data/archive/2026/02/PXD072061/SEV8_6b.raw	v1.1.0	NT=ms-proteomics;VV=v1.1.0	NT=clinical-metadata;VV=v1.0.0	manual curation	blood
MILD3_7	homo sapiens	blood	not applicable	severe acute respiratory syndrome	7	MILD3_7	proteomic profiling by mass spectrometry	NT=Data-dependent acquisition;AC=PRIDE:0000627	NT=label free sample;AC=MS:1002038	NT=q exactive;AC=MS:1001911	NT=Phospho;AC=UNIMOD:21;TA=S,T,Y;MT=Variable	NT=Trypsin;AC=MS:1001251	NT=collision-induced dissociation;AC=MS:1000133	1	1	MILD3_7.raw	ftp://ftp.pride.ebi.ac.uk/pride/data/archive/2026/02/PXD072061/MILD3_7.raw	v1.1.0	NT=ms-proteomics;VV=v1.1.0	NT=clinical-metadata;VV=v1.0.0	manual curation	blood
SEV6_2b	homo sapiens	blood	not applicable	severe acute respiratory syndrome	1	SEV6_2b	proteomic profiling by mass spectrometry	NT=Data-dependent acquisition;AC=PRIDE:0000627	NT=label free sample;AC=MS:1002038	NT=q exactive;AC=MS:1001911	NT=Phospho;AC=UNIMOD:21;TA=S,T,Y;MT=Variable	NT=Trypsin;AC=MS:1001251	NT=collision-induced dissociation;AC=MS:1000133	1	1	SEV6_2b.raw	ftp://ftp.pride.ebi.ac.uk/pride/data/archive/2026/02/PXD072061/SEV6_2b.raw	v1.1.0	NT=ms-proteomics;VV=v1.1.0	NT=clinical-metadata;VV=v1.0.0	manual curation	blood
HD2_4b	homo sapiens	blood	not applicable	severe acute respiratory syndrome	1	HD2_4b	proteomic profiling by mass spectrometry	NT=Data-dependent acquisition;AC=PRIDE:0000627	NT=label free sample;AC=MS:1002038	NT=q exactive;AC=MS:1001911	NT=Phospho;AC=UNIMOD:21;TA=S,T,Y;MT=Variable	NT=Trypsin;AC=MS:1001251	NT=collision-induced dissociation;AC=MS:1000133	1	1	HD2_4b.raw	ftp://ftp.pride.ebi.ac.uk/pride/data/archive/2026/02/PXD072061/HD2_4b.raw	v1.1.0	NT=ms-proteomics;VV=v1.1.0	NT=clinical-metadata;VV=v1.0.0	manual curation	blood
MILD4_3	homo sapiens	blood	not applicable	severe acute respiratory syndrome	3	MILD4_3	proteomic profiling by mass spectrometry	NT=Data-dependent acquisition;AC=PRIDE:0000627	NT=label free sample;AC=MS:1002038	NT=q exactive;AC=MS:1001911	NT=Phospho;AC=UNIMOD:21;TA=S,T,Y;MT=Variable	NT=Trypsin;AC=MS:1001251	NT=collision-induced dissociation;AC=MS:1000133	1	1	MILD4_3.raw	ftp://ftp.pride.ebi.ac.uk/pride/data/archive/2026/02/PXD072061/MILD4_3.raw	v1.1.0	NT=ms-proteomics;VV=v1.1.0	NT=clinical-metadata;VV=v1.0.0	manual curation	blood
HD2_4	homo sapiens	blood	not applicable	severe acute respiratory syndrome	4	HD2_4	proteomic profiling by mass spectrometry	NT=Data-dependent acquisition;AC=PRIDE:0000627	NT=label free sample;AC=MS:1002038	NT=q exactive;AC=MS:1001911	NT=Phospho;AC=UNIMOD:21;TA=S,T,Y;MT=Variable	NT=Trypsin;AC=MS:1001251	NT=collision-induced dissociation;AC=MS:1000133	1	1	HD2_4.raw	ftp://ftp.pride.ebi.ac.uk/pride/data/archive/2026/02/PXD072061/HD2_4.raw	v1.1.0	NT=ms-proteomics;VV=v1.1.0	NT=clinical-metadata;VV=v1.0.0	manual curation	blood
SEV3_2	homo sapiens	blood	not applicable	severe acute respiratory syndrome	2	SEV3_2	proteomic profiling by mass spectrometry	NT=Data-dependent acquisition;AC=PRIDE:0000627	NT=label free sample;AC=MS:1002038	NT=q exactive;AC=MS:1001911	NT=Phospho;AC=UNIMOD:21;TA=S,T,Y;MT=Variable	NT=Trypsin;AC=MS:1001251	NT=collision-induced dissociation;AC=MS:1000133	1	1	SEV3_2.raw	ftp://ftp.pride.ebi.ac.uk/pride/data/archive/2026/02/PXD072061/SEV3_2.raw	v1.1.0	NT=ms-proteomics;VV=v1.1.0	NT=clinical-metadata;VV=v1.0.0	manual curation	blood
HD5_8b	homo sapiens	blood	not applicable	severe acute respiratory syndrome	1	HD5_8b	proteomic profiling by mass spectrometry	NT=Data-dependent acquisition;AC=PRIDE:0000627	NT=label free sample;AC=MS:1002038	NT=q exactive;AC=MS:1001911	NT=Phospho;AC=UNIMOD:21;TA=S,T,Y;MT=Variable	NT=Trypsin;AC=MS:1001251	NT=collision-induced dissociation;AC=MS:1000133	1	1	HD5_8b.raw	ftp://ftp.pride.ebi.ac.uk/pride/data/archive/2026/02/PXD072061/HD5_8b.raw	v1.1.0	NT=ms-proteomics;VV=v1.1.0	NT=clinical-metadata;VV=v1.0.0	manual curation	blood
SEV2_2b	homo sapiens	blood	not applicable	severe acute respiratory syndrome	1	SEV2_2b	proteomic profiling by mass spectrometry	NT=Data-dependent acquisition;AC=PRIDE:0000627	NT=label free sample;AC=MS:1002038	NT=q exactive;AC=MS:1001911	NT=Phospho;AC=UNIMOD:21;TA=S,T,Y;MT=Variable	NT=Trypsin;AC=MS:1001251	NT=collision-induced dissociation;AC=MS:1000133	1	1	SEV2_2b.raw	ftp://ftp.pride.ebi.ac.uk/pride/data/archive/2026/02/PXD072061/SEV2_2b.raw	v1.1.0	NT=ms-proteomics;VV=v1.1.0	NT=clinical-metadata;VV=v1.0.0	manual curation	blood
HD5_2b	homo sapiens	blood	not applicable	severe acute respiratory syndrome	1	HD5_2b	proteomic profiling by mass spectrometry	NT=Data-dependent acquisition;AC=PRIDE:0000627	NT=label free sample;AC=MS:1002038	NT=q exactive;AC=MS:1001911	NT=Phospho;AC=UNIMOD:21;TA=S,T,Y;MT=Variable	NT=Trypsin;AC=MS:1001251	NT=collision-induced dissociation;AC=MS:1000133	1	1	HD5_2b.raw	ftp://ftp.pride.ebi.ac.uk/pride/data/archive/2026/02/PXD072061/HD5_2b.raw	v1.1.0	NT=ms-proteomics;VV=v1.1.0	NT=clinical-metadata;VV=v1.0.0	manual curation	blood
SEV3_6	homo sapiens	blood	not applicable	severe acute respiratory syndrome	6	SEV3_6	proteomic profiling by mass spectrometry	NT=Data-dependent acquisition;AC=PRIDE:0000627	NT=label free sample;AC=MS:1002038	NT=q exactive;AC=MS:1001911	NT=Phospho;AC=UNIMOD:21;TA=S,T,Y;MT=Variable	NT=Trypsin;AC=MS:1001251	NT=collision-induced dissociation;AC=MS:1000133	1	1	SEV3_6.raw	ftp://ftp.pride.ebi.ac.uk/pride/data/archive/2026/02/PXD072061/SEV3_6.raw	v1.1.0	NT=ms-proteomics;VV=v1.1.0	NT=clinical-metadata;VV=v1.0.0	manual curation	blood
MILD10_4b	homo sapiens	blood	not applicable	severe acute respiratory syndrome	1	MILD10_4b	proteomic profiling by mass spectrometry	NT=Data-dependent acquisition;AC=PRIDE:0000627	NT=label free sample;AC=MS:1002038	NT=q exactive;AC=MS:1001911	NT=Phospho;AC=UNIMOD:21;TA=S,T,Y;MT=Variable	NT=Trypsin;AC=MS:1001251	NT=collision-induced dissociation;AC=MS:1000133	1	1	MILD10_4b.raw	ftp://ftp.pride.ebi.ac.uk/pride/data/archive/2026/02/PXD072061/MILD10_4b.raw	v1.1.0	NT=ms-proteomics;VV=v1.1.0	NT=clinical-metadata;VV=v1.0.0	manual curation	blood
MILD9_6b	homo sapiens	blood	not applicable	severe acute respiratory syndrome	1	MILD9_6b	proteomic profiling by mass spectrometry	NT=Data-dependent acquisition;AC=PRIDE:0000627	NT=label free sample;AC=MS:1002038	NT=q exactive;AC=MS:1001911	NT=Phospho;AC=UNIMOD:21;TA=S,T,Y;MT=Variable	NT=Trypsin;AC=MS:1001251	NT=collision-induced dissociation;AC=MS:1000133	1	1	MILD9_6b.raw	ftp://ftp.pride.ebi.ac.uk/pride/data/archive/2026/02/PXD072061/MILD9_6b.raw	v1.1.0	NT=ms-proteomics;VV=v1.1.0	NT=clinical-metadata;VV=v1.0.0	manual curation	blood
MILD3_5	homo sapiens	blood	not applicable	severe acute respiratory syndrome	5	MILD3_5	proteomic profiling by mass spectrometry	NT=Data-dependent acquisition;AC=PRIDE:0000627	NT=label free sample;AC=MS:1002038	NT=q exactive;AC=MS:1001911	NT=Phospho;AC=UNIMOD:21;TA=S,T,Y;MT=Variable	NT=Trypsin;AC=MS:1001251	NT=collision-induced dissociation;AC=MS:1000133	1	1	MILD3_5.raw	ftp://ftp.pride.ebi.ac.uk/pride/data/archive/2026/02/PXD072061/MILD3_5.raw	v1.1.0	NT=ms-proteomics;VV=v1.1.0	NT=clinical-metadata;VV=v1.0.0	manual curation	blood
SEV8_3b	homo sapiens	blood	not applicable	severe acute respiratory syndrome	1	SEV8_3b	proteomic profiling by mass spectrometry	NT=Data-dependent acquisition;AC=PRIDE:0000627	NT=label free sample;AC=MS:1002038	NT=q exactive;AC=MS:1001911	NT=Phospho;AC=UNIMOD:21;TA=S,T,Y;MT=Variable	NT=Trypsin;AC=MS:1001251	NT=collision-induced dissociation;AC=MS:1000133	1	1	SEV8_3b.raw	ftp://ftp.pride.ebi.ac.uk/pride/data/archive/2026/02/PXD072061/SEV8_3b.raw	v1.1.0	NT=ms-proteomics;VV=v1.1.0	NT=clinical-metadata;VV=v1.0.0	manual curation	blood
MILD3_1	homo sapiens	blood	not applicable	severe acute respiratory syndrome	1	MILD3_1	proteomic profiling by mass spectrometry	NT=Data-dependent acquisition;AC=PRIDE:0000627	NT=label free sample;AC=MS:1002038	NT=q exactive;AC=MS:1001911	NT=Phospho;AC=UNIMOD:21;TA=S,T,Y;MT=Variable	NT=Trypsin;AC=MS:1001251	NT=collision-induced dissociation;AC=MS:1000133	1	1	MILD3_1.raw	ftp://ftp.pride.ebi.ac.uk/pride/data/archive/2026/02/PXD072061/MILD3_1.raw	v1.1.0	NT=ms-proteomics;VV=v1.1.0	NT=clinical-metadata;VV=v1.0.0	manual curation	blood
MILD4_8b	homo sapiens	blood	not applicable	severe acute respiratory syndrome	1	MILD4_8b	proteomic profiling by mass spectrometry	NT=Data-dependent acquisition;AC=PRIDE:0000627	NT=label free sample;AC=MS:1002038	NT=q exactive;AC=MS:1001911	NT=Phospho;AC=UNIMOD:21;TA=S,T,Y;MT=Variable	NT=Trypsin;AC=MS:1001251	NT=collision-induced dissociation;AC=MS:1000133	1	1	MILD4_8b.raw	ftp://ftp.pride.ebi.ac.uk/pride/data/archive/2026/02/PXD072061/MILD4_8b.raw	v1.1.0	NT=ms-proteomics;VV=v1.1.0	NT=clinical-metadata;VV=v1.0.0	manual curation	blood
HD2_5	homo sapiens	blood	not applicable	severe acute respiratory syndrome	5	HD2_5	proteomic profiling by mass spectrometry	NT=Data-dependent acquisition;AC=PRIDE:0000627	NT=label free sample;AC=MS:1002038	NT=q exactive;AC=MS:1001911	NT=Phospho;AC=UNIMOD:21;TA=S,T,Y;MT=Variable	NT=Trypsin;AC=MS:1001251	NT=collision-induced dissociation;AC=MS:1000133	1	1	HD2_5.raw	ftp://ftp.pride.ebi.ac.uk/pride/data/archive/2026/02/PXD072061/HD2_5.raw	v1.1.0	NT=ms-proteomics;VV=v1.1.0	NT=clinical-metadata;VV=v1.0.0	manual curation	blood
SEV2_5	homo sapiens	blood	not applicable	severe acute respiratory syndrome	5	SEV2_5	proteomic profiling by mass spectrometry	NT=Data-dependent acquisition;AC=PRIDE:0000627	NT=label free sample;AC=MS:1002038	NT=q exactive;AC=MS:1001911	NT=Phospho;AC=UNIMOD:21;TA=S,T,Y;MT=Variable	NT=Trypsin;AC=MS:1001251	NT=collision-induced dissociation;AC=MS:1000133	1	1	SEV2_5.raw	ftp://ftp.pride.ebi.ac.uk/pride/data/archive/2026/02/PXD072061/SEV2_5.raw	v1.1.0	NT=ms-proteomics;VV=v1.1.0	NT=clinical-metadata;VV=v1.0.0	manual curation	blood
SEV6_3b	homo sapiens	blood	not applicable	severe acute respiratory syndrome	1	SEV6_3b	proteomic profiling by mass spectrometry	NT=Data-dependent acquisition;AC=PRIDE:0000627	NT=label free sample;AC=MS:1002038	NT=q exactive;AC=MS:1001911	NT=Phospho;AC=UNIMOD:21;TA=S,T,Y;MT=Variable	NT=Trypsin;AC=MS:1001251	NT=collision-induced dissociation;AC=MS:1000133	1	1	SEV6_3b.raw	ftp://ftp.pride.ebi.ac.uk/pride/data/archive/2026/02/PXD072061/SEV6_3b.raw	v1.1.0	NT=ms-proteomics;VV=v1.1.0	NT=clinical-metadata;VV=v1.0.0	manual curation	blood
SEV7_4b	homo sapiens	blood	not applicable	severe acute respiratory syndrome	1	SEV7_4b	proteomic profiling by mass spectrometry	NT=Data-dependent acquisition;AC=PRIDE:0000627	NT=label free sample;AC=MS:1002038	NT=q exactive;AC=MS:1001911	NT=Phospho;AC=UNIMOD:21;TA=S,T,Y;MT=Variable	NT=Trypsin;AC=MS:1001251	NT=collision-induced dissociation;AC=MS:1000133	1	1	SEV7_4b.raw	ftp://ftp.pride.ebi.ac.uk/pride/data/archive/2026/02/PXD072061/SEV7_4b.raw	v1.1.0	NT=ms-proteomics;VV=v1.1.0	NT=clinical-metadata;VV=v1.0.0	manual curation	blood
MILD11_2b	homo sapiens	blood	not applicable	severe acute respiratory syndrome	1	MILD11_2b	proteomic profiling by mass spectrometry	NT=Data-dependent acquisition;AC=PRIDE:0000627	NT=label free sample;AC=MS:1002038	NT=q exactive;AC=MS:1001911	NT=Phospho;AC=UNIMOD:21;TA=S,T,Y;MT=Variable	NT=Trypsin;AC=MS:1001251	NT=collision-induced dissociation;AC=MS:1000133	1	1	MILD11_2b.raw	ftp://ftp.pride.ebi.ac.uk/pride/data/archive/2026/02/PXD072061/MILD11_2b.raw	v1.1.0	NT=ms-proteomics;VV=v1.1.0	NT=clinical-metadata;VV=v1.0.0	manual curation	blood
SEV8_2b	homo sapiens	blood	not applicable	severe acute respiratory syndrome	1	SEV8_2b	proteomic profiling by mass spectrometry	NT=Data-dependent acquisition;AC=PRIDE:0000627	NT=label free sample;AC=MS:1002038	NT=q exactive;AC=MS:1001911	NT=Phospho;AC=UNIMOD:21;TA=S,T,Y;MT=Variable	NT=Trypsin;AC=MS:1001251	NT=collision-induced dissociation;AC=MS:1000133	1	1	SEV8_2b.raw	ftp://ftp.pride.ebi.ac.uk/pride/data/archive/2026/02/PXD072061/SEV8_2b.raw	v1.1.0	NT=ms-proteomics;VV=v1.1.0	NT=clinical-metadata;VV=v1.0.0	manual curation	blood
SEV1_8	homo sapiens	blood	not applicable	severe acute respiratory syndrome	8	SEV1_8	proteomic profiling by mass spectrometry	NT=Data-dependent acquisition;AC=PRIDE:0000627	NT=label free sample;AC=MS:1002038	NT=q exactive;AC=MS:1001911	NT=Phospho;AC=UNIMOD:21;TA=S,T,Y;MT=Variable	NT=Trypsin;AC=MS:1001251	NT=collision-induced dissociation;AC=MS:1000133	1	1	SEV1_8.raw	ftp://ftp.pride.ebi.ac.uk/pride/data/archive/2026/02/PXD072061/SEV1_8.raw	v1.1.0	NT=ms-proteomics;VV=v1.1.0	NT=clinical-metadata;VV=v1.0.0	manual curation	blood
SEV6_7b	homo sapiens	blood	not applicable	severe acute respiratory syndrome	1	SEV6_7b	proteomic profiling by mass spectrometry	NT=Data-dependent acquisition;AC=PRIDE:0000627	NT=label free sample;AC=MS:1002038	NT=q exactive;AC=MS:1001911	NT=Phospho;AC=UNIMOD:21;TA=S,T,Y;MT=Variable	NT=Trypsin;AC=MS:1001251	NT=collision-induced dissociation;AC=MS:1000133	1	1	SEV6_7b.raw	ftp://ftp.pride.ebi.ac.uk/pride/data/archive/2026/02/PXD072061/SEV6_7b.raw	v1.1.0	NT=ms-proteomics;VV=v1.1.0	NT=clinical-metadata;VV=v1.0.0	manual curation	blood
SEV3_1b	homo sapiens	blood	not applicable	severe acute respiratory syndrome	1	SEV3_1b	proteomic profiling by mass spectrometry	NT=Data-dependent acquisition;AC=PRIDE:0000627	NT=label free sample;AC=MS:1002038	NT=q exactive;AC=MS:1001911	NT=Phospho;AC=UNIMOD:21;TA=S,T,Y;MT=Variable	NT=Trypsin;AC=MS:1001251	NT=collision-induced dissociation;AC=MS:1000133	1	1	SEV3_1b.raw	ftp://ftp.pride.ebi.ac.uk/pride/data/archive/2026/02/PXD072061/SEV3_1b.raw	v1.1.0	NT=ms-proteomics;VV=v1.1.0	NT=clinical-metadata;VV=v1.0.0	manual curation	blood
MILD8_2	homo sapiens	blood	not applicable	severe acute respiratory syndrome	2	MILD8_2	proteomic profiling by mass spectrometry	NT=Data-dependent acquisition;AC=PRIDE:0000627	NT=label free sample;AC=MS:1002038	NT=q exactive;AC=MS:1001911	NT=Phospho;AC=UNIMOD:21;TA=S,T,Y;MT=Variable	NT=Trypsin;AC=MS:1001251	NT=collision-induced dissociation;AC=MS:1000133	1	1	MILD8_2.raw	ftp://ftp.pride.ebi.ac.uk/pride/data/archive/2026/02/PXD072061/MILD8_2.raw	v1.1.0	NT=ms-proteomics;VV=v1.1.0	NT=clinical-metadata;VV=v1.0.0	manual curation	blood
HD1_5	homo sapiens	blood	not applicable	severe acute respiratory syndrome	5	HD1_5	proteomic profiling by mass spectrometry	NT=Data-dependent acquisition;AC=PRIDE:0000627	NT=label free sample;AC=MS:1002038	NT=q exactive;AC=MS:1001911	NT=Phospho;AC=UNIMOD:21;TA=S,T,Y;MT=Variable	NT=Trypsin;AC=MS:1001251	NT=collision-induced dissociation;AC=MS:1000133	1	1	HD1_5.raw	ftp://ftp.pride.ebi.ac.uk/pride/data/archive/2026/02/PXD072061/HD1_5.raw	v1.1.0	NT=ms-proteomics;VV=v1.1.0	NT=clinical-metadata;VV=v1.0.0	manual curation	blood
SEV5_4b	homo sapiens	blood	not applicable	severe acute respiratory syndrome	1	SEV5_4b	proteomic profiling by mass spectrometry	NT=Data-dependent acquisition;AC=PRIDE:0000627	NT=label free sample;AC=MS:1002038	NT=q exactive;AC=MS:1001911	NT=Phospho;AC=UNIMOD:21;TA=S,T,Y;MT=Variable	NT=Trypsin;AC=MS:1001251	NT=collision-induced dissociation;AC=MS:1000133	1	1	SEV5_4b.raw	ftp://ftp.pride.ebi.ac.uk/pride/data/archive/2026/02/PXD072061/SEV5_4b.raw	v1.1.0	NT=ms-proteomics;VV=v1.1.0	NT=clinical-metadata;VV=v1.0.0	manual curation	blood
MILD12_2b	homo sapiens	blood	not applicable	severe acute respiratory syndrome	1	MILD12_2b	proteomic profiling by mass spectrometry	NT=Data-dependent acquisition;AC=PRIDE:0000627	NT=label free sample;AC=MS:1002038	NT=q exactive;AC=MS:1001911	NT=Phospho;AC=UNIMOD:21;TA=S,T,Y;MT=Variable	NT=Trypsin;AC=MS:1001251	NT=collision-induced dissociation;AC=MS:1000133	1	1	MILD12_2b.raw	ftp://ftp.pride.ebi.ac.uk/pride/data/archive/2026/02/PXD072061/MILD12_2b.raw	v1.1.0	NT=ms-proteomics;VV=v1.1.0	NT=clinical-metadata;VV=v1.0.0	manual curation	blood
HD5_7b	homo sapiens	blood	not applicable	severe acute respiratory syndrome	1	HD5_7b	proteomic profiling by mass spectrometry	NT=Data-dependent acquisition;AC=PRIDE:0000627	NT=label free sample;AC=MS:1002038	NT=q exactive;AC=MS:1001911	NT=Phospho;AC=UNIMOD:21;TA=S,T,Y;MT=Variable	NT=Trypsin;AC=MS:1001251	NT=collision-induced dissociation;AC=MS:1000133	1	1	HD5_7b.raw	ftp://ftp.pride.ebi.ac.uk/pride/data/archive/2026/02/PXD072061/HD5_7b.raw	v1.1.0	NT=ms-proteomics;VV=v1.1.0	NT=clinical-metadata;VV=v1.0.0	manual curation	blood
MILD2_8	homo sapiens	blood	not applicable	severe acute respiratory syndrome	8	MILD2_8	proteomic profiling by mass spectrometry	NT=Data-dependent acquisition;AC=PRIDE:0000627	NT=label free sample;AC=MS:1002038	NT=q exactive;AC=MS:1001911	NT=Phospho;AC=UNIMOD:21;TA=S,T,Y;MT=Variable	NT=Trypsin;AC=MS:1001251	NT=collision-induced dissociation;AC=MS:1000133	1	1	MILD2_8.raw	ftp://ftp.pride.ebi.ac.uk/pride/data/archive/2026/02/PXD072061/MILD2_8.raw	v1.1.0	NT=ms-proteomics;VV=v1.1.0	NT=clinical-metadata;VV=v1.0.0	manual curation	blood
MILD11_8b	homo sapiens	blood	not applicable	severe acute respiratory syndrome	1	MILD11_8b	proteomic profiling by mass spectrometry	NT=Data-dependent acquisition;AC=PRIDE:0000627	NT=label free sample;AC=MS:1002038	NT=q exactive;AC=MS:1001911	NT=Phospho;AC=UNIMOD:21;TA=S,T,Y;MT=Variable	NT=Trypsin;AC=MS:1001251	NT=collision-induced dissociation;AC=MS:1000133	1	1	MILD11_8b.raw	ftp://ftp.pride.ebi.ac.uk/pride/data/archive/2026/02/PXD072061/MILD11_8b.raw	v1.1.0	NT=ms-proteomics;VV=v1.1.0	NT=clinical-metadata;VV=v1.0.0	manual curation	blood
SEV7_2	homo sapiens	blood	not applicable	severe acute respiratory syndrome	2	SEV7_2	proteomic profiling by mass spectrometry	NT=Data-dependent acquisition;AC=PRIDE:0000627	NT=label free sample;AC=MS:1002038	NT=q exactive;AC=MS:1001911	NT=Phospho;AC=UNIMOD:21;TA=S,T,Y;MT=Variable	NT=Trypsin;AC=MS:1001251	NT=collision-induced dissociation;AC=MS:1000133	1	1	SEV7_2.raw	ftp://ftp.pride.ebi.ac.uk/pride/data/archive/2026/02/PXD072061/SEV7_2.raw	v1.1.0	NT=ms-proteomics;VV=v1.1.0	NT=clinical-metadata;VV=v1.0.0	manual curation	blood
MILD9_3b	homo sapiens	blood	not applicable	severe acute respiratory syndrome	1	MILD9_3b	proteomic profiling by mass spectrometry	NT=Data-dependent acquisition;AC=PRIDE:0000627	NT=label free sample;AC=MS:1002038	NT=q exactive;AC=MS:1001911	NT=Phospho;AC=UNIMOD:21;TA=S,T,Y;MT=Variable	NT=Trypsin;AC=MS:1001251	NT=collision-induced dissociation;AC=MS:1000133	1	1	MILD9_3b.raw	ftp://ftp.pride.ebi.ac.uk/pride/data/archive/2026/02/PXD072061/MILD9_3b.raw	v1.1.0	NT=ms-proteomics;VV=v1.1.0	NT=clinical-metadata;VV=v1.0.0	manual curation	blood
MILD1_5b	homo sapiens	blood	not applicable	severe acute respiratory syndrome	1	MILD1_5b	proteomic profiling by mass spectrometry	NT=Data-dependent acquisition;AC=PRIDE:0000627	NT=label free sample;AC=MS:1002038	NT=q exactive;AC=MS:1001911	NT=Phospho;AC=UNIMOD:21;TA=S,T,Y;MT=Variable	NT=Trypsin;AC=MS:1001251	NT=collision-induced dissociation;AC=MS:1000133	1	1	MILD1_5b.raw	ftp://ftp.pride.ebi.ac.uk/pride/data/archive/2026/02/PXD072061/MILD1_5b.raw	v1.1.0	NT=ms-proteomics;VV=v1.1.0	NT=clinical-metadata;VV=v1.0.0	manual curation	blood
MILD8_3b	homo sapiens	blood	not applicable	severe acute respiratory syndrome	1	MILD8_3b	proteomic profiling by mass spectrometry	NT=Data-dependent acquisition;AC=PRIDE:0000627	NT=label free sample;AC=MS:1002038	NT=q exactive;AC=MS:1001911	NT=Phospho;AC=UNIMOD:21;TA=S,T,Y;MT=Variable	NT=Trypsin;AC=MS:1001251	NT=collision-induced dissociation;AC=MS:1000133	1	1	MILD8_3b.raw	ftp://ftp.pride.ebi.ac.uk/pride/data/archive/2026/02/PXD072061/MILD8_3b.raw	v1.1.0	NT=ms-proteomics;VV=v1.1.0	NT=clinical-metadata;VV=v1.0.0	manual curation	blood
SEV3_3b	homo sapiens	blood	not applicable	severe acute respiratory syndrome	1	SEV3_3b	proteomic profiling by mass spectrometry	NT=Data-dependent acquisition;AC=PRIDE:0000627	NT=label free sample;AC=MS:1002038	NT=q exactive;AC=MS:1001911	NT=Phospho;AC=UNIMOD:21;TA=S,T,Y;MT=Variable	NT=Trypsin;AC=MS:1001251	NT=collision-induced dissociation;AC=MS:1000133	1	1	SEV3_3b.raw	ftp://ftp.pride.ebi.ac.uk/pride/data/archive/2026/02/PXD072061/SEV3_3b.raw	v1.1.0	NT=ms-proteomics;VV=v1.1.0	NT=clinical-metadata;VV=v1.0.0	manual curation	blood
HD1_6b	homo sapiens	blood	not applicable	severe acute respiratory syndrome	1	HD1_6b	proteomic profiling by mass spectrometry	NT=Data-dependent acquisition;AC=PRIDE:0000627	NT=label free sample;AC=MS:1002038	NT=q exactive;AC=MS:1001911	NT=Phospho;AC=UNIMOD:21;TA=S,T,Y;MT=Variable	NT=Trypsin;AC=MS:1001251	NT=collision-induced dissociation;AC=MS:1000133	1	1	HD1_6b.raw	ftp://ftp.pride.ebi.ac.uk/pride/data/archive/2026/02/PXD072061/HD1_6b.raw	v1.1.0	NT=ms-proteomics;VV=v1.1.0	NT=clinical-metadata;VV=v1.0.0	manual curation	blood
SEV1_5	homo sapiens	blood	not applicable	severe acute respiratory syndrome	5	SEV1_5	proteomic profiling by mass spectrometry	NT=Data-dependent acquisition;AC=PRIDE:0000627	NT=label free sample;AC=MS:1002038	NT=q exactive;AC=MS:1001911	NT=Phospho;AC=UNIMOD:21;TA=S,T,Y;MT=Variable	NT=Trypsin;AC=MS:1001251	NT=collision-induced dissociation;AC=MS:1000133	1	1	SEV1_5.raw	ftp://ftp.pride.ebi.ac.uk/pride/data/archive/2026/02/PXD072061/SEV1_5.raw	v1.1.0	NT=ms-proteomics;VV=v1.1.0	NT=clinical-metadata;VV=v1.0.0	manual curation	blood
MILD2_8b	homo sapiens	blood	not applicable	severe acute respiratory syndrome	1	MILD2_8b	proteomic profiling by mass spectrometry	NT=Data-dependent acquisition;AC=PRIDE:0000627	NT=label free sample;AC=MS:1002038	NT=q exactive;AC=MS:1001911	NT=Phospho;AC=UNIMOD:21;TA=S,T,Y;MT=Variable	NT=Trypsin;AC=MS:1001251	NT=collision-induced dissociation;AC=MS:1000133	1	1	MILD2_8b.raw	ftp://ftp.pride.ebi.ac.uk/pride/data/archive/2026/02/PXD072061/MILD2_8b.raw	v1.1.0	NT=ms-proteomics;VV=v1.1.0	NT=clinical-metadata;VV=v1.0.0	manual curation	blood
MILD3_6	homo sapiens	blood	not applicable	severe acute respiratory syndrome	6	MILD3_6	proteomic profiling by mass spectrometry	NT=Data-dependent acquisition;AC=PRIDE:0000627	NT=label free sample;AC=MS:1002038	NT=q exactive;AC=MS:1001911	NT=Phospho;AC=UNIMOD:21;TA=S,T,Y;MT=Variable	NT=Trypsin;AC=MS:1001251	NT=collision-induced dissociation;AC=MS:1000133	1	1	MILD3_6.raw	ftp://ftp.pride.ebi.ac.uk/pride/data/archive/2026/02/PXD072061/MILD3_6.raw	v1.1.0	NT=ms-proteomics;VV=v1.1.0	NT=clinical-metadata;VV=v1.0.0	manual curation	blood
SEV1_3	homo sapiens	blood	not applicable	severe acute respiratory syndrome	3	SEV1_3	proteomic profiling by mass spectrometry	NT=Data-dependent acquisition;AC=PRIDE:0000627	NT=label free sample;AC=MS:1002038	NT=q exactive;AC=MS:1001911	NT=Phospho;AC=UNIMOD:21;TA=S,T,Y;MT=Variable	NT=Trypsin;AC=MS:1001251	NT=collision-induced dissociation;AC=MS:1000133	1	1	SEV1_3.raw	ftp://ftp.pride.ebi.ac.uk/pride/data/archive/2026/02/PXD072061/SEV1_3.raw	v1.1.0	NT=ms-proteomics;VV=v1.1.0	NT=clinical-metadata;VV=v1.0.0	manual curation	blood
MILD10_3	homo sapiens	blood	not applicable	severe acute respiratory syndrome	3	MILD10_3	proteomic profiling by mass spectrometry	NT=Data-dependent acquisition;AC=PRIDE:0000627	NT=label free sample;AC=MS:1002038	NT=q exactive;AC=MS:1001911	NT=Phospho;AC=UNIMOD:21;TA=S,T,Y;MT=Variable	NT=Trypsin;AC=MS:1001251	NT=collision-induced dissociation;AC=MS:1000133	1	1	MILD10_3.raw	ftp://ftp.pride.ebi.ac.uk/pride/data/archive/2026/02/PXD072061/MILD10_3.raw	v1.1.0	NT=ms-proteomics;VV=v1.1.0	NT=clinical-metadata;VV=v1.0.0	manual curation	blood
SEV2_4b	homo sapiens	blood	not applicable	severe acute respiratory syndrome	1	SEV2_4b	proteomic profiling by mass spectrometry	NT=Data-dependent acquisition;AC=PRIDE:0000627	NT=label free sample;AC=MS:1002038	NT=q exactive;AC=MS:1001911	NT=Phospho;AC=UNIMOD:21;TA=S,T,Y;MT=Variable	NT=Trypsin;AC=MS:1001251	NT=collision-induced dissociation;AC=MS:1000133	1	1	SEV2_4b.raw	ftp://ftp.pride.ebi.ac.uk/pride/data/archive/2026/02/PXD072061/SEV2_4b.raw	v1.1.0	NT=ms-proteomics;VV=v1.1.0	NT=clinical-metadata;VV=v1.0.0	manual curation	blood
MILD10_8	homo sapiens	blood	not applicable	severe acute respiratory syndrome	8	MILD10_8	proteomic profiling by mass spectrometry	NT=Data-dependent acquisition;AC=PRIDE:0000627	NT=label free sample;AC=MS:1002038	NT=q exactive;AC=MS:1001911	NT=Phospho;AC=UNIMOD:21;TA=S,T,Y;MT=Variable	NT=Trypsin;AC=MS:1001251	NT=collision-induced dissociation;AC=MS:1000133	1	1	MILD10_8.raw	ftp://ftp.pride.ebi.ac.uk/pride/data/archive/2026/02/PXD072061/MILD10_8.raw	v1.1.0	NT=ms-proteomics;VV=v1.1.0	NT=clinical-metadata;VV=v1.0.0	manual curation	blood
MILD7_2	homo sapiens	blood	not applicable	severe acute respiratory syndrome	2	MILD7_2	proteomic profiling by mass spectrometry	NT=Data-dependent acquisition;AC=PRIDE:0000627	NT=label free sample;AC=MS:1002038	NT=q exactive;AC=MS:1001911	NT=Phospho;AC=UNIMOD:21;TA=S,T,Y;MT=Variable	NT=Trypsin;AC=MS:1001251	NT=collision-induced dissociation;AC=MS:1000133	1	1	MILD7_2.raw	ftp://ftp.pride.ebi.ac.uk/pride/data/archive/2026/02/PXD072061/MILD7_2.raw	v1.1.0	NT=ms-proteomics;VV=v1.1.0	NT=clinical-metadata;VV=v1.0.0	manual curation	blood
MILD10_7	homo sapiens	blood	not applicable	severe acute respiratory syndrome	7	MILD10_7	proteomic profiling by mass spectrometry	NT=Data-dependent acquisition;AC=PRIDE:0000627	NT=label free sample;AC=MS:1002038	NT=q exactive;AC=MS:1001911	NT=Phospho;AC=UNIMOD:21;TA=S,T,Y;MT=Variable	NT=Trypsin;AC=MS:1001251	NT=collision-induced dissociation;AC=MS:1000133	1	1	MILD10_7.raw	ftp://ftp.pride.ebi.ac.uk/pride/data/archive/2026/02/PXD072061/MILD10_7.raw	v1.1.0	NT=ms-proteomics;VV=v1.1.0	NT=clinical-metadata;VV=v1.0.0	manual curation	blood
SEV1_2	homo sapiens	blood	not applicable	severe acute respiratory syndrome	2	SEV1_2	proteomic profiling by mass spectrometry	NT=Data-dependent acquisition;AC=PRIDE:0000627	NT=label free sample;AC=MS:1002038	NT=q exactive;AC=MS:1001911	NT=Phospho;AC=UNIMOD:21;TA=S,T,Y;MT=Variable	NT=Trypsin;AC=MS:1001251	NT=collision-induced dissociation;AC=MS:1000133	1	1	SEV1_2.raw	ftp://ftp.pride.ebi.ac.uk/pride/data/archive/2026/02/PXD072061/SEV1_2.raw	v1.1.0	NT=ms-proteomics;VV=v1.1.0	NT=clinical-metadata;VV=v1.0.0	manual curation	blood
MILD9_5	homo sapiens	blood	not applicable	severe acute respiratory syndrome	5	MILD9_5	proteomic profiling by mass spectrometry	NT=Data-dependent acquisition;AC=PRIDE:0000627	NT=label free sample;AC=MS:1002038	NT=q exactive;AC=MS:1001911	NT=Phospho;AC=UNIMOD:21;TA=S,T,Y;MT=Variable	NT=Trypsin;AC=MS:1001251	NT=collision-induced dissociation;AC=MS:1000133	1	1	MILD9_5.raw	ftp://ftp.pride.ebi.ac.uk/pride/data/archive/2026/02/PXD072061/MILD9_5.raw	v1.1.0	NT=ms-proteomics;VV=v1.1.0	NT=clinical-metadata;VV=v1.0.0	manual curation	blood
HD4_1	homo sapiens	blood	not applicable	severe acute respiratory syndrome	1	HD4_1	proteomic profiling by mass spectrometry	NT=Data-dependent acquisition;AC=PRIDE:0000627	NT=label free sample;AC=MS:1002038	NT=q exactive;AC=MS:1001911	NT=Phospho;AC=UNIMOD:21;TA=S,T,Y;MT=Variable	NT=Trypsin;AC=MS:1001251	NT=collision-induced dissociation;AC=MS:1000133	1	1	HD4_1.raw	ftp://ftp.pride.ebi.ac.uk/pride/data/archive/2026/02/PXD072061/HD4_1.raw	v1.1.0	NT=ms-proteomics;VV=v1.1.0	NT=clinical-metadata;VV=v1.0.0	manual curation	blood
MILD10_6b	homo sapiens	blood	not applicable	severe acute respiratory syndrome	1	MILD10_6b	proteomic profiling by mass spectrometry	NT=Data-dependent acquisition;AC=PRIDE:0000627	NT=label free sample;AC=MS:1002038	NT=q exactive;AC=MS:1001911	NT=Phospho;AC=UNIMOD:21;TA=S,T,Y;MT=Variable	NT=Trypsin;AC=MS:1001251	NT=collision-induced dissociation;AC=MS:1000133	1	1	MILD10_6b.raw	ftp://ftp.pride.ebi.ac.uk/pride/data/archive/2026/02/PXD072061/MILD10_6b.raw	v1.1.0	NT=ms-proteomics;VV=v1.1.0	NT=clinical-metadata;VV=v1.0.0	manual curation	blood
MILD6_7	homo sapiens	blood	not applicable	severe acute respiratory syndrome	7	MILD6_7	proteomic profiling by mass spectrometry	NT=Data-dependent acquisition;AC=PRIDE:0000627	NT=label free sample;AC=MS:1002038	NT=q exactive;AC=MS:1001911	NT=Phospho;AC=UNIMOD:21;TA=S,T,Y;MT=Variable	NT=Trypsin;AC=MS:1001251	NT=collision-induced dissociation;AC=MS:1000133	1	1	MILD6_7.raw	ftp://ftp.pride.ebi.ac.uk/pride/data/archive/2026/02/PXD072061/MILD6_7.raw	v1.1.0	NT=ms-proteomics;VV=v1.1.0	NT=clinical-metadata;VV=v1.0.0	manual curation	blood
MILD4_6b	homo sapiens	blood	not applicable	severe acute respiratory syndrome	1	MILD4_6b	proteomic profiling by mass spectrometry	NT=Data-dependent acquisition;AC=PRIDE:0000627	NT=label free sample;AC=MS:1002038	NT=q exactive;AC=MS:1001911	NT=Phospho;AC=UNIMOD:21;TA=S,T,Y;MT=Variable	NT=Trypsin;AC=MS:1001251	NT=collision-induced dissociation;AC=MS:1000133	1	1	MILD4_6b.raw	ftp://ftp.pride.ebi.ac.uk/pride/data/archive/2026/02/PXD072061/MILD4_6b.raw	v1.1.0	NT=ms-proteomics;VV=v1.1.0	NT=clinical-metadata;VV=v1.0.0	manual curation	blood
SEV1_1b	homo sapiens	blood	not applicable	severe acute respiratory syndrome	1	SEV1_1b	proteomic profiling by mass spectrometry	NT=Data-dependent acquisition;AC=PRIDE:0000627	NT=label free sample;AC=MS:1002038	NT=q exactive;AC=MS:1001911	NT=Phospho;AC=UNIMOD:21;TA=S,T,Y;MT=Variable	NT=Trypsin;AC=MS:1001251	NT=collision-induced dissociation;AC=MS:1000133	1	1	SEV1_1b.raw	ftp://ftp.pride.ebi.ac.uk/pride/data/archive/2026/02/PXD072061/SEV1_1b.raw	v1.1.0	NT=ms-proteomics;VV=v1.1.0	NT=clinical-metadata;VV=v1.0.0	manual curation	blood
HD4_8	homo sapiens	blood	not applicable	severe acute respiratory syndrome	8	HD4_8	proteomic profiling by mass spectrometry	NT=Data-dependent acquisition;AC=PRIDE:0000627	NT=label free sample;AC=MS:1002038	NT=q exactive;AC=MS:1001911	NT=Phospho;AC=UNIMOD:21;TA=S,T,Y;MT=Variable	NT=Trypsin;AC=MS:1001251	NT=collision-induced dissociation;AC=MS:1000133	1	1	HD4_8.raw	ftp://ftp.pride.ebi.ac.uk/pride/data/archive/2026/02/PXD072061/HD4_8.raw	v1.1.0	NT=ms-proteomics;VV=v1.1.0	NT=clinical-metadata;VV=v1.0.0	manual curation	blood
MILD1_8b	homo sapiens	blood	not applicable	severe acute respiratory syndrome	1	MILD1_8b	proteomic profiling by mass spectrometry	NT=Data-dependent acquisition;AC=PRIDE:0000627	NT=label free sample;AC=MS:1002038	NT=q exactive;AC=MS:1001911	NT=Phospho;AC=UNIMOD:21;TA=S,T,Y;MT=Variable	NT=Trypsin;AC=MS:1001251	NT=collision-induced dissociation;AC=MS:1000133	1	1	MILD1_8b.raw	ftp://ftp.pride.ebi.ac.uk/pride/data/archive/2026/02/PXD072061/MILD1_8b.raw	v1.1.0	NT=ms-proteomics;VV=v1.1.0	NT=clinical-metadata;VV=v1.0.0	manual curation	blood
MILD6_8b	homo sapiens	blood	not applicable	severe acute respiratory syndrome	1	MILD6_8b	proteomic profiling by mass spectrometry	NT=Data-dependent acquisition;AC=PRIDE:0000627	NT=label free sample;AC=MS:1002038	NT=q exactive;AC=MS:1001911	NT=Phospho;AC=UNIMOD:21;TA=S,T,Y;MT=Variable	NT=Trypsin;AC=MS:1001251	NT=collision-induced dissociation;AC=MS:1000133	1	1	MILD6_8b.raw	ftp://ftp.pride.ebi.ac.uk/pride/data/archive/2026/02/PXD072061/MILD6_8b.raw	v1.1.0	NT=ms-proteomics;VV=v1.1.0	NT=clinical-metadata;VV=v1.0.0	manual curation	blood
SEV2_1b	homo sapiens	blood	not applicable	severe acute respiratory syndrome	1	SEV2_1b	proteomic profiling by mass spectrometry	NT=Data-dependent acquisition;AC=PRIDE:0000627	NT=label free sample;AC=MS:1002038	NT=q exactive;AC=MS:1001911	NT=Phospho;AC=UNIMOD:21;TA=S,T,Y;MT=Variable	NT=Trypsin;AC=MS:1001251	NT=collision-induced dissociation;AC=MS:1000133	1	1	SEV2_1b.raw	ftp://ftp.pride.ebi.ac.uk/pride/data/archive/2026/02/PXD072061/SEV2_1b.raw	v1.1.0	NT=ms-proteomics;VV=v1.1.0	NT=clinical-metadata;VV=v1.0.0	manual curation	blood
SEV3_4	homo sapiens	blood	not applicable	severe acute respiratory syndrome	4	SEV3_4	proteomic profiling by mass spectrometry	NT=Data-dependent acquisition;AC=PRIDE:0000627	NT=label free sample;AC=MS:1002038	NT=q exactive;AC=MS:1001911	NT=Phospho;AC=UNIMOD:21;TA=S,T,Y;MT=Variable	NT=Trypsin;AC=MS:1001251	NT=collision-induced dissociation;AC=MS:1000133	1	1	SEV3_4.raw	ftp://ftp.pride.ebi.ac.uk/pride/data/archive/2026/02/PXD072061/SEV3_4.raw	v1.1.0	NT=ms-proteomics;VV=v1.1.0	NT=clinical-metadata;VV=v1.0.0	manual curation	blood
MILD9_7	homo sapiens	blood	not applicable	severe acute respiratory syndrome	7	MILD9_7	proteomic profiling by mass spectrometry	NT=Data-dependent acquisition;AC=PRIDE:0000627	NT=label free sample;AC=MS:1002038	NT=q exactive;AC=MS:1001911	NT=Phospho;AC=UNIMOD:21;TA=S,T,Y;MT=Variable	NT=Trypsin;AC=MS:1001251	NT=collision-induced dissociation;AC=MS:1000133	1	1	MILD9_7.raw	ftp://ftp.pride.ebi.ac.uk/pride/data/archive/2026/02/PXD072061/MILD9_7.raw	v1.1.0	NT=ms-proteomics;VV=v1.1.0	NT=clinical-metadata;VV=v1.0.0	manual curation	blood
MILD3_4b	homo sapiens	blood	not applicable	severe acute respiratory syndrome	1	MILD3_4b	proteomic profiling by mass spectrometry	NT=Data-dependent acquisition;AC=PRIDE:0000627	NT=label free sample;AC=MS:1002038	NT=q exactive;AC=MS:1001911	NT=Phospho;AC=UNIMOD:21;TA=S,T,Y;MT=Variable	NT=Trypsin;AC=MS:1001251	NT=collision-induced dissociation;AC=MS:1000133	1	1	MILD3_4b.raw	ftp://ftp.pride.ebi.ac.uk/pride/data/archive/2026/02/PXD072061/MILD3_4b.raw	v1.1.0	NT=ms-proteomics;VV=v1.1.0	NT=clinical-metadata;VV=v1.0.0	manual curation	blood
SEV6_8	homo sapiens	blood	not applicable	severe acute respiratory syndrome	8	SEV6_8	proteomic profiling by mass spectrometry	NT=Data-dependent acquisition;AC=PRIDE:0000627	NT=label free sample;AC=MS:1002038	NT=q exactive;AC=MS:1001911	NT=Phospho;AC=UNIMOD:21;TA=S,T,Y;MT=Variable	NT=Trypsin;AC=MS:1001251	NT=collision-induced dissociation;AC=MS:1000133	1	1	SEV6_8.raw	ftp://ftp.pride.ebi.ac.uk/pride/data/archive/2026/02/PXD072061/SEV6_8.raw	v1.1.0	NT=ms-proteomics;VV=v1.1.0	NT=clinical-metadata;VV=v1.0.0	manual curation	blood
HD2_1	homo sapiens	blood	not applicable	severe acute respiratory syndrome	1	HD2_1	proteomic profiling by mass spectrometry	NT=Data-dependent acquisition;AC=PRIDE:0000627	NT=label free sample;AC=MS:1002038	NT=q exactive;AC=MS:1001911	NT=Phospho;AC=UNIMOD:21;TA=S,T,Y;MT=Variable	NT=Trypsin;AC=MS:1001251	NT=collision-induced dissociation;AC=MS:1000133	1	1	HD2_1.raw	ftp://ftp.pride.ebi.ac.uk/pride/data/archive/2026/02/PXD072061/HD2_1.raw	v1.1.0	NT=ms-proteomics;VV=v1.1.0	NT=clinical-metadata;VV=v1.0.0	manual curation	blood
MILD3_7b	homo sapiens	blood	not applicable	severe acute respiratory syndrome	1	MILD3_7b	proteomic profiling by mass spectrometry	NT=Data-dependent acquisition;AC=PRIDE:0000627	NT=label free sample;AC=MS:1002038	NT=q exactive;AC=MS:1001911	NT=Phospho;AC=UNIMOD:21;TA=S,T,Y;MT=Variable	NT=Trypsin;AC=MS:1001251	NT=collision-induced dissociation;AC=MS:1000133	1	1	MILD3_7b.raw	ftp://ftp.pride.ebi.ac.uk/pride/data/archive/2026/02/PXD072061/MILD3_7b.raw	v1.1.0	NT=ms-proteomics;VV=v1.1.0	NT=clinical-metadata;VV=v1.0.0	manual curation	blood
MILD6_3	homo sapiens	blood	not applicable	severe acute respiratory syndrome	3	MILD6_3	proteomic profiling by mass spectrometry	NT=Data-dependent acquisition;AC=PRIDE:0000627	NT=label free sample;AC=MS:1002038	NT=q exactive;AC=MS:1001911	NT=Phospho;AC=UNIMOD:21;TA=S,T,Y;MT=Variable	NT=Trypsin;AC=MS:1001251	NT=collision-induced dissociation;AC=MS:1000133	1	1	MILD6_3.raw	ftp://ftp.pride.ebi.ac.uk/pride/data/archive/2026/02/PXD072061/MILD6_3.raw	v1.1.0	NT=ms-proteomics;VV=v1.1.0	NT=clinical-metadata;VV=v1.0.0	manual curation	blood
MILD2_1b	homo sapiens	blood	not applicable	severe acute respiratory syndrome	1	MILD2_1b	proteomic profiling by mass spectrometry	NT=Data-dependent acquisition;AC=PRIDE:0000627	NT=label free sample;AC=MS:1002038	NT=q exactive;AC=MS:1001911	NT=Phospho;AC=UNIMOD:21;TA=S,T,Y;MT=Variable	NT=Trypsin;AC=MS:1001251	NT=collision-induced dissociation;AC=MS:1000133	1	1	MILD2_1b.raw	ftp://ftp.pride.ebi.ac.uk/pride/data/archive/2026/02/PXD072061/MILD2_1b.raw	v1.1.0	NT=ms-proteomics;VV=v1.1.0	NT=clinical-metadata;VV=v1.0.0	manual curation	blood
HD3_5b	homo sapiens	blood	not applicable	severe acute respiratory syndrome	1	HD3_5b	proteomic profiling by mass spectrometry	NT=Data-dependent acquisition;AC=PRIDE:0000627	NT=label free sample;AC=MS:1002038	NT=q exactive;AC=MS:1001911	NT=Phospho;AC=UNIMOD:21;TA=S,T,Y;MT=Variable	NT=Trypsin;AC=MS:1001251	NT=collision-induced dissociation;AC=MS:1000133	1	1	HD3_5b.raw	ftp://ftp.pride.ebi.ac.uk/pride/data/archive/2026/02/PXD072061/HD3_5b.raw	v1.1.0	NT=ms-proteomics;VV=v1.1.0	NT=clinical-metadata;VV=v1.0.0	manual curation	blood
SEV3_4b	homo sapiens	blood	not applicable	severe acute respiratory syndrome	1	SEV3_4b	proteomic profiling by mass spectrometry	NT=Data-dependent acquisition;AC=PRIDE:0000627	NT=label free sample;AC=MS:1002038	NT=q exactive;AC=MS:1001911	NT=Phospho;AC=UNIMOD:21;TA=S,T,Y;MT=Variable	NT=Trypsin;AC=MS:1001251	NT=collision-induced dissociation;AC=MS:1000133	1	1	SEV3_4b.raw	ftp://ftp.pride.ebi.ac.uk/pride/data/archive/2026/02/PXD072061/SEV3_4b.raw	v1.1.0	NT=ms-proteomics;VV=v1.1.0	NT=clinical-metadata;VV=v1.0.0	manual curation	blood
SEV5_6	homo sapiens	blood	not applicable	severe acute respiratory syndrome	6	SEV5_6	proteomic profiling by mass spectrometry	NT=Data-dependent acquisition;AC=PRIDE:0000627	NT=label free sample;AC=MS:1002038	NT=q exactive;AC=MS:1001911	NT=Phospho;AC=UNIMOD:21;TA=S,T,Y;MT=Variable	NT=Trypsin;AC=MS:1001251	NT=collision-induced dissociation;AC=MS:1000133	1	1	SEV5_6.raw	ftp://ftp.pride.ebi.ac.uk/pride/data/archive/2026/02/PXD072061/SEV5_6.raw	v1.1.0	NT=ms-proteomics;VV=v1.1.0	NT=clinical-metadata;VV=v1.0.0	manual curation	blood
MILD11_5	homo sapiens	blood	not applicable	severe acute respiratory syndrome	5	MILD11_5	proteomic profiling by mass spectrometry	NT=Data-dependent acquisition;AC=PRIDE:0000627	NT=label free sample;AC=MS:1002038	NT=q exactive;AC=MS:1001911	NT=Phospho;AC=UNIMOD:21;TA=S,T,Y;MT=Variable	NT=Trypsin;AC=MS:1001251	NT=collision-induced dissociation;AC=MS:1000133	1	1	MILD11_5.raw	ftp://ftp.pride.ebi.ac.uk/pride/data/archive/2026/02/PXD072061/MILD11_5.raw	v1.1.0	NT=ms-proteomics;VV=v1.1.0	NT=clinical-metadata;VV=v1.0.0	manual curation	blood
SEV6_8b	homo sapiens	blood	not applicable	severe acute respiratory syndrome	1	SEV6_8b	proteomic profiling by mass spectrometry	NT=Data-dependent acquisition;AC=PRIDE:0000627	NT=label free sample;AC=MS:1002038	NT=q exactive;AC=MS:1001911	NT=Phospho;AC=UNIMOD:21;TA=S,T,Y;MT=Variable	NT=Trypsin;AC=MS:1001251	NT=collision-induced dissociation;AC=MS:1000133	1	1	SEV6_8b.raw	ftp://ftp.pride.ebi.ac.uk/pride/data/archive/2026/02/PXD072061/SEV6_8b.raw	v1.1.0	NT=ms-proteomics;VV=v1.1.0	NT=clinical-metadata;VV=v1.0.0	manual curation	blood
SEV8_6	homo sapiens	blood	not applicable	severe acute respiratory syndrome	6	SEV8_6	proteomic profiling by mass spectrometry	NT=Data-dependent acquisition;AC=PRIDE:0000627	NT=label free sample;AC=MS:1002038	NT=q exactive;AC=MS:1001911	NT=Phospho;AC=UNIMOD:21;TA=S,T,Y;MT=Variable	NT=Trypsin;AC=MS:1001251	NT=collision-induced dissociation;AC=MS:1000133	1	1	SEV8_6.raw	ftp://ftp.pride.ebi.ac.uk/pride/data/archive/2026/02/PXD072061/SEV8_6.raw	v1.1.0	NT=ms-proteomics;VV=v1.1.0	NT=clinical-metadata;VV=v1.0.0	manual curation	blood
MILD3_2	homo sapiens	blood	not applicable	severe acute respiratory syndrome	2	MILD3_2	proteomic profiling by mass spectrometry	NT=Data-dependent acquisition;AC=PRIDE:0000627	NT=label free sample;AC=MS:1002038	NT=q exactive;AC=MS:1001911	NT=Phospho;AC=UNIMOD:21;TA=S,T,Y;MT=Variable	NT=Trypsin;AC=MS:1001251	NT=collision-induced dissociation;AC=MS:1000133	1	1	MILD3_2.raw	ftp://ftp.pride.ebi.ac.uk/pride/data/archive/2026/02/PXD072061/MILD3_2.raw	v1.1.0	NT=ms-proteomics;VV=v1.1.0	NT=clinical-metadata;VV=v1.0.0	manual curation	blood
SEV5_5	homo sapiens	blood	not applicable	severe acute respiratory syndrome	5	SEV5_5	proteomic profiling by mass spectrometry	NT=Data-dependent acquisition;AC=PRIDE:0000627	NT=label free sample;AC=MS:1002038	NT=q exactive;AC=MS:1001911	NT=Phospho;AC=UNIMOD:21;TA=S,T,Y;MT=Variable	NT=Trypsin;AC=MS:1001251	NT=collision-induced dissociation;AC=MS:1000133	1	1	SEV5_5.raw	ftp://ftp.pride.ebi.ac.uk/pride/data/archive/2026/02/PXD072061/SEV5_5.raw	v1.1.0	NT=ms-proteomics;VV=v1.1.0	NT=clinical-metadata;VV=v1.0.0	manual curation	blood
MILD4_7	homo sapiens	blood	not applicable	severe acute respiratory syndrome	7	MILD4_7	proteomic profiling by mass spectrometry	NT=Data-dependent acquisition;AC=PRIDE:0000627	NT=label free sample;AC=MS:1002038	NT=q exactive;AC=MS:1001911	NT=Phospho;AC=UNIMOD:21;TA=S,T,Y;MT=Variable	NT=Trypsin;AC=MS:1001251	NT=collision-induced dissociation;AC=MS:1000133	1	1	MILD4_7.raw	ftp://ftp.pride.ebi.ac.uk/pride/data/archive/2026/02/PXD072061/MILD4_7.raw	v1.1.0	NT=ms-proteomics;VV=v1.1.0	NT=clinical-metadata;VV=v1.0.0	manual curation	blood
HD3_1	homo sapiens	blood	not applicable	severe acute respiratory syndrome	1	HD3_1	proteomic profiling by mass spectrometry	NT=Data-dependent acquisition;AC=PRIDE:0000627	NT=label free sample;AC=MS:1002038	NT=q exactive;AC=MS:1001911	NT=Phospho;AC=UNIMOD:21;TA=S,T,Y;MT=Variable	NT=Trypsin;AC=MS:1001251	NT=collision-induced dissociation;AC=MS:1000133	1	1	HD3_1.raw	ftp://ftp.pride.ebi.ac.uk/pride/data/archive/2026/02/PXD072061/HD3_1.raw	v1.1.0	NT=ms-proteomics;VV=v1.1.0	NT=clinical-metadata;VV=v1.0.0	manual curation	blood
MILD6_5	homo sapiens	blood	not applicable	severe acute respiratory syndrome	5	MILD6_5	proteomic profiling by mass spectrometry	NT=Data-dependent acquisition;AC=PRIDE:0000627	NT=label free sample;AC=MS:1002038	NT=q exactive;AC=MS:1001911	NT=Phospho;AC=UNIMOD:21;TA=S,T,Y;MT=Variable	NT=Trypsin;AC=MS:1001251	NT=collision-induced dissociation;AC=MS:1000133	1	1	MILD6_5.raw	ftp://ftp.pride.ebi.ac.uk/pride/data/archive/2026/02/PXD072061/MILD6_5.raw	v1.1.0	NT=ms-proteomics;VV=v1.1.0	NT=clinical-metadata;VV=v1.0.0	manual curation	blood
MILD6_2	homo sapiens	blood	not applicable	severe acute respiratory syndrome	2	MILD6_2	proteomic profiling by mass spectrometry	NT=Data-dependent acquisition;AC=PRIDE:0000627	NT=label free sample;AC=MS:1002038	NT=q exactive;AC=MS:1001911	NT=Phospho;AC=UNIMOD:21;TA=S,T,Y;MT=Variable	NT=Trypsin;AC=MS:1001251	NT=collision-induced dissociation;AC=MS:1000133	1	1	MILD6_2.raw	ftp://ftp.pride.ebi.ac.uk/pride/data/archive/2026/02/PXD072061/MILD6_2.raw	v1.1.0	NT=ms-proteomics;VV=v1.1.0	NT=clinical-metadata;VV=v1.0.0	manual curation	blood
HD1_8b	homo sapiens	blood	not applicable	severe acute respiratory syndrome	1	HD1_8b	proteomic profiling by mass spectrometry	NT=Data-dependent acquisition;AC=PRIDE:0000627	NT=label free sample;AC=MS:1002038	NT=q exactive;AC=MS:1001911	NT=Phospho;AC=UNIMOD:21;TA=S,T,Y;MT=Variable	NT=Trypsin;AC=MS:1001251	NT=collision-induced dissociation;AC=MS:1000133	1	1	HD1_8b.raw	ftp://ftp.pride.ebi.ac.uk/pride/data/archive/2026/02/PXD072061/HD1_8b.raw	v1.1.0	NT=ms-proteomics;VV=v1.1.0	NT=clinical-metadata;VV=v1.0.0	manual curation	blood
MILD5_2b	homo sapiens	blood	not applicable	severe acute respiratory syndrome	1	MILD5_2b	proteomic profiling by mass spectrometry	NT=Data-dependent acquisition;AC=PRIDE:0000627	NT=label free sample;AC=MS:1002038	NT=q exactive;AC=MS:1001911	NT=Phospho;AC=UNIMOD:21;TA=S,T,Y;MT=Variable	NT=Trypsin;AC=MS:1001251	NT=collision-induced dissociation;AC=MS:1000133	1	1	MILD5_2b.raw	ftp://ftp.pride.ebi.ac.uk/pride/data/archive/2026/02/PXD072061/MILD5_2b.raw	v1.1.0	NT=ms-proteomics;VV=v1.1.0	NT=clinical-metadata;VV=v1.0.0	manual curation	blood
HD2_7b	homo sapiens	blood	not applicable	severe acute respiratory syndrome	1	HD2_7b	proteomic profiling by mass spectrometry	NT=Data-dependent acquisition;AC=PRIDE:0000627	NT=label free sample;AC=MS:1002038	NT=q exactive;AC=MS:1001911	NT=Phospho;AC=UNIMOD:21;TA=S,T,Y;MT=Variable	NT=Trypsin;AC=MS:1001251	NT=collision-induced dissociation;AC=MS:1000133	1	1	HD2_7b.raw	ftp://ftp.pride.ebi.ac.uk/pride/data/archive/2026/02/PXD072061/HD2_7b.raw	v1.1.0	NT=ms-proteomics;VV=v1.1.0	NT=clinical-metadata;VV=v1.0.0	manual curation	blood
SEV8_2	homo sapiens	blood	not applicable	severe acute respiratory syndrome	2	SEV8_2	proteomic profiling by mass spectrometry	NT=Data-dependent acquisition;AC=PRIDE:0000627	NT=label free sample;AC=MS:1002038	NT=q exactive;AC=MS:1001911	NT=Phospho;AC=UNIMOD:21;TA=S,T,Y;MT=Variable	NT=Trypsin;AC=MS:1001251	NT=collision-induced dissociation;AC=MS:1000133	1	1	SEV8_2.raw	ftp://ftp.pride.ebi.ac.uk/pride/data/archive/2026/02/PXD072061/SEV8_2.raw	v1.1.0	NT=ms-proteomics;VV=v1.1.0	NT=clinical-metadata;VV=v1.0.0	manual curation	blood
SEV2_1	homo sapiens	blood	not applicable	severe acute respiratory syndrome	1	SEV2_1	proteomic profiling by mass spectrometry	NT=Data-dependent acquisition;AC=PRIDE:0000627	NT=label free sample;AC=MS:1002038	NT=q exactive;AC=MS:1001911	NT=Phospho;AC=UNIMOD:21;TA=S,T,Y;MT=Variable	NT=Trypsin;AC=MS:1001251	NT=collision-induced dissociation;AC=MS:1000133	1	1	SEV2_1.raw	ftp://ftp.pride.ebi.ac.uk/pride/data/archive/2026/02/PXD072061/SEV2_1.raw	v1.1.0	NT=ms-proteomics;VV=v1.1.0	NT=clinical-metadata;VV=v1.0.0	manual curation	blood
HD4_4b	homo sapiens	blood	not applicable	severe acute respiratory syndrome	1	HD4_4b	proteomic profiling by mass spectrometry	NT=Data-dependent acquisition;AC=PRIDE:0000627	NT=label free sample;AC=MS:1002038	NT=q exactive;AC=MS:1001911	NT=Phospho;AC=UNIMOD:21;TA=S,T,Y;MT=Variable	NT=Trypsin;AC=MS:1001251	NT=collision-induced dissociation;AC=MS:1000133	1	1	HD4_4b.raw	ftp://ftp.pride.ebi.ac.uk/pride/data/archive/2026/02/PXD072061/HD4_4b.raw	v1.1.0	NT=ms-proteomics;VV=v1.1.0	NT=clinical-metadata;VV=v1.0.0	manual curation	blood
MILD3_3b	homo sapiens	blood	not applicable	severe acute respiratory syndrome	1	MILD3_3b	proteomic profiling by mass spectrometry	NT=Data-dependent acquisition;AC=PRIDE:0000627	NT=label free sample;AC=MS:1002038	NT=q exactive;AC=MS:1001911	NT=Phospho;AC=UNIMOD:21;TA=S,T,Y;MT=Variable	NT=Trypsin;AC=MS:1001251	NT=collision-induced dissociation;AC=MS:1000133	1	1	MILD3_3b.raw	ftp://ftp.pride.ebi.ac.uk/pride/data/archive/2026/02/PXD072061/MILD3_3b.raw	v1.1.0	NT=ms-proteomics;VV=v1.1.0	NT=clinical-metadata;VV=v1.0.0	manual curation	blood
MILD11_6	homo sapiens	blood	not applicable	severe acute respiratory syndrome	6	MILD11_6	proteomic profiling by mass spectrometry	NT=Data-dependent acquisition;AC=PRIDE:0000627	NT=label free sample;AC=MS:1002038	NT=q exactive;AC=MS:1001911	NT=Phospho;AC=UNIMOD:21;TA=S,T,Y;MT=Variable	NT=Trypsin;AC=MS:1001251	NT=collision-induced dissociation;AC=MS:1000133	1	1	MILD11_6.raw	ftp://ftp.pride.ebi.ac.uk/pride/data/archive/2026/02/PXD072061/MILD11_6.raw	v1.1.0	NT=ms-proteomics;VV=v1.1.0	NT=clinical-metadata;VV=v1.0.0	manual curation	blood
SEV6_1	homo sapiens	blood	not applicable	severe acute respiratory syndrome	1	SEV6_1	proteomic profiling by mass spectrometry	NT=Data-dependent acquisition;AC=PRIDE:0000627	NT=label free sample;AC=MS:1002038	NT=q exactive;AC=MS:1001911	NT=Phospho;AC=UNIMOD:21;TA=S,T,Y;MT=Variable	NT=Trypsin;AC=MS:1001251	NT=collision-induced dissociation;AC=MS:1000133	1	1	SEV6_1.raw	ftp://ftp.pride.ebi.ac.uk/pride/data/archive/2026/02/PXD072061/SEV6_1.raw	v1.1.0	NT=ms-proteomics;VV=v1.1.0	NT=clinical-metadata;VV=v1.0.0	manual curation	blood
HD1_3b	homo sapiens	blood	not applicable	severe acute respiratory syndrome	1	HD1_3b	proteomic profiling by mass spectrometry	NT=Data-dependent acquisition;AC=PRIDE:0000627	NT=label free sample;AC=MS:1002038	NT=q exactive;AC=MS:1001911	NT=Phospho;AC=UNIMOD:21;TA=S,T,Y;MT=Variable	NT=Trypsin;AC=MS:1001251	NT=collision-induced dissociation;AC=MS:1000133	1	1	HD1_3b.raw	ftp://ftp.pride.ebi.ac.uk/pride/data/archive/2026/02/PXD072061/HD1_3b.raw	v1.1.0	NT=ms-proteomics;VV=v1.1.0	NT=clinical-metadata;VV=v1.0.0	manual curation	blood
SEV1_6b	homo sapiens	blood	not applicable	severe acute respiratory syndrome	1	SEV1_6b	proteomic profiling by mass spectrometry	NT=Data-dependent acquisition;AC=PRIDE:0000627	NT=label free sample;AC=MS:1002038	NT=q exactive;AC=MS:1001911	NT=Phospho;AC=UNIMOD:21;TA=S,T,Y;MT=Variable	NT=Trypsin;AC=MS:1001251	NT=collision-induced dissociation;AC=MS:1000133	1	1	SEV1_6b.raw	ftp://ftp.pride.ebi.ac.uk/pride/data/archive/2026/02/PXD072061/SEV1_6b.raw	v1.1.0	NT=ms-proteomics;VV=v1.1.0	NT=clinical-metadata;VV=v1.0.0	manual curation	blood
MILD7_1	homo sapiens	blood	not applicable	severe acute respiratory syndrome	1	MILD7_1	proteomic profiling by mass spectrometry	NT=Data-dependent acquisition;AC=PRIDE:0000627	NT=label free sample;AC=MS:1002038	NT=q exactive;AC=MS:1001911	NT=Phospho;AC=UNIMOD:21;TA=S,T,Y;MT=Variable	NT=Trypsin;AC=MS:1001251	NT=collision-induced dissociation;AC=MS:1000133	1	1	MILD7_1.raw	ftp://ftp.pride.ebi.ac.uk/pride/data/archive/2026/02/PXD072061/MILD7_1.raw	v1.1.0	NT=ms-proteomics;VV=v1.1.0	NT=clinical-metadata;VV=v1.0.0	manual curation	blood
MILD2_5	homo sapiens	blood	not applicable	severe acute respiratory syndrome	5	MILD2_5	proteomic profiling by mass spectrometry	NT=Data-dependent acquisition;AC=PRIDE:0000627	NT=label free sample;AC=MS:1002038	NT=q exactive;AC=MS:1001911	NT=Phospho;AC=UNIMOD:21;TA=S,T,Y;MT=Variable	NT=Trypsin;AC=MS:1001251	NT=collision-induced dissociation;AC=MS:1000133	1	1	MILD2_5.raw	ftp://ftp.pride.ebi.ac.uk/pride/data/archive/2026/02/PXD072061/MILD2_5.raw	v1.1.0	NT=ms-proteomics;VV=v1.1.0	NT=clinical-metadata;VV=v1.0.0	manual curation	blood
MILD8_3	homo sapiens	blood	not applicable	severe acute respiratory syndrome	3	MILD8_3	proteomic profiling by mass spectrometry	NT=Data-dependent acquisition;AC=PRIDE:0000627	NT=label free sample;AC=MS:1002038	NT=q exactive;AC=MS:1001911	NT=Phospho;AC=UNIMOD:21;TA=S,T,Y;MT=Variable	NT=Trypsin;AC=MS:1001251	NT=collision-induced dissociation;AC=MS:1000133	1	1	MILD8_3.raw	ftp://ftp.pride.ebi.ac.uk/pride/data/archive/2026/02/PXD072061/MILD8_3.raw	v1.1.0	NT=ms-proteomics;VV=v1.1.0	NT=clinical-metadata;VV=v1.0.0	manual curation	blood
MILD5_2	homo sapiens	blood	not applicable	severe acute respiratory syndrome	2	MILD5_2	proteomic profiling by mass spectrometry	NT=Data-dependent acquisition;AC=PRIDE:0000627	NT=label free sample;AC=MS:1002038	NT=q exactive;AC=MS:1001911	NT=Phospho;AC=UNIMOD:21;TA=S,T,Y;MT=Variable	NT=Trypsin;AC=MS:1001251	NT=collision-induced dissociation;AC=MS:1000133	1	1	MILD5_2.raw	ftp://ftp.pride.ebi.ac.uk/pride/data/archive/2026/02/PXD072061/MILD5_2.raw	v1.1.0	NT=ms-proteomics;VV=v1.1.0	NT=clinical-metadata;VV=v1.0.0	manual curation	blood
SEV4_7b	homo sapiens	blood	not applicable	severe acute respiratory syndrome	1	SEV4_7b	proteomic profiling by mass spectrometry	NT=Data-dependent acquisition;AC=PRIDE:0000627	NT=label free sample;AC=MS:1002038	NT=q exactive;AC=MS:1001911	NT=Phospho;AC=UNIMOD:21;TA=S,T,Y;MT=Variable	NT=Trypsin;AC=MS:1001251	NT=collision-induced dissociation;AC=MS:1000133	1	1	SEV4_7b.raw	ftp://ftp.pride.ebi.ac.uk/pride/data/archive/2026/02/PXD072061/SEV4_7b.raw	v1.1.0	NT=ms-proteomics;VV=v1.1.0	NT=clinical-metadata;VV=v1.0.0	manual curation	blood
MILD3_3	homo sapiens	blood	not applicable	severe acute respiratory syndrome	3	MILD3_3	proteomic profiling by mass spectrometry	NT=Data-dependent acquisition;AC=PRIDE:0000627	NT=label free sample;AC=MS:1002038	NT=q exactive;AC=MS:1001911	NT=Phospho;AC=UNIMOD:21;TA=S,T,Y;MT=Variable	NT=Trypsin;AC=MS:1001251	NT=collision-induced dissociation;AC=MS:1000133	1	1	MILD3_3.raw	ftp://ftp.pride.ebi.ac.uk/pride/data/archive/2026/02/PXD072061/MILD3_3.raw	v1.1.0	NT=ms-proteomics;VV=v1.1.0	NT=clinical-metadata;VV=v1.0.0	manual curation	blood
MILD7_6b	homo sapiens	blood	not applicable	severe acute respiratory syndrome	1	MILD7_6b	proteomic profiling by mass spectrometry	NT=Data-dependent acquisition;AC=PRIDE:0000627	NT=label free sample;AC=MS:1002038	NT=q exactive;AC=MS:1001911	NT=Phospho;AC=UNIMOD:21;TA=S,T,Y;MT=Variable	NT=Trypsin;AC=MS:1001251	NT=collision-induced dissociation;AC=MS:1000133	1	1	MILD7_6b.raw	ftp://ftp.pride.ebi.ac.uk/pride/data/archive/2026/02/PXD072061/MILD7_6b.raw	v1.1.0	NT=ms-proteomics;VV=v1.1.0	NT=clinical-metadata;VV=v1.0.0	manual curation	blood
SEV6_2	homo sapiens	blood	not applicable	severe acute respiratory syndrome	2	SEV6_2	proteomic profiling by mass spectrometry	NT=Data-dependent acquisition;AC=PRIDE:0000627	NT=label free sample;AC=MS:1002038	NT=q exactive;AC=MS:1001911	NT=Phospho;AC=UNIMOD:21;TA=S,T,Y;MT=Variable	NT=Trypsin;AC=MS:1001251	NT=collision-induced dissociation;AC=MS:1000133	1	1	SEV6_2.raw	ftp://ftp.pride.ebi.ac.uk/pride/data/archive/2026/02/PXD072061/SEV6_2.raw	v1.1.0	NT=ms-proteomics;VV=v1.1.0	NT=clinical-metadata;VV=v1.0.0	manual curation	blood
MILD7_7	homo sapiens	blood	not applicable	severe acute respiratory syndrome	7	MILD7_7	proteomic profiling by mass spectrometry	NT=Data-dependent acquisition;AC=PRIDE:0000627	NT=label free sample;AC=MS:1002038	NT=q exactive;AC=MS:1001911	NT=Phospho;AC=UNIMOD:21;TA=S,T,Y;MT=Variable	NT=Trypsin;AC=MS:1001251	NT=collision-induced dissociation;AC=MS:1000133	1	1	MILD7_7.raw	ftp://ftp.pride.ebi.ac.uk/pride/data/archive/2026/02/PXD072061/MILD7_7.raw	v1.1.0	NT=ms-proteomics;VV=v1.1.0	NT=clinical-metadata;VV=v1.0.0	manual curation	blood
HD3_8b	homo sapiens	blood	not applicable	severe acute respiratory syndrome	1	HD3_8b	proteomic profiling by mass spectrometry	NT=Data-dependent acquisition;AC=PRIDE:0000627	NT=label free sample;AC=MS:1002038	NT=q exactive;AC=MS:1001911	NT=Phospho;AC=UNIMOD:21;TA=S,T,Y;MT=Variable	NT=Trypsin;AC=MS:1001251	NT=collision-induced dissociation;AC=MS:1000133	1	1	HD3_8b.raw	ftp://ftp.pride.ebi.ac.uk/pride/data/archive/2026/02/PXD072061/HD3_8b.raw	v1.1.0	NT=ms-proteomics;VV=v1.1.0	NT=clinical-metadata;VV=v1.0.0	manual curation	blood
HD4_5	homo sapiens	blood	not applicable	severe acute respiratory syndrome	5	HD4_5	proteomic profiling by mass spectrometry	NT=Data-dependent acquisition;AC=PRIDE:0000627	NT=label free sample;AC=MS:1002038	NT=q exactive;AC=MS:1001911	NT=Phospho;AC=UNIMOD:21;TA=S,T,Y;MT=Variable	NT=Trypsin;AC=MS:1001251	NT=collision-induced dissociation;AC=MS:1000133	1	1	HD4_5.raw	ftp://ftp.pride.ebi.ac.uk/pride/data/archive/2026/02/PXD072061/HD4_5.raw	v1.1.0	NT=ms-proteomics;VV=v1.1.0	NT=clinical-metadata;VV=v1.0.0	manual curation	blood
SEV5_8b	homo sapiens	blood	not applicable	severe acute respiratory syndrome	1	SEV5_8b	proteomic profiling by mass spectrometry	NT=Data-dependent acquisition;AC=PRIDE:0000627	NT=label free sample;AC=MS:1002038	NT=q exactive;AC=MS:1001911	NT=Phospho;AC=UNIMOD:21;TA=S,T,Y;MT=Variable	NT=Trypsin;AC=MS:1001251	NT=collision-induced dissociation;AC=MS:1000133	1	1	SEV5_8b.raw	ftp://ftp.pride.ebi.ac.uk/pride/data/archive/2026/02/PXD072061/SEV5_8b.raw	v1.1.0	NT=ms-proteomics;VV=v1.1.0	NT=clinical-metadata;VV=v1.0.0	manual curation	blood
MILD12_3b	homo sapiens	blood	not applicable	severe acute respiratory syndrome	1	MILD12_3b	proteomic profiling by mass spectrometry	NT=Data-dependent acquisition;AC=PRIDE:0000627	NT=label free sample;AC=MS:1002038	NT=q exactive;AC=MS:1001911	NT=Phospho;AC=UNIMOD:21;TA=S,T,Y;MT=Variable	NT=Trypsin;AC=MS:1001251	NT=collision-induced dissociation;AC=MS:1000133	1	1	MILD12_3b.raw	ftp://ftp.pride.ebi.ac.uk/pride/data/archive/2026/02/PXD072061/MILD12_3b.raw	v1.1.0	NT=ms-proteomics;VV=v1.1.0	NT=clinical-metadata;VV=v1.0.0	manual curation	blood
MILD9_8	homo sapiens	blood	not applicable	severe acute respiratory syndrome	8	MILD9_8	proteomic profiling by mass spectrometry	NT=Data-dependent acquisition;AC=PRIDE:0000627	NT=label free sample;AC=MS:1002038	NT=q exactive;AC=MS:1001911	NT=Phospho;AC=UNIMOD:21;TA=S,T,Y;MT=Variable	NT=Trypsin;AC=MS:1001251	NT=collision-induced dissociation;AC=MS:1000133	1	1	MILD9_8.raw	ftp://ftp.pride.ebi.ac.uk/pride/data/archive/2026/02/PXD072061/MILD9_8.raw	v1.1.0	NT=ms-proteomics;VV=v1.1.0	NT=clinical-metadata;VV=v1.0.0	manual curation	blood
SEV7_6b	homo sapiens	blood	not applicable	severe acute respiratory syndrome	1	SEV7_6b	proteomic profiling by mass spectrometry	NT=Data-dependent acquisition;AC=PRIDE:0000627	NT=label free sample;AC=MS:1002038	NT=q exactive;AC=MS:1001911	NT=Phospho;AC=UNIMOD:21;TA=S,T,Y;MT=Variable	NT=Trypsin;AC=MS:1001251	NT=collision-induced dissociation;AC=MS:1000133	1	1	SEV7_6b.raw	ftp://ftp.pride.ebi.ac.uk/pride/data/archive/2026/02/PXD072061/SEV7_6b.raw	v1.1.0	NT=ms-proteomics;VV=v1.1.0	NT=clinical-metadata;VV=v1.0.0	manual curation	blood
HD4_5b	homo sapiens	blood	not applicable	severe acute respiratory syndrome	1	HD4_5b	proteomic profiling by mass spectrometry	NT=Data-dependent acquisition;AC=PRIDE:0000627	NT=label free sample;AC=MS:1002038	NT=q exactive;AC=MS:1001911	NT=Phospho;AC=UNIMOD:21;TA=S,T,Y;MT=Variable	NT=Trypsin;AC=MS:1001251	NT=collision-induced dissociation;AC=MS:1000133	1	1	HD4_5b.raw	ftp://ftp.pride.ebi.ac.uk/pride/data/archive/2026/02/PXD072061/HD4_5b.raw	v1.1.0	NT=ms-proteomics;VV=v1.1.0	NT=clinical-metadata;VV=v1.0.0	manual curation	blood
MILD11_4b	homo sapiens	blood	not applicable	severe acute respiratory syndrome	1	MILD11_4b	proteomic profiling by mass spectrometry	NT=Data-dependent acquisition;AC=PRIDE:0000627	NT=label free sample;AC=MS:1002038	NT=q exactive;AC=MS:1001911	NT=Phospho;AC=UNIMOD:21;TA=S,T,Y;MT=Variable	NT=Trypsin;AC=MS:1001251	NT=collision-induced dissociation;AC=MS:1000133	1	1	MILD11_4b.raw	ftp://ftp.pride.ebi.ac.uk/pride/data/archive/2026/02/PXD072061/MILD11_4b.raw	v1.1.0	NT=ms-proteomics;VV=v1.1.0	NT=clinical-metadata;VV=v1.0.0	manual curation	blood
MILD12_2	homo sapiens	blood	not applicable	severe acute respiratory syndrome	2	MILD12_2	proteomic profiling by mass spectrometry	NT=Data-dependent acquisition;AC=PRIDE:0000627	NT=label free sample;AC=MS:1002038	NT=q exactive;AC=MS:1001911	NT=Phospho;AC=UNIMOD:21;TA=S,T,Y;MT=Variable	NT=Trypsin;AC=MS:1001251	NT=collision-induced dissociation;AC=MS:1000133	1	1	MILD12_2.raw	ftp://ftp.pride.ebi.ac.uk/pride/data/archive/2026/02/PXD072061/MILD12_2.raw	v1.1.0	NT=ms-proteomics;VV=v1.1.0	NT=clinical-metadata;VV=v1.0.0	manual curation	blood
MILD8_5b	homo sapiens	blood	not applicable	severe acute respiratory syndrome	1	MILD8_5b	proteomic profiling by mass spectrometry	NT=Data-dependent acquisition;AC=PRIDE:0000627	NT=label free sample;AC=MS:1002038	NT=q exactive;AC=MS:1001911	NT=Phospho;AC=UNIMOD:21;TA=S,T,Y;MT=Variable	NT=Trypsin;AC=MS:1001251	NT=collision-induced dissociation;AC=MS:1000133	1	1	MILD8_5b.raw	ftp://ftp.pride.ebi.ac.uk/pride/data/archive/2026/02/PXD072061/MILD8_5b.raw	v1.1.0	NT=ms-proteomics;VV=v1.1.0	NT=clinical-metadata;VV=v1.0.0	manual curation	blood
MILD4_1b	homo sapiens	blood	not applicable	severe acute respiratory syndrome	1	MILD4_1b	proteomic profiling by mass spectrometry	NT=Data-dependent acquisition;AC=PRIDE:0000627	NT=label free sample;AC=MS:1002038	NT=q exactive;AC=MS:1001911	NT=Phospho;AC=UNIMOD:21;TA=S,T,Y;MT=Variable	NT=Trypsin;AC=MS:1001251	NT=collision-induced dissociation;AC=MS:1000133	1	1	MILD4_1b.raw	ftp://ftp.pride.ebi.ac.uk/pride/data/archive/2026/02/PXD072061/MILD4_1b.raw	v1.1.0	NT=ms-proteomics;VV=v1.1.0	NT=clinical-metadata;VV=v1.0.0	manual curation	blood
SEV7_7b	homo sapiens	blood	not applicable	severe acute respiratory syndrome	1	SEV7_7b	proteomic profiling by mass spectrometry	NT=Data-dependent acquisition;AC=PRIDE:0000627	NT=label free sample;AC=MS:1002038	NT=q exactive;AC=MS:1001911	NT=Phospho;AC=UNIMOD:21;TA=S,T,Y;MT=Variable	NT=Trypsin;AC=MS:1001251	NT=collision-induced dissociation;AC=MS:1000133	1	1	SEV7_7b.raw	ftp://ftp.pride.ebi.ac.uk/pride/data/archive/2026/02/PXD072061/SEV7_7b.raw	v1.1.0	NT=ms-proteomics;VV=v1.1.0	NT=clinical-metadata;VV=v1.0.0	manual curation	blood
MILD8_6b	homo sapiens	blood	not applicable	severe acute respiratory syndrome	1	MILD8_6b	proteomic profiling by mass spectrometry	NT=Data-dependent acquisition;AC=PRIDE:0000627	NT=label free sample;AC=MS:1002038	NT=q exactive;AC=MS:1001911	NT=Phospho;AC=UNIMOD:21;TA=S,T,Y;MT=Variable	NT=Trypsin;AC=MS:1001251	NT=collision-induced dissociation;AC=MS:1000133	1	1	MILD8_6b.raw	ftp://ftp.pride.ebi.ac.uk/pride/data/archive/2026/02/PXD072061/MILD8_6b.raw	v1.1.0	NT=ms-proteomics;VV=v1.1.0	NT=clinical-metadata;VV=v1.0.0	manual curation	blood
MILD4_2b	homo sapiens	blood	not applicable	severe acute respiratory syndrome	1	MILD4_2b	proteomic profiling by mass spectrometry	NT=Data-dependent acquisition;AC=PRIDE:0000627	NT=label free sample;AC=MS:1002038	NT=q exactive;AC=MS:1001911	NT=Phospho;AC=UNIMOD:21;TA=S,T,Y;MT=Variable	NT=Trypsin;AC=MS:1001251	NT=collision-induced dissociation;AC=MS:1000133	1	1	MILD4_2b.raw	ftp://ftp.pride.ebi.ac.uk/pride/data/archive/2026/02/PXD072061/MILD4_2b.raw	v1.1.0	NT=ms-proteomics;VV=v1.1.0	NT=clinical-metadata;VV=v1.0.0	manual curation	blood
HD5_4	homo sapiens	blood	not applicable	severe acute respiratory syndrome	4	HD5_4	proteomic profiling by mass spectrometry	NT=Data-dependent acquisition;AC=PRIDE:0000627	NT=label free sample;AC=MS:1002038	NT=q exactive;AC=MS:1001911	NT=Phospho;AC=UNIMOD:21;TA=S,T,Y;MT=Variable	NT=Trypsin;AC=MS:1001251	NT=collision-induced dissociation;AC=MS:1000133	1	1	HD5_4.raw	ftp://ftp.pride.ebi.ac.uk/pride/data/archive/2026/02/PXD072061/HD5_4.raw	v1.1.0	NT=ms-proteomics;VV=v1.1.0	NT=clinical-metadata;VV=v1.0.0	manual curation	blood
MILD8_7b	homo sapiens	blood	not applicable	severe acute respiratory syndrome	1	MILD8_7b	proteomic profiling by mass spectrometry	NT=Data-dependent acquisition;AC=PRIDE:0000627	NT=label free sample;AC=MS:1002038	NT=q exactive;AC=MS:1001911	NT=Phospho;AC=UNIMOD:21;TA=S,T,Y;MT=Variable	NT=Trypsin;AC=MS:1001251	NT=collision-induced dissociation;AC=MS:1000133	1	1	MILD8_7b.raw	ftp://ftp.pride.ebi.ac.uk/pride/data/archive/2026/02/PXD072061/MILD8_7b.raw	v1.1.0	NT=ms-proteomics;VV=v1.1.0	NT=clinical-metadata;VV=v1.0.0	manual curation	blood
MILD10_2	homo sapiens	blood	not applicable	severe acute respiratory syndrome	2	MILD10_2	proteomic profiling by mass spectrometry	NT=Data-dependent acquisition;AC=PRIDE:0000627	NT=label free sample;AC=MS:1002038	NT=q exactive;AC=MS:1001911	NT=Phospho;AC=UNIMOD:21;TA=S,T,Y;MT=Variable	NT=Trypsin;AC=MS:1001251	NT=collision-induced dissociation;AC=MS:1000133	1	1	MILD10_2.raw	ftp://ftp.pride.ebi.ac.uk/pride/data/archive/2026/02/PXD072061/MILD10_2.raw	v1.1.0	NT=ms-proteomics;VV=v1.1.0	NT=clinical-metadata;VV=v1.0.0	manual curation	blood
MILD4_1	homo sapiens	blood	not applicable	severe acute respiratory syndrome	1	MILD4_1	proteomic profiling by mass spectrometry	NT=Data-dependent acquisition;AC=PRIDE:0000627	NT=label free sample;AC=MS:1002038	NT=q exactive;AC=MS:1001911	NT=Phospho;AC=UNIMOD:21;TA=S,T,Y;MT=Variable	NT=Trypsin;AC=MS:1001251	NT=collision-induced dissociation;AC=MS:1000133	1	1	MILD4_1.raw	ftp://ftp.pride.ebi.ac.uk/pride/data/archive/2026/02/PXD072061/MILD4_1.raw	v1.1.0	NT=ms-proteomics;VV=v1.1.0	NT=clinical-metadata;VV=v1.0.0	manual curation	blood
HD5_1	homo sapiens	blood	not applicable	severe acute respiratory syndrome	1	HD5_1	proteomic profiling by mass spectrometry	NT=Data-dependent acquisition;AC=PRIDE:0000627	NT=label free sample;AC=MS:1002038	NT=q exactive;AC=MS:1001911	NT=Phospho;AC=UNIMOD:21;TA=S,T,Y;MT=Variable	NT=Trypsin;AC=MS:1001251	NT=collision-induced dissociation;AC=MS:1000133	1	1	HD5_1.raw	ftp://ftp.pride.ebi.ac.uk/pride/data/archive/2026/02/PXD072061/HD5_1.raw	v1.1.0	NT=ms-proteomics;VV=v1.1.0	NT=clinical-metadata;VV=v1.0.0	manual curation	blood
MILD9_8b	homo sapiens	blood	not applicable	severe acute respiratory syndrome	1	MILD9_8b	proteomic profiling by mass spectrometry	NT=Data-dependent acquisition;AC=PRIDE:0000627	NT=label free sample;AC=MS:1002038	NT=q exactive;AC=MS:1001911	NT=Phospho;AC=UNIMOD:21;TA=S,T,Y;MT=Variable	NT=Trypsin;AC=MS:1001251	NT=collision-induced dissociation;AC=MS:1000133	1	1	MILD9_8b.raw	ftp://ftp.pride.ebi.ac.uk/pride/data/archive/2026/02/PXD072061/MILD9_8b.raw	v1.1.0	NT=ms-proteomics;VV=v1.1.0	NT=clinical-metadata;VV=v1.0.0	manual curation	blood
MILD9_5b	homo sapiens	blood	not applicable	severe acute respiratory syndrome	1	MILD9_5b	proteomic profiling by mass spectrometry	NT=Data-dependent acquisition;AC=PRIDE:0000627	NT=label free sample;AC=MS:1002038	NT=q exactive;AC=MS:1001911	NT=Phospho;AC=UNIMOD:21;TA=S,T,Y;MT=Variable	NT=Trypsin;AC=MS:1001251	NT=collision-induced dissociation;AC=MS:1000133	1	1	MILD9_5b.raw	ftp://ftp.pride.ebi.ac.uk/pride/data/archive/2026/02/PXD072061/MILD9_5b.raw	v1.1.0	NT=ms-proteomics;VV=v1.1.0	NT=clinical-metadata;VV=v1.0.0	manual curation	blood
HD5_4b	homo sapiens	blood	not applicable	severe acute respiratory syndrome	1	HD5_4b	proteomic profiling by mass spectrometry	NT=Data-dependent acquisition;AC=PRIDE:0000627	NT=label free sample;AC=MS:1002038	NT=q exactive;AC=MS:1001911	NT=Phospho;AC=UNIMOD:21;TA=S,T,Y;MT=Variable	NT=Trypsin;AC=MS:1001251	NT=collision-induced dissociation;AC=MS:1000133	1	1	HD5_4b.raw	ftp://ftp.pride.ebi.ac.uk/pride/data/archive/2026/02/PXD072061/HD5_4b.raw	v1.1.0	NT=ms-proteomics;VV=v1.1.0	NT=clinical-metadata;VV=v1.0.0	manual curation	blood
MILD9_6	homo sapiens	blood	not applicable	severe acute respiratory syndrome	6	MILD9_6	proteomic profiling by mass spectrometry	NT=Data-dependent acquisition;AC=PRIDE:0000627	NT=label free sample;AC=MS:1002038	NT=q exactive;AC=MS:1001911	NT=Phospho;AC=UNIMOD:21;TA=S,T,Y;MT=Variable	NT=Trypsin;AC=MS:1001251	NT=collision-induced dissociation;AC=MS:1000133	1	1	MILD9_6.raw	ftp://ftp.pride.ebi.ac.uk/pride/data/archive/2026/02/PXD072061/MILD9_6.raw	v1.1.0	NT=ms-proteomics;VV=v1.1.0	NT=clinical-metadata;VV=v1.0.0	manual curation	blood
SEV5_7b	homo sapiens	blood	not applicable	severe acute respiratory syndrome	1	SEV5_7b	proteomic profiling by mass spectrometry	NT=Data-dependent acquisition;AC=PRIDE:0000627	NT=label free sample;AC=MS:1002038	NT=q exactive;AC=MS:1001911	NT=Phospho;AC=UNIMOD:21;TA=S,T,Y;MT=Variable	NT=Trypsin;AC=MS:1001251	NT=collision-induced dissociation;AC=MS:1000133	1	1	SEV5_7b.raw	ftp://ftp.pride.ebi.ac.uk/pride/data/archive/2026/02/PXD072061/SEV5_7b.raw	v1.1.0	NT=ms-proteomics;VV=v1.1.0	NT=clinical-metadata;VV=v1.0.0	manual curation	blood
HD1_1	homo sapiens	blood	not applicable	severe acute respiratory syndrome	1	HD1_1	proteomic profiling by mass spectrometry	NT=Data-dependent acquisition;AC=PRIDE:0000627	NT=label free sample;AC=MS:1002038	NT=q exactive;AC=MS:1001911	NT=Phospho;AC=UNIMOD:21;TA=S,T,Y;MT=Variable	NT=Trypsin;AC=MS:1001251	NT=collision-induced dissociation;AC=MS:1000133	1	1	HD1_1.raw	ftp://ftp.pride.ebi.ac.uk/pride/data/archive/2026/02/PXD072061/HD1_1.raw	v1.1.0	NT=ms-proteomics;VV=v1.1.0	NT=clinical-metadata;VV=v1.0.0	manual curation	blood
SEV4_5	homo sapiens	blood	not applicable	severe acute respiratory syndrome	5	SEV4_5	proteomic profiling by mass spectrometry	NT=Data-dependent acquisition;AC=PRIDE:0000627	NT=label free sample;AC=MS:1002038	NT=q exactive;AC=MS:1001911	NT=Phospho;AC=UNIMOD:21;TA=S,T,Y;MT=Variable	NT=Trypsin;AC=MS:1001251	NT=collision-induced dissociation;AC=MS:1000133	1	1	SEV4_5.raw	ftp://ftp.pride.ebi.ac.uk/pride/data/archive/2026/02/PXD072061/SEV4_5.raw	v1.1.0	NT=ms-proteomics;VV=v1.1.0	NT=clinical-metadata;VV=v1.0.0	manual curation	blood
MILD5_1b	homo sapiens	blood	not applicable	severe acute respiratory syndrome	1	MILD5_1b	proteomic profiling by mass spectrometry	NT=Data-dependent acquisition;AC=PRIDE:0000627	NT=label free sample;AC=MS:1002038	NT=q exactive;AC=MS:1001911	NT=Phospho;AC=UNIMOD:21;TA=S,T,Y;MT=Variable	NT=Trypsin;AC=MS:1001251	NT=collision-induced dissociation;AC=MS:1000133	1	1	MILD5_1b.raw	ftp://ftp.pride.ebi.ac.uk/pride/data/archive/2026/02/PXD072061/MILD5_1b.raw	v1.1.0	NT=ms-proteomics;VV=v1.1.0	NT=clinical-metadata;VV=v1.0.0	manual curation	blood
SEV4_4	homo sapiens	blood	not applicable	severe acute respiratory syndrome	4	SEV4_4	proteomic profiling by mass spectrometry	NT=Data-dependent acquisition;AC=PRIDE:0000627	NT=label free sample;AC=MS:1002038	NT=q exactive;AC=MS:1001911	NT=Phospho;AC=UNIMOD:21;TA=S,T,Y;MT=Variable	NT=Trypsin;AC=MS:1001251	NT=collision-induced dissociation;AC=MS:1000133	1	1	SEV4_4.raw	ftp://ftp.pride.ebi.ac.uk/pride/data/archive/2026/02/PXD072061/SEV4_4.raw	v1.1.0	NT=ms-proteomics;VV=v1.1.0	NT=clinical-metadata;VV=v1.0.0	manual curation	blood
HD3_7b	homo sapiens	blood	not applicable	severe acute respiratory syndrome	1	HD3_7b	proteomic profiling by mass spectrometry	NT=Data-dependent acquisition;AC=PRIDE:0000627	NT=label free sample;AC=MS:1002038	NT=q exactive;AC=MS:1001911	NT=Phospho;AC=UNIMOD:21;TA=S,T,Y;MT=Variable	NT=Trypsin;AC=MS:1001251	NT=collision-induced dissociation;AC=MS:1000133	1	1	HD3_7b.raw	ftp://ftp.pride.ebi.ac.uk/pride/data/archive/2026/02/PXD072061/HD3_7b.raw	v1.1.0	NT=ms-proteomics;VV=v1.1.0	NT=clinical-metadata;VV=v1.0.0	manual curation	blood
MILD10_5b	homo sapiens	blood	not applicable	severe acute respiratory syndrome	1	MILD10_5b	proteomic profiling by mass spectrometry	NT=Data-dependent acquisition;AC=PRIDE:0000627	NT=label free sample;AC=MS:1002038	NT=q exactive;AC=MS:1001911	NT=Phospho;AC=UNIMOD:21;TA=S,T,Y;MT=Variable	NT=Trypsin;AC=MS:1001251	NT=collision-induced dissociation;AC=MS:1000133	1	1	MILD10_5b.raw	ftp://ftp.pride.ebi.ac.uk/pride/data/archive/2026/02/PXD072061/MILD10_5b.raw	v1.1.0	NT=ms-proteomics;VV=v1.1.0	NT=clinical-metadata;VV=v1.0.0	manual curation	blood
SEV6_5b	homo sapiens	blood	not applicable	severe acute respiratory syndrome	1	SEV6_5b	proteomic profiling by mass spectrometry	NT=Data-dependent acquisition;AC=PRIDE:0000627	NT=label free sample;AC=MS:1002038	NT=q exactive;AC=MS:1001911	NT=Phospho;AC=UNIMOD:21;TA=S,T,Y;MT=Variable	NT=Trypsin;AC=MS:1001251	NT=collision-induced dissociation;AC=MS:1000133	1	1	SEV6_5b.raw	ftp://ftp.pride.ebi.ac.uk/pride/data/archive/2026/02/PXD072061/SEV6_5b.raw	v1.1.0	NT=ms-proteomics;VV=v1.1.0	NT=clinical-metadata;VV=v1.0.0	manual curation	blood
MILD4_4	homo sapiens	blood	not applicable	severe acute respiratory syndrome	4	MILD4_4	proteomic profiling by mass spectrometry	NT=Data-dependent acquisition;AC=PRIDE:0000627	NT=label free sample;AC=MS:1002038	NT=q exactive;AC=MS:1001911	NT=Phospho;AC=UNIMOD:21;TA=S,T,Y;MT=Variable	NT=Trypsin;AC=MS:1001251	NT=collision-induced dissociation;AC=MS:1000133	1	1	MILD4_4.raw	ftp://ftp.pride.ebi.ac.uk/pride/data/archive/2026/02/PXD072061/MILD4_4.raw	v1.1.0	NT=ms-proteomics;VV=v1.1.0	NT=clinical-metadata;VV=v1.0.0	manual curation	blood
MILD7_7b	homo sapiens	blood	not applicable	severe acute respiratory syndrome	1	MILD7_7b	proteomic profiling by mass spectrometry	NT=Data-dependent acquisition;AC=PRIDE:0000627	NT=label free sample;AC=MS:1002038	NT=q exactive;AC=MS:1001911	NT=Phospho;AC=UNIMOD:21;TA=S,T,Y;MT=Variable	NT=Trypsin;AC=MS:1001251	NT=collision-induced dissociation;AC=MS:1000133	1	1	MILD7_7b.raw	ftp://ftp.pride.ebi.ac.uk/pride/data/archive/2026/02/PXD072061/MILD7_7b.raw	v1.1.0	NT=ms-proteomics;VV=v1.1.0	NT=clinical-metadata;VV=v1.0.0	manual curation	blood
MILD1_5	homo sapiens	blood	not applicable	severe acute respiratory syndrome	5	MILD1_5	proteomic profiling by mass spectrometry	NT=Data-dependent acquisition;AC=PRIDE:0000627	NT=label free sample;AC=MS:1002038	NT=q exactive;AC=MS:1001911	NT=Phospho;AC=UNIMOD:21;TA=S,T,Y;MT=Variable	NT=Trypsin;AC=MS:1001251	NT=collision-induced dissociation;AC=MS:1000133	1	1	MILD1_5.raw	ftp://ftp.pride.ebi.ac.uk/pride/data/archive/2026/02/PXD072061/MILD1_5.raw	v1.1.0	NT=ms-proteomics;VV=v1.1.0	NT=clinical-metadata;VV=v1.0.0	manual curation	blood
MILD6_1b	homo sapiens	blood	not applicable	severe acute respiratory syndrome	1	MILD6_1b	proteomic profiling by mass spectrometry	NT=Data-dependent acquisition;AC=PRIDE:0000627	NT=label free sample;AC=MS:1002038	NT=q exactive;AC=MS:1001911	NT=Phospho;AC=UNIMOD:21;TA=S,T,Y;MT=Variable	NT=Trypsin;AC=MS:1001251	NT=collision-induced dissociation;AC=MS:1000133	1	1	MILD6_1b.raw	ftp://ftp.pride.ebi.ac.uk/pride/data/archive/2026/02/PXD072061/MILD6_1b.raw	v1.1.0	NT=ms-proteomics;VV=v1.1.0	NT=clinical-metadata;VV=v1.0.0	manual curation	blood
HD5_3b	homo sapiens	blood	not applicable	severe acute respiratory syndrome	1	HD5_3b	proteomic profiling by mass spectrometry	NT=Data-dependent acquisition;AC=PRIDE:0000627	NT=label free sample;AC=MS:1002038	NT=q exactive;AC=MS:1001911	NT=Phospho;AC=UNIMOD:21;TA=S,T,Y;MT=Variable	NT=Trypsin;AC=MS:1001251	NT=collision-induced dissociation;AC=MS:1000133	1	1	HD5_3b.raw	ftp://ftp.pride.ebi.ac.uk/pride/data/archive/2026/02/PXD072061/HD5_3b.raw	v1.1.0	NT=ms-proteomics;VV=v1.1.0	NT=clinical-metadata;VV=v1.0.0	manual curation	blood
SEV8_7b	homo sapiens	blood	not applicable	severe acute respiratory syndrome	1	SEV8_7b	proteomic profiling by mass spectrometry	NT=Data-dependent acquisition;AC=PRIDE:0000627	NT=label free sample;AC=MS:1002038	NT=q exactive;AC=MS:1001911	NT=Phospho;AC=UNIMOD:21;TA=S,T,Y;MT=Variable	NT=Trypsin;AC=MS:1001251	NT=collision-induced dissociation;AC=MS:1000133	1	1	SEV8_7b.raw	ftp://ftp.pride.ebi.ac.uk/pride/data/archive/2026/02/PXD072061/SEV8_7b.raw	v1.1.0	NT=ms-proteomics;VV=v1.1.0	NT=clinical-metadata;VV=v1.0.0	manual curation	blood
HD1_4b	homo sapiens	blood	not applicable	severe acute respiratory syndrome	1	HD1_4b	proteomic profiling by mass spectrometry	NT=Data-dependent acquisition;AC=PRIDE:0000627	NT=label free sample;AC=MS:1002038	NT=q exactive;AC=MS:1001911	NT=Phospho;AC=UNIMOD:21;TA=S,T,Y;MT=Variable	NT=Trypsin;AC=MS:1001251	NT=collision-induced dissociation;AC=MS:1000133	1	1	HD1_4b.raw	ftp://ftp.pride.ebi.ac.uk/pride/data/archive/2026/02/PXD072061/HD1_4b.raw	v1.1.0	NT=ms-proteomics;VV=v1.1.0	NT=clinical-metadata;VV=v1.0.0	manual curation	blood
MILD1_3	homo sapiens	blood	not applicable	severe acute respiratory syndrome	3	MILD1_3	proteomic profiling by mass spectrometry	NT=Data-dependent acquisition;AC=PRIDE:0000627	NT=label free sample;AC=MS:1002038	NT=q exactive;AC=MS:1001911	NT=Phospho;AC=UNIMOD:21;TA=S,T,Y;MT=Variable	NT=Trypsin;AC=MS:1001251	NT=collision-induced dissociation;AC=MS:1000133	1	1	MILD1_3.raw	ftp://ftp.pride.ebi.ac.uk/pride/data/archive/2026/02/PXD072061/MILD1_3.raw	v1.1.0	NT=ms-proteomics;VV=v1.1.0	NT=clinical-metadata;VV=v1.0.0	manual curation	blood
MILD12_6	homo sapiens	blood	not applicable	severe acute respiratory syndrome	6	MILD12_6	proteomic profiling by mass spectrometry	NT=Data-dependent acquisition;AC=PRIDE:0000627	NT=label free sample;AC=MS:1002038	NT=q exactive;AC=MS:1001911	NT=Phospho;AC=UNIMOD:21;TA=S,T,Y;MT=Variable	NT=Trypsin;AC=MS:1001251	NT=collision-induced dissociation;AC=MS:1000133	1	1	MILD12_6.raw	ftp://ftp.pride.ebi.ac.uk/pride/data/archive/2026/02/PXD072061/MILD12_6.raw	v1.1.0	NT=ms-proteomics;VV=v1.1.0	NT=clinical-metadata;VV=v1.0.0	manual curation	blood
SEV5_2b	homo sapiens	blood	not applicable	severe acute respiratory syndrome	1	SEV5_2b	proteomic profiling by mass spectrometry	NT=Data-dependent acquisition;AC=PRIDE:0000627	NT=label free sample;AC=MS:1002038	NT=q exactive;AC=MS:1001911	NT=Phospho;AC=UNIMOD:21;TA=S,T,Y;MT=Variable	NT=Trypsin;AC=MS:1001251	NT=collision-induced dissociation;AC=MS:1000133	1	1	SEV5_2b.raw	ftp://ftp.pride.ebi.ac.uk/pride/data/archive/2026/02/PXD072061/SEV5_2b.raw	v1.1.0	NT=ms-proteomics;VV=v1.1.0	NT=clinical-metadata;VV=v1.0.0	manual curation	blood
MILD4_8	homo sapiens	blood	not applicable	severe acute respiratory syndrome	8	MILD4_8	proteomic profiling by mass spectrometry	NT=Data-dependent acquisition;AC=PRIDE:0000627	NT=label free sample;AC=MS:1002038	NT=q exactive;AC=MS:1001911	NT=Phospho;AC=UNIMOD:21;TA=S,T,Y;MT=Variable	NT=Trypsin;AC=MS:1001251	NT=collision-induced dissociation;AC=MS:1000133	1	1	MILD4_8.raw	ftp://ftp.pride.ebi.ac.uk/pride/data/archive/2026/02/PXD072061/MILD4_8.raw	v1.1.0	NT=ms-proteomics;VV=v1.1.0	NT=clinical-metadata;VV=v1.0.0	manual curation	blood
MILD12_3	homo sapiens	blood	not applicable	severe acute respiratory syndrome	3	MILD12_3	proteomic profiling by mass spectrometry	NT=Data-dependent acquisition;AC=PRIDE:0000627	NT=label free sample;AC=MS:1002038	NT=q exactive;AC=MS:1001911	NT=Phospho;AC=UNIMOD:21;TA=S,T,Y;MT=Variable	NT=Trypsin;AC=MS:1001251	NT=collision-induced dissociation;AC=MS:1000133	1	1	MILD12_3.raw	ftp://ftp.pride.ebi.ac.uk/pride/data/archive/2026/02/PXD072061/MILD12_3.raw	v1.1.0	NT=ms-proteomics;VV=v1.1.0	NT=clinical-metadata;VV=v1.0.0	manual curation	blood
