source name	characteristics[organism]	characteristics[organism part]	characteristics[cell type]	characteristics[disease]	characteristics[biological replicate]	assay name	technology type	comment[proteomics data acquisition method]	comment[label]	comment[instrument]	comment[modification parameters]	comment[modification parameters]	comment[cleavage agent details]	comment[dissociation method]	comment[reduction reagent]	comment[alkylation reagent]	comment[fraction identifier]	comment[technical replicate]	comment[data file]	comment[file uri]	comment[sdrf version]	comment[sdrf template]	comment[sdrf annotation tool]	factor value[organism part]
xl_animalcaps_SEC_RNAse_37a_20181121	xenopus laevis	Animal cap	not applicable	not available	1	xl_animalcaps_SEC_RNAse_37a_20181121	proteomic profiling by mass spectrometry	NT=Data-dependent acquisition;AC=PRIDE:0000627	NT=label free sample;AC=MS:1002038	NT=orbitrap fusion;AC=MS:1002416	NT=Carbamidomethyl;AC=UNIMOD:4;TA=C;MT=Fixed	NT=Oxidation;AC=UNIMOD:35;TA=M;MT=Variable	NT=Trypsin;AC=MS:1001251	NT=higher energy beam-type collision-induced dissociation;AC=MS:1002481	tris(2-carboxyethyl)phosphine (tcep)	iodoacetamide (iaa)	1	1	xl_animalcaps_SEC_RNAse_37a_20181121.raw	ftp://ftp.pride.ebi.ac.uk/pride/data/archive/2020/03/PXD017659/xl_animalcaps_SEC_RNAse_37a_20181121.raw	v1.1.0	NT=ms-proteomics;VV=v1.1.0	manual curation	Animal cap
xl_animalcaps_SEC_RNAse_38a_20181121	xenopus laevis	Animal cap	not applicable	not available	1	xl_animalcaps_SEC_RNAse_38a_20181121	proteomic profiling by mass spectrometry	NT=Data-dependent acquisition;AC=PRIDE:0000627	NT=label free sample;AC=MS:1002038	NT=orbitrap fusion;AC=MS:1002416	NT=Carbamidomethyl;AC=UNIMOD:4;TA=C;MT=Fixed	NT=Oxidation;AC=UNIMOD:35;TA=M;MT=Variable	NT=Trypsin;AC=MS:1001251	NT=higher energy beam-type collision-induced dissociation;AC=MS:1002481	tris(2-carboxyethyl)phosphine (tcep)	iodoacetamide (iaa)	1	1	xl_animalcaps_SEC_RNAse_38a_20181121.raw	ftp://ftp.pride.ebi.ac.uk/pride/data/archive/2020/03/PXD017659/xl_animalcaps_SEC_RNAse_38a_20181121.raw	v1.1.0	NT=ms-proteomics;VV=v1.1.0	manual curation	Animal cap
xl_animalcaps_SEC_RNAse_77a_20181121	xenopus laevis	Animal cap	not applicable	not available	1	xl_animalcaps_SEC_RNAse_77a_20181121	proteomic profiling by mass spectrometry	NT=Data-dependent acquisition;AC=PRIDE:0000627	NT=label free sample;AC=MS:1002038	NT=orbitrap fusion;AC=MS:1002416	NT=Carbamidomethyl;AC=UNIMOD:4;TA=C;MT=Fixed	NT=Oxidation;AC=UNIMOD:35;TA=M;MT=Variable	NT=Trypsin;AC=MS:1001251	NT=higher energy beam-type collision-induced dissociation;AC=MS:1002481	tris(2-carboxyethyl)phosphine (tcep)	iodoacetamide (iaa)	1	1	xl_animalcaps_SEC_RNAse_77a_20181121.raw	ftp://ftp.pride.ebi.ac.uk/pride/data/archive/2020/03/PXD017659/xl_animalcaps_SEC_RNAse_77a_20181121.raw	v1.1.0	NT=ms-proteomics;VV=v1.1.0	manual curation	Animal cap
xl_animalcaps_SEC_Control_21a_20181121	xenopus laevis	Animal cap	not applicable	not available	1	xl_animalcaps_SEC_Control_21a_20181121	proteomic profiling by mass spectrometry	NT=Data-dependent acquisition;AC=PRIDE:0000627	NT=label free sample;AC=MS:1002038	NT=orbitrap fusion;AC=MS:1002416	NT=Carbamidomethyl;AC=UNIMOD:4;TA=C;MT=Fixed	NT=Oxidation;AC=UNIMOD:35;TA=M;MT=Variable	NT=Trypsin;AC=MS:1001251	NT=higher energy beam-type collision-induced dissociation;AC=MS:1002481	tris(2-carboxyethyl)phosphine (tcep)	iodoacetamide (iaa)	1	1	xl_animalcaps_SEC_Control_21a_20181121.raw	ftp://ftp.pride.ebi.ac.uk/pride/data/archive/2020/03/PXD017659/xl_animalcaps_SEC_Control_21a_20181121.raw	v1.1.0	NT=ms-proteomics;VV=v1.1.0	manual curation	Animal cap
xl_animalcaps_SEC_Control_44a_20181121	xenopus laevis	Animal cap	not applicable	not available	1	xl_animalcaps_SEC_Control_44a_20181121	proteomic profiling by mass spectrometry	NT=Data-dependent acquisition;AC=PRIDE:0000627	NT=label free sample;AC=MS:1002038	NT=orbitrap fusion;AC=MS:1002416	NT=Carbamidomethyl;AC=UNIMOD:4;TA=C;MT=Fixed	NT=Oxidation;AC=UNIMOD:35;TA=M;MT=Variable	NT=Trypsin;AC=MS:1001251	NT=higher energy beam-type collision-induced dissociation;AC=MS:1002481	tris(2-carboxyethyl)phosphine (tcep)	iodoacetamide (iaa)	1	1	xl_animalcaps_SEC_Control_44a_20181121.raw	ftp://ftp.pride.ebi.ac.uk/pride/data/archive/2020/03/PXD017659/xl_animalcaps_SEC_Control_44a_20181121.raw	v1.1.0	NT=ms-proteomics;VV=v1.1.0	manual curation	Animal cap
xl_animalcaps_SEC_RNAse_74a_20181121	xenopus laevis	Animal cap	not applicable	not available	1	xl_animalcaps_SEC_RNAse_74a_20181121	proteomic profiling by mass spectrometry	NT=Data-dependent acquisition;AC=PRIDE:0000627	NT=label free sample;AC=MS:1002038	NT=orbitrap fusion;AC=MS:1002416	NT=Carbamidomethyl;AC=UNIMOD:4;TA=C;MT=Fixed	NT=Oxidation;AC=UNIMOD:35;TA=M;MT=Variable	NT=Trypsin;AC=MS:1001251	NT=higher energy beam-type collision-induced dissociation;AC=MS:1002481	tris(2-carboxyethyl)phosphine (tcep)	iodoacetamide (iaa)	1	1	xl_animalcaps_SEC_RNAse_74a_20181121.raw	ftp://ftp.pride.ebi.ac.uk/pride/data/archive/2020/03/PXD017659/xl_animalcaps_SEC_RNAse_74a_20181121.raw	v1.1.0	NT=ms-proteomics;VV=v1.1.0	manual curation	Animal cap
xl_animalcaps_SEC_Control_53a_20181121	xenopus laevis	Animal cap	not applicable	not available	1	xl_animalcaps_SEC_Control_53a_20181121	proteomic profiling by mass spectrometry	NT=Data-dependent acquisition;AC=PRIDE:0000627	NT=label free sample;AC=MS:1002038	NT=orbitrap fusion;AC=MS:1002416	NT=Carbamidomethyl;AC=UNIMOD:4;TA=C;MT=Fixed	NT=Oxidation;AC=UNIMOD:35;TA=M;MT=Variable	NT=Trypsin;AC=MS:1001251	NT=higher energy beam-type collision-induced dissociation;AC=MS:1002481	tris(2-carboxyethyl)phosphine (tcep)	iodoacetamide (iaa)	1	1	xl_animalcaps_SEC_Control_53a_20181121.raw	ftp://ftp.pride.ebi.ac.uk/pride/data/archive/2020/03/PXD017659/xl_animalcaps_SEC_Control_53a_20181121.raw	v1.1.0	NT=ms-proteomics;VV=v1.1.0	manual curation	Animal cap
xl_animalcaps_SEC_RNAse_06a_20181121	xenopus laevis	Animal cap	not applicable	not available	1	xl_animalcaps_SEC_RNAse_06a_20181121	proteomic profiling by mass spectrometry	NT=Data-dependent acquisition;AC=PRIDE:0000627	NT=label free sample;AC=MS:1002038	NT=orbitrap fusion;AC=MS:1002416	NT=Carbamidomethyl;AC=UNIMOD:4;TA=C;MT=Fixed	NT=Oxidation;AC=UNIMOD:35;TA=M;MT=Variable	NT=Trypsin;AC=MS:1001251	NT=higher energy beam-type collision-induced dissociation;AC=MS:1002481	tris(2-carboxyethyl)phosphine (tcep)	iodoacetamide (iaa)	1	1	xl_animalcaps_SEC_RNAse_06a_20181121.raw	ftp://ftp.pride.ebi.ac.uk/pride/data/archive/2020/03/PXD017659/xl_animalcaps_SEC_RNAse_06a_20181121.raw	v1.1.0	NT=ms-proteomics;VV=v1.1.0	manual curation	Animal cap
xl_animalcaps_SEC_Control_12a_20181121	xenopus laevis	Animal cap	not applicable	not available	1	xl_animalcaps_SEC_Control_12a_20181121	proteomic profiling by mass spectrometry	NT=Data-dependent acquisition;AC=PRIDE:0000627	NT=label free sample;AC=MS:1002038	NT=orbitrap fusion;AC=MS:1002416	NT=Carbamidomethyl;AC=UNIMOD:4;TA=C;MT=Fixed	NT=Oxidation;AC=UNIMOD:35;TA=M;MT=Variable	NT=Trypsin;AC=MS:1001251	NT=higher energy beam-type collision-induced dissociation;AC=MS:1002481	tris(2-carboxyethyl)phosphine (tcep)	iodoacetamide (iaa)	1	1	xl_animalcaps_SEC_Control_12a_20181121.raw	ftp://ftp.pride.ebi.ac.uk/pride/data/archive/2020/03/PXD017659/xl_animalcaps_SEC_Control_12a_20181121.raw	v1.1.0	NT=ms-proteomics;VV=v1.1.0	manual curation	Animal cap
xl_animalcaps_SEC_Control_67a_20181121	xenopus laevis	Animal cap	not applicable	not available	1	xl_animalcaps_SEC_Control_67a_20181121	proteomic profiling by mass spectrometry	NT=Data-dependent acquisition;AC=PRIDE:0000627	NT=label free sample;AC=MS:1002038	NT=orbitrap fusion;AC=MS:1002416	NT=Carbamidomethyl;AC=UNIMOD:4;TA=C;MT=Fixed	NT=Oxidation;AC=UNIMOD:35;TA=M;MT=Variable	NT=Trypsin;AC=MS:1001251	NT=higher energy beam-type collision-induced dissociation;AC=MS:1002481	tris(2-carboxyethyl)phosphine (tcep)	iodoacetamide (iaa)	1	1	xl_animalcaps_SEC_Control_67a_20181121.raw	ftp://ftp.pride.ebi.ac.uk/pride/data/archive/2020/03/PXD017659/xl_animalcaps_SEC_Control_67a_20181121.raw	v1.1.0	NT=ms-proteomics;VV=v1.1.0	manual curation	Animal cap
xl_animalcaps_SEC_Control_40a_20181121	xenopus laevis	Animal cap	not applicable	not available	1	xl_animalcaps_SEC_Control_40a_20181121	proteomic profiling by mass spectrometry	NT=Data-dependent acquisition;AC=PRIDE:0000627	NT=label free sample;AC=MS:1002038	NT=orbitrap fusion;AC=MS:1002416	NT=Carbamidomethyl;AC=UNIMOD:4;TA=C;MT=Fixed	NT=Oxidation;AC=UNIMOD:35;TA=M;MT=Variable	NT=Trypsin;AC=MS:1001251	NT=higher energy beam-type collision-induced dissociation;AC=MS:1002481	tris(2-carboxyethyl)phosphine (tcep)	iodoacetamide (iaa)	1	1	xl_animalcaps_SEC_Control_40a_20181121.raw	ftp://ftp.pride.ebi.ac.uk/pride/data/archive/2020/03/PXD017659/xl_animalcaps_SEC_Control_40a_20181121.raw	v1.1.0	NT=ms-proteomics;VV=v1.1.0	manual curation	Animal cap
xl_animalcaps_SEC_RNAse_07a_20181121	xenopus laevis	Animal cap	not applicable	not available	1	xl_animalcaps_SEC_RNAse_07a_20181121	proteomic profiling by mass spectrometry	NT=Data-dependent acquisition;AC=PRIDE:0000627	NT=label free sample;AC=MS:1002038	NT=orbitrap fusion;AC=MS:1002416	NT=Carbamidomethyl;AC=UNIMOD:4;TA=C;MT=Fixed	NT=Oxidation;AC=UNIMOD:35;TA=M;MT=Variable	NT=Trypsin;AC=MS:1001251	NT=higher energy beam-type collision-induced dissociation;AC=MS:1002481	tris(2-carboxyethyl)phosphine (tcep)	iodoacetamide (iaa)	1	1	xl_animalcaps_SEC_RNAse_07a_20181121.raw	ftp://ftp.pride.ebi.ac.uk/pride/data/archive/2020/03/PXD017659/xl_animalcaps_SEC_RNAse_07a_20181121.raw	v1.1.0	NT=ms-proteomics;VV=v1.1.0	manual curation	Animal cap
xl_animalcaps_SEC_Control_72a_20181121	xenopus laevis	Animal cap	not applicable	not available	1	xl_animalcaps_SEC_Control_72a_20181121	proteomic profiling by mass spectrometry	NT=Data-dependent acquisition;AC=PRIDE:0000627	NT=label free sample;AC=MS:1002038	NT=orbitrap fusion;AC=MS:1002416	NT=Carbamidomethyl;AC=UNIMOD:4;TA=C;MT=Fixed	NT=Oxidation;AC=UNIMOD:35;TA=M;MT=Variable	NT=Trypsin;AC=MS:1001251	NT=higher energy beam-type collision-induced dissociation;AC=MS:1002481	tris(2-carboxyethyl)phosphine (tcep)	iodoacetamide (iaa)	1	1	xl_animalcaps_SEC_Control_72a_20181121.raw	ftp://ftp.pride.ebi.ac.uk/pride/data/archive/2020/03/PXD017659/xl_animalcaps_SEC_Control_72a_20181121.raw	v1.1.0	NT=ms-proteomics;VV=v1.1.0	manual curation	Animal cap
xl_animalcaps_SEC_Control_31a_20181121	xenopus laevis	Animal cap	not applicable	not available	1	xl_animalcaps_SEC_Control_31a_20181121	proteomic profiling by mass spectrometry	NT=Data-dependent acquisition;AC=PRIDE:0000627	NT=label free sample;AC=MS:1002038	NT=orbitrap fusion;AC=MS:1002416	NT=Carbamidomethyl;AC=UNIMOD:4;TA=C;MT=Fixed	NT=Oxidation;AC=UNIMOD:35;TA=M;MT=Variable	NT=Trypsin;AC=MS:1001251	NT=higher energy beam-type collision-induced dissociation;AC=MS:1002481	tris(2-carboxyethyl)phosphine (tcep)	iodoacetamide (iaa)	1	1	xl_animalcaps_SEC_Control_31a_20181121.raw	ftp://ftp.pride.ebi.ac.uk/pride/data/archive/2020/03/PXD017659/xl_animalcaps_SEC_Control_31a_20181121.raw	v1.1.0	NT=ms-proteomics;VV=v1.1.0	manual curation	Animal cap
xl_animalcaps_SEC_Control_60a_20181121	xenopus laevis	Animal cap	not applicable	not available	1	xl_animalcaps_SEC_Control_60a_20181121	proteomic profiling by mass spectrometry	NT=Data-dependent acquisition;AC=PRIDE:0000627	NT=label free sample;AC=MS:1002038	NT=orbitrap fusion;AC=MS:1002416	NT=Carbamidomethyl;AC=UNIMOD:4;TA=C;MT=Fixed	NT=Oxidation;AC=UNIMOD:35;TA=M;MT=Variable	NT=Trypsin;AC=MS:1001251	NT=higher energy beam-type collision-induced dissociation;AC=MS:1002481	tris(2-carboxyethyl)phosphine (tcep)	iodoacetamide (iaa)	1	1	xl_animalcaps_SEC_Control_60a_20181121.raw	ftp://ftp.pride.ebi.ac.uk/pride/data/archive/2020/03/PXD017659/xl_animalcaps_SEC_Control_60a_20181121.raw	v1.1.0	NT=ms-proteomics;VV=v1.1.0	manual curation	Animal cap
xl_animalcaps_SEC_RNAse_56a_20181121	xenopus laevis	Animal cap	not applicable	not available	1	xl_animalcaps_SEC_RNAse_56a_20181121	proteomic profiling by mass spectrometry	NT=Data-dependent acquisition;AC=PRIDE:0000627	NT=label free sample;AC=MS:1002038	NT=orbitrap fusion;AC=MS:1002416	NT=Carbamidomethyl;AC=UNIMOD:4;TA=C;MT=Fixed	NT=Oxidation;AC=UNIMOD:35;TA=M;MT=Variable	NT=Trypsin;AC=MS:1001251	NT=higher energy beam-type collision-induced dissociation;AC=MS:1002481	tris(2-carboxyethyl)phosphine (tcep)	iodoacetamide (iaa)	1	1	xl_animalcaps_SEC_RNAse_56a_20181121.raw	ftp://ftp.pride.ebi.ac.uk/pride/data/archive/2020/03/PXD017659/xl_animalcaps_SEC_RNAse_56a_20181121.raw	v1.1.0	NT=ms-proteomics;VV=v1.1.0	manual curation	Animal cap
xl_animalcaps_SEC_RNAse_33a_20181121	xenopus laevis	Animal cap	not applicable	not available	1	xl_animalcaps_SEC_RNAse_33a_20181121	proteomic profiling by mass spectrometry	NT=Data-dependent acquisition;AC=PRIDE:0000627	NT=label free sample;AC=MS:1002038	NT=orbitrap fusion;AC=MS:1002416	NT=Carbamidomethyl;AC=UNIMOD:4;TA=C;MT=Fixed	NT=Oxidation;AC=UNIMOD:35;TA=M;MT=Variable	NT=Trypsin;AC=MS:1001251	NT=higher energy beam-type collision-induced dissociation;AC=MS:1002481	tris(2-carboxyethyl)phosphine (tcep)	iodoacetamide (iaa)	1	1	xl_animalcaps_SEC_RNAse_33a_20181121.raw	ftp://ftp.pride.ebi.ac.uk/pride/data/archive/2020/03/PXD017659/xl_animalcaps_SEC_RNAse_33a_20181121.raw	v1.1.0	NT=ms-proteomics;VV=v1.1.0	manual curation	Animal cap
xl_animalcaps_SEC_RNAse_70a_20181121	xenopus laevis	Animal cap	not applicable	not available	1	xl_animalcaps_SEC_RNAse_70a_20181121	proteomic profiling by mass spectrometry	NT=Data-dependent acquisition;AC=PRIDE:0000627	NT=label free sample;AC=MS:1002038	NT=orbitrap fusion;AC=MS:1002416	NT=Carbamidomethyl;AC=UNIMOD:4;TA=C;MT=Fixed	NT=Oxidation;AC=UNIMOD:35;TA=M;MT=Variable	NT=Trypsin;AC=MS:1001251	NT=higher energy beam-type collision-induced dissociation;AC=MS:1002481	tris(2-carboxyethyl)phosphine (tcep)	iodoacetamide (iaa)	1	1	xl_animalcaps_SEC_RNAse_70a_20181121.raw	ftp://ftp.pride.ebi.ac.uk/pride/data/archive/2020/03/PXD017659/xl_animalcaps_SEC_RNAse_70a_20181121.raw	v1.1.0	NT=ms-proteomics;VV=v1.1.0	manual curation	Animal cap
xl_animalcaps_SEC_RNAse_73a_20181121	xenopus laevis	Animal cap	not applicable	not available	1	xl_animalcaps_SEC_RNAse_73a_20181121	proteomic profiling by mass spectrometry	NT=Data-dependent acquisition;AC=PRIDE:0000627	NT=label free sample;AC=MS:1002038	NT=orbitrap fusion;AC=MS:1002416	NT=Carbamidomethyl;AC=UNIMOD:4;TA=C;MT=Fixed	NT=Oxidation;AC=UNIMOD:35;TA=M;MT=Variable	NT=Trypsin;AC=MS:1001251	NT=higher energy beam-type collision-induced dissociation;AC=MS:1002481	tris(2-carboxyethyl)phosphine (tcep)	iodoacetamide (iaa)	1	1	xl_animalcaps_SEC_RNAse_73a_20181121.raw	ftp://ftp.pride.ebi.ac.uk/pride/data/archive/2020/03/PXD017659/xl_animalcaps_SEC_RNAse_73a_20181121.raw	v1.1.0	NT=ms-proteomics;VV=v1.1.0	manual curation	Animal cap
xl_animalcaps_SEC_RNAse_26a_20181121	xenopus laevis	Animal cap	not applicable	not available	1	xl_animalcaps_SEC_RNAse_26a_20181121	proteomic profiling by mass spectrometry	NT=Data-dependent acquisition;AC=PRIDE:0000627	NT=label free sample;AC=MS:1002038	NT=orbitrap fusion;AC=MS:1002416	NT=Carbamidomethyl;AC=UNIMOD:4;TA=C;MT=Fixed	NT=Oxidation;AC=UNIMOD:35;TA=M;MT=Variable	NT=Trypsin;AC=MS:1001251	NT=higher energy beam-type collision-induced dissociation;AC=MS:1002481	tris(2-carboxyethyl)phosphine (tcep)	iodoacetamide (iaa)	1	1	xl_animalcaps_SEC_RNAse_26a_20181121.raw	ftp://ftp.pride.ebi.ac.uk/pride/data/archive/2020/03/PXD017659/xl_animalcaps_SEC_RNAse_26a_20181121.raw	v1.1.0	NT=ms-proteomics;VV=v1.1.0	manual curation	Animal cap
xl_animalcaps_SEC_Control_51a_20181121	xenopus laevis	Animal cap	not applicable	not available	1	xl_animalcaps_SEC_Control_51a_20181121	proteomic profiling by mass spectrometry	NT=Data-dependent acquisition;AC=PRIDE:0000627	NT=label free sample;AC=MS:1002038	NT=orbitrap fusion;AC=MS:1002416	NT=Carbamidomethyl;AC=UNIMOD:4;TA=C;MT=Fixed	NT=Oxidation;AC=UNIMOD:35;TA=M;MT=Variable	NT=Trypsin;AC=MS:1001251	NT=higher energy beam-type collision-induced dissociation;AC=MS:1002481	tris(2-carboxyethyl)phosphine (tcep)	iodoacetamide (iaa)	1	1	xl_animalcaps_SEC_Control_51a_20181121.raw	ftp://ftp.pride.ebi.ac.uk/pride/data/archive/2020/03/PXD017659/xl_animalcaps_SEC_Control_51a_20181121.raw	v1.1.0	NT=ms-proteomics;VV=v1.1.0	manual curation	Animal cap
xl_animalcaps_SEC_Control_36a_20181121	xenopus laevis	Animal cap	not applicable	not available	1	xl_animalcaps_SEC_Control_36a_20181121	proteomic profiling by mass spectrometry	NT=Data-dependent acquisition;AC=PRIDE:0000627	NT=label free sample;AC=MS:1002038	NT=orbitrap fusion;AC=MS:1002416	NT=Carbamidomethyl;AC=UNIMOD:4;TA=C;MT=Fixed	NT=Oxidation;AC=UNIMOD:35;TA=M;MT=Variable	NT=Trypsin;AC=MS:1001251	NT=higher energy beam-type collision-induced dissociation;AC=MS:1002481	tris(2-carboxyethyl)phosphine (tcep)	iodoacetamide (iaa)	1	1	xl_animalcaps_SEC_Control_36a_20181121.raw	ftp://ftp.pride.ebi.ac.uk/pride/data/archive/2020/03/PXD017659/xl_animalcaps_SEC_Control_36a_20181121.raw	v1.1.0	NT=ms-proteomics;VV=v1.1.0	manual curation	Animal cap
xl_animalcaps_SEC_Control_56a_20181121	xenopus laevis	Animal cap	not applicable	not available	1	xl_animalcaps_SEC_Control_56a_20181121	proteomic profiling by mass spectrometry	NT=Data-dependent acquisition;AC=PRIDE:0000627	NT=label free sample;AC=MS:1002038	NT=orbitrap fusion;AC=MS:1002416	NT=Carbamidomethyl;AC=UNIMOD:4;TA=C;MT=Fixed	NT=Oxidation;AC=UNIMOD:35;TA=M;MT=Variable	NT=Trypsin;AC=MS:1001251	NT=higher energy beam-type collision-induced dissociation;AC=MS:1002481	tris(2-carboxyethyl)phosphine (tcep)	iodoacetamide (iaa)	1	1	xl_animalcaps_SEC_Control_56a_20181121.raw	ftp://ftp.pride.ebi.ac.uk/pride/data/archive/2020/03/PXD017659/xl_animalcaps_SEC_Control_56a_20181121.raw	v1.1.0	NT=ms-proteomics;VV=v1.1.0	manual curation	Animal cap
xl_animalcaps_SEC_Control_34a_20181121	xenopus laevis	Animal cap	not applicable	not available	1	xl_animalcaps_SEC_Control_34a_20181121	proteomic profiling by mass spectrometry	NT=Data-dependent acquisition;AC=PRIDE:0000627	NT=label free sample;AC=MS:1002038	NT=orbitrap fusion;AC=MS:1002416	NT=Carbamidomethyl;AC=UNIMOD:4;TA=C;MT=Fixed	NT=Oxidation;AC=UNIMOD:35;TA=M;MT=Variable	NT=Trypsin;AC=MS:1001251	NT=higher energy beam-type collision-induced dissociation;AC=MS:1002481	tris(2-carboxyethyl)phosphine (tcep)	iodoacetamide (iaa)	1	1	xl_animalcaps_SEC_Control_34a_20181121.raw	ftp://ftp.pride.ebi.ac.uk/pride/data/archive/2020/03/PXD017659/xl_animalcaps_SEC_Control_34a_20181121.raw	v1.1.0	NT=ms-proteomics;VV=v1.1.0	manual curation	Animal cap
xl_animalcaps_SEC_Control_47a_20181121	xenopus laevis	Animal cap	not applicable	not available	1	xl_animalcaps_SEC_Control_47a_20181121	proteomic profiling by mass spectrometry	NT=Data-dependent acquisition;AC=PRIDE:0000627	NT=label free sample;AC=MS:1002038	NT=orbitrap fusion;AC=MS:1002416	NT=Carbamidomethyl;AC=UNIMOD:4;TA=C;MT=Fixed	NT=Oxidation;AC=UNIMOD:35;TA=M;MT=Variable	NT=Trypsin;AC=MS:1001251	NT=higher energy beam-type collision-induced dissociation;AC=MS:1002481	tris(2-carboxyethyl)phosphine (tcep)	iodoacetamide (iaa)	1	1	xl_animalcaps_SEC_Control_47a_20181121.raw	ftp://ftp.pride.ebi.ac.uk/pride/data/archive/2020/03/PXD017659/xl_animalcaps_SEC_Control_47a_20181121.raw	v1.1.0	NT=ms-proteomics;VV=v1.1.0	manual curation	Animal cap
xl_animalcaps_SEC_RNAse_19a_20181121	xenopus laevis	Animal cap	not applicable	not available	1	xl_animalcaps_SEC_RNAse_19a_20181121	proteomic profiling by mass spectrometry	NT=Data-dependent acquisition;AC=PRIDE:0000627	NT=label free sample;AC=MS:1002038	NT=orbitrap fusion;AC=MS:1002416	NT=Carbamidomethyl;AC=UNIMOD:4;TA=C;MT=Fixed	NT=Oxidation;AC=UNIMOD:35;TA=M;MT=Variable	NT=Trypsin;AC=MS:1001251	NT=higher energy beam-type collision-induced dissociation;AC=MS:1002481	tris(2-carboxyethyl)phosphine (tcep)	iodoacetamide (iaa)	1	1	xl_animalcaps_SEC_RNAse_19a_20181121.raw	ftp://ftp.pride.ebi.ac.uk/pride/data/archive/2020/03/PXD017659/xl_animalcaps_SEC_RNAse_19a_20181121.raw	v1.1.0	NT=ms-proteomics;VV=v1.1.0	manual curation	Animal cap
xl_animalcaps_SEC_Control_64a_20181121	xenopus laevis	Animal cap	not applicable	not available	1	xl_animalcaps_SEC_Control_64a_20181121	proteomic profiling by mass spectrometry	NT=Data-dependent acquisition;AC=PRIDE:0000627	NT=label free sample;AC=MS:1002038	NT=orbitrap fusion;AC=MS:1002416	NT=Carbamidomethyl;AC=UNIMOD:4;TA=C;MT=Fixed	NT=Oxidation;AC=UNIMOD:35;TA=M;MT=Variable	NT=Trypsin;AC=MS:1001251	NT=higher energy beam-type collision-induced dissociation;AC=MS:1002481	tris(2-carboxyethyl)phosphine (tcep)	iodoacetamide (iaa)	1	1	xl_animalcaps_SEC_Control_64a_20181121.raw	ftp://ftp.pride.ebi.ac.uk/pride/data/archive/2020/03/PXD017659/xl_animalcaps_SEC_Control_64a_20181121.raw	v1.1.0	NT=ms-proteomics;VV=v1.1.0	manual curation	Animal cap
xl_animalcaps_SEC_Control_62a_20181121	xenopus laevis	Animal cap	not applicable	not available	1	xl_animalcaps_SEC_Control_62a_20181121	proteomic profiling by mass spectrometry	NT=Data-dependent acquisition;AC=PRIDE:0000627	NT=label free sample;AC=MS:1002038	NT=orbitrap fusion;AC=MS:1002416	NT=Carbamidomethyl;AC=UNIMOD:4;TA=C;MT=Fixed	NT=Oxidation;AC=UNIMOD:35;TA=M;MT=Variable	NT=Trypsin;AC=MS:1001251	NT=higher energy beam-type collision-induced dissociation;AC=MS:1002481	tris(2-carboxyethyl)phosphine (tcep)	iodoacetamide (iaa)	1	1	xl_animalcaps_SEC_Control_62a_20181121.raw	ftp://ftp.pride.ebi.ac.uk/pride/data/archive/2020/03/PXD017659/xl_animalcaps_SEC_Control_62a_20181121.raw	v1.1.0	NT=ms-proteomics;VV=v1.1.0	manual curation	Animal cap
xl_animalcaps_SEC_Control_54a_20181121	xenopus laevis	Animal cap	not applicable	not available	1	xl_animalcaps_SEC_Control_54a_20181121	proteomic profiling by mass spectrometry	NT=Data-dependent acquisition;AC=PRIDE:0000627	NT=label free sample;AC=MS:1002038	NT=orbitrap fusion;AC=MS:1002416	NT=Carbamidomethyl;AC=UNIMOD:4;TA=C;MT=Fixed	NT=Oxidation;AC=UNIMOD:35;TA=M;MT=Variable	NT=Trypsin;AC=MS:1001251	NT=higher energy beam-type collision-induced dissociation;AC=MS:1002481	tris(2-carboxyethyl)phosphine (tcep)	iodoacetamide (iaa)	1	1	xl_animalcaps_SEC_Control_54a_20181121.raw	ftp://ftp.pride.ebi.ac.uk/pride/data/archive/2020/03/PXD017659/xl_animalcaps_SEC_Control_54a_20181121.raw	v1.1.0	NT=ms-proteomics;VV=v1.1.0	manual curation	Animal cap
xl_animalcaps_SEC_RNAse_53a_20181121	xenopus laevis	Animal cap	not applicable	not available	1	xl_animalcaps_SEC_RNAse_53a_20181121	proteomic profiling by mass spectrometry	NT=Data-dependent acquisition;AC=PRIDE:0000627	NT=label free sample;AC=MS:1002038	NT=orbitrap fusion;AC=MS:1002416	NT=Carbamidomethyl;AC=UNIMOD:4;TA=C;MT=Fixed	NT=Oxidation;AC=UNIMOD:35;TA=M;MT=Variable	NT=Trypsin;AC=MS:1001251	NT=higher energy beam-type collision-induced dissociation;AC=MS:1002481	tris(2-carboxyethyl)phosphine (tcep)	iodoacetamide (iaa)	1	1	xl_animalcaps_SEC_RNAse_53a_20181121.raw	ftp://ftp.pride.ebi.ac.uk/pride/data/archive/2020/03/PXD017659/xl_animalcaps_SEC_RNAse_53a_20181121.raw	v1.1.0	NT=ms-proteomics;VV=v1.1.0	manual curation	Animal cap
xl_animalcaps_SEC_Control_66a_20181121	xenopus laevis	Animal cap	not applicable	not available	1	xl_animalcaps_SEC_Control_66a_20181121	proteomic profiling by mass spectrometry	NT=Data-dependent acquisition;AC=PRIDE:0000627	NT=label free sample;AC=MS:1002038	NT=orbitrap fusion;AC=MS:1002416	NT=Carbamidomethyl;AC=UNIMOD:4;TA=C;MT=Fixed	NT=Oxidation;AC=UNIMOD:35;TA=M;MT=Variable	NT=Trypsin;AC=MS:1001251	NT=higher energy beam-type collision-induced dissociation;AC=MS:1002481	tris(2-carboxyethyl)phosphine (tcep)	iodoacetamide (iaa)	1	1	xl_animalcaps_SEC_Control_66a_20181121.raw	ftp://ftp.pride.ebi.ac.uk/pride/data/archive/2020/03/PXD017659/xl_animalcaps_SEC_Control_66a_20181121.raw	v1.1.0	NT=ms-proteomics;VV=v1.1.0	manual curation	Animal cap
xl_animalcaps_SEC_Control_17a_20181121	xenopus laevis	Animal cap	not applicable	not available	1	xl_animalcaps_SEC_Control_17a_20181121	proteomic profiling by mass spectrometry	NT=Data-dependent acquisition;AC=PRIDE:0000627	NT=label free sample;AC=MS:1002038	NT=orbitrap fusion;AC=MS:1002416	NT=Carbamidomethyl;AC=UNIMOD:4;TA=C;MT=Fixed	NT=Oxidation;AC=UNIMOD:35;TA=M;MT=Variable	NT=Trypsin;AC=MS:1001251	NT=higher energy beam-type collision-induced dissociation;AC=MS:1002481	tris(2-carboxyethyl)phosphine (tcep)	iodoacetamide (iaa)	1	1	xl_animalcaps_SEC_Control_17a_20181121.raw	ftp://ftp.pride.ebi.ac.uk/pride/data/archive/2020/03/PXD017659/xl_animalcaps_SEC_Control_17a_20181121.raw	v1.1.0	NT=ms-proteomics;VV=v1.1.0	manual curation	Animal cap
xl_animalcaps_SEC_RNAse_25a_20181121	xenopus laevis	Animal cap	not applicable	not available	1	xl_animalcaps_SEC_RNAse_25a_20181121	proteomic profiling by mass spectrometry	NT=Data-dependent acquisition;AC=PRIDE:0000627	NT=label free sample;AC=MS:1002038	NT=orbitrap fusion;AC=MS:1002416	NT=Carbamidomethyl;AC=UNIMOD:4;TA=C;MT=Fixed	NT=Oxidation;AC=UNIMOD:35;TA=M;MT=Variable	NT=Trypsin;AC=MS:1001251	NT=higher energy beam-type collision-induced dissociation;AC=MS:1002481	tris(2-carboxyethyl)phosphine (tcep)	iodoacetamide (iaa)	1	1	xl_animalcaps_SEC_RNAse_25a_20181121.raw	ftp://ftp.pride.ebi.ac.uk/pride/data/archive/2020/03/PXD017659/xl_animalcaps_SEC_RNAse_25a_20181121.raw	v1.1.0	NT=ms-proteomics;VV=v1.1.0	manual curation	Animal cap
xl_animalcaps_SEC_RNAse_39a_20181121	xenopus laevis	Animal cap	not applicable	not available	1	xl_animalcaps_SEC_RNAse_39a_20181121	proteomic profiling by mass spectrometry	NT=Data-dependent acquisition;AC=PRIDE:0000627	NT=label free sample;AC=MS:1002038	NT=orbitrap fusion;AC=MS:1002416	NT=Carbamidomethyl;AC=UNIMOD:4;TA=C;MT=Fixed	NT=Oxidation;AC=UNIMOD:35;TA=M;MT=Variable	NT=Trypsin;AC=MS:1001251	NT=higher energy beam-type collision-induced dissociation;AC=MS:1002481	tris(2-carboxyethyl)phosphine (tcep)	iodoacetamide (iaa)	1	1	xl_animalcaps_SEC_RNAse_39a_20181121.raw	ftp://ftp.pride.ebi.ac.uk/pride/data/archive/2020/03/PXD017659/xl_animalcaps_SEC_RNAse_39a_20181121.raw	v1.1.0	NT=ms-proteomics;VV=v1.1.0	manual curation	Animal cap
xl_animalcaps_SEC_RNAse_66a_20181121	xenopus laevis	Animal cap	not applicable	not available	1	xl_animalcaps_SEC_RNAse_66a_20181121	proteomic profiling by mass spectrometry	NT=Data-dependent acquisition;AC=PRIDE:0000627	NT=label free sample;AC=MS:1002038	NT=orbitrap fusion;AC=MS:1002416	NT=Carbamidomethyl;AC=UNIMOD:4;TA=C;MT=Fixed	NT=Oxidation;AC=UNIMOD:35;TA=M;MT=Variable	NT=Trypsin;AC=MS:1001251	NT=higher energy beam-type collision-induced dissociation;AC=MS:1002481	tris(2-carboxyethyl)phosphine (tcep)	iodoacetamide (iaa)	1	1	xl_animalcaps_SEC_RNAse_66a_20181121.raw	ftp://ftp.pride.ebi.ac.uk/pride/data/archive/2020/03/PXD017659/xl_animalcaps_SEC_RNAse_66a_20181121.raw	v1.1.0	NT=ms-proteomics;VV=v1.1.0	manual curation	Animal cap
xl_animalcaps_SEC_RNAse_29a_20181121	xenopus laevis	Animal cap	not applicable	not available	1	xl_animalcaps_SEC_RNAse_29a_20181121	proteomic profiling by mass spectrometry	NT=Data-dependent acquisition;AC=PRIDE:0000627	NT=label free sample;AC=MS:1002038	NT=orbitrap fusion;AC=MS:1002416	NT=Carbamidomethyl;AC=UNIMOD:4;TA=C;MT=Fixed	NT=Oxidation;AC=UNIMOD:35;TA=M;MT=Variable	NT=Trypsin;AC=MS:1001251	NT=higher energy beam-type collision-induced dissociation;AC=MS:1002481	tris(2-carboxyethyl)phosphine (tcep)	iodoacetamide (iaa)	1	1	xl_animalcaps_SEC_RNAse_29a_20181121.raw	ftp://ftp.pride.ebi.ac.uk/pride/data/archive/2020/03/PXD017659/xl_animalcaps_SEC_RNAse_29a_20181121.raw	v1.1.0	NT=ms-proteomics;VV=v1.1.0	manual curation	Animal cap
xl_animalcaps_SEC_RNAse_05a_20181121	xenopus laevis	Animal cap	not applicable	not available	1	xl_animalcaps_SEC_RNAse_05a_20181121	proteomic profiling by mass spectrometry	NT=Data-dependent acquisition;AC=PRIDE:0000627	NT=label free sample;AC=MS:1002038	NT=orbitrap fusion;AC=MS:1002416	NT=Carbamidomethyl;AC=UNIMOD:4;TA=C;MT=Fixed	NT=Oxidation;AC=UNIMOD:35;TA=M;MT=Variable	NT=Trypsin;AC=MS:1001251	NT=higher energy beam-type collision-induced dissociation;AC=MS:1002481	tris(2-carboxyethyl)phosphine (tcep)	iodoacetamide (iaa)	1	1	xl_animalcaps_SEC_RNAse_05a_20181121.raw	ftp://ftp.pride.ebi.ac.uk/pride/data/archive/2020/03/PXD017659/xl_animalcaps_SEC_RNAse_05a_20181121.raw	v1.1.0	NT=ms-proteomics;VV=v1.1.0	manual curation	Animal cap
xl_animalcaps_SEC_Control_32a_20181121	xenopus laevis	Animal cap	not applicable	not available	1	xl_animalcaps_SEC_Control_32a_20181121	proteomic profiling by mass spectrometry	NT=Data-dependent acquisition;AC=PRIDE:0000627	NT=label free sample;AC=MS:1002038	NT=orbitrap fusion;AC=MS:1002416	NT=Carbamidomethyl;AC=UNIMOD:4;TA=C;MT=Fixed	NT=Oxidation;AC=UNIMOD:35;TA=M;MT=Variable	NT=Trypsin;AC=MS:1001251	NT=higher energy beam-type collision-induced dissociation;AC=MS:1002481	tris(2-carboxyethyl)phosphine (tcep)	iodoacetamide (iaa)	1	1	xl_animalcaps_SEC_Control_32a_20181121.raw	ftp://ftp.pride.ebi.ac.uk/pride/data/archive/2020/03/PXD017659/xl_animalcaps_SEC_Control_32a_20181121.raw	v1.1.0	NT=ms-proteomics;VV=v1.1.0	manual curation	Animal cap
xl_animalcaps_SEC_Control_73a_20181121	xenopus laevis	Animal cap	not applicable	not available	1	xl_animalcaps_SEC_Control_73a_20181121	proteomic profiling by mass spectrometry	NT=Data-dependent acquisition;AC=PRIDE:0000627	NT=label free sample;AC=MS:1002038	NT=orbitrap fusion;AC=MS:1002416	NT=Carbamidomethyl;AC=UNIMOD:4;TA=C;MT=Fixed	NT=Oxidation;AC=UNIMOD:35;TA=M;MT=Variable	NT=Trypsin;AC=MS:1001251	NT=higher energy beam-type collision-induced dissociation;AC=MS:1002481	tris(2-carboxyethyl)phosphine (tcep)	iodoacetamide (iaa)	1	1	xl_animalcaps_SEC_Control_73a_20181121.raw	ftp://ftp.pride.ebi.ac.uk/pride/data/archive/2020/03/PXD017659/xl_animalcaps_SEC_Control_73a_20181121.raw	v1.1.0	NT=ms-proteomics;VV=v1.1.0	manual curation	Animal cap
xl_animalcaps_SEC_Control_13a_20181121	xenopus laevis	Animal cap	not applicable	not available	1	xl_animalcaps_SEC_Control_13a_20181121	proteomic profiling by mass spectrometry	NT=Data-dependent acquisition;AC=PRIDE:0000627	NT=label free sample;AC=MS:1002038	NT=orbitrap fusion;AC=MS:1002416	NT=Carbamidomethyl;AC=UNIMOD:4;TA=C;MT=Fixed	NT=Oxidation;AC=UNIMOD:35;TA=M;MT=Variable	NT=Trypsin;AC=MS:1001251	NT=higher energy beam-type collision-induced dissociation;AC=MS:1002481	tris(2-carboxyethyl)phosphine (tcep)	iodoacetamide (iaa)	1	1	xl_animalcaps_SEC_Control_13a_20181121.raw	ftp://ftp.pride.ebi.ac.uk/pride/data/archive/2020/03/PXD017659/xl_animalcaps_SEC_Control_13a_20181121.raw	v1.1.0	NT=ms-proteomics;VV=v1.1.0	manual curation	Animal cap
xl_animalcaps_SEC_RNAse_41a_20181121	xenopus laevis	Animal cap	not applicable	not available	1	xl_animalcaps_SEC_RNAse_41a_20181121	proteomic profiling by mass spectrometry	NT=Data-dependent acquisition;AC=PRIDE:0000627	NT=label free sample;AC=MS:1002038	NT=orbitrap fusion;AC=MS:1002416	NT=Carbamidomethyl;AC=UNIMOD:4;TA=C;MT=Fixed	NT=Oxidation;AC=UNIMOD:35;TA=M;MT=Variable	NT=Trypsin;AC=MS:1001251	NT=higher energy beam-type collision-induced dissociation;AC=MS:1002481	tris(2-carboxyethyl)phosphine (tcep)	iodoacetamide (iaa)	1	1	xl_animalcaps_SEC_RNAse_41a_20181121.raw	ftp://ftp.pride.ebi.ac.uk/pride/data/archive/2020/03/PXD017659/xl_animalcaps_SEC_RNAse_41a_20181121.raw	v1.1.0	NT=ms-proteomics;VV=v1.1.0	manual curation	Animal cap
xl_animalcaps_SEC_RNAse_21a_20181121	xenopus laevis	Animal cap	not applicable	not available	1	xl_animalcaps_SEC_RNAse_21a_20181121	proteomic profiling by mass spectrometry	NT=Data-dependent acquisition;AC=PRIDE:0000627	NT=label free sample;AC=MS:1002038	NT=orbitrap fusion;AC=MS:1002416	NT=Carbamidomethyl;AC=UNIMOD:4;TA=C;MT=Fixed	NT=Oxidation;AC=UNIMOD:35;TA=M;MT=Variable	NT=Trypsin;AC=MS:1001251	NT=higher energy beam-type collision-induced dissociation;AC=MS:1002481	tris(2-carboxyethyl)phosphine (tcep)	iodoacetamide (iaa)	1	1	xl_animalcaps_SEC_RNAse_21a_20181121.raw	ftp://ftp.pride.ebi.ac.uk/pride/data/archive/2020/03/PXD017659/xl_animalcaps_SEC_RNAse_21a_20181121.raw	v1.1.0	NT=ms-proteomics;VV=v1.1.0	manual curation	Animal cap
xl_animalcaps_SEC_RNAse_76a_20181121	xenopus laevis	Animal cap	not applicable	not available	1	xl_animalcaps_SEC_RNAse_76a_20181121	proteomic profiling by mass spectrometry	NT=Data-dependent acquisition;AC=PRIDE:0000627	NT=label free sample;AC=MS:1002038	NT=orbitrap fusion;AC=MS:1002416	NT=Carbamidomethyl;AC=UNIMOD:4;TA=C;MT=Fixed	NT=Oxidation;AC=UNIMOD:35;TA=M;MT=Variable	NT=Trypsin;AC=MS:1001251	NT=higher energy beam-type collision-induced dissociation;AC=MS:1002481	tris(2-carboxyethyl)phosphine (tcep)	iodoacetamide (iaa)	1	1	xl_animalcaps_SEC_RNAse_76a_20181121.raw	ftp://ftp.pride.ebi.ac.uk/pride/data/archive/2020/03/PXD017659/xl_animalcaps_SEC_RNAse_76a_20181121.raw	v1.1.0	NT=ms-proteomics;VV=v1.1.0	manual curation	Animal cap
xl_animalcaps_SEC_RNAse_11a_20181121	xenopus laevis	Animal cap	not applicable	not available	1	xl_animalcaps_SEC_RNAse_11a_20181121	proteomic profiling by mass spectrometry	NT=Data-dependent acquisition;AC=PRIDE:0000627	NT=label free sample;AC=MS:1002038	NT=orbitrap fusion;AC=MS:1002416	NT=Carbamidomethyl;AC=UNIMOD:4;TA=C;MT=Fixed	NT=Oxidation;AC=UNIMOD:35;TA=M;MT=Variable	NT=Trypsin;AC=MS:1001251	NT=higher energy beam-type collision-induced dissociation;AC=MS:1002481	tris(2-carboxyethyl)phosphine (tcep)	iodoacetamide (iaa)	1	1	xl_animalcaps_SEC_RNAse_11a_20181121.raw	ftp://ftp.pride.ebi.ac.uk/pride/data/archive/2020/03/PXD017659/xl_animalcaps_SEC_RNAse_11a_20181121.raw	v1.1.0	NT=ms-proteomics;VV=v1.1.0	manual curation	Animal cap
xl_animalcaps_SEC_Control_48a_20181121	xenopus laevis	Animal cap	not applicable	not available	1	xl_animalcaps_SEC_Control_48a_20181121	proteomic profiling by mass spectrometry	NT=Data-dependent acquisition;AC=PRIDE:0000627	NT=label free sample;AC=MS:1002038	NT=orbitrap fusion;AC=MS:1002416	NT=Carbamidomethyl;AC=UNIMOD:4;TA=C;MT=Fixed	NT=Oxidation;AC=UNIMOD:35;TA=M;MT=Variable	NT=Trypsin;AC=MS:1001251	NT=higher energy beam-type collision-induced dissociation;AC=MS:1002481	tris(2-carboxyethyl)phosphine (tcep)	iodoacetamide (iaa)	1	1	xl_animalcaps_SEC_Control_48a_20181121.raw	ftp://ftp.pride.ebi.ac.uk/pride/data/archive/2020/03/PXD017659/xl_animalcaps_SEC_Control_48a_20181121.raw	v1.1.0	NT=ms-proteomics;VV=v1.1.0	manual curation	Animal cap
xl_animalcaps_SEC_Control_42a_20181121	xenopus laevis	Animal cap	not applicable	not available	1	xl_animalcaps_SEC_Control_42a_20181121	proteomic profiling by mass spectrometry	NT=Data-dependent acquisition;AC=PRIDE:0000627	NT=label free sample;AC=MS:1002038	NT=orbitrap fusion;AC=MS:1002416	NT=Carbamidomethyl;AC=UNIMOD:4;TA=C;MT=Fixed	NT=Oxidation;AC=UNIMOD:35;TA=M;MT=Variable	NT=Trypsin;AC=MS:1001251	NT=higher energy beam-type collision-induced dissociation;AC=MS:1002481	tris(2-carboxyethyl)phosphine (tcep)	iodoacetamide (iaa)	1	1	xl_animalcaps_SEC_Control_42a_20181121.raw	ftp://ftp.pride.ebi.ac.uk/pride/data/archive/2020/03/PXD017659/xl_animalcaps_SEC_Control_42a_20181121.raw	v1.1.0	NT=ms-proteomics;VV=v1.1.0	manual curation	Animal cap
xl_animalcaps_SEC_Control_61a_20181121	xenopus laevis	Animal cap	not applicable	not available	1	xl_animalcaps_SEC_Control_61a_20181121	proteomic profiling by mass spectrometry	NT=Data-dependent acquisition;AC=PRIDE:0000627	NT=label free sample;AC=MS:1002038	NT=orbitrap fusion;AC=MS:1002416	NT=Carbamidomethyl;AC=UNIMOD:4;TA=C;MT=Fixed	NT=Oxidation;AC=UNIMOD:35;TA=M;MT=Variable	NT=Trypsin;AC=MS:1001251	NT=higher energy beam-type collision-induced dissociation;AC=MS:1002481	tris(2-carboxyethyl)phosphine (tcep)	iodoacetamide (iaa)	1	1	xl_animalcaps_SEC_Control_61a_20181121.raw	ftp://ftp.pride.ebi.ac.uk/pride/data/archive/2020/03/PXD017659/xl_animalcaps_SEC_Control_61a_20181121.raw	v1.1.0	NT=ms-proteomics;VV=v1.1.0	manual curation	Animal cap
xl_animalcaps_SEC_Control_20a_20181121	xenopus laevis	Animal cap	not applicable	not available	1	xl_animalcaps_SEC_Control_20a_20181121	proteomic profiling by mass spectrometry	NT=Data-dependent acquisition;AC=PRIDE:0000627	NT=label free sample;AC=MS:1002038	NT=orbitrap fusion;AC=MS:1002416	NT=Carbamidomethyl;AC=UNIMOD:4;TA=C;MT=Fixed	NT=Oxidation;AC=UNIMOD:35;TA=M;MT=Variable	NT=Trypsin;AC=MS:1001251	NT=higher energy beam-type collision-induced dissociation;AC=MS:1002481	tris(2-carboxyethyl)phosphine (tcep)	iodoacetamide (iaa)	1	1	xl_animalcaps_SEC_Control_20a_20181121.raw	ftp://ftp.pride.ebi.ac.uk/pride/data/archive/2020/03/PXD017659/xl_animalcaps_SEC_Control_20a_20181121.raw	v1.1.0	NT=ms-proteomics;VV=v1.1.0	manual curation	Animal cap
xl_animalcaps_SEC_RNAse_57a_20181121	xenopus laevis	Animal cap	not applicable	not available	1	xl_animalcaps_SEC_RNAse_57a_20181121	proteomic profiling by mass spectrometry	NT=Data-dependent acquisition;AC=PRIDE:0000627	NT=label free sample;AC=MS:1002038	NT=orbitrap fusion;AC=MS:1002416	NT=Carbamidomethyl;AC=UNIMOD:4;TA=C;MT=Fixed	NT=Oxidation;AC=UNIMOD:35;TA=M;MT=Variable	NT=Trypsin;AC=MS:1001251	NT=higher energy beam-type collision-induced dissociation;AC=MS:1002481	tris(2-carboxyethyl)phosphine (tcep)	iodoacetamide (iaa)	1	1	xl_animalcaps_SEC_RNAse_57a_20181121.raw	ftp://ftp.pride.ebi.ac.uk/pride/data/archive/2020/03/PXD017659/xl_animalcaps_SEC_RNAse_57a_20181121.raw	v1.1.0	NT=ms-proteomics;VV=v1.1.0	manual curation	Animal cap
xl_animalcaps_SEC_RNAse_79a_20181121	xenopus laevis	Animal cap	not applicable	not available	1	xl_animalcaps_SEC_RNAse_79a_20181121	proteomic profiling by mass spectrometry	NT=Data-dependent acquisition;AC=PRIDE:0000627	NT=label free sample;AC=MS:1002038	NT=orbitrap fusion;AC=MS:1002416	NT=Carbamidomethyl;AC=UNIMOD:4;TA=C;MT=Fixed	NT=Oxidation;AC=UNIMOD:35;TA=M;MT=Variable	NT=Trypsin;AC=MS:1001251	NT=higher energy beam-type collision-induced dissociation;AC=MS:1002481	tris(2-carboxyethyl)phosphine (tcep)	iodoacetamide (iaa)	1	1	xl_animalcaps_SEC_RNAse_79a_20181121.raw	ftp://ftp.pride.ebi.ac.uk/pride/data/archive/2020/03/PXD017659/xl_animalcaps_SEC_RNAse_79a_20181121.raw	v1.1.0	NT=ms-proteomics;VV=v1.1.0	manual curation	Animal cap
xl_animalcaps_SEC_RNAse_09a_20181121	xenopus laevis	Animal cap	not applicable	not available	1	xl_animalcaps_SEC_RNAse_09a_20181121	proteomic profiling by mass spectrometry	NT=Data-dependent acquisition;AC=PRIDE:0000627	NT=label free sample;AC=MS:1002038	NT=orbitrap fusion;AC=MS:1002416	NT=Carbamidomethyl;AC=UNIMOD:4;TA=C;MT=Fixed	NT=Oxidation;AC=UNIMOD:35;TA=M;MT=Variable	NT=Trypsin;AC=MS:1001251	NT=higher energy beam-type collision-induced dissociation;AC=MS:1002481	tris(2-carboxyethyl)phosphine (tcep)	iodoacetamide (iaa)	1	1	xl_animalcaps_SEC_RNAse_09a_20181121.raw	ftp://ftp.pride.ebi.ac.uk/pride/data/archive/2020/03/PXD017659/xl_animalcaps_SEC_RNAse_09a_20181121.raw	v1.1.0	NT=ms-proteomics;VV=v1.1.0	manual curation	Animal cap
xl_animalcaps_SEC_RNAse_13a_20181121	xenopus laevis	Animal cap	not applicable	not available	1	xl_animalcaps_SEC_RNAse_13a_20181121	proteomic profiling by mass spectrometry	NT=Data-dependent acquisition;AC=PRIDE:0000627	NT=label free sample;AC=MS:1002038	NT=orbitrap fusion;AC=MS:1002416	NT=Carbamidomethyl;AC=UNIMOD:4;TA=C;MT=Fixed	NT=Oxidation;AC=UNIMOD:35;TA=M;MT=Variable	NT=Trypsin;AC=MS:1001251	NT=higher energy beam-type collision-induced dissociation;AC=MS:1002481	tris(2-carboxyethyl)phosphine (tcep)	iodoacetamide (iaa)	1	1	xl_animalcaps_SEC_RNAse_13a_20181121.raw	ftp://ftp.pride.ebi.ac.uk/pride/data/archive/2020/03/PXD017659/xl_animalcaps_SEC_RNAse_13a_20181121.raw	v1.1.0	NT=ms-proteomics;VV=v1.1.0	manual curation	Animal cap
xl_animalcaps_SEC_RNAse_55a_20181121	xenopus laevis	Animal cap	not applicable	not available	1	xl_animalcaps_SEC_RNAse_55a_20181121	proteomic profiling by mass spectrometry	NT=Data-dependent acquisition;AC=PRIDE:0000627	NT=label free sample;AC=MS:1002038	NT=orbitrap fusion;AC=MS:1002416	NT=Carbamidomethyl;AC=UNIMOD:4;TA=C;MT=Fixed	NT=Oxidation;AC=UNIMOD:35;TA=M;MT=Variable	NT=Trypsin;AC=MS:1001251	NT=higher energy beam-type collision-induced dissociation;AC=MS:1002481	tris(2-carboxyethyl)phosphine (tcep)	iodoacetamide (iaa)	1	1	xl_animalcaps_SEC_RNAse_55a_20181121.raw	ftp://ftp.pride.ebi.ac.uk/pride/data/archive/2020/03/PXD017659/xl_animalcaps_SEC_RNAse_55a_20181121.raw	v1.1.0	NT=ms-proteomics;VV=v1.1.0	manual curation	Animal cap
xl_animalcaps_SEC_RNAse_01a_20181121	xenopus laevis	Animal cap	not applicable	not available	1	xl_animalcaps_SEC_RNAse_01a_20181121	proteomic profiling by mass spectrometry	NT=Data-dependent acquisition;AC=PRIDE:0000627	NT=label free sample;AC=MS:1002038	NT=orbitrap fusion;AC=MS:1002416	NT=Carbamidomethyl;AC=UNIMOD:4;TA=C;MT=Fixed	NT=Oxidation;AC=UNIMOD:35;TA=M;MT=Variable	NT=Trypsin;AC=MS:1001251	NT=higher energy beam-type collision-induced dissociation;AC=MS:1002481	tris(2-carboxyethyl)phosphine (tcep)	iodoacetamide (iaa)	1	1	xl_animalcaps_SEC_RNAse_01a_20181121.raw	ftp://ftp.pride.ebi.ac.uk/pride/data/archive/2020/03/PXD017659/xl_animalcaps_SEC_RNAse_01a_20181121.raw	v1.1.0	NT=ms-proteomics;VV=v1.1.0	manual curation	Animal cap
xl_animalcaps_SEC_Control_14a_20181121	xenopus laevis	Animal cap	not applicable	not available	1	xl_animalcaps_SEC_Control_14a_20181121	proteomic profiling by mass spectrometry	NT=Data-dependent acquisition;AC=PRIDE:0000627	NT=label free sample;AC=MS:1002038	NT=orbitrap fusion;AC=MS:1002416	NT=Carbamidomethyl;AC=UNIMOD:4;TA=C;MT=Fixed	NT=Oxidation;AC=UNIMOD:35;TA=M;MT=Variable	NT=Trypsin;AC=MS:1001251	NT=higher energy beam-type collision-induced dissociation;AC=MS:1002481	tris(2-carboxyethyl)phosphine (tcep)	iodoacetamide (iaa)	1	1	xl_animalcaps_SEC_Control_14a_20181121.raw	ftp://ftp.pride.ebi.ac.uk/pride/data/archive/2020/03/PXD017659/xl_animalcaps_SEC_Control_14a_20181121.raw	v1.1.0	NT=ms-proteomics;VV=v1.1.0	manual curation	Animal cap
xl_animalcaps_SEC_RNAse_45a_20181121	xenopus laevis	Animal cap	not applicable	not available	1	xl_animalcaps_SEC_RNAse_45a_20181121	proteomic profiling by mass spectrometry	NT=Data-dependent acquisition;AC=PRIDE:0000627	NT=label free sample;AC=MS:1002038	NT=orbitrap fusion;AC=MS:1002416	NT=Carbamidomethyl;AC=UNIMOD:4;TA=C;MT=Fixed	NT=Oxidation;AC=UNIMOD:35;TA=M;MT=Variable	NT=Trypsin;AC=MS:1001251	NT=higher energy beam-type collision-induced dissociation;AC=MS:1002481	tris(2-carboxyethyl)phosphine (tcep)	iodoacetamide (iaa)	1	1	xl_animalcaps_SEC_RNAse_45a_20181121.raw	ftp://ftp.pride.ebi.ac.uk/pride/data/archive/2020/03/PXD017659/xl_animalcaps_SEC_RNAse_45a_20181121.raw	v1.1.0	NT=ms-proteomics;VV=v1.1.0	manual curation	Animal cap
xl_animalcaps_SEC_RNAse_80a_20181121	xenopus laevis	Animal cap	not applicable	not available	1	xl_animalcaps_SEC_RNAse_80a_20181121	proteomic profiling by mass spectrometry	NT=Data-dependent acquisition;AC=PRIDE:0000627	NT=label free sample;AC=MS:1002038	NT=orbitrap fusion;AC=MS:1002416	NT=Carbamidomethyl;AC=UNIMOD:4;TA=C;MT=Fixed	NT=Oxidation;AC=UNIMOD:35;TA=M;MT=Variable	NT=Trypsin;AC=MS:1001251	NT=higher energy beam-type collision-induced dissociation;AC=MS:1002481	tris(2-carboxyethyl)phosphine (tcep)	iodoacetamide (iaa)	1	1	xl_animalcaps_SEC_RNAse_80a_20181121.raw	ftp://ftp.pride.ebi.ac.uk/pride/data/archive/2020/03/PXD017659/xl_animalcaps_SEC_RNAse_80a_20181121.raw	v1.1.0	NT=ms-proteomics;VV=v1.1.0	manual curation	Animal cap
xl_animalcaps_SEC_Control_03a_20181121	xenopus laevis	Animal cap	not applicable	not available	1	xl_animalcaps_SEC_Control_03a_20181121	proteomic profiling by mass spectrometry	NT=Data-dependent acquisition;AC=PRIDE:0000627	NT=label free sample;AC=MS:1002038	NT=orbitrap fusion;AC=MS:1002416	NT=Carbamidomethyl;AC=UNIMOD:4;TA=C;MT=Fixed	NT=Oxidation;AC=UNIMOD:35;TA=M;MT=Variable	NT=Trypsin;AC=MS:1001251	NT=higher energy beam-type collision-induced dissociation;AC=MS:1002481	tris(2-carboxyethyl)phosphine (tcep)	iodoacetamide (iaa)	1	1	xl_animalcaps_SEC_Control_03a_20181121.raw	ftp://ftp.pride.ebi.ac.uk/pride/data/archive/2020/03/PXD017659/xl_animalcaps_SEC_Control_03a_20181121.raw	v1.1.0	NT=ms-proteomics;VV=v1.1.0	manual curation	Animal cap
xl_animalcaps_SEC_RNAse_68a_20181121	xenopus laevis	Animal cap	not applicable	not available	1	xl_animalcaps_SEC_RNAse_68a_20181121	proteomic profiling by mass spectrometry	NT=Data-dependent acquisition;AC=PRIDE:0000627	NT=label free sample;AC=MS:1002038	NT=orbitrap fusion;AC=MS:1002416	NT=Carbamidomethyl;AC=UNIMOD:4;TA=C;MT=Fixed	NT=Oxidation;AC=UNIMOD:35;TA=M;MT=Variable	NT=Trypsin;AC=MS:1001251	NT=higher energy beam-type collision-induced dissociation;AC=MS:1002481	tris(2-carboxyethyl)phosphine (tcep)	iodoacetamide (iaa)	1	1	xl_animalcaps_SEC_RNAse_68a_20181121.raw	ftp://ftp.pride.ebi.ac.uk/pride/data/archive/2020/03/PXD017659/xl_animalcaps_SEC_RNAse_68a_20181121.raw	v1.1.0	NT=ms-proteomics;VV=v1.1.0	manual curation	Animal cap
xl_animalcaps_SEC_Control_18a_20181121	xenopus laevis	Animal cap	not applicable	not available	1	xl_animalcaps_SEC_Control_18a_20181121	proteomic profiling by mass spectrometry	NT=Data-dependent acquisition;AC=PRIDE:0000627	NT=label free sample;AC=MS:1002038	NT=orbitrap fusion;AC=MS:1002416	NT=Carbamidomethyl;AC=UNIMOD:4;TA=C;MT=Fixed	NT=Oxidation;AC=UNIMOD:35;TA=M;MT=Variable	NT=Trypsin;AC=MS:1001251	NT=higher energy beam-type collision-induced dissociation;AC=MS:1002481	tris(2-carboxyethyl)phosphine (tcep)	iodoacetamide (iaa)	1	1	xl_animalcaps_SEC_Control_18a_20181121.raw	ftp://ftp.pride.ebi.ac.uk/pride/data/archive/2020/03/PXD017659/xl_animalcaps_SEC_Control_18a_20181121.raw	v1.1.0	NT=ms-proteomics;VV=v1.1.0	manual curation	Animal cap
xl_animalcaps_SEC_Control_71a_20181121	xenopus laevis	Animal cap	not applicable	not available	1	xl_animalcaps_SEC_Control_71a_20181121	proteomic profiling by mass spectrometry	NT=Data-dependent acquisition;AC=PRIDE:0000627	NT=label free sample;AC=MS:1002038	NT=orbitrap fusion;AC=MS:1002416	NT=Carbamidomethyl;AC=UNIMOD:4;TA=C;MT=Fixed	NT=Oxidation;AC=UNIMOD:35;TA=M;MT=Variable	NT=Trypsin;AC=MS:1001251	NT=higher energy beam-type collision-induced dissociation;AC=MS:1002481	tris(2-carboxyethyl)phosphine (tcep)	iodoacetamide (iaa)	1	1	xl_animalcaps_SEC_Control_71a_20181121.raw	ftp://ftp.pride.ebi.ac.uk/pride/data/archive/2020/03/PXD017659/xl_animalcaps_SEC_Control_71a_20181121.raw	v1.1.0	NT=ms-proteomics;VV=v1.1.0	manual curation	Animal cap
xl_animalcaps_SEC_RNAse_51a_20181121	xenopus laevis	Animal cap	not applicable	not available	1	xl_animalcaps_SEC_RNAse_51a_20181121	proteomic profiling by mass spectrometry	NT=Data-dependent acquisition;AC=PRIDE:0000627	NT=label free sample;AC=MS:1002038	NT=orbitrap fusion;AC=MS:1002416	NT=Carbamidomethyl;AC=UNIMOD:4;TA=C;MT=Fixed	NT=Oxidation;AC=UNIMOD:35;TA=M;MT=Variable	NT=Trypsin;AC=MS:1001251	NT=higher energy beam-type collision-induced dissociation;AC=MS:1002481	tris(2-carboxyethyl)phosphine (tcep)	iodoacetamide (iaa)	1	1	xl_animalcaps_SEC_RNAse_51a_20181121.raw	ftp://ftp.pride.ebi.ac.uk/pride/data/archive/2020/03/PXD017659/xl_animalcaps_SEC_RNAse_51a_20181121.raw	v1.1.0	NT=ms-proteomics;VV=v1.1.0	manual curation	Animal cap
xl_animalcaps_SEC_Control_11a_20181121	xenopus laevis	Animal cap	not applicable	not available	1	xl_animalcaps_SEC_Control_11a_20181121	proteomic profiling by mass spectrometry	NT=Data-dependent acquisition;AC=PRIDE:0000627	NT=label free sample;AC=MS:1002038	NT=orbitrap fusion;AC=MS:1002416	NT=Carbamidomethyl;AC=UNIMOD:4;TA=C;MT=Fixed	NT=Oxidation;AC=UNIMOD:35;TA=M;MT=Variable	NT=Trypsin;AC=MS:1001251	NT=higher energy beam-type collision-induced dissociation;AC=MS:1002481	tris(2-carboxyethyl)phosphine (tcep)	iodoacetamide (iaa)	1	1	xl_animalcaps_SEC_Control_11a_20181121.raw	ftp://ftp.pride.ebi.ac.uk/pride/data/archive/2020/03/PXD017659/xl_animalcaps_SEC_Control_11a_20181121.raw	v1.1.0	NT=ms-proteomics;VV=v1.1.0	manual curation	Animal cap
xl_animalcaps_SEC_Control_79a_20181121	xenopus laevis	Animal cap	not applicable	not available	1	xl_animalcaps_SEC_Control_79a_20181121	proteomic profiling by mass spectrometry	NT=Data-dependent acquisition;AC=PRIDE:0000627	NT=label free sample;AC=MS:1002038	NT=orbitrap fusion;AC=MS:1002416	NT=Carbamidomethyl;AC=UNIMOD:4;TA=C;MT=Fixed	NT=Oxidation;AC=UNIMOD:35;TA=M;MT=Variable	NT=Trypsin;AC=MS:1001251	NT=higher energy beam-type collision-induced dissociation;AC=MS:1002481	tris(2-carboxyethyl)phosphine (tcep)	iodoacetamide (iaa)	1	1	xl_animalcaps_SEC_Control_79a_20181121.raw	ftp://ftp.pride.ebi.ac.uk/pride/data/archive/2020/03/PXD017659/xl_animalcaps_SEC_Control_79a_20181121.raw	v1.1.0	NT=ms-proteomics;VV=v1.1.0	manual curation	Animal cap
xl_animalcaps_SEC_RNAse_20a_20181121	xenopus laevis	Animal cap	not applicable	not available	1	xl_animalcaps_SEC_RNAse_20a_20181121	proteomic profiling by mass spectrometry	NT=Data-dependent acquisition;AC=PRIDE:0000627	NT=label free sample;AC=MS:1002038	NT=orbitrap fusion;AC=MS:1002416	NT=Carbamidomethyl;AC=UNIMOD:4;TA=C;MT=Fixed	NT=Oxidation;AC=UNIMOD:35;TA=M;MT=Variable	NT=Trypsin;AC=MS:1001251	NT=higher energy beam-type collision-induced dissociation;AC=MS:1002481	tris(2-carboxyethyl)phosphine (tcep)	iodoacetamide (iaa)	1	1	xl_animalcaps_SEC_RNAse_20a_20181121.raw	ftp://ftp.pride.ebi.ac.uk/pride/data/archive/2020/03/PXD017659/xl_animalcaps_SEC_RNAse_20a_20181121.raw	v1.1.0	NT=ms-proteomics;VV=v1.1.0	manual curation	Animal cap
xl_animalcaps_SEC_RNAse_08a_20181121	xenopus laevis	Animal cap	not applicable	not available	1	xl_animalcaps_SEC_RNAse_08a_20181121	proteomic profiling by mass spectrometry	NT=Data-dependent acquisition;AC=PRIDE:0000627	NT=label free sample;AC=MS:1002038	NT=orbitrap fusion;AC=MS:1002416	NT=Carbamidomethyl;AC=UNIMOD:4;TA=C;MT=Fixed	NT=Oxidation;AC=UNIMOD:35;TA=M;MT=Variable	NT=Trypsin;AC=MS:1001251	NT=higher energy beam-type collision-induced dissociation;AC=MS:1002481	tris(2-carboxyethyl)phosphine (tcep)	iodoacetamide (iaa)	1	1	xl_animalcaps_SEC_RNAse_08a_20181121.raw	ftp://ftp.pride.ebi.ac.uk/pride/data/archive/2020/03/PXD017659/xl_animalcaps_SEC_RNAse_08a_20181121.raw	v1.1.0	NT=ms-proteomics;VV=v1.1.0	manual curation	Animal cap
xl_animalcaps_SEC_RNAse_35a_20181121	xenopus laevis	Animal cap	not applicable	not available	1	xl_animalcaps_SEC_RNAse_35a_20181121	proteomic profiling by mass spectrometry	NT=Data-dependent acquisition;AC=PRIDE:0000627	NT=label free sample;AC=MS:1002038	NT=orbitrap fusion;AC=MS:1002416	NT=Carbamidomethyl;AC=UNIMOD:4;TA=C;MT=Fixed	NT=Oxidation;AC=UNIMOD:35;TA=M;MT=Variable	NT=Trypsin;AC=MS:1001251	NT=higher energy beam-type collision-induced dissociation;AC=MS:1002481	tris(2-carboxyethyl)phosphine (tcep)	iodoacetamide (iaa)	1	1	xl_animalcaps_SEC_RNAse_35a_20181121.raw	ftp://ftp.pride.ebi.ac.uk/pride/data/archive/2020/03/PXD017659/xl_animalcaps_SEC_RNAse_35a_20181121.raw	v1.1.0	NT=ms-proteomics;VV=v1.1.0	manual curation	Animal cap
xl_animalcaps_SEC_Control_80a_20181121	xenopus laevis	Animal cap	not applicable	not available	1	xl_animalcaps_SEC_Control_80a_20181121	proteomic profiling by mass spectrometry	NT=Data-dependent acquisition;AC=PRIDE:0000627	NT=label free sample;AC=MS:1002038	NT=orbitrap fusion;AC=MS:1002416	NT=Carbamidomethyl;AC=UNIMOD:4;TA=C;MT=Fixed	NT=Oxidation;AC=UNIMOD:35;TA=M;MT=Variable	NT=Trypsin;AC=MS:1001251	NT=higher energy beam-type collision-induced dissociation;AC=MS:1002481	tris(2-carboxyethyl)phosphine (tcep)	iodoacetamide (iaa)	1	1	xl_animalcaps_SEC_Control_80a_20181121.raw	ftp://ftp.pride.ebi.ac.uk/pride/data/archive/2020/03/PXD017659/xl_animalcaps_SEC_Control_80a_20181121.raw	v1.1.0	NT=ms-proteomics;VV=v1.1.0	manual curation	Animal cap
xl_animalcaps_SEC_Control_52a_20181121	xenopus laevis	Animal cap	not applicable	not available	1	xl_animalcaps_SEC_Control_52a_20181121	proteomic profiling by mass spectrometry	NT=Data-dependent acquisition;AC=PRIDE:0000627	NT=label free sample;AC=MS:1002038	NT=orbitrap fusion;AC=MS:1002416	NT=Carbamidomethyl;AC=UNIMOD:4;TA=C;MT=Fixed	NT=Oxidation;AC=UNIMOD:35;TA=M;MT=Variable	NT=Trypsin;AC=MS:1001251	NT=higher energy beam-type collision-induced dissociation;AC=MS:1002481	tris(2-carboxyethyl)phosphine (tcep)	iodoacetamide (iaa)	1	1	xl_animalcaps_SEC_Control_52a_20181121.raw	ftp://ftp.pride.ebi.ac.uk/pride/data/archive/2020/03/PXD017659/xl_animalcaps_SEC_Control_52a_20181121.raw	v1.1.0	NT=ms-proteomics;VV=v1.1.0	manual curation	Animal cap
xl_animalcaps_SEC_RNAse_59a_20181121	xenopus laevis	Animal cap	not applicable	not available	1	xl_animalcaps_SEC_RNAse_59a_20181121	proteomic profiling by mass spectrometry	NT=Data-dependent acquisition;AC=PRIDE:0000627	NT=label free sample;AC=MS:1002038	NT=orbitrap fusion;AC=MS:1002416	NT=Carbamidomethyl;AC=UNIMOD:4;TA=C;MT=Fixed	NT=Oxidation;AC=UNIMOD:35;TA=M;MT=Variable	NT=Trypsin;AC=MS:1001251	NT=higher energy beam-type collision-induced dissociation;AC=MS:1002481	tris(2-carboxyethyl)phosphine (tcep)	iodoacetamide (iaa)	1	1	xl_animalcaps_SEC_RNAse_59a_20181121.raw	ftp://ftp.pride.ebi.ac.uk/pride/data/archive/2020/03/PXD017659/xl_animalcaps_SEC_RNAse_59a_20181121.raw	v1.1.0	NT=ms-proteomics;VV=v1.1.0	manual curation	Animal cap
xl_animalcaps_SEC_RNAse_47a_20181121	xenopus laevis	Animal cap	not applicable	not available	1	xl_animalcaps_SEC_RNAse_47a_20181121	proteomic profiling by mass spectrometry	NT=Data-dependent acquisition;AC=PRIDE:0000627	NT=label free sample;AC=MS:1002038	NT=orbitrap fusion;AC=MS:1002416	NT=Carbamidomethyl;AC=UNIMOD:4;TA=C;MT=Fixed	NT=Oxidation;AC=UNIMOD:35;TA=M;MT=Variable	NT=Trypsin;AC=MS:1001251	NT=higher energy beam-type collision-induced dissociation;AC=MS:1002481	tris(2-carboxyethyl)phosphine (tcep)	iodoacetamide (iaa)	1	1	xl_animalcaps_SEC_RNAse_47a_20181121.raw	ftp://ftp.pride.ebi.ac.uk/pride/data/archive/2020/03/PXD017659/xl_animalcaps_SEC_RNAse_47a_20181121.raw	v1.1.0	NT=ms-proteomics;VV=v1.1.0	manual curation	Animal cap
xl_animalcaps_SEC_RNAse_22a_20181121	xenopus laevis	Animal cap	not applicable	not available	1	xl_animalcaps_SEC_RNAse_22a_20181121	proteomic profiling by mass spectrometry	NT=Data-dependent acquisition;AC=PRIDE:0000627	NT=label free sample;AC=MS:1002038	NT=orbitrap fusion;AC=MS:1002416	NT=Carbamidomethyl;AC=UNIMOD:4;TA=C;MT=Fixed	NT=Oxidation;AC=UNIMOD:35;TA=M;MT=Variable	NT=Trypsin;AC=MS:1001251	NT=higher energy beam-type collision-induced dissociation;AC=MS:1002481	tris(2-carboxyethyl)phosphine (tcep)	iodoacetamide (iaa)	1	1	xl_animalcaps_SEC_RNAse_22a_20181121.raw	ftp://ftp.pride.ebi.ac.uk/pride/data/archive/2020/03/PXD017659/xl_animalcaps_SEC_RNAse_22a_20181121.raw	v1.1.0	NT=ms-proteomics;VV=v1.1.0	manual curation	Animal cap
xl_animalcaps_SEC_Control_50a_20181121	xenopus laevis	Animal cap	not applicable	not available	1	xl_animalcaps_SEC_Control_50a_20181121	proteomic profiling by mass spectrometry	NT=Data-dependent acquisition;AC=PRIDE:0000627	NT=label free sample;AC=MS:1002038	NT=orbitrap fusion;AC=MS:1002416	NT=Carbamidomethyl;AC=UNIMOD:4;TA=C;MT=Fixed	NT=Oxidation;AC=UNIMOD:35;TA=M;MT=Variable	NT=Trypsin;AC=MS:1001251	NT=higher energy beam-type collision-induced dissociation;AC=MS:1002481	tris(2-carboxyethyl)phosphine (tcep)	iodoacetamide (iaa)	1	1	xl_animalcaps_SEC_Control_50a_20181121.raw	ftp://ftp.pride.ebi.ac.uk/pride/data/archive/2020/03/PXD017659/xl_animalcaps_SEC_Control_50a_20181121.raw	v1.1.0	NT=ms-proteomics;VV=v1.1.0	manual curation	Animal cap
xl_animalcaps_SEC_Control_26a_20181121	xenopus laevis	Animal cap	not applicable	not available	1	xl_animalcaps_SEC_Control_26a_20181121	proteomic profiling by mass spectrometry	NT=Data-dependent acquisition;AC=PRIDE:0000627	NT=label free sample;AC=MS:1002038	NT=orbitrap fusion;AC=MS:1002416	NT=Carbamidomethyl;AC=UNIMOD:4;TA=C;MT=Fixed	NT=Oxidation;AC=UNIMOD:35;TA=M;MT=Variable	NT=Trypsin;AC=MS:1001251	NT=higher energy beam-type collision-induced dissociation;AC=MS:1002481	tris(2-carboxyethyl)phosphine (tcep)	iodoacetamide (iaa)	1	1	xl_animalcaps_SEC_Control_26a_20181121.raw	ftp://ftp.pride.ebi.ac.uk/pride/data/archive/2020/03/PXD017659/xl_animalcaps_SEC_Control_26a_20181121.raw	v1.1.0	NT=ms-proteomics;VV=v1.1.0	manual curation	Animal cap
xl_animalcaps_SEC_Control_49a_20181121	xenopus laevis	Animal cap	not applicable	not available	1	xl_animalcaps_SEC_Control_49a_20181121	proteomic profiling by mass spectrometry	NT=Data-dependent acquisition;AC=PRIDE:0000627	NT=label free sample;AC=MS:1002038	NT=orbitrap fusion;AC=MS:1002416	NT=Carbamidomethyl;AC=UNIMOD:4;TA=C;MT=Fixed	NT=Oxidation;AC=UNIMOD:35;TA=M;MT=Variable	NT=Trypsin;AC=MS:1001251	NT=higher energy beam-type collision-induced dissociation;AC=MS:1002481	tris(2-carboxyethyl)phosphine (tcep)	iodoacetamide (iaa)	1	1	xl_animalcaps_SEC_Control_49a_20181121.raw	ftp://ftp.pride.ebi.ac.uk/pride/data/archive/2020/03/PXD017659/xl_animalcaps_SEC_Control_49a_20181121.raw	v1.1.0	NT=ms-proteomics;VV=v1.1.0	manual curation	Animal cap
xl_animalcaps_SEC_Control_07a_20181121	xenopus laevis	Animal cap	not applicable	not available	1	xl_animalcaps_SEC_Control_07a_20181121	proteomic profiling by mass spectrometry	NT=Data-dependent acquisition;AC=PRIDE:0000627	NT=label free sample;AC=MS:1002038	NT=orbitrap fusion;AC=MS:1002416	NT=Carbamidomethyl;AC=UNIMOD:4;TA=C;MT=Fixed	NT=Oxidation;AC=UNIMOD:35;TA=M;MT=Variable	NT=Trypsin;AC=MS:1001251	NT=higher energy beam-type collision-induced dissociation;AC=MS:1002481	tris(2-carboxyethyl)phosphine (tcep)	iodoacetamide (iaa)	1	1	xl_animalcaps_SEC_Control_07a_20181121.raw	ftp://ftp.pride.ebi.ac.uk/pride/data/archive/2020/03/PXD017659/xl_animalcaps_SEC_Control_07a_20181121.raw	v1.1.0	NT=ms-proteomics;VV=v1.1.0	manual curation	Animal cap
xl_animalcaps_SEC_Control_22a_20181121	xenopus laevis	Animal cap	not applicable	not available	1	xl_animalcaps_SEC_Control_22a_20181121	proteomic profiling by mass spectrometry	NT=Data-dependent acquisition;AC=PRIDE:0000627	NT=label free sample;AC=MS:1002038	NT=orbitrap fusion;AC=MS:1002416	NT=Carbamidomethyl;AC=UNIMOD:4;TA=C;MT=Fixed	NT=Oxidation;AC=UNIMOD:35;TA=M;MT=Variable	NT=Trypsin;AC=MS:1001251	NT=higher energy beam-type collision-induced dissociation;AC=MS:1002481	tris(2-carboxyethyl)phosphine (tcep)	iodoacetamide (iaa)	1	1	xl_animalcaps_SEC_Control_22a_20181121.raw	ftp://ftp.pride.ebi.ac.uk/pride/data/archive/2020/03/PXD017659/xl_animalcaps_SEC_Control_22a_20181121.raw	v1.1.0	NT=ms-proteomics;VV=v1.1.0	manual curation	Animal cap
xl_animalcaps_SEC_Control_68a_20181121	xenopus laevis	Animal cap	not applicable	not available	1	xl_animalcaps_SEC_Control_68a_20181121	proteomic profiling by mass spectrometry	NT=Data-dependent acquisition;AC=PRIDE:0000627	NT=label free sample;AC=MS:1002038	NT=orbitrap fusion;AC=MS:1002416	NT=Carbamidomethyl;AC=UNIMOD:4;TA=C;MT=Fixed	NT=Oxidation;AC=UNIMOD:35;TA=M;MT=Variable	NT=Trypsin;AC=MS:1001251	NT=higher energy beam-type collision-induced dissociation;AC=MS:1002481	tris(2-carboxyethyl)phosphine (tcep)	iodoacetamide (iaa)	1	1	xl_animalcaps_SEC_Control_68a_20181121.raw	ftp://ftp.pride.ebi.ac.uk/pride/data/archive/2020/03/PXD017659/xl_animalcaps_SEC_Control_68a_20181121.raw	v1.1.0	NT=ms-proteomics;VV=v1.1.0	manual curation	Animal cap
xl_animalcaps_SEC_Control_76a_20181121	xenopus laevis	Animal cap	not applicable	not available	1	xl_animalcaps_SEC_Control_76a_20181121	proteomic profiling by mass spectrometry	NT=Data-dependent acquisition;AC=PRIDE:0000627	NT=label free sample;AC=MS:1002038	NT=orbitrap fusion;AC=MS:1002416	NT=Carbamidomethyl;AC=UNIMOD:4;TA=C;MT=Fixed	NT=Oxidation;AC=UNIMOD:35;TA=M;MT=Variable	NT=Trypsin;AC=MS:1001251	NT=higher energy beam-type collision-induced dissociation;AC=MS:1002481	tris(2-carboxyethyl)phosphine (tcep)	iodoacetamide (iaa)	1	1	xl_animalcaps_SEC_Control_76a_20181121.raw	ftp://ftp.pride.ebi.ac.uk/pride/data/archive/2020/03/PXD017659/xl_animalcaps_SEC_Control_76a_20181121.raw	v1.1.0	NT=ms-proteomics;VV=v1.1.0	manual curation	Animal cap
xl_animalcaps_SEC_RNAse_64a_20181121	xenopus laevis	Animal cap	not applicable	not available	1	xl_animalcaps_SEC_RNAse_64a_20181121	proteomic profiling by mass spectrometry	NT=Data-dependent acquisition;AC=PRIDE:0000627	NT=label free sample;AC=MS:1002038	NT=orbitrap fusion;AC=MS:1002416	NT=Carbamidomethyl;AC=UNIMOD:4;TA=C;MT=Fixed	NT=Oxidation;AC=UNIMOD:35;TA=M;MT=Variable	NT=Trypsin;AC=MS:1001251	NT=higher energy beam-type collision-induced dissociation;AC=MS:1002481	tris(2-carboxyethyl)phosphine (tcep)	iodoacetamide (iaa)	1	1	xl_animalcaps_SEC_RNAse_64a_20181121.raw	ftp://ftp.pride.ebi.ac.uk/pride/data/archive/2020/03/PXD017659/xl_animalcaps_SEC_RNAse_64a_20181121.raw	v1.1.0	NT=ms-proteomics;VV=v1.1.0	manual curation	Animal cap
xl_animalcaps_SEC_Control_30a_20181121	xenopus laevis	Animal cap	not applicable	not available	1	xl_animalcaps_SEC_Control_30a_20181121	proteomic profiling by mass spectrometry	NT=Data-dependent acquisition;AC=PRIDE:0000627	NT=label free sample;AC=MS:1002038	NT=orbitrap fusion;AC=MS:1002416	NT=Carbamidomethyl;AC=UNIMOD:4;TA=C;MT=Fixed	NT=Oxidation;AC=UNIMOD:35;TA=M;MT=Variable	NT=Trypsin;AC=MS:1001251	NT=higher energy beam-type collision-induced dissociation;AC=MS:1002481	tris(2-carboxyethyl)phosphine (tcep)	iodoacetamide (iaa)	1	1	xl_animalcaps_SEC_Control_30a_20181121.raw	ftp://ftp.pride.ebi.ac.uk/pride/data/archive/2020/03/PXD017659/xl_animalcaps_SEC_Control_30a_20181121.raw	v1.1.0	NT=ms-proteomics;VV=v1.1.0	manual curation	Animal cap
xl_animalcaps_SEC_Control_41a_20181121	xenopus laevis	Animal cap	not applicable	not available	1	xl_animalcaps_SEC_Control_41a_20181121	proteomic profiling by mass spectrometry	NT=Data-dependent acquisition;AC=PRIDE:0000627	NT=label free sample;AC=MS:1002038	NT=orbitrap fusion;AC=MS:1002416	NT=Carbamidomethyl;AC=UNIMOD:4;TA=C;MT=Fixed	NT=Oxidation;AC=UNIMOD:35;TA=M;MT=Variable	NT=Trypsin;AC=MS:1001251	NT=higher energy beam-type collision-induced dissociation;AC=MS:1002481	tris(2-carboxyethyl)phosphine (tcep)	iodoacetamide (iaa)	1	1	xl_animalcaps_SEC_Control_41a_20181121.raw	ftp://ftp.pride.ebi.ac.uk/pride/data/archive/2020/03/PXD017659/xl_animalcaps_SEC_Control_41a_20181121.raw	v1.1.0	NT=ms-proteomics;VV=v1.1.0	manual curation	Animal cap
xl_animalcaps_SEC_Control_05a_20181121	xenopus laevis	Animal cap	not applicable	not available	1	xl_animalcaps_SEC_Control_05a_20181121	proteomic profiling by mass spectrometry	NT=Data-dependent acquisition;AC=PRIDE:0000627	NT=label free sample;AC=MS:1002038	NT=orbitrap fusion;AC=MS:1002416	NT=Carbamidomethyl;AC=UNIMOD:4;TA=C;MT=Fixed	NT=Oxidation;AC=UNIMOD:35;TA=M;MT=Variable	NT=Trypsin;AC=MS:1001251	NT=higher energy beam-type collision-induced dissociation;AC=MS:1002481	tris(2-carboxyethyl)phosphine (tcep)	iodoacetamide (iaa)	1	1	xl_animalcaps_SEC_Control_05a_20181121.raw	ftp://ftp.pride.ebi.ac.uk/pride/data/archive/2020/03/PXD017659/xl_animalcaps_SEC_Control_05a_20181121.raw	v1.1.0	NT=ms-proteomics;VV=v1.1.0	manual curation	Animal cap
xl_animalcaps_SEC_Control_01a_20181121	xenopus laevis	Animal cap	not applicable	not available	1	xl_animalcaps_SEC_Control_01a_20181121	proteomic profiling by mass spectrometry	NT=Data-dependent acquisition;AC=PRIDE:0000627	NT=label free sample;AC=MS:1002038	NT=orbitrap fusion;AC=MS:1002416	NT=Carbamidomethyl;AC=UNIMOD:4;TA=C;MT=Fixed	NT=Oxidation;AC=UNIMOD:35;TA=M;MT=Variable	NT=Trypsin;AC=MS:1001251	NT=higher energy beam-type collision-induced dissociation;AC=MS:1002481	tris(2-carboxyethyl)phosphine (tcep)	iodoacetamide (iaa)	1	1	xl_animalcaps_SEC_Control_01a_20181121.raw	ftp://ftp.pride.ebi.ac.uk/pride/data/archive/2020/03/PXD017659/xl_animalcaps_SEC_Control_01a_20181121.raw	v1.1.0	NT=ms-proteomics;VV=v1.1.0	manual curation	Animal cap
xl_animalcaps_SEC_Control_27a_20181121	xenopus laevis	Animal cap	not applicable	not available	1	xl_animalcaps_SEC_Control_27a_20181121	proteomic profiling by mass spectrometry	NT=Data-dependent acquisition;AC=PRIDE:0000627	NT=label free sample;AC=MS:1002038	NT=orbitrap fusion;AC=MS:1002416	NT=Carbamidomethyl;AC=UNIMOD:4;TA=C;MT=Fixed	NT=Oxidation;AC=UNIMOD:35;TA=M;MT=Variable	NT=Trypsin;AC=MS:1001251	NT=higher energy beam-type collision-induced dissociation;AC=MS:1002481	tris(2-carboxyethyl)phosphine (tcep)	iodoacetamide (iaa)	1	1	xl_animalcaps_SEC_Control_27a_20181121.raw	ftp://ftp.pride.ebi.ac.uk/pride/data/archive/2020/03/PXD017659/xl_animalcaps_SEC_Control_27a_20181121.raw	v1.1.0	NT=ms-proteomics;VV=v1.1.0	manual curation	Animal cap
xl_animalcaps_SEC_Control_58a_20181121	xenopus laevis	Animal cap	not applicable	not available	1	xl_animalcaps_SEC_Control_58a_20181121	proteomic profiling by mass spectrometry	NT=Data-dependent acquisition;AC=PRIDE:0000627	NT=label free sample;AC=MS:1002038	NT=orbitrap fusion;AC=MS:1002416	NT=Carbamidomethyl;AC=UNIMOD:4;TA=C;MT=Fixed	NT=Oxidation;AC=UNIMOD:35;TA=M;MT=Variable	NT=Trypsin;AC=MS:1001251	NT=higher energy beam-type collision-induced dissociation;AC=MS:1002481	tris(2-carboxyethyl)phosphine (tcep)	iodoacetamide (iaa)	1	1	xl_animalcaps_SEC_Control_58a_20181121.raw	ftp://ftp.pride.ebi.ac.uk/pride/data/archive/2020/03/PXD017659/xl_animalcaps_SEC_Control_58a_20181121.raw	v1.1.0	NT=ms-proteomics;VV=v1.1.0	manual curation	Animal cap
xl_animalcaps_SEC_RNAse_27a_20181121	xenopus laevis	Animal cap	not applicable	not available	1	xl_animalcaps_SEC_RNAse_27a_20181121	proteomic profiling by mass spectrometry	NT=Data-dependent acquisition;AC=PRIDE:0000627	NT=label free sample;AC=MS:1002038	NT=orbitrap fusion;AC=MS:1002416	NT=Carbamidomethyl;AC=UNIMOD:4;TA=C;MT=Fixed	NT=Oxidation;AC=UNIMOD:35;TA=M;MT=Variable	NT=Trypsin;AC=MS:1001251	NT=higher energy beam-type collision-induced dissociation;AC=MS:1002481	tris(2-carboxyethyl)phosphine (tcep)	iodoacetamide (iaa)	1	1	xl_animalcaps_SEC_RNAse_27a_20181121.raw	ftp://ftp.pride.ebi.ac.uk/pride/data/archive/2020/03/PXD017659/xl_animalcaps_SEC_RNAse_27a_20181121.raw	v1.1.0	NT=ms-proteomics;VV=v1.1.0	manual curation	Animal cap
xl_animalcaps_SEC_RNAse_02a_20181121	xenopus laevis	Animal cap	not applicable	not available	1	xl_animalcaps_SEC_RNAse_02a_20181121	proteomic profiling by mass spectrometry	NT=Data-dependent acquisition;AC=PRIDE:0000627	NT=label free sample;AC=MS:1002038	NT=orbitrap fusion;AC=MS:1002416	NT=Carbamidomethyl;AC=UNIMOD:4;TA=C;MT=Fixed	NT=Oxidation;AC=UNIMOD:35;TA=M;MT=Variable	NT=Trypsin;AC=MS:1001251	NT=higher energy beam-type collision-induced dissociation;AC=MS:1002481	tris(2-carboxyethyl)phosphine (tcep)	iodoacetamide (iaa)	1	1	xl_animalcaps_SEC_RNAse_02a_20181121.raw	ftp://ftp.pride.ebi.ac.uk/pride/data/archive/2020/03/PXD017659/xl_animalcaps_SEC_RNAse_02a_20181121.raw	v1.1.0	NT=ms-proteomics;VV=v1.1.0	manual curation	Animal cap
xl_animalcaps_SEC_RNAse_32a_20181121	xenopus laevis	Animal cap	not applicable	not available	1	xl_animalcaps_SEC_RNAse_32a_20181121	proteomic profiling by mass spectrometry	NT=Data-dependent acquisition;AC=PRIDE:0000627	NT=label free sample;AC=MS:1002038	NT=orbitrap fusion;AC=MS:1002416	NT=Carbamidomethyl;AC=UNIMOD:4;TA=C;MT=Fixed	NT=Oxidation;AC=UNIMOD:35;TA=M;MT=Variable	NT=Trypsin;AC=MS:1001251	NT=higher energy beam-type collision-induced dissociation;AC=MS:1002481	tris(2-carboxyethyl)phosphine (tcep)	iodoacetamide (iaa)	1	1	xl_animalcaps_SEC_RNAse_32a_20181121.raw	ftp://ftp.pride.ebi.ac.uk/pride/data/archive/2020/03/PXD017659/xl_animalcaps_SEC_RNAse_32a_20181121.raw	v1.1.0	NT=ms-proteomics;VV=v1.1.0	manual curation	Animal cap
xl_animalcaps_SEC_RNAse_46a_20181121	xenopus laevis	Animal cap	not applicable	not available	1	xl_animalcaps_SEC_RNAse_46a_20181121	proteomic profiling by mass spectrometry	NT=Data-dependent acquisition;AC=PRIDE:0000627	NT=label free sample;AC=MS:1002038	NT=orbitrap fusion;AC=MS:1002416	NT=Carbamidomethyl;AC=UNIMOD:4;TA=C;MT=Fixed	NT=Oxidation;AC=UNIMOD:35;TA=M;MT=Variable	NT=Trypsin;AC=MS:1001251	NT=higher energy beam-type collision-induced dissociation;AC=MS:1002481	tris(2-carboxyethyl)phosphine (tcep)	iodoacetamide (iaa)	1	1	xl_animalcaps_SEC_RNAse_46a_20181121.raw	ftp://ftp.pride.ebi.ac.uk/pride/data/archive/2020/03/PXD017659/xl_animalcaps_SEC_RNAse_46a_20181121.raw	v1.1.0	NT=ms-proteomics;VV=v1.1.0	manual curation	Animal cap
xl_animalcaps_SEC_Control_75a_20181121	xenopus laevis	Animal cap	not applicable	not available	1	xl_animalcaps_SEC_Control_75a_20181121	proteomic profiling by mass spectrometry	NT=Data-dependent acquisition;AC=PRIDE:0000627	NT=label free sample;AC=MS:1002038	NT=orbitrap fusion;AC=MS:1002416	NT=Carbamidomethyl;AC=UNIMOD:4;TA=C;MT=Fixed	NT=Oxidation;AC=UNIMOD:35;TA=M;MT=Variable	NT=Trypsin;AC=MS:1001251	NT=higher energy beam-type collision-induced dissociation;AC=MS:1002481	tris(2-carboxyethyl)phosphine (tcep)	iodoacetamide (iaa)	1	1	xl_animalcaps_SEC_Control_75a_20181121.raw	ftp://ftp.pride.ebi.ac.uk/pride/data/archive/2020/03/PXD017659/xl_animalcaps_SEC_Control_75a_20181121.raw	v1.1.0	NT=ms-proteomics;VV=v1.1.0	manual curation	Animal cap
xl_animalcaps_SEC_RNAse_49a_20181121	xenopus laevis	Animal cap	not applicable	not available	1	xl_animalcaps_SEC_RNAse_49a_20181121	proteomic profiling by mass spectrometry	NT=Data-dependent acquisition;AC=PRIDE:0000627	NT=label free sample;AC=MS:1002038	NT=orbitrap fusion;AC=MS:1002416	NT=Carbamidomethyl;AC=UNIMOD:4;TA=C;MT=Fixed	NT=Oxidation;AC=UNIMOD:35;TA=M;MT=Variable	NT=Trypsin;AC=MS:1001251	NT=higher energy beam-type collision-induced dissociation;AC=MS:1002481	tris(2-carboxyethyl)phosphine (tcep)	iodoacetamide (iaa)	1	1	xl_animalcaps_SEC_RNAse_49a_20181121.raw	ftp://ftp.pride.ebi.ac.uk/pride/data/archive/2020/03/PXD017659/xl_animalcaps_SEC_RNAse_49a_20181121.raw	v1.1.0	NT=ms-proteomics;VV=v1.1.0	manual curation	Animal cap
xl_animalcaps_SEC_Control_29a_20181121	xenopus laevis	Animal cap	not applicable	not available	1	xl_animalcaps_SEC_Control_29a_20181121	proteomic profiling by mass spectrometry	NT=Data-dependent acquisition;AC=PRIDE:0000627	NT=label free sample;AC=MS:1002038	NT=orbitrap fusion;AC=MS:1002416	NT=Carbamidomethyl;AC=UNIMOD:4;TA=C;MT=Fixed	NT=Oxidation;AC=UNIMOD:35;TA=M;MT=Variable	NT=Trypsin;AC=MS:1001251	NT=higher energy beam-type collision-induced dissociation;AC=MS:1002481	tris(2-carboxyethyl)phosphine (tcep)	iodoacetamide (iaa)	1	1	xl_animalcaps_SEC_Control_29a_20181121.raw	ftp://ftp.pride.ebi.ac.uk/pride/data/archive/2020/03/PXD017659/xl_animalcaps_SEC_Control_29a_20181121.raw	v1.1.0	NT=ms-proteomics;VV=v1.1.0	manual curation	Animal cap
xl_animalcaps_SEC_RNAse_61a_20181121	xenopus laevis	Animal cap	not applicable	not available	1	xl_animalcaps_SEC_RNAse_61a_20181121	proteomic profiling by mass spectrometry	NT=Data-dependent acquisition;AC=PRIDE:0000627	NT=label free sample;AC=MS:1002038	NT=orbitrap fusion;AC=MS:1002416	NT=Carbamidomethyl;AC=UNIMOD:4;TA=C;MT=Fixed	NT=Oxidation;AC=UNIMOD:35;TA=M;MT=Variable	NT=Trypsin;AC=MS:1001251	NT=higher energy beam-type collision-induced dissociation;AC=MS:1002481	tris(2-carboxyethyl)phosphine (tcep)	iodoacetamide (iaa)	1	1	xl_animalcaps_SEC_RNAse_61a_20181121.raw	ftp://ftp.pride.ebi.ac.uk/pride/data/archive/2020/03/PXD017659/xl_animalcaps_SEC_RNAse_61a_20181121.raw	v1.1.0	NT=ms-proteomics;VV=v1.1.0	manual curation	Animal cap
xl_animalcaps_SEC_RNAse_12a_20181121	xenopus laevis	Animal cap	not applicable	not available	1	xl_animalcaps_SEC_RNAse_12a_20181121	proteomic profiling by mass spectrometry	NT=Data-dependent acquisition;AC=PRIDE:0000627	NT=label free sample;AC=MS:1002038	NT=orbitrap fusion;AC=MS:1002416	NT=Carbamidomethyl;AC=UNIMOD:4;TA=C;MT=Fixed	NT=Oxidation;AC=UNIMOD:35;TA=M;MT=Variable	NT=Trypsin;AC=MS:1001251	NT=higher energy beam-type collision-induced dissociation;AC=MS:1002481	tris(2-carboxyethyl)phosphine (tcep)	iodoacetamide (iaa)	1	1	xl_animalcaps_SEC_RNAse_12a_20181121.raw	ftp://ftp.pride.ebi.ac.uk/pride/data/archive/2020/03/PXD017659/xl_animalcaps_SEC_RNAse_12a_20181121.raw	v1.1.0	NT=ms-proteomics;VV=v1.1.0	manual curation	Animal cap
xl_animalcaps_SEC_Control_74a_20181121	xenopus laevis	Animal cap	not applicable	not available	1	xl_animalcaps_SEC_Control_74a_20181121	proteomic profiling by mass spectrometry	NT=Data-dependent acquisition;AC=PRIDE:0000627	NT=label free sample;AC=MS:1002038	NT=orbitrap fusion;AC=MS:1002416	NT=Carbamidomethyl;AC=UNIMOD:4;TA=C;MT=Fixed	NT=Oxidation;AC=UNIMOD:35;TA=M;MT=Variable	NT=Trypsin;AC=MS:1001251	NT=higher energy beam-type collision-induced dissociation;AC=MS:1002481	tris(2-carboxyethyl)phosphine (tcep)	iodoacetamide (iaa)	1	1	xl_animalcaps_SEC_Control_74a_20181121.raw	ftp://ftp.pride.ebi.ac.uk/pride/data/archive/2020/03/PXD017659/xl_animalcaps_SEC_Control_74a_20181121.raw	v1.1.0	NT=ms-proteomics;VV=v1.1.0	manual curation	Animal cap
xl_animalcaps_SEC_RNAse_42a_20181121	xenopus laevis	Animal cap	not applicable	not available	1	xl_animalcaps_SEC_RNAse_42a_20181121	proteomic profiling by mass spectrometry	NT=Data-dependent acquisition;AC=PRIDE:0000627	NT=label free sample;AC=MS:1002038	NT=orbitrap fusion;AC=MS:1002416	NT=Carbamidomethyl;AC=UNIMOD:4;TA=C;MT=Fixed	NT=Oxidation;AC=UNIMOD:35;TA=M;MT=Variable	NT=Trypsin;AC=MS:1001251	NT=higher energy beam-type collision-induced dissociation;AC=MS:1002481	tris(2-carboxyethyl)phosphine (tcep)	iodoacetamide (iaa)	1	1	xl_animalcaps_SEC_RNAse_42a_20181121.raw	ftp://ftp.pride.ebi.ac.uk/pride/data/archive/2020/03/PXD017659/xl_animalcaps_SEC_RNAse_42a_20181121.raw	v1.1.0	NT=ms-proteomics;VV=v1.1.0	manual curation	Animal cap
xl_animalcaps_SEC_RNAse_24a_20181121	xenopus laevis	Animal cap	not applicable	not available	1	xl_animalcaps_SEC_RNAse_24a_20181121	proteomic profiling by mass spectrometry	NT=Data-dependent acquisition;AC=PRIDE:0000627	NT=label free sample;AC=MS:1002038	NT=orbitrap fusion;AC=MS:1002416	NT=Carbamidomethyl;AC=UNIMOD:4;TA=C;MT=Fixed	NT=Oxidation;AC=UNIMOD:35;TA=M;MT=Variable	NT=Trypsin;AC=MS:1001251	NT=higher energy beam-type collision-induced dissociation;AC=MS:1002481	tris(2-carboxyethyl)phosphine (tcep)	iodoacetamide (iaa)	1	1	xl_animalcaps_SEC_RNAse_24a_20181121.raw	ftp://ftp.pride.ebi.ac.uk/pride/data/archive/2020/03/PXD017659/xl_animalcaps_SEC_RNAse_24a_20181121.raw	v1.1.0	NT=ms-proteomics;VV=v1.1.0	manual curation	Animal cap
xl_animalcaps_SEC_Control_16a_20181121	xenopus laevis	Animal cap	not applicable	not available	1	xl_animalcaps_SEC_Control_16a_20181121	proteomic profiling by mass spectrometry	NT=Data-dependent acquisition;AC=PRIDE:0000627	NT=label free sample;AC=MS:1002038	NT=orbitrap fusion;AC=MS:1002416	NT=Carbamidomethyl;AC=UNIMOD:4;TA=C;MT=Fixed	NT=Oxidation;AC=UNIMOD:35;TA=M;MT=Variable	NT=Trypsin;AC=MS:1001251	NT=higher energy beam-type collision-induced dissociation;AC=MS:1002481	tris(2-carboxyethyl)phosphine (tcep)	iodoacetamide (iaa)	1	1	xl_animalcaps_SEC_Control_16a_20181121.raw	ftp://ftp.pride.ebi.ac.uk/pride/data/archive/2020/03/PXD017659/xl_animalcaps_SEC_Control_16a_20181121.raw	v1.1.0	NT=ms-proteomics;VV=v1.1.0	manual curation	Animal cap
xl_animalcaps_SEC_Control_45a_20181121	xenopus laevis	Animal cap	not applicable	not available	1	xl_animalcaps_SEC_Control_45a_20181121	proteomic profiling by mass spectrometry	NT=Data-dependent acquisition;AC=PRIDE:0000627	NT=label free sample;AC=MS:1002038	NT=orbitrap fusion;AC=MS:1002416	NT=Carbamidomethyl;AC=UNIMOD:4;TA=C;MT=Fixed	NT=Oxidation;AC=UNIMOD:35;TA=M;MT=Variable	NT=Trypsin;AC=MS:1001251	NT=higher energy beam-type collision-induced dissociation;AC=MS:1002481	tris(2-carboxyethyl)phosphine (tcep)	iodoacetamide (iaa)	1	1	xl_animalcaps_SEC_Control_45a_20181121.raw	ftp://ftp.pride.ebi.ac.uk/pride/data/archive/2020/03/PXD017659/xl_animalcaps_SEC_Control_45a_20181121.raw	v1.1.0	NT=ms-proteomics;VV=v1.1.0	manual curation	Animal cap
xl_animalcaps_SEC_RNAse_65a_20181121	xenopus laevis	Animal cap	not applicable	not available	1	xl_animalcaps_SEC_RNAse_65a_20181121	proteomic profiling by mass spectrometry	NT=Data-dependent acquisition;AC=PRIDE:0000627	NT=label free sample;AC=MS:1002038	NT=orbitrap fusion;AC=MS:1002416	NT=Carbamidomethyl;AC=UNIMOD:4;TA=C;MT=Fixed	NT=Oxidation;AC=UNIMOD:35;TA=M;MT=Variable	NT=Trypsin;AC=MS:1001251	NT=higher energy beam-type collision-induced dissociation;AC=MS:1002481	tris(2-carboxyethyl)phosphine (tcep)	iodoacetamide (iaa)	1	1	xl_animalcaps_SEC_RNAse_65a_20181121.raw	ftp://ftp.pride.ebi.ac.uk/pride/data/archive/2020/03/PXD017659/xl_animalcaps_SEC_RNAse_65a_20181121.raw	v1.1.0	NT=ms-proteomics;VV=v1.1.0	manual curation	Animal cap
xl_animalcaps_SEC_RNAse_16a_20181121	xenopus laevis	Animal cap	not applicable	not available	1	xl_animalcaps_SEC_RNAse_16a_20181121	proteomic profiling by mass spectrometry	NT=Data-dependent acquisition;AC=PRIDE:0000627	NT=label free sample;AC=MS:1002038	NT=orbitrap fusion;AC=MS:1002416	NT=Carbamidomethyl;AC=UNIMOD:4;TA=C;MT=Fixed	NT=Oxidation;AC=UNIMOD:35;TA=M;MT=Variable	NT=Trypsin;AC=MS:1001251	NT=higher energy beam-type collision-induced dissociation;AC=MS:1002481	tris(2-carboxyethyl)phosphine (tcep)	iodoacetamide (iaa)	1	1	xl_animalcaps_SEC_RNAse_16a_20181121.raw	ftp://ftp.pride.ebi.ac.uk/pride/data/archive/2020/03/PXD017659/xl_animalcaps_SEC_RNAse_16a_20181121.raw	v1.1.0	NT=ms-proteomics;VV=v1.1.0	manual curation	Animal cap
xl_animalcaps_SEC_Control_19a_20181121	xenopus laevis	Animal cap	not applicable	not available	1	xl_animalcaps_SEC_Control_19a_20181121	proteomic profiling by mass spectrometry	NT=Data-dependent acquisition;AC=PRIDE:0000627	NT=label free sample;AC=MS:1002038	NT=orbitrap fusion;AC=MS:1002416	NT=Carbamidomethyl;AC=UNIMOD:4;TA=C;MT=Fixed	NT=Oxidation;AC=UNIMOD:35;TA=M;MT=Variable	NT=Trypsin;AC=MS:1001251	NT=higher energy beam-type collision-induced dissociation;AC=MS:1002481	tris(2-carboxyethyl)phosphine (tcep)	iodoacetamide (iaa)	1	1	xl_animalcaps_SEC_Control_19a_20181121.raw	ftp://ftp.pride.ebi.ac.uk/pride/data/archive/2020/03/PXD017659/xl_animalcaps_SEC_Control_19a_20181121.raw	v1.1.0	NT=ms-proteomics;VV=v1.1.0	manual curation	Animal cap
xl_animalcaps_SEC_Control_55a_20181121	xenopus laevis	Animal cap	not applicable	not available	1	xl_animalcaps_SEC_Control_55a_20181121	proteomic profiling by mass spectrometry	NT=Data-dependent acquisition;AC=PRIDE:0000627	NT=label free sample;AC=MS:1002038	NT=orbitrap fusion;AC=MS:1002416	NT=Carbamidomethyl;AC=UNIMOD:4;TA=C;MT=Fixed	NT=Oxidation;AC=UNIMOD:35;TA=M;MT=Variable	NT=Trypsin;AC=MS:1001251	NT=higher energy beam-type collision-induced dissociation;AC=MS:1002481	tris(2-carboxyethyl)phosphine (tcep)	iodoacetamide (iaa)	1	1	xl_animalcaps_SEC_Control_55a_20181121.raw	ftp://ftp.pride.ebi.ac.uk/pride/data/archive/2020/03/PXD017659/xl_animalcaps_SEC_Control_55a_20181121.raw	v1.1.0	NT=ms-proteomics;VV=v1.1.0	manual curation	Animal cap
xl_animalcaps_SEC_RNAse_62a_20181121	xenopus laevis	Animal cap	not applicable	not available	1	xl_animalcaps_SEC_RNAse_62a_20181121	proteomic profiling by mass spectrometry	NT=Data-dependent acquisition;AC=PRIDE:0000627	NT=label free sample;AC=MS:1002038	NT=orbitrap fusion;AC=MS:1002416	NT=Carbamidomethyl;AC=UNIMOD:4;TA=C;MT=Fixed	NT=Oxidation;AC=UNIMOD:35;TA=M;MT=Variable	NT=Trypsin;AC=MS:1001251	NT=higher energy beam-type collision-induced dissociation;AC=MS:1002481	tris(2-carboxyethyl)phosphine (tcep)	iodoacetamide (iaa)	1	1	xl_animalcaps_SEC_RNAse_62a_20181121.raw	ftp://ftp.pride.ebi.ac.uk/pride/data/archive/2020/03/PXD017659/xl_animalcaps_SEC_RNAse_62a_20181121.raw	v1.1.0	NT=ms-proteomics;VV=v1.1.0	manual curation	Animal cap
xl_animalcaps_SEC_Control_38a_20181121	xenopus laevis	Animal cap	not applicable	not available	1	xl_animalcaps_SEC_Control_38a_20181121	proteomic profiling by mass spectrometry	NT=Data-dependent acquisition;AC=PRIDE:0000627	NT=label free sample;AC=MS:1002038	NT=orbitrap fusion;AC=MS:1002416	NT=Carbamidomethyl;AC=UNIMOD:4;TA=C;MT=Fixed	NT=Oxidation;AC=UNIMOD:35;TA=M;MT=Variable	NT=Trypsin;AC=MS:1001251	NT=higher energy beam-type collision-induced dissociation;AC=MS:1002481	tris(2-carboxyethyl)phosphine (tcep)	iodoacetamide (iaa)	1	1	xl_animalcaps_SEC_Control_38a_20181121.raw	ftp://ftp.pride.ebi.ac.uk/pride/data/archive/2020/03/PXD017659/xl_animalcaps_SEC_Control_38a_20181121.raw	v1.1.0	NT=ms-proteomics;VV=v1.1.0	manual curation	Animal cap
xl_animalcaps_SEC_Control_57a_20181121	xenopus laevis	Animal cap	not applicable	not available	1	xl_animalcaps_SEC_Control_57a_20181121	proteomic profiling by mass spectrometry	NT=Data-dependent acquisition;AC=PRIDE:0000627	NT=label free sample;AC=MS:1002038	NT=orbitrap fusion;AC=MS:1002416	NT=Carbamidomethyl;AC=UNIMOD:4;TA=C;MT=Fixed	NT=Oxidation;AC=UNIMOD:35;TA=M;MT=Variable	NT=Trypsin;AC=MS:1001251	NT=higher energy beam-type collision-induced dissociation;AC=MS:1002481	tris(2-carboxyethyl)phosphine (tcep)	iodoacetamide (iaa)	1	1	xl_animalcaps_SEC_Control_57a_20181121.raw	ftp://ftp.pride.ebi.ac.uk/pride/data/archive/2020/03/PXD017659/xl_animalcaps_SEC_Control_57a_20181121.raw	v1.1.0	NT=ms-proteomics;VV=v1.1.0	manual curation	Animal cap
xl_animalcaps_SEC_Control_25a_20181121	xenopus laevis	Animal cap	not applicable	not available	1	xl_animalcaps_SEC_Control_25a_20181121	proteomic profiling by mass spectrometry	NT=Data-dependent acquisition;AC=PRIDE:0000627	NT=label free sample;AC=MS:1002038	NT=orbitrap fusion;AC=MS:1002416	NT=Carbamidomethyl;AC=UNIMOD:4;TA=C;MT=Fixed	NT=Oxidation;AC=UNIMOD:35;TA=M;MT=Variable	NT=Trypsin;AC=MS:1001251	NT=higher energy beam-type collision-induced dissociation;AC=MS:1002481	tris(2-carboxyethyl)phosphine (tcep)	iodoacetamide (iaa)	1	1	xl_animalcaps_SEC_Control_25a_20181121.raw	ftp://ftp.pride.ebi.ac.uk/pride/data/archive/2020/03/PXD017659/xl_animalcaps_SEC_Control_25a_20181121.raw	v1.1.0	NT=ms-proteomics;VV=v1.1.0	manual curation	Animal cap
xl_animalcaps_SEC_Control_65a_20181121	xenopus laevis	Animal cap	not applicable	not available	1	xl_animalcaps_SEC_Control_65a_20181121	proteomic profiling by mass spectrometry	NT=Data-dependent acquisition;AC=PRIDE:0000627	NT=label free sample;AC=MS:1002038	NT=orbitrap fusion;AC=MS:1002416	NT=Carbamidomethyl;AC=UNIMOD:4;TA=C;MT=Fixed	NT=Oxidation;AC=UNIMOD:35;TA=M;MT=Variable	NT=Trypsin;AC=MS:1001251	NT=higher energy beam-type collision-induced dissociation;AC=MS:1002481	tris(2-carboxyethyl)phosphine (tcep)	iodoacetamide (iaa)	1	1	xl_animalcaps_SEC_Control_65a_20181121.raw	ftp://ftp.pride.ebi.ac.uk/pride/data/archive/2020/03/PXD017659/xl_animalcaps_SEC_Control_65a_20181121.raw	v1.1.0	NT=ms-proteomics;VV=v1.1.0	manual curation	Animal cap
xl_animalcaps_SEC_Control_09a_20181121	xenopus laevis	Animal cap	not applicable	not available	1	xl_animalcaps_SEC_Control_09a_20181121	proteomic profiling by mass spectrometry	NT=Data-dependent acquisition;AC=PRIDE:0000627	NT=label free sample;AC=MS:1002038	NT=orbitrap fusion;AC=MS:1002416	NT=Carbamidomethyl;AC=UNIMOD:4;TA=C;MT=Fixed	NT=Oxidation;AC=UNIMOD:35;TA=M;MT=Variable	NT=Trypsin;AC=MS:1001251	NT=higher energy beam-type collision-induced dissociation;AC=MS:1002481	tris(2-carboxyethyl)phosphine (tcep)	iodoacetamide (iaa)	1	1	xl_animalcaps_SEC_Control_09a_20181121.raw	ftp://ftp.pride.ebi.ac.uk/pride/data/archive/2020/03/PXD017659/xl_animalcaps_SEC_Control_09a_20181121.raw	v1.1.0	NT=ms-proteomics;VV=v1.1.0	manual curation	Animal cap
xl_animalcaps_SEC_Control_59a_20181121	xenopus laevis	Animal cap	not applicable	not available	1	xl_animalcaps_SEC_Control_59a_20181121	proteomic profiling by mass spectrometry	NT=Data-dependent acquisition;AC=PRIDE:0000627	NT=label free sample;AC=MS:1002038	NT=orbitrap fusion;AC=MS:1002416	NT=Carbamidomethyl;AC=UNIMOD:4;TA=C;MT=Fixed	NT=Oxidation;AC=UNIMOD:35;TA=M;MT=Variable	NT=Trypsin;AC=MS:1001251	NT=higher energy beam-type collision-induced dissociation;AC=MS:1002481	tris(2-carboxyethyl)phosphine (tcep)	iodoacetamide (iaa)	1	1	xl_animalcaps_SEC_Control_59a_20181121.raw	ftp://ftp.pride.ebi.ac.uk/pride/data/archive/2020/03/PXD017659/xl_animalcaps_SEC_Control_59a_20181121.raw	v1.1.0	NT=ms-proteomics;VV=v1.1.0	manual curation	Animal cap
xl_animalcaps_SEC_Control_28a_20181121	xenopus laevis	Animal cap	not applicable	not available	1	xl_animalcaps_SEC_Control_28a_20181121	proteomic profiling by mass spectrometry	NT=Data-dependent acquisition;AC=PRIDE:0000627	NT=label free sample;AC=MS:1002038	NT=orbitrap fusion;AC=MS:1002416	NT=Carbamidomethyl;AC=UNIMOD:4;TA=C;MT=Fixed	NT=Oxidation;AC=UNIMOD:35;TA=M;MT=Variable	NT=Trypsin;AC=MS:1001251	NT=higher energy beam-type collision-induced dissociation;AC=MS:1002481	tris(2-carboxyethyl)phosphine (tcep)	iodoacetamide (iaa)	1	1	xl_animalcaps_SEC_Control_28a_20181121.raw	ftp://ftp.pride.ebi.ac.uk/pride/data/archive/2020/03/PXD017659/xl_animalcaps_SEC_Control_28a_20181121.raw	v1.1.0	NT=ms-proteomics;VV=v1.1.0	manual curation	Animal cap
xl_animalcaps_SEC_Control_24a_20181121	xenopus laevis	Animal cap	not applicable	not available	1	xl_animalcaps_SEC_Control_24a_20181121	proteomic profiling by mass spectrometry	NT=Data-dependent acquisition;AC=PRIDE:0000627	NT=label free sample;AC=MS:1002038	NT=orbitrap fusion;AC=MS:1002416	NT=Carbamidomethyl;AC=UNIMOD:4;TA=C;MT=Fixed	NT=Oxidation;AC=UNIMOD:35;TA=M;MT=Variable	NT=Trypsin;AC=MS:1001251	NT=higher energy beam-type collision-induced dissociation;AC=MS:1002481	tris(2-carboxyethyl)phosphine (tcep)	iodoacetamide (iaa)	1	1	xl_animalcaps_SEC_Control_24a_20181121.raw	ftp://ftp.pride.ebi.ac.uk/pride/data/archive/2020/03/PXD017659/xl_animalcaps_SEC_Control_24a_20181121.raw	v1.1.0	NT=ms-proteomics;VV=v1.1.0	manual curation	Animal cap
xl_animalcaps_SEC_RNAse_58a_20181121	xenopus laevis	Animal cap	not applicable	not available	1	xl_animalcaps_SEC_RNAse_58a_20181121	proteomic profiling by mass spectrometry	NT=Data-dependent acquisition;AC=PRIDE:0000627	NT=label free sample;AC=MS:1002038	NT=orbitrap fusion;AC=MS:1002416	NT=Carbamidomethyl;AC=UNIMOD:4;TA=C;MT=Fixed	NT=Oxidation;AC=UNIMOD:35;TA=M;MT=Variable	NT=Trypsin;AC=MS:1001251	NT=higher energy beam-type collision-induced dissociation;AC=MS:1002481	tris(2-carboxyethyl)phosphine (tcep)	iodoacetamide (iaa)	1	1	xl_animalcaps_SEC_RNAse_58a_20181121.raw	ftp://ftp.pride.ebi.ac.uk/pride/data/archive/2020/03/PXD017659/xl_animalcaps_SEC_RNAse_58a_20181121.raw	v1.1.0	NT=ms-proteomics;VV=v1.1.0	manual curation	Animal cap
xl_animalcaps_SEC_RNAse_23a_20181121	xenopus laevis	Animal cap	not applicable	not available	1	xl_animalcaps_SEC_RNAse_23a_20181121	proteomic profiling by mass spectrometry	NT=Data-dependent acquisition;AC=PRIDE:0000627	NT=label free sample;AC=MS:1002038	NT=orbitrap fusion;AC=MS:1002416	NT=Carbamidomethyl;AC=UNIMOD:4;TA=C;MT=Fixed	NT=Oxidation;AC=UNIMOD:35;TA=M;MT=Variable	NT=Trypsin;AC=MS:1001251	NT=higher energy beam-type collision-induced dissociation;AC=MS:1002481	tris(2-carboxyethyl)phosphine (tcep)	iodoacetamide (iaa)	1	1	xl_animalcaps_SEC_RNAse_23a_20181121.raw	ftp://ftp.pride.ebi.ac.uk/pride/data/archive/2020/03/PXD017659/xl_animalcaps_SEC_RNAse_23a_20181121.raw	v1.1.0	NT=ms-proteomics;VV=v1.1.0	manual curation	Animal cap
xl_animalcaps_SEC_RNAse_31a_20181121	xenopus laevis	Animal cap	not applicable	not available	1	xl_animalcaps_SEC_RNAse_31a_20181121	proteomic profiling by mass spectrometry	NT=Data-dependent acquisition;AC=PRIDE:0000627	NT=label free sample;AC=MS:1002038	NT=orbitrap fusion;AC=MS:1002416	NT=Carbamidomethyl;AC=UNIMOD:4;TA=C;MT=Fixed	NT=Oxidation;AC=UNIMOD:35;TA=M;MT=Variable	NT=Trypsin;AC=MS:1001251	NT=higher energy beam-type collision-induced dissociation;AC=MS:1002481	tris(2-carboxyethyl)phosphine (tcep)	iodoacetamide (iaa)	1	1	xl_animalcaps_SEC_RNAse_31a_20181121.raw	ftp://ftp.pride.ebi.ac.uk/pride/data/archive/2020/03/PXD017659/xl_animalcaps_SEC_RNAse_31a_20181121.raw	v1.1.0	NT=ms-proteomics;VV=v1.1.0	manual curation	Animal cap
xl_animalcaps_SEC_Control_08a_20181121	xenopus laevis	Animal cap	not applicable	not available	1	xl_animalcaps_SEC_Control_08a_20181121	proteomic profiling by mass spectrometry	NT=Data-dependent acquisition;AC=PRIDE:0000627	NT=label free sample;AC=MS:1002038	NT=orbitrap fusion;AC=MS:1002416	NT=Carbamidomethyl;AC=UNIMOD:4;TA=C;MT=Fixed	NT=Oxidation;AC=UNIMOD:35;TA=M;MT=Variable	NT=Trypsin;AC=MS:1001251	NT=higher energy beam-type collision-induced dissociation;AC=MS:1002481	tris(2-carboxyethyl)phosphine (tcep)	iodoacetamide (iaa)	1	1	xl_animalcaps_SEC_Control_08a_20181121.raw	ftp://ftp.pride.ebi.ac.uk/pride/data/archive/2020/03/PXD017659/xl_animalcaps_SEC_Control_08a_20181121.raw	v1.1.0	NT=ms-proteomics;VV=v1.1.0	manual curation	Animal cap
xl_animalcaps_SEC_Control_69a_20181121	xenopus laevis	Animal cap	not applicable	not available	1	xl_animalcaps_SEC_Control_69a_20181121	proteomic profiling by mass spectrometry	NT=Data-dependent acquisition;AC=PRIDE:0000627	NT=label free sample;AC=MS:1002038	NT=orbitrap fusion;AC=MS:1002416	NT=Carbamidomethyl;AC=UNIMOD:4;TA=C;MT=Fixed	NT=Oxidation;AC=UNIMOD:35;TA=M;MT=Variable	NT=Trypsin;AC=MS:1001251	NT=higher energy beam-type collision-induced dissociation;AC=MS:1002481	tris(2-carboxyethyl)phosphine (tcep)	iodoacetamide (iaa)	1	1	xl_animalcaps_SEC_Control_69a_20181121.raw	ftp://ftp.pride.ebi.ac.uk/pride/data/archive/2020/03/PXD017659/xl_animalcaps_SEC_Control_69a_20181121.raw	v1.1.0	NT=ms-proteomics;VV=v1.1.0	manual curation	Animal cap
xl_animalcaps_SEC_RNAse_17a_20181121	xenopus laevis	Animal cap	not applicable	not available	1	xl_animalcaps_SEC_RNAse_17a_20181121	proteomic profiling by mass spectrometry	NT=Data-dependent acquisition;AC=PRIDE:0000627	NT=label free sample;AC=MS:1002038	NT=orbitrap fusion;AC=MS:1002416	NT=Carbamidomethyl;AC=UNIMOD:4;TA=C;MT=Fixed	NT=Oxidation;AC=UNIMOD:35;TA=M;MT=Variable	NT=Trypsin;AC=MS:1001251	NT=higher energy beam-type collision-induced dissociation;AC=MS:1002481	tris(2-carboxyethyl)phosphine (tcep)	iodoacetamide (iaa)	1	1	xl_animalcaps_SEC_RNAse_17a_20181121.raw	ftp://ftp.pride.ebi.ac.uk/pride/data/archive/2020/03/PXD017659/xl_animalcaps_SEC_RNAse_17a_20181121.raw	v1.1.0	NT=ms-proteomics;VV=v1.1.0	manual curation	Animal cap
xl_animalcaps_SEC_Control_02a_20181121	xenopus laevis	Animal cap	not applicable	not available	1	xl_animalcaps_SEC_Control_02a_20181121	proteomic profiling by mass spectrometry	NT=Data-dependent acquisition;AC=PRIDE:0000627	NT=label free sample;AC=MS:1002038	NT=orbitrap fusion;AC=MS:1002416	NT=Carbamidomethyl;AC=UNIMOD:4;TA=C;MT=Fixed	NT=Oxidation;AC=UNIMOD:35;TA=M;MT=Variable	NT=Trypsin;AC=MS:1001251	NT=higher energy beam-type collision-induced dissociation;AC=MS:1002481	tris(2-carboxyethyl)phosphine (tcep)	iodoacetamide (iaa)	1	1	xl_animalcaps_SEC_Control_02a_20181121.raw	ftp://ftp.pride.ebi.ac.uk/pride/data/archive/2020/03/PXD017659/xl_animalcaps_SEC_Control_02a_20181121.raw	v1.1.0	NT=ms-proteomics;VV=v1.1.0	manual curation	Animal cap
xl_animalcaps_SEC_RNAse_04a_20181121	xenopus laevis	Animal cap	not applicable	not available	1	xl_animalcaps_SEC_RNAse_04a_20181121	proteomic profiling by mass spectrometry	NT=Data-dependent acquisition;AC=PRIDE:0000627	NT=label free sample;AC=MS:1002038	NT=orbitrap fusion;AC=MS:1002416	NT=Carbamidomethyl;AC=UNIMOD:4;TA=C;MT=Fixed	NT=Oxidation;AC=UNIMOD:35;TA=M;MT=Variable	NT=Trypsin;AC=MS:1001251	NT=higher energy beam-type collision-induced dissociation;AC=MS:1002481	tris(2-carboxyethyl)phosphine (tcep)	iodoacetamide (iaa)	1	1	xl_animalcaps_SEC_RNAse_04a_20181121.raw	ftp://ftp.pride.ebi.ac.uk/pride/data/archive/2020/03/PXD017659/xl_animalcaps_SEC_RNAse_04a_20181121.raw	v1.1.0	NT=ms-proteomics;VV=v1.1.0	manual curation	Animal cap
xl_animalcaps_SEC_Control_77a_20181121	xenopus laevis	Animal cap	not applicable	not available	1	xl_animalcaps_SEC_Control_77a_20181121	proteomic profiling by mass spectrometry	NT=Data-dependent acquisition;AC=PRIDE:0000627	NT=label free sample;AC=MS:1002038	NT=orbitrap fusion;AC=MS:1002416	NT=Carbamidomethyl;AC=UNIMOD:4;TA=C;MT=Fixed	NT=Oxidation;AC=UNIMOD:35;TA=M;MT=Variable	NT=Trypsin;AC=MS:1001251	NT=higher energy beam-type collision-induced dissociation;AC=MS:1002481	tris(2-carboxyethyl)phosphine (tcep)	iodoacetamide (iaa)	1	1	xl_animalcaps_SEC_Control_77a_20181121.raw	ftp://ftp.pride.ebi.ac.uk/pride/data/archive/2020/03/PXD017659/xl_animalcaps_SEC_Control_77a_20181121.raw	v1.1.0	NT=ms-proteomics;VV=v1.1.0	manual curation	Animal cap
xl_animalcaps_SEC_RNAse_30a_20181121	xenopus laevis	Animal cap	not applicable	not available	1	xl_animalcaps_SEC_RNAse_30a_20181121	proteomic profiling by mass spectrometry	NT=Data-dependent acquisition;AC=PRIDE:0000627	NT=label free sample;AC=MS:1002038	NT=orbitrap fusion;AC=MS:1002416	NT=Carbamidomethyl;AC=UNIMOD:4;TA=C;MT=Fixed	NT=Oxidation;AC=UNIMOD:35;TA=M;MT=Variable	NT=Trypsin;AC=MS:1001251	NT=higher energy beam-type collision-induced dissociation;AC=MS:1002481	tris(2-carboxyethyl)phosphine (tcep)	iodoacetamide (iaa)	1	1	xl_animalcaps_SEC_RNAse_30a_20181121.raw	ftp://ftp.pride.ebi.ac.uk/pride/data/archive/2020/03/PXD017659/xl_animalcaps_SEC_RNAse_30a_20181121.raw	v1.1.0	NT=ms-proteomics;VV=v1.1.0	manual curation	Animal cap
xl_animalcaps_SEC_RNAse_40a_20181121	xenopus laevis	Animal cap	not applicable	not available	1	xl_animalcaps_SEC_RNAse_40a_20181121	proteomic profiling by mass spectrometry	NT=Data-dependent acquisition;AC=PRIDE:0000627	NT=label free sample;AC=MS:1002038	NT=orbitrap fusion;AC=MS:1002416	NT=Carbamidomethyl;AC=UNIMOD:4;TA=C;MT=Fixed	NT=Oxidation;AC=UNIMOD:35;TA=M;MT=Variable	NT=Trypsin;AC=MS:1001251	NT=higher energy beam-type collision-induced dissociation;AC=MS:1002481	tris(2-carboxyethyl)phosphine (tcep)	iodoacetamide (iaa)	1	1	xl_animalcaps_SEC_RNAse_40a_20181121.raw	ftp://ftp.pride.ebi.ac.uk/pride/data/archive/2020/03/PXD017659/xl_animalcaps_SEC_RNAse_40a_20181121.raw	v1.1.0	NT=ms-proteomics;VV=v1.1.0	manual curation	Animal cap
xl_animalcaps_SEC_Control_06a_20181121	xenopus laevis	Animal cap	not applicable	not available	1	xl_animalcaps_SEC_Control_06a_20181121	proteomic profiling by mass spectrometry	NT=Data-dependent acquisition;AC=PRIDE:0000627	NT=label free sample;AC=MS:1002038	NT=orbitrap fusion;AC=MS:1002416	NT=Carbamidomethyl;AC=UNIMOD:4;TA=C;MT=Fixed	NT=Oxidation;AC=UNIMOD:35;TA=M;MT=Variable	NT=Trypsin;AC=MS:1001251	NT=higher energy beam-type collision-induced dissociation;AC=MS:1002481	tris(2-carboxyethyl)phosphine (tcep)	iodoacetamide (iaa)	1	1	xl_animalcaps_SEC_Control_06a_20181121.raw	ftp://ftp.pride.ebi.ac.uk/pride/data/archive/2020/03/PXD017659/xl_animalcaps_SEC_Control_06a_20181121.raw	v1.1.0	NT=ms-proteomics;VV=v1.1.0	manual curation	Animal cap
xl_animalcaps_SEC_Control_70a_20181121	xenopus laevis	Animal cap	not applicable	not available	1	xl_animalcaps_SEC_Control_70a_20181121	proteomic profiling by mass spectrometry	NT=Data-dependent acquisition;AC=PRIDE:0000627	NT=label free sample;AC=MS:1002038	NT=orbitrap fusion;AC=MS:1002416	NT=Carbamidomethyl;AC=UNIMOD:4;TA=C;MT=Fixed	NT=Oxidation;AC=UNIMOD:35;TA=M;MT=Variable	NT=Trypsin;AC=MS:1001251	NT=higher energy beam-type collision-induced dissociation;AC=MS:1002481	tris(2-carboxyethyl)phosphine (tcep)	iodoacetamide (iaa)	1	1	xl_animalcaps_SEC_Control_70a_20181121.raw	ftp://ftp.pride.ebi.ac.uk/pride/data/archive/2020/03/PXD017659/xl_animalcaps_SEC_Control_70a_20181121.raw	v1.1.0	NT=ms-proteomics;VV=v1.1.0	manual curation	Animal cap
xl_animalcaps_SEC_RNAse_63a_20181121	xenopus laevis	Animal cap	not applicable	not available	1	xl_animalcaps_SEC_RNAse_63a_20181121	proteomic profiling by mass spectrometry	NT=Data-dependent acquisition;AC=PRIDE:0000627	NT=label free sample;AC=MS:1002038	NT=orbitrap fusion;AC=MS:1002416	NT=Carbamidomethyl;AC=UNIMOD:4;TA=C;MT=Fixed	NT=Oxidation;AC=UNIMOD:35;TA=M;MT=Variable	NT=Trypsin;AC=MS:1001251	NT=higher energy beam-type collision-induced dissociation;AC=MS:1002481	tris(2-carboxyethyl)phosphine (tcep)	iodoacetamide (iaa)	1	1	xl_animalcaps_SEC_RNAse_63a_20181121.raw	ftp://ftp.pride.ebi.ac.uk/pride/data/archive/2020/03/PXD017659/xl_animalcaps_SEC_RNAse_63a_20181121.raw	v1.1.0	NT=ms-proteomics;VV=v1.1.0	manual curation	Animal cap
xl_animalcaps_SEC_RNAse_52a_20181121	xenopus laevis	Animal cap	not applicable	not available	1	xl_animalcaps_SEC_RNAse_52a_20181121	proteomic profiling by mass spectrometry	NT=Data-dependent acquisition;AC=PRIDE:0000627	NT=label free sample;AC=MS:1002038	NT=orbitrap fusion;AC=MS:1002416	NT=Carbamidomethyl;AC=UNIMOD:4;TA=C;MT=Fixed	NT=Oxidation;AC=UNIMOD:35;TA=M;MT=Variable	NT=Trypsin;AC=MS:1001251	NT=higher energy beam-type collision-induced dissociation;AC=MS:1002481	tris(2-carboxyethyl)phosphine (tcep)	iodoacetamide (iaa)	1	1	xl_animalcaps_SEC_RNAse_52a_20181121.raw	ftp://ftp.pride.ebi.ac.uk/pride/data/archive/2020/03/PXD017659/xl_animalcaps_SEC_RNAse_52a_20181121.raw	v1.1.0	NT=ms-proteomics;VV=v1.1.0	manual curation	Animal cap
xl_animalcaps_SEC_Control_46a_20181121	xenopus laevis	Animal cap	not applicable	not available	1	xl_animalcaps_SEC_Control_46a_20181121	proteomic profiling by mass spectrometry	NT=Data-dependent acquisition;AC=PRIDE:0000627	NT=label free sample;AC=MS:1002038	NT=orbitrap fusion;AC=MS:1002416	NT=Carbamidomethyl;AC=UNIMOD:4;TA=C;MT=Fixed	NT=Oxidation;AC=UNIMOD:35;TA=M;MT=Variable	NT=Trypsin;AC=MS:1001251	NT=higher energy beam-type collision-induced dissociation;AC=MS:1002481	tris(2-carboxyethyl)phosphine (tcep)	iodoacetamide (iaa)	1	1	xl_animalcaps_SEC_Control_46a_20181121.raw	ftp://ftp.pride.ebi.ac.uk/pride/data/archive/2020/03/PXD017659/xl_animalcaps_SEC_Control_46a_20181121.raw	v1.1.0	NT=ms-proteomics;VV=v1.1.0	manual curation	Animal cap
xl_animalcaps_SEC_Control_39a_20181121	xenopus laevis	Animal cap	not applicable	not available	1	xl_animalcaps_SEC_Control_39a_20181121	proteomic profiling by mass spectrometry	NT=Data-dependent acquisition;AC=PRIDE:0000627	NT=label free sample;AC=MS:1002038	NT=orbitrap fusion;AC=MS:1002416	NT=Carbamidomethyl;AC=UNIMOD:4;TA=C;MT=Fixed	NT=Oxidation;AC=UNIMOD:35;TA=M;MT=Variable	NT=Trypsin;AC=MS:1001251	NT=higher energy beam-type collision-induced dissociation;AC=MS:1002481	tris(2-carboxyethyl)phosphine (tcep)	iodoacetamide (iaa)	1	1	xl_animalcaps_SEC_Control_39a_20181121.raw	ftp://ftp.pride.ebi.ac.uk/pride/data/archive/2020/03/PXD017659/xl_animalcaps_SEC_Control_39a_20181121.raw	v1.1.0	NT=ms-proteomics;VV=v1.1.0	manual curation	Animal cap
xl_animalcaps_SEC_RNAse_60a_20181121	xenopus laevis	Animal cap	not applicable	not available	1	xl_animalcaps_SEC_RNAse_60a_20181121	proteomic profiling by mass spectrometry	NT=Data-dependent acquisition;AC=PRIDE:0000627	NT=label free sample;AC=MS:1002038	NT=orbitrap fusion;AC=MS:1002416	NT=Carbamidomethyl;AC=UNIMOD:4;TA=C;MT=Fixed	NT=Oxidation;AC=UNIMOD:35;TA=M;MT=Variable	NT=Trypsin;AC=MS:1001251	NT=higher energy beam-type collision-induced dissociation;AC=MS:1002481	tris(2-carboxyethyl)phosphine (tcep)	iodoacetamide (iaa)	1	1	xl_animalcaps_SEC_RNAse_60a_20181121.raw	ftp://ftp.pride.ebi.ac.uk/pride/data/archive/2020/03/PXD017659/xl_animalcaps_SEC_RNAse_60a_20181121.raw	v1.1.0	NT=ms-proteomics;VV=v1.1.0	manual curation	Animal cap
xl_animalcaps_SEC_RNAse_69a_20181121	xenopus laevis	Animal cap	not applicable	not available	1	xl_animalcaps_SEC_RNAse_69a_20181121	proteomic profiling by mass spectrometry	NT=Data-dependent acquisition;AC=PRIDE:0000627	NT=label free sample;AC=MS:1002038	NT=orbitrap fusion;AC=MS:1002416	NT=Carbamidomethyl;AC=UNIMOD:4;TA=C;MT=Fixed	NT=Oxidation;AC=UNIMOD:35;TA=M;MT=Variable	NT=Trypsin;AC=MS:1001251	NT=higher energy beam-type collision-induced dissociation;AC=MS:1002481	tris(2-carboxyethyl)phosphine (tcep)	iodoacetamide (iaa)	1	1	xl_animalcaps_SEC_RNAse_69a_20181121.raw	ftp://ftp.pride.ebi.ac.uk/pride/data/archive/2020/03/PXD017659/xl_animalcaps_SEC_RNAse_69a_20181121.raw	v1.1.0	NT=ms-proteomics;VV=v1.1.0	manual curation	Animal cap
xl_animalcaps_SEC_Control_33a_20181121	xenopus laevis	Animal cap	not applicable	not available	1	xl_animalcaps_SEC_Control_33a_20181121	proteomic profiling by mass spectrometry	NT=Data-dependent acquisition;AC=PRIDE:0000627	NT=label free sample;AC=MS:1002038	NT=orbitrap fusion;AC=MS:1002416	NT=Carbamidomethyl;AC=UNIMOD:4;TA=C;MT=Fixed	NT=Oxidation;AC=UNIMOD:35;TA=M;MT=Variable	NT=Trypsin;AC=MS:1001251	NT=higher energy beam-type collision-induced dissociation;AC=MS:1002481	tris(2-carboxyethyl)phosphine (tcep)	iodoacetamide (iaa)	1	1	xl_animalcaps_SEC_Control_33a_20181121.raw	ftp://ftp.pride.ebi.ac.uk/pride/data/archive/2020/03/PXD017659/xl_animalcaps_SEC_Control_33a_20181121.raw	v1.1.0	NT=ms-proteomics;VV=v1.1.0	manual curation	Animal cap
xl_animalcaps_SEC_Control_10a_20181121	xenopus laevis	Animal cap	not applicable	not available	1	xl_animalcaps_SEC_Control_10a_20181121	proteomic profiling by mass spectrometry	NT=Data-dependent acquisition;AC=PRIDE:0000627	NT=label free sample;AC=MS:1002038	NT=orbitrap fusion;AC=MS:1002416	NT=Carbamidomethyl;AC=UNIMOD:4;TA=C;MT=Fixed	NT=Oxidation;AC=UNIMOD:35;TA=M;MT=Variable	NT=Trypsin;AC=MS:1001251	NT=higher energy beam-type collision-induced dissociation;AC=MS:1002481	tris(2-carboxyethyl)phosphine (tcep)	iodoacetamide (iaa)	1	1	xl_animalcaps_SEC_Control_10a_20181121.raw	ftp://ftp.pride.ebi.ac.uk/pride/data/archive/2020/03/PXD017659/xl_animalcaps_SEC_Control_10a_20181121.raw	v1.1.0	NT=ms-proteomics;VV=v1.1.0	manual curation	Animal cap
xl_animalcaps_SEC_RNAse_50a_20181121	xenopus laevis	Animal cap	not applicable	not available	1	xl_animalcaps_SEC_RNAse_50a_20181121	proteomic profiling by mass spectrometry	NT=Data-dependent acquisition;AC=PRIDE:0000627	NT=label free sample;AC=MS:1002038	NT=orbitrap fusion;AC=MS:1002416	NT=Carbamidomethyl;AC=UNIMOD:4;TA=C;MT=Fixed	NT=Oxidation;AC=UNIMOD:35;TA=M;MT=Variable	NT=Trypsin;AC=MS:1001251	NT=higher energy beam-type collision-induced dissociation;AC=MS:1002481	tris(2-carboxyethyl)phosphine (tcep)	iodoacetamide (iaa)	1	1	xl_animalcaps_SEC_RNAse_50a_20181121.raw	ftp://ftp.pride.ebi.ac.uk/pride/data/archive/2020/03/PXD017659/xl_animalcaps_SEC_RNAse_50a_20181121.raw	v1.1.0	NT=ms-proteomics;VV=v1.1.0	manual curation	Animal cap
xl_animalcaps_SEC_RNAse_54a_20181121	xenopus laevis	Animal cap	not applicable	not available	1	xl_animalcaps_SEC_RNAse_54a_20181121	proteomic profiling by mass spectrometry	NT=Data-dependent acquisition;AC=PRIDE:0000627	NT=label free sample;AC=MS:1002038	NT=orbitrap fusion;AC=MS:1002416	NT=Carbamidomethyl;AC=UNIMOD:4;TA=C;MT=Fixed	NT=Oxidation;AC=UNIMOD:35;TA=M;MT=Variable	NT=Trypsin;AC=MS:1001251	NT=higher energy beam-type collision-induced dissociation;AC=MS:1002481	tris(2-carboxyethyl)phosphine (tcep)	iodoacetamide (iaa)	1	1	xl_animalcaps_SEC_RNAse_54a_20181121.raw	ftp://ftp.pride.ebi.ac.uk/pride/data/archive/2020/03/PXD017659/xl_animalcaps_SEC_RNAse_54a_20181121.raw	v1.1.0	NT=ms-proteomics;VV=v1.1.0	manual curation	Animal cap
xl_animalcaps_SEC_RNAse_34a_20181121	xenopus laevis	Animal cap	not applicable	not available	1	xl_animalcaps_SEC_RNAse_34a_20181121	proteomic profiling by mass spectrometry	NT=Data-dependent acquisition;AC=PRIDE:0000627	NT=label free sample;AC=MS:1002038	NT=orbitrap fusion;AC=MS:1002416	NT=Carbamidomethyl;AC=UNIMOD:4;TA=C;MT=Fixed	NT=Oxidation;AC=UNIMOD:35;TA=M;MT=Variable	NT=Trypsin;AC=MS:1001251	NT=higher energy beam-type collision-induced dissociation;AC=MS:1002481	tris(2-carboxyethyl)phosphine (tcep)	iodoacetamide (iaa)	1	1	xl_animalcaps_SEC_RNAse_34a_20181121.raw	ftp://ftp.pride.ebi.ac.uk/pride/data/archive/2020/03/PXD017659/xl_animalcaps_SEC_RNAse_34a_20181121.raw	v1.1.0	NT=ms-proteomics;VV=v1.1.0	manual curation	Animal cap
xl_animalcaps_SEC_RNAse_78a_20181121	xenopus laevis	Animal cap	not applicable	not available	1	xl_animalcaps_SEC_RNAse_78a_20181121	proteomic profiling by mass spectrometry	NT=Data-dependent acquisition;AC=PRIDE:0000627	NT=label free sample;AC=MS:1002038	NT=orbitrap fusion;AC=MS:1002416	NT=Carbamidomethyl;AC=UNIMOD:4;TA=C;MT=Fixed	NT=Oxidation;AC=UNIMOD:35;TA=M;MT=Variable	NT=Trypsin;AC=MS:1001251	NT=higher energy beam-type collision-induced dissociation;AC=MS:1002481	tris(2-carboxyethyl)phosphine (tcep)	iodoacetamide (iaa)	1	1	xl_animalcaps_SEC_RNAse_78a_20181121.raw	ftp://ftp.pride.ebi.ac.uk/pride/data/archive/2020/03/PXD017659/xl_animalcaps_SEC_RNAse_78a_20181121.raw	v1.1.0	NT=ms-proteomics;VV=v1.1.0	manual curation	Animal cap
xl_animalcaps_SEC_Control_35a_20181121	xenopus laevis	Animal cap	not applicable	not available	1	xl_animalcaps_SEC_Control_35a_20181121	proteomic profiling by mass spectrometry	NT=Data-dependent acquisition;AC=PRIDE:0000627	NT=label free sample;AC=MS:1002038	NT=orbitrap fusion;AC=MS:1002416	NT=Carbamidomethyl;AC=UNIMOD:4;TA=C;MT=Fixed	NT=Oxidation;AC=UNIMOD:35;TA=M;MT=Variable	NT=Trypsin;AC=MS:1001251	NT=higher energy beam-type collision-induced dissociation;AC=MS:1002481	tris(2-carboxyethyl)phosphine (tcep)	iodoacetamide (iaa)	1	1	xl_animalcaps_SEC_Control_35a_20181121.raw	ftp://ftp.pride.ebi.ac.uk/pride/data/archive/2020/03/PXD017659/xl_animalcaps_SEC_Control_35a_20181121.raw	v1.1.0	NT=ms-proteomics;VV=v1.1.0	manual curation	Animal cap
xl_animalcaps_SEC_RNAse_28a_20181121	xenopus laevis	Animal cap	not applicable	not available	1	xl_animalcaps_SEC_RNAse_28a_20181121	proteomic profiling by mass spectrometry	NT=Data-dependent acquisition;AC=PRIDE:0000627	NT=label free sample;AC=MS:1002038	NT=orbitrap fusion;AC=MS:1002416	NT=Carbamidomethyl;AC=UNIMOD:4;TA=C;MT=Fixed	NT=Oxidation;AC=UNIMOD:35;TA=M;MT=Variable	NT=Trypsin;AC=MS:1001251	NT=higher energy beam-type collision-induced dissociation;AC=MS:1002481	tris(2-carboxyethyl)phosphine (tcep)	iodoacetamide (iaa)	1	1	xl_animalcaps_SEC_RNAse_28a_20181121.raw	ftp://ftp.pride.ebi.ac.uk/pride/data/archive/2020/03/PXD017659/xl_animalcaps_SEC_RNAse_28a_20181121.raw	v1.1.0	NT=ms-proteomics;VV=v1.1.0	manual curation	Animal cap
xl_animalcaps_SEC_RNAse_36a_20181121	xenopus laevis	Animal cap	not applicable	not available	1	xl_animalcaps_SEC_RNAse_36a_20181121	proteomic profiling by mass spectrometry	NT=Data-dependent acquisition;AC=PRIDE:0000627	NT=label free sample;AC=MS:1002038	NT=orbitrap fusion;AC=MS:1002416	NT=Carbamidomethyl;AC=UNIMOD:4;TA=C;MT=Fixed	NT=Oxidation;AC=UNIMOD:35;TA=M;MT=Variable	NT=Trypsin;AC=MS:1001251	NT=higher energy beam-type collision-induced dissociation;AC=MS:1002481	tris(2-carboxyethyl)phosphine (tcep)	iodoacetamide (iaa)	1	1	xl_animalcaps_SEC_RNAse_36a_20181121.raw	ftp://ftp.pride.ebi.ac.uk/pride/data/archive/2020/03/PXD017659/xl_animalcaps_SEC_RNAse_36a_20181121.raw	v1.1.0	NT=ms-proteomics;VV=v1.1.0	manual curation	Animal cap
xl_animalcaps_SEC_RNAse_71a_20181121	xenopus laevis	Animal cap	not applicable	not available	1	xl_animalcaps_SEC_RNAse_71a_20181121	proteomic profiling by mass spectrometry	NT=Data-dependent acquisition;AC=PRIDE:0000627	NT=label free sample;AC=MS:1002038	NT=orbitrap fusion;AC=MS:1002416	NT=Carbamidomethyl;AC=UNIMOD:4;TA=C;MT=Fixed	NT=Oxidation;AC=UNIMOD:35;TA=M;MT=Variable	NT=Trypsin;AC=MS:1001251	NT=higher energy beam-type collision-induced dissociation;AC=MS:1002481	tris(2-carboxyethyl)phosphine (tcep)	iodoacetamide (iaa)	1	1	xl_animalcaps_SEC_RNAse_71a_20181121.raw	ftp://ftp.pride.ebi.ac.uk/pride/data/archive/2020/03/PXD017659/xl_animalcaps_SEC_RNAse_71a_20181121.raw	v1.1.0	NT=ms-proteomics;VV=v1.1.0	manual curation	Animal cap
xl_animalcaps_SEC_Control_15a_20181121	xenopus laevis	Animal cap	not applicable	not available	1	xl_animalcaps_SEC_Control_15a_20181121	proteomic profiling by mass spectrometry	NT=Data-dependent acquisition;AC=PRIDE:0000627	NT=label free sample;AC=MS:1002038	NT=orbitrap fusion;AC=MS:1002416	NT=Carbamidomethyl;AC=UNIMOD:4;TA=C;MT=Fixed	NT=Oxidation;AC=UNIMOD:35;TA=M;MT=Variable	NT=Trypsin;AC=MS:1001251	NT=higher energy beam-type collision-induced dissociation;AC=MS:1002481	tris(2-carboxyethyl)phosphine (tcep)	iodoacetamide (iaa)	1	1	xl_animalcaps_SEC_Control_15a_20181121.raw	ftp://ftp.pride.ebi.ac.uk/pride/data/archive/2020/03/PXD017659/xl_animalcaps_SEC_Control_15a_20181121.raw	v1.1.0	NT=ms-proteomics;VV=v1.1.0	manual curation	Animal cap
xl_animalcaps_SEC_RNAse_48a_20181121	xenopus laevis	Animal cap	not applicable	not available	1	xl_animalcaps_SEC_RNAse_48a_20181121	proteomic profiling by mass spectrometry	NT=Data-dependent acquisition;AC=PRIDE:0000627	NT=label free sample;AC=MS:1002038	NT=orbitrap fusion;AC=MS:1002416	NT=Carbamidomethyl;AC=UNIMOD:4;TA=C;MT=Fixed	NT=Oxidation;AC=UNIMOD:35;TA=M;MT=Variable	NT=Trypsin;AC=MS:1001251	NT=higher energy beam-type collision-induced dissociation;AC=MS:1002481	tris(2-carboxyethyl)phosphine (tcep)	iodoacetamide (iaa)	1	1	xl_animalcaps_SEC_RNAse_48a_20181121.raw	ftp://ftp.pride.ebi.ac.uk/pride/data/archive/2020/03/PXD017659/xl_animalcaps_SEC_RNAse_48a_20181121.raw	v1.1.0	NT=ms-proteomics;VV=v1.1.0	manual curation	Animal cap
xl_animalcaps_SEC_RNAse_67a_20181121	xenopus laevis	Animal cap	not applicable	not available	1	xl_animalcaps_SEC_RNAse_67a_20181121	proteomic profiling by mass spectrometry	NT=Data-dependent acquisition;AC=PRIDE:0000627	NT=label free sample;AC=MS:1002038	NT=orbitrap fusion;AC=MS:1002416	NT=Carbamidomethyl;AC=UNIMOD:4;TA=C;MT=Fixed	NT=Oxidation;AC=UNIMOD:35;TA=M;MT=Variable	NT=Trypsin;AC=MS:1001251	NT=higher energy beam-type collision-induced dissociation;AC=MS:1002481	tris(2-carboxyethyl)phosphine (tcep)	iodoacetamide (iaa)	1	1	xl_animalcaps_SEC_RNAse_67a_20181121.raw	ftp://ftp.pride.ebi.ac.uk/pride/data/archive/2020/03/PXD017659/xl_animalcaps_SEC_RNAse_67a_20181121.raw	v1.1.0	NT=ms-proteomics;VV=v1.1.0	manual curation	Animal cap
xl_animalcaps_SEC_Control_63a_20181121	xenopus laevis	Animal cap	not applicable	not available	1	xl_animalcaps_SEC_Control_63a_20181121	proteomic profiling by mass spectrometry	NT=Data-dependent acquisition;AC=PRIDE:0000627	NT=label free sample;AC=MS:1002038	NT=orbitrap fusion;AC=MS:1002416	NT=Carbamidomethyl;AC=UNIMOD:4;TA=C;MT=Fixed	NT=Oxidation;AC=UNIMOD:35;TA=M;MT=Variable	NT=Trypsin;AC=MS:1001251	NT=higher energy beam-type collision-induced dissociation;AC=MS:1002481	tris(2-carboxyethyl)phosphine (tcep)	iodoacetamide (iaa)	1	1	xl_animalcaps_SEC_Control_63a_20181121.raw	ftp://ftp.pride.ebi.ac.uk/pride/data/archive/2020/03/PXD017659/xl_animalcaps_SEC_Control_63a_20181121.raw	v1.1.0	NT=ms-proteomics;VV=v1.1.0	manual curation	Animal cap
xl_animalcaps_SEC_RNAse_43a_20181121	xenopus laevis	Animal cap	not applicable	not available	1	xl_animalcaps_SEC_RNAse_43a_20181121	proteomic profiling by mass spectrometry	NT=Data-dependent acquisition;AC=PRIDE:0000627	NT=label free sample;AC=MS:1002038	NT=orbitrap fusion;AC=MS:1002416	NT=Carbamidomethyl;AC=UNIMOD:4;TA=C;MT=Fixed	NT=Oxidation;AC=UNIMOD:35;TA=M;MT=Variable	NT=Trypsin;AC=MS:1001251	NT=higher energy beam-type collision-induced dissociation;AC=MS:1002481	tris(2-carboxyethyl)phosphine (tcep)	iodoacetamide (iaa)	1	1	xl_animalcaps_SEC_RNAse_43a_20181121.raw	ftp://ftp.pride.ebi.ac.uk/pride/data/archive/2020/03/PXD017659/xl_animalcaps_SEC_RNAse_43a_20181121.raw	v1.1.0	NT=ms-proteomics;VV=v1.1.0	manual curation	Animal cap
xl_animalcaps_SEC_RNAse_44a_20181121	xenopus laevis	Animal cap	not applicable	not available	1	xl_animalcaps_SEC_RNAse_44a_20181121	proteomic profiling by mass spectrometry	NT=Data-dependent acquisition;AC=PRIDE:0000627	NT=label free sample;AC=MS:1002038	NT=orbitrap fusion;AC=MS:1002416	NT=Carbamidomethyl;AC=UNIMOD:4;TA=C;MT=Fixed	NT=Oxidation;AC=UNIMOD:35;TA=M;MT=Variable	NT=Trypsin;AC=MS:1001251	NT=higher energy beam-type collision-induced dissociation;AC=MS:1002481	tris(2-carboxyethyl)phosphine (tcep)	iodoacetamide (iaa)	1	1	xl_animalcaps_SEC_RNAse_44a_20181121.raw	ftp://ftp.pride.ebi.ac.uk/pride/data/archive/2020/03/PXD017659/xl_animalcaps_SEC_RNAse_44a_20181121.raw	v1.1.0	NT=ms-proteomics;VV=v1.1.0	manual curation	Animal cap
xl_animalcaps_SEC_RNAse_75a_20181121	xenopus laevis	Animal cap	not applicable	not available	1	xl_animalcaps_SEC_RNAse_75a_20181121	proteomic profiling by mass spectrometry	NT=Data-dependent acquisition;AC=PRIDE:0000627	NT=label free sample;AC=MS:1002038	NT=orbitrap fusion;AC=MS:1002416	NT=Carbamidomethyl;AC=UNIMOD:4;TA=C;MT=Fixed	NT=Oxidation;AC=UNIMOD:35;TA=M;MT=Variable	NT=Trypsin;AC=MS:1001251	NT=higher energy beam-type collision-induced dissociation;AC=MS:1002481	tris(2-carboxyethyl)phosphine (tcep)	iodoacetamide (iaa)	1	1	xl_animalcaps_SEC_RNAse_75a_20181121.raw	ftp://ftp.pride.ebi.ac.uk/pride/data/archive/2020/03/PXD017659/xl_animalcaps_SEC_RNAse_75a_20181121.raw	v1.1.0	NT=ms-proteomics;VV=v1.1.0	manual curation	Animal cap
xl_animalcaps_SEC_RNAse_15a_20181121	xenopus laevis	Animal cap	not applicable	not available	1	xl_animalcaps_SEC_RNAse_15a_20181121	proteomic profiling by mass spectrometry	NT=Data-dependent acquisition;AC=PRIDE:0000627	NT=label free sample;AC=MS:1002038	NT=orbitrap fusion;AC=MS:1002416	NT=Carbamidomethyl;AC=UNIMOD:4;TA=C;MT=Fixed	NT=Oxidation;AC=UNIMOD:35;TA=M;MT=Variable	NT=Trypsin;AC=MS:1001251	NT=higher energy beam-type collision-induced dissociation;AC=MS:1002481	tris(2-carboxyethyl)phosphine (tcep)	iodoacetamide (iaa)	1	1	xl_animalcaps_SEC_RNAse_15a_20181121.raw	ftp://ftp.pride.ebi.ac.uk/pride/data/archive/2020/03/PXD017659/xl_animalcaps_SEC_RNAse_15a_20181121.raw	v1.1.0	NT=ms-proteomics;VV=v1.1.0	manual curation	Animal cap
xl_animalcaps_SEC_RNAse_14a_20181121	xenopus laevis	Animal cap	not applicable	not available	1	xl_animalcaps_SEC_RNAse_14a_20181121	proteomic profiling by mass spectrometry	NT=Data-dependent acquisition;AC=PRIDE:0000627	NT=label free sample;AC=MS:1002038	NT=orbitrap fusion;AC=MS:1002416	NT=Carbamidomethyl;AC=UNIMOD:4;TA=C;MT=Fixed	NT=Oxidation;AC=UNIMOD:35;TA=M;MT=Variable	NT=Trypsin;AC=MS:1001251	NT=higher energy beam-type collision-induced dissociation;AC=MS:1002481	tris(2-carboxyethyl)phosphine (tcep)	iodoacetamide (iaa)	1	1	xl_animalcaps_SEC_RNAse_14a_20181121.raw	ftp://ftp.pride.ebi.ac.uk/pride/data/archive/2020/03/PXD017659/xl_animalcaps_SEC_RNAse_14a_20181121.raw	v1.1.0	NT=ms-proteomics;VV=v1.1.0	manual curation	Animal cap
xl_animalcaps_SEC_RNAse_03a_20181121	xenopus laevis	Animal cap	not applicable	not available	1	xl_animalcaps_SEC_RNAse_03a_20181121	proteomic profiling by mass spectrometry	NT=Data-dependent acquisition;AC=PRIDE:0000627	NT=label free sample;AC=MS:1002038	NT=orbitrap fusion;AC=MS:1002416	NT=Carbamidomethyl;AC=UNIMOD:4;TA=C;MT=Fixed	NT=Oxidation;AC=UNIMOD:35;TA=M;MT=Variable	NT=Trypsin;AC=MS:1001251	NT=higher energy beam-type collision-induced dissociation;AC=MS:1002481	tris(2-carboxyethyl)phosphine (tcep)	iodoacetamide (iaa)	1	1	xl_animalcaps_SEC_RNAse_03a_20181121.raw	ftp://ftp.pride.ebi.ac.uk/pride/data/archive/2020/03/PXD017659/xl_animalcaps_SEC_RNAse_03a_20181121.raw	v1.1.0	NT=ms-proteomics;VV=v1.1.0	manual curation	Animal cap
xl_animalcaps_SEC_Control_78a_20181121	xenopus laevis	Animal cap	not applicable	not available	1	xl_animalcaps_SEC_Control_78a_20181121	proteomic profiling by mass spectrometry	NT=Data-dependent acquisition;AC=PRIDE:0000627	NT=label free sample;AC=MS:1002038	NT=orbitrap fusion;AC=MS:1002416	NT=Carbamidomethyl;AC=UNIMOD:4;TA=C;MT=Fixed	NT=Oxidation;AC=UNIMOD:35;TA=M;MT=Variable	NT=Trypsin;AC=MS:1001251	NT=higher energy beam-type collision-induced dissociation;AC=MS:1002481	tris(2-carboxyethyl)phosphine (tcep)	iodoacetamide (iaa)	1	1	xl_animalcaps_SEC_Control_78a_20181121.raw	ftp://ftp.pride.ebi.ac.uk/pride/data/archive/2020/03/PXD017659/xl_animalcaps_SEC_Control_78a_20181121.raw	v1.1.0	NT=ms-proteomics;VV=v1.1.0	manual curation	Animal cap
xl_animalcaps_SEC_RNAse_72a_20181121	xenopus laevis	Animal cap	not applicable	not available	1	xl_animalcaps_SEC_RNAse_72a_20181121	proteomic profiling by mass spectrometry	NT=Data-dependent acquisition;AC=PRIDE:0000627	NT=label free sample;AC=MS:1002038	NT=orbitrap fusion;AC=MS:1002416	NT=Carbamidomethyl;AC=UNIMOD:4;TA=C;MT=Fixed	NT=Oxidation;AC=UNIMOD:35;TA=M;MT=Variable	NT=Trypsin;AC=MS:1001251	NT=higher energy beam-type collision-induced dissociation;AC=MS:1002481	tris(2-carboxyethyl)phosphine (tcep)	iodoacetamide (iaa)	1	1	xl_animalcaps_SEC_RNAse_72a_20181121.raw	ftp://ftp.pride.ebi.ac.uk/pride/data/archive/2020/03/PXD017659/xl_animalcaps_SEC_RNAse_72a_20181121.raw	v1.1.0	NT=ms-proteomics;VV=v1.1.0	manual curation	Animal cap
xl_animalcaps_SEC_Control_37a_20181121	xenopus laevis	Animal cap	not applicable	not available	1	xl_animalcaps_SEC_Control_37a_20181121	proteomic profiling by mass spectrometry	NT=Data-dependent acquisition;AC=PRIDE:0000627	NT=label free sample;AC=MS:1002038	NT=orbitrap fusion;AC=MS:1002416	NT=Carbamidomethyl;AC=UNIMOD:4;TA=C;MT=Fixed	NT=Oxidation;AC=UNIMOD:35;TA=M;MT=Variable	NT=Trypsin;AC=MS:1001251	NT=higher energy beam-type collision-induced dissociation;AC=MS:1002481	tris(2-carboxyethyl)phosphine (tcep)	iodoacetamide (iaa)	1	1	xl_animalcaps_SEC_Control_37a_20181121.raw	ftp://ftp.pride.ebi.ac.uk/pride/data/archive/2020/03/PXD017659/xl_animalcaps_SEC_Control_37a_20181121.raw	v1.1.0	NT=ms-proteomics;VV=v1.1.0	manual curation	Animal cap
xl_animalcaps_SEC_RNAse_18a_20181121	xenopus laevis	Animal cap	not applicable	not available	1	xl_animalcaps_SEC_RNAse_18a_20181121	proteomic profiling by mass spectrometry	NT=Data-dependent acquisition;AC=PRIDE:0000627	NT=label free sample;AC=MS:1002038	NT=orbitrap fusion;AC=MS:1002416	NT=Carbamidomethyl;AC=UNIMOD:4;TA=C;MT=Fixed	NT=Oxidation;AC=UNIMOD:35;TA=M;MT=Variable	NT=Trypsin;AC=MS:1001251	NT=higher energy beam-type collision-induced dissociation;AC=MS:1002481	tris(2-carboxyethyl)phosphine (tcep)	iodoacetamide (iaa)	1	1	xl_animalcaps_SEC_RNAse_18a_20181121.raw	ftp://ftp.pride.ebi.ac.uk/pride/data/archive/2020/03/PXD017659/xl_animalcaps_SEC_RNAse_18a_20181121.raw	v1.1.0	NT=ms-proteomics;VV=v1.1.0	manual curation	Animal cap
xl_animalcaps_SEC_Control_43a_20181121	xenopus laevis	Animal cap	not applicable	not available	1	xl_animalcaps_SEC_Control_43a_20181121	proteomic profiling by mass spectrometry	NT=Data-dependent acquisition;AC=PRIDE:0000627	NT=label free sample;AC=MS:1002038	NT=orbitrap fusion;AC=MS:1002416	NT=Carbamidomethyl;AC=UNIMOD:4;TA=C;MT=Fixed	NT=Oxidation;AC=UNIMOD:35;TA=M;MT=Variable	NT=Trypsin;AC=MS:1001251	NT=higher energy beam-type collision-induced dissociation;AC=MS:1002481	tris(2-carboxyethyl)phosphine (tcep)	iodoacetamide (iaa)	1	1	xl_animalcaps_SEC_Control_43a_20181121.raw	ftp://ftp.pride.ebi.ac.uk/pride/data/archive/2020/03/PXD017659/xl_animalcaps_SEC_Control_43a_20181121.raw	v1.1.0	NT=ms-proteomics;VV=v1.1.0	manual curation	Animal cap
xl_animalcaps_SEC_Control_23a_20181121	xenopus laevis	Animal cap	not applicable	not available	1	xl_animalcaps_SEC_Control_23a_20181121	proteomic profiling by mass spectrometry	NT=Data-dependent acquisition;AC=PRIDE:0000627	NT=label free sample;AC=MS:1002038	NT=orbitrap fusion;AC=MS:1002416	NT=Carbamidomethyl;AC=UNIMOD:4;TA=C;MT=Fixed	NT=Oxidation;AC=UNIMOD:35;TA=M;MT=Variable	NT=Trypsin;AC=MS:1001251	NT=higher energy beam-type collision-induced dissociation;AC=MS:1002481	tris(2-carboxyethyl)phosphine (tcep)	iodoacetamide (iaa)	1	1	xl_animalcaps_SEC_Control_23a_20181121.raw	ftp://ftp.pride.ebi.ac.uk/pride/data/archive/2020/03/PXD017659/xl_animalcaps_SEC_Control_23a_20181121.raw	v1.1.0	NT=ms-proteomics;VV=v1.1.0	manual curation	Animal cap
xl_animalcaps_SEC_RNAse_10a_20181121	xenopus laevis	Animal cap	not applicable	not available	1	xl_animalcaps_SEC_RNAse_10a_20181121	proteomic profiling by mass spectrometry	NT=Data-dependent acquisition;AC=PRIDE:0000627	NT=label free sample;AC=MS:1002038	NT=orbitrap fusion;AC=MS:1002416	NT=Carbamidomethyl;AC=UNIMOD:4;TA=C;MT=Fixed	NT=Oxidation;AC=UNIMOD:35;TA=M;MT=Variable	NT=Trypsin;AC=MS:1001251	NT=higher energy beam-type collision-induced dissociation;AC=MS:1002481	tris(2-carboxyethyl)phosphine (tcep)	iodoacetamide (iaa)	1	1	xl_animalcaps_SEC_RNAse_10a_20181121.raw	ftp://ftp.pride.ebi.ac.uk/pride/data/archive/2020/03/PXD017659/xl_animalcaps_SEC_RNAse_10a_20181121.raw	v1.1.0	NT=ms-proteomics;VV=v1.1.0	manual curation	Animal cap
xl_animalcaps_SEC_Control_04a_20181121	xenopus laevis	Animal cap	not applicable	not available	1	xl_animalcaps_SEC_Control_04a_20181121	proteomic profiling by mass spectrometry	NT=Data-dependent acquisition;AC=PRIDE:0000627	NT=label free sample;AC=MS:1002038	NT=orbitrap fusion;AC=MS:1002416	NT=Carbamidomethyl;AC=UNIMOD:4;TA=C;MT=Fixed	NT=Oxidation;AC=UNIMOD:35;TA=M;MT=Variable	NT=Trypsin;AC=MS:1001251	NT=higher energy beam-type collision-induced dissociation;AC=MS:1002481	tris(2-carboxyethyl)phosphine (tcep)	iodoacetamide (iaa)	1	1	xl_animalcaps_SEC_Control_04a_20181121.raw	ftp://ftp.pride.ebi.ac.uk/pride/data/archive/2020/03/PXD017659/xl_animalcaps_SEC_Control_04a_20181121.raw	v1.1.0	NT=ms-proteomics;VV=v1.1.0	manual curation	Animal cap
