source name	characteristics[organism]	characteristics[organism part]	characteristics[cell type]	characteristics[disease]	characteristics[biological replicate]	assay name	technology type	comment[proteomics data acquisition method]	comment[label]	comment[instrument]	comment[modification parameters]	comment[modification parameters]	comment[cleavage agent details]	comment[dissociation method]	comment[precursor mass tolerance]	comment[fragment mass tolerance]	comment[reduction reagent]	comment[alkylation reagent]	comment[fraction identifier]	comment[technical replicate]	comment[data file]	comment[file uri]	comment[sdrf version]	comment[sdrf template]	comment[sdrf annotation tool]	factor value[organism part]
20220205_POOLED_QC19.raw.rar	ictidomys tridecemlineatus	Quadriceps	not applicable	not available	1	20220205_POOLED_QC19.raw.rar	proteomic profiling by mass spectrometry	NT=Data-dependent acquisition;AC=PRIDE:0000627	NT=label free sample;AC=MS:1002038	NT=xevo g2-xs qtof;AC=MS:1003252	NT=Carbamidomethyl;AC=UNIMOD:4;TA=C;MT=Fixed	NT=Oxidation;AC=UNIMOD:35;TA=M;MT=Variable	NT=Trypsin;AC=MS:1001251	NT=collision-induced dissociation;AC=MS:1000133	10 ppm	0.1 Da	dithiothreitol (dtt)	iodoacetamide (iaa)	1	1	20220205_POOLED_QC19.raw.rar	ftp://ftp.pride.ebi.ac.uk/pride/data/archive/2023/12/PXD044532/20220205_POOLED_QC19.raw.rar	v1.1.0	NT=ms-proteomics;VV=v1.1.0	manual curation	Quadriceps
20211206_POOLED_QC27.raw.rar	ictidomys tridecemlineatus	Quadriceps	not applicable	not available	1	20211206_POOLED_QC27.raw.rar	proteomic profiling by mass spectrometry	NT=Data-dependent acquisition;AC=PRIDE:0000627	NT=label free sample;AC=MS:1002038	NT=xevo g2-xs qtof;AC=MS:1003252	NT=Carbamidomethyl;AC=UNIMOD:4;TA=C;MT=Fixed	NT=Oxidation;AC=UNIMOD:35;TA=M;MT=Variable	NT=Trypsin;AC=MS:1001251	NT=collision-induced dissociation;AC=MS:1000133	10 ppm	0.1 Da	dithiothreitol (dtt)	iodoacetamide (iaa)	1	1	20211206_POOLED_QC27.raw.rar	ftp://ftp.pride.ebi.ac.uk/pride/data/archive/2023/12/PXD044532/20211206_POOLED_QC27.raw.rar	v1.1.0	NT=ms-proteomics;VV=v1.1.0	manual curation	Quadriceps
20211201_GS_SRQ5.raw.rar	ictidomys tridecemlineatus	Quadriceps	not applicable	not available	1	20211201_GS_SRQ5.raw.rar	proteomic profiling by mass spectrometry	NT=Data-dependent acquisition;AC=PRIDE:0000627	NT=label free sample;AC=MS:1002038	NT=xevo g2-xs qtof;AC=MS:1003252	NT=Carbamidomethyl;AC=UNIMOD:4;TA=C;MT=Fixed	NT=Oxidation;AC=UNIMOD:35;TA=M;MT=Variable	NT=Trypsin;AC=MS:1001251	NT=collision-induced dissociation;AC=MS:1000133	10 ppm	0.1 Da	dithiothreitol (dtt)	iodoacetamide (iaa)	1	1	20211201_GS_SRQ5.raw.rar	ftp://ftp.pride.ebi.ac.uk/pride/data/archive/2023/12/PXD044532/20211201_GS_SRQ5.raw.rar	v1.1.0	NT=ms-proteomics;VV=v1.1.0	manual curation	Quadriceps
20220202_GS_SRH_5.raw.rar	ictidomys tridecemlineatus	Quadriceps	not applicable	not available	1	20220202_GS_SRH_5.raw.rar	proteomic profiling by mass spectrometry	NT=Data-dependent acquisition;AC=PRIDE:0000627	NT=label free sample;AC=MS:1002038	NT=xevo g2-xs qtof;AC=MS:1003252	NT=Carbamidomethyl;AC=UNIMOD:4;TA=C;MT=Fixed	NT=Oxidation;AC=UNIMOD:35;TA=M;MT=Variable	NT=Trypsin;AC=MS:1001251	NT=collision-induced dissociation;AC=MS:1000133	10 ppm	0.1 Da	dithiothreitol (dtt)	iodoacetamide (iaa)	1	1	20220202_GS_SRH_5.raw.rar	ftp://ftp.pride.ebi.ac.uk/pride/data/archive/2023/12/PXD044532/20220202_GS_SRH_5.raw.rar	v1.1.0	NT=ms-proteomics;VV=v1.1.0	manual curation	Quadriceps
20211204_POOLED_QC20.raw.rar	ictidomys tridecemlineatus	Quadriceps	not applicable	not available	1	20211204_POOLED_QC20.raw.rar	proteomic profiling by mass spectrometry	NT=Data-dependent acquisition;AC=PRIDE:0000627	NT=label free sample;AC=MS:1002038	NT=xevo g2-xs qtof;AC=MS:1003252	NT=Carbamidomethyl;AC=UNIMOD:4;TA=C;MT=Fixed	NT=Oxidation;AC=UNIMOD:35;TA=M;MT=Variable	NT=Trypsin;AC=MS:1001251	NT=collision-induced dissociation;AC=MS:1000133	10 ppm	0.1 Da	dithiothreitol (dtt)	iodoacetamide (iaa)	1	1	20211204_POOLED_QC20.raw.rar	ftp://ftp.pride.ebi.ac.uk/pride/data/archive/2023/12/PXD044532/20211204_POOLED_QC20.raw.rar	v1.1.0	NT=ms-proteomics;VV=v1.1.0	manual curation	Quadriceps
20211204_POOLED_QC16.raw.rar	ictidomys tridecemlineatus	Quadriceps	not applicable	not available	1	20211204_POOLED_QC16.raw.rar	proteomic profiling by mass spectrometry	NT=Data-dependent acquisition;AC=PRIDE:0000627	NT=label free sample;AC=MS:1002038	NT=xevo g2-xs qtof;AC=MS:1003252	NT=Carbamidomethyl;AC=UNIMOD:4;TA=C;MT=Fixed	NT=Oxidation;AC=UNIMOD:35;TA=M;MT=Variable	NT=Trypsin;AC=MS:1001251	NT=collision-induced dissociation;AC=MS:1000133	10 ppm	0.1 Da	dithiothreitol (dtt)	iodoacetamide (iaa)	1	1	20211204_POOLED_QC16.raw.rar	ftp://ftp.pride.ebi.ac.uk/pride/data/archive/2023/12/PXD044532/20211204_POOLED_QC16.raw.rar	v1.1.0	NT=ms-proteomics;VV=v1.1.0	manual curation	Quadriceps
20211201_GS_SRQ16.raw.rar	ictidomys tridecemlineatus	Quadriceps	not applicable	not available	1	20211201_GS_SRQ16.raw.rar	proteomic profiling by mass spectrometry	NT=Data-dependent acquisition;AC=PRIDE:0000627	NT=label free sample;AC=MS:1002038	NT=xevo g2-xs qtof;AC=MS:1003252	NT=Carbamidomethyl;AC=UNIMOD:4;TA=C;MT=Fixed	NT=Oxidation;AC=UNIMOD:35;TA=M;MT=Variable	NT=Trypsin;AC=MS:1001251	NT=collision-induced dissociation;AC=MS:1000133	10 ppm	0.1 Da	dithiothreitol (dtt)	iodoacetamide (iaa)	1	1	20211201_GS_SRQ16.raw.rar	ftp://ftp.pride.ebi.ac.uk/pride/data/archive/2023/12/PXD044532/20211201_GS_SRQ16.raw.rar	v1.1.0	NT=ms-proteomics;VV=v1.1.0	manual curation	Quadriceps
20220207_POOLED_QC26.raw.rar	ictidomys tridecemlineatus	Quadriceps	not applicable	not available	1	20220207_POOLED_QC26.raw.rar	proteomic profiling by mass spectrometry	NT=Data-dependent acquisition;AC=PRIDE:0000627	NT=label free sample;AC=MS:1002038	NT=xevo g2-xs qtof;AC=MS:1003252	NT=Carbamidomethyl;AC=UNIMOD:4;TA=C;MT=Fixed	NT=Oxidation;AC=UNIMOD:35;TA=M;MT=Variable	NT=Trypsin;AC=MS:1001251	NT=collision-induced dissociation;AC=MS:1000133	10 ppm	0.1 Da	dithiothreitol (dtt)	iodoacetamide (iaa)	1	1	20220207_POOLED_QC26.raw.rar	ftp://ftp.pride.ebi.ac.uk/pride/data/archive/2023/12/PXD044532/20220207_POOLED_QC26.raw.rar	v1.1.0	NT=ms-proteomics;VV=v1.1.0	manual curation	Quadriceps
20220205_POOLED_QC18.raw.rar	ictidomys tridecemlineatus	Quadriceps	not applicable	not available	1	20220205_POOLED_QC18.raw.rar	proteomic profiling by mass spectrometry	NT=Data-dependent acquisition;AC=PRIDE:0000627	NT=label free sample;AC=MS:1002038	NT=xevo g2-xs qtof;AC=MS:1003252	NT=Carbamidomethyl;AC=UNIMOD:4;TA=C;MT=Fixed	NT=Oxidation;AC=UNIMOD:35;TA=M;MT=Variable	NT=Trypsin;AC=MS:1001251	NT=collision-induced dissociation;AC=MS:1000133	10 ppm	0.1 Da	dithiothreitol (dtt)	iodoacetamide (iaa)	1	1	20220205_POOLED_QC18.raw.rar	ftp://ftp.pride.ebi.ac.uk/pride/data/archive/2023/12/PXD044532/20220205_POOLED_QC18.raw.rar	v1.1.0	NT=ms-proteomics;VV=v1.1.0	manual curation	Quadriceps
20220202_GS_SRH_22.raw.rar	ictidomys tridecemlineatus	Quadriceps	not applicable	not available	1	20220202_GS_SRH_22.raw.rar	proteomic profiling by mass spectrometry	NT=Data-dependent acquisition;AC=PRIDE:0000627	NT=label free sample;AC=MS:1002038	NT=xevo g2-xs qtof;AC=MS:1003252	NT=Carbamidomethyl;AC=UNIMOD:4;TA=C;MT=Fixed	NT=Oxidation;AC=UNIMOD:35;TA=M;MT=Variable	NT=Trypsin;AC=MS:1001251	NT=collision-induced dissociation;AC=MS:1000133	10 ppm	0.1 Da	dithiothreitol (dtt)	iodoacetamide (iaa)	1	1	20220202_GS_SRH_22.raw.rar	ftp://ftp.pride.ebi.ac.uk/pride/data/archive/2023/12/PXD044532/20220202_GS_SRH_22.raw.rar	v1.1.0	NT=ms-proteomics;VV=v1.1.0	manual curation	Quadriceps
20211201_POOLED_QC1.raw.rar	ictidomys tridecemlineatus	Quadriceps	not applicable	not available	1	20211201_POOLED_QC1.raw.rar	proteomic profiling by mass spectrometry	NT=Data-dependent acquisition;AC=PRIDE:0000627	NT=label free sample;AC=MS:1002038	NT=xevo g2-xs qtof;AC=MS:1003252	NT=Carbamidomethyl;AC=UNIMOD:4;TA=C;MT=Fixed	NT=Oxidation;AC=UNIMOD:35;TA=M;MT=Variable	NT=Trypsin;AC=MS:1001251	NT=collision-induced dissociation;AC=MS:1000133	10 ppm	0.1 Da	dithiothreitol (dtt)	iodoacetamide (iaa)	1	1	20211201_POOLED_QC1.raw.rar	ftp://ftp.pride.ebi.ac.uk/pride/data/archive/2023/12/PXD044532/20211201_POOLED_QC1.raw.rar	v1.1.0	NT=ms-proteomics;VV=v1.1.0	manual curation	Quadriceps
20220202_POOLED_QC5.raw.rar	ictidomys tridecemlineatus	Quadriceps	not applicable	not available	1	20220202_POOLED_QC5.raw.rar	proteomic profiling by mass spectrometry	NT=Data-dependent acquisition;AC=PRIDE:0000627	NT=label free sample;AC=MS:1002038	NT=xevo g2-xs qtof;AC=MS:1003252	NT=Carbamidomethyl;AC=UNIMOD:4;TA=C;MT=Fixed	NT=Oxidation;AC=UNIMOD:35;TA=M;MT=Variable	NT=Trypsin;AC=MS:1001251	NT=collision-induced dissociation;AC=MS:1000133	10 ppm	0.1 Da	dithiothreitol (dtt)	iodoacetamide (iaa)	1	1	20220202_POOLED_QC5.raw.rar	ftp://ftp.pride.ebi.ac.uk/pride/data/archive/2023/12/PXD044532/20220202_POOLED_QC5.raw.rar	v1.1.0	NT=ms-proteomics;VV=v1.1.0	manual curation	Quadriceps
20220206_GS_SRH_29.raw.rar	ictidomys tridecemlineatus	Quadriceps	not applicable	not available	1	20220206_GS_SRH_29.raw.rar	proteomic profiling by mass spectrometry	NT=Data-dependent acquisition;AC=PRIDE:0000627	NT=label free sample;AC=MS:1002038	NT=xevo g2-xs qtof;AC=MS:1003252	NT=Carbamidomethyl;AC=UNIMOD:4;TA=C;MT=Fixed	NT=Oxidation;AC=UNIMOD:35;TA=M;MT=Variable	NT=Trypsin;AC=MS:1001251	NT=collision-induced dissociation;AC=MS:1000133	10 ppm	0.1 Da	dithiothreitol (dtt)	iodoacetamide (iaa)	1	1	20220206_GS_SRH_29.raw.rar	ftp://ftp.pride.ebi.ac.uk/pride/data/archive/2023/12/PXD044532/20220206_GS_SRH_29.raw.rar	v1.1.0	NT=ms-proteomics;VV=v1.1.0	manual curation	Quadriceps
20211201_POOLED_QC3.raw.rar	ictidomys tridecemlineatus	Quadriceps	not applicable	not available	1	20211201_POOLED_QC3.raw.rar	proteomic profiling by mass spectrometry	NT=Data-dependent acquisition;AC=PRIDE:0000627	NT=label free sample;AC=MS:1002038	NT=xevo g2-xs qtof;AC=MS:1003252	NT=Carbamidomethyl;AC=UNIMOD:4;TA=C;MT=Fixed	NT=Oxidation;AC=UNIMOD:35;TA=M;MT=Variable	NT=Trypsin;AC=MS:1001251	NT=collision-induced dissociation;AC=MS:1000133	10 ppm	0.1 Da	dithiothreitol (dtt)	iodoacetamide (iaa)	1	1	20211201_POOLED_QC3.raw.rar	ftp://ftp.pride.ebi.ac.uk/pride/data/archive/2023/12/PXD044532/20211201_POOLED_QC3.raw.rar	v1.1.0	NT=ms-proteomics;VV=v1.1.0	manual curation	Quadriceps
20220206_GS_SRH_35.raw.rar	ictidomys tridecemlineatus	Quadriceps	not applicable	not available	1	20220206_GS_SRH_35.raw.rar	proteomic profiling by mass spectrometry	NT=Data-dependent acquisition;AC=PRIDE:0000627	NT=label free sample;AC=MS:1002038	NT=xevo g2-xs qtof;AC=MS:1003252	NT=Carbamidomethyl;AC=UNIMOD:4;TA=C;MT=Fixed	NT=Oxidation;AC=UNIMOD:35;TA=M;MT=Variable	NT=Trypsin;AC=MS:1001251	NT=collision-induced dissociation;AC=MS:1000133	10 ppm	0.1 Da	dithiothreitol (dtt)	iodoacetamide (iaa)	1	1	20220206_GS_SRH_35.raw.rar	ftp://ftp.pride.ebi.ac.uk/pride/data/archive/2023/12/PXD044532/20220206_GS_SRH_35.raw.rar	v1.1.0	NT=ms-proteomics;VV=v1.1.0	manual curation	Quadriceps
20211201_POOLED_QC14.raw.rar	ictidomys tridecemlineatus	Quadriceps	not applicable	not available	1	20211201_POOLED_QC14.raw.rar	proteomic profiling by mass spectrometry	NT=Data-dependent acquisition;AC=PRIDE:0000627	NT=label free sample;AC=MS:1002038	NT=xevo g2-xs qtof;AC=MS:1003252	NT=Carbamidomethyl;AC=UNIMOD:4;TA=C;MT=Fixed	NT=Oxidation;AC=UNIMOD:35;TA=M;MT=Variable	NT=Trypsin;AC=MS:1001251	NT=collision-induced dissociation;AC=MS:1000133	10 ppm	0.1 Da	dithiothreitol (dtt)	iodoacetamide (iaa)	1	1	20211201_POOLED_QC14.raw.rar	ftp://ftp.pride.ebi.ac.uk/pride/data/archive/2023/12/PXD044532/20211201_POOLED_QC14.raw.rar	v1.1.0	NT=ms-proteomics;VV=v1.1.0	manual curation	Quadriceps
20211201_POOLED_QC12.raw.rar	ictidomys tridecemlineatus	Quadriceps	not applicable	not available	1	20211201_POOLED_QC12.raw.rar	proteomic profiling by mass spectrometry	NT=Data-dependent acquisition;AC=PRIDE:0000627	NT=label free sample;AC=MS:1002038	NT=xevo g2-xs qtof;AC=MS:1003252	NT=Carbamidomethyl;AC=UNIMOD:4;TA=C;MT=Fixed	NT=Oxidation;AC=UNIMOD:35;TA=M;MT=Variable	NT=Trypsin;AC=MS:1001251	NT=collision-induced dissociation;AC=MS:1000133	10 ppm	0.1 Da	dithiothreitol (dtt)	iodoacetamide (iaa)	1	1	20211201_POOLED_QC12.raw.rar	ftp://ftp.pride.ebi.ac.uk/pride/data/archive/2023/12/PXD044532/20211201_POOLED_QC12.raw.rar	v1.1.0	NT=ms-proteomics;VV=v1.1.0	manual curation	Quadriceps
20211205_POOLED_QC22.raw.rar	ictidomys tridecemlineatus	Quadriceps	not applicable	not available	1	20211205_POOLED_QC22.raw.rar	proteomic profiling by mass spectrometry	NT=Data-dependent acquisition;AC=PRIDE:0000627	NT=label free sample;AC=MS:1002038	NT=xevo g2-xs qtof;AC=MS:1003252	NT=Carbamidomethyl;AC=UNIMOD:4;TA=C;MT=Fixed	NT=Oxidation;AC=UNIMOD:35;TA=M;MT=Variable	NT=Trypsin;AC=MS:1001251	NT=collision-induced dissociation;AC=MS:1000133	10 ppm	0.1 Da	dithiothreitol (dtt)	iodoacetamide (iaa)	1	1	20211205_POOLED_QC22.raw.rar	ftp://ftp.pride.ebi.ac.uk/pride/data/archive/2023/12/PXD044532/20211205_POOLED_QC22.raw.rar	v1.1.0	NT=ms-proteomics;VV=v1.1.0	manual curation	Quadriceps
20211201_GS_SRQ45.raw.rar	ictidomys tridecemlineatus	Quadriceps	not applicable	not available	1	20211201_GS_SRQ45.raw.rar	proteomic profiling by mass spectrometry	NT=Data-dependent acquisition;AC=PRIDE:0000627	NT=label free sample;AC=MS:1002038	NT=xevo g2-xs qtof;AC=MS:1003252	NT=Carbamidomethyl;AC=UNIMOD:4;TA=C;MT=Fixed	NT=Oxidation;AC=UNIMOD:35;TA=M;MT=Variable	NT=Trypsin;AC=MS:1001251	NT=collision-induced dissociation;AC=MS:1000133	10 ppm	0.1 Da	dithiothreitol (dtt)	iodoacetamide (iaa)	1	1	20211201_GS_SRQ45.raw.rar	ftp://ftp.pride.ebi.ac.uk/pride/data/archive/2023/12/PXD044532/20211201_GS_SRQ45.raw.rar	v1.1.0	NT=ms-proteomics;VV=v1.1.0	manual curation	Quadriceps
20220207_POOLED_QC29.raw.rar	ictidomys tridecemlineatus	Quadriceps	not applicable	not available	1	20220207_POOLED_QC29.raw.rar	proteomic profiling by mass spectrometry	NT=Data-dependent acquisition;AC=PRIDE:0000627	NT=label free sample;AC=MS:1002038	NT=xevo g2-xs qtof;AC=MS:1003252	NT=Carbamidomethyl;AC=UNIMOD:4;TA=C;MT=Fixed	NT=Oxidation;AC=UNIMOD:35;TA=M;MT=Variable	NT=Trypsin;AC=MS:1001251	NT=collision-induced dissociation;AC=MS:1000133	10 ppm	0.1 Da	dithiothreitol (dtt)	iodoacetamide (iaa)	1	1	20220207_POOLED_QC29.raw.rar	ftp://ftp.pride.ebi.ac.uk/pride/data/archive/2023/12/PXD044532/20220207_POOLED_QC29.raw.rar	v1.1.0	NT=ms-proteomics;VV=v1.1.0	manual curation	Quadriceps
20220203_POOLED_QC7.raw.rar	ictidomys tridecemlineatus	Quadriceps	not applicable	not available	1	20220203_POOLED_QC7.raw.rar	proteomic profiling by mass spectrometry	NT=Data-dependent acquisition;AC=PRIDE:0000627	NT=label free sample;AC=MS:1002038	NT=xevo g2-xs qtof;AC=MS:1003252	NT=Carbamidomethyl;AC=UNIMOD:4;TA=C;MT=Fixed	NT=Oxidation;AC=UNIMOD:35;TA=M;MT=Variable	NT=Trypsin;AC=MS:1001251	NT=collision-induced dissociation;AC=MS:1000133	10 ppm	0.1 Da	dithiothreitol (dtt)	iodoacetamide (iaa)	1	1	20220203_POOLED_QC7.raw.rar	ftp://ftp.pride.ebi.ac.uk/pride/data/archive/2023/12/PXD044532/20220203_POOLED_QC7.raw.rar	v1.1.0	NT=ms-proteomics;VV=v1.1.0	manual curation	Quadriceps
20220205_POOLED_QC17.raw.rar	ictidomys tridecemlineatus	Quadriceps	not applicable	not available	1	20220205_POOLED_QC17.raw.rar	proteomic profiling by mass spectrometry	NT=Data-dependent acquisition;AC=PRIDE:0000627	NT=label free sample;AC=MS:1002038	NT=xevo g2-xs qtof;AC=MS:1003252	NT=Carbamidomethyl;AC=UNIMOD:4;TA=C;MT=Fixed	NT=Oxidation;AC=UNIMOD:35;TA=M;MT=Variable	NT=Trypsin;AC=MS:1001251	NT=collision-induced dissociation;AC=MS:1000133	10 ppm	0.1 Da	dithiothreitol (dtt)	iodoacetamide (iaa)	1	1	20220205_POOLED_QC17.raw.rar	ftp://ftp.pride.ebi.ac.uk/pride/data/archive/2023/12/PXD044532/20220205_POOLED_QC17.raw.rar	v1.1.0	NT=ms-proteomics;VV=v1.1.0	manual curation	Quadriceps
20220207_GS_SRH_24.raw.rar	ictidomys tridecemlineatus	Quadriceps	not applicable	not available	1	20220207_GS_SRH_24.raw.rar	proteomic profiling by mass spectrometry	NT=Data-dependent acquisition;AC=PRIDE:0000627	NT=label free sample;AC=MS:1002038	NT=xevo g2-xs qtof;AC=MS:1003252	NT=Carbamidomethyl;AC=UNIMOD:4;TA=C;MT=Fixed	NT=Oxidation;AC=UNIMOD:35;TA=M;MT=Variable	NT=Trypsin;AC=MS:1001251	NT=collision-induced dissociation;AC=MS:1000133	10 ppm	0.1 Da	dithiothreitol (dtt)	iodoacetamide (iaa)	1	1	20220207_GS_SRH_24.raw.rar	ftp://ftp.pride.ebi.ac.uk/pride/data/archive/2023/12/PXD044532/20220207_GS_SRH_24.raw.rar	v1.1.0	NT=ms-proteomics;VV=v1.1.0	manual curation	Quadriceps
20220207_GS_SRH_32.raw.rar	ictidomys tridecemlineatus	Quadriceps	not applicable	not available	1	20220207_GS_SRH_32.raw.rar	proteomic profiling by mass spectrometry	NT=Data-dependent acquisition;AC=PRIDE:0000627	NT=label free sample;AC=MS:1002038	NT=xevo g2-xs qtof;AC=MS:1003252	NT=Carbamidomethyl;AC=UNIMOD:4;TA=C;MT=Fixed	NT=Oxidation;AC=UNIMOD:35;TA=M;MT=Variable	NT=Trypsin;AC=MS:1001251	NT=collision-induced dissociation;AC=MS:1000133	10 ppm	0.1 Da	dithiothreitol (dtt)	iodoacetamide (iaa)	1	1	20220207_GS_SRH_32.raw.rar	ftp://ftp.pride.ebi.ac.uk/pride/data/archive/2023/12/PXD044532/20220207_GS_SRH_32.raw.rar	v1.1.0	NT=ms-proteomics;VV=v1.1.0	manual curation	Quadriceps
20220207_GS_SRH_38.raw.rar	ictidomys tridecemlineatus	Quadriceps	not applicable	not available	1	20220207_GS_SRH_38.raw.rar	proteomic profiling by mass spectrometry	NT=Data-dependent acquisition;AC=PRIDE:0000627	NT=label free sample;AC=MS:1002038	NT=xevo g2-xs qtof;AC=MS:1003252	NT=Carbamidomethyl;AC=UNIMOD:4;TA=C;MT=Fixed	NT=Oxidation;AC=UNIMOD:35;TA=M;MT=Variable	NT=Trypsin;AC=MS:1001251	NT=collision-induced dissociation;AC=MS:1000133	10 ppm	0.1 Da	dithiothreitol (dtt)	iodoacetamide (iaa)	1	1	20220207_GS_SRH_38.raw.rar	ftp://ftp.pride.ebi.ac.uk/pride/data/archive/2023/12/PXD044532/20220207_GS_SRH_38.raw.rar	v1.1.0	NT=ms-proteomics;VV=v1.1.0	manual curation	Quadriceps
20211201_GS_SRQ35.raw.rar	ictidomys tridecemlineatus	Quadriceps	not applicable	not available	1	20211201_GS_SRQ35.raw.rar	proteomic profiling by mass spectrometry	NT=Data-dependent acquisition;AC=PRIDE:0000627	NT=label free sample;AC=MS:1002038	NT=xevo g2-xs qtof;AC=MS:1003252	NT=Carbamidomethyl;AC=UNIMOD:4;TA=C;MT=Fixed	NT=Oxidation;AC=UNIMOD:35;TA=M;MT=Variable	NT=Trypsin;AC=MS:1001251	NT=collision-induced dissociation;AC=MS:1000133	10 ppm	0.1 Da	dithiothreitol (dtt)	iodoacetamide (iaa)	1	1	20211201_GS_SRQ35.raw.rar	ftp://ftp.pride.ebi.ac.uk/pride/data/archive/2023/12/PXD044532/20211201_GS_SRQ35.raw.rar	v1.1.0	NT=ms-proteomics;VV=v1.1.0	manual curation	Quadriceps
20220202_GS_SRH_4.raw.rar	ictidomys tridecemlineatus	Quadriceps	not applicable	not available	1	20220202_GS_SRH_4.raw.rar	proteomic profiling by mass spectrometry	NT=Data-dependent acquisition;AC=PRIDE:0000627	NT=label free sample;AC=MS:1002038	NT=xevo g2-xs qtof;AC=MS:1003252	NT=Carbamidomethyl;AC=UNIMOD:4;TA=C;MT=Fixed	NT=Oxidation;AC=UNIMOD:35;TA=M;MT=Variable	NT=Trypsin;AC=MS:1001251	NT=collision-induced dissociation;AC=MS:1000133	10 ppm	0.1 Da	dithiothreitol (dtt)	iodoacetamide (iaa)	1	1	20220202_GS_SRH_4.raw.rar	ftp://ftp.pride.ebi.ac.uk/pride/data/archive/2023/12/PXD044532/20220202_GS_SRH_4.raw.rar	v1.1.0	NT=ms-proteomics;VV=v1.1.0	manual curation	Quadriceps
20211201_GS_SRQ28.raw.rar	ictidomys tridecemlineatus	Quadriceps	not applicable	not available	1	20211201_GS_SRQ28.raw.rar	proteomic profiling by mass spectrometry	NT=Data-dependent acquisition;AC=PRIDE:0000627	NT=label free sample;AC=MS:1002038	NT=xevo g2-xs qtof;AC=MS:1003252	NT=Carbamidomethyl;AC=UNIMOD:4;TA=C;MT=Fixed	NT=Oxidation;AC=UNIMOD:35;TA=M;MT=Variable	NT=Trypsin;AC=MS:1001251	NT=collision-induced dissociation;AC=MS:1000133	10 ppm	0.1 Da	dithiothreitol (dtt)	iodoacetamide (iaa)	1	1	20211201_GS_SRQ28.raw.rar	ftp://ftp.pride.ebi.ac.uk/pride/data/archive/2023/12/PXD044532/20211201_GS_SRQ28.raw.rar	v1.1.0	NT=ms-proteomics;VV=v1.1.0	manual curation	Quadriceps
20211205_POOLED_QC24.raw.rar	ictidomys tridecemlineatus	Quadriceps	not applicable	not available	1	20211205_POOLED_QC24.raw.rar	proteomic profiling by mass spectrometry	NT=Data-dependent acquisition;AC=PRIDE:0000627	NT=label free sample;AC=MS:1002038	NT=xevo g2-xs qtof;AC=MS:1003252	NT=Carbamidomethyl;AC=UNIMOD:4;TA=C;MT=Fixed	NT=Oxidation;AC=UNIMOD:35;TA=M;MT=Variable	NT=Trypsin;AC=MS:1001251	NT=collision-induced dissociation;AC=MS:1000133	10 ppm	0.1 Da	dithiothreitol (dtt)	iodoacetamide (iaa)	1	1	20211205_POOLED_QC24.raw.rar	ftp://ftp.pride.ebi.ac.uk/pride/data/archive/2023/12/PXD044532/20211205_POOLED_QC24.raw.rar	v1.1.0	NT=ms-proteomics;VV=v1.1.0	manual curation	Quadriceps
20220206_GS_SRH_48.raw.rar	ictidomys tridecemlineatus	Quadriceps	not applicable	not available	1	20220206_GS_SRH_48.raw.rar	proteomic profiling by mass spectrometry	NT=Data-dependent acquisition;AC=PRIDE:0000627	NT=label free sample;AC=MS:1002038	NT=xevo g2-xs qtof;AC=MS:1003252	NT=Carbamidomethyl;AC=UNIMOD:4;TA=C;MT=Fixed	NT=Oxidation;AC=UNIMOD:35;TA=M;MT=Variable	NT=Trypsin;AC=MS:1001251	NT=collision-induced dissociation;AC=MS:1000133	10 ppm	0.1 Da	dithiothreitol (dtt)	iodoacetamide (iaa)	1	1	20220206_GS_SRH_48.raw.rar	ftp://ftp.pride.ebi.ac.uk/pride/data/archive/2023/12/PXD044532/20220206_GS_SRH_48.raw.rar	v1.1.0	NT=ms-proteomics;VV=v1.1.0	manual curation	Quadriceps
20220207_POOLED_QC27.raw.rar	ictidomys tridecemlineatus	Quadriceps	not applicable	not available	1	20220207_POOLED_QC27.raw.rar	proteomic profiling by mass spectrometry	NT=Data-dependent acquisition;AC=PRIDE:0000627	NT=label free sample;AC=MS:1002038	NT=xevo g2-xs qtof;AC=MS:1003252	NT=Carbamidomethyl;AC=UNIMOD:4;TA=C;MT=Fixed	NT=Oxidation;AC=UNIMOD:35;TA=M;MT=Variable	NT=Trypsin;AC=MS:1001251	NT=collision-induced dissociation;AC=MS:1000133	10 ppm	0.1 Da	dithiothreitol (dtt)	iodoacetamide (iaa)	1	1	20220207_POOLED_QC27.raw.rar	ftp://ftp.pride.ebi.ac.uk/pride/data/archive/2023/12/PXD044532/20220207_POOLED_QC27.raw.rar	v1.1.0	NT=ms-proteomics;VV=v1.1.0	manual curation	Quadriceps
20211204_GS_SRQ20.raw.rar	ictidomys tridecemlineatus	Quadriceps	not applicable	not available	1	20211204_GS_SRQ20.raw.rar	proteomic profiling by mass spectrometry	NT=Data-dependent acquisition;AC=PRIDE:0000627	NT=label free sample;AC=MS:1002038	NT=xevo g2-xs qtof;AC=MS:1003252	NT=Carbamidomethyl;AC=UNIMOD:4;TA=C;MT=Fixed	NT=Oxidation;AC=UNIMOD:35;TA=M;MT=Variable	NT=Trypsin;AC=MS:1001251	NT=collision-induced dissociation;AC=MS:1000133	10 ppm	0.1 Da	dithiothreitol (dtt)	iodoacetamide (iaa)	1	1	20211204_GS_SRQ20.raw.rar	ftp://ftp.pride.ebi.ac.uk/pride/data/archive/2023/12/PXD044532/20211204_GS_SRQ20.raw.rar	v1.1.0	NT=ms-proteomics;VV=v1.1.0	manual curation	Quadriceps
20220202_POOLED_QC2.raw.rar	ictidomys tridecemlineatus	Quadriceps	not applicable	not available	1	20220202_POOLED_QC2.raw.rar	proteomic profiling by mass spectrometry	NT=Data-dependent acquisition;AC=PRIDE:0000627	NT=label free sample;AC=MS:1002038	NT=xevo g2-xs qtof;AC=MS:1003252	NT=Carbamidomethyl;AC=UNIMOD:4;TA=C;MT=Fixed	NT=Oxidation;AC=UNIMOD:35;TA=M;MT=Variable	NT=Trypsin;AC=MS:1001251	NT=collision-induced dissociation;AC=MS:1000133	10 ppm	0.1 Da	dithiothreitol (dtt)	iodoacetamide (iaa)	1	1	20220202_POOLED_QC2.raw.rar	ftp://ftp.pride.ebi.ac.uk/pride/data/archive/2023/12/PXD044532/20220202_POOLED_QC2.raw.rar	v1.1.0	NT=ms-proteomics;VV=v1.1.0	manual curation	Quadriceps
20211205_GS_SRQ33.raw.rar	ictidomys tridecemlineatus	Quadriceps	not applicable	not available	1	20211205_GS_SRQ33.raw.rar	proteomic profiling by mass spectrometry	NT=Data-dependent acquisition;AC=PRIDE:0000627	NT=label free sample;AC=MS:1002038	NT=xevo g2-xs qtof;AC=MS:1003252	NT=Carbamidomethyl;AC=UNIMOD:4;TA=C;MT=Fixed	NT=Oxidation;AC=UNIMOD:35;TA=M;MT=Variable	NT=Trypsin;AC=MS:1001251	NT=collision-induced dissociation;AC=MS:1000133	10 ppm	0.1 Da	dithiothreitol (dtt)	iodoacetamide (iaa)	1	1	20211205_GS_SRQ33.raw.rar	ftp://ftp.pride.ebi.ac.uk/pride/data/archive/2023/12/PXD044532/20211205_GS_SRQ33.raw.rar	v1.1.0	NT=ms-proteomics;VV=v1.1.0	manual curation	Quadriceps
20211206_GS_SRQ30.raw.rar	ictidomys tridecemlineatus	Quadriceps	not applicable	not available	1	20211206_GS_SRQ30.raw.rar	proteomic profiling by mass spectrometry	NT=Data-dependent acquisition;AC=PRIDE:0000627	NT=label free sample;AC=MS:1002038	NT=xevo g2-xs qtof;AC=MS:1003252	NT=Carbamidomethyl;AC=UNIMOD:4;TA=C;MT=Fixed	NT=Oxidation;AC=UNIMOD:35;TA=M;MT=Variable	NT=Trypsin;AC=MS:1001251	NT=collision-induced dissociation;AC=MS:1000133	10 ppm	0.1 Da	dithiothreitol (dtt)	iodoacetamide (iaa)	1	1	20211206_GS_SRQ30.raw.rar	ftp://ftp.pride.ebi.ac.uk/pride/data/archive/2023/12/PXD044532/20211206_GS_SRQ30.raw.rar	v1.1.0	NT=ms-proteomics;VV=v1.1.0	manual curation	Quadriceps
20220206_GS_SRH_41.raw.rar	ictidomys tridecemlineatus	Quadriceps	not applicable	not available	1	20220206_GS_SRH_41.raw.rar	proteomic profiling by mass spectrometry	NT=Data-dependent acquisition;AC=PRIDE:0000627	NT=label free sample;AC=MS:1002038	NT=xevo g2-xs qtof;AC=MS:1003252	NT=Carbamidomethyl;AC=UNIMOD:4;TA=C;MT=Fixed	NT=Oxidation;AC=UNIMOD:35;TA=M;MT=Variable	NT=Trypsin;AC=MS:1001251	NT=collision-induced dissociation;AC=MS:1000133	10 ppm	0.1 Da	dithiothreitol (dtt)	iodoacetamide (iaa)	1	1	20220206_GS_SRH_41.raw.rar	ftp://ftp.pride.ebi.ac.uk/pride/data/archive/2023/12/PXD044532/20220206_GS_SRH_41.raw.rar	v1.1.0	NT=ms-proteomics;VV=v1.1.0	manual curation	Quadriceps
20211205_POOLED_QC25.raw.rar	ictidomys tridecemlineatus	Quadriceps	not applicable	not available	1	20211205_POOLED_QC25.raw.rar	proteomic profiling by mass spectrometry	NT=Data-dependent acquisition;AC=PRIDE:0000627	NT=label free sample;AC=MS:1002038	NT=xevo g2-xs qtof;AC=MS:1003252	NT=Carbamidomethyl;AC=UNIMOD:4;TA=C;MT=Fixed	NT=Oxidation;AC=UNIMOD:35;TA=M;MT=Variable	NT=Trypsin;AC=MS:1001251	NT=collision-induced dissociation;AC=MS:1000133	10 ppm	0.1 Da	dithiothreitol (dtt)	iodoacetamide (iaa)	1	1	20211205_POOLED_QC25.raw.rar	ftp://ftp.pride.ebi.ac.uk/pride/data/archive/2023/12/PXD044532/20211205_POOLED_QC25.raw.rar	v1.1.0	NT=ms-proteomics;VV=v1.1.0	manual curation	Quadriceps
20211201_POOLED_QC2.raw.rar	ictidomys tridecemlineatus	Quadriceps	not applicable	not available	1	20211201_POOLED_QC2.raw.rar	proteomic profiling by mass spectrometry	NT=Data-dependent acquisition;AC=PRIDE:0000627	NT=label free sample;AC=MS:1002038	NT=xevo g2-xs qtof;AC=MS:1003252	NT=Carbamidomethyl;AC=UNIMOD:4;TA=C;MT=Fixed	NT=Oxidation;AC=UNIMOD:35;TA=M;MT=Variable	NT=Trypsin;AC=MS:1001251	NT=collision-induced dissociation;AC=MS:1000133	10 ppm	0.1 Da	dithiothreitol (dtt)	iodoacetamide (iaa)	1	1	20211201_POOLED_QC2.raw.rar	ftp://ftp.pride.ebi.ac.uk/pride/data/archive/2023/12/PXD044532/20211201_POOLED_QC2.raw.rar	v1.1.0	NT=ms-proteomics;VV=v1.1.0	manual curation	Quadriceps
20211206_GS_SRQ48.raw.rar	ictidomys tridecemlineatus	Quadriceps	not applicable	not available	1	20211206_GS_SRQ48.raw.rar	proteomic profiling by mass spectrometry	NT=Data-dependent acquisition;AC=PRIDE:0000627	NT=label free sample;AC=MS:1002038	NT=xevo g2-xs qtof;AC=MS:1003252	NT=Carbamidomethyl;AC=UNIMOD:4;TA=C;MT=Fixed	NT=Oxidation;AC=UNIMOD:35;TA=M;MT=Variable	NT=Trypsin;AC=MS:1001251	NT=collision-induced dissociation;AC=MS:1000133	10 ppm	0.1 Da	dithiothreitol (dtt)	iodoacetamide (iaa)	1	1	20211206_GS_SRQ48.raw.rar	ftp://ftp.pride.ebi.ac.uk/pride/data/archive/2023/12/PXD044532/20211206_GS_SRQ48.raw.rar	v1.1.0	NT=ms-proteomics;VV=v1.1.0	manual curation	Quadriceps
20220205_GS_SRH_7.raw.rar	ictidomys tridecemlineatus	Quadriceps	not applicable	not available	1	20220205_GS_SRH_7.raw.rar	proteomic profiling by mass spectrometry	NT=Data-dependent acquisition;AC=PRIDE:0000627	NT=label free sample;AC=MS:1002038	NT=xevo g2-xs qtof;AC=MS:1003252	NT=Carbamidomethyl;AC=UNIMOD:4;TA=C;MT=Fixed	NT=Oxidation;AC=UNIMOD:35;TA=M;MT=Variable	NT=Trypsin;AC=MS:1001251	NT=collision-induced dissociation;AC=MS:1000133	10 ppm	0.1 Da	dithiothreitol (dtt)	iodoacetamide (iaa)	1	1	20220205_GS_SRH_7.raw.rar	ftp://ftp.pride.ebi.ac.uk/pride/data/archive/2023/12/PXD044532/20220205_GS_SRH_7.raw.rar	v1.1.0	NT=ms-proteomics;VV=v1.1.0	manual curation	Quadriceps
20211204_GS_SRQ6.raw.rar	ictidomys tridecemlineatus	Quadriceps	not applicable	not available	1	20211204_GS_SRQ6.raw.rar	proteomic profiling by mass spectrometry	NT=Data-dependent acquisition;AC=PRIDE:0000627	NT=label free sample;AC=MS:1002038	NT=xevo g2-xs qtof;AC=MS:1003252	NT=Carbamidomethyl;AC=UNIMOD:4;TA=C;MT=Fixed	NT=Oxidation;AC=UNIMOD:35;TA=M;MT=Variable	NT=Trypsin;AC=MS:1001251	NT=collision-induced dissociation;AC=MS:1000133	10 ppm	0.1 Da	dithiothreitol (dtt)	iodoacetamide (iaa)	1	1	20211204_GS_SRQ6.raw.rar	ftp://ftp.pride.ebi.ac.uk/pride/data/archive/2023/12/PXD044532/20211204_GS_SRQ6.raw.rar	v1.1.0	NT=ms-proteomics;VV=v1.1.0	manual curation	Quadriceps
20211206_POOLED_QC28.raw.rar	ictidomys tridecemlineatus	Quadriceps	not applicable	not available	1	20211206_POOLED_QC28.raw.rar	proteomic profiling by mass spectrometry	NT=Data-dependent acquisition;AC=PRIDE:0000627	NT=label free sample;AC=MS:1002038	NT=xevo g2-xs qtof;AC=MS:1003252	NT=Carbamidomethyl;AC=UNIMOD:4;TA=C;MT=Fixed	NT=Oxidation;AC=UNIMOD:35;TA=M;MT=Variable	NT=Trypsin;AC=MS:1001251	NT=collision-induced dissociation;AC=MS:1000133	10 ppm	0.1 Da	dithiothreitol (dtt)	iodoacetamide (iaa)	1	1	20211206_POOLED_QC28.raw.rar	ftp://ftp.pride.ebi.ac.uk/pride/data/archive/2023/12/PXD044532/20211206_POOLED_QC28.raw.rar	v1.1.0	NT=ms-proteomics;VV=v1.1.0	manual curation	Quadriceps
20211201_POOLED_QC6.raw.rar	ictidomys tridecemlineatus	Quadriceps	not applicable	not available	1	20211201_POOLED_QC6.raw.rar	proteomic profiling by mass spectrometry	NT=Data-dependent acquisition;AC=PRIDE:0000627	NT=label free sample;AC=MS:1002038	NT=xevo g2-xs qtof;AC=MS:1003252	NT=Carbamidomethyl;AC=UNIMOD:4;TA=C;MT=Fixed	NT=Oxidation;AC=UNIMOD:35;TA=M;MT=Variable	NT=Trypsin;AC=MS:1001251	NT=collision-induced dissociation;AC=MS:1000133	10 ppm	0.1 Da	dithiothreitol (dtt)	iodoacetamide (iaa)	1	1	20211201_POOLED_QC6.raw.rar	ftp://ftp.pride.ebi.ac.uk/pride/data/archive/2023/12/PXD044532/20211201_POOLED_QC6.raw.rar	v1.1.0	NT=ms-proteomics;VV=v1.1.0	manual curation	Quadriceps
20220206_GS_SRH_33.raw.rar	ictidomys tridecemlineatus	Quadriceps	not applicable	not available	1	20220206_GS_SRH_33.raw.rar	proteomic profiling by mass spectrometry	NT=Data-dependent acquisition;AC=PRIDE:0000627	NT=label free sample;AC=MS:1002038	NT=xevo g2-xs qtof;AC=MS:1003252	NT=Carbamidomethyl;AC=UNIMOD:4;TA=C;MT=Fixed	NT=Oxidation;AC=UNIMOD:35;TA=M;MT=Variable	NT=Trypsin;AC=MS:1001251	NT=collision-induced dissociation;AC=MS:1000133	10 ppm	0.1 Da	dithiothreitol (dtt)	iodoacetamide (iaa)	1	1	20220206_GS_SRH_33.raw.rar	ftp://ftp.pride.ebi.ac.uk/pride/data/archive/2023/12/PXD044532/20220206_GS_SRH_33.raw.rar	v1.1.0	NT=ms-proteomics;VV=v1.1.0	manual curation	Quadriceps
20211205_GS_SRQ27.raw.rar	ictidomys tridecemlineatus	Quadriceps	not applicable	not available	1	20211205_GS_SRQ27.raw.rar	proteomic profiling by mass spectrometry	NT=Data-dependent acquisition;AC=PRIDE:0000627	NT=label free sample;AC=MS:1002038	NT=xevo g2-xs qtof;AC=MS:1003252	NT=Carbamidomethyl;AC=UNIMOD:4;TA=C;MT=Fixed	NT=Oxidation;AC=UNIMOD:35;TA=M;MT=Variable	NT=Trypsin;AC=MS:1001251	NT=collision-induced dissociation;AC=MS:1000133	10 ppm	0.1 Da	dithiothreitol (dtt)	iodoacetamide (iaa)	1	1	20211205_GS_SRQ27.raw.rar	ftp://ftp.pride.ebi.ac.uk/pride/data/archive/2023/12/PXD044532/20211205_GS_SRQ27.raw.rar	v1.1.0	NT=ms-proteomics;VV=v1.1.0	manual curation	Quadriceps
20211201_GS_SRQ4.raw.rar	ictidomys tridecemlineatus	Quadriceps	not applicable	not available	1	20211201_GS_SRQ4.raw.rar	proteomic profiling by mass spectrometry	NT=Data-dependent acquisition;AC=PRIDE:0000627	NT=label free sample;AC=MS:1002038	NT=xevo g2-xs qtof;AC=MS:1003252	NT=Carbamidomethyl;AC=UNIMOD:4;TA=C;MT=Fixed	NT=Oxidation;AC=UNIMOD:35;TA=M;MT=Variable	NT=Trypsin;AC=MS:1001251	NT=collision-induced dissociation;AC=MS:1000133	10 ppm	0.1 Da	dithiothreitol (dtt)	iodoacetamide (iaa)	1	1	20211201_GS_SRQ4.raw.rar	ftp://ftp.pride.ebi.ac.uk/pride/data/archive/2023/12/PXD044532/20211201_GS_SRQ4.raw.rar	v1.1.0	NT=ms-proteomics;VV=v1.1.0	manual curation	Quadriceps
20211206_GS_SRQ39.raw.rar	ictidomys tridecemlineatus	Quadriceps	not applicable	not available	1	20211206_GS_SRQ39.raw.rar	proteomic profiling by mass spectrometry	NT=Data-dependent acquisition;AC=PRIDE:0000627	NT=label free sample;AC=MS:1002038	NT=xevo g2-xs qtof;AC=MS:1003252	NT=Carbamidomethyl;AC=UNIMOD:4;TA=C;MT=Fixed	NT=Oxidation;AC=UNIMOD:35;TA=M;MT=Variable	NT=Trypsin;AC=MS:1001251	NT=collision-induced dissociation;AC=MS:1000133	10 ppm	0.1 Da	dithiothreitol (dtt)	iodoacetamide (iaa)	1	1	20211206_GS_SRQ39.raw.rar	ftp://ftp.pride.ebi.ac.uk/pride/data/archive/2023/12/PXD044532/20211206_GS_SRQ39.raw.rar	v1.1.0	NT=ms-proteomics;VV=v1.1.0	manual curation	Quadriceps
20211205_POOLED_QC21.raw.rar	ictidomys tridecemlineatus	Quadriceps	not applicable	not available	1	20211205_POOLED_QC21.raw.rar	proteomic profiling by mass spectrometry	NT=Data-dependent acquisition;AC=PRIDE:0000627	NT=label free sample;AC=MS:1002038	NT=xevo g2-xs qtof;AC=MS:1003252	NT=Carbamidomethyl;AC=UNIMOD:4;TA=C;MT=Fixed	NT=Oxidation;AC=UNIMOD:35;TA=M;MT=Variable	NT=Trypsin;AC=MS:1001251	NT=collision-induced dissociation;AC=MS:1000133	10 ppm	0.1 Da	dithiothreitol (dtt)	iodoacetamide (iaa)	1	1	20211205_POOLED_QC21.raw.rar	ftp://ftp.pride.ebi.ac.uk/pride/data/archive/2023/12/PXD044532/20211205_POOLED_QC21.raw.rar	v1.1.0	NT=ms-proteomics;VV=v1.1.0	manual curation	Quadriceps
20220205_POOLED_QC20.raw.rar	ictidomys tridecemlineatus	Quadriceps	not applicable	not available	1	20220205_POOLED_QC20.raw.rar	proteomic profiling by mass spectrometry	NT=Data-dependent acquisition;AC=PRIDE:0000627	NT=label free sample;AC=MS:1002038	NT=xevo g2-xs qtof;AC=MS:1003252	NT=Carbamidomethyl;AC=UNIMOD:4;TA=C;MT=Fixed	NT=Oxidation;AC=UNIMOD:35;TA=M;MT=Variable	NT=Trypsin;AC=MS:1001251	NT=collision-induced dissociation;AC=MS:1000133	10 ppm	0.1 Da	dithiothreitol (dtt)	iodoacetamide (iaa)	1	1	20220205_POOLED_QC20.raw.rar	ftp://ftp.pride.ebi.ac.uk/pride/data/archive/2023/12/PXD044532/20220205_POOLED_QC20.raw.rar	v1.1.0	NT=ms-proteomics;VV=v1.1.0	manual curation	Quadriceps
20220205_GS_SRH_11.raw.rar	ictidomys tridecemlineatus	Quadriceps	not applicable	not available	1	20220205_GS_SRH_11.raw.rar	proteomic profiling by mass spectrometry	NT=Data-dependent acquisition;AC=PRIDE:0000627	NT=label free sample;AC=MS:1002038	NT=xevo g2-xs qtof;AC=MS:1003252	NT=Carbamidomethyl;AC=UNIMOD:4;TA=C;MT=Fixed	NT=Oxidation;AC=UNIMOD:35;TA=M;MT=Variable	NT=Trypsin;AC=MS:1001251	NT=collision-induced dissociation;AC=MS:1000133	10 ppm	0.1 Da	dithiothreitol (dtt)	iodoacetamide (iaa)	1	1	20220205_GS_SRH_11.raw.rar	ftp://ftp.pride.ebi.ac.uk/pride/data/archive/2023/12/PXD044532/20220205_GS_SRH_11.raw.rar	v1.1.0	NT=ms-proteomics;VV=v1.1.0	manual curation	Quadriceps
20220205_GS_SRG_36.raw.rar	ictidomys tridecemlineatus	Quadriceps	not applicable	not available	1	20220205_GS_SRG_36.raw.rar	proteomic profiling by mass spectrometry	NT=Data-dependent acquisition;AC=PRIDE:0000627	NT=label free sample;AC=MS:1002038	NT=xevo g2-xs qtof;AC=MS:1003252	NT=Carbamidomethyl;AC=UNIMOD:4;TA=C;MT=Fixed	NT=Oxidation;AC=UNIMOD:35;TA=M;MT=Variable	NT=Trypsin;AC=MS:1001251	NT=collision-induced dissociation;AC=MS:1000133	10 ppm	0.1 Da	dithiothreitol (dtt)	iodoacetamide (iaa)	1	1	20220205_GS_SRG_36.raw.rar	ftp://ftp.pride.ebi.ac.uk/pride/data/archive/2023/12/PXD044532/20220205_GS_SRG_36.raw.rar	v1.1.0	NT=ms-proteomics;VV=v1.1.0	manual curation	Quadriceps
20220207_GS_SRH_37.raw.rar	ictidomys tridecemlineatus	Quadriceps	not applicable	not available	1	20220207_GS_SRH_37.raw.rar	proteomic profiling by mass spectrometry	NT=Data-dependent acquisition;AC=PRIDE:0000627	NT=label free sample;AC=MS:1002038	NT=xevo g2-xs qtof;AC=MS:1003252	NT=Carbamidomethyl;AC=UNIMOD:4;TA=C;MT=Fixed	NT=Oxidation;AC=UNIMOD:35;TA=M;MT=Variable	NT=Trypsin;AC=MS:1001251	NT=collision-induced dissociation;AC=MS:1000133	10 ppm	0.1 Da	dithiothreitol (dtt)	iodoacetamide (iaa)	1	1	20220207_GS_SRH_37.raw.rar	ftp://ftp.pride.ebi.ac.uk/pride/data/archive/2023/12/PXD044532/20220207_GS_SRH_37.raw.rar	v1.1.0	NT=ms-proteomics;VV=v1.1.0	manual curation	Quadriceps
20211205_GS_SRQ26.raw.rar	ictidomys tridecemlineatus	Quadriceps	not applicable	not available	1	20211205_GS_SRQ26.raw.rar	proteomic profiling by mass spectrometry	NT=Data-dependent acquisition;AC=PRIDE:0000627	NT=label free sample;AC=MS:1002038	NT=xevo g2-xs qtof;AC=MS:1003252	NT=Carbamidomethyl;AC=UNIMOD:4;TA=C;MT=Fixed	NT=Oxidation;AC=UNIMOD:35;TA=M;MT=Variable	NT=Trypsin;AC=MS:1001251	NT=collision-induced dissociation;AC=MS:1000133	10 ppm	0.1 Da	dithiothreitol (dtt)	iodoacetamide (iaa)	1	1	20211205_GS_SRQ26.raw.rar	ftp://ftp.pride.ebi.ac.uk/pride/data/archive/2023/12/PXD044532/20211205_GS_SRQ26.raw.rar	v1.1.0	NT=ms-proteomics;VV=v1.1.0	manual curation	Quadriceps
20220204_GS_SRH_40.raw.rar	ictidomys tridecemlineatus	Quadriceps	not applicable	not available	1	20220204_GS_SRH_40.raw.rar	proteomic profiling by mass spectrometry	NT=Data-dependent acquisition;AC=PRIDE:0000627	NT=label free sample;AC=MS:1002038	NT=xevo g2-xs qtof;AC=MS:1003252	NT=Carbamidomethyl;AC=UNIMOD:4;TA=C;MT=Fixed	NT=Oxidation;AC=UNIMOD:35;TA=M;MT=Variable	NT=Trypsin;AC=MS:1001251	NT=collision-induced dissociation;AC=MS:1000133	10 ppm	0.1 Da	dithiothreitol (dtt)	iodoacetamide (iaa)	1	1	20220204_GS_SRH_40.raw.rar	ftp://ftp.pride.ebi.ac.uk/pride/data/archive/2023/12/PXD044532/20220204_GS_SRH_40.raw.rar	v1.1.0	NT=ms-proteomics;VV=v1.1.0	manual curation	Quadriceps
20220204_POOLED_QC13.raw.rar	ictidomys tridecemlineatus	Quadriceps	not applicable	not available	1	20220204_POOLED_QC13.raw.rar	proteomic profiling by mass spectrometry	NT=Data-dependent acquisition;AC=PRIDE:0000627	NT=label free sample;AC=MS:1002038	NT=xevo g2-xs qtof;AC=MS:1003252	NT=Carbamidomethyl;AC=UNIMOD:4;TA=C;MT=Fixed	NT=Oxidation;AC=UNIMOD:35;TA=M;MT=Variable	NT=Trypsin;AC=MS:1001251	NT=collision-induced dissociation;AC=MS:1000133	10 ppm	0.1 Da	dithiothreitol (dtt)	iodoacetamide (iaa)	1	1	20220204_POOLED_QC13.raw.rar	ftp://ftp.pride.ebi.ac.uk/pride/data/archive/2023/12/PXD044532/20220204_POOLED_QC13.raw.rar	v1.1.0	NT=ms-proteomics;VV=v1.1.0	manual curation	Quadriceps
20211206_GS_SRQ47.raw.rar	ictidomys tridecemlineatus	Quadriceps	not applicable	not available	1	20211206_GS_SRQ47.raw.rar	proteomic profiling by mass spectrometry	NT=Data-dependent acquisition;AC=PRIDE:0000627	NT=label free sample;AC=MS:1002038	NT=xevo g2-xs qtof;AC=MS:1003252	NT=Carbamidomethyl;AC=UNIMOD:4;TA=C;MT=Fixed	NT=Oxidation;AC=UNIMOD:35;TA=M;MT=Variable	NT=Trypsin;AC=MS:1001251	NT=collision-induced dissociation;AC=MS:1000133	10 ppm	0.1 Da	dithiothreitol (dtt)	iodoacetamide (iaa)	1	1	20211206_GS_SRQ47.raw.rar	ftp://ftp.pride.ebi.ac.uk/pride/data/archive/2023/12/PXD044532/20211206_GS_SRQ47.raw.rar	v1.1.0	NT=ms-proteomics;VV=v1.1.0	manual curation	Quadriceps
20220205_GS_SRH_9.raw.rar	ictidomys tridecemlineatus	Quadriceps	not applicable	not available	1	20220205_GS_SRH_9.raw.rar	proteomic profiling by mass spectrometry	NT=Data-dependent acquisition;AC=PRIDE:0000627	NT=label free sample;AC=MS:1002038	NT=xevo g2-xs qtof;AC=MS:1003252	NT=Carbamidomethyl;AC=UNIMOD:4;TA=C;MT=Fixed	NT=Oxidation;AC=UNIMOD:35;TA=M;MT=Variable	NT=Trypsin;AC=MS:1001251	NT=collision-induced dissociation;AC=MS:1000133	10 ppm	0.1 Da	dithiothreitol (dtt)	iodoacetamide (iaa)	1	1	20220205_GS_SRH_9.raw.rar	ftp://ftp.pride.ebi.ac.uk/pride/data/archive/2023/12/PXD044532/20220205_GS_SRH_9.raw.rar	v1.1.0	NT=ms-proteomics;VV=v1.1.0	manual curation	Quadriceps
20220207_POOLED_QC28.raw.rar	ictidomys tridecemlineatus	Quadriceps	not applicable	not available	1	20220207_POOLED_QC28.raw.rar	proteomic profiling by mass spectrometry	NT=Data-dependent acquisition;AC=PRIDE:0000627	NT=label free sample;AC=MS:1002038	NT=xevo g2-xs qtof;AC=MS:1003252	NT=Carbamidomethyl;AC=UNIMOD:4;TA=C;MT=Fixed	NT=Oxidation;AC=UNIMOD:35;TA=M;MT=Variable	NT=Trypsin;AC=MS:1001251	NT=collision-induced dissociation;AC=MS:1000133	10 ppm	0.1 Da	dithiothreitol (dtt)	iodoacetamide (iaa)	1	1	20220207_POOLED_QC28.raw.rar	ftp://ftp.pride.ebi.ac.uk/pride/data/archive/2023/12/PXD044532/20220207_POOLED_QC28.raw.rar	v1.1.0	NT=ms-proteomics;VV=v1.1.0	manual curation	Quadriceps
20211204_GS_SRQ13.raw.rar	ictidomys tridecemlineatus	Quadriceps	not applicable	not available	1	20211204_GS_SRQ13.raw.rar	proteomic profiling by mass spectrometry	NT=Data-dependent acquisition;AC=PRIDE:0000627	NT=label free sample;AC=MS:1002038	NT=xevo g2-xs qtof;AC=MS:1003252	NT=Carbamidomethyl;AC=UNIMOD:4;TA=C;MT=Fixed	NT=Oxidation;AC=UNIMOD:35;TA=M;MT=Variable	NT=Trypsin;AC=MS:1001251	NT=collision-induced dissociation;AC=MS:1000133	10 ppm	0.1 Da	dithiothreitol (dtt)	iodoacetamide (iaa)	1	1	20211204_GS_SRQ13.raw.rar	ftp://ftp.pride.ebi.ac.uk/pride/data/archive/2023/12/PXD044532/20211204_GS_SRQ13.raw.rar	v1.1.0	NT=ms-proteomics;VV=v1.1.0	manual curation	Quadriceps
20220207_GS_SRH_45.raw.rar	ictidomys tridecemlineatus	Quadriceps	not applicable	not available	1	20220207_GS_SRH_45.raw.rar	proteomic profiling by mass spectrometry	NT=Data-dependent acquisition;AC=PRIDE:0000627	NT=label free sample;AC=MS:1002038	NT=xevo g2-xs qtof;AC=MS:1003252	NT=Carbamidomethyl;AC=UNIMOD:4;TA=C;MT=Fixed	NT=Oxidation;AC=UNIMOD:35;TA=M;MT=Variable	NT=Trypsin;AC=MS:1001251	NT=collision-induced dissociation;AC=MS:1000133	10 ppm	0.1 Da	dithiothreitol (dtt)	iodoacetamide (iaa)	1	1	20220207_GS_SRH_45.raw.rar	ftp://ftp.pride.ebi.ac.uk/pride/data/archive/2023/12/PXD044532/20220207_GS_SRH_45.raw.rar	v1.1.0	NT=ms-proteomics;VV=v1.1.0	manual curation	Quadriceps
20220203_GS_SRH_47.raw.rar	ictidomys tridecemlineatus	Quadriceps	not applicable	not available	1	20220203_GS_SRH_47.raw.rar	proteomic profiling by mass spectrometry	NT=Data-dependent acquisition;AC=PRIDE:0000627	NT=label free sample;AC=MS:1002038	NT=xevo g2-xs qtof;AC=MS:1003252	NT=Carbamidomethyl;AC=UNIMOD:4;TA=C;MT=Fixed	NT=Oxidation;AC=UNIMOD:35;TA=M;MT=Variable	NT=Trypsin;AC=MS:1001251	NT=collision-induced dissociation;AC=MS:1000133	10 ppm	0.1 Da	dithiothreitol (dtt)	iodoacetamide (iaa)	1	1	20220203_GS_SRH_47.raw.rar	ftp://ftp.pride.ebi.ac.uk/pride/data/archive/2023/12/PXD044532/20220203_GS_SRH_47.raw.rar	v1.1.0	NT=ms-proteomics;VV=v1.1.0	manual curation	Quadriceps
20220203_GS_SRH_13.raw.rar	ictidomys tridecemlineatus	Quadriceps	not applicable	not available	1	20220203_GS_SRH_13.raw.rar	proteomic profiling by mass spectrometry	NT=Data-dependent acquisition;AC=PRIDE:0000627	NT=label free sample;AC=MS:1002038	NT=xevo g2-xs qtof;AC=MS:1003252	NT=Carbamidomethyl;AC=UNIMOD:4;TA=C;MT=Fixed	NT=Oxidation;AC=UNIMOD:35;TA=M;MT=Variable	NT=Trypsin;AC=MS:1001251	NT=collision-induced dissociation;AC=MS:1000133	10 ppm	0.1 Da	dithiothreitol (dtt)	iodoacetamide (iaa)	1	1	20220203_GS_SRH_13.raw.rar	ftp://ftp.pride.ebi.ac.uk/pride/data/archive/2023/12/PXD044532/20220203_GS_SRH_13.raw.rar	v1.1.0	NT=ms-proteomics;VV=v1.1.0	manual curation	Quadriceps
20220205_GS_SRH_10.raw.rar	ictidomys tridecemlineatus	Quadriceps	not applicable	not available	1	20220205_GS_SRH_10.raw.rar	proteomic profiling by mass spectrometry	NT=Data-dependent acquisition;AC=PRIDE:0000627	NT=label free sample;AC=MS:1002038	NT=xevo g2-xs qtof;AC=MS:1003252	NT=Carbamidomethyl;AC=UNIMOD:4;TA=C;MT=Fixed	NT=Oxidation;AC=UNIMOD:35;TA=M;MT=Variable	NT=Trypsin;AC=MS:1001251	NT=collision-induced dissociation;AC=MS:1000133	10 ppm	0.1 Da	dithiothreitol (dtt)	iodoacetamide (iaa)	1	1	20220205_GS_SRH_10.raw.rar	ftp://ftp.pride.ebi.ac.uk/pride/data/archive/2023/12/PXD044532/20220205_GS_SRH_10.raw.rar	v1.1.0	NT=ms-proteomics;VV=v1.1.0	manual curation	Quadriceps
20211201_GS_SRQ10.raw.rar	ictidomys tridecemlineatus	Quadriceps	not applicable	not available	1	20211201_GS_SRQ10.raw.rar	proteomic profiling by mass spectrometry	NT=Data-dependent acquisition;AC=PRIDE:0000627	NT=label free sample;AC=MS:1002038	NT=xevo g2-xs qtof;AC=MS:1003252	NT=Carbamidomethyl;AC=UNIMOD:4;TA=C;MT=Fixed	NT=Oxidation;AC=UNIMOD:35;TA=M;MT=Variable	NT=Trypsin;AC=MS:1001251	NT=collision-induced dissociation;AC=MS:1000133	10 ppm	0.1 Da	dithiothreitol (dtt)	iodoacetamide (iaa)	1	1	20211201_GS_SRQ10.raw.rar	ftp://ftp.pride.ebi.ac.uk/pride/data/archive/2023/12/PXD044532/20211201_GS_SRQ10.raw.rar	v1.1.0	NT=ms-proteomics;VV=v1.1.0	manual curation	Quadriceps
20211201_GS_SRQ2.raw.rar	ictidomys tridecemlineatus	Quadriceps	not applicable	not available	1	20211201_GS_SRQ2.raw.rar	proteomic profiling by mass spectrometry	NT=Data-dependent acquisition;AC=PRIDE:0000627	NT=label free sample;AC=MS:1002038	NT=xevo g2-xs qtof;AC=MS:1003252	NT=Carbamidomethyl;AC=UNIMOD:4;TA=C;MT=Fixed	NT=Oxidation;AC=UNIMOD:35;TA=M;MT=Variable	NT=Trypsin;AC=MS:1001251	NT=collision-induced dissociation;AC=MS:1000133	10 ppm	0.1 Da	dithiothreitol (dtt)	iodoacetamide (iaa)	1	1	20211201_GS_SRQ2.raw.rar	ftp://ftp.pride.ebi.ac.uk/pride/data/archive/2023/12/PXD044532/20211201_GS_SRQ2.raw.rar	v1.1.0	NT=ms-proteomics;VV=v1.1.0	manual curation	Quadriceps
20211201_GS_SRQ34.raw.rar	ictidomys tridecemlineatus	Quadriceps	not applicable	not available	1	20211201_GS_SRQ34.raw.rar	proteomic profiling by mass spectrometry	NT=Data-dependent acquisition;AC=PRIDE:0000627	NT=label free sample;AC=MS:1002038	NT=xevo g2-xs qtof;AC=MS:1003252	NT=Carbamidomethyl;AC=UNIMOD:4;TA=C;MT=Fixed	NT=Oxidation;AC=UNIMOD:35;TA=M;MT=Variable	NT=Trypsin;AC=MS:1001251	NT=collision-induced dissociation;AC=MS:1000133	10 ppm	0.1 Da	dithiothreitol (dtt)	iodoacetamide (iaa)	1	1	20211201_GS_SRQ34.raw.rar	ftp://ftp.pride.ebi.ac.uk/pride/data/archive/2023/12/PXD044532/20211201_GS_SRQ34.raw.rar	v1.1.0	NT=ms-proteomics;VV=v1.1.0	manual curation	Quadriceps
20211201_POOLED_QC5.raw.rar	ictidomys tridecemlineatus	Quadriceps	not applicable	not available	1	20211201_POOLED_QC5.raw.rar	proteomic profiling by mass spectrometry	NT=Data-dependent acquisition;AC=PRIDE:0000627	NT=label free sample;AC=MS:1002038	NT=xevo g2-xs qtof;AC=MS:1003252	NT=Carbamidomethyl;AC=UNIMOD:4;TA=C;MT=Fixed	NT=Oxidation;AC=UNIMOD:35;TA=M;MT=Variable	NT=Trypsin;AC=MS:1001251	NT=collision-induced dissociation;AC=MS:1000133	10 ppm	0.1 Da	dithiothreitol (dtt)	iodoacetamide (iaa)	1	1	20211201_POOLED_QC5.raw.rar	ftp://ftp.pride.ebi.ac.uk/pride/data/archive/2023/12/PXD044532/20211201_POOLED_QC5.raw.rar	v1.1.0	NT=ms-proteomics;VV=v1.1.0	manual curation	Quadriceps
20211205_GS_SRQ43.raw.rar	ictidomys tridecemlineatus	Quadriceps	not applicable	not available	1	20211205_GS_SRQ43.raw.rar	proteomic profiling by mass spectrometry	NT=Data-dependent acquisition;AC=PRIDE:0000627	NT=label free sample;AC=MS:1002038	NT=xevo g2-xs qtof;AC=MS:1003252	NT=Carbamidomethyl;AC=UNIMOD:4;TA=C;MT=Fixed	NT=Oxidation;AC=UNIMOD:35;TA=M;MT=Variable	NT=Trypsin;AC=MS:1001251	NT=collision-induced dissociation;AC=MS:1000133	10 ppm	0.1 Da	dithiothreitol (dtt)	iodoacetamide (iaa)	1	1	20211205_GS_SRQ43.raw.rar	ftp://ftp.pride.ebi.ac.uk/pride/data/archive/2023/12/PXD044532/20211205_GS_SRQ43.raw.rar	v1.1.0	NT=ms-proteomics;VV=v1.1.0	manual curation	Quadriceps
20211201_GS_SRQ42.raw.rar	ictidomys tridecemlineatus	Quadriceps	not applicable	not available	1	20211201_GS_SRQ42.raw.rar	proteomic profiling by mass spectrometry	NT=Data-dependent acquisition;AC=PRIDE:0000627	NT=label free sample;AC=MS:1002038	NT=xevo g2-xs qtof;AC=MS:1003252	NT=Carbamidomethyl;AC=UNIMOD:4;TA=C;MT=Fixed	NT=Oxidation;AC=UNIMOD:35;TA=M;MT=Variable	NT=Trypsin;AC=MS:1001251	NT=collision-induced dissociation;AC=MS:1000133	10 ppm	0.1 Da	dithiothreitol (dtt)	iodoacetamide (iaa)	1	1	20211201_GS_SRQ42.raw.rar	ftp://ftp.pride.ebi.ac.uk/pride/data/archive/2023/12/PXD044532/20211201_GS_SRQ42.raw.rar	v1.1.0	NT=ms-proteomics;VV=v1.1.0	manual curation	Quadriceps
20220204_POOLED_QC15.raw.rar	ictidomys tridecemlineatus	Quadriceps	not applicable	not available	1	20220204_POOLED_QC15.raw.rar	proteomic profiling by mass spectrometry	NT=Data-dependent acquisition;AC=PRIDE:0000627	NT=label free sample;AC=MS:1002038	NT=xevo g2-xs qtof;AC=MS:1003252	NT=Carbamidomethyl;AC=UNIMOD:4;TA=C;MT=Fixed	NT=Oxidation;AC=UNIMOD:35;TA=M;MT=Variable	NT=Trypsin;AC=MS:1001251	NT=collision-induced dissociation;AC=MS:1000133	10 ppm	0.1 Da	dithiothreitol (dtt)	iodoacetamide (iaa)	1	1	20220204_POOLED_QC15.raw.rar	ftp://ftp.pride.ebi.ac.uk/pride/data/archive/2023/12/PXD044532/20220204_POOLED_QC15.raw.rar	v1.1.0	NT=ms-proteomics;VV=v1.1.0	manual curation	Quadriceps
20220203_POOLED_QC8.raw.rar	ictidomys tridecemlineatus	Quadriceps	not applicable	not available	1	20220203_POOLED_QC8.raw.rar	proteomic profiling by mass spectrometry	NT=Data-dependent acquisition;AC=PRIDE:0000627	NT=label free sample;AC=MS:1002038	NT=xevo g2-xs qtof;AC=MS:1003252	NT=Carbamidomethyl;AC=UNIMOD:4;TA=C;MT=Fixed	NT=Oxidation;AC=UNIMOD:35;TA=M;MT=Variable	NT=Trypsin;AC=MS:1001251	NT=collision-induced dissociation;AC=MS:1000133	10 ppm	0.1 Da	dithiothreitol (dtt)	iodoacetamide (iaa)	1	1	20220203_POOLED_QC8.raw.rar	ftp://ftp.pride.ebi.ac.uk/pride/data/archive/2023/12/PXD044532/20220203_POOLED_QC8.raw.rar	v1.1.0	NT=ms-proteomics;VV=v1.1.0	manual curation	Quadriceps
20220204_GS_SRH_8.raw.rar	ictidomys tridecemlineatus	Quadriceps	not applicable	not available	1	20220204_GS_SRH_8.raw.rar	proteomic profiling by mass spectrometry	NT=Data-dependent acquisition;AC=PRIDE:0000627	NT=label free sample;AC=MS:1002038	NT=xevo g2-xs qtof;AC=MS:1003252	NT=Carbamidomethyl;AC=UNIMOD:4;TA=C;MT=Fixed	NT=Oxidation;AC=UNIMOD:35;TA=M;MT=Variable	NT=Trypsin;AC=MS:1001251	NT=collision-induced dissociation;AC=MS:1000133	10 ppm	0.1 Da	dithiothreitol (dtt)	iodoacetamide (iaa)	1	1	20220204_GS_SRH_8.raw.rar	ftp://ftp.pride.ebi.ac.uk/pride/data/archive/2023/12/PXD044532/20220204_GS_SRH_8.raw.rar	v1.1.0	NT=ms-proteomics;VV=v1.1.0	manual curation	Quadriceps
20211201_GS_SRQ11.raw.rar	ictidomys tridecemlineatus	Quadriceps	not applicable	not available	1	20211201_GS_SRQ11.raw.rar	proteomic profiling by mass spectrometry	NT=Data-dependent acquisition;AC=PRIDE:0000627	NT=label free sample;AC=MS:1002038	NT=xevo g2-xs qtof;AC=MS:1003252	NT=Carbamidomethyl;AC=UNIMOD:4;TA=C;MT=Fixed	NT=Oxidation;AC=UNIMOD:35;TA=M;MT=Variable	NT=Trypsin;AC=MS:1001251	NT=collision-induced dissociation;AC=MS:1000133	10 ppm	0.1 Da	dithiothreitol (dtt)	iodoacetamide (iaa)	1	1	20211201_GS_SRQ11.raw.rar	ftp://ftp.pride.ebi.ac.uk/pride/data/archive/2023/12/PXD044532/20211201_GS_SRQ11.raw.rar	v1.1.0	NT=ms-proteomics;VV=v1.1.0	manual curation	Quadriceps
20211205_POOLED_QC23.raw.rar	ictidomys tridecemlineatus	Quadriceps	not applicable	not available	1	20211205_POOLED_QC23.raw.rar	proteomic profiling by mass spectrometry	NT=Data-dependent acquisition;AC=PRIDE:0000627	NT=label free sample;AC=MS:1002038	NT=xevo g2-xs qtof;AC=MS:1003252	NT=Carbamidomethyl;AC=UNIMOD:4;TA=C;MT=Fixed	NT=Oxidation;AC=UNIMOD:35;TA=M;MT=Variable	NT=Trypsin;AC=MS:1001251	NT=collision-induced dissociation;AC=MS:1000133	10 ppm	0.1 Da	dithiothreitol (dtt)	iodoacetamide (iaa)	1	1	20211205_POOLED_QC23.raw.rar	ftp://ftp.pride.ebi.ac.uk/pride/data/archive/2023/12/PXD044532/20211205_POOLED_QC23.raw.rar	v1.1.0	NT=ms-proteomics;VV=v1.1.0	manual curation	Quadriceps
20211201_GS_SRQ32.raw.rar	ictidomys tridecemlineatus	Quadriceps	not applicable	not available	1	20211201_GS_SRQ32.raw.rar	proteomic profiling by mass spectrometry	NT=Data-dependent acquisition;AC=PRIDE:0000627	NT=label free sample;AC=MS:1002038	NT=xevo g2-xs qtof;AC=MS:1003252	NT=Carbamidomethyl;AC=UNIMOD:4;TA=C;MT=Fixed	NT=Oxidation;AC=UNIMOD:35;TA=M;MT=Variable	NT=Trypsin;AC=MS:1001251	NT=collision-induced dissociation;AC=MS:1000133	10 ppm	0.1 Da	dithiothreitol (dtt)	iodoacetamide (iaa)	1	1	20211201_GS_SRQ32.raw.rar	ftp://ftp.pride.ebi.ac.uk/pride/data/archive/2023/12/PXD044532/20211201_GS_SRQ32.raw.rar	v1.1.0	NT=ms-proteomics;VV=v1.1.0	manual curation	Quadriceps
20220202_GS_SRH_19.raw.rar	ictidomys tridecemlineatus	Quadriceps	not applicable	not available	1	20220202_GS_SRH_19.raw.rar	proteomic profiling by mass spectrometry	NT=Data-dependent acquisition;AC=PRIDE:0000627	NT=label free sample;AC=MS:1002038	NT=xevo g2-xs qtof;AC=MS:1003252	NT=Carbamidomethyl;AC=UNIMOD:4;TA=C;MT=Fixed	NT=Oxidation;AC=UNIMOD:35;TA=M;MT=Variable	NT=Trypsin;AC=MS:1001251	NT=collision-induced dissociation;AC=MS:1000133	10 ppm	0.1 Da	dithiothreitol (dtt)	iodoacetamide (iaa)	1	1	20220202_GS_SRH_19.raw.rar	ftp://ftp.pride.ebi.ac.uk/pride/data/archive/2023/12/PXD044532/20220202_GS_SRH_19.raw.rar	v1.1.0	NT=ms-proteomics;VV=v1.1.0	manual curation	Quadriceps
20211201_GS_SRQ22.raw.rar	ictidomys tridecemlineatus	Quadriceps	not applicable	not available	1	20211201_GS_SRQ22.raw.rar	proteomic profiling by mass spectrometry	NT=Data-dependent acquisition;AC=PRIDE:0000627	NT=label free sample;AC=MS:1002038	NT=xevo g2-xs qtof;AC=MS:1003252	NT=Carbamidomethyl;AC=UNIMOD:4;TA=C;MT=Fixed	NT=Oxidation;AC=UNIMOD:35;TA=M;MT=Variable	NT=Trypsin;AC=MS:1001251	NT=collision-induced dissociation;AC=MS:1000133	10 ppm	0.1 Da	dithiothreitol (dtt)	iodoacetamide (iaa)	1	1	20211201_GS_SRQ22.raw.rar	ftp://ftp.pride.ebi.ac.uk/pride/data/archive/2023/12/PXD044532/20211201_GS_SRQ22.raw.rar	v1.1.0	NT=ms-proteomics;VV=v1.1.0	manual curation	Quadriceps
20220204_POOLED_QC11.raw.rar	ictidomys tridecemlineatus	Quadriceps	not applicable	not available	1	20220204_POOLED_QC11.raw.rar	proteomic profiling by mass spectrometry	NT=Data-dependent acquisition;AC=PRIDE:0000627	NT=label free sample;AC=MS:1002038	NT=xevo g2-xs qtof;AC=MS:1003252	NT=Carbamidomethyl;AC=UNIMOD:4;TA=C;MT=Fixed	NT=Oxidation;AC=UNIMOD:35;TA=M;MT=Variable	NT=Trypsin;AC=MS:1001251	NT=collision-induced dissociation;AC=MS:1000133	10 ppm	0.1 Da	dithiothreitol (dtt)	iodoacetamide (iaa)	1	1	20220204_POOLED_QC11.raw.rar	ftp://ftp.pride.ebi.ac.uk/pride/data/archive/2023/12/PXD044532/20220204_POOLED_QC11.raw.rar	v1.1.0	NT=ms-proteomics;VV=v1.1.0	manual curation	Quadriceps
20211201_POOLED_QC11.raw.rar	ictidomys tridecemlineatus	Quadriceps	not applicable	not available	1	20211201_POOLED_QC11.raw.rar	proteomic profiling by mass spectrometry	NT=Data-dependent acquisition;AC=PRIDE:0000627	NT=label free sample;AC=MS:1002038	NT=xevo g2-xs qtof;AC=MS:1003252	NT=Carbamidomethyl;AC=UNIMOD:4;TA=C;MT=Fixed	NT=Oxidation;AC=UNIMOD:35;TA=M;MT=Variable	NT=Trypsin;AC=MS:1001251	NT=collision-induced dissociation;AC=MS:1000133	10 ppm	0.1 Da	dithiothreitol (dtt)	iodoacetamide (iaa)	1	1	20211201_POOLED_QC11.raw.rar	ftp://ftp.pride.ebi.ac.uk/pride/data/archive/2023/12/PXD044532/20211201_POOLED_QC11.raw.rar	v1.1.0	NT=ms-proteomics;VV=v1.1.0	manual curation	Quadriceps
20220204_POOLED_QC14.raw.rar	ictidomys tridecemlineatus	Quadriceps	not applicable	not available	1	20220204_POOLED_QC14.raw.rar	proteomic profiling by mass spectrometry	NT=Data-dependent acquisition;AC=PRIDE:0000627	NT=label free sample;AC=MS:1002038	NT=xevo g2-xs qtof;AC=MS:1003252	NT=Carbamidomethyl;AC=UNIMOD:4;TA=C;MT=Fixed	NT=Oxidation;AC=UNIMOD:35;TA=M;MT=Variable	NT=Trypsin;AC=MS:1001251	NT=collision-induced dissociation;AC=MS:1000133	10 ppm	0.1 Da	dithiothreitol (dtt)	iodoacetamide (iaa)	1	1	20220204_POOLED_QC14.raw.rar	ftp://ftp.pride.ebi.ac.uk/pride/data/archive/2023/12/PXD044532/20220204_POOLED_QC14.raw.rar	v1.1.0	NT=ms-proteomics;VV=v1.1.0	manual curation	Quadriceps
20211204_POOLED_QC19.raw.rar	ictidomys tridecemlineatus	Quadriceps	not applicable	not available	1	20211204_POOLED_QC19.raw.rar	proteomic profiling by mass spectrometry	NT=Data-dependent acquisition;AC=PRIDE:0000627	NT=label free sample;AC=MS:1002038	NT=xevo g2-xs qtof;AC=MS:1003252	NT=Carbamidomethyl;AC=UNIMOD:4;TA=C;MT=Fixed	NT=Oxidation;AC=UNIMOD:35;TA=M;MT=Variable	NT=Trypsin;AC=MS:1001251	NT=collision-induced dissociation;AC=MS:1000133	10 ppm	0.1 Da	dithiothreitol (dtt)	iodoacetamide (iaa)	1	1	20211204_POOLED_QC19.raw.rar	ftp://ftp.pride.ebi.ac.uk/pride/data/archive/2023/12/PXD044532/20211204_POOLED_QC19.raw.rar	v1.1.0	NT=ms-proteomics;VV=v1.1.0	manual curation	Quadriceps
20211201_POOLED_QC9.raw.rar	ictidomys tridecemlineatus	Quadriceps	not applicable	not available	1	20211201_POOLED_QC9.raw.rar	proteomic profiling by mass spectrometry	NT=Data-dependent acquisition;AC=PRIDE:0000627	NT=label free sample;AC=MS:1002038	NT=xevo g2-xs qtof;AC=MS:1003252	NT=Carbamidomethyl;AC=UNIMOD:4;TA=C;MT=Fixed	NT=Oxidation;AC=UNIMOD:35;TA=M;MT=Variable	NT=Trypsin;AC=MS:1001251	NT=collision-induced dissociation;AC=MS:1000133	10 ppm	0.1 Da	dithiothreitol (dtt)	iodoacetamide (iaa)	1	1	20211201_POOLED_QC9.raw.rar	ftp://ftp.pride.ebi.ac.uk/pride/data/archive/2023/12/PXD044532/20211201_POOLED_QC9.raw.rar	v1.1.0	NT=ms-proteomics;VV=v1.1.0	manual curation	Quadriceps
20211201_GS_SRQ12.raw.rar	ictidomys tridecemlineatus	Quadriceps	not applicable	not available	1	20211201_GS_SRQ12.raw.rar	proteomic profiling by mass spectrometry	NT=Data-dependent acquisition;AC=PRIDE:0000627	NT=label free sample;AC=MS:1002038	NT=xevo g2-xs qtof;AC=MS:1003252	NT=Carbamidomethyl;AC=UNIMOD:4;TA=C;MT=Fixed	NT=Oxidation;AC=UNIMOD:35;TA=M;MT=Variable	NT=Trypsin;AC=MS:1001251	NT=collision-induced dissociation;AC=MS:1000133	10 ppm	0.1 Da	dithiothreitol (dtt)	iodoacetamide (iaa)	1	1	20211201_GS_SRQ12.raw.rar	ftp://ftp.pride.ebi.ac.uk/pride/data/archive/2023/12/PXD044532/20211201_GS_SRQ12.raw.rar	v1.1.0	NT=ms-proteomics;VV=v1.1.0	manual curation	Quadriceps
20220202_GS_SRH_46.raw.rar	ictidomys tridecemlineatus	Quadriceps	not applicable	not available	1	20220202_GS_SRH_46.raw.rar	proteomic profiling by mass spectrometry	NT=Data-dependent acquisition;AC=PRIDE:0000627	NT=label free sample;AC=MS:1002038	NT=xevo g2-xs qtof;AC=MS:1003252	NT=Carbamidomethyl;AC=UNIMOD:4;TA=C;MT=Fixed	NT=Oxidation;AC=UNIMOD:35;TA=M;MT=Variable	NT=Trypsin;AC=MS:1001251	NT=collision-induced dissociation;AC=MS:1000133	10 ppm	0.1 Da	dithiothreitol (dtt)	iodoacetamide (iaa)	1	1	20220202_GS_SRH_46.raw.rar	ftp://ftp.pride.ebi.ac.uk/pride/data/archive/2023/12/PXD044532/20220202_GS_SRH_46.raw.rar	v1.1.0	NT=ms-proteomics;VV=v1.1.0	manual curation	Quadriceps
20211201_GS_SRQ41.raw.rar	ictidomys tridecemlineatus	Quadriceps	not applicable	not available	1	20211201_GS_SRQ41.raw.rar	proteomic profiling by mass spectrometry	NT=Data-dependent acquisition;AC=PRIDE:0000627	NT=label free sample;AC=MS:1002038	NT=xevo g2-xs qtof;AC=MS:1003252	NT=Carbamidomethyl;AC=UNIMOD:4;TA=C;MT=Fixed	NT=Oxidation;AC=UNIMOD:35;TA=M;MT=Variable	NT=Trypsin;AC=MS:1001251	NT=collision-induced dissociation;AC=MS:1000133	10 ppm	0.1 Da	dithiothreitol (dtt)	iodoacetamide (iaa)	1	1	20211201_GS_SRQ41.raw.rar	ftp://ftp.pride.ebi.ac.uk/pride/data/archive/2023/12/PXD044532/20211201_GS_SRQ41.raw.rar	v1.1.0	NT=ms-proteomics;VV=v1.1.0	manual curation	Quadriceps
20220205_GS_SRH_39.raw.rar	ictidomys tridecemlineatus	Quadriceps	not applicable	not available	1	20220205_GS_SRH_39.raw.rar	proteomic profiling by mass spectrometry	NT=Data-dependent acquisition;AC=PRIDE:0000627	NT=label free sample;AC=MS:1002038	NT=xevo g2-xs qtof;AC=MS:1003252	NT=Carbamidomethyl;AC=UNIMOD:4;TA=C;MT=Fixed	NT=Oxidation;AC=UNIMOD:35;TA=M;MT=Variable	NT=Trypsin;AC=MS:1001251	NT=collision-induced dissociation;AC=MS:1000133	10 ppm	0.1 Da	dithiothreitol (dtt)	iodoacetamide (iaa)	1	1	20220205_GS_SRH_39.raw.rar	ftp://ftp.pride.ebi.ac.uk/pride/data/archive/2023/12/PXD044532/20220205_GS_SRH_39.raw.rar	v1.1.0	NT=ms-proteomics;VV=v1.1.0	manual curation	Quadriceps
20220206_POOLED_QC24.raw.rar	ictidomys tridecemlineatus	Quadriceps	not applicable	not available	1	20220206_POOLED_QC24.raw.rar	proteomic profiling by mass spectrometry	NT=Data-dependent acquisition;AC=PRIDE:0000627	NT=label free sample;AC=MS:1002038	NT=xevo g2-xs qtof;AC=MS:1003252	NT=Carbamidomethyl;AC=UNIMOD:4;TA=C;MT=Fixed	NT=Oxidation;AC=UNIMOD:35;TA=M;MT=Variable	NT=Trypsin;AC=MS:1001251	NT=collision-induced dissociation;AC=MS:1000133	10 ppm	0.1 Da	dithiothreitol (dtt)	iodoacetamide (iaa)	1	1	20220206_POOLED_QC24.raw.rar	ftp://ftp.pride.ebi.ac.uk/pride/data/archive/2023/12/PXD044532/20220206_POOLED_QC24.raw.rar	v1.1.0	NT=ms-proteomics;VV=v1.1.0	manual curation	Quadriceps
20211201_GS_SRQ19.raw.rar	ictidomys tridecemlineatus	Quadriceps	not applicable	not available	1	20211201_GS_SRQ19.raw.rar	proteomic profiling by mass spectrometry	NT=Data-dependent acquisition;AC=PRIDE:0000627	NT=label free sample;AC=MS:1002038	NT=xevo g2-xs qtof;AC=MS:1003252	NT=Carbamidomethyl;AC=UNIMOD:4;TA=C;MT=Fixed	NT=Oxidation;AC=UNIMOD:35;TA=M;MT=Variable	NT=Trypsin;AC=MS:1001251	NT=collision-induced dissociation;AC=MS:1000133	10 ppm	0.1 Da	dithiothreitol (dtt)	iodoacetamide (iaa)	1	1	20211201_GS_SRQ19.raw.rar	ftp://ftp.pride.ebi.ac.uk/pride/data/archive/2023/12/PXD044532/20211201_GS_SRQ19.raw.rar	v1.1.0	NT=ms-proteomics;VV=v1.1.0	manual curation	Quadriceps
20220202_POOLED_QC1.raw.rar	ictidomys tridecemlineatus	Quadriceps	not applicable	not available	1	20220202_POOLED_QC1.raw.rar	proteomic profiling by mass spectrometry	NT=Data-dependent acquisition;AC=PRIDE:0000627	NT=label free sample;AC=MS:1002038	NT=xevo g2-xs qtof;AC=MS:1003252	NT=Carbamidomethyl;AC=UNIMOD:4;TA=C;MT=Fixed	NT=Oxidation;AC=UNIMOD:35;TA=M;MT=Variable	NT=Trypsin;AC=MS:1001251	NT=collision-induced dissociation;AC=MS:1000133	10 ppm	0.1 Da	dithiothreitol (dtt)	iodoacetamide (iaa)	1	1	20220202_POOLED_QC1.raw.rar	ftp://ftp.pride.ebi.ac.uk/pride/data/archive/2023/12/PXD044532/20220202_POOLED_QC1.raw.rar	v1.1.0	NT=ms-proteomics;VV=v1.1.0	manual curation	Quadriceps
20211201_GS_SRQ18.raw.rar	ictidomys tridecemlineatus	Quadriceps	not applicable	not available	1	20211201_GS_SRQ18.raw.rar	proteomic profiling by mass spectrometry	NT=Data-dependent acquisition;AC=PRIDE:0000627	NT=label free sample;AC=MS:1002038	NT=xevo g2-xs qtof;AC=MS:1003252	NT=Carbamidomethyl;AC=UNIMOD:4;TA=C;MT=Fixed	NT=Oxidation;AC=UNIMOD:35;TA=M;MT=Variable	NT=Trypsin;AC=MS:1001251	NT=collision-induced dissociation;AC=MS:1000133	10 ppm	0.1 Da	dithiothreitol (dtt)	iodoacetamide (iaa)	1	1	20211201_GS_SRQ18.raw.rar	ftp://ftp.pride.ebi.ac.uk/pride/data/archive/2023/12/PXD044532/20211201_GS_SRQ18.raw.rar	v1.1.0	NT=ms-proteomics;VV=v1.1.0	manual curation	Quadriceps
20211205_GS_SRQ31.raw.rar	ictidomys tridecemlineatus	Quadriceps	not applicable	not available	1	20211205_GS_SRQ31.raw.rar	proteomic profiling by mass spectrometry	NT=Data-dependent acquisition;AC=PRIDE:0000627	NT=label free sample;AC=MS:1002038	NT=xevo g2-xs qtof;AC=MS:1003252	NT=Carbamidomethyl;AC=UNIMOD:4;TA=C;MT=Fixed	NT=Oxidation;AC=UNIMOD:35;TA=M;MT=Variable	NT=Trypsin;AC=MS:1001251	NT=collision-induced dissociation;AC=MS:1000133	10 ppm	0.1 Da	dithiothreitol (dtt)	iodoacetamide (iaa)	1	1	20211205_GS_SRQ31.raw.rar	ftp://ftp.pride.ebi.ac.uk/pride/data/archive/2023/12/PXD044532/20211205_GS_SRQ31.raw.rar	v1.1.0	NT=ms-proteomics;VV=v1.1.0	manual curation	Quadriceps
20211201_GS_SRQ25.raw.rar	ictidomys tridecemlineatus	Quadriceps	not applicable	not available	1	20211201_GS_SRQ25.raw.rar	proteomic profiling by mass spectrometry	NT=Data-dependent acquisition;AC=PRIDE:0000627	NT=label free sample;AC=MS:1002038	NT=xevo g2-xs qtof;AC=MS:1003252	NT=Carbamidomethyl;AC=UNIMOD:4;TA=C;MT=Fixed	NT=Oxidation;AC=UNIMOD:35;TA=M;MT=Variable	NT=Trypsin;AC=MS:1001251	NT=collision-induced dissociation;AC=MS:1000133	10 ppm	0.1 Da	dithiothreitol (dtt)	iodoacetamide (iaa)	1	1	20211201_GS_SRQ25.raw.rar	ftp://ftp.pride.ebi.ac.uk/pride/data/archive/2023/12/PXD044532/20211201_GS_SRQ25.raw.rar	v1.1.0	NT=ms-proteomics;VV=v1.1.0	manual curation	Quadriceps
20220202_GS_SRH_43.raw.rar	ictidomys tridecemlineatus	Quadriceps	not applicable	not available	1	20220202_GS_SRH_43.raw.rar	proteomic profiling by mass spectrometry	NT=Data-dependent acquisition;AC=PRIDE:0000627	NT=label free sample;AC=MS:1002038	NT=xevo g2-xs qtof;AC=MS:1003252	NT=Carbamidomethyl;AC=UNIMOD:4;TA=C;MT=Fixed	NT=Oxidation;AC=UNIMOD:35;TA=M;MT=Variable	NT=Trypsin;AC=MS:1001251	NT=collision-induced dissociation;AC=MS:1000133	10 ppm	0.1 Da	dithiothreitol (dtt)	iodoacetamide (iaa)	1	1	20220202_GS_SRH_43.raw.rar	ftp://ftp.pride.ebi.ac.uk/pride/data/archive/2023/12/PXD044532/20220202_GS_SRH_43.raw.rar	v1.1.0	NT=ms-proteomics;VV=v1.1.0	manual curation	Quadriceps
20220202_POOLED_QC4.raw.rar	ictidomys tridecemlineatus	Quadriceps	not applicable	not available	1	20220202_POOLED_QC4.raw.rar	proteomic profiling by mass spectrometry	NT=Data-dependent acquisition;AC=PRIDE:0000627	NT=label free sample;AC=MS:1002038	NT=xevo g2-xs qtof;AC=MS:1003252	NT=Carbamidomethyl;AC=UNIMOD:4;TA=C;MT=Fixed	NT=Oxidation;AC=UNIMOD:35;TA=M;MT=Variable	NT=Trypsin;AC=MS:1001251	NT=collision-induced dissociation;AC=MS:1000133	10 ppm	0.1 Da	dithiothreitol (dtt)	iodoacetamide (iaa)	1	1	20220202_POOLED_QC4.raw.rar	ftp://ftp.pride.ebi.ac.uk/pride/data/archive/2023/12/PXD044532/20220202_POOLED_QC4.raw.rar	v1.1.0	NT=ms-proteomics;VV=v1.1.0	manual curation	Quadriceps
20211201_POOLED_QC7.raw.rar	ictidomys tridecemlineatus	Quadriceps	not applicable	not available	1	20211201_POOLED_QC7.raw.rar	proteomic profiling by mass spectrometry	NT=Data-dependent acquisition;AC=PRIDE:0000627	NT=label free sample;AC=MS:1002038	NT=xevo g2-xs qtof;AC=MS:1003252	NT=Carbamidomethyl;AC=UNIMOD:4;TA=C;MT=Fixed	NT=Oxidation;AC=UNIMOD:35;TA=M;MT=Variable	NT=Trypsin;AC=MS:1001251	NT=collision-induced dissociation;AC=MS:1000133	10 ppm	0.1 Da	dithiothreitol (dtt)	iodoacetamide (iaa)	1	1	20211201_POOLED_QC7.raw.rar	ftp://ftp.pride.ebi.ac.uk/pride/data/archive/2023/12/PXD044532/20211201_POOLED_QC7.raw.rar	v1.1.0	NT=ms-proteomics;VV=v1.1.0	manual curation	Quadriceps
20211204_GS_SRQ15.raw.rar	ictidomys tridecemlineatus	Quadriceps	not applicable	not available	1	20211204_GS_SRQ15.raw.rar	proteomic profiling by mass spectrometry	NT=Data-dependent acquisition;AC=PRIDE:0000627	NT=label free sample;AC=MS:1002038	NT=xevo g2-xs qtof;AC=MS:1003252	NT=Carbamidomethyl;AC=UNIMOD:4;TA=C;MT=Fixed	NT=Oxidation;AC=UNIMOD:35;TA=M;MT=Variable	NT=Trypsin;AC=MS:1001251	NT=collision-induced dissociation;AC=MS:1000133	10 ppm	0.1 Da	dithiothreitol (dtt)	iodoacetamide (iaa)	1	1	20211204_GS_SRQ15.raw.rar	ftp://ftp.pride.ebi.ac.uk/pride/data/archive/2023/12/PXD044532/20211204_GS_SRQ15.raw.rar	v1.1.0	NT=ms-proteomics;VV=v1.1.0	manual curation	Quadriceps
20220206_POOLED_QC23.raw.rar	ictidomys tridecemlineatus	Quadriceps	not applicable	not available	1	20220206_POOLED_QC23.raw.rar	proteomic profiling by mass spectrometry	NT=Data-dependent acquisition;AC=PRIDE:0000627	NT=label free sample;AC=MS:1002038	NT=xevo g2-xs qtof;AC=MS:1003252	NT=Carbamidomethyl;AC=UNIMOD:4;TA=C;MT=Fixed	NT=Oxidation;AC=UNIMOD:35;TA=M;MT=Variable	NT=Trypsin;AC=MS:1001251	NT=collision-induced dissociation;AC=MS:1000133	10 ppm	0.1 Da	dithiothreitol (dtt)	iodoacetamide (iaa)	1	1	20220206_POOLED_QC23.raw.rar	ftp://ftp.pride.ebi.ac.uk/pride/data/archive/2023/12/PXD044532/20220206_POOLED_QC23.raw.rar	v1.1.0	NT=ms-proteomics;VV=v1.1.0	manual curation	Quadriceps
20220207_POOLED_QC30.raw.rar	ictidomys tridecemlineatus	Quadriceps	not applicable	not available	1	20220207_POOLED_QC30.raw.rar	proteomic profiling by mass spectrometry	NT=Data-dependent acquisition;AC=PRIDE:0000627	NT=label free sample;AC=MS:1002038	NT=xevo g2-xs qtof;AC=MS:1003252	NT=Carbamidomethyl;AC=UNIMOD:4;TA=C;MT=Fixed	NT=Oxidation;AC=UNIMOD:35;TA=M;MT=Variable	NT=Trypsin;AC=MS:1001251	NT=collision-induced dissociation;AC=MS:1000133	10 ppm	0.1 Da	dithiothreitol (dtt)	iodoacetamide (iaa)	1	1	20220207_POOLED_QC30.raw.rar	ftp://ftp.pride.ebi.ac.uk/pride/data/archive/2023/12/PXD044532/20220207_POOLED_QC30.raw.rar	v1.1.0	NT=ms-proteomics;VV=v1.1.0	manual curation	Quadriceps
20220204_GS_SRH_15.raw.rar	ictidomys tridecemlineatus	Quadriceps	not applicable	not available	1	20220204_GS_SRH_15.raw.rar	proteomic profiling by mass spectrometry	NT=Data-dependent acquisition;AC=PRIDE:0000627	NT=label free sample;AC=MS:1002038	NT=xevo g2-xs qtof;AC=MS:1003252	NT=Carbamidomethyl;AC=UNIMOD:4;TA=C;MT=Fixed	NT=Oxidation;AC=UNIMOD:35;TA=M;MT=Variable	NT=Trypsin;AC=MS:1001251	NT=collision-induced dissociation;AC=MS:1000133	10 ppm	0.1 Da	dithiothreitol (dtt)	iodoacetamide (iaa)	1	1	20220204_GS_SRH_15.raw.rar	ftp://ftp.pride.ebi.ac.uk/pride/data/archive/2023/12/PXD044532/20220204_GS_SRH_15.raw.rar	v1.1.0	NT=ms-proteomics;VV=v1.1.0	manual curation	Quadriceps
20220203_GS_SRH_21.raw.rar	ictidomys tridecemlineatus	Quadriceps	not applicable	not available	1	20220203_GS_SRH_21.raw.rar	proteomic profiling by mass spectrometry	NT=Data-dependent acquisition;AC=PRIDE:0000627	NT=label free sample;AC=MS:1002038	NT=xevo g2-xs qtof;AC=MS:1003252	NT=Carbamidomethyl;AC=UNIMOD:4;TA=C;MT=Fixed	NT=Oxidation;AC=UNIMOD:35;TA=M;MT=Variable	NT=Trypsin;AC=MS:1001251	NT=collision-induced dissociation;AC=MS:1000133	10 ppm	0.1 Da	dithiothreitol (dtt)	iodoacetamide (iaa)	1	1	20220203_GS_SRH_21.raw.rar	ftp://ftp.pride.ebi.ac.uk/pride/data/archive/2023/12/PXD044532/20220203_GS_SRH_21.raw.rar	v1.1.0	NT=ms-proteomics;VV=v1.1.0	manual curation	Quadriceps
20220202_GS_SRH_17.raw.rar	ictidomys tridecemlineatus	Quadriceps	not applicable	not available	1	20220202_GS_SRH_17.raw.rar	proteomic profiling by mass spectrometry	NT=Data-dependent acquisition;AC=PRIDE:0000627	NT=label free sample;AC=MS:1002038	NT=xevo g2-xs qtof;AC=MS:1003252	NT=Carbamidomethyl;AC=UNIMOD:4;TA=C;MT=Fixed	NT=Oxidation;AC=UNIMOD:35;TA=M;MT=Variable	NT=Trypsin;AC=MS:1001251	NT=collision-induced dissociation;AC=MS:1000133	10 ppm	0.1 Da	dithiothreitol (dtt)	iodoacetamide (iaa)	1	1	20220202_GS_SRH_17.raw.rar	ftp://ftp.pride.ebi.ac.uk/pride/data/archive/2023/12/PXD044532/20220202_GS_SRH_17.raw.rar	v1.1.0	NT=ms-proteomics;VV=v1.1.0	manual curation	Quadriceps
20211206_POOLED_QC29.raw.rar	ictidomys tridecemlineatus	Quadriceps	not applicable	not available	1	20211206_POOLED_QC29.raw.rar	proteomic profiling by mass spectrometry	NT=Data-dependent acquisition;AC=PRIDE:0000627	NT=label free sample;AC=MS:1002038	NT=xevo g2-xs qtof;AC=MS:1003252	NT=Carbamidomethyl;AC=UNIMOD:4;TA=C;MT=Fixed	NT=Oxidation;AC=UNIMOD:35;TA=M;MT=Variable	NT=Trypsin;AC=MS:1001251	NT=collision-induced dissociation;AC=MS:1000133	10 ppm	0.1 Da	dithiothreitol (dtt)	iodoacetamide (iaa)	1	1	20211206_POOLED_QC29.raw.rar	ftp://ftp.pride.ebi.ac.uk/pride/data/archive/2023/12/PXD044532/20211206_POOLED_QC29.raw.rar	v1.1.0	NT=ms-proteomics;VV=v1.1.0	manual curation	Quadriceps
20211206_POOLED_QC26.raw.rar	ictidomys tridecemlineatus	Quadriceps	not applicable	not available	1	20211206_POOLED_QC26.raw.rar	proteomic profiling by mass spectrometry	NT=Data-dependent acquisition;AC=PRIDE:0000627	NT=label free sample;AC=MS:1002038	NT=xevo g2-xs qtof;AC=MS:1003252	NT=Carbamidomethyl;AC=UNIMOD:4;TA=C;MT=Fixed	NT=Oxidation;AC=UNIMOD:35;TA=M;MT=Variable	NT=Trypsin;AC=MS:1001251	NT=collision-induced dissociation;AC=MS:1000133	10 ppm	0.1 Da	dithiothreitol (dtt)	iodoacetamide (iaa)	1	1	20211206_POOLED_QC26.raw.rar	ftp://ftp.pride.ebi.ac.uk/pride/data/archive/2023/12/PXD044532/20211206_POOLED_QC26.raw.rar	v1.1.0	NT=ms-proteomics;VV=v1.1.0	manual curation	Quadriceps
20211205_GS_SRQ37.raw.rar	ictidomys tridecemlineatus	Quadriceps	not applicable	not available	1	20211205_GS_SRQ37.raw.rar	proteomic profiling by mass spectrometry	NT=Data-dependent acquisition;AC=PRIDE:0000627	NT=label free sample;AC=MS:1002038	NT=xevo g2-xs qtof;AC=MS:1003252	NT=Carbamidomethyl;AC=UNIMOD:4;TA=C;MT=Fixed	NT=Oxidation;AC=UNIMOD:35;TA=M;MT=Variable	NT=Trypsin;AC=MS:1001251	NT=collision-induced dissociation;AC=MS:1000133	10 ppm	0.1 Da	dithiothreitol (dtt)	iodoacetamide (iaa)	1	1	20211205_GS_SRQ37.raw.rar	ftp://ftp.pride.ebi.ac.uk/pride/data/archive/2023/12/PXD044532/20211205_GS_SRQ37.raw.rar	v1.1.0	NT=ms-proteomics;VV=v1.1.0	manual curation	Quadriceps
20220206_POOLED_QC25.raw.rar	ictidomys tridecemlineatus	Quadriceps	not applicable	not available	1	20220206_POOLED_QC25.raw.rar	proteomic profiling by mass spectrometry	NT=Data-dependent acquisition;AC=PRIDE:0000627	NT=label free sample;AC=MS:1002038	NT=xevo g2-xs qtof;AC=MS:1003252	NT=Carbamidomethyl;AC=UNIMOD:4;TA=C;MT=Fixed	NT=Oxidation;AC=UNIMOD:35;TA=M;MT=Variable	NT=Trypsin;AC=MS:1001251	NT=collision-induced dissociation;AC=MS:1000133	10 ppm	0.1 Da	dithiothreitol (dtt)	iodoacetamide (iaa)	1	1	20220206_POOLED_QC25.raw.rar	ftp://ftp.pride.ebi.ac.uk/pride/data/archive/2023/12/PXD044532/20220206_POOLED_QC25.raw.rar	v1.1.0	NT=ms-proteomics;VV=v1.1.0	manual curation	Quadriceps
20220204_GS_SRH_6.raw.rar	ictidomys tridecemlineatus	Quadriceps	not applicable	not available	1	20220204_GS_SRH_6.raw.rar	proteomic profiling by mass spectrometry	NT=Data-dependent acquisition;AC=PRIDE:0000627	NT=label free sample;AC=MS:1002038	NT=xevo g2-xs qtof;AC=MS:1003252	NT=Carbamidomethyl;AC=UNIMOD:4;TA=C;MT=Fixed	NT=Oxidation;AC=UNIMOD:35;TA=M;MT=Variable	NT=Trypsin;AC=MS:1001251	NT=collision-induced dissociation;AC=MS:1000133	10 ppm	0.1 Da	dithiothreitol (dtt)	iodoacetamide (iaa)	1	1	20220204_GS_SRH_6.raw.rar	ftp://ftp.pride.ebi.ac.uk/pride/data/archive/2023/12/PXD044532/20220204_GS_SRH_6.raw.rar	v1.1.0	NT=ms-proteomics;VV=v1.1.0	manual curation	Quadriceps
20211201_POOLED_QC13.raw.rar	ictidomys tridecemlineatus	Quadriceps	not applicable	not available	1	20211201_POOLED_QC13.raw.rar	proteomic profiling by mass spectrometry	NT=Data-dependent acquisition;AC=PRIDE:0000627	NT=label free sample;AC=MS:1002038	NT=xevo g2-xs qtof;AC=MS:1003252	NT=Carbamidomethyl;AC=UNIMOD:4;TA=C;MT=Fixed	NT=Oxidation;AC=UNIMOD:35;TA=M;MT=Variable	NT=Trypsin;AC=MS:1001251	NT=collision-induced dissociation;AC=MS:1000133	10 ppm	0.1 Da	dithiothreitol (dtt)	iodoacetamide (iaa)	1	1	20211201_POOLED_QC13.raw.rar	ftp://ftp.pride.ebi.ac.uk/pride/data/archive/2023/12/PXD044532/20211201_POOLED_QC13.raw.rar	v1.1.0	NT=ms-proteomics;VV=v1.1.0	manual curation	Quadriceps
20220203_POOLED_QC10.raw.rar	ictidomys tridecemlineatus	Quadriceps	not applicable	not available	1	20220203_POOLED_QC10.raw.rar	proteomic profiling by mass spectrometry	NT=Data-dependent acquisition;AC=PRIDE:0000627	NT=label free sample;AC=MS:1002038	NT=xevo g2-xs qtof;AC=MS:1003252	NT=Carbamidomethyl;AC=UNIMOD:4;TA=C;MT=Fixed	NT=Oxidation;AC=UNIMOD:35;TA=M;MT=Variable	NT=Trypsin;AC=MS:1001251	NT=collision-induced dissociation;AC=MS:1000133	10 ppm	0.1 Da	dithiothreitol (dtt)	iodoacetamide (iaa)	1	1	20220203_POOLED_QC10.raw.rar	ftp://ftp.pride.ebi.ac.uk/pride/data/archive/2023/12/PXD044532/20220203_POOLED_QC10.raw.rar	v1.1.0	NT=ms-proteomics;VV=v1.1.0	manual curation	Quadriceps
20220205_GS_SRH_34.raw.rar	ictidomys tridecemlineatus	Quadriceps	not applicable	not available	1	20220205_GS_SRH_34.raw.rar	proteomic profiling by mass spectrometry	NT=Data-dependent acquisition;AC=PRIDE:0000627	NT=label free sample;AC=MS:1002038	NT=xevo g2-xs qtof;AC=MS:1003252	NT=Carbamidomethyl;AC=UNIMOD:4;TA=C;MT=Fixed	NT=Oxidation;AC=UNIMOD:35;TA=M;MT=Variable	NT=Trypsin;AC=MS:1001251	NT=collision-induced dissociation;AC=MS:1000133	10 ppm	0.1 Da	dithiothreitol (dtt)	iodoacetamide (iaa)	1	1	20220205_GS_SRH_34.raw.rar	ftp://ftp.pride.ebi.ac.uk/pride/data/archive/2023/12/PXD044532/20220205_GS_SRH_34.raw.rar	v1.1.0	NT=ms-proteomics;VV=v1.1.0	manual curation	Quadriceps
20220206_POOLED_QC21.raw.rar	ictidomys tridecemlineatus	Quadriceps	not applicable	not available	1	20220206_POOLED_QC21.raw.rar	proteomic profiling by mass spectrometry	NT=Data-dependent acquisition;AC=PRIDE:0000627	NT=label free sample;AC=MS:1002038	NT=xevo g2-xs qtof;AC=MS:1003252	NT=Carbamidomethyl;AC=UNIMOD:4;TA=C;MT=Fixed	NT=Oxidation;AC=UNIMOD:35;TA=M;MT=Variable	NT=Trypsin;AC=MS:1001251	NT=collision-induced dissociation;AC=MS:1000133	10 ppm	0.1 Da	dithiothreitol (dtt)	iodoacetamide (iaa)	1	1	20220206_POOLED_QC21.raw.rar	ftp://ftp.pride.ebi.ac.uk/pride/data/archive/2023/12/PXD044532/20220206_POOLED_QC21.raw.rar	v1.1.0	NT=ms-proteomics;VV=v1.1.0	manual curation	Quadriceps
20220206_POOLED_QC22.raw.rar	ictidomys tridecemlineatus	Quadriceps	not applicable	not available	1	20220206_POOLED_QC22.raw.rar	proteomic profiling by mass spectrometry	NT=Data-dependent acquisition;AC=PRIDE:0000627	NT=label free sample;AC=MS:1002038	NT=xevo g2-xs qtof;AC=MS:1003252	NT=Carbamidomethyl;AC=UNIMOD:4;TA=C;MT=Fixed	NT=Oxidation;AC=UNIMOD:35;TA=M;MT=Variable	NT=Trypsin;AC=MS:1001251	NT=collision-induced dissociation;AC=MS:1000133	10 ppm	0.1 Da	dithiothreitol (dtt)	iodoacetamide (iaa)	1	1	20220206_POOLED_QC22.raw.rar	ftp://ftp.pride.ebi.ac.uk/pride/data/archive/2023/12/PXD044532/20220206_POOLED_QC22.raw.rar	v1.1.0	NT=ms-proteomics;VV=v1.1.0	manual curation	Quadriceps
20220204_GS_SRH_2.raw.rar	ictidomys tridecemlineatus	Quadriceps	not applicable	not available	1	20220204_GS_SRH_2.raw.rar	proteomic profiling by mass spectrometry	NT=Data-dependent acquisition;AC=PRIDE:0000627	NT=label free sample;AC=MS:1002038	NT=xevo g2-xs qtof;AC=MS:1003252	NT=Carbamidomethyl;AC=UNIMOD:4;TA=C;MT=Fixed	NT=Oxidation;AC=UNIMOD:35;TA=M;MT=Variable	NT=Trypsin;AC=MS:1001251	NT=collision-induced dissociation;AC=MS:1000133	10 ppm	0.1 Da	dithiothreitol (dtt)	iodoacetamide (iaa)	1	1	20220204_GS_SRH_2.raw.rar	ftp://ftp.pride.ebi.ac.uk/pride/data/archive/2023/12/PXD044532/20220204_GS_SRH_2.raw.rar	v1.1.0	NT=ms-proteomics;VV=v1.1.0	manual curation	Quadriceps
20211201_POOLED_QC4.raw.rar	ictidomys tridecemlineatus	Quadriceps	not applicable	not available	1	20211201_POOLED_QC4.raw.rar	proteomic profiling by mass spectrometry	NT=Data-dependent acquisition;AC=PRIDE:0000627	NT=label free sample;AC=MS:1002038	NT=xevo g2-xs qtof;AC=MS:1003252	NT=Carbamidomethyl;AC=UNIMOD:4;TA=C;MT=Fixed	NT=Oxidation;AC=UNIMOD:35;TA=M;MT=Variable	NT=Trypsin;AC=MS:1001251	NT=collision-induced dissociation;AC=MS:1000133	10 ppm	0.1 Da	dithiothreitol (dtt)	iodoacetamide (iaa)	1	1	20211201_POOLED_QC4.raw.rar	ftp://ftp.pride.ebi.ac.uk/pride/data/archive/2023/12/PXD044532/20211201_POOLED_QC4.raw.rar	v1.1.0	NT=ms-proteomics;VV=v1.1.0	manual curation	Quadriceps
20220203_POOLED_QC6.raw.rar	ictidomys tridecemlineatus	Quadriceps	not applicable	not available	1	20220203_POOLED_QC6.raw.rar	proteomic profiling by mass spectrometry	NT=Data-dependent acquisition;AC=PRIDE:0000627	NT=label free sample;AC=MS:1002038	NT=xevo g2-xs qtof;AC=MS:1003252	NT=Carbamidomethyl;AC=UNIMOD:4;TA=C;MT=Fixed	NT=Oxidation;AC=UNIMOD:35;TA=M;MT=Variable	NT=Trypsin;AC=MS:1001251	NT=collision-induced dissociation;AC=MS:1000133	10 ppm	0.1 Da	dithiothreitol (dtt)	iodoacetamide (iaa)	1	1	20220203_POOLED_QC6.raw.rar	ftp://ftp.pride.ebi.ac.uk/pride/data/archive/2023/12/PXD044532/20220203_POOLED_QC6.raw.rar	v1.1.0	NT=ms-proteomics;VV=v1.1.0	manual curation	Quadriceps
20220207_GS_SRH_23.raw.rar	ictidomys tridecemlineatus	Quadriceps	not applicable	not available	1	20220207_GS_SRH_23.raw.rar	proteomic profiling by mass spectrometry	NT=Data-dependent acquisition;AC=PRIDE:0000627	NT=label free sample;AC=MS:1002038	NT=xevo g2-xs qtof;AC=MS:1003252	NT=Carbamidomethyl;AC=UNIMOD:4;TA=C;MT=Fixed	NT=Oxidation;AC=UNIMOD:35;TA=M;MT=Variable	NT=Trypsin;AC=MS:1001251	NT=collision-induced dissociation;AC=MS:1000133	10 ppm	0.1 Da	dithiothreitol (dtt)	iodoacetamide (iaa)	1	1	20220207_GS_SRH_23.raw.rar	ftp://ftp.pride.ebi.ac.uk/pride/data/archive/2023/12/PXD044532/20220207_GS_SRH_23.raw.rar	v1.1.0	NT=ms-proteomics;VV=v1.1.0	manual curation	Quadriceps
20220207_GS_SRH_14.raw.rar	ictidomys tridecemlineatus	Quadriceps	not applicable	not available	1	20220207_GS_SRH_14.raw.rar	proteomic profiling by mass spectrometry	NT=Data-dependent acquisition;AC=PRIDE:0000627	NT=label free sample;AC=MS:1002038	NT=xevo g2-xs qtof;AC=MS:1003252	NT=Carbamidomethyl;AC=UNIMOD:4;TA=C;MT=Fixed	NT=Oxidation;AC=UNIMOD:35;TA=M;MT=Variable	NT=Trypsin;AC=MS:1001251	NT=collision-induced dissociation;AC=MS:1000133	10 ppm	0.1 Da	dithiothreitol (dtt)	iodoacetamide (iaa)	1	1	20220207_GS_SRH_14.raw.rar	ftp://ftp.pride.ebi.ac.uk/pride/data/archive/2023/12/PXD044532/20220207_GS_SRH_14.raw.rar	v1.1.0	NT=ms-proteomics;VV=v1.1.0	manual curation	Quadriceps
20211201_GS_SRQ24.raw.rar	ictidomys tridecemlineatus	Quadriceps	not applicable	not available	1	20211201_GS_SRQ24.raw.rar	proteomic profiling by mass spectrometry	NT=Data-dependent acquisition;AC=PRIDE:0000627	NT=label free sample;AC=MS:1002038	NT=xevo g2-xs qtof;AC=MS:1003252	NT=Carbamidomethyl;AC=UNIMOD:4;TA=C;MT=Fixed	NT=Oxidation;AC=UNIMOD:35;TA=M;MT=Variable	NT=Trypsin;AC=MS:1001251	NT=collision-induced dissociation;AC=MS:1000133	10 ppm	0.1 Da	dithiothreitol (dtt)	iodoacetamide (iaa)	1	1	20211201_GS_SRQ24.raw.rar	ftp://ftp.pride.ebi.ac.uk/pride/data/archive/2023/12/PXD044532/20211201_GS_SRQ24.raw.rar	v1.1.0	NT=ms-proteomics;VV=v1.1.0	manual curation	Quadriceps
20211201_POOLED_QC10.raw.rar	ictidomys tridecemlineatus	Quadriceps	not applicable	not available	1	20211201_POOLED_QC10.raw.rar	proteomic profiling by mass spectrometry	NT=Data-dependent acquisition;AC=PRIDE:0000627	NT=label free sample;AC=MS:1002038	NT=xevo g2-xs qtof;AC=MS:1003252	NT=Carbamidomethyl;AC=UNIMOD:4;TA=C;MT=Fixed	NT=Oxidation;AC=UNIMOD:35;TA=M;MT=Variable	NT=Trypsin;AC=MS:1001251	NT=collision-induced dissociation;AC=MS:1000133	10 ppm	0.1 Da	dithiothreitol (dtt)	iodoacetamide (iaa)	1	1	20211201_POOLED_QC10.raw.rar	ftp://ftp.pride.ebi.ac.uk/pride/data/archive/2023/12/PXD044532/20211201_POOLED_QC10.raw.rar	v1.1.0	NT=ms-proteomics;VV=v1.1.0	manual curation	Quadriceps
20211204_POOLED_QC18.raw.rar	ictidomys tridecemlineatus	Quadriceps	not applicable	not available	1	20211204_POOLED_QC18.raw.rar	proteomic profiling by mass spectrometry	NT=Data-dependent acquisition;AC=PRIDE:0000627	NT=label free sample;AC=MS:1002038	NT=xevo g2-xs qtof;AC=MS:1003252	NT=Carbamidomethyl;AC=UNIMOD:4;TA=C;MT=Fixed	NT=Oxidation;AC=UNIMOD:35;TA=M;MT=Variable	NT=Trypsin;AC=MS:1001251	NT=collision-induced dissociation;AC=MS:1000133	10 ppm	0.1 Da	dithiothreitol (dtt)	iodoacetamide (iaa)	1	1	20211204_POOLED_QC18.raw.rar	ftp://ftp.pride.ebi.ac.uk/pride/data/archive/2023/12/PXD044532/20211204_POOLED_QC18.raw.rar	v1.1.0	NT=ms-proteomics;VV=v1.1.0	manual curation	Quadriceps
20211206_GS_SRQ17.raw.rar	ictidomys tridecemlineatus	Quadriceps	not applicable	not available	1	20211206_GS_SRQ17.raw.rar	proteomic profiling by mass spectrometry	NT=Data-dependent acquisition;AC=PRIDE:0000627	NT=label free sample;AC=MS:1002038	NT=xevo g2-xs qtof;AC=MS:1003252	NT=Carbamidomethyl;AC=UNIMOD:4;TA=C;MT=Fixed	NT=Oxidation;AC=UNIMOD:35;TA=M;MT=Variable	NT=Trypsin;AC=MS:1001251	NT=collision-induced dissociation;AC=MS:1000133	10 ppm	0.1 Da	dithiothreitol (dtt)	iodoacetamide (iaa)	1	1	20211206_GS_SRQ17.raw.rar	ftp://ftp.pride.ebi.ac.uk/pride/data/archive/2023/12/PXD044532/20211206_GS_SRQ17.raw.rar	v1.1.0	NT=ms-proteomics;VV=v1.1.0	manual curation	Quadriceps
20211201_GS_SRQ36.raw.rar	ictidomys tridecemlineatus	Quadriceps	not applicable	not available	1	20211201_GS_SRQ36.raw.rar	proteomic profiling by mass spectrometry	NT=Data-dependent acquisition;AC=PRIDE:0000627	NT=label free sample;AC=MS:1002038	NT=xevo g2-xs qtof;AC=MS:1003252	NT=Carbamidomethyl;AC=UNIMOD:4;TA=C;MT=Fixed	NT=Oxidation;AC=UNIMOD:35;TA=M;MT=Variable	NT=Trypsin;AC=MS:1001251	NT=collision-induced dissociation;AC=MS:1000133	10 ppm	0.1 Da	dithiothreitol (dtt)	iodoacetamide (iaa)	1	1	20211201_GS_SRQ36.raw.rar	ftp://ftp.pride.ebi.ac.uk/pride/data/archive/2023/12/PXD044532/20211201_GS_SRQ36.raw.rar	v1.1.0	NT=ms-proteomics;VV=v1.1.0	manual curation	Quadriceps
20211201_POOLED_QC15.raw.rar	ictidomys tridecemlineatus	Quadriceps	not applicable	not available	1	20211201_POOLED_QC15.raw.rar	proteomic profiling by mass spectrometry	NT=Data-dependent acquisition;AC=PRIDE:0000627	NT=label free sample;AC=MS:1002038	NT=xevo g2-xs qtof;AC=MS:1003252	NT=Carbamidomethyl;AC=UNIMOD:4;TA=C;MT=Fixed	NT=Oxidation;AC=UNIMOD:35;TA=M;MT=Variable	NT=Trypsin;AC=MS:1001251	NT=collision-induced dissociation;AC=MS:1000133	10 ppm	0.1 Da	dithiothreitol (dtt)	iodoacetamide (iaa)	1	1	20211201_POOLED_QC15.raw.rar	ftp://ftp.pride.ebi.ac.uk/pride/data/archive/2023/12/PXD044532/20211201_POOLED_QC15.raw.rar	v1.1.0	NT=ms-proteomics;VV=v1.1.0	manual curation	Quadriceps
20211204_POOLED_QC17.raw.rar	ictidomys tridecemlineatus	Quadriceps	not applicable	not available	1	20211204_POOLED_QC17.raw.rar	proteomic profiling by mass spectrometry	NT=Data-dependent acquisition;AC=PRIDE:0000627	NT=label free sample;AC=MS:1002038	NT=xevo g2-xs qtof;AC=MS:1003252	NT=Carbamidomethyl;AC=UNIMOD:4;TA=C;MT=Fixed	NT=Oxidation;AC=UNIMOD:35;TA=M;MT=Variable	NT=Trypsin;AC=MS:1001251	NT=collision-induced dissociation;AC=MS:1000133	10 ppm	0.1 Da	dithiothreitol (dtt)	iodoacetamide (iaa)	1	1	20211204_POOLED_QC17.raw.rar	ftp://ftp.pride.ebi.ac.uk/pride/data/archive/2023/12/PXD044532/20211204_POOLED_QC17.raw.rar	v1.1.0	NT=ms-proteomics;VV=v1.1.0	manual curation	Quadriceps
20220206_GS_SRH_20.raw.rar	ictidomys tridecemlineatus	Quadriceps	not applicable	not available	1	20220206_GS_SRH_20.raw.rar	proteomic profiling by mass spectrometry	NT=Data-dependent acquisition;AC=PRIDE:0000627	NT=label free sample;AC=MS:1002038	NT=xevo g2-xs qtof;AC=MS:1003252	NT=Carbamidomethyl;AC=UNIMOD:4;TA=C;MT=Fixed	NT=Oxidation;AC=UNIMOD:35;TA=M;MT=Variable	NT=Trypsin;AC=MS:1001251	NT=collision-induced dissociation;AC=MS:1000133	10 ppm	0.1 Da	dithiothreitol (dtt)	iodoacetamide (iaa)	1	1	20220206_GS_SRH_20.raw.rar	ftp://ftp.pride.ebi.ac.uk/pride/data/archive/2023/12/PXD044532/20220206_GS_SRH_20.raw.rar	v1.1.0	NT=ms-proteomics;VV=v1.1.0	manual curation	Quadriceps
20211201_GS_SRQ7.raw.rar	ictidomys tridecemlineatus	Quadriceps	not applicable	not available	1	20211201_GS_SRQ7.raw.rar	proteomic profiling by mass spectrometry	NT=Data-dependent acquisition;AC=PRIDE:0000627	NT=label free sample;AC=MS:1002038	NT=xevo g2-xs qtof;AC=MS:1003252	NT=Carbamidomethyl;AC=UNIMOD:4;TA=C;MT=Fixed	NT=Oxidation;AC=UNIMOD:35;TA=M;MT=Variable	NT=Trypsin;AC=MS:1001251	NT=collision-induced dissociation;AC=MS:1000133	10 ppm	0.1 Da	dithiothreitol (dtt)	iodoacetamide (iaa)	1	1	20211201_GS_SRQ7.raw.rar	ftp://ftp.pride.ebi.ac.uk/pride/data/archive/2023/12/PXD044532/20211201_GS_SRQ7.raw.rar	v1.1.0	NT=ms-proteomics;VV=v1.1.0	manual curation	Quadriceps
20211201_GS_SRQ38.raw.rar	ictidomys tridecemlineatus	Quadriceps	not applicable	not available	1	20211201_GS_SRQ38.raw.rar	proteomic profiling by mass spectrometry	NT=Data-dependent acquisition;AC=PRIDE:0000627	NT=label free sample;AC=MS:1002038	NT=xevo g2-xs qtof;AC=MS:1003252	NT=Carbamidomethyl;AC=UNIMOD:4;TA=C;MT=Fixed	NT=Oxidation;AC=UNIMOD:35;TA=M;MT=Variable	NT=Trypsin;AC=MS:1001251	NT=collision-induced dissociation;AC=MS:1000133	10 ppm	0.1 Da	dithiothreitol (dtt)	iodoacetamide (iaa)	1	1	20211201_GS_SRQ38.raw.rar	ftp://ftp.pride.ebi.ac.uk/pride/data/archive/2023/12/PXD044532/20211201_GS_SRQ38.raw.rar	v1.1.0	NT=ms-proteomics;VV=v1.1.0	manual curation	Quadriceps
20211206_GS_SRQ14.raw.rar	ictidomys tridecemlineatus	Quadriceps	not applicable	not available	1	20211206_GS_SRQ14.raw.rar	proteomic profiling by mass spectrometry	NT=Data-dependent acquisition;AC=PRIDE:0000627	NT=label free sample;AC=MS:1002038	NT=xevo g2-xs qtof;AC=MS:1003252	NT=Carbamidomethyl;AC=UNIMOD:4;TA=C;MT=Fixed	NT=Oxidation;AC=UNIMOD:35;TA=M;MT=Variable	NT=Trypsin;AC=MS:1001251	NT=collision-induced dissociation;AC=MS:1000133	10 ppm	0.1 Da	dithiothreitol (dtt)	iodoacetamide (iaa)	1	1	20211206_GS_SRQ14.raw.rar	ftp://ftp.pride.ebi.ac.uk/pride/data/archive/2023/12/PXD044532/20211206_GS_SRQ14.raw.rar	v1.1.0	NT=ms-proteomics;VV=v1.1.0	manual curation	Quadriceps
20220203_GS_SRH_31.raw.rar	ictidomys tridecemlineatus	Quadriceps	not applicable	not available	1	20220203_GS_SRH_31.raw.rar	proteomic profiling by mass spectrometry	NT=Data-dependent acquisition;AC=PRIDE:0000627	NT=label free sample;AC=MS:1002038	NT=xevo g2-xs qtof;AC=MS:1003252	NT=Carbamidomethyl;AC=UNIMOD:4;TA=C;MT=Fixed	NT=Oxidation;AC=UNIMOD:35;TA=M;MT=Variable	NT=Trypsin;AC=MS:1001251	NT=collision-induced dissociation;AC=MS:1000133	10 ppm	0.1 Da	dithiothreitol (dtt)	iodoacetamide (iaa)	1	1	20220203_GS_SRH_31.raw.rar	ftp://ftp.pride.ebi.ac.uk/pride/data/archive/2023/12/PXD044532/20220203_GS_SRH_31.raw.rar	v1.1.0	NT=ms-proteomics;VV=v1.1.0	manual curation	Quadriceps
20211206_POOLED_QC30.raw.rar	ictidomys tridecemlineatus	Quadriceps	not applicable	not available	1	20211206_POOLED_QC30.raw.rar	proteomic profiling by mass spectrometry	NT=Data-dependent acquisition;AC=PRIDE:0000627	NT=label free sample;AC=MS:1002038	NT=xevo g2-xs qtof;AC=MS:1003252	NT=Carbamidomethyl;AC=UNIMOD:4;TA=C;MT=Fixed	NT=Oxidation;AC=UNIMOD:35;TA=M;MT=Variable	NT=Trypsin;AC=MS:1001251	NT=collision-induced dissociation;AC=MS:1000133	10 ppm	0.1 Da	dithiothreitol (dtt)	iodoacetamide (iaa)	1	1	20211206_POOLED_QC30.raw.rar	ftp://ftp.pride.ebi.ac.uk/pride/data/archive/2023/12/PXD044532/20211206_POOLED_QC30.raw.rar	v1.1.0	NT=ms-proteomics;VV=v1.1.0	manual curation	Quadriceps
20211205_GS_SRQ40.raw.rar	ictidomys tridecemlineatus	Quadriceps	not applicable	not available	1	20211205_GS_SRQ40.raw.rar	proteomic profiling by mass spectrometry	NT=Data-dependent acquisition;AC=PRIDE:0000627	NT=label free sample;AC=MS:1002038	NT=xevo g2-xs qtof;AC=MS:1003252	NT=Carbamidomethyl;AC=UNIMOD:4;TA=C;MT=Fixed	NT=Oxidation;AC=UNIMOD:35;TA=M;MT=Variable	NT=Trypsin;AC=MS:1001251	NT=collision-induced dissociation;AC=MS:1000133	10 ppm	0.1 Da	dithiothreitol (dtt)	iodoacetamide (iaa)	1	1	20211205_GS_SRQ40.raw.rar	ftp://ftp.pride.ebi.ac.uk/pride/data/archive/2023/12/PXD044532/20211205_GS_SRQ40.raw.rar	v1.1.0	NT=ms-proteomics;VV=v1.1.0	manual curation	Quadriceps
20211201_GS_SRQ9.raw.rar	ictidomys tridecemlineatus	Quadriceps	not applicable	not available	1	20211201_GS_SRQ9.raw.rar	proteomic profiling by mass spectrometry	NT=Data-dependent acquisition;AC=PRIDE:0000627	NT=label free sample;AC=MS:1002038	NT=xevo g2-xs qtof;AC=MS:1003252	NT=Carbamidomethyl;AC=UNIMOD:4;TA=C;MT=Fixed	NT=Oxidation;AC=UNIMOD:35;TA=M;MT=Variable	NT=Trypsin;AC=MS:1001251	NT=collision-induced dissociation;AC=MS:1000133	10 ppm	0.1 Da	dithiothreitol (dtt)	iodoacetamide (iaa)	1	1	20211201_GS_SRQ9.raw.rar	ftp://ftp.pride.ebi.ac.uk/pride/data/archive/2023/12/PXD044532/20211201_GS_SRQ9.raw.rar	v1.1.0	NT=ms-proteomics;VV=v1.1.0	manual curation	Quadriceps
20211201_POOLED_QC8.raw.rar	ictidomys tridecemlineatus	Quadriceps	not applicable	not available	1	20211201_POOLED_QC8.raw.rar	proteomic profiling by mass spectrometry	NT=Data-dependent acquisition;AC=PRIDE:0000627	NT=label free sample;AC=MS:1002038	NT=xevo g2-xs qtof;AC=MS:1003252	NT=Carbamidomethyl;AC=UNIMOD:4;TA=C;MT=Fixed	NT=Oxidation;AC=UNIMOD:35;TA=M;MT=Variable	NT=Trypsin;AC=MS:1001251	NT=collision-induced dissociation;AC=MS:1000133	10 ppm	0.1 Da	dithiothreitol (dtt)	iodoacetamide (iaa)	1	1	20211201_POOLED_QC8.raw.rar	ftp://ftp.pride.ebi.ac.uk/pride/data/archive/2023/12/PXD044532/20211201_POOLED_QC8.raw.rar	v1.1.0	NT=ms-proteomics;VV=v1.1.0	manual curation	Quadriceps
20211205_GS_SRQ8.raw.rar	ictidomys tridecemlineatus	Quadriceps	not applicable	not available	1	20211205_GS_SRQ8.raw.rar	proteomic profiling by mass spectrometry	NT=Data-dependent acquisition;AC=PRIDE:0000627	NT=label free sample;AC=MS:1002038	NT=xevo g2-xs qtof;AC=MS:1003252	NT=Carbamidomethyl;AC=UNIMOD:4;TA=C;MT=Fixed	NT=Oxidation;AC=UNIMOD:35;TA=M;MT=Variable	NT=Trypsin;AC=MS:1001251	NT=collision-induced dissociation;AC=MS:1000133	10 ppm	0.1 Da	dithiothreitol (dtt)	iodoacetamide (iaa)	1	1	20211205_GS_SRQ8.raw.rar	ftp://ftp.pride.ebi.ac.uk/pride/data/archive/2023/12/PXD044532/20211205_GS_SRQ8.raw.rar	v1.1.0	NT=ms-proteomics;VV=v1.1.0	manual curation	Quadriceps
20220204_POOLED_QC12.raw.rar	ictidomys tridecemlineatus	Quadriceps	not applicable	not available	1	20220204_POOLED_QC12.raw.rar	proteomic profiling by mass spectrometry	NT=Data-dependent acquisition;AC=PRIDE:0000627	NT=label free sample;AC=MS:1002038	NT=xevo g2-xs qtof;AC=MS:1003252	NT=Carbamidomethyl;AC=UNIMOD:4;TA=C;MT=Fixed	NT=Oxidation;AC=UNIMOD:35;TA=M;MT=Variable	NT=Trypsin;AC=MS:1001251	NT=collision-induced dissociation;AC=MS:1000133	10 ppm	0.1 Da	dithiothreitol (dtt)	iodoacetamide (iaa)	1	1	20220204_POOLED_QC12.raw.rar	ftp://ftp.pride.ebi.ac.uk/pride/data/archive/2023/12/PXD044532/20220204_POOLED_QC12.raw.rar	v1.1.0	NT=ms-proteomics;VV=v1.1.0	manual curation	Quadriceps
20220207_GS_SRH_16.raw.rar	ictidomys tridecemlineatus	Quadriceps	not applicable	not available	1	20220207_GS_SRH_16.raw.rar	proteomic profiling by mass spectrometry	NT=Data-dependent acquisition;AC=PRIDE:0000627	NT=label free sample;AC=MS:1002038	NT=xevo g2-xs qtof;AC=MS:1003252	NT=Carbamidomethyl;AC=UNIMOD:4;TA=C;MT=Fixed	NT=Oxidation;AC=UNIMOD:35;TA=M;MT=Variable	NT=Trypsin;AC=MS:1001251	NT=collision-induced dissociation;AC=MS:1000133	10 ppm	0.1 Da	dithiothreitol (dtt)	iodoacetamide (iaa)	1	1	20220207_GS_SRH_16.raw.rar	ftp://ftp.pride.ebi.ac.uk/pride/data/archive/2023/12/PXD044532/20220207_GS_SRH_16.raw.rar	v1.1.0	NT=ms-proteomics;VV=v1.1.0	manual curation	Quadriceps
20220205_POOLED_QC16.raw.rar	ictidomys tridecemlineatus	Quadriceps	not applicable	not available	1	20220205_POOLED_QC16.raw.rar	proteomic profiling by mass spectrometry	NT=Data-dependent acquisition;AC=PRIDE:0000627	NT=label free sample;AC=MS:1002038	NT=xevo g2-xs qtof;AC=MS:1003252	NT=Carbamidomethyl;AC=UNIMOD:4;TA=C;MT=Fixed	NT=Oxidation;AC=UNIMOD:35;TA=M;MT=Variable	NT=Trypsin;AC=MS:1001251	NT=collision-induced dissociation;AC=MS:1000133	10 ppm	0.1 Da	dithiothreitol (dtt)	iodoacetamide (iaa)	1	1	20220205_POOLED_QC16.raw.rar	ftp://ftp.pride.ebi.ac.uk/pride/data/archive/2023/12/PXD044532/20220205_POOLED_QC16.raw.rar	v1.1.0	NT=ms-proteomics;VV=v1.1.0	manual curation	Quadriceps
20220203_GS_SRH_30.raw.rar	ictidomys tridecemlineatus	Quadriceps	not applicable	not available	1	20220203_GS_SRH_30.raw.rar	proteomic profiling by mass spectrometry	NT=Data-dependent acquisition;AC=PRIDE:0000627	NT=label free sample;AC=MS:1002038	NT=xevo g2-xs qtof;AC=MS:1003252	NT=Carbamidomethyl;AC=UNIMOD:4;TA=C;MT=Fixed	NT=Oxidation;AC=UNIMOD:35;TA=M;MT=Variable	NT=Trypsin;AC=MS:1001251	NT=collision-induced dissociation;AC=MS:1000133	10 ppm	0.1 Da	dithiothreitol (dtt)	iodoacetamide (iaa)	1	1	20220203_GS_SRH_30.raw.rar	ftp://ftp.pride.ebi.ac.uk/pride/data/archive/2023/12/PXD044532/20220203_GS_SRH_30.raw.rar	v1.1.0	NT=ms-proteomics;VV=v1.1.0	manual curation	Quadriceps
20211204_GS_SRQ46.raw.rar	ictidomys tridecemlineatus	Quadriceps	not applicable	not available	1	20211204_GS_SRQ46.raw.rar	proteomic profiling by mass spectrometry	NT=Data-dependent acquisition;AC=PRIDE:0000627	NT=label free sample;AC=MS:1002038	NT=xevo g2-xs qtof;AC=MS:1003252	NT=Carbamidomethyl;AC=UNIMOD:4;TA=C;MT=Fixed	NT=Oxidation;AC=UNIMOD:35;TA=M;MT=Variable	NT=Trypsin;AC=MS:1001251	NT=collision-induced dissociation;AC=MS:1000133	10 ppm	0.1 Da	dithiothreitol (dtt)	iodoacetamide (iaa)	1	1	20211204_GS_SRQ46.raw.rar	ftp://ftp.pride.ebi.ac.uk/pride/data/archive/2023/12/PXD044532/20211204_GS_SRQ46.raw.rar	v1.1.0	NT=ms-proteomics;VV=v1.1.0	manual curation	Quadriceps
20220203_GS_SRH_42.raw.rar	ictidomys tridecemlineatus	Quadriceps	not applicable	not available	1	20220203_GS_SRH_42.raw.rar	proteomic profiling by mass spectrometry	NT=Data-dependent acquisition;AC=PRIDE:0000627	NT=label free sample;AC=MS:1002038	NT=xevo g2-xs qtof;AC=MS:1003252	NT=Carbamidomethyl;AC=UNIMOD:4;TA=C;MT=Fixed	NT=Oxidation;AC=UNIMOD:35;TA=M;MT=Variable	NT=Trypsin;AC=MS:1001251	NT=collision-induced dissociation;AC=MS:1000133	10 ppm	0.1 Da	dithiothreitol (dtt)	iodoacetamide (iaa)	1	1	20220203_GS_SRH_42.raw.rar	ftp://ftp.pride.ebi.ac.uk/pride/data/archive/2023/12/PXD044532/20220203_GS_SRH_42.raw.rar	v1.1.0	NT=ms-proteomics;VV=v1.1.0	manual curation	Quadriceps
20211206_GS_SRQ29.raw.rar	ictidomys tridecemlineatus	Quadriceps	not applicable	not available	1	20211206_GS_SRQ29.raw.rar	proteomic profiling by mass spectrometry	NT=Data-dependent acquisition;AC=PRIDE:0000627	NT=label free sample;AC=MS:1002038	NT=xevo g2-xs qtof;AC=MS:1003252	NT=Carbamidomethyl;AC=UNIMOD:4;TA=C;MT=Fixed	NT=Oxidation;AC=UNIMOD:35;TA=M;MT=Variable	NT=Trypsin;AC=MS:1001251	NT=collision-induced dissociation;AC=MS:1000133	10 ppm	0.1 Da	dithiothreitol (dtt)	iodoacetamide (iaa)	1	1	20211206_GS_SRQ29.raw.rar	ftp://ftp.pride.ebi.ac.uk/pride/data/archive/2023/12/PXD044532/20211206_GS_SRQ29.raw.rar	v1.1.0	NT=ms-proteomics;VV=v1.1.0	manual curation	Quadriceps
20220203_POOLED_QC9.raw.rar	ictidomys tridecemlineatus	Quadriceps	not applicable	not available	1	20220203_POOLED_QC9.raw.rar	proteomic profiling by mass spectrometry	NT=Data-dependent acquisition;AC=PRIDE:0000627	NT=label free sample;AC=MS:1002038	NT=xevo g2-xs qtof;AC=MS:1003252	NT=Carbamidomethyl;AC=UNIMOD:4;TA=C;MT=Fixed	NT=Oxidation;AC=UNIMOD:35;TA=M;MT=Variable	NT=Trypsin;AC=MS:1001251	NT=collision-induced dissociation;AC=MS:1000133	10 ppm	0.1 Da	dithiothreitol (dtt)	iodoacetamide (iaa)	1	1	20220203_POOLED_QC9.raw.rar	ftp://ftp.pride.ebi.ac.uk/pride/data/archive/2023/12/PXD044532/20220203_POOLED_QC9.raw.rar	v1.1.0	NT=ms-proteomics;VV=v1.1.0	manual curation	Quadriceps
20220206_GS_SRH_12.raw.rar	ictidomys tridecemlineatus	Quadriceps	not applicable	not available	1	20220206_GS_SRH_12.raw.rar	proteomic profiling by mass spectrometry	NT=Data-dependent acquisition;AC=PRIDE:0000627	NT=label free sample;AC=MS:1002038	NT=xevo g2-xs qtof;AC=MS:1003252	NT=Carbamidomethyl;AC=UNIMOD:4;TA=C;MT=Fixed	NT=Oxidation;AC=UNIMOD:35;TA=M;MT=Variable	NT=Trypsin;AC=MS:1001251	NT=collision-induced dissociation;AC=MS:1000133	10 ppm	0.1 Da	dithiothreitol (dtt)	iodoacetamide (iaa)	1	1	20220206_GS_SRH_12.raw.rar	ftp://ftp.pride.ebi.ac.uk/pride/data/archive/2023/12/PXD044532/20220206_GS_SRH_12.raw.rar	v1.1.0	NT=ms-proteomics;VV=v1.1.0	manual curation	Quadriceps
20211206_GS_SRQ44.raw.rar	ictidomys tridecemlineatus	Quadriceps	not applicable	not available	1	20211206_GS_SRQ44.raw.rar	proteomic profiling by mass spectrometry	NT=Data-dependent acquisition;AC=PRIDE:0000627	NT=label free sample;AC=MS:1002038	NT=xevo g2-xs qtof;AC=MS:1003252	NT=Carbamidomethyl;AC=UNIMOD:4;TA=C;MT=Fixed	NT=Oxidation;AC=UNIMOD:35;TA=M;MT=Variable	NT=Trypsin;AC=MS:1001251	NT=collision-induced dissociation;AC=MS:1000133	10 ppm	0.1 Da	dithiothreitol (dtt)	iodoacetamide (iaa)	1	1	20211206_GS_SRQ44.raw.rar	ftp://ftp.pride.ebi.ac.uk/pride/data/archive/2023/12/PXD044532/20211206_GS_SRQ44.raw.rar	v1.1.0	NT=ms-proteomics;VV=v1.1.0	manual curation	Quadriceps
20220202_GS_SRH_28.raw.rar	ictidomys tridecemlineatus	Quadriceps	not applicable	not available	1	20220202_GS_SRH_28.raw.rar	proteomic profiling by mass spectrometry	NT=Data-dependent acquisition;AC=PRIDE:0000627	NT=label free sample;AC=MS:1002038	NT=xevo g2-xs qtof;AC=MS:1003252	NT=Carbamidomethyl;AC=UNIMOD:4;TA=C;MT=Fixed	NT=Oxidation;AC=UNIMOD:35;TA=M;MT=Variable	NT=Trypsin;AC=MS:1001251	NT=collision-induced dissociation;AC=MS:1000133	10 ppm	0.1 Da	dithiothreitol (dtt)	iodoacetamide (iaa)	1	1	20220202_GS_SRH_28.raw.rar	ftp://ftp.pride.ebi.ac.uk/pride/data/archive/2023/12/PXD044532/20220202_GS_SRH_28.raw.rar	v1.1.0	NT=ms-proteomics;VV=v1.1.0	manual curation	Quadriceps
20220202_POOLED_QC3.raw.rar	ictidomys tridecemlineatus	Quadriceps	not applicable	not available	1	20220202_POOLED_QC3.raw.rar	proteomic profiling by mass spectrometry	NT=Data-dependent acquisition;AC=PRIDE:0000627	NT=label free sample;AC=MS:1002038	NT=xevo g2-xs qtof;AC=MS:1003252	NT=Carbamidomethyl;AC=UNIMOD:4;TA=C;MT=Fixed	NT=Oxidation;AC=UNIMOD:35;TA=M;MT=Variable	NT=Trypsin;AC=MS:1001251	NT=collision-induced dissociation;AC=MS:1000133	10 ppm	0.1 Da	dithiothreitol (dtt)	iodoacetamide (iaa)	1	1	20220202_POOLED_QC3.raw.rar	ftp://ftp.pride.ebi.ac.uk/pride/data/archive/2023/12/PXD044532/20220202_POOLED_QC3.raw.rar	v1.1.0	NT=ms-proteomics;VV=v1.1.0	manual curation	Quadriceps
20211204_GS_SRQ3.raw.rar	ictidomys tridecemlineatus	Quadriceps	not applicable	not available	1	20211204_GS_SRQ3.raw.rar	proteomic profiling by mass spectrometry	NT=Data-dependent acquisition;AC=PRIDE:0000627	NT=label free sample;AC=MS:1002038	NT=xevo g2-xs qtof;AC=MS:1003252	NT=Carbamidomethyl;AC=UNIMOD:4;TA=C;MT=Fixed	NT=Oxidation;AC=UNIMOD:35;TA=M;MT=Variable	NT=Trypsin;AC=MS:1001251	NT=collision-induced dissociation;AC=MS:1000133	10 ppm	0.1 Da	dithiothreitol (dtt)	iodoacetamide (iaa)	1	1	20211204_GS_SRQ3.raw.rar	ftp://ftp.pride.ebi.ac.uk/pride/data/archive/2023/12/PXD044532/20211204_GS_SRQ3.raw.rar	v1.1.0	NT=ms-proteomics;VV=v1.1.0	manual curation	Quadriceps
20220205_GS_SRH_18.raw.rar	ictidomys tridecemlineatus	Quadriceps	not applicable	not available	1	20220205_GS_SRH_18.raw.rar	proteomic profiling by mass spectrometry	NT=Data-dependent acquisition;AC=PRIDE:0000627	NT=label free sample;AC=MS:1002038	NT=xevo g2-xs qtof;AC=MS:1003252	NT=Carbamidomethyl;AC=UNIMOD:4;TA=C;MT=Fixed	NT=Oxidation;AC=UNIMOD:35;TA=M;MT=Variable	NT=Trypsin;AC=MS:1001251	NT=collision-induced dissociation;AC=MS:1000133	10 ppm	0.1 Da	dithiothreitol (dtt)	iodoacetamide (iaa)	1	1	20220205_GS_SRH_18.raw.rar	ftp://ftp.pride.ebi.ac.uk/pride/data/archive/2023/12/PXD044532/20220205_GS_SRH_18.raw.rar	v1.1.0	NT=ms-proteomics;VV=v1.1.0	manual curation	Quadriceps
