source name	characteristics[organism]	characteristics[organism part]	characteristics[cell type]	characteristics[disease]	characteristics[biological replicate]	assay name	technology type	comment[proteomics data acquisition method]	comment[label]	comment[instrument]	comment[modification parameters]	comment[modification parameters]	comment[cleavage agent details]	comment[dissociation method]	comment[precursor mass tolerance]	comment[reduction reagent]	comment[alkylation reagent]	comment[fraction identifier]	comment[technical replicate]	comment[data file]	comment[file uri]	comment[sdrf version]	comment[sdrf template]	comment[sdrf template]	comment[sdrf template]	comment[sdrf annotation tool]	factor value[organism part]
449_2	homo sapiens	brain	not applicable	bacterial sepsis	2	449_2	proteomic profiling by mass spectrometry	NT=Data-dependent acquisition;AC=PRIDE:0000627	NT=label free sample;AC=MS:1002038	NT=q exactive;AC=MS:1001911	NT=Oxidation;AC=UNIMOD:35;TA=M;MT=Variable	NT=Carbamidomethyl;AC=UNIMOD:4;TA=C;MT=Fixed	NT=Trypsin;AC=MS:1001251	NT=collision-induced dissociation;AC=MS:1000133	4.5 ppm	tris(2-carboxyethyl)phosphine (tcep)	chloroacetamide (claa)	1	1	449_2.raw	ftp://ftp.pride.ebi.ac.uk/pride/data/archive/2020/05/PXD016013/449_2.raw	v1.1.0	NT=ms-proteomics;VV=v1.1.0	NT=clinical-metadata;VV=v1.0.0	NT=oncology-metadata;VV=v1.0.0	manual curation	brain
40824	homo sapiens	brain	not applicable	bacterial sepsis	1	40824	proteomic profiling by mass spectrometry	NT=Data-dependent acquisition;AC=PRIDE:0000627	NT=label free sample;AC=MS:1002038	NT=q exactive;AC=MS:1001911	NT=Oxidation;AC=UNIMOD:35;TA=M;MT=Variable	NT=Carbamidomethyl;AC=UNIMOD:4;TA=C;MT=Fixed	NT=Trypsin;AC=MS:1001251	NT=collision-induced dissociation;AC=MS:1000133	4.5 ppm	tris(2-carboxyethyl)phosphine (tcep)	chloroacetamide (claa)	1	1	40824.raw	ftp://ftp.pride.ebi.ac.uk/pride/data/archive/2020/05/PXD016013/40824.raw	v1.1.0	NT=ms-proteomics;VV=v1.1.0	NT=clinical-metadata;VV=v1.0.0	NT=oncology-metadata;VV=v1.0.0	manual curation	brain
45224	homo sapiens	brain	not applicable	bacterial sepsis	1	45224	proteomic profiling by mass spectrometry	NT=Data-dependent acquisition;AC=PRIDE:0000627	NT=label free sample;AC=MS:1002038	NT=q exactive;AC=MS:1001911	NT=Oxidation;AC=UNIMOD:35;TA=M;MT=Variable	NT=Carbamidomethyl;AC=UNIMOD:4;TA=C;MT=Fixed	NT=Trypsin;AC=MS:1001251	NT=collision-induced dissociation;AC=MS:1000133	4.5 ppm	tris(2-carboxyethyl)phosphine (tcep)	chloroacetamide (claa)	1	1	45224.raw	ftp://ftp.pride.ebi.ac.uk/pride/data/archive/2020/05/PXD016013/45224.raw	v1.1.0	NT=ms-proteomics;VV=v1.1.0	NT=clinical-metadata;VV=v1.0.0	NT=oncology-metadata;VV=v1.0.0	manual curation	brain
41006	homo sapiens	brain	not applicable	bacterial sepsis	1	41006	proteomic profiling by mass spectrometry	NT=Data-dependent acquisition;AC=PRIDE:0000627	NT=label free sample;AC=MS:1002038	NT=q exactive;AC=MS:1001911	NT=Oxidation;AC=UNIMOD:35;TA=M;MT=Variable	NT=Carbamidomethyl;AC=UNIMOD:4;TA=C;MT=Fixed	NT=Trypsin;AC=MS:1001251	NT=collision-induced dissociation;AC=MS:1000133	4.5 ppm	tris(2-carboxyethyl)phosphine (tcep)	chloroacetamide (claa)	1	1	41006.raw	ftp://ftp.pride.ebi.ac.uk/pride/data/archive/2020/05/PXD016013/41006.raw	v1.1.0	NT=ms-proteomics;VV=v1.1.0	NT=clinical-metadata;VV=v1.0.0	NT=oncology-metadata;VV=v1.0.0	manual curation	brain
41624	homo sapiens	brain	not applicable	bacterial sepsis	1	41624	proteomic profiling by mass spectrometry	NT=Data-dependent acquisition;AC=PRIDE:0000627	NT=label free sample;AC=MS:1002038	NT=q exactive;AC=MS:1001911	NT=Oxidation;AC=UNIMOD:35;TA=M;MT=Variable	NT=Carbamidomethyl;AC=UNIMOD:4;TA=C;MT=Fixed	NT=Trypsin;AC=MS:1001251	NT=collision-induced dissociation;AC=MS:1000133	4.5 ppm	tris(2-carboxyethyl)phosphine (tcep)	chloroacetamide (claa)	1	1	41624.raw	ftp://ftp.pride.ebi.ac.uk/pride/data/archive/2020/05/PXD016013/41624.raw	v1.1.0	NT=ms-proteomics;VV=v1.1.0	NT=clinical-metadata;VV=v1.0.0	NT=oncology-metadata;VV=v1.0.0	manual curation	brain
45112	homo sapiens	brain	not applicable	bacterial sepsis	1	45112	proteomic profiling by mass spectrometry	NT=Data-dependent acquisition;AC=PRIDE:0000627	NT=label free sample;AC=MS:1002038	NT=q exactive;AC=MS:1001911	NT=Oxidation;AC=UNIMOD:35;TA=M;MT=Variable	NT=Carbamidomethyl;AC=UNIMOD:4;TA=C;MT=Fixed	NT=Trypsin;AC=MS:1001251	NT=collision-induced dissociation;AC=MS:1000133	4.5 ppm	tris(2-carboxyethyl)phosphine (tcep)	chloroacetamide (claa)	1	1	45112.raw	ftp://ftp.pride.ebi.ac.uk/pride/data/archive/2020/05/PXD016013/45112.raw	v1.1.0	NT=ms-proteomics;VV=v1.1.0	NT=clinical-metadata;VV=v1.0.0	NT=oncology-metadata;VV=v1.0.0	manual curation	brain
45312	homo sapiens	brain	not applicable	bacterial sepsis	1	45312	proteomic profiling by mass spectrometry	NT=Data-dependent acquisition;AC=PRIDE:0000627	NT=label free sample;AC=MS:1002038	NT=q exactive;AC=MS:1001911	NT=Oxidation;AC=UNIMOD:35;TA=M;MT=Variable	NT=Carbamidomethyl;AC=UNIMOD:4;TA=C;MT=Fixed	NT=Trypsin;AC=MS:1001251	NT=collision-induced dissociation;AC=MS:1000133	4.5 ppm	tris(2-carboxyethyl)phosphine (tcep)	chloroacetamide (claa)	1	1	45312.raw	ftp://ftp.pride.ebi.ac.uk/pride/data/archive/2020/05/PXD016013/45312.raw	v1.1.0	NT=ms-proteomics;VV=v1.1.0	NT=clinical-metadata;VV=v1.0.0	NT=oncology-metadata;VV=v1.0.0	manual curation	brain
45306	homo sapiens	brain	not applicable	bacterial sepsis	1	45306	proteomic profiling by mass spectrometry	NT=Data-dependent acquisition;AC=PRIDE:0000627	NT=label free sample;AC=MS:1002038	NT=q exactive;AC=MS:1001911	NT=Oxidation;AC=UNIMOD:35;TA=M;MT=Variable	NT=Carbamidomethyl;AC=UNIMOD:4;TA=C;MT=Fixed	NT=Trypsin;AC=MS:1001251	NT=collision-induced dissociation;AC=MS:1000133	4.5 ppm	tris(2-carboxyethyl)phosphine (tcep)	chloroacetamide (claa)	1	1	45306.raw	ftp://ftp.pride.ebi.ac.uk/pride/data/archive/2020/05/PXD016013/45306.raw	v1.1.0	NT=ms-proteomics;VV=v1.1.0	NT=clinical-metadata;VV=v1.0.0	NT=oncology-metadata;VV=v1.0.0	manual curation	brain
41324	homo sapiens	brain	not applicable	bacterial sepsis	1	41324	proteomic profiling by mass spectrometry	NT=Data-dependent acquisition;AC=PRIDE:0000627	NT=label free sample;AC=MS:1002038	NT=q exactive;AC=MS:1001911	NT=Oxidation;AC=UNIMOD:35;TA=M;MT=Variable	NT=Carbamidomethyl;AC=UNIMOD:4;TA=C;MT=Fixed	NT=Trypsin;AC=MS:1001251	NT=collision-induced dissociation;AC=MS:1000133	4.5 ppm	tris(2-carboxyethyl)phosphine (tcep)	chloroacetamide (claa)	1	1	41324.raw	ftp://ftp.pride.ebi.ac.uk/pride/data/archive/2020/05/PXD016013/41324.raw	v1.1.0	NT=ms-proteomics;VV=v1.1.0	NT=clinical-metadata;VV=v1.0.0	NT=oncology-metadata;VV=v1.0.0	manual curation	brain
40206	homo sapiens	brain	not applicable	bacterial sepsis	1	40206	proteomic profiling by mass spectrometry	NT=Data-dependent acquisition;AC=PRIDE:0000627	NT=label free sample;AC=MS:1002038	NT=q exactive;AC=MS:1001911	NT=Oxidation;AC=UNIMOD:35;TA=M;MT=Variable	NT=Carbamidomethyl;AC=UNIMOD:4;TA=C;MT=Fixed	NT=Trypsin;AC=MS:1001251	NT=collision-induced dissociation;AC=MS:1000133	4.5 ppm	tris(2-carboxyethyl)phosphine (tcep)	chloroacetamide (claa)	1	1	40206.raw	ftp://ftp.pride.ebi.ac.uk/pride/data/archive/2020/05/PXD016013/40206.raw	v1.1.0	NT=ms-proteomics;VV=v1.1.0	NT=clinical-metadata;VV=v1.0.0	NT=oncology-metadata;VV=v1.0.0	manual curation	brain
455_1	homo sapiens	brain	not applicable	bacterial sepsis	1	455_1	proteomic profiling by mass spectrometry	NT=Data-dependent acquisition;AC=PRIDE:0000627	NT=label free sample;AC=MS:1002038	NT=q exactive;AC=MS:1001911	NT=Oxidation;AC=UNIMOD:35;TA=M;MT=Variable	NT=Carbamidomethyl;AC=UNIMOD:4;TA=C;MT=Fixed	NT=Trypsin;AC=MS:1001251	NT=collision-induced dissociation;AC=MS:1000133	4.5 ppm	tris(2-carboxyethyl)phosphine (tcep)	chloroacetamide (claa)	1	1	455_1.raw	ftp://ftp.pride.ebi.ac.uk/pride/data/archive/2020/05/PXD016013/455_1.raw	v1.1.0	NT=ms-proteomics;VV=v1.1.0	NT=clinical-metadata;VV=v1.0.0	NT=oncology-metadata;VV=v1.0.0	manual curation	brain
415_2	homo sapiens	brain	not applicable	bacterial sepsis	2	415_2	proteomic profiling by mass spectrometry	NT=Data-dependent acquisition;AC=PRIDE:0000627	NT=label free sample;AC=MS:1002038	NT=q exactive;AC=MS:1001911	NT=Oxidation;AC=UNIMOD:35;TA=M;MT=Variable	NT=Carbamidomethyl;AC=UNIMOD:4;TA=C;MT=Fixed	NT=Trypsin;AC=MS:1001251	NT=collision-induced dissociation;AC=MS:1000133	4.5 ppm	tris(2-carboxyethyl)phosphine (tcep)	chloroacetamide (claa)	1	1	415_2.raw	ftp://ftp.pride.ebi.ac.uk/pride/data/archive/2020/05/PXD016013/415_2.raw	v1.1.0	NT=ms-proteomics;VV=v1.1.0	NT=clinical-metadata;VV=v1.0.0	NT=oncology-metadata;VV=v1.0.0	manual curation	brain
458_2	homo sapiens	brain	not applicable	bacterial sepsis	2	458_2	proteomic profiling by mass spectrometry	NT=Data-dependent acquisition;AC=PRIDE:0000627	NT=label free sample;AC=MS:1002038	NT=q exactive;AC=MS:1001911	NT=Oxidation;AC=UNIMOD:35;TA=M;MT=Variable	NT=Carbamidomethyl;AC=UNIMOD:4;TA=C;MT=Fixed	NT=Trypsin;AC=MS:1001251	NT=collision-induced dissociation;AC=MS:1000133	4.5 ppm	tris(2-carboxyethyl)phosphine (tcep)	chloroacetamide (claa)	1	1	458_2.raw	ftp://ftp.pride.ebi.ac.uk/pride/data/archive/2020/05/PXD016013/458_2.raw	v1.1.0	NT=ms-proteomics;VV=v1.1.0	NT=clinical-metadata;VV=v1.0.0	NT=oncology-metadata;VV=v1.0.0	manual curation	brain
45206_160816132234	homo sapiens	brain	not applicable	bacterial sepsis	1	45206_160816132234	proteomic profiling by mass spectrometry	NT=Data-dependent acquisition;AC=PRIDE:0000627	NT=label free sample;AC=MS:1002038	NT=q exactive;AC=MS:1001911	NT=Oxidation;AC=UNIMOD:35;TA=M;MT=Variable	NT=Carbamidomethyl;AC=UNIMOD:4;TA=C;MT=Fixed	NT=Trypsin;AC=MS:1001251	NT=collision-induced dissociation;AC=MS:1000133	4.5 ppm	tris(2-carboxyethyl)phosphine (tcep)	chloroacetamide (claa)	1	1	45206_160816132234.raw	ftp://ftp.pride.ebi.ac.uk/pride/data/archive/2020/05/PXD016013/45206_160816132234.raw	v1.1.0	NT=ms-proteomics;VV=v1.1.0	NT=clinical-metadata;VV=v1.0.0	NT=oncology-metadata;VV=v1.0.0	manual curation	brain
462_2	homo sapiens	brain	not applicable	bacterial sepsis	2	462_2	proteomic profiling by mass spectrometry	NT=Data-dependent acquisition;AC=PRIDE:0000627	NT=label free sample;AC=MS:1002038	NT=q exactive;AC=MS:1001911	NT=Oxidation;AC=UNIMOD:35;TA=M;MT=Variable	NT=Carbamidomethyl;AC=UNIMOD:4;TA=C;MT=Fixed	NT=Trypsin;AC=MS:1001251	NT=collision-induced dissociation;AC=MS:1000133	4.5 ppm	tris(2-carboxyethyl)phosphine (tcep)	chloroacetamide (claa)	1	1	462_2.raw	ftp://ftp.pride.ebi.ac.uk/pride/data/archive/2020/05/PXD016013/462_2.raw	v1.1.0	NT=ms-proteomics;VV=v1.1.0	NT=clinical-metadata;VV=v1.0.0	NT=oncology-metadata;VV=v1.0.0	manual curation	brain
405_2	homo sapiens	brain	not applicable	bacterial sepsis	2	405_2	proteomic profiling by mass spectrometry	NT=Data-dependent acquisition;AC=PRIDE:0000627	NT=label free sample;AC=MS:1002038	NT=q exactive;AC=MS:1001911	NT=Oxidation;AC=UNIMOD:35;TA=M;MT=Variable	NT=Carbamidomethyl;AC=UNIMOD:4;TA=C;MT=Fixed	NT=Trypsin;AC=MS:1001251	NT=collision-induced dissociation;AC=MS:1000133	4.5 ppm	tris(2-carboxyethyl)phosphine (tcep)	chloroacetamide (claa)	1	1	405_2.raw	ftp://ftp.pride.ebi.ac.uk/pride/data/archive/2020/05/PXD016013/405_2.raw	v1.1.0	NT=ms-proteomics;VV=v1.1.0	NT=clinical-metadata;VV=v1.0.0	NT=oncology-metadata;VV=v1.0.0	manual curation	brain
40706	homo sapiens	brain	not applicable	bacterial sepsis	1	40706	proteomic profiling by mass spectrometry	NT=Data-dependent acquisition;AC=PRIDE:0000627	NT=label free sample;AC=MS:1002038	NT=q exactive;AC=MS:1001911	NT=Oxidation;AC=UNIMOD:35;TA=M;MT=Variable	NT=Carbamidomethyl;AC=UNIMOD:4;TA=C;MT=Fixed	NT=Trypsin;AC=MS:1001251	NT=collision-induced dissociation;AC=MS:1000133	4.5 ppm	tris(2-carboxyethyl)phosphine (tcep)	chloroacetamide (claa)	1	1	40706.raw	ftp://ftp.pride.ebi.ac.uk/pride/data/archive/2020/05/PXD016013/40706.raw	v1.1.0	NT=ms-proteomics;VV=v1.1.0	NT=clinical-metadata;VV=v1.0.0	NT=oncology-metadata;VV=v1.0.0	manual curation	brain
41406	homo sapiens	brain	not applicable	bacterial sepsis	1	41406	proteomic profiling by mass spectrometry	NT=Data-dependent acquisition;AC=PRIDE:0000627	NT=label free sample;AC=MS:1002038	NT=q exactive;AC=MS:1001911	NT=Oxidation;AC=UNIMOD:35;TA=M;MT=Variable	NT=Carbamidomethyl;AC=UNIMOD:4;TA=C;MT=Fixed	NT=Trypsin;AC=MS:1001251	NT=collision-induced dissociation;AC=MS:1000133	4.5 ppm	tris(2-carboxyethyl)phosphine (tcep)	chloroacetamide (claa)	1	1	41406.raw	ftp://ftp.pride.ebi.ac.uk/pride/data/archive/2020/05/PXD016013/41406.raw	v1.1.0	NT=ms-proteomics;VV=v1.1.0	NT=clinical-metadata;VV=v1.0.0	NT=oncology-metadata;VV=v1.0.0	manual curation	brain
459_1	homo sapiens	brain	not applicable	bacterial sepsis	1	459_1	proteomic profiling by mass spectrometry	NT=Data-dependent acquisition;AC=PRIDE:0000627	NT=label free sample;AC=MS:1002038	NT=q exactive;AC=MS:1001911	NT=Oxidation;AC=UNIMOD:35;TA=M;MT=Variable	NT=Carbamidomethyl;AC=UNIMOD:4;TA=C;MT=Fixed	NT=Trypsin;AC=MS:1001251	NT=collision-induced dissociation;AC=MS:1000133	4.5 ppm	tris(2-carboxyethyl)phosphine (tcep)	chloroacetamide (claa)	1	1	459_1.raw	ftp://ftp.pride.ebi.ac.uk/pride/data/archive/2020/05/PXD016013/459_1.raw	v1.1.0	NT=ms-proteomics;VV=v1.1.0	NT=clinical-metadata;VV=v1.0.0	NT=oncology-metadata;VV=v1.0.0	manual curation	brain
44912	homo sapiens	brain	not applicable	bacterial sepsis	1	44912	proteomic profiling by mass spectrometry	NT=Data-dependent acquisition;AC=PRIDE:0000627	NT=label free sample;AC=MS:1002038	NT=q exactive;AC=MS:1001911	NT=Oxidation;AC=UNIMOD:35;TA=M;MT=Variable	NT=Carbamidomethyl;AC=UNIMOD:4;TA=C;MT=Fixed	NT=Trypsin;AC=MS:1001251	NT=collision-induced dissociation;AC=MS:1000133	4.5 ppm	tris(2-carboxyethyl)phosphine (tcep)	chloroacetamide (claa)	1	1	44912.raw	ftp://ftp.pride.ebi.ac.uk/pride/data/archive/2020/05/PXD016013/44912.raw	v1.1.0	NT=ms-proteomics;VV=v1.1.0	NT=clinical-metadata;VV=v1.0.0	NT=oncology-metadata;VV=v1.0.0	manual curation	brain
46106	homo sapiens	brain	not applicable	bacterial sepsis	1	46106	proteomic profiling by mass spectrometry	NT=Data-dependent acquisition;AC=PRIDE:0000627	NT=label free sample;AC=MS:1002038	NT=q exactive;AC=MS:1001911	NT=Oxidation;AC=UNIMOD:35;TA=M;MT=Variable	NT=Carbamidomethyl;AC=UNIMOD:4;TA=C;MT=Fixed	NT=Trypsin;AC=MS:1001251	NT=collision-induced dissociation;AC=MS:1000133	4.5 ppm	tris(2-carboxyethyl)phosphine (tcep)	chloroacetamide (claa)	1	1	46106.raw	ftp://ftp.pride.ebi.ac.uk/pride/data/archive/2020/05/PXD016013/46106.raw	v1.1.0	NT=ms-proteomics;VV=v1.1.0	NT=clinical-metadata;VV=v1.0.0	NT=oncology-metadata;VV=v1.0.0	manual curation	brain
40724	homo sapiens	brain	not applicable	bacterial sepsis	1	40724	proteomic profiling by mass spectrometry	NT=Data-dependent acquisition;AC=PRIDE:0000627	NT=label free sample;AC=MS:1002038	NT=q exactive;AC=MS:1001911	NT=Oxidation;AC=UNIMOD:35;TA=M;MT=Variable	NT=Carbamidomethyl;AC=UNIMOD:4;TA=C;MT=Fixed	NT=Trypsin;AC=MS:1001251	NT=collision-induced dissociation;AC=MS:1000133	4.5 ppm	tris(2-carboxyethyl)phosphine (tcep)	chloroacetamide (claa)	1	1	40724.raw	ftp://ftp.pride.ebi.ac.uk/pride/data/archive/2020/05/PXD016013/40724.raw	v1.1.0	NT=ms-proteomics;VV=v1.1.0	NT=clinical-metadata;VV=v1.0.0	NT=oncology-metadata;VV=v1.0.0	manual curation	brain
46524	homo sapiens	brain	not applicable	bacterial sepsis	1	46524	proteomic profiling by mass spectrometry	NT=Data-dependent acquisition;AC=PRIDE:0000627	NT=label free sample;AC=MS:1002038	NT=q exactive;AC=MS:1001911	NT=Oxidation;AC=UNIMOD:35;TA=M;MT=Variable	NT=Carbamidomethyl;AC=UNIMOD:4;TA=C;MT=Fixed	NT=Trypsin;AC=MS:1001251	NT=collision-induced dissociation;AC=MS:1000133	4.5 ppm	tris(2-carboxyethyl)phosphine (tcep)	chloroacetamide (claa)	1	1	46524.raw	ftp://ftp.pride.ebi.ac.uk/pride/data/archive/2020/05/PXD016013/46524.raw	v1.1.0	NT=ms-proteomics;VV=v1.1.0	NT=clinical-metadata;VV=v1.0.0	NT=oncology-metadata;VV=v1.0.0	manual curation	brain
41024	homo sapiens	brain	not applicable	bacterial sepsis	1	41024	proteomic profiling by mass spectrometry	NT=Data-dependent acquisition;AC=PRIDE:0000627	NT=label free sample;AC=MS:1002038	NT=q exactive;AC=MS:1001911	NT=Oxidation;AC=UNIMOD:35;TA=M;MT=Variable	NT=Carbamidomethyl;AC=UNIMOD:4;TA=C;MT=Fixed	NT=Trypsin;AC=MS:1001251	NT=collision-induced dissociation;AC=MS:1000133	4.5 ppm	tris(2-carboxyethyl)phosphine (tcep)	chloroacetamide (claa)	1	1	41024.raw	ftp://ftp.pride.ebi.ac.uk/pride/data/archive/2020/05/PXD016013/41024.raw	v1.1.0	NT=ms-proteomics;VV=v1.1.0	NT=clinical-metadata;VV=v1.0.0	NT=oncology-metadata;VV=v1.0.0	manual curation	brain
464_2	homo sapiens	brain	not applicable	bacterial sepsis	2	464_2	proteomic profiling by mass spectrometry	NT=Data-dependent acquisition;AC=PRIDE:0000627	NT=label free sample;AC=MS:1002038	NT=q exactive;AC=MS:1001911	NT=Oxidation;AC=UNIMOD:35;TA=M;MT=Variable	NT=Carbamidomethyl;AC=UNIMOD:4;TA=C;MT=Fixed	NT=Trypsin;AC=MS:1001251	NT=collision-induced dissociation;AC=MS:1000133	4.5 ppm	tris(2-carboxyethyl)phosphine (tcep)	chloroacetamide (claa)	1	1	464_2.raw	ftp://ftp.pride.ebi.ac.uk/pride/data/archive/2020/05/PXD016013/464_2.raw	v1.1.0	NT=ms-proteomics;VV=v1.1.0	NT=clinical-metadata;VV=v1.0.0	NT=oncology-metadata;VV=v1.0.0	manual curation	brain
41012	homo sapiens	brain	not applicable	bacterial sepsis	1	41012	proteomic profiling by mass spectrometry	NT=Data-dependent acquisition;AC=PRIDE:0000627	NT=label free sample;AC=MS:1002038	NT=q exactive;AC=MS:1001911	NT=Oxidation;AC=UNIMOD:35;TA=M;MT=Variable	NT=Carbamidomethyl;AC=UNIMOD:4;TA=C;MT=Fixed	NT=Trypsin;AC=MS:1001251	NT=collision-induced dissociation;AC=MS:1000133	4.5 ppm	tris(2-carboxyethyl)phosphine (tcep)	chloroacetamide (claa)	1	1	41012.raw	ftp://ftp.pride.ebi.ac.uk/pride/data/archive/2020/05/PXD016013/41012.raw	v1.1.0	NT=ms-proteomics;VV=v1.1.0	NT=clinical-metadata;VV=v1.0.0	NT=oncology-metadata;VV=v1.0.0	manual curation	brain
469_1	homo sapiens	brain	not applicable	bacterial sepsis	1	469_1	proteomic profiling by mass spectrometry	NT=Data-dependent acquisition;AC=PRIDE:0000627	NT=label free sample;AC=MS:1002038	NT=q exactive;AC=MS:1001911	NT=Oxidation;AC=UNIMOD:35;TA=M;MT=Variable	NT=Carbamidomethyl;AC=UNIMOD:4;TA=C;MT=Fixed	NT=Trypsin;AC=MS:1001251	NT=collision-induced dissociation;AC=MS:1000133	4.5 ppm	tris(2-carboxyethyl)phosphine (tcep)	chloroacetamide (claa)	1	1	469_1.raw	ftp://ftp.pride.ebi.ac.uk/pride/data/archive/2020/05/PXD016013/469_1.raw	v1.1.0	NT=ms-proteomics;VV=v1.1.0	NT=clinical-metadata;VV=v1.0.0	NT=oncology-metadata;VV=v1.0.0	manual curation	brain
469_2	homo sapiens	brain	not applicable	bacterial sepsis	2	469_2	proteomic profiling by mass spectrometry	NT=Data-dependent acquisition;AC=PRIDE:0000627	NT=label free sample;AC=MS:1002038	NT=q exactive;AC=MS:1001911	NT=Oxidation;AC=UNIMOD:35;TA=M;MT=Variable	NT=Carbamidomethyl;AC=UNIMOD:4;TA=C;MT=Fixed	NT=Trypsin;AC=MS:1001251	NT=collision-induced dissociation;AC=MS:1000133	4.5 ppm	tris(2-carboxyethyl)phosphine (tcep)	chloroacetamide (claa)	1	1	469_2.raw	ftp://ftp.pride.ebi.ac.uk/pride/data/archive/2020/05/PXD016013/469_2.raw	v1.1.0	NT=ms-proteomics;VV=v1.1.0	NT=clinical-metadata;VV=v1.0.0	NT=oncology-metadata;VV=v1.0.0	manual curation	brain
417_2	homo sapiens	brain	not applicable	bacterial sepsis	2	417_2	proteomic profiling by mass spectrometry	NT=Data-dependent acquisition;AC=PRIDE:0000627	NT=label free sample;AC=MS:1002038	NT=q exactive;AC=MS:1001911	NT=Oxidation;AC=UNIMOD:35;TA=M;MT=Variable	NT=Carbamidomethyl;AC=UNIMOD:4;TA=C;MT=Fixed	NT=Trypsin;AC=MS:1001251	NT=collision-induced dissociation;AC=MS:1000133	4.5 ppm	tris(2-carboxyethyl)phosphine (tcep)	chloroacetamide (claa)	1	1	417_2.raw	ftp://ftp.pride.ebi.ac.uk/pride/data/archive/2020/05/PXD016013/417_2.raw	v1.1.0	NT=ms-proteomics;VV=v1.1.0	NT=clinical-metadata;VV=v1.0.0	NT=oncology-metadata;VV=v1.0.0	manual curation	brain
46312	homo sapiens	brain	not applicable	bacterial sepsis	1	46312	proteomic profiling by mass spectrometry	NT=Data-dependent acquisition;AC=PRIDE:0000627	NT=label free sample;AC=MS:1002038	NT=q exactive;AC=MS:1001911	NT=Oxidation;AC=UNIMOD:35;TA=M;MT=Variable	NT=Carbamidomethyl;AC=UNIMOD:4;TA=C;MT=Fixed	NT=Trypsin;AC=MS:1001251	NT=collision-induced dissociation;AC=MS:1000133	4.5 ppm	tris(2-carboxyethyl)phosphine (tcep)	chloroacetamide (claa)	1	1	46312.raw	ftp://ftp.pride.ebi.ac.uk/pride/data/archive/2020/05/PXD016013/46312.raw	v1.1.0	NT=ms-proteomics;VV=v1.1.0	NT=clinical-metadata;VV=v1.0.0	NT=oncology-metadata;VV=v1.0.0	manual curation	brain
45706	homo sapiens	brain	not applicable	bacterial sepsis	1	45706	proteomic profiling by mass spectrometry	NT=Data-dependent acquisition;AC=PRIDE:0000627	NT=label free sample;AC=MS:1002038	NT=q exactive;AC=MS:1001911	NT=Oxidation;AC=UNIMOD:35;TA=M;MT=Variable	NT=Carbamidomethyl;AC=UNIMOD:4;TA=C;MT=Fixed	NT=Trypsin;AC=MS:1001251	NT=collision-induced dissociation;AC=MS:1000133	4.5 ppm	tris(2-carboxyethyl)phosphine (tcep)	chloroacetamide (claa)	1	1	45706.raw	ftp://ftp.pride.ebi.ac.uk/pride/data/archive/2020/05/PXD016013/45706.raw	v1.1.0	NT=ms-proteomics;VV=v1.1.0	NT=clinical-metadata;VV=v1.0.0	NT=oncology-metadata;VV=v1.0.0	manual curation	brain
46306	homo sapiens	brain	not applicable	bacterial sepsis	1	46306	proteomic profiling by mass spectrometry	NT=Data-dependent acquisition;AC=PRIDE:0000627	NT=label free sample;AC=MS:1002038	NT=q exactive;AC=MS:1001911	NT=Oxidation;AC=UNIMOD:35;TA=M;MT=Variable	NT=Carbamidomethyl;AC=UNIMOD:4;TA=C;MT=Fixed	NT=Trypsin;AC=MS:1001251	NT=collision-induced dissociation;AC=MS:1000133	4.5 ppm	tris(2-carboxyethyl)phosphine (tcep)	chloroacetamide (claa)	1	1	46306.raw	ftp://ftp.pride.ebi.ac.uk/pride/data/archive/2020/05/PXD016013/46306.raw	v1.1.0	NT=ms-proteomics;VV=v1.1.0	NT=clinical-metadata;VV=v1.0.0	NT=oncology-metadata;VV=v1.0.0	manual curation	brain
412_1	homo sapiens	brain	not applicable	bacterial sepsis	1	412_1	proteomic profiling by mass spectrometry	NT=Data-dependent acquisition;AC=PRIDE:0000627	NT=label free sample;AC=MS:1002038	NT=q exactive;AC=MS:1001911	NT=Oxidation;AC=UNIMOD:35;TA=M;MT=Variable	NT=Carbamidomethyl;AC=UNIMOD:4;TA=C;MT=Fixed	NT=Trypsin;AC=MS:1001251	NT=collision-induced dissociation;AC=MS:1000133	4.5 ppm	tris(2-carboxyethyl)phosphine (tcep)	chloroacetamide (claa)	1	1	412_1.raw	ftp://ftp.pride.ebi.ac.uk/pride/data/archive/2020/05/PXD016013/412_1.raw	v1.1.0	NT=ms-proteomics;VV=v1.1.0	NT=clinical-metadata;VV=v1.0.0	NT=oncology-metadata;VV=v1.0.0	manual curation	brain
451_2	homo sapiens	brain	not applicable	bacterial sepsis	2	451_2	proteomic profiling by mass spectrometry	NT=Data-dependent acquisition;AC=PRIDE:0000627	NT=label free sample;AC=MS:1002038	NT=q exactive;AC=MS:1001911	NT=Oxidation;AC=UNIMOD:35;TA=M;MT=Variable	NT=Carbamidomethyl;AC=UNIMOD:4;TA=C;MT=Fixed	NT=Trypsin;AC=MS:1001251	NT=collision-induced dissociation;AC=MS:1000133	4.5 ppm	tris(2-carboxyethyl)phosphine (tcep)	chloroacetamide (claa)	1	1	451_2.raw	ftp://ftp.pride.ebi.ac.uk/pride/data/archive/2020/05/PXD016013/451_2.raw	v1.1.0	NT=ms-proteomics;VV=v1.1.0	NT=clinical-metadata;VV=v1.0.0	NT=oncology-metadata;VV=v1.0.0	manual curation	brain
46424	homo sapiens	brain	not applicable	bacterial sepsis	1	46424	proteomic profiling by mass spectrometry	NT=Data-dependent acquisition;AC=PRIDE:0000627	NT=label free sample;AC=MS:1002038	NT=q exactive;AC=MS:1001911	NT=Oxidation;AC=UNIMOD:35;TA=M;MT=Variable	NT=Carbamidomethyl;AC=UNIMOD:4;TA=C;MT=Fixed	NT=Trypsin;AC=MS:1001251	NT=collision-induced dissociation;AC=MS:1000133	4.5 ppm	tris(2-carboxyethyl)phosphine (tcep)	chloroacetamide (claa)	1	1	46424.raw	ftp://ftp.pride.ebi.ac.uk/pride/data/archive/2020/05/PXD016013/46424.raw	v1.1.0	NT=ms-proteomics;VV=v1.1.0	NT=clinical-metadata;VV=v1.0.0	NT=oncology-metadata;VV=v1.0.0	manual curation	brain
46206	homo sapiens	brain	not applicable	bacterial sepsis	1	46206	proteomic profiling by mass spectrometry	NT=Data-dependent acquisition;AC=PRIDE:0000627	NT=label free sample;AC=MS:1002038	NT=q exactive;AC=MS:1001911	NT=Oxidation;AC=UNIMOD:35;TA=M;MT=Variable	NT=Carbamidomethyl;AC=UNIMOD:4;TA=C;MT=Fixed	NT=Trypsin;AC=MS:1001251	NT=collision-induced dissociation;AC=MS:1000133	4.5 ppm	tris(2-carboxyethyl)phosphine (tcep)	chloroacetamide (claa)	1	1	46206.raw	ftp://ftp.pride.ebi.ac.uk/pride/data/archive/2020/05/PXD016013/46206.raw	v1.1.0	NT=ms-proteomics;VV=v1.1.0	NT=clinical-metadata;VV=v1.0.0	NT=oncology-metadata;VV=v1.0.0	manual curation	brain
46512	homo sapiens	brain	not applicable	bacterial sepsis	1	46512	proteomic profiling by mass spectrometry	NT=Data-dependent acquisition;AC=PRIDE:0000627	NT=label free sample;AC=MS:1002038	NT=q exactive;AC=MS:1001911	NT=Oxidation;AC=UNIMOD:35;TA=M;MT=Variable	NT=Carbamidomethyl;AC=UNIMOD:4;TA=C;MT=Fixed	NT=Trypsin;AC=MS:1001251	NT=collision-induced dissociation;AC=MS:1000133	4.5 ppm	tris(2-carboxyethyl)phosphine (tcep)	chloroacetamide (claa)	1	1	46512.raw	ftp://ftp.pride.ebi.ac.uk/pride/data/archive/2020/05/PXD016013/46512.raw	v1.1.0	NT=ms-proteomics;VV=v1.1.0	NT=clinical-metadata;VV=v1.0.0	NT=oncology-metadata;VV=v1.0.0	manual curation	brain
46606	homo sapiens	brain	not applicable	bacterial sepsis	1	46606	proteomic profiling by mass spectrometry	NT=Data-dependent acquisition;AC=PRIDE:0000627	NT=label free sample;AC=MS:1002038	NT=q exactive;AC=MS:1001911	NT=Oxidation;AC=UNIMOD:35;TA=M;MT=Variable	NT=Carbamidomethyl;AC=UNIMOD:4;TA=C;MT=Fixed	NT=Trypsin;AC=MS:1001251	NT=collision-induced dissociation;AC=MS:1000133	4.5 ppm	tris(2-carboxyethyl)phosphine (tcep)	chloroacetamide (claa)	1	1	46606.raw	ftp://ftp.pride.ebi.ac.uk/pride/data/archive/2020/05/PXD016013/46606.raw	v1.1.0	NT=ms-proteomics;VV=v1.1.0	NT=clinical-metadata;VV=v1.0.0	NT=oncology-metadata;VV=v1.0.0	manual curation	brain
418_1	homo sapiens	brain	not applicable	bacterial sepsis	1	418_1	proteomic profiling by mass spectrometry	NT=Data-dependent acquisition;AC=PRIDE:0000627	NT=label free sample;AC=MS:1002038	NT=q exactive;AC=MS:1001911	NT=Oxidation;AC=UNIMOD:35;TA=M;MT=Variable	NT=Carbamidomethyl;AC=UNIMOD:4;TA=C;MT=Fixed	NT=Trypsin;AC=MS:1001251	NT=collision-induced dissociation;AC=MS:1000133	4.5 ppm	tris(2-carboxyethyl)phosphine (tcep)	chloroacetamide (claa)	1	1	418_1.raw	ftp://ftp.pride.ebi.ac.uk/pride/data/archive/2020/05/PXD016013/418_1.raw	v1.1.0	NT=ms-proteomics;VV=v1.1.0	NT=clinical-metadata;VV=v1.0.0	NT=oncology-metadata;VV=v1.0.0	manual curation	brain
40024	homo sapiens	brain	not applicable	bacterial sepsis	1	40024	proteomic profiling by mass spectrometry	NT=Data-dependent acquisition;AC=PRIDE:0000627	NT=label free sample;AC=MS:1002038	NT=q exactive;AC=MS:1001911	NT=Oxidation;AC=UNIMOD:35;TA=M;MT=Variable	NT=Carbamidomethyl;AC=UNIMOD:4;TA=C;MT=Fixed	NT=Trypsin;AC=MS:1001251	NT=collision-induced dissociation;AC=MS:1000133	4.5 ppm	tris(2-carboxyethyl)phosphine (tcep)	chloroacetamide (claa)	1	1	40024.raw	ftp://ftp.pride.ebi.ac.uk/pride/data/archive/2020/05/PXD016013/40024.raw	v1.1.0	NT=ms-proteomics;VV=v1.1.0	NT=clinical-metadata;VV=v1.0.0	NT=oncology-metadata;VV=v1.0.0	manual curation	brain
40606	homo sapiens	brain	not applicable	bacterial sepsis	1	40606	proteomic profiling by mass spectrometry	NT=Data-dependent acquisition;AC=PRIDE:0000627	NT=label free sample;AC=MS:1002038	NT=q exactive;AC=MS:1001911	NT=Oxidation;AC=UNIMOD:35;TA=M;MT=Variable	NT=Carbamidomethyl;AC=UNIMOD:4;TA=C;MT=Fixed	NT=Trypsin;AC=MS:1001251	NT=collision-induced dissociation;AC=MS:1000133	4.5 ppm	tris(2-carboxyethyl)phosphine (tcep)	chloroacetamide (claa)	1	1	40606.raw	ftp://ftp.pride.ebi.ac.uk/pride/data/archive/2020/05/PXD016013/40606.raw	v1.1.0	NT=ms-proteomics;VV=v1.1.0	NT=clinical-metadata;VV=v1.0.0	NT=oncology-metadata;VV=v1.0.0	manual curation	brain
41224	homo sapiens	brain	not applicable	bacterial sepsis	1	41224	proteomic profiling by mass spectrometry	NT=Data-dependent acquisition;AC=PRIDE:0000627	NT=label free sample;AC=MS:1002038	NT=q exactive;AC=MS:1001911	NT=Oxidation;AC=UNIMOD:35;TA=M;MT=Variable	NT=Carbamidomethyl;AC=UNIMOD:4;TA=C;MT=Fixed	NT=Trypsin;AC=MS:1001251	NT=collision-induced dissociation;AC=MS:1000133	4.5 ppm	tris(2-carboxyethyl)phosphine (tcep)	chloroacetamide (claa)	1	1	41224.raw	ftp://ftp.pride.ebi.ac.uk/pride/data/archive/2020/05/PXD016013/41224.raw	v1.1.0	NT=ms-proteomics;VV=v1.1.0	NT=clinical-metadata;VV=v1.0.0	NT=oncology-metadata;VV=v1.0.0	manual curation	brain
46012	homo sapiens	brain	not applicable	bacterial sepsis	1	46012	proteomic profiling by mass spectrometry	NT=Data-dependent acquisition;AC=PRIDE:0000627	NT=label free sample;AC=MS:1002038	NT=q exactive;AC=MS:1001911	NT=Oxidation;AC=UNIMOD:35;TA=M;MT=Variable	NT=Carbamidomethyl;AC=UNIMOD:4;TA=C;MT=Fixed	NT=Trypsin;AC=MS:1001251	NT=collision-induced dissociation;AC=MS:1000133	4.5 ppm	tris(2-carboxyethyl)phosphine (tcep)	chloroacetamide (claa)	1	1	46012.raw	ftp://ftp.pride.ebi.ac.uk/pride/data/archive/2020/05/PXD016013/46012.raw	v1.1.0	NT=ms-proteomics;VV=v1.1.0	NT=clinical-metadata;VV=v1.0.0	NT=oncology-metadata;VV=v1.0.0	manual curation	brain
41206	homo sapiens	brain	not applicable	bacterial sepsis	1	41206	proteomic profiling by mass spectrometry	NT=Data-dependent acquisition;AC=PRIDE:0000627	NT=label free sample;AC=MS:1002038	NT=q exactive;AC=MS:1001911	NT=Oxidation;AC=UNIMOD:35;TA=M;MT=Variable	NT=Carbamidomethyl;AC=UNIMOD:4;TA=C;MT=Fixed	NT=Trypsin;AC=MS:1001251	NT=collision-induced dissociation;AC=MS:1000133	4.5 ppm	tris(2-carboxyethyl)phosphine (tcep)	chloroacetamide (claa)	1	1	41206.raw	ftp://ftp.pride.ebi.ac.uk/pride/data/archive/2020/05/PXD016013/41206.raw	v1.1.0	NT=ms-proteomics;VV=v1.1.0	NT=clinical-metadata;VV=v1.0.0	NT=oncology-metadata;VV=v1.0.0	manual curation	brain
406_2	homo sapiens	brain	not applicable	bacterial sepsis	2	406_2	proteomic profiling by mass spectrometry	NT=Data-dependent acquisition;AC=PRIDE:0000627	NT=label free sample;AC=MS:1002038	NT=q exactive;AC=MS:1001911	NT=Oxidation;AC=UNIMOD:35;TA=M;MT=Variable	NT=Carbamidomethyl;AC=UNIMOD:4;TA=C;MT=Fixed	NT=Trypsin;AC=MS:1001251	NT=collision-induced dissociation;AC=MS:1000133	4.5 ppm	tris(2-carboxyethyl)phosphine (tcep)	chloroacetamide (claa)	1	1	406_2.raw	ftp://ftp.pride.ebi.ac.uk/pride/data/archive/2020/05/PXD016013/406_2.raw	v1.1.0	NT=ms-proteomics;VV=v1.1.0	NT=clinical-metadata;VV=v1.0.0	NT=oncology-metadata;VV=v1.0.0	manual curation	brain
45324	homo sapiens	brain	not applicable	bacterial sepsis	1	45324	proteomic profiling by mass spectrometry	NT=Data-dependent acquisition;AC=PRIDE:0000627	NT=label free sample;AC=MS:1002038	NT=q exactive;AC=MS:1001911	NT=Oxidation;AC=UNIMOD:35;TA=M;MT=Variable	NT=Carbamidomethyl;AC=UNIMOD:4;TA=C;MT=Fixed	NT=Trypsin;AC=MS:1001251	NT=collision-induced dissociation;AC=MS:1000133	4.5 ppm	tris(2-carboxyethyl)phosphine (tcep)	chloroacetamide (claa)	1	1	45324.raw	ftp://ftp.pride.ebi.ac.uk/pride/data/archive/2020/05/PXD016013/45324.raw	v1.1.0	NT=ms-proteomics;VV=v1.1.0	NT=clinical-metadata;VV=v1.0.0	NT=oncology-metadata;VV=v1.0.0	manual curation	brain
411_2	homo sapiens	brain	not applicable	bacterial sepsis	2	411_2	proteomic profiling by mass spectrometry	NT=Data-dependent acquisition;AC=PRIDE:0000627	NT=label free sample;AC=MS:1002038	NT=q exactive;AC=MS:1001911	NT=Oxidation;AC=UNIMOD:35;TA=M;MT=Variable	NT=Carbamidomethyl;AC=UNIMOD:4;TA=C;MT=Fixed	NT=Trypsin;AC=MS:1001251	NT=collision-induced dissociation;AC=MS:1000133	4.5 ppm	tris(2-carboxyethyl)phosphine (tcep)	chloroacetamide (claa)	1	1	411_2.raw	ftp://ftp.pride.ebi.ac.uk/pride/data/archive/2020/05/PXD016013/411_2.raw	v1.1.0	NT=ms-proteomics;VV=v1.1.0	NT=clinical-metadata;VV=v1.0.0	NT=oncology-metadata;VV=v1.0.0	manual curation	brain
45812	homo sapiens	brain	not applicable	bacterial sepsis	1	45812	proteomic profiling by mass spectrometry	NT=Data-dependent acquisition;AC=PRIDE:0000627	NT=label free sample;AC=MS:1002038	NT=q exactive;AC=MS:1001911	NT=Oxidation;AC=UNIMOD:35;TA=M;MT=Variable	NT=Carbamidomethyl;AC=UNIMOD:4;TA=C;MT=Fixed	NT=Trypsin;AC=MS:1001251	NT=collision-induced dissociation;AC=MS:1000133	4.5 ppm	tris(2-carboxyethyl)phosphine (tcep)	chloroacetamide (claa)	1	1	45812.raw	ftp://ftp.pride.ebi.ac.uk/pride/data/archive/2020/05/PXD016013/45812.raw	v1.1.0	NT=ms-proteomics;VV=v1.1.0	NT=clinical-metadata;VV=v1.0.0	NT=oncology-metadata;VV=v1.0.0	manual curation	brain
405_1	homo sapiens	brain	not applicable	bacterial sepsis	1	405_1	proteomic profiling by mass spectrometry	NT=Data-dependent acquisition;AC=PRIDE:0000627	NT=label free sample;AC=MS:1002038	NT=q exactive;AC=MS:1001911	NT=Oxidation;AC=UNIMOD:35;TA=M;MT=Variable	NT=Carbamidomethyl;AC=UNIMOD:4;TA=C;MT=Fixed	NT=Trypsin;AC=MS:1001251	NT=collision-induced dissociation;AC=MS:1000133	4.5 ppm	tris(2-carboxyethyl)phosphine (tcep)	chloroacetamide (claa)	1	1	405_1.raw	ftp://ftp.pride.ebi.ac.uk/pride/data/archive/2020/05/PXD016013/405_1.raw	v1.1.0	NT=ms-proteomics;VV=v1.1.0	NT=clinical-metadata;VV=v1.0.0	NT=oncology-metadata;VV=v1.0.0	manual curation	brain
40312	homo sapiens	brain	not applicable	bacterial sepsis	1	40312	proteomic profiling by mass spectrometry	NT=Data-dependent acquisition;AC=PRIDE:0000627	NT=label free sample;AC=MS:1002038	NT=q exactive;AC=MS:1001911	NT=Oxidation;AC=UNIMOD:35;TA=M;MT=Variable	NT=Carbamidomethyl;AC=UNIMOD:4;TA=C;MT=Fixed	NT=Trypsin;AC=MS:1001251	NT=collision-induced dissociation;AC=MS:1000133	4.5 ppm	tris(2-carboxyethyl)phosphine (tcep)	chloroacetamide (claa)	1	1	40312.raw	ftp://ftp.pride.ebi.ac.uk/pride/data/archive/2020/05/PXD016013/40312.raw	v1.1.0	NT=ms-proteomics;VV=v1.1.0	NT=clinical-metadata;VV=v1.0.0	NT=oncology-metadata;VV=v1.0.0	manual curation	brain
40324	homo sapiens	brain	not applicable	bacterial sepsis	1	40324	proteomic profiling by mass spectrometry	NT=Data-dependent acquisition;AC=PRIDE:0000627	NT=label free sample;AC=MS:1002038	NT=q exactive;AC=MS:1001911	NT=Oxidation;AC=UNIMOD:35;TA=M;MT=Variable	NT=Carbamidomethyl;AC=UNIMOD:4;TA=C;MT=Fixed	NT=Trypsin;AC=MS:1001251	NT=collision-induced dissociation;AC=MS:1000133	4.5 ppm	tris(2-carboxyethyl)phosphine (tcep)	chloroacetamide (claa)	1	1	40324.raw	ftp://ftp.pride.ebi.ac.uk/pride/data/archive/2020/05/PXD016013/40324.raw	v1.1.0	NT=ms-proteomics;VV=v1.1.0	NT=clinical-metadata;VV=v1.0.0	NT=oncology-metadata;VV=v1.0.0	manual curation	brain
411_1	homo sapiens	brain	not applicable	bacterial sepsis	1	411_1	proteomic profiling by mass spectrometry	NT=Data-dependent acquisition;AC=PRIDE:0000627	NT=label free sample;AC=MS:1002038	NT=q exactive;AC=MS:1001911	NT=Oxidation;AC=UNIMOD:35;TA=M;MT=Variable	NT=Carbamidomethyl;AC=UNIMOD:4;TA=C;MT=Fixed	NT=Trypsin;AC=MS:1001251	NT=collision-induced dissociation;AC=MS:1000133	4.5 ppm	tris(2-carboxyethyl)phosphine (tcep)	chloroacetamide (claa)	1	1	411_1.raw	ftp://ftp.pride.ebi.ac.uk/pride/data/archive/2020/05/PXD016013/411_1.raw	v1.1.0	NT=ms-proteomics;VV=v1.1.0	NT=clinical-metadata;VV=v1.0.0	NT=oncology-metadata;VV=v1.0.0	manual curation	brain
453_1	homo sapiens	brain	not applicable	bacterial sepsis	1	453_1	proteomic profiling by mass spectrometry	NT=Data-dependent acquisition;AC=PRIDE:0000627	NT=label free sample;AC=MS:1002038	NT=q exactive;AC=MS:1001911	NT=Oxidation;AC=UNIMOD:35;TA=M;MT=Variable	NT=Carbamidomethyl;AC=UNIMOD:4;TA=C;MT=Fixed	NT=Trypsin;AC=MS:1001251	NT=collision-induced dissociation;AC=MS:1000133	4.5 ppm	tris(2-carboxyethyl)phosphine (tcep)	chloroacetamide (claa)	1	1	453_1.raw	ftp://ftp.pride.ebi.ac.uk/pride/data/archive/2020/05/PXD016013/453_1.raw	v1.1.0	NT=ms-proteomics;VV=v1.1.0	NT=clinical-metadata;VV=v1.0.0	NT=oncology-metadata;VV=v1.0.0	manual curation	brain
40812	homo sapiens	brain	not applicable	bacterial sepsis	1	40812	proteomic profiling by mass spectrometry	NT=Data-dependent acquisition;AC=PRIDE:0000627	NT=label free sample;AC=MS:1002038	NT=q exactive;AC=MS:1001911	NT=Oxidation;AC=UNIMOD:35;TA=M;MT=Variable	NT=Carbamidomethyl;AC=UNIMOD:4;TA=C;MT=Fixed	NT=Trypsin;AC=MS:1001251	NT=collision-induced dissociation;AC=MS:1000133	4.5 ppm	tris(2-carboxyethyl)phosphine (tcep)	chloroacetamide (claa)	1	1	40812.raw	ftp://ftp.pride.ebi.ac.uk/pride/data/archive/2020/05/PXD016013/40812.raw	v1.1.0	NT=ms-proteomics;VV=v1.1.0	NT=clinical-metadata;VV=v1.0.0	NT=oncology-metadata;VV=v1.0.0	manual curation	brain
41524	homo sapiens	brain	not applicable	bacterial sepsis	1	41524	proteomic profiling by mass spectrometry	NT=Data-dependent acquisition;AC=PRIDE:0000627	NT=label free sample;AC=MS:1002038	NT=q exactive;AC=MS:1001911	NT=Oxidation;AC=UNIMOD:35;TA=M;MT=Variable	NT=Carbamidomethyl;AC=UNIMOD:4;TA=C;MT=Fixed	NT=Trypsin;AC=MS:1001251	NT=collision-induced dissociation;AC=MS:1000133	4.5 ppm	tris(2-carboxyethyl)phosphine (tcep)	chloroacetamide (claa)	1	1	41524.raw	ftp://ftp.pride.ebi.ac.uk/pride/data/archive/2020/05/PXD016013/41524.raw	v1.1.0	NT=ms-proteomics;VV=v1.1.0	NT=clinical-metadata;VV=v1.0.0	NT=oncology-metadata;VV=v1.0.0	manual curation	brain
46506	homo sapiens	brain	not applicable	bacterial sepsis	1	46506	proteomic profiling by mass spectrometry	NT=Data-dependent acquisition;AC=PRIDE:0000627	NT=label free sample;AC=MS:1002038	NT=q exactive;AC=MS:1001911	NT=Oxidation;AC=UNIMOD:35;TA=M;MT=Variable	NT=Carbamidomethyl;AC=UNIMOD:4;TA=C;MT=Fixed	NT=Trypsin;AC=MS:1001251	NT=collision-induced dissociation;AC=MS:1000133	4.5 ppm	tris(2-carboxyethyl)phosphine (tcep)	chloroacetamide (claa)	1	1	46506.raw	ftp://ftp.pride.ebi.ac.uk/pride/data/archive/2020/05/PXD016013/46506.raw	v1.1.0	NT=ms-proteomics;VV=v1.1.0	NT=clinical-metadata;VV=v1.0.0	NT=oncology-metadata;VV=v1.0.0	manual curation	brain
403_1	homo sapiens	brain	not applicable	bacterial sepsis	1	403_1	proteomic profiling by mass spectrometry	NT=Data-dependent acquisition;AC=PRIDE:0000627	NT=label free sample;AC=MS:1002038	NT=q exactive;AC=MS:1001911	NT=Oxidation;AC=UNIMOD:35;TA=M;MT=Variable	NT=Carbamidomethyl;AC=UNIMOD:4;TA=C;MT=Fixed	NT=Trypsin;AC=MS:1001251	NT=collision-induced dissociation;AC=MS:1000133	4.5 ppm	tris(2-carboxyethyl)phosphine (tcep)	chloroacetamide (claa)	1	1	403_1.raw	ftp://ftp.pride.ebi.ac.uk/pride/data/archive/2020/05/PXD016013/403_1.raw	v1.1.0	NT=ms-proteomics;VV=v1.1.0	NT=clinical-metadata;VV=v1.0.0	NT=oncology-metadata;VV=v1.0.0	manual curation	brain
407_1	homo sapiens	brain	not applicable	bacterial sepsis	1	407_1	proteomic profiling by mass spectrometry	NT=Data-dependent acquisition;AC=PRIDE:0000627	NT=label free sample;AC=MS:1002038	NT=q exactive;AC=MS:1001911	NT=Oxidation;AC=UNIMOD:35;TA=M;MT=Variable	NT=Carbamidomethyl;AC=UNIMOD:4;TA=C;MT=Fixed	NT=Trypsin;AC=MS:1001251	NT=collision-induced dissociation;AC=MS:1000133	4.5 ppm	tris(2-carboxyethyl)phosphine (tcep)	chloroacetamide (claa)	1	1	407_1.raw	ftp://ftp.pride.ebi.ac.uk/pride/data/archive/2020/05/PXD016013/407_1.raw	v1.1.0	NT=ms-proteomics;VV=v1.1.0	NT=clinical-metadata;VV=v1.0.0	NT=oncology-metadata;VV=v1.0.0	manual curation	brain
46006	homo sapiens	brain	not applicable	bacterial sepsis	1	46006	proteomic profiling by mass spectrometry	NT=Data-dependent acquisition;AC=PRIDE:0000627	NT=label free sample;AC=MS:1002038	NT=q exactive;AC=MS:1001911	NT=Oxidation;AC=UNIMOD:35;TA=M;MT=Variable	NT=Carbamidomethyl;AC=UNIMOD:4;TA=C;MT=Fixed	NT=Trypsin;AC=MS:1001251	NT=collision-induced dissociation;AC=MS:1000133	4.5 ppm	tris(2-carboxyethyl)phosphine (tcep)	chloroacetamide (claa)	1	1	46006.raw	ftp://ftp.pride.ebi.ac.uk/pride/data/archive/2020/05/PXD016013/46006.raw	v1.1.0	NT=ms-proteomics;VV=v1.1.0	NT=clinical-metadata;VV=v1.0.0	NT=oncology-metadata;VV=v1.0.0	manual curation	brain
45024	homo sapiens	brain	not applicable	bacterial sepsis	1	45024	proteomic profiling by mass spectrometry	NT=Data-dependent acquisition;AC=PRIDE:0000627	NT=label free sample;AC=MS:1002038	NT=q exactive;AC=MS:1001911	NT=Oxidation;AC=UNIMOD:35;TA=M;MT=Variable	NT=Carbamidomethyl;AC=UNIMOD:4;TA=C;MT=Fixed	NT=Trypsin;AC=MS:1001251	NT=collision-induced dissociation;AC=MS:1000133	4.5 ppm	tris(2-carboxyethyl)phosphine (tcep)	chloroacetamide (claa)	1	1	45024.raw	ftp://ftp.pride.ebi.ac.uk/pride/data/archive/2020/05/PXD016013/45024.raw	v1.1.0	NT=ms-proteomics;VV=v1.1.0	NT=clinical-metadata;VV=v1.0.0	NT=oncology-metadata;VV=v1.0.0	manual curation	brain
407_2	homo sapiens	brain	not applicable	bacterial sepsis	2	407_2	proteomic profiling by mass spectrometry	NT=Data-dependent acquisition;AC=PRIDE:0000627	NT=label free sample;AC=MS:1002038	NT=q exactive;AC=MS:1001911	NT=Oxidation;AC=UNIMOD:35;TA=M;MT=Variable	NT=Carbamidomethyl;AC=UNIMOD:4;TA=C;MT=Fixed	NT=Trypsin;AC=MS:1001251	NT=collision-induced dissociation;AC=MS:1000133	4.5 ppm	tris(2-carboxyethyl)phosphine (tcep)	chloroacetamide (claa)	1	1	407_2.raw	ftp://ftp.pride.ebi.ac.uk/pride/data/archive/2020/05/PXD016013/407_2.raw	v1.1.0	NT=ms-proteomics;VV=v1.1.0	NT=clinical-metadata;VV=v1.0.0	NT=oncology-metadata;VV=v1.0.0	manual curation	brain
450_1	homo sapiens	brain	not applicable	bacterial sepsis	1	450_1	proteomic profiling by mass spectrometry	NT=Data-dependent acquisition;AC=PRIDE:0000627	NT=label free sample;AC=MS:1002038	NT=q exactive;AC=MS:1001911	NT=Oxidation;AC=UNIMOD:35;TA=M;MT=Variable	NT=Carbamidomethyl;AC=UNIMOD:4;TA=C;MT=Fixed	NT=Trypsin;AC=MS:1001251	NT=collision-induced dissociation;AC=MS:1000133	4.5 ppm	tris(2-carboxyethyl)phosphine (tcep)	chloroacetamide (claa)	1	1	450_1.raw	ftp://ftp.pride.ebi.ac.uk/pride/data/archive/2020/05/PXD016013/450_1.raw	v1.1.0	NT=ms-proteomics;VV=v1.1.0	NT=clinical-metadata;VV=v1.0.0	NT=oncology-metadata;VV=v1.0.0	manual curation	brain
40412	homo sapiens	brain	not applicable	bacterial sepsis	1	40412	proteomic profiling by mass spectrometry	NT=Data-dependent acquisition;AC=PRIDE:0000627	NT=label free sample;AC=MS:1002038	NT=q exactive;AC=MS:1001911	NT=Oxidation;AC=UNIMOD:35;TA=M;MT=Variable	NT=Carbamidomethyl;AC=UNIMOD:4;TA=C;MT=Fixed	NT=Trypsin;AC=MS:1001251	NT=collision-induced dissociation;AC=MS:1000133	4.5 ppm	tris(2-carboxyethyl)phosphine (tcep)	chloroacetamide (claa)	1	1	40412.raw	ftp://ftp.pride.ebi.ac.uk/pride/data/archive/2020/05/PXD016013/40412.raw	v1.1.0	NT=ms-proteomics;VV=v1.1.0	NT=clinical-metadata;VV=v1.0.0	NT=oncology-metadata;VV=v1.0.0	manual curation	brain
46224	homo sapiens	brain	not applicable	bacterial sepsis	1	46224	proteomic profiling by mass spectrometry	NT=Data-dependent acquisition;AC=PRIDE:0000627	NT=label free sample;AC=MS:1002038	NT=q exactive;AC=MS:1001911	NT=Oxidation;AC=UNIMOD:35;TA=M;MT=Variable	NT=Carbamidomethyl;AC=UNIMOD:4;TA=C;MT=Fixed	NT=Trypsin;AC=MS:1001251	NT=collision-induced dissociation;AC=MS:1000133	4.5 ppm	tris(2-carboxyethyl)phosphine (tcep)	chloroacetamide (claa)	1	1	46224.raw	ftp://ftp.pride.ebi.ac.uk/pride/data/archive/2020/05/PXD016013/46224.raw	v1.1.0	NT=ms-proteomics;VV=v1.1.0	NT=clinical-metadata;VV=v1.0.0	NT=oncology-metadata;VV=v1.0.0	manual curation	brain
41424	homo sapiens	brain	not applicable	bacterial sepsis	1	41424	proteomic profiling by mass spectrometry	NT=Data-dependent acquisition;AC=PRIDE:0000627	NT=label free sample;AC=MS:1002038	NT=q exactive;AC=MS:1001911	NT=Oxidation;AC=UNIMOD:35;TA=M;MT=Variable	NT=Carbamidomethyl;AC=UNIMOD:4;TA=C;MT=Fixed	NT=Trypsin;AC=MS:1001251	NT=collision-induced dissociation;AC=MS:1000133	4.5 ppm	tris(2-carboxyethyl)phosphine (tcep)	chloroacetamide (claa)	1	1	41424.raw	ftp://ftp.pride.ebi.ac.uk/pride/data/archive/2020/05/PXD016013/41424.raw	v1.1.0	NT=ms-proteomics;VV=v1.1.0	NT=clinical-metadata;VV=v1.0.0	NT=oncology-metadata;VV=v1.0.0	manual curation	brain
46812	homo sapiens	brain	not applicable	bacterial sepsis	1	46812	proteomic profiling by mass spectrometry	NT=Data-dependent acquisition;AC=PRIDE:0000627	NT=label free sample;AC=MS:1002038	NT=q exactive;AC=MS:1001911	NT=Oxidation;AC=UNIMOD:35;TA=M;MT=Variable	NT=Carbamidomethyl;AC=UNIMOD:4;TA=C;MT=Fixed	NT=Trypsin;AC=MS:1001251	NT=collision-induced dissociation;AC=MS:1000133	4.5 ppm	tris(2-carboxyethyl)phosphine (tcep)	chloroacetamide (claa)	1	1	46812.raw	ftp://ftp.pride.ebi.ac.uk/pride/data/archive/2020/05/PXD016013/46812.raw	v1.1.0	NT=ms-proteomics;VV=v1.1.0	NT=clinical-metadata;VV=v1.0.0	NT=oncology-metadata;VV=v1.0.0	manual curation	brain
40924	homo sapiens	brain	not applicable	bacterial sepsis	1	40924	proteomic profiling by mass spectrometry	NT=Data-dependent acquisition;AC=PRIDE:0000627	NT=label free sample;AC=MS:1002038	NT=q exactive;AC=MS:1001911	NT=Oxidation;AC=UNIMOD:35;TA=M;MT=Variable	NT=Carbamidomethyl;AC=UNIMOD:4;TA=C;MT=Fixed	NT=Trypsin;AC=MS:1001251	NT=collision-induced dissociation;AC=MS:1000133	4.5 ppm	tris(2-carboxyethyl)phosphine (tcep)	chloroacetamide (claa)	1	1	40924.raw	ftp://ftp.pride.ebi.ac.uk/pride/data/archive/2020/05/PXD016013/40924.raw	v1.1.0	NT=ms-proteomics;VV=v1.1.0	NT=clinical-metadata;VV=v1.0.0	NT=oncology-metadata;VV=v1.0.0	manual curation	brain
455_2	homo sapiens	brain	not applicable	bacterial sepsis	2	455_2	proteomic profiling by mass spectrometry	NT=Data-dependent acquisition;AC=PRIDE:0000627	NT=label free sample;AC=MS:1002038	NT=q exactive;AC=MS:1001911	NT=Oxidation;AC=UNIMOD:35;TA=M;MT=Variable	NT=Carbamidomethyl;AC=UNIMOD:4;TA=C;MT=Fixed	NT=Trypsin;AC=MS:1001251	NT=collision-induced dissociation;AC=MS:1000133	4.5 ppm	tris(2-carboxyethyl)phosphine (tcep)	chloroacetamide (claa)	1	1	455_2.raw	ftp://ftp.pride.ebi.ac.uk/pride/data/archive/2020/05/PXD016013/455_2.raw	v1.1.0	NT=ms-proteomics;VV=v1.1.0	NT=clinical-metadata;VV=v1.0.0	NT=oncology-metadata;VV=v1.0.0	manual curation	brain
45424	homo sapiens	brain	not applicable	bacterial sepsis	1	45424	proteomic profiling by mass spectrometry	NT=Data-dependent acquisition;AC=PRIDE:0000627	NT=label free sample;AC=MS:1002038	NT=q exactive;AC=MS:1001911	NT=Oxidation;AC=UNIMOD:35;TA=M;MT=Variable	NT=Carbamidomethyl;AC=UNIMOD:4;TA=C;MT=Fixed	NT=Trypsin;AC=MS:1001251	NT=collision-induced dissociation;AC=MS:1000133	4.5 ppm	tris(2-carboxyethyl)phosphine (tcep)	chloroacetamide (claa)	1	1	45424.raw	ftp://ftp.pride.ebi.ac.uk/pride/data/archive/2020/05/PXD016013/45424.raw	v1.1.0	NT=ms-proteomics;VV=v1.1.0	NT=clinical-metadata;VV=v1.0.0	NT=oncology-metadata;VV=v1.0.0	manual curation	brain
45606	homo sapiens	brain	not applicable	bacterial sepsis	1	45606	proteomic profiling by mass spectrometry	NT=Data-dependent acquisition;AC=PRIDE:0000627	NT=label free sample;AC=MS:1002038	NT=q exactive;AC=MS:1001911	NT=Oxidation;AC=UNIMOD:35;TA=M;MT=Variable	NT=Carbamidomethyl;AC=UNIMOD:4;TA=C;MT=Fixed	NT=Trypsin;AC=MS:1001251	NT=collision-induced dissociation;AC=MS:1000133	4.5 ppm	tris(2-carboxyethyl)phosphine (tcep)	chloroacetamide (claa)	1	1	45606.raw	ftp://ftp.pride.ebi.ac.uk/pride/data/archive/2020/05/PXD016013/45606.raw	v1.1.0	NT=ms-proteomics;VV=v1.1.0	NT=clinical-metadata;VV=v1.0.0	NT=oncology-metadata;VV=v1.0.0	manual curation	brain
401_1	homo sapiens	brain	not applicable	bacterial sepsis	1	401_1	proteomic profiling by mass spectrometry	NT=Data-dependent acquisition;AC=PRIDE:0000627	NT=label free sample;AC=MS:1002038	NT=q exactive;AC=MS:1001911	NT=Oxidation;AC=UNIMOD:35;TA=M;MT=Variable	NT=Carbamidomethyl;AC=UNIMOD:4;TA=C;MT=Fixed	NT=Trypsin;AC=MS:1001251	NT=collision-induced dissociation;AC=MS:1000133	4.5 ppm	tris(2-carboxyethyl)phosphine (tcep)	chloroacetamide (claa)	1	1	401_1.raw	ftp://ftp.pride.ebi.ac.uk/pride/data/archive/2020/05/PXD016013/401_1.raw	v1.1.0	NT=ms-proteomics;VV=v1.1.0	NT=clinical-metadata;VV=v1.0.0	NT=oncology-metadata;VV=v1.0.0	manual curation	brain
40906	homo sapiens	brain	not applicable	bacterial sepsis	1	40906	proteomic profiling by mass spectrometry	NT=Data-dependent acquisition;AC=PRIDE:0000627	NT=label free sample;AC=MS:1002038	NT=q exactive;AC=MS:1001911	NT=Oxidation;AC=UNIMOD:35;TA=M;MT=Variable	NT=Carbamidomethyl;AC=UNIMOD:4;TA=C;MT=Fixed	NT=Trypsin;AC=MS:1001251	NT=collision-induced dissociation;AC=MS:1000133	4.5 ppm	tris(2-carboxyethyl)phosphine (tcep)	chloroacetamide (claa)	1	1	40906.raw	ftp://ftp.pride.ebi.ac.uk/pride/data/archive/2020/05/PXD016013/40906.raw	v1.1.0	NT=ms-proteomics;VV=v1.1.0	NT=clinical-metadata;VV=v1.0.0	NT=oncology-metadata;VV=v1.0.0	manual curation	brain
41124	homo sapiens	brain	not applicable	bacterial sepsis	1	41124	proteomic profiling by mass spectrometry	NT=Data-dependent acquisition;AC=PRIDE:0000627	NT=label free sample;AC=MS:1002038	NT=q exactive;AC=MS:1001911	NT=Oxidation;AC=UNIMOD:35;TA=M;MT=Variable	NT=Carbamidomethyl;AC=UNIMOD:4;TA=C;MT=Fixed	NT=Trypsin;AC=MS:1001251	NT=collision-induced dissociation;AC=MS:1000133	4.5 ppm	tris(2-carboxyethyl)phosphine (tcep)	chloroacetamide (claa)	1	1	41124.raw	ftp://ftp.pride.ebi.ac.uk/pride/data/archive/2020/05/PXD016013/41124.raw	v1.1.0	NT=ms-proteomics;VV=v1.1.0	NT=clinical-metadata;VV=v1.0.0	NT=oncology-metadata;VV=v1.0.0	manual curation	brain
40224	homo sapiens	brain	not applicable	bacterial sepsis	1	40224	proteomic profiling by mass spectrometry	NT=Data-dependent acquisition;AC=PRIDE:0000627	NT=label free sample;AC=MS:1002038	NT=q exactive;AC=MS:1001911	NT=Oxidation;AC=UNIMOD:35;TA=M;MT=Variable	NT=Carbamidomethyl;AC=UNIMOD:4;TA=C;MT=Fixed	NT=Trypsin;AC=MS:1001251	NT=collision-induced dissociation;AC=MS:1000133	4.5 ppm	tris(2-carboxyethyl)phosphine (tcep)	chloroacetamide (claa)	1	1	40224.raw	ftp://ftp.pride.ebi.ac.uk/pride/data/archive/2020/05/PXD016013/40224.raw	v1.1.0	NT=ms-proteomics;VV=v1.1.0	NT=clinical-metadata;VV=v1.0.0	NT=oncology-metadata;VV=v1.0.0	manual curation	brain
46624	homo sapiens	brain	not applicable	bacterial sepsis	1	46624	proteomic profiling by mass spectrometry	NT=Data-dependent acquisition;AC=PRIDE:0000627	NT=label free sample;AC=MS:1002038	NT=q exactive;AC=MS:1001911	NT=Oxidation;AC=UNIMOD:35;TA=M;MT=Variable	NT=Carbamidomethyl;AC=UNIMOD:4;TA=C;MT=Fixed	NT=Trypsin;AC=MS:1001251	NT=collision-induced dissociation;AC=MS:1000133	4.5 ppm	tris(2-carboxyethyl)phosphine (tcep)	chloroacetamide (claa)	1	1	46624.raw	ftp://ftp.pride.ebi.ac.uk/pride/data/archive/2020/05/PXD016013/46624.raw	v1.1.0	NT=ms-proteomics;VV=v1.1.0	NT=clinical-metadata;VV=v1.0.0	NT=oncology-metadata;VV=v1.0.0	manual curation	brain
403_2	homo sapiens	brain	not applicable	bacterial sepsis	2	403_2	proteomic profiling by mass spectrometry	NT=Data-dependent acquisition;AC=PRIDE:0000627	NT=label free sample;AC=MS:1002038	NT=q exactive;AC=MS:1001911	NT=Oxidation;AC=UNIMOD:35;TA=M;MT=Variable	NT=Carbamidomethyl;AC=UNIMOD:4;TA=C;MT=Fixed	NT=Trypsin;AC=MS:1001251	NT=collision-induced dissociation;AC=MS:1000133	4.5 ppm	tris(2-carboxyethyl)phosphine (tcep)	chloroacetamide (claa)	1	1	403_2.raw	ftp://ftp.pride.ebi.ac.uk/pride/data/archive/2020/05/PXD016013/403_2.raw	v1.1.0	NT=ms-proteomics;VV=v1.1.0	NT=clinical-metadata;VV=v1.0.0	NT=oncology-metadata;VV=v1.0.0	manual curation	brain
41212	homo sapiens	brain	not applicable	bacterial sepsis	1	41212	proteomic profiling by mass spectrometry	NT=Data-dependent acquisition;AC=PRIDE:0000627	NT=label free sample;AC=MS:1002038	NT=q exactive;AC=MS:1001911	NT=Oxidation;AC=UNIMOD:35;TA=M;MT=Variable	NT=Carbamidomethyl;AC=UNIMOD:4;TA=C;MT=Fixed	NT=Trypsin;AC=MS:1001251	NT=collision-induced dissociation;AC=MS:1000133	4.5 ppm	tris(2-carboxyethyl)phosphine (tcep)	chloroacetamide (claa)	1	1	41212.raw	ftp://ftp.pride.ebi.ac.uk/pride/data/archive/2020/05/PXD016013/41212.raw	v1.1.0	NT=ms-proteomics;VV=v1.1.0	NT=clinical-metadata;VV=v1.0.0	NT=oncology-metadata;VV=v1.0.0	manual curation	brain
466_2	homo sapiens	brain	not applicable	bacterial sepsis	2	466_2	proteomic profiling by mass spectrometry	NT=Data-dependent acquisition;AC=PRIDE:0000627	NT=label free sample;AC=MS:1002038	NT=q exactive;AC=MS:1001911	NT=Oxidation;AC=UNIMOD:35;TA=M;MT=Variable	NT=Carbamidomethyl;AC=UNIMOD:4;TA=C;MT=Fixed	NT=Trypsin;AC=MS:1001251	NT=collision-induced dissociation;AC=MS:1000133	4.5 ppm	tris(2-carboxyethyl)phosphine (tcep)	chloroacetamide (claa)	1	1	466_2.raw	ftp://ftp.pride.ebi.ac.uk/pride/data/archive/2020/05/PXD016013/466_2.raw	v1.1.0	NT=ms-proteomics;VV=v1.1.0	NT=clinical-metadata;VV=v1.0.0	NT=oncology-metadata;VV=v1.0.0	manual curation	brain
40212	homo sapiens	brain	not applicable	bacterial sepsis	1	40212	proteomic profiling by mass spectrometry	NT=Data-dependent acquisition;AC=PRIDE:0000627	NT=label free sample;AC=MS:1002038	NT=q exactive;AC=MS:1001911	NT=Oxidation;AC=UNIMOD:35;TA=M;MT=Variable	NT=Carbamidomethyl;AC=UNIMOD:4;TA=C;MT=Fixed	NT=Trypsin;AC=MS:1001251	NT=collision-induced dissociation;AC=MS:1000133	4.5 ppm	tris(2-carboxyethyl)phosphine (tcep)	chloroacetamide (claa)	1	1	40212.raw	ftp://ftp.pride.ebi.ac.uk/pride/data/archive/2020/05/PXD016013/40212.raw	v1.1.0	NT=ms-proteomics;VV=v1.1.0	NT=clinical-metadata;VV=v1.0.0	NT=oncology-metadata;VV=v1.0.0	manual curation	brain
45512	homo sapiens	brain	not applicable	bacterial sepsis	1	45512	proteomic profiling by mass spectrometry	NT=Data-dependent acquisition;AC=PRIDE:0000627	NT=label free sample;AC=MS:1002038	NT=q exactive;AC=MS:1001911	NT=Oxidation;AC=UNIMOD:35;TA=M;MT=Variable	NT=Carbamidomethyl;AC=UNIMOD:4;TA=C;MT=Fixed	NT=Trypsin;AC=MS:1001251	NT=collision-induced dissociation;AC=MS:1000133	4.5 ppm	tris(2-carboxyethyl)phosphine (tcep)	chloroacetamide (claa)	1	1	45512.raw	ftp://ftp.pride.ebi.ac.uk/pride/data/archive/2020/05/PXD016013/45512.raw	v1.1.0	NT=ms-proteomics;VV=v1.1.0	NT=clinical-metadata;VV=v1.0.0	NT=oncology-metadata;VV=v1.0.0	manual curation	brain
466_1	homo sapiens	brain	not applicable	bacterial sepsis	1	466_1	proteomic profiling by mass spectrometry	NT=Data-dependent acquisition;AC=PRIDE:0000627	NT=label free sample;AC=MS:1002038	NT=q exactive;AC=MS:1001911	NT=Oxidation;AC=UNIMOD:35;TA=M;MT=Variable	NT=Carbamidomethyl;AC=UNIMOD:4;TA=C;MT=Fixed	NT=Trypsin;AC=MS:1001251	NT=collision-induced dissociation;AC=MS:1000133	4.5 ppm	tris(2-carboxyethyl)phosphine (tcep)	chloroacetamide (claa)	1	1	466_1.raw	ftp://ftp.pride.ebi.ac.uk/pride/data/archive/2020/05/PXD016013/466_1.raw	v1.1.0	NT=ms-proteomics;VV=v1.1.0	NT=clinical-metadata;VV=v1.0.0	NT=oncology-metadata;VV=v1.0.0	manual curation	brain
41106	homo sapiens	brain	not applicable	bacterial sepsis	1	41106	proteomic profiling by mass spectrometry	NT=Data-dependent acquisition;AC=PRIDE:0000627	NT=label free sample;AC=MS:1002038	NT=q exactive;AC=MS:1001911	NT=Oxidation;AC=UNIMOD:35;TA=M;MT=Variable	NT=Carbamidomethyl;AC=UNIMOD:4;TA=C;MT=Fixed	NT=Trypsin;AC=MS:1001251	NT=collision-induced dissociation;AC=MS:1000133	4.5 ppm	tris(2-carboxyethyl)phosphine (tcep)	chloroacetamide (claa)	1	1	41106.raw	ftp://ftp.pride.ebi.ac.uk/pride/data/archive/2020/05/PXD016013/41106.raw	v1.1.0	NT=ms-proteomics;VV=v1.1.0	NT=clinical-metadata;VV=v1.0.0	NT=oncology-metadata;VV=v1.0.0	manual curation	brain
40306	homo sapiens	brain	not applicable	bacterial sepsis	1	40306	proteomic profiling by mass spectrometry	NT=Data-dependent acquisition;AC=PRIDE:0000627	NT=label free sample;AC=MS:1002038	NT=q exactive;AC=MS:1001911	NT=Oxidation;AC=UNIMOD:35;TA=M;MT=Variable	NT=Carbamidomethyl;AC=UNIMOD:4;TA=C;MT=Fixed	NT=Trypsin;AC=MS:1001251	NT=collision-induced dissociation;AC=MS:1000133	4.5 ppm	tris(2-carboxyethyl)phosphine (tcep)	chloroacetamide (claa)	1	1	40306.raw	ftp://ftp.pride.ebi.ac.uk/pride/data/archive/2020/05/PXD016013/40306.raw	v1.1.0	NT=ms-proteomics;VV=v1.1.0	NT=clinical-metadata;VV=v1.0.0	NT=oncology-metadata;VV=v1.0.0	manual curation	brain
41112	homo sapiens	brain	not applicable	bacterial sepsis	1	41112	proteomic profiling by mass spectrometry	NT=Data-dependent acquisition;AC=PRIDE:0000627	NT=label free sample;AC=MS:1002038	NT=q exactive;AC=MS:1001911	NT=Oxidation;AC=UNIMOD:35;TA=M;MT=Variable	NT=Carbamidomethyl;AC=UNIMOD:4;TA=C;MT=Fixed	NT=Trypsin;AC=MS:1001251	NT=collision-induced dissociation;AC=MS:1000133	4.5 ppm	tris(2-carboxyethyl)phosphine (tcep)	chloroacetamide (claa)	1	1	41112.raw	ftp://ftp.pride.ebi.ac.uk/pride/data/archive/2020/05/PXD016013/41112.raw	v1.1.0	NT=ms-proteomics;VV=v1.1.0	NT=clinical-metadata;VV=v1.0.0	NT=oncology-metadata;VV=v1.0.0	manual curation	brain
45206	homo sapiens	brain	not applicable	bacterial sepsis	1	45206	proteomic profiling by mass spectrometry	NT=Data-dependent acquisition;AC=PRIDE:0000627	NT=label free sample;AC=MS:1002038	NT=q exactive;AC=MS:1001911	NT=Oxidation;AC=UNIMOD:35;TA=M;MT=Variable	NT=Carbamidomethyl;AC=UNIMOD:4;TA=C;MT=Fixed	NT=Trypsin;AC=MS:1001251	NT=collision-induced dissociation;AC=MS:1000133	4.5 ppm	tris(2-carboxyethyl)phosphine (tcep)	chloroacetamide (claa)	1	1	45206.raw	ftp://ftp.pride.ebi.ac.uk/pride/data/archive/2020/05/PXD016013/45206.raw	v1.1.0	NT=ms-proteomics;VV=v1.1.0	NT=clinical-metadata;VV=v1.0.0	NT=oncology-metadata;VV=v1.0.0	manual curation	brain
45824	homo sapiens	brain	not applicable	bacterial sepsis	1	45824	proteomic profiling by mass spectrometry	NT=Data-dependent acquisition;AC=PRIDE:0000627	NT=label free sample;AC=MS:1002038	NT=q exactive;AC=MS:1001911	NT=Oxidation;AC=UNIMOD:35;TA=M;MT=Variable	NT=Carbamidomethyl;AC=UNIMOD:4;TA=C;MT=Fixed	NT=Trypsin;AC=MS:1001251	NT=collision-induced dissociation;AC=MS:1000133	4.5 ppm	tris(2-carboxyethyl)phosphine (tcep)	chloroacetamide (claa)	1	1	45824.raw	ftp://ftp.pride.ebi.ac.uk/pride/data/archive/2020/05/PXD016013/45824.raw	v1.1.0	NT=ms-proteomics;VV=v1.1.0	NT=clinical-metadata;VV=v1.0.0	NT=oncology-metadata;VV=v1.0.0	manual curation	brain
41306	homo sapiens	brain	not applicable	bacterial sepsis	1	41306	proteomic profiling by mass spectrometry	NT=Data-dependent acquisition;AC=PRIDE:0000627	NT=label free sample;AC=MS:1002038	NT=q exactive;AC=MS:1001911	NT=Oxidation;AC=UNIMOD:35;TA=M;MT=Variable	NT=Carbamidomethyl;AC=UNIMOD:4;TA=C;MT=Fixed	NT=Trypsin;AC=MS:1001251	NT=collision-induced dissociation;AC=MS:1000133	4.5 ppm	tris(2-carboxyethyl)phosphine (tcep)	chloroacetamide (claa)	1	1	41306.raw	ftp://ftp.pride.ebi.ac.uk/pride/data/archive/2020/05/PXD016013/41306.raw	v1.1.0	NT=ms-proteomics;VV=v1.1.0	NT=clinical-metadata;VV=v1.0.0	NT=oncology-metadata;VV=v1.0.0	manual curation	brain
41606	homo sapiens	brain	not applicable	bacterial sepsis	1	41606	proteomic profiling by mass spectrometry	NT=Data-dependent acquisition;AC=PRIDE:0000627	NT=label free sample;AC=MS:1002038	NT=q exactive;AC=MS:1001911	NT=Oxidation;AC=UNIMOD:35;TA=M;MT=Variable	NT=Carbamidomethyl;AC=UNIMOD:4;TA=C;MT=Fixed	NT=Trypsin;AC=MS:1001251	NT=collision-induced dissociation;AC=MS:1000133	4.5 ppm	tris(2-carboxyethyl)phosphine (tcep)	chloroacetamide (claa)	1	1	41606.raw	ftp://ftp.pride.ebi.ac.uk/pride/data/archive/2020/05/PXD016013/41606.raw	v1.1.0	NT=ms-proteomics;VV=v1.1.0	NT=clinical-metadata;VV=v1.0.0	NT=oncology-metadata;VV=v1.0.0	manual curation	brain
40406	homo sapiens	brain	not applicable	bacterial sepsis	1	40406	proteomic profiling by mass spectrometry	NT=Data-dependent acquisition;AC=PRIDE:0000627	NT=label free sample;AC=MS:1002038	NT=q exactive;AC=MS:1001911	NT=Oxidation;AC=UNIMOD:35;TA=M;MT=Variable	NT=Carbamidomethyl;AC=UNIMOD:4;TA=C;MT=Fixed	NT=Trypsin;AC=MS:1001251	NT=collision-induced dissociation;AC=MS:1000133	4.5 ppm	tris(2-carboxyethyl)phosphine (tcep)	chloroacetamide (claa)	1	1	40406.raw	ftp://ftp.pride.ebi.ac.uk/pride/data/archive/2020/05/PXD016013/40406.raw	v1.1.0	NT=ms-proteomics;VV=v1.1.0	NT=clinical-metadata;VV=v1.0.0	NT=oncology-metadata;VV=v1.0.0	manual curation	brain
46912	homo sapiens	brain	not applicable	bacterial sepsis	1	46912	proteomic profiling by mass spectrometry	NT=Data-dependent acquisition;AC=PRIDE:0000627	NT=label free sample;AC=MS:1002038	NT=q exactive;AC=MS:1001911	NT=Oxidation;AC=UNIMOD:35;TA=M;MT=Variable	NT=Carbamidomethyl;AC=UNIMOD:4;TA=C;MT=Fixed	NT=Trypsin;AC=MS:1001251	NT=collision-induced dissociation;AC=MS:1000133	4.5 ppm	tris(2-carboxyethyl)phosphine (tcep)	chloroacetamide (claa)	1	1	46912.raw	ftp://ftp.pride.ebi.ac.uk/pride/data/archive/2020/05/PXD016013/46912.raw	v1.1.0	NT=ms-proteomics;VV=v1.1.0	NT=clinical-metadata;VV=v1.0.0	NT=oncology-metadata;VV=v1.0.0	manual curation	brain
463_1	homo sapiens	brain	not applicable	bacterial sepsis	1	463_1	proteomic profiling by mass spectrometry	NT=Data-dependent acquisition;AC=PRIDE:0000627	NT=label free sample;AC=MS:1002038	NT=q exactive;AC=MS:1001911	NT=Oxidation;AC=UNIMOD:35;TA=M;MT=Variable	NT=Carbamidomethyl;AC=UNIMOD:4;TA=C;MT=Fixed	NT=Trypsin;AC=MS:1001251	NT=collision-induced dissociation;AC=MS:1000133	4.5 ppm	tris(2-carboxyethyl)phosphine (tcep)	chloroacetamide (claa)	1	1	463_1.raw	ftp://ftp.pride.ebi.ac.uk/pride/data/archive/2020/05/PXD016013/463_1.raw	v1.1.0	NT=ms-proteomics;VV=v1.1.0	NT=clinical-metadata;VV=v1.0.0	NT=oncology-metadata;VV=v1.0.0	manual curation	brain
40524	homo sapiens	brain	not applicable	bacterial sepsis	1	40524	proteomic profiling by mass spectrometry	NT=Data-dependent acquisition;AC=PRIDE:0000627	NT=label free sample;AC=MS:1002038	NT=q exactive;AC=MS:1001911	NT=Oxidation;AC=UNIMOD:35;TA=M;MT=Variable	NT=Carbamidomethyl;AC=UNIMOD:4;TA=C;MT=Fixed	NT=Trypsin;AC=MS:1001251	NT=collision-induced dissociation;AC=MS:1000133	4.5 ppm	tris(2-carboxyethyl)phosphine (tcep)	chloroacetamide (claa)	1	1	40524.raw	ftp://ftp.pride.ebi.ac.uk/pride/data/archive/2020/05/PXD016013/40524.raw	v1.1.0	NT=ms-proteomics;VV=v1.1.0	NT=clinical-metadata;VV=v1.0.0	NT=oncology-metadata;VV=v1.0.0	manual curation	brain
449_1	homo sapiens	brain	not applicable	bacterial sepsis	1	449_1	proteomic profiling by mass spectrometry	NT=Data-dependent acquisition;AC=PRIDE:0000627	NT=label free sample;AC=MS:1002038	NT=q exactive;AC=MS:1001911	NT=Oxidation;AC=UNIMOD:35;TA=M;MT=Variable	NT=Carbamidomethyl;AC=UNIMOD:4;TA=C;MT=Fixed	NT=Trypsin;AC=MS:1001251	NT=collision-induced dissociation;AC=MS:1000133	4.5 ppm	tris(2-carboxyethyl)phosphine (tcep)	chloroacetamide (claa)	1	1	449_1.raw	ftp://ftp.pride.ebi.ac.uk/pride/data/archive/2020/05/PXD016013/449_1.raw	v1.1.0	NT=ms-proteomics;VV=v1.1.0	NT=clinical-metadata;VV=v1.0.0	NT=oncology-metadata;VV=v1.0.0	manual curation	brain
45406	homo sapiens	brain	not applicable	bacterial sepsis	1	45406	proteomic profiling by mass spectrometry	NT=Data-dependent acquisition;AC=PRIDE:0000627	NT=label free sample;AC=MS:1002038	NT=q exactive;AC=MS:1001911	NT=Oxidation;AC=UNIMOD:35;TA=M;MT=Variable	NT=Carbamidomethyl;AC=UNIMOD:4;TA=C;MT=Fixed	NT=Trypsin;AC=MS:1001251	NT=collision-induced dissociation;AC=MS:1000133	4.5 ppm	tris(2-carboxyethyl)phosphine (tcep)	chloroacetamide (claa)	1	1	45406.raw	ftp://ftp.pride.ebi.ac.uk/pride/data/archive/2020/05/PXD016013/45406.raw	v1.1.0	NT=ms-proteomics;VV=v1.1.0	NT=clinical-metadata;VV=v1.0.0	NT=oncology-metadata;VV=v1.0.0	manual curation	brain
418_2	homo sapiens	brain	not applicable	bacterial sepsis	2	418_2	proteomic profiling by mass spectrometry	NT=Data-dependent acquisition;AC=PRIDE:0000627	NT=label free sample;AC=MS:1002038	NT=q exactive;AC=MS:1001911	NT=Oxidation;AC=UNIMOD:35;TA=M;MT=Variable	NT=Carbamidomethyl;AC=UNIMOD:4;TA=C;MT=Fixed	NT=Trypsin;AC=MS:1001251	NT=collision-induced dissociation;AC=MS:1000133	4.5 ppm	tris(2-carboxyethyl)phosphine (tcep)	chloroacetamide (claa)	1	1	418_2.raw	ftp://ftp.pride.ebi.ac.uk/pride/data/archive/2020/05/PXD016013/418_2.raw	v1.1.0	NT=ms-proteomics;VV=v1.1.0	NT=clinical-metadata;VV=v1.0.0	NT=oncology-metadata;VV=v1.0.0	manual curation	brain
416_1	homo sapiens	brain	not applicable	bacterial sepsis	1	416_1	proteomic profiling by mass spectrometry	NT=Data-dependent acquisition;AC=PRIDE:0000627	NT=label free sample;AC=MS:1002038	NT=q exactive;AC=MS:1001911	NT=Oxidation;AC=UNIMOD:35;TA=M;MT=Variable	NT=Carbamidomethyl;AC=UNIMOD:4;TA=C;MT=Fixed	NT=Trypsin;AC=MS:1001251	NT=collision-induced dissociation;AC=MS:1000133	4.5 ppm	tris(2-carboxyethyl)phosphine (tcep)	chloroacetamide (claa)	1	1	416_1.raw	ftp://ftp.pride.ebi.ac.uk/pride/data/archive/2020/05/PXD016013/416_1.raw	v1.1.0	NT=ms-proteomics;VV=v1.1.0	NT=clinical-metadata;VV=v1.0.0	NT=oncology-metadata;VV=v1.0.0	manual curation	brain
40112	homo sapiens	brain	not applicable	bacterial sepsis	1	40112	proteomic profiling by mass spectrometry	NT=Data-dependent acquisition;AC=PRIDE:0000627	NT=label free sample;AC=MS:1002038	NT=q exactive;AC=MS:1001911	NT=Oxidation;AC=UNIMOD:35;TA=M;MT=Variable	NT=Carbamidomethyl;AC=UNIMOD:4;TA=C;MT=Fixed	NT=Trypsin;AC=MS:1001251	NT=collision-induced dissociation;AC=MS:1000133	4.5 ppm	tris(2-carboxyethyl)phosphine (tcep)	chloroacetamide (claa)	1	1	40112.raw	ftp://ftp.pride.ebi.ac.uk/pride/data/archive/2020/05/PXD016013/40112.raw	v1.1.0	NT=ms-proteomics;VV=v1.1.0	NT=clinical-metadata;VV=v1.0.0	NT=oncology-metadata;VV=v1.0.0	manual curation	brain
40124	homo sapiens	brain	not applicable	bacterial sepsis	1	40124	proteomic profiling by mass spectrometry	NT=Data-dependent acquisition;AC=PRIDE:0000627	NT=label free sample;AC=MS:1002038	NT=q exactive;AC=MS:1001911	NT=Oxidation;AC=UNIMOD:35;TA=M;MT=Variable	NT=Carbamidomethyl;AC=UNIMOD:4;TA=C;MT=Fixed	NT=Trypsin;AC=MS:1001251	NT=collision-induced dissociation;AC=MS:1000133	4.5 ppm	tris(2-carboxyethyl)phosphine (tcep)	chloroacetamide (claa)	1	1	40124.raw	ftp://ftp.pride.ebi.ac.uk/pride/data/archive/2020/05/PXD016013/40124.raw	v1.1.0	NT=ms-proteomics;VV=v1.1.0	NT=clinical-metadata;VV=v1.0.0	NT=oncology-metadata;VV=v1.0.0	manual curation	brain
450_2	homo sapiens	brain	not applicable	bacterial sepsis	2	450_2	proteomic profiling by mass spectrometry	NT=Data-dependent acquisition;AC=PRIDE:0000627	NT=label free sample;AC=MS:1002038	NT=q exactive;AC=MS:1001911	NT=Oxidation;AC=UNIMOD:35;TA=M;MT=Variable	NT=Carbamidomethyl;AC=UNIMOD:4;TA=C;MT=Fixed	NT=Trypsin;AC=MS:1001251	NT=collision-induced dissociation;AC=MS:1000133	4.5 ppm	tris(2-carboxyethyl)phosphine (tcep)	chloroacetamide (claa)	1	1	450_2.raw	ftp://ftp.pride.ebi.ac.uk/pride/data/archive/2020/05/PXD016013/450_2.raw	v1.1.0	NT=ms-proteomics;VV=v1.1.0	NT=clinical-metadata;VV=v1.0.0	NT=oncology-metadata;VV=v1.0.0	manual curation	brain
459_2	homo sapiens	brain	not applicable	bacterial sepsis	2	459_2	proteomic profiling by mass spectrometry	NT=Data-dependent acquisition;AC=PRIDE:0000627	NT=label free sample;AC=MS:1002038	NT=q exactive;AC=MS:1001911	NT=Oxidation;AC=UNIMOD:35;TA=M;MT=Variable	NT=Carbamidomethyl;AC=UNIMOD:4;TA=C;MT=Fixed	NT=Trypsin;AC=MS:1001251	NT=collision-induced dissociation;AC=MS:1000133	4.5 ppm	tris(2-carboxyethyl)phosphine (tcep)	chloroacetamide (claa)	1	1	459_2.raw	ftp://ftp.pride.ebi.ac.uk/pride/data/archive/2020/05/PXD016013/459_2.raw	v1.1.0	NT=ms-proteomics;VV=v1.1.0	NT=clinical-metadata;VV=v1.0.0	NT=oncology-metadata;VV=v1.0.0	manual curation	brain
40424	homo sapiens	brain	not applicable	bacterial sepsis	1	40424	proteomic profiling by mass spectrometry	NT=Data-dependent acquisition;AC=PRIDE:0000627	NT=label free sample;AC=MS:1002038	NT=q exactive;AC=MS:1001911	NT=Oxidation;AC=UNIMOD:35;TA=M;MT=Variable	NT=Carbamidomethyl;AC=UNIMOD:4;TA=C;MT=Fixed	NT=Trypsin;AC=MS:1001251	NT=collision-induced dissociation;AC=MS:1000133	4.5 ppm	tris(2-carboxyethyl)phosphine (tcep)	chloroacetamide (claa)	1	1	40424.raw	ftp://ftp.pride.ebi.ac.uk/pride/data/archive/2020/05/PXD016013/40424.raw	v1.1.0	NT=ms-proteomics;VV=v1.1.0	NT=clinical-metadata;VV=v1.0.0	NT=oncology-metadata;VV=v1.0.0	manual curation	brain
45924	homo sapiens	brain	not applicable	bacterial sepsis	1	45924	proteomic profiling by mass spectrometry	NT=Data-dependent acquisition;AC=PRIDE:0000627	NT=label free sample;AC=MS:1002038	NT=q exactive;AC=MS:1001911	NT=Oxidation;AC=UNIMOD:35;TA=M;MT=Variable	NT=Carbamidomethyl;AC=UNIMOD:4;TA=C;MT=Fixed	NT=Trypsin;AC=MS:1001251	NT=collision-induced dissociation;AC=MS:1000133	4.5 ppm	tris(2-carboxyethyl)phosphine (tcep)	chloroacetamide (claa)	1	1	45924.raw	ftp://ftp.pride.ebi.ac.uk/pride/data/archive/2020/05/PXD016013/45924.raw	v1.1.0	NT=ms-proteomics;VV=v1.1.0	NT=clinical-metadata;VV=v1.0.0	NT=oncology-metadata;VV=v1.0.0	manual curation	brain
46024	homo sapiens	brain	not applicable	bacterial sepsis	1	46024	proteomic profiling by mass spectrometry	NT=Data-dependent acquisition;AC=PRIDE:0000627	NT=label free sample;AC=MS:1002038	NT=q exactive;AC=MS:1001911	NT=Oxidation;AC=UNIMOD:35;TA=M;MT=Variable	NT=Carbamidomethyl;AC=UNIMOD:4;TA=C;MT=Fixed	NT=Trypsin;AC=MS:1001251	NT=collision-induced dissociation;AC=MS:1000133	4.5 ppm	tris(2-carboxyethyl)phosphine (tcep)	chloroacetamide (claa)	1	1	46024.raw	ftp://ftp.pride.ebi.ac.uk/pride/data/archive/2020/05/PXD016013/46024.raw	v1.1.0	NT=ms-proteomics;VV=v1.1.0	NT=clinical-metadata;VV=v1.0.0	NT=oncology-metadata;VV=v1.0.0	manual curation	brain
458_1	homo sapiens	brain	not applicable	bacterial sepsis	1	458_1	proteomic profiling by mass spectrometry	NT=Data-dependent acquisition;AC=PRIDE:0000627	NT=label free sample;AC=MS:1002038	NT=q exactive;AC=MS:1001911	NT=Oxidation;AC=UNIMOD:35;TA=M;MT=Variable	NT=Carbamidomethyl;AC=UNIMOD:4;TA=C;MT=Fixed	NT=Trypsin;AC=MS:1001251	NT=collision-induced dissociation;AC=MS:1000133	4.5 ppm	tris(2-carboxyethyl)phosphine (tcep)	chloroacetamide (claa)	1	1	458_1.raw	ftp://ftp.pride.ebi.ac.uk/pride/data/archive/2020/05/PXD016013/458_1.raw	v1.1.0	NT=ms-proteomics;VV=v1.1.0	NT=clinical-metadata;VV=v1.0.0	NT=oncology-metadata;VV=v1.0.0	manual curation	brain
46406	homo sapiens	brain	not applicable	bacterial sepsis	1	46406	proteomic profiling by mass spectrometry	NT=Data-dependent acquisition;AC=PRIDE:0000627	NT=label free sample;AC=MS:1002038	NT=q exactive;AC=MS:1001911	NT=Oxidation;AC=UNIMOD:35;TA=M;MT=Variable	NT=Carbamidomethyl;AC=UNIMOD:4;TA=C;MT=Fixed	NT=Trypsin;AC=MS:1001251	NT=collision-induced dissociation;AC=MS:1000133	4.5 ppm	tris(2-carboxyethyl)phosphine (tcep)	chloroacetamide (claa)	1	1	46406.raw	ftp://ftp.pride.ebi.ac.uk/pride/data/archive/2020/05/PXD016013/46406.raw	v1.1.0	NT=ms-proteomics;VV=v1.1.0	NT=clinical-metadata;VV=v1.0.0	NT=oncology-metadata;VV=v1.0.0	manual curation	brain
46806	homo sapiens	brain	not applicable	bacterial sepsis	1	46806	proteomic profiling by mass spectrometry	NT=Data-dependent acquisition;AC=PRIDE:0000627	NT=label free sample;AC=MS:1002038	NT=q exactive;AC=MS:1001911	NT=Oxidation;AC=UNIMOD:35;TA=M;MT=Variable	NT=Carbamidomethyl;AC=UNIMOD:4;TA=C;MT=Fixed	NT=Trypsin;AC=MS:1001251	NT=collision-induced dissociation;AC=MS:1000133	4.5 ppm	tris(2-carboxyethyl)phosphine (tcep)	chloroacetamide (claa)	1	1	46806.raw	ftp://ftp.pride.ebi.ac.uk/pride/data/archive/2020/05/PXD016013/46806.raw	v1.1.0	NT=ms-proteomics;VV=v1.1.0	NT=clinical-metadata;VV=v1.0.0	NT=oncology-metadata;VV=v1.0.0	manual curation	brain
412_2	homo sapiens	brain	not applicable	bacterial sepsis	2	412_2	proteomic profiling by mass spectrometry	NT=Data-dependent acquisition;AC=PRIDE:0000627	NT=label free sample;AC=MS:1002038	NT=q exactive;AC=MS:1001911	NT=Oxidation;AC=UNIMOD:35;TA=M;MT=Variable	NT=Carbamidomethyl;AC=UNIMOD:4;TA=C;MT=Fixed	NT=Trypsin;AC=MS:1001251	NT=collision-induced dissociation;AC=MS:1000133	4.5 ppm	tris(2-carboxyethyl)phosphine (tcep)	chloroacetamide (claa)	1	1	412_2.raw	ftp://ftp.pride.ebi.ac.uk/pride/data/archive/2020/05/PXD016013/412_2.raw	v1.1.0	NT=ms-proteomics;VV=v1.1.0	NT=clinical-metadata;VV=v1.0.0	NT=oncology-metadata;VV=v1.0.0	manual curation	brain
45724	homo sapiens	brain	not applicable	bacterial sepsis	1	45724	proteomic profiling by mass spectrometry	NT=Data-dependent acquisition;AC=PRIDE:0000627	NT=label free sample;AC=MS:1002038	NT=q exactive;AC=MS:1001911	NT=Oxidation;AC=UNIMOD:35;TA=M;MT=Variable	NT=Carbamidomethyl;AC=UNIMOD:4;TA=C;MT=Fixed	NT=Trypsin;AC=MS:1001251	NT=collision-induced dissociation;AC=MS:1000133	4.5 ppm	tris(2-carboxyethyl)phosphine (tcep)	chloroacetamide (claa)	1	1	45724.raw	ftp://ftp.pride.ebi.ac.uk/pride/data/archive/2020/05/PXD016013/45724.raw	v1.1.0	NT=ms-proteomics;VV=v1.1.0	NT=clinical-metadata;VV=v1.0.0	NT=oncology-metadata;VV=v1.0.0	manual curation	brain
413_1	homo sapiens	brain	not applicable	bacterial sepsis	1	413_1	proteomic profiling by mass spectrometry	NT=Data-dependent acquisition;AC=PRIDE:0000627	NT=label free sample;AC=MS:1002038	NT=q exactive;AC=MS:1001911	NT=Oxidation;AC=UNIMOD:35;TA=M;MT=Variable	NT=Carbamidomethyl;AC=UNIMOD:4;TA=C;MT=Fixed	NT=Trypsin;AC=MS:1001251	NT=collision-induced dissociation;AC=MS:1000133	4.5 ppm	tris(2-carboxyethyl)phosphine (tcep)	chloroacetamide (claa)	1	1	413_1.raw	ftp://ftp.pride.ebi.ac.uk/pride/data/archive/2020/05/PXD016013/413_1.raw	v1.1.0	NT=ms-proteomics;VV=v1.1.0	NT=clinical-metadata;VV=v1.0.0	NT=oncology-metadata;VV=v1.0.0	manual curation	brain
45624	homo sapiens	brain	not applicable	bacterial sepsis	1	45624	proteomic profiling by mass spectrometry	NT=Data-dependent acquisition;AC=PRIDE:0000627	NT=label free sample;AC=MS:1002038	NT=q exactive;AC=MS:1001911	NT=Oxidation;AC=UNIMOD:35;TA=M;MT=Variable	NT=Carbamidomethyl;AC=UNIMOD:4;TA=C;MT=Fixed	NT=Trypsin;AC=MS:1001251	NT=collision-induced dissociation;AC=MS:1000133	4.5 ppm	tris(2-carboxyethyl)phosphine (tcep)	chloroacetamide (claa)	1	1	45624.raw	ftp://ftp.pride.ebi.ac.uk/pride/data/archive/2020/05/PXD016013/45624.raw	v1.1.0	NT=ms-proteomics;VV=v1.1.0	NT=clinical-metadata;VV=v1.0.0	NT=oncology-metadata;VV=v1.0.0	manual curation	brain
453_2	homo sapiens	brain	not applicable	bacterial sepsis	2	453_2	proteomic profiling by mass spectrometry	NT=Data-dependent acquisition;AC=PRIDE:0000627	NT=label free sample;AC=MS:1002038	NT=q exactive;AC=MS:1001911	NT=Oxidation;AC=UNIMOD:35;TA=M;MT=Variable	NT=Carbamidomethyl;AC=UNIMOD:4;TA=C;MT=Fixed	NT=Trypsin;AC=MS:1001251	NT=collision-induced dissociation;AC=MS:1000133	4.5 ppm	tris(2-carboxyethyl)phosphine (tcep)	chloroacetamide (claa)	1	1	453_2.raw	ftp://ftp.pride.ebi.ac.uk/pride/data/archive/2020/05/PXD016013/453_2.raw	v1.1.0	NT=ms-proteomics;VV=v1.1.0	NT=clinical-metadata;VV=v1.0.0	NT=oncology-metadata;VV=v1.0.0	manual curation	brain
41706	homo sapiens	brain	not applicable	bacterial sepsis	1	41706	proteomic profiling by mass spectrometry	NT=Data-dependent acquisition;AC=PRIDE:0000627	NT=label free sample;AC=MS:1002038	NT=q exactive;AC=MS:1001911	NT=Oxidation;AC=UNIMOD:35;TA=M;MT=Variable	NT=Carbamidomethyl;AC=UNIMOD:4;TA=C;MT=Fixed	NT=Trypsin;AC=MS:1001251	NT=collision-induced dissociation;AC=MS:1000133	4.5 ppm	tris(2-carboxyethyl)phosphine (tcep)	chloroacetamide (claa)	1	1	41706.raw	ftp://ftp.pride.ebi.ac.uk/pride/data/archive/2020/05/PXD016013/41706.raw	v1.1.0	NT=ms-proteomics;VV=v1.1.0	NT=clinical-metadata;VV=v1.0.0	NT=oncology-metadata;VV=v1.0.0	manual curation	brain
46706	homo sapiens	brain	not applicable	bacterial sepsis	1	46706	proteomic profiling by mass spectrometry	NT=Data-dependent acquisition;AC=PRIDE:0000627	NT=label free sample;AC=MS:1002038	NT=q exactive;AC=MS:1001911	NT=Oxidation;AC=UNIMOD:35;TA=M;MT=Variable	NT=Carbamidomethyl;AC=UNIMOD:4;TA=C;MT=Fixed	NT=Trypsin;AC=MS:1001251	NT=collision-induced dissociation;AC=MS:1000133	4.5 ppm	tris(2-carboxyethyl)phosphine (tcep)	chloroacetamide (claa)	1	1	46706.raw	ftp://ftp.pride.ebi.ac.uk/pride/data/archive/2020/05/PXD016013/46706.raw	v1.1.0	NT=ms-proteomics;VV=v1.1.0	NT=clinical-metadata;VV=v1.0.0	NT=oncology-metadata;VV=v1.0.0	manual curation	brain
462_1	homo sapiens	brain	not applicable	bacterial sepsis	1	462_1	proteomic profiling by mass spectrometry	NT=Data-dependent acquisition;AC=PRIDE:0000627	NT=label free sample;AC=MS:1002038	NT=q exactive;AC=MS:1001911	NT=Oxidation;AC=UNIMOD:35;TA=M;MT=Variable	NT=Carbamidomethyl;AC=UNIMOD:4;TA=C;MT=Fixed	NT=Trypsin;AC=MS:1001251	NT=collision-induced dissociation;AC=MS:1000133	4.5 ppm	tris(2-carboxyethyl)phosphine (tcep)	chloroacetamide (claa)	1	1	462_1.raw	ftp://ftp.pride.ebi.ac.uk/pride/data/archive/2020/05/PXD016013/462_1.raw	v1.1.0	NT=ms-proteomics;VV=v1.1.0	NT=clinical-metadata;VV=v1.0.0	NT=oncology-metadata;VV=v1.0.0	manual curation	brain
467_1	homo sapiens	brain	not applicable	bacterial sepsis	1	467_1	proteomic profiling by mass spectrometry	NT=Data-dependent acquisition;AC=PRIDE:0000627	NT=label free sample;AC=MS:1002038	NT=q exactive;AC=MS:1001911	NT=Oxidation;AC=UNIMOD:35;TA=M;MT=Variable	NT=Carbamidomethyl;AC=UNIMOD:4;TA=C;MT=Fixed	NT=Trypsin;AC=MS:1001251	NT=collision-induced dissociation;AC=MS:1000133	4.5 ppm	tris(2-carboxyethyl)phosphine (tcep)	chloroacetamide (claa)	1	1	467_1.raw	ftp://ftp.pride.ebi.ac.uk/pride/data/archive/2020/05/PXD016013/467_1.raw	v1.1.0	NT=ms-proteomics;VV=v1.1.0	NT=clinical-metadata;VV=v1.0.0	NT=oncology-metadata;VV=v1.0.0	manual curation	brain
40106	homo sapiens	brain	not applicable	bacterial sepsis	1	40106	proteomic profiling by mass spectrometry	NT=Data-dependent acquisition;AC=PRIDE:0000627	NT=label free sample;AC=MS:1002038	NT=q exactive;AC=MS:1001911	NT=Oxidation;AC=UNIMOD:35;TA=M;MT=Variable	NT=Carbamidomethyl;AC=UNIMOD:4;TA=C;MT=Fixed	NT=Trypsin;AC=MS:1001251	NT=collision-induced dissociation;AC=MS:1000133	4.5 ppm	tris(2-carboxyethyl)phosphine (tcep)	chloroacetamide (claa)	1	1	40106.raw	ftp://ftp.pride.ebi.ac.uk/pride/data/archive/2020/05/PXD016013/40106.raw	v1.1.0	NT=ms-proteomics;VV=v1.1.0	NT=clinical-metadata;VV=v1.0.0	NT=oncology-metadata;VV=v1.0.0	manual curation	brain
40806	homo sapiens	brain	not applicable	bacterial sepsis	1	40806	proteomic profiling by mass spectrometry	NT=Data-dependent acquisition;AC=PRIDE:0000627	NT=label free sample;AC=MS:1002038	NT=q exactive;AC=MS:1001911	NT=Oxidation;AC=UNIMOD:35;TA=M;MT=Variable	NT=Carbamidomethyl;AC=UNIMOD:4;TA=C;MT=Fixed	NT=Trypsin;AC=MS:1001251	NT=collision-induced dissociation;AC=MS:1000133	4.5 ppm	tris(2-carboxyethyl)phosphine (tcep)	chloroacetamide (claa)	1	1	40806.raw	ftp://ftp.pride.ebi.ac.uk/pride/data/archive/2020/05/PXD016013/40806.raw	v1.1.0	NT=ms-proteomics;VV=v1.1.0	NT=clinical-metadata;VV=v1.0.0	NT=oncology-metadata;VV=v1.0.0	manual curation	brain
45212	homo sapiens	brain	not applicable	bacterial sepsis	1	45212	proteomic profiling by mass spectrometry	NT=Data-dependent acquisition;AC=PRIDE:0000627	NT=label free sample;AC=MS:1002038	NT=q exactive;AC=MS:1001911	NT=Oxidation;AC=UNIMOD:35;TA=M;MT=Variable	NT=Carbamidomethyl;AC=UNIMOD:4;TA=C;MT=Fixed	NT=Trypsin;AC=MS:1001251	NT=collision-induced dissociation;AC=MS:1000133	4.5 ppm	tris(2-carboxyethyl)phosphine (tcep)	chloroacetamide (claa)	1	1	45212.raw	ftp://ftp.pride.ebi.ac.uk/pride/data/archive/2020/05/PXD016013/45212.raw	v1.1.0	NT=ms-proteomics;VV=v1.1.0	NT=clinical-metadata;VV=v1.0.0	NT=oncology-metadata;VV=v1.0.0	manual curation	brain
46924	homo sapiens	brain	not applicable	bacterial sepsis	1	46924	proteomic profiling by mass spectrometry	NT=Data-dependent acquisition;AC=PRIDE:0000627	NT=label free sample;AC=MS:1002038	NT=q exactive;AC=MS:1001911	NT=Oxidation;AC=UNIMOD:35;TA=M;MT=Variable	NT=Carbamidomethyl;AC=UNIMOD:4;TA=C;MT=Fixed	NT=Trypsin;AC=MS:1001251	NT=collision-induced dissociation;AC=MS:1000133	4.5 ppm	tris(2-carboxyethyl)phosphine (tcep)	chloroacetamide (claa)	1	1	46924.raw	ftp://ftp.pride.ebi.ac.uk/pride/data/archive/2020/05/PXD016013/46924.raw	v1.1.0	NT=ms-proteomics;VV=v1.1.0	NT=clinical-metadata;VV=v1.0.0	NT=oncology-metadata;VV=v1.0.0	manual curation	brain
401_2	homo sapiens	brain	not applicable	bacterial sepsis	2	401_2	proteomic profiling by mass spectrometry	NT=Data-dependent acquisition;AC=PRIDE:0000627	NT=label free sample;AC=MS:1002038	NT=q exactive;AC=MS:1001911	NT=Oxidation;AC=UNIMOD:35;TA=M;MT=Variable	NT=Carbamidomethyl;AC=UNIMOD:4;TA=C;MT=Fixed	NT=Trypsin;AC=MS:1001251	NT=collision-induced dissociation;AC=MS:1000133	4.5 ppm	tris(2-carboxyethyl)phosphine (tcep)	chloroacetamide (claa)	1	1	401_2.raw	ftp://ftp.pride.ebi.ac.uk/pride/data/archive/2020/05/PXD016013/401_2.raw	v1.1.0	NT=ms-proteomics;VV=v1.1.0	NT=clinical-metadata;VV=v1.0.0	NT=oncology-metadata;VV=v1.0.0	manual curation	brain
416_2	homo sapiens	brain	not applicable	bacterial sepsis	2	416_2	proteomic profiling by mass spectrometry	NT=Data-dependent acquisition;AC=PRIDE:0000627	NT=label free sample;AC=MS:1002038	NT=q exactive;AC=MS:1001911	NT=Oxidation;AC=UNIMOD:35;TA=M;MT=Variable	NT=Carbamidomethyl;AC=UNIMOD:4;TA=C;MT=Fixed	NT=Trypsin;AC=MS:1001251	NT=collision-induced dissociation;AC=MS:1000133	4.5 ppm	tris(2-carboxyethyl)phosphine (tcep)	chloroacetamide (claa)	1	1	416_2.raw	ftp://ftp.pride.ebi.ac.uk/pride/data/archive/2020/05/PXD016013/416_2.raw	v1.1.0	NT=ms-proteomics;VV=v1.1.0	NT=clinical-metadata;VV=v1.0.0	NT=oncology-metadata;VV=v1.0.0	manual curation	brain
41312	homo sapiens	brain	not applicable	bacterial sepsis	1	41312	proteomic profiling by mass spectrometry	NT=Data-dependent acquisition;AC=PRIDE:0000627	NT=label free sample;AC=MS:1002038	NT=q exactive;AC=MS:1001911	NT=Oxidation;AC=UNIMOD:35;TA=M;MT=Variable	NT=Carbamidomethyl;AC=UNIMOD:4;TA=C;MT=Fixed	NT=Trypsin;AC=MS:1001251	NT=collision-induced dissociation;AC=MS:1000133	4.5 ppm	tris(2-carboxyethyl)phosphine (tcep)	chloroacetamide (claa)	1	1	41312.raw	ftp://ftp.pride.ebi.ac.uk/pride/data/archive/2020/05/PXD016013/41312.raw	v1.1.0	NT=ms-proteomics;VV=v1.1.0	NT=clinical-metadata;VV=v1.0.0	NT=oncology-metadata;VV=v1.0.0	manual curation	brain
41712	homo sapiens	brain	not applicable	bacterial sepsis	1	41712	proteomic profiling by mass spectrometry	NT=Data-dependent acquisition;AC=PRIDE:0000627	NT=label free sample;AC=MS:1002038	NT=q exactive;AC=MS:1001911	NT=Oxidation;AC=UNIMOD:35;TA=M;MT=Variable	NT=Carbamidomethyl;AC=UNIMOD:4;TA=C;MT=Fixed	NT=Trypsin;AC=MS:1001251	NT=collision-induced dissociation;AC=MS:1000133	4.5 ppm	tris(2-carboxyethyl)phosphine (tcep)	chloroacetamide (claa)	1	1	41712.raw	ftp://ftp.pride.ebi.ac.uk/pride/data/archive/2020/05/PXD016013/41712.raw	v1.1.0	NT=ms-proteomics;VV=v1.1.0	NT=clinical-metadata;VV=v1.0.0	NT=oncology-metadata;VV=v1.0.0	manual curation	brain
40506	homo sapiens	brain	not applicable	bacterial sepsis	1	40506	proteomic profiling by mass spectrometry	NT=Data-dependent acquisition;AC=PRIDE:0000627	NT=label free sample;AC=MS:1002038	NT=q exactive;AC=MS:1001911	NT=Oxidation;AC=UNIMOD:35;TA=M;MT=Variable	NT=Carbamidomethyl;AC=UNIMOD:4;TA=C;MT=Fixed	NT=Trypsin;AC=MS:1001251	NT=collision-induced dissociation;AC=MS:1000133	4.5 ppm	tris(2-carboxyethyl)phosphine (tcep)	chloroacetamide (claa)	1	1	40506.raw	ftp://ftp.pride.ebi.ac.uk/pride/data/archive/2020/05/PXD016013/40506.raw	v1.1.0	NT=ms-proteomics;VV=v1.1.0	NT=clinical-metadata;VV=v1.0.0	NT=oncology-metadata;VV=v1.0.0	manual curation	brain
40006	homo sapiens	brain	not applicable	bacterial sepsis	1	40006	proteomic profiling by mass spectrometry	NT=Data-dependent acquisition;AC=PRIDE:0000627	NT=label free sample;AC=MS:1002038	NT=q exactive;AC=MS:1001911	NT=Oxidation;AC=UNIMOD:35;TA=M;MT=Variable	NT=Carbamidomethyl;AC=UNIMOD:4;TA=C;MT=Fixed	NT=Trypsin;AC=MS:1001251	NT=collision-induced dissociation;AC=MS:1000133	4.5 ppm	tris(2-carboxyethyl)phosphine (tcep)	chloroacetamide (claa)	1	1	40006.raw	ftp://ftp.pride.ebi.ac.uk/pride/data/archive/2020/05/PXD016013/40006.raw	v1.1.0	NT=ms-proteomics;VV=v1.1.0	NT=clinical-metadata;VV=v1.0.0	NT=oncology-metadata;VV=v1.0.0	manual curation	brain
417_1	homo sapiens	brain	not applicable	bacterial sepsis	1	417_1	proteomic profiling by mass spectrometry	NT=Data-dependent acquisition;AC=PRIDE:0000627	NT=label free sample;AC=MS:1002038	NT=q exactive;AC=MS:1001911	NT=Oxidation;AC=UNIMOD:35;TA=M;MT=Variable	NT=Carbamidomethyl;AC=UNIMOD:4;TA=C;MT=Fixed	NT=Trypsin;AC=MS:1001251	NT=collision-induced dissociation;AC=MS:1000133	4.5 ppm	tris(2-carboxyethyl)phosphine (tcep)	chloroacetamide (claa)	1	1	417_1.raw	ftp://ftp.pride.ebi.ac.uk/pride/data/archive/2020/05/PXD016013/417_1.raw	v1.1.0	NT=ms-proteomics;VV=v1.1.0	NT=clinical-metadata;VV=v1.0.0	NT=oncology-metadata;VV=v1.0.0	manual curation	brain
467_2	homo sapiens	brain	not applicable	bacterial sepsis	2	467_2	proteomic profiling by mass spectrometry	NT=Data-dependent acquisition;AC=PRIDE:0000627	NT=label free sample;AC=MS:1002038	NT=q exactive;AC=MS:1001911	NT=Oxidation;AC=UNIMOD:35;TA=M;MT=Variable	NT=Carbamidomethyl;AC=UNIMOD:4;TA=C;MT=Fixed	NT=Trypsin;AC=MS:1001251	NT=collision-induced dissociation;AC=MS:1000133	4.5 ppm	tris(2-carboxyethyl)phosphine (tcep)	chloroacetamide (claa)	1	1	467_2.raw	ftp://ftp.pride.ebi.ac.uk/pride/data/archive/2020/05/PXD016013/467_2.raw	v1.1.0	NT=ms-proteomics;VV=v1.1.0	NT=clinical-metadata;VV=v1.0.0	NT=oncology-metadata;VV=v1.0.0	manual curation	brain
414_1	homo sapiens	brain	not applicable	bacterial sepsis	1	414_1	proteomic profiling by mass spectrometry	NT=Data-dependent acquisition;AC=PRIDE:0000627	NT=label free sample;AC=MS:1002038	NT=q exactive;AC=MS:1001911	NT=Oxidation;AC=UNIMOD:35;TA=M;MT=Variable	NT=Carbamidomethyl;AC=UNIMOD:4;TA=C;MT=Fixed	NT=Trypsin;AC=MS:1001251	NT=collision-induced dissociation;AC=MS:1000133	4.5 ppm	tris(2-carboxyethyl)phosphine (tcep)	chloroacetamide (claa)	1	1	414_1.raw	ftp://ftp.pride.ebi.ac.uk/pride/data/archive/2020/05/PXD016013/414_1.raw	v1.1.0	NT=ms-proteomics;VV=v1.1.0	NT=clinical-metadata;VV=v1.0.0	NT=oncology-metadata;VV=v1.0.0	manual curation	brain
45912	homo sapiens	brain	not applicable	bacterial sepsis	1	45912	proteomic profiling by mass spectrometry	NT=Data-dependent acquisition;AC=PRIDE:0000627	NT=label free sample;AC=MS:1002038	NT=q exactive;AC=MS:1001911	NT=Oxidation;AC=UNIMOD:35;TA=M;MT=Variable	NT=Carbamidomethyl;AC=UNIMOD:4;TA=C;MT=Fixed	NT=Trypsin;AC=MS:1001251	NT=collision-induced dissociation;AC=MS:1000133	4.5 ppm	tris(2-carboxyethyl)phosphine (tcep)	chloroacetamide (claa)	1	1	45912.raw	ftp://ftp.pride.ebi.ac.uk/pride/data/archive/2020/05/PXD016013/45912.raw	v1.1.0	NT=ms-proteomics;VV=v1.1.0	NT=clinical-metadata;VV=v1.0.0	NT=oncology-metadata;VV=v1.0.0	manual curation	brain
46406_160817231223	homo sapiens	brain	not applicable	bacterial sepsis	1	46406_160817231223	proteomic profiling by mass spectrometry	NT=Data-dependent acquisition;AC=PRIDE:0000627	NT=label free sample;AC=MS:1002038	NT=q exactive;AC=MS:1001911	NT=Oxidation;AC=UNIMOD:35;TA=M;MT=Variable	NT=Carbamidomethyl;AC=UNIMOD:4;TA=C;MT=Fixed	NT=Trypsin;AC=MS:1001251	NT=collision-induced dissociation;AC=MS:1000133	4.5 ppm	tris(2-carboxyethyl)phosphine (tcep)	chloroacetamide (claa)	1	1	46406_160817231223.raw	ftp://ftp.pride.ebi.ac.uk/pride/data/archive/2020/05/PXD016013/46406_160817231223.raw	v1.1.0	NT=ms-proteomics;VV=v1.1.0	NT=clinical-metadata;VV=v1.0.0	NT=oncology-metadata;VV=v1.0.0	manual curation	brain
406_1	homo sapiens	brain	not applicable	bacterial sepsis	1	406_1	proteomic profiling by mass spectrometry	NT=Data-dependent acquisition;AC=PRIDE:0000627	NT=label free sample;AC=MS:1002038	NT=q exactive;AC=MS:1001911	NT=Oxidation;AC=UNIMOD:35;TA=M;MT=Variable	NT=Carbamidomethyl;AC=UNIMOD:4;TA=C;MT=Fixed	NT=Trypsin;AC=MS:1001251	NT=collision-induced dissociation;AC=MS:1000133	4.5 ppm	tris(2-carboxyethyl)phosphine (tcep)	chloroacetamide (claa)	1	1	406_1.raw	ftp://ftp.pride.ebi.ac.uk/pride/data/archive/2020/05/PXD016013/406_1.raw	v1.1.0	NT=ms-proteomics;VV=v1.1.0	NT=clinical-metadata;VV=v1.0.0	NT=oncology-metadata;VV=v1.0.0	manual curation	brain
463_2	homo sapiens	brain	not applicable	bacterial sepsis	2	463_2	proteomic profiling by mass spectrometry	NT=Data-dependent acquisition;AC=PRIDE:0000627	NT=label free sample;AC=MS:1002038	NT=q exactive;AC=MS:1001911	NT=Oxidation;AC=UNIMOD:35;TA=M;MT=Variable	NT=Carbamidomethyl;AC=UNIMOD:4;TA=C;MT=Fixed	NT=Trypsin;AC=MS:1001251	NT=collision-induced dissociation;AC=MS:1000133	4.5 ppm	tris(2-carboxyethyl)phosphine (tcep)	chloroacetamide (claa)	1	1	463_2.raw	ftp://ftp.pride.ebi.ac.uk/pride/data/archive/2020/05/PXD016013/463_2.raw	v1.1.0	NT=ms-proteomics;VV=v1.1.0	NT=clinical-metadata;VV=v1.0.0	NT=oncology-metadata;VV=v1.0.0	manual curation	brain
40512	homo sapiens	brain	not applicable	bacterial sepsis	1	40512	proteomic profiling by mass spectrometry	NT=Data-dependent acquisition;AC=PRIDE:0000627	NT=label free sample;AC=MS:1002038	NT=q exactive;AC=MS:1001911	NT=Oxidation;AC=UNIMOD:35;TA=M;MT=Variable	NT=Carbamidomethyl;AC=UNIMOD:4;TA=C;MT=Fixed	NT=Trypsin;AC=MS:1001251	NT=collision-induced dissociation;AC=MS:1000133	4.5 ppm	tris(2-carboxyethyl)phosphine (tcep)	chloroacetamide (claa)	1	1	40512.raw	ftp://ftp.pride.ebi.ac.uk/pride/data/archive/2020/05/PXD016013/40512.raw	v1.1.0	NT=ms-proteomics;VV=v1.1.0	NT=clinical-metadata;VV=v1.0.0	NT=oncology-metadata;VV=v1.0.0	manual curation	brain
414_2	homo sapiens	brain	not applicable	bacterial sepsis	2	414_2	proteomic profiling by mass spectrometry	NT=Data-dependent acquisition;AC=PRIDE:0000627	NT=label free sample;AC=MS:1002038	NT=q exactive;AC=MS:1001911	NT=Oxidation;AC=UNIMOD:35;TA=M;MT=Variable	NT=Carbamidomethyl;AC=UNIMOD:4;TA=C;MT=Fixed	NT=Trypsin;AC=MS:1001251	NT=collision-induced dissociation;AC=MS:1000133	4.5 ppm	tris(2-carboxyethyl)phosphine (tcep)	chloroacetamide (claa)	1	1	414_2.raw	ftp://ftp.pride.ebi.ac.uk/pride/data/archive/2020/05/PXD016013/414_2.raw	v1.1.0	NT=ms-proteomics;VV=v1.1.0	NT=clinical-metadata;VV=v1.0.0	NT=oncology-metadata;VV=v1.0.0	manual curation	brain
464_1	homo sapiens	brain	not applicable	bacterial sepsis	1	464_1	proteomic profiling by mass spectrometry	NT=Data-dependent acquisition;AC=PRIDE:0000627	NT=label free sample;AC=MS:1002038	NT=q exactive;AC=MS:1001911	NT=Oxidation;AC=UNIMOD:35;TA=M;MT=Variable	NT=Carbamidomethyl;AC=UNIMOD:4;TA=C;MT=Fixed	NT=Trypsin;AC=MS:1001251	NT=collision-induced dissociation;AC=MS:1000133	4.5 ppm	tris(2-carboxyethyl)phosphine (tcep)	chloroacetamide (claa)	1	1	464_1.raw	ftp://ftp.pride.ebi.ac.uk/pride/data/archive/2020/05/PXD016013/464_1.raw	v1.1.0	NT=ms-proteomics;VV=v1.1.0	NT=clinical-metadata;VV=v1.0.0	NT=oncology-metadata;VV=v1.0.0	manual curation	brain
40612	homo sapiens	brain	not applicable	bacterial sepsis	1	40612	proteomic profiling by mass spectrometry	NT=Data-dependent acquisition;AC=PRIDE:0000627	NT=label free sample;AC=MS:1002038	NT=q exactive;AC=MS:1001911	NT=Oxidation;AC=UNIMOD:35;TA=M;MT=Variable	NT=Carbamidomethyl;AC=UNIMOD:4;TA=C;MT=Fixed	NT=Trypsin;AC=MS:1001251	NT=collision-induced dissociation;AC=MS:1000133	4.5 ppm	tris(2-carboxyethyl)phosphine (tcep)	chloroacetamide (claa)	1	1	40612.raw	ftp://ftp.pride.ebi.ac.uk/pride/data/archive/2020/05/PXD016013/40612.raw	v1.1.0	NT=ms-proteomics;VV=v1.1.0	NT=clinical-metadata;VV=v1.0.0	NT=oncology-metadata;VV=v1.0.0	manual curation	brain
44906	homo sapiens	brain	not applicable	bacterial sepsis	1	44906	proteomic profiling by mass spectrometry	NT=Data-dependent acquisition;AC=PRIDE:0000627	NT=label free sample;AC=MS:1002038	NT=q exactive;AC=MS:1001911	NT=Oxidation;AC=UNIMOD:35;TA=M;MT=Variable	NT=Carbamidomethyl;AC=UNIMOD:4;TA=C;MT=Fixed	NT=Trypsin;AC=MS:1001251	NT=collision-induced dissociation;AC=MS:1000133	4.5 ppm	tris(2-carboxyethyl)phosphine (tcep)	chloroacetamide (claa)	1	1	44906.raw	ftp://ftp.pride.ebi.ac.uk/pride/data/archive/2020/05/PXD016013/44906.raw	v1.1.0	NT=ms-proteomics;VV=v1.1.0	NT=clinical-metadata;VV=v1.0.0	NT=oncology-metadata;VV=v1.0.0	manual curation	brain
400_2	homo sapiens	brain	not applicable	bacterial sepsis	2	400_2	proteomic profiling by mass spectrometry	NT=Data-dependent acquisition;AC=PRIDE:0000627	NT=label free sample;AC=MS:1002038	NT=q exactive;AC=MS:1001911	NT=Oxidation;AC=UNIMOD:35;TA=M;MT=Variable	NT=Carbamidomethyl;AC=UNIMOD:4;TA=C;MT=Fixed	NT=Trypsin;AC=MS:1001251	NT=collision-induced dissociation;AC=MS:1000133	4.5 ppm	tris(2-carboxyethyl)phosphine (tcep)	chloroacetamide (claa)	1	1	400_2.raw	ftp://ftp.pride.ebi.ac.uk/pride/data/archive/2020/05/PXD016013/400_2.raw	v1.1.0	NT=ms-proteomics;VV=v1.1.0	NT=clinical-metadata;VV=v1.0.0	NT=oncology-metadata;VV=v1.0.0	manual curation	brain
46412	homo sapiens	brain	not applicable	bacterial sepsis	1	46412	proteomic profiling by mass spectrometry	NT=Data-dependent acquisition;AC=PRIDE:0000627	NT=label free sample;AC=MS:1002038	NT=q exactive;AC=MS:1001911	NT=Oxidation;AC=UNIMOD:35;TA=M;MT=Variable	NT=Carbamidomethyl;AC=UNIMOD:4;TA=C;MT=Fixed	NT=Trypsin;AC=MS:1001251	NT=collision-induced dissociation;AC=MS:1000133	4.5 ppm	tris(2-carboxyethyl)phosphine (tcep)	chloroacetamide (claa)	1	1	46412.raw	ftp://ftp.pride.ebi.ac.uk/pride/data/archive/2020/05/PXD016013/46412.raw	v1.1.0	NT=ms-proteomics;VV=v1.1.0	NT=clinical-metadata;VV=v1.0.0	NT=oncology-metadata;VV=v1.0.0	manual curation	brain
413_2	homo sapiens	brain	not applicable	bacterial sepsis	2	413_2	proteomic profiling by mass spectrometry	NT=Data-dependent acquisition;AC=PRIDE:0000627	NT=label free sample;AC=MS:1002038	NT=q exactive;AC=MS:1001911	NT=Oxidation;AC=UNIMOD:35;TA=M;MT=Variable	NT=Carbamidomethyl;AC=UNIMOD:4;TA=C;MT=Fixed	NT=Trypsin;AC=MS:1001251	NT=collision-induced dissociation;AC=MS:1000133	4.5 ppm	tris(2-carboxyethyl)phosphine (tcep)	chloroacetamide (claa)	1	1	413_2.raw	ftp://ftp.pride.ebi.ac.uk/pride/data/archive/2020/05/PXD016013/413_2.raw	v1.1.0	NT=ms-proteomics;VV=v1.1.0	NT=clinical-metadata;VV=v1.0.0	NT=oncology-metadata;VV=v1.0.0	manual curation	brain
45906	homo sapiens	brain	not applicable	bacterial sepsis	1	45906	proteomic profiling by mass spectrometry	NT=Data-dependent acquisition;AC=PRIDE:0000627	NT=label free sample;AC=MS:1002038	NT=q exactive;AC=MS:1001911	NT=Oxidation;AC=UNIMOD:35;TA=M;MT=Variable	NT=Carbamidomethyl;AC=UNIMOD:4;TA=C;MT=Fixed	NT=Trypsin;AC=MS:1001251	NT=collision-induced dissociation;AC=MS:1000133	4.5 ppm	tris(2-carboxyethyl)phosphine (tcep)	chloroacetamide (claa)	1	1	45906.raw	ftp://ftp.pride.ebi.ac.uk/pride/data/archive/2020/05/PXD016013/45906.raw	v1.1.0	NT=ms-proteomics;VV=v1.1.0	NT=clinical-metadata;VV=v1.0.0	NT=oncology-metadata;VV=v1.0.0	manual curation	brain
40912	homo sapiens	brain	not applicable	bacterial sepsis	1	40912	proteomic profiling by mass spectrometry	NT=Data-dependent acquisition;AC=PRIDE:0000627	NT=label free sample;AC=MS:1002038	NT=q exactive;AC=MS:1001911	NT=Oxidation;AC=UNIMOD:35;TA=M;MT=Variable	NT=Carbamidomethyl;AC=UNIMOD:4;TA=C;MT=Fixed	NT=Trypsin;AC=MS:1001251	NT=collision-induced dissociation;AC=MS:1000133	4.5 ppm	tris(2-carboxyethyl)phosphine (tcep)	chloroacetamide (claa)	1	1	40912.raw	ftp://ftp.pride.ebi.ac.uk/pride/data/archive/2020/05/PXD016013/40912.raw	v1.1.0	NT=ms-proteomics;VV=v1.1.0	NT=clinical-metadata;VV=v1.0.0	NT=oncology-metadata;VV=v1.0.0	manual curation	brain
44924	homo sapiens	brain	not applicable	bacterial sepsis	1	44924	proteomic profiling by mass spectrometry	NT=Data-dependent acquisition;AC=PRIDE:0000627	NT=label free sample;AC=MS:1002038	NT=q exactive;AC=MS:1001911	NT=Oxidation;AC=UNIMOD:35;TA=M;MT=Variable	NT=Carbamidomethyl;AC=UNIMOD:4;TA=C;MT=Fixed	NT=Trypsin;AC=MS:1001251	NT=collision-induced dissociation;AC=MS:1000133	4.5 ppm	tris(2-carboxyethyl)phosphine (tcep)	chloroacetamide (claa)	1	1	44924.raw	ftp://ftp.pride.ebi.ac.uk/pride/data/archive/2020/05/PXD016013/44924.raw	v1.1.0	NT=ms-proteomics;VV=v1.1.0	NT=clinical-metadata;VV=v1.0.0	NT=oncology-metadata;VV=v1.0.0	manual curation	brain
40624	homo sapiens	brain	not applicable	bacterial sepsis	1	40624	proteomic profiling by mass spectrometry	NT=Data-dependent acquisition;AC=PRIDE:0000627	NT=label free sample;AC=MS:1002038	NT=q exactive;AC=MS:1001911	NT=Oxidation;AC=UNIMOD:35;TA=M;MT=Variable	NT=Carbamidomethyl;AC=UNIMOD:4;TA=C;MT=Fixed	NT=Trypsin;AC=MS:1001251	NT=collision-induced dissociation;AC=MS:1000133	4.5 ppm	tris(2-carboxyethyl)phosphine (tcep)	chloroacetamide (claa)	1	1	40624.raw	ftp://ftp.pride.ebi.ac.uk/pride/data/archive/2020/05/PXD016013/40624.raw	v1.1.0	NT=ms-proteomics;VV=v1.1.0	NT=clinical-metadata;VV=v1.0.0	NT=oncology-metadata;VV=v1.0.0	manual curation	brain
45524	homo sapiens	brain	not applicable	bacterial sepsis	1	45524	proteomic profiling by mass spectrometry	NT=Data-dependent acquisition;AC=PRIDE:0000627	NT=label free sample;AC=MS:1002038	NT=q exactive;AC=MS:1001911	NT=Oxidation;AC=UNIMOD:35;TA=M;MT=Variable	NT=Carbamidomethyl;AC=UNIMOD:4;TA=C;MT=Fixed	NT=Trypsin;AC=MS:1001251	NT=collision-induced dissociation;AC=MS:1000133	4.5 ppm	tris(2-carboxyethyl)phosphine (tcep)	chloroacetamide (claa)	1	1	45524.raw	ftp://ftp.pride.ebi.ac.uk/pride/data/archive/2020/05/PXD016013/45524.raw	v1.1.0	NT=ms-proteomics;VV=v1.1.0	NT=clinical-metadata;VV=v1.0.0	NT=oncology-metadata;VV=v1.0.0	manual curation	brain
45506	homo sapiens	brain	not applicable	bacterial sepsis	1	45506	proteomic profiling by mass spectrometry	NT=Data-dependent acquisition;AC=PRIDE:0000627	NT=label free sample;AC=MS:1002038	NT=q exactive;AC=MS:1001911	NT=Oxidation;AC=UNIMOD:35;TA=M;MT=Variable	NT=Carbamidomethyl;AC=UNIMOD:4;TA=C;MT=Fixed	NT=Trypsin;AC=MS:1001251	NT=collision-induced dissociation;AC=MS:1000133	4.5 ppm	tris(2-carboxyethyl)phosphine (tcep)	chloroacetamide (claa)	1	1	45506.raw	ftp://ftp.pride.ebi.ac.uk/pride/data/archive/2020/05/PXD016013/45506.raw	v1.1.0	NT=ms-proteomics;VV=v1.1.0	NT=clinical-metadata;VV=v1.0.0	NT=oncology-metadata;VV=v1.0.0	manual curation	brain
46612	homo sapiens	brain	not applicable	bacterial sepsis	1	46612	proteomic profiling by mass spectrometry	NT=Data-dependent acquisition;AC=PRIDE:0000627	NT=label free sample;AC=MS:1002038	NT=q exactive;AC=MS:1001911	NT=Oxidation;AC=UNIMOD:35;TA=M;MT=Variable	NT=Carbamidomethyl;AC=UNIMOD:4;TA=C;MT=Fixed	NT=Trypsin;AC=MS:1001251	NT=collision-induced dissociation;AC=MS:1000133	4.5 ppm	tris(2-carboxyethyl)phosphine (tcep)	chloroacetamide (claa)	1	1	46612.raw	ftp://ftp.pride.ebi.ac.uk/pride/data/archive/2020/05/PXD016013/46612.raw	v1.1.0	NT=ms-proteomics;VV=v1.1.0	NT=clinical-metadata;VV=v1.0.0	NT=oncology-metadata;VV=v1.0.0	manual curation	brain
45712	homo sapiens	brain	not applicable	bacterial sepsis	1	45712	proteomic profiling by mass spectrometry	NT=Data-dependent acquisition;AC=PRIDE:0000627	NT=label free sample;AC=MS:1002038	NT=q exactive;AC=MS:1001911	NT=Oxidation;AC=UNIMOD:35;TA=M;MT=Variable	NT=Carbamidomethyl;AC=UNIMOD:4;TA=C;MT=Fixed	NT=Trypsin;AC=MS:1001251	NT=collision-induced dissociation;AC=MS:1000133	4.5 ppm	tris(2-carboxyethyl)phosphine (tcep)	chloroacetamide (claa)	1	1	45712.raw	ftp://ftp.pride.ebi.ac.uk/pride/data/archive/2020/05/PXD016013/45712.raw	v1.1.0	NT=ms-proteomics;VV=v1.1.0	NT=clinical-metadata;VV=v1.0.0	NT=oncology-metadata;VV=v1.0.0	manual curation	brain
46724	homo sapiens	brain	not applicable	bacterial sepsis	1	46724	proteomic profiling by mass spectrometry	NT=Data-dependent acquisition;AC=PRIDE:0000627	NT=label free sample;AC=MS:1002038	NT=q exactive;AC=MS:1001911	NT=Oxidation;AC=UNIMOD:35;TA=M;MT=Variable	NT=Carbamidomethyl;AC=UNIMOD:4;TA=C;MT=Fixed	NT=Trypsin;AC=MS:1001251	NT=collision-induced dissociation;AC=MS:1000133	4.5 ppm	tris(2-carboxyethyl)phosphine (tcep)	chloroacetamide (claa)	1	1	46724.raw	ftp://ftp.pride.ebi.ac.uk/pride/data/archive/2020/05/PXD016013/46724.raw	v1.1.0	NT=ms-proteomics;VV=v1.1.0	NT=clinical-metadata;VV=v1.0.0	NT=oncology-metadata;VV=v1.0.0	manual curation	brain
45806	homo sapiens	brain	not applicable	bacterial sepsis	1	45806	proteomic profiling by mass spectrometry	NT=Data-dependent acquisition;AC=PRIDE:0000627	NT=label free sample;AC=MS:1002038	NT=q exactive;AC=MS:1001911	NT=Oxidation;AC=UNIMOD:35;TA=M;MT=Variable	NT=Carbamidomethyl;AC=UNIMOD:4;TA=C;MT=Fixed	NT=Trypsin;AC=MS:1001251	NT=collision-induced dissociation;AC=MS:1000133	4.5 ppm	tris(2-carboxyethyl)phosphine (tcep)	chloroacetamide (claa)	1	1	45806.raw	ftp://ftp.pride.ebi.ac.uk/pride/data/archive/2020/05/PXD016013/45806.raw	v1.1.0	NT=ms-proteomics;VV=v1.1.0	NT=clinical-metadata;VV=v1.0.0	NT=oncology-metadata;VV=v1.0.0	manual curation	brain
45106	homo sapiens	brain	not applicable	bacterial sepsis	1	45106	proteomic profiling by mass spectrometry	NT=Data-dependent acquisition;AC=PRIDE:0000627	NT=label free sample;AC=MS:1002038	NT=q exactive;AC=MS:1001911	NT=Oxidation;AC=UNIMOD:35;TA=M;MT=Variable	NT=Carbamidomethyl;AC=UNIMOD:4;TA=C;MT=Fixed	NT=Trypsin;AC=MS:1001251	NT=collision-induced dissociation;AC=MS:1000133	4.5 ppm	tris(2-carboxyethyl)phosphine (tcep)	chloroacetamide (claa)	1	1	45106.raw	ftp://ftp.pride.ebi.ac.uk/pride/data/archive/2020/05/PXD016013/45106.raw	v1.1.0	NT=ms-proteomics;VV=v1.1.0	NT=clinical-metadata;VV=v1.0.0	NT=oncology-metadata;VV=v1.0.0	manual curation	brain
45412	homo sapiens	brain	not applicable	bacterial sepsis	1	45412	proteomic profiling by mass spectrometry	NT=Data-dependent acquisition;AC=PRIDE:0000627	NT=label free sample;AC=MS:1002038	NT=q exactive;AC=MS:1001911	NT=Oxidation;AC=UNIMOD:35;TA=M;MT=Variable	NT=Carbamidomethyl;AC=UNIMOD:4;TA=C;MT=Fixed	NT=Trypsin;AC=MS:1001251	NT=collision-induced dissociation;AC=MS:1000133	4.5 ppm	tris(2-carboxyethyl)phosphine (tcep)	chloroacetamide (claa)	1	1	45412.raw	ftp://ftp.pride.ebi.ac.uk/pride/data/archive/2020/05/PXD016013/45412.raw	v1.1.0	NT=ms-proteomics;VV=v1.1.0	NT=clinical-metadata;VV=v1.0.0	NT=oncology-metadata;VV=v1.0.0	manual curation	brain
46212	homo sapiens	brain	not applicable	bacterial sepsis	1	46212	proteomic profiling by mass spectrometry	NT=Data-dependent acquisition;AC=PRIDE:0000627	NT=label free sample;AC=MS:1002038	NT=q exactive;AC=MS:1001911	NT=Oxidation;AC=UNIMOD:35;TA=M;MT=Variable	NT=Carbamidomethyl;AC=UNIMOD:4;TA=C;MT=Fixed	NT=Trypsin;AC=MS:1001251	NT=collision-induced dissociation;AC=MS:1000133	4.5 ppm	tris(2-carboxyethyl)phosphine (tcep)	chloroacetamide (claa)	1	1	46212.raw	ftp://ftp.pride.ebi.ac.uk/pride/data/archive/2020/05/PXD016013/46212.raw	v1.1.0	NT=ms-proteomics;VV=v1.1.0	NT=clinical-metadata;VV=v1.0.0	NT=oncology-metadata;VV=v1.0.0	manual curation	brain
45006	homo sapiens	brain	not applicable	bacterial sepsis	1	45006	proteomic profiling by mass spectrometry	NT=Data-dependent acquisition;AC=PRIDE:0000627	NT=label free sample;AC=MS:1002038	NT=q exactive;AC=MS:1001911	NT=Oxidation;AC=UNIMOD:35;TA=M;MT=Variable	NT=Carbamidomethyl;AC=UNIMOD:4;TA=C;MT=Fixed	NT=Trypsin;AC=MS:1001251	NT=collision-induced dissociation;AC=MS:1000133	4.5 ppm	tris(2-carboxyethyl)phosphine (tcep)	chloroacetamide (claa)	1	1	45006.raw	ftp://ftp.pride.ebi.ac.uk/pride/data/archive/2020/05/PXD016013/45006.raw	v1.1.0	NT=ms-proteomics;VV=v1.1.0	NT=clinical-metadata;VV=v1.0.0	NT=oncology-metadata;VV=v1.0.0	manual curation	brain
45012	homo sapiens	brain	not applicable	bacterial sepsis	1	45012	proteomic profiling by mass spectrometry	NT=Data-dependent acquisition;AC=PRIDE:0000627	NT=label free sample;AC=MS:1002038	NT=q exactive;AC=MS:1001911	NT=Oxidation;AC=UNIMOD:35;TA=M;MT=Variable	NT=Carbamidomethyl;AC=UNIMOD:4;TA=C;MT=Fixed	NT=Trypsin;AC=MS:1001251	NT=collision-induced dissociation;AC=MS:1000133	4.5 ppm	tris(2-carboxyethyl)phosphine (tcep)	chloroacetamide (claa)	1	1	45012.raw	ftp://ftp.pride.ebi.ac.uk/pride/data/archive/2020/05/PXD016013/45012.raw	v1.1.0	NT=ms-proteomics;VV=v1.1.0	NT=clinical-metadata;VV=v1.0.0	NT=oncology-metadata;VV=v1.0.0	manual curation	brain
41724	homo sapiens	brain	not applicable	bacterial sepsis	1	41724	proteomic profiling by mass spectrometry	NT=Data-dependent acquisition;AC=PRIDE:0000627	NT=label free sample;AC=MS:1002038	NT=q exactive;AC=MS:1001911	NT=Oxidation;AC=UNIMOD:35;TA=M;MT=Variable	NT=Carbamidomethyl;AC=UNIMOD:4;TA=C;MT=Fixed	NT=Trypsin;AC=MS:1001251	NT=collision-induced dissociation;AC=MS:1000133	4.5 ppm	tris(2-carboxyethyl)phosphine (tcep)	chloroacetamide (claa)	1	1	41724.raw	ftp://ftp.pride.ebi.ac.uk/pride/data/archive/2020/05/PXD016013/41724.raw	v1.1.0	NT=ms-proteomics;VV=v1.1.0	NT=clinical-metadata;VV=v1.0.0	NT=oncology-metadata;VV=v1.0.0	manual curation	brain
46324	homo sapiens	brain	not applicable	bacterial sepsis	1	46324	proteomic profiling by mass spectrometry	NT=Data-dependent acquisition;AC=PRIDE:0000627	NT=label free sample;AC=MS:1002038	NT=q exactive;AC=MS:1001911	NT=Oxidation;AC=UNIMOD:35;TA=M;MT=Variable	NT=Carbamidomethyl;AC=UNIMOD:4;TA=C;MT=Fixed	NT=Trypsin;AC=MS:1001251	NT=collision-induced dissociation;AC=MS:1000133	4.5 ppm	tris(2-carboxyethyl)phosphine (tcep)	chloroacetamide (claa)	1	1	46324.raw	ftp://ftp.pride.ebi.ac.uk/pride/data/archive/2020/05/PXD016013/46324.raw	v1.1.0	NT=ms-proteomics;VV=v1.1.0	NT=clinical-metadata;VV=v1.0.0	NT=oncology-metadata;VV=v1.0.0	manual curation	brain
46824	homo sapiens	brain	not applicable	bacterial sepsis	1	46824	proteomic profiling by mass spectrometry	NT=Data-dependent acquisition;AC=PRIDE:0000627	NT=label free sample;AC=MS:1002038	NT=q exactive;AC=MS:1001911	NT=Oxidation;AC=UNIMOD:35;TA=M;MT=Variable	NT=Carbamidomethyl;AC=UNIMOD:4;TA=C;MT=Fixed	NT=Trypsin;AC=MS:1001251	NT=collision-induced dissociation;AC=MS:1000133	4.5 ppm	tris(2-carboxyethyl)phosphine (tcep)	chloroacetamide (claa)	1	1	46824.raw	ftp://ftp.pride.ebi.ac.uk/pride/data/archive/2020/05/PXD016013/46824.raw	v1.1.0	NT=ms-proteomics;VV=v1.1.0	NT=clinical-metadata;VV=v1.0.0	NT=oncology-metadata;VV=v1.0.0	manual curation	brain
46124	homo sapiens	brain	not applicable	bacterial sepsis	1	46124	proteomic profiling by mass spectrometry	NT=Data-dependent acquisition;AC=PRIDE:0000627	NT=label free sample;AC=MS:1002038	NT=q exactive;AC=MS:1001911	NT=Oxidation;AC=UNIMOD:35;TA=M;MT=Variable	NT=Carbamidomethyl;AC=UNIMOD:4;TA=C;MT=Fixed	NT=Trypsin;AC=MS:1001251	NT=collision-induced dissociation;AC=MS:1000133	4.5 ppm	tris(2-carboxyethyl)phosphine (tcep)	chloroacetamide (claa)	1	1	46124.raw	ftp://ftp.pride.ebi.ac.uk/pride/data/archive/2020/05/PXD016013/46124.raw	v1.1.0	NT=ms-proteomics;VV=v1.1.0	NT=clinical-metadata;VV=v1.0.0	NT=oncology-metadata;VV=v1.0.0	manual curation	brain
45612	homo sapiens	brain	not applicable	bacterial sepsis	1	45612	proteomic profiling by mass spectrometry	NT=Data-dependent acquisition;AC=PRIDE:0000627	NT=label free sample;AC=MS:1002038	NT=q exactive;AC=MS:1001911	NT=Oxidation;AC=UNIMOD:35;TA=M;MT=Variable	NT=Carbamidomethyl;AC=UNIMOD:4;TA=C;MT=Fixed	NT=Trypsin;AC=MS:1001251	NT=collision-induced dissociation;AC=MS:1000133	4.5 ppm	tris(2-carboxyethyl)phosphine (tcep)	chloroacetamide (claa)	1	1	45612.raw	ftp://ftp.pride.ebi.ac.uk/pride/data/archive/2020/05/PXD016013/45612.raw	v1.1.0	NT=ms-proteomics;VV=v1.1.0	NT=clinical-metadata;VV=v1.0.0	NT=oncology-metadata;VV=v1.0.0	manual curation	brain
415_1	homo sapiens	brain	not applicable	bacterial sepsis	1	415_1	proteomic profiling by mass spectrometry	NT=Data-dependent acquisition;AC=PRIDE:0000627	NT=label free sample;AC=MS:1002038	NT=q exactive;AC=MS:1001911	NT=Oxidation;AC=UNIMOD:35;TA=M;MT=Variable	NT=Carbamidomethyl;AC=UNIMOD:4;TA=C;MT=Fixed	NT=Trypsin;AC=MS:1001251	NT=collision-induced dissociation;AC=MS:1000133	4.5 ppm	tris(2-carboxyethyl)phosphine (tcep)	chloroacetamide (claa)	1	1	415_1.raw	ftp://ftp.pride.ebi.ac.uk/pride/data/archive/2020/05/PXD016013/415_1.raw	v1.1.0	NT=ms-proteomics;VV=v1.1.0	NT=clinical-metadata;VV=v1.0.0	NT=oncology-metadata;VV=v1.0.0	manual curation	brain
451_1	homo sapiens	brain	not applicable	bacterial sepsis	1	451_1	proteomic profiling by mass spectrometry	NT=Data-dependent acquisition;AC=PRIDE:0000627	NT=label free sample;AC=MS:1002038	NT=q exactive;AC=MS:1001911	NT=Oxidation;AC=UNIMOD:35;TA=M;MT=Variable	NT=Carbamidomethyl;AC=UNIMOD:4;TA=C;MT=Fixed	NT=Trypsin;AC=MS:1001251	NT=collision-induced dissociation;AC=MS:1000133	4.5 ppm	tris(2-carboxyethyl)phosphine (tcep)	chloroacetamide (claa)	1	1	451_1.raw	ftp://ftp.pride.ebi.ac.uk/pride/data/archive/2020/05/PXD016013/451_1.raw	v1.1.0	NT=ms-proteomics;VV=v1.1.0	NT=clinical-metadata;VV=v1.0.0	NT=oncology-metadata;VV=v1.0.0	manual curation	brain
45124	homo sapiens	brain	not applicable	bacterial sepsis	1	45124	proteomic profiling by mass spectrometry	NT=Data-dependent acquisition;AC=PRIDE:0000627	NT=label free sample;AC=MS:1002038	NT=q exactive;AC=MS:1001911	NT=Oxidation;AC=UNIMOD:35;TA=M;MT=Variable	NT=Carbamidomethyl;AC=UNIMOD:4;TA=C;MT=Fixed	NT=Trypsin;AC=MS:1001251	NT=collision-induced dissociation;AC=MS:1000133	4.5 ppm	tris(2-carboxyethyl)phosphine (tcep)	chloroacetamide (claa)	1	1	45124.raw	ftp://ftp.pride.ebi.ac.uk/pride/data/archive/2020/05/PXD016013/45124.raw	v1.1.0	NT=ms-proteomics;VV=v1.1.0	NT=clinical-metadata;VV=v1.0.0	NT=oncology-metadata;VV=v1.0.0	manual curation	brain
41412	homo sapiens	brain	not applicable	bacterial sepsis	1	41412	proteomic profiling by mass spectrometry	NT=Data-dependent acquisition;AC=PRIDE:0000627	NT=label free sample;AC=MS:1002038	NT=q exactive;AC=MS:1001911	NT=Oxidation;AC=UNIMOD:35;TA=M;MT=Variable	NT=Carbamidomethyl;AC=UNIMOD:4;TA=C;MT=Fixed	NT=Trypsin;AC=MS:1001251	NT=collision-induced dissociation;AC=MS:1000133	4.5 ppm	tris(2-carboxyethyl)phosphine (tcep)	chloroacetamide (claa)	1	1	41412.raw	ftp://ftp.pride.ebi.ac.uk/pride/data/archive/2020/05/PXD016013/41412.raw	v1.1.0	NT=ms-proteomics;VV=v1.1.0	NT=clinical-metadata;VV=v1.0.0	NT=oncology-metadata;VV=v1.0.0	manual curation	brain
41506	homo sapiens	brain	not applicable	bacterial sepsis	1	41506	proteomic profiling by mass spectrometry	NT=Data-dependent acquisition;AC=PRIDE:0000627	NT=label free sample;AC=MS:1002038	NT=q exactive;AC=MS:1001911	NT=Oxidation;AC=UNIMOD:35;TA=M;MT=Variable	NT=Carbamidomethyl;AC=UNIMOD:4;TA=C;MT=Fixed	NT=Trypsin;AC=MS:1001251	NT=collision-induced dissociation;AC=MS:1000133	4.5 ppm	tris(2-carboxyethyl)phosphine (tcep)	chloroacetamide (claa)	1	1	41506.raw	ftp://ftp.pride.ebi.ac.uk/pride/data/archive/2020/05/PXD016013/41506.raw	v1.1.0	NT=ms-proteomics;VV=v1.1.0	NT=clinical-metadata;VV=v1.0.0	NT=oncology-metadata;VV=v1.0.0	manual curation	brain
41612	homo sapiens	brain	not applicable	bacterial sepsis	1	41612	proteomic profiling by mass spectrometry	NT=Data-dependent acquisition;AC=PRIDE:0000627	NT=label free sample;AC=MS:1002038	NT=q exactive;AC=MS:1001911	NT=Oxidation;AC=UNIMOD:35;TA=M;MT=Variable	NT=Carbamidomethyl;AC=UNIMOD:4;TA=C;MT=Fixed	NT=Trypsin;AC=MS:1001251	NT=collision-induced dissociation;AC=MS:1000133	4.5 ppm	tris(2-carboxyethyl)phosphine (tcep)	chloroacetamide (claa)	1	1	41612.raw	ftp://ftp.pride.ebi.ac.uk/pride/data/archive/2020/05/PXD016013/41612.raw	v1.1.0	NT=ms-proteomics;VV=v1.1.0	NT=clinical-metadata;VV=v1.0.0	NT=oncology-metadata;VV=v1.0.0	manual curation	brain
41512	homo sapiens	brain	not applicable	bacterial sepsis	1	41512	proteomic profiling by mass spectrometry	NT=Data-dependent acquisition;AC=PRIDE:0000627	NT=label free sample;AC=MS:1002038	NT=q exactive;AC=MS:1001911	NT=Oxidation;AC=UNIMOD:35;TA=M;MT=Variable	NT=Carbamidomethyl;AC=UNIMOD:4;TA=C;MT=Fixed	NT=Trypsin;AC=MS:1001251	NT=collision-induced dissociation;AC=MS:1000133	4.5 ppm	tris(2-carboxyethyl)phosphine (tcep)	chloroacetamide (claa)	1	1	41512.raw	ftp://ftp.pride.ebi.ac.uk/pride/data/archive/2020/05/PXD016013/41512.raw	v1.1.0	NT=ms-proteomics;VV=v1.1.0	NT=clinical-metadata;VV=v1.0.0	NT=oncology-metadata;VV=v1.0.0	manual curation	brain
400_1	homo sapiens	brain	not applicable	bacterial sepsis	1	400_1	proteomic profiling by mass spectrometry	NT=Data-dependent acquisition;AC=PRIDE:0000627	NT=label free sample;AC=MS:1002038	NT=q exactive;AC=MS:1001911	NT=Oxidation;AC=UNIMOD:35;TA=M;MT=Variable	NT=Carbamidomethyl;AC=UNIMOD:4;TA=C;MT=Fixed	NT=Trypsin;AC=MS:1001251	NT=collision-induced dissociation;AC=MS:1000133	4.5 ppm	tris(2-carboxyethyl)phosphine (tcep)	chloroacetamide (claa)	1	1	400_1.raw	ftp://ftp.pride.ebi.ac.uk/pride/data/archive/2020/05/PXD016013/400_1.raw	v1.1.0	NT=ms-proteomics;VV=v1.1.0	NT=clinical-metadata;VV=v1.0.0	NT=oncology-metadata;VV=v1.0.0	manual curation	brain
46906	homo sapiens	brain	not applicable	bacterial sepsis	1	46906	proteomic profiling by mass spectrometry	NT=Data-dependent acquisition;AC=PRIDE:0000627	NT=label free sample;AC=MS:1002038	NT=q exactive;AC=MS:1001911	NT=Oxidation;AC=UNIMOD:35;TA=M;MT=Variable	NT=Carbamidomethyl;AC=UNIMOD:4;TA=C;MT=Fixed	NT=Trypsin;AC=MS:1001251	NT=collision-induced dissociation;AC=MS:1000133	4.5 ppm	tris(2-carboxyethyl)phosphine (tcep)	chloroacetamide (claa)	1	1	46906.raw	ftp://ftp.pride.ebi.ac.uk/pride/data/archive/2020/05/PXD016013/46906.raw	v1.1.0	NT=ms-proteomics;VV=v1.1.0	NT=clinical-metadata;VV=v1.0.0	NT=oncology-metadata;VV=v1.0.0	manual curation	brain
