source name	characteristics[organism]	characteristics[organism part]	characteristics[cell type]	characteristics[disease]	characteristics[biological replicate]	assay name	technology type	comment[proteomics data acquisition method]	comment[label]	comment[instrument]	comment[modification parameters]	comment[modification parameters]	comment[cleavage agent details]	comment[dissociation method]	comment[reduction reagent]	comment[alkylation reagent]	comment[fraction identifier]	comment[technical replicate]	comment[data file]	comment[file uri]	comment[sdrf version]	comment[sdrf template]	comment[sdrf template]	comment[sdrf annotation tool]	factor value[organism part]
20230829_TimsHT_Vucak_Baccarini_MPL_UniWien_MPLID23168_APMS_s216_10p_BC8_1_2568.d.zip	homo sapiens	Cell culture	not applicable	not available	1	20230829_TimsHT_Vucak_Baccarini_MPL_UniWien_MPLID23168_APMS_s216_10p_BC8_1_2568.d.zip	proteomic profiling by mass spectrometry	Data-independent acquisition	NT=label free sample;AC=MS:1002038	NT=timstof ht;AC=MS:1003404	NT=Carbamidomethyl;AC=UNIMOD:4;TA=C;MT=Fixed	NT=Oxidation;AC=UNIMOD:35;TA=M;MT=Variable	NT=Trypsin;AC=MS:1001251	NT=collision-induced dissociation;AC=MS:1000133	dithiothreitol (dtt)	iodoacetamide (iaa)	1	1	20230829_TimsHT_Vucak_Baccarini_MPL_UniWien_MPLID23168_APMS_s216_10p_BC8_1_2568.d.zip	ftp://ftp.pride.ebi.ac.uk/pride/data/archive/2026/09/PXD071453/20230829_TimsHT_Vucak_Baccarini_MPL_UniWien_MPLID23168_APMS_s216_10p_BC8_1_2568.d.zip	v1.1.0	NT=ms-proteomics;VV=v1.1.0	NT=dia-acquisition;VV=v1.1.0	manual curation	Cell culture
20250121_timsHT_NEO4_Vucak_Baccarini_MPL_UniWien_MPLID25011_s22_APMS_30p_KRAS_G12D_1_R-D3_1_3868.d.zip	homo sapiens	Cell culture	not applicable	not available	1	20250121_timsHT_NEO4_Vucak_Baccarini_MPL_UniWien_MPLID25011_s22_APMS_30p_KRAS_G12D_1_R-D3_1_3868.d.zip	proteomic profiling by mass spectrometry	Data-independent acquisition	NT=label free sample;AC=MS:1002038	NT=timstof ht;AC=MS:1003404	NT=Carbamidomethyl;AC=UNIMOD:4;TA=C;MT=Fixed	NT=Oxidation;AC=UNIMOD:35;TA=M;MT=Variable	NT=Trypsin;AC=MS:1001251	NT=collision-induced dissociation;AC=MS:1000133	dithiothreitol (dtt)	iodoacetamide (iaa)	1	1	20250121_timsHT_NEO4_Vucak_Baccarini_MPL_UniWien_MPLID25011_s22_APMS_30p_KRAS_G12D_1_R-D3_1_3868.d.zip	ftp://ftp.pride.ebi.ac.uk/pride/data/archive/2026/09/PXD071453/20250121_timsHT_NEO4_Vucak_Baccarini_MPL_UniWien_MPLID25011_s22_APMS_30p_KRAS_G12D_1_R-D3_1_3868.d.zip	v1.1.0	NT=ms-proteomics;VV=v1.1.0	NT=dia-acquisition;VV=v1.1.0	manual curation	Cell culture
20230825_TimsHT_Vucak_Baccarini_MPL_UniWien_MPLID23168_APMS_s105_20p_2_BB5_1_2449.d.zip	homo sapiens	Cell culture	not applicable	not available	1	20230825_TimsHT_Vucak_Baccarini_MPL_UniWien_MPLID23168_APMS_s105_20p_2_BB5_1_2449.d.zip	proteomic profiling by mass spectrometry	Data-independent acquisition	NT=label free sample;AC=MS:1002038	NT=timstof ht;AC=MS:1003404	NT=Carbamidomethyl;AC=UNIMOD:4;TA=C;MT=Fixed	NT=Oxidation;AC=UNIMOD:35;TA=M;MT=Variable	NT=Trypsin;AC=MS:1001251	NT=collision-induced dissociation;AC=MS:1000133	dithiothreitol (dtt)	iodoacetamide (iaa)	1	1	20230825_TimsHT_Vucak_Baccarini_MPL_UniWien_MPLID23168_APMS_s105_20p_2_BB5_1_2449.d.zip	ftp://ftp.pride.ebi.ac.uk/pride/data/archive/2026/09/PXD071453/20230825_TimsHT_Vucak_Baccarini_MPL_UniWien_MPLID23168_APMS_s105_20p_2_BB5_1_2449.d.zip	v1.1.0	NT=ms-proteomics;VV=v1.1.0	NT=dia-acquisition;VV=v1.1.0	manual curation	Cell culture
20230829_TimsHT_Vucak_Baccarini_MPL_UniWien_MPLID23168_APMS_s241_15p_BA1_1_2620.d.zip	homo sapiens	Cell culture	not applicable	not available	1	20230829_TimsHT_Vucak_Baccarini_MPL_UniWien_MPLID23168_APMS_s241_15p_BA1_1_2620.d.zip	proteomic profiling by mass spectrometry	Data-independent acquisition	NT=label free sample;AC=MS:1002038	NT=timstof ht;AC=MS:1003404	NT=Carbamidomethyl;AC=UNIMOD:4;TA=C;MT=Fixed	NT=Oxidation;AC=UNIMOD:35;TA=M;MT=Variable	NT=Trypsin;AC=MS:1001251	NT=collision-induced dissociation;AC=MS:1000133	dithiothreitol (dtt)	iodoacetamide (iaa)	1	1	20230829_TimsHT_Vucak_Baccarini_MPL_UniWien_MPLID23168_APMS_s241_15p_BA1_1_2620.d.zip	ftp://ftp.pride.ebi.ac.uk/pride/data/archive/2026/09/PXD071453/20230829_TimsHT_Vucak_Baccarini_MPL_UniWien_MPLID23168_APMS_s241_15p_BA1_1_2620.d.zip	v1.1.0	NT=ms-proteomics;VV=v1.1.0	NT=dia-acquisition;VV=v1.1.0	manual curation	Cell culture
20230829_TimsHT_Vucak_Baccarini_MPL_UniWien_MPLID23168_APMS_s220_20p_BD4_1_2576.d.zip	homo sapiens	Cell culture	not applicable	not available	1	20230829_TimsHT_Vucak_Baccarini_MPL_UniWien_MPLID23168_APMS_s220_20p_BD4_1_2576.d.zip	proteomic profiling by mass spectrometry	Data-independent acquisition	NT=label free sample;AC=MS:1002038	NT=timstof ht;AC=MS:1003404	NT=Carbamidomethyl;AC=UNIMOD:4;TA=C;MT=Fixed	NT=Oxidation;AC=UNIMOD:35;TA=M;MT=Variable	NT=Trypsin;AC=MS:1001251	NT=collision-induced dissociation;AC=MS:1000133	dithiothreitol (dtt)	iodoacetamide (iaa)	1	1	20230829_TimsHT_Vucak_Baccarini_MPL_UniWien_MPLID23168_APMS_s220_20p_BD4_1_2576.d.zip	ftp://ftp.pride.ebi.ac.uk/pride/data/archive/2026/09/PXD071453/20230829_TimsHT_Vucak_Baccarini_MPL_UniWien_MPLID23168_APMS_s220_20p_BD4_1_2576.d.zip	v1.1.0	NT=ms-proteomics;VV=v1.1.0	NT=dia-acquisition;VV=v1.1.0	manual curation	Cell culture
20230902_TimsHT_Vucak_Baccarini_MPL_UniWien_MPLID23168_APMS_s338_20p_BB6_1_2711.d.zip	homo sapiens	Cell culture	not applicable	not available	1	20230902_TimsHT_Vucak_Baccarini_MPL_UniWien_MPLID23168_APMS_s338_20p_BB6_1_2711.d.zip	proteomic profiling by mass spectrometry	Data-independent acquisition	NT=label free sample;AC=MS:1002038	NT=timstof ht;AC=MS:1003404	NT=Carbamidomethyl;AC=UNIMOD:4;TA=C;MT=Fixed	NT=Oxidation;AC=UNIMOD:35;TA=M;MT=Variable	NT=Trypsin;AC=MS:1001251	NT=collision-induced dissociation;AC=MS:1000133	dithiothreitol (dtt)	iodoacetamide (iaa)	1	1	20230902_TimsHT_Vucak_Baccarini_MPL_UniWien_MPLID23168_APMS_s338_20p_BB6_1_2711.d.zip	ftp://ftp.pride.ebi.ac.uk/pride/data/archive/2026/09/PXD071453/20230902_TimsHT_Vucak_Baccarini_MPL_UniWien_MPLID23168_APMS_s338_20p_BB6_1_2711.d.zip	v1.1.0	NT=ms-proteomics;VV=v1.1.0	NT=dia-acquisition;VV=v1.1.0	manual curation	Cell culture
20230829_TimsHT_Vucak_Baccarini_MPL_UniWien_MPLID23168_APMS_s217_20p_BD1_1_2570.d.zip	homo sapiens	Cell culture	not applicable	not available	1	20230829_TimsHT_Vucak_Baccarini_MPL_UniWien_MPLID23168_APMS_s217_20p_BD1_1_2570.d.zip	proteomic profiling by mass spectrometry	Data-independent acquisition	NT=label free sample;AC=MS:1002038	NT=timstof ht;AC=MS:1003404	NT=Carbamidomethyl;AC=UNIMOD:4;TA=C;MT=Fixed	NT=Oxidation;AC=UNIMOD:35;TA=M;MT=Variable	NT=Trypsin;AC=MS:1001251	NT=collision-induced dissociation;AC=MS:1000133	dithiothreitol (dtt)	iodoacetamide (iaa)	1	1	20230829_TimsHT_Vucak_Baccarini_MPL_UniWien_MPLID23168_APMS_s217_20p_BD1_1_2570.d.zip	ftp://ftp.pride.ebi.ac.uk/pride/data/archive/2026/09/PXD071453/20230829_TimsHT_Vucak_Baccarini_MPL_UniWien_MPLID23168_APMS_s217_20p_BD1_1_2570.d.zip	v1.1.0	NT=ms-proteomics;VV=v1.1.0	NT=dia-acquisition;VV=v1.1.0	manual curation	Cell culture
20250121_timsHT_NEO4_Vucak_Baccarini_MPL_UniWien_MPLID25011_s19_APMS_30p_KRAS_S17N_1_R-D2_1_3866.d.zip	homo sapiens	Cell culture	not applicable	not available	1	20250121_timsHT_NEO4_Vucak_Baccarini_MPL_UniWien_MPLID25011_s19_APMS_30p_KRAS_S17N_1_R-D2_1_3866.d.zip	proteomic profiling by mass spectrometry	Data-independent acquisition	NT=label free sample;AC=MS:1002038	NT=timstof ht;AC=MS:1003404	NT=Carbamidomethyl;AC=UNIMOD:4;TA=C;MT=Fixed	NT=Oxidation;AC=UNIMOD:35;TA=M;MT=Variable	NT=Trypsin;AC=MS:1001251	NT=collision-induced dissociation;AC=MS:1000133	dithiothreitol (dtt)	iodoacetamide (iaa)	1	1	20250121_timsHT_NEO4_Vucak_Baccarini_MPL_UniWien_MPLID25011_s19_APMS_30p_KRAS_S17N_1_R-D2_1_3866.d.zip	ftp://ftp.pride.ebi.ac.uk/pride/data/archive/2026/09/PXD071453/20250121_timsHT_NEO4_Vucak_Baccarini_MPL_UniWien_MPLID25011_s19_APMS_30p_KRAS_S17N_1_R-D2_1_3866.d.zip	v1.1.0	NT=ms-proteomics;VV=v1.1.0	NT=dia-acquisition;VV=v1.1.0	manual curation	Cell culture
20230902_TimsHT_Vucak_Baccarini_MPL_UniWien_MPLID23168_APMS_s321_20p_BD5_1_2675.d.zip	homo sapiens	Cell culture	not applicable	not available	1	20230902_TimsHT_Vucak_Baccarini_MPL_UniWien_MPLID23168_APMS_s321_20p_BD5_1_2675.d.zip	proteomic profiling by mass spectrometry	Data-independent acquisition	NT=label free sample;AC=MS:1002038	NT=timstof ht;AC=MS:1003404	NT=Carbamidomethyl;AC=UNIMOD:4;TA=C;MT=Fixed	NT=Oxidation;AC=UNIMOD:35;TA=M;MT=Variable	NT=Trypsin;AC=MS:1001251	NT=collision-induced dissociation;AC=MS:1000133	dithiothreitol (dtt)	iodoacetamide (iaa)	1	1	20230902_TimsHT_Vucak_Baccarini_MPL_UniWien_MPLID23168_APMS_s321_20p_BD5_1_2675.d.zip	ftp://ftp.pride.ebi.ac.uk/pride/data/archive/2026/09/PXD071453/20230902_TimsHT_Vucak_Baccarini_MPL_UniWien_MPLID23168_APMS_s321_20p_BD5_1_2675.d.zip	v1.1.0	NT=ms-proteomics;VV=v1.1.0	NT=dia-acquisition;VV=v1.1.0	manual curation	Cell culture
20230902_TimsHT_Vucak_Baccarini_MPL_UniWien_MPLID23168_APMS_s312_20p_BC4_1_2655.d.zip	homo sapiens	Cell culture	not applicable	not available	1	20230902_TimsHT_Vucak_Baccarini_MPL_UniWien_MPLID23168_APMS_s312_20p_BC4_1_2655.d.zip	proteomic profiling by mass spectrometry	Data-independent acquisition	NT=label free sample;AC=MS:1002038	NT=timstof ht;AC=MS:1003404	NT=Carbamidomethyl;AC=UNIMOD:4;TA=C;MT=Fixed	NT=Oxidation;AC=UNIMOD:35;TA=M;MT=Variable	NT=Trypsin;AC=MS:1001251	NT=collision-induced dissociation;AC=MS:1000133	dithiothreitol (dtt)	iodoacetamide (iaa)	1	1	20230902_TimsHT_Vucak_Baccarini_MPL_UniWien_MPLID23168_APMS_s312_20p_BC4_1_2655.d.zip	ftp://ftp.pride.ebi.ac.uk/pride/data/archive/2026/09/PXD071453/20230902_TimsHT_Vucak_Baccarini_MPL_UniWien_MPLID23168_APMS_s312_20p_BC4_1_2655.d.zip	v1.1.0	NT=ms-proteomics;VV=v1.1.0	NT=dia-acquisition;VV=v1.1.0	manual curation	Cell culture
20230829_TimsHT_Vucak_Baccarini_MPL_UniWien_MPLID23168_APMS_s211_20p_BC3_1_2556.d.zip	homo sapiens	Cell culture	not applicable	not available	1	20230829_TimsHT_Vucak_Baccarini_MPL_UniWien_MPLID23168_APMS_s211_20p_BC3_1_2556.d.zip	proteomic profiling by mass spectrometry	Data-independent acquisition	NT=label free sample;AC=MS:1002038	NT=timstof ht;AC=MS:1003404	NT=Carbamidomethyl;AC=UNIMOD:4;TA=C;MT=Fixed	NT=Oxidation;AC=UNIMOD:35;TA=M;MT=Variable	NT=Trypsin;AC=MS:1001251	NT=collision-induced dissociation;AC=MS:1000133	dithiothreitol (dtt)	iodoacetamide (iaa)	1	1	20230829_TimsHT_Vucak_Baccarini_MPL_UniWien_MPLID23168_APMS_s211_20p_BC3_1_2556.d.zip	ftp://ftp.pride.ebi.ac.uk/pride/data/archive/2026/09/PXD071453/20230829_TimsHT_Vucak_Baccarini_MPL_UniWien_MPLID23168_APMS_s211_20p_BC3_1_2556.d.zip	v1.1.0	NT=ms-proteomics;VV=v1.1.0	NT=dia-acquisition;VV=v1.1.0	manual curation	Cell culture
20230825_TimsHT_Vucak_Baccarini_MPL_UniWien_MPLID23168_APMS_s118_15p_BD2_1_2477.d.zip	homo sapiens	Cell culture	not applicable	not available	1	20230825_TimsHT_Vucak_Baccarini_MPL_UniWien_MPLID23168_APMS_s118_15p_BD2_1_2477.d.zip	proteomic profiling by mass spectrometry	Data-independent acquisition	NT=label free sample;AC=MS:1002038	NT=timstof ht;AC=MS:1003404	NT=Carbamidomethyl;AC=UNIMOD:4;TA=C;MT=Fixed	NT=Oxidation;AC=UNIMOD:35;TA=M;MT=Variable	NT=Trypsin;AC=MS:1001251	NT=collision-induced dissociation;AC=MS:1000133	dithiothreitol (dtt)	iodoacetamide (iaa)	1	1	20230825_TimsHT_Vucak_Baccarini_MPL_UniWien_MPLID23168_APMS_s118_15p_BD2_1_2477.d.zip	ftp://ftp.pride.ebi.ac.uk/pride/data/archive/2026/09/PXD071453/20230825_TimsHT_Vucak_Baccarini_MPL_UniWien_MPLID23168_APMS_s118_15p_BD2_1_2477.d.zip	v1.1.0	NT=ms-proteomics;VV=v1.1.0	NT=dia-acquisition;VV=v1.1.0	manual curation	Cell culture
20230829_TimsHT_Vucak_Baccarini_MPL_UniWien_MPLID23168_APMS_s206_20p_BB6_1_2546.d.zip	homo sapiens	Cell culture	not applicable	not available	1	20230829_TimsHT_Vucak_Baccarini_MPL_UniWien_MPLID23168_APMS_s206_20p_BB6_1_2546.d.zip	proteomic profiling by mass spectrometry	Data-independent acquisition	NT=label free sample;AC=MS:1002038	NT=timstof ht;AC=MS:1003404	NT=Carbamidomethyl;AC=UNIMOD:4;TA=C;MT=Fixed	NT=Oxidation;AC=UNIMOD:35;TA=M;MT=Variable	NT=Trypsin;AC=MS:1001251	NT=collision-induced dissociation;AC=MS:1000133	dithiothreitol (dtt)	iodoacetamide (iaa)	1	1	20230829_TimsHT_Vucak_Baccarini_MPL_UniWien_MPLID23168_APMS_s206_20p_BB6_1_2546.d.zip	ftp://ftp.pride.ebi.ac.uk/pride/data/archive/2026/09/PXD071453/20230829_TimsHT_Vucak_Baccarini_MPL_UniWien_MPLID23168_APMS_s206_20p_BB6_1_2546.d.zip	v1.1.0	NT=ms-proteomics;VV=v1.1.0	NT=dia-acquisition;VV=v1.1.0	manual curation	Cell culture
20230829_TimsHT_Vucak_Baccarini_MPL_UniWien_MPLID23168_APMS_s233_15p_BB1_1_2604.d.zip	homo sapiens	Cell culture	not applicable	not available	1	20230829_TimsHT_Vucak_Baccarini_MPL_UniWien_MPLID23168_APMS_s233_15p_BB1_1_2604.d.zip	proteomic profiling by mass spectrometry	Data-independent acquisition	NT=label free sample;AC=MS:1002038	NT=timstof ht;AC=MS:1003404	NT=Carbamidomethyl;AC=UNIMOD:4;TA=C;MT=Fixed	NT=Oxidation;AC=UNIMOD:35;TA=M;MT=Variable	NT=Trypsin;AC=MS:1001251	NT=collision-induced dissociation;AC=MS:1000133	dithiothreitol (dtt)	iodoacetamide (iaa)	1	1	20230829_TimsHT_Vucak_Baccarini_MPL_UniWien_MPLID23168_APMS_s233_15p_BB1_1_2604.d.zip	ftp://ftp.pride.ebi.ac.uk/pride/data/archive/2026/09/PXD071453/20230829_TimsHT_Vucak_Baccarini_MPL_UniWien_MPLID23168_APMS_s233_15p_BB1_1_2604.d.zip	v1.1.0	NT=ms-proteomics;VV=v1.1.0	NT=dia-acquisition;VV=v1.1.0	manual curation	Cell culture
20230829_TimsHT_Vucak_Baccarini_MPL_UniWien_MPLID23168_APMS_s210_15p_BC2_1_2554.d.zip	homo sapiens	Cell culture	not applicable	not available	1	20230829_TimsHT_Vucak_Baccarini_MPL_UniWien_MPLID23168_APMS_s210_15p_BC2_1_2554.d.zip	proteomic profiling by mass spectrometry	Data-independent acquisition	NT=label free sample;AC=MS:1002038	NT=timstof ht;AC=MS:1003404	NT=Carbamidomethyl;AC=UNIMOD:4;TA=C;MT=Fixed	NT=Oxidation;AC=UNIMOD:35;TA=M;MT=Variable	NT=Trypsin;AC=MS:1001251	NT=collision-induced dissociation;AC=MS:1000133	dithiothreitol (dtt)	iodoacetamide (iaa)	1	1	20230829_TimsHT_Vucak_Baccarini_MPL_UniWien_MPLID23168_APMS_s210_15p_BC2_1_2554.d.zip	ftp://ftp.pride.ebi.ac.uk/pride/data/archive/2026/09/PXD071453/20230829_TimsHT_Vucak_Baccarini_MPL_UniWien_MPLID23168_APMS_s210_15p_BC2_1_2554.d.zip	v1.1.0	NT=ms-proteomics;VV=v1.1.0	NT=dia-acquisition;VV=v1.1.0	manual curation	Cell culture
20230902_TimsHT_Vucak_Baccarini_MPL_UniWien_MPLID23168_APMS_s336_15p_BB4_1_2707.d.zip	homo sapiens	Cell culture	not applicable	not available	1	20230902_TimsHT_Vucak_Baccarini_MPL_UniWien_MPLID23168_APMS_s336_15p_BB4_1_2707.d.zip	proteomic profiling by mass spectrometry	Data-independent acquisition	NT=label free sample;AC=MS:1002038	NT=timstof ht;AC=MS:1003404	NT=Carbamidomethyl;AC=UNIMOD:4;TA=C;MT=Fixed	NT=Oxidation;AC=UNIMOD:35;TA=M;MT=Variable	NT=Trypsin;AC=MS:1001251	NT=collision-induced dissociation;AC=MS:1000133	dithiothreitol (dtt)	iodoacetamide (iaa)	1	1	20230902_TimsHT_Vucak_Baccarini_MPL_UniWien_MPLID23168_APMS_s336_15p_BB4_1_2707.d.zip	ftp://ftp.pride.ebi.ac.uk/pride/data/archive/2026/09/PXD071453/20230902_TimsHT_Vucak_Baccarini_MPL_UniWien_MPLID23168_APMS_s336_15p_BB4_1_2707.d.zip	v1.1.0	NT=ms-proteomics;VV=v1.1.0	NT=dia-acquisition;VV=v1.1.0	manual curation	Cell culture
20230825_TimsHT_Vucak_Baccarini_MPL_UniWien_MPLID23168_APMS_s126_15p_BE2_1_2493.d.zip	homo sapiens	Cell culture	not applicable	not available	1	20230825_TimsHT_Vucak_Baccarini_MPL_UniWien_MPLID23168_APMS_s126_15p_BE2_1_2493.d.zip	proteomic profiling by mass spectrometry	Data-independent acquisition	NT=label free sample;AC=MS:1002038	NT=timstof ht;AC=MS:1003404	NT=Carbamidomethyl;AC=UNIMOD:4;TA=C;MT=Fixed	NT=Oxidation;AC=UNIMOD:35;TA=M;MT=Variable	NT=Trypsin;AC=MS:1001251	NT=collision-induced dissociation;AC=MS:1000133	dithiothreitol (dtt)	iodoacetamide (iaa)	1	1	20230825_TimsHT_Vucak_Baccarini_MPL_UniWien_MPLID23168_APMS_s126_15p_BE2_1_2493.d.zip	ftp://ftp.pride.ebi.ac.uk/pride/data/archive/2026/09/PXD071453/20230825_TimsHT_Vucak_Baccarini_MPL_UniWien_MPLID23168_APMS_s126_15p_BE2_1_2493.d.zip	v1.1.0	NT=ms-proteomics;VV=v1.1.0	NT=dia-acquisition;VV=v1.1.0	manual curation	Cell culture
20250121_timsHT_NEO4_Vucak_Baccarini_MPL_UniWien_MPLID25011_s17_APMS_30p_KRAS_WT_2_R-D10_1_3883.d.zip	homo sapiens	Cell culture	not applicable	not available	1	20250121_timsHT_NEO4_Vucak_Baccarini_MPL_UniWien_MPLID25011_s17_APMS_30p_KRAS_WT_2_R-D10_1_3883.d.zip	proteomic profiling by mass spectrometry	Data-independent acquisition	NT=label free sample;AC=MS:1002038	NT=timstof ht;AC=MS:1003404	NT=Carbamidomethyl;AC=UNIMOD:4;TA=C;MT=Fixed	NT=Oxidation;AC=UNIMOD:35;TA=M;MT=Variable	NT=Trypsin;AC=MS:1001251	NT=collision-induced dissociation;AC=MS:1000133	dithiothreitol (dtt)	iodoacetamide (iaa)	1	1	20250121_timsHT_NEO4_Vucak_Baccarini_MPL_UniWien_MPLID25011_s17_APMS_30p_KRAS_WT_2_R-D10_1_3883.d.zip	ftp://ftp.pride.ebi.ac.uk/pride/data/archive/2026/09/PXD071453/20250121_timsHT_NEO4_Vucak_Baccarini_MPL_UniWien_MPLID25011_s17_APMS_30p_KRAS_WT_2_R-D10_1_3883.d.zip	v1.1.0	NT=ms-proteomics;VV=v1.1.0	NT=dia-acquisition;VV=v1.1.0	manual curation	Cell culture
20230825_TimsHT_Vucak_Baccarini_MPL_UniWien_MPLID23168_APMS_s107_20p_2_BB7_1_2453.d.zip	homo sapiens	Cell culture	not applicable	not available	1	20230825_TimsHT_Vucak_Baccarini_MPL_UniWien_MPLID23168_APMS_s107_20p_2_BB7_1_2453.d.zip	proteomic profiling by mass spectrometry	Data-independent acquisition	NT=label free sample;AC=MS:1002038	NT=timstof ht;AC=MS:1003404	NT=Carbamidomethyl;AC=UNIMOD:4;TA=C;MT=Fixed	NT=Oxidation;AC=UNIMOD:35;TA=M;MT=Variable	NT=Trypsin;AC=MS:1001251	NT=collision-induced dissociation;AC=MS:1000133	dithiothreitol (dtt)	iodoacetamide (iaa)	1	1	20230825_TimsHT_Vucak_Baccarini_MPL_UniWien_MPLID23168_APMS_s107_20p_2_BB7_1_2453.d.zip	ftp://ftp.pride.ebi.ac.uk/pride/data/archive/2026/09/PXD071453/20230825_TimsHT_Vucak_Baccarini_MPL_UniWien_MPLID23168_APMS_s107_20p_2_BB7_1_2453.d.zip	v1.1.0	NT=ms-proteomics;VV=v1.1.0	NT=dia-acquisition;VV=v1.1.0	manual curation	Cell culture
20230825_TimsHT_Vucak_Baccarini_MPL_UniWien_MPLID23168_APMS_s140_10p_BB8_1_2526.d.zip	homo sapiens	Cell culture	not applicable	not available	1	20230825_TimsHT_Vucak_Baccarini_MPL_UniWien_MPLID23168_APMS_s140_10p_BB8_1_2526.d.zip	proteomic profiling by mass spectrometry	Data-independent acquisition	NT=label free sample;AC=MS:1002038	NT=timstof ht;AC=MS:1003404	NT=Carbamidomethyl;AC=UNIMOD:4;TA=C;MT=Fixed	NT=Oxidation;AC=UNIMOD:35;TA=M;MT=Variable	NT=Trypsin;AC=MS:1001251	NT=collision-induced dissociation;AC=MS:1000133	dithiothreitol (dtt)	iodoacetamide (iaa)	1	1	20230825_TimsHT_Vucak_Baccarini_MPL_UniWien_MPLID23168_APMS_s140_10p_BB8_1_2526.d.zip	ftp://ftp.pride.ebi.ac.uk/pride/data/archive/2026/09/PXD071453/20230825_TimsHT_Vucak_Baccarini_MPL_UniWien_MPLID23168_APMS_s140_10p_BB8_1_2526.d.zip	v1.1.0	NT=ms-proteomics;VV=v1.1.0	NT=dia-acquisition;VV=v1.1.0	manual curation	Cell culture
20230825_TimsHT_Vucak_Baccarini_MPL_UniWien_MPLID23168_APMS_s103_15p_2_BB3_1_2445.d.zip	homo sapiens	Cell culture	not applicable	not available	1	20230825_TimsHT_Vucak_Baccarini_MPL_UniWien_MPLID23168_APMS_s103_15p_2_BB3_1_2445.d.zip	proteomic profiling by mass spectrometry	Data-independent acquisition	NT=label free sample;AC=MS:1002038	NT=timstof ht;AC=MS:1003404	NT=Carbamidomethyl;AC=UNIMOD:4;TA=C;MT=Fixed	NT=Oxidation;AC=UNIMOD:35;TA=M;MT=Variable	NT=Trypsin;AC=MS:1001251	NT=collision-induced dissociation;AC=MS:1000133	dithiothreitol (dtt)	iodoacetamide (iaa)	1	1	20230825_TimsHT_Vucak_Baccarini_MPL_UniWien_MPLID23168_APMS_s103_15p_2_BB3_1_2445.d.zip	ftp://ftp.pride.ebi.ac.uk/pride/data/archive/2026/09/PXD071453/20230825_TimsHT_Vucak_Baccarini_MPL_UniWien_MPLID23168_APMS_s103_15p_2_BB3_1_2445.d.zip	v1.1.0	NT=ms-proteomics;VV=v1.1.0	NT=dia-acquisition;VV=v1.1.0	manual curation	Cell culture
20250121_timsHT_NEO4_Vucak_Baccarini_MPL_UniWien_MPLID25011_s27_APMS_30p_KRAS_G12V_3_R-D11_1_3887.d.zip	homo sapiens	Cell culture	not applicable	not available	1	20250121_timsHT_NEO4_Vucak_Baccarini_MPL_UniWien_MPLID25011_s27_APMS_30p_KRAS_G12V_3_R-D11_1_3887.d.zip	proteomic profiling by mass spectrometry	Data-independent acquisition	NT=label free sample;AC=MS:1002038	NT=timstof ht;AC=MS:1003404	NT=Carbamidomethyl;AC=UNIMOD:4;TA=C;MT=Fixed	NT=Oxidation;AC=UNIMOD:35;TA=M;MT=Variable	NT=Trypsin;AC=MS:1001251	NT=collision-induced dissociation;AC=MS:1000133	dithiothreitol (dtt)	iodoacetamide (iaa)	1	1	20250121_timsHT_NEO4_Vucak_Baccarini_MPL_UniWien_MPLID25011_s27_APMS_30p_KRAS_G12V_3_R-D11_1_3887.d.zip	ftp://ftp.pride.ebi.ac.uk/pride/data/archive/2026/09/PXD071453/20250121_timsHT_NEO4_Vucak_Baccarini_MPL_UniWien_MPLID25011_s27_APMS_30p_KRAS_G12V_3_R-D11_1_3887.d.zip	v1.1.0	NT=ms-proteomics;VV=v1.1.0	NT=dia-acquisition;VV=v1.1.0	manual curation	Cell culture
20230902_TimsHT_Vucak_Baccarini_MPL_UniWien_MPLID23168_APMS_s303_20p_BB3_1_2635.d.zip	homo sapiens	Cell culture	not applicable	not available	1	20230902_TimsHT_Vucak_Baccarini_MPL_UniWien_MPLID23168_APMS_s303_20p_BB3_1_2635.d.zip	proteomic profiling by mass spectrometry	Data-independent acquisition	NT=label free sample;AC=MS:1002038	NT=timstof ht;AC=MS:1003404	NT=Carbamidomethyl;AC=UNIMOD:4;TA=C;MT=Fixed	NT=Oxidation;AC=UNIMOD:35;TA=M;MT=Variable	NT=Trypsin;AC=MS:1001251	NT=collision-induced dissociation;AC=MS:1000133	dithiothreitol (dtt)	iodoacetamide (iaa)	1	1	20230902_TimsHT_Vucak_Baccarini_MPL_UniWien_MPLID23168_APMS_s303_20p_BB3_1_2635.d.zip	ftp://ftp.pride.ebi.ac.uk/pride/data/archive/2026/09/PXD071453/20230902_TimsHT_Vucak_Baccarini_MPL_UniWien_MPLID23168_APMS_s303_20p_BB3_1_2635.d.zip	v1.1.0	NT=ms-proteomics;VV=v1.1.0	NT=dia-acquisition;VV=v1.1.0	manual curation	Cell culture
20230829_TimsHT_Vucak_Baccarini_MPL_UniWien_MPLID23168_APMS_s222_10p_BD6_1_2580.d.zip	homo sapiens	Cell culture	not applicable	not available	1	20230829_TimsHT_Vucak_Baccarini_MPL_UniWien_MPLID23168_APMS_s222_10p_BD6_1_2580.d.zip	proteomic profiling by mass spectrometry	Data-independent acquisition	NT=label free sample;AC=MS:1002038	NT=timstof ht;AC=MS:1003404	NT=Carbamidomethyl;AC=UNIMOD:4;TA=C;MT=Fixed	NT=Oxidation;AC=UNIMOD:35;TA=M;MT=Variable	NT=Trypsin;AC=MS:1001251	NT=collision-induced dissociation;AC=MS:1000133	dithiothreitol (dtt)	iodoacetamide (iaa)	1	1	20230829_TimsHT_Vucak_Baccarini_MPL_UniWien_MPLID23168_APMS_s222_10p_BD6_1_2580.d.zip	ftp://ftp.pride.ebi.ac.uk/pride/data/archive/2026/09/PXD071453/20230829_TimsHT_Vucak_Baccarini_MPL_UniWien_MPLID23168_APMS_s222_10p_BD6_1_2580.d.zip	v1.1.0	NT=ms-proteomics;VV=v1.1.0	NT=dia-acquisition;VV=v1.1.0	manual curation	Cell culture
20230825_TimsHT_Vucak_Baccarini_MPL_UniWien_MPLID23168_APMS_s120_20p_BD4_1_2481.d.zip	homo sapiens	Cell culture	not applicable	not available	1	20230825_TimsHT_Vucak_Baccarini_MPL_UniWien_MPLID23168_APMS_s120_20p_BD4_1_2481.d.zip	proteomic profiling by mass spectrometry	Data-independent acquisition	NT=label free sample;AC=MS:1002038	NT=timstof ht;AC=MS:1003404	NT=Carbamidomethyl;AC=UNIMOD:4;TA=C;MT=Fixed	NT=Oxidation;AC=UNIMOD:35;TA=M;MT=Variable	NT=Trypsin;AC=MS:1001251	NT=collision-induced dissociation;AC=MS:1000133	dithiothreitol (dtt)	iodoacetamide (iaa)	1	1	20230825_TimsHT_Vucak_Baccarini_MPL_UniWien_MPLID23168_APMS_s120_20p_BD4_1_2481.d.zip	ftp://ftp.pride.ebi.ac.uk/pride/data/archive/2026/09/PXD071453/20230825_TimsHT_Vucak_Baccarini_MPL_UniWien_MPLID23168_APMS_s120_20p_BD4_1_2481.d.zip	v1.1.0	NT=ms-proteomics;VV=v1.1.0	NT=dia-acquisition;VV=v1.1.0	manual curation	Cell culture
20230825_TimsHT_Vucak_Baccarini_MPL_UniWien_MPLID23168_APMS_s138_20p_BB6_1_2522.d.zip	homo sapiens	Cell culture	not applicable	not available	1	20230825_TimsHT_Vucak_Baccarini_MPL_UniWien_MPLID23168_APMS_s138_20p_BB6_1_2522.d.zip	proteomic profiling by mass spectrometry	Data-independent acquisition	NT=label free sample;AC=MS:1002038	NT=timstof ht;AC=MS:1003404	NT=Carbamidomethyl;AC=UNIMOD:4;TA=C;MT=Fixed	NT=Oxidation;AC=UNIMOD:35;TA=M;MT=Variable	NT=Trypsin;AC=MS:1001251	NT=collision-induced dissociation;AC=MS:1000133	dithiothreitol (dtt)	iodoacetamide (iaa)	1	1	20230825_TimsHT_Vucak_Baccarini_MPL_UniWien_MPLID23168_APMS_s138_20p_BB6_1_2522.d.zip	ftp://ftp.pride.ebi.ac.uk/pride/data/archive/2026/09/PXD071453/20230825_TimsHT_Vucak_Baccarini_MPL_UniWien_MPLID23168_APMS_s138_20p_BB6_1_2522.d.zip	v1.1.0	NT=ms-proteomics;VV=v1.1.0	NT=dia-acquisition;VV=v1.1.0	manual curation	Cell culture
20230902_TimsHT_Vucak_Baccarini_MPL_UniWien_MPLID23168_APMS_s305_15p_BB5_1_2639.d.zip	homo sapiens	Cell culture	not applicable	not available	1	20230902_TimsHT_Vucak_Baccarini_MPL_UniWien_MPLID23168_APMS_s305_15p_BB5_1_2639.d.zip	proteomic profiling by mass spectrometry	Data-independent acquisition	NT=label free sample;AC=MS:1002038	NT=timstof ht;AC=MS:1003404	NT=Carbamidomethyl;AC=UNIMOD:4;TA=C;MT=Fixed	NT=Oxidation;AC=UNIMOD:35;TA=M;MT=Variable	NT=Trypsin;AC=MS:1001251	NT=collision-induced dissociation;AC=MS:1000133	dithiothreitol (dtt)	iodoacetamide (iaa)	1	1	20230902_TimsHT_Vucak_Baccarini_MPL_UniWien_MPLID23168_APMS_s305_15p_BB5_1_2639.d.zip	ftp://ftp.pride.ebi.ac.uk/pride/data/archive/2026/09/PXD071453/20230902_TimsHT_Vucak_Baccarini_MPL_UniWien_MPLID23168_APMS_s305_15p_BB5_1_2639.d.zip	v1.1.0	NT=ms-proteomics;VV=v1.1.0	NT=dia-acquisition;VV=v1.1.0	manual curation	Cell culture
20230829_TimsHT_Vucak_Baccarini_MPL_UniWien_MPLID23168_APMS_s225_15p_BE1_1_2586.d.zip	homo sapiens	Cell culture	not applicable	not available	1	20230829_TimsHT_Vucak_Baccarini_MPL_UniWien_MPLID23168_APMS_s225_15p_BE1_1_2586.d.zip	proteomic profiling by mass spectrometry	Data-independent acquisition	NT=label free sample;AC=MS:1002038	NT=timstof ht;AC=MS:1003404	NT=Carbamidomethyl;AC=UNIMOD:4;TA=C;MT=Fixed	NT=Oxidation;AC=UNIMOD:35;TA=M;MT=Variable	NT=Trypsin;AC=MS:1001251	NT=collision-induced dissociation;AC=MS:1000133	dithiothreitol (dtt)	iodoacetamide (iaa)	1	1	20230829_TimsHT_Vucak_Baccarini_MPL_UniWien_MPLID23168_APMS_s225_15p_BE1_1_2586.d.zip	ftp://ftp.pride.ebi.ac.uk/pride/data/archive/2026/09/PXD071453/20230829_TimsHT_Vucak_Baccarini_MPL_UniWien_MPLID23168_APMS_s225_15p_BE1_1_2586.d.zip	v1.1.0	NT=ms-proteomics;VV=v1.1.0	NT=dia-acquisition;VV=v1.1.0	manual curation	Cell culture
20230829_TimsHT_Vucak_Baccarini_MPL_UniWien_MPLID23168_APMS_s208_20p_BB8_1_2550.d.zip	homo sapiens	Cell culture	not applicable	not available	1	20230829_TimsHT_Vucak_Baccarini_MPL_UniWien_MPLID23168_APMS_s208_20p_BB8_1_2550.d.zip	proteomic profiling by mass spectrometry	Data-independent acquisition	NT=label free sample;AC=MS:1002038	NT=timstof ht;AC=MS:1003404	NT=Carbamidomethyl;AC=UNIMOD:4;TA=C;MT=Fixed	NT=Oxidation;AC=UNIMOD:35;TA=M;MT=Variable	NT=Trypsin;AC=MS:1001251	NT=collision-induced dissociation;AC=MS:1000133	dithiothreitol (dtt)	iodoacetamide (iaa)	1	1	20230829_TimsHT_Vucak_Baccarini_MPL_UniWien_MPLID23168_APMS_s208_20p_BB8_1_2550.d.zip	ftp://ftp.pride.ebi.ac.uk/pride/data/archive/2026/09/PXD071453/20230829_TimsHT_Vucak_Baccarini_MPL_UniWien_MPLID23168_APMS_s208_20p_BB8_1_2550.d.zip	v1.1.0	NT=ms-proteomics;VV=v1.1.0	NT=dia-acquisition;VV=v1.1.0	manual curation	Cell culture
20230829_TimsHT_Vucak_Baccarini_MPL_UniWien_MPLID23168_APMS_s201_15p_BB1_1_2536.d.zip	homo sapiens	Cell culture	not applicable	not available	1	20230829_TimsHT_Vucak_Baccarini_MPL_UniWien_MPLID23168_APMS_s201_15p_BB1_1_2536.d.zip	proteomic profiling by mass spectrometry	Data-independent acquisition	NT=label free sample;AC=MS:1002038	NT=timstof ht;AC=MS:1003404	NT=Carbamidomethyl;AC=UNIMOD:4;TA=C;MT=Fixed	NT=Oxidation;AC=UNIMOD:35;TA=M;MT=Variable	NT=Trypsin;AC=MS:1001251	NT=collision-induced dissociation;AC=MS:1000133	dithiothreitol (dtt)	iodoacetamide (iaa)	1	1	20230829_TimsHT_Vucak_Baccarini_MPL_UniWien_MPLID23168_APMS_s201_15p_BB1_1_2536.d.zip	ftp://ftp.pride.ebi.ac.uk/pride/data/archive/2026/09/PXD071453/20230829_TimsHT_Vucak_Baccarini_MPL_UniWien_MPLID23168_APMS_s201_15p_BB1_1_2536.d.zip	v1.1.0	NT=ms-proteomics;VV=v1.1.0	NT=dia-acquisition;VV=v1.1.0	manual curation	Cell culture
20230902_TimsHT_Vucak_Baccarini_MPL_UniWien_MPLID23168_APMS_s315_15p_BC7_1_2663.d.zip	homo sapiens	Cell culture	not applicable	not available	1	20230902_TimsHT_Vucak_Baccarini_MPL_UniWien_MPLID23168_APMS_s315_15p_BC7_1_2663.d.zip	proteomic profiling by mass spectrometry	Data-independent acquisition	NT=label free sample;AC=MS:1002038	NT=timstof ht;AC=MS:1003404	NT=Carbamidomethyl;AC=UNIMOD:4;TA=C;MT=Fixed	NT=Oxidation;AC=UNIMOD:35;TA=M;MT=Variable	NT=Trypsin;AC=MS:1001251	NT=collision-induced dissociation;AC=MS:1000133	dithiothreitol (dtt)	iodoacetamide (iaa)	1	1	20230902_TimsHT_Vucak_Baccarini_MPL_UniWien_MPLID23168_APMS_s315_15p_BC7_1_2663.d.zip	ftp://ftp.pride.ebi.ac.uk/pride/data/archive/2026/09/PXD071453/20230902_TimsHT_Vucak_Baccarini_MPL_UniWien_MPLID23168_APMS_s315_15p_BC7_1_2663.d.zip	v1.1.0	NT=ms-proteomics;VV=v1.1.0	NT=dia-acquisition;VV=v1.1.0	manual curation	Cell culture
20230829_TimsHT_Vucak_Baccarini_MPL_UniWien_MPLID23168_APMS_s243_15p_BA3_1_2624.d.zip	homo sapiens	Cell culture	not applicable	not available	1	20230829_TimsHT_Vucak_Baccarini_MPL_UniWien_MPLID23168_APMS_s243_15p_BA3_1_2624.d.zip	proteomic profiling by mass spectrometry	Data-independent acquisition	NT=label free sample;AC=MS:1002038	NT=timstof ht;AC=MS:1003404	NT=Carbamidomethyl;AC=UNIMOD:4;TA=C;MT=Fixed	NT=Oxidation;AC=UNIMOD:35;TA=M;MT=Variable	NT=Trypsin;AC=MS:1001251	NT=collision-induced dissociation;AC=MS:1000133	dithiothreitol (dtt)	iodoacetamide (iaa)	1	1	20230829_TimsHT_Vucak_Baccarini_MPL_UniWien_MPLID23168_APMS_s243_15p_BA3_1_2624.d.zip	ftp://ftp.pride.ebi.ac.uk/pride/data/archive/2026/09/PXD071453/20230829_TimsHT_Vucak_Baccarini_MPL_UniWien_MPLID23168_APMS_s243_15p_BA3_1_2624.d.zip	v1.1.0	NT=ms-proteomics;VV=v1.1.0	NT=dia-acquisition;VV=v1.1.0	manual curation	Cell culture
20230902_TimsHT_Vucak_Baccarini_MPL_UniWien_MPLID23168_APMS_s317_15p_BD1_1_2667.d.zip	homo sapiens	Cell culture	not applicable	not available	1	20230902_TimsHT_Vucak_Baccarini_MPL_UniWien_MPLID23168_APMS_s317_15p_BD1_1_2667.d.zip	proteomic profiling by mass spectrometry	Data-independent acquisition	NT=label free sample;AC=MS:1002038	NT=timstof ht;AC=MS:1003404	NT=Carbamidomethyl;AC=UNIMOD:4;TA=C;MT=Fixed	NT=Oxidation;AC=UNIMOD:35;TA=M;MT=Variable	NT=Trypsin;AC=MS:1001251	NT=collision-induced dissociation;AC=MS:1000133	dithiothreitol (dtt)	iodoacetamide (iaa)	1	1	20230902_TimsHT_Vucak_Baccarini_MPL_UniWien_MPLID23168_APMS_s317_15p_BD1_1_2667.d.zip	ftp://ftp.pride.ebi.ac.uk/pride/data/archive/2026/09/PXD071453/20230902_TimsHT_Vucak_Baccarini_MPL_UniWien_MPLID23168_APMS_s317_15p_BD1_1_2667.d.zip	v1.1.0	NT=ms-proteomics;VV=v1.1.0	NT=dia-acquisition;VV=v1.1.0	manual curation	Cell culture
20230825_TimsHT_Vucak_Baccarini_MPL_UniWien_MPLID23168_APMS_s109_15p_2_BC1_1_2457.d.zip	homo sapiens	Cell culture	not applicable	not available	1	20230825_TimsHT_Vucak_Baccarini_MPL_UniWien_MPLID23168_APMS_s109_15p_2_BC1_1_2457.d.zip	proteomic profiling by mass spectrometry	Data-independent acquisition	NT=label free sample;AC=MS:1002038	NT=timstof ht;AC=MS:1003404	NT=Carbamidomethyl;AC=UNIMOD:4;TA=C;MT=Fixed	NT=Oxidation;AC=UNIMOD:35;TA=M;MT=Variable	NT=Trypsin;AC=MS:1001251	NT=collision-induced dissociation;AC=MS:1000133	dithiothreitol (dtt)	iodoacetamide (iaa)	1	1	20230825_TimsHT_Vucak_Baccarini_MPL_UniWien_MPLID23168_APMS_s109_15p_2_BC1_1_2457.d.zip	ftp://ftp.pride.ebi.ac.uk/pride/data/archive/2026/09/PXD071453/20230825_TimsHT_Vucak_Baccarini_MPL_UniWien_MPLID23168_APMS_s109_15p_2_BC1_1_2457.d.zip	v1.1.0	NT=ms-proteomics;VV=v1.1.0	NT=dia-acquisition;VV=v1.1.0	manual curation	Cell culture
20230902_TimsHT_Vucak_Baccarini_MPL_UniWien_MPLID23168_APMS_s340_15p_BB8_1_2715.d.zip	homo sapiens	Cell culture	not applicable	not available	1	20230902_TimsHT_Vucak_Baccarini_MPL_UniWien_MPLID23168_APMS_s340_15p_BB8_1_2715.d.zip	proteomic profiling by mass spectrometry	Data-independent acquisition	NT=label free sample;AC=MS:1002038	NT=timstof ht;AC=MS:1003404	NT=Carbamidomethyl;AC=UNIMOD:4;TA=C;MT=Fixed	NT=Oxidation;AC=UNIMOD:35;TA=M;MT=Variable	NT=Trypsin;AC=MS:1001251	NT=collision-induced dissociation;AC=MS:1000133	dithiothreitol (dtt)	iodoacetamide (iaa)	1	1	20230902_TimsHT_Vucak_Baccarini_MPL_UniWien_MPLID23168_APMS_s340_15p_BB8_1_2715.d.zip	ftp://ftp.pride.ebi.ac.uk/pride/data/archive/2026/09/PXD071453/20230902_TimsHT_Vucak_Baccarini_MPL_UniWien_MPLID23168_APMS_s340_15p_BB8_1_2715.d.zip	v1.1.0	NT=ms-proteomics;VV=v1.1.0	NT=dia-acquisition;VV=v1.1.0	manual curation	Cell culture
20230829_TimsHT_Vucak_Baccarini_MPL_UniWien_MPLID23168_APMS_s205_20p_BB5_1_2544.d.zip	homo sapiens	Cell culture	not applicable	not available	1	20230829_TimsHT_Vucak_Baccarini_MPL_UniWien_MPLID23168_APMS_s205_20p_BB5_1_2544.d.zip	proteomic profiling by mass spectrometry	Data-independent acquisition	NT=label free sample;AC=MS:1002038	NT=timstof ht;AC=MS:1003404	NT=Carbamidomethyl;AC=UNIMOD:4;TA=C;MT=Fixed	NT=Oxidation;AC=UNIMOD:35;TA=M;MT=Variable	NT=Trypsin;AC=MS:1001251	NT=collision-induced dissociation;AC=MS:1000133	dithiothreitol (dtt)	iodoacetamide (iaa)	1	1	20230829_TimsHT_Vucak_Baccarini_MPL_UniWien_MPLID23168_APMS_s205_20p_BB5_1_2544.d.zip	ftp://ftp.pride.ebi.ac.uk/pride/data/archive/2026/09/PXD071453/20230829_TimsHT_Vucak_Baccarini_MPL_UniWien_MPLID23168_APMS_s205_20p_BB5_1_2544.d.zip	v1.1.0	NT=ms-proteomics;VV=v1.1.0	NT=dia-acquisition;VV=v1.1.0	manual curation	Cell culture
20230829_TimsHT_Vucak_Baccarini_MPL_UniWien_MPLID23168_APMS_s214_10p_BC6_1_2562.d.zip	homo sapiens	Cell culture	not applicable	not available	1	20230829_TimsHT_Vucak_Baccarini_MPL_UniWien_MPLID23168_APMS_s214_10p_BC6_1_2562.d.zip	proteomic profiling by mass spectrometry	Data-independent acquisition	NT=label free sample;AC=MS:1002038	NT=timstof ht;AC=MS:1003404	NT=Carbamidomethyl;AC=UNIMOD:4;TA=C;MT=Fixed	NT=Oxidation;AC=UNIMOD:35;TA=M;MT=Variable	NT=Trypsin;AC=MS:1001251	NT=collision-induced dissociation;AC=MS:1000133	dithiothreitol (dtt)	iodoacetamide (iaa)	1	1	20230829_TimsHT_Vucak_Baccarini_MPL_UniWien_MPLID23168_APMS_s214_10p_BC6_1_2562.d.zip	ftp://ftp.pride.ebi.ac.uk/pride/data/archive/2026/09/PXD071453/20230829_TimsHT_Vucak_Baccarini_MPL_UniWien_MPLID23168_APMS_s214_10p_BC6_1_2562.d.zip	v1.1.0	NT=ms-proteomics;VV=v1.1.0	NT=dia-acquisition;VV=v1.1.0	manual curation	Cell culture
20250121_timsHT_NEO4_Vucak_Baccarini_MPL_UniWien_MPLID25011_s25_APMS_27p_KRAS_G12V_1_R-D4_1_3870.d.zip	homo sapiens	Cell culture	not applicable	not available	1	20250121_timsHT_NEO4_Vucak_Baccarini_MPL_UniWien_MPLID25011_s25_APMS_27p_KRAS_G12V_1_R-D4_1_3870.d.zip	proteomic profiling by mass spectrometry	Data-independent acquisition	NT=label free sample;AC=MS:1002038	NT=timstof ht;AC=MS:1003404	NT=Carbamidomethyl;AC=UNIMOD:4;TA=C;MT=Fixed	NT=Oxidation;AC=UNIMOD:35;TA=M;MT=Variable	NT=Trypsin;AC=MS:1001251	NT=collision-induced dissociation;AC=MS:1000133	dithiothreitol (dtt)	iodoacetamide (iaa)	1	1	20250121_timsHT_NEO4_Vucak_Baccarini_MPL_UniWien_MPLID25011_s25_APMS_27p_KRAS_G12V_1_R-D4_1_3870.d.zip	ftp://ftp.pride.ebi.ac.uk/pride/data/archive/2026/09/PXD071453/20250121_timsHT_NEO4_Vucak_Baccarini_MPL_UniWien_MPLID25011_s25_APMS_27p_KRAS_G12V_1_R-D4_1_3870.d.zip	v1.1.0	NT=ms-proteomics;VV=v1.1.0	NT=dia-acquisition;VV=v1.1.0	manual curation	Cell culture
20230825_TimsHT_Vucak_Baccarini_MPL_UniWien_MPLID23168_APMS_s114_10p_BC6_1_2467.d.zip	homo sapiens	Cell culture	not applicable	not available	1	20230825_TimsHT_Vucak_Baccarini_MPL_UniWien_MPLID23168_APMS_s114_10p_BC6_1_2467.d.zip	proteomic profiling by mass spectrometry	Data-independent acquisition	NT=label free sample;AC=MS:1002038	NT=timstof ht;AC=MS:1003404	NT=Carbamidomethyl;AC=UNIMOD:4;TA=C;MT=Fixed	NT=Oxidation;AC=UNIMOD:35;TA=M;MT=Variable	NT=Trypsin;AC=MS:1001251	NT=collision-induced dissociation;AC=MS:1000133	dithiothreitol (dtt)	iodoacetamide (iaa)	1	1	20230825_TimsHT_Vucak_Baccarini_MPL_UniWien_MPLID23168_APMS_s114_10p_BC6_1_2467.d.zip	ftp://ftp.pride.ebi.ac.uk/pride/data/archive/2026/09/PXD071453/20230825_TimsHT_Vucak_Baccarini_MPL_UniWien_MPLID23168_APMS_s114_10p_BC6_1_2467.d.zip	v1.1.0	NT=ms-proteomics;VV=v1.1.0	NT=dia-acquisition;VV=v1.1.0	manual curation	Cell culture
20230825_TimsHT_Vucak_Baccarini_MPL_UniWien_MPLID23168_APMS_s112_10p_BC4_1_2463.d.zip	homo sapiens	Cell culture	not applicable	not available	1	20230825_TimsHT_Vucak_Baccarini_MPL_UniWien_MPLID23168_APMS_s112_10p_BC4_1_2463.d.zip	proteomic profiling by mass spectrometry	Data-independent acquisition	NT=label free sample;AC=MS:1002038	NT=timstof ht;AC=MS:1003404	NT=Carbamidomethyl;AC=UNIMOD:4;TA=C;MT=Fixed	NT=Oxidation;AC=UNIMOD:35;TA=M;MT=Variable	NT=Trypsin;AC=MS:1001251	NT=collision-induced dissociation;AC=MS:1000133	dithiothreitol (dtt)	iodoacetamide (iaa)	1	1	20230825_TimsHT_Vucak_Baccarini_MPL_UniWien_MPLID23168_APMS_s112_10p_BC4_1_2463.d.zip	ftp://ftp.pride.ebi.ac.uk/pride/data/archive/2026/09/PXD071453/20230825_TimsHT_Vucak_Baccarini_MPL_UniWien_MPLID23168_APMS_s112_10p_BC4_1_2463.d.zip	v1.1.0	NT=ms-proteomics;VV=v1.1.0	NT=dia-acquisition;VV=v1.1.0	manual curation	Cell culture
20230829_TimsHT_Vucak_Baccarini_MPL_UniWien_MPLID23168_APMS_s212_20p_BC4_1_2558.d.zip	homo sapiens	Cell culture	not applicable	not available	1	20230829_TimsHT_Vucak_Baccarini_MPL_UniWien_MPLID23168_APMS_s212_20p_BC4_1_2558.d.zip	proteomic profiling by mass spectrometry	Data-independent acquisition	NT=label free sample;AC=MS:1002038	NT=timstof ht;AC=MS:1003404	NT=Carbamidomethyl;AC=UNIMOD:4;TA=C;MT=Fixed	NT=Oxidation;AC=UNIMOD:35;TA=M;MT=Variable	NT=Trypsin;AC=MS:1001251	NT=collision-induced dissociation;AC=MS:1000133	dithiothreitol (dtt)	iodoacetamide (iaa)	1	1	20230829_TimsHT_Vucak_Baccarini_MPL_UniWien_MPLID23168_APMS_s212_20p_BC4_1_2558.d.zip	ftp://ftp.pride.ebi.ac.uk/pride/data/archive/2026/09/PXD071453/20230829_TimsHT_Vucak_Baccarini_MPL_UniWien_MPLID23168_APMS_s212_20p_BC4_1_2558.d.zip	v1.1.0	NT=ms-proteomics;VV=v1.1.0	NT=dia-acquisition;VV=v1.1.0	manual curation	Cell culture
20230829_TimsHT_Vucak_Baccarini_MPL_UniWien_MPLID23168_APMS_s202_20p_BB2_1_2538.d.zip	homo sapiens	Cell culture	not applicable	not available	1	20230829_TimsHT_Vucak_Baccarini_MPL_UniWien_MPLID23168_APMS_s202_20p_BB2_1_2538.d.zip	proteomic profiling by mass spectrometry	Data-independent acquisition	NT=label free sample;AC=MS:1002038	NT=timstof ht;AC=MS:1003404	NT=Carbamidomethyl;AC=UNIMOD:4;TA=C;MT=Fixed	NT=Oxidation;AC=UNIMOD:35;TA=M;MT=Variable	NT=Trypsin;AC=MS:1001251	NT=collision-induced dissociation;AC=MS:1000133	dithiothreitol (dtt)	iodoacetamide (iaa)	1	1	20230829_TimsHT_Vucak_Baccarini_MPL_UniWien_MPLID23168_APMS_s202_20p_BB2_1_2538.d.zip	ftp://ftp.pride.ebi.ac.uk/pride/data/archive/2026/09/PXD071453/20230829_TimsHT_Vucak_Baccarini_MPL_UniWien_MPLID23168_APMS_s202_20p_BB2_1_2538.d.zip	v1.1.0	NT=ms-proteomics;VV=v1.1.0	NT=dia-acquisition;VV=v1.1.0	manual curation	Cell culture
20230829_TimsHT_Vucak_Baccarini_MPL_UniWien_MPLID23168_APMS_s237_15p_BB5_1_2612.d.zip	homo sapiens	Cell culture	not applicable	not available	1	20230829_TimsHT_Vucak_Baccarini_MPL_UniWien_MPLID23168_APMS_s237_15p_BB5_1_2612.d.zip	proteomic profiling by mass spectrometry	Data-independent acquisition	NT=label free sample;AC=MS:1002038	NT=timstof ht;AC=MS:1003404	NT=Carbamidomethyl;AC=UNIMOD:4;TA=C;MT=Fixed	NT=Oxidation;AC=UNIMOD:35;TA=M;MT=Variable	NT=Trypsin;AC=MS:1001251	NT=collision-induced dissociation;AC=MS:1000133	dithiothreitol (dtt)	iodoacetamide (iaa)	1	1	20230829_TimsHT_Vucak_Baccarini_MPL_UniWien_MPLID23168_APMS_s237_15p_BB5_1_2612.d.zip	ftp://ftp.pride.ebi.ac.uk/pride/data/archive/2026/09/PXD071453/20230829_TimsHT_Vucak_Baccarini_MPL_UniWien_MPLID23168_APMS_s237_15p_BB5_1_2612.d.zip	v1.1.0	NT=ms-proteomics;VV=v1.1.0	NT=dia-acquisition;VV=v1.1.0	manual curation	Cell culture
20230902_TimsHT_Vucak_Baccarini_MPL_UniWien_MPLID23168_APMS_s308_20p_BB8_1_2647.d.zip	homo sapiens	Cell culture	not applicable	not available	1	20230902_TimsHT_Vucak_Baccarini_MPL_UniWien_MPLID23168_APMS_s308_20p_BB8_1_2647.d.zip	proteomic profiling by mass spectrometry	Data-independent acquisition	NT=label free sample;AC=MS:1002038	NT=timstof ht;AC=MS:1003404	NT=Carbamidomethyl;AC=UNIMOD:4;TA=C;MT=Fixed	NT=Oxidation;AC=UNIMOD:35;TA=M;MT=Variable	NT=Trypsin;AC=MS:1001251	NT=collision-induced dissociation;AC=MS:1000133	dithiothreitol (dtt)	iodoacetamide (iaa)	1	1	20230902_TimsHT_Vucak_Baccarini_MPL_UniWien_MPLID23168_APMS_s308_20p_BB8_1_2647.d.zip	ftp://ftp.pride.ebi.ac.uk/pride/data/archive/2026/09/PXD071453/20230902_TimsHT_Vucak_Baccarini_MPL_UniWien_MPLID23168_APMS_s308_20p_BB8_1_2647.d.zip	v1.1.0	NT=ms-proteomics;VV=v1.1.0	NT=dia-acquisition;VV=v1.1.0	manual curation	Cell culture
20230902_TimsHT_Vucak_Baccarini_MPL_UniWien_MPLID23168_APMS_s313_15p_BC5_1_2657.d.zip	homo sapiens	Cell culture	not applicable	not available	1	20230902_TimsHT_Vucak_Baccarini_MPL_UniWien_MPLID23168_APMS_s313_15p_BC5_1_2657.d.zip	proteomic profiling by mass spectrometry	Data-independent acquisition	NT=label free sample;AC=MS:1002038	NT=timstof ht;AC=MS:1003404	NT=Carbamidomethyl;AC=UNIMOD:4;TA=C;MT=Fixed	NT=Oxidation;AC=UNIMOD:35;TA=M;MT=Variable	NT=Trypsin;AC=MS:1001251	NT=collision-induced dissociation;AC=MS:1000133	dithiothreitol (dtt)	iodoacetamide (iaa)	1	1	20230902_TimsHT_Vucak_Baccarini_MPL_UniWien_MPLID23168_APMS_s313_15p_BC5_1_2657.d.zip	ftp://ftp.pride.ebi.ac.uk/pride/data/archive/2026/09/PXD071453/20230902_TimsHT_Vucak_Baccarini_MPL_UniWien_MPLID23168_APMS_s313_15p_BC5_1_2657.d.zip	v1.1.0	NT=ms-proteomics;VV=v1.1.0	NT=dia-acquisition;VV=v1.1.0	manual curation	Cell culture
20230902_TimsHT_Vucak_Baccarini_MPL_UniWien_MPLID23168_APMS_s337_20p_BB5_1_2709.d.zip	homo sapiens	Cell culture	not applicable	not available	1	20230902_TimsHT_Vucak_Baccarini_MPL_UniWien_MPLID23168_APMS_s337_20p_BB5_1_2709.d.zip	proteomic profiling by mass spectrometry	Data-independent acquisition	NT=label free sample;AC=MS:1002038	NT=timstof ht;AC=MS:1003404	NT=Carbamidomethyl;AC=UNIMOD:4;TA=C;MT=Fixed	NT=Oxidation;AC=UNIMOD:35;TA=M;MT=Variable	NT=Trypsin;AC=MS:1001251	NT=collision-induced dissociation;AC=MS:1000133	dithiothreitol (dtt)	iodoacetamide (iaa)	1	1	20230902_TimsHT_Vucak_Baccarini_MPL_UniWien_MPLID23168_APMS_s337_20p_BB5_1_2709.d.zip	ftp://ftp.pride.ebi.ac.uk/pride/data/archive/2026/09/PXD071453/20230902_TimsHT_Vucak_Baccarini_MPL_UniWien_MPLID23168_APMS_s337_20p_BB5_1_2709.d.zip	v1.1.0	NT=ms-proteomics;VV=v1.1.0	NT=dia-acquisition;VV=v1.1.0	manual curation	Cell culture
20230902_TimsHT_Vucak_Baccarini_MPL_UniWien_MPLID23168_APMS_s325_20p_BE1_1_2683.d.zip	homo sapiens	Cell culture	not applicable	not available	1	20230902_TimsHT_Vucak_Baccarini_MPL_UniWien_MPLID23168_APMS_s325_20p_BE1_1_2683.d.zip	proteomic profiling by mass spectrometry	Data-independent acquisition	NT=label free sample;AC=MS:1002038	NT=timstof ht;AC=MS:1003404	NT=Carbamidomethyl;AC=UNIMOD:4;TA=C;MT=Fixed	NT=Oxidation;AC=UNIMOD:35;TA=M;MT=Variable	NT=Trypsin;AC=MS:1001251	NT=collision-induced dissociation;AC=MS:1000133	dithiothreitol (dtt)	iodoacetamide (iaa)	1	1	20230902_TimsHT_Vucak_Baccarini_MPL_UniWien_MPLID23168_APMS_s325_20p_BE1_1_2683.d.zip	ftp://ftp.pride.ebi.ac.uk/pride/data/archive/2026/09/PXD071453/20230902_TimsHT_Vucak_Baccarini_MPL_UniWien_MPLID23168_APMS_s325_20p_BE1_1_2683.d.zip	v1.1.0	NT=ms-proteomics;VV=v1.1.0	NT=dia-acquisition;VV=v1.1.0	manual curation	Cell culture
20230829_TimsHT_Vucak_Baccarini_MPL_UniWien_MPLID23168_APMS_s235_15p_BB3_1_2608.d.zip	homo sapiens	Cell culture	not applicable	not available	1	20230829_TimsHT_Vucak_Baccarini_MPL_UniWien_MPLID23168_APMS_s235_15p_BB3_1_2608.d.zip	proteomic profiling by mass spectrometry	Data-independent acquisition	NT=label free sample;AC=MS:1002038	NT=timstof ht;AC=MS:1003404	NT=Carbamidomethyl;AC=UNIMOD:4;TA=C;MT=Fixed	NT=Oxidation;AC=UNIMOD:35;TA=M;MT=Variable	NT=Trypsin;AC=MS:1001251	NT=collision-induced dissociation;AC=MS:1000133	dithiothreitol (dtt)	iodoacetamide (iaa)	1	1	20230829_TimsHT_Vucak_Baccarini_MPL_UniWien_MPLID23168_APMS_s235_15p_BB3_1_2608.d.zip	ftp://ftp.pride.ebi.ac.uk/pride/data/archive/2026/09/PXD071453/20230829_TimsHT_Vucak_Baccarini_MPL_UniWien_MPLID23168_APMS_s235_15p_BB3_1_2608.d.zip	v1.1.0	NT=ms-proteomics;VV=v1.1.0	NT=dia-acquisition;VV=v1.1.0	manual curation	Cell culture
20230829_TimsHT_Vucak_Baccarini_MPL_UniWien_MPLID23168_APMS_s221_20p_BD5_1_2578.d.zip	homo sapiens	Cell culture	not applicable	not available	1	20230829_TimsHT_Vucak_Baccarini_MPL_UniWien_MPLID23168_APMS_s221_20p_BD5_1_2578.d.zip	proteomic profiling by mass spectrometry	Data-independent acquisition	NT=label free sample;AC=MS:1002038	NT=timstof ht;AC=MS:1003404	NT=Carbamidomethyl;AC=UNIMOD:4;TA=C;MT=Fixed	NT=Oxidation;AC=UNIMOD:35;TA=M;MT=Variable	NT=Trypsin;AC=MS:1001251	NT=collision-induced dissociation;AC=MS:1000133	dithiothreitol (dtt)	iodoacetamide (iaa)	1	1	20230829_TimsHT_Vucak_Baccarini_MPL_UniWien_MPLID23168_APMS_s221_20p_BD5_1_2578.d.zip	ftp://ftp.pride.ebi.ac.uk/pride/data/archive/2026/09/PXD071453/20230829_TimsHT_Vucak_Baccarini_MPL_UniWien_MPLID23168_APMS_s221_20p_BD5_1_2578.d.zip	v1.1.0	NT=ms-proteomics;VV=v1.1.0	NT=dia-acquisition;VV=v1.1.0	manual curation	Cell culture
20230825_TimsHT_Vucak_Baccarini_MPL_UniWien_MPLID23168_APMS_s125_15p_BE1_1_2491.d.zip	homo sapiens	Cell culture	not applicable	not available	1	20230825_TimsHT_Vucak_Baccarini_MPL_UniWien_MPLID23168_APMS_s125_15p_BE1_1_2491.d.zip	proteomic profiling by mass spectrometry	Data-independent acquisition	NT=label free sample;AC=MS:1002038	NT=timstof ht;AC=MS:1003404	NT=Carbamidomethyl;AC=UNIMOD:4;TA=C;MT=Fixed	NT=Oxidation;AC=UNIMOD:35;TA=M;MT=Variable	NT=Trypsin;AC=MS:1001251	NT=collision-induced dissociation;AC=MS:1000133	dithiothreitol (dtt)	iodoacetamide (iaa)	1	1	20230825_TimsHT_Vucak_Baccarini_MPL_UniWien_MPLID23168_APMS_s125_15p_BE1_1_2491.d.zip	ftp://ftp.pride.ebi.ac.uk/pride/data/archive/2026/09/PXD071453/20230825_TimsHT_Vucak_Baccarini_MPL_UniWien_MPLID23168_APMS_s125_15p_BE1_1_2491.d.zip	v1.1.0	NT=ms-proteomics;VV=v1.1.0	NT=dia-acquisition;VV=v1.1.0	manual curation	Cell culture
20230829_TimsHT_Vucak_Baccarini_MPL_UniWien_MPLID23168_APMS_s240_10p_BB8_1_2618.d.zip	homo sapiens	Cell culture	not applicable	not available	1	20230829_TimsHT_Vucak_Baccarini_MPL_UniWien_MPLID23168_APMS_s240_10p_BB8_1_2618.d.zip	proteomic profiling by mass spectrometry	Data-independent acquisition	NT=label free sample;AC=MS:1002038	NT=timstof ht;AC=MS:1003404	NT=Carbamidomethyl;AC=UNIMOD:4;TA=C;MT=Fixed	NT=Oxidation;AC=UNIMOD:35;TA=M;MT=Variable	NT=Trypsin;AC=MS:1001251	NT=collision-induced dissociation;AC=MS:1000133	dithiothreitol (dtt)	iodoacetamide (iaa)	1	1	20230829_TimsHT_Vucak_Baccarini_MPL_UniWien_MPLID23168_APMS_s240_10p_BB8_1_2618.d.zip	ftp://ftp.pride.ebi.ac.uk/pride/data/archive/2026/09/PXD071453/20230829_TimsHT_Vucak_Baccarini_MPL_UniWien_MPLID23168_APMS_s240_10p_BB8_1_2618.d.zip	v1.1.0	NT=ms-proteomics;VV=v1.1.0	NT=dia-acquisition;VV=v1.1.0	manual curation	Cell culture
20230902_TimsHT_Vucak_Baccarini_MPL_UniWien_MPLID23168_APMS_s335_15p_BB3_1_2705.d.zip	homo sapiens	Cell culture	not applicable	not available	1	20230902_TimsHT_Vucak_Baccarini_MPL_UniWien_MPLID23168_APMS_s335_15p_BB3_1_2705.d.zip	proteomic profiling by mass spectrometry	Data-independent acquisition	NT=label free sample;AC=MS:1002038	NT=timstof ht;AC=MS:1003404	NT=Carbamidomethyl;AC=UNIMOD:4;TA=C;MT=Fixed	NT=Oxidation;AC=UNIMOD:35;TA=M;MT=Variable	NT=Trypsin;AC=MS:1001251	NT=collision-induced dissociation;AC=MS:1000133	dithiothreitol (dtt)	iodoacetamide (iaa)	1	1	20230902_TimsHT_Vucak_Baccarini_MPL_UniWien_MPLID23168_APMS_s335_15p_BB3_1_2705.d.zip	ftp://ftp.pride.ebi.ac.uk/pride/data/archive/2026/09/PXD071453/20230902_TimsHT_Vucak_Baccarini_MPL_UniWien_MPLID23168_APMS_s335_15p_BB3_1_2705.d.zip	v1.1.0	NT=ms-proteomics;VV=v1.1.0	NT=dia-acquisition;VV=v1.1.0	manual curation	Cell culture
20230902_TimsHT_Vucak_Baccarini_MPL_UniWien_MPLID23168_APMS_s328_15p_BE4_1_2689.d.zip	homo sapiens	Cell culture	not applicable	not available	1	20230902_TimsHT_Vucak_Baccarini_MPL_UniWien_MPLID23168_APMS_s328_15p_BE4_1_2689.d.zip	proteomic profiling by mass spectrometry	Data-independent acquisition	NT=label free sample;AC=MS:1002038	NT=timstof ht;AC=MS:1003404	NT=Carbamidomethyl;AC=UNIMOD:4;TA=C;MT=Fixed	NT=Oxidation;AC=UNIMOD:35;TA=M;MT=Variable	NT=Trypsin;AC=MS:1001251	NT=collision-induced dissociation;AC=MS:1000133	dithiothreitol (dtt)	iodoacetamide (iaa)	1	1	20230902_TimsHT_Vucak_Baccarini_MPL_UniWien_MPLID23168_APMS_s328_15p_BE4_1_2689.d.zip	ftp://ftp.pride.ebi.ac.uk/pride/data/archive/2026/09/PXD071453/20230902_TimsHT_Vucak_Baccarini_MPL_UniWien_MPLID23168_APMS_s328_15p_BE4_1_2689.d.zip	v1.1.0	NT=ms-proteomics;VV=v1.1.0	NT=dia-acquisition;VV=v1.1.0	manual curation	Cell culture
20230829_TimsHT_Vucak_Baccarini_MPL_UniWien_MPLID23168_APMS_s239_15p_BB7_1_2616.d.zip	homo sapiens	Cell culture	not applicable	not available	1	20230829_TimsHT_Vucak_Baccarini_MPL_UniWien_MPLID23168_APMS_s239_15p_BB7_1_2616.d.zip	proteomic profiling by mass spectrometry	Data-independent acquisition	NT=label free sample;AC=MS:1002038	NT=timstof ht;AC=MS:1003404	NT=Carbamidomethyl;AC=UNIMOD:4;TA=C;MT=Fixed	NT=Oxidation;AC=UNIMOD:35;TA=M;MT=Variable	NT=Trypsin;AC=MS:1001251	NT=collision-induced dissociation;AC=MS:1000133	dithiothreitol (dtt)	iodoacetamide (iaa)	1	1	20230829_TimsHT_Vucak_Baccarini_MPL_UniWien_MPLID23168_APMS_s239_15p_BB7_1_2616.d.zip	ftp://ftp.pride.ebi.ac.uk/pride/data/archive/2026/09/PXD071453/20230829_TimsHT_Vucak_Baccarini_MPL_UniWien_MPLID23168_APMS_s239_15p_BB7_1_2616.d.zip	v1.1.0	NT=ms-proteomics;VV=v1.1.0	NT=dia-acquisition;VV=v1.1.0	manual curation	Cell culture
20230902_TimsHT_Vucak_Baccarini_MPL_UniWien_MPLID23168_APMS_s341_15p_BC1_1_2717.d.zip	homo sapiens	Cell culture	not applicable	not available	1	20230902_TimsHT_Vucak_Baccarini_MPL_UniWien_MPLID23168_APMS_s341_15p_BC1_1_2717.d.zip	proteomic profiling by mass spectrometry	Data-independent acquisition	NT=label free sample;AC=MS:1002038	NT=timstof ht;AC=MS:1003404	NT=Carbamidomethyl;AC=UNIMOD:4;TA=C;MT=Fixed	NT=Oxidation;AC=UNIMOD:35;TA=M;MT=Variable	NT=Trypsin;AC=MS:1001251	NT=collision-induced dissociation;AC=MS:1000133	dithiothreitol (dtt)	iodoacetamide (iaa)	1	1	20230902_TimsHT_Vucak_Baccarini_MPL_UniWien_MPLID23168_APMS_s341_15p_BC1_1_2717.d.zip	ftp://ftp.pride.ebi.ac.uk/pride/data/archive/2026/09/PXD071453/20230902_TimsHT_Vucak_Baccarini_MPL_UniWien_MPLID23168_APMS_s341_15p_BC1_1_2717.d.zip	v1.1.0	NT=ms-proteomics;VV=v1.1.0	NT=dia-acquisition;VV=v1.1.0	manual curation	Cell culture
20230829_TimsHT_Vucak_Baccarini_MPL_UniWien_MPLID23168_APMS_s223_20p_BD7_1_2582.d.zip	homo sapiens	Cell culture	not applicable	not available	1	20230829_TimsHT_Vucak_Baccarini_MPL_UniWien_MPLID23168_APMS_s223_20p_BD7_1_2582.d.zip	proteomic profiling by mass spectrometry	Data-independent acquisition	NT=label free sample;AC=MS:1002038	NT=timstof ht;AC=MS:1003404	NT=Carbamidomethyl;AC=UNIMOD:4;TA=C;MT=Fixed	NT=Oxidation;AC=UNIMOD:35;TA=M;MT=Variable	NT=Trypsin;AC=MS:1001251	NT=collision-induced dissociation;AC=MS:1000133	dithiothreitol (dtt)	iodoacetamide (iaa)	1	1	20230829_TimsHT_Vucak_Baccarini_MPL_UniWien_MPLID23168_APMS_s223_20p_BD7_1_2582.d.zip	ftp://ftp.pride.ebi.ac.uk/pride/data/archive/2026/09/PXD071453/20230829_TimsHT_Vucak_Baccarini_MPL_UniWien_MPLID23168_APMS_s223_20p_BD7_1_2582.d.zip	v1.1.0	NT=ms-proteomics;VV=v1.1.0	NT=dia-acquisition;VV=v1.1.0	manual curation	Cell culture
20230825_TimsHT_Vucak_Baccarini_MPL_UniWien_MPLID23168_APMS_s121_10p_BD5_1_2483.d.zip	homo sapiens	Cell culture	not applicable	not available	1	20230825_TimsHT_Vucak_Baccarini_MPL_UniWien_MPLID23168_APMS_s121_10p_BD5_1_2483.d.zip	proteomic profiling by mass spectrometry	Data-independent acquisition	NT=label free sample;AC=MS:1002038	NT=timstof ht;AC=MS:1003404	NT=Carbamidomethyl;AC=UNIMOD:4;TA=C;MT=Fixed	NT=Oxidation;AC=UNIMOD:35;TA=M;MT=Variable	NT=Trypsin;AC=MS:1001251	NT=collision-induced dissociation;AC=MS:1000133	dithiothreitol (dtt)	iodoacetamide (iaa)	1	1	20230825_TimsHT_Vucak_Baccarini_MPL_UniWien_MPLID23168_APMS_s121_10p_BD5_1_2483.d.zip	ftp://ftp.pride.ebi.ac.uk/pride/data/archive/2026/09/PXD071453/20230825_TimsHT_Vucak_Baccarini_MPL_UniWien_MPLID23168_APMS_s121_10p_BD5_1_2483.d.zip	v1.1.0	NT=ms-proteomics;VV=v1.1.0	NT=dia-acquisition;VV=v1.1.0	manual curation	Cell culture
20230902_TimsHT_Vucak_Baccarini_MPL_UniWien_MPLID23168_APMS_s343_20p_BC3_1_2721.d.zip	homo sapiens	Cell culture	not applicable	not available	1	20230902_TimsHT_Vucak_Baccarini_MPL_UniWien_MPLID23168_APMS_s343_20p_BC3_1_2721.d.zip	proteomic profiling by mass spectrometry	Data-independent acquisition	NT=label free sample;AC=MS:1002038	NT=timstof ht;AC=MS:1003404	NT=Carbamidomethyl;AC=UNIMOD:4;TA=C;MT=Fixed	NT=Oxidation;AC=UNIMOD:35;TA=M;MT=Variable	NT=Trypsin;AC=MS:1001251	NT=collision-induced dissociation;AC=MS:1000133	dithiothreitol (dtt)	iodoacetamide (iaa)	1	1	20230902_TimsHT_Vucak_Baccarini_MPL_UniWien_MPLID23168_APMS_s343_20p_BC3_1_2721.d.zip	ftp://ftp.pride.ebi.ac.uk/pride/data/archive/2026/09/PXD071453/20230902_TimsHT_Vucak_Baccarini_MPL_UniWien_MPLID23168_APMS_s343_20p_BC3_1_2721.d.zip	v1.1.0	NT=ms-proteomics;VV=v1.1.0	NT=dia-acquisition;VV=v1.1.0	manual curation	Cell culture
20230902_TimsHT_Vucak_Baccarini_MPL_UniWien_MPLID23168_APMS_s339_20p_BB7_1_2713.d.zip	homo sapiens	Cell culture	not applicable	not available	1	20230902_TimsHT_Vucak_Baccarini_MPL_UniWien_MPLID23168_APMS_s339_20p_BB7_1_2713.d.zip	proteomic profiling by mass spectrometry	Data-independent acquisition	NT=label free sample;AC=MS:1002038	NT=timstof ht;AC=MS:1003404	NT=Carbamidomethyl;AC=UNIMOD:4;TA=C;MT=Fixed	NT=Oxidation;AC=UNIMOD:35;TA=M;MT=Variable	NT=Trypsin;AC=MS:1001251	NT=collision-induced dissociation;AC=MS:1000133	dithiothreitol (dtt)	iodoacetamide (iaa)	1	1	20230902_TimsHT_Vucak_Baccarini_MPL_UniWien_MPLID23168_APMS_s339_20p_BB7_1_2713.d.zip	ftp://ftp.pride.ebi.ac.uk/pride/data/archive/2026/09/PXD071453/20230902_TimsHT_Vucak_Baccarini_MPL_UniWien_MPLID23168_APMS_s339_20p_BB7_1_2713.d.zip	v1.1.0	NT=ms-proteomics;VV=v1.1.0	NT=dia-acquisition;VV=v1.1.0	manual curation	Cell culture
20230829_TimsHT_Vucak_Baccarini_MPL_UniWien_MPLID23168_APMS_s238_20p_BB6_1_2614.d.zip	homo sapiens	Cell culture	not applicable	not available	1	20230829_TimsHT_Vucak_Baccarini_MPL_UniWien_MPLID23168_APMS_s238_20p_BB6_1_2614.d.zip	proteomic profiling by mass spectrometry	Data-independent acquisition	NT=label free sample;AC=MS:1002038	NT=timstof ht;AC=MS:1003404	NT=Carbamidomethyl;AC=UNIMOD:4;TA=C;MT=Fixed	NT=Oxidation;AC=UNIMOD:35;TA=M;MT=Variable	NT=Trypsin;AC=MS:1001251	NT=collision-induced dissociation;AC=MS:1000133	dithiothreitol (dtt)	iodoacetamide (iaa)	1	1	20230829_TimsHT_Vucak_Baccarini_MPL_UniWien_MPLID23168_APMS_s238_20p_BB6_1_2614.d.zip	ftp://ftp.pride.ebi.ac.uk/pride/data/archive/2026/09/PXD071453/20230829_TimsHT_Vucak_Baccarini_MPL_UniWien_MPLID23168_APMS_s238_20p_BB6_1_2614.d.zip	v1.1.0	NT=ms-proteomics;VV=v1.1.0	NT=dia-acquisition;VV=v1.1.0	manual curation	Cell culture
20230829_TimsHT_Vucak_Baccarini_MPL_UniWien_MPLID23168_APMS_s242_15p_BA2_1_2622.d.zip	homo sapiens	Cell culture	not applicable	not available	1	20230829_TimsHT_Vucak_Baccarini_MPL_UniWien_MPLID23168_APMS_s242_15p_BA2_1_2622.d.zip	proteomic profiling by mass spectrometry	Data-independent acquisition	NT=label free sample;AC=MS:1002038	NT=timstof ht;AC=MS:1003404	NT=Carbamidomethyl;AC=UNIMOD:4;TA=C;MT=Fixed	NT=Oxidation;AC=UNIMOD:35;TA=M;MT=Variable	NT=Trypsin;AC=MS:1001251	NT=collision-induced dissociation;AC=MS:1000133	dithiothreitol (dtt)	iodoacetamide (iaa)	1	1	20230829_TimsHT_Vucak_Baccarini_MPL_UniWien_MPLID23168_APMS_s242_15p_BA2_1_2622.d.zip	ftp://ftp.pride.ebi.ac.uk/pride/data/archive/2026/09/PXD071453/20230829_TimsHT_Vucak_Baccarini_MPL_UniWien_MPLID23168_APMS_s242_15p_BA2_1_2622.d.zip	v1.1.0	NT=ms-proteomics;VV=v1.1.0	NT=dia-acquisition;VV=v1.1.0	manual curation	Cell culture
20230902_TimsHT_Vucak_Baccarini_MPL_UniWien_MPLID23168_APMS_s332_15p_BE8_1_2699.d.zip	homo sapiens	Cell culture	not applicable	not available	1	20230902_TimsHT_Vucak_Baccarini_MPL_UniWien_MPLID23168_APMS_s332_15p_BE8_1_2699.d.zip	proteomic profiling by mass spectrometry	Data-independent acquisition	NT=label free sample;AC=MS:1002038	NT=timstof ht;AC=MS:1003404	NT=Carbamidomethyl;AC=UNIMOD:4;TA=C;MT=Fixed	NT=Oxidation;AC=UNIMOD:35;TA=M;MT=Variable	NT=Trypsin;AC=MS:1001251	NT=collision-induced dissociation;AC=MS:1000133	dithiothreitol (dtt)	iodoacetamide (iaa)	1	1	20230902_TimsHT_Vucak_Baccarini_MPL_UniWien_MPLID23168_APMS_s332_15p_BE8_1_2699.d.zip	ftp://ftp.pride.ebi.ac.uk/pride/data/archive/2026/09/PXD071453/20230902_TimsHT_Vucak_Baccarini_MPL_UniWien_MPLID23168_APMS_s332_15p_BE8_1_2699.d.zip	v1.1.0	NT=ms-proteomics;VV=v1.1.0	NT=dia-acquisition;VV=v1.1.0	manual curation	Cell culture
20250121_timsHT_NEO4_Vucak_Baccarini_MPL_UniWien_MPLID25011_s29_APMS_30p_GFP_2_R-D6_1_3875.d.zip	homo sapiens	Cell culture	not applicable	not available	1	20250121_timsHT_NEO4_Vucak_Baccarini_MPL_UniWien_MPLID25011_s29_APMS_30p_GFP_2_R-D6_1_3875.d.zip	proteomic profiling by mass spectrometry	Data-independent acquisition	NT=label free sample;AC=MS:1002038	NT=timstof ht;AC=MS:1003404	NT=Carbamidomethyl;AC=UNIMOD:4;TA=C;MT=Fixed	NT=Oxidation;AC=UNIMOD:35;TA=M;MT=Variable	NT=Trypsin;AC=MS:1001251	NT=collision-induced dissociation;AC=MS:1000133	dithiothreitol (dtt)	iodoacetamide (iaa)	1	1	20250121_timsHT_NEO4_Vucak_Baccarini_MPL_UniWien_MPLID25011_s29_APMS_30p_GFP_2_R-D6_1_3875.d.zip	ftp://ftp.pride.ebi.ac.uk/pride/data/archive/2026/09/PXD071453/20250121_timsHT_NEO4_Vucak_Baccarini_MPL_UniWien_MPLID25011_s29_APMS_30p_GFP_2_R-D6_1_3875.d.zip	v1.1.0	NT=ms-proteomics;VV=v1.1.0	NT=dia-acquisition;VV=v1.1.0	manual curation	Cell culture
20230829_TimsHT_Vucak_Baccarini_MPL_UniWien_MPLID23168_APMS_s204_15p_BB4_1_2542.d.zip	homo sapiens	Cell culture	not applicable	not available	1	20230829_TimsHT_Vucak_Baccarini_MPL_UniWien_MPLID23168_APMS_s204_15p_BB4_1_2542.d.zip	proteomic profiling by mass spectrometry	Data-independent acquisition	NT=label free sample;AC=MS:1002038	NT=timstof ht;AC=MS:1003404	NT=Carbamidomethyl;AC=UNIMOD:4;TA=C;MT=Fixed	NT=Oxidation;AC=UNIMOD:35;TA=M;MT=Variable	NT=Trypsin;AC=MS:1001251	NT=collision-induced dissociation;AC=MS:1000133	dithiothreitol (dtt)	iodoacetamide (iaa)	1	1	20230829_TimsHT_Vucak_Baccarini_MPL_UniWien_MPLID23168_APMS_s204_15p_BB4_1_2542.d.zip	ftp://ftp.pride.ebi.ac.uk/pride/data/archive/2026/09/PXD071453/20230829_TimsHT_Vucak_Baccarini_MPL_UniWien_MPLID23168_APMS_s204_15p_BB4_1_2542.d.zip	v1.1.0	NT=ms-proteomics;VV=v1.1.0	NT=dia-acquisition;VV=v1.1.0	manual curation	Cell culture
20250121_timsHT_NEO4_Vucak_Baccarini_MPL_UniWien_MPLID25011_s26_APMS_27p_KRAS_G12V_2_R-D7_1_3877.d.zip	homo sapiens	Cell culture	not applicable	not available	1	20250121_timsHT_NEO4_Vucak_Baccarini_MPL_UniWien_MPLID25011_s26_APMS_27p_KRAS_G12V_2_R-D7_1_3877.d.zip	proteomic profiling by mass spectrometry	Data-independent acquisition	NT=label free sample;AC=MS:1002038	NT=timstof ht;AC=MS:1003404	NT=Carbamidomethyl;AC=UNIMOD:4;TA=C;MT=Fixed	NT=Oxidation;AC=UNIMOD:35;TA=M;MT=Variable	NT=Trypsin;AC=MS:1001251	NT=collision-induced dissociation;AC=MS:1000133	dithiothreitol (dtt)	iodoacetamide (iaa)	1	1	20250121_timsHT_NEO4_Vucak_Baccarini_MPL_UniWien_MPLID25011_s26_APMS_27p_KRAS_G12V_2_R-D7_1_3877.d.zip	ftp://ftp.pride.ebi.ac.uk/pride/data/archive/2026/09/PXD071453/20250121_timsHT_NEO4_Vucak_Baccarini_MPL_UniWien_MPLID25011_s26_APMS_27p_KRAS_G12V_2_R-D7_1_3877.d.zip	v1.1.0	NT=ms-proteomics;VV=v1.1.0	NT=dia-acquisition;VV=v1.1.0	manual curation	Cell culture
20230825_TimsHT_Vucak_Baccarini_MPL_UniWien_MPLID23168_APMS_s136_15p_BB4_1_2518.d.zip	homo sapiens	Cell culture	not applicable	not available	1	20230825_TimsHT_Vucak_Baccarini_MPL_UniWien_MPLID23168_APMS_s136_15p_BB4_1_2518.d.zip	proteomic profiling by mass spectrometry	Data-independent acquisition	NT=label free sample;AC=MS:1002038	NT=timstof ht;AC=MS:1003404	NT=Carbamidomethyl;AC=UNIMOD:4;TA=C;MT=Fixed	NT=Oxidation;AC=UNIMOD:35;TA=M;MT=Variable	NT=Trypsin;AC=MS:1001251	NT=collision-induced dissociation;AC=MS:1000133	dithiothreitol (dtt)	iodoacetamide (iaa)	1	1	20230825_TimsHT_Vucak_Baccarini_MPL_UniWien_MPLID23168_APMS_s136_15p_BB4_1_2518.d.zip	ftp://ftp.pride.ebi.ac.uk/pride/data/archive/2026/09/PXD071453/20230825_TimsHT_Vucak_Baccarini_MPL_UniWien_MPLID23168_APMS_s136_15p_BB4_1_2518.d.zip	v1.1.0	NT=ms-proteomics;VV=v1.1.0	NT=dia-acquisition;VV=v1.1.0	manual curation	Cell culture
20230902_TimsHT_Vucak_Baccarini_MPL_UniWien_MPLID23168_APMS_s311_15p_BC3_1_2653.d.zip	homo sapiens	Cell culture	not applicable	not available	1	20230902_TimsHT_Vucak_Baccarini_MPL_UniWien_MPLID23168_APMS_s311_15p_BC3_1_2653.d.zip	proteomic profiling by mass spectrometry	Data-independent acquisition	NT=label free sample;AC=MS:1002038	NT=timstof ht;AC=MS:1003404	NT=Carbamidomethyl;AC=UNIMOD:4;TA=C;MT=Fixed	NT=Oxidation;AC=UNIMOD:35;TA=M;MT=Variable	NT=Trypsin;AC=MS:1001251	NT=collision-induced dissociation;AC=MS:1000133	dithiothreitol (dtt)	iodoacetamide (iaa)	1	1	20230902_TimsHT_Vucak_Baccarini_MPL_UniWien_MPLID23168_APMS_s311_15p_BC3_1_2653.d.zip	ftp://ftp.pride.ebi.ac.uk/pride/data/archive/2026/09/PXD071453/20230902_TimsHT_Vucak_Baccarini_MPL_UniWien_MPLID23168_APMS_s311_15p_BC3_1_2653.d.zip	v1.1.0	NT=ms-proteomics;VV=v1.1.0	NT=dia-acquisition;VV=v1.1.0	manual curation	Cell culture
20230829_TimsHT_Vucak_Baccarini_MPL_UniWien_MPLID23168_APMS_s209_15p_BC1_1_2552.d.zip	homo sapiens	Cell culture	not applicable	not available	1	20230829_TimsHT_Vucak_Baccarini_MPL_UniWien_MPLID23168_APMS_s209_15p_BC1_1_2552.d.zip	proteomic profiling by mass spectrometry	Data-independent acquisition	NT=label free sample;AC=MS:1002038	NT=timstof ht;AC=MS:1003404	NT=Carbamidomethyl;AC=UNIMOD:4;TA=C;MT=Fixed	NT=Oxidation;AC=UNIMOD:35;TA=M;MT=Variable	NT=Trypsin;AC=MS:1001251	NT=collision-induced dissociation;AC=MS:1000133	dithiothreitol (dtt)	iodoacetamide (iaa)	1	1	20230829_TimsHT_Vucak_Baccarini_MPL_UniWien_MPLID23168_APMS_s209_15p_BC1_1_2552.d.zip	ftp://ftp.pride.ebi.ac.uk/pride/data/archive/2026/09/PXD071453/20230829_TimsHT_Vucak_Baccarini_MPL_UniWien_MPLID23168_APMS_s209_15p_BC1_1_2552.d.zip	v1.1.0	NT=ms-proteomics;VV=v1.1.0	NT=dia-acquisition;VV=v1.1.0	manual curation	Cell culture
20230825_TimsHT_Vucak_Baccarini_MPL_UniWien_MPLID23168_APMS_s102_15p_2_BB2_1_2443.d.zip	homo sapiens	Cell culture	not applicable	not available	1	20230825_TimsHT_Vucak_Baccarini_MPL_UniWien_MPLID23168_APMS_s102_15p_2_BB2_1_2443.d.zip	proteomic profiling by mass spectrometry	Data-independent acquisition	NT=label free sample;AC=MS:1002038	NT=timstof ht;AC=MS:1003404	NT=Carbamidomethyl;AC=UNIMOD:4;TA=C;MT=Fixed	NT=Oxidation;AC=UNIMOD:35;TA=M;MT=Variable	NT=Trypsin;AC=MS:1001251	NT=collision-induced dissociation;AC=MS:1000133	dithiothreitol (dtt)	iodoacetamide (iaa)	1	1	20230825_TimsHT_Vucak_Baccarini_MPL_UniWien_MPLID23168_APMS_s102_15p_2_BB2_1_2443.d.zip	ftp://ftp.pride.ebi.ac.uk/pride/data/archive/2026/09/PXD071453/20230825_TimsHT_Vucak_Baccarini_MPL_UniWien_MPLID23168_APMS_s102_15p_2_BB2_1_2443.d.zip	v1.1.0	NT=ms-proteomics;VV=v1.1.0	NT=dia-acquisition;VV=v1.1.0	manual curation	Cell culture
20230902_TimsHT_Vucak_Baccarini_MPL_UniWien_MPLID23168_APMS_s330_20p_BE6_1_2695.d.zip	homo sapiens	Cell culture	not applicable	not available	1	20230902_TimsHT_Vucak_Baccarini_MPL_UniWien_MPLID23168_APMS_s330_20p_BE6_1_2695.d.zip	proteomic profiling by mass spectrometry	Data-independent acquisition	NT=label free sample;AC=MS:1002038	NT=timstof ht;AC=MS:1003404	NT=Carbamidomethyl;AC=UNIMOD:4;TA=C;MT=Fixed	NT=Oxidation;AC=UNIMOD:35;TA=M;MT=Variable	NT=Trypsin;AC=MS:1001251	NT=collision-induced dissociation;AC=MS:1000133	dithiothreitol (dtt)	iodoacetamide (iaa)	1	1	20230902_TimsHT_Vucak_Baccarini_MPL_UniWien_MPLID23168_APMS_s330_20p_BE6_1_2695.d.zip	ftp://ftp.pride.ebi.ac.uk/pride/data/archive/2026/09/PXD071453/20230902_TimsHT_Vucak_Baccarini_MPL_UniWien_MPLID23168_APMS_s330_20p_BE6_1_2695.d.zip	v1.1.0	NT=ms-proteomics;VV=v1.1.0	NT=dia-acquisition;VV=v1.1.0	manual curation	Cell culture
20230902_TimsHT_Vucak_Baccarini_MPL_UniWien_MPLID23168_APMS_s310_15p_BC2_1_2651.d.zip	homo sapiens	Cell culture	not applicable	not available	1	20230902_TimsHT_Vucak_Baccarini_MPL_UniWien_MPLID23168_APMS_s310_15p_BC2_1_2651.d.zip	proteomic profiling by mass spectrometry	Data-independent acquisition	NT=label free sample;AC=MS:1002038	NT=timstof ht;AC=MS:1003404	NT=Carbamidomethyl;AC=UNIMOD:4;TA=C;MT=Fixed	NT=Oxidation;AC=UNIMOD:35;TA=M;MT=Variable	NT=Trypsin;AC=MS:1001251	NT=collision-induced dissociation;AC=MS:1000133	dithiothreitol (dtt)	iodoacetamide (iaa)	1	1	20230902_TimsHT_Vucak_Baccarini_MPL_UniWien_MPLID23168_APMS_s310_15p_BC2_1_2651.d.zip	ftp://ftp.pride.ebi.ac.uk/pride/data/archive/2026/09/PXD071453/20230902_TimsHT_Vucak_Baccarini_MPL_UniWien_MPLID23168_APMS_s310_15p_BC2_1_2651.d.zip	v1.1.0	NT=ms-proteomics;VV=v1.1.0	NT=dia-acquisition;VV=v1.1.0	manual curation	Cell culture
20230825_TimsHT_Vucak_Baccarini_MPL_UniWien_MPLID23168_APMS_s119_15p_BD3_1_2479.d.zip	homo sapiens	Cell culture	not applicable	not available	1	20230825_TimsHT_Vucak_Baccarini_MPL_UniWien_MPLID23168_APMS_s119_15p_BD3_1_2479.d.zip	proteomic profiling by mass spectrometry	Data-independent acquisition	NT=label free sample;AC=MS:1002038	NT=timstof ht;AC=MS:1003404	NT=Carbamidomethyl;AC=UNIMOD:4;TA=C;MT=Fixed	NT=Oxidation;AC=UNIMOD:35;TA=M;MT=Variable	NT=Trypsin;AC=MS:1001251	NT=collision-induced dissociation;AC=MS:1000133	dithiothreitol (dtt)	iodoacetamide (iaa)	1	1	20230825_TimsHT_Vucak_Baccarini_MPL_UniWien_MPLID23168_APMS_s119_15p_BD3_1_2479.d.zip	ftp://ftp.pride.ebi.ac.uk/pride/data/archive/2026/09/PXD071453/20230825_TimsHT_Vucak_Baccarini_MPL_UniWien_MPLID23168_APMS_s119_15p_BD3_1_2479.d.zip	v1.1.0	NT=ms-proteomics;VV=v1.1.0	NT=dia-acquisition;VV=v1.1.0	manual curation	Cell culture
20230825_TimsHT_Vucak_Baccarini_MPL_UniWien_MPLID23168_APMS_s101_20p_2_BB1_1_2441.d.zip	homo sapiens	Cell culture	not applicable	not available	1	20230825_TimsHT_Vucak_Baccarini_MPL_UniWien_MPLID23168_APMS_s101_20p_2_BB1_1_2441.d.zip	proteomic profiling by mass spectrometry	Data-independent acquisition	NT=label free sample;AC=MS:1002038	NT=timstof ht;AC=MS:1003404	NT=Carbamidomethyl;AC=UNIMOD:4;TA=C;MT=Fixed	NT=Oxidation;AC=UNIMOD:35;TA=M;MT=Variable	NT=Trypsin;AC=MS:1001251	NT=collision-induced dissociation;AC=MS:1000133	dithiothreitol (dtt)	iodoacetamide (iaa)	1	1	20230825_TimsHT_Vucak_Baccarini_MPL_UniWien_MPLID23168_APMS_s101_20p_2_BB1_1_2441.d.zip	ftp://ftp.pride.ebi.ac.uk/pride/data/archive/2026/09/PXD071453/20230825_TimsHT_Vucak_Baccarini_MPL_UniWien_MPLID23168_APMS_s101_20p_2_BB1_1_2441.d.zip	v1.1.0	NT=ms-proteomics;VV=v1.1.0	NT=dia-acquisition;VV=v1.1.0	manual curation	Cell culture
20230825_TimsHT_Vucak_Baccarini_MPL_UniWien_MPLID23168_APMS_s128_15p_BE4_1_2497.d.zip	homo sapiens	Cell culture	not applicable	not available	1	20230825_TimsHT_Vucak_Baccarini_MPL_UniWien_MPLID23168_APMS_s128_15p_BE4_1_2497.d.zip	proteomic profiling by mass spectrometry	Data-independent acquisition	NT=label free sample;AC=MS:1002038	NT=timstof ht;AC=MS:1003404	NT=Carbamidomethyl;AC=UNIMOD:4;TA=C;MT=Fixed	NT=Oxidation;AC=UNIMOD:35;TA=M;MT=Variable	NT=Trypsin;AC=MS:1001251	NT=collision-induced dissociation;AC=MS:1000133	dithiothreitol (dtt)	iodoacetamide (iaa)	1	1	20230825_TimsHT_Vucak_Baccarini_MPL_UniWien_MPLID23168_APMS_s128_15p_BE4_1_2497.d.zip	ftp://ftp.pride.ebi.ac.uk/pride/data/archive/2026/09/PXD071453/20230825_TimsHT_Vucak_Baccarini_MPL_UniWien_MPLID23168_APMS_s128_15p_BE4_1_2497.d.zip	v1.1.0	NT=ms-proteomics;VV=v1.1.0	NT=dia-acquisition;VV=v1.1.0	manual curation	Cell culture
20230825_TimsHT_Vucak_Baccarini_MPL_UniWien_MPLID23168_APMS_s124_15p_BD8_1_2489.d.zip	homo sapiens	Cell culture	not applicable	not available	1	20230825_TimsHT_Vucak_Baccarini_MPL_UniWien_MPLID23168_APMS_s124_15p_BD8_1_2489.d.zip	proteomic profiling by mass spectrometry	Data-independent acquisition	NT=label free sample;AC=MS:1002038	NT=timstof ht;AC=MS:1003404	NT=Carbamidomethyl;AC=UNIMOD:4;TA=C;MT=Fixed	NT=Oxidation;AC=UNIMOD:35;TA=M;MT=Variable	NT=Trypsin;AC=MS:1001251	NT=collision-induced dissociation;AC=MS:1000133	dithiothreitol (dtt)	iodoacetamide (iaa)	1	1	20230825_TimsHT_Vucak_Baccarini_MPL_UniWien_MPLID23168_APMS_s124_15p_BD8_1_2489.d.zip	ftp://ftp.pride.ebi.ac.uk/pride/data/archive/2026/09/PXD071453/20230825_TimsHT_Vucak_Baccarini_MPL_UniWien_MPLID23168_APMS_s124_15p_BD8_1_2489.d.zip	v1.1.0	NT=ms-proteomics;VV=v1.1.0	NT=dia-acquisition;VV=v1.1.0	manual curation	Cell culture
20250121_timsHT_NEO4_Vucak_Baccarini_MPL_UniWien_MPLID25011_s18_APMS_30p_KRAS_WT_3_R-H3_1_3895.d.zip	homo sapiens	Cell culture	not applicable	not available	1	20250121_timsHT_NEO4_Vucak_Baccarini_MPL_UniWien_MPLID25011_s18_APMS_30p_KRAS_WT_3_R-H3_1_3895.d.zip	proteomic profiling by mass spectrometry	Data-independent acquisition	NT=label free sample;AC=MS:1002038	NT=timstof ht;AC=MS:1003404	NT=Carbamidomethyl;AC=UNIMOD:4;TA=C;MT=Fixed	NT=Oxidation;AC=UNIMOD:35;TA=M;MT=Variable	NT=Trypsin;AC=MS:1001251	NT=collision-induced dissociation;AC=MS:1000133	dithiothreitol (dtt)	iodoacetamide (iaa)	1	1	20250121_timsHT_NEO4_Vucak_Baccarini_MPL_UniWien_MPLID25011_s18_APMS_30p_KRAS_WT_3_R-H3_1_3895.d.zip	ftp://ftp.pride.ebi.ac.uk/pride/data/archive/2026/09/PXD071453/20250121_timsHT_NEO4_Vucak_Baccarini_MPL_UniWien_MPLID25011_s18_APMS_30p_KRAS_WT_3_R-H3_1_3895.d.zip	v1.1.0	NT=ms-proteomics;VV=v1.1.0	NT=dia-acquisition;VV=v1.1.0	manual curation	Cell culture
20230825_TimsHT_Vucak_Baccarini_MPL_UniWien_MPLID23168_APMS_s130_10p_BE6_1_2503.d.zip	homo sapiens	Cell culture	not applicable	not available	1	20230825_TimsHT_Vucak_Baccarini_MPL_UniWien_MPLID23168_APMS_s130_10p_BE6_1_2503.d.zip	proteomic profiling by mass spectrometry	Data-independent acquisition	NT=label free sample;AC=MS:1002038	NT=timstof ht;AC=MS:1003404	NT=Carbamidomethyl;AC=UNIMOD:4;TA=C;MT=Fixed	NT=Oxidation;AC=UNIMOD:35;TA=M;MT=Variable	NT=Trypsin;AC=MS:1001251	NT=collision-induced dissociation;AC=MS:1000133	dithiothreitol (dtt)	iodoacetamide (iaa)	1	1	20230825_TimsHT_Vucak_Baccarini_MPL_UniWien_MPLID23168_APMS_s130_10p_BE6_1_2503.d.zip	ftp://ftp.pride.ebi.ac.uk/pride/data/archive/2026/09/PXD071453/20230825_TimsHT_Vucak_Baccarini_MPL_UniWien_MPLID23168_APMS_s130_10p_BE6_1_2503.d.zip	v1.1.0	NT=ms-proteomics;VV=v1.1.0	NT=dia-acquisition;VV=v1.1.0	manual curation	Cell culture
20230829_TimsHT_Vucak_Baccarini_MPL_UniWien_MPLID23168_APMS_s224_15p_BD8_1_2584.d.zip	homo sapiens	Cell culture	not applicable	not available	1	20230829_TimsHT_Vucak_Baccarini_MPL_UniWien_MPLID23168_APMS_s224_15p_BD8_1_2584.d.zip	proteomic profiling by mass spectrometry	Data-independent acquisition	NT=label free sample;AC=MS:1002038	NT=timstof ht;AC=MS:1003404	NT=Carbamidomethyl;AC=UNIMOD:4;TA=C;MT=Fixed	NT=Oxidation;AC=UNIMOD:35;TA=M;MT=Variable	NT=Trypsin;AC=MS:1001251	NT=collision-induced dissociation;AC=MS:1000133	dithiothreitol (dtt)	iodoacetamide (iaa)	1	1	20230829_TimsHT_Vucak_Baccarini_MPL_UniWien_MPLID23168_APMS_s224_15p_BD8_1_2584.d.zip	ftp://ftp.pride.ebi.ac.uk/pride/data/archive/2026/09/PXD071453/20230829_TimsHT_Vucak_Baccarini_MPL_UniWien_MPLID23168_APMS_s224_15p_BD8_1_2584.d.zip	v1.1.0	NT=ms-proteomics;VV=v1.1.0	NT=dia-acquisition;VV=v1.1.0	manual curation	Cell culture
20230902_TimsHT_Vucak_Baccarini_MPL_UniWien_MPLID23168_APMS_s331_20p_BE7_1_2697.d.zip	homo sapiens	Cell culture	not applicable	not available	1	20230902_TimsHT_Vucak_Baccarini_MPL_UniWien_MPLID23168_APMS_s331_20p_BE7_1_2697.d.zip	proteomic profiling by mass spectrometry	Data-independent acquisition	NT=label free sample;AC=MS:1002038	NT=timstof ht;AC=MS:1003404	NT=Carbamidomethyl;AC=UNIMOD:4;TA=C;MT=Fixed	NT=Oxidation;AC=UNIMOD:35;TA=M;MT=Variable	NT=Trypsin;AC=MS:1001251	NT=collision-induced dissociation;AC=MS:1000133	dithiothreitol (dtt)	iodoacetamide (iaa)	1	1	20230902_TimsHT_Vucak_Baccarini_MPL_UniWien_MPLID23168_APMS_s331_20p_BE7_1_2697.d.zip	ftp://ftp.pride.ebi.ac.uk/pride/data/archive/2026/09/PXD071453/20230902_TimsHT_Vucak_Baccarini_MPL_UniWien_MPLID23168_APMS_s331_20p_BE7_1_2697.d.zip	v1.1.0	NT=ms-proteomics;VV=v1.1.0	NT=dia-acquisition;VV=v1.1.0	manual curation	Cell culture
20250121_timsHT_NEO4_Vucak_Baccarini_MPL_UniWien_MPLID25011_s23_APMS_30p_KRAS_G12D_2_R-D8_1_3879.d.zip	homo sapiens	Cell culture	not applicable	not available	1	20250121_timsHT_NEO4_Vucak_Baccarini_MPL_UniWien_MPLID25011_s23_APMS_30p_KRAS_G12D_2_R-D8_1_3879.d.zip	proteomic profiling by mass spectrometry	Data-independent acquisition	NT=label free sample;AC=MS:1002038	NT=timstof ht;AC=MS:1003404	NT=Carbamidomethyl;AC=UNIMOD:4;TA=C;MT=Fixed	NT=Oxidation;AC=UNIMOD:35;TA=M;MT=Variable	NT=Trypsin;AC=MS:1001251	NT=collision-induced dissociation;AC=MS:1000133	dithiothreitol (dtt)	iodoacetamide (iaa)	1	1	20250121_timsHT_NEO4_Vucak_Baccarini_MPL_UniWien_MPLID25011_s23_APMS_30p_KRAS_G12D_2_R-D8_1_3879.d.zip	ftp://ftp.pride.ebi.ac.uk/pride/data/archive/2026/09/PXD071453/20250121_timsHT_NEO4_Vucak_Baccarini_MPL_UniWien_MPLID25011_s23_APMS_30p_KRAS_G12D_2_R-D8_1_3879.d.zip	v1.1.0	NT=ms-proteomics;VV=v1.1.0	NT=dia-acquisition;VV=v1.1.0	manual curation	Cell culture
20230902_TimsHT_Vucak_Baccarini_MPL_UniWien_MPLID23168_APMS_s326_20p_BE2_1_2685.d.zip	homo sapiens	Cell culture	not applicable	not available	1	20230902_TimsHT_Vucak_Baccarini_MPL_UniWien_MPLID23168_APMS_s326_20p_BE2_1_2685.d.zip	proteomic profiling by mass spectrometry	Data-independent acquisition	NT=label free sample;AC=MS:1002038	NT=timstof ht;AC=MS:1003404	NT=Carbamidomethyl;AC=UNIMOD:4;TA=C;MT=Fixed	NT=Oxidation;AC=UNIMOD:35;TA=M;MT=Variable	NT=Trypsin;AC=MS:1001251	NT=collision-induced dissociation;AC=MS:1000133	dithiothreitol (dtt)	iodoacetamide (iaa)	1	1	20230902_TimsHT_Vucak_Baccarini_MPL_UniWien_MPLID23168_APMS_s326_20p_BE2_1_2685.d.zip	ftp://ftp.pride.ebi.ac.uk/pride/data/archive/2026/09/PXD071453/20230902_TimsHT_Vucak_Baccarini_MPL_UniWien_MPLID23168_APMS_s326_20p_BE2_1_2685.d.zip	v1.1.0	NT=ms-proteomics;VV=v1.1.0	NT=dia-acquisition;VV=v1.1.0	manual curation	Cell culture
20250121_timsHT_NEO4_Vucak_Baccarini_MPL_UniWien_MPLID25011_s16_APMS_30p_KRAS_WT_1_R-D1_1_3864.d.zip	homo sapiens	Cell culture	not applicable	not available	1	20250121_timsHT_NEO4_Vucak_Baccarini_MPL_UniWien_MPLID25011_s16_APMS_30p_KRAS_WT_1_R-D1_1_3864.d.zip	proteomic profiling by mass spectrometry	Data-independent acquisition	NT=label free sample;AC=MS:1002038	NT=timstof ht;AC=MS:1003404	NT=Carbamidomethyl;AC=UNIMOD:4;TA=C;MT=Fixed	NT=Oxidation;AC=UNIMOD:35;TA=M;MT=Variable	NT=Trypsin;AC=MS:1001251	NT=collision-induced dissociation;AC=MS:1000133	dithiothreitol (dtt)	iodoacetamide (iaa)	1	1	20250121_timsHT_NEO4_Vucak_Baccarini_MPL_UniWien_MPLID25011_s16_APMS_30p_KRAS_WT_1_R-D1_1_3864.d.zip	ftp://ftp.pride.ebi.ac.uk/pride/data/archive/2026/09/PXD071453/20250121_timsHT_NEO4_Vucak_Baccarini_MPL_UniWien_MPLID25011_s16_APMS_30p_KRAS_WT_1_R-D1_1_3864.d.zip	v1.1.0	NT=ms-proteomics;VV=v1.1.0	NT=dia-acquisition;VV=v1.1.0	manual curation	Cell culture
20230902_TimsHT_Vucak_Baccarini_MPL_UniWien_MPLID23168_APMS_s329_20p_BE5_1_2693.d.zip	homo sapiens	Cell culture	not applicable	not available	1	20230902_TimsHT_Vucak_Baccarini_MPL_UniWien_MPLID23168_APMS_s329_20p_BE5_1_2693.d.zip	proteomic profiling by mass spectrometry	Data-independent acquisition	NT=label free sample;AC=MS:1002038	NT=timstof ht;AC=MS:1003404	NT=Carbamidomethyl;AC=UNIMOD:4;TA=C;MT=Fixed	NT=Oxidation;AC=UNIMOD:35;TA=M;MT=Variable	NT=Trypsin;AC=MS:1001251	NT=collision-induced dissociation;AC=MS:1000133	dithiothreitol (dtt)	iodoacetamide (iaa)	1	1	20230902_TimsHT_Vucak_Baccarini_MPL_UniWien_MPLID23168_APMS_s329_20p_BE5_1_2693.d.zip	ftp://ftp.pride.ebi.ac.uk/pride/data/archive/2026/09/PXD071453/20230902_TimsHT_Vucak_Baccarini_MPL_UniWien_MPLID23168_APMS_s329_20p_BE5_1_2693.d.zip	v1.1.0	NT=ms-proteomics;VV=v1.1.0	NT=dia-acquisition;VV=v1.1.0	manual curation	Cell culture
20230829_TimsHT_Vucak_Baccarini_MPL_UniWien_MPLID23168_APMS_s228_15p_BE4_1_2592.d.zip	homo sapiens	Cell culture	not applicable	not available	1	20230829_TimsHT_Vucak_Baccarini_MPL_UniWien_MPLID23168_APMS_s228_15p_BE4_1_2592.d.zip	proteomic profiling by mass spectrometry	Data-independent acquisition	NT=label free sample;AC=MS:1002038	NT=timstof ht;AC=MS:1003404	NT=Carbamidomethyl;AC=UNIMOD:4;TA=C;MT=Fixed	NT=Oxidation;AC=UNIMOD:35;TA=M;MT=Variable	NT=Trypsin;AC=MS:1001251	NT=collision-induced dissociation;AC=MS:1000133	dithiothreitol (dtt)	iodoacetamide (iaa)	1	1	20230829_TimsHT_Vucak_Baccarini_MPL_UniWien_MPLID23168_APMS_s228_15p_BE4_1_2592.d.zip	ftp://ftp.pride.ebi.ac.uk/pride/data/archive/2026/09/PXD071453/20230829_TimsHT_Vucak_Baccarini_MPL_UniWien_MPLID23168_APMS_s228_15p_BE4_1_2592.d.zip	v1.1.0	NT=ms-proteomics;VV=v1.1.0	NT=dia-acquisition;VV=v1.1.0	manual curation	Cell culture
20230829_TimsHT_Vucak_Baccarini_MPL_UniWien_MPLID23168_APMS_s230_10p_BE6_1_2598.d.zip	homo sapiens	Cell culture	not applicable	not available	1	20230829_TimsHT_Vucak_Baccarini_MPL_UniWien_MPLID23168_APMS_s230_10p_BE6_1_2598.d.zip	proteomic profiling by mass spectrometry	Data-independent acquisition	NT=label free sample;AC=MS:1002038	NT=timstof ht;AC=MS:1003404	NT=Carbamidomethyl;AC=UNIMOD:4;TA=C;MT=Fixed	NT=Oxidation;AC=UNIMOD:35;TA=M;MT=Variable	NT=Trypsin;AC=MS:1001251	NT=collision-induced dissociation;AC=MS:1000133	dithiothreitol (dtt)	iodoacetamide (iaa)	1	1	20230829_TimsHT_Vucak_Baccarini_MPL_UniWien_MPLID23168_APMS_s230_10p_BE6_1_2598.d.zip	ftp://ftp.pride.ebi.ac.uk/pride/data/archive/2026/09/PXD071453/20230829_TimsHT_Vucak_Baccarini_MPL_UniWien_MPLID23168_APMS_s230_10p_BE6_1_2598.d.zip	v1.1.0	NT=ms-proteomics;VV=v1.1.0	NT=dia-acquisition;VV=v1.1.0	manual curation	Cell culture
20230825_TimsHT_Vucak_Baccarini_MPL_UniWien_MPLID23168_APMS_s132_20p_BE8_1_2507.d.zip	homo sapiens	Cell culture	not applicable	not available	1	20230825_TimsHT_Vucak_Baccarini_MPL_UniWien_MPLID23168_APMS_s132_20p_BE8_1_2507.d.zip	proteomic profiling by mass spectrometry	Data-independent acquisition	NT=label free sample;AC=MS:1002038	NT=timstof ht;AC=MS:1003404	NT=Carbamidomethyl;AC=UNIMOD:4;TA=C;MT=Fixed	NT=Oxidation;AC=UNIMOD:35;TA=M;MT=Variable	NT=Trypsin;AC=MS:1001251	NT=collision-induced dissociation;AC=MS:1000133	dithiothreitol (dtt)	iodoacetamide (iaa)	1	1	20230825_TimsHT_Vucak_Baccarini_MPL_UniWien_MPLID23168_APMS_s132_20p_BE8_1_2507.d.zip	ftp://ftp.pride.ebi.ac.uk/pride/data/archive/2026/09/PXD071453/20230825_TimsHT_Vucak_Baccarini_MPL_UniWien_MPLID23168_APMS_s132_20p_BE8_1_2507.d.zip	v1.1.0	NT=ms-proteomics;VV=v1.1.0	NT=dia-acquisition;VV=v1.1.0	manual curation	Cell culture
20230902_TimsHT_Vucak_Baccarini_MPL_UniWien_MPLID23168_APMS_s327_15p_BE3_1_2687.d.zip	homo sapiens	Cell culture	not applicable	not available	1	20230902_TimsHT_Vucak_Baccarini_MPL_UniWien_MPLID23168_APMS_s327_15p_BE3_1_2687.d.zip	proteomic profiling by mass spectrometry	Data-independent acquisition	NT=label free sample;AC=MS:1002038	NT=timstof ht;AC=MS:1003404	NT=Carbamidomethyl;AC=UNIMOD:4;TA=C;MT=Fixed	NT=Oxidation;AC=UNIMOD:35;TA=M;MT=Variable	NT=Trypsin;AC=MS:1001251	NT=collision-induced dissociation;AC=MS:1000133	dithiothreitol (dtt)	iodoacetamide (iaa)	1	1	20230902_TimsHT_Vucak_Baccarini_MPL_UniWien_MPLID23168_APMS_s327_15p_BE3_1_2687.d.zip	ftp://ftp.pride.ebi.ac.uk/pride/data/archive/2026/09/PXD071453/20230902_TimsHT_Vucak_Baccarini_MPL_UniWien_MPLID23168_APMS_s327_15p_BE3_1_2687.d.zip	v1.1.0	NT=ms-proteomics;VV=v1.1.0	NT=dia-acquisition;VV=v1.1.0	manual curation	Cell culture
20230825_TimsHT_Vucak_Baccarini_MPL_UniWien_MPLID23168_APMS_s113_10p_BC5_1_2465.d.zip	homo sapiens	Cell culture	not applicable	not available	1	20230825_TimsHT_Vucak_Baccarini_MPL_UniWien_MPLID23168_APMS_s113_10p_BC5_1_2465.d.zip	proteomic profiling by mass spectrometry	Data-independent acquisition	NT=label free sample;AC=MS:1002038	NT=timstof ht;AC=MS:1003404	NT=Carbamidomethyl;AC=UNIMOD:4;TA=C;MT=Fixed	NT=Oxidation;AC=UNIMOD:35;TA=M;MT=Variable	NT=Trypsin;AC=MS:1001251	NT=collision-induced dissociation;AC=MS:1000133	dithiothreitol (dtt)	iodoacetamide (iaa)	1	1	20230825_TimsHT_Vucak_Baccarini_MPL_UniWien_MPLID23168_APMS_s113_10p_BC5_1_2465.d.zip	ftp://ftp.pride.ebi.ac.uk/pride/data/archive/2026/09/PXD071453/20230825_TimsHT_Vucak_Baccarini_MPL_UniWien_MPLID23168_APMS_s113_10p_BC5_1_2465.d.zip	v1.1.0	NT=ms-proteomics;VV=v1.1.0	NT=dia-acquisition;VV=v1.1.0	manual curation	Cell culture
20230902_TimsHT_Vucak_Baccarini_MPL_UniWien_MPLID23168_APMS_s318_10p_BD2_1_2669.d.zip	homo sapiens	Cell culture	not applicable	not available	1	20230902_TimsHT_Vucak_Baccarini_MPL_UniWien_MPLID23168_APMS_s318_10p_BD2_1_2669.d.zip	proteomic profiling by mass spectrometry	Data-independent acquisition	NT=label free sample;AC=MS:1002038	NT=timstof ht;AC=MS:1003404	NT=Carbamidomethyl;AC=UNIMOD:4;TA=C;MT=Fixed	NT=Oxidation;AC=UNIMOD:35;TA=M;MT=Variable	NT=Trypsin;AC=MS:1001251	NT=collision-induced dissociation;AC=MS:1000133	dithiothreitol (dtt)	iodoacetamide (iaa)	1	1	20230902_TimsHT_Vucak_Baccarini_MPL_UniWien_MPLID23168_APMS_s318_10p_BD2_1_2669.d.zip	ftp://ftp.pride.ebi.ac.uk/pride/data/archive/2026/09/PXD071453/20230902_TimsHT_Vucak_Baccarini_MPL_UniWien_MPLID23168_APMS_s318_10p_BD2_1_2669.d.zip	v1.1.0	NT=ms-proteomics;VV=v1.1.0	NT=dia-acquisition;VV=v1.1.0	manual curation	Cell culture
20230902_TimsHT_Vucak_Baccarini_MPL_UniWien_MPLID23168_APMS_s333_10p_BB1_1_2701.d.zip	homo sapiens	Cell culture	not applicable	not available	1	20230902_TimsHT_Vucak_Baccarini_MPL_UniWien_MPLID23168_APMS_s333_10p_BB1_1_2701.d.zip	proteomic profiling by mass spectrometry	Data-independent acquisition	NT=label free sample;AC=MS:1002038	NT=timstof ht;AC=MS:1003404	NT=Carbamidomethyl;AC=UNIMOD:4;TA=C;MT=Fixed	NT=Oxidation;AC=UNIMOD:35;TA=M;MT=Variable	NT=Trypsin;AC=MS:1001251	NT=collision-induced dissociation;AC=MS:1000133	dithiothreitol (dtt)	iodoacetamide (iaa)	1	1	20230902_TimsHT_Vucak_Baccarini_MPL_UniWien_MPLID23168_APMS_s333_10p_BB1_1_2701.d.zip	ftp://ftp.pride.ebi.ac.uk/pride/data/archive/2026/09/PXD071453/20230902_TimsHT_Vucak_Baccarini_MPL_UniWien_MPLID23168_APMS_s333_10p_BB1_1_2701.d.zip	v1.1.0	NT=ms-proteomics;VV=v1.1.0	NT=dia-acquisition;VV=v1.1.0	manual curation	Cell culture
20230902_TimsHT_Vucak_Baccarini_MPL_UniWien_MPLID23168_APMS_s309_15p_BC1_1_2649.d.zip	homo sapiens	Cell culture	not applicable	not available	1	20230902_TimsHT_Vucak_Baccarini_MPL_UniWien_MPLID23168_APMS_s309_15p_BC1_1_2649.d.zip	proteomic profiling by mass spectrometry	Data-independent acquisition	NT=label free sample;AC=MS:1002038	NT=timstof ht;AC=MS:1003404	NT=Carbamidomethyl;AC=UNIMOD:4;TA=C;MT=Fixed	NT=Oxidation;AC=UNIMOD:35;TA=M;MT=Variable	NT=Trypsin;AC=MS:1001251	NT=collision-induced dissociation;AC=MS:1000133	dithiothreitol (dtt)	iodoacetamide (iaa)	1	1	20230902_TimsHT_Vucak_Baccarini_MPL_UniWien_MPLID23168_APMS_s309_15p_BC1_1_2649.d.zip	ftp://ftp.pride.ebi.ac.uk/pride/data/archive/2026/09/PXD071453/20230902_TimsHT_Vucak_Baccarini_MPL_UniWien_MPLID23168_APMS_s309_15p_BC1_1_2649.d.zip	v1.1.0	NT=ms-proteomics;VV=v1.1.0	NT=dia-acquisition;VV=v1.1.0	manual curation	Cell culture
20230902_TimsHT_Vucak_Baccarini_MPL_UniWien_MPLID23168_APMS_s316_20p_BC8_1_2665.d.zip	homo sapiens	Cell culture	not applicable	not available	1	20230902_TimsHT_Vucak_Baccarini_MPL_UniWien_MPLID23168_APMS_s316_20p_BC8_1_2665.d.zip	proteomic profiling by mass spectrometry	Data-independent acquisition	NT=label free sample;AC=MS:1002038	NT=timstof ht;AC=MS:1003404	NT=Carbamidomethyl;AC=UNIMOD:4;TA=C;MT=Fixed	NT=Oxidation;AC=UNIMOD:35;TA=M;MT=Variable	NT=Trypsin;AC=MS:1001251	NT=collision-induced dissociation;AC=MS:1000133	dithiothreitol (dtt)	iodoacetamide (iaa)	1	1	20230902_TimsHT_Vucak_Baccarini_MPL_UniWien_MPLID23168_APMS_s316_20p_BC8_1_2665.d.zip	ftp://ftp.pride.ebi.ac.uk/pride/data/archive/2026/09/PXD071453/20230902_TimsHT_Vucak_Baccarini_MPL_UniWien_MPLID23168_APMS_s316_20p_BC8_1_2665.d.zip	v1.1.0	NT=ms-proteomics;VV=v1.1.0	NT=dia-acquisition;VV=v1.1.0	manual curation	Cell culture
20230829_TimsHT_Vucak_Baccarini_MPL_UniWien_MPLID23168_APMS_s218_20p_BD2_1_2572.d.zip	homo sapiens	Cell culture	not applicable	not available	1	20230829_TimsHT_Vucak_Baccarini_MPL_UniWien_MPLID23168_APMS_s218_20p_BD2_1_2572.d.zip	proteomic profiling by mass spectrometry	Data-independent acquisition	NT=label free sample;AC=MS:1002038	NT=timstof ht;AC=MS:1003404	NT=Carbamidomethyl;AC=UNIMOD:4;TA=C;MT=Fixed	NT=Oxidation;AC=UNIMOD:35;TA=M;MT=Variable	NT=Trypsin;AC=MS:1001251	NT=collision-induced dissociation;AC=MS:1000133	dithiothreitol (dtt)	iodoacetamide (iaa)	1	1	20230829_TimsHT_Vucak_Baccarini_MPL_UniWien_MPLID23168_APMS_s218_20p_BD2_1_2572.d.zip	ftp://ftp.pride.ebi.ac.uk/pride/data/archive/2026/09/PXD071453/20230829_TimsHT_Vucak_Baccarini_MPL_UniWien_MPLID23168_APMS_s218_20p_BD2_1_2572.d.zip	v1.1.0	NT=ms-proteomics;VV=v1.1.0	NT=dia-acquisition;VV=v1.1.0	manual curation	Cell culture
20230902_TimsHT_Vucak_Baccarini_MPL_UniWien_MPLID23168_APMS_s307_20p_BB7_1_2643.d.zip	homo sapiens	Cell culture	not applicable	not available	1	20230902_TimsHT_Vucak_Baccarini_MPL_UniWien_MPLID23168_APMS_s307_20p_BB7_1_2643.d.zip	proteomic profiling by mass spectrometry	Data-independent acquisition	NT=label free sample;AC=MS:1002038	NT=timstof ht;AC=MS:1003404	NT=Carbamidomethyl;AC=UNIMOD:4;TA=C;MT=Fixed	NT=Oxidation;AC=UNIMOD:35;TA=M;MT=Variable	NT=Trypsin;AC=MS:1001251	NT=collision-induced dissociation;AC=MS:1000133	dithiothreitol (dtt)	iodoacetamide (iaa)	1	1	20230902_TimsHT_Vucak_Baccarini_MPL_UniWien_MPLID23168_APMS_s307_20p_BB7_1_2643.d.zip	ftp://ftp.pride.ebi.ac.uk/pride/data/archive/2026/09/PXD071453/20230902_TimsHT_Vucak_Baccarini_MPL_UniWien_MPLID23168_APMS_s307_20p_BB7_1_2643.d.zip	v1.1.0	NT=ms-proteomics;VV=v1.1.0	NT=dia-acquisition;VV=v1.1.0	manual curation	Cell culture
20230902_TimsHT_Vucak_Baccarini_MPL_UniWien_MPLID23168_APMS_s306_10p_BB6_1_2641.d.zip	homo sapiens	Cell culture	not applicable	not available	1	20230902_TimsHT_Vucak_Baccarini_MPL_UniWien_MPLID23168_APMS_s306_10p_BB6_1_2641.d.zip	proteomic profiling by mass spectrometry	Data-independent acquisition	NT=label free sample;AC=MS:1002038	NT=timstof ht;AC=MS:1003404	NT=Carbamidomethyl;AC=UNIMOD:4;TA=C;MT=Fixed	NT=Oxidation;AC=UNIMOD:35;TA=M;MT=Variable	NT=Trypsin;AC=MS:1001251	NT=collision-induced dissociation;AC=MS:1000133	dithiothreitol (dtt)	iodoacetamide (iaa)	1	1	20230902_TimsHT_Vucak_Baccarini_MPL_UniWien_MPLID23168_APMS_s306_10p_BB6_1_2641.d.zip	ftp://ftp.pride.ebi.ac.uk/pride/data/archive/2026/09/PXD071453/20230902_TimsHT_Vucak_Baccarini_MPL_UniWien_MPLID23168_APMS_s306_10p_BB6_1_2641.d.zip	v1.1.0	NT=ms-proteomics;VV=v1.1.0	NT=dia-acquisition;VV=v1.1.0	manual curation	Cell culture
20230825_TimsHT_Vucak_Baccarini_MPL_UniWien_MPLID23168_APMS_s117_20p_BD1_1_2475.d.zip	homo sapiens	Cell culture	not applicable	not available	1	20230825_TimsHT_Vucak_Baccarini_MPL_UniWien_MPLID23168_APMS_s117_20p_BD1_1_2475.d.zip	proteomic profiling by mass spectrometry	Data-independent acquisition	NT=label free sample;AC=MS:1002038	NT=timstof ht;AC=MS:1003404	NT=Carbamidomethyl;AC=UNIMOD:4;TA=C;MT=Fixed	NT=Oxidation;AC=UNIMOD:35;TA=M;MT=Variable	NT=Trypsin;AC=MS:1001251	NT=collision-induced dissociation;AC=MS:1000133	dithiothreitol (dtt)	iodoacetamide (iaa)	1	1	20230825_TimsHT_Vucak_Baccarini_MPL_UniWien_MPLID23168_APMS_s117_20p_BD1_1_2475.d.zip	ftp://ftp.pride.ebi.ac.uk/pride/data/archive/2026/09/PXD071453/20230825_TimsHT_Vucak_Baccarini_MPL_UniWien_MPLID23168_APMS_s117_20p_BD1_1_2475.d.zip	v1.1.0	NT=ms-proteomics;VV=v1.1.0	NT=dia-acquisition;VV=v1.1.0	manual curation	Cell culture
20230829_TimsHT_Vucak_Baccarini_MPL_UniWien_MPLID23168_APMS_s234_10p_BB2_1_2606.d.zip	homo sapiens	Cell culture	not applicable	not available	1	20230829_TimsHT_Vucak_Baccarini_MPL_UniWien_MPLID23168_APMS_s234_10p_BB2_1_2606.d.zip	proteomic profiling by mass spectrometry	Data-independent acquisition	NT=label free sample;AC=MS:1002038	NT=timstof ht;AC=MS:1003404	NT=Carbamidomethyl;AC=UNIMOD:4;TA=C;MT=Fixed	NT=Oxidation;AC=UNIMOD:35;TA=M;MT=Variable	NT=Trypsin;AC=MS:1001251	NT=collision-induced dissociation;AC=MS:1000133	dithiothreitol (dtt)	iodoacetamide (iaa)	1	1	20230829_TimsHT_Vucak_Baccarini_MPL_UniWien_MPLID23168_APMS_s234_10p_BB2_1_2606.d.zip	ftp://ftp.pride.ebi.ac.uk/pride/data/archive/2026/09/PXD071453/20230829_TimsHT_Vucak_Baccarini_MPL_UniWien_MPLID23168_APMS_s234_10p_BB2_1_2606.d.zip	v1.1.0	NT=ms-proteomics;VV=v1.1.0	NT=dia-acquisition;VV=v1.1.0	manual curation	Cell culture
20230829_TimsHT_Vucak_Baccarini_MPL_UniWien_MPLID23168_APMS_s215_15p_BC7_1_2564.d.zip	homo sapiens	Cell culture	not applicable	not available	1	20230829_TimsHT_Vucak_Baccarini_MPL_UniWien_MPLID23168_APMS_s215_15p_BC7_1_2564.d.zip	proteomic profiling by mass spectrometry	Data-independent acquisition	NT=label free sample;AC=MS:1002038	NT=timstof ht;AC=MS:1003404	NT=Carbamidomethyl;AC=UNIMOD:4;TA=C;MT=Fixed	NT=Oxidation;AC=UNIMOD:35;TA=M;MT=Variable	NT=Trypsin;AC=MS:1001251	NT=collision-induced dissociation;AC=MS:1000133	dithiothreitol (dtt)	iodoacetamide (iaa)	1	1	20230829_TimsHT_Vucak_Baccarini_MPL_UniWien_MPLID23168_APMS_s215_15p_BC7_1_2564.d.zip	ftp://ftp.pride.ebi.ac.uk/pride/data/archive/2026/09/PXD071453/20230829_TimsHT_Vucak_Baccarini_MPL_UniWien_MPLID23168_APMS_s215_15p_BC7_1_2564.d.zip	v1.1.0	NT=ms-proteomics;VV=v1.1.0	NT=dia-acquisition;VV=v1.1.0	manual curation	Cell culture
20230829_TimsHT_Vucak_Baccarini_MPL_UniWien_MPLID23168_APMS_s203_20p_BB3_1_2540.d.zip	homo sapiens	Cell culture	not applicable	not available	1	20230829_TimsHT_Vucak_Baccarini_MPL_UniWien_MPLID23168_APMS_s203_20p_BB3_1_2540.d.zip	proteomic profiling by mass spectrometry	Data-independent acquisition	NT=label free sample;AC=MS:1002038	NT=timstof ht;AC=MS:1003404	NT=Carbamidomethyl;AC=UNIMOD:4;TA=C;MT=Fixed	NT=Oxidation;AC=UNIMOD:35;TA=M;MT=Variable	NT=Trypsin;AC=MS:1001251	NT=collision-induced dissociation;AC=MS:1000133	dithiothreitol (dtt)	iodoacetamide (iaa)	1	1	20230829_TimsHT_Vucak_Baccarini_MPL_UniWien_MPLID23168_APMS_s203_20p_BB3_1_2540.d.zip	ftp://ftp.pride.ebi.ac.uk/pride/data/archive/2026/09/PXD071453/20230829_TimsHT_Vucak_Baccarini_MPL_UniWien_MPLID23168_APMS_s203_20p_BB3_1_2540.d.zip	v1.1.0	NT=ms-proteomics;VV=v1.1.0	NT=dia-acquisition;VV=v1.1.0	manual curation	Cell culture
20230829_TimsHT_Vucak_Baccarini_MPL_UniWien_MPLID23168_APMS_s229_20p_BE5_1_2594.d.zip	homo sapiens	Cell culture	not applicable	not available	1	20230829_TimsHT_Vucak_Baccarini_MPL_UniWien_MPLID23168_APMS_s229_20p_BE5_1_2594.d.zip	proteomic profiling by mass spectrometry	Data-independent acquisition	NT=label free sample;AC=MS:1002038	NT=timstof ht;AC=MS:1003404	NT=Carbamidomethyl;AC=UNIMOD:4;TA=C;MT=Fixed	NT=Oxidation;AC=UNIMOD:35;TA=M;MT=Variable	NT=Trypsin;AC=MS:1001251	NT=collision-induced dissociation;AC=MS:1000133	dithiothreitol (dtt)	iodoacetamide (iaa)	1	1	20230829_TimsHT_Vucak_Baccarini_MPL_UniWien_MPLID23168_APMS_s229_20p_BE5_1_2594.d.zip	ftp://ftp.pride.ebi.ac.uk/pride/data/archive/2026/09/PXD071453/20230829_TimsHT_Vucak_Baccarini_MPL_UniWien_MPLID23168_APMS_s229_20p_BE5_1_2594.d.zip	v1.1.0	NT=ms-proteomics;VV=v1.1.0	NT=dia-acquisition;VV=v1.1.0	manual curation	Cell culture
20230829_TimsHT_Vucak_Baccarini_MPL_UniWien_MPLID23168_APMS_s236_15p_BB4_1_2610.d.zip	homo sapiens	Cell culture	not applicable	not available	1	20230829_TimsHT_Vucak_Baccarini_MPL_UniWien_MPLID23168_APMS_s236_15p_BB4_1_2610.d.zip	proteomic profiling by mass spectrometry	Data-independent acquisition	NT=label free sample;AC=MS:1002038	NT=timstof ht;AC=MS:1003404	NT=Carbamidomethyl;AC=UNIMOD:4;TA=C;MT=Fixed	NT=Oxidation;AC=UNIMOD:35;TA=M;MT=Variable	NT=Trypsin;AC=MS:1001251	NT=collision-induced dissociation;AC=MS:1000133	dithiothreitol (dtt)	iodoacetamide (iaa)	1	1	20230829_TimsHT_Vucak_Baccarini_MPL_UniWien_MPLID23168_APMS_s236_15p_BB4_1_2610.d.zip	ftp://ftp.pride.ebi.ac.uk/pride/data/archive/2026/09/PXD071453/20230829_TimsHT_Vucak_Baccarini_MPL_UniWien_MPLID23168_APMS_s236_15p_BB4_1_2610.d.zip	v1.1.0	NT=ms-proteomics;VV=v1.1.0	NT=dia-acquisition;VV=v1.1.0	manual curation	Cell culture
20230825_TimsHT_Vucak_Baccarini_MPL_UniWien_MPLID23168_APMS_s108_15p_2_BB8_1_2455.d.zip	homo sapiens	Cell culture	not applicable	not available	1	20230825_TimsHT_Vucak_Baccarini_MPL_UniWien_MPLID23168_APMS_s108_15p_2_BB8_1_2455.d.zip	proteomic profiling by mass spectrometry	Data-independent acquisition	NT=label free sample;AC=MS:1002038	NT=timstof ht;AC=MS:1003404	NT=Carbamidomethyl;AC=UNIMOD:4;TA=C;MT=Fixed	NT=Oxidation;AC=UNIMOD:35;TA=M;MT=Variable	NT=Trypsin;AC=MS:1001251	NT=collision-induced dissociation;AC=MS:1000133	dithiothreitol (dtt)	iodoacetamide (iaa)	1	1	20230825_TimsHT_Vucak_Baccarini_MPL_UniWien_MPLID23168_APMS_s108_15p_2_BB8_1_2455.d.zip	ftp://ftp.pride.ebi.ac.uk/pride/data/archive/2026/09/PXD071453/20230825_TimsHT_Vucak_Baccarini_MPL_UniWien_MPLID23168_APMS_s108_15p_2_BB8_1_2455.d.zip	v1.1.0	NT=ms-proteomics;VV=v1.1.0	NT=dia-acquisition;VV=v1.1.0	manual curation	Cell culture
20230825_TimsHT_Vucak_Baccarini_MPL_UniWien_MPLID23168_APMS_s135_20p_BB3_1_2516.d.zip	homo sapiens	Cell culture	not applicable	not available	1	20230825_TimsHT_Vucak_Baccarini_MPL_UniWien_MPLID23168_APMS_s135_20p_BB3_1_2516.d.zip	proteomic profiling by mass spectrometry	Data-independent acquisition	NT=label free sample;AC=MS:1002038	NT=timstof ht;AC=MS:1003404	NT=Carbamidomethyl;AC=UNIMOD:4;TA=C;MT=Fixed	NT=Oxidation;AC=UNIMOD:35;TA=M;MT=Variable	NT=Trypsin;AC=MS:1001251	NT=collision-induced dissociation;AC=MS:1000133	dithiothreitol (dtt)	iodoacetamide (iaa)	1	1	20230825_TimsHT_Vucak_Baccarini_MPL_UniWien_MPLID23168_APMS_s135_20p_BB3_1_2516.d.zip	ftp://ftp.pride.ebi.ac.uk/pride/data/archive/2026/09/PXD071453/20230825_TimsHT_Vucak_Baccarini_MPL_UniWien_MPLID23168_APMS_s135_20p_BB3_1_2516.d.zip	v1.1.0	NT=ms-proteomics;VV=v1.1.0	NT=dia-acquisition;VV=v1.1.0	manual curation	Cell culture
20230825_TimsHT_Vucak_Baccarini_MPL_UniWien_MPLID23168_APMS_s106_15p_2_BB6_1_2451.d.zip	homo sapiens	Cell culture	not applicable	not available	1	20230825_TimsHT_Vucak_Baccarini_MPL_UniWien_MPLID23168_APMS_s106_15p_2_BB6_1_2451.d.zip	proteomic profiling by mass spectrometry	Data-independent acquisition	NT=label free sample;AC=MS:1002038	NT=timstof ht;AC=MS:1003404	NT=Carbamidomethyl;AC=UNIMOD:4;TA=C;MT=Fixed	NT=Oxidation;AC=UNIMOD:35;TA=M;MT=Variable	NT=Trypsin;AC=MS:1001251	NT=collision-induced dissociation;AC=MS:1000133	dithiothreitol (dtt)	iodoacetamide (iaa)	1	1	20230825_TimsHT_Vucak_Baccarini_MPL_UniWien_MPLID23168_APMS_s106_15p_2_BB6_1_2451.d.zip	ftp://ftp.pride.ebi.ac.uk/pride/data/archive/2026/09/PXD071453/20230825_TimsHT_Vucak_Baccarini_MPL_UniWien_MPLID23168_APMS_s106_15p_2_BB6_1_2451.d.zip	v1.1.0	NT=ms-proteomics;VV=v1.1.0	NT=dia-acquisition;VV=v1.1.0	manual curation	Cell culture
20230829_TimsHT_Vucak_Baccarini_MPL_UniWien_MPLID23168_APMS_s226_15p_BE2_1_2588.d.zip	homo sapiens	Cell culture	not applicable	not available	1	20230829_TimsHT_Vucak_Baccarini_MPL_UniWien_MPLID23168_APMS_s226_15p_BE2_1_2588.d.zip	proteomic profiling by mass spectrometry	Data-independent acquisition	NT=label free sample;AC=MS:1002038	NT=timstof ht;AC=MS:1003404	NT=Carbamidomethyl;AC=UNIMOD:4;TA=C;MT=Fixed	NT=Oxidation;AC=UNIMOD:35;TA=M;MT=Variable	NT=Trypsin;AC=MS:1001251	NT=collision-induced dissociation;AC=MS:1000133	dithiothreitol (dtt)	iodoacetamide (iaa)	1	1	20230829_TimsHT_Vucak_Baccarini_MPL_UniWien_MPLID23168_APMS_s226_15p_BE2_1_2588.d.zip	ftp://ftp.pride.ebi.ac.uk/pride/data/archive/2026/09/PXD071453/20230829_TimsHT_Vucak_Baccarini_MPL_UniWien_MPLID23168_APMS_s226_15p_BE2_1_2588.d.zip	v1.1.0	NT=ms-proteomics;VV=v1.1.0	NT=dia-acquisition;VV=v1.1.0	manual curation	Cell culture
20230902_TimsHT_Vucak_Baccarini_MPL_UniWien_MPLID23168_APMS_s302_15p_BB2_1_2633.d.zip	homo sapiens	Cell culture	not applicable	not available	1	20230902_TimsHT_Vucak_Baccarini_MPL_UniWien_MPLID23168_APMS_s302_15p_BB2_1_2633.d.zip	proteomic profiling by mass spectrometry	Data-independent acquisition	NT=label free sample;AC=MS:1002038	NT=timstof ht;AC=MS:1003404	NT=Carbamidomethyl;AC=UNIMOD:4;TA=C;MT=Fixed	NT=Oxidation;AC=UNIMOD:35;TA=M;MT=Variable	NT=Trypsin;AC=MS:1001251	NT=collision-induced dissociation;AC=MS:1000133	dithiothreitol (dtt)	iodoacetamide (iaa)	1	1	20230902_TimsHT_Vucak_Baccarini_MPL_UniWien_MPLID23168_APMS_s302_15p_BB2_1_2633.d.zip	ftp://ftp.pride.ebi.ac.uk/pride/data/archive/2026/09/PXD071453/20230902_TimsHT_Vucak_Baccarini_MPL_UniWien_MPLID23168_APMS_s302_15p_BB2_1_2633.d.zip	v1.1.0	NT=ms-proteomics;VV=v1.1.0	NT=dia-acquisition;VV=v1.1.0	manual curation	Cell culture
20230902_TimsHT_Vucak_Baccarini_MPL_UniWien_MPLID23168_APMS_s319_10p_BD3_1_2671.d.zip	homo sapiens	Cell culture	not applicable	not available	1	20230902_TimsHT_Vucak_Baccarini_MPL_UniWien_MPLID23168_APMS_s319_10p_BD3_1_2671.d.zip	proteomic profiling by mass spectrometry	Data-independent acquisition	NT=label free sample;AC=MS:1002038	NT=timstof ht;AC=MS:1003404	NT=Carbamidomethyl;AC=UNIMOD:4;TA=C;MT=Fixed	NT=Oxidation;AC=UNIMOD:35;TA=M;MT=Variable	NT=Trypsin;AC=MS:1001251	NT=collision-induced dissociation;AC=MS:1000133	dithiothreitol (dtt)	iodoacetamide (iaa)	1	1	20230902_TimsHT_Vucak_Baccarini_MPL_UniWien_MPLID23168_APMS_s319_10p_BD3_1_2671.d.zip	ftp://ftp.pride.ebi.ac.uk/pride/data/archive/2026/09/PXD071453/20230902_TimsHT_Vucak_Baccarini_MPL_UniWien_MPLID23168_APMS_s319_10p_BD3_1_2671.d.zip	v1.1.0	NT=ms-proteomics;VV=v1.1.0	NT=dia-acquisition;VV=v1.1.0	manual curation	Cell culture
20230825_TimsHT_Vucak_Baccarini_MPL_UniWien_MPLID23168_APMS_s122_15p_BD6_1_2485.d.zip	homo sapiens	Cell culture	not applicable	not available	1	20230825_TimsHT_Vucak_Baccarini_MPL_UniWien_MPLID23168_APMS_s122_15p_BD6_1_2485.d.zip	proteomic profiling by mass spectrometry	Data-independent acquisition	NT=label free sample;AC=MS:1002038	NT=timstof ht;AC=MS:1003404	NT=Carbamidomethyl;AC=UNIMOD:4;TA=C;MT=Fixed	NT=Oxidation;AC=UNIMOD:35;TA=M;MT=Variable	NT=Trypsin;AC=MS:1001251	NT=collision-induced dissociation;AC=MS:1000133	dithiothreitol (dtt)	iodoacetamide (iaa)	1	1	20230825_TimsHT_Vucak_Baccarini_MPL_UniWien_MPLID23168_APMS_s122_15p_BD6_1_2485.d.zip	ftp://ftp.pride.ebi.ac.uk/pride/data/archive/2026/09/PXD071453/20230825_TimsHT_Vucak_Baccarini_MPL_UniWien_MPLID23168_APMS_s122_15p_BD6_1_2485.d.zip	v1.1.0	NT=ms-proteomics;VV=v1.1.0	NT=dia-acquisition;VV=v1.1.0	manual curation	Cell culture
20230825_TimsHT_Vucak_Baccarini_MPL_UniWien_MPLID23168_APMS_s134_15p_BB2_1_2514.d.zip	homo sapiens	Cell culture	not applicable	not available	1	20230825_TimsHT_Vucak_Baccarini_MPL_UniWien_MPLID23168_APMS_s134_15p_BB2_1_2514.d.zip	proteomic profiling by mass spectrometry	Data-independent acquisition	NT=label free sample;AC=MS:1002038	NT=timstof ht;AC=MS:1003404	NT=Carbamidomethyl;AC=UNIMOD:4;TA=C;MT=Fixed	NT=Oxidation;AC=UNIMOD:35;TA=M;MT=Variable	NT=Trypsin;AC=MS:1001251	NT=collision-induced dissociation;AC=MS:1000133	dithiothreitol (dtt)	iodoacetamide (iaa)	1	1	20230825_TimsHT_Vucak_Baccarini_MPL_UniWien_MPLID23168_APMS_s134_15p_BB2_1_2514.d.zip	ftp://ftp.pride.ebi.ac.uk/pride/data/archive/2026/09/PXD071453/20230825_TimsHT_Vucak_Baccarini_MPL_UniWien_MPLID23168_APMS_s134_15p_BB2_1_2514.d.zip	v1.1.0	NT=ms-proteomics;VV=v1.1.0	NT=dia-acquisition;VV=v1.1.0	manual curation	Cell culture
20230829_TimsHT_Vucak_Baccarini_MPL_UniWien_MPLID23168_APMS_s219_15p_BD3_1_2574.d.zip	homo sapiens	Cell culture	not applicable	not available	1	20230829_TimsHT_Vucak_Baccarini_MPL_UniWien_MPLID23168_APMS_s219_15p_BD3_1_2574.d.zip	proteomic profiling by mass spectrometry	Data-independent acquisition	NT=label free sample;AC=MS:1002038	NT=timstof ht;AC=MS:1003404	NT=Carbamidomethyl;AC=UNIMOD:4;TA=C;MT=Fixed	NT=Oxidation;AC=UNIMOD:35;TA=M;MT=Variable	NT=Trypsin;AC=MS:1001251	NT=collision-induced dissociation;AC=MS:1000133	dithiothreitol (dtt)	iodoacetamide (iaa)	1	1	20230829_TimsHT_Vucak_Baccarini_MPL_UniWien_MPLID23168_APMS_s219_15p_BD3_1_2574.d.zip	ftp://ftp.pride.ebi.ac.uk/pride/data/archive/2026/09/PXD071453/20230829_TimsHT_Vucak_Baccarini_MPL_UniWien_MPLID23168_APMS_s219_15p_BD3_1_2574.d.zip	v1.1.0	NT=ms-proteomics;VV=v1.1.0	NT=dia-acquisition;VV=v1.1.0	manual curation	Cell culture
20230902_TimsHT_Vucak_Baccarini_MPL_UniWien_MPLID23168_APMS_s320_20p_BD4_1_2673.d.zip	homo sapiens	Cell culture	not applicable	not available	1	20230902_TimsHT_Vucak_Baccarini_MPL_UniWien_MPLID23168_APMS_s320_20p_BD4_1_2673.d.zip	proteomic profiling by mass spectrometry	Data-independent acquisition	NT=label free sample;AC=MS:1002038	NT=timstof ht;AC=MS:1003404	NT=Carbamidomethyl;AC=UNIMOD:4;TA=C;MT=Fixed	NT=Oxidation;AC=UNIMOD:35;TA=M;MT=Variable	NT=Trypsin;AC=MS:1001251	NT=collision-induced dissociation;AC=MS:1000133	dithiothreitol (dtt)	iodoacetamide (iaa)	1	1	20230902_TimsHT_Vucak_Baccarini_MPL_UniWien_MPLID23168_APMS_s320_20p_BD4_1_2673.d.zip	ftp://ftp.pride.ebi.ac.uk/pride/data/archive/2026/09/PXD071453/20230902_TimsHT_Vucak_Baccarini_MPL_UniWien_MPLID23168_APMS_s320_20p_BD4_1_2673.d.zip	v1.1.0	NT=ms-proteomics;VV=v1.1.0	NT=dia-acquisition;VV=v1.1.0	manual curation	Cell culture
20230902_TimsHT_Vucak_Baccarini_MPL_UniWien_MPLID23168_APMS_s342_15p_BC2_1_2719.d.zip	homo sapiens	Cell culture	not applicable	not available	1	20230902_TimsHT_Vucak_Baccarini_MPL_UniWien_MPLID23168_APMS_s342_15p_BC2_1_2719.d.zip	proteomic profiling by mass spectrometry	Data-independent acquisition	NT=label free sample;AC=MS:1002038	NT=timstof ht;AC=MS:1003404	NT=Carbamidomethyl;AC=UNIMOD:4;TA=C;MT=Fixed	NT=Oxidation;AC=UNIMOD:35;TA=M;MT=Variable	NT=Trypsin;AC=MS:1001251	NT=collision-induced dissociation;AC=MS:1000133	dithiothreitol (dtt)	iodoacetamide (iaa)	1	1	20230902_TimsHT_Vucak_Baccarini_MPL_UniWien_MPLID23168_APMS_s342_15p_BC2_1_2719.d.zip	ftp://ftp.pride.ebi.ac.uk/pride/data/archive/2026/09/PXD071453/20230902_TimsHT_Vucak_Baccarini_MPL_UniWien_MPLID23168_APMS_s342_15p_BC2_1_2719.d.zip	v1.1.0	NT=ms-proteomics;VV=v1.1.0	NT=dia-acquisition;VV=v1.1.0	manual curation	Cell culture
20230902_TimsHT_Vucak_Baccarini_MPL_UniWien_MPLID23168_APMS_s322_10p_BD6_1_2677.d.zip	homo sapiens	Cell culture	not applicable	not available	1	20230902_TimsHT_Vucak_Baccarini_MPL_UniWien_MPLID23168_APMS_s322_10p_BD6_1_2677.d.zip	proteomic profiling by mass spectrometry	Data-independent acquisition	NT=label free sample;AC=MS:1002038	NT=timstof ht;AC=MS:1003404	NT=Carbamidomethyl;AC=UNIMOD:4;TA=C;MT=Fixed	NT=Oxidation;AC=UNIMOD:35;TA=M;MT=Variable	NT=Trypsin;AC=MS:1001251	NT=collision-induced dissociation;AC=MS:1000133	dithiothreitol (dtt)	iodoacetamide (iaa)	1	1	20230902_TimsHT_Vucak_Baccarini_MPL_UniWien_MPLID23168_APMS_s322_10p_BD6_1_2677.d.zip	ftp://ftp.pride.ebi.ac.uk/pride/data/archive/2026/09/PXD071453/20230902_TimsHT_Vucak_Baccarini_MPL_UniWien_MPLID23168_APMS_s322_10p_BD6_1_2677.d.zip	v1.1.0	NT=ms-proteomics;VV=v1.1.0	NT=dia-acquisition;VV=v1.1.0	manual curation	Cell culture
20230829_TimsHT_Vucak_Baccarini_MPL_UniWien_MPLID23168_APMS_s227_15p_BE3_1_2590.d.zip	homo sapiens	Cell culture	not applicable	not available	1	20230829_TimsHT_Vucak_Baccarini_MPL_UniWien_MPLID23168_APMS_s227_15p_BE3_1_2590.d.zip	proteomic profiling by mass spectrometry	Data-independent acquisition	NT=label free sample;AC=MS:1002038	NT=timstof ht;AC=MS:1003404	NT=Carbamidomethyl;AC=UNIMOD:4;TA=C;MT=Fixed	NT=Oxidation;AC=UNIMOD:35;TA=M;MT=Variable	NT=Trypsin;AC=MS:1001251	NT=collision-induced dissociation;AC=MS:1000133	dithiothreitol (dtt)	iodoacetamide (iaa)	1	1	20230829_TimsHT_Vucak_Baccarini_MPL_UniWien_MPLID23168_APMS_s227_15p_BE3_1_2590.d.zip	ftp://ftp.pride.ebi.ac.uk/pride/data/archive/2026/09/PXD071453/20230829_TimsHT_Vucak_Baccarini_MPL_UniWien_MPLID23168_APMS_s227_15p_BE3_1_2590.d.zip	v1.1.0	NT=ms-proteomics;VV=v1.1.0	NT=dia-acquisition;VV=v1.1.0	manual curation	Cell culture
20230829_TimsHT_Vucak_Baccarini_MPL_UniWien_MPLID23168_APMS_s231_10p_BE7_1_2600.d.zip	homo sapiens	Cell culture	not applicable	not available	1	20230829_TimsHT_Vucak_Baccarini_MPL_UniWien_MPLID23168_APMS_s231_10p_BE7_1_2600.d.zip	proteomic profiling by mass spectrometry	Data-independent acquisition	NT=label free sample;AC=MS:1002038	NT=timstof ht;AC=MS:1003404	NT=Carbamidomethyl;AC=UNIMOD:4;TA=C;MT=Fixed	NT=Oxidation;AC=UNIMOD:35;TA=M;MT=Variable	NT=Trypsin;AC=MS:1001251	NT=collision-induced dissociation;AC=MS:1000133	dithiothreitol (dtt)	iodoacetamide (iaa)	1	1	20230829_TimsHT_Vucak_Baccarini_MPL_UniWien_MPLID23168_APMS_s231_10p_BE7_1_2600.d.zip	ftp://ftp.pride.ebi.ac.uk/pride/data/archive/2026/09/PXD071453/20230829_TimsHT_Vucak_Baccarini_MPL_UniWien_MPLID23168_APMS_s231_10p_BE7_1_2600.d.zip	v1.1.0	NT=ms-proteomics;VV=v1.1.0	NT=dia-acquisition;VV=v1.1.0	manual curation	Cell culture
20230902_TimsHT_Vucak_Baccarini_MPL_UniWien_MPLID23168_APMS_s334_10p_BB2_1_2703.d.zip	homo sapiens	Cell culture	not applicable	not available	1	20230902_TimsHT_Vucak_Baccarini_MPL_UniWien_MPLID23168_APMS_s334_10p_BB2_1_2703.d.zip	proteomic profiling by mass spectrometry	Data-independent acquisition	NT=label free sample;AC=MS:1002038	NT=timstof ht;AC=MS:1003404	NT=Carbamidomethyl;AC=UNIMOD:4;TA=C;MT=Fixed	NT=Oxidation;AC=UNIMOD:35;TA=M;MT=Variable	NT=Trypsin;AC=MS:1001251	NT=collision-induced dissociation;AC=MS:1000133	dithiothreitol (dtt)	iodoacetamide (iaa)	1	1	20230902_TimsHT_Vucak_Baccarini_MPL_UniWien_MPLID23168_APMS_s334_10p_BB2_1_2703.d.zip	ftp://ftp.pride.ebi.ac.uk/pride/data/archive/2026/09/PXD071453/20230902_TimsHT_Vucak_Baccarini_MPL_UniWien_MPLID23168_APMS_s334_10p_BB2_1_2703.d.zip	v1.1.0	NT=ms-proteomics;VV=v1.1.0	NT=dia-acquisition;VV=v1.1.0	manual curation	Cell culture
20250121_timsHT_NEO4_Vucak_Baccarini_MPL_UniWien_MPLID25011_s20_APMS_27p_KRAS_S17N_2_R-D9_1_3881.d.zip	homo sapiens	Cell culture	not applicable	not available	1	20250121_timsHT_NEO4_Vucak_Baccarini_MPL_UniWien_MPLID25011_s20_APMS_27p_KRAS_S17N_2_R-D9_1_3881.d.zip	proteomic profiling by mass spectrometry	Data-independent acquisition	NT=label free sample;AC=MS:1002038	NT=timstof ht;AC=MS:1003404	NT=Carbamidomethyl;AC=UNIMOD:4;TA=C;MT=Fixed	NT=Oxidation;AC=UNIMOD:35;TA=M;MT=Variable	NT=Trypsin;AC=MS:1001251	NT=collision-induced dissociation;AC=MS:1000133	dithiothreitol (dtt)	iodoacetamide (iaa)	1	1	20250121_timsHT_NEO4_Vucak_Baccarini_MPL_UniWien_MPLID25011_s20_APMS_27p_KRAS_S17N_2_R-D9_1_3881.d.zip	ftp://ftp.pride.ebi.ac.uk/pride/data/archive/2026/09/PXD071453/20250121_timsHT_NEO4_Vucak_Baccarini_MPL_UniWien_MPLID25011_s20_APMS_27p_KRAS_S17N_2_R-D9_1_3881.d.zip	v1.1.0	NT=ms-proteomics;VV=v1.1.0	NT=dia-acquisition;VV=v1.1.0	manual curation	Cell culture
20230825_TimsHT_Vucak_Baccarini_MPL_UniWien_MPLID23168_APMS_s139_15p_BB7_1_2524.d.zip	homo sapiens	Cell culture	not applicable	not available	1	20230825_TimsHT_Vucak_Baccarini_MPL_UniWien_MPLID23168_APMS_s139_15p_BB7_1_2524.d.zip	proteomic profiling by mass spectrometry	Data-independent acquisition	NT=label free sample;AC=MS:1002038	NT=timstof ht;AC=MS:1003404	NT=Carbamidomethyl;AC=UNIMOD:4;TA=C;MT=Fixed	NT=Oxidation;AC=UNIMOD:35;TA=M;MT=Variable	NT=Trypsin;AC=MS:1001251	NT=collision-induced dissociation;AC=MS:1000133	dithiothreitol (dtt)	iodoacetamide (iaa)	1	1	20230825_TimsHT_Vucak_Baccarini_MPL_UniWien_MPLID23168_APMS_s139_15p_BB7_1_2524.d.zip	ftp://ftp.pride.ebi.ac.uk/pride/data/archive/2026/09/PXD071453/20230825_TimsHT_Vucak_Baccarini_MPL_UniWien_MPLID23168_APMS_s139_15p_BB7_1_2524.d.zip	v1.1.0	NT=ms-proteomics;VV=v1.1.0	NT=dia-acquisition;VV=v1.1.0	manual curation	Cell culture
20230825_TimsHT_Vucak_Baccarini_MPL_UniWien_MPLID23168_APMS_s143_20p_BC3_1_2532.d.zip	homo sapiens	Cell culture	not applicable	not available	1	20230825_TimsHT_Vucak_Baccarini_MPL_UniWien_MPLID23168_APMS_s143_20p_BC3_1_2532.d.zip	proteomic profiling by mass spectrometry	Data-independent acquisition	NT=label free sample;AC=MS:1002038	NT=timstof ht;AC=MS:1003404	NT=Carbamidomethyl;AC=UNIMOD:4;TA=C;MT=Fixed	NT=Oxidation;AC=UNIMOD:35;TA=M;MT=Variable	NT=Trypsin;AC=MS:1001251	NT=collision-induced dissociation;AC=MS:1000133	dithiothreitol (dtt)	iodoacetamide (iaa)	1	1	20230825_TimsHT_Vucak_Baccarini_MPL_UniWien_MPLID23168_APMS_s143_20p_BC3_1_2532.d.zip	ftp://ftp.pride.ebi.ac.uk/pride/data/archive/2026/09/PXD071453/20230825_TimsHT_Vucak_Baccarini_MPL_UniWien_MPLID23168_APMS_s143_20p_BC3_1_2532.d.zip	v1.1.0	NT=ms-proteomics;VV=v1.1.0	NT=dia-acquisition;VV=v1.1.0	manual curation	Cell culture
20250121_timsHT_NEO4_Vucak_Baccarini_MPL_UniWien_MPLID25011_s21_APMS_30p_KRAS_S17N_3_R-H2_1_3893.d.zip	homo sapiens	Cell culture	not applicable	not available	1	20250121_timsHT_NEO4_Vucak_Baccarini_MPL_UniWien_MPLID25011_s21_APMS_30p_KRAS_S17N_3_R-H2_1_3893.d.zip	proteomic profiling by mass spectrometry	Data-independent acquisition	NT=label free sample;AC=MS:1002038	NT=timstof ht;AC=MS:1003404	NT=Carbamidomethyl;AC=UNIMOD:4;TA=C;MT=Fixed	NT=Oxidation;AC=UNIMOD:35;TA=M;MT=Variable	NT=Trypsin;AC=MS:1001251	NT=collision-induced dissociation;AC=MS:1000133	dithiothreitol (dtt)	iodoacetamide (iaa)	1	1	20250121_timsHT_NEO4_Vucak_Baccarini_MPL_UniWien_MPLID25011_s21_APMS_30p_KRAS_S17N_3_R-H2_1_3893.d.zip	ftp://ftp.pride.ebi.ac.uk/pride/data/archive/2026/09/PXD071453/20250121_timsHT_NEO4_Vucak_Baccarini_MPL_UniWien_MPLID25011_s21_APMS_30p_KRAS_S17N_3_R-H2_1_3893.d.zip	v1.1.0	NT=ms-proteomics;VV=v1.1.0	NT=dia-acquisition;VV=v1.1.0	manual curation	Cell culture
20230825_TimsHT_Vucak_Baccarini_MPL_UniWien_MPLID23168_APMS_s141_20p_BC1_1_2528.d.zip	homo sapiens	Cell culture	not applicable	not available	1	20230825_TimsHT_Vucak_Baccarini_MPL_UniWien_MPLID23168_APMS_s141_20p_BC1_1_2528.d.zip	proteomic profiling by mass spectrometry	Data-independent acquisition	NT=label free sample;AC=MS:1002038	NT=timstof ht;AC=MS:1003404	NT=Carbamidomethyl;AC=UNIMOD:4;TA=C;MT=Fixed	NT=Oxidation;AC=UNIMOD:35;TA=M;MT=Variable	NT=Trypsin;AC=MS:1001251	NT=collision-induced dissociation;AC=MS:1000133	dithiothreitol (dtt)	iodoacetamide (iaa)	1	1	20230825_TimsHT_Vucak_Baccarini_MPL_UniWien_MPLID23168_APMS_s141_20p_BC1_1_2528.d.zip	ftp://ftp.pride.ebi.ac.uk/pride/data/archive/2026/09/PXD071453/20230825_TimsHT_Vucak_Baccarini_MPL_UniWien_MPLID23168_APMS_s141_20p_BC1_1_2528.d.zip	v1.1.0	NT=ms-proteomics;VV=v1.1.0	NT=dia-acquisition;VV=v1.1.0	manual curation	Cell culture
20250121_timsHT_NEO4_Vucak_Baccarini_MPL_UniWien_MPLID25011_s24_APMS_30p_KRAS_G12D_3_R-D12_1_3889.d.zip	homo sapiens	Cell culture	not applicable	not available	1	20250121_timsHT_NEO4_Vucak_Baccarini_MPL_UniWien_MPLID25011_s24_APMS_30p_KRAS_G12D_3_R-D12_1_3889.d.zip	proteomic profiling by mass spectrometry	Data-independent acquisition	NT=label free sample;AC=MS:1002038	NT=timstof ht;AC=MS:1003404	NT=Carbamidomethyl;AC=UNIMOD:4;TA=C;MT=Fixed	NT=Oxidation;AC=UNIMOD:35;TA=M;MT=Variable	NT=Trypsin;AC=MS:1001251	NT=collision-induced dissociation;AC=MS:1000133	dithiothreitol (dtt)	iodoacetamide (iaa)	1	1	20250121_timsHT_NEO4_Vucak_Baccarini_MPL_UniWien_MPLID25011_s24_APMS_30p_KRAS_G12D_3_R-D12_1_3889.d.zip	ftp://ftp.pride.ebi.ac.uk/pride/data/archive/2026/09/PXD071453/20250121_timsHT_NEO4_Vucak_Baccarini_MPL_UniWien_MPLID25011_s24_APMS_30p_KRAS_G12D_3_R-D12_1_3889.d.zip	v1.1.0	NT=ms-proteomics;VV=v1.1.0	NT=dia-acquisition;VV=v1.1.0	manual curation	Cell culture
20250121_timsHT_NEO4_Vucak_Baccarini_MPL_UniWien_MPLID25011_s30_APMS_30p_GFP_3_R-H1_1_3891.d.zip	homo sapiens	Cell culture	not applicable	not available	1	20250121_timsHT_NEO4_Vucak_Baccarini_MPL_UniWien_MPLID25011_s30_APMS_30p_GFP_3_R-H1_1_3891.d.zip	proteomic profiling by mass spectrometry	Data-independent acquisition	NT=label free sample;AC=MS:1002038	NT=timstof ht;AC=MS:1003404	NT=Carbamidomethyl;AC=UNIMOD:4;TA=C;MT=Fixed	NT=Oxidation;AC=UNIMOD:35;TA=M;MT=Variable	NT=Trypsin;AC=MS:1001251	NT=collision-induced dissociation;AC=MS:1000133	dithiothreitol (dtt)	iodoacetamide (iaa)	1	1	20250121_timsHT_NEO4_Vucak_Baccarini_MPL_UniWien_MPLID25011_s30_APMS_30p_GFP_3_R-H1_1_3891.d.zip	ftp://ftp.pride.ebi.ac.uk/pride/data/archive/2026/09/PXD071453/20250121_timsHT_NEO4_Vucak_Baccarini_MPL_UniWien_MPLID25011_s30_APMS_30p_GFP_3_R-H1_1_3891.d.zip	v1.1.0	NT=ms-proteomics;VV=v1.1.0	NT=dia-acquisition;VV=v1.1.0	manual curation	Cell culture
20230825_TimsHT_Vucak_Baccarini_MPL_UniWien_MPLID23168_APMS_s131_20p_BE7_1_2505.d.zip	homo sapiens	Cell culture	not applicable	not available	1	20230825_TimsHT_Vucak_Baccarini_MPL_UniWien_MPLID23168_APMS_s131_20p_BE7_1_2505.d.zip	proteomic profiling by mass spectrometry	Data-independent acquisition	NT=label free sample;AC=MS:1002038	NT=timstof ht;AC=MS:1003404	NT=Carbamidomethyl;AC=UNIMOD:4;TA=C;MT=Fixed	NT=Oxidation;AC=UNIMOD:35;TA=M;MT=Variable	NT=Trypsin;AC=MS:1001251	NT=collision-induced dissociation;AC=MS:1000133	dithiothreitol (dtt)	iodoacetamide (iaa)	1	1	20230825_TimsHT_Vucak_Baccarini_MPL_UniWien_MPLID23168_APMS_s131_20p_BE7_1_2505.d.zip	ftp://ftp.pride.ebi.ac.uk/pride/data/archive/2026/09/PXD071453/20230825_TimsHT_Vucak_Baccarini_MPL_UniWien_MPLID23168_APMS_s131_20p_BE7_1_2505.d.zip	v1.1.0	NT=ms-proteomics;VV=v1.1.0	NT=dia-acquisition;VV=v1.1.0	manual curation	Cell culture
20250121_timsHT_NEO4_Vucak_Baccarini_MPL_UniWien_MPLID25011_s28_APMS_30p_GFP_1_R-D5_1_3872.d.zip	homo sapiens	Cell culture	not applicable	not available	1	20250121_timsHT_NEO4_Vucak_Baccarini_MPL_UniWien_MPLID25011_s28_APMS_30p_GFP_1_R-D5_1_3872.d.zip	proteomic profiling by mass spectrometry	Data-independent acquisition	NT=label free sample;AC=MS:1002038	NT=timstof ht;AC=MS:1003404	NT=Carbamidomethyl;AC=UNIMOD:4;TA=C;MT=Fixed	NT=Oxidation;AC=UNIMOD:35;TA=M;MT=Variable	NT=Trypsin;AC=MS:1001251	NT=collision-induced dissociation;AC=MS:1000133	dithiothreitol (dtt)	iodoacetamide (iaa)	1	1	20250121_timsHT_NEO4_Vucak_Baccarini_MPL_UniWien_MPLID25011_s28_APMS_30p_GFP_1_R-D5_1_3872.d.zip	ftp://ftp.pride.ebi.ac.uk/pride/data/archive/2026/09/PXD071453/20250121_timsHT_NEO4_Vucak_Baccarini_MPL_UniWien_MPLID25011_s28_APMS_30p_GFP_1_R-D5_1_3872.d.zip	v1.1.0	NT=ms-proteomics;VV=v1.1.0	NT=dia-acquisition;VV=v1.1.0	manual curation	Cell culture
20230825_TimsHT_Vucak_Baccarini_MPL_UniWien_MPLID23168_APMS_s115_20p_BC7_1_2471.d.zip	homo sapiens	Cell culture	not applicable	not available	1	20230825_TimsHT_Vucak_Baccarini_MPL_UniWien_MPLID23168_APMS_s115_20p_BC7_1_2471.d.zip	proteomic profiling by mass spectrometry	Data-independent acquisition	NT=label free sample;AC=MS:1002038	NT=timstof ht;AC=MS:1003404	NT=Carbamidomethyl;AC=UNIMOD:4;TA=C;MT=Fixed	NT=Oxidation;AC=UNIMOD:35;TA=M;MT=Variable	NT=Trypsin;AC=MS:1001251	NT=collision-induced dissociation;AC=MS:1000133	dithiothreitol (dtt)	iodoacetamide (iaa)	1	1	20230825_TimsHT_Vucak_Baccarini_MPL_UniWien_MPLID23168_APMS_s115_20p_BC7_1_2471.d.zip	ftp://ftp.pride.ebi.ac.uk/pride/data/archive/2026/09/PXD071453/20230825_TimsHT_Vucak_Baccarini_MPL_UniWien_MPLID23168_APMS_s115_20p_BC7_1_2471.d.zip	v1.1.0	NT=ms-proteomics;VV=v1.1.0	NT=dia-acquisition;VV=v1.1.0	manual curation	Cell culture
20230902_TimsHT_Vucak_Baccarini_MPL_UniWien_MPLID23168_APMS_s301_20p_BB1_1_2631.d.zip	homo sapiens	Cell culture	not applicable	not available	1	20230902_TimsHT_Vucak_Baccarini_MPL_UniWien_MPLID23168_APMS_s301_20p_BB1_1_2631.d.zip	proteomic profiling by mass spectrometry	Data-independent acquisition	NT=label free sample;AC=MS:1002038	NT=timstof ht;AC=MS:1003404	NT=Carbamidomethyl;AC=UNIMOD:4;TA=C;MT=Fixed	NT=Oxidation;AC=UNIMOD:35;TA=M;MT=Variable	NT=Trypsin;AC=MS:1001251	NT=collision-induced dissociation;AC=MS:1000133	dithiothreitol (dtt)	iodoacetamide (iaa)	1	1	20230902_TimsHT_Vucak_Baccarini_MPL_UniWien_MPLID23168_APMS_s301_20p_BB1_1_2631.d.zip	ftp://ftp.pride.ebi.ac.uk/pride/data/archive/2026/09/PXD071453/20230902_TimsHT_Vucak_Baccarini_MPL_UniWien_MPLID23168_APMS_s301_20p_BB1_1_2631.d.zip	v1.1.0	NT=ms-proteomics;VV=v1.1.0	NT=dia-acquisition;VV=v1.1.0	manual curation	Cell culture
20230829_TimsHT_Vucak_Baccarini_MPL_UniWien_MPLID23168_APMS_s232_20p_BE8_1_2602.d.zip	homo sapiens	Cell culture	not applicable	not available	1	20230829_TimsHT_Vucak_Baccarini_MPL_UniWien_MPLID23168_APMS_s232_20p_BE8_1_2602.d.zip	proteomic profiling by mass spectrometry	Data-independent acquisition	NT=label free sample;AC=MS:1002038	NT=timstof ht;AC=MS:1003404	NT=Carbamidomethyl;AC=UNIMOD:4;TA=C;MT=Fixed	NT=Oxidation;AC=UNIMOD:35;TA=M;MT=Variable	NT=Trypsin;AC=MS:1001251	NT=collision-induced dissociation;AC=MS:1000133	dithiothreitol (dtt)	iodoacetamide (iaa)	1	1	20230829_TimsHT_Vucak_Baccarini_MPL_UniWien_MPLID23168_APMS_s232_20p_BE8_1_2602.d.zip	ftp://ftp.pride.ebi.ac.uk/pride/data/archive/2026/09/PXD071453/20230829_TimsHT_Vucak_Baccarini_MPL_UniWien_MPLID23168_APMS_s232_20p_BE8_1_2602.d.zip	v1.1.0	NT=ms-proteomics;VV=v1.1.0	NT=dia-acquisition;VV=v1.1.0	manual curation	Cell culture
20230825_TimsHT_Vucak_Baccarini_MPL_UniWien_MPLID23168_APMS_s137_20p_BB5_1_2520.d.zip	homo sapiens	Cell culture	not applicable	not available	1	20230825_TimsHT_Vucak_Baccarini_MPL_UniWien_MPLID23168_APMS_s137_20p_BB5_1_2520.d.zip	proteomic profiling by mass spectrometry	Data-independent acquisition	NT=label free sample;AC=MS:1002038	NT=timstof ht;AC=MS:1003404	NT=Carbamidomethyl;AC=UNIMOD:4;TA=C;MT=Fixed	NT=Oxidation;AC=UNIMOD:35;TA=M;MT=Variable	NT=Trypsin;AC=MS:1001251	NT=collision-induced dissociation;AC=MS:1000133	dithiothreitol (dtt)	iodoacetamide (iaa)	1	1	20230825_TimsHT_Vucak_Baccarini_MPL_UniWien_MPLID23168_APMS_s137_20p_BB5_1_2520.d.zip	ftp://ftp.pride.ebi.ac.uk/pride/data/archive/2026/09/PXD071453/20230825_TimsHT_Vucak_Baccarini_MPL_UniWien_MPLID23168_APMS_s137_20p_BB5_1_2520.d.zip	v1.1.0	NT=ms-proteomics;VV=v1.1.0	NT=dia-acquisition;VV=v1.1.0	manual curation	Cell culture
20230829_TimsHT_Vucak_Baccarini_MPL_UniWien_MPLID23168_APMS_s207_20p_BB7_1_2548.d.zip	homo sapiens	Cell culture	not applicable	not available	1	20230829_TimsHT_Vucak_Baccarini_MPL_UniWien_MPLID23168_APMS_s207_20p_BB7_1_2548.d.zip	proteomic profiling by mass spectrometry	Data-independent acquisition	NT=label free sample;AC=MS:1002038	NT=timstof ht;AC=MS:1003404	NT=Carbamidomethyl;AC=UNIMOD:4;TA=C;MT=Fixed	NT=Oxidation;AC=UNIMOD:35;TA=M;MT=Variable	NT=Trypsin;AC=MS:1001251	NT=collision-induced dissociation;AC=MS:1000133	dithiothreitol (dtt)	iodoacetamide (iaa)	1	1	20230829_TimsHT_Vucak_Baccarini_MPL_UniWien_MPLID23168_APMS_s207_20p_BB7_1_2548.d.zip	ftp://ftp.pride.ebi.ac.uk/pride/data/archive/2026/09/PXD071453/20230829_TimsHT_Vucak_Baccarini_MPL_UniWien_MPLID23168_APMS_s207_20p_BB7_1_2548.d.zip	v1.1.0	NT=ms-proteomics;VV=v1.1.0	NT=dia-acquisition;VV=v1.1.0	manual curation	Cell culture
20230825_TimsHT_Vucak_Baccarini_MPL_UniWien_MPLID23168_APMS_s127_15p_BE3_1_2495.d.zip	homo sapiens	Cell culture	not applicable	not available	1	20230825_TimsHT_Vucak_Baccarini_MPL_UniWien_MPLID23168_APMS_s127_15p_BE3_1_2495.d.zip	proteomic profiling by mass spectrometry	Data-independent acquisition	NT=label free sample;AC=MS:1002038	NT=timstof ht;AC=MS:1003404	NT=Carbamidomethyl;AC=UNIMOD:4;TA=C;MT=Fixed	NT=Oxidation;AC=UNIMOD:35;TA=M;MT=Variable	NT=Trypsin;AC=MS:1001251	NT=collision-induced dissociation;AC=MS:1000133	dithiothreitol (dtt)	iodoacetamide (iaa)	1	1	20230825_TimsHT_Vucak_Baccarini_MPL_UniWien_MPLID23168_APMS_s127_15p_BE3_1_2495.d.zip	ftp://ftp.pride.ebi.ac.uk/pride/data/archive/2026/09/PXD071453/20230825_TimsHT_Vucak_Baccarini_MPL_UniWien_MPLID23168_APMS_s127_15p_BE3_1_2495.d.zip	v1.1.0	NT=ms-proteomics;VV=v1.1.0	NT=dia-acquisition;VV=v1.1.0	manual curation	Cell culture
20230902_TimsHT_Vucak_Baccarini_MPL_UniWien_MPLID23168_APMS_s304_10p_BB4_1_2637.d.zip	homo sapiens	Cell culture	not applicable	not available	1	20230902_TimsHT_Vucak_Baccarini_MPL_UniWien_MPLID23168_APMS_s304_10p_BB4_1_2637.d.zip	proteomic profiling by mass spectrometry	Data-independent acquisition	NT=label free sample;AC=MS:1002038	NT=timstof ht;AC=MS:1003404	NT=Carbamidomethyl;AC=UNIMOD:4;TA=C;MT=Fixed	NT=Oxidation;AC=UNIMOD:35;TA=M;MT=Variable	NT=Trypsin;AC=MS:1001251	NT=collision-induced dissociation;AC=MS:1000133	dithiothreitol (dtt)	iodoacetamide (iaa)	1	1	20230902_TimsHT_Vucak_Baccarini_MPL_UniWien_MPLID23168_APMS_s304_10p_BB4_1_2637.d.zip	ftp://ftp.pride.ebi.ac.uk/pride/data/archive/2026/09/PXD071453/20230902_TimsHT_Vucak_Baccarini_MPL_UniWien_MPLID23168_APMS_s304_10p_BB4_1_2637.d.zip	v1.1.0	NT=ms-proteomics;VV=v1.1.0	NT=dia-acquisition;VV=v1.1.0	manual curation	Cell culture
20230902_TimsHT_Vucak_Baccarini_MPL_UniWien_MPLID23168_APMS_s324_15p_BD8_1_2681.d.zip	homo sapiens	Cell culture	not applicable	not available	1	20230902_TimsHT_Vucak_Baccarini_MPL_UniWien_MPLID23168_APMS_s324_15p_BD8_1_2681.d.zip	proteomic profiling by mass spectrometry	Data-independent acquisition	NT=label free sample;AC=MS:1002038	NT=timstof ht;AC=MS:1003404	NT=Carbamidomethyl;AC=UNIMOD:4;TA=C;MT=Fixed	NT=Oxidation;AC=UNIMOD:35;TA=M;MT=Variable	NT=Trypsin;AC=MS:1001251	NT=collision-induced dissociation;AC=MS:1000133	dithiothreitol (dtt)	iodoacetamide (iaa)	1	1	20230902_TimsHT_Vucak_Baccarini_MPL_UniWien_MPLID23168_APMS_s324_15p_BD8_1_2681.d.zip	ftp://ftp.pride.ebi.ac.uk/pride/data/archive/2026/09/PXD071453/20230902_TimsHT_Vucak_Baccarini_MPL_UniWien_MPLID23168_APMS_s324_15p_BD8_1_2681.d.zip	v1.1.0	NT=ms-proteomics;VV=v1.1.0	NT=dia-acquisition;VV=v1.1.0	manual curation	Cell culture
20230902_TimsHT_Vucak_Baccarini_MPL_UniWien_MPLID23168_APMS_s314_20p_BC6_1_2659.d.zip	homo sapiens	Cell culture	not applicable	not available	1	20230902_TimsHT_Vucak_Baccarini_MPL_UniWien_MPLID23168_APMS_s314_20p_BC6_1_2659.d.zip	proteomic profiling by mass spectrometry	Data-independent acquisition	NT=label free sample;AC=MS:1002038	NT=timstof ht;AC=MS:1003404	NT=Carbamidomethyl;AC=UNIMOD:4;TA=C;MT=Fixed	NT=Oxidation;AC=UNIMOD:35;TA=M;MT=Variable	NT=Trypsin;AC=MS:1001251	NT=collision-induced dissociation;AC=MS:1000133	dithiothreitol (dtt)	iodoacetamide (iaa)	1	1	20230902_TimsHT_Vucak_Baccarini_MPL_UniWien_MPLID23168_APMS_s314_20p_BC6_1_2659.d.zip	ftp://ftp.pride.ebi.ac.uk/pride/data/archive/2026/09/PXD071453/20230902_TimsHT_Vucak_Baccarini_MPL_UniWien_MPLID23168_APMS_s314_20p_BC6_1_2659.d.zip	v1.1.0	NT=ms-proteomics;VV=v1.1.0	NT=dia-acquisition;VV=v1.1.0	manual curation	Cell culture
20230825_TimsHT_Vucak_Baccarini_MPL_UniWien_MPLID23168_APMS_s142_15p_BC2_1_2530.d.zip	homo sapiens	Cell culture	not applicable	not available	1	20230825_TimsHT_Vucak_Baccarini_MPL_UniWien_MPLID23168_APMS_s142_15p_BC2_1_2530.d.zip	proteomic profiling by mass spectrometry	Data-independent acquisition	NT=label free sample;AC=MS:1002038	NT=timstof ht;AC=MS:1003404	NT=Carbamidomethyl;AC=UNIMOD:4;TA=C;MT=Fixed	NT=Oxidation;AC=UNIMOD:35;TA=M;MT=Variable	NT=Trypsin;AC=MS:1001251	NT=collision-induced dissociation;AC=MS:1000133	dithiothreitol (dtt)	iodoacetamide (iaa)	1	1	20230825_TimsHT_Vucak_Baccarini_MPL_UniWien_MPLID23168_APMS_s142_15p_BC2_1_2530.d.zip	ftp://ftp.pride.ebi.ac.uk/pride/data/archive/2026/09/PXD071453/20230825_TimsHT_Vucak_Baccarini_MPL_UniWien_MPLID23168_APMS_s142_15p_BC2_1_2530.d.zip	v1.1.0	NT=ms-proteomics;VV=v1.1.0	NT=dia-acquisition;VV=v1.1.0	manual curation	Cell culture
20230825_TimsHT_Vucak_Baccarini_MPL_UniWien_MPLID23168_APMS_s111_10p_BC3_1_2461.d.zip	homo sapiens	Cell culture	not applicable	not available	1	20230825_TimsHT_Vucak_Baccarini_MPL_UniWien_MPLID23168_APMS_s111_10p_BC3_1_2461.d.zip	proteomic profiling by mass spectrometry	Data-independent acquisition	NT=label free sample;AC=MS:1002038	NT=timstof ht;AC=MS:1003404	NT=Carbamidomethyl;AC=UNIMOD:4;TA=C;MT=Fixed	NT=Oxidation;AC=UNIMOD:35;TA=M;MT=Variable	NT=Trypsin;AC=MS:1001251	NT=collision-induced dissociation;AC=MS:1000133	dithiothreitol (dtt)	iodoacetamide (iaa)	1	1	20230825_TimsHT_Vucak_Baccarini_MPL_UniWien_MPLID23168_APMS_s111_10p_BC3_1_2461.d.zip	ftp://ftp.pride.ebi.ac.uk/pride/data/archive/2026/09/PXD071453/20230825_TimsHT_Vucak_Baccarini_MPL_UniWien_MPLID23168_APMS_s111_10p_BC3_1_2461.d.zip	v1.1.0	NT=ms-proteomics;VV=v1.1.0	NT=dia-acquisition;VV=v1.1.0	manual curation	Cell culture
20230902_TimsHT_Vucak_Baccarini_MPL_UniWien_MPLID23168_APMS_s323_20p_BD7_1_2679.d.zip	homo sapiens	Cell culture	not applicable	not available	1	20230902_TimsHT_Vucak_Baccarini_MPL_UniWien_MPLID23168_APMS_s323_20p_BD7_1_2679.d.zip	proteomic profiling by mass spectrometry	Data-independent acquisition	NT=label free sample;AC=MS:1002038	NT=timstof ht;AC=MS:1003404	NT=Carbamidomethyl;AC=UNIMOD:4;TA=C;MT=Fixed	NT=Oxidation;AC=UNIMOD:35;TA=M;MT=Variable	NT=Trypsin;AC=MS:1001251	NT=collision-induced dissociation;AC=MS:1000133	dithiothreitol (dtt)	iodoacetamide (iaa)	1	1	20230902_TimsHT_Vucak_Baccarini_MPL_UniWien_MPLID23168_APMS_s323_20p_BD7_1_2679.d.zip	ftp://ftp.pride.ebi.ac.uk/pride/data/archive/2026/09/PXD071453/20230902_TimsHT_Vucak_Baccarini_MPL_UniWien_MPLID23168_APMS_s323_20p_BD7_1_2679.d.zip	v1.1.0	NT=ms-proteomics;VV=v1.1.0	NT=dia-acquisition;VV=v1.1.0	manual curation	Cell culture
20230829_TimsHT_Vucak_Baccarini_MPL_UniWien_MPLID23168_APMS_s213_20p_BC5_1_2560.d.zip	homo sapiens	Cell culture	not applicable	not available	1	20230829_TimsHT_Vucak_Baccarini_MPL_UniWien_MPLID23168_APMS_s213_20p_BC5_1_2560.d.zip	proteomic profiling by mass spectrometry	Data-independent acquisition	NT=label free sample;AC=MS:1002038	NT=timstof ht;AC=MS:1003404	NT=Carbamidomethyl;AC=UNIMOD:4;TA=C;MT=Fixed	NT=Oxidation;AC=UNIMOD:35;TA=M;MT=Variable	NT=Trypsin;AC=MS:1001251	NT=collision-induced dissociation;AC=MS:1000133	dithiothreitol (dtt)	iodoacetamide (iaa)	1	1	20230829_TimsHT_Vucak_Baccarini_MPL_UniWien_MPLID23168_APMS_s213_20p_BC5_1_2560.d.zip	ftp://ftp.pride.ebi.ac.uk/pride/data/archive/2026/09/PXD071453/20230829_TimsHT_Vucak_Baccarini_MPL_UniWien_MPLID23168_APMS_s213_20p_BC5_1_2560.d.zip	v1.1.0	NT=ms-proteomics;VV=v1.1.0	NT=dia-acquisition;VV=v1.1.0	manual curation	Cell culture
20230825_TimsHT_Vucak_Baccarini_MPL_UniWien_MPLID23168_APMS_s123_15p_BD7_1_2487.d.zip	homo sapiens	Cell culture	not applicable	not available	1	20230825_TimsHT_Vucak_Baccarini_MPL_UniWien_MPLID23168_APMS_s123_15p_BD7_1_2487.d.zip	proteomic profiling by mass spectrometry	Data-independent acquisition	NT=label free sample;AC=MS:1002038	NT=timstof ht;AC=MS:1003404	NT=Carbamidomethyl;AC=UNIMOD:4;TA=C;MT=Fixed	NT=Oxidation;AC=UNIMOD:35;TA=M;MT=Variable	NT=Trypsin;AC=MS:1001251	NT=collision-induced dissociation;AC=MS:1000133	dithiothreitol (dtt)	iodoacetamide (iaa)	1	1	20230825_TimsHT_Vucak_Baccarini_MPL_UniWien_MPLID23168_APMS_s123_15p_BD7_1_2487.d.zip	ftp://ftp.pride.ebi.ac.uk/pride/data/archive/2026/09/PXD071453/20230825_TimsHT_Vucak_Baccarini_MPL_UniWien_MPLID23168_APMS_s123_15p_BD7_1_2487.d.zip	v1.1.0	NT=ms-proteomics;VV=v1.1.0	NT=dia-acquisition;VV=v1.1.0	manual curation	Cell culture
20230825_TimsHT_Vucak_Baccarini_MPL_UniWien_MPLID23168_APMS_s133_15p_BB1_1_2512.d.zip	homo sapiens	Cell culture	not applicable	not available	1	20230825_TimsHT_Vucak_Baccarini_MPL_UniWien_MPLID23168_APMS_s133_15p_BB1_1_2512.d.zip	proteomic profiling by mass spectrometry	Data-independent acquisition	NT=label free sample;AC=MS:1002038	NT=timstof ht;AC=MS:1003404	NT=Carbamidomethyl;AC=UNIMOD:4;TA=C;MT=Fixed	NT=Oxidation;AC=UNIMOD:35;TA=M;MT=Variable	NT=Trypsin;AC=MS:1001251	NT=collision-induced dissociation;AC=MS:1000133	dithiothreitol (dtt)	iodoacetamide (iaa)	1	1	20230825_TimsHT_Vucak_Baccarini_MPL_UniWien_MPLID23168_APMS_s133_15p_BB1_1_2512.d.zip	ftp://ftp.pride.ebi.ac.uk/pride/data/archive/2026/09/PXD071453/20230825_TimsHT_Vucak_Baccarini_MPL_UniWien_MPLID23168_APMS_s133_15p_BB1_1_2512.d.zip	v1.1.0	NT=ms-proteomics;VV=v1.1.0	NT=dia-acquisition;VV=v1.1.0	manual curation	Cell culture
20230825_TimsHT_Vucak_Baccarini_MPL_UniWien_MPLID23168_APMS_s129_20p_BE5_1_2499.d.zip	homo sapiens	Cell culture	not applicable	not available	1	20230825_TimsHT_Vucak_Baccarini_MPL_UniWien_MPLID23168_APMS_s129_20p_BE5_1_2499.d.zip	proteomic profiling by mass spectrometry	Data-independent acquisition	NT=label free sample;AC=MS:1002038	NT=timstof ht;AC=MS:1003404	NT=Carbamidomethyl;AC=UNIMOD:4;TA=C;MT=Fixed	NT=Oxidation;AC=UNIMOD:35;TA=M;MT=Variable	NT=Trypsin;AC=MS:1001251	NT=collision-induced dissociation;AC=MS:1000133	dithiothreitol (dtt)	iodoacetamide (iaa)	1	1	20230825_TimsHT_Vucak_Baccarini_MPL_UniWien_MPLID23168_APMS_s129_20p_BE5_1_2499.d.zip	ftp://ftp.pride.ebi.ac.uk/pride/data/archive/2026/09/PXD071453/20230825_TimsHT_Vucak_Baccarini_MPL_UniWien_MPLID23168_APMS_s129_20p_BE5_1_2499.d.zip	v1.1.0	NT=ms-proteomics;VV=v1.1.0	NT=dia-acquisition;VV=v1.1.0	manual curation	Cell culture
20230825_TimsHT_Vucak_Baccarini_MPL_UniWien_MPLID23168_APMS_s110_20p_2_BC2_1_2459.d.zip	homo sapiens	Cell culture	not applicable	not available	1	20230825_TimsHT_Vucak_Baccarini_MPL_UniWien_MPLID23168_APMS_s110_20p_2_BC2_1_2459.d.zip	proteomic profiling by mass spectrometry	Data-independent acquisition	NT=label free sample;AC=MS:1002038	NT=timstof ht;AC=MS:1003404	NT=Carbamidomethyl;AC=UNIMOD:4;TA=C;MT=Fixed	NT=Oxidation;AC=UNIMOD:35;TA=M;MT=Variable	NT=Trypsin;AC=MS:1001251	NT=collision-induced dissociation;AC=MS:1000133	dithiothreitol (dtt)	iodoacetamide (iaa)	1	1	20230825_TimsHT_Vucak_Baccarini_MPL_UniWien_MPLID23168_APMS_s110_20p_2_BC2_1_2459.d.zip	ftp://ftp.pride.ebi.ac.uk/pride/data/archive/2026/09/PXD071453/20230825_TimsHT_Vucak_Baccarini_MPL_UniWien_MPLID23168_APMS_s110_20p_2_BC2_1_2459.d.zip	v1.1.0	NT=ms-proteomics;VV=v1.1.0	NT=dia-acquisition;VV=v1.1.0	manual curation	Cell culture
20230825_TimsHT_Vucak_Baccarini_MPL_UniWien_MPLID23168_APMS_s116_15p_BC8_1_2473.d.zip	homo sapiens	Cell culture	not applicable	not available	1	20230825_TimsHT_Vucak_Baccarini_MPL_UniWien_MPLID23168_APMS_s116_15p_BC8_1_2473.d.zip	proteomic profiling by mass spectrometry	Data-independent acquisition	NT=label free sample;AC=MS:1002038	NT=timstof ht;AC=MS:1003404	NT=Carbamidomethyl;AC=UNIMOD:4;TA=C;MT=Fixed	NT=Oxidation;AC=UNIMOD:35;TA=M;MT=Variable	NT=Trypsin;AC=MS:1001251	NT=collision-induced dissociation;AC=MS:1000133	dithiothreitol (dtt)	iodoacetamide (iaa)	1	1	20230825_TimsHT_Vucak_Baccarini_MPL_UniWien_MPLID23168_APMS_s116_15p_BC8_1_2473.d.zip	ftp://ftp.pride.ebi.ac.uk/pride/data/archive/2026/09/PXD071453/20230825_TimsHT_Vucak_Baccarini_MPL_UniWien_MPLID23168_APMS_s116_15p_BC8_1_2473.d.zip	v1.1.0	NT=ms-proteomics;VV=v1.1.0	NT=dia-acquisition;VV=v1.1.0	manual curation	Cell culture
20230825_TimsHT_Vucak_Baccarini_MPL_UniWien_MPLID23168_APMS_s104_15p_2_BB4_1_2447.d.zip	homo sapiens	Cell culture	not applicable	not available	1	20230825_TimsHT_Vucak_Baccarini_MPL_UniWien_MPLID23168_APMS_s104_15p_2_BB4_1_2447.d.zip	proteomic profiling by mass spectrometry	Data-independent acquisition	NT=label free sample;AC=MS:1002038	NT=timstof ht;AC=MS:1003404	NT=Carbamidomethyl;AC=UNIMOD:4;TA=C;MT=Fixed	NT=Oxidation;AC=UNIMOD:35;TA=M;MT=Variable	NT=Trypsin;AC=MS:1001251	NT=collision-induced dissociation;AC=MS:1000133	dithiothreitol (dtt)	iodoacetamide (iaa)	1	1	20230825_TimsHT_Vucak_Baccarini_MPL_UniWien_MPLID23168_APMS_s104_15p_2_BB4_1_2447.d.zip	ftp://ftp.pride.ebi.ac.uk/pride/data/archive/2026/09/PXD071453/20230825_TimsHT_Vucak_Baccarini_MPL_UniWien_MPLID23168_APMS_s104_15p_2_BB4_1_2447.d.zip	v1.1.0	NT=ms-proteomics;VV=v1.1.0	NT=dia-acquisition;VV=v1.1.0	manual curation	Cell culture
