source name	characteristics[organism]	characteristics[organism part]	characteristics[cell type]	characteristics[disease]	characteristics[biological replicate]	assay name	technology type	comment[proteomics data acquisition method]	comment[label]	comment[instrument]	comment[cleavage agent details]	comment[dissociation method]	comment[fraction identifier]	comment[technical replicate]	comment[data file]	comment[file uri]	comment[sdrf version]	comment[sdrf template]	comment[sdrf template]	comment[sdrf annotation tool]	factor value[organism part]
20230908_SG_DrugPanel_C_TP_0.1_3_S1-B1_2734.d.ZIP	homo sapiens	Vasculature	not applicable	not available	1	20230908_SG_DrugPanel_C_TP_0.1_3_S1-B1_2734.d.ZIP	proteomic profiling by mass spectrometry	Data-independent acquisition	NT=label free sample;AC=MS:1002038	NT=timstof ht;AC=MS:1003404	NT=Trypsin;AC=MS:1001251	NT=collision-induced dissociation;AC=MS:1000133	1	1	20230908_SG_DrugPanel_C_TP_0.1_3_S1-B1_2734.d.ZIP	ftp://ftp.pride.ebi.ac.uk/pride/data/archive/2025/07/PXD058294/20230908_SG_DrugPanel_C_TP_0.1_3_S1-B1_2734.d.ZIP	v1.1.0	NT=ms-proteomics;VV=v1.1.0	NT=dia-acquisition;VV=v1.1.0	manual curation	Vasculature
20230908_SG_DrugPanel_C_TP_0.1_1_S2-B1_2538.d.ZIP	homo sapiens	Vasculature	not applicable	not available	1	20230908_SG_DrugPanel_C_TP_0.1_1_S2-B1_2538.d.ZIP	proteomic profiling by mass spectrometry	Data-independent acquisition	NT=label free sample;AC=MS:1002038	NT=timstof ht;AC=MS:1003404	NT=Trypsin;AC=MS:1001251	NT=collision-induced dissociation;AC=MS:1000133	1	1	20230908_SG_DrugPanel_C_TP_0.1_1_S2-B1_2538.d.ZIP	ftp://ftp.pride.ebi.ac.uk/pride/data/archive/2025/07/PXD058294/20230908_SG_DrugPanel_C_TP_0.1_1_S2-B1_2538.d.ZIP	v1.1.0	NT=ms-proteomics;VV=v1.1.0	NT=dia-acquisition;VV=v1.1.0	manual curation	Vasculature
20230908_SG_DrugPanel_I_JS_10_2_S3-C7_2654.d.ZIP	homo sapiens	Vasculature	not applicable	not available	1	20230908_SG_DrugPanel_I_JS_10_2_S3-C7_2654.d.ZIP	proteomic profiling by mass spectrometry	Data-independent acquisition	NT=label free sample;AC=MS:1002038	NT=timstof ht;AC=MS:1003404	NT=Trypsin;AC=MS:1001251	NT=collision-induced dissociation;AC=MS:1000133	1	1	20230908_SG_DrugPanel_I_JS_10_2_S3-C7_2654.d.ZIP	ftp://ftp.pride.ebi.ac.uk/pride/data/archive/2025/07/PXD058294/20230908_SG_DrugPanel_I_JS_10_2_S3-C7_2654.d.ZIP	v1.1.0	NT=ms-proteomics;VV=v1.1.0	NT=dia-acquisition;VV=v1.1.0	manual curation	Vasculature
20230908_SG_DrugPanel_I_JS_100_3_S1-C11_2756.d.ZIP	homo sapiens	Vasculature	not applicable	not available	1	20230908_SG_DrugPanel_I_JS_100_3_S1-C11_2756.d.ZIP	proteomic profiling by mass spectrometry	Data-independent acquisition	NT=label free sample;AC=MS:1002038	NT=timstof ht;AC=MS:1003404	NT=Trypsin;AC=MS:1001251	NT=collision-induced dissociation;AC=MS:1000133	1	1	20230908_SG_DrugPanel_I_JS_100_3_S1-C11_2756.d.ZIP	ftp://ftp.pride.ebi.ac.uk/pride/data/archive/2025/07/PXD058294/20230908_SG_DrugPanel_I_JS_100_3_S1-C11_2756.d.ZIP	v1.1.0	NT=ms-proteomics;VV=v1.1.0	NT=dia-acquisition;VV=v1.1.0	manual curation	Vasculature
20230908_SG_DrugPanel_C_RI_0.1_2_S3-G1_2696.d.ZIP	homo sapiens	Vasculature	not applicable	not available	1	20230908_SG_DrugPanel_C_RI_0.1_2_S3-G1_2696.d.ZIP	proteomic profiling by mass spectrometry	Data-independent acquisition	NT=label free sample;AC=MS:1002038	NT=timstof ht;AC=MS:1003404	NT=Trypsin;AC=MS:1001251	NT=collision-induced dissociation;AC=MS:1000133	1	1	20230908_SG_DrugPanel_C_RI_0.1_2_S3-G1_2696.d.ZIP	ftp://ftp.pride.ebi.ac.uk/pride/data/archive/2025/07/PXD058294/20230908_SG_DrugPanel_C_RI_0.1_2_S3-G1_2696.d.ZIP	v1.1.0	NT=ms-proteomics;VV=v1.1.0	NT=dia-acquisition;VV=v1.1.0	manual curation	Vasculature
20230908_SG_DrugPanel_M_QN_10_3_S1-A12_2733.d.ZIP	homo sapiens	Vasculature	not applicable	not available	1	20230908_SG_DrugPanel_M_QN_10_3_S1-A12_2733.d.ZIP	proteomic profiling by mass spectrometry	Data-independent acquisition	NT=label free sample;AC=MS:1002038	NT=timstof ht;AC=MS:1003404	NT=Trypsin;AC=MS:1001251	NT=collision-induced dissociation;AC=MS:1000133	1	1	20230908_SG_DrugPanel_M_QN_10_3_S1-A12_2733.d.ZIP	ftp://ftp.pride.ebi.ac.uk/pride/data/archive/2025/07/PXD058294/20230908_SG_DrugPanel_M_QN_10_3_S1-A12_2733.d.ZIP	v1.1.0	NT=ms-proteomics;VV=v1.1.0	NT=dia-acquisition;VV=v1.1.0	manual curation	Vasculature
20230908_SG_DrugPanel_M_SH_100_1_S2-D12_2573.d.ZIP	homo sapiens	Vasculature	not applicable	not available	1	20230908_SG_DrugPanel_M_SH_100_1_S2-D12_2573.d.ZIP	proteomic profiling by mass spectrometry	Data-independent acquisition	NT=label free sample;AC=MS:1002038	NT=timstof ht;AC=MS:1003404	NT=Trypsin;AC=MS:1001251	NT=collision-induced dissociation;AC=MS:1000133	1	1	20230908_SG_DrugPanel_M_SH_100_1_S2-D12_2573.d.ZIP	ftp://ftp.pride.ebi.ac.uk/pride/data/archive/2025/07/PXD058294/20230908_SG_DrugPanel_M_SH_100_1_S2-D12_2573.d.ZIP	v1.1.0	NT=ms-proteomics;VV=v1.1.0	NT=dia-acquisition;VV=v1.1.0	manual curation	Vasculature
20230908_SG_DrugPanel_M_IT_1_3_S1-E8_2777.d.ZIP	homo sapiens	Vasculature	not applicable	not available	1	20230908_SG_DrugPanel_M_IT_1_3_S1-E8_2777.d.ZIP	proteomic profiling by mass spectrometry	Data-independent acquisition	NT=label free sample;AC=MS:1002038	NT=timstof ht;AC=MS:1003404	NT=Trypsin;AC=MS:1001251	NT=collision-induced dissociation;AC=MS:1000133	1	1	20230908_SG_DrugPanel_M_IT_1_3_S1-E8_2777.d.ZIP	ftp://ftp.pride.ebi.ac.uk/pride/data/archive/2025/07/PXD058294/20230908_SG_DrugPanel_M_IT_1_3_S1-E8_2777.d.ZIP	v1.1.0	NT=ms-proteomics;VV=v1.1.0	NT=dia-acquisition;VV=v1.1.0	manual curation	Vasculature
20230908_SG_DrugPanel_T_SH_1_2_S3-D2_2661.d.ZIP	homo sapiens	Vasculature	not applicable	not available	1	20230908_SG_DrugPanel_T_SH_1_2_S3-D2_2661.d.ZIP	proteomic profiling by mass spectrometry	Data-independent acquisition	NT=label free sample;AC=MS:1002038	NT=timstof ht;AC=MS:1003404	NT=Trypsin;AC=MS:1001251	NT=collision-induced dissociation;AC=MS:1000133	1	1	20230908_SG_DrugPanel_T_SH_1_2_S3-D2_2661.d.ZIP	ftp://ftp.pride.ebi.ac.uk/pride/data/archive/2025/07/PXD058294/20230908_SG_DrugPanel_T_SH_1_2_S3-D2_2661.d.ZIP	v1.1.0	NT=ms-proteomics;VV=v1.1.0	NT=dia-acquisition;VV=v1.1.0	manual curation	Vasculature
20230908_SG_DrugPanel_M_TP_0.1_2_S3-B4_2639.d.ZIP	homo sapiens	Vasculature	not applicable	not available	1	20230908_SG_DrugPanel_M_TP_0.1_2_S3-B4_2639.d.ZIP	proteomic profiling by mass spectrometry	Data-independent acquisition	NT=label free sample;AC=MS:1002038	NT=timstof ht;AC=MS:1003404	NT=Trypsin;AC=MS:1001251	NT=collision-induced dissociation;AC=MS:1000133	1	1	20230908_SG_DrugPanel_M_TP_0.1_2_S3-B4_2639.d.ZIP	ftp://ftp.pride.ebi.ac.uk/pride/data/archive/2025/07/PXD058294/20230908_SG_DrugPanel_M_TP_0.1_2_S3-B4_2639.d.ZIP	v1.1.0	NT=ms-proteomics;VV=v1.1.0	NT=dia-acquisition;VV=v1.1.0	manual curation	Vasculature
20230908_SG_DrugPanel_T3_2_S3-H6_2713.d.ZIP	homo sapiens	Vasculature	not applicable	not available	1	20230908_SG_DrugPanel_T3_2_S3-H6_2713.d.ZIP	proteomic profiling by mass spectrometry	Data-independent acquisition	NT=label free sample;AC=MS:1002038	NT=timstof ht;AC=MS:1003404	NT=Trypsin;AC=MS:1001251	NT=collision-induced dissociation;AC=MS:1000133	1	1	20230908_SG_DrugPanel_T3_2_S3-H6_2713.d.ZIP	ftp://ftp.pride.ebi.ac.uk/pride/data/archive/2025/07/PXD058294/20230908_SG_DrugPanel_T3_2_S3-H6_2713.d.ZIP	v1.1.0	NT=ms-proteomics;VV=v1.1.0	NT=dia-acquisition;VV=v1.1.0	manual curation	Vasculature
20230908_SG_DrugPanel_T_TP_10_2_S3-B10_2645.d.ZIP	homo sapiens	Vasculature	not applicable	not available	1	20230908_SG_DrugPanel_T_TP_10_2_S3-B10_2645.d.ZIP	proteomic profiling by mass spectrometry	Data-independent acquisition	NT=label free sample;AC=MS:1002038	NT=timstof ht;AC=MS:1003404	NT=Trypsin;AC=MS:1001251	NT=collision-induced dissociation;AC=MS:1000133	1	1	20230908_SG_DrugPanel_T_TP_10_2_S3-B10_2645.d.ZIP	ftp://ftp.pride.ebi.ac.uk/pride/data/archive/2025/07/PXD058294/20230908_SG_DrugPanel_T_TP_10_2_S3-B10_2645.d.ZIP	v1.1.0	NT=ms-proteomics;VV=v1.1.0	NT=dia-acquisition;VV=v1.1.0	manual curation	Vasculature
20230908_SG_DrugPanel_T_JS_100_1_S2-C10_2559.d.ZIP	homo sapiens	Vasculature	not applicable	not available	1	20230908_SG_DrugPanel_T_JS_100_1_S2-C10_2559.d.ZIP	proteomic profiling by mass spectrometry	Data-independent acquisition	NT=label free sample;AC=MS:1002038	NT=timstof ht;AC=MS:1003404	NT=Trypsin;AC=MS:1001251	NT=collision-induced dissociation;AC=MS:1000133	1	1	20230908_SG_DrugPanel_T_JS_100_1_S2-C10_2559.d.ZIP	ftp://ftp.pride.ebi.ac.uk/pride/data/archive/2025/07/PXD058294/20230908_SG_DrugPanel_T_JS_100_1_S2-C10_2559.d.ZIP	v1.1.0	NT=ms-proteomics;VV=v1.1.0	NT=dia-acquisition;VV=v1.1.0	manual curation	Vasculature
20230908_SG_DrugPanel_I_QN_10_1_S2-A11_2536.d.ZIP	homo sapiens	Vasculature	not applicable	not available	1	20230908_SG_DrugPanel_I_QN_10_1_S2-A11_2536.d.ZIP	proteomic profiling by mass spectrometry	Data-independent acquisition	NT=label free sample;AC=MS:1002038	NT=timstof ht;AC=MS:1003404	NT=Trypsin;AC=MS:1001251	NT=collision-induced dissociation;AC=MS:1000133	1	1	20230908_SG_DrugPanel_I_QN_10_1_S2-A11_2536.d.ZIP	ftp://ftp.pride.ebi.ac.uk/pride/data/archive/2025/07/PXD058294/20230908_SG_DrugPanel_I_QN_10_1_S2-A11_2536.d.ZIP	v1.1.0	NT=ms-proteomics;VV=v1.1.0	NT=dia-acquisition;VV=v1.1.0	manual curation	Vasculature
20230908_SG_DrugPanel_T_JS_10_3_S1-C6_2751.d.ZIP	homo sapiens	Vasculature	not applicable	not available	1	20230908_SG_DrugPanel_T_JS_10_3_S1-C6_2751.d.ZIP	proteomic profiling by mass spectrometry	Data-independent acquisition	NT=label free sample;AC=MS:1002038	NT=timstof ht;AC=MS:1003404	NT=Trypsin;AC=MS:1001251	NT=collision-induced dissociation;AC=MS:1000133	1	1	20230908_SG_DrugPanel_T_JS_10_3_S1-C6_2751.d.ZIP	ftp://ftp.pride.ebi.ac.uk/pride/data/archive/2025/07/PXD058294/20230908_SG_DrugPanel_T_JS_10_3_S1-C6_2751.d.ZIP	v1.1.0	NT=ms-proteomics;VV=v1.1.0	NT=dia-acquisition;VV=v1.1.0	manual curation	Vasculature
20230908_SG_DrugPanel_T1_2_S3-H4_2711.d.ZIP	homo sapiens	Vasculature	not applicable	not available	1	20230908_SG_DrugPanel_T1_2_S3-H4_2711.d.ZIP	proteomic profiling by mass spectrometry	Data-independent acquisition	NT=label free sample;AC=MS:1002038	NT=timstof ht;AC=MS:1003404	NT=Trypsin;AC=MS:1001251	NT=collision-induced dissociation;AC=MS:1000133	1	1	20230908_SG_DrugPanel_T1_2_S3-H4_2711.d.ZIP	ftp://ftp.pride.ebi.ac.uk/pride/data/archive/2025/07/PXD058294/20230908_SG_DrugPanel_T1_2_S3-H4_2711.d.ZIP	v1.1.0	NT=ms-proteomics;VV=v1.1.0	NT=dia-acquisition;VV=v1.1.0	manual curation	Vasculature
20230908_SG_DrugPanel_T_QN_10_2_S3-A10_2633.d.ZIP	homo sapiens	Vasculature	not applicable	not available	1	20230908_SG_DrugPanel_T_QN_10_2_S3-A10_2633.d.ZIP	proteomic profiling by mass spectrometry	Data-independent acquisition	NT=label free sample;AC=MS:1002038	NT=timstof ht;AC=MS:1003404	NT=Trypsin;AC=MS:1001251	NT=collision-induced dissociation;AC=MS:1000133	1	1	20230908_SG_DrugPanel_T_QN_10_2_S3-A10_2633.d.ZIP	ftp://ftp.pride.ebi.ac.uk/pride/data/archive/2025/07/PXD058294/20230908_SG_DrugPanel_T_QN_10_2_S3-A10_2633.d.ZIP	v1.1.0	NT=ms-proteomics;VV=v1.1.0	NT=dia-acquisition;VV=v1.1.0	manual curation	Vasculature
20230908_SG_DrugPanel_C_TP_0.1_2_S3-B1_2636.d.ZIP	homo sapiens	Vasculature	not applicable	not available	1	20230908_SG_DrugPanel_C_TP_0.1_2_S3-B1_2636.d.ZIP	proteomic profiling by mass spectrometry	Data-independent acquisition	NT=label free sample;AC=MS:1002038	NT=timstof ht;AC=MS:1003404	NT=Trypsin;AC=MS:1001251	NT=collision-induced dissociation;AC=MS:1000133	1	1	20230908_SG_DrugPanel_C_TP_0.1_2_S3-B1_2636.d.ZIP	ftp://ftp.pride.ebi.ac.uk/pride/data/archive/2025/07/PXD058294/20230908_SG_DrugPanel_C_TP_0.1_2_S3-B1_2636.d.ZIP	v1.1.0	NT=ms-proteomics;VV=v1.1.0	NT=dia-acquisition;VV=v1.1.0	manual curation	Vasculature
20230908_SG_DrugPanel_I_RI_0.1_1_S2-G3_2600.d.ZIP	homo sapiens	Vasculature	not applicable	not available	1	20230908_SG_DrugPanel_I_RI_0.1_1_S2-G3_2600.d.ZIP	proteomic profiling by mass spectrometry	Data-independent acquisition	NT=label free sample;AC=MS:1002038	NT=timstof ht;AC=MS:1003404	NT=Trypsin;AC=MS:1001251	NT=collision-induced dissociation;AC=MS:1000133	1	1	20230908_SG_DrugPanel_I_RI_0.1_1_S2-G3_2600.d.ZIP	ftp://ftp.pride.ebi.ac.uk/pride/data/archive/2025/07/PXD058294/20230908_SG_DrugPanel_I_RI_0.1_1_S2-G3_2600.d.ZIP	v1.1.0	NT=ms-proteomics;VV=v1.1.0	NT=dia-acquisition;VV=v1.1.0	manual curation	Vasculature
20230908_SG_DrugPanel_C_QN_1_3_S1-A5_2726.d.ZIP	homo sapiens	Vasculature	not applicable	not available	1	20230908_SG_DrugPanel_C_QN_1_3_S1-A5_2726.d.ZIP	proteomic profiling by mass spectrometry	Data-independent acquisition	NT=label free sample;AC=MS:1002038	NT=timstof ht;AC=MS:1003404	NT=Trypsin;AC=MS:1001251	NT=collision-induced dissociation;AC=MS:1000133	1	1	20230908_SG_DrugPanel_C_QN_1_3_S1-A5_2726.d.ZIP	ftp://ftp.pride.ebi.ac.uk/pride/data/archive/2025/07/PXD058294/20230908_SG_DrugPanel_C_QN_1_3_S1-A5_2726.d.ZIP	v1.1.0	NT=ms-proteomics;VV=v1.1.0	NT=dia-acquisition;VV=v1.1.0	manual curation	Vasculature
20230908_SG_DrugPanel_T_QN_0.1_3_S1-A2_2723.d.ZIP	homo sapiens	Vasculature	not applicable	not available	1	20230908_SG_DrugPanel_T_QN_0.1_3_S1-A2_2723.d.ZIP	proteomic profiling by mass spectrometry	Data-independent acquisition	NT=label free sample;AC=MS:1002038	NT=timstof ht;AC=MS:1003404	NT=Trypsin;AC=MS:1001251	NT=collision-induced dissociation;AC=MS:1000133	1	1	20230908_SG_DrugPanel_T_QN_0.1_3_S1-A2_2723.d.ZIP	ftp://ftp.pride.ebi.ac.uk/pride/data/archive/2025/07/PXD058294/20230908_SG_DrugPanel_T_QN_0.1_3_S1-A2_2723.d.ZIP	v1.1.0	NT=ms-proteomics;VV=v1.1.0	NT=dia-acquisition;VV=v1.1.0	manual curation	Vasculature
20230908_SG_DrugPanel_I_IT_0.1_1_S2-E3_2576.d.ZIP	homo sapiens	Vasculature	not applicable	not available	1	20230908_SG_DrugPanel_I_IT_0.1_1_S2-E3_2576.d.ZIP	proteomic profiling by mass spectrometry	Data-independent acquisition	NT=label free sample;AC=MS:1002038	NT=timstof ht;AC=MS:1003404	NT=Trypsin;AC=MS:1001251	NT=collision-induced dissociation;AC=MS:1000133	1	1	20230908_SG_DrugPanel_I_IT_0.1_1_S2-E3_2576.d.ZIP	ftp://ftp.pride.ebi.ac.uk/pride/data/archive/2025/07/PXD058294/20230908_SG_DrugPanel_I_IT_0.1_1_S2-E3_2576.d.ZIP	v1.1.0	NT=ms-proteomics;VV=v1.1.0	NT=dia-acquisition;VV=v1.1.0	manual curation	Vasculature
20230908_SG_DrugPanel_C_IT_0.1_3_S1-E1_2770.d.ZIP	homo sapiens	Vasculature	not applicable	not available	1	20230908_SG_DrugPanel_C_IT_0.1_3_S1-E1_2770.d.ZIP	proteomic profiling by mass spectrometry	Data-independent acquisition	NT=label free sample;AC=MS:1002038	NT=timstof ht;AC=MS:1003404	NT=Trypsin;AC=MS:1001251	NT=collision-induced dissociation;AC=MS:1000133	1	1	20230908_SG_DrugPanel_C_IT_0.1_3_S1-E1_2770.d.ZIP	ftp://ftp.pride.ebi.ac.uk/pride/data/archive/2025/07/PXD058294/20230908_SG_DrugPanel_C_IT_0.1_3_S1-E1_2770.d.ZIP	v1.1.0	NT=ms-proteomics;VV=v1.1.0	NT=dia-acquisition;VV=v1.1.0	manual curation	Vasculature
20230908_SG_DrugPanel_T_SH_10_3_S1-D6_2763.d.ZIP	homo sapiens	Vasculature	not applicable	not available	1	20230908_SG_DrugPanel_T_SH_10_3_S1-D6_2763.d.ZIP	proteomic profiling by mass spectrometry	Data-independent acquisition	NT=label free sample;AC=MS:1002038	NT=timstof ht;AC=MS:1003404	NT=Trypsin;AC=MS:1001251	NT=collision-induced dissociation;AC=MS:1000133	1	1	20230908_SG_DrugPanel_T_SH_10_3_S1-D6_2763.d.ZIP	ftp://ftp.pride.ebi.ac.uk/pride/data/archive/2025/07/PXD058294/20230908_SG_DrugPanel_T_SH_10_3_S1-D6_2763.d.ZIP	v1.1.0	NT=ms-proteomics;VV=v1.1.0	NT=dia-acquisition;VV=v1.1.0	manual curation	Vasculature
20230908_SG_DrugPanel_M_JS_100_3_S1-C12_2757.d.ZIP	homo sapiens	Vasculature	not applicable	not available	1	20230908_SG_DrugPanel_M_JS_100_3_S1-C12_2757.d.ZIP	proteomic profiling by mass spectrometry	Data-independent acquisition	NT=label free sample;AC=MS:1002038	NT=timstof ht;AC=MS:1003404	NT=Trypsin;AC=MS:1001251	NT=collision-induced dissociation;AC=MS:1000133	1	1	20230908_SG_DrugPanel_M_JS_100_3_S1-C12_2757.d.ZIP	ftp://ftp.pride.ebi.ac.uk/pride/data/archive/2025/07/PXD058294/20230908_SG_DrugPanel_M_JS_100_3_S1-C12_2757.d.ZIP	v1.1.0	NT=ms-proteomics;VV=v1.1.0	NT=dia-acquisition;VV=v1.1.0	manual curation	Vasculature
20230908_SG_DrugPanel_I1_3_S1-H7_2812.d.ZIP	homo sapiens	Vasculature	not applicable	not available	1	20230908_SG_DrugPanel_I1_3_S1-H7_2812.d.ZIP	proteomic profiling by mass spectrometry	Data-independent acquisition	NT=label free sample;AC=MS:1002038	NT=timstof ht;AC=MS:1003404	NT=Trypsin;AC=MS:1001251	NT=collision-induced dissociation;AC=MS:1000133	1	1	20230908_SG_DrugPanel_I1_3_S1-H7_2812.d.ZIP	ftp://ftp.pride.ebi.ac.uk/pride/data/archive/2025/07/PXD058294/20230908_SG_DrugPanel_I1_3_S1-H7_2812.d.ZIP	v1.1.0	NT=ms-proteomics;VV=v1.1.0	NT=dia-acquisition;VV=v1.1.0	manual curation	Vasculature
20230908_SG_DrugPanel_C_RI_10_2_S3-G9_2704.d.ZIP	homo sapiens	Vasculature	not applicable	not available	1	20230908_SG_DrugPanel_C_RI_10_2_S3-G9_2704.d.ZIP	proteomic profiling by mass spectrometry	Data-independent acquisition	NT=label free sample;AC=MS:1002038	NT=timstof ht;AC=MS:1003404	NT=Trypsin;AC=MS:1001251	NT=collision-induced dissociation;AC=MS:1000133	1	1	20230908_SG_DrugPanel_C_RI_10_2_S3-G9_2704.d.ZIP	ftp://ftp.pride.ebi.ac.uk/pride/data/archive/2025/07/PXD058294/20230908_SG_DrugPanel_C_RI_10_2_S3-G9_2704.d.ZIP	v1.1.0	NT=ms-proteomics;VV=v1.1.0	NT=dia-acquisition;VV=v1.1.0	manual curation	Vasculature
20230908_SG_DrugPanel_C3_3_S1-H3_2808.d.ZIP	homo sapiens	Vasculature	not applicable	not available	1	20230908_SG_DrugPanel_C3_3_S1-H3_2808.d.ZIP	proteomic profiling by mass spectrometry	Data-independent acquisition	NT=label free sample;AC=MS:1002038	NT=timstof ht;AC=MS:1003404	NT=Trypsin;AC=MS:1001251	NT=collision-induced dissociation;AC=MS:1000133	1	1	20230908_SG_DrugPanel_C3_3_S1-H3_2808.d.ZIP	ftp://ftp.pride.ebi.ac.uk/pride/data/archive/2025/07/PXD058294/20230908_SG_DrugPanel_C3_3_S1-H3_2808.d.ZIP	v1.1.0	NT=ms-proteomics;VV=v1.1.0	NT=dia-acquisition;VV=v1.1.0	manual curation	Vasculature
20230908_SG_DrugPanel_M_JS_10_1_S2-C8_2557.d.ZIP	homo sapiens	Vasculature	not applicable	not available	1	20230908_SG_DrugPanel_M_JS_10_1_S2-C8_2557.d.ZIP	proteomic profiling by mass spectrometry	Data-independent acquisition	NT=label free sample;AC=MS:1002038	NT=timstof ht;AC=MS:1003404	NT=Trypsin;AC=MS:1001251	NT=collision-induced dissociation;AC=MS:1000133	1	1	20230908_SG_DrugPanel_M_JS_10_1_S2-C8_2557.d.ZIP	ftp://ftp.pride.ebi.ac.uk/pride/data/archive/2025/07/PXD058294/20230908_SG_DrugPanel_M_JS_10_1_S2-C8_2557.d.ZIP	v1.1.0	NT=ms-proteomics;VV=v1.1.0	NT=dia-acquisition;VV=v1.1.0	manual curation	Vasculature
20230908_SG_DrugPanel_M_JS_10_1_S2-C4_2553.d.ZIP	homo sapiens	Vasculature	not applicable	not available	1	20230908_SG_DrugPanel_M_JS_10_1_S2-C4_2553.d.ZIP	proteomic profiling by mass spectrometry	Data-independent acquisition	NT=label free sample;AC=MS:1002038	NT=timstof ht;AC=MS:1003404	NT=Trypsin;AC=MS:1001251	NT=collision-induced dissociation;AC=MS:1000133	1	1	20230908_SG_DrugPanel_M_JS_10_1_S2-C4_2553.d.ZIP	ftp://ftp.pride.ebi.ac.uk/pride/data/archive/2025/07/PXD058294/20230908_SG_DrugPanel_M_JS_10_1_S2-C4_2553.d.ZIP	v1.1.0	NT=ms-proteomics;VV=v1.1.0	NT=dia-acquisition;VV=v1.1.0	manual curation	Vasculature
20230908_SG_DrugPanel_C_QN_1_2_S3-A5_2628.d.ZIP	homo sapiens	Vasculature	not applicable	not available	1	20230908_SG_DrugPanel_C_QN_1_2_S3-A5_2628.d.ZIP	proteomic profiling by mass spectrometry	Data-independent acquisition	NT=label free sample;AC=MS:1002038	NT=timstof ht;AC=MS:1003404	NT=Trypsin;AC=MS:1001251	NT=collision-induced dissociation;AC=MS:1000133	1	1	20230908_SG_DrugPanel_C_QN_1_2_S3-A5_2628.d.ZIP	ftp://ftp.pride.ebi.ac.uk/pride/data/archive/2025/07/PXD058294/20230908_SG_DrugPanel_C_QN_1_2_S3-A5_2628.d.ZIP	v1.1.0	NT=ms-proteomics;VV=v1.1.0	NT=dia-acquisition;VV=v1.1.0	manual curation	Vasculature
20230908_SG_DrugPanel_M_TP_10_2_S3-B12_2647.d.ZIP	homo sapiens	Vasculature	not applicable	not available	1	20230908_SG_DrugPanel_M_TP_10_2_S3-B12_2647.d.ZIP	proteomic profiling by mass spectrometry	Data-independent acquisition	NT=label free sample;AC=MS:1002038	NT=timstof ht;AC=MS:1003404	NT=Trypsin;AC=MS:1001251	NT=collision-induced dissociation;AC=MS:1000133	1	1	20230908_SG_DrugPanel_M_TP_10_2_S3-B12_2647.d.ZIP	ftp://ftp.pride.ebi.ac.uk/pride/data/archive/2025/07/PXD058294/20230908_SG_DrugPanel_M_TP_10_2_S3-B12_2647.d.ZIP	v1.1.0	NT=ms-proteomics;VV=v1.1.0	NT=dia-acquisition;VV=v1.1.0	manual curation	Vasculature
20230908_SG_DrugPanel_M_AS_0.1_3_S1-F4_2785.d.ZIP	homo sapiens	Vasculature	not applicable	not available	1	20230908_SG_DrugPanel_M_AS_0.1_3_S1-F4_2785.d.ZIP	proteomic profiling by mass spectrometry	Data-independent acquisition	NT=label free sample;AC=MS:1002038	NT=timstof ht;AC=MS:1003404	NT=Trypsin;AC=MS:1001251	NT=collision-induced dissociation;AC=MS:1000133	1	1	20230908_SG_DrugPanel_M_AS_0.1_3_S1-F4_2785.d.ZIP	ftp://ftp.pride.ebi.ac.uk/pride/data/archive/2025/07/PXD058294/20230908_SG_DrugPanel_M_AS_0.1_3_S1-F4_2785.d.ZIP	v1.1.0	NT=ms-proteomics;VV=v1.1.0	NT=dia-acquisition;VV=v1.1.0	manual curation	Vasculature
20230908_SG_DrugPanel_M1_1_S2-H10_2619.d.ZIP	homo sapiens	Vasculature	not applicable	not available	1	20230908_SG_DrugPanel_M1_1_S2-H10_2619.d.ZIP	proteomic profiling by mass spectrometry	Data-independent acquisition	NT=label free sample;AC=MS:1002038	NT=timstof ht;AC=MS:1003404	NT=Trypsin;AC=MS:1001251	NT=collision-induced dissociation;AC=MS:1000133	1	1	20230908_SG_DrugPanel_M1_1_S2-H10_2619.d.ZIP	ftp://ftp.pride.ebi.ac.uk/pride/data/archive/2025/07/PXD058294/20230908_SG_DrugPanel_M1_1_S2-H10_2619.d.ZIP	v1.1.0	NT=ms-proteomics;VV=v1.1.0	NT=dia-acquisition;VV=v1.1.0	manual curation	Vasculature
20230908_SG_DrugPanel_C_AS_1_2_S3-F5_2688.d.ZIP	homo sapiens	Vasculature	not applicable	not available	1	20230908_SG_DrugPanel_C_AS_1_2_S3-F5_2688.d.ZIP	proteomic profiling by mass spectrometry	Data-independent acquisition	NT=label free sample;AC=MS:1002038	NT=timstof ht;AC=MS:1003404	NT=Trypsin;AC=MS:1001251	NT=collision-induced dissociation;AC=MS:1000133	1	1	20230908_SG_DrugPanel_C_AS_1_2_S3-F5_2688.d.ZIP	ftp://ftp.pride.ebi.ac.uk/pride/data/archive/2025/07/PXD058294/20230908_SG_DrugPanel_C_AS_1_2_S3-F5_2688.d.ZIP	v1.1.0	NT=ms-proteomics;VV=v1.1.0	NT=dia-acquisition;VV=v1.1.0	manual curation	Vasculature
20230908_SG_DrugPanel_T_TP_10_3_S1-B10_2743.d.ZIP	homo sapiens	Vasculature	not applicable	not available	1	20230908_SG_DrugPanel_T_TP_10_3_S1-B10_2743.d.ZIP	proteomic profiling by mass spectrometry	Data-independent acquisition	NT=label free sample;AC=MS:1002038	NT=timstof ht;AC=MS:1003404	NT=Trypsin;AC=MS:1001251	NT=collision-induced dissociation;AC=MS:1000133	1	1	20230908_SG_DrugPanel_T_TP_10_3_S1-B10_2743.d.ZIP	ftp://ftp.pride.ebi.ac.uk/pride/data/archive/2025/07/PXD058294/20230908_SG_DrugPanel_T_TP_10_3_S1-B10_2743.d.ZIP	v1.1.0	NT=ms-proteomics;VV=v1.1.0	NT=dia-acquisition;VV=v1.1.0	manual curation	Vasculature
20230908_SG_DrugPanel_I_TP_10_2_S3-B11_2646.d.ZIP	homo sapiens	Vasculature	not applicable	not available	1	20230908_SG_DrugPanel_I_TP_10_2_S3-B11_2646.d.ZIP	proteomic profiling by mass spectrometry	Data-independent acquisition	NT=label free sample;AC=MS:1002038	NT=timstof ht;AC=MS:1003404	NT=Trypsin;AC=MS:1001251	NT=collision-induced dissociation;AC=MS:1000133	1	1	20230908_SG_DrugPanel_I_TP_10_2_S3-B11_2646.d.ZIP	ftp://ftp.pride.ebi.ac.uk/pride/data/archive/2025/07/PXD058294/20230908_SG_DrugPanel_I_TP_10_2_S3-B11_2646.d.ZIP	v1.1.0	NT=ms-proteomics;VV=v1.1.0	NT=dia-acquisition;VV=v1.1.0	manual curation	Vasculature
20230908_SG_DrugPanel_T_IT_10_2_S3-E10_2681.d.ZIP	homo sapiens	Vasculature	not applicable	not available	1	20230908_SG_DrugPanel_T_IT_10_2_S3-E10_2681.d.ZIP	proteomic profiling by mass spectrometry	Data-independent acquisition	NT=label free sample;AC=MS:1002038	NT=timstof ht;AC=MS:1003404	NT=Trypsin;AC=MS:1001251	NT=collision-induced dissociation;AC=MS:1000133	1	1	20230908_SG_DrugPanel_T_IT_10_2_S3-E10_2681.d.ZIP	ftp://ftp.pride.ebi.ac.uk/pride/data/archive/2025/07/PXD058294/20230908_SG_DrugPanel_T_IT_10_2_S3-E10_2681.d.ZIP	v1.1.0	NT=ms-proteomics;VV=v1.1.0	NT=dia-acquisition;VV=v1.1.0	manual curation	Vasculature
20230908_SG_DrugPanel_T_SH_10_1_S2-D6_2567.d.ZIP	homo sapiens	Vasculature	not applicable	not available	1	20230908_SG_DrugPanel_T_SH_10_1_S2-D6_2567.d.ZIP	proteomic profiling by mass spectrometry	Data-independent acquisition	NT=label free sample;AC=MS:1002038	NT=timstof ht;AC=MS:1003404	NT=Trypsin;AC=MS:1001251	NT=collision-induced dissociation;AC=MS:1000133	1	1	20230908_SG_DrugPanel_T_SH_10_1_S2-D6_2567.d.ZIP	ftp://ftp.pride.ebi.ac.uk/pride/data/archive/2025/07/PXD058294/20230908_SG_DrugPanel_T_SH_10_1_S2-D6_2567.d.ZIP	v1.1.0	NT=ms-proteomics;VV=v1.1.0	NT=dia-acquisition;VV=v1.1.0	manual curation	Vasculature
230908_SG_DrugPanel_I_TP_10_3_RR_S2-B2_2834.d.ZIP	homo sapiens	Vasculature	not applicable	not available	1	230908_SG_DrugPanel_I_TP_10_3_RR_S2-B2_2834.d.ZIP	proteomic profiling by mass spectrometry	Data-independent acquisition	NT=label free sample;AC=MS:1002038	NT=timstof ht;AC=MS:1003404	NT=Trypsin;AC=MS:1001251	NT=collision-induced dissociation;AC=MS:1000133	1	1	230908_SG_DrugPanel_I_TP_10_3_RR_S2-B2_2834.d.ZIP	ftp://ftp.pride.ebi.ac.uk/pride/data/archive/2025/07/PXD058294/230908_SG_DrugPanel_I_TP_10_3_RR_S2-B2_2834.d.ZIP	v1.1.0	NT=ms-proteomics;VV=v1.1.0	NT=dia-acquisition;VV=v1.1.0	manual curation	Vasculature
20230908_SG_DrugPanel_C_IT_10_2_S3-E9_2680.d.ZIP	homo sapiens	Vasculature	not applicable	not available	1	20230908_SG_DrugPanel_C_IT_10_2_S3-E9_2680.d.ZIP	proteomic profiling by mass spectrometry	Data-independent acquisition	NT=label free sample;AC=MS:1002038	NT=timstof ht;AC=MS:1003404	NT=Trypsin;AC=MS:1001251	NT=collision-induced dissociation;AC=MS:1000133	1	1	20230908_SG_DrugPanel_C_IT_10_2_S3-E9_2680.d.ZIP	ftp://ftp.pride.ebi.ac.uk/pride/data/archive/2025/07/PXD058294/20230908_SG_DrugPanel_C_IT_10_2_S3-E9_2680.d.ZIP	v1.1.0	NT=ms-proteomics;VV=v1.1.0	NT=dia-acquisition;VV=v1.1.0	manual curation	Vasculature
230908_SG_DrugPanel_T2_2_RR_S2-A12_2832.d.ZIP	homo sapiens	Vasculature	not applicable	not available	1	230908_SG_DrugPanel_T2_2_RR_S2-A12_2832.d.ZIP	proteomic profiling by mass spectrometry	Data-independent acquisition	NT=label free sample;AC=MS:1002038	NT=timstof ht;AC=MS:1003404	NT=Trypsin;AC=MS:1001251	NT=collision-induced dissociation;AC=MS:1000133	1	1	230908_SG_DrugPanel_T2_2_RR_S2-A12_2832.d.ZIP	ftp://ftp.pride.ebi.ac.uk/pride/data/archive/2025/07/PXD058294/230908_SG_DrugPanel_T2_2_RR_S2-A12_2832.d.ZIP	v1.1.0	NT=ms-proteomics;VV=v1.1.0	NT=dia-acquisition;VV=v1.1.0	manual curation	Vasculature
20230908_SG_DrugPanel_C_IT_10_1_S2-E9_2582.d.ZIP	homo sapiens	Vasculature	not applicable	not available	1	20230908_SG_DrugPanel_C_IT_10_1_S2-E9_2582.d.ZIP	proteomic profiling by mass spectrometry	Data-independent acquisition	NT=label free sample;AC=MS:1002038	NT=timstof ht;AC=MS:1003404	NT=Trypsin;AC=MS:1001251	NT=collision-induced dissociation;AC=MS:1000133	1	1	20230908_SG_DrugPanel_C_IT_10_1_S2-E9_2582.d.ZIP	ftp://ftp.pride.ebi.ac.uk/pride/data/archive/2025/07/PXD058294/20230908_SG_DrugPanel_C_IT_10_1_S2-E9_2582.d.ZIP	v1.1.0	NT=ms-proteomics;VV=v1.1.0	NT=dia-acquisition;VV=v1.1.0	manual curation	Vasculature
20230908_SG_DrugPanel_M_AS_1_1_S2-F8_2593.d.ZIP	homo sapiens	Vasculature	not applicable	not available	1	20230908_SG_DrugPanel_M_AS_1_1_S2-F8_2593.d.ZIP	proteomic profiling by mass spectrometry	Data-independent acquisition	NT=label free sample;AC=MS:1002038	NT=timstof ht;AC=MS:1003404	NT=Trypsin;AC=MS:1001251	NT=collision-induced dissociation;AC=MS:1000133	1	1	20230908_SG_DrugPanel_M_AS_1_1_S2-F8_2593.d.ZIP	ftp://ftp.pride.ebi.ac.uk/pride/data/archive/2025/07/PXD058294/20230908_SG_DrugPanel_M_AS_1_1_S2-F8_2593.d.ZIP	v1.1.0	NT=ms-proteomics;VV=v1.1.0	NT=dia-acquisition;VV=v1.1.0	manual curation	Vasculature
20230908_SG_DrugPanel_M_QN_0.1_1_S2-A4_2529.d.ZIP	homo sapiens	Vasculature	not applicable	not available	1	20230908_SG_DrugPanel_M_QN_0.1_1_S2-A4_2529.d.ZIP	proteomic profiling by mass spectrometry	Data-independent acquisition	NT=label free sample;AC=MS:1002038	NT=timstof ht;AC=MS:1003404	NT=Trypsin;AC=MS:1001251	NT=collision-induced dissociation;AC=MS:1000133	1	1	20230908_SG_DrugPanel_M_QN_0.1_1_S2-A4_2529.d.ZIP	ftp://ftp.pride.ebi.ac.uk/pride/data/archive/2025/07/PXD058294/20230908_SG_DrugPanel_M_QN_0.1_1_S2-A4_2529.d.ZIP	v1.1.0	NT=ms-proteomics;VV=v1.1.0	NT=dia-acquisition;VV=v1.1.0	manual curation	Vasculature
20230908_SG_DrugPanel_I1_2_S3-H7_2714.d.ZIP	homo sapiens	Vasculature	not applicable	not available	1	20230908_SG_DrugPanel_I1_2_S3-H7_2714.d.ZIP	proteomic profiling by mass spectrometry	Data-independent acquisition	NT=label free sample;AC=MS:1002038	NT=timstof ht;AC=MS:1003404	NT=Trypsin;AC=MS:1001251	NT=collision-induced dissociation;AC=MS:1000133	1	1	20230908_SG_DrugPanel_I1_2_S3-H7_2714.d.ZIP	ftp://ftp.pride.ebi.ac.uk/pride/data/archive/2025/07/PXD058294/20230908_SG_DrugPanel_I1_2_S3-H7_2714.d.ZIP	v1.1.0	NT=ms-proteomics;VV=v1.1.0	NT=dia-acquisition;VV=v1.1.0	manual curation	Vasculature
20230908_SG_DrugPanel_M2_1_S2-H11_2620.d.ZIP	homo sapiens	Vasculature	not applicable	not available	1	20230908_SG_DrugPanel_M2_1_S2-H11_2620.d.ZIP	proteomic profiling by mass spectrometry	Data-independent acquisition	NT=label free sample;AC=MS:1002038	NT=timstof ht;AC=MS:1003404	NT=Trypsin;AC=MS:1001251	NT=collision-induced dissociation;AC=MS:1000133	1	1	20230908_SG_DrugPanel_M2_1_S2-H11_2620.d.ZIP	ftp://ftp.pride.ebi.ac.uk/pride/data/archive/2025/07/PXD058294/20230908_SG_DrugPanel_M2_1_S2-H11_2620.d.ZIP	v1.1.0	NT=ms-proteomics;VV=v1.1.0	NT=dia-acquisition;VV=v1.1.0	manual curation	Vasculature
20230908_SG_DrugPanel_I_TP_10_1_S2-B11_2548.d.ZIP	homo sapiens	Vasculature	not applicable	not available	1	20230908_SG_DrugPanel_I_TP_10_1_S2-B11_2548.d.ZIP	proteomic profiling by mass spectrometry	Data-independent acquisition	NT=label free sample;AC=MS:1002038	NT=timstof ht;AC=MS:1003404	NT=Trypsin;AC=MS:1001251	NT=collision-induced dissociation;AC=MS:1000133	1	1	20230908_SG_DrugPanel_I_TP_10_1_S2-B11_2548.d.ZIP	ftp://ftp.pride.ebi.ac.uk/pride/data/archive/2025/07/PXD058294/20230908_SG_DrugPanel_I_TP_10_1_S2-B11_2548.d.ZIP	v1.1.0	NT=ms-proteomics;VV=v1.1.0	NT=dia-acquisition;VV=v1.1.0	manual curation	Vasculature
20230908_SG_DrugPanel_M2_2_S3-H11_2718.d.ZIP	homo sapiens	Vasculature	not applicable	not available	1	20230908_SG_DrugPanel_M2_2_S3-H11_2718.d.ZIP	proteomic profiling by mass spectrometry	Data-independent acquisition	NT=label free sample;AC=MS:1002038	NT=timstof ht;AC=MS:1003404	NT=Trypsin;AC=MS:1001251	NT=collision-induced dissociation;AC=MS:1000133	1	1	20230908_SG_DrugPanel_M2_2_S3-H11_2718.d.ZIP	ftp://ftp.pride.ebi.ac.uk/pride/data/archive/2025/07/PXD058294/20230908_SG_DrugPanel_M2_2_S3-H11_2718.d.ZIP	v1.1.0	NT=ms-proteomics;VV=v1.1.0	NT=dia-acquisition;VV=v1.1.0	manual curation	Vasculature
20230908_SG_DrugPanel_T_AS_1_3_S1-F6_2787.d.ZIP	homo sapiens	Vasculature	not applicable	not available	1	20230908_SG_DrugPanel_T_AS_1_3_S1-F6_2787.d.ZIP	proteomic profiling by mass spectrometry	Data-independent acquisition	NT=label free sample;AC=MS:1002038	NT=timstof ht;AC=MS:1003404	NT=Trypsin;AC=MS:1001251	NT=collision-induced dissociation;AC=MS:1000133	1	1	20230908_SG_DrugPanel_T_AS_1_3_S1-F6_2787.d.ZIP	ftp://ftp.pride.ebi.ac.uk/pride/data/archive/2025/07/PXD058294/20230908_SG_DrugPanel_T_AS_1_3_S1-F6_2787.d.ZIP	v1.1.0	NT=ms-proteomics;VV=v1.1.0	NT=dia-acquisition;VV=v1.1.0	manual curation	Vasculature
20230908_SG_DrugPanel_C_AS_0.1_2_S3-F1_2684.d.ZIP	homo sapiens	Vasculature	not applicable	not available	1	20230908_SG_DrugPanel_C_AS_0.1_2_S3-F1_2684.d.ZIP	proteomic profiling by mass spectrometry	Data-independent acquisition	NT=label free sample;AC=MS:1002038	NT=timstof ht;AC=MS:1003404	NT=Trypsin;AC=MS:1001251	NT=collision-induced dissociation;AC=MS:1000133	1	1	20230908_SG_DrugPanel_C_AS_0.1_2_S3-F1_2684.d.ZIP	ftp://ftp.pride.ebi.ac.uk/pride/data/archive/2025/07/PXD058294/20230908_SG_DrugPanel_C_AS_0.1_2_S3-F1_2684.d.ZIP	v1.1.0	NT=ms-proteomics;VV=v1.1.0	NT=dia-acquisition;VV=v1.1.0	manual curation	Vasculature
20230908_SG_DrugPanel_T_AS_1_1_S2-F6_2591.d.ZIP	homo sapiens	Vasculature	not applicable	not available	1	20230908_SG_DrugPanel_T_AS_1_1_S2-F6_2591.d.ZIP	proteomic profiling by mass spectrometry	Data-independent acquisition	NT=label free sample;AC=MS:1002038	NT=timstof ht;AC=MS:1003404	NT=Trypsin;AC=MS:1001251	NT=collision-induced dissociation;AC=MS:1000133	1	1	20230908_SG_DrugPanel_T_AS_1_1_S2-F6_2591.d.ZIP	ftp://ftp.pride.ebi.ac.uk/pride/data/archive/2025/07/PXD058294/20230908_SG_DrugPanel_T_AS_1_1_S2-F6_2591.d.ZIP	v1.1.0	NT=ms-proteomics;VV=v1.1.0	NT=dia-acquisition;VV=v1.1.0	manual curation	Vasculature
20230908_SG_DrugPanel_M_IT_10_1_S2-E12_2585.d.ZIP	homo sapiens	Vasculature	not applicable	not available	1	20230908_SG_DrugPanel_M_IT_10_1_S2-E12_2585.d.ZIP	proteomic profiling by mass spectrometry	Data-independent acquisition	NT=label free sample;AC=MS:1002038	NT=timstof ht;AC=MS:1003404	NT=Trypsin;AC=MS:1001251	NT=collision-induced dissociation;AC=MS:1000133	1	1	20230908_SG_DrugPanel_M_IT_10_1_S2-E12_2585.d.ZIP	ftp://ftp.pride.ebi.ac.uk/pride/data/archive/2025/07/PXD058294/20230908_SG_DrugPanel_M_IT_10_1_S2-E12_2585.d.ZIP	v1.1.0	NT=ms-proteomics;VV=v1.1.0	NT=dia-acquisition;VV=v1.1.0	manual curation	Vasculature
20230908_SG_DrugPanel_T_IT_1_2_S3-E6_2677.d.ZIP	homo sapiens	Vasculature	not applicable	not available	1	20230908_SG_DrugPanel_T_IT_1_2_S3-E6_2677.d.ZIP	proteomic profiling by mass spectrometry	Data-independent acquisition	NT=label free sample;AC=MS:1002038	NT=timstof ht;AC=MS:1003404	NT=Trypsin;AC=MS:1001251	NT=collision-induced dissociation;AC=MS:1000133	1	1	20230908_SG_DrugPanel_T_IT_1_2_S3-E6_2677.d.ZIP	ftp://ftp.pride.ebi.ac.uk/pride/data/archive/2025/07/PXD058294/20230908_SG_DrugPanel_T_IT_1_2_S3-E6_2677.d.ZIP	v1.1.0	NT=ms-proteomics;VV=v1.1.0	NT=dia-acquisition;VV=v1.1.0	manual curation	Vasculature
20230908_SG_DrugPanel_M1_2_S3-H10_2717.d.ZIP	homo sapiens	Vasculature	not applicable	not available	1	20230908_SG_DrugPanel_M1_2_S3-H10_2717.d.ZIP	proteomic profiling by mass spectrometry	Data-independent acquisition	NT=label free sample;AC=MS:1002038	NT=timstof ht;AC=MS:1003404	NT=Trypsin;AC=MS:1001251	NT=collision-induced dissociation;AC=MS:1000133	1	1	20230908_SG_DrugPanel_M1_2_S3-H10_2717.d.ZIP	ftp://ftp.pride.ebi.ac.uk/pride/data/archive/2025/07/PXD058294/20230908_SG_DrugPanel_M1_2_S3-H10_2717.d.ZIP	v1.1.0	NT=ms-proteomics;VV=v1.1.0	NT=dia-acquisition;VV=v1.1.0	manual curation	Vasculature
20230908_SG_DrugPanel_T_SH_100_2_S3-D10_2669.d.ZIP	homo sapiens	Vasculature	not applicable	not available	1	20230908_SG_DrugPanel_T_SH_100_2_S3-D10_2669.d.ZIP	proteomic profiling by mass spectrometry	Data-independent acquisition	NT=label free sample;AC=MS:1002038	NT=timstof ht;AC=MS:1003404	NT=Trypsin;AC=MS:1001251	NT=collision-induced dissociation;AC=MS:1000133	1	1	20230908_SG_DrugPanel_T_SH_100_2_S3-D10_2669.d.ZIP	ftp://ftp.pride.ebi.ac.uk/pride/data/archive/2025/07/PXD058294/20230908_SG_DrugPanel_T_SH_100_2_S3-D10_2669.d.ZIP	v1.1.0	NT=ms-proteomics;VV=v1.1.0	NT=dia-acquisition;VV=v1.1.0	manual curation	Vasculature
20230908_SG_DrugPanel_M_JS_10_3_S1-C8_2753.d.ZIP	homo sapiens	Vasculature	not applicable	not available	1	20230908_SG_DrugPanel_M_JS_10_3_S1-C8_2753.d.ZIP	proteomic profiling by mass spectrometry	Data-independent acquisition	NT=label free sample;AC=MS:1002038	NT=timstof ht;AC=MS:1003404	NT=Trypsin;AC=MS:1001251	NT=collision-induced dissociation;AC=MS:1000133	1	1	20230908_SG_DrugPanel_M_JS_10_3_S1-C8_2753.d.ZIP	ftp://ftp.pride.ebi.ac.uk/pride/data/archive/2025/07/PXD058294/20230908_SG_DrugPanel_M_JS_10_3_S1-C8_2753.d.ZIP	v1.1.0	NT=ms-proteomics;VV=v1.1.0	NT=dia-acquisition;VV=v1.1.0	manual curation	Vasculature
20230908_SG_DrugPanel_C_AS_10_3_S1-F9_2790.d.ZIP	homo sapiens	Vasculature	not applicable	not available	1	20230908_SG_DrugPanel_C_AS_10_3_S1-F9_2790.d.ZIP	proteomic profiling by mass spectrometry	Data-independent acquisition	NT=label free sample;AC=MS:1002038	NT=timstof ht;AC=MS:1003404	NT=Trypsin;AC=MS:1001251	NT=collision-induced dissociation;AC=MS:1000133	1	1	20230908_SG_DrugPanel_C_AS_10_3_S1-F9_2790.d.ZIP	ftp://ftp.pride.ebi.ac.uk/pride/data/archive/2025/07/PXD058294/20230908_SG_DrugPanel_C_AS_10_3_S1-F9_2790.d.ZIP	v1.1.0	NT=ms-proteomics;VV=v1.1.0	NT=dia-acquisition;VV=v1.1.0	manual curation	Vasculature
20230908_SG_DrugPanel_T_JS_100_2_S3-C10_2657.d.ZIP	homo sapiens	Vasculature	not applicable	not available	1	20230908_SG_DrugPanel_T_JS_100_2_S3-C10_2657.d.ZIP	proteomic profiling by mass spectrometry	Data-independent acquisition	NT=label free sample;AC=MS:1002038	NT=timstof ht;AC=MS:1003404	NT=Trypsin;AC=MS:1001251	NT=collision-induced dissociation;AC=MS:1000133	1	1	20230908_SG_DrugPanel_T_JS_100_2_S3-C10_2657.d.ZIP	ftp://ftp.pride.ebi.ac.uk/pride/data/archive/2025/07/PXD058294/20230908_SG_DrugPanel_T_JS_100_2_S3-C10_2657.d.ZIP	v1.1.0	NT=ms-proteomics;VV=v1.1.0	NT=dia-acquisition;VV=v1.1.0	manual curation	Vasculature
20230908_SG_DrugPanel_M_AS_0.1_1_S2-F4_2589.d.ZIP	homo sapiens	Vasculature	not applicable	not available	1	20230908_SG_DrugPanel_M_AS_0.1_1_S2-F4_2589.d.ZIP	proteomic profiling by mass spectrometry	Data-independent acquisition	NT=label free sample;AC=MS:1002038	NT=timstof ht;AC=MS:1003404	NT=Trypsin;AC=MS:1001251	NT=collision-induced dissociation;AC=MS:1000133	1	1	20230908_SG_DrugPanel_M_AS_0.1_1_S2-F4_2589.d.ZIP	ftp://ftp.pride.ebi.ac.uk/pride/data/archive/2025/07/PXD058294/20230908_SG_DrugPanel_M_AS_0.1_1_S2-F4_2589.d.ZIP	v1.1.0	NT=ms-proteomics;VV=v1.1.0	NT=dia-acquisition;VV=v1.1.0	manual curation	Vasculature
20230908_SG_DrugPanel_T_TP_1_2_S3-B6_2641.d.ZIP	homo sapiens	Vasculature	not applicable	not available	1	20230908_SG_DrugPanel_T_TP_1_2_S3-B6_2641.d.ZIP	proteomic profiling by mass spectrometry	Data-independent acquisition	NT=label free sample;AC=MS:1002038	NT=timstof ht;AC=MS:1003404	NT=Trypsin;AC=MS:1001251	NT=collision-induced dissociation;AC=MS:1000133	1	1	20230908_SG_DrugPanel_T_TP_1_2_S3-B6_2641.d.ZIP	ftp://ftp.pride.ebi.ac.uk/pride/data/archive/2025/07/PXD058294/20230908_SG_DrugPanel_T_TP_1_2_S3-B6_2641.d.ZIP	v1.1.0	NT=ms-proteomics;VV=v1.1.0	NT=dia-acquisition;VV=v1.1.0	manual curation	Vasculature
20230908_SG_DrugPanel_I_RI_0.1_2_S3-G3_2698.d.ZIP	homo sapiens	Vasculature	not applicable	not available	1	20230908_SG_DrugPanel_I_RI_0.1_2_S3-G3_2698.d.ZIP	proteomic profiling by mass spectrometry	Data-independent acquisition	NT=label free sample;AC=MS:1002038	NT=timstof ht;AC=MS:1003404	NT=Trypsin;AC=MS:1001251	NT=collision-induced dissociation;AC=MS:1000133	1	1	20230908_SG_DrugPanel_I_RI_0.1_2_S3-G3_2698.d.ZIP	ftp://ftp.pride.ebi.ac.uk/pride/data/archive/2025/07/PXD058294/20230908_SG_DrugPanel_I_RI_0.1_2_S3-G3_2698.d.ZIP	v1.1.0	NT=ms-proteomics;VV=v1.1.0	NT=dia-acquisition;VV=v1.1.0	manual curation	Vasculature
20230908_SG_DrugPanel_I_IT_1_1_S2-E7_2580.d.ZIP	homo sapiens	Vasculature	not applicable	not available	1	20230908_SG_DrugPanel_I_IT_1_1_S2-E7_2580.d.ZIP	proteomic profiling by mass spectrometry	Data-independent acquisition	NT=label free sample;AC=MS:1002038	NT=timstof ht;AC=MS:1003404	NT=Trypsin;AC=MS:1001251	NT=collision-induced dissociation;AC=MS:1000133	1	1	20230908_SG_DrugPanel_I_IT_1_1_S2-E7_2580.d.ZIP	ftp://ftp.pride.ebi.ac.uk/pride/data/archive/2025/07/PXD058294/20230908_SG_DrugPanel_I_IT_1_1_S2-E7_2580.d.ZIP	v1.1.0	NT=ms-proteomics;VV=v1.1.0	NT=dia-acquisition;VV=v1.1.0	manual curation	Vasculature
20230908_SG_DrugPanel_I_SH_100_2_S3-D11_2670.d.ZIP	homo sapiens	Vasculature	not applicable	not available	1	20230908_SG_DrugPanel_I_SH_100_2_S3-D11_2670.d.ZIP	proteomic profiling by mass spectrometry	Data-independent acquisition	NT=label free sample;AC=MS:1002038	NT=timstof ht;AC=MS:1003404	NT=Trypsin;AC=MS:1001251	NT=collision-induced dissociation;AC=MS:1000133	1	1	20230908_SG_DrugPanel_I_SH_100_2_S3-D11_2670.d.ZIP	ftp://ftp.pride.ebi.ac.uk/pride/data/archive/2025/07/PXD058294/20230908_SG_DrugPanel_I_SH_100_2_S3-D11_2670.d.ZIP	v1.1.0	NT=ms-proteomics;VV=v1.1.0	NT=dia-acquisition;VV=v1.1.0	manual curation	Vasculature
20230908_SG_DrugPanel_M_RI_0.1_1_S2-G4_2601.d.ZIP	homo sapiens	Vasculature	not applicable	not available	1	20230908_SG_DrugPanel_M_RI_0.1_1_S2-G4_2601.d.ZIP	proteomic profiling by mass spectrometry	Data-independent acquisition	NT=label free sample;AC=MS:1002038	NT=timstof ht;AC=MS:1003404	NT=Trypsin;AC=MS:1001251	NT=collision-induced dissociation;AC=MS:1000133	1	1	20230908_SG_DrugPanel_M_RI_0.1_1_S2-G4_2601.d.ZIP	ftp://ftp.pride.ebi.ac.uk/pride/data/archive/2025/07/PXD058294/20230908_SG_DrugPanel_M_RI_0.1_1_S2-G4_2601.d.ZIP	v1.1.0	NT=ms-proteomics;VV=v1.1.0	NT=dia-acquisition;VV=v1.1.0	manual curation	Vasculature
20230908_SG_DrugPanel_C_TP_10_1_S2-B9_2546.d.ZIP	homo sapiens	Vasculature	not applicable	not available	1	20230908_SG_DrugPanel_C_TP_10_1_S2-B9_2546.d.ZIP	proteomic profiling by mass spectrometry	Data-independent acquisition	NT=label free sample;AC=MS:1002038	NT=timstof ht;AC=MS:1003404	NT=Trypsin;AC=MS:1001251	NT=collision-induced dissociation;AC=MS:1000133	1	1	20230908_SG_DrugPanel_C_TP_10_1_S2-B9_2546.d.ZIP	ftp://ftp.pride.ebi.ac.uk/pride/data/archive/2025/07/PXD058294/20230908_SG_DrugPanel_C_TP_10_1_S2-B9_2546.d.ZIP	v1.1.0	NT=ms-proteomics;VV=v1.1.0	NT=dia-acquisition;VV=v1.1.0	manual curation	Vasculature
20230908_SG_DrugPanel_T_IT_1_3_S1-E6_2775.d.ZIP	homo sapiens	Vasculature	not applicable	not available	1	20230908_SG_DrugPanel_T_IT_1_3_S1-E6_2775.d.ZIP	proteomic profiling by mass spectrometry	Data-independent acquisition	NT=label free sample;AC=MS:1002038	NT=timstof ht;AC=MS:1003404	NT=Trypsin;AC=MS:1001251	NT=collision-induced dissociation;AC=MS:1000133	1	1	20230908_SG_DrugPanel_T_IT_1_3_S1-E6_2775.d.ZIP	ftp://ftp.pride.ebi.ac.uk/pride/data/archive/2025/07/PXD058294/20230908_SG_DrugPanel_T_IT_1_3_S1-E6_2775.d.ZIP	v1.1.0	NT=ms-proteomics;VV=v1.1.0	NT=dia-acquisition;VV=v1.1.0	manual curation	Vasculature
20230908_SG_DrugPanel_T_QN_1_2_S3-A6_2629.d.ZIP	homo sapiens	Vasculature	not applicable	not available	1	20230908_SG_DrugPanel_T_QN_1_2_S3-A6_2629.d.ZIP	proteomic profiling by mass spectrometry	Data-independent acquisition	NT=label free sample;AC=MS:1002038	NT=timstof ht;AC=MS:1003404	NT=Trypsin;AC=MS:1001251	NT=collision-induced dissociation;AC=MS:1000133	1	1	20230908_SG_DrugPanel_T_QN_1_2_S3-A6_2629.d.ZIP	ftp://ftp.pride.ebi.ac.uk/pride/data/archive/2025/07/PXD058294/20230908_SG_DrugPanel_T_QN_1_2_S3-A6_2629.d.ZIP	v1.1.0	NT=ms-proteomics;VV=v1.1.0	NT=dia-acquisition;VV=v1.1.0	manual curation	Vasculature
20230908_SG_DrugPanel_C1_3_S1-H1_2806.d.ZIP	homo sapiens	Vasculature	not applicable	not available	1	20230908_SG_DrugPanel_C1_3_S1-H1_2806.d.ZIP	proteomic profiling by mass spectrometry	Data-independent acquisition	NT=label free sample;AC=MS:1002038	NT=timstof ht;AC=MS:1003404	NT=Trypsin;AC=MS:1001251	NT=collision-induced dissociation;AC=MS:1000133	1	1	20230908_SG_DrugPanel_C1_3_S1-H1_2806.d.ZIP	ftp://ftp.pride.ebi.ac.uk/pride/data/archive/2025/07/PXD058294/20230908_SG_DrugPanel_C1_3_S1-H1_2806.d.ZIP	v1.1.0	NT=ms-proteomics;VV=v1.1.0	NT=dia-acquisition;VV=v1.1.0	manual curation	Vasculature
20230908_SG_DrugPanel_T_QN_0.1_2_S3-A2_2625.d.ZIP	homo sapiens	Vasculature	not applicable	not available	1	20230908_SG_DrugPanel_T_QN_0.1_2_S3-A2_2625.d.ZIP	proteomic profiling by mass spectrometry	Data-independent acquisition	NT=label free sample;AC=MS:1002038	NT=timstof ht;AC=MS:1003404	NT=Trypsin;AC=MS:1001251	NT=collision-induced dissociation;AC=MS:1000133	1	1	20230908_SG_DrugPanel_T_QN_0.1_2_S3-A2_2625.d.ZIP	ftp://ftp.pride.ebi.ac.uk/pride/data/archive/2025/07/PXD058294/20230908_SG_DrugPanel_T_QN_0.1_2_S3-A2_2625.d.ZIP	v1.1.0	NT=ms-proteomics;VV=v1.1.0	NT=dia-acquisition;VV=v1.1.0	manual curation	Vasculature
20230908_SG_DrugPanel_I_AS_0.1_1_S2-F3_2588.d.ZIP	homo sapiens	Vasculature	not applicable	not available	1	20230908_SG_DrugPanel_I_AS_0.1_1_S2-F3_2588.d.ZIP	proteomic profiling by mass spectrometry	Data-independent acquisition	NT=label free sample;AC=MS:1002038	NT=timstof ht;AC=MS:1003404	NT=Trypsin;AC=MS:1001251	NT=collision-induced dissociation;AC=MS:1000133	1	1	20230908_SG_DrugPanel_I_AS_0.1_1_S2-F3_2588.d.ZIP	ftp://ftp.pride.ebi.ac.uk/pride/data/archive/2025/07/PXD058294/20230908_SG_DrugPanel_I_AS_0.1_1_S2-F3_2588.d.ZIP	v1.1.0	NT=ms-proteomics;VV=v1.1.0	NT=dia-acquisition;VV=v1.1.0	manual curation	Vasculature
20230908_SG_DrugPanel_C_SH_1_3_S1-D1_2758.d.ZIP	homo sapiens	Vasculature	not applicable	not available	1	20230908_SG_DrugPanel_C_SH_1_3_S1-D1_2758.d.ZIP	proteomic profiling by mass spectrometry	Data-independent acquisition	NT=label free sample;AC=MS:1002038	NT=timstof ht;AC=MS:1003404	NT=Trypsin;AC=MS:1001251	NT=collision-induced dissociation;AC=MS:1000133	1	1	20230908_SG_DrugPanel_C_SH_1_3_S1-D1_2758.d.ZIP	ftp://ftp.pride.ebi.ac.uk/pride/data/archive/2025/07/PXD058294/20230908_SG_DrugPanel_C_SH_1_3_S1-D1_2758.d.ZIP	v1.1.0	NT=ms-proteomics;VV=v1.1.0	NT=dia-acquisition;VV=v1.1.0	manual curation	Vasculature
20230908_SG_DrugPanel_C_SH_100_3_S1-D9_2766.d.ZIP	homo sapiens	Vasculature	not applicable	not available	1	20230908_SG_DrugPanel_C_SH_100_3_S1-D9_2766.d.ZIP	proteomic profiling by mass spectrometry	Data-independent acquisition	NT=label free sample;AC=MS:1002038	NT=timstof ht;AC=MS:1003404	NT=Trypsin;AC=MS:1001251	NT=collision-induced dissociation;AC=MS:1000133	1	1	20230908_SG_DrugPanel_C_SH_100_3_S1-D9_2766.d.ZIP	ftp://ftp.pride.ebi.ac.uk/pride/data/archive/2025/07/PXD058294/20230908_SG_DrugPanel_C_SH_100_3_S1-D9_2766.d.ZIP	v1.1.0	NT=ms-proteomics;VV=v1.1.0	NT=dia-acquisition;VV=v1.1.0	manual curation	Vasculature
20230908_SG_DrugPanel_C3_1_S2-H3_2612.d.ZIP	homo sapiens	Vasculature	not applicable	not available	1	20230908_SG_DrugPanel_C3_1_S2-H3_2612.d.ZIP	proteomic profiling by mass spectrometry	Data-independent acquisition	NT=label free sample;AC=MS:1002038	NT=timstof ht;AC=MS:1003404	NT=Trypsin;AC=MS:1001251	NT=collision-induced dissociation;AC=MS:1000133	1	1	20230908_SG_DrugPanel_C3_1_S2-H3_2612.d.ZIP	ftp://ftp.pride.ebi.ac.uk/pride/data/archive/2025/07/PXD058294/20230908_SG_DrugPanel_C3_1_S2-H3_2612.d.ZIP	v1.1.0	NT=ms-proteomics;VV=v1.1.0	NT=dia-acquisition;VV=v1.1.0	manual curation	Vasculature
20230908_SG_DrugPanel_I_RI_0.1_3_S1-G3_2796.d.ZIP	homo sapiens	Vasculature	not applicable	not available	1	20230908_SG_DrugPanel_I_RI_0.1_3_S1-G3_2796.d.ZIP	proteomic profiling by mass spectrometry	Data-independent acquisition	NT=label free sample;AC=MS:1002038	NT=timstof ht;AC=MS:1003404	NT=Trypsin;AC=MS:1001251	NT=collision-induced dissociation;AC=MS:1000133	1	1	20230908_SG_DrugPanel_I_RI_0.1_3_S1-G3_2796.d.ZIP	ftp://ftp.pride.ebi.ac.uk/pride/data/archive/2025/07/PXD058294/20230908_SG_DrugPanel_I_RI_0.1_3_S1-G3_2796.d.ZIP	v1.1.0	NT=ms-proteomics;VV=v1.1.0	NT=dia-acquisition;VV=v1.1.0	manual curation	Vasculature
20230908_SG_DrugPanel_T_JS_10_3_S1-C2_2747.d.ZIP	homo sapiens	Vasculature	not applicable	not available	1	20230908_SG_DrugPanel_T_JS_10_3_S1-C2_2747.d.ZIP	proteomic profiling by mass spectrometry	Data-independent acquisition	NT=label free sample;AC=MS:1002038	NT=timstof ht;AC=MS:1003404	NT=Trypsin;AC=MS:1001251	NT=collision-induced dissociation;AC=MS:1000133	1	1	20230908_SG_DrugPanel_T_JS_10_3_S1-C2_2747.d.ZIP	ftp://ftp.pride.ebi.ac.uk/pride/data/archive/2025/07/PXD058294/20230908_SG_DrugPanel_T_JS_10_3_S1-C2_2747.d.ZIP	v1.1.0	NT=ms-proteomics;VV=v1.1.0	NT=dia-acquisition;VV=v1.1.0	manual curation	Vasculature
20230908_SG_DrugPanel_C_RI_0.1_1_S2-G1_2598.d.ZIP	homo sapiens	Vasculature	not applicable	not available	1	20230908_SG_DrugPanel_C_RI_0.1_1_S2-G1_2598.d.ZIP	proteomic profiling by mass spectrometry	Data-independent acquisition	NT=label free sample;AC=MS:1002038	NT=timstof ht;AC=MS:1003404	NT=Trypsin;AC=MS:1001251	NT=collision-induced dissociation;AC=MS:1000133	1	1	20230908_SG_DrugPanel_C_RI_0.1_1_S2-G1_2598.d.ZIP	ftp://ftp.pride.ebi.ac.uk/pride/data/archive/2025/07/PXD058294/20230908_SG_DrugPanel_C_RI_0.1_1_S2-G1_2598.d.ZIP	v1.1.0	NT=ms-proteomics;VV=v1.1.0	NT=dia-acquisition;VV=v1.1.0	manual curation	Vasculature
20230908_SG_DrugPanel_T_RI_1_2_S3-G6_2701.d.ZIP	homo sapiens	Vasculature	not applicable	not available	1	20230908_SG_DrugPanel_T_RI_1_2_S3-G6_2701.d.ZIP	proteomic profiling by mass spectrometry	Data-independent acquisition	NT=label free sample;AC=MS:1002038	NT=timstof ht;AC=MS:1003404	NT=Trypsin;AC=MS:1001251	NT=collision-induced dissociation;AC=MS:1000133	1	1	20230908_SG_DrugPanel_T_RI_1_2_S3-G6_2701.d.ZIP	ftp://ftp.pride.ebi.ac.uk/pride/data/archive/2025/07/PXD058294/20230908_SG_DrugPanel_T_RI_1_2_S3-G6_2701.d.ZIP	v1.1.0	NT=ms-proteomics;VV=v1.1.0	NT=dia-acquisition;VV=v1.1.0	manual curation	Vasculature
20230908_SG_DrugPanel_I_AS_1_2_S3-F7_2690.d.ZIP	homo sapiens	Vasculature	not applicable	not available	1	20230908_SG_DrugPanel_I_AS_1_2_S3-F7_2690.d.ZIP	proteomic profiling by mass spectrometry	Data-independent acquisition	NT=label free sample;AC=MS:1002038	NT=timstof ht;AC=MS:1003404	NT=Trypsin;AC=MS:1001251	NT=collision-induced dissociation;AC=MS:1000133	1	1	20230908_SG_DrugPanel_I_AS_1_2_S3-F7_2690.d.ZIP	ftp://ftp.pride.ebi.ac.uk/pride/data/archive/2025/07/PXD058294/20230908_SG_DrugPanel_I_AS_1_2_S3-F7_2690.d.ZIP	v1.1.0	NT=ms-proteomics;VV=v1.1.0	NT=dia-acquisition;VV=v1.1.0	manual curation	Vasculature
20230908_SG_DrugPanel_I_TP_0.1_1_S2-B3_2540.d.ZIP	homo sapiens	Vasculature	not applicable	not available	1	20230908_SG_DrugPanel_I_TP_0.1_1_S2-B3_2540.d.ZIP	proteomic profiling by mass spectrometry	Data-independent acquisition	NT=label free sample;AC=MS:1002038	NT=timstof ht;AC=MS:1003404	NT=Trypsin;AC=MS:1001251	NT=collision-induced dissociation;AC=MS:1000133	1	1	20230908_SG_DrugPanel_I_TP_0.1_1_S2-B3_2540.d.ZIP	ftp://ftp.pride.ebi.ac.uk/pride/data/archive/2025/07/PXD058294/20230908_SG_DrugPanel_I_TP_0.1_1_S2-B3_2540.d.ZIP	v1.1.0	NT=ms-proteomics;VV=v1.1.0	NT=dia-acquisition;VV=v1.1.0	manual curation	Vasculature
20230908_SG_DrugPanel_M_JS_10_3_S1-C4_2749.d.ZIP	homo sapiens	Vasculature	not applicable	not available	1	20230908_SG_DrugPanel_M_JS_10_3_S1-C4_2749.d.ZIP	proteomic profiling by mass spectrometry	Data-independent acquisition	NT=label free sample;AC=MS:1002038	NT=timstof ht;AC=MS:1003404	NT=Trypsin;AC=MS:1001251	NT=collision-induced dissociation;AC=MS:1000133	1	1	20230908_SG_DrugPanel_M_JS_10_3_S1-C4_2749.d.ZIP	ftp://ftp.pride.ebi.ac.uk/pride/data/archive/2025/07/PXD058294/20230908_SG_DrugPanel_M_JS_10_3_S1-C4_2749.d.ZIP	v1.1.0	NT=ms-proteomics;VV=v1.1.0	NT=dia-acquisition;VV=v1.1.0	manual curation	Vasculature
20230908_SG_DrugPanel_I_IT_1_3_S1-E7_2776.d.ZIP	homo sapiens	Vasculature	not applicable	not available	1	20230908_SG_DrugPanel_I_IT_1_3_S1-E7_2776.d.ZIP	proteomic profiling by mass spectrometry	Data-independent acquisition	NT=label free sample;AC=MS:1002038	NT=timstof ht;AC=MS:1003404	NT=Trypsin;AC=MS:1001251	NT=collision-induced dissociation;AC=MS:1000133	1	1	20230908_SG_DrugPanel_I_IT_1_3_S1-E7_2776.d.ZIP	ftp://ftp.pride.ebi.ac.uk/pride/data/archive/2025/07/PXD058294/20230908_SG_DrugPanel_I_IT_1_3_S1-E7_2776.d.ZIP	v1.1.0	NT=ms-proteomics;VV=v1.1.0	NT=dia-acquisition;VV=v1.1.0	manual curation	Vasculature
20230908_SG_DrugPanel_M_RI_10_2_S3-G12_2707.d.ZIP	homo sapiens	Vasculature	not applicable	not available	1	20230908_SG_DrugPanel_M_RI_10_2_S3-G12_2707.d.ZIP	proteomic profiling by mass spectrometry	Data-independent acquisition	NT=label free sample;AC=MS:1002038	NT=timstof ht;AC=MS:1003404	NT=Trypsin;AC=MS:1001251	NT=collision-induced dissociation;AC=MS:1000133	1	1	20230908_SG_DrugPanel_M_RI_10_2_S3-G12_2707.d.ZIP	ftp://ftp.pride.ebi.ac.uk/pride/data/archive/2025/07/PXD058294/20230908_SG_DrugPanel_M_RI_10_2_S3-G12_2707.d.ZIP	v1.1.0	NT=ms-proteomics;VV=v1.1.0	NT=dia-acquisition;VV=v1.1.0	manual curation	Vasculature
20230908_SG_DrugPanel_T_IT_0.1_3_S1-E2_2771.d.ZIP	homo sapiens	Vasculature	not applicable	not available	1	20230908_SG_DrugPanel_T_IT_0.1_3_S1-E2_2771.d.ZIP	proteomic profiling by mass spectrometry	Data-independent acquisition	NT=label free sample;AC=MS:1002038	NT=timstof ht;AC=MS:1003404	NT=Trypsin;AC=MS:1001251	NT=collision-induced dissociation;AC=MS:1000133	1	1	20230908_SG_DrugPanel_T_IT_0.1_3_S1-E2_2771.d.ZIP	ftp://ftp.pride.ebi.ac.uk/pride/data/archive/2025/07/PXD058294/20230908_SG_DrugPanel_T_IT_0.1_3_S1-E2_2771.d.ZIP	v1.1.0	NT=ms-proteomics;VV=v1.1.0	NT=dia-acquisition;VV=v1.1.0	manual curation	Vasculature
20230908_SG_DrugPanel_I_JS_10_2_S3-C3_2650.d.ZIP	homo sapiens	Vasculature	not applicable	not available	1	20230908_SG_DrugPanel_I_JS_10_2_S3-C3_2650.d.ZIP	proteomic profiling by mass spectrometry	Data-independent acquisition	NT=label free sample;AC=MS:1002038	NT=timstof ht;AC=MS:1003404	NT=Trypsin;AC=MS:1001251	NT=collision-induced dissociation;AC=MS:1000133	1	1	20230908_SG_DrugPanel_I_JS_10_2_S3-C3_2650.d.ZIP	ftp://ftp.pride.ebi.ac.uk/pride/data/archive/2025/07/PXD058294/20230908_SG_DrugPanel_I_JS_10_2_S3-C3_2650.d.ZIP	v1.1.0	NT=ms-proteomics;VV=v1.1.0	NT=dia-acquisition;VV=v1.1.0	manual curation	Vasculature
20230908_SG_DrugPanel_M_JS_100_1_S2-C12_2561.d.ZIP	homo sapiens	Vasculature	not applicable	not available	1	20230908_SG_DrugPanel_M_JS_100_1_S2-C12_2561.d.ZIP	proteomic profiling by mass spectrometry	Data-independent acquisition	NT=label free sample;AC=MS:1002038	NT=timstof ht;AC=MS:1003404	NT=Trypsin;AC=MS:1001251	NT=collision-induced dissociation;AC=MS:1000133	1	1	20230908_SG_DrugPanel_M_JS_100_1_S2-C12_2561.d.ZIP	ftp://ftp.pride.ebi.ac.uk/pride/data/archive/2025/07/PXD058294/20230908_SG_DrugPanel_M_JS_100_1_S2-C12_2561.d.ZIP	v1.1.0	NT=ms-proteomics;VV=v1.1.0	NT=dia-acquisition;VV=v1.1.0	manual curation	Vasculature
20230908_SG_DrugPanel_T_AS_10_1_S2-F10_2595.d.ZIP	homo sapiens	Vasculature	not applicable	not available	1	20230908_SG_DrugPanel_T_AS_10_1_S2-F10_2595.d.ZIP	proteomic profiling by mass spectrometry	Data-independent acquisition	NT=label free sample;AC=MS:1002038	NT=timstof ht;AC=MS:1003404	NT=Trypsin;AC=MS:1001251	NT=collision-induced dissociation;AC=MS:1000133	1	1	20230908_SG_DrugPanel_T_AS_10_1_S2-F10_2595.d.ZIP	ftp://ftp.pride.ebi.ac.uk/pride/data/archive/2025/07/PXD058294/20230908_SG_DrugPanel_T_AS_10_1_S2-F10_2595.d.ZIP	v1.1.0	NT=ms-proteomics;VV=v1.1.0	NT=dia-acquisition;VV=v1.1.0	manual curation	Vasculature
20230908_SG_DrugPanel_C_QN_0.1_2_S3-A1_2624.d.ZIP	homo sapiens	Vasculature	not applicable	not available	1	20230908_SG_DrugPanel_C_QN_0.1_2_S3-A1_2624.d.ZIP	proteomic profiling by mass spectrometry	Data-independent acquisition	NT=label free sample;AC=MS:1002038	NT=timstof ht;AC=MS:1003404	NT=Trypsin;AC=MS:1001251	NT=collision-induced dissociation;AC=MS:1000133	1	1	20230908_SG_DrugPanel_C_QN_0.1_2_S3-A1_2624.d.ZIP	ftp://ftp.pride.ebi.ac.uk/pride/data/archive/2025/07/PXD058294/20230908_SG_DrugPanel_C_QN_0.1_2_S3-A1_2624.d.ZIP	v1.1.0	NT=ms-proteomics;VV=v1.1.0	NT=dia-acquisition;VV=v1.1.0	manual curation	Vasculature
20230908_SG_DrugPanel_I_TP_0.1_2_S3-B3_2638.d.ZIP	homo sapiens	Vasculature	not applicable	not available	1	20230908_SG_DrugPanel_I_TP_0.1_2_S3-B3_2638.d.ZIP	proteomic profiling by mass spectrometry	Data-independent acquisition	NT=label free sample;AC=MS:1002038	NT=timstof ht;AC=MS:1003404	NT=Trypsin;AC=MS:1001251	NT=collision-induced dissociation;AC=MS:1000133	1	1	20230908_SG_DrugPanel_I_TP_0.1_2_S3-B3_2638.d.ZIP	ftp://ftp.pride.ebi.ac.uk/pride/data/archive/2025/07/PXD058294/20230908_SG_DrugPanel_I_TP_0.1_2_S3-B3_2638.d.ZIP	v1.1.0	NT=ms-proteomics;VV=v1.1.0	NT=dia-acquisition;VV=v1.1.0	manual curation	Vasculature
20230908_SG_DrugPanel_I_JS_10_3_S1-C3_2748.d.ZIP	homo sapiens	Vasculature	not applicable	not available	1	20230908_SG_DrugPanel_I_JS_10_3_S1-C3_2748.d.ZIP	proteomic profiling by mass spectrometry	Data-independent acquisition	NT=label free sample;AC=MS:1002038	NT=timstof ht;AC=MS:1003404	NT=Trypsin;AC=MS:1001251	NT=collision-induced dissociation;AC=MS:1000133	1	1	20230908_SG_DrugPanel_I_JS_10_3_S1-C3_2748.d.ZIP	ftp://ftp.pride.ebi.ac.uk/pride/data/archive/2025/07/PXD058294/20230908_SG_DrugPanel_I_JS_10_3_S1-C3_2748.d.ZIP	v1.1.0	NT=ms-proteomics;VV=v1.1.0	NT=dia-acquisition;VV=v1.1.0	manual curation	Vasculature
20230908_SG_DrugPanel_C_RI_10_3_S1-G9_2802.d.ZIP	homo sapiens	Vasculature	not applicable	not available	1	20230908_SG_DrugPanel_C_RI_10_3_S1-G9_2802.d.ZIP	proteomic profiling by mass spectrometry	Data-independent acquisition	NT=label free sample;AC=MS:1002038	NT=timstof ht;AC=MS:1003404	NT=Trypsin;AC=MS:1001251	NT=collision-induced dissociation;AC=MS:1000133	1	1	20230908_SG_DrugPanel_C_RI_10_3_S1-G9_2802.d.ZIP	ftp://ftp.pride.ebi.ac.uk/pride/data/archive/2025/07/PXD058294/20230908_SG_DrugPanel_C_RI_10_3_S1-G9_2802.d.ZIP	v1.1.0	NT=ms-proteomics;VV=v1.1.0	NT=dia-acquisition;VV=v1.1.0	manual curation	Vasculature
20230908_SG_DrugPanel_C_SH_1_1_S2-D1_2562.d.ZIP	homo sapiens	Vasculature	not applicable	not available	1	20230908_SG_DrugPanel_C_SH_1_1_S2-D1_2562.d.ZIP	proteomic profiling by mass spectrometry	Data-independent acquisition	NT=label free sample;AC=MS:1002038	NT=timstof ht;AC=MS:1003404	NT=Trypsin;AC=MS:1001251	NT=collision-induced dissociation;AC=MS:1000133	1	1	20230908_SG_DrugPanel_C_SH_1_1_S2-D1_2562.d.ZIP	ftp://ftp.pride.ebi.ac.uk/pride/data/archive/2025/07/PXD058294/20230908_SG_DrugPanel_C_SH_1_1_S2-D1_2562.d.ZIP	v1.1.0	NT=ms-proteomics;VV=v1.1.0	NT=dia-acquisition;VV=v1.1.0	manual curation	Vasculature
20230908_SG_DrugPanel_I_AS_10_1_S2-F11_2596.d.ZIP	homo sapiens	Vasculature	not applicable	not available	1	20230908_SG_DrugPanel_I_AS_10_1_S2-F11_2596.d.ZIP	proteomic profiling by mass spectrometry	Data-independent acquisition	NT=label free sample;AC=MS:1002038	NT=timstof ht;AC=MS:1003404	NT=Trypsin;AC=MS:1001251	NT=collision-induced dissociation;AC=MS:1000133	1	1	20230908_SG_DrugPanel_I_AS_10_1_S2-F11_2596.d.ZIP	ftp://ftp.pride.ebi.ac.uk/pride/data/archive/2025/07/PXD058294/20230908_SG_DrugPanel_I_AS_10_1_S2-F11_2596.d.ZIP	v1.1.0	NT=ms-proteomics;VV=v1.1.0	NT=dia-acquisition;VV=v1.1.0	manual curation	Vasculature
20230908_SG_DrugPanel_C_SH_10_1_S2-D5_2566.d.ZIP	homo sapiens	Vasculature	not applicable	not available	1	20230908_SG_DrugPanel_C_SH_10_1_S2-D5_2566.d.ZIP	proteomic profiling by mass spectrometry	Data-independent acquisition	NT=label free sample;AC=MS:1002038	NT=timstof ht;AC=MS:1003404	NT=Trypsin;AC=MS:1001251	NT=collision-induced dissociation;AC=MS:1000133	1	1	20230908_SG_DrugPanel_C_SH_10_1_S2-D5_2566.d.ZIP	ftp://ftp.pride.ebi.ac.uk/pride/data/archive/2025/07/PXD058294/20230908_SG_DrugPanel_C_SH_10_1_S2-D5_2566.d.ZIP	v1.1.0	NT=ms-proteomics;VV=v1.1.0	NT=dia-acquisition;VV=v1.1.0	manual curation	Vasculature
20230908_SG_DrugPanel_C_IT_1_1_S2-E5_2578.d.ZIP	homo sapiens	Vasculature	not applicable	not available	1	20230908_SG_DrugPanel_C_IT_1_1_S2-E5_2578.d.ZIP	proteomic profiling by mass spectrometry	Data-independent acquisition	NT=label free sample;AC=MS:1002038	NT=timstof ht;AC=MS:1003404	NT=Trypsin;AC=MS:1001251	NT=collision-induced dissociation;AC=MS:1000133	1	1	20230908_SG_DrugPanel_C_IT_1_1_S2-E5_2578.d.ZIP	ftp://ftp.pride.ebi.ac.uk/pride/data/archive/2025/07/PXD058294/20230908_SG_DrugPanel_C_IT_1_1_S2-E5_2578.d.ZIP	v1.1.0	NT=ms-proteomics;VV=v1.1.0	NT=dia-acquisition;VV=v1.1.0	manual curation	Vasculature
20230908_SG_DrugPanel_C_TP_1_1_S2-B5_2542.d.ZIP	homo sapiens	Vasculature	not applicable	not available	1	20230908_SG_DrugPanel_C_TP_1_1_S2-B5_2542.d.ZIP	proteomic profiling by mass spectrometry	Data-independent acquisition	NT=label free sample;AC=MS:1002038	NT=timstof ht;AC=MS:1003404	NT=Trypsin;AC=MS:1001251	NT=collision-induced dissociation;AC=MS:1000133	1	1	20230908_SG_DrugPanel_C_TP_1_1_S2-B5_2542.d.ZIP	ftp://ftp.pride.ebi.ac.uk/pride/data/archive/2025/07/PXD058294/20230908_SG_DrugPanel_C_TP_1_1_S2-B5_2542.d.ZIP	v1.1.0	NT=ms-proteomics;VV=v1.1.0	NT=dia-acquisition;VV=v1.1.0	manual curation	Vasculature
20230908_SG_DrugPanel_I_JS_10_3_S1-C7_2752.d.ZIP	homo sapiens	Vasculature	not applicable	not available	1	20230908_SG_DrugPanel_I_JS_10_3_S1-C7_2752.d.ZIP	proteomic profiling by mass spectrometry	Data-independent acquisition	NT=label free sample;AC=MS:1002038	NT=timstof ht;AC=MS:1003404	NT=Trypsin;AC=MS:1001251	NT=collision-induced dissociation;AC=MS:1000133	1	1	20230908_SG_DrugPanel_I_JS_10_3_S1-C7_2752.d.ZIP	ftp://ftp.pride.ebi.ac.uk/pride/data/archive/2025/07/PXD058294/20230908_SG_DrugPanel_I_JS_10_3_S1-C7_2752.d.ZIP	v1.1.0	NT=ms-proteomics;VV=v1.1.0	NT=dia-acquisition;VV=v1.1.0	manual curation	Vasculature
20230908_SG_DrugPanel_I_IT_10_2_S3-E11_2682.d.ZIP	homo sapiens	Vasculature	not applicable	not available	1	20230908_SG_DrugPanel_I_IT_10_2_S3-E11_2682.d.ZIP	proteomic profiling by mass spectrometry	Data-independent acquisition	NT=label free sample;AC=MS:1002038	NT=timstof ht;AC=MS:1003404	NT=Trypsin;AC=MS:1001251	NT=collision-induced dissociation;AC=MS:1000133	1	1	20230908_SG_DrugPanel_I_IT_10_2_S3-E11_2682.d.ZIP	ftp://ftp.pride.ebi.ac.uk/pride/data/archive/2025/07/PXD058294/20230908_SG_DrugPanel_I_IT_10_2_S3-E11_2682.d.ZIP	v1.1.0	NT=ms-proteomics;VV=v1.1.0	NT=dia-acquisition;VV=v1.1.0	manual curation	Vasculature
20230908_SG_DrugPanel_C_JS_10_2_S3-C1_2648.d.ZIP	homo sapiens	Vasculature	not applicable	not available	1	20230908_SG_DrugPanel_C_JS_10_2_S3-C1_2648.d.ZIP	proteomic profiling by mass spectrometry	Data-independent acquisition	NT=label free sample;AC=MS:1002038	NT=timstof ht;AC=MS:1003404	NT=Trypsin;AC=MS:1001251	NT=collision-induced dissociation;AC=MS:1000133	1	1	20230908_SG_DrugPanel_C_JS_10_2_S3-C1_2648.d.ZIP	ftp://ftp.pride.ebi.ac.uk/pride/data/archive/2025/07/PXD058294/20230908_SG_DrugPanel_C_JS_10_2_S3-C1_2648.d.ZIP	v1.1.0	NT=ms-proteomics;VV=v1.1.0	NT=dia-acquisition;VV=v1.1.0	manual curation	Vasculature
20230908_SG_DrugPanel_I_QN_1_2_S3-A7_2630.d.ZIP	homo sapiens	Vasculature	not applicable	not available	1	20230908_SG_DrugPanel_I_QN_1_2_S3-A7_2630.d.ZIP	proteomic profiling by mass spectrometry	Data-independent acquisition	NT=label free sample;AC=MS:1002038	NT=timstof ht;AC=MS:1003404	NT=Trypsin;AC=MS:1001251	NT=collision-induced dissociation;AC=MS:1000133	1	1	20230908_SG_DrugPanel_I_QN_1_2_S3-A7_2630.d.ZIP	ftp://ftp.pride.ebi.ac.uk/pride/data/archive/2025/07/PXD058294/20230908_SG_DrugPanel_I_QN_1_2_S3-A7_2630.d.ZIP	v1.1.0	NT=ms-proteomics;VV=v1.1.0	NT=dia-acquisition;VV=v1.1.0	manual curation	Vasculature
20230908_SG_DrugPanel_I_RI_10_2_S3-G11_2706.d.ZIP	homo sapiens	Vasculature	not applicable	not available	1	20230908_SG_DrugPanel_I_RI_10_2_S3-G11_2706.d.ZIP	proteomic profiling by mass spectrometry	Data-independent acquisition	NT=label free sample;AC=MS:1002038	NT=timstof ht;AC=MS:1003404	NT=Trypsin;AC=MS:1001251	NT=collision-induced dissociation;AC=MS:1000133	1	1	20230908_SG_DrugPanel_I_RI_10_2_S3-G11_2706.d.ZIP	ftp://ftp.pride.ebi.ac.uk/pride/data/archive/2025/07/PXD058294/20230908_SG_DrugPanel_I_RI_10_2_S3-G11_2706.d.ZIP	v1.1.0	NT=ms-proteomics;VV=v1.1.0	NT=dia-acquisition;VV=v1.1.0	manual curation	Vasculature
20230908_SG_DrugPanel_C_AS_1_1_S2-F5_2590.d.ZIP	homo sapiens	Vasculature	not applicable	not available	1	20230908_SG_DrugPanel_C_AS_1_1_S2-F5_2590.d.ZIP	proteomic profiling by mass spectrometry	Data-independent acquisition	NT=label free sample;AC=MS:1002038	NT=timstof ht;AC=MS:1003404	NT=Trypsin;AC=MS:1001251	NT=collision-induced dissociation;AC=MS:1000133	1	1	20230908_SG_DrugPanel_C_AS_1_1_S2-F5_2590.d.ZIP	ftp://ftp.pride.ebi.ac.uk/pride/data/archive/2025/07/PXD058294/20230908_SG_DrugPanel_C_AS_1_1_S2-F5_2590.d.ZIP	v1.1.0	NT=ms-proteomics;VV=v1.1.0	NT=dia-acquisition;VV=v1.1.0	manual curation	Vasculature
20230908_SG_DrugPanel_T2_3_S1-H5_2810.d.ZIP	homo sapiens	Vasculature	not applicable	not available	1	20230908_SG_DrugPanel_T2_3_S1-H5_2810.d.ZIP	proteomic profiling by mass spectrometry	Data-independent acquisition	NT=label free sample;AC=MS:1002038	NT=timstof ht;AC=MS:1003404	NT=Trypsin;AC=MS:1001251	NT=collision-induced dissociation;AC=MS:1000133	1	1	20230908_SG_DrugPanel_T2_3_S1-H5_2810.d.ZIP	ftp://ftp.pride.ebi.ac.uk/pride/data/archive/2025/07/PXD058294/20230908_SG_DrugPanel_T2_3_S1-H5_2810.d.ZIP	v1.1.0	NT=ms-proteomics;VV=v1.1.0	NT=dia-acquisition;VV=v1.1.0	manual curation	Vasculature
20230908_SG_DrugPanel_T_TP_1_1_S2-B6_2543.d.ZIP	homo sapiens	Vasculature	not applicable	not available	1	20230908_SG_DrugPanel_T_TP_1_1_S2-B6_2543.d.ZIP	proteomic profiling by mass spectrometry	Data-independent acquisition	NT=label free sample;AC=MS:1002038	NT=timstof ht;AC=MS:1003404	NT=Trypsin;AC=MS:1001251	NT=collision-induced dissociation;AC=MS:1000133	1	1	20230908_SG_DrugPanel_T_TP_1_1_S2-B6_2543.d.ZIP	ftp://ftp.pride.ebi.ac.uk/pride/data/archive/2025/07/PXD058294/20230908_SG_DrugPanel_T_TP_1_1_S2-B6_2543.d.ZIP	v1.1.0	NT=ms-proteomics;VV=v1.1.0	NT=dia-acquisition;VV=v1.1.0	manual curation	Vasculature
20230908_SG_DrugPanel_T_RI_10_3_S1-G10_2803.d.ZIP	homo sapiens	Vasculature	not applicable	not available	1	20230908_SG_DrugPanel_T_RI_10_3_S1-G10_2803.d.ZIP	proteomic profiling by mass spectrometry	Data-independent acquisition	NT=label free sample;AC=MS:1002038	NT=timstof ht;AC=MS:1003404	NT=Trypsin;AC=MS:1001251	NT=collision-induced dissociation;AC=MS:1000133	1	1	20230908_SG_DrugPanel_T_RI_10_3_S1-G10_2803.d.ZIP	ftp://ftp.pride.ebi.ac.uk/pride/data/archive/2025/07/PXD058294/20230908_SG_DrugPanel_T_RI_10_3_S1-G10_2803.d.ZIP	v1.1.0	NT=ms-proteomics;VV=v1.1.0	NT=dia-acquisition;VV=v1.1.0	manual curation	Vasculature
20230908_SG_DrugPanel_M_SH_10_3_S1-D8_2765.d.ZIP	homo sapiens	Vasculature	not applicable	not available	1	20230908_SG_DrugPanel_M_SH_10_3_S1-D8_2765.d.ZIP	proteomic profiling by mass spectrometry	Data-independent acquisition	NT=label free sample;AC=MS:1002038	NT=timstof ht;AC=MS:1003404	NT=Trypsin;AC=MS:1001251	NT=collision-induced dissociation;AC=MS:1000133	1	1	20230908_SG_DrugPanel_M_SH_10_3_S1-D8_2765.d.ZIP	ftp://ftp.pride.ebi.ac.uk/pride/data/archive/2025/07/PXD058294/20230908_SG_DrugPanel_M_SH_10_3_S1-D8_2765.d.ZIP	v1.1.0	NT=ms-proteomics;VV=v1.1.0	NT=dia-acquisition;VV=v1.1.0	manual curation	Vasculature
20230908_SG_DrugPanel_M_QN_1_3_S1-A8_2729.d.ZIP	homo sapiens	Vasculature	not applicable	not available	1	20230908_SG_DrugPanel_M_QN_1_3_S1-A8_2729.d.ZIP	proteomic profiling by mass spectrometry	Data-independent acquisition	NT=label free sample;AC=MS:1002038	NT=timstof ht;AC=MS:1003404	NT=Trypsin;AC=MS:1001251	NT=collision-induced dissociation;AC=MS:1000133	1	1	20230908_SG_DrugPanel_M_QN_1_3_S1-A8_2729.d.ZIP	ftp://ftp.pride.ebi.ac.uk/pride/data/archive/2025/07/PXD058294/20230908_SG_DrugPanel_M_QN_1_3_S1-A8_2729.d.ZIP	v1.1.0	NT=ms-proteomics;VV=v1.1.0	NT=dia-acquisition;VV=v1.1.0	manual curation	Vasculature
20230908_SG_DrugPanel_T_AS_10_2_S3-F10_2693.d.ZIP	homo sapiens	Vasculature	not applicable	not available	1	20230908_SG_DrugPanel_T_AS_10_2_S3-F10_2693.d.ZIP	proteomic profiling by mass spectrometry	Data-independent acquisition	NT=label free sample;AC=MS:1002038	NT=timstof ht;AC=MS:1003404	NT=Trypsin;AC=MS:1001251	NT=collision-induced dissociation;AC=MS:1000133	1	1	20230908_SG_DrugPanel_T_AS_10_2_S3-F10_2693.d.ZIP	ftp://ftp.pride.ebi.ac.uk/pride/data/archive/2025/07/PXD058294/20230908_SG_DrugPanel_T_AS_10_2_S3-F10_2693.d.ZIP	v1.1.0	NT=ms-proteomics;VV=v1.1.0	NT=dia-acquisition;VV=v1.1.0	manual curation	Vasculature
20230908_SG_DrugPanel_I2_2_S3-H8_2715.d.ZIP	homo sapiens	Vasculature	not applicable	not available	1	20230908_SG_DrugPanel_I2_2_S3-H8_2715.d.ZIP	proteomic profiling by mass spectrometry	Data-independent acquisition	NT=label free sample;AC=MS:1002038	NT=timstof ht;AC=MS:1003404	NT=Trypsin;AC=MS:1001251	NT=collision-induced dissociation;AC=MS:1000133	1	1	20230908_SG_DrugPanel_I2_2_S3-H8_2715.d.ZIP	ftp://ftp.pride.ebi.ac.uk/pride/data/archive/2025/07/PXD058294/20230908_SG_DrugPanel_I2_2_S3-H8_2715.d.ZIP	v1.1.0	NT=ms-proteomics;VV=v1.1.0	NT=dia-acquisition;VV=v1.1.0	manual curation	Vasculature
20230908_SG_DrugPanel_T_QN_10_3_S1-A10_2731.d.ZIP	homo sapiens	Vasculature	not applicable	not available	1	20230908_SG_DrugPanel_T_QN_10_3_S1-A10_2731.d.ZIP	proteomic profiling by mass spectrometry	Data-independent acquisition	NT=label free sample;AC=MS:1002038	NT=timstof ht;AC=MS:1003404	NT=Trypsin;AC=MS:1001251	NT=collision-induced dissociation;AC=MS:1000133	1	1	20230908_SG_DrugPanel_T_QN_10_3_S1-A10_2731.d.ZIP	ftp://ftp.pride.ebi.ac.uk/pride/data/archive/2025/07/PXD058294/20230908_SG_DrugPanel_T_QN_10_3_S1-A10_2731.d.ZIP	v1.1.0	NT=ms-proteomics;VV=v1.1.0	NT=dia-acquisition;VV=v1.1.0	manual curation	Vasculature
20230908_SG_DrugPanel_T_QN_10_1_S2-A10_2535.d.ZIP	homo sapiens	Vasculature	not applicable	not available	1	20230908_SG_DrugPanel_T_QN_10_1_S2-A10_2535.d.ZIP	proteomic profiling by mass spectrometry	Data-independent acquisition	NT=label free sample;AC=MS:1002038	NT=timstof ht;AC=MS:1003404	NT=Trypsin;AC=MS:1001251	NT=collision-induced dissociation;AC=MS:1000133	1	1	20230908_SG_DrugPanel_T_QN_10_1_S2-A10_2535.d.ZIP	ftp://ftp.pride.ebi.ac.uk/pride/data/archive/2025/07/PXD058294/20230908_SG_DrugPanel_T_QN_10_1_S2-A10_2535.d.ZIP	v1.1.0	NT=ms-proteomics;VV=v1.1.0	NT=dia-acquisition;VV=v1.1.0	manual curation	Vasculature
20230908_SG_DrugPanel_T3_3_S1-H6_2811.d.ZIP	homo sapiens	Vasculature	not applicable	not available	1	20230908_SG_DrugPanel_T3_3_S1-H6_2811.d.ZIP	proteomic profiling by mass spectrometry	Data-independent acquisition	NT=label free sample;AC=MS:1002038	NT=timstof ht;AC=MS:1003404	NT=Trypsin;AC=MS:1001251	NT=collision-induced dissociation;AC=MS:1000133	1	1	20230908_SG_DrugPanel_T3_3_S1-H6_2811.d.ZIP	ftp://ftp.pride.ebi.ac.uk/pride/data/archive/2025/07/PXD058294/20230908_SG_DrugPanel_T3_3_S1-H6_2811.d.ZIP	v1.1.0	NT=ms-proteomics;VV=v1.1.0	NT=dia-acquisition;VV=v1.1.0	manual curation	Vasculature
20230908_SG_DrugPanel_T_RI_0.1_2_S3-G2_2697.d.ZIP	homo sapiens	Vasculature	not applicable	not available	1	20230908_SG_DrugPanel_T_RI_0.1_2_S3-G2_2697.d.ZIP	proteomic profiling by mass spectrometry	Data-independent acquisition	NT=label free sample;AC=MS:1002038	NT=timstof ht;AC=MS:1003404	NT=Trypsin;AC=MS:1001251	NT=collision-induced dissociation;AC=MS:1000133	1	1	20230908_SG_DrugPanel_T_RI_0.1_2_S3-G2_2697.d.ZIP	ftp://ftp.pride.ebi.ac.uk/pride/data/archive/2025/07/PXD058294/20230908_SG_DrugPanel_T_RI_0.1_2_S3-G2_2697.d.ZIP	v1.1.0	NT=ms-proteomics;VV=v1.1.0	NT=dia-acquisition;VV=v1.1.0	manual curation	Vasculature
20230908_SG_DrugPanel_M_QN_1_1_S2-A8_2533.d.ZIP	homo sapiens	Vasculature	not applicable	not available	1	20230908_SG_DrugPanel_M_QN_1_1_S2-A8_2533.d.ZIP	proteomic profiling by mass spectrometry	Data-independent acquisition	NT=label free sample;AC=MS:1002038	NT=timstof ht;AC=MS:1003404	NT=Trypsin;AC=MS:1001251	NT=collision-induced dissociation;AC=MS:1000133	1	1	20230908_SG_DrugPanel_M_QN_1_1_S2-A8_2533.d.ZIP	ftp://ftp.pride.ebi.ac.uk/pride/data/archive/2025/07/PXD058294/20230908_SG_DrugPanel_M_QN_1_1_S2-A8_2533.d.ZIP	v1.1.0	NT=ms-proteomics;VV=v1.1.0	NT=dia-acquisition;VV=v1.1.0	manual curation	Vasculature
20230908_SG_DrugPanel_M_SH_1_1_S2-D4_2565.d.ZIP	homo sapiens	Vasculature	not applicable	not available	1	20230908_SG_DrugPanel_M_SH_1_1_S2-D4_2565.d.ZIP	proteomic profiling by mass spectrometry	Data-independent acquisition	NT=label free sample;AC=MS:1002038	NT=timstof ht;AC=MS:1003404	NT=Trypsin;AC=MS:1001251	NT=collision-induced dissociation;AC=MS:1000133	1	1	20230908_SG_DrugPanel_M_SH_1_1_S2-D4_2565.d.ZIP	ftp://ftp.pride.ebi.ac.uk/pride/data/archive/2025/07/PXD058294/20230908_SG_DrugPanel_M_SH_1_1_S2-D4_2565.d.ZIP	v1.1.0	NT=ms-proteomics;VV=v1.1.0	NT=dia-acquisition;VV=v1.1.0	manual curation	Vasculature
20230908_SG_DrugPanel_I3_2_S3-H9_2716.d.ZIP	homo sapiens	Vasculature	not applicable	not available	1	20230908_SG_DrugPanel_I3_2_S3-H9_2716.d.ZIP	proteomic profiling by mass spectrometry	Data-independent acquisition	NT=label free sample;AC=MS:1002038	NT=timstof ht;AC=MS:1003404	NT=Trypsin;AC=MS:1001251	NT=collision-induced dissociation;AC=MS:1000133	1	1	20230908_SG_DrugPanel_I3_2_S3-H9_2716.d.ZIP	ftp://ftp.pride.ebi.ac.uk/pride/data/archive/2025/07/PXD058294/20230908_SG_DrugPanel_I3_2_S3-H9_2716.d.ZIP	v1.1.0	NT=ms-proteomics;VV=v1.1.0	NT=dia-acquisition;VV=v1.1.0	manual curation	Vasculature
20230908_SG_DrugPanel_I_RI_10_3_S1-G11_2804.d.ZIP	homo sapiens	Vasculature	not applicable	not available	1	20230908_SG_DrugPanel_I_RI_10_3_S1-G11_2804.d.ZIP	proteomic profiling by mass spectrometry	Data-independent acquisition	NT=label free sample;AC=MS:1002038	NT=timstof ht;AC=MS:1003404	NT=Trypsin;AC=MS:1001251	NT=collision-induced dissociation;AC=MS:1000133	1	1	20230908_SG_DrugPanel_I_RI_10_3_S1-G11_2804.d.ZIP	ftp://ftp.pride.ebi.ac.uk/pride/data/archive/2025/07/PXD058294/20230908_SG_DrugPanel_I_RI_10_3_S1-G11_2804.d.ZIP	v1.1.0	NT=ms-proteomics;VV=v1.1.0	NT=dia-acquisition;VV=v1.1.0	manual curation	Vasculature
20230908_SG_DrugPanel_C_RI_10_1_S2-G9_2606.d.ZIP	homo sapiens	Vasculature	not applicable	not available	1	20230908_SG_DrugPanel_C_RI_10_1_S2-G9_2606.d.ZIP	proteomic profiling by mass spectrometry	Data-independent acquisition	NT=label free sample;AC=MS:1002038	NT=timstof ht;AC=MS:1003404	NT=Trypsin;AC=MS:1001251	NT=collision-induced dissociation;AC=MS:1000133	1	1	20230908_SG_DrugPanel_C_RI_10_1_S2-G9_2606.d.ZIP	ftp://ftp.pride.ebi.ac.uk/pride/data/archive/2025/07/PXD058294/20230908_SG_DrugPanel_C_RI_10_1_S2-G9_2606.d.ZIP	v1.1.0	NT=ms-proteomics;VV=v1.1.0	NT=dia-acquisition;VV=v1.1.0	manual curation	Vasculature
20230908_SG_DrugPanel_M_IT_1_1_S2-E8_2581.d.ZIP	homo sapiens	Vasculature	not applicable	not available	1	20230908_SG_DrugPanel_M_IT_1_1_S2-E8_2581.d.ZIP	proteomic profiling by mass spectrometry	Data-independent acquisition	NT=label free sample;AC=MS:1002038	NT=timstof ht;AC=MS:1003404	NT=Trypsin;AC=MS:1001251	NT=collision-induced dissociation;AC=MS:1000133	1	1	20230908_SG_DrugPanel_M_IT_1_1_S2-E8_2581.d.ZIP	ftp://ftp.pride.ebi.ac.uk/pride/data/archive/2025/07/PXD058294/20230908_SG_DrugPanel_M_IT_1_1_S2-E8_2581.d.ZIP	v1.1.0	NT=ms-proteomics;VV=v1.1.0	NT=dia-acquisition;VV=v1.1.0	manual curation	Vasculature
20230908_SG_DrugPanel_I_AS_10_3_S1-F11_2792.d.ZIP	homo sapiens	Vasculature	not applicable	not available	1	20230908_SG_DrugPanel_I_AS_10_3_S1-F11_2792.d.ZIP	proteomic profiling by mass spectrometry	Data-independent acquisition	NT=label free sample;AC=MS:1002038	NT=timstof ht;AC=MS:1003404	NT=Trypsin;AC=MS:1001251	NT=collision-induced dissociation;AC=MS:1000133	1	1	20230908_SG_DrugPanel_I_AS_10_3_S1-F11_2792.d.ZIP	ftp://ftp.pride.ebi.ac.uk/pride/data/archive/2025/07/PXD058294/20230908_SG_DrugPanel_I_AS_10_3_S1-F11_2792.d.ZIP	v1.1.0	NT=ms-proteomics;VV=v1.1.0	NT=dia-acquisition;VV=v1.1.0	manual curation	Vasculature
20230908_SG_DrugPanel_M_IT_0.1_2_S3-E4_2675.d.ZIP	homo sapiens	Vasculature	not applicable	not available	1	20230908_SG_DrugPanel_M_IT_0.1_2_S3-E4_2675.d.ZIP	proteomic profiling by mass spectrometry	Data-independent acquisition	NT=label free sample;AC=MS:1002038	NT=timstof ht;AC=MS:1003404	NT=Trypsin;AC=MS:1001251	NT=collision-induced dissociation;AC=MS:1000133	1	1	20230908_SG_DrugPanel_M_IT_0.1_2_S3-E4_2675.d.ZIP	ftp://ftp.pride.ebi.ac.uk/pride/data/archive/2025/07/PXD058294/20230908_SG_DrugPanel_M_IT_0.1_2_S3-E4_2675.d.ZIP	v1.1.0	NT=ms-proteomics;VV=v1.1.0	NT=dia-acquisition;VV=v1.1.0	manual curation	Vasculature
20230908_SG_DrugPanel_I_SH_1_2_S3-D3_2662.d.ZIP	homo sapiens	Vasculature	not applicable	not available	1	20230908_SG_DrugPanel_I_SH_1_2_S3-D3_2662.d.ZIP	proteomic profiling by mass spectrometry	Data-independent acquisition	NT=label free sample;AC=MS:1002038	NT=timstof ht;AC=MS:1003404	NT=Trypsin;AC=MS:1001251	NT=collision-induced dissociation;AC=MS:1000133	1	1	20230908_SG_DrugPanel_I_SH_1_2_S3-D3_2662.d.ZIP	ftp://ftp.pride.ebi.ac.uk/pride/data/archive/2025/07/PXD058294/20230908_SG_DrugPanel_I_SH_1_2_S3-D3_2662.d.ZIP	v1.1.0	NT=ms-proteomics;VV=v1.1.0	NT=dia-acquisition;VV=v1.1.0	manual curation	Vasculature
20230908_SG_DrugPanel_M_TP_1_2_S3-B8_2643.d.ZIP	homo sapiens	Vasculature	not applicable	not available	1	20230908_SG_DrugPanel_M_TP_1_2_S3-B8_2643.d.ZIP	proteomic profiling by mass spectrometry	Data-independent acquisition	NT=label free sample;AC=MS:1002038	NT=timstof ht;AC=MS:1003404	NT=Trypsin;AC=MS:1001251	NT=collision-induced dissociation;AC=MS:1000133	1	1	20230908_SG_DrugPanel_M_TP_1_2_S3-B8_2643.d.ZIP	ftp://ftp.pride.ebi.ac.uk/pride/data/archive/2025/07/PXD058294/20230908_SG_DrugPanel_M_TP_1_2_S3-B8_2643.d.ZIP	v1.1.0	NT=ms-proteomics;VV=v1.1.0	NT=dia-acquisition;VV=v1.1.0	manual curation	Vasculature
20230908_SG_DrugPanel_C_QN_1_1_S2-A5_2530.d.ZIP	homo sapiens	Vasculature	not applicable	not available	1	20230908_SG_DrugPanel_C_QN_1_1_S2-A5_2530.d.ZIP	proteomic profiling by mass spectrometry	Data-independent acquisition	NT=label free sample;AC=MS:1002038	NT=timstof ht;AC=MS:1003404	NT=Trypsin;AC=MS:1001251	NT=collision-induced dissociation;AC=MS:1000133	1	1	20230908_SG_DrugPanel_C_QN_1_1_S2-A5_2530.d.ZIP	ftp://ftp.pride.ebi.ac.uk/pride/data/archive/2025/07/PXD058294/20230908_SG_DrugPanel_C_QN_1_1_S2-A5_2530.d.ZIP	v1.1.0	NT=ms-proteomics;VV=v1.1.0	NT=dia-acquisition;VV=v1.1.0	manual curation	Vasculature
20230908_SG_DrugPanel_I_RI_10_1_S2-G11_2608.d.ZIP	homo sapiens	Vasculature	not applicable	not available	1	20230908_SG_DrugPanel_I_RI_10_1_S2-G11_2608.d.ZIP	proteomic profiling by mass spectrometry	Data-independent acquisition	NT=label free sample;AC=MS:1002038	NT=timstof ht;AC=MS:1003404	NT=Trypsin;AC=MS:1001251	NT=collision-induced dissociation;AC=MS:1000133	1	1	20230908_SG_DrugPanel_I_RI_10_1_S2-G11_2608.d.ZIP	ftp://ftp.pride.ebi.ac.uk/pride/data/archive/2025/07/PXD058294/20230908_SG_DrugPanel_I_RI_10_1_S2-G11_2608.d.ZIP	v1.1.0	NT=ms-proteomics;VV=v1.1.0	NT=dia-acquisition;VV=v1.1.0	manual curation	Vasculature
20230908_SG_DrugPanel_M_SH_1_2_S3-D4_2663.d.ZIP	homo sapiens	Vasculature	not applicable	not available	1	20230908_SG_DrugPanel_M_SH_1_2_S3-D4_2663.d.ZIP	proteomic profiling by mass spectrometry	Data-independent acquisition	NT=label free sample;AC=MS:1002038	NT=timstof ht;AC=MS:1003404	NT=Trypsin;AC=MS:1001251	NT=collision-induced dissociation;AC=MS:1000133	1	1	20230908_SG_DrugPanel_M_SH_1_2_S3-D4_2663.d.ZIP	ftp://ftp.pride.ebi.ac.uk/pride/data/archive/2025/07/PXD058294/20230908_SG_DrugPanel_M_SH_1_2_S3-D4_2663.d.ZIP	v1.1.0	NT=ms-proteomics;VV=v1.1.0	NT=dia-acquisition;VV=v1.1.0	manual curation	Vasculature
20230908_SG_DrugPanel_M_RI_10_1_S2-G12_2609.d.ZIP	homo sapiens	Vasculature	not applicable	not available	1	20230908_SG_DrugPanel_M_RI_10_1_S2-G12_2609.d.ZIP	proteomic profiling by mass spectrometry	Data-independent acquisition	NT=label free sample;AC=MS:1002038	NT=timstof ht;AC=MS:1003404	NT=Trypsin;AC=MS:1001251	NT=collision-induced dissociation;AC=MS:1000133	1	1	20230908_SG_DrugPanel_M_RI_10_1_S2-G12_2609.d.ZIP	ftp://ftp.pride.ebi.ac.uk/pride/data/archive/2025/07/PXD058294/20230908_SG_DrugPanel_M_RI_10_1_S2-G12_2609.d.ZIP	v1.1.0	NT=ms-proteomics;VV=v1.1.0	NT=dia-acquisition;VV=v1.1.0	manual curation	Vasculature
20230908_SG_DrugPanel_M3_1_S2-H12_2621.d.ZIP	homo sapiens	Vasculature	not applicable	not available	1	20230908_SG_DrugPanel_M3_1_S2-H12_2621.d.ZIP	proteomic profiling by mass spectrometry	Data-independent acquisition	NT=label free sample;AC=MS:1002038	NT=timstof ht;AC=MS:1003404	NT=Trypsin;AC=MS:1001251	NT=collision-induced dissociation;AC=MS:1000133	1	1	20230908_SG_DrugPanel_M3_1_S2-H12_2621.d.ZIP	ftp://ftp.pride.ebi.ac.uk/pride/data/archive/2025/07/PXD058294/20230908_SG_DrugPanel_M3_1_S2-H12_2621.d.ZIP	v1.1.0	NT=ms-proteomics;VV=v1.1.0	NT=dia-acquisition;VV=v1.1.0	manual curation	Vasculature
20230908_SG_DrugPanel_M_TP_10_1_S2-B12_2549.d.ZIP	homo sapiens	Vasculature	not applicable	not available	1	20230908_SG_DrugPanel_M_TP_10_1_S2-B12_2549.d.ZIP	proteomic profiling by mass spectrometry	Data-independent acquisition	NT=label free sample;AC=MS:1002038	NT=timstof ht;AC=MS:1003404	NT=Trypsin;AC=MS:1001251	NT=collision-induced dissociation;AC=MS:1000133	1	1	20230908_SG_DrugPanel_M_TP_10_1_S2-B12_2549.d.ZIP	ftp://ftp.pride.ebi.ac.uk/pride/data/archive/2025/07/PXD058294/20230908_SG_DrugPanel_M_TP_10_1_S2-B12_2549.d.ZIP	v1.1.0	NT=ms-proteomics;VV=v1.1.0	NT=dia-acquisition;VV=v1.1.0	manual curation	Vasculature
20230908_SG_DrugPanel_C_SH_1_2_S3-D1_2660.d.ZIP	homo sapiens	Vasculature	not applicable	not available	1	20230908_SG_DrugPanel_C_SH_1_2_S3-D1_2660.d.ZIP	proteomic profiling by mass spectrometry	Data-independent acquisition	NT=label free sample;AC=MS:1002038	NT=timstof ht;AC=MS:1003404	NT=Trypsin;AC=MS:1001251	NT=collision-induced dissociation;AC=MS:1000133	1	1	20230908_SG_DrugPanel_C_SH_1_2_S3-D1_2660.d.ZIP	ftp://ftp.pride.ebi.ac.uk/pride/data/archive/2025/07/PXD058294/20230908_SG_DrugPanel_C_SH_1_2_S3-D1_2660.d.ZIP	v1.1.0	NT=ms-proteomics;VV=v1.1.0	NT=dia-acquisition;VV=v1.1.0	manual curation	Vasculature
20230908_SG_DrugPanel_M_IT_0.1_3_S1-E4_2773.d.ZIP	homo sapiens	Vasculature	not applicable	not available	1	20230908_SG_DrugPanel_M_IT_0.1_3_S1-E4_2773.d.ZIP	proteomic profiling by mass spectrometry	Data-independent acquisition	NT=label free sample;AC=MS:1002038	NT=timstof ht;AC=MS:1003404	NT=Trypsin;AC=MS:1001251	NT=collision-induced dissociation;AC=MS:1000133	1	1	20230908_SG_DrugPanel_M_IT_0.1_3_S1-E4_2773.d.ZIP	ftp://ftp.pride.ebi.ac.uk/pride/data/archive/2025/07/PXD058294/20230908_SG_DrugPanel_M_IT_0.1_3_S1-E4_2773.d.ZIP	v1.1.0	NT=ms-proteomics;VV=v1.1.0	NT=dia-acquisition;VV=v1.1.0	manual curation	Vasculature
20230908_SG_DrugPanel_C_SH_100_1_S2-D9_2570.d.ZIP	homo sapiens	Vasculature	not applicable	not available	1	20230908_SG_DrugPanel_C_SH_100_1_S2-D9_2570.d.ZIP	proteomic profiling by mass spectrometry	Data-independent acquisition	NT=label free sample;AC=MS:1002038	NT=timstof ht;AC=MS:1003404	NT=Trypsin;AC=MS:1001251	NT=collision-induced dissociation;AC=MS:1000133	1	1	20230908_SG_DrugPanel_C_SH_100_1_S2-D9_2570.d.ZIP	ftp://ftp.pride.ebi.ac.uk/pride/data/archive/2025/07/PXD058294/20230908_SG_DrugPanel_C_SH_100_1_S2-D9_2570.d.ZIP	v1.1.0	NT=ms-proteomics;VV=v1.1.0	NT=dia-acquisition;VV=v1.1.0	manual curation	Vasculature
20230908_SG_DrugPanel_C_SH_10_3_S1-D5_2762.d.ZIP	homo sapiens	Vasculature	not applicable	not available	1	20230908_SG_DrugPanel_C_SH_10_3_S1-D5_2762.d.ZIP	proteomic profiling by mass spectrometry	Data-independent acquisition	NT=label free sample;AC=MS:1002038	NT=timstof ht;AC=MS:1003404	NT=Trypsin;AC=MS:1001251	NT=collision-induced dissociation;AC=MS:1000133	1	1	20230908_SG_DrugPanel_C_SH_10_3_S1-D5_2762.d.ZIP	ftp://ftp.pride.ebi.ac.uk/pride/data/archive/2025/07/PXD058294/20230908_SG_DrugPanel_C_SH_10_3_S1-D5_2762.d.ZIP	v1.1.0	NT=ms-proteomics;VV=v1.1.0	NT=dia-acquisition;VV=v1.1.0	manual curation	Vasculature
20230908_SG_DrugPanel_M_TP_1_1_S2-B8_2545.d.ZIP	homo sapiens	Vasculature	not applicable	not available	1	20230908_SG_DrugPanel_M_TP_1_1_S2-B8_2545.d.ZIP	proteomic profiling by mass spectrometry	Data-independent acquisition	NT=label free sample;AC=MS:1002038	NT=timstof ht;AC=MS:1003404	NT=Trypsin;AC=MS:1001251	NT=collision-induced dissociation;AC=MS:1000133	1	1	20230908_SG_DrugPanel_M_TP_1_1_S2-B8_2545.d.ZIP	ftp://ftp.pride.ebi.ac.uk/pride/data/archive/2025/07/PXD058294/20230908_SG_DrugPanel_M_TP_1_1_S2-B8_2545.d.ZIP	v1.1.0	NT=ms-proteomics;VV=v1.1.0	NT=dia-acquisition;VV=v1.1.0	manual curation	Vasculature
20230908_SG_DrugPanel_M_IT_10_2_S3-E12_2683.d.ZIP	homo sapiens	Vasculature	not applicable	not available	1	20230908_SG_DrugPanel_M_IT_10_2_S3-E12_2683.d.ZIP	proteomic profiling by mass spectrometry	Data-independent acquisition	NT=label free sample;AC=MS:1002038	NT=timstof ht;AC=MS:1003404	NT=Trypsin;AC=MS:1001251	NT=collision-induced dissociation;AC=MS:1000133	1	1	20230908_SG_DrugPanel_M_IT_10_2_S3-E12_2683.d.ZIP	ftp://ftp.pride.ebi.ac.uk/pride/data/archive/2025/07/PXD058294/20230908_SG_DrugPanel_M_IT_10_2_S3-E12_2683.d.ZIP	v1.1.0	NT=ms-proteomics;VV=v1.1.0	NT=dia-acquisition;VV=v1.1.0	manual curation	Vasculature
20230908_SG_DrugPanel_T_SH_100_1_S2-D10_2571.d.ZIP	homo sapiens	Vasculature	not applicable	not available	1	20230908_SG_DrugPanel_T_SH_100_1_S2-D10_2571.d.ZIP	proteomic profiling by mass spectrometry	Data-independent acquisition	NT=label free sample;AC=MS:1002038	NT=timstof ht;AC=MS:1003404	NT=Trypsin;AC=MS:1001251	NT=collision-induced dissociation;AC=MS:1000133	1	1	20230908_SG_DrugPanel_T_SH_100_1_S2-D10_2571.d.ZIP	ftp://ftp.pride.ebi.ac.uk/pride/data/archive/2025/07/PXD058294/20230908_SG_DrugPanel_T_SH_100_1_S2-D10_2571.d.ZIP	v1.1.0	NT=ms-proteomics;VV=v1.1.0	NT=dia-acquisition;VV=v1.1.0	manual curation	Vasculature
20230908_SG_DrugPanel_M_SH_10_1_S2-D8_2569.d.ZIP	homo sapiens	Vasculature	not applicable	not available	1	20230908_SG_DrugPanel_M_SH_10_1_S2-D8_2569.d.ZIP	proteomic profiling by mass spectrometry	Data-independent acquisition	NT=label free sample;AC=MS:1002038	NT=timstof ht;AC=MS:1003404	NT=Trypsin;AC=MS:1001251	NT=collision-induced dissociation;AC=MS:1000133	1	1	20230908_SG_DrugPanel_M_SH_10_1_S2-D8_2569.d.ZIP	ftp://ftp.pride.ebi.ac.uk/pride/data/archive/2025/07/PXD058294/20230908_SG_DrugPanel_M_SH_10_1_S2-D8_2569.d.ZIP	v1.1.0	NT=ms-proteomics;VV=v1.1.0	NT=dia-acquisition;VV=v1.1.0	manual curation	Vasculature
20230908_SG_DrugPanel_M_QN_10_2_S3-A12_2635.d.ZIP	homo sapiens	Vasculature	not applicable	not available	1	20230908_SG_DrugPanel_M_QN_10_2_S3-A12_2635.d.ZIP	proteomic profiling by mass spectrometry	Data-independent acquisition	NT=label free sample;AC=MS:1002038	NT=timstof ht;AC=MS:1003404	NT=Trypsin;AC=MS:1001251	NT=collision-induced dissociation;AC=MS:1000133	1	1	20230908_SG_DrugPanel_M_QN_10_2_S3-A12_2635.d.ZIP	ftp://ftp.pride.ebi.ac.uk/pride/data/archive/2025/07/PXD058294/20230908_SG_DrugPanel_M_QN_10_2_S3-A12_2635.d.ZIP	v1.1.0	NT=ms-proteomics;VV=v1.1.0	NT=dia-acquisition;VV=v1.1.0	manual curation	Vasculature
20230908_SG_DrugPanel_I_SH_1_1_S2-D3_2564.d.ZIP	homo sapiens	Vasculature	not applicable	not available	1	20230908_SG_DrugPanel_I_SH_1_1_S2-D3_2564.d.ZIP	proteomic profiling by mass spectrometry	Data-independent acquisition	NT=label free sample;AC=MS:1002038	NT=timstof ht;AC=MS:1003404	NT=Trypsin;AC=MS:1001251	NT=collision-induced dissociation;AC=MS:1000133	1	1	20230908_SG_DrugPanel_I_SH_1_1_S2-D3_2564.d.ZIP	ftp://ftp.pride.ebi.ac.uk/pride/data/archive/2025/07/PXD058294/20230908_SG_DrugPanel_I_SH_1_1_S2-D3_2564.d.ZIP	v1.1.0	NT=ms-proteomics;VV=v1.1.0	NT=dia-acquisition;VV=v1.1.0	manual curation	Vasculature
20230908_SG_DrugPanel_M_QN_1_2_S3-A8_2631.d.ZIP	homo sapiens	Vasculature	not applicable	not available	1	20230908_SG_DrugPanel_M_QN_1_2_S3-A8_2631.d.ZIP	proteomic profiling by mass spectrometry	Data-independent acquisition	NT=label free sample;AC=MS:1002038	NT=timstof ht;AC=MS:1003404	NT=Trypsin;AC=MS:1001251	NT=collision-induced dissociation;AC=MS:1000133	1	1	20230908_SG_DrugPanel_M_QN_1_2_S3-A8_2631.d.ZIP	ftp://ftp.pride.ebi.ac.uk/pride/data/archive/2025/07/PXD058294/20230908_SG_DrugPanel_M_QN_1_2_S3-A8_2631.d.ZIP	v1.1.0	NT=ms-proteomics;VV=v1.1.0	NT=dia-acquisition;VV=v1.1.0	manual curation	Vasculature
20230908_SG_DrugPanel_C_AS_10_1_S2-F9_2594.d.ZIP	homo sapiens	Vasculature	not applicable	not available	1	20230908_SG_DrugPanel_C_AS_10_1_S2-F9_2594.d.ZIP	proteomic profiling by mass spectrometry	Data-independent acquisition	NT=label free sample;AC=MS:1002038	NT=timstof ht;AC=MS:1003404	NT=Trypsin;AC=MS:1001251	NT=collision-induced dissociation;AC=MS:1000133	1	1	20230908_SG_DrugPanel_C_AS_10_1_S2-F9_2594.d.ZIP	ftp://ftp.pride.ebi.ac.uk/pride/data/archive/2025/07/PXD058294/20230908_SG_DrugPanel_C_AS_10_1_S2-F9_2594.d.ZIP	v1.1.0	NT=ms-proteomics;VV=v1.1.0	NT=dia-acquisition;VV=v1.1.0	manual curation	Vasculature
20230908_SG_DrugPanel_M_RI_1_3_S1-G8_2801.d.ZIP	homo sapiens	Vasculature	not applicable	not available	1	20230908_SG_DrugPanel_M_RI_1_3_S1-G8_2801.d.ZIP	proteomic profiling by mass spectrometry	Data-independent acquisition	NT=label free sample;AC=MS:1002038	NT=timstof ht;AC=MS:1003404	NT=Trypsin;AC=MS:1001251	NT=collision-induced dissociation;AC=MS:1000133	1	1	20230908_SG_DrugPanel_M_RI_1_3_S1-G8_2801.d.ZIP	ftp://ftp.pride.ebi.ac.uk/pride/data/archive/2025/07/PXD058294/20230908_SG_DrugPanel_M_RI_1_3_S1-G8_2801.d.ZIP	v1.1.0	NT=ms-proteomics;VV=v1.1.0	NT=dia-acquisition;VV=v1.1.0	manual curation	Vasculature
20230908_SG_DrugPanel_C_JS_100_2_S3-C9_2656.d.ZIP	homo sapiens	Vasculature	not applicable	not available	1	20230908_SG_DrugPanel_C_JS_100_2_S3-C9_2656.d.ZIP	proteomic profiling by mass spectrometry	Data-independent acquisition	NT=label free sample;AC=MS:1002038	NT=timstof ht;AC=MS:1003404	NT=Trypsin;AC=MS:1001251	NT=collision-induced dissociation;AC=MS:1000133	1	1	20230908_SG_DrugPanel_C_JS_100_2_S3-C9_2656.d.ZIP	ftp://ftp.pride.ebi.ac.uk/pride/data/archive/2025/07/PXD058294/20230908_SG_DrugPanel_C_JS_100_2_S3-C9_2656.d.ZIP	v1.1.0	NT=ms-proteomics;VV=v1.1.0	NT=dia-acquisition;VV=v1.1.0	manual curation	Vasculature
20230908_SG_DrugPanel_T_JS_10_2_S3-C6_2653.d.ZIP	homo sapiens	Vasculature	not applicable	not available	1	20230908_SG_DrugPanel_T_JS_10_2_S3-C6_2653.d.ZIP	proteomic profiling by mass spectrometry	Data-independent acquisition	NT=label free sample;AC=MS:1002038	NT=timstof ht;AC=MS:1003404	NT=Trypsin;AC=MS:1001251	NT=collision-induced dissociation;AC=MS:1000133	1	1	20230908_SG_DrugPanel_T_JS_10_2_S3-C6_2653.d.ZIP	ftp://ftp.pride.ebi.ac.uk/pride/data/archive/2025/07/PXD058294/20230908_SG_DrugPanel_T_JS_10_2_S3-C6_2653.d.ZIP	v1.1.0	NT=ms-proteomics;VV=v1.1.0	NT=dia-acquisition;VV=v1.1.0	manual curation	Vasculature
20230908_SG_DrugPanel_M_SH_1_3_S1-D4_2761.d.ZIP	homo sapiens	Vasculature	not applicable	not available	1	20230908_SG_DrugPanel_M_SH_1_3_S1-D4_2761.d.ZIP	proteomic profiling by mass spectrometry	Data-independent acquisition	NT=label free sample;AC=MS:1002038	NT=timstof ht;AC=MS:1003404	NT=Trypsin;AC=MS:1001251	NT=collision-induced dissociation;AC=MS:1000133	1	1	20230908_SG_DrugPanel_M_SH_1_3_S1-D4_2761.d.ZIP	ftp://ftp.pride.ebi.ac.uk/pride/data/archive/2025/07/PXD058294/20230908_SG_DrugPanel_M_SH_1_3_S1-D4_2761.d.ZIP	v1.1.0	NT=ms-proteomics;VV=v1.1.0	NT=dia-acquisition;VV=v1.1.0	manual curation	Vasculature
20230908_SG_DrugPanel_T_RI_0.1_3_S1-G2_2795.d.ZIP	homo sapiens	Vasculature	not applicable	not available	1	20230908_SG_DrugPanel_T_RI_0.1_3_S1-G2_2795.d.ZIP	proteomic profiling by mass spectrometry	Data-independent acquisition	NT=label free sample;AC=MS:1002038	NT=timstof ht;AC=MS:1003404	NT=Trypsin;AC=MS:1001251	NT=collision-induced dissociation;AC=MS:1000133	1	1	20230908_SG_DrugPanel_T_RI_0.1_3_S1-G2_2795.d.ZIP	ftp://ftp.pride.ebi.ac.uk/pride/data/archive/2025/07/PXD058294/20230908_SG_DrugPanel_T_RI_0.1_3_S1-G2_2795.d.ZIP	v1.1.0	NT=ms-proteomics;VV=v1.1.0	NT=dia-acquisition;VV=v1.1.0	manual curation	Vasculature
20230908_SG_DrugPanel_M_IT_0.1_1_S2-E4_2577.d.ZIP	homo sapiens	Vasculature	not applicable	not available	1	20230908_SG_DrugPanel_M_IT_0.1_1_S2-E4_2577.d.ZIP	proteomic profiling by mass spectrometry	Data-independent acquisition	NT=label free sample;AC=MS:1002038	NT=timstof ht;AC=MS:1003404	NT=Trypsin;AC=MS:1001251	NT=collision-induced dissociation;AC=MS:1000133	1	1	20230908_SG_DrugPanel_M_IT_0.1_1_S2-E4_2577.d.ZIP	ftp://ftp.pride.ebi.ac.uk/pride/data/archive/2025/07/PXD058294/20230908_SG_DrugPanel_M_IT_0.1_1_S2-E4_2577.d.ZIP	v1.1.0	NT=ms-proteomics;VV=v1.1.0	NT=dia-acquisition;VV=v1.1.0	manual curation	Vasculature
20230908_SG_DrugPanel_C_RI_0.1_3_S1-G1_2794.d.ZIP	homo sapiens	Vasculature	not applicable	not available	1	20230908_SG_DrugPanel_C_RI_0.1_3_S1-G1_2794.d.ZIP	proteomic profiling by mass spectrometry	Data-independent acquisition	NT=label free sample;AC=MS:1002038	NT=timstof ht;AC=MS:1003404	NT=Trypsin;AC=MS:1001251	NT=collision-induced dissociation;AC=MS:1000133	1	1	20230908_SG_DrugPanel_C_RI_0.1_3_S1-G1_2794.d.ZIP	ftp://ftp.pride.ebi.ac.uk/pride/data/archive/2025/07/PXD058294/20230908_SG_DrugPanel_C_RI_0.1_3_S1-G1_2794.d.ZIP	v1.1.0	NT=ms-proteomics;VV=v1.1.0	NT=dia-acquisition;VV=v1.1.0	manual curation	Vasculature
20230908_SG_DrugPanel_I_RI_1_1_S2-G7_2604.d.ZIP	homo sapiens	Vasculature	not applicable	not available	1	20230908_SG_DrugPanel_I_RI_1_1_S2-G7_2604.d.ZIP	proteomic profiling by mass spectrometry	Data-independent acquisition	NT=label free sample;AC=MS:1002038	NT=timstof ht;AC=MS:1003404	NT=Trypsin;AC=MS:1001251	NT=collision-induced dissociation;AC=MS:1000133	1	1	20230908_SG_DrugPanel_I_RI_1_1_S2-G7_2604.d.ZIP	ftp://ftp.pride.ebi.ac.uk/pride/data/archive/2025/07/PXD058294/20230908_SG_DrugPanel_I_RI_1_1_S2-G7_2604.d.ZIP	v1.1.0	NT=ms-proteomics;VV=v1.1.0	NT=dia-acquisition;VV=v1.1.0	manual curation	Vasculature
20230908_SG_DrugPanel_I_QN_1_3_S1-A7_2728.d.ZIP	homo sapiens	Vasculature	not applicable	not available	1	20230908_SG_DrugPanel_I_QN_1_3_S1-A7_2728.d.ZIP	proteomic profiling by mass spectrometry	Data-independent acquisition	NT=label free sample;AC=MS:1002038	NT=timstof ht;AC=MS:1003404	NT=Trypsin;AC=MS:1001251	NT=collision-induced dissociation;AC=MS:1000133	1	1	20230908_SG_DrugPanel_I_QN_1_3_S1-A7_2728.d.ZIP	ftp://ftp.pride.ebi.ac.uk/pride/data/archive/2025/07/PXD058294/20230908_SG_DrugPanel_I_QN_1_3_S1-A7_2728.d.ZIP	v1.1.0	NT=ms-proteomics;VV=v1.1.0	NT=dia-acquisition;VV=v1.1.0	manual curation	Vasculature
20230908_SG_DrugPanel_C_QN_0.1_1_S2-A1_2526.d.ZIP	homo sapiens	Vasculature	not applicable	not available	1	20230908_SG_DrugPanel_C_QN_0.1_1_S2-A1_2526.d.ZIP	proteomic profiling by mass spectrometry	Data-independent acquisition	NT=label free sample;AC=MS:1002038	NT=timstof ht;AC=MS:1003404	NT=Trypsin;AC=MS:1001251	NT=collision-induced dissociation;AC=MS:1000133	1	1	20230908_SG_DrugPanel_C_QN_0.1_1_S2-A1_2526.d.ZIP	ftp://ftp.pride.ebi.ac.uk/pride/data/archive/2025/07/PXD058294/20230908_SG_DrugPanel_C_QN_0.1_1_S2-A1_2526.d.ZIP	v1.1.0	NT=ms-proteomics;VV=v1.1.0	NT=dia-acquisition;VV=v1.1.0	manual curation	Vasculature
20230908_SG_DrugPanel_T_TP_0.1_1_S2-B2_2539.d.ZIP	homo sapiens	Vasculature	not applicable	not available	1	20230908_SG_DrugPanel_T_TP_0.1_1_S2-B2_2539.d.ZIP	proteomic profiling by mass spectrometry	Data-independent acquisition	NT=label free sample;AC=MS:1002038	NT=timstof ht;AC=MS:1003404	NT=Trypsin;AC=MS:1001251	NT=collision-induced dissociation;AC=MS:1000133	1	1	20230908_SG_DrugPanel_T_TP_0.1_1_S2-B2_2539.d.ZIP	ftp://ftp.pride.ebi.ac.uk/pride/data/archive/2025/07/PXD058294/20230908_SG_DrugPanel_T_TP_0.1_1_S2-B2_2539.d.ZIP	v1.1.0	NT=ms-proteomics;VV=v1.1.0	NT=dia-acquisition;VV=v1.1.0	manual curation	Vasculature
20230908_SG_DrugPanel_T_AS_0.1_3_S1-F2_2783.d.ZIP	homo sapiens	Vasculature	not applicable	not available	1	20230908_SG_DrugPanel_T_AS_0.1_3_S1-F2_2783.d.ZIP	proteomic profiling by mass spectrometry	Data-independent acquisition	NT=label free sample;AC=MS:1002038	NT=timstof ht;AC=MS:1003404	NT=Trypsin;AC=MS:1001251	NT=collision-induced dissociation;AC=MS:1000133	1	1	20230908_SG_DrugPanel_T_AS_0.1_3_S1-F2_2783.d.ZIP	ftp://ftp.pride.ebi.ac.uk/pride/data/archive/2025/07/PXD058294/20230908_SG_DrugPanel_T_AS_0.1_3_S1-F2_2783.d.ZIP	v1.1.0	NT=ms-proteomics;VV=v1.1.0	NT=dia-acquisition;VV=v1.1.0	manual curation	Vasculature
20230908_SG_DrugPanel_T_QN_1_1_S2-A6_2531.d.ZIP	homo sapiens	Vasculature	not applicable	not available	1	20230908_SG_DrugPanel_T_QN_1_1_S2-A6_2531.d.ZIP	proteomic profiling by mass spectrometry	Data-independent acquisition	NT=label free sample;AC=MS:1002038	NT=timstof ht;AC=MS:1003404	NT=Trypsin;AC=MS:1001251	NT=collision-induced dissociation;AC=MS:1000133	1	1	20230908_SG_DrugPanel_T_QN_1_1_S2-A6_2531.d.ZIP	ftp://ftp.pride.ebi.ac.uk/pride/data/archive/2025/07/PXD058294/20230908_SG_DrugPanel_T_QN_1_1_S2-A6_2531.d.ZIP	v1.1.0	NT=ms-proteomics;VV=v1.1.0	NT=dia-acquisition;VV=v1.1.0	manual curation	Vasculature
20230908_SG_DrugPanel_T_IT_10_1_S2-E10_2583.d.ZIP	homo sapiens	Vasculature	not applicable	not available	1	20230908_SG_DrugPanel_T_IT_10_1_S2-E10_2583.d.ZIP	proteomic profiling by mass spectrometry	Data-independent acquisition	NT=label free sample;AC=MS:1002038	NT=timstof ht;AC=MS:1003404	NT=Trypsin;AC=MS:1001251	NT=collision-induced dissociation;AC=MS:1000133	1	1	20230908_SG_DrugPanel_T_IT_10_1_S2-E10_2583.d.ZIP	ftp://ftp.pride.ebi.ac.uk/pride/data/archive/2025/07/PXD058294/20230908_SG_DrugPanel_T_IT_10_1_S2-E10_2583.d.ZIP	v1.1.0	NT=ms-proteomics;VV=v1.1.0	NT=dia-acquisition;VV=v1.1.0	manual curation	Vasculature
20230908_SG_DrugPanel_I_QN_1_1_S2-A7_2532.d.ZIP	homo sapiens	Vasculature	not applicable	not available	1	20230908_SG_DrugPanel_I_QN_1_1_S2-A7_2532.d.ZIP	proteomic profiling by mass spectrometry	Data-independent acquisition	NT=label free sample;AC=MS:1002038	NT=timstof ht;AC=MS:1003404	NT=Trypsin;AC=MS:1001251	NT=collision-induced dissociation;AC=MS:1000133	1	1	20230908_SG_DrugPanel_I_QN_1_1_S2-A7_2532.d.ZIP	ftp://ftp.pride.ebi.ac.uk/pride/data/archive/2025/07/PXD058294/20230908_SG_DrugPanel_I_QN_1_1_S2-A7_2532.d.ZIP	v1.1.0	NT=ms-proteomics;VV=v1.1.0	NT=dia-acquisition;VV=v1.1.0	manual curation	Vasculature
20230908_SG_DrugPanel_C_SH_100_2_S3-D9_2668.d.ZIP	homo sapiens	Vasculature	not applicable	not available	1	20230908_SG_DrugPanel_C_SH_100_2_S3-D9_2668.d.ZIP	proteomic profiling by mass spectrometry	Data-independent acquisition	NT=label free sample;AC=MS:1002038	NT=timstof ht;AC=MS:1003404	NT=Trypsin;AC=MS:1001251	NT=collision-induced dissociation;AC=MS:1000133	1	1	20230908_SG_DrugPanel_C_SH_100_2_S3-D9_2668.d.ZIP	ftp://ftp.pride.ebi.ac.uk/pride/data/archive/2025/07/PXD058294/20230908_SG_DrugPanel_C_SH_100_2_S3-D9_2668.d.ZIP	v1.1.0	NT=ms-proteomics;VV=v1.1.0	NT=dia-acquisition;VV=v1.1.0	manual curation	Vasculature
20230908_SG_DrugPanel_I_SH_10_2_S3-D7_2666.d.ZIP	homo sapiens	Vasculature	not applicable	not available	1	20230908_SG_DrugPanel_I_SH_10_2_S3-D7_2666.d.ZIP	proteomic profiling by mass spectrometry	Data-independent acquisition	NT=label free sample;AC=MS:1002038	NT=timstof ht;AC=MS:1003404	NT=Trypsin;AC=MS:1001251	NT=collision-induced dissociation;AC=MS:1000133	1	1	20230908_SG_DrugPanel_I_SH_10_2_S3-D7_2666.d.ZIP	ftp://ftp.pride.ebi.ac.uk/pride/data/archive/2025/07/PXD058294/20230908_SG_DrugPanel_I_SH_10_2_S3-D7_2666.d.ZIP	v1.1.0	NT=ms-proteomics;VV=v1.1.0	NT=dia-acquisition;VV=v1.1.0	manual curation	Vasculature
20230908_SG_DrugPanel_C_RI_1_2_S3-G5_2700.d.ZIP	homo sapiens	Vasculature	not applicable	not available	1	20230908_SG_DrugPanel_C_RI_1_2_S3-G5_2700.d.ZIP	proteomic profiling by mass spectrometry	Data-independent acquisition	NT=label free sample;AC=MS:1002038	NT=timstof ht;AC=MS:1003404	NT=Trypsin;AC=MS:1001251	NT=collision-induced dissociation;AC=MS:1000133	1	1	20230908_SG_DrugPanel_C_RI_1_2_S3-G5_2700.d.ZIP	ftp://ftp.pride.ebi.ac.uk/pride/data/archive/2025/07/PXD058294/20230908_SG_DrugPanel_C_RI_1_2_S3-G5_2700.d.ZIP	v1.1.0	NT=ms-proteomics;VV=v1.1.0	NT=dia-acquisition;VV=v1.1.0	manual curation	Vasculature
20230908_SG_DrugPanel_T_IT_0.1_2_S3-E2_2673.d.ZIP	homo sapiens	Vasculature	not applicable	not available	1	20230908_SG_DrugPanel_T_IT_0.1_2_S3-E2_2673.d.ZIP	proteomic profiling by mass spectrometry	Data-independent acquisition	NT=label free sample;AC=MS:1002038	NT=timstof ht;AC=MS:1003404	NT=Trypsin;AC=MS:1001251	NT=collision-induced dissociation;AC=MS:1000133	1	1	20230908_SG_DrugPanel_T_IT_0.1_2_S3-E2_2673.d.ZIP	ftp://ftp.pride.ebi.ac.uk/pride/data/archive/2025/07/PXD058294/20230908_SG_DrugPanel_T_IT_0.1_2_S3-E2_2673.d.ZIP	v1.1.0	NT=ms-proteomics;VV=v1.1.0	NT=dia-acquisition;VV=v1.1.0	manual curation	Vasculature
20230908_SG_DrugPanel_M_AS_1_2_S3-F8_2691.d.ZIP	homo sapiens	Vasculature	not applicable	not available	1	20230908_SG_DrugPanel_M_AS_1_2_S3-F8_2691.d.ZIP	proteomic profiling by mass spectrometry	Data-independent acquisition	NT=label free sample;AC=MS:1002038	NT=timstof ht;AC=MS:1003404	NT=Trypsin;AC=MS:1001251	NT=collision-induced dissociation;AC=MS:1000133	1	1	20230908_SG_DrugPanel_M_AS_1_2_S3-F8_2691.d.ZIP	ftp://ftp.pride.ebi.ac.uk/pride/data/archive/2025/07/PXD058294/20230908_SG_DrugPanel_M_AS_1_2_S3-F8_2691.d.ZIP	v1.1.0	NT=ms-proteomics;VV=v1.1.0	NT=dia-acquisition;VV=v1.1.0	manual curation	Vasculature
20230908_SG_DrugPanel_C_JS_10_1_S2-C5_2554.d.ZIP	homo sapiens	Vasculature	not applicable	not available	1	20230908_SG_DrugPanel_C_JS_10_1_S2-C5_2554.d.ZIP	proteomic profiling by mass spectrometry	Data-independent acquisition	NT=label free sample;AC=MS:1002038	NT=timstof ht;AC=MS:1003404	NT=Trypsin;AC=MS:1001251	NT=collision-induced dissociation;AC=MS:1000133	1	1	20230908_SG_DrugPanel_C_JS_10_1_S2-C5_2554.d.ZIP	ftp://ftp.pride.ebi.ac.uk/pride/data/archive/2025/07/PXD058294/20230908_SG_DrugPanel_C_JS_10_1_S2-C5_2554.d.ZIP	v1.1.0	NT=ms-proteomics;VV=v1.1.0	NT=dia-acquisition;VV=v1.1.0	manual curation	Vasculature
20230908_SG_DrugPanel_T_RI_1_3_S1-G6_2799.d.ZIP	homo sapiens	Vasculature	not applicable	not available	1	20230908_SG_DrugPanel_T_RI_1_3_S1-G6_2799.d.ZIP	proteomic profiling by mass spectrometry	Data-independent acquisition	NT=label free sample;AC=MS:1002038	NT=timstof ht;AC=MS:1003404	NT=Trypsin;AC=MS:1001251	NT=collision-induced dissociation;AC=MS:1000133	1	1	20230908_SG_DrugPanel_T_RI_1_3_S1-G6_2799.d.ZIP	ftp://ftp.pride.ebi.ac.uk/pride/data/archive/2025/07/PXD058294/20230908_SG_DrugPanel_T_RI_1_3_S1-G6_2799.d.ZIP	v1.1.0	NT=ms-proteomics;VV=v1.1.0	NT=dia-acquisition;VV=v1.1.0	manual curation	Vasculature
20230908_SG_DrugPanel_I_JS_100_2_S3-C11_2658.d.ZIP	homo sapiens	Vasculature	not applicable	not available	1	20230908_SG_DrugPanel_I_JS_100_2_S3-C11_2658.d.ZIP	proteomic profiling by mass spectrometry	Data-independent acquisition	NT=label free sample;AC=MS:1002038	NT=timstof ht;AC=MS:1003404	NT=Trypsin;AC=MS:1001251	NT=collision-induced dissociation;AC=MS:1000133	1	1	20230908_SG_DrugPanel_I_JS_100_2_S3-C11_2658.d.ZIP	ftp://ftp.pride.ebi.ac.uk/pride/data/archive/2025/07/PXD058294/20230908_SG_DrugPanel_I_JS_100_2_S3-C11_2658.d.ZIP	v1.1.0	NT=ms-proteomics;VV=v1.1.0	NT=dia-acquisition;VV=v1.1.0	manual curation	Vasculature
20230908_SG_DrugPanel_T_TP_0.1_3_S1-B2_2735.d.ZIP	homo sapiens	Vasculature	not applicable	not available	1	20230908_SG_DrugPanel_T_TP_0.1_3_S1-B2_2735.d.ZIP	proteomic profiling by mass spectrometry	Data-independent acquisition	NT=label free sample;AC=MS:1002038	NT=timstof ht;AC=MS:1003404	NT=Trypsin;AC=MS:1001251	NT=collision-induced dissociation;AC=MS:1000133	1	1	20230908_SG_DrugPanel_T_TP_0.1_3_S1-B2_2735.d.ZIP	ftp://ftp.pride.ebi.ac.uk/pride/data/archive/2025/07/PXD058294/20230908_SG_DrugPanel_T_TP_0.1_3_S1-B2_2735.d.ZIP	v1.1.0	NT=ms-proteomics;VV=v1.1.0	NT=dia-acquisition;VV=v1.1.0	manual curation	Vasculature
20230908_SG_DrugPanel_I_SH_10_3_S1-D7_2764.d.ZIP	homo sapiens	Vasculature	not applicable	not available	1	20230908_SG_DrugPanel_I_SH_10_3_S1-D7_2764.d.ZIP	proteomic profiling by mass spectrometry	Data-independent acquisition	NT=label free sample;AC=MS:1002038	NT=timstof ht;AC=MS:1003404	NT=Trypsin;AC=MS:1001251	NT=collision-induced dissociation;AC=MS:1000133	1	1	20230908_SG_DrugPanel_I_SH_10_3_S1-D7_2764.d.ZIP	ftp://ftp.pride.ebi.ac.uk/pride/data/archive/2025/07/PXD058294/20230908_SG_DrugPanel_I_SH_10_3_S1-D7_2764.d.ZIP	v1.1.0	NT=ms-proteomics;VV=v1.1.0	NT=dia-acquisition;VV=v1.1.0	manual curation	Vasculature
20230908_SG_DrugPanel_M_SH_100_2_S3-D12_2671.d.ZIP	homo sapiens	Vasculature	not applicable	not available	1	20230908_SG_DrugPanel_M_SH_100_2_S3-D12_2671.d.ZIP	proteomic profiling by mass spectrometry	Data-independent acquisition	NT=label free sample;AC=MS:1002038	NT=timstof ht;AC=MS:1003404	NT=Trypsin;AC=MS:1001251	NT=collision-induced dissociation;AC=MS:1000133	1	1	20230908_SG_DrugPanel_M_SH_100_2_S3-D12_2671.d.ZIP	ftp://ftp.pride.ebi.ac.uk/pride/data/archive/2025/07/PXD058294/20230908_SG_DrugPanel_M_SH_100_2_S3-D12_2671.d.ZIP	v1.1.0	NT=ms-proteomics;VV=v1.1.0	NT=dia-acquisition;VV=v1.1.0	manual curation	Vasculature
20230908_SG_DrugPanel_C1_2_S3-H1_2708.d.ZIP	homo sapiens	Vasculature	not applicable	not available	1	20230908_SG_DrugPanel_C1_2_S3-H1_2708.d.ZIP	proteomic profiling by mass spectrometry	Data-independent acquisition	NT=label free sample;AC=MS:1002038	NT=timstof ht;AC=MS:1003404	NT=Trypsin;AC=MS:1001251	NT=collision-induced dissociation;AC=MS:1000133	1	1	20230908_SG_DrugPanel_C1_2_S3-H1_2708.d.ZIP	ftp://ftp.pride.ebi.ac.uk/pride/data/archive/2025/07/PXD058294/20230908_SG_DrugPanel_C1_2_S3-H1_2708.d.ZIP	v1.1.0	NT=ms-proteomics;VV=v1.1.0	NT=dia-acquisition;VV=v1.1.0	manual curation	Vasculature
20230908_SG_DrugPanel_T_SH_100_3_S1-D10_2767.d.ZIP	homo sapiens	Vasculature	not applicable	not available	1	20230908_SG_DrugPanel_T_SH_100_3_S1-D10_2767.d.ZIP	proteomic profiling by mass spectrometry	Data-independent acquisition	NT=label free sample;AC=MS:1002038	NT=timstof ht;AC=MS:1003404	NT=Trypsin;AC=MS:1001251	NT=collision-induced dissociation;AC=MS:1000133	1	1	20230908_SG_DrugPanel_T_SH_100_3_S1-D10_2767.d.ZIP	ftp://ftp.pride.ebi.ac.uk/pride/data/archive/2025/07/PXD058294/20230908_SG_DrugPanel_T_SH_100_3_S1-D10_2767.d.ZIP	v1.1.0	NT=ms-proteomics;VV=v1.1.0	NT=dia-acquisition;VV=v1.1.0	manual curation	Vasculature
20230908_SG_DrugPanel_C_IT_10_3_S1-E9_2778.d.ZIP	homo sapiens	Vasculature	not applicable	not available	1	20230908_SG_DrugPanel_C_IT_10_3_S1-E9_2778.d.ZIP	proteomic profiling by mass spectrometry	Data-independent acquisition	NT=label free sample;AC=MS:1002038	NT=timstof ht;AC=MS:1003404	NT=Trypsin;AC=MS:1001251	NT=collision-induced dissociation;AC=MS:1000133	1	1	20230908_SG_DrugPanel_C_IT_10_3_S1-E9_2778.d.ZIP	ftp://ftp.pride.ebi.ac.uk/pride/data/archive/2025/07/PXD058294/20230908_SG_DrugPanel_C_IT_10_3_S1-E9_2778.d.ZIP	v1.1.0	NT=ms-proteomics;VV=v1.1.0	NT=dia-acquisition;VV=v1.1.0	manual curation	Vasculature
20230908_SG_DrugPanel_M_RI_10_3_S1-G12_2805.d.ZIP	homo sapiens	Vasculature	not applicable	not available	1	20230908_SG_DrugPanel_M_RI_10_3_S1-G12_2805.d.ZIP	proteomic profiling by mass spectrometry	Data-independent acquisition	NT=label free sample;AC=MS:1002038	NT=timstof ht;AC=MS:1003404	NT=Trypsin;AC=MS:1001251	NT=collision-induced dissociation;AC=MS:1000133	1	1	20230908_SG_DrugPanel_M_RI_10_3_S1-G12_2805.d.ZIP	ftp://ftp.pride.ebi.ac.uk/pride/data/archive/2025/07/PXD058294/20230908_SG_DrugPanel_M_RI_10_3_S1-G12_2805.d.ZIP	v1.1.0	NT=ms-proteomics;VV=v1.1.0	NT=dia-acquisition;VV=v1.1.0	manual curation	Vasculature
20230908_SG_DrugPanel_C_QN_10_2_S3-A9_2632.d.ZIP	homo sapiens	Vasculature	not applicable	not available	1	20230908_SG_DrugPanel_C_QN_10_2_S3-A9_2632.d.ZIP	proteomic profiling by mass spectrometry	Data-independent acquisition	NT=label free sample;AC=MS:1002038	NT=timstof ht;AC=MS:1003404	NT=Trypsin;AC=MS:1001251	NT=collision-induced dissociation;AC=MS:1000133	1	1	20230908_SG_DrugPanel_C_QN_10_2_S3-A9_2632.d.ZIP	ftp://ftp.pride.ebi.ac.uk/pride/data/archive/2025/07/PXD058294/20230908_SG_DrugPanel_C_QN_10_2_S3-A9_2632.d.ZIP	v1.1.0	NT=ms-proteomics;VV=v1.1.0	NT=dia-acquisition;VV=v1.1.0	manual curation	Vasculature
20230908_SG_DrugPanel_C_JS_100_1_S2-C9_2558.d.ZIP	homo sapiens	Vasculature	not applicable	not available	1	20230908_SG_DrugPanel_C_JS_100_1_S2-C9_2558.d.ZIP	proteomic profiling by mass spectrometry	Data-independent acquisition	NT=label free sample;AC=MS:1002038	NT=timstof ht;AC=MS:1003404	NT=Trypsin;AC=MS:1001251	NT=collision-induced dissociation;AC=MS:1000133	1	1	20230908_SG_DrugPanel_C_JS_100_1_S2-C9_2558.d.ZIP	ftp://ftp.pride.ebi.ac.uk/pride/data/archive/2025/07/PXD058294/20230908_SG_DrugPanel_C_JS_100_1_S2-C9_2558.d.ZIP	v1.1.0	NT=ms-proteomics;VV=v1.1.0	NT=dia-acquisition;VV=v1.1.0	manual curation	Vasculature
20230908_SG_DrugPanel_T_RI_10_1_S2-G10_2607.d.ZIP	homo sapiens	Vasculature	not applicable	not available	1	20230908_SG_DrugPanel_T_RI_10_1_S2-G10_2607.d.ZIP	proteomic profiling by mass spectrometry	Data-independent acquisition	NT=label free sample;AC=MS:1002038	NT=timstof ht;AC=MS:1003404	NT=Trypsin;AC=MS:1001251	NT=collision-induced dissociation;AC=MS:1000133	1	1	20230908_SG_DrugPanel_T_RI_10_1_S2-G10_2607.d.ZIP	ftp://ftp.pride.ebi.ac.uk/pride/data/archive/2025/07/PXD058294/20230908_SG_DrugPanel_T_RI_10_1_S2-G10_2607.d.ZIP	v1.1.0	NT=ms-proteomics;VV=v1.1.0	NT=dia-acquisition;VV=v1.1.0	manual curation	Vasculature
20230908_SG_DrugPanel_I_JS_100_1_S2-C11_2560.d.ZIP	homo sapiens	Vasculature	not applicable	not available	1	20230908_SG_DrugPanel_I_JS_100_1_S2-C11_2560.d.ZIP	proteomic profiling by mass spectrometry	Data-independent acquisition	NT=label free sample;AC=MS:1002038	NT=timstof ht;AC=MS:1003404	NT=Trypsin;AC=MS:1001251	NT=collision-induced dissociation;AC=MS:1000133	1	1	20230908_SG_DrugPanel_I_JS_100_1_S2-C11_2560.d.ZIP	ftp://ftp.pride.ebi.ac.uk/pride/data/archive/2025/07/PXD058294/20230908_SG_DrugPanel_I_JS_100_1_S2-C11_2560.d.ZIP	v1.1.0	NT=ms-proteomics;VV=v1.1.0	NT=dia-acquisition;VV=v1.1.0	manual curation	Vasculature
20230908_SG_DrugPanel_C_QN_10_1_S2-A9_2534.d.ZIP	homo sapiens	Vasculature	not applicable	not available	1	20230908_SG_DrugPanel_C_QN_10_1_S2-A9_2534.d.ZIP	proteomic profiling by mass spectrometry	Data-independent acquisition	NT=label free sample;AC=MS:1002038	NT=timstof ht;AC=MS:1003404	NT=Trypsin;AC=MS:1001251	NT=collision-induced dissociation;AC=MS:1000133	1	1	20230908_SG_DrugPanel_C_QN_10_1_S2-A9_2534.d.ZIP	ftp://ftp.pride.ebi.ac.uk/pride/data/archive/2025/07/PXD058294/20230908_SG_DrugPanel_C_QN_10_1_S2-A9_2534.d.ZIP	v1.1.0	NT=ms-proteomics;VV=v1.1.0	NT=dia-acquisition;VV=v1.1.0	manual curation	Vasculature
20230908_SG_DrugPanel_T_IT_1_1_S2-E6_2579.d.ZIP	homo sapiens	Vasculature	not applicable	not available	1	20230908_SG_DrugPanel_T_IT_1_1_S2-E6_2579.d.ZIP	proteomic profiling by mass spectrometry	Data-independent acquisition	NT=label free sample;AC=MS:1002038	NT=timstof ht;AC=MS:1003404	NT=Trypsin;AC=MS:1001251	NT=collision-induced dissociation;AC=MS:1000133	1	1	20230908_SG_DrugPanel_T_IT_1_1_S2-E6_2579.d.ZIP	ftp://ftp.pride.ebi.ac.uk/pride/data/archive/2025/07/PXD058294/20230908_SG_DrugPanel_T_IT_1_1_S2-E6_2579.d.ZIP	v1.1.0	NT=ms-proteomics;VV=v1.1.0	NT=dia-acquisition;VV=v1.1.0	manual curation	Vasculature
20230908_SG_DrugPanel_C_RI_1_3_S1-G5_2798.d.ZIP	homo sapiens	Vasculature	not applicable	not available	1	20230908_SG_DrugPanel_C_RI_1_3_S1-G5_2798.d.ZIP	proteomic profiling by mass spectrometry	Data-independent acquisition	NT=label free sample;AC=MS:1002038	NT=timstof ht;AC=MS:1003404	NT=Trypsin;AC=MS:1001251	NT=collision-induced dissociation;AC=MS:1000133	1	1	20230908_SG_DrugPanel_C_RI_1_3_S1-G5_2798.d.ZIP	ftp://ftp.pride.ebi.ac.uk/pride/data/archive/2025/07/PXD058294/20230908_SG_DrugPanel_C_RI_1_3_S1-G5_2798.d.ZIP	v1.1.0	NT=ms-proteomics;VV=v1.1.0	NT=dia-acquisition;VV=v1.1.0	manual curation	Vasculature
20230908_SG_DrugPanel_C_JS_10_3_S1-C5_2750.d.ZIP	homo sapiens	Vasculature	not applicable	not available	1	20230908_SG_DrugPanel_C_JS_10_3_S1-C5_2750.d.ZIP	proteomic profiling by mass spectrometry	Data-independent acquisition	NT=label free sample;AC=MS:1002038	NT=timstof ht;AC=MS:1003404	NT=Trypsin;AC=MS:1001251	NT=collision-induced dissociation;AC=MS:1000133	1	1	20230908_SG_DrugPanel_C_JS_10_3_S1-C5_2750.d.ZIP	ftp://ftp.pride.ebi.ac.uk/pride/data/archive/2025/07/PXD058294/20230908_SG_DrugPanel_C_JS_10_3_S1-C5_2750.d.ZIP	v1.1.0	NT=ms-proteomics;VV=v1.1.0	NT=dia-acquisition;VV=v1.1.0	manual curation	Vasculature
20230908_SG_DrugPanel_C_IT_1_3_S1-E5_2774.d.ZIP	homo sapiens	Vasculature	not applicable	not available	1	20230908_SG_DrugPanel_C_IT_1_3_S1-E5_2774.d.ZIP	proteomic profiling by mass spectrometry	Data-independent acquisition	NT=label free sample;AC=MS:1002038	NT=timstof ht;AC=MS:1003404	NT=Trypsin;AC=MS:1001251	NT=collision-induced dissociation;AC=MS:1000133	1	1	20230908_SG_DrugPanel_C_IT_1_3_S1-E5_2774.d.ZIP	ftp://ftp.pride.ebi.ac.uk/pride/data/archive/2025/07/PXD058294/20230908_SG_DrugPanel_C_IT_1_3_S1-E5_2774.d.ZIP	v1.1.0	NT=ms-proteomics;VV=v1.1.0	NT=dia-acquisition;VV=v1.1.0	manual curation	Vasculature
20230908_SG_DrugPanel_C_AS_0.1_1_S2-F1_2586.d.ZIP	homo sapiens	Vasculature	not applicable	not available	1	20230908_SG_DrugPanel_C_AS_0.1_1_S2-F1_2586.d.ZIP	proteomic profiling by mass spectrometry	Data-independent acquisition	NT=label free sample;AC=MS:1002038	NT=timstof ht;AC=MS:1003404	NT=Trypsin;AC=MS:1001251	NT=collision-induced dissociation;AC=MS:1000133	1	1	20230908_SG_DrugPanel_C_AS_0.1_1_S2-F1_2586.d.ZIP	ftp://ftp.pride.ebi.ac.uk/pride/data/archive/2025/07/PXD058294/20230908_SG_DrugPanel_C_AS_0.1_1_S2-F1_2586.d.ZIP	v1.1.0	NT=ms-proteomics;VV=v1.1.0	NT=dia-acquisition;VV=v1.1.0	manual curation	Vasculature
20230908_SG_DrugPanel_M_TP_1_3_S1-B8_2741.d.ZIP	homo sapiens	Vasculature	not applicable	not available	1	20230908_SG_DrugPanel_M_TP_1_3_S1-B8_2741.d.ZIP	proteomic profiling by mass spectrometry	Data-independent acquisition	NT=label free sample;AC=MS:1002038	NT=timstof ht;AC=MS:1003404	NT=Trypsin;AC=MS:1001251	NT=collision-induced dissociation;AC=MS:1000133	1	1	20230908_SG_DrugPanel_M_TP_1_3_S1-B8_2741.d.ZIP	ftp://ftp.pride.ebi.ac.uk/pride/data/archive/2025/07/PXD058294/20230908_SG_DrugPanel_M_TP_1_3_S1-B8_2741.d.ZIP	v1.1.0	NT=ms-proteomics;VV=v1.1.0	NT=dia-acquisition;VV=v1.1.0	manual curation	Vasculature
20230908_SG_DrugPanel_M_RI_1_2_S3-G8_2703.d.ZIP	homo sapiens	Vasculature	not applicable	not available	1	20230908_SG_DrugPanel_M_RI_1_2_S3-G8_2703.d.ZIP	proteomic profiling by mass spectrometry	Data-independent acquisition	NT=label free sample;AC=MS:1002038	NT=timstof ht;AC=MS:1003404	NT=Trypsin;AC=MS:1001251	NT=collision-induced dissociation;AC=MS:1000133	1	1	20230908_SG_DrugPanel_M_RI_1_2_S3-G8_2703.d.ZIP	ftp://ftp.pride.ebi.ac.uk/pride/data/archive/2025/07/PXD058294/20230908_SG_DrugPanel_M_RI_1_2_S3-G8_2703.d.ZIP	v1.1.0	NT=ms-proteomics;VV=v1.1.0	NT=dia-acquisition;VV=v1.1.0	manual curation	Vasculature
20230908_SG_DrugPanel_M_RI_1_1_S2-G8_2605.d.ZIP	homo sapiens	Vasculature	not applicable	not available	1	20230908_SG_DrugPanel_M_RI_1_1_S2-G8_2605.d.ZIP	proteomic profiling by mass spectrometry	Data-independent acquisition	NT=label free sample;AC=MS:1002038	NT=timstof ht;AC=MS:1003404	NT=Trypsin;AC=MS:1001251	NT=collision-induced dissociation;AC=MS:1000133	1	1	20230908_SG_DrugPanel_M_RI_1_1_S2-G8_2605.d.ZIP	ftp://ftp.pride.ebi.ac.uk/pride/data/archive/2025/07/PXD058294/20230908_SG_DrugPanel_M_RI_1_1_S2-G8_2605.d.ZIP	v1.1.0	NT=ms-proteomics;VV=v1.1.0	NT=dia-acquisition;VV=v1.1.0	manual curation	Vasculature
20230908_SG_DrugPanel_I_AS_0.1_2_S3-F3_2686.d.ZIP	homo sapiens	Vasculature	not applicable	not available	1	20230908_SG_DrugPanel_I_AS_0.1_2_S3-F3_2686.d.ZIP	proteomic profiling by mass spectrometry	Data-independent acquisition	NT=label free sample;AC=MS:1002038	NT=timstof ht;AC=MS:1003404	NT=Trypsin;AC=MS:1001251	NT=collision-induced dissociation;AC=MS:1000133	1	1	20230908_SG_DrugPanel_I_AS_0.1_2_S3-F3_2686.d.ZIP	ftp://ftp.pride.ebi.ac.uk/pride/data/archive/2025/07/PXD058294/20230908_SG_DrugPanel_I_AS_0.1_2_S3-F3_2686.d.ZIP	v1.1.0	NT=ms-proteomics;VV=v1.1.0	NT=dia-acquisition;VV=v1.1.0	manual curation	Vasculature
20230908_SG_DrugPanel_I2_3_S1-H8_2813.d.ZIP	homo sapiens	Vasculature	not applicable	not available	1	20230908_SG_DrugPanel_I2_3_S1-H8_2813.d.ZIP	proteomic profiling by mass spectrometry	Data-independent acquisition	NT=label free sample;AC=MS:1002038	NT=timstof ht;AC=MS:1003404	NT=Trypsin;AC=MS:1001251	NT=collision-induced dissociation;AC=MS:1000133	1	1	20230908_SG_DrugPanel_I2_3_S1-H8_2813.d.ZIP	ftp://ftp.pride.ebi.ac.uk/pride/data/archive/2025/07/PXD058294/20230908_SG_DrugPanel_I2_3_S1-H8_2813.d.ZIP	v1.1.0	NT=ms-proteomics;VV=v1.1.0	NT=dia-acquisition;VV=v1.1.0	manual curation	Vasculature
20230908_SG_DrugPanel_C_QN_0.1_3_S1-A1_2722.d.ZIP	homo sapiens	Vasculature	not applicable	not available	1	20230908_SG_DrugPanel_C_QN_0.1_3_S1-A1_2722.d.ZIP	proteomic profiling by mass spectrometry	Data-independent acquisition	NT=label free sample;AC=MS:1002038	NT=timstof ht;AC=MS:1003404	NT=Trypsin;AC=MS:1001251	NT=collision-induced dissociation;AC=MS:1000133	1	1	20230908_SG_DrugPanel_C_QN_0.1_3_S1-A1_2722.d.ZIP	ftp://ftp.pride.ebi.ac.uk/pride/data/archive/2025/07/PXD058294/20230908_SG_DrugPanel_C_QN_0.1_3_S1-A1_2722.d.ZIP	v1.1.0	NT=ms-proteomics;VV=v1.1.0	NT=dia-acquisition;VV=v1.1.0	manual curation	Vasculature
20230908_SG_DrugPanel_T_AS_10_3_S1-F10_2791.d.ZIP	homo sapiens	Vasculature	not applicable	not available	1	20230908_SG_DrugPanel_T_AS_10_3_S1-F10_2791.d.ZIP	proteomic profiling by mass spectrometry	Data-independent acquisition	NT=label free sample;AC=MS:1002038	NT=timstof ht;AC=MS:1003404	NT=Trypsin;AC=MS:1001251	NT=collision-induced dissociation;AC=MS:1000133	1	1	20230908_SG_DrugPanel_T_AS_10_3_S1-F10_2791.d.ZIP	ftp://ftp.pride.ebi.ac.uk/pride/data/archive/2025/07/PXD058294/20230908_SG_DrugPanel_T_AS_10_3_S1-F10_2791.d.ZIP	v1.1.0	NT=ms-proteomics;VV=v1.1.0	NT=dia-acquisition;VV=v1.1.0	manual curation	Vasculature
20230908_SG_DrugPanel_I_SH_10_1_S2-D7_2568.d.ZIP	homo sapiens	Vasculature	not applicable	not available	1	20230908_SG_DrugPanel_I_SH_10_1_S2-D7_2568.d.ZIP	proteomic profiling by mass spectrometry	Data-independent acquisition	NT=label free sample;AC=MS:1002038	NT=timstof ht;AC=MS:1003404	NT=Trypsin;AC=MS:1001251	NT=collision-induced dissociation;AC=MS:1000133	1	1	20230908_SG_DrugPanel_I_SH_10_1_S2-D7_2568.d.ZIP	ftp://ftp.pride.ebi.ac.uk/pride/data/archive/2025/07/PXD058294/20230908_SG_DrugPanel_I_SH_10_1_S2-D7_2568.d.ZIP	v1.1.0	NT=ms-proteomics;VV=v1.1.0	NT=dia-acquisition;VV=v1.1.0	manual curation	Vasculature
20230908_SG_DrugPanel_C_IT_1_2_S3-E5_2676.d.ZIP	homo sapiens	Vasculature	not applicable	not available	1	20230908_SG_DrugPanel_C_IT_1_2_S3-E5_2676.d.ZIP	proteomic profiling by mass spectrometry	Data-independent acquisition	NT=label free sample;AC=MS:1002038	NT=timstof ht;AC=MS:1003404	NT=Trypsin;AC=MS:1001251	NT=collision-induced dissociation;AC=MS:1000133	1	1	20230908_SG_DrugPanel_C_IT_1_2_S3-E5_2676.d.ZIP	ftp://ftp.pride.ebi.ac.uk/pride/data/archive/2025/07/PXD058294/20230908_SG_DrugPanel_C_IT_1_2_S3-E5_2676.d.ZIP	v1.1.0	NT=ms-proteomics;VV=v1.1.0	NT=dia-acquisition;VV=v1.1.0	manual curation	Vasculature
20230908_SG_DrugPanel_I_IT_1_2_S3-E7_2678.d.ZIP	homo sapiens	Vasculature	not applicable	not available	1	20230908_SG_DrugPanel_I_IT_1_2_S3-E7_2678.d.ZIP	proteomic profiling by mass spectrometry	Data-independent acquisition	NT=label free sample;AC=MS:1002038	NT=timstof ht;AC=MS:1003404	NT=Trypsin;AC=MS:1001251	NT=collision-induced dissociation;AC=MS:1000133	1	1	20230908_SG_DrugPanel_I_IT_1_2_S3-E7_2678.d.ZIP	ftp://ftp.pride.ebi.ac.uk/pride/data/archive/2025/07/PXD058294/20230908_SG_DrugPanel_I_IT_1_2_S3-E7_2678.d.ZIP	v1.1.0	NT=ms-proteomics;VV=v1.1.0	NT=dia-acquisition;VV=v1.1.0	manual curation	Vasculature
20230908_SG_DrugPanel_T_AS_1_2_S3-F6_2689.d.ZIP	homo sapiens	Vasculature	not applicable	not available	1	20230908_SG_DrugPanel_T_AS_1_2_S3-F6_2689.d.ZIP	proteomic profiling by mass spectrometry	Data-independent acquisition	NT=label free sample;AC=MS:1002038	NT=timstof ht;AC=MS:1003404	NT=Trypsin;AC=MS:1001251	NT=collision-induced dissociation;AC=MS:1000133	1	1	20230908_SG_DrugPanel_T_AS_1_2_S3-F6_2689.d.ZIP	ftp://ftp.pride.ebi.ac.uk/pride/data/archive/2025/07/PXD058294/20230908_SG_DrugPanel_T_AS_1_2_S3-F6_2689.d.ZIP	v1.1.0	NT=ms-proteomics;VV=v1.1.0	NT=dia-acquisition;VV=v1.1.0	manual curation	Vasculature
20230908_SG_DrugPanel_C2_1_S2-H2_2611.d.ZIP	homo sapiens	Vasculature	not applicable	not available	1	20230908_SG_DrugPanel_C2_1_S2-H2_2611.d.ZIP	proteomic profiling by mass spectrometry	Data-independent acquisition	NT=label free sample;AC=MS:1002038	NT=timstof ht;AC=MS:1003404	NT=Trypsin;AC=MS:1001251	NT=collision-induced dissociation;AC=MS:1000133	1	1	20230908_SG_DrugPanel_C2_1_S2-H2_2611.d.ZIP	ftp://ftp.pride.ebi.ac.uk/pride/data/archive/2025/07/PXD058294/20230908_SG_DrugPanel_C2_1_S2-H2_2611.d.ZIP	v1.1.0	NT=ms-proteomics;VV=v1.1.0	NT=dia-acquisition;VV=v1.1.0	manual curation	Vasculature
20230908_SG_DrugPanel_I_TP_1_3_S1-B7_2740.d.ZIP	homo sapiens	Vasculature	not applicable	not available	1	20230908_SG_DrugPanel_I_TP_1_3_S1-B7_2740.d.ZIP	proteomic profiling by mass spectrometry	Data-independent acquisition	NT=label free sample;AC=MS:1002038	NT=timstof ht;AC=MS:1003404	NT=Trypsin;AC=MS:1001251	NT=collision-induced dissociation;AC=MS:1000133	1	1	20230908_SG_DrugPanel_I_TP_1_3_S1-B7_2740.d.ZIP	ftp://ftp.pride.ebi.ac.uk/pride/data/archive/2025/07/PXD058294/20230908_SG_DrugPanel_I_TP_1_3_S1-B7_2740.d.ZIP	v1.1.0	NT=ms-proteomics;VV=v1.1.0	NT=dia-acquisition;VV=v1.1.0	manual curation	Vasculature
20230908_SG_DrugPanel_C_QN_10_3_S1-A9_2730.d.ZIP	homo sapiens	Vasculature	not applicable	not available	1	20230908_SG_DrugPanel_C_QN_10_3_S1-A9_2730.d.ZIP	proteomic profiling by mass spectrometry	Data-independent acquisition	NT=label free sample;AC=MS:1002038	NT=timstof ht;AC=MS:1003404	NT=Trypsin;AC=MS:1001251	NT=collision-induced dissociation;AC=MS:1000133	1	1	20230908_SG_DrugPanel_C_QN_10_3_S1-A9_2730.d.ZIP	ftp://ftp.pride.ebi.ac.uk/pride/data/archive/2025/07/PXD058294/20230908_SG_DrugPanel_C_QN_10_3_S1-A9_2730.d.ZIP	v1.1.0	NT=ms-proteomics;VV=v1.1.0	NT=dia-acquisition;VV=v1.1.0	manual curation	Vasculature
20230908_SG_DrugPanel_I_QN_10_3_S1-A11_2732.d.ZIP	homo sapiens	Vasculature	not applicable	not available	1	20230908_SG_DrugPanel_I_QN_10_3_S1-A11_2732.d.ZIP	proteomic profiling by mass spectrometry	Data-independent acquisition	NT=label free sample;AC=MS:1002038	NT=timstof ht;AC=MS:1003404	NT=Trypsin;AC=MS:1001251	NT=collision-induced dissociation;AC=MS:1000133	1	1	20230908_SG_DrugPanel_I_QN_10_3_S1-A11_2732.d.ZIP	ftp://ftp.pride.ebi.ac.uk/pride/data/archive/2025/07/PXD058294/20230908_SG_DrugPanel_I_QN_10_3_S1-A11_2732.d.ZIP	v1.1.0	NT=ms-proteomics;VV=v1.1.0	NT=dia-acquisition;VV=v1.1.0	manual curation	Vasculature
20230908_SG_DrugPanel_I_QN_0.1_2_S3-A3_2626.d.ZIP	homo sapiens	Vasculature	not applicable	not available	1	20230908_SG_DrugPanel_I_QN_0.1_2_S3-A3_2626.d.ZIP	proteomic profiling by mass spectrometry	Data-independent acquisition	NT=label free sample;AC=MS:1002038	NT=timstof ht;AC=MS:1003404	NT=Trypsin;AC=MS:1001251	NT=collision-induced dissociation;AC=MS:1000133	1	1	20230908_SG_DrugPanel_I_QN_0.1_2_S3-A3_2626.d.ZIP	ftp://ftp.pride.ebi.ac.uk/pride/data/archive/2025/07/PXD058294/20230908_SG_DrugPanel_I_QN_0.1_2_S3-A3_2626.d.ZIP	v1.1.0	NT=ms-proteomics;VV=v1.1.0	NT=dia-acquisition;VV=v1.1.0	manual curation	Vasculature
20230908_SG_DrugPanel_C_TP_10_3_S1-B9_2742.d.ZIP	homo sapiens	Vasculature	not applicable	not available	1	20230908_SG_DrugPanel_C_TP_10_3_S1-B9_2742.d.ZIP	proteomic profiling by mass spectrometry	Data-independent acquisition	NT=label free sample;AC=MS:1002038	NT=timstof ht;AC=MS:1003404	NT=Trypsin;AC=MS:1001251	NT=collision-induced dissociation;AC=MS:1000133	1	1	20230908_SG_DrugPanel_C_TP_10_3_S1-B9_2742.d.ZIP	ftp://ftp.pride.ebi.ac.uk/pride/data/archive/2025/07/PXD058294/20230908_SG_DrugPanel_C_TP_10_3_S1-B9_2742.d.ZIP	v1.1.0	NT=ms-proteomics;VV=v1.1.0	NT=dia-acquisition;VV=v1.1.0	manual curation	Vasculature
20230908_SG_DrugPanel_I_IT_0.1_2_S3-E3_2674.d.ZIP	homo sapiens	Vasculature	not applicable	not available	1	20230908_SG_DrugPanel_I_IT_0.1_2_S3-E3_2674.d.ZIP	proteomic profiling by mass spectrometry	Data-independent acquisition	NT=label free sample;AC=MS:1002038	NT=timstof ht;AC=MS:1003404	NT=Trypsin;AC=MS:1001251	NT=collision-induced dissociation;AC=MS:1000133	1	1	20230908_SG_DrugPanel_I_IT_0.1_2_S3-E3_2674.d.ZIP	ftp://ftp.pride.ebi.ac.uk/pride/data/archive/2025/07/PXD058294/20230908_SG_DrugPanel_I_IT_0.1_2_S3-E3_2674.d.ZIP	v1.1.0	NT=ms-proteomics;VV=v1.1.0	NT=dia-acquisition;VV=v1.1.0	manual curation	Vasculature
20230908_SG_DrugPanel_I3_1_S2-H9_2618.d.ZIP	homo sapiens	Vasculature	not applicable	not available	1	20230908_SG_DrugPanel_I3_1_S2-H9_2618.d.ZIP	proteomic profiling by mass spectrometry	Data-independent acquisition	NT=label free sample;AC=MS:1002038	NT=timstof ht;AC=MS:1003404	NT=Trypsin;AC=MS:1001251	NT=collision-induced dissociation;AC=MS:1000133	1	1	20230908_SG_DrugPanel_I3_1_S2-H9_2618.d.ZIP	ftp://ftp.pride.ebi.ac.uk/pride/data/archive/2025/07/PXD058294/20230908_SG_DrugPanel_I3_1_S2-H9_2618.d.ZIP	v1.1.0	NT=ms-proteomics;VV=v1.1.0	NT=dia-acquisition;VV=v1.1.0	manual curation	Vasculature
20230908_SG_DrugPanel_C1_1_S2-H1_2610.d.ZIP	homo sapiens	Vasculature	not applicable	not available	1	20230908_SG_DrugPanel_C1_1_S2-H1_2610.d.ZIP	proteomic profiling by mass spectrometry	Data-independent acquisition	NT=label free sample;AC=MS:1002038	NT=timstof ht;AC=MS:1003404	NT=Trypsin;AC=MS:1001251	NT=collision-induced dissociation;AC=MS:1000133	1	1	20230908_SG_DrugPanel_C1_1_S2-H1_2610.d.ZIP	ftp://ftp.pride.ebi.ac.uk/pride/data/archive/2025/07/PXD058294/20230908_SG_DrugPanel_C1_1_S2-H1_2610.d.ZIP	v1.1.0	NT=ms-proteomics;VV=v1.1.0	NT=dia-acquisition;VV=v1.1.0	manual curation	Vasculature
20230908_SG_DrugPanel_T_QN_1_3_S1-A6_2727.d.ZIP	homo sapiens	Vasculature	not applicable	not available	1	20230908_SG_DrugPanel_T_QN_1_3_S1-A6_2727.d.ZIP	proteomic profiling by mass spectrometry	Data-independent acquisition	NT=label free sample;AC=MS:1002038	NT=timstof ht;AC=MS:1003404	NT=Trypsin;AC=MS:1001251	NT=collision-induced dissociation;AC=MS:1000133	1	1	20230908_SG_DrugPanel_T_QN_1_3_S1-A6_2727.d.ZIP	ftp://ftp.pride.ebi.ac.uk/pride/data/archive/2025/07/PXD058294/20230908_SG_DrugPanel_T_QN_1_3_S1-A6_2727.d.ZIP	v1.1.0	NT=ms-proteomics;VV=v1.1.0	NT=dia-acquisition;VV=v1.1.0	manual curation	Vasculature
20230908_SG_DrugPanel_T2_1_S2-H5_2614.d.ZIP	homo sapiens	Vasculature	not applicable	not available	1	20230908_SG_DrugPanel_T2_1_S2-H5_2614.d.ZIP	proteomic profiling by mass spectrometry	Data-independent acquisition	NT=label free sample;AC=MS:1002038	NT=timstof ht;AC=MS:1003404	NT=Trypsin;AC=MS:1001251	NT=collision-induced dissociation;AC=MS:1000133	1	1	20230908_SG_DrugPanel_T2_1_S2-H5_2614.d.ZIP	ftp://ftp.pride.ebi.ac.uk/pride/data/archive/2025/07/PXD058294/20230908_SG_DrugPanel_T2_1_S2-H5_2614.d.ZIP	v1.1.0	NT=ms-proteomics;VV=v1.1.0	NT=dia-acquisition;VV=v1.1.0	manual curation	Vasculature
20230908_SG_DrugPanel_C_JS_100_3_S1-C9_2754.d.ZIP	homo sapiens	Vasculature	not applicable	not available	1	20230908_SG_DrugPanel_C_JS_100_3_S1-C9_2754.d.ZIP	proteomic profiling by mass spectrometry	Data-independent acquisition	NT=label free sample;AC=MS:1002038	NT=timstof ht;AC=MS:1003404	NT=Trypsin;AC=MS:1001251	NT=collision-induced dissociation;AC=MS:1000133	1	1	20230908_SG_DrugPanel_C_JS_100_3_S1-C9_2754.d.ZIP	ftp://ftp.pride.ebi.ac.uk/pride/data/archive/2025/07/PXD058294/20230908_SG_DrugPanel_C_JS_100_3_S1-C9_2754.d.ZIP	v1.1.0	NT=ms-proteomics;VV=v1.1.0	NT=dia-acquisition;VV=v1.1.0	manual curation	Vasculature
20230908_SG_DrugPanel_C_AS_0.1_3_S1-F1_2782.d.ZIP	homo sapiens	Vasculature	not applicable	not available	1	20230908_SG_DrugPanel_C_AS_0.1_3_S1-F1_2782.d.ZIP	proteomic profiling by mass spectrometry	Data-independent acquisition	NT=label free sample;AC=MS:1002038	NT=timstof ht;AC=MS:1003404	NT=Trypsin;AC=MS:1001251	NT=collision-induced dissociation;AC=MS:1000133	1	1	20230908_SG_DrugPanel_C_AS_0.1_3_S1-F1_2782.d.ZIP	ftp://ftp.pride.ebi.ac.uk/pride/data/archive/2025/07/PXD058294/20230908_SG_DrugPanel_C_AS_0.1_3_S1-F1_2782.d.ZIP	v1.1.0	NT=ms-proteomics;VV=v1.1.0	NT=dia-acquisition;VV=v1.1.0	manual curation	Vasculature
20230908_SG_DrugPanel_T_AS_0.1_1_S2-F2_2587.d.ZIP	homo sapiens	Vasculature	not applicable	not available	1	20230908_SG_DrugPanel_T_AS_0.1_1_S2-F2_2587.d.ZIP	proteomic profiling by mass spectrometry	Data-independent acquisition	NT=label free sample;AC=MS:1002038	NT=timstof ht;AC=MS:1003404	NT=Trypsin;AC=MS:1001251	NT=collision-induced dissociation;AC=MS:1000133	1	1	20230908_SG_DrugPanel_T_AS_0.1_1_S2-F2_2587.d.ZIP	ftp://ftp.pride.ebi.ac.uk/pride/data/archive/2025/07/PXD058294/20230908_SG_DrugPanel_T_AS_0.1_1_S2-F2_2587.d.ZIP	v1.1.0	NT=ms-proteomics;VV=v1.1.0	NT=dia-acquisition;VV=v1.1.0	manual curation	Vasculature
20230908_SG_DrugPanel_I_RI_1_3_S1-G7_2800.d.ZIP	homo sapiens	Vasculature	not applicable	not available	1	20230908_SG_DrugPanel_I_RI_1_3_S1-G7_2800.d.ZIP	proteomic profiling by mass spectrometry	Data-independent acquisition	NT=label free sample;AC=MS:1002038	NT=timstof ht;AC=MS:1003404	NT=Trypsin;AC=MS:1001251	NT=collision-induced dissociation;AC=MS:1000133	1	1	20230908_SG_DrugPanel_I_RI_1_3_S1-G7_2800.d.ZIP	ftp://ftp.pride.ebi.ac.uk/pride/data/archive/2025/07/PXD058294/20230908_SG_DrugPanel_I_RI_1_3_S1-G7_2800.d.ZIP	v1.1.0	NT=ms-proteomics;VV=v1.1.0	NT=dia-acquisition;VV=v1.1.0	manual curation	Vasculature
20230908_SG_DrugPanel_C_TP_1_2_S3-B5_2640.d.ZIP	homo sapiens	Vasculature	not applicable	not available	1	20230908_SG_DrugPanel_C_TP_1_2_S3-B5_2640.d.ZIP	proteomic profiling by mass spectrometry	Data-independent acquisition	NT=label free sample;AC=MS:1002038	NT=timstof ht;AC=MS:1003404	NT=Trypsin;AC=MS:1001251	NT=collision-induced dissociation;AC=MS:1000133	1	1	20230908_SG_DrugPanel_C_TP_1_2_S3-B5_2640.d.ZIP	ftp://ftp.pride.ebi.ac.uk/pride/data/archive/2025/07/PXD058294/20230908_SG_DrugPanel_C_TP_1_2_S3-B5_2640.d.ZIP	v1.1.0	NT=ms-proteomics;VV=v1.1.0	NT=dia-acquisition;VV=v1.1.0	manual curation	Vasculature
20230908_SG_DrugPanel_C_JS_10_3_S1-C1_2746.d.ZIP	homo sapiens	Vasculature	not applicable	not available	1	20230908_SG_DrugPanel_C_JS_10_3_S1-C1_2746.d.ZIP	proteomic profiling by mass spectrometry	Data-independent acquisition	NT=label free sample;AC=MS:1002038	NT=timstof ht;AC=MS:1003404	NT=Trypsin;AC=MS:1001251	NT=collision-induced dissociation;AC=MS:1000133	1	1	20230908_SG_DrugPanel_C_JS_10_3_S1-C1_2746.d.ZIP	ftp://ftp.pride.ebi.ac.uk/pride/data/archive/2025/07/PXD058294/20230908_SG_DrugPanel_C_JS_10_3_S1-C1_2746.d.ZIP	v1.1.0	NT=ms-proteomics;VV=v1.1.0	NT=dia-acquisition;VV=v1.1.0	manual curation	Vasculature
20230908_SG_DrugPanel_M3_3_S1-H12_2817.d.ZIP	homo sapiens	Vasculature	not applicable	not available	1	20230908_SG_DrugPanel_M3_3_S1-H12_2817.d.ZIP	proteomic profiling by mass spectrometry	Data-independent acquisition	NT=label free sample;AC=MS:1002038	NT=timstof ht;AC=MS:1003404	NT=Trypsin;AC=MS:1001251	NT=collision-induced dissociation;AC=MS:1000133	1	1	20230908_SG_DrugPanel_M3_3_S1-H12_2817.d.ZIP	ftp://ftp.pride.ebi.ac.uk/pride/data/archive/2025/07/PXD058294/20230908_SG_DrugPanel_M3_3_S1-H12_2817.d.ZIP	v1.1.0	NT=ms-proteomics;VV=v1.1.0	NT=dia-acquisition;VV=v1.1.0	manual curation	Vasculature
20230908_SG_DrugPanel_I_SH_100_1_S2-D11_2572.d.ZIP	homo sapiens	Vasculature	not applicable	not available	1	20230908_SG_DrugPanel_I_SH_100_1_S2-D11_2572.d.ZIP	proteomic profiling by mass spectrometry	Data-independent acquisition	NT=label free sample;AC=MS:1002038	NT=timstof ht;AC=MS:1003404	NT=Trypsin;AC=MS:1001251	NT=collision-induced dissociation;AC=MS:1000133	1	1	20230908_SG_DrugPanel_I_SH_100_1_S2-D11_2572.d.ZIP	ftp://ftp.pride.ebi.ac.uk/pride/data/archive/2025/07/PXD058294/20230908_SG_DrugPanel_I_SH_100_1_S2-D11_2572.d.ZIP	v1.1.0	NT=ms-proteomics;VV=v1.1.0	NT=dia-acquisition;VV=v1.1.0	manual curation	Vasculature
20230908_SG_DrugPanel_M3_2_S3-H12_2719.d.ZIP	homo sapiens	Vasculature	not applicable	not available	1	20230908_SG_DrugPanel_M3_2_S3-H12_2719.d.ZIP	proteomic profiling by mass spectrometry	Data-independent acquisition	NT=label free sample;AC=MS:1002038	NT=timstof ht;AC=MS:1003404	NT=Trypsin;AC=MS:1001251	NT=collision-induced dissociation;AC=MS:1000133	1	1	20230908_SG_DrugPanel_M3_2_S3-H12_2719.d.ZIP	ftp://ftp.pride.ebi.ac.uk/pride/data/archive/2025/07/PXD058294/20230908_SG_DrugPanel_M3_2_S3-H12_2719.d.ZIP	v1.1.0	NT=ms-proteomics;VV=v1.1.0	NT=dia-acquisition;VV=v1.1.0	manual curation	Vasculature
20230908_SG_DrugPanel_T_JS_100_3_S1-C10_2755.d.ZIP	homo sapiens	Vasculature	not applicable	not available	1	20230908_SG_DrugPanel_T_JS_100_3_S1-C10_2755.d.ZIP	proteomic profiling by mass spectrometry	Data-independent acquisition	NT=label free sample;AC=MS:1002038	NT=timstof ht;AC=MS:1003404	NT=Trypsin;AC=MS:1001251	NT=collision-induced dissociation;AC=MS:1000133	1	1	20230908_SG_DrugPanel_T_JS_100_3_S1-C10_2755.d.ZIP	ftp://ftp.pride.ebi.ac.uk/pride/data/archive/2025/07/PXD058294/20230908_SG_DrugPanel_T_JS_100_3_S1-C10_2755.d.ZIP	v1.1.0	NT=ms-proteomics;VV=v1.1.0	NT=dia-acquisition;VV=v1.1.0	manual curation	Vasculature
20230908_SG_DrugPanel_I_AS_10_2_S3-F11_2694.d.ZIP	homo sapiens	Vasculature	not applicable	not available	1	20230908_SG_DrugPanel_I_AS_10_2_S3-F11_2694.d.ZIP	proteomic profiling by mass spectrometry	Data-independent acquisition	NT=label free sample;AC=MS:1002038	NT=timstof ht;AC=MS:1003404	NT=Trypsin;AC=MS:1001251	NT=collision-induced dissociation;AC=MS:1000133	1	1	20230908_SG_DrugPanel_I_AS_10_2_S3-F11_2694.d.ZIP	ftp://ftp.pride.ebi.ac.uk/pride/data/archive/2025/07/PXD058294/20230908_SG_DrugPanel_I_AS_10_2_S3-F11_2694.d.ZIP	v1.1.0	NT=ms-proteomics;VV=v1.1.0	NT=dia-acquisition;VV=v1.1.0	manual curation	Vasculature
20230908_SG_DrugPanel_T_RI_0.1_1_S2-G2_2599.d.ZIP	homo sapiens	Vasculature	not applicable	not available	1	20230908_SG_DrugPanel_T_RI_0.1_1_S2-G2_2599.d.ZIP	proteomic profiling by mass spectrometry	Data-independent acquisition	NT=label free sample;AC=MS:1002038	NT=timstof ht;AC=MS:1003404	NT=Trypsin;AC=MS:1001251	NT=collision-induced dissociation;AC=MS:1000133	1	1	20230908_SG_DrugPanel_T_RI_0.1_1_S2-G2_2599.d.ZIP	ftp://ftp.pride.ebi.ac.uk/pride/data/archive/2025/07/PXD058294/20230908_SG_DrugPanel_T_RI_0.1_1_S2-G2_2599.d.ZIP	v1.1.0	NT=ms-proteomics;VV=v1.1.0	NT=dia-acquisition;VV=v1.1.0	manual curation	Vasculature
20230908_SG_DrugPanel_C_IT_0.1_2_S3-E1_2672.d.ZIP	homo sapiens	Vasculature	not applicable	not available	1	20230908_SG_DrugPanel_C_IT_0.1_2_S3-E1_2672.d.ZIP	proteomic profiling by mass spectrometry	Data-independent acquisition	NT=label free sample;AC=MS:1002038	NT=timstof ht;AC=MS:1003404	NT=Trypsin;AC=MS:1001251	NT=collision-induced dissociation;AC=MS:1000133	1	1	20230908_SG_DrugPanel_C_IT_0.1_2_S3-E1_2672.d.ZIP	ftp://ftp.pride.ebi.ac.uk/pride/data/archive/2025/07/PXD058294/20230908_SG_DrugPanel_C_IT_0.1_2_S3-E1_2672.d.ZIP	v1.1.0	NT=ms-proteomics;VV=v1.1.0	NT=dia-acquisition;VV=v1.1.0	manual curation	Vasculature
20230908_SG_DrugPanel_T_RI_10_2_S3-G10_2705.d.ZIP	homo sapiens	Vasculature	not applicable	not available	1	20230908_SG_DrugPanel_T_RI_10_2_S3-G10_2705.d.ZIP	proteomic profiling by mass spectrometry	Data-independent acquisition	NT=label free sample;AC=MS:1002038	NT=timstof ht;AC=MS:1003404	NT=Trypsin;AC=MS:1001251	NT=collision-induced dissociation;AC=MS:1000133	1	1	20230908_SG_DrugPanel_T_RI_10_2_S3-G10_2705.d.ZIP	ftp://ftp.pride.ebi.ac.uk/pride/data/archive/2025/07/PXD058294/20230908_SG_DrugPanel_T_RI_10_2_S3-G10_2705.d.ZIP	v1.1.0	NT=ms-proteomics;VV=v1.1.0	NT=dia-acquisition;VV=v1.1.0	manual curation	Vasculature
20230908_SG_DrugPanel_C3_2_S3-H3_2710.d.ZIP	homo sapiens	Vasculature	not applicable	not available	1	20230908_SG_DrugPanel_C3_2_S3-H3_2710.d.ZIP	proteomic profiling by mass spectrometry	Data-independent acquisition	NT=label free sample;AC=MS:1002038	NT=timstof ht;AC=MS:1003404	NT=Trypsin;AC=MS:1001251	NT=collision-induced dissociation;AC=MS:1000133	1	1	20230908_SG_DrugPanel_C3_2_S3-H3_2710.d.ZIP	ftp://ftp.pride.ebi.ac.uk/pride/data/archive/2025/07/PXD058294/20230908_SG_DrugPanel_C3_2_S3-H3_2710.d.ZIP	v1.1.0	NT=ms-proteomics;VV=v1.1.0	NT=dia-acquisition;VV=v1.1.0	manual curation	Vasculature
20230908_SG_DrugPanel_M_QN_0.1_3_S1-A4_2725.d.ZIP	homo sapiens	Vasculature	not applicable	not available	1	20230908_SG_DrugPanel_M_QN_0.1_3_S1-A4_2725.d.ZIP	proteomic profiling by mass spectrometry	Data-independent acquisition	NT=label free sample;AC=MS:1002038	NT=timstof ht;AC=MS:1003404	NT=Trypsin;AC=MS:1001251	NT=collision-induced dissociation;AC=MS:1000133	1	1	20230908_SG_DrugPanel_M_QN_0.1_3_S1-A4_2725.d.ZIP	ftp://ftp.pride.ebi.ac.uk/pride/data/archive/2025/07/PXD058294/20230908_SG_DrugPanel_M_QN_0.1_3_S1-A4_2725.d.ZIP	v1.1.0	NT=ms-proteomics;VV=v1.1.0	NT=dia-acquisition;VV=v1.1.0	manual curation	Vasculature
20230908_SG_DrugPanel_M_TP_10_3_S1-B12_2745.d.ZIP	homo sapiens	Vasculature	not applicable	not available	1	20230908_SG_DrugPanel_M_TP_10_3_S1-B12_2745.d.ZIP	proteomic profiling by mass spectrometry	Data-independent acquisition	NT=label free sample;AC=MS:1002038	NT=timstof ht;AC=MS:1003404	NT=Trypsin;AC=MS:1001251	NT=collision-induced dissociation;AC=MS:1000133	1	1	20230908_SG_DrugPanel_M_TP_10_3_S1-B12_2745.d.ZIP	ftp://ftp.pride.ebi.ac.uk/pride/data/archive/2025/07/PXD058294/20230908_SG_DrugPanel_M_TP_10_3_S1-B12_2745.d.ZIP	v1.1.0	NT=ms-proteomics;VV=v1.1.0	NT=dia-acquisition;VV=v1.1.0	manual curation	Vasculature
20230908_SG_DrugPanel_M_AS_0.1_2_S3-F4_2687.d.ZIP	homo sapiens	Vasculature	not applicable	not available	1	20230908_SG_DrugPanel_M_AS_0.1_2_S3-F4_2687.d.ZIP	proteomic profiling by mass spectrometry	Data-independent acquisition	NT=label free sample;AC=MS:1002038	NT=timstof ht;AC=MS:1003404	NT=Trypsin;AC=MS:1001251	NT=collision-induced dissociation;AC=MS:1000133	1	1	20230908_SG_DrugPanel_M_AS_0.1_2_S3-F4_2687.d.ZIP	ftp://ftp.pride.ebi.ac.uk/pride/data/archive/2025/07/PXD058294/20230908_SG_DrugPanel_M_AS_0.1_2_S3-F4_2687.d.ZIP	v1.1.0	NT=ms-proteomics;VV=v1.1.0	NT=dia-acquisition;VV=v1.1.0	manual curation	Vasculature
20230908_SG_DrugPanel_T_JS_10_1_S2-C2_2551.d.ZIP	homo sapiens	Vasculature	not applicable	not available	1	20230908_SG_DrugPanel_T_JS_10_1_S2-C2_2551.d.ZIP	proteomic profiling by mass spectrometry	Data-independent acquisition	NT=label free sample;AC=MS:1002038	NT=timstof ht;AC=MS:1003404	NT=Trypsin;AC=MS:1001251	NT=collision-induced dissociation;AC=MS:1000133	1	1	20230908_SG_DrugPanel_T_JS_10_1_S2-C2_2551.d.ZIP	ftp://ftp.pride.ebi.ac.uk/pride/data/archive/2025/07/PXD058294/20230908_SG_DrugPanel_T_JS_10_1_S2-C2_2551.d.ZIP	v1.1.0	NT=ms-proteomics;VV=v1.1.0	NT=dia-acquisition;VV=v1.1.0	manual curation	Vasculature
20230908_SG_DrugPanel_I_AS_1_3_S1-F7_2788.d.ZIP	homo sapiens	Vasculature	not applicable	not available	1	20230908_SG_DrugPanel_I_AS_1_3_S1-F7_2788.d.ZIP	proteomic profiling by mass spectrometry	Data-independent acquisition	NT=label free sample;AC=MS:1002038	NT=timstof ht;AC=MS:1003404	NT=Trypsin;AC=MS:1001251	NT=collision-induced dissociation;AC=MS:1000133	1	1	20230908_SG_DrugPanel_I_AS_1_3_S1-F7_2788.d.ZIP	ftp://ftp.pride.ebi.ac.uk/pride/data/archive/2025/07/PXD058294/20230908_SG_DrugPanel_I_AS_1_3_S1-F7_2788.d.ZIP	v1.1.0	NT=ms-proteomics;VV=v1.1.0	NT=dia-acquisition;VV=v1.1.0	manual curation	Vasculature
20230908_SG_DrugPanel_M_RI_0.1_2_S3-G4_2699.d.ZIP	homo sapiens	Vasculature	not applicable	not available	1	20230908_SG_DrugPanel_M_RI_0.1_2_S3-G4_2699.d.ZIP	proteomic profiling by mass spectrometry	Data-independent acquisition	NT=label free sample;AC=MS:1002038	NT=timstof ht;AC=MS:1003404	NT=Trypsin;AC=MS:1001251	NT=collision-induced dissociation;AC=MS:1000133	1	1	20230908_SG_DrugPanel_M_RI_0.1_2_S3-G4_2699.d.ZIP	ftp://ftp.pride.ebi.ac.uk/pride/data/archive/2025/07/PXD058294/20230908_SG_DrugPanel_M_RI_0.1_2_S3-G4_2699.d.ZIP	v1.1.0	NT=ms-proteomics;VV=v1.1.0	NT=dia-acquisition;VV=v1.1.0	manual curation	Vasculature
20230908_SG_DrugPanel_M_JS_10_2_S3-C4_2651.d.ZIP	homo sapiens	Vasculature	not applicable	not available	1	20230908_SG_DrugPanel_M_JS_10_2_S3-C4_2651.d.ZIP	proteomic profiling by mass spectrometry	Data-independent acquisition	NT=label free sample;AC=MS:1002038	NT=timstof ht;AC=MS:1003404	NT=Trypsin;AC=MS:1001251	NT=collision-induced dissociation;AC=MS:1000133	1	1	20230908_SG_DrugPanel_M_JS_10_2_S3-C4_2651.d.ZIP	ftp://ftp.pride.ebi.ac.uk/pride/data/archive/2025/07/PXD058294/20230908_SG_DrugPanel_M_JS_10_2_S3-C4_2651.d.ZIP	v1.1.0	NT=ms-proteomics;VV=v1.1.0	NT=dia-acquisition;VV=v1.1.0	manual curation	Vasculature
20230908_SG_DrugPanel_I3_3_S1-H9_2814.d.ZIP	homo sapiens	Vasculature	not applicable	not available	1	20230908_SG_DrugPanel_I3_3_S1-H9_2814.d.ZIP	proteomic profiling by mass spectrometry	Data-independent acquisition	NT=label free sample;AC=MS:1002038	NT=timstof ht;AC=MS:1003404	NT=Trypsin;AC=MS:1001251	NT=collision-induced dissociation;AC=MS:1000133	1	1	20230908_SG_DrugPanel_I3_3_S1-H9_2814.d.ZIP	ftp://ftp.pride.ebi.ac.uk/pride/data/archive/2025/07/PXD058294/20230908_SG_DrugPanel_I3_3_S1-H9_2814.d.ZIP	v1.1.0	NT=ms-proteomics;VV=v1.1.0	NT=dia-acquisition;VV=v1.1.0	manual curation	Vasculature
20230908_SG_DrugPanel_T3_1_S2-H6_2615.d.ZIP	homo sapiens	Vasculature	not applicable	not available	1	20230908_SG_DrugPanel_T3_1_S2-H6_2615.d.ZIP	proteomic profiling by mass spectrometry	Data-independent acquisition	NT=label free sample;AC=MS:1002038	NT=timstof ht;AC=MS:1003404	NT=Trypsin;AC=MS:1001251	NT=collision-induced dissociation;AC=MS:1000133	1	1	20230908_SG_DrugPanel_T3_1_S2-H6_2615.d.ZIP	ftp://ftp.pride.ebi.ac.uk/pride/data/archive/2025/07/PXD058294/20230908_SG_DrugPanel_T3_1_S2-H6_2615.d.ZIP	v1.1.0	NT=ms-proteomics;VV=v1.1.0	NT=dia-acquisition;VV=v1.1.0	manual curation	Vasculature
20230908_SG_DrugPanel_I_QN_0.1_3_S1-A3_2724.d.ZIP	homo sapiens	Vasculature	not applicable	not available	1	20230908_SG_DrugPanel_I_QN_0.1_3_S1-A3_2724.d.ZIP	proteomic profiling by mass spectrometry	Data-independent acquisition	NT=label free sample;AC=MS:1002038	NT=timstof ht;AC=MS:1003404	NT=Trypsin;AC=MS:1001251	NT=collision-induced dissociation;AC=MS:1000133	1	1	20230908_SG_DrugPanel_I_QN_0.1_3_S1-A3_2724.d.ZIP	ftp://ftp.pride.ebi.ac.uk/pride/data/archive/2025/07/PXD058294/20230908_SG_DrugPanel_I_QN_0.1_3_S1-A3_2724.d.ZIP	v1.1.0	NT=ms-proteomics;VV=v1.1.0	NT=dia-acquisition;VV=v1.1.0	manual curation	Vasculature
20230908_SG_DrugPanel_M_AS_1_3_S1-F8_2789.d.ZIP	homo sapiens	Vasculature	not applicable	not available	1	20230908_SG_DrugPanel_M_AS_1_3_S1-F8_2789.d.ZIP	proteomic profiling by mass spectrometry	Data-independent acquisition	NT=label free sample;AC=MS:1002038	NT=timstof ht;AC=MS:1003404	NT=Trypsin;AC=MS:1001251	NT=collision-induced dissociation;AC=MS:1000133	1	1	20230908_SG_DrugPanel_M_AS_1_3_S1-F8_2789.d.ZIP	ftp://ftp.pride.ebi.ac.uk/pride/data/archive/2025/07/PXD058294/20230908_SG_DrugPanel_M_AS_1_3_S1-F8_2789.d.ZIP	v1.1.0	NT=ms-proteomics;VV=v1.1.0	NT=dia-acquisition;VV=v1.1.0	manual curation	Vasculature
20230908_SG_DrugPanel_I_IT_10_3_S1-E11_2780.d.ZIP	homo sapiens	Vasculature	not applicable	not available	1	20230908_SG_DrugPanel_I_IT_10_3_S1-E11_2780.d.ZIP	proteomic profiling by mass spectrometry	Data-independent acquisition	NT=label free sample;AC=MS:1002038	NT=timstof ht;AC=MS:1003404	NT=Trypsin;AC=MS:1001251	NT=collision-induced dissociation;AC=MS:1000133	1	1	20230908_SG_DrugPanel_I_IT_10_3_S1-E11_2780.d.ZIP	ftp://ftp.pride.ebi.ac.uk/pride/data/archive/2025/07/PXD058294/20230908_SG_DrugPanel_I_IT_10_3_S1-E11_2780.d.ZIP	v1.1.0	NT=ms-proteomics;VV=v1.1.0	NT=dia-acquisition;VV=v1.1.0	manual curation	Vasculature
20230908_SG_DrugPanel_T_RI_1_1_S2-G6_2603.d.ZIP	homo sapiens	Vasculature	not applicable	not available	1	20230908_SG_DrugPanel_T_RI_1_1_S2-G6_2603.d.ZIP	proteomic profiling by mass spectrometry	Data-independent acquisition	NT=label free sample;AC=MS:1002038	NT=timstof ht;AC=MS:1003404	NT=Trypsin;AC=MS:1001251	NT=collision-induced dissociation;AC=MS:1000133	1	1	20230908_SG_DrugPanel_T_RI_1_1_S2-G6_2603.d.ZIP	ftp://ftp.pride.ebi.ac.uk/pride/data/archive/2025/07/PXD058294/20230908_SG_DrugPanel_T_RI_1_1_S2-G6_2603.d.ZIP	v1.1.0	NT=ms-proteomics;VV=v1.1.0	NT=dia-acquisition;VV=v1.1.0	manual curation	Vasculature
20230908_SG_DrugPanel_T_TP_10_1_S2-B10_2547.d.ZIP	homo sapiens	Vasculature	not applicable	not available	1	20230908_SG_DrugPanel_T_TP_10_1_S2-B10_2547.d.ZIP	proteomic profiling by mass spectrometry	Data-independent acquisition	NT=label free sample;AC=MS:1002038	NT=timstof ht;AC=MS:1003404	NT=Trypsin;AC=MS:1001251	NT=collision-induced dissociation;AC=MS:1000133	1	1	20230908_SG_DrugPanel_T_TP_10_1_S2-B10_2547.d.ZIP	ftp://ftp.pride.ebi.ac.uk/pride/data/archive/2025/07/PXD058294/20230908_SG_DrugPanel_T_TP_10_1_S2-B10_2547.d.ZIP	v1.1.0	NT=ms-proteomics;VV=v1.1.0	NT=dia-acquisition;VV=v1.1.0	manual curation	Vasculature
230908_SG_DrugPanel_T_TP_1_3_RR_S2-B1_2833.d.ZIP	homo sapiens	Vasculature	not applicable	not available	1	230908_SG_DrugPanel_T_TP_1_3_RR_S2-B1_2833.d.ZIP	proteomic profiling by mass spectrometry	Data-independent acquisition	NT=label free sample;AC=MS:1002038	NT=timstof ht;AC=MS:1003404	NT=Trypsin;AC=MS:1001251	NT=collision-induced dissociation;AC=MS:1000133	1	1	230908_SG_DrugPanel_T_TP_1_3_RR_S2-B1_2833.d.ZIP	ftp://ftp.pride.ebi.ac.uk/pride/data/archive/2025/07/PXD058294/230908_SG_DrugPanel_T_TP_1_3_RR_S2-B1_2833.d.ZIP	v1.1.0	NT=ms-proteomics;VV=v1.1.0	NT=dia-acquisition;VV=v1.1.0	manual curation	Vasculature
20230908_SG_DrugPanel_T_JS_10_1_S2-C6_2555.d.ZIP	homo sapiens	Vasculature	not applicable	not available	1	20230908_SG_DrugPanel_T_JS_10_1_S2-C6_2555.d.ZIP	proteomic profiling by mass spectrometry	Data-independent acquisition	NT=label free sample;AC=MS:1002038	NT=timstof ht;AC=MS:1003404	NT=Trypsin;AC=MS:1001251	NT=collision-induced dissociation;AC=MS:1000133	1	1	20230908_SG_DrugPanel_T_JS_10_1_S2-C6_2555.d.ZIP	ftp://ftp.pride.ebi.ac.uk/pride/data/archive/2025/07/PXD058294/20230908_SG_DrugPanel_T_JS_10_1_S2-C6_2555.d.ZIP	v1.1.0	NT=ms-proteomics;VV=v1.1.0	NT=dia-acquisition;VV=v1.1.0	manual curation	Vasculature
20230908_SG_DrugPanel_M_TP_0.1_3_S1-B4_2737.d.ZIP	homo sapiens	Vasculature	not applicable	not available	1	20230908_SG_DrugPanel_M_TP_0.1_3_S1-B4_2737.d.ZIP	proteomic profiling by mass spectrometry	Data-independent acquisition	NT=label free sample;AC=MS:1002038	NT=timstof ht;AC=MS:1003404	NT=Trypsin;AC=MS:1001251	NT=collision-induced dissociation;AC=MS:1000133	1	1	20230908_SG_DrugPanel_M_TP_0.1_3_S1-B4_2737.d.ZIP	ftp://ftp.pride.ebi.ac.uk/pride/data/archive/2025/07/PXD058294/20230908_SG_DrugPanel_M_TP_0.1_3_S1-B4_2737.d.ZIP	v1.1.0	NT=ms-proteomics;VV=v1.1.0	NT=dia-acquisition;VV=v1.1.0	manual curation	Vasculature
20230908_SG_DrugPanel_C_TP_1_3_S1-B5_2738.d.ZIP	homo sapiens	Vasculature	not applicable	not available	1	20230908_SG_DrugPanel_C_TP_1_3_S1-B5_2738.d.ZIP	proteomic profiling by mass spectrometry	Data-independent acquisition	NT=label free sample;AC=MS:1002038	NT=timstof ht;AC=MS:1003404	NT=Trypsin;AC=MS:1001251	NT=collision-induced dissociation;AC=MS:1000133	1	1	20230908_SG_DrugPanel_C_TP_1_3_S1-B5_2738.d.ZIP	ftp://ftp.pride.ebi.ac.uk/pride/data/archive/2025/07/PXD058294/20230908_SG_DrugPanel_C_TP_1_3_S1-B5_2738.d.ZIP	v1.1.0	NT=ms-proteomics;VV=v1.1.0	NT=dia-acquisition;VV=v1.1.0	manual curation	Vasculature
20230908_SG_DrugPanel_T1_1_S2-H4_2613.d.ZIP	homo sapiens	Vasculature	not applicable	not available	1	20230908_SG_DrugPanel_T1_1_S2-H4_2613.d.ZIP	proteomic profiling by mass spectrometry	Data-independent acquisition	NT=label free sample;AC=MS:1002038	NT=timstof ht;AC=MS:1003404	NT=Trypsin;AC=MS:1001251	NT=collision-induced dissociation;AC=MS:1000133	1	1	20230908_SG_DrugPanel_T1_1_S2-H4_2613.d.ZIP	ftp://ftp.pride.ebi.ac.uk/pride/data/archive/2025/07/PXD058294/20230908_SG_DrugPanel_T1_1_S2-H4_2613.d.ZIP	v1.1.0	NT=ms-proteomics;VV=v1.1.0	NT=dia-acquisition;VV=v1.1.0	manual curation	Vasculature
20230908_SG_DrugPanel_M_RI_0.1_3_S1-G4_2797.d.ZIP	homo sapiens	Vasculature	not applicable	not available	1	20230908_SG_DrugPanel_M_RI_0.1_3_S1-G4_2797.d.ZIP	proteomic profiling by mass spectrometry	Data-independent acquisition	NT=label free sample;AC=MS:1002038	NT=timstof ht;AC=MS:1003404	NT=Trypsin;AC=MS:1001251	NT=collision-induced dissociation;AC=MS:1000133	1	1	20230908_SG_DrugPanel_M_RI_0.1_3_S1-G4_2797.d.ZIP	ftp://ftp.pride.ebi.ac.uk/pride/data/archive/2025/07/PXD058294/20230908_SG_DrugPanel_M_RI_0.1_3_S1-G4_2797.d.ZIP	v1.1.0	NT=ms-proteomics;VV=v1.1.0	NT=dia-acquisition;VV=v1.1.0	manual curation	Vasculature
20230908_SG_DrugPanel_M_QN_0.1_2_S3-A4_2627.d.ZIP	homo sapiens	Vasculature	not applicable	not available	1	20230908_SG_DrugPanel_M_QN_0.1_2_S3-A4_2627.d.ZIP	proteomic profiling by mass spectrometry	Data-independent acquisition	NT=label free sample;AC=MS:1002038	NT=timstof ht;AC=MS:1003404	NT=Trypsin;AC=MS:1001251	NT=collision-induced dissociation;AC=MS:1000133	1	1	20230908_SG_DrugPanel_M_QN_0.1_2_S3-A4_2627.d.ZIP	ftp://ftp.pride.ebi.ac.uk/pride/data/archive/2025/07/PXD058294/20230908_SG_DrugPanel_M_QN_0.1_2_S3-A4_2627.d.ZIP	v1.1.0	NT=ms-proteomics;VV=v1.1.0	NT=dia-acquisition;VV=v1.1.0	manual curation	Vasculature
20230908_SG_DrugPanel_T_SH_1_1_S2-D2_2563.d.ZIP	homo sapiens	Vasculature	not applicable	not available	1	20230908_SG_DrugPanel_T_SH_1_1_S2-D2_2563.d.ZIP	proteomic profiling by mass spectrometry	Data-independent acquisition	NT=label free sample;AC=MS:1002038	NT=timstof ht;AC=MS:1003404	NT=Trypsin;AC=MS:1001251	NT=collision-induced dissociation;AC=MS:1000133	1	1	20230908_SG_DrugPanel_T_SH_1_1_S2-D2_2563.d.ZIP	ftp://ftp.pride.ebi.ac.uk/pride/data/archive/2025/07/PXD058294/20230908_SG_DrugPanel_T_SH_1_1_S2-D2_2563.d.ZIP	v1.1.0	NT=ms-proteomics;VV=v1.1.0	NT=dia-acquisition;VV=v1.1.0	manual curation	Vasculature
20230908_SG_DrugPanel_I_TP_1_1_S2-B7_2544.d.ZIP	homo sapiens	Vasculature	not applicable	not available	1	20230908_SG_DrugPanel_I_TP_1_1_S2-B7_2544.d.ZIP	proteomic profiling by mass spectrometry	Data-independent acquisition	NT=label free sample;AC=MS:1002038	NT=timstof ht;AC=MS:1003404	NT=Trypsin;AC=MS:1001251	NT=collision-induced dissociation;AC=MS:1000133	1	1	20230908_SG_DrugPanel_I_TP_1_1_S2-B7_2544.d.ZIP	ftp://ftp.pride.ebi.ac.uk/pride/data/archive/2025/07/PXD058294/20230908_SG_DrugPanel_I_TP_1_1_S2-B7_2544.d.ZIP	v1.1.0	NT=ms-proteomics;VV=v1.1.0	NT=dia-acquisition;VV=v1.1.0	manual curation	Vasculature
20230908_SG_DrugPanel_I_QN_0.1_1_S2-A3_2528.d.ZIP	homo sapiens	Vasculature	not applicable	not available	1	20230908_SG_DrugPanel_I_QN_0.1_1_S2-A3_2528.d.ZIP	proteomic profiling by mass spectrometry	Data-independent acquisition	NT=label free sample;AC=MS:1002038	NT=timstof ht;AC=MS:1003404	NT=Trypsin;AC=MS:1001251	NT=collision-induced dissociation;AC=MS:1000133	1	1	20230908_SG_DrugPanel_I_QN_0.1_1_S2-A3_2528.d.ZIP	ftp://ftp.pride.ebi.ac.uk/pride/data/archive/2025/07/PXD058294/20230908_SG_DrugPanel_I_QN_0.1_1_S2-A3_2528.d.ZIP	v1.1.0	NT=ms-proteomics;VV=v1.1.0	NT=dia-acquisition;VV=v1.1.0	manual curation	Vasculature
20230908_SG_DrugPanel_I_QN_10_2_S3-A11_2634.d.ZIP	homo sapiens	Vasculature	not applicable	not available	1	20230908_SG_DrugPanel_I_QN_10_2_S3-A11_2634.d.ZIP	proteomic profiling by mass spectrometry	Data-independent acquisition	NT=label free sample;AC=MS:1002038	NT=timstof ht;AC=MS:1003404	NT=Trypsin;AC=MS:1001251	NT=collision-induced dissociation;AC=MS:1000133	1	1	20230908_SG_DrugPanel_I_QN_10_2_S3-A11_2634.d.ZIP	ftp://ftp.pride.ebi.ac.uk/pride/data/archive/2025/07/PXD058294/20230908_SG_DrugPanel_I_QN_10_2_S3-A11_2634.d.ZIP	v1.1.0	NT=ms-proteomics;VV=v1.1.0	NT=dia-acquisition;VV=v1.1.0	manual curation	Vasculature
20230908_SG_DrugPanel_M_TP_0.1_1_S2-B4_2541.d.ZIP	homo sapiens	Vasculature	not applicable	not available	1	20230908_SG_DrugPanel_M_TP_0.1_1_S2-B4_2541.d.ZIP	proteomic profiling by mass spectrometry	Data-independent acquisition	NT=label free sample;AC=MS:1002038	NT=timstof ht;AC=MS:1003404	NT=Trypsin;AC=MS:1001251	NT=collision-induced dissociation;AC=MS:1000133	1	1	20230908_SG_DrugPanel_M_TP_0.1_1_S2-B4_2541.d.ZIP	ftp://ftp.pride.ebi.ac.uk/pride/data/archive/2025/07/PXD058294/20230908_SG_DrugPanel_M_TP_0.1_1_S2-B4_2541.d.ZIP	v1.1.0	NT=ms-proteomics;VV=v1.1.0	NT=dia-acquisition;VV=v1.1.0	manual curation	Vasculature
20230908_SG_DrugPanel_M_SH_100_3_S1-D12_2769.d.ZIP	homo sapiens	Vasculature	not applicable	not available	1	20230908_SG_DrugPanel_M_SH_100_3_S1-D12_2769.d.ZIP	proteomic profiling by mass spectrometry	Data-independent acquisition	NT=label free sample;AC=MS:1002038	NT=timstof ht;AC=MS:1003404	NT=Trypsin;AC=MS:1001251	NT=collision-induced dissociation;AC=MS:1000133	1	1	20230908_SG_DrugPanel_M_SH_100_3_S1-D12_2769.d.ZIP	ftp://ftp.pride.ebi.ac.uk/pride/data/archive/2025/07/PXD058294/20230908_SG_DrugPanel_M_SH_100_3_S1-D12_2769.d.ZIP	v1.1.0	NT=ms-proteomics;VV=v1.1.0	NT=dia-acquisition;VV=v1.1.0	manual curation	Vasculature
20230908_SG_DrugPanel_M_IT_10_3_S1-E12_2781.d.ZIP	homo sapiens	Vasculature	not applicable	not available	1	20230908_SG_DrugPanel_M_IT_10_3_S1-E12_2781.d.ZIP	proteomic profiling by mass spectrometry	Data-independent acquisition	NT=label free sample;AC=MS:1002038	NT=timstof ht;AC=MS:1003404	NT=Trypsin;AC=MS:1001251	NT=collision-induced dissociation;AC=MS:1000133	1	1	20230908_SG_DrugPanel_M_IT_10_3_S1-E12_2781.d.ZIP	ftp://ftp.pride.ebi.ac.uk/pride/data/archive/2025/07/PXD058294/20230908_SG_DrugPanel_M_IT_10_3_S1-E12_2781.d.ZIP	v1.1.0	NT=ms-proteomics;VV=v1.1.0	NT=dia-acquisition;VV=v1.1.0	manual curation	Vasculature
20230908_SG_DrugPanel_M_AS_10_3_S1-F12_2793.d.ZIP	homo sapiens	Vasculature	not applicable	not available	1	20230908_SG_DrugPanel_M_AS_10_3_S1-F12_2793.d.ZIP	proteomic profiling by mass spectrometry	Data-independent acquisition	NT=label free sample;AC=MS:1002038	NT=timstof ht;AC=MS:1003404	NT=Trypsin;AC=MS:1001251	NT=collision-induced dissociation;AC=MS:1000133	1	1	20230908_SG_DrugPanel_M_AS_10_3_S1-F12_2793.d.ZIP	ftp://ftp.pride.ebi.ac.uk/pride/data/archive/2025/07/PXD058294/20230908_SG_DrugPanel_M_AS_10_3_S1-F12_2793.d.ZIP	v1.1.0	NT=ms-proteomics;VV=v1.1.0	NT=dia-acquisition;VV=v1.1.0	manual curation	Vasculature
20230908_SG_DrugPanel_T_AS_0.1_2_S3-F2_2685.d.ZIP	homo sapiens	Vasculature	not applicable	not available	1	20230908_SG_DrugPanel_T_AS_0.1_2_S3-F2_2685.d.ZIP	proteomic profiling by mass spectrometry	Data-independent acquisition	NT=label free sample;AC=MS:1002038	NT=timstof ht;AC=MS:1003404	NT=Trypsin;AC=MS:1001251	NT=collision-induced dissociation;AC=MS:1000133	1	1	20230908_SG_DrugPanel_T_AS_0.1_2_S3-F2_2685.d.ZIP	ftp://ftp.pride.ebi.ac.uk/pride/data/archive/2025/07/PXD058294/20230908_SG_DrugPanel_T_AS_0.1_2_S3-F2_2685.d.ZIP	v1.1.0	NT=ms-proteomics;VV=v1.1.0	NT=dia-acquisition;VV=v1.1.0	manual curation	Vasculature
20230908_SG_DrugPanel_T_QN_0.1_1_S2-A2_2527.d.ZIP	homo sapiens	Vasculature	not applicable	not available	1	20230908_SG_DrugPanel_T_QN_0.1_1_S2-A2_2527.d.ZIP	proteomic profiling by mass spectrometry	Data-independent acquisition	NT=label free sample;AC=MS:1002038	NT=timstof ht;AC=MS:1003404	NT=Trypsin;AC=MS:1001251	NT=collision-induced dissociation;AC=MS:1000133	1	1	20230908_SG_DrugPanel_T_QN_0.1_1_S2-A2_2527.d.ZIP	ftp://ftp.pride.ebi.ac.uk/pride/data/archive/2025/07/PXD058294/20230908_SG_DrugPanel_T_QN_0.1_1_S2-A2_2527.d.ZIP	v1.1.0	NT=ms-proteomics;VV=v1.1.0	NT=dia-acquisition;VV=v1.1.0	manual curation	Vasculature
20230908_SG_DrugPanel_I_TP_1_2_S3-B7_2642.d.ZIP	homo sapiens	Vasculature	not applicable	not available	1	20230908_SG_DrugPanel_I_TP_1_2_S3-B7_2642.d.ZIP	proteomic profiling by mass spectrometry	Data-independent acquisition	NT=label free sample;AC=MS:1002038	NT=timstof ht;AC=MS:1003404	NT=Trypsin;AC=MS:1001251	NT=collision-induced dissociation;AC=MS:1000133	1	1	20230908_SG_DrugPanel_I_TP_1_2_S3-B7_2642.d.ZIP	ftp://ftp.pride.ebi.ac.uk/pride/data/archive/2025/07/PXD058294/20230908_SG_DrugPanel_I_TP_1_2_S3-B7_2642.d.ZIP	v1.1.0	NT=ms-proteomics;VV=v1.1.0	NT=dia-acquisition;VV=v1.1.0	manual curation	Vasculature
20230908_SG_DrugPanel_M_SH_10_2_S3-D8_2667.d.ZIP	homo sapiens	Vasculature	not applicable	not available	1	20230908_SG_DrugPanel_M_SH_10_2_S3-D8_2667.d.ZIP	proteomic profiling by mass spectrometry	Data-independent acquisition	NT=label free sample;AC=MS:1002038	NT=timstof ht;AC=MS:1003404	NT=Trypsin;AC=MS:1001251	NT=collision-induced dissociation;AC=MS:1000133	1	1	20230908_SG_DrugPanel_M_SH_10_2_S3-D8_2667.d.ZIP	ftp://ftp.pride.ebi.ac.uk/pride/data/archive/2025/07/PXD058294/20230908_SG_DrugPanel_M_SH_10_2_S3-D8_2667.d.ZIP	v1.1.0	NT=ms-proteomics;VV=v1.1.0	NT=dia-acquisition;VV=v1.1.0	manual curation	Vasculature
20230908_SG_DrugPanel_M_AS_10_1_S2-F12_2597.d.ZIP	homo sapiens	Vasculature	not applicable	not available	1	20230908_SG_DrugPanel_M_AS_10_1_S2-F12_2597.d.ZIP	proteomic profiling by mass spectrometry	Data-independent acquisition	NT=label free sample;AC=MS:1002038	NT=timstof ht;AC=MS:1003404	NT=Trypsin;AC=MS:1001251	NT=collision-induced dissociation;AC=MS:1000133	1	1	20230908_SG_DrugPanel_M_AS_10_1_S2-F12_2597.d.ZIP	ftp://ftp.pride.ebi.ac.uk/pride/data/archive/2025/07/PXD058294/20230908_SG_DrugPanel_M_AS_10_1_S2-F12_2597.d.ZIP	v1.1.0	NT=ms-proteomics;VV=v1.1.0	NT=dia-acquisition;VV=v1.1.0	manual curation	Vasculature
20230908_SG_DrugPanel_I_AS_0.1_3_S1-F3_2784.d.ZIP	homo sapiens	Vasculature	not applicable	not available	1	20230908_SG_DrugPanel_I_AS_0.1_3_S1-F3_2784.d.ZIP	proteomic profiling by mass spectrometry	Data-independent acquisition	NT=label free sample;AC=MS:1002038	NT=timstof ht;AC=MS:1003404	NT=Trypsin;AC=MS:1001251	NT=collision-induced dissociation;AC=MS:1000133	1	1	20230908_SG_DrugPanel_I_AS_0.1_3_S1-F3_2784.d.ZIP	ftp://ftp.pride.ebi.ac.uk/pride/data/archive/2025/07/PXD058294/20230908_SG_DrugPanel_I_AS_0.1_3_S1-F3_2784.d.ZIP	v1.1.0	NT=ms-proteomics;VV=v1.1.0	NT=dia-acquisition;VV=v1.1.0	manual curation	Vasculature
20230908_SG_DrugPanel_M_QN_10_1_S2-A12_2537.d.ZIP	homo sapiens	Vasculature	not applicable	not available	1	20230908_SG_DrugPanel_M_QN_10_1_S2-A12_2537.d.ZIP	proteomic profiling by mass spectrometry	Data-independent acquisition	NT=label free sample;AC=MS:1002038	NT=timstof ht;AC=MS:1003404	NT=Trypsin;AC=MS:1001251	NT=collision-induced dissociation;AC=MS:1000133	1	1	20230908_SG_DrugPanel_M_QN_10_1_S2-A12_2537.d.ZIP	ftp://ftp.pride.ebi.ac.uk/pride/data/archive/2025/07/PXD058294/20230908_SG_DrugPanel_M_QN_10_1_S2-A12_2537.d.ZIP	v1.1.0	NT=ms-proteomics;VV=v1.1.0	NT=dia-acquisition;VV=v1.1.0	manual curation	Vasculature
20230908_SG_DrugPanel_M_IT_1_2_S3-E8_2679.d.ZIP	homo sapiens	Vasculature	not applicable	not available	1	20230908_SG_DrugPanel_M_IT_1_2_S3-E8_2679.d.ZIP	proteomic profiling by mass spectrometry	Data-independent acquisition	NT=label free sample;AC=MS:1002038	NT=timstof ht;AC=MS:1003404	NT=Trypsin;AC=MS:1001251	NT=collision-induced dissociation;AC=MS:1000133	1	1	20230908_SG_DrugPanel_M_IT_1_2_S3-E8_2679.d.ZIP	ftp://ftp.pride.ebi.ac.uk/pride/data/archive/2025/07/PXD058294/20230908_SG_DrugPanel_M_IT_1_2_S3-E8_2679.d.ZIP	v1.1.0	NT=ms-proteomics;VV=v1.1.0	NT=dia-acquisition;VV=v1.1.0	manual curation	Vasculature
20230908_SG_DrugPanel_I_SH_1_3_S1-D3_2760.d.ZIP	homo sapiens	Vasculature	not applicable	not available	1	20230908_SG_DrugPanel_I_SH_1_3_S1-D3_2760.d.ZIP	proteomic profiling by mass spectrometry	Data-independent acquisition	NT=label free sample;AC=MS:1002038	NT=timstof ht;AC=MS:1003404	NT=Trypsin;AC=MS:1001251	NT=collision-induced dissociation;AC=MS:1000133	1	1	20230908_SG_DrugPanel_I_SH_1_3_S1-D3_2760.d.ZIP	ftp://ftp.pride.ebi.ac.uk/pride/data/archive/2025/07/PXD058294/20230908_SG_DrugPanel_I_SH_1_3_S1-D3_2760.d.ZIP	v1.1.0	NT=ms-proteomics;VV=v1.1.0	NT=dia-acquisition;VV=v1.1.0	manual curation	Vasculature
20230908_SG_DrugPanel_I_JS_10_1_S2-C7_2556.d.ZIP	homo sapiens	Vasculature	not applicable	not available	1	20230908_SG_DrugPanel_I_JS_10_1_S2-C7_2556.d.ZIP	proteomic profiling by mass spectrometry	Data-independent acquisition	NT=label free sample;AC=MS:1002038	NT=timstof ht;AC=MS:1003404	NT=Trypsin;AC=MS:1001251	NT=collision-induced dissociation;AC=MS:1000133	1	1	20230908_SG_DrugPanel_I_JS_10_1_S2-C7_2556.d.ZIP	ftp://ftp.pride.ebi.ac.uk/pride/data/archive/2025/07/PXD058294/20230908_SG_DrugPanel_I_JS_10_1_S2-C7_2556.d.ZIP	v1.1.0	NT=ms-proteomics;VV=v1.1.0	NT=dia-acquisition;VV=v1.1.0	manual curation	Vasculature
20230908_SG_DrugPanel_T_TP_0.1_2_S3-B2_2637.d.ZIP	homo sapiens	Vasculature	not applicable	not available	1	20230908_SG_DrugPanel_T_TP_0.1_2_S3-B2_2637.d.ZIP	proteomic profiling by mass spectrometry	Data-independent acquisition	NT=label free sample;AC=MS:1002038	NT=timstof ht;AC=MS:1003404	NT=Trypsin;AC=MS:1001251	NT=collision-induced dissociation;AC=MS:1000133	1	1	20230908_SG_DrugPanel_T_TP_0.1_2_S3-B2_2637.d.ZIP	ftp://ftp.pride.ebi.ac.uk/pride/data/archive/2025/07/PXD058294/20230908_SG_DrugPanel_T_TP_0.1_2_S3-B2_2637.d.ZIP	v1.1.0	NT=ms-proteomics;VV=v1.1.0	NT=dia-acquisition;VV=v1.1.0	manual curation	Vasculature
20230908_SG_DrugPanel_M_AS_10_2_S3-F12_2695.d.ZIP	homo sapiens	Vasculature	not applicable	not available	1	20230908_SG_DrugPanel_M_AS_10_2_S3-F12_2695.d.ZIP	proteomic profiling by mass spectrometry	Data-independent acquisition	NT=label free sample;AC=MS:1002038	NT=timstof ht;AC=MS:1003404	NT=Trypsin;AC=MS:1001251	NT=collision-induced dissociation;AC=MS:1000133	1	1	20230908_SG_DrugPanel_M_AS_10_2_S3-F12_2695.d.ZIP	ftp://ftp.pride.ebi.ac.uk/pride/data/archive/2025/07/PXD058294/20230908_SG_DrugPanel_M_AS_10_2_S3-F12_2695.d.ZIP	v1.1.0	NT=ms-proteomics;VV=v1.1.0	NT=dia-acquisition;VV=v1.1.0	manual curation	Vasculature
20230908_SG_DrugPanel_T_IT_10_3_S1-E10_2779.d.ZIP	homo sapiens	Vasculature	not applicable	not available	1	20230908_SG_DrugPanel_T_IT_10_3_S1-E10_2779.d.ZIP	proteomic profiling by mass spectrometry	Data-independent acquisition	NT=label free sample;AC=MS:1002038	NT=timstof ht;AC=MS:1003404	NT=Trypsin;AC=MS:1001251	NT=collision-induced dissociation;AC=MS:1000133	1	1	20230908_SG_DrugPanel_T_IT_10_3_S1-E10_2779.d.ZIP	ftp://ftp.pride.ebi.ac.uk/pride/data/archive/2025/07/PXD058294/20230908_SG_DrugPanel_T_IT_10_3_S1-E10_2779.d.ZIP	v1.1.0	NT=ms-proteomics;VV=v1.1.0	NT=dia-acquisition;VV=v1.1.0	manual curation	Vasculature
20230908_SG_DrugPanel_I_IT_0.1_3_S1-E3_2772.d.ZIP	homo sapiens	Vasculature	not applicable	not available	1	20230908_SG_DrugPanel_I_IT_0.1_3_S1-E3_2772.d.ZIP	proteomic profiling by mass spectrometry	Data-independent acquisition	NT=label free sample;AC=MS:1002038	NT=timstof ht;AC=MS:1003404	NT=Trypsin;AC=MS:1001251	NT=collision-induced dissociation;AC=MS:1000133	1	1	20230908_SG_DrugPanel_I_IT_0.1_3_S1-E3_2772.d.ZIP	ftp://ftp.pride.ebi.ac.uk/pride/data/archive/2025/07/PXD058294/20230908_SG_DrugPanel_I_IT_0.1_3_S1-E3_2772.d.ZIP	v1.1.0	NT=ms-proteomics;VV=v1.1.0	NT=dia-acquisition;VV=v1.1.0	manual curation	Vasculature
20230908_SG_DrugPanel_M1_3_S1-H10_2815.d.ZIP	homo sapiens	Vasculature	not applicable	not available	1	20230908_SG_DrugPanel_M1_3_S1-H10_2815.d.ZIP	proteomic profiling by mass spectrometry	Data-independent acquisition	NT=label free sample;AC=MS:1002038	NT=timstof ht;AC=MS:1003404	NT=Trypsin;AC=MS:1001251	NT=collision-induced dissociation;AC=MS:1000133	1	1	20230908_SG_DrugPanel_M1_3_S1-H10_2815.d.ZIP	ftp://ftp.pride.ebi.ac.uk/pride/data/archive/2025/07/PXD058294/20230908_SG_DrugPanel_M1_3_S1-H10_2815.d.ZIP	v1.1.0	NT=ms-proteomics;VV=v1.1.0	NT=dia-acquisition;VV=v1.1.0	manual curation	Vasculature
20230908_SG_DrugPanel_C_SH_10_2_S3-D5_2664.d.ZIP	homo sapiens	Vasculature	not applicable	not available	1	20230908_SG_DrugPanel_C_SH_10_2_S3-D5_2664.d.ZIP	proteomic profiling by mass spectrometry	Data-independent acquisition	NT=label free sample;AC=MS:1002038	NT=timstof ht;AC=MS:1003404	NT=Trypsin;AC=MS:1001251	NT=collision-induced dissociation;AC=MS:1000133	1	1	20230908_SG_DrugPanel_C_SH_10_2_S3-D5_2664.d.ZIP	ftp://ftp.pride.ebi.ac.uk/pride/data/archive/2025/07/PXD058294/20230908_SG_DrugPanel_C_SH_10_2_S3-D5_2664.d.ZIP	v1.1.0	NT=ms-proteomics;VV=v1.1.0	NT=dia-acquisition;VV=v1.1.0	manual curation	Vasculature
20230908_SG_DrugPanel_I2_1_S2-H8_2617.d.ZIP	homo sapiens	Vasculature	not applicable	not available	1	20230908_SG_DrugPanel_I2_1_S2-H8_2617.d.ZIP	proteomic profiling by mass spectrometry	Data-independent acquisition	NT=label free sample;AC=MS:1002038	NT=timstof ht;AC=MS:1003404	NT=Trypsin;AC=MS:1001251	NT=collision-induced dissociation;AC=MS:1000133	1	1	20230908_SG_DrugPanel_I2_1_S2-H8_2617.d.ZIP	ftp://ftp.pride.ebi.ac.uk/pride/data/archive/2025/07/PXD058294/20230908_SG_DrugPanel_I2_1_S2-H8_2617.d.ZIP	v1.1.0	NT=ms-proteomics;VV=v1.1.0	NT=dia-acquisition;VV=v1.1.0	manual curation	Vasculature
20230908_SG_DrugPanel_I1_1_S2-H7_2616.d.ZIP	homo sapiens	Vasculature	not applicable	not available	1	20230908_SG_DrugPanel_I1_1_S2-H7_2616.d.ZIP	proteomic profiling by mass spectrometry	Data-independent acquisition	NT=label free sample;AC=MS:1002038	NT=timstof ht;AC=MS:1003404	NT=Trypsin;AC=MS:1001251	NT=collision-induced dissociation;AC=MS:1000133	1	1	20230908_SG_DrugPanel_I1_1_S2-H7_2616.d.ZIP	ftp://ftp.pride.ebi.ac.uk/pride/data/archive/2025/07/PXD058294/20230908_SG_DrugPanel_I1_1_S2-H7_2616.d.ZIP	v1.1.0	NT=ms-proteomics;VV=v1.1.0	NT=dia-acquisition;VV=v1.1.0	manual curation	Vasculature
20230908_SG_DrugPanel_I_AS_1_1_S2-F7_2592.d.ZIP	homo sapiens	Vasculature	not applicable	not available	1	20230908_SG_DrugPanel_I_AS_1_1_S2-F7_2592.d.ZIP	proteomic profiling by mass spectrometry	Data-independent acquisition	NT=label free sample;AC=MS:1002038	NT=timstof ht;AC=MS:1003404	NT=Trypsin;AC=MS:1001251	NT=collision-induced dissociation;AC=MS:1000133	1	1	20230908_SG_DrugPanel_I_AS_1_1_S2-F7_2592.d.ZIP	ftp://ftp.pride.ebi.ac.uk/pride/data/archive/2025/07/PXD058294/20230908_SG_DrugPanel_I_AS_1_1_S2-F7_2592.d.ZIP	v1.1.0	NT=ms-proteomics;VV=v1.1.0	NT=dia-acquisition;VV=v1.1.0	manual curation	Vasculature
20230908_SG_DrugPanel_C_TP_10_2_S3-B9_2644.d.ZIP	homo sapiens	Vasculature	not applicable	not available	1	20230908_SG_DrugPanel_C_TP_10_2_S3-B9_2644.d.ZIP	proteomic profiling by mass spectrometry	Data-independent acquisition	NT=label free sample;AC=MS:1002038	NT=timstof ht;AC=MS:1003404	NT=Trypsin;AC=MS:1001251	NT=collision-induced dissociation;AC=MS:1000133	1	1	20230908_SG_DrugPanel_C_TP_10_2_S3-B9_2644.d.ZIP	ftp://ftp.pride.ebi.ac.uk/pride/data/archive/2025/07/PXD058294/20230908_SG_DrugPanel_C_TP_10_2_S3-B9_2644.d.ZIP	v1.1.0	NT=ms-proteomics;VV=v1.1.0	NT=dia-acquisition;VV=v1.1.0	manual curation	Vasculature
20230908_SG_DrugPanel_I_RI_1_2_S3-G7_2702.d.ZIP	homo sapiens	Vasculature	not applicable	not available	1	20230908_SG_DrugPanel_I_RI_1_2_S3-G7_2702.d.ZIP	proteomic profiling by mass spectrometry	Data-independent acquisition	NT=label free sample;AC=MS:1002038	NT=timstof ht;AC=MS:1003404	NT=Trypsin;AC=MS:1001251	NT=collision-induced dissociation;AC=MS:1000133	1	1	20230908_SG_DrugPanel_I_RI_1_2_S3-G7_2702.d.ZIP	ftp://ftp.pride.ebi.ac.uk/pride/data/archive/2025/07/PXD058294/20230908_SG_DrugPanel_I_RI_1_2_S3-G7_2702.d.ZIP	v1.1.0	NT=ms-proteomics;VV=v1.1.0	NT=dia-acquisition;VV=v1.1.0	manual curation	Vasculature
20230908_SG_DrugPanel_C_AS_1_3_S1-F5_2786.d.ZIP	homo sapiens	Vasculature	not applicable	not available	1	20230908_SG_DrugPanel_C_AS_1_3_S1-F5_2786.d.ZIP	proteomic profiling by mass spectrometry	Data-independent acquisition	NT=label free sample;AC=MS:1002038	NT=timstof ht;AC=MS:1003404	NT=Trypsin;AC=MS:1001251	NT=collision-induced dissociation;AC=MS:1000133	1	1	20230908_SG_DrugPanel_C_AS_1_3_S1-F5_2786.d.ZIP	ftp://ftp.pride.ebi.ac.uk/pride/data/archive/2025/07/PXD058294/20230908_SG_DrugPanel_C_AS_1_3_S1-F5_2786.d.ZIP	v1.1.0	NT=ms-proteomics;VV=v1.1.0	NT=dia-acquisition;VV=v1.1.0	manual curation	Vasculature
20230908_SG_DrugPanel_C_JS_10_1_S2-C1_2550.d.ZIP	homo sapiens	Vasculature	not applicable	not available	1	20230908_SG_DrugPanel_C_JS_10_1_S2-C1_2550.d.ZIP	proteomic profiling by mass spectrometry	Data-independent acquisition	NT=label free sample;AC=MS:1002038	NT=timstof ht;AC=MS:1003404	NT=Trypsin;AC=MS:1001251	NT=collision-induced dissociation;AC=MS:1000133	1	1	20230908_SG_DrugPanel_C_JS_10_1_S2-C1_2550.d.ZIP	ftp://ftp.pride.ebi.ac.uk/pride/data/archive/2025/07/PXD058294/20230908_SG_DrugPanel_C_JS_10_1_S2-C1_2550.d.ZIP	v1.1.0	NT=ms-proteomics;VV=v1.1.0	NT=dia-acquisition;VV=v1.1.0	manual curation	Vasculature
20230908_SG_DrugPanel_C_JS_10_2_S3-C5_2652.d.ZIP	homo sapiens	Vasculature	not applicable	not available	1	20230908_SG_DrugPanel_C_JS_10_2_S3-C5_2652.d.ZIP	proteomic profiling by mass spectrometry	Data-independent acquisition	NT=label free sample;AC=MS:1002038	NT=timstof ht;AC=MS:1003404	NT=Trypsin;AC=MS:1001251	NT=collision-induced dissociation;AC=MS:1000133	1	1	20230908_SG_DrugPanel_C_JS_10_2_S3-C5_2652.d.ZIP	ftp://ftp.pride.ebi.ac.uk/pride/data/archive/2025/07/PXD058294/20230908_SG_DrugPanel_C_JS_10_2_S3-C5_2652.d.ZIP	v1.1.0	NT=ms-proteomics;VV=v1.1.0	NT=dia-acquisition;VV=v1.1.0	manual curation	Vasculature
20230908_SG_DrugPanel_C_RI_1_1_S2-G5_2602.d.ZIP	homo sapiens	Vasculature	not applicable	not available	1	20230908_SG_DrugPanel_C_RI_1_1_S2-G5_2602.d.ZIP	proteomic profiling by mass spectrometry	Data-independent acquisition	NT=label free sample;AC=MS:1002038	NT=timstof ht;AC=MS:1003404	NT=Trypsin;AC=MS:1001251	NT=collision-induced dissociation;AC=MS:1000133	1	1	20230908_SG_DrugPanel_C_RI_1_1_S2-G5_2602.d.ZIP	ftp://ftp.pride.ebi.ac.uk/pride/data/archive/2025/07/PXD058294/20230908_SG_DrugPanel_C_RI_1_1_S2-G5_2602.d.ZIP	v1.1.0	NT=ms-proteomics;VV=v1.1.0	NT=dia-acquisition;VV=v1.1.0	manual curation	Vasculature
20230908_SG_DrugPanel_T_SH_10_2_S3-D6_2665.d.ZIP	homo sapiens	Vasculature	not applicable	not available	1	20230908_SG_DrugPanel_T_SH_10_2_S3-D6_2665.d.ZIP	proteomic profiling by mass spectrometry	Data-independent acquisition	NT=label free sample;AC=MS:1002038	NT=timstof ht;AC=MS:1003404	NT=Trypsin;AC=MS:1001251	NT=collision-induced dissociation;AC=MS:1000133	1	1	20230908_SG_DrugPanel_T_SH_10_2_S3-D6_2665.d.ZIP	ftp://ftp.pride.ebi.ac.uk/pride/data/archive/2025/07/PXD058294/20230908_SG_DrugPanel_T_SH_10_2_S3-D6_2665.d.ZIP	v1.1.0	NT=ms-proteomics;VV=v1.1.0	NT=dia-acquisition;VV=v1.1.0	manual curation	Vasculature
20230908_SG_DrugPanel_M_JS_10_2_S3-C8_2655.d.ZIP	homo sapiens	Vasculature	not applicable	not available	1	20230908_SG_DrugPanel_M_JS_10_2_S3-C8_2655.d.ZIP	proteomic profiling by mass spectrometry	Data-independent acquisition	NT=label free sample;AC=MS:1002038	NT=timstof ht;AC=MS:1003404	NT=Trypsin;AC=MS:1001251	NT=collision-induced dissociation;AC=MS:1000133	1	1	20230908_SG_DrugPanel_M_JS_10_2_S3-C8_2655.d.ZIP	ftp://ftp.pride.ebi.ac.uk/pride/data/archive/2025/07/PXD058294/20230908_SG_DrugPanel_M_JS_10_2_S3-C8_2655.d.ZIP	v1.1.0	NT=ms-proteomics;VV=v1.1.0	NT=dia-acquisition;VV=v1.1.0	manual curation	Vasculature
20230908_SG_DrugPanel_C2_3_S1-H2_2807.d.ZIP	homo sapiens	Vasculature	not applicable	not available	1	20230908_SG_DrugPanel_C2_3_S1-H2_2807.d.ZIP	proteomic profiling by mass spectrometry	Data-independent acquisition	NT=label free sample;AC=MS:1002038	NT=timstof ht;AC=MS:1003404	NT=Trypsin;AC=MS:1001251	NT=collision-induced dissociation;AC=MS:1000133	1	1	20230908_SG_DrugPanel_C2_3_S1-H2_2807.d.ZIP	ftp://ftp.pride.ebi.ac.uk/pride/data/archive/2025/07/PXD058294/20230908_SG_DrugPanel_C2_3_S1-H2_2807.d.ZIP	v1.1.0	NT=ms-proteomics;VV=v1.1.0	NT=dia-acquisition;VV=v1.1.0	manual curation	Vasculature
20230908_SG_DrugPanel_T_IT_0.1_1_S2-E2_2575.d.ZIP	homo sapiens	Vasculature	not applicable	not available	1	20230908_SG_DrugPanel_T_IT_0.1_1_S2-E2_2575.d.ZIP	proteomic profiling by mass spectrometry	Data-independent acquisition	NT=label free sample;AC=MS:1002038	NT=timstof ht;AC=MS:1003404	NT=Trypsin;AC=MS:1001251	NT=collision-induced dissociation;AC=MS:1000133	1	1	20230908_SG_DrugPanel_T_IT_0.1_1_S2-E2_2575.d.ZIP	ftp://ftp.pride.ebi.ac.uk/pride/data/archive/2025/07/PXD058294/20230908_SG_DrugPanel_T_IT_0.1_1_S2-E2_2575.d.ZIP	v1.1.0	NT=ms-proteomics;VV=v1.1.0	NT=dia-acquisition;VV=v1.1.0	manual curation	Vasculature
20230908_SG_DrugPanel_I_IT_10_1_S2-E11_2584.d.ZIP	homo sapiens	Vasculature	not applicable	not available	1	20230908_SG_DrugPanel_I_IT_10_1_S2-E11_2584.d.ZIP	proteomic profiling by mass spectrometry	Data-independent acquisition	NT=label free sample;AC=MS:1002038	NT=timstof ht;AC=MS:1003404	NT=Trypsin;AC=MS:1001251	NT=collision-induced dissociation;AC=MS:1000133	1	1	20230908_SG_DrugPanel_I_IT_10_1_S2-E11_2584.d.ZIP	ftp://ftp.pride.ebi.ac.uk/pride/data/archive/2025/07/PXD058294/20230908_SG_DrugPanel_I_IT_10_1_S2-E11_2584.d.ZIP	v1.1.0	NT=ms-proteomics;VV=v1.1.0	NT=dia-acquisition;VV=v1.1.0	manual curation	Vasculature
20230908_SG_DrugPanel_T1_3_S1-H4_2809.d.ZIP	homo sapiens	Vasculature	not applicable	not available	1	20230908_SG_DrugPanel_T1_3_S1-H4_2809.d.ZIP	proteomic profiling by mass spectrometry	Data-independent acquisition	NT=label free sample;AC=MS:1002038	NT=timstof ht;AC=MS:1003404	NT=Trypsin;AC=MS:1001251	NT=collision-induced dissociation;AC=MS:1000133	1	1	20230908_SG_DrugPanel_T1_3_S1-H4_2809.d.ZIP	ftp://ftp.pride.ebi.ac.uk/pride/data/archive/2025/07/PXD058294/20230908_SG_DrugPanel_T1_3_S1-H4_2809.d.ZIP	v1.1.0	NT=ms-proteomics;VV=v1.1.0	NT=dia-acquisition;VV=v1.1.0	manual curation	Vasculature
20230908_SG_DrugPanel_I_SH_100_3_S1-D11_2768.d.ZIP	homo sapiens	Vasculature	not applicable	not available	1	20230908_SG_DrugPanel_I_SH_100_3_S1-D11_2768.d.ZIP	proteomic profiling by mass spectrometry	Data-independent acquisition	NT=label free sample;AC=MS:1002038	NT=timstof ht;AC=MS:1003404	NT=Trypsin;AC=MS:1001251	NT=collision-induced dissociation;AC=MS:1000133	1	1	20230908_SG_DrugPanel_I_SH_100_3_S1-D11_2768.d.ZIP	ftp://ftp.pride.ebi.ac.uk/pride/data/archive/2025/07/PXD058294/20230908_SG_DrugPanel_I_SH_100_3_S1-D11_2768.d.ZIP	v1.1.0	NT=ms-proteomics;VV=v1.1.0	NT=dia-acquisition;VV=v1.1.0	manual curation	Vasculature
20230908_SG_DrugPanel_C_AS_10_2_S3-F9_2692.d.ZIP	homo sapiens	Vasculature	not applicable	not available	1	20230908_SG_DrugPanel_C_AS_10_2_S3-F9_2692.d.ZIP	proteomic profiling by mass spectrometry	Data-independent acquisition	NT=label free sample;AC=MS:1002038	NT=timstof ht;AC=MS:1003404	NT=Trypsin;AC=MS:1001251	NT=collision-induced dissociation;AC=MS:1000133	1	1	20230908_SG_DrugPanel_C_AS_10_2_S3-F9_2692.d.ZIP	ftp://ftp.pride.ebi.ac.uk/pride/data/archive/2025/07/PXD058294/20230908_SG_DrugPanel_C_AS_10_2_S3-F9_2692.d.ZIP	v1.1.0	NT=ms-proteomics;VV=v1.1.0	NT=dia-acquisition;VV=v1.1.0	manual curation	Vasculature
20230908_SG_DrugPanel_M2_3_S1-H11_2816.d.ZIP	homo sapiens	Vasculature	not applicable	not available	1	20230908_SG_DrugPanel_M2_3_S1-H11_2816.d.ZIP	proteomic profiling by mass spectrometry	Data-independent acquisition	NT=label free sample;AC=MS:1002038	NT=timstof ht;AC=MS:1003404	NT=Trypsin;AC=MS:1001251	NT=collision-induced dissociation;AC=MS:1000133	1	1	20230908_SG_DrugPanel_M2_3_S1-H11_2816.d.ZIP	ftp://ftp.pride.ebi.ac.uk/pride/data/archive/2025/07/PXD058294/20230908_SG_DrugPanel_M2_3_S1-H11_2816.d.ZIP	v1.1.0	NT=ms-proteomics;VV=v1.1.0	NT=dia-acquisition;VV=v1.1.0	manual curation	Vasculature
20230908_SG_DrugPanel_T_JS_10_2_S3-C2_2649.d.ZIP	homo sapiens	Vasculature	not applicable	not available	1	20230908_SG_DrugPanel_T_JS_10_2_S3-C2_2649.d.ZIP	proteomic profiling by mass spectrometry	Data-independent acquisition	NT=label free sample;AC=MS:1002038	NT=timstof ht;AC=MS:1003404	NT=Trypsin;AC=MS:1001251	NT=collision-induced dissociation;AC=MS:1000133	1	1	20230908_SG_DrugPanel_T_JS_10_2_S3-C2_2649.d.ZIP	ftp://ftp.pride.ebi.ac.uk/pride/data/archive/2025/07/PXD058294/20230908_SG_DrugPanel_T_JS_10_2_S3-C2_2649.d.ZIP	v1.1.0	NT=ms-proteomics;VV=v1.1.0	NT=dia-acquisition;VV=v1.1.0	manual curation	Vasculature
20230908_SG_DrugPanel_T_SH_1_3_S1-D2_2759.d.ZIP	homo sapiens	Vasculature	not applicable	not available	1	20230908_SG_DrugPanel_T_SH_1_3_S1-D2_2759.d.ZIP	proteomic profiling by mass spectrometry	Data-independent acquisition	NT=label free sample;AC=MS:1002038	NT=timstof ht;AC=MS:1003404	NT=Trypsin;AC=MS:1001251	NT=collision-induced dissociation;AC=MS:1000133	1	1	20230908_SG_DrugPanel_T_SH_1_3_S1-D2_2759.d.ZIP	ftp://ftp.pride.ebi.ac.uk/pride/data/archive/2025/07/PXD058294/20230908_SG_DrugPanel_T_SH_1_3_S1-D2_2759.d.ZIP	v1.1.0	NT=ms-proteomics;VV=v1.1.0	NT=dia-acquisition;VV=v1.1.0	manual curation	Vasculature
20230908_SG_DrugPanel_I_JS_10_1_S2-C3_2552.d.ZIP	homo sapiens	Vasculature	not applicable	not available	1	20230908_SG_DrugPanel_I_JS_10_1_S2-C3_2552.d.ZIP	proteomic profiling by mass spectrometry	Data-independent acquisition	NT=label free sample;AC=MS:1002038	NT=timstof ht;AC=MS:1003404	NT=Trypsin;AC=MS:1001251	NT=collision-induced dissociation;AC=MS:1000133	1	1	20230908_SG_DrugPanel_I_JS_10_1_S2-C3_2552.d.ZIP	ftp://ftp.pride.ebi.ac.uk/pride/data/archive/2025/07/PXD058294/20230908_SG_DrugPanel_I_JS_10_1_S2-C3_2552.d.ZIP	v1.1.0	NT=ms-proteomics;VV=v1.1.0	NT=dia-acquisition;VV=v1.1.0	manual curation	Vasculature
20230908_SG_DrugPanel_C_IT_0.1_1_S2-E1_2574.d.ZIP	homo sapiens	Vasculature	not applicable	not available	1	20230908_SG_DrugPanel_C_IT_0.1_1_S2-E1_2574.d.ZIP	proteomic profiling by mass spectrometry	Data-independent acquisition	NT=label free sample;AC=MS:1002038	NT=timstof ht;AC=MS:1003404	NT=Trypsin;AC=MS:1001251	NT=collision-induced dissociation;AC=MS:1000133	1	1	20230908_SG_DrugPanel_C_IT_0.1_1_S2-E1_2574.d.ZIP	ftp://ftp.pride.ebi.ac.uk/pride/data/archive/2025/07/PXD058294/20230908_SG_DrugPanel_C_IT_0.1_1_S2-E1_2574.d.ZIP	v1.1.0	NT=ms-proteomics;VV=v1.1.0	NT=dia-acquisition;VV=v1.1.0	manual curation	Vasculature
20230908_SG_DrugPanel_I_TP_0.1_3_S1-B3_2736.d.ZIP	homo sapiens	Vasculature	not applicable	not available	1	20230908_SG_DrugPanel_I_TP_0.1_3_S1-B3_2736.d.ZIP	proteomic profiling by mass spectrometry	Data-independent acquisition	NT=label free sample;AC=MS:1002038	NT=timstof ht;AC=MS:1003404	NT=Trypsin;AC=MS:1001251	NT=collision-induced dissociation;AC=MS:1000133	1	1	20230908_SG_DrugPanel_I_TP_0.1_3_S1-B3_2736.d.ZIP	ftp://ftp.pride.ebi.ac.uk/pride/data/archive/2025/07/PXD058294/20230908_SG_DrugPanel_I_TP_0.1_3_S1-B3_2736.d.ZIP	v1.1.0	NT=ms-proteomics;VV=v1.1.0	NT=dia-acquisition;VV=v1.1.0	manual curation	Vasculature
20230908_SG_DrugPanel_C2_2_S3-H2_2709.d.ZIP	homo sapiens	Vasculature	not applicable	not available	1	20230908_SG_DrugPanel_C2_2_S3-H2_2709.d.ZIP	proteomic profiling by mass spectrometry	Data-independent acquisition	NT=label free sample;AC=MS:1002038	NT=timstof ht;AC=MS:1003404	NT=Trypsin;AC=MS:1001251	NT=collision-induced dissociation;AC=MS:1000133	1	1	20230908_SG_DrugPanel_C2_2_S3-H2_2709.d.ZIP	ftp://ftp.pride.ebi.ac.uk/pride/data/archive/2025/07/PXD058294/20230908_SG_DrugPanel_C2_2_S3-H2_2709.d.ZIP	v1.1.0	NT=ms-proteomics;VV=v1.1.0	NT=dia-acquisition;VV=v1.1.0	manual curation	Vasculature
230908_SG_DrugPanel_M_JS_100_2_RR_S2-A11_2831.d.ZIP	homo sapiens	Vasculature	not applicable	not available	1	230908_SG_DrugPanel_M_JS_100_2_RR_S2-A11_2831.d.ZIP	proteomic profiling by mass spectrometry	Data-independent acquisition	NT=label free sample;AC=MS:1002038	NT=timstof ht;AC=MS:1003404	NT=Trypsin;AC=MS:1001251	NT=collision-induced dissociation;AC=MS:1000133	1	1	230908_SG_DrugPanel_M_JS_100_2_RR_S2-A11_2831.d.ZIP	ftp://ftp.pride.ebi.ac.uk/pride/data/archive/2025/07/PXD058294/230908_SG_DrugPanel_M_JS_100_2_RR_S2-A11_2831.d.ZIP	v1.1.0	NT=ms-proteomics;VV=v1.1.0	NT=dia-acquisition;VV=v1.1.0	manual curation	Vasculature
