source name	characteristics[organism]	characteristics[organism part]	characteristics[cell type]	characteristics[disease]	characteristics[biological replicate]	assay name	technology type	comment[proteomics data acquisition method]	comment[label]	comment[instrument]	comment[cleavage agent details]	comment[dissociation method]	comment[fraction identifier]	comment[technical replicate]	comment[data file]	comment[file uri]	comment[sdrf version]	comment[sdrf template]	comment[sdrf template]	comment[sdrf annotation tool]	factor value[organism part]
S2_T_210416_dhesse_1_67885_HDMSe.raw.zip	mus musculus	heart	not applicable	cardiovascular system disease	1	S2_T_210416_dhesse_1_67885_HDMSe.raw.zip	proteomic profiling by mass spectrometry	Data-independent acquisition	NT=label free sample;AC=MS:1002038	NT=synapt ms;AC=MS:1001782	NT=Trypsin;AC=MS:1001251	NT=collision-induced dissociation;AC=MS:1000133	1	1	S2_T_210416_dhesse_1_67885_HDMSe.raw.zip	ftp://ftp.pride.ebi.ac.uk/pride/data/archive/2024/07/PXD045738/S2_T_210416_dhesse_1_67885_HDMSe.raw.zip	v1.1.0	NT=ms-proteomics;VV=v1.1.0	NT=dia-acquisition;VV=v1.1.0	manual curation	heart
G2_210414_dhesse_1_68101_HDMSe.raw.zip	mus musculus	heart	not applicable	cardiovascular system disease	1	G2_210414_dhesse_1_68101_HDMSe.raw.zip	proteomic profiling by mass spectrometry	Data-independent acquisition	NT=label free sample;AC=MS:1002038	NT=synapt ms;AC=MS:1001782	NT=Trypsin;AC=MS:1001251	NT=collision-induced dissociation;AC=MS:1000133	1	1	G2_210414_dhesse_1_68101_HDMSe.raw.zip	ftp://ftp.pride.ebi.ac.uk/pride/data/archive/2024/07/PXD045738/G2_210414_dhesse_1_68101_HDMSe.raw.zip	v1.1.0	NT=ms-proteomics;VV=v1.1.0	NT=dia-acquisition;VV=v1.1.0	manual curation	heart
G2_210421_dhesse_1_68164_HDMSe.raw.zip	mus musculus	heart	not applicable	cardiovascular system disease	1	G2_210421_dhesse_1_68164_HDMSe.raw.zip	proteomic profiling by mass spectrometry	Data-independent acquisition	NT=label free sample;AC=MS:1002038	NT=synapt ms;AC=MS:1001782	NT=Trypsin;AC=MS:1001251	NT=collision-induced dissociation;AC=MS:1000133	1	1	G2_210421_dhesse_1_68164_HDMSe.raw.zip	ftp://ftp.pride.ebi.ac.uk/pride/data/archive/2024/07/PXD045738/G2_210421_dhesse_1_68164_HDMSe.raw.zip	v1.1.0	NT=ms-proteomics;VV=v1.1.0	NT=dia-acquisition;VV=v1.1.0	manual curation	heart
G2_210414_dhesse_1_68092_HDMSe.raw.zip	mus musculus	heart	not applicable	cardiovascular system disease	1	G2_210414_dhesse_1_68092_HDMSe.raw.zip	proteomic profiling by mass spectrometry	Data-independent acquisition	NT=label free sample;AC=MS:1002038	NT=synapt ms;AC=MS:1001782	NT=Trypsin;AC=MS:1001251	NT=collision-induced dissociation;AC=MS:1000133	1	1	G2_210414_dhesse_1_68092_HDMSe.raw.zip	ftp://ftp.pride.ebi.ac.uk/pride/data/archive/2024/07/PXD045738/G2_210414_dhesse_1_68092_HDMSe.raw.zip	v1.1.0	NT=ms-proteomics;VV=v1.1.0	NT=dia-acquisition;VV=v1.1.0	manual curation	heart
G2_210414_dhesse_1_68141_HDMSe.raw.zip	mus musculus	heart	not applicable	cardiovascular system disease	1	G2_210414_dhesse_1_68141_HDMSe.raw.zip	proteomic profiling by mass spectrometry	Data-independent acquisition	NT=label free sample;AC=MS:1002038	NT=synapt ms;AC=MS:1001782	NT=Trypsin;AC=MS:1001251	NT=collision-induced dissociation;AC=MS:1000133	1	1	G2_210414_dhesse_1_68141_HDMSe.raw.zip	ftp://ftp.pride.ebi.ac.uk/pride/data/archive/2024/07/PXD045738/G2_210414_dhesse_1_68141_HDMSe.raw.zip	v1.1.0	NT=ms-proteomics;VV=v1.1.0	NT=dia-acquisition;VV=v1.1.0	manual curation	heart
G2_210414_dhesse_1_68061_HDMSe.raw.zip	mus musculus	heart	not applicable	cardiovascular system disease	1	G2_210414_dhesse_1_68061_HDMSe.raw.zip	proteomic profiling by mass spectrometry	Data-independent acquisition	NT=label free sample;AC=MS:1002038	NT=synapt ms;AC=MS:1001782	NT=Trypsin;AC=MS:1001251	NT=collision-induced dissociation;AC=MS:1000133	1	1	G2_210414_dhesse_1_68061_HDMSe.raw.zip	ftp://ftp.pride.ebi.ac.uk/pride/data/archive/2024/07/PXD045738/G2_210414_dhesse_1_68061_HDMSe.raw.zip	v1.1.0	NT=ms-proteomics;VV=v1.1.0	NT=dia-acquisition;VV=v1.1.0	manual curation	heart
S2_T_210423_dhesse_1_67996_HDMSe.raw.zip	mus musculus	heart	not applicable	cardiovascular system disease	1	S2_T_210423_dhesse_1_67996_HDMSe.raw.zip	proteomic profiling by mass spectrometry	Data-independent acquisition	NT=label free sample;AC=MS:1002038	NT=synapt ms;AC=MS:1001782	NT=Trypsin;AC=MS:1001251	NT=collision-induced dissociation;AC=MS:1000133	1	1	S2_T_210423_dhesse_1_67996_HDMSe.raw.zip	ftp://ftp.pride.ebi.ac.uk/pride/data/archive/2024/07/PXD045738/S2_T_210423_dhesse_1_67996_HDMSe.raw.zip	v1.1.0	NT=ms-proteomics;VV=v1.1.0	NT=dia-acquisition;VV=v1.1.0	manual curation	heart
G2_210414_dhesse_1_68112_HDMSe.raw.zip	mus musculus	heart	not applicable	cardiovascular system disease	1	G2_210414_dhesse_1_68112_HDMSe.raw.zip	proteomic profiling by mass spectrometry	Data-independent acquisition	NT=label free sample;AC=MS:1002038	NT=synapt ms;AC=MS:1001782	NT=Trypsin;AC=MS:1001251	NT=collision-induced dissociation;AC=MS:1000133	1	1	G2_210414_dhesse_1_68112_HDMSe.raw.zip	ftp://ftp.pride.ebi.ac.uk/pride/data/archive/2024/07/PXD045738/G2_210414_dhesse_1_68112_HDMSe.raw.zip	v1.1.0	NT=ms-proteomics;VV=v1.1.0	NT=dia-acquisition;VV=v1.1.0	manual curation	heart
G2_210414_dhesse_1_68111_HDMSe.raw.zip	mus musculus	heart	not applicable	cardiovascular system disease	1	G2_210414_dhesse_1_68111_HDMSe.raw.zip	proteomic profiling by mass spectrometry	Data-independent acquisition	NT=label free sample;AC=MS:1002038	NT=synapt ms;AC=MS:1001782	NT=Trypsin;AC=MS:1001251	NT=collision-induced dissociation;AC=MS:1000133	1	1	G2_210414_dhesse_1_68111_HDMSe.raw.zip	ftp://ftp.pride.ebi.ac.uk/pride/data/archive/2024/07/PXD045738/G2_210414_dhesse_1_68111_HDMSe.raw.zip	v1.1.0	NT=ms-proteomics;VV=v1.1.0	NT=dia-acquisition;VV=v1.1.0	manual curation	heart
G2_210414_dhesse_1_68105_HDMSe.raw.zip	mus musculus	heart	not applicable	cardiovascular system disease	1	G2_210414_dhesse_1_68105_HDMSe.raw.zip	proteomic profiling by mass spectrometry	Data-independent acquisition	NT=label free sample;AC=MS:1002038	NT=synapt ms;AC=MS:1001782	NT=Trypsin;AC=MS:1001251	NT=collision-induced dissociation;AC=MS:1000133	1	1	G2_210414_dhesse_1_68105_HDMSe.raw.zip	ftp://ftp.pride.ebi.ac.uk/pride/data/archive/2024/07/PXD045738/G2_210414_dhesse_1_68105_HDMSe.raw.zip	v1.1.0	NT=ms-proteomics;VV=v1.1.0	NT=dia-acquisition;VV=v1.1.0	manual curation	heart
G2_210421_dhesse_1_68197_HDMSe.raw.zip	mus musculus	heart	not applicable	cardiovascular system disease	1	G2_210421_dhesse_1_68197_HDMSe.raw.zip	proteomic profiling by mass spectrometry	Data-independent acquisition	NT=label free sample;AC=MS:1002038	NT=synapt ms;AC=MS:1001782	NT=Trypsin;AC=MS:1001251	NT=collision-induced dissociation;AC=MS:1000133	1	1	G2_210421_dhesse_1_68197_HDMSe.raw.zip	ftp://ftp.pride.ebi.ac.uk/pride/data/archive/2024/07/PXD045738/G2_210421_dhesse_1_68197_HDMSe.raw.zip	v1.1.0	NT=ms-proteomics;VV=v1.1.0	NT=dia-acquisition;VV=v1.1.0	manual curation	heart
S2_T_210423_dhesse_1_68041_HDMSe.raw.zip	mus musculus	heart	not applicable	cardiovascular system disease	1	S2_T_210423_dhesse_1_68041_HDMSe.raw.zip	proteomic profiling by mass spectrometry	Data-independent acquisition	NT=label free sample;AC=MS:1002038	NT=synapt ms;AC=MS:1001782	NT=Trypsin;AC=MS:1001251	NT=collision-induced dissociation;AC=MS:1000133	1	1	S2_T_210423_dhesse_1_68041_HDMSe.raw.zip	ftp://ftp.pride.ebi.ac.uk/pride/data/archive/2024/07/PXD045738/S2_T_210423_dhesse_1_68041_HDMSe.raw.zip	v1.1.0	NT=ms-proteomics;VV=v1.1.0	NT=dia-acquisition;VV=v1.1.0	manual curation	heart
G2_210414_dhesse_1_68071_HDMSe.raw.zip	mus musculus	heart	not applicable	cardiovascular system disease	1	G2_210414_dhesse_1_68071_HDMSe.raw.zip	proteomic profiling by mass spectrometry	Data-independent acquisition	NT=label free sample;AC=MS:1002038	NT=synapt ms;AC=MS:1001782	NT=Trypsin;AC=MS:1001251	NT=collision-induced dissociation;AC=MS:1000133	1	1	G2_210414_dhesse_1_68071_HDMSe.raw.zip	ftp://ftp.pride.ebi.ac.uk/pride/data/archive/2024/07/PXD045738/G2_210414_dhesse_1_68071_HDMSe.raw.zip	v1.1.0	NT=ms-proteomics;VV=v1.1.0	NT=dia-acquisition;VV=v1.1.0	manual curation	heart
S2_T_210423_dhesse_1_68056_HDMSe.raw.zip	mus musculus	heart	not applicable	cardiovascular system disease	1	S2_T_210423_dhesse_1_68056_HDMSe.raw.zip	proteomic profiling by mass spectrometry	Data-independent acquisition	NT=label free sample;AC=MS:1002038	NT=synapt ms;AC=MS:1001782	NT=Trypsin;AC=MS:1001251	NT=collision-induced dissociation;AC=MS:1000133	1	1	S2_T_210423_dhesse_1_68056_HDMSe.raw.zip	ftp://ftp.pride.ebi.ac.uk/pride/data/archive/2024/07/PXD045738/S2_T_210423_dhesse_1_68056_HDMSe.raw.zip	v1.1.0	NT=ms-proteomics;VV=v1.1.0	NT=dia-acquisition;VV=v1.1.0	manual curation	heart
S2_T_210416_dhesse_1_67949_HDMSe.raw.zip	mus musculus	heart	not applicable	cardiovascular system disease	1	S2_T_210416_dhesse_1_67949_HDMSe.raw.zip	proteomic profiling by mass spectrometry	Data-independent acquisition	NT=label free sample;AC=MS:1002038	NT=synapt ms;AC=MS:1001782	NT=Trypsin;AC=MS:1001251	NT=collision-induced dissociation;AC=MS:1000133	1	1	S2_T_210416_dhesse_1_67949_HDMSe.raw.zip	ftp://ftp.pride.ebi.ac.uk/pride/data/archive/2024/07/PXD045738/S2_T_210416_dhesse_1_67949_HDMSe.raw.zip	v1.1.0	NT=ms-proteomics;VV=v1.1.0	NT=dia-acquisition;VV=v1.1.0	manual curation	heart
G2_210421_dhesse_1_68234_HDMSe.raw.zip	mus musculus	heart	not applicable	cardiovascular system disease	1	G2_210421_dhesse_1_68234_HDMSe.raw.zip	proteomic profiling by mass spectrometry	Data-independent acquisition	NT=label free sample;AC=MS:1002038	NT=synapt ms;AC=MS:1001782	NT=Trypsin;AC=MS:1001251	NT=collision-induced dissociation;AC=MS:1000133	1	1	G2_210421_dhesse_1_68234_HDMSe.raw.zip	ftp://ftp.pride.ebi.ac.uk/pride/data/archive/2024/07/PXD045738/G2_210421_dhesse_1_68234_HDMSe.raw.zip	v1.1.0	NT=ms-proteomics;VV=v1.1.0	NT=dia-acquisition;VV=v1.1.0	manual curation	heart
G2_210414_dhesse_1_68125_HDMSe.raw.zip	mus musculus	heart	not applicable	cardiovascular system disease	1	G2_210414_dhesse_1_68125_HDMSe.raw.zip	proteomic profiling by mass spectrometry	Data-independent acquisition	NT=label free sample;AC=MS:1002038	NT=synapt ms;AC=MS:1001782	NT=Trypsin;AC=MS:1001251	NT=collision-induced dissociation;AC=MS:1000133	1	1	G2_210414_dhesse_1_68125_HDMSe.raw.zip	ftp://ftp.pride.ebi.ac.uk/pride/data/archive/2024/07/PXD045738/G2_210414_dhesse_1_68125_HDMSe.raw.zip	v1.1.0	NT=ms-proteomics;VV=v1.1.0	NT=dia-acquisition;VV=v1.1.0	manual curation	heart
G2_210421_dhesse_1_68178_HDMSe.raw.zip	mus musculus	heart	not applicable	cardiovascular system disease	1	G2_210421_dhesse_1_68178_HDMSe.raw.zip	proteomic profiling by mass spectrometry	Data-independent acquisition	NT=label free sample;AC=MS:1002038	NT=synapt ms;AC=MS:1001782	NT=Trypsin;AC=MS:1001251	NT=collision-induced dissociation;AC=MS:1000133	1	1	G2_210421_dhesse_1_68178_HDMSe.raw.zip	ftp://ftp.pride.ebi.ac.uk/pride/data/archive/2024/07/PXD045738/G2_210421_dhesse_1_68178_HDMSe.raw.zip	v1.1.0	NT=ms-proteomics;VV=v1.1.0	NT=dia-acquisition;VV=v1.1.0	manual curation	heart
G2_210421_dhesse_1_68206_HDMSe.raw.zip	mus musculus	heart	not applicable	cardiovascular system disease	1	G2_210421_dhesse_1_68206_HDMSe.raw.zip	proteomic profiling by mass spectrometry	Data-independent acquisition	NT=label free sample;AC=MS:1002038	NT=synapt ms;AC=MS:1001782	NT=Trypsin;AC=MS:1001251	NT=collision-induced dissociation;AC=MS:1000133	1	1	G2_210421_dhesse_1_68206_HDMSe.raw.zip	ftp://ftp.pride.ebi.ac.uk/pride/data/archive/2024/07/PXD045738/G2_210421_dhesse_1_68206_HDMSe.raw.zip	v1.1.0	NT=ms-proteomics;VV=v1.1.0	NT=dia-acquisition;VV=v1.1.0	manual curation	heart
G2_210421_dhesse_1_68172_HDMSe.raw.zip	mus musculus	heart	not applicable	cardiovascular system disease	1	G2_210421_dhesse_1_68172_HDMSe.raw.zip	proteomic profiling by mass spectrometry	Data-independent acquisition	NT=label free sample;AC=MS:1002038	NT=synapt ms;AC=MS:1001782	NT=Trypsin;AC=MS:1001251	NT=collision-induced dissociation;AC=MS:1000133	1	1	G2_210421_dhesse_1_68172_HDMSe.raw.zip	ftp://ftp.pride.ebi.ac.uk/pride/data/archive/2024/07/PXD045738/G2_210421_dhesse_1_68172_HDMSe.raw.zip	v1.1.0	NT=ms-proteomics;VV=v1.1.0	NT=dia-acquisition;VV=v1.1.0	manual curation	heart
S2_T_210423_dhesse_1_68005_HDMSe.raw.zip	mus musculus	heart	not applicable	cardiovascular system disease	1	S2_T_210423_dhesse_1_68005_HDMSe.raw.zip	proteomic profiling by mass spectrometry	Data-independent acquisition	NT=label free sample;AC=MS:1002038	NT=synapt ms;AC=MS:1001782	NT=Trypsin;AC=MS:1001251	NT=collision-induced dissociation;AC=MS:1000133	1	1	S2_T_210423_dhesse_1_68005_HDMSe.raw.zip	ftp://ftp.pride.ebi.ac.uk/pride/data/archive/2024/07/PXD045738/S2_T_210423_dhesse_1_68005_HDMSe.raw.zip	v1.1.0	NT=ms-proteomics;VV=v1.1.0	NT=dia-acquisition;VV=v1.1.0	manual curation	heart
G2_210421_dhesse_1_68241_HDMSe.raw.zip	mus musculus	heart	not applicable	cardiovascular system disease	1	G2_210421_dhesse_1_68241_HDMSe.raw.zip	proteomic profiling by mass spectrometry	Data-independent acquisition	NT=label free sample;AC=MS:1002038	NT=synapt ms;AC=MS:1001782	NT=Trypsin;AC=MS:1001251	NT=collision-induced dissociation;AC=MS:1000133	1	1	G2_210421_dhesse_1_68241_HDMSe.raw.zip	ftp://ftp.pride.ebi.ac.uk/pride/data/archive/2024/07/PXD045738/G2_210421_dhesse_1_68241_HDMSe.raw.zip	v1.1.0	NT=ms-proteomics;VV=v1.1.0	NT=dia-acquisition;VV=v1.1.0	manual curation	heart
S2_T_210416_dhesse_1_67902_HDMSe.raw.zip	mus musculus	heart	not applicable	cardiovascular system disease	1	S2_T_210416_dhesse_1_67902_HDMSe.raw.zip	proteomic profiling by mass spectrometry	Data-independent acquisition	NT=label free sample;AC=MS:1002038	NT=synapt ms;AC=MS:1001782	NT=Trypsin;AC=MS:1001251	NT=collision-induced dissociation;AC=MS:1000133	1	1	S2_T_210416_dhesse_1_67902_HDMSe.raw.zip	ftp://ftp.pride.ebi.ac.uk/pride/data/archive/2024/07/PXD045738/S2_T_210416_dhesse_1_67902_HDMSe.raw.zip	v1.1.0	NT=ms-proteomics;VV=v1.1.0	NT=dia-acquisition;VV=v1.1.0	manual curation	heart
G2_210421_dhesse_1_68226_HDMSe.raw.zip	mus musculus	heart	not applicable	cardiovascular system disease	1	G2_210421_dhesse_1_68226_HDMSe.raw.zip	proteomic profiling by mass spectrometry	Data-independent acquisition	NT=label free sample;AC=MS:1002038	NT=synapt ms;AC=MS:1001782	NT=Trypsin;AC=MS:1001251	NT=collision-induced dissociation;AC=MS:1000133	1	1	G2_210421_dhesse_1_68226_HDMSe.raw.zip	ftp://ftp.pride.ebi.ac.uk/pride/data/archive/2024/07/PXD045738/G2_210421_dhesse_1_68226_HDMSe.raw.zip	v1.1.0	NT=ms-proteomics;VV=v1.1.0	NT=dia-acquisition;VV=v1.1.0	manual curation	heart
S2_T_210416_dhesse_1_67947_HDMSe.raw.zip	mus musculus	heart	not applicable	cardiovascular system disease	1	S2_T_210416_dhesse_1_67947_HDMSe.raw.zip	proteomic profiling by mass spectrometry	Data-independent acquisition	NT=label free sample;AC=MS:1002038	NT=synapt ms;AC=MS:1001782	NT=Trypsin;AC=MS:1001251	NT=collision-induced dissociation;AC=MS:1000133	1	1	S2_T_210416_dhesse_1_67947_HDMSe.raw.zip	ftp://ftp.pride.ebi.ac.uk/pride/data/archive/2024/07/PXD045738/S2_T_210416_dhesse_1_67947_HDMSe.raw.zip	v1.1.0	NT=ms-proteomics;VV=v1.1.0	NT=dia-acquisition;VV=v1.1.0	manual curation	heart
G2_210421_dhesse_1_68204_HDMSe.raw.zip	mus musculus	heart	not applicable	cardiovascular system disease	1	G2_210421_dhesse_1_68204_HDMSe.raw.zip	proteomic profiling by mass spectrometry	Data-independent acquisition	NT=label free sample;AC=MS:1002038	NT=synapt ms;AC=MS:1001782	NT=Trypsin;AC=MS:1001251	NT=collision-induced dissociation;AC=MS:1000133	1	1	G2_210421_dhesse_1_68204_HDMSe.raw.zip	ftp://ftp.pride.ebi.ac.uk/pride/data/archive/2024/07/PXD045738/G2_210421_dhesse_1_68204_HDMSe.raw.zip	v1.1.0	NT=ms-proteomics;VV=v1.1.0	NT=dia-acquisition;VV=v1.1.0	manual curation	heart
G2_210421_dhesse_1_68191_HDMSe.raw.zip	mus musculus	heart	not applicable	cardiovascular system disease	1	G2_210421_dhesse_1_68191_HDMSe.raw.zip	proteomic profiling by mass spectrometry	Data-independent acquisition	NT=label free sample;AC=MS:1002038	NT=synapt ms;AC=MS:1001782	NT=Trypsin;AC=MS:1001251	NT=collision-induced dissociation;AC=MS:1000133	1	1	G2_210421_dhesse_1_68191_HDMSe.raw.zip	ftp://ftp.pride.ebi.ac.uk/pride/data/archive/2024/07/PXD045738/G2_210421_dhesse_1_68191_HDMSe.raw.zip	v1.1.0	NT=ms-proteomics;VV=v1.1.0	NT=dia-acquisition;VV=v1.1.0	manual curation	heart
S2_T_210416_dhesse_1_67907_HDMSe.raw.zip	mus musculus	heart	not applicable	cardiovascular system disease	1	S2_T_210416_dhesse_1_67907_HDMSe.raw.zip	proteomic profiling by mass spectrometry	Data-independent acquisition	NT=label free sample;AC=MS:1002038	NT=synapt ms;AC=MS:1001782	NT=Trypsin;AC=MS:1001251	NT=collision-induced dissociation;AC=MS:1000133	1	1	S2_T_210416_dhesse_1_67907_HDMSe.raw.zip	ftp://ftp.pride.ebi.ac.uk/pride/data/archive/2024/07/PXD045738/S2_T_210416_dhesse_1_67907_HDMSe.raw.zip	v1.1.0	NT=ms-proteomics;VV=v1.1.0	NT=dia-acquisition;VV=v1.1.0	manual curation	heart
G2_210414_dhesse_1_68104_HDMSe.raw.zip	mus musculus	heart	not applicable	cardiovascular system disease	1	G2_210414_dhesse_1_68104_HDMSe.raw.zip	proteomic profiling by mass spectrometry	Data-independent acquisition	NT=label free sample;AC=MS:1002038	NT=synapt ms;AC=MS:1001782	NT=Trypsin;AC=MS:1001251	NT=collision-induced dissociation;AC=MS:1000133	1	1	G2_210414_dhesse_1_68104_HDMSe.raw.zip	ftp://ftp.pride.ebi.ac.uk/pride/data/archive/2024/07/PXD045738/G2_210414_dhesse_1_68104_HDMSe.raw.zip	v1.1.0	NT=ms-proteomics;VV=v1.1.0	NT=dia-acquisition;VV=v1.1.0	manual curation	heart
G2_210414_dhesse_1_68098_HDMSe.raw.zip	mus musculus	heart	not applicable	cardiovascular system disease	1	G2_210414_dhesse_1_68098_HDMSe.raw.zip	proteomic profiling by mass spectrometry	Data-independent acquisition	NT=label free sample;AC=MS:1002038	NT=synapt ms;AC=MS:1001782	NT=Trypsin;AC=MS:1001251	NT=collision-induced dissociation;AC=MS:1000133	1	1	G2_210414_dhesse_1_68098_HDMSe.raw.zip	ftp://ftp.pride.ebi.ac.uk/pride/data/archive/2024/07/PXD045738/G2_210414_dhesse_1_68098_HDMSe.raw.zip	v1.1.0	NT=ms-proteomics;VV=v1.1.0	NT=dia-acquisition;VV=v1.1.0	manual curation	heart
S2_T_210416_dhesse_1_67958_HDMSe.raw.zip	mus musculus	heart	not applicable	cardiovascular system disease	1	S2_T_210416_dhesse_1_67958_HDMSe.raw.zip	proteomic profiling by mass spectrometry	Data-independent acquisition	NT=label free sample;AC=MS:1002038	NT=synapt ms;AC=MS:1001782	NT=Trypsin;AC=MS:1001251	NT=collision-induced dissociation;AC=MS:1000133	1	1	S2_T_210416_dhesse_1_67958_HDMSe.raw.zip	ftp://ftp.pride.ebi.ac.uk/pride/data/archive/2024/07/PXD045738/S2_T_210416_dhesse_1_67958_HDMSe.raw.zip	v1.1.0	NT=ms-proteomics;VV=v1.1.0	NT=dia-acquisition;VV=v1.1.0	manual curation	heart
G2_210414_dhesse_1_68077_HDMSe.raw.zip	mus musculus	heart	not applicable	cardiovascular system disease	1	G2_210414_dhesse_1_68077_HDMSe.raw.zip	proteomic profiling by mass spectrometry	Data-independent acquisition	NT=label free sample;AC=MS:1002038	NT=synapt ms;AC=MS:1001782	NT=Trypsin;AC=MS:1001251	NT=collision-induced dissociation;AC=MS:1000133	1	1	G2_210414_dhesse_1_68077_HDMSe.raw.zip	ftp://ftp.pride.ebi.ac.uk/pride/data/archive/2024/07/PXD045738/G2_210414_dhesse_1_68077_HDMSe.raw.zip	v1.1.0	NT=ms-proteomics;VV=v1.1.0	NT=dia-acquisition;VV=v1.1.0	manual curation	heart
S2_T_210416_dhesse_1_67909_HDMSe.raw.zip	mus musculus	heart	not applicable	cardiovascular system disease	1	S2_T_210416_dhesse_1_67909_HDMSe.raw.zip	proteomic profiling by mass spectrometry	Data-independent acquisition	NT=label free sample;AC=MS:1002038	NT=synapt ms;AC=MS:1001782	NT=Trypsin;AC=MS:1001251	NT=collision-induced dissociation;AC=MS:1000133	1	1	S2_T_210416_dhesse_1_67909_HDMSe.raw.zip	ftp://ftp.pride.ebi.ac.uk/pride/data/archive/2024/07/PXD045738/S2_T_210416_dhesse_1_67909_HDMSe.raw.zip	v1.1.0	NT=ms-proteomics;VV=v1.1.0	NT=dia-acquisition;VV=v1.1.0	manual curation	heart
G2_210414_dhesse_1_68082_HDMSe.raw.zip	mus musculus	heart	not applicable	cardiovascular system disease	1	G2_210414_dhesse_1_68082_HDMSe.raw.zip	proteomic profiling by mass spectrometry	Data-independent acquisition	NT=label free sample;AC=MS:1002038	NT=synapt ms;AC=MS:1001782	NT=Trypsin;AC=MS:1001251	NT=collision-induced dissociation;AC=MS:1000133	1	1	G2_210414_dhesse_1_68082_HDMSe.raw.zip	ftp://ftp.pride.ebi.ac.uk/pride/data/archive/2024/07/PXD045738/G2_210414_dhesse_1_68082_HDMSe.raw.zip	v1.1.0	NT=ms-proteomics;VV=v1.1.0	NT=dia-acquisition;VV=v1.1.0	manual curation	heart
G2_210414_dhesse_1_68090_HDMSe.raw.zip	mus musculus	heart	not applicable	cardiovascular system disease	1	G2_210414_dhesse_1_68090_HDMSe.raw.zip	proteomic profiling by mass spectrometry	Data-independent acquisition	NT=label free sample;AC=MS:1002038	NT=synapt ms;AC=MS:1001782	NT=Trypsin;AC=MS:1001251	NT=collision-induced dissociation;AC=MS:1000133	1	1	G2_210414_dhesse_1_68090_HDMSe.raw.zip	ftp://ftp.pride.ebi.ac.uk/pride/data/archive/2024/07/PXD045738/G2_210414_dhesse_1_68090_HDMSe.raw.zip	v1.1.0	NT=ms-proteomics;VV=v1.1.0	NT=dia-acquisition;VV=v1.1.0	manual curation	heart
G2_210414_dhesse_1_68069_HDMSe.raw.zip	mus musculus	heart	not applicable	cardiovascular system disease	1	G2_210414_dhesse_1_68069_HDMSe.raw.zip	proteomic profiling by mass spectrometry	Data-independent acquisition	NT=label free sample;AC=MS:1002038	NT=synapt ms;AC=MS:1001782	NT=Trypsin;AC=MS:1001251	NT=collision-induced dissociation;AC=MS:1000133	1	1	G2_210414_dhesse_1_68069_HDMSe.raw.zip	ftp://ftp.pride.ebi.ac.uk/pride/data/archive/2024/07/PXD045738/G2_210414_dhesse_1_68069_HDMSe.raw.zip	v1.1.0	NT=ms-proteomics;VV=v1.1.0	NT=dia-acquisition;VV=v1.1.0	manual curation	heart
G2_210421_dhesse_1_68169_HDMSe.raw.zip	mus musculus	heart	not applicable	cardiovascular system disease	1	G2_210421_dhesse_1_68169_HDMSe.raw.zip	proteomic profiling by mass spectrometry	Data-independent acquisition	NT=label free sample;AC=MS:1002038	NT=synapt ms;AC=MS:1001782	NT=Trypsin;AC=MS:1001251	NT=collision-induced dissociation;AC=MS:1000133	1	1	G2_210421_dhesse_1_68169_HDMSe.raw.zip	ftp://ftp.pride.ebi.ac.uk/pride/data/archive/2024/07/PXD045738/G2_210421_dhesse_1_68169_HDMSe.raw.zip	v1.1.0	NT=ms-proteomics;VV=v1.1.0	NT=dia-acquisition;VV=v1.1.0	manual curation	heart
S2_T_210423_dhesse_1_68035_HDMSe.raw.zip	mus musculus	heart	not applicable	cardiovascular system disease	1	S2_T_210423_dhesse_1_68035_HDMSe.raw.zip	proteomic profiling by mass spectrometry	Data-independent acquisition	NT=label free sample;AC=MS:1002038	NT=synapt ms;AC=MS:1001782	NT=Trypsin;AC=MS:1001251	NT=collision-induced dissociation;AC=MS:1000133	1	1	S2_T_210423_dhesse_1_68035_HDMSe.raw.zip	ftp://ftp.pride.ebi.ac.uk/pride/data/archive/2024/07/PXD045738/S2_T_210423_dhesse_1_68035_HDMSe.raw.zip	v1.1.0	NT=ms-proteomics;VV=v1.1.0	NT=dia-acquisition;VV=v1.1.0	manual curation	heart
G2_210414_dhesse_1_68116_HDMSe.raw.zip	mus musculus	heart	not applicable	cardiovascular system disease	1	G2_210414_dhesse_1_68116_HDMSe.raw.zip	proteomic profiling by mass spectrometry	Data-independent acquisition	NT=label free sample;AC=MS:1002038	NT=synapt ms;AC=MS:1001782	NT=Trypsin;AC=MS:1001251	NT=collision-induced dissociation;AC=MS:1000133	1	1	G2_210414_dhesse_1_68116_HDMSe.raw.zip	ftp://ftp.pride.ebi.ac.uk/pride/data/archive/2024/07/PXD045738/G2_210414_dhesse_1_68116_HDMSe.raw.zip	v1.1.0	NT=ms-proteomics;VV=v1.1.0	NT=dia-acquisition;VV=v1.1.0	manual curation	heart
S2_T_210423_dhesse_1_68022_HDMSe.raw.zip	mus musculus	heart	not applicable	cardiovascular system disease	1	S2_T_210423_dhesse_1_68022_HDMSe.raw.zip	proteomic profiling by mass spectrometry	Data-independent acquisition	NT=label free sample;AC=MS:1002038	NT=synapt ms;AC=MS:1001782	NT=Trypsin;AC=MS:1001251	NT=collision-induced dissociation;AC=MS:1000133	1	1	S2_T_210423_dhesse_1_68022_HDMSe.raw.zip	ftp://ftp.pride.ebi.ac.uk/pride/data/archive/2024/07/PXD045738/S2_T_210423_dhesse_1_68022_HDMSe.raw.zip	v1.1.0	NT=ms-proteomics;VV=v1.1.0	NT=dia-acquisition;VV=v1.1.0	manual curation	heart
S2_T_210423_dhesse_1_68048_HDMSe.raw.zip	mus musculus	heart	not applicable	cardiovascular system disease	1	S2_T_210423_dhesse_1_68048_HDMSe.raw.zip	proteomic profiling by mass spectrometry	Data-independent acquisition	NT=label free sample;AC=MS:1002038	NT=synapt ms;AC=MS:1001782	NT=Trypsin;AC=MS:1001251	NT=collision-induced dissociation;AC=MS:1000133	1	1	S2_T_210423_dhesse_1_68048_HDMSe.raw.zip	ftp://ftp.pride.ebi.ac.uk/pride/data/archive/2024/07/PXD045738/S2_T_210423_dhesse_1_68048_HDMSe.raw.zip	v1.1.0	NT=ms-proteomics;VV=v1.1.0	NT=dia-acquisition;VV=v1.1.0	manual curation	heart
S2_T_210416_dhesse_1_67943_HDMSe.raw.zip	mus musculus	heart	not applicable	cardiovascular system disease	1	S2_T_210416_dhesse_1_67943_HDMSe.raw.zip	proteomic profiling by mass spectrometry	Data-independent acquisition	NT=label free sample;AC=MS:1002038	NT=synapt ms;AC=MS:1001782	NT=Trypsin;AC=MS:1001251	NT=collision-induced dissociation;AC=MS:1000133	1	1	S2_T_210416_dhesse_1_67943_HDMSe.raw.zip	ftp://ftp.pride.ebi.ac.uk/pride/data/archive/2024/07/PXD045738/S2_T_210416_dhesse_1_67943_HDMSe.raw.zip	v1.1.0	NT=ms-proteomics;VV=v1.1.0	NT=dia-acquisition;VV=v1.1.0	manual curation	heart
G2_210414_dhesse_1_68084_HDMSe.raw.zip	mus musculus	heart	not applicable	cardiovascular system disease	1	G2_210414_dhesse_1_68084_HDMSe.raw.zip	proteomic profiling by mass spectrometry	Data-independent acquisition	NT=label free sample;AC=MS:1002038	NT=synapt ms;AC=MS:1001782	NT=Trypsin;AC=MS:1001251	NT=collision-induced dissociation;AC=MS:1000133	1	1	G2_210414_dhesse_1_68084_HDMSe.raw.zip	ftp://ftp.pride.ebi.ac.uk/pride/data/archive/2024/07/PXD045738/G2_210414_dhesse_1_68084_HDMSe.raw.zip	v1.1.0	NT=ms-proteomics;VV=v1.1.0	NT=dia-acquisition;VV=v1.1.0	manual curation	heart
G2_210421_dhesse_1_68165_HDMSe.raw.zip	mus musculus	heart	not applicable	cardiovascular system disease	1	G2_210421_dhesse_1_68165_HDMSe.raw.zip	proteomic profiling by mass spectrometry	Data-independent acquisition	NT=label free sample;AC=MS:1002038	NT=synapt ms;AC=MS:1001782	NT=Trypsin;AC=MS:1001251	NT=collision-induced dissociation;AC=MS:1000133	1	1	G2_210421_dhesse_1_68165_HDMSe.raw.zip	ftp://ftp.pride.ebi.ac.uk/pride/data/archive/2024/07/PXD045738/G2_210421_dhesse_1_68165_HDMSe.raw.zip	v1.1.0	NT=ms-proteomics;VV=v1.1.0	NT=dia-acquisition;VV=v1.1.0	manual curation	heart
S2_T_210423_dhesse_1_68047_HDMSe.raw.zip	mus musculus	heart	not applicable	cardiovascular system disease	1	S2_T_210423_dhesse_1_68047_HDMSe.raw.zip	proteomic profiling by mass spectrometry	Data-independent acquisition	NT=label free sample;AC=MS:1002038	NT=synapt ms;AC=MS:1001782	NT=Trypsin;AC=MS:1001251	NT=collision-induced dissociation;AC=MS:1000133	1	1	S2_T_210423_dhesse_1_68047_HDMSe.raw.zip	ftp://ftp.pride.ebi.ac.uk/pride/data/archive/2024/07/PXD045738/S2_T_210423_dhesse_1_68047_HDMSe.raw.zip	v1.1.0	NT=ms-proteomics;VV=v1.1.0	NT=dia-acquisition;VV=v1.1.0	manual curation	heart
S2_T_210423_dhesse_1_68028_HDMSe.raw.zip	mus musculus	heart	not applicable	cardiovascular system disease	1	S2_T_210423_dhesse_1_68028_HDMSe.raw.zip	proteomic profiling by mass spectrometry	Data-independent acquisition	NT=label free sample;AC=MS:1002038	NT=synapt ms;AC=MS:1001782	NT=Trypsin;AC=MS:1001251	NT=collision-induced dissociation;AC=MS:1000133	1	1	S2_T_210423_dhesse_1_68028_HDMSe.raw.zip	ftp://ftp.pride.ebi.ac.uk/pride/data/archive/2024/07/PXD045738/S2_T_210423_dhesse_1_68028_HDMSe.raw.zip	v1.1.0	NT=ms-proteomics;VV=v1.1.0	NT=dia-acquisition;VV=v1.1.0	manual curation	heart
S2_T_210423_dhesse_1_67969_HDMSe.raw.zip	mus musculus	heart	not applicable	cardiovascular system disease	1	S2_T_210423_dhesse_1_67969_HDMSe.raw.zip	proteomic profiling by mass spectrometry	Data-independent acquisition	NT=label free sample;AC=MS:1002038	NT=synapt ms;AC=MS:1001782	NT=Trypsin;AC=MS:1001251	NT=collision-induced dissociation;AC=MS:1000133	1	1	S2_T_210423_dhesse_1_67969_HDMSe.raw.zip	ftp://ftp.pride.ebi.ac.uk/pride/data/archive/2024/07/PXD045738/S2_T_210423_dhesse_1_67969_HDMSe.raw.zip	v1.1.0	NT=ms-proteomics;VV=v1.1.0	NT=dia-acquisition;VV=v1.1.0	manual curation	heart
S2_T_210423_dhesse_1_68040_HDMSe.raw.zip	mus musculus	heart	not applicable	cardiovascular system disease	1	S2_T_210423_dhesse_1_68040_HDMSe.raw.zip	proteomic profiling by mass spectrometry	Data-independent acquisition	NT=label free sample;AC=MS:1002038	NT=synapt ms;AC=MS:1001782	NT=Trypsin;AC=MS:1001251	NT=collision-induced dissociation;AC=MS:1000133	1	1	S2_T_210423_dhesse_1_68040_HDMSe.raw.zip	ftp://ftp.pride.ebi.ac.uk/pride/data/archive/2024/07/PXD045738/S2_T_210423_dhesse_1_68040_HDMSe.raw.zip	v1.1.0	NT=ms-proteomics;VV=v1.1.0	NT=dia-acquisition;VV=v1.1.0	manual curation	heart
S2_T_210423_dhesse_1_67977_HDMSe.raw.zip	mus musculus	heart	not applicable	cardiovascular system disease	1	S2_T_210423_dhesse_1_67977_HDMSe.raw.zip	proteomic profiling by mass spectrometry	Data-independent acquisition	NT=label free sample;AC=MS:1002038	NT=synapt ms;AC=MS:1001782	NT=Trypsin;AC=MS:1001251	NT=collision-induced dissociation;AC=MS:1000133	1	1	S2_T_210423_dhesse_1_67977_HDMSe.raw.zip	ftp://ftp.pride.ebi.ac.uk/pride/data/archive/2024/07/PXD045738/S2_T_210423_dhesse_1_67977_HDMSe.raw.zip	v1.1.0	NT=ms-proteomics;VV=v1.1.0	NT=dia-acquisition;VV=v1.1.0	manual curation	heart
G2_210414_dhesse_1_68138_HDMSe.raw.zip	mus musculus	heart	not applicable	cardiovascular system disease	1	G2_210414_dhesse_1_68138_HDMSe.raw.zip	proteomic profiling by mass spectrometry	Data-independent acquisition	NT=label free sample;AC=MS:1002038	NT=synapt ms;AC=MS:1001782	NT=Trypsin;AC=MS:1001251	NT=collision-induced dissociation;AC=MS:1000133	1	1	G2_210414_dhesse_1_68138_HDMSe.raw.zip	ftp://ftp.pride.ebi.ac.uk/pride/data/archive/2024/07/PXD045738/G2_210414_dhesse_1_68138_HDMSe.raw.zip	v1.1.0	NT=ms-proteomics;VV=v1.1.0	NT=dia-acquisition;VV=v1.1.0	manual curation	heart
G2_210414_dhesse_1_68096_HDMSe.raw.zip	mus musculus	heart	not applicable	cardiovascular system disease	1	G2_210414_dhesse_1_68096_HDMSe.raw.zip	proteomic profiling by mass spectrometry	Data-independent acquisition	NT=label free sample;AC=MS:1002038	NT=synapt ms;AC=MS:1001782	NT=Trypsin;AC=MS:1001251	NT=collision-induced dissociation;AC=MS:1000133	1	1	G2_210414_dhesse_1_68096_HDMSe.raw.zip	ftp://ftp.pride.ebi.ac.uk/pride/data/archive/2024/07/PXD045738/G2_210414_dhesse_1_68096_HDMSe.raw.zip	v1.1.0	NT=ms-proteomics;VV=v1.1.0	NT=dia-acquisition;VV=v1.1.0	manual curation	heart
G2_210421_dhesse_1_68170_HDMSe.raw.zip	mus musculus	heart	not applicable	cardiovascular system disease	1	G2_210421_dhesse_1_68170_HDMSe.raw.zip	proteomic profiling by mass spectrometry	Data-independent acquisition	NT=label free sample;AC=MS:1002038	NT=synapt ms;AC=MS:1001782	NT=Trypsin;AC=MS:1001251	NT=collision-induced dissociation;AC=MS:1000133	1	1	G2_210421_dhesse_1_68170_HDMSe.raw.zip	ftp://ftp.pride.ebi.ac.uk/pride/data/archive/2024/07/PXD045738/G2_210421_dhesse_1_68170_HDMSe.raw.zip	v1.1.0	NT=ms-proteomics;VV=v1.1.0	NT=dia-acquisition;VV=v1.1.0	manual curation	heart
S2_T_210423_dhesse_1_67987_HDMSe.raw.zip	mus musculus	heart	not applicable	cardiovascular system disease	1	S2_T_210423_dhesse_1_67987_HDMSe.raw.zip	proteomic profiling by mass spectrometry	Data-independent acquisition	NT=label free sample;AC=MS:1002038	NT=synapt ms;AC=MS:1001782	NT=Trypsin;AC=MS:1001251	NT=collision-induced dissociation;AC=MS:1000133	1	1	S2_T_210423_dhesse_1_67987_HDMSe.raw.zip	ftp://ftp.pride.ebi.ac.uk/pride/data/archive/2024/07/PXD045738/S2_T_210423_dhesse_1_67987_HDMSe.raw.zip	v1.1.0	NT=ms-proteomics;VV=v1.1.0	NT=dia-acquisition;VV=v1.1.0	manual curation	heart
S2_T_210423_dhesse_1_68027_HDMSe.raw.zip	mus musculus	heart	not applicable	cardiovascular system disease	1	S2_T_210423_dhesse_1_68027_HDMSe.raw.zip	proteomic profiling by mass spectrometry	Data-independent acquisition	NT=label free sample;AC=MS:1002038	NT=synapt ms;AC=MS:1001782	NT=Trypsin;AC=MS:1001251	NT=collision-induced dissociation;AC=MS:1000133	1	1	S2_T_210423_dhesse_1_68027_HDMSe.raw.zip	ftp://ftp.pride.ebi.ac.uk/pride/data/archive/2024/07/PXD045738/S2_T_210423_dhesse_1_68027_HDMSe.raw.zip	v1.1.0	NT=ms-proteomics;VV=v1.1.0	NT=dia-acquisition;VV=v1.1.0	manual curation	heart
S2_T_210416_dhesse_1_67928_HDMSe.raw.zip	mus musculus	heart	not applicable	cardiovascular system disease	1	S2_T_210416_dhesse_1_67928_HDMSe.raw.zip	proteomic profiling by mass spectrometry	Data-independent acquisition	NT=label free sample;AC=MS:1002038	NT=synapt ms;AC=MS:1001782	NT=Trypsin;AC=MS:1001251	NT=collision-induced dissociation;AC=MS:1000133	1	1	S2_T_210416_dhesse_1_67928_HDMSe.raw.zip	ftp://ftp.pride.ebi.ac.uk/pride/data/archive/2024/07/PXD045738/S2_T_210416_dhesse_1_67928_HDMSe.raw.zip	v1.1.0	NT=ms-proteomics;VV=v1.1.0	NT=dia-acquisition;VV=v1.1.0	manual curation	heart
S2_T_210416_dhesse_1_67930_HDMSe.raw.zip	mus musculus	heart	not applicable	cardiovascular system disease	1	S2_T_210416_dhesse_1_67930_HDMSe.raw.zip	proteomic profiling by mass spectrometry	Data-independent acquisition	NT=label free sample;AC=MS:1002038	NT=synapt ms;AC=MS:1001782	NT=Trypsin;AC=MS:1001251	NT=collision-induced dissociation;AC=MS:1000133	1	1	S2_T_210416_dhesse_1_67930_HDMSe.raw.zip	ftp://ftp.pride.ebi.ac.uk/pride/data/archive/2024/07/PXD045738/S2_T_210416_dhesse_1_67930_HDMSe.raw.zip	v1.1.0	NT=ms-proteomics;VV=v1.1.0	NT=dia-acquisition;VV=v1.1.0	manual curation	heart
S2_T_210423_dhesse_1_68008_HDMSe.raw.zip	mus musculus	heart	not applicable	cardiovascular system disease	1	S2_T_210423_dhesse_1_68008_HDMSe.raw.zip	proteomic profiling by mass spectrometry	Data-independent acquisition	NT=label free sample;AC=MS:1002038	NT=synapt ms;AC=MS:1001782	NT=Trypsin;AC=MS:1001251	NT=collision-induced dissociation;AC=MS:1000133	1	1	S2_T_210423_dhesse_1_68008_HDMSe.raw.zip	ftp://ftp.pride.ebi.ac.uk/pride/data/archive/2024/07/PXD045738/S2_T_210423_dhesse_1_68008_HDMSe.raw.zip	v1.1.0	NT=ms-proteomics;VV=v1.1.0	NT=dia-acquisition;VV=v1.1.0	manual curation	heart
S2_T_210416_dhesse_1_67921_HDMSe.raw.zip	mus musculus	heart	not applicable	cardiovascular system disease	1	S2_T_210416_dhesse_1_67921_HDMSe.raw.zip	proteomic profiling by mass spectrometry	Data-independent acquisition	NT=label free sample;AC=MS:1002038	NT=synapt ms;AC=MS:1001782	NT=Trypsin;AC=MS:1001251	NT=collision-induced dissociation;AC=MS:1000133	1	1	S2_T_210416_dhesse_1_67921_HDMSe.raw.zip	ftp://ftp.pride.ebi.ac.uk/pride/data/archive/2024/07/PXD045738/S2_T_210416_dhesse_1_67921_HDMSe.raw.zip	v1.1.0	NT=ms-proteomics;VV=v1.1.0	NT=dia-acquisition;VV=v1.1.0	manual curation	heart
G2_210421_dhesse_1_68242_HDMSe.raw.zip	mus musculus	heart	not applicable	cardiovascular system disease	1	G2_210421_dhesse_1_68242_HDMSe.raw.zip	proteomic profiling by mass spectrometry	Data-independent acquisition	NT=label free sample;AC=MS:1002038	NT=synapt ms;AC=MS:1001782	NT=Trypsin;AC=MS:1001251	NT=collision-induced dissociation;AC=MS:1000133	1	1	G2_210421_dhesse_1_68242_HDMSe.raw.zip	ftp://ftp.pride.ebi.ac.uk/pride/data/archive/2024/07/PXD045738/G2_210421_dhesse_1_68242_HDMSe.raw.zip	v1.1.0	NT=ms-proteomics;VV=v1.1.0	NT=dia-acquisition;VV=v1.1.0	manual curation	heart
G2_210414_dhesse_1_68127_HDMSe.raw.zip	mus musculus	heart	not applicable	cardiovascular system disease	1	G2_210414_dhesse_1_68127_HDMSe.raw.zip	proteomic profiling by mass spectrometry	Data-independent acquisition	NT=label free sample;AC=MS:1002038	NT=synapt ms;AC=MS:1001782	NT=Trypsin;AC=MS:1001251	NT=collision-induced dissociation;AC=MS:1000133	1	1	G2_210414_dhesse_1_68127_HDMSe.raw.zip	ftp://ftp.pride.ebi.ac.uk/pride/data/archive/2024/07/PXD045738/G2_210414_dhesse_1_68127_HDMSe.raw.zip	v1.1.0	NT=ms-proteomics;VV=v1.1.0	NT=dia-acquisition;VV=v1.1.0	manual curation	heart
S2_T_210416_dhesse_1_67934_HDMSe.raw.zip	mus musculus	heart	not applicable	cardiovascular system disease	1	S2_T_210416_dhesse_1_67934_HDMSe.raw.zip	proteomic profiling by mass spectrometry	Data-independent acquisition	NT=label free sample;AC=MS:1002038	NT=synapt ms;AC=MS:1001782	NT=Trypsin;AC=MS:1001251	NT=collision-induced dissociation;AC=MS:1000133	1	1	S2_T_210416_dhesse_1_67934_HDMSe.raw.zip	ftp://ftp.pride.ebi.ac.uk/pride/data/archive/2024/07/PXD045738/S2_T_210416_dhesse_1_67934_HDMSe.raw.zip	v1.1.0	NT=ms-proteomics;VV=v1.1.0	NT=dia-acquisition;VV=v1.1.0	manual curation	heart
S2_T_210423_dhesse_1_68007_HDMSe.raw.zip	mus musculus	heart	not applicable	cardiovascular system disease	1	S2_T_210423_dhesse_1_68007_HDMSe.raw.zip	proteomic profiling by mass spectrometry	Data-independent acquisition	NT=label free sample;AC=MS:1002038	NT=synapt ms;AC=MS:1001782	NT=Trypsin;AC=MS:1001251	NT=collision-induced dissociation;AC=MS:1000133	1	1	S2_T_210423_dhesse_1_68007_HDMSe.raw.zip	ftp://ftp.pride.ebi.ac.uk/pride/data/archive/2024/07/PXD045738/S2_T_210423_dhesse_1_68007_HDMSe.raw.zip	v1.1.0	NT=ms-proteomics;VV=v1.1.0	NT=dia-acquisition;VV=v1.1.0	manual curation	heart
S2_T_210423_dhesse_1_68042_HDMSe.raw.zip	mus musculus	heart	not applicable	cardiovascular system disease	1	S2_T_210423_dhesse_1_68042_HDMSe.raw.zip	proteomic profiling by mass spectrometry	Data-independent acquisition	NT=label free sample;AC=MS:1002038	NT=synapt ms;AC=MS:1001782	NT=Trypsin;AC=MS:1001251	NT=collision-induced dissociation;AC=MS:1000133	1	1	S2_T_210423_dhesse_1_68042_HDMSe.raw.zip	ftp://ftp.pride.ebi.ac.uk/pride/data/archive/2024/07/PXD045738/S2_T_210423_dhesse_1_68042_HDMSe.raw.zip	v1.1.0	NT=ms-proteomics;VV=v1.1.0	NT=dia-acquisition;VV=v1.1.0	manual curation	heart
G2_210421_dhesse_1_68225_HDMSe.raw.zip	mus musculus	heart	not applicable	cardiovascular system disease	1	G2_210421_dhesse_1_68225_HDMSe.raw.zip	proteomic profiling by mass spectrometry	Data-independent acquisition	NT=label free sample;AC=MS:1002038	NT=synapt ms;AC=MS:1001782	NT=Trypsin;AC=MS:1001251	NT=collision-induced dissociation;AC=MS:1000133	1	1	G2_210421_dhesse_1_68225_HDMSe.raw.zip	ftp://ftp.pride.ebi.ac.uk/pride/data/archive/2024/07/PXD045738/G2_210421_dhesse_1_68225_HDMSe.raw.zip	v1.1.0	NT=ms-proteomics;VV=v1.1.0	NT=dia-acquisition;VV=v1.1.0	manual curation	heart
S2_T_210416_dhesse_1_67950_HDMSe.raw.zip	mus musculus	heart	not applicable	cardiovascular system disease	1	S2_T_210416_dhesse_1_67950_HDMSe.raw.zip	proteomic profiling by mass spectrometry	Data-independent acquisition	NT=label free sample;AC=MS:1002038	NT=synapt ms;AC=MS:1001782	NT=Trypsin;AC=MS:1001251	NT=collision-induced dissociation;AC=MS:1000133	1	1	S2_T_210416_dhesse_1_67950_HDMSe.raw.zip	ftp://ftp.pride.ebi.ac.uk/pride/data/archive/2024/07/PXD045738/S2_T_210416_dhesse_1_67950_HDMSe.raw.zip	v1.1.0	NT=ms-proteomics;VV=v1.1.0	NT=dia-acquisition;VV=v1.1.0	manual curation	heart
S2_T_210416_dhesse_1_67920_HDMSe.raw.zip	mus musculus	heart	not applicable	cardiovascular system disease	1	S2_T_210416_dhesse_1_67920_HDMSe.raw.zip	proteomic profiling by mass spectrometry	Data-independent acquisition	NT=label free sample;AC=MS:1002038	NT=synapt ms;AC=MS:1001782	NT=Trypsin;AC=MS:1001251	NT=collision-induced dissociation;AC=MS:1000133	1	1	S2_T_210416_dhesse_1_67920_HDMSe.raw.zip	ftp://ftp.pride.ebi.ac.uk/pride/data/archive/2024/07/PXD045738/S2_T_210416_dhesse_1_67920_HDMSe.raw.zip	v1.1.0	NT=ms-proteomics;VV=v1.1.0	NT=dia-acquisition;VV=v1.1.0	manual curation	heart
G2_210414_dhesse_1_68073_HDMSe.raw.zip	mus musculus	heart	not applicable	cardiovascular system disease	1	G2_210414_dhesse_1_68073_HDMSe.raw.zip	proteomic profiling by mass spectrometry	Data-independent acquisition	NT=label free sample;AC=MS:1002038	NT=synapt ms;AC=MS:1001782	NT=Trypsin;AC=MS:1001251	NT=collision-induced dissociation;AC=MS:1000133	1	1	G2_210414_dhesse_1_68073_HDMSe.raw.zip	ftp://ftp.pride.ebi.ac.uk/pride/data/archive/2024/07/PXD045738/G2_210414_dhesse_1_68073_HDMSe.raw.zip	v1.1.0	NT=ms-proteomics;VV=v1.1.0	NT=dia-acquisition;VV=v1.1.0	manual curation	heart
G2_210414_dhesse_1_68113_HDMSe.raw.zip	mus musculus	heart	not applicable	cardiovascular system disease	1	G2_210414_dhesse_1_68113_HDMSe.raw.zip	proteomic profiling by mass spectrometry	Data-independent acquisition	NT=label free sample;AC=MS:1002038	NT=synapt ms;AC=MS:1001782	NT=Trypsin;AC=MS:1001251	NT=collision-induced dissociation;AC=MS:1000133	1	1	G2_210414_dhesse_1_68113_HDMSe.raw.zip	ftp://ftp.pride.ebi.ac.uk/pride/data/archive/2024/07/PXD045738/G2_210414_dhesse_1_68113_HDMSe.raw.zip	v1.1.0	NT=ms-proteomics;VV=v1.1.0	NT=dia-acquisition;VV=v1.1.0	manual curation	heart
S2_T_210423_dhesse_1_68050_HDMSe.raw.zip	mus musculus	heart	not applicable	cardiovascular system disease	1	S2_T_210423_dhesse_1_68050_HDMSe.raw.zip	proteomic profiling by mass spectrometry	Data-independent acquisition	NT=label free sample;AC=MS:1002038	NT=synapt ms;AC=MS:1001782	NT=Trypsin;AC=MS:1001251	NT=collision-induced dissociation;AC=MS:1000133	1	1	S2_T_210423_dhesse_1_68050_HDMSe.raw.zip	ftp://ftp.pride.ebi.ac.uk/pride/data/archive/2024/07/PXD045738/S2_T_210423_dhesse_1_68050_HDMSe.raw.zip	v1.1.0	NT=ms-proteomics;VV=v1.1.0	NT=dia-acquisition;VV=v1.1.0	manual curation	heart
G2_210414_dhesse_1_68095_HDMSe.raw.zip	mus musculus	heart	not applicable	cardiovascular system disease	1	G2_210414_dhesse_1_68095_HDMSe.raw.zip	proteomic profiling by mass spectrometry	Data-independent acquisition	NT=label free sample;AC=MS:1002038	NT=synapt ms;AC=MS:1001782	NT=Trypsin;AC=MS:1001251	NT=collision-induced dissociation;AC=MS:1000133	1	1	G2_210414_dhesse_1_68095_HDMSe.raw.zip	ftp://ftp.pride.ebi.ac.uk/pride/data/archive/2024/07/PXD045738/G2_210414_dhesse_1_68095_HDMSe.raw.zip	v1.1.0	NT=ms-proteomics;VV=v1.1.0	NT=dia-acquisition;VV=v1.1.0	manual curation	heart
G2_210414_dhesse_1_68121_HDMSe.raw.zip	mus musculus	heart	not applicable	cardiovascular system disease	1	G2_210414_dhesse_1_68121_HDMSe.raw.zip	proteomic profiling by mass spectrometry	Data-independent acquisition	NT=label free sample;AC=MS:1002038	NT=synapt ms;AC=MS:1001782	NT=Trypsin;AC=MS:1001251	NT=collision-induced dissociation;AC=MS:1000133	1	1	G2_210414_dhesse_1_68121_HDMSe.raw.zip	ftp://ftp.pride.ebi.ac.uk/pride/data/archive/2024/07/PXD045738/G2_210414_dhesse_1_68121_HDMSe.raw.zip	v1.1.0	NT=ms-proteomics;VV=v1.1.0	NT=dia-acquisition;VV=v1.1.0	manual curation	heart
S2_T_210423_dhesse_1_67991_HDMSe.raw.zip	mus musculus	heart	not applicable	cardiovascular system disease	1	S2_T_210423_dhesse_1_67991_HDMSe.raw.zip	proteomic profiling by mass spectrometry	Data-independent acquisition	NT=label free sample;AC=MS:1002038	NT=synapt ms;AC=MS:1001782	NT=Trypsin;AC=MS:1001251	NT=collision-induced dissociation;AC=MS:1000133	1	1	S2_T_210423_dhesse_1_67991_HDMSe.raw.zip	ftp://ftp.pride.ebi.ac.uk/pride/data/archive/2024/07/PXD045738/S2_T_210423_dhesse_1_67991_HDMSe.raw.zip	v1.1.0	NT=ms-proteomics;VV=v1.1.0	NT=dia-acquisition;VV=v1.1.0	manual curation	heart
G2_210414_dhesse_1_68066_HDMSe.raw.zip	mus musculus	heart	not applicable	cardiovascular system disease	1	G2_210414_dhesse_1_68066_HDMSe.raw.zip	proteomic profiling by mass spectrometry	Data-independent acquisition	NT=label free sample;AC=MS:1002038	NT=synapt ms;AC=MS:1001782	NT=Trypsin;AC=MS:1001251	NT=collision-induced dissociation;AC=MS:1000133	1	1	G2_210414_dhesse_1_68066_HDMSe.raw.zip	ftp://ftp.pride.ebi.ac.uk/pride/data/archive/2024/07/PXD045738/G2_210414_dhesse_1_68066_HDMSe.raw.zip	v1.1.0	NT=ms-proteomics;VV=v1.1.0	NT=dia-acquisition;VV=v1.1.0	manual curation	heart
G2_210414_dhesse_1_68080_HDMSe.raw.zip	mus musculus	heart	not applicable	cardiovascular system disease	1	G2_210414_dhesse_1_68080_HDMSe.raw.zip	proteomic profiling by mass spectrometry	Data-independent acquisition	NT=label free sample;AC=MS:1002038	NT=synapt ms;AC=MS:1001782	NT=Trypsin;AC=MS:1001251	NT=collision-induced dissociation;AC=MS:1000133	1	1	G2_210414_dhesse_1_68080_HDMSe.raw.zip	ftp://ftp.pride.ebi.ac.uk/pride/data/archive/2024/07/PXD045738/G2_210414_dhesse_1_68080_HDMSe.raw.zip	v1.1.0	NT=ms-proteomics;VV=v1.1.0	NT=dia-acquisition;VV=v1.1.0	manual curation	heart
S2_T_210416_dhesse_1_67926_HDMSe.raw.zip	mus musculus	heart	not applicable	cardiovascular system disease	1	S2_T_210416_dhesse_1_67926_HDMSe.raw.zip	proteomic profiling by mass spectrometry	Data-independent acquisition	NT=label free sample;AC=MS:1002038	NT=synapt ms;AC=MS:1001782	NT=Trypsin;AC=MS:1001251	NT=collision-induced dissociation;AC=MS:1000133	1	1	S2_T_210416_dhesse_1_67926_HDMSe.raw.zip	ftp://ftp.pride.ebi.ac.uk/pride/data/archive/2024/07/PXD045738/S2_T_210416_dhesse_1_67926_HDMSe.raw.zip	v1.1.0	NT=ms-proteomics;VV=v1.1.0	NT=dia-acquisition;VV=v1.1.0	manual curation	heart
G2_210414_dhesse_1_68089_HDMSe.raw.zip	mus musculus	heart	not applicable	cardiovascular system disease	1	G2_210414_dhesse_1_68089_HDMSe.raw.zip	proteomic profiling by mass spectrometry	Data-independent acquisition	NT=label free sample;AC=MS:1002038	NT=synapt ms;AC=MS:1001782	NT=Trypsin;AC=MS:1001251	NT=collision-induced dissociation;AC=MS:1000133	1	1	G2_210414_dhesse_1_68089_HDMSe.raw.zip	ftp://ftp.pride.ebi.ac.uk/pride/data/archive/2024/07/PXD045738/G2_210414_dhesse_1_68089_HDMSe.raw.zip	v1.1.0	NT=ms-proteomics;VV=v1.1.0	NT=dia-acquisition;VV=v1.1.0	manual curation	heart
S2_T_210416_dhesse_1_67884_HDMSe.raw.zip	mus musculus	heart	not applicable	cardiovascular system disease	1	S2_T_210416_dhesse_1_67884_HDMSe.raw.zip	proteomic profiling by mass spectrometry	Data-independent acquisition	NT=label free sample;AC=MS:1002038	NT=synapt ms;AC=MS:1001782	NT=Trypsin;AC=MS:1001251	NT=collision-induced dissociation;AC=MS:1000133	1	1	S2_T_210416_dhesse_1_67884_HDMSe.raw.zip	ftp://ftp.pride.ebi.ac.uk/pride/data/archive/2024/07/PXD045738/S2_T_210416_dhesse_1_67884_HDMSe.raw.zip	v1.1.0	NT=ms-proteomics;VV=v1.1.0	NT=dia-acquisition;VV=v1.1.0	manual curation	heart
S2_T_210423_dhesse_1_67980_HDMSe.raw.zip	mus musculus	heart	not applicable	cardiovascular system disease	1	S2_T_210423_dhesse_1_67980_HDMSe.raw.zip	proteomic profiling by mass spectrometry	Data-independent acquisition	NT=label free sample;AC=MS:1002038	NT=synapt ms;AC=MS:1001782	NT=Trypsin;AC=MS:1001251	NT=collision-induced dissociation;AC=MS:1000133	1	1	S2_T_210423_dhesse_1_67980_HDMSe.raw.zip	ftp://ftp.pride.ebi.ac.uk/pride/data/archive/2024/07/PXD045738/S2_T_210423_dhesse_1_67980_HDMSe.raw.zip	v1.1.0	NT=ms-proteomics;VV=v1.1.0	NT=dia-acquisition;VV=v1.1.0	manual curation	heart
G2_210421_dhesse_1_68196_HDMSe.raw.zip	mus musculus	heart	not applicable	cardiovascular system disease	1	G2_210421_dhesse_1_68196_HDMSe.raw.zip	proteomic profiling by mass spectrometry	Data-independent acquisition	NT=label free sample;AC=MS:1002038	NT=synapt ms;AC=MS:1001782	NT=Trypsin;AC=MS:1001251	NT=collision-induced dissociation;AC=MS:1000133	1	1	G2_210421_dhesse_1_68196_HDMSe.raw.zip	ftp://ftp.pride.ebi.ac.uk/pride/data/archive/2024/07/PXD045738/G2_210421_dhesse_1_68196_HDMSe.raw.zip	v1.1.0	NT=ms-proteomics;VV=v1.1.0	NT=dia-acquisition;VV=v1.1.0	manual curation	heart
G2_210414_dhesse_1_68142_HDMSe.raw.zip	mus musculus	heart	not applicable	cardiovascular system disease	1	G2_210414_dhesse_1_68142_HDMSe.raw.zip	proteomic profiling by mass spectrometry	Data-independent acquisition	NT=label free sample;AC=MS:1002038	NT=synapt ms;AC=MS:1001782	NT=Trypsin;AC=MS:1001251	NT=collision-induced dissociation;AC=MS:1000133	1	1	G2_210414_dhesse_1_68142_HDMSe.raw.zip	ftp://ftp.pride.ebi.ac.uk/pride/data/archive/2024/07/PXD045738/G2_210414_dhesse_1_68142_HDMSe.raw.zip	v1.1.0	NT=ms-proteomics;VV=v1.1.0	NT=dia-acquisition;VV=v1.1.0	manual curation	heart
S2_T_210416_dhesse_1_67933_HDMSe.raw.zip	mus musculus	heart	not applicable	cardiovascular system disease	1	S2_T_210416_dhesse_1_67933_HDMSe.raw.zip	proteomic profiling by mass spectrometry	Data-independent acquisition	NT=label free sample;AC=MS:1002038	NT=synapt ms;AC=MS:1001782	NT=Trypsin;AC=MS:1001251	NT=collision-induced dissociation;AC=MS:1000133	1	1	S2_T_210416_dhesse_1_67933_HDMSe.raw.zip	ftp://ftp.pride.ebi.ac.uk/pride/data/archive/2024/07/PXD045738/S2_T_210416_dhesse_1_67933_HDMSe.raw.zip	v1.1.0	NT=ms-proteomics;VV=v1.1.0	NT=dia-acquisition;VV=v1.1.0	manual curation	heart
S2_T_210423_dhesse_1_67971_HDMSe.raw.zip	mus musculus	heart	not applicable	cardiovascular system disease	1	S2_T_210423_dhesse_1_67971_HDMSe.raw.zip	proteomic profiling by mass spectrometry	Data-independent acquisition	NT=label free sample;AC=MS:1002038	NT=synapt ms;AC=MS:1001782	NT=Trypsin;AC=MS:1001251	NT=collision-induced dissociation;AC=MS:1000133	1	1	S2_T_210423_dhesse_1_67971_HDMSe.raw.zip	ftp://ftp.pride.ebi.ac.uk/pride/data/archive/2024/07/PXD045738/S2_T_210423_dhesse_1_67971_HDMSe.raw.zip	v1.1.0	NT=ms-proteomics;VV=v1.1.0	NT=dia-acquisition;VV=v1.1.0	manual curation	heart
G2_210414_dhesse_1_68099_HDMSe.raw.zip	mus musculus	heart	not applicable	cardiovascular system disease	1	G2_210414_dhesse_1_68099_HDMSe.raw.zip	proteomic profiling by mass spectrometry	Data-independent acquisition	NT=label free sample;AC=MS:1002038	NT=synapt ms;AC=MS:1001782	NT=Trypsin;AC=MS:1001251	NT=collision-induced dissociation;AC=MS:1000133	1	1	G2_210414_dhesse_1_68099_HDMSe.raw.zip	ftp://ftp.pride.ebi.ac.uk/pride/data/archive/2024/07/PXD045738/G2_210414_dhesse_1_68099_HDMSe.raw.zip	v1.1.0	NT=ms-proteomics;VV=v1.1.0	NT=dia-acquisition;VV=v1.1.0	manual curation	heart
G2_210421_dhesse_1_68160_HDMSe.raw.zip	mus musculus	heart	not applicable	cardiovascular system disease	1	G2_210421_dhesse_1_68160_HDMSe.raw.zip	proteomic profiling by mass spectrometry	Data-independent acquisition	NT=label free sample;AC=MS:1002038	NT=synapt ms;AC=MS:1001782	NT=Trypsin;AC=MS:1001251	NT=collision-induced dissociation;AC=MS:1000133	1	1	G2_210421_dhesse_1_68160_HDMSe.raw.zip	ftp://ftp.pride.ebi.ac.uk/pride/data/archive/2024/07/PXD045738/G2_210421_dhesse_1_68160_HDMSe.raw.zip	v1.1.0	NT=ms-proteomics;VV=v1.1.0	NT=dia-acquisition;VV=v1.1.0	manual curation	heart
G2_210421_dhesse_1_68221_HDMSe.raw.zip	mus musculus	heart	not applicable	cardiovascular system disease	1	G2_210421_dhesse_1_68221_HDMSe.raw.zip	proteomic profiling by mass spectrometry	Data-independent acquisition	NT=label free sample;AC=MS:1002038	NT=synapt ms;AC=MS:1001782	NT=Trypsin;AC=MS:1001251	NT=collision-induced dissociation;AC=MS:1000133	1	1	G2_210421_dhesse_1_68221_HDMSe.raw.zip	ftp://ftp.pride.ebi.ac.uk/pride/data/archive/2024/07/PXD045738/G2_210421_dhesse_1_68221_HDMSe.raw.zip	v1.1.0	NT=ms-proteomics;VV=v1.1.0	NT=dia-acquisition;VV=v1.1.0	manual curation	heart
S2_T_210416_dhesse_1_67932_HDMSe.raw.zip	mus musculus	heart	not applicable	cardiovascular system disease	1	S2_T_210416_dhesse_1_67932_HDMSe.raw.zip	proteomic profiling by mass spectrometry	Data-independent acquisition	NT=label free sample;AC=MS:1002038	NT=synapt ms;AC=MS:1001782	NT=Trypsin;AC=MS:1001251	NT=collision-induced dissociation;AC=MS:1000133	1	1	S2_T_210416_dhesse_1_67932_HDMSe.raw.zip	ftp://ftp.pride.ebi.ac.uk/pride/data/archive/2024/07/PXD045738/S2_T_210416_dhesse_1_67932_HDMSe.raw.zip	v1.1.0	NT=ms-proteomics;VV=v1.1.0	NT=dia-acquisition;VV=v1.1.0	manual curation	heart
S2_T_210423_dhesse_1_67983_HDMSe.raw.zip	mus musculus	heart	not applicable	cardiovascular system disease	1	S2_T_210423_dhesse_1_67983_HDMSe.raw.zip	proteomic profiling by mass spectrometry	Data-independent acquisition	NT=label free sample;AC=MS:1002038	NT=synapt ms;AC=MS:1001782	NT=Trypsin;AC=MS:1001251	NT=collision-induced dissociation;AC=MS:1000133	1	1	S2_T_210423_dhesse_1_67983_HDMSe.raw.zip	ftp://ftp.pride.ebi.ac.uk/pride/data/archive/2024/07/PXD045738/S2_T_210423_dhesse_1_67983_HDMSe.raw.zip	v1.1.0	NT=ms-proteomics;VV=v1.1.0	NT=dia-acquisition;VV=v1.1.0	manual curation	heart
G2_210421_dhesse_1_68243_HDMSe.raw.zip	mus musculus	heart	not applicable	cardiovascular system disease	1	G2_210421_dhesse_1_68243_HDMSe.raw.zip	proteomic profiling by mass spectrometry	Data-independent acquisition	NT=label free sample;AC=MS:1002038	NT=synapt ms;AC=MS:1001782	NT=Trypsin;AC=MS:1001251	NT=collision-induced dissociation;AC=MS:1000133	1	1	G2_210421_dhesse_1_68243_HDMSe.raw.zip	ftp://ftp.pride.ebi.ac.uk/pride/data/archive/2024/07/PXD045738/G2_210421_dhesse_1_68243_HDMSe.raw.zip	v1.1.0	NT=ms-proteomics;VV=v1.1.0	NT=dia-acquisition;VV=v1.1.0	manual curation	heart
G2_210421_dhesse_1_68239_HDMSe.raw.zip	mus musculus	heart	not applicable	cardiovascular system disease	1	G2_210421_dhesse_1_68239_HDMSe.raw.zip	proteomic profiling by mass spectrometry	Data-independent acquisition	NT=label free sample;AC=MS:1002038	NT=synapt ms;AC=MS:1001782	NT=Trypsin;AC=MS:1001251	NT=collision-induced dissociation;AC=MS:1000133	1	1	G2_210421_dhesse_1_68239_HDMSe.raw.zip	ftp://ftp.pride.ebi.ac.uk/pride/data/archive/2024/07/PXD045738/G2_210421_dhesse_1_68239_HDMSe.raw.zip	v1.1.0	NT=ms-proteomics;VV=v1.1.0	NT=dia-acquisition;VV=v1.1.0	manual curation	heart
G2_210421_dhesse_1_68195_HDMSe.raw.zip	mus musculus	heart	not applicable	cardiovascular system disease	1	G2_210421_dhesse_1_68195_HDMSe.raw.zip	proteomic profiling by mass spectrometry	Data-independent acquisition	NT=label free sample;AC=MS:1002038	NT=synapt ms;AC=MS:1001782	NT=Trypsin;AC=MS:1001251	NT=collision-induced dissociation;AC=MS:1000133	1	1	G2_210421_dhesse_1_68195_HDMSe.raw.zip	ftp://ftp.pride.ebi.ac.uk/pride/data/archive/2024/07/PXD045738/G2_210421_dhesse_1_68195_HDMSe.raw.zip	v1.1.0	NT=ms-proteomics;VV=v1.1.0	NT=dia-acquisition;VV=v1.1.0	manual curation	heart
G2_210414_dhesse_1_68133_HDMSe.raw.zip	mus musculus	heart	not applicable	cardiovascular system disease	1	G2_210414_dhesse_1_68133_HDMSe.raw.zip	proteomic profiling by mass spectrometry	Data-independent acquisition	NT=label free sample;AC=MS:1002038	NT=synapt ms;AC=MS:1001782	NT=Trypsin;AC=MS:1001251	NT=collision-induced dissociation;AC=MS:1000133	1	1	G2_210414_dhesse_1_68133_HDMSe.raw.zip	ftp://ftp.pride.ebi.ac.uk/pride/data/archive/2024/07/PXD045738/G2_210414_dhesse_1_68133_HDMSe.raw.zip	v1.1.0	NT=ms-proteomics;VV=v1.1.0	NT=dia-acquisition;VV=v1.1.0	manual curation	heart
S2_T_210423_dhesse_1_68013_HDMSe.raw.zip	mus musculus	heart	not applicable	cardiovascular system disease	1	S2_T_210423_dhesse_1_68013_HDMSe.raw.zip	proteomic profiling by mass spectrometry	Data-independent acquisition	NT=label free sample;AC=MS:1002038	NT=synapt ms;AC=MS:1001782	NT=Trypsin;AC=MS:1001251	NT=collision-induced dissociation;AC=MS:1000133	1	1	S2_T_210423_dhesse_1_68013_HDMSe.raw.zip	ftp://ftp.pride.ebi.ac.uk/pride/data/archive/2024/07/PXD045738/S2_T_210423_dhesse_1_68013_HDMSe.raw.zip	v1.1.0	NT=ms-proteomics;VV=v1.1.0	NT=dia-acquisition;VV=v1.1.0	manual curation	heart
S2_T_210423_dhesse_1_68053_HDMSe.raw.zip	mus musculus	heart	not applicable	cardiovascular system disease	1	S2_T_210423_dhesse_1_68053_HDMSe.raw.zip	proteomic profiling by mass spectrometry	Data-independent acquisition	NT=label free sample;AC=MS:1002038	NT=synapt ms;AC=MS:1001782	NT=Trypsin;AC=MS:1001251	NT=collision-induced dissociation;AC=MS:1000133	1	1	S2_T_210423_dhesse_1_68053_HDMSe.raw.zip	ftp://ftp.pride.ebi.ac.uk/pride/data/archive/2024/07/PXD045738/S2_T_210423_dhesse_1_68053_HDMSe.raw.zip	v1.1.0	NT=ms-proteomics;VV=v1.1.0	NT=dia-acquisition;VV=v1.1.0	manual curation	heart
S2_T_210423_dhesse_1_68046_HDMSe.raw.zip	mus musculus	heart	not applicable	cardiovascular system disease	1	S2_T_210423_dhesse_1_68046_HDMSe.raw.zip	proteomic profiling by mass spectrometry	Data-independent acquisition	NT=label free sample;AC=MS:1002038	NT=synapt ms;AC=MS:1001782	NT=Trypsin;AC=MS:1001251	NT=collision-induced dissociation;AC=MS:1000133	1	1	S2_T_210423_dhesse_1_68046_HDMSe.raw.zip	ftp://ftp.pride.ebi.ac.uk/pride/data/archive/2024/07/PXD045738/S2_T_210423_dhesse_1_68046_HDMSe.raw.zip	v1.1.0	NT=ms-proteomics;VV=v1.1.0	NT=dia-acquisition;VV=v1.1.0	manual curation	heart
G2_210421_dhesse_1_68219_HDMSe.raw.zip	mus musculus	heart	not applicable	cardiovascular system disease	1	G2_210421_dhesse_1_68219_HDMSe.raw.zip	proteomic profiling by mass spectrometry	Data-independent acquisition	NT=label free sample;AC=MS:1002038	NT=synapt ms;AC=MS:1001782	NT=Trypsin;AC=MS:1001251	NT=collision-induced dissociation;AC=MS:1000133	1	1	G2_210421_dhesse_1_68219_HDMSe.raw.zip	ftp://ftp.pride.ebi.ac.uk/pride/data/archive/2024/07/PXD045738/G2_210421_dhesse_1_68219_HDMSe.raw.zip	v1.1.0	NT=ms-proteomics;VV=v1.1.0	NT=dia-acquisition;VV=v1.1.0	manual curation	heart
G2_210414_dhesse_1_68153_HDMSe.raw.zip	mus musculus	heart	not applicable	cardiovascular system disease	1	G2_210414_dhesse_1_68153_HDMSe.raw.zip	proteomic profiling by mass spectrometry	Data-independent acquisition	NT=label free sample;AC=MS:1002038	NT=synapt ms;AC=MS:1001782	NT=Trypsin;AC=MS:1001251	NT=collision-induced dissociation;AC=MS:1000133	1	1	G2_210414_dhesse_1_68153_HDMSe.raw.zip	ftp://ftp.pride.ebi.ac.uk/pride/data/archive/2024/07/PXD045738/G2_210414_dhesse_1_68153_HDMSe.raw.zip	v1.1.0	NT=ms-proteomics;VV=v1.1.0	NT=dia-acquisition;VV=v1.1.0	manual curation	heart
G2_210421_dhesse_1_68188_HDMSe.raw.zip	mus musculus	heart	not applicable	cardiovascular system disease	1	G2_210421_dhesse_1_68188_HDMSe.raw.zip	proteomic profiling by mass spectrometry	Data-independent acquisition	NT=label free sample;AC=MS:1002038	NT=synapt ms;AC=MS:1001782	NT=Trypsin;AC=MS:1001251	NT=collision-induced dissociation;AC=MS:1000133	1	1	G2_210421_dhesse_1_68188_HDMSe.raw.zip	ftp://ftp.pride.ebi.ac.uk/pride/data/archive/2024/07/PXD045738/G2_210421_dhesse_1_68188_HDMSe.raw.zip	v1.1.0	NT=ms-proteomics;VV=v1.1.0	NT=dia-acquisition;VV=v1.1.0	manual curation	heart
G2_210414_dhesse_1_68109_HDMSe.raw.zip	mus musculus	heart	not applicable	cardiovascular system disease	1	G2_210414_dhesse_1_68109_HDMSe.raw.zip	proteomic profiling by mass spectrometry	Data-independent acquisition	NT=label free sample;AC=MS:1002038	NT=synapt ms;AC=MS:1001782	NT=Trypsin;AC=MS:1001251	NT=collision-induced dissociation;AC=MS:1000133	1	1	G2_210414_dhesse_1_68109_HDMSe.raw.zip	ftp://ftp.pride.ebi.ac.uk/pride/data/archive/2024/07/PXD045738/G2_210414_dhesse_1_68109_HDMSe.raw.zip	v1.1.0	NT=ms-proteomics;VV=v1.1.0	NT=dia-acquisition;VV=v1.1.0	manual curation	heart
S2_T_210423_dhesse_1_67994_HDMSe.raw.zip	mus musculus	heart	not applicable	cardiovascular system disease	1	S2_T_210423_dhesse_1_67994_HDMSe.raw.zip	proteomic profiling by mass spectrometry	Data-independent acquisition	NT=label free sample;AC=MS:1002038	NT=synapt ms;AC=MS:1001782	NT=Trypsin;AC=MS:1001251	NT=collision-induced dissociation;AC=MS:1000133	1	1	S2_T_210423_dhesse_1_67994_HDMSe.raw.zip	ftp://ftp.pride.ebi.ac.uk/pride/data/archive/2024/07/PXD045738/S2_T_210423_dhesse_1_67994_HDMSe.raw.zip	v1.1.0	NT=ms-proteomics;VV=v1.1.0	NT=dia-acquisition;VV=v1.1.0	manual curation	heart
S2_T_210416_dhesse_1_67886_HDMSe.raw.zip	mus musculus	heart	not applicable	cardiovascular system disease	1	S2_T_210416_dhesse_1_67886_HDMSe.raw.zip	proteomic profiling by mass spectrometry	Data-independent acquisition	NT=label free sample;AC=MS:1002038	NT=synapt ms;AC=MS:1001782	NT=Trypsin;AC=MS:1001251	NT=collision-induced dissociation;AC=MS:1000133	1	1	S2_T_210416_dhesse_1_67886_HDMSe.raw.zip	ftp://ftp.pride.ebi.ac.uk/pride/data/archive/2024/07/PXD045738/S2_T_210416_dhesse_1_67886_HDMSe.raw.zip	v1.1.0	NT=ms-proteomics;VV=v1.1.0	NT=dia-acquisition;VV=v1.1.0	manual curation	heart
G2_210414_dhesse_1_68124_HDMSe.raw.zip	mus musculus	heart	not applicable	cardiovascular system disease	1	G2_210414_dhesse_1_68124_HDMSe.raw.zip	proteomic profiling by mass spectrometry	Data-independent acquisition	NT=label free sample;AC=MS:1002038	NT=synapt ms;AC=MS:1001782	NT=Trypsin;AC=MS:1001251	NT=collision-induced dissociation;AC=MS:1000133	1	1	G2_210414_dhesse_1_68124_HDMSe.raw.zip	ftp://ftp.pride.ebi.ac.uk/pride/data/archive/2024/07/PXD045738/G2_210414_dhesse_1_68124_HDMSe.raw.zip	v1.1.0	NT=ms-proteomics;VV=v1.1.0	NT=dia-acquisition;VV=v1.1.0	manual curation	heart
S2_T_210416_dhesse_1_67875_HDMSe.raw.zip	mus musculus	heart	not applicable	cardiovascular system disease	1	S2_T_210416_dhesse_1_67875_HDMSe.raw.zip	proteomic profiling by mass spectrometry	Data-independent acquisition	NT=label free sample;AC=MS:1002038	NT=synapt ms;AC=MS:1001782	NT=Trypsin;AC=MS:1001251	NT=collision-induced dissociation;AC=MS:1000133	1	1	S2_T_210416_dhesse_1_67875_HDMSe.raw.zip	ftp://ftp.pride.ebi.ac.uk/pride/data/archive/2024/07/PXD045738/S2_T_210416_dhesse_1_67875_HDMSe.raw.zip	v1.1.0	NT=ms-proteomics;VV=v1.1.0	NT=dia-acquisition;VV=v1.1.0	manual curation	heart
G2_210421_dhesse_1_68171_HDMSe.raw.zip	mus musculus	heart	not applicable	cardiovascular system disease	1	G2_210421_dhesse_1_68171_HDMSe.raw.zip	proteomic profiling by mass spectrometry	Data-independent acquisition	NT=label free sample;AC=MS:1002038	NT=synapt ms;AC=MS:1001782	NT=Trypsin;AC=MS:1001251	NT=collision-induced dissociation;AC=MS:1000133	1	1	G2_210421_dhesse_1_68171_HDMSe.raw.zip	ftp://ftp.pride.ebi.ac.uk/pride/data/archive/2024/07/PXD045738/G2_210421_dhesse_1_68171_HDMSe.raw.zip	v1.1.0	NT=ms-proteomics;VV=v1.1.0	NT=dia-acquisition;VV=v1.1.0	manual curation	heart
G2_210414_dhesse_1_68064_HDMSe.raw.zip	mus musculus	heart	not applicable	cardiovascular system disease	1	G2_210414_dhesse_1_68064_HDMSe.raw.zip	proteomic profiling by mass spectrometry	Data-independent acquisition	NT=label free sample;AC=MS:1002038	NT=synapt ms;AC=MS:1001782	NT=Trypsin;AC=MS:1001251	NT=collision-induced dissociation;AC=MS:1000133	1	1	G2_210414_dhesse_1_68064_HDMSe.raw.zip	ftp://ftp.pride.ebi.ac.uk/pride/data/archive/2024/07/PXD045738/G2_210414_dhesse_1_68064_HDMSe.raw.zip	v1.1.0	NT=ms-proteomics;VV=v1.1.0	NT=dia-acquisition;VV=v1.1.0	manual curation	heart
G2_210421_dhesse_1_68194_HDMSe.raw.zip	mus musculus	heart	not applicable	cardiovascular system disease	1	G2_210421_dhesse_1_68194_HDMSe.raw.zip	proteomic profiling by mass spectrometry	Data-independent acquisition	NT=label free sample;AC=MS:1002038	NT=synapt ms;AC=MS:1001782	NT=Trypsin;AC=MS:1001251	NT=collision-induced dissociation;AC=MS:1000133	1	1	G2_210421_dhesse_1_68194_HDMSe.raw.zip	ftp://ftp.pride.ebi.ac.uk/pride/data/archive/2024/07/PXD045738/G2_210421_dhesse_1_68194_HDMSe.raw.zip	v1.1.0	NT=ms-proteomics;VV=v1.1.0	NT=dia-acquisition;VV=v1.1.0	manual curation	heart
G2_210421_dhesse_1_68182_HDMSe.raw.zip	mus musculus	heart	not applicable	cardiovascular system disease	1	G2_210421_dhesse_1_68182_HDMSe.raw.zip	proteomic profiling by mass spectrometry	Data-independent acquisition	NT=label free sample;AC=MS:1002038	NT=synapt ms;AC=MS:1001782	NT=Trypsin;AC=MS:1001251	NT=collision-induced dissociation;AC=MS:1000133	1	1	G2_210421_dhesse_1_68182_HDMSe.raw.zip	ftp://ftp.pride.ebi.ac.uk/pride/data/archive/2024/07/PXD045738/G2_210421_dhesse_1_68182_HDMSe.raw.zip	v1.1.0	NT=ms-proteomics;VV=v1.1.0	NT=dia-acquisition;VV=v1.1.0	manual curation	heart
S2_T_210416_dhesse_1_67922_HDMSe.raw.zip	mus musculus	heart	not applicable	cardiovascular system disease	1	S2_T_210416_dhesse_1_67922_HDMSe.raw.zip	proteomic profiling by mass spectrometry	Data-independent acquisition	NT=label free sample;AC=MS:1002038	NT=synapt ms;AC=MS:1001782	NT=Trypsin;AC=MS:1001251	NT=collision-induced dissociation;AC=MS:1000133	1	1	S2_T_210416_dhesse_1_67922_HDMSe.raw.zip	ftp://ftp.pride.ebi.ac.uk/pride/data/archive/2024/07/PXD045738/S2_T_210416_dhesse_1_67922_HDMSe.raw.zip	v1.1.0	NT=ms-proteomics;VV=v1.1.0	NT=dia-acquisition;VV=v1.1.0	manual curation	heart
G2_210414_dhesse_1_68060_HDMSe.raw.zip	mus musculus	heart	not applicable	cardiovascular system disease	1	G2_210414_dhesse_1_68060_HDMSe.raw.zip	proteomic profiling by mass spectrometry	Data-independent acquisition	NT=label free sample;AC=MS:1002038	NT=synapt ms;AC=MS:1001782	NT=Trypsin;AC=MS:1001251	NT=collision-induced dissociation;AC=MS:1000133	1	1	G2_210414_dhesse_1_68060_HDMSe.raw.zip	ftp://ftp.pride.ebi.ac.uk/pride/data/archive/2024/07/PXD045738/G2_210414_dhesse_1_68060_HDMSe.raw.zip	v1.1.0	NT=ms-proteomics;VV=v1.1.0	NT=dia-acquisition;VV=v1.1.0	manual curation	heart
S2_T_210423_dhesse_1_68014_HDMSe.raw.zip	mus musculus	heart	not applicable	cardiovascular system disease	1	S2_T_210423_dhesse_1_68014_HDMSe.raw.zip	proteomic profiling by mass spectrometry	Data-independent acquisition	NT=label free sample;AC=MS:1002038	NT=synapt ms;AC=MS:1001782	NT=Trypsin;AC=MS:1001251	NT=collision-induced dissociation;AC=MS:1000133	1	1	S2_T_210423_dhesse_1_68014_HDMSe.raw.zip	ftp://ftp.pride.ebi.ac.uk/pride/data/archive/2024/07/PXD045738/S2_T_210423_dhesse_1_68014_HDMSe.raw.zip	v1.1.0	NT=ms-proteomics;VV=v1.1.0	NT=dia-acquisition;VV=v1.1.0	manual curation	heart
G2_210414_dhesse_1_68107_HDMSe.raw.zip	mus musculus	heart	not applicable	cardiovascular system disease	1	G2_210414_dhesse_1_68107_HDMSe.raw.zip	proteomic profiling by mass spectrometry	Data-independent acquisition	NT=label free sample;AC=MS:1002038	NT=synapt ms;AC=MS:1001782	NT=Trypsin;AC=MS:1001251	NT=collision-induced dissociation;AC=MS:1000133	1	1	G2_210414_dhesse_1_68107_HDMSe.raw.zip	ftp://ftp.pride.ebi.ac.uk/pride/data/archive/2024/07/PXD045738/G2_210414_dhesse_1_68107_HDMSe.raw.zip	v1.1.0	NT=ms-proteomics;VV=v1.1.0	NT=dia-acquisition;VV=v1.1.0	manual curation	heart
G2_210414_dhesse_1_68085_HDMSe.raw.zip	mus musculus	heart	not applicable	cardiovascular system disease	1	G2_210414_dhesse_1_68085_HDMSe.raw.zip	proteomic profiling by mass spectrometry	Data-independent acquisition	NT=label free sample;AC=MS:1002038	NT=synapt ms;AC=MS:1001782	NT=Trypsin;AC=MS:1001251	NT=collision-induced dissociation;AC=MS:1000133	1	1	G2_210414_dhesse_1_68085_HDMSe.raw.zip	ftp://ftp.pride.ebi.ac.uk/pride/data/archive/2024/07/PXD045738/G2_210414_dhesse_1_68085_HDMSe.raw.zip	v1.1.0	NT=ms-proteomics;VV=v1.1.0	NT=dia-acquisition;VV=v1.1.0	manual curation	heart
G2_210421_dhesse_1_68231_HDMSe.raw.zip	mus musculus	heart	not applicable	cardiovascular system disease	1	G2_210421_dhesse_1_68231_HDMSe.raw.zip	proteomic profiling by mass spectrometry	Data-independent acquisition	NT=label free sample;AC=MS:1002038	NT=synapt ms;AC=MS:1001782	NT=Trypsin;AC=MS:1001251	NT=collision-induced dissociation;AC=MS:1000133	1	1	G2_210421_dhesse_1_68231_HDMSe.raw.zip	ftp://ftp.pride.ebi.ac.uk/pride/data/archive/2024/07/PXD045738/G2_210421_dhesse_1_68231_HDMSe.raw.zip	v1.1.0	NT=ms-proteomics;VV=v1.1.0	NT=dia-acquisition;VV=v1.1.0	manual curation	heart
G2_210414_dhesse_1_68155_HDMSe.raw.zip	mus musculus	heart	not applicable	cardiovascular system disease	1	G2_210414_dhesse_1_68155_HDMSe.raw.zip	proteomic profiling by mass spectrometry	Data-independent acquisition	NT=label free sample;AC=MS:1002038	NT=synapt ms;AC=MS:1001782	NT=Trypsin;AC=MS:1001251	NT=collision-induced dissociation;AC=MS:1000133	1	1	G2_210414_dhesse_1_68155_HDMSe.raw.zip	ftp://ftp.pride.ebi.ac.uk/pride/data/archive/2024/07/PXD045738/G2_210414_dhesse_1_68155_HDMSe.raw.zip	v1.1.0	NT=ms-proteomics;VV=v1.1.0	NT=dia-acquisition;VV=v1.1.0	manual curation	heart
G2_210414_dhesse_1_68123_HDMSe.raw.zip	mus musculus	heart	not applicable	cardiovascular system disease	1	G2_210414_dhesse_1_68123_HDMSe.raw.zip	proteomic profiling by mass spectrometry	Data-independent acquisition	NT=label free sample;AC=MS:1002038	NT=synapt ms;AC=MS:1001782	NT=Trypsin;AC=MS:1001251	NT=collision-induced dissociation;AC=MS:1000133	1	1	G2_210414_dhesse_1_68123_HDMSe.raw.zip	ftp://ftp.pride.ebi.ac.uk/pride/data/archive/2024/07/PXD045738/G2_210414_dhesse_1_68123_HDMSe.raw.zip	v1.1.0	NT=ms-proteomics;VV=v1.1.0	NT=dia-acquisition;VV=v1.1.0	manual curation	heart
G2_210421_dhesse_1_68220_HDMSe.raw.zip	mus musculus	heart	not applicable	cardiovascular system disease	1	G2_210421_dhesse_1_68220_HDMSe.raw.zip	proteomic profiling by mass spectrometry	Data-independent acquisition	NT=label free sample;AC=MS:1002038	NT=synapt ms;AC=MS:1001782	NT=Trypsin;AC=MS:1001251	NT=collision-induced dissociation;AC=MS:1000133	1	1	G2_210421_dhesse_1_68220_HDMSe.raw.zip	ftp://ftp.pride.ebi.ac.uk/pride/data/archive/2024/07/PXD045738/G2_210421_dhesse_1_68220_HDMSe.raw.zip	v1.1.0	NT=ms-proteomics;VV=v1.1.0	NT=dia-acquisition;VV=v1.1.0	manual curation	heart
S2_T_210416_dhesse_1_67929_HDMSe.raw.zip	mus musculus	heart	not applicable	cardiovascular system disease	1	S2_T_210416_dhesse_1_67929_HDMSe.raw.zip	proteomic profiling by mass spectrometry	Data-independent acquisition	NT=label free sample;AC=MS:1002038	NT=synapt ms;AC=MS:1001782	NT=Trypsin;AC=MS:1001251	NT=collision-induced dissociation;AC=MS:1000133	1	1	S2_T_210416_dhesse_1_67929_HDMSe.raw.zip	ftp://ftp.pride.ebi.ac.uk/pride/data/archive/2024/07/PXD045738/S2_T_210416_dhesse_1_67929_HDMSe.raw.zip	v1.1.0	NT=ms-proteomics;VV=v1.1.0	NT=dia-acquisition;VV=v1.1.0	manual curation	heart
G2_210421_dhesse_1_68211_HDMSe.raw.zip	mus musculus	heart	not applicable	cardiovascular system disease	1	G2_210421_dhesse_1_68211_HDMSe.raw.zip	proteomic profiling by mass spectrometry	Data-independent acquisition	NT=label free sample;AC=MS:1002038	NT=synapt ms;AC=MS:1001782	NT=Trypsin;AC=MS:1001251	NT=collision-induced dissociation;AC=MS:1000133	1	1	G2_210421_dhesse_1_68211_HDMSe.raw.zip	ftp://ftp.pride.ebi.ac.uk/pride/data/archive/2024/07/PXD045738/G2_210421_dhesse_1_68211_HDMSe.raw.zip	v1.1.0	NT=ms-proteomics;VV=v1.1.0	NT=dia-acquisition;VV=v1.1.0	manual curation	heart
S2_T_210416_dhesse_1_67891_HDMSe.raw.zip	mus musculus	heart	not applicable	cardiovascular system disease	1	S2_T_210416_dhesse_1_67891_HDMSe.raw.zip	proteomic profiling by mass spectrometry	Data-independent acquisition	NT=label free sample;AC=MS:1002038	NT=synapt ms;AC=MS:1001782	NT=Trypsin;AC=MS:1001251	NT=collision-induced dissociation;AC=MS:1000133	1	1	S2_T_210416_dhesse_1_67891_HDMSe.raw.zip	ftp://ftp.pride.ebi.ac.uk/pride/data/archive/2024/07/PXD045738/S2_T_210416_dhesse_1_67891_HDMSe.raw.zip	v1.1.0	NT=ms-proteomics;VV=v1.1.0	NT=dia-acquisition;VV=v1.1.0	manual curation	heart
G2_210414_dhesse_1_68115_HDMSe.raw.zip	mus musculus	heart	not applicable	cardiovascular system disease	1	G2_210414_dhesse_1_68115_HDMSe.raw.zip	proteomic profiling by mass spectrometry	Data-independent acquisition	NT=label free sample;AC=MS:1002038	NT=synapt ms;AC=MS:1001782	NT=Trypsin;AC=MS:1001251	NT=collision-induced dissociation;AC=MS:1000133	1	1	G2_210414_dhesse_1_68115_HDMSe.raw.zip	ftp://ftp.pride.ebi.ac.uk/pride/data/archive/2024/07/PXD045738/G2_210414_dhesse_1_68115_HDMSe.raw.zip	v1.1.0	NT=ms-proteomics;VV=v1.1.0	NT=dia-acquisition;VV=v1.1.0	manual curation	heart
G2_210414_dhesse_1_68152_HDMSe.raw.zip	mus musculus	heart	not applicable	cardiovascular system disease	1	G2_210414_dhesse_1_68152_HDMSe.raw.zip	proteomic profiling by mass spectrometry	Data-independent acquisition	NT=label free sample;AC=MS:1002038	NT=synapt ms;AC=MS:1001782	NT=Trypsin;AC=MS:1001251	NT=collision-induced dissociation;AC=MS:1000133	1	1	G2_210414_dhesse_1_68152_HDMSe.raw.zip	ftp://ftp.pride.ebi.ac.uk/pride/data/archive/2024/07/PXD045738/G2_210414_dhesse_1_68152_HDMSe.raw.zip	v1.1.0	NT=ms-proteomics;VV=v1.1.0	NT=dia-acquisition;VV=v1.1.0	manual curation	heart
G2_210421_dhesse_1_68230_HDMSe.raw.zip	mus musculus	heart	not applicable	cardiovascular system disease	1	G2_210421_dhesse_1_68230_HDMSe.raw.zip	proteomic profiling by mass spectrometry	Data-independent acquisition	NT=label free sample;AC=MS:1002038	NT=synapt ms;AC=MS:1001782	NT=Trypsin;AC=MS:1001251	NT=collision-induced dissociation;AC=MS:1000133	1	1	G2_210421_dhesse_1_68230_HDMSe.raw.zip	ftp://ftp.pride.ebi.ac.uk/pride/data/archive/2024/07/PXD045738/G2_210421_dhesse_1_68230_HDMSe.raw.zip	v1.1.0	NT=ms-proteomics;VV=v1.1.0	NT=dia-acquisition;VV=v1.1.0	manual curation	heart
S2_T_210423_dhesse_1_67978_HDMSe.raw.zip	mus musculus	heart	not applicable	cardiovascular system disease	1	S2_T_210423_dhesse_1_67978_HDMSe.raw.zip	proteomic profiling by mass spectrometry	Data-independent acquisition	NT=label free sample;AC=MS:1002038	NT=synapt ms;AC=MS:1001782	NT=Trypsin;AC=MS:1001251	NT=collision-induced dissociation;AC=MS:1000133	1	1	S2_T_210423_dhesse_1_67978_HDMSe.raw.zip	ftp://ftp.pride.ebi.ac.uk/pride/data/archive/2024/07/PXD045738/S2_T_210423_dhesse_1_67978_HDMSe.raw.zip	v1.1.0	NT=ms-proteomics;VV=v1.1.0	NT=dia-acquisition;VV=v1.1.0	manual curation	heart
S2_T_210423_dhesse_1_67979_HDMSe.raw.zip	mus musculus	heart	not applicable	cardiovascular system disease	1	S2_T_210423_dhesse_1_67979_HDMSe.raw.zip	proteomic profiling by mass spectrometry	Data-independent acquisition	NT=label free sample;AC=MS:1002038	NT=synapt ms;AC=MS:1001782	NT=Trypsin;AC=MS:1001251	NT=collision-induced dissociation;AC=MS:1000133	1	1	S2_T_210423_dhesse_1_67979_HDMSe.raw.zip	ftp://ftp.pride.ebi.ac.uk/pride/data/archive/2024/07/PXD045738/S2_T_210423_dhesse_1_67979_HDMSe.raw.zip	v1.1.0	NT=ms-proteomics;VV=v1.1.0	NT=dia-acquisition;VV=v1.1.0	manual curation	heart
G2_210421_dhesse_1_68248_HDMSe.raw.zip	mus musculus	heart	not applicable	cardiovascular system disease	1	G2_210421_dhesse_1_68248_HDMSe.raw.zip	proteomic profiling by mass spectrometry	Data-independent acquisition	NT=label free sample;AC=MS:1002038	NT=synapt ms;AC=MS:1001782	NT=Trypsin;AC=MS:1001251	NT=collision-induced dissociation;AC=MS:1000133	1	1	G2_210421_dhesse_1_68248_HDMSe.raw.zip	ftp://ftp.pride.ebi.ac.uk/pride/data/archive/2024/07/PXD045738/G2_210421_dhesse_1_68248_HDMSe.raw.zip	v1.1.0	NT=ms-proteomics;VV=v1.1.0	NT=dia-acquisition;VV=v1.1.0	manual curation	heart
G2_210421_dhesse_1_68201_HDMSe.raw.zip	mus musculus	heart	not applicable	cardiovascular system disease	1	G2_210421_dhesse_1_68201_HDMSe.raw.zip	proteomic profiling by mass spectrometry	Data-independent acquisition	NT=label free sample;AC=MS:1002038	NT=synapt ms;AC=MS:1001782	NT=Trypsin;AC=MS:1001251	NT=collision-induced dissociation;AC=MS:1000133	1	1	G2_210421_dhesse_1_68201_HDMSe.raw.zip	ftp://ftp.pride.ebi.ac.uk/pride/data/archive/2024/07/PXD045738/G2_210421_dhesse_1_68201_HDMSe.raw.zip	v1.1.0	NT=ms-proteomics;VV=v1.1.0	NT=dia-acquisition;VV=v1.1.0	manual curation	heart
G2_210421_dhesse_1_68199_HDMSe.raw.zip	mus musculus	heart	not applicable	cardiovascular system disease	1	G2_210421_dhesse_1_68199_HDMSe.raw.zip	proteomic profiling by mass spectrometry	Data-independent acquisition	NT=label free sample;AC=MS:1002038	NT=synapt ms;AC=MS:1001782	NT=Trypsin;AC=MS:1001251	NT=collision-induced dissociation;AC=MS:1000133	1	1	G2_210421_dhesse_1_68199_HDMSe.raw.zip	ftp://ftp.pride.ebi.ac.uk/pride/data/archive/2024/07/PXD045738/G2_210421_dhesse_1_68199_HDMSe.raw.zip	v1.1.0	NT=ms-proteomics;VV=v1.1.0	NT=dia-acquisition;VV=v1.1.0	manual curation	heart
G2_210414_dhesse_1_68144_HDMSe.raw.zip	mus musculus	heart	not applicable	cardiovascular system disease	1	G2_210414_dhesse_1_68144_HDMSe.raw.zip	proteomic profiling by mass spectrometry	Data-independent acquisition	NT=label free sample;AC=MS:1002038	NT=synapt ms;AC=MS:1001782	NT=Trypsin;AC=MS:1001251	NT=collision-induced dissociation;AC=MS:1000133	1	1	G2_210414_dhesse_1_68144_HDMSe.raw.zip	ftp://ftp.pride.ebi.ac.uk/pride/data/archive/2024/07/PXD045738/G2_210414_dhesse_1_68144_HDMSe.raw.zip	v1.1.0	NT=ms-proteomics;VV=v1.1.0	NT=dia-acquisition;VV=v1.1.0	manual curation	heart
S2_T_210416_dhesse_1_67908_HDMSe.raw.zip	mus musculus	heart	not applicable	cardiovascular system disease	1	S2_T_210416_dhesse_1_67908_HDMSe.raw.zip	proteomic profiling by mass spectrometry	Data-independent acquisition	NT=label free sample;AC=MS:1002038	NT=synapt ms;AC=MS:1001782	NT=Trypsin;AC=MS:1001251	NT=collision-induced dissociation;AC=MS:1000133	1	1	S2_T_210416_dhesse_1_67908_HDMSe.raw.zip	ftp://ftp.pride.ebi.ac.uk/pride/data/archive/2024/07/PXD045738/S2_T_210416_dhesse_1_67908_HDMSe.raw.zip	v1.1.0	NT=ms-proteomics;VV=v1.1.0	NT=dia-acquisition;VV=v1.1.0	manual curation	heart
S2_T_210416_dhesse_1_67960_HDMSe.raw.zip	mus musculus	heart	not applicable	cardiovascular system disease	1	S2_T_210416_dhesse_1_67960_HDMSe.raw.zip	proteomic profiling by mass spectrometry	Data-independent acquisition	NT=label free sample;AC=MS:1002038	NT=synapt ms;AC=MS:1001782	NT=Trypsin;AC=MS:1001251	NT=collision-induced dissociation;AC=MS:1000133	1	1	S2_T_210416_dhesse_1_67960_HDMSe.raw.zip	ftp://ftp.pride.ebi.ac.uk/pride/data/archive/2024/07/PXD045738/S2_T_210416_dhesse_1_67960_HDMSe.raw.zip	v1.1.0	NT=ms-proteomics;VV=v1.1.0	NT=dia-acquisition;VV=v1.1.0	manual curation	heart
S2_T_210423_dhesse_1_68052_HDMSe.raw.zip	mus musculus	heart	not applicable	cardiovascular system disease	1	S2_T_210423_dhesse_1_68052_HDMSe.raw.zip	proteomic profiling by mass spectrometry	Data-independent acquisition	NT=label free sample;AC=MS:1002038	NT=synapt ms;AC=MS:1001782	NT=Trypsin;AC=MS:1001251	NT=collision-induced dissociation;AC=MS:1000133	1	1	S2_T_210423_dhesse_1_68052_HDMSe.raw.zip	ftp://ftp.pride.ebi.ac.uk/pride/data/archive/2024/07/PXD045738/S2_T_210423_dhesse_1_68052_HDMSe.raw.zip	v1.1.0	NT=ms-proteomics;VV=v1.1.0	NT=dia-acquisition;VV=v1.1.0	manual curation	heart
S2_T_210416_dhesse_1_67959_HDMSe.raw.zip	mus musculus	heart	not applicable	cardiovascular system disease	1	S2_T_210416_dhesse_1_67959_HDMSe.raw.zip	proteomic profiling by mass spectrometry	Data-independent acquisition	NT=label free sample;AC=MS:1002038	NT=synapt ms;AC=MS:1001782	NT=Trypsin;AC=MS:1001251	NT=collision-induced dissociation;AC=MS:1000133	1	1	S2_T_210416_dhesse_1_67959_HDMSe.raw.zip	ftp://ftp.pride.ebi.ac.uk/pride/data/archive/2024/07/PXD045738/S2_T_210416_dhesse_1_67959_HDMSe.raw.zip	v1.1.0	NT=ms-proteomics;VV=v1.1.0	NT=dia-acquisition;VV=v1.1.0	manual curation	heart
S2_T_210416_dhesse_1_67913_HDMSe.raw.zip	mus musculus	heart	not applicable	cardiovascular system disease	1	S2_T_210416_dhesse_1_67913_HDMSe.raw.zip	proteomic profiling by mass spectrometry	Data-independent acquisition	NT=label free sample;AC=MS:1002038	NT=synapt ms;AC=MS:1001782	NT=Trypsin;AC=MS:1001251	NT=collision-induced dissociation;AC=MS:1000133	1	1	S2_T_210416_dhesse_1_67913_HDMSe.raw.zip	ftp://ftp.pride.ebi.ac.uk/pride/data/archive/2024/07/PXD045738/S2_T_210416_dhesse_1_67913_HDMSe.raw.zip	v1.1.0	NT=ms-proteomics;VV=v1.1.0	NT=dia-acquisition;VV=v1.1.0	manual curation	heart
S2_T_210423_dhesse_1_68009_HDMSe.raw.zip	mus musculus	heart	not applicable	cardiovascular system disease	1	S2_T_210423_dhesse_1_68009_HDMSe.raw.zip	proteomic profiling by mass spectrometry	Data-independent acquisition	NT=label free sample;AC=MS:1002038	NT=synapt ms;AC=MS:1001782	NT=Trypsin;AC=MS:1001251	NT=collision-induced dissociation;AC=MS:1000133	1	1	S2_T_210423_dhesse_1_68009_HDMSe.raw.zip	ftp://ftp.pride.ebi.ac.uk/pride/data/archive/2024/07/PXD045738/S2_T_210423_dhesse_1_68009_HDMSe.raw.zip	v1.1.0	NT=ms-proteomics;VV=v1.1.0	NT=dia-acquisition;VV=v1.1.0	manual curation	heart
S2_T_210423_dhesse_1_67989_HDMSe.raw.zip	mus musculus	heart	not applicable	cardiovascular system disease	1	S2_T_210423_dhesse_1_67989_HDMSe.raw.zip	proteomic profiling by mass spectrometry	Data-independent acquisition	NT=label free sample;AC=MS:1002038	NT=synapt ms;AC=MS:1001782	NT=Trypsin;AC=MS:1001251	NT=collision-induced dissociation;AC=MS:1000133	1	1	S2_T_210423_dhesse_1_67989_HDMSe.raw.zip	ftp://ftp.pride.ebi.ac.uk/pride/data/archive/2024/07/PXD045738/S2_T_210423_dhesse_1_67989_HDMSe.raw.zip	v1.1.0	NT=ms-proteomics;VV=v1.1.0	NT=dia-acquisition;VV=v1.1.0	manual curation	heart
G2_210421_dhesse_1_68181_HDMSe.raw.zip	mus musculus	heart	not applicable	cardiovascular system disease	1	G2_210421_dhesse_1_68181_HDMSe.raw.zip	proteomic profiling by mass spectrometry	Data-independent acquisition	NT=label free sample;AC=MS:1002038	NT=synapt ms;AC=MS:1001782	NT=Trypsin;AC=MS:1001251	NT=collision-induced dissociation;AC=MS:1000133	1	1	G2_210421_dhesse_1_68181_HDMSe.raw.zip	ftp://ftp.pride.ebi.ac.uk/pride/data/archive/2024/07/PXD045738/G2_210421_dhesse_1_68181_HDMSe.raw.zip	v1.1.0	NT=ms-proteomics;VV=v1.1.0	NT=dia-acquisition;VV=v1.1.0	manual curation	heart
G2_210421_dhesse_1_68174_HDMSe.raw.zip	mus musculus	heart	not applicable	cardiovascular system disease	1	G2_210421_dhesse_1_68174_HDMSe.raw.zip	proteomic profiling by mass spectrometry	Data-independent acquisition	NT=label free sample;AC=MS:1002038	NT=synapt ms;AC=MS:1001782	NT=Trypsin;AC=MS:1001251	NT=collision-induced dissociation;AC=MS:1000133	1	1	G2_210421_dhesse_1_68174_HDMSe.raw.zip	ftp://ftp.pride.ebi.ac.uk/pride/data/archive/2024/07/PXD045738/G2_210421_dhesse_1_68174_HDMSe.raw.zip	v1.1.0	NT=ms-proteomics;VV=v1.1.0	NT=dia-acquisition;VV=v1.1.0	manual curation	heart
S2_T_210423_dhesse_1_68039_HDMSe.raw.zip	mus musculus	heart	not applicable	cardiovascular system disease	1	S2_T_210423_dhesse_1_68039_HDMSe.raw.zip	proteomic profiling by mass spectrometry	Data-independent acquisition	NT=label free sample;AC=MS:1002038	NT=synapt ms;AC=MS:1001782	NT=Trypsin;AC=MS:1001251	NT=collision-induced dissociation;AC=MS:1000133	1	1	S2_T_210423_dhesse_1_68039_HDMSe.raw.zip	ftp://ftp.pride.ebi.ac.uk/pride/data/archive/2024/07/PXD045738/S2_T_210423_dhesse_1_68039_HDMSe.raw.zip	v1.1.0	NT=ms-proteomics;VV=v1.1.0	NT=dia-acquisition;VV=v1.1.0	manual curation	heart
S2_T_210416_dhesse_1_67876_HDMSe.raw.zip	mus musculus	heart	not applicable	cardiovascular system disease	1	S2_T_210416_dhesse_1_67876_HDMSe.raw.zip	proteomic profiling by mass spectrometry	Data-independent acquisition	NT=label free sample;AC=MS:1002038	NT=synapt ms;AC=MS:1001782	NT=Trypsin;AC=MS:1001251	NT=collision-induced dissociation;AC=MS:1000133	1	1	S2_T_210416_dhesse_1_67876_HDMSe.raw.zip	ftp://ftp.pride.ebi.ac.uk/pride/data/archive/2024/07/PXD045738/S2_T_210416_dhesse_1_67876_HDMSe.raw.zip	v1.1.0	NT=ms-proteomics;VV=v1.1.0	NT=dia-acquisition;VV=v1.1.0	manual curation	heart
G2_210421_dhesse_1_68205_HDMSe.raw.zip	mus musculus	heart	not applicable	cardiovascular system disease	1	G2_210421_dhesse_1_68205_HDMSe.raw.zip	proteomic profiling by mass spectrometry	Data-independent acquisition	NT=label free sample;AC=MS:1002038	NT=synapt ms;AC=MS:1001782	NT=Trypsin;AC=MS:1001251	NT=collision-induced dissociation;AC=MS:1000133	1	1	G2_210421_dhesse_1_68205_HDMSe.raw.zip	ftp://ftp.pride.ebi.ac.uk/pride/data/archive/2024/07/PXD045738/G2_210421_dhesse_1_68205_HDMSe.raw.zip	v1.1.0	NT=ms-proteomics;VV=v1.1.0	NT=dia-acquisition;VV=v1.1.0	manual curation	heart
G2_210414_dhesse_1_68135_HDMSe.raw.zip	mus musculus	heart	not applicable	cardiovascular system disease	1	G2_210414_dhesse_1_68135_HDMSe.raw.zip	proteomic profiling by mass spectrometry	Data-independent acquisition	NT=label free sample;AC=MS:1002038	NT=synapt ms;AC=MS:1001782	NT=Trypsin;AC=MS:1001251	NT=collision-induced dissociation;AC=MS:1000133	1	1	G2_210414_dhesse_1_68135_HDMSe.raw.zip	ftp://ftp.pride.ebi.ac.uk/pride/data/archive/2024/07/PXD045738/G2_210414_dhesse_1_68135_HDMSe.raw.zip	v1.1.0	NT=ms-proteomics;VV=v1.1.0	NT=dia-acquisition;VV=v1.1.0	manual curation	heart
G2_210414_dhesse_1_68108_HDMSe.raw.zip	mus musculus	heart	not applicable	cardiovascular system disease	1	G2_210414_dhesse_1_68108_HDMSe.raw.zip	proteomic profiling by mass spectrometry	Data-independent acquisition	NT=label free sample;AC=MS:1002038	NT=synapt ms;AC=MS:1001782	NT=Trypsin;AC=MS:1001251	NT=collision-induced dissociation;AC=MS:1000133	1	1	G2_210414_dhesse_1_68108_HDMSe.raw.zip	ftp://ftp.pride.ebi.ac.uk/pride/data/archive/2024/07/PXD045738/G2_210414_dhesse_1_68108_HDMSe.raw.zip	v1.1.0	NT=ms-proteomics;VV=v1.1.0	NT=dia-acquisition;VV=v1.1.0	manual curation	heart
G2_210421_dhesse_1_68162_HDMSe.raw.zip	mus musculus	heart	not applicable	cardiovascular system disease	1	G2_210421_dhesse_1_68162_HDMSe.raw.zip	proteomic profiling by mass spectrometry	Data-independent acquisition	NT=label free sample;AC=MS:1002038	NT=synapt ms;AC=MS:1001782	NT=Trypsin;AC=MS:1001251	NT=collision-induced dissociation;AC=MS:1000133	1	1	G2_210421_dhesse_1_68162_HDMSe.raw.zip	ftp://ftp.pride.ebi.ac.uk/pride/data/archive/2024/07/PXD045738/G2_210421_dhesse_1_68162_HDMSe.raw.zip	v1.1.0	NT=ms-proteomics;VV=v1.1.0	NT=dia-acquisition;VV=v1.1.0	manual curation	heart
S2_T_210423_dhesse_1_68033_HDMSe.raw.zip	mus musculus	heart	not applicable	cardiovascular system disease	1	S2_T_210423_dhesse_1_68033_HDMSe.raw.zip	proteomic profiling by mass spectrometry	Data-independent acquisition	NT=label free sample;AC=MS:1002038	NT=synapt ms;AC=MS:1001782	NT=Trypsin;AC=MS:1001251	NT=collision-induced dissociation;AC=MS:1000133	1	1	S2_T_210423_dhesse_1_68033_HDMSe.raw.zip	ftp://ftp.pride.ebi.ac.uk/pride/data/archive/2024/07/PXD045738/S2_T_210423_dhesse_1_68033_HDMSe.raw.zip	v1.1.0	NT=ms-proteomics;VV=v1.1.0	NT=dia-acquisition;VV=v1.1.0	manual curation	heart
S2_T_210423_dhesse_1_68006_HDMSe.raw.zip	mus musculus	heart	not applicable	cardiovascular system disease	1	S2_T_210423_dhesse_1_68006_HDMSe.raw.zip	proteomic profiling by mass spectrometry	Data-independent acquisition	NT=label free sample;AC=MS:1002038	NT=synapt ms;AC=MS:1001782	NT=Trypsin;AC=MS:1001251	NT=collision-induced dissociation;AC=MS:1000133	1	1	S2_T_210423_dhesse_1_68006_HDMSe.raw.zip	ftp://ftp.pride.ebi.ac.uk/pride/data/archive/2024/07/PXD045738/S2_T_210423_dhesse_1_68006_HDMSe.raw.zip	v1.1.0	NT=ms-proteomics;VV=v1.1.0	NT=dia-acquisition;VV=v1.1.0	manual curation	heart
G2_210421_dhesse_1_68228_HDMSe.raw.zip	mus musculus	heart	not applicable	cardiovascular system disease	1	G2_210421_dhesse_1_68228_HDMSe.raw.zip	proteomic profiling by mass spectrometry	Data-independent acquisition	NT=label free sample;AC=MS:1002038	NT=synapt ms;AC=MS:1001782	NT=Trypsin;AC=MS:1001251	NT=collision-induced dissociation;AC=MS:1000133	1	1	G2_210421_dhesse_1_68228_HDMSe.raw.zip	ftp://ftp.pride.ebi.ac.uk/pride/data/archive/2024/07/PXD045738/G2_210421_dhesse_1_68228_HDMSe.raw.zip	v1.1.0	NT=ms-proteomics;VV=v1.1.0	NT=dia-acquisition;VV=v1.1.0	manual curation	heart
G2_210414_dhesse_1_68072_HDMSe.raw.zip	mus musculus	heart	not applicable	cardiovascular system disease	1	G2_210414_dhesse_1_68072_HDMSe.raw.zip	proteomic profiling by mass spectrometry	Data-independent acquisition	NT=label free sample;AC=MS:1002038	NT=synapt ms;AC=MS:1001782	NT=Trypsin;AC=MS:1001251	NT=collision-induced dissociation;AC=MS:1000133	1	1	G2_210414_dhesse_1_68072_HDMSe.raw.zip	ftp://ftp.pride.ebi.ac.uk/pride/data/archive/2024/07/PXD045738/G2_210414_dhesse_1_68072_HDMSe.raw.zip	v1.1.0	NT=ms-proteomics;VV=v1.1.0	NT=dia-acquisition;VV=v1.1.0	manual curation	heart
G2_210421_dhesse_1_68163_HDMSe.raw.zip	mus musculus	heart	not applicable	cardiovascular system disease	1	G2_210421_dhesse_1_68163_HDMSe.raw.zip	proteomic profiling by mass spectrometry	Data-independent acquisition	NT=label free sample;AC=MS:1002038	NT=synapt ms;AC=MS:1001782	NT=Trypsin;AC=MS:1001251	NT=collision-induced dissociation;AC=MS:1000133	1	1	G2_210421_dhesse_1_68163_HDMSe.raw.zip	ftp://ftp.pride.ebi.ac.uk/pride/data/archive/2024/07/PXD045738/G2_210421_dhesse_1_68163_HDMSe.raw.zip	v1.1.0	NT=ms-proteomics;VV=v1.1.0	NT=dia-acquisition;VV=v1.1.0	manual curation	heart
S2_T_210423_dhesse_1_67970_HDMSe.raw.zip	mus musculus	heart	not applicable	cardiovascular system disease	1	S2_T_210423_dhesse_1_67970_HDMSe.raw.zip	proteomic profiling by mass spectrometry	Data-independent acquisition	NT=label free sample;AC=MS:1002038	NT=synapt ms;AC=MS:1001782	NT=Trypsin;AC=MS:1001251	NT=collision-induced dissociation;AC=MS:1000133	1	1	S2_T_210423_dhesse_1_67970_HDMSe.raw.zip	ftp://ftp.pride.ebi.ac.uk/pride/data/archive/2024/07/PXD045738/S2_T_210423_dhesse_1_67970_HDMSe.raw.zip	v1.1.0	NT=ms-proteomics;VV=v1.1.0	NT=dia-acquisition;VV=v1.1.0	manual curation	heart
S2_T_210416_dhesse_1_67894_HDMSe.raw.zip	mus musculus	heart	not applicable	cardiovascular system disease	1	S2_T_210416_dhesse_1_67894_HDMSe.raw.zip	proteomic profiling by mass spectrometry	Data-independent acquisition	NT=label free sample;AC=MS:1002038	NT=synapt ms;AC=MS:1001782	NT=Trypsin;AC=MS:1001251	NT=collision-induced dissociation;AC=MS:1000133	1	1	S2_T_210416_dhesse_1_67894_HDMSe.raw.zip	ftp://ftp.pride.ebi.ac.uk/pride/data/archive/2024/07/PXD045738/S2_T_210416_dhesse_1_67894_HDMSe.raw.zip	v1.1.0	NT=ms-proteomics;VV=v1.1.0	NT=dia-acquisition;VV=v1.1.0	manual curation	heart
G2_210421_dhesse_1_68168_HDMSe.raw.zip	mus musculus	heart	not applicable	cardiovascular system disease	1	G2_210421_dhesse_1_68168_HDMSe.raw.zip	proteomic profiling by mass spectrometry	Data-independent acquisition	NT=label free sample;AC=MS:1002038	NT=synapt ms;AC=MS:1001782	NT=Trypsin;AC=MS:1001251	NT=collision-induced dissociation;AC=MS:1000133	1	1	G2_210421_dhesse_1_68168_HDMSe.raw.zip	ftp://ftp.pride.ebi.ac.uk/pride/data/archive/2024/07/PXD045738/G2_210421_dhesse_1_68168_HDMSe.raw.zip	v1.1.0	NT=ms-proteomics;VV=v1.1.0	NT=dia-acquisition;VV=v1.1.0	manual curation	heart
G2_210421_dhesse_1_68158_HDMSe.raw.zip	mus musculus	heart	not applicable	cardiovascular system disease	1	G2_210421_dhesse_1_68158_HDMSe.raw.zip	proteomic profiling by mass spectrometry	Data-independent acquisition	NT=label free sample;AC=MS:1002038	NT=synapt ms;AC=MS:1001782	NT=Trypsin;AC=MS:1001251	NT=collision-induced dissociation;AC=MS:1000133	1	1	G2_210421_dhesse_1_68158_HDMSe.raw.zip	ftp://ftp.pride.ebi.ac.uk/pride/data/archive/2024/07/PXD045738/G2_210421_dhesse_1_68158_HDMSe.raw.zip	v1.1.0	NT=ms-proteomics;VV=v1.1.0	NT=dia-acquisition;VV=v1.1.0	manual curation	heart
G2_210421_dhesse_1_68176_HDMSe.raw.zip	mus musculus	heart	not applicable	cardiovascular system disease	1	G2_210421_dhesse_1_68176_HDMSe.raw.zip	proteomic profiling by mass spectrometry	Data-independent acquisition	NT=label free sample;AC=MS:1002038	NT=synapt ms;AC=MS:1001782	NT=Trypsin;AC=MS:1001251	NT=collision-induced dissociation;AC=MS:1000133	1	1	G2_210421_dhesse_1_68176_HDMSe.raw.zip	ftp://ftp.pride.ebi.ac.uk/pride/data/archive/2024/07/PXD045738/G2_210421_dhesse_1_68176_HDMSe.raw.zip	v1.1.0	NT=ms-proteomics;VV=v1.1.0	NT=dia-acquisition;VV=v1.1.0	manual curation	heart
G2_210421_dhesse_1_68223_HDMSe.raw.zip	mus musculus	heart	not applicable	cardiovascular system disease	1	G2_210421_dhesse_1_68223_HDMSe.raw.zip	proteomic profiling by mass spectrometry	Data-independent acquisition	NT=label free sample;AC=MS:1002038	NT=synapt ms;AC=MS:1001782	NT=Trypsin;AC=MS:1001251	NT=collision-induced dissociation;AC=MS:1000133	1	1	G2_210421_dhesse_1_68223_HDMSe.raw.zip	ftp://ftp.pride.ebi.ac.uk/pride/data/archive/2024/07/PXD045738/G2_210421_dhesse_1_68223_HDMSe.raw.zip	v1.1.0	NT=ms-proteomics;VV=v1.1.0	NT=dia-acquisition;VV=v1.1.0	manual curation	heart
S2_T_210416_dhesse_1_67903_HDMSe.raw.zip	mus musculus	heart	not applicable	cardiovascular system disease	1	S2_T_210416_dhesse_1_67903_HDMSe.raw.zip	proteomic profiling by mass spectrometry	Data-independent acquisition	NT=label free sample;AC=MS:1002038	NT=synapt ms;AC=MS:1001782	NT=Trypsin;AC=MS:1001251	NT=collision-induced dissociation;AC=MS:1000133	1	1	S2_T_210416_dhesse_1_67903_HDMSe.raw.zip	ftp://ftp.pride.ebi.ac.uk/pride/data/archive/2024/07/PXD045738/S2_T_210416_dhesse_1_67903_HDMSe.raw.zip	v1.1.0	NT=ms-proteomics;VV=v1.1.0	NT=dia-acquisition;VV=v1.1.0	manual curation	heart
S2_T_210416_dhesse_1_67897_HDMSe.raw.zip	mus musculus	heart	not applicable	cardiovascular system disease	1	S2_T_210416_dhesse_1_67897_HDMSe.raw.zip	proteomic profiling by mass spectrometry	Data-independent acquisition	NT=label free sample;AC=MS:1002038	NT=synapt ms;AC=MS:1001782	NT=Trypsin;AC=MS:1001251	NT=collision-induced dissociation;AC=MS:1000133	1	1	S2_T_210416_dhesse_1_67897_HDMSe.raw.zip	ftp://ftp.pride.ebi.ac.uk/pride/data/archive/2024/07/PXD045738/S2_T_210416_dhesse_1_67897_HDMSe.raw.zip	v1.1.0	NT=ms-proteomics;VV=v1.1.0	NT=dia-acquisition;VV=v1.1.0	manual curation	heart
G2_210414_dhesse_1_68119_HDMSe.raw.zip	mus musculus	heart	not applicable	cardiovascular system disease	1	G2_210414_dhesse_1_68119_HDMSe.raw.zip	proteomic profiling by mass spectrometry	Data-independent acquisition	NT=label free sample;AC=MS:1002038	NT=synapt ms;AC=MS:1001782	NT=Trypsin;AC=MS:1001251	NT=collision-induced dissociation;AC=MS:1000133	1	1	G2_210414_dhesse_1_68119_HDMSe.raw.zip	ftp://ftp.pride.ebi.ac.uk/pride/data/archive/2024/07/PXD045738/G2_210414_dhesse_1_68119_HDMSe.raw.zip	v1.1.0	NT=ms-proteomics;VV=v1.1.0	NT=dia-acquisition;VV=v1.1.0	manual curation	heart
G2_210414_dhesse_1_68094_HDMSe.raw.zip	mus musculus	heart	not applicable	cardiovascular system disease	1	G2_210414_dhesse_1_68094_HDMSe.raw.zip	proteomic profiling by mass spectrometry	Data-independent acquisition	NT=label free sample;AC=MS:1002038	NT=synapt ms;AC=MS:1001782	NT=Trypsin;AC=MS:1001251	NT=collision-induced dissociation;AC=MS:1000133	1	1	G2_210414_dhesse_1_68094_HDMSe.raw.zip	ftp://ftp.pride.ebi.ac.uk/pride/data/archive/2024/07/PXD045738/G2_210414_dhesse_1_68094_HDMSe.raw.zip	v1.1.0	NT=ms-proteomics;VV=v1.1.0	NT=dia-acquisition;VV=v1.1.0	manual curation	heart
S2_T_210416_dhesse_1_67910_HDMSe.raw.zip	mus musculus	heart	not applicable	cardiovascular system disease	1	S2_T_210416_dhesse_1_67910_HDMSe.raw.zip	proteomic profiling by mass spectrometry	Data-independent acquisition	NT=label free sample;AC=MS:1002038	NT=synapt ms;AC=MS:1001782	NT=Trypsin;AC=MS:1001251	NT=collision-induced dissociation;AC=MS:1000133	1	1	S2_T_210416_dhesse_1_67910_HDMSe.raw.zip	ftp://ftp.pride.ebi.ac.uk/pride/data/archive/2024/07/PXD045738/S2_T_210416_dhesse_1_67910_HDMSe.raw.zip	v1.1.0	NT=ms-proteomics;VV=v1.1.0	NT=dia-acquisition;VV=v1.1.0	manual curation	heart
G2_210414_dhesse_1_68106_HDMSe.raw.zip	mus musculus	heart	not applicable	cardiovascular system disease	1	G2_210414_dhesse_1_68106_HDMSe.raw.zip	proteomic profiling by mass spectrometry	Data-independent acquisition	NT=label free sample;AC=MS:1002038	NT=synapt ms;AC=MS:1001782	NT=Trypsin;AC=MS:1001251	NT=collision-induced dissociation;AC=MS:1000133	1	1	G2_210414_dhesse_1_68106_HDMSe.raw.zip	ftp://ftp.pride.ebi.ac.uk/pride/data/archive/2024/07/PXD045738/G2_210414_dhesse_1_68106_HDMSe.raw.zip	v1.1.0	NT=ms-proteomics;VV=v1.1.0	NT=dia-acquisition;VV=v1.1.0	manual curation	heart
G2_210414_dhesse_1_68136_HDMSe.raw.zip	mus musculus	heart	not applicable	cardiovascular system disease	1	G2_210414_dhesse_1_68136_HDMSe.raw.zip	proteomic profiling by mass spectrometry	Data-independent acquisition	NT=label free sample;AC=MS:1002038	NT=synapt ms;AC=MS:1001782	NT=Trypsin;AC=MS:1001251	NT=collision-induced dissociation;AC=MS:1000133	1	1	G2_210414_dhesse_1_68136_HDMSe.raw.zip	ftp://ftp.pride.ebi.ac.uk/pride/data/archive/2024/07/PXD045738/G2_210414_dhesse_1_68136_HDMSe.raw.zip	v1.1.0	NT=ms-proteomics;VV=v1.1.0	NT=dia-acquisition;VV=v1.1.0	manual curation	heart
G2_210421_dhesse_1_68235_HDMSe.raw.zip	mus musculus	heart	not applicable	cardiovascular system disease	1	G2_210421_dhesse_1_68235_HDMSe.raw.zip	proteomic profiling by mass spectrometry	Data-independent acquisition	NT=label free sample;AC=MS:1002038	NT=synapt ms;AC=MS:1001782	NT=Trypsin;AC=MS:1001251	NT=collision-induced dissociation;AC=MS:1000133	1	1	G2_210421_dhesse_1_68235_HDMSe.raw.zip	ftp://ftp.pride.ebi.ac.uk/pride/data/archive/2024/07/PXD045738/G2_210421_dhesse_1_68235_HDMSe.raw.zip	v1.1.0	NT=ms-proteomics;VV=v1.1.0	NT=dia-acquisition;VV=v1.1.0	manual curation	heart
S2_T_210423_dhesse_1_68002_HDMSe.raw.zip	mus musculus	heart	not applicable	cardiovascular system disease	1	S2_T_210423_dhesse_1_68002_HDMSe.raw.zip	proteomic profiling by mass spectrometry	Data-independent acquisition	NT=label free sample;AC=MS:1002038	NT=synapt ms;AC=MS:1001782	NT=Trypsin;AC=MS:1001251	NT=collision-induced dissociation;AC=MS:1000133	1	1	S2_T_210423_dhesse_1_68002_HDMSe.raw.zip	ftp://ftp.pride.ebi.ac.uk/pride/data/archive/2024/07/PXD045738/S2_T_210423_dhesse_1_68002_HDMSe.raw.zip	v1.1.0	NT=ms-proteomics;VV=v1.1.0	NT=dia-acquisition;VV=v1.1.0	manual curation	heart
G2_210414_dhesse_1_68093_HDMSe.raw.zip	mus musculus	heart	not applicable	cardiovascular system disease	1	G2_210414_dhesse_1_68093_HDMSe.raw.zip	proteomic profiling by mass spectrometry	Data-independent acquisition	NT=label free sample;AC=MS:1002038	NT=synapt ms;AC=MS:1001782	NT=Trypsin;AC=MS:1001251	NT=collision-induced dissociation;AC=MS:1000133	1	1	G2_210414_dhesse_1_68093_HDMSe.raw.zip	ftp://ftp.pride.ebi.ac.uk/pride/data/archive/2024/07/PXD045738/G2_210414_dhesse_1_68093_HDMSe.raw.zip	v1.1.0	NT=ms-proteomics;VV=v1.1.0	NT=dia-acquisition;VV=v1.1.0	manual curation	heart
G2_210421_dhesse_1_68210_HDMSe.raw.zip	mus musculus	heart	not applicable	cardiovascular system disease	1	G2_210421_dhesse_1_68210_HDMSe.raw.zip	proteomic profiling by mass spectrometry	Data-independent acquisition	NT=label free sample;AC=MS:1002038	NT=synapt ms;AC=MS:1001782	NT=Trypsin;AC=MS:1001251	NT=collision-induced dissociation;AC=MS:1000133	1	1	G2_210421_dhesse_1_68210_HDMSe.raw.zip	ftp://ftp.pride.ebi.ac.uk/pride/data/archive/2024/07/PXD045738/G2_210421_dhesse_1_68210_HDMSe.raw.zip	v1.1.0	NT=ms-proteomics;VV=v1.1.0	NT=dia-acquisition;VV=v1.1.0	manual curation	heart
S2_T_210423_dhesse_1_68018_HDMSe.raw.zip	mus musculus	heart	not applicable	cardiovascular system disease	1	S2_T_210423_dhesse_1_68018_HDMSe.raw.zip	proteomic profiling by mass spectrometry	Data-independent acquisition	NT=label free sample;AC=MS:1002038	NT=synapt ms;AC=MS:1001782	NT=Trypsin;AC=MS:1001251	NT=collision-induced dissociation;AC=MS:1000133	1	1	S2_T_210423_dhesse_1_68018_HDMSe.raw.zip	ftp://ftp.pride.ebi.ac.uk/pride/data/archive/2024/07/PXD045738/S2_T_210423_dhesse_1_68018_HDMSe.raw.zip	v1.1.0	NT=ms-proteomics;VV=v1.1.0	NT=dia-acquisition;VV=v1.1.0	manual curation	heart
S2_T_210416_dhesse_1_67919_HDMSe.raw.zip	mus musculus	heart	not applicable	cardiovascular system disease	1	S2_T_210416_dhesse_1_67919_HDMSe.raw.zip	proteomic profiling by mass spectrometry	Data-independent acquisition	NT=label free sample;AC=MS:1002038	NT=synapt ms;AC=MS:1001782	NT=Trypsin;AC=MS:1001251	NT=collision-induced dissociation;AC=MS:1000133	1	1	S2_T_210416_dhesse_1_67919_HDMSe.raw.zip	ftp://ftp.pride.ebi.ac.uk/pride/data/archive/2024/07/PXD045738/S2_T_210416_dhesse_1_67919_HDMSe.raw.zip	v1.1.0	NT=ms-proteomics;VV=v1.1.0	NT=dia-acquisition;VV=v1.1.0	manual curation	heart
G2_210421_dhesse_1_68216_HDMSe.raw.zip	mus musculus	heart	not applicable	cardiovascular system disease	1	G2_210421_dhesse_1_68216_HDMSe.raw.zip	proteomic profiling by mass spectrometry	Data-independent acquisition	NT=label free sample;AC=MS:1002038	NT=synapt ms;AC=MS:1001782	NT=Trypsin;AC=MS:1001251	NT=collision-induced dissociation;AC=MS:1000133	1	1	G2_210421_dhesse_1_68216_HDMSe.raw.zip	ftp://ftp.pride.ebi.ac.uk/pride/data/archive/2024/07/PXD045738/G2_210421_dhesse_1_68216_HDMSe.raw.zip	v1.1.0	NT=ms-proteomics;VV=v1.1.0	NT=dia-acquisition;VV=v1.1.0	manual curation	heart
G2_210421_dhesse_1_68229_HDMSe.raw.zip	mus musculus	heart	not applicable	cardiovascular system disease	1	G2_210421_dhesse_1_68229_HDMSe.raw.zip	proteomic profiling by mass spectrometry	Data-independent acquisition	NT=label free sample;AC=MS:1002038	NT=synapt ms;AC=MS:1001782	NT=Trypsin;AC=MS:1001251	NT=collision-induced dissociation;AC=MS:1000133	1	1	G2_210421_dhesse_1_68229_HDMSe.raw.zip	ftp://ftp.pride.ebi.ac.uk/pride/data/archive/2024/07/PXD045738/G2_210421_dhesse_1_68229_HDMSe.raw.zip	v1.1.0	NT=ms-proteomics;VV=v1.1.0	NT=dia-acquisition;VV=v1.1.0	manual curation	heart
S2_T_210416_dhesse_1_67936_HDMSe.raw.zip	mus musculus	heart	not applicable	cardiovascular system disease	1	S2_T_210416_dhesse_1_67936_HDMSe.raw.zip	proteomic profiling by mass spectrometry	Data-independent acquisition	NT=label free sample;AC=MS:1002038	NT=synapt ms;AC=MS:1001782	NT=Trypsin;AC=MS:1001251	NT=collision-induced dissociation;AC=MS:1000133	1	1	S2_T_210416_dhesse_1_67936_HDMSe.raw.zip	ftp://ftp.pride.ebi.ac.uk/pride/data/archive/2024/07/PXD045738/S2_T_210416_dhesse_1_67936_HDMSe.raw.zip	v1.1.0	NT=ms-proteomics;VV=v1.1.0	NT=dia-acquisition;VV=v1.1.0	manual curation	heart
S2_T_210423_dhesse_1_68030_HDMSe.raw.zip	mus musculus	heart	not applicable	cardiovascular system disease	1	S2_T_210423_dhesse_1_68030_HDMSe.raw.zip	proteomic profiling by mass spectrometry	Data-independent acquisition	NT=label free sample;AC=MS:1002038	NT=synapt ms;AC=MS:1001782	NT=Trypsin;AC=MS:1001251	NT=collision-induced dissociation;AC=MS:1000133	1	1	S2_T_210423_dhesse_1_68030_HDMSe.raw.zip	ftp://ftp.pride.ebi.ac.uk/pride/data/archive/2024/07/PXD045738/S2_T_210423_dhesse_1_68030_HDMSe.raw.zip	v1.1.0	NT=ms-proteomics;VV=v1.1.0	NT=dia-acquisition;VV=v1.1.0	manual curation	heart
S2_T_210423_dhesse_1_68045_HDMSe.raw.zip	mus musculus	heart	not applicable	cardiovascular system disease	1	S2_T_210423_dhesse_1_68045_HDMSe.raw.zip	proteomic profiling by mass spectrometry	Data-independent acquisition	NT=label free sample;AC=MS:1002038	NT=synapt ms;AC=MS:1001782	NT=Trypsin;AC=MS:1001251	NT=collision-induced dissociation;AC=MS:1000133	1	1	S2_T_210423_dhesse_1_68045_HDMSe.raw.zip	ftp://ftp.pride.ebi.ac.uk/pride/data/archive/2024/07/PXD045738/S2_T_210423_dhesse_1_68045_HDMSe.raw.zip	v1.1.0	NT=ms-proteomics;VV=v1.1.0	NT=dia-acquisition;VV=v1.1.0	manual curation	heart
G2_210414_dhesse_1_68139_HDMSe.raw.zip	mus musculus	heart	not applicable	cardiovascular system disease	1	G2_210414_dhesse_1_68139_HDMSe.raw.zip	proteomic profiling by mass spectrometry	Data-independent acquisition	NT=label free sample;AC=MS:1002038	NT=synapt ms;AC=MS:1001782	NT=Trypsin;AC=MS:1001251	NT=collision-induced dissociation;AC=MS:1000133	1	1	G2_210414_dhesse_1_68139_HDMSe.raw.zip	ftp://ftp.pride.ebi.ac.uk/pride/data/archive/2024/07/PXD045738/G2_210414_dhesse_1_68139_HDMSe.raw.zip	v1.1.0	NT=ms-proteomics;VV=v1.1.0	NT=dia-acquisition;VV=v1.1.0	manual curation	heart
G2_210414_dhesse_1_68075_HDMSe.raw.zip	mus musculus	heart	not applicable	cardiovascular system disease	1	G2_210414_dhesse_1_68075_HDMSe.raw.zip	proteomic profiling by mass spectrometry	Data-independent acquisition	NT=label free sample;AC=MS:1002038	NT=synapt ms;AC=MS:1001782	NT=Trypsin;AC=MS:1001251	NT=collision-induced dissociation;AC=MS:1000133	1	1	G2_210414_dhesse_1_68075_HDMSe.raw.zip	ftp://ftp.pride.ebi.ac.uk/pride/data/archive/2024/07/PXD045738/G2_210414_dhesse_1_68075_HDMSe.raw.zip	v1.1.0	NT=ms-proteomics;VV=v1.1.0	NT=dia-acquisition;VV=v1.1.0	manual curation	heart
S2_T_210416_dhesse_1_67896_HDMSe.raw.zip	mus musculus	heart	not applicable	cardiovascular system disease	1	S2_T_210416_dhesse_1_67896_HDMSe.raw.zip	proteomic profiling by mass spectrometry	Data-independent acquisition	NT=label free sample;AC=MS:1002038	NT=synapt ms;AC=MS:1001782	NT=Trypsin;AC=MS:1001251	NT=collision-induced dissociation;AC=MS:1000133	1	1	S2_T_210416_dhesse_1_67896_HDMSe.raw.zip	ftp://ftp.pride.ebi.ac.uk/pride/data/archive/2024/07/PXD045738/S2_T_210416_dhesse_1_67896_HDMSe.raw.zip	v1.1.0	NT=ms-proteomics;VV=v1.1.0	NT=dia-acquisition;VV=v1.1.0	manual curation	heart
S2_T_210423_dhesse_1_67986_HDMSe.raw.zip	mus musculus	heart	not applicable	cardiovascular system disease	1	S2_T_210423_dhesse_1_67986_HDMSe.raw.zip	proteomic profiling by mass spectrometry	Data-independent acquisition	NT=label free sample;AC=MS:1002038	NT=synapt ms;AC=MS:1001782	NT=Trypsin;AC=MS:1001251	NT=collision-induced dissociation;AC=MS:1000133	1	1	S2_T_210423_dhesse_1_67986_HDMSe.raw.zip	ftp://ftp.pride.ebi.ac.uk/pride/data/archive/2024/07/PXD045738/S2_T_210423_dhesse_1_67986_HDMSe.raw.zip	v1.1.0	NT=ms-proteomics;VV=v1.1.0	NT=dia-acquisition;VV=v1.1.0	manual curation	heart
S2_T_210423_dhesse_1_67974_HDMSe.raw.zip	mus musculus	heart	not applicable	cardiovascular system disease	1	S2_T_210423_dhesse_1_67974_HDMSe.raw.zip	proteomic profiling by mass spectrometry	Data-independent acquisition	NT=label free sample;AC=MS:1002038	NT=synapt ms;AC=MS:1001782	NT=Trypsin;AC=MS:1001251	NT=collision-induced dissociation;AC=MS:1000133	1	1	S2_T_210423_dhesse_1_67974_HDMSe.raw.zip	ftp://ftp.pride.ebi.ac.uk/pride/data/archive/2024/07/PXD045738/S2_T_210423_dhesse_1_67974_HDMSe.raw.zip	v1.1.0	NT=ms-proteomics;VV=v1.1.0	NT=dia-acquisition;VV=v1.1.0	manual curation	heart
S2_T_210416_dhesse_1_67912_HDMSe.raw.zip	mus musculus	heart	not applicable	cardiovascular system disease	1	S2_T_210416_dhesse_1_67912_HDMSe.raw.zip	proteomic profiling by mass spectrometry	Data-independent acquisition	NT=label free sample;AC=MS:1002038	NT=synapt ms;AC=MS:1001782	NT=Trypsin;AC=MS:1001251	NT=collision-induced dissociation;AC=MS:1000133	1	1	S2_T_210416_dhesse_1_67912_HDMSe.raw.zip	ftp://ftp.pride.ebi.ac.uk/pride/data/archive/2024/07/PXD045738/S2_T_210416_dhesse_1_67912_HDMSe.raw.zip	v1.1.0	NT=ms-proteomics;VV=v1.1.0	NT=dia-acquisition;VV=v1.1.0	manual curation	heart
S2_T_210416_dhesse_1_67870_HDMSe.raw.zip	mus musculus	heart	not applicable	cardiovascular system disease	1	S2_T_210416_dhesse_1_67870_HDMSe.raw.zip	proteomic profiling by mass spectrometry	Data-independent acquisition	NT=label free sample;AC=MS:1002038	NT=synapt ms;AC=MS:1001782	NT=Trypsin;AC=MS:1001251	NT=collision-induced dissociation;AC=MS:1000133	1	1	S2_T_210416_dhesse_1_67870_HDMSe.raw.zip	ftp://ftp.pride.ebi.ac.uk/pride/data/archive/2024/07/PXD045738/S2_T_210416_dhesse_1_67870_HDMSe.raw.zip	v1.1.0	NT=ms-proteomics;VV=v1.1.0	NT=dia-acquisition;VV=v1.1.0	manual curation	heart
S2_T_210416_dhesse_1_67963_HDMSe.raw.zip	mus musculus	heart	not applicable	cardiovascular system disease	1	S2_T_210416_dhesse_1_67963_HDMSe.raw.zip	proteomic profiling by mass spectrometry	Data-independent acquisition	NT=label free sample;AC=MS:1002038	NT=synapt ms;AC=MS:1001782	NT=Trypsin;AC=MS:1001251	NT=collision-induced dissociation;AC=MS:1000133	1	1	S2_T_210416_dhesse_1_67963_HDMSe.raw.zip	ftp://ftp.pride.ebi.ac.uk/pride/data/archive/2024/07/PXD045738/S2_T_210416_dhesse_1_67963_HDMSe.raw.zip	v1.1.0	NT=ms-proteomics;VV=v1.1.0	NT=dia-acquisition;VV=v1.1.0	manual curation	heart
S2_T_210416_dhesse_1_67941_HDMSe.raw.zip	mus musculus	heart	not applicable	cardiovascular system disease	1	S2_T_210416_dhesse_1_67941_HDMSe.raw.zip	proteomic profiling by mass spectrometry	Data-independent acquisition	NT=label free sample;AC=MS:1002038	NT=synapt ms;AC=MS:1001782	NT=Trypsin;AC=MS:1001251	NT=collision-induced dissociation;AC=MS:1000133	1	1	S2_T_210416_dhesse_1_67941_HDMSe.raw.zip	ftp://ftp.pride.ebi.ac.uk/pride/data/archive/2024/07/PXD045738/S2_T_210416_dhesse_1_67941_HDMSe.raw.zip	v1.1.0	NT=ms-proteomics;VV=v1.1.0	NT=dia-acquisition;VV=v1.1.0	manual curation	heart
G2_210421_dhesse_1_68203_HDMSe.raw.zip	mus musculus	heart	not applicable	cardiovascular system disease	1	G2_210421_dhesse_1_68203_HDMSe.raw.zip	proteomic profiling by mass spectrometry	Data-independent acquisition	NT=label free sample;AC=MS:1002038	NT=synapt ms;AC=MS:1001782	NT=Trypsin;AC=MS:1001251	NT=collision-induced dissociation;AC=MS:1000133	1	1	G2_210421_dhesse_1_68203_HDMSe.raw.zip	ftp://ftp.pride.ebi.ac.uk/pride/data/archive/2024/07/PXD045738/G2_210421_dhesse_1_68203_HDMSe.raw.zip	v1.1.0	NT=ms-proteomics;VV=v1.1.0	NT=dia-acquisition;VV=v1.1.0	manual curation	heart
G2_210414_dhesse_1_68140_HDMSe.raw.zip	mus musculus	heart	not applicable	cardiovascular system disease	1	G2_210414_dhesse_1_68140_HDMSe.raw.zip	proteomic profiling by mass spectrometry	Data-independent acquisition	NT=label free sample;AC=MS:1002038	NT=synapt ms;AC=MS:1001782	NT=Trypsin;AC=MS:1001251	NT=collision-induced dissociation;AC=MS:1000133	1	1	G2_210414_dhesse_1_68140_HDMSe.raw.zip	ftp://ftp.pride.ebi.ac.uk/pride/data/archive/2024/07/PXD045738/G2_210414_dhesse_1_68140_HDMSe.raw.zip	v1.1.0	NT=ms-proteomics;VV=v1.1.0	NT=dia-acquisition;VV=v1.1.0	manual curation	heart
G2_210421_dhesse_1_68237_HDMSe.raw.zip	mus musculus	heart	not applicable	cardiovascular system disease	1	G2_210421_dhesse_1_68237_HDMSe.raw.zip	proteomic profiling by mass spectrometry	Data-independent acquisition	NT=label free sample;AC=MS:1002038	NT=synapt ms;AC=MS:1001782	NT=Trypsin;AC=MS:1001251	NT=collision-induced dissociation;AC=MS:1000133	1	1	G2_210421_dhesse_1_68237_HDMSe.raw.zip	ftp://ftp.pride.ebi.ac.uk/pride/data/archive/2024/07/PXD045738/G2_210421_dhesse_1_68237_HDMSe.raw.zip	v1.1.0	NT=ms-proteomics;VV=v1.1.0	NT=dia-acquisition;VV=v1.1.0	manual curation	heart
G2_210414_dhesse_1_68120_HDMSe.raw.zip	mus musculus	heart	not applicable	cardiovascular system disease	1	G2_210414_dhesse_1_68120_HDMSe.raw.zip	proteomic profiling by mass spectrometry	Data-independent acquisition	NT=label free sample;AC=MS:1002038	NT=synapt ms;AC=MS:1001782	NT=Trypsin;AC=MS:1001251	NT=collision-induced dissociation;AC=MS:1000133	1	1	G2_210414_dhesse_1_68120_HDMSe.raw.zip	ftp://ftp.pride.ebi.ac.uk/pride/data/archive/2024/07/PXD045738/G2_210414_dhesse_1_68120_HDMSe.raw.zip	v1.1.0	NT=ms-proteomics;VV=v1.1.0	NT=dia-acquisition;VV=v1.1.0	manual curation	heart
S2_T_210423_dhesse_1_68055_HDMSe.raw.zip	mus musculus	heart	not applicable	cardiovascular system disease	1	S2_T_210423_dhesse_1_68055_HDMSe.raw.zip	proteomic profiling by mass spectrometry	Data-independent acquisition	NT=label free sample;AC=MS:1002038	NT=synapt ms;AC=MS:1001782	NT=Trypsin;AC=MS:1001251	NT=collision-induced dissociation;AC=MS:1000133	1	1	S2_T_210423_dhesse_1_68055_HDMSe.raw.zip	ftp://ftp.pride.ebi.ac.uk/pride/data/archive/2024/07/PXD045738/S2_T_210423_dhesse_1_68055_HDMSe.raw.zip	v1.1.0	NT=ms-proteomics;VV=v1.1.0	NT=dia-acquisition;VV=v1.1.0	manual curation	heart
G2_210414_dhesse_1_68118_HDMSe.raw.zip	mus musculus	heart	not applicable	cardiovascular system disease	1	G2_210414_dhesse_1_68118_HDMSe.raw.zip	proteomic profiling by mass spectrometry	Data-independent acquisition	NT=label free sample;AC=MS:1002038	NT=synapt ms;AC=MS:1001782	NT=Trypsin;AC=MS:1001251	NT=collision-induced dissociation;AC=MS:1000133	1	1	G2_210414_dhesse_1_68118_HDMSe.raw.zip	ftp://ftp.pride.ebi.ac.uk/pride/data/archive/2024/07/PXD045738/G2_210414_dhesse_1_68118_HDMSe.raw.zip	v1.1.0	NT=ms-proteomics;VV=v1.1.0	NT=dia-acquisition;VV=v1.1.0	manual curation	heart
S2_T_210416_dhesse_1_67931_HDMSe.raw.zip	mus musculus	heart	not applicable	cardiovascular system disease	1	S2_T_210416_dhesse_1_67931_HDMSe.raw.zip	proteomic profiling by mass spectrometry	Data-independent acquisition	NT=label free sample;AC=MS:1002038	NT=synapt ms;AC=MS:1001782	NT=Trypsin;AC=MS:1001251	NT=collision-induced dissociation;AC=MS:1000133	1	1	S2_T_210416_dhesse_1_67931_HDMSe.raw.zip	ftp://ftp.pride.ebi.ac.uk/pride/data/archive/2024/07/PXD045738/S2_T_210416_dhesse_1_67931_HDMSe.raw.zip	v1.1.0	NT=ms-proteomics;VV=v1.1.0	NT=dia-acquisition;VV=v1.1.0	manual curation	heart
S2_T_210416_dhesse_1_67917_HDMSe.raw.zip	mus musculus	heart	not applicable	cardiovascular system disease	1	S2_T_210416_dhesse_1_67917_HDMSe.raw.zip	proteomic profiling by mass spectrometry	Data-independent acquisition	NT=label free sample;AC=MS:1002038	NT=synapt ms;AC=MS:1001782	NT=Trypsin;AC=MS:1001251	NT=collision-induced dissociation;AC=MS:1000133	1	1	S2_T_210416_dhesse_1_67917_HDMSe.raw.zip	ftp://ftp.pride.ebi.ac.uk/pride/data/archive/2024/07/PXD045738/S2_T_210416_dhesse_1_67917_HDMSe.raw.zip	v1.1.0	NT=ms-proteomics;VV=v1.1.0	NT=dia-acquisition;VV=v1.1.0	manual curation	heart
S2_T_210423_dhesse_1_67968_HDMSe.raw.zip	mus musculus	heart	not applicable	cardiovascular system disease	1	S2_T_210423_dhesse_1_67968_HDMSe.raw.zip	proteomic profiling by mass spectrometry	Data-independent acquisition	NT=label free sample;AC=MS:1002038	NT=synapt ms;AC=MS:1001782	NT=Trypsin;AC=MS:1001251	NT=collision-induced dissociation;AC=MS:1000133	1	1	S2_T_210423_dhesse_1_67968_HDMSe.raw.zip	ftp://ftp.pride.ebi.ac.uk/pride/data/archive/2024/07/PXD045738/S2_T_210423_dhesse_1_67968_HDMSe.raw.zip	v1.1.0	NT=ms-proteomics;VV=v1.1.0	NT=dia-acquisition;VV=v1.1.0	manual curation	heart
S2_T_210423_dhesse_1_68010_HDMSe.raw.zip	mus musculus	heart	not applicable	cardiovascular system disease	1	S2_T_210423_dhesse_1_68010_HDMSe.raw.zip	proteomic profiling by mass spectrometry	Data-independent acquisition	NT=label free sample;AC=MS:1002038	NT=synapt ms;AC=MS:1001782	NT=Trypsin;AC=MS:1001251	NT=collision-induced dissociation;AC=MS:1000133	1	1	S2_T_210423_dhesse_1_68010_HDMSe.raw.zip	ftp://ftp.pride.ebi.ac.uk/pride/data/archive/2024/07/PXD045738/S2_T_210423_dhesse_1_68010_HDMSe.raw.zip	v1.1.0	NT=ms-proteomics;VV=v1.1.0	NT=dia-acquisition;VV=v1.1.0	manual curation	heart
S2_T_210416_dhesse_1_67871_HDMSe.raw.zip	mus musculus	heart	not applicable	cardiovascular system disease	1	S2_T_210416_dhesse_1_67871_HDMSe.raw.zip	proteomic profiling by mass spectrometry	Data-independent acquisition	NT=label free sample;AC=MS:1002038	NT=synapt ms;AC=MS:1001782	NT=Trypsin;AC=MS:1001251	NT=collision-induced dissociation;AC=MS:1000133	1	1	S2_T_210416_dhesse_1_67871_HDMSe.raw.zip	ftp://ftp.pride.ebi.ac.uk/pride/data/archive/2024/07/PXD045738/S2_T_210416_dhesse_1_67871_HDMSe.raw.zip	v1.1.0	NT=ms-proteomics;VV=v1.1.0	NT=dia-acquisition;VV=v1.1.0	manual curation	heart
S2_T_210416_dhesse_1_67962_HDMSe.raw.zip	mus musculus	heart	not applicable	cardiovascular system disease	1	S2_T_210416_dhesse_1_67962_HDMSe.raw.zip	proteomic profiling by mass spectrometry	Data-independent acquisition	NT=label free sample;AC=MS:1002038	NT=synapt ms;AC=MS:1001782	NT=Trypsin;AC=MS:1001251	NT=collision-induced dissociation;AC=MS:1000133	1	1	S2_T_210416_dhesse_1_67962_HDMSe.raw.zip	ftp://ftp.pride.ebi.ac.uk/pride/data/archive/2024/07/PXD045738/S2_T_210416_dhesse_1_67962_HDMSe.raw.zip	v1.1.0	NT=ms-proteomics;VV=v1.1.0	NT=dia-acquisition;VV=v1.1.0	manual curation	heart
S2_T_210416_dhesse_1_67895_HDMSe.raw.zip	mus musculus	heart	not applicable	cardiovascular system disease	1	S2_T_210416_dhesse_1_67895_HDMSe.raw.zip	proteomic profiling by mass spectrometry	Data-independent acquisition	NT=label free sample;AC=MS:1002038	NT=synapt ms;AC=MS:1001782	NT=Trypsin;AC=MS:1001251	NT=collision-induced dissociation;AC=MS:1000133	1	1	S2_T_210416_dhesse_1_67895_HDMSe.raw.zip	ftp://ftp.pride.ebi.ac.uk/pride/data/archive/2024/07/PXD045738/S2_T_210416_dhesse_1_67895_HDMSe.raw.zip	v1.1.0	NT=ms-proteomics;VV=v1.1.0	NT=dia-acquisition;VV=v1.1.0	manual curation	heart
S2_T_210416_dhesse_1_67882_HDMSe.raw.zip	mus musculus	heart	not applicable	cardiovascular system disease	1	S2_T_210416_dhesse_1_67882_HDMSe.raw.zip	proteomic profiling by mass spectrometry	Data-independent acquisition	NT=label free sample;AC=MS:1002038	NT=synapt ms;AC=MS:1001782	NT=Trypsin;AC=MS:1001251	NT=collision-induced dissociation;AC=MS:1000133	1	1	S2_T_210416_dhesse_1_67882_HDMSe.raw.zip	ftp://ftp.pride.ebi.ac.uk/pride/data/archive/2024/07/PXD045738/S2_T_210416_dhesse_1_67882_HDMSe.raw.zip	v1.1.0	NT=ms-proteomics;VV=v1.1.0	NT=dia-acquisition;VV=v1.1.0	manual curation	heart
G2_210414_dhesse_1_68103_HDMSe.raw.zip	mus musculus	heart	not applicable	cardiovascular system disease	1	G2_210414_dhesse_1_68103_HDMSe.raw.zip	proteomic profiling by mass spectrometry	Data-independent acquisition	NT=label free sample;AC=MS:1002038	NT=synapt ms;AC=MS:1001782	NT=Trypsin;AC=MS:1001251	NT=collision-induced dissociation;AC=MS:1000133	1	1	G2_210414_dhesse_1_68103_HDMSe.raw.zip	ftp://ftp.pride.ebi.ac.uk/pride/data/archive/2024/07/PXD045738/G2_210414_dhesse_1_68103_HDMSe.raw.zip	v1.1.0	NT=ms-proteomics;VV=v1.1.0	NT=dia-acquisition;VV=v1.1.0	manual curation	heart
G2_210414_dhesse_1_68114_HDMSe.raw.zip	mus musculus	heart	not applicable	cardiovascular system disease	1	G2_210414_dhesse_1_68114_HDMSe.raw.zip	proteomic profiling by mass spectrometry	Data-independent acquisition	NT=label free sample;AC=MS:1002038	NT=synapt ms;AC=MS:1001782	NT=Trypsin;AC=MS:1001251	NT=collision-induced dissociation;AC=MS:1000133	1	1	G2_210414_dhesse_1_68114_HDMSe.raw.zip	ftp://ftp.pride.ebi.ac.uk/pride/data/archive/2024/07/PXD045738/G2_210414_dhesse_1_68114_HDMSe.raw.zip	v1.1.0	NT=ms-proteomics;VV=v1.1.0	NT=dia-acquisition;VV=v1.1.0	manual curation	heart
S2_T_210423_dhesse_1_67992_HDMSe.raw.zip	mus musculus	heart	not applicable	cardiovascular system disease	1	S2_T_210423_dhesse_1_67992_HDMSe.raw.zip	proteomic profiling by mass spectrometry	Data-independent acquisition	NT=label free sample;AC=MS:1002038	NT=synapt ms;AC=MS:1001782	NT=Trypsin;AC=MS:1001251	NT=collision-induced dissociation;AC=MS:1000133	1	1	S2_T_210423_dhesse_1_67992_HDMSe.raw.zip	ftp://ftp.pride.ebi.ac.uk/pride/data/archive/2024/07/PXD045738/S2_T_210423_dhesse_1_67992_HDMSe.raw.zip	v1.1.0	NT=ms-proteomics;VV=v1.1.0	NT=dia-acquisition;VV=v1.1.0	manual curation	heart
G2_210421_dhesse_1_68208_HDMSe.raw.zip	mus musculus	heart	not applicable	cardiovascular system disease	1	G2_210421_dhesse_1_68208_HDMSe.raw.zip	proteomic profiling by mass spectrometry	Data-independent acquisition	NT=label free sample;AC=MS:1002038	NT=synapt ms;AC=MS:1001782	NT=Trypsin;AC=MS:1001251	NT=collision-induced dissociation;AC=MS:1000133	1	1	G2_210421_dhesse_1_68208_HDMSe.raw.zip	ftp://ftp.pride.ebi.ac.uk/pride/data/archive/2024/07/PXD045738/G2_210421_dhesse_1_68208_HDMSe.raw.zip	v1.1.0	NT=ms-proteomics;VV=v1.1.0	NT=dia-acquisition;VV=v1.1.0	manual curation	heart
S2_T_210423_dhesse_1_67990_HDMSe.raw.zip	mus musculus	heart	not applicable	cardiovascular system disease	1	S2_T_210423_dhesse_1_67990_HDMSe.raw.zip	proteomic profiling by mass spectrometry	Data-independent acquisition	NT=label free sample;AC=MS:1002038	NT=synapt ms;AC=MS:1001782	NT=Trypsin;AC=MS:1001251	NT=collision-induced dissociation;AC=MS:1000133	1	1	S2_T_210423_dhesse_1_67990_HDMSe.raw.zip	ftp://ftp.pride.ebi.ac.uk/pride/data/archive/2024/07/PXD045738/S2_T_210423_dhesse_1_67990_HDMSe.raw.zip	v1.1.0	NT=ms-proteomics;VV=v1.1.0	NT=dia-acquisition;VV=v1.1.0	manual curation	heart
G2_210414_dhesse_1_68137_HDMSe.raw.zip	mus musculus	heart	not applicable	cardiovascular system disease	1	G2_210414_dhesse_1_68137_HDMSe.raw.zip	proteomic profiling by mass spectrometry	Data-independent acquisition	NT=label free sample;AC=MS:1002038	NT=synapt ms;AC=MS:1001782	NT=Trypsin;AC=MS:1001251	NT=collision-induced dissociation;AC=MS:1000133	1	1	G2_210414_dhesse_1_68137_HDMSe.raw.zip	ftp://ftp.pride.ebi.ac.uk/pride/data/archive/2024/07/PXD045738/G2_210414_dhesse_1_68137_HDMSe.raw.zip	v1.1.0	NT=ms-proteomics;VV=v1.1.0	NT=dia-acquisition;VV=v1.1.0	manual curation	heart
S2_T_210416_dhesse_1_67892_HDMSe.raw.zip	mus musculus	heart	not applicable	cardiovascular system disease	1	S2_T_210416_dhesse_1_67892_HDMSe.raw.zip	proteomic profiling by mass spectrometry	Data-independent acquisition	NT=label free sample;AC=MS:1002038	NT=synapt ms;AC=MS:1001782	NT=Trypsin;AC=MS:1001251	NT=collision-induced dissociation;AC=MS:1000133	1	1	S2_T_210416_dhesse_1_67892_HDMSe.raw.zip	ftp://ftp.pride.ebi.ac.uk/pride/data/archive/2024/07/PXD045738/S2_T_210416_dhesse_1_67892_HDMSe.raw.zip	v1.1.0	NT=ms-proteomics;VV=v1.1.0	NT=dia-acquisition;VV=v1.1.0	manual curation	heart
S2_T_210416_dhesse_1_67955_HDMSe.raw.zip	mus musculus	heart	not applicable	cardiovascular system disease	1	S2_T_210416_dhesse_1_67955_HDMSe.raw.zip	proteomic profiling by mass spectrometry	Data-independent acquisition	NT=label free sample;AC=MS:1002038	NT=synapt ms;AC=MS:1001782	NT=Trypsin;AC=MS:1001251	NT=collision-induced dissociation;AC=MS:1000133	1	1	S2_T_210416_dhesse_1_67955_HDMSe.raw.zip	ftp://ftp.pride.ebi.ac.uk/pride/data/archive/2024/07/PXD045738/S2_T_210416_dhesse_1_67955_HDMSe.raw.zip	v1.1.0	NT=ms-proteomics;VV=v1.1.0	NT=dia-acquisition;VV=v1.1.0	manual curation	heart
G2_210414_dhesse_1_68070_HDMSe.raw.zip	mus musculus	heart	not applicable	cardiovascular system disease	1	G2_210414_dhesse_1_68070_HDMSe.raw.zip	proteomic profiling by mass spectrometry	Data-independent acquisition	NT=label free sample;AC=MS:1002038	NT=synapt ms;AC=MS:1001782	NT=Trypsin;AC=MS:1001251	NT=collision-induced dissociation;AC=MS:1000133	1	1	G2_210414_dhesse_1_68070_HDMSe.raw.zip	ftp://ftp.pride.ebi.ac.uk/pride/data/archive/2024/07/PXD045738/G2_210414_dhesse_1_68070_HDMSe.raw.zip	v1.1.0	NT=ms-proteomics;VV=v1.1.0	NT=dia-acquisition;VV=v1.1.0	manual curation	heart
S2_T_210423_dhesse_1_68044_HDMSe.raw.zip	mus musculus	heart	not applicable	cardiovascular system disease	1	S2_T_210423_dhesse_1_68044_HDMSe.raw.zip	proteomic profiling by mass spectrometry	Data-independent acquisition	NT=label free sample;AC=MS:1002038	NT=synapt ms;AC=MS:1001782	NT=Trypsin;AC=MS:1001251	NT=collision-induced dissociation;AC=MS:1000133	1	1	S2_T_210423_dhesse_1_68044_HDMSe.raw.zip	ftp://ftp.pride.ebi.ac.uk/pride/data/archive/2024/07/PXD045738/S2_T_210423_dhesse_1_68044_HDMSe.raw.zip	v1.1.0	NT=ms-proteomics;VV=v1.1.0	NT=dia-acquisition;VV=v1.1.0	manual curation	heart
G2_210414_dhesse_1_68131_HDMSe.raw.zip	mus musculus	heart	not applicable	cardiovascular system disease	1	G2_210414_dhesse_1_68131_HDMSe.raw.zip	proteomic profiling by mass spectrometry	Data-independent acquisition	NT=label free sample;AC=MS:1002038	NT=synapt ms;AC=MS:1001782	NT=Trypsin;AC=MS:1001251	NT=collision-induced dissociation;AC=MS:1000133	1	1	G2_210414_dhesse_1_68131_HDMSe.raw.zip	ftp://ftp.pride.ebi.ac.uk/pride/data/archive/2024/07/PXD045738/G2_210414_dhesse_1_68131_HDMSe.raw.zip	v1.1.0	NT=ms-proteomics;VV=v1.1.0	NT=dia-acquisition;VV=v1.1.0	manual curation	heart
S2_T_210416_dhesse_1_67951_HDMSe.raw.zip	mus musculus	heart	not applicable	cardiovascular system disease	1	S2_T_210416_dhesse_1_67951_HDMSe.raw.zip	proteomic profiling by mass spectrometry	Data-independent acquisition	NT=label free sample;AC=MS:1002038	NT=synapt ms;AC=MS:1001782	NT=Trypsin;AC=MS:1001251	NT=collision-induced dissociation;AC=MS:1000133	1	1	S2_T_210416_dhesse_1_67951_HDMSe.raw.zip	ftp://ftp.pride.ebi.ac.uk/pride/data/archive/2024/07/PXD045738/S2_T_210416_dhesse_1_67951_HDMSe.raw.zip	v1.1.0	NT=ms-proteomics;VV=v1.1.0	NT=dia-acquisition;VV=v1.1.0	manual curation	heart
S2_T_210423_dhesse_1_68015_HDMSe.raw.zip	mus musculus	heart	not applicable	cardiovascular system disease	1	S2_T_210423_dhesse_1_68015_HDMSe.raw.zip	proteomic profiling by mass spectrometry	Data-independent acquisition	NT=label free sample;AC=MS:1002038	NT=synapt ms;AC=MS:1001782	NT=Trypsin;AC=MS:1001251	NT=collision-induced dissociation;AC=MS:1000133	1	1	S2_T_210423_dhesse_1_68015_HDMSe.raw.zip	ftp://ftp.pride.ebi.ac.uk/pride/data/archive/2024/07/PXD045738/S2_T_210423_dhesse_1_68015_HDMSe.raw.zip	v1.1.0	NT=ms-proteomics;VV=v1.1.0	NT=dia-acquisition;VV=v1.1.0	manual curation	heart
G2_210421_dhesse_1_68236_HDMSe.raw.zip	mus musculus	heart	not applicable	cardiovascular system disease	1	G2_210421_dhesse_1_68236_HDMSe.raw.zip	proteomic profiling by mass spectrometry	Data-independent acquisition	NT=label free sample;AC=MS:1002038	NT=synapt ms;AC=MS:1001782	NT=Trypsin;AC=MS:1001251	NT=collision-induced dissociation;AC=MS:1000133	1	1	G2_210421_dhesse_1_68236_HDMSe.raw.zip	ftp://ftp.pride.ebi.ac.uk/pride/data/archive/2024/07/PXD045738/G2_210421_dhesse_1_68236_HDMSe.raw.zip	v1.1.0	NT=ms-proteomics;VV=v1.1.0	NT=dia-acquisition;VV=v1.1.0	manual curation	heart
S2_T_210416_dhesse_1_67874_HDMSe.raw.zip	mus musculus	heart	not applicable	cardiovascular system disease	1	S2_T_210416_dhesse_1_67874_HDMSe.raw.zip	proteomic profiling by mass spectrometry	Data-independent acquisition	NT=label free sample;AC=MS:1002038	NT=synapt ms;AC=MS:1001782	NT=Trypsin;AC=MS:1001251	NT=collision-induced dissociation;AC=MS:1000133	1	1	S2_T_210416_dhesse_1_67874_HDMSe.raw.zip	ftp://ftp.pride.ebi.ac.uk/pride/data/archive/2024/07/PXD045738/S2_T_210416_dhesse_1_67874_HDMSe.raw.zip	v1.1.0	NT=ms-proteomics;VV=v1.1.0	NT=dia-acquisition;VV=v1.1.0	manual curation	heart
G2_210421_dhesse_1_68227_HDMSe.raw.zip	mus musculus	heart	not applicable	cardiovascular system disease	1	G2_210421_dhesse_1_68227_HDMSe.raw.zip	proteomic profiling by mass spectrometry	Data-independent acquisition	NT=label free sample;AC=MS:1002038	NT=synapt ms;AC=MS:1001782	NT=Trypsin;AC=MS:1001251	NT=collision-induced dissociation;AC=MS:1000133	1	1	G2_210421_dhesse_1_68227_HDMSe.raw.zip	ftp://ftp.pride.ebi.ac.uk/pride/data/archive/2024/07/PXD045738/G2_210421_dhesse_1_68227_HDMSe.raw.zip	v1.1.0	NT=ms-proteomics;VV=v1.1.0	NT=dia-acquisition;VV=v1.1.0	manual curation	heart
G2_210421_dhesse_1_68215_HDMSe.raw.zip	mus musculus	heart	not applicable	cardiovascular system disease	1	G2_210421_dhesse_1_68215_HDMSe.raw.zip	proteomic profiling by mass spectrometry	Data-independent acquisition	NT=label free sample;AC=MS:1002038	NT=synapt ms;AC=MS:1001782	NT=Trypsin;AC=MS:1001251	NT=collision-induced dissociation;AC=MS:1000133	1	1	G2_210421_dhesse_1_68215_HDMSe.raw.zip	ftp://ftp.pride.ebi.ac.uk/pride/data/archive/2024/07/PXD045738/G2_210421_dhesse_1_68215_HDMSe.raw.zip	v1.1.0	NT=ms-proteomics;VV=v1.1.0	NT=dia-acquisition;VV=v1.1.0	manual curation	heart
S2_T_210416_dhesse_1_67938_HDMSe.raw.zip	mus musculus	heart	not applicable	cardiovascular system disease	1	S2_T_210416_dhesse_1_67938_HDMSe.raw.zip	proteomic profiling by mass spectrometry	Data-independent acquisition	NT=label free sample;AC=MS:1002038	NT=synapt ms;AC=MS:1001782	NT=Trypsin;AC=MS:1001251	NT=collision-induced dissociation;AC=MS:1000133	1	1	S2_T_210416_dhesse_1_67938_HDMSe.raw.zip	ftp://ftp.pride.ebi.ac.uk/pride/data/archive/2024/07/PXD045738/S2_T_210416_dhesse_1_67938_HDMSe.raw.zip	v1.1.0	NT=ms-proteomics;VV=v1.1.0	NT=dia-acquisition;VV=v1.1.0	manual curation	heart
G2_210421_dhesse_1_68214_HDMSe.raw.zip	mus musculus	heart	not applicable	cardiovascular system disease	1	G2_210421_dhesse_1_68214_HDMSe.raw.zip	proteomic profiling by mass spectrometry	Data-independent acquisition	NT=label free sample;AC=MS:1002038	NT=synapt ms;AC=MS:1001782	NT=Trypsin;AC=MS:1001251	NT=collision-induced dissociation;AC=MS:1000133	1	1	G2_210421_dhesse_1_68214_HDMSe.raw.zip	ftp://ftp.pride.ebi.ac.uk/pride/data/archive/2024/07/PXD045738/G2_210421_dhesse_1_68214_HDMSe.raw.zip	v1.1.0	NT=ms-proteomics;VV=v1.1.0	NT=dia-acquisition;VV=v1.1.0	manual curation	heart
S2_T_210416_dhesse_1_67937_HDMSe.raw.zip	mus musculus	heart	not applicable	cardiovascular system disease	1	S2_T_210416_dhesse_1_67937_HDMSe.raw.zip	proteomic profiling by mass spectrometry	Data-independent acquisition	NT=label free sample;AC=MS:1002038	NT=synapt ms;AC=MS:1001782	NT=Trypsin;AC=MS:1001251	NT=collision-induced dissociation;AC=MS:1000133	1	1	S2_T_210416_dhesse_1_67937_HDMSe.raw.zip	ftp://ftp.pride.ebi.ac.uk/pride/data/archive/2024/07/PXD045738/S2_T_210416_dhesse_1_67937_HDMSe.raw.zip	v1.1.0	NT=ms-proteomics;VV=v1.1.0	NT=dia-acquisition;VV=v1.1.0	manual curation	heart
S2_T_210416_dhesse_1_67944_HDMSe.raw.zip	mus musculus	heart	not applicable	cardiovascular system disease	1	S2_T_210416_dhesse_1_67944_HDMSe.raw.zip	proteomic profiling by mass spectrometry	Data-independent acquisition	NT=label free sample;AC=MS:1002038	NT=synapt ms;AC=MS:1001782	NT=Trypsin;AC=MS:1001251	NT=collision-induced dissociation;AC=MS:1000133	1	1	S2_T_210416_dhesse_1_67944_HDMSe.raw.zip	ftp://ftp.pride.ebi.ac.uk/pride/data/archive/2024/07/PXD045738/S2_T_210416_dhesse_1_67944_HDMSe.raw.zip	v1.1.0	NT=ms-proteomics;VV=v1.1.0	NT=dia-acquisition;VV=v1.1.0	manual curation	heart
S2_T_210423_dhesse_1_67998_HDMSe.raw.zip	mus musculus	heart	not applicable	cardiovascular system disease	1	S2_T_210423_dhesse_1_67998_HDMSe.raw.zip	proteomic profiling by mass spectrometry	Data-independent acquisition	NT=label free sample;AC=MS:1002038	NT=synapt ms;AC=MS:1001782	NT=Trypsin;AC=MS:1001251	NT=collision-induced dissociation;AC=MS:1000133	1	1	S2_T_210423_dhesse_1_67998_HDMSe.raw.zip	ftp://ftp.pride.ebi.ac.uk/pride/data/archive/2024/07/PXD045738/S2_T_210423_dhesse_1_67998_HDMSe.raw.zip	v1.1.0	NT=ms-proteomics;VV=v1.1.0	NT=dia-acquisition;VV=v1.1.0	manual curation	heart
S2_T_210423_dhesse_1_68036_HDMSe.raw.zip	mus musculus	heart	not applicable	cardiovascular system disease	1	S2_T_210423_dhesse_1_68036_HDMSe.raw.zip	proteomic profiling by mass spectrometry	Data-independent acquisition	NT=label free sample;AC=MS:1002038	NT=synapt ms;AC=MS:1001782	NT=Trypsin;AC=MS:1001251	NT=collision-induced dissociation;AC=MS:1000133	1	1	S2_T_210423_dhesse_1_68036_HDMSe.raw.zip	ftp://ftp.pride.ebi.ac.uk/pride/data/archive/2024/07/PXD045738/S2_T_210423_dhesse_1_68036_HDMSe.raw.zip	v1.1.0	NT=ms-proteomics;VV=v1.1.0	NT=dia-acquisition;VV=v1.1.0	manual curation	heart
G2_210421_dhesse_1_68207_HDMSe.raw.zip	mus musculus	heart	not applicable	cardiovascular system disease	1	G2_210421_dhesse_1_68207_HDMSe.raw.zip	proteomic profiling by mass spectrometry	Data-independent acquisition	NT=label free sample;AC=MS:1002038	NT=synapt ms;AC=MS:1001782	NT=Trypsin;AC=MS:1001251	NT=collision-induced dissociation;AC=MS:1000133	1	1	G2_210421_dhesse_1_68207_HDMSe.raw.zip	ftp://ftp.pride.ebi.ac.uk/pride/data/archive/2024/07/PXD045738/G2_210421_dhesse_1_68207_HDMSe.raw.zip	v1.1.0	NT=ms-proteomics;VV=v1.1.0	NT=dia-acquisition;VV=v1.1.0	manual curation	heart
S2_T_210416_dhesse_1_67893_HDMSe.raw.zip	mus musculus	heart	not applicable	cardiovascular system disease	1	S2_T_210416_dhesse_1_67893_HDMSe.raw.zip	proteomic profiling by mass spectrometry	Data-independent acquisition	NT=label free sample;AC=MS:1002038	NT=synapt ms;AC=MS:1001782	NT=Trypsin;AC=MS:1001251	NT=collision-induced dissociation;AC=MS:1000133	1	1	S2_T_210416_dhesse_1_67893_HDMSe.raw.zip	ftp://ftp.pride.ebi.ac.uk/pride/data/archive/2024/07/PXD045738/S2_T_210416_dhesse_1_67893_HDMSe.raw.zip	v1.1.0	NT=ms-proteomics;VV=v1.1.0	NT=dia-acquisition;VV=v1.1.0	manual curation	heart
G2_210421_dhesse_1_68192_HDMSe.raw.zip	mus musculus	heart	not applicable	cardiovascular system disease	1	G2_210421_dhesse_1_68192_HDMSe.raw.zip	proteomic profiling by mass spectrometry	Data-independent acquisition	NT=label free sample;AC=MS:1002038	NT=synapt ms;AC=MS:1001782	NT=Trypsin;AC=MS:1001251	NT=collision-induced dissociation;AC=MS:1000133	1	1	G2_210421_dhesse_1_68192_HDMSe.raw.zip	ftp://ftp.pride.ebi.ac.uk/pride/data/archive/2024/07/PXD045738/G2_210421_dhesse_1_68192_HDMSe.raw.zip	v1.1.0	NT=ms-proteomics;VV=v1.1.0	NT=dia-acquisition;VV=v1.1.0	manual curation	heart
S2_T_210423_dhesse_1_67972_HDMSe.raw.zip	mus musculus	heart	not applicable	cardiovascular system disease	1	S2_T_210423_dhesse_1_67972_HDMSe.raw.zip	proteomic profiling by mass spectrometry	Data-independent acquisition	NT=label free sample;AC=MS:1002038	NT=synapt ms;AC=MS:1001782	NT=Trypsin;AC=MS:1001251	NT=collision-induced dissociation;AC=MS:1000133	1	1	S2_T_210423_dhesse_1_67972_HDMSe.raw.zip	ftp://ftp.pride.ebi.ac.uk/pride/data/archive/2024/07/PXD045738/S2_T_210423_dhesse_1_67972_HDMSe.raw.zip	v1.1.0	NT=ms-proteomics;VV=v1.1.0	NT=dia-acquisition;VV=v1.1.0	manual curation	heart
G2_210414_dhesse_1_68076_HDMSe.raw.zip	mus musculus	heart	not applicable	cardiovascular system disease	1	G2_210414_dhesse_1_68076_HDMSe.raw.zip	proteomic profiling by mass spectrometry	Data-independent acquisition	NT=label free sample;AC=MS:1002038	NT=synapt ms;AC=MS:1001782	NT=Trypsin;AC=MS:1001251	NT=collision-induced dissociation;AC=MS:1000133	1	1	G2_210414_dhesse_1_68076_HDMSe.raw.zip	ftp://ftp.pride.ebi.ac.uk/pride/data/archive/2024/07/PXD045738/G2_210414_dhesse_1_68076_HDMSe.raw.zip	v1.1.0	NT=ms-proteomics;VV=v1.1.0	NT=dia-acquisition;VV=v1.1.0	manual curation	heart
S2_T_210416_dhesse_1_67957_HDMSe.raw.zip	mus musculus	heart	not applicable	cardiovascular system disease	1	S2_T_210416_dhesse_1_67957_HDMSe.raw.zip	proteomic profiling by mass spectrometry	Data-independent acquisition	NT=label free sample;AC=MS:1002038	NT=synapt ms;AC=MS:1001782	NT=Trypsin;AC=MS:1001251	NT=collision-induced dissociation;AC=MS:1000133	1	1	S2_T_210416_dhesse_1_67957_HDMSe.raw.zip	ftp://ftp.pride.ebi.ac.uk/pride/data/archive/2024/07/PXD045738/S2_T_210416_dhesse_1_67957_HDMSe.raw.zip	v1.1.0	NT=ms-proteomics;VV=v1.1.0	NT=dia-acquisition;VV=v1.1.0	manual curation	heart
S2_T_210416_dhesse_1_67916_HDMSe.raw.zip	mus musculus	heart	not applicable	cardiovascular system disease	1	S2_T_210416_dhesse_1_67916_HDMSe.raw.zip	proteomic profiling by mass spectrometry	Data-independent acquisition	NT=label free sample;AC=MS:1002038	NT=synapt ms;AC=MS:1001782	NT=Trypsin;AC=MS:1001251	NT=collision-induced dissociation;AC=MS:1000133	1	1	S2_T_210416_dhesse_1_67916_HDMSe.raw.zip	ftp://ftp.pride.ebi.ac.uk/pride/data/archive/2024/07/PXD045738/S2_T_210416_dhesse_1_67916_HDMSe.raw.zip	v1.1.0	NT=ms-proteomics;VV=v1.1.0	NT=dia-acquisition;VV=v1.1.0	manual curation	heart
G2_210414_dhesse_1_68128_HDMSe.raw.zip	mus musculus	heart	not applicable	cardiovascular system disease	1	G2_210414_dhesse_1_68128_HDMSe.raw.zip	proteomic profiling by mass spectrometry	Data-independent acquisition	NT=label free sample;AC=MS:1002038	NT=synapt ms;AC=MS:1001782	NT=Trypsin;AC=MS:1001251	NT=collision-induced dissociation;AC=MS:1000133	1	1	G2_210414_dhesse_1_68128_HDMSe.raw.zip	ftp://ftp.pride.ebi.ac.uk/pride/data/archive/2024/07/PXD045738/G2_210414_dhesse_1_68128_HDMSe.raw.zip	v1.1.0	NT=ms-proteomics;VV=v1.1.0	NT=dia-acquisition;VV=v1.1.0	manual curation	heart
S2_T_210423_dhesse_1_68029_HDMSe.raw.zip	mus musculus	heart	not applicable	cardiovascular system disease	1	S2_T_210423_dhesse_1_68029_HDMSe.raw.zip	proteomic profiling by mass spectrometry	Data-independent acquisition	NT=label free sample;AC=MS:1002038	NT=synapt ms;AC=MS:1001782	NT=Trypsin;AC=MS:1001251	NT=collision-induced dissociation;AC=MS:1000133	1	1	S2_T_210423_dhesse_1_68029_HDMSe.raw.zip	ftp://ftp.pride.ebi.ac.uk/pride/data/archive/2024/07/PXD045738/S2_T_210423_dhesse_1_68029_HDMSe.raw.zip	v1.1.0	NT=ms-proteomics;VV=v1.1.0	NT=dia-acquisition;VV=v1.1.0	manual curation	heart
S2_T_210423_dhesse_1_67984_HDMSe.raw.zip	mus musculus	heart	not applicable	cardiovascular system disease	1	S2_T_210423_dhesse_1_67984_HDMSe.raw.zip	proteomic profiling by mass spectrometry	Data-independent acquisition	NT=label free sample;AC=MS:1002038	NT=synapt ms;AC=MS:1001782	NT=Trypsin;AC=MS:1001251	NT=collision-induced dissociation;AC=MS:1000133	1	1	S2_T_210423_dhesse_1_67984_HDMSe.raw.zip	ftp://ftp.pride.ebi.ac.uk/pride/data/archive/2024/07/PXD045738/S2_T_210423_dhesse_1_67984_HDMSe.raw.zip	v1.1.0	NT=ms-proteomics;VV=v1.1.0	NT=dia-acquisition;VV=v1.1.0	manual curation	heart
S2_T_210423_dhesse_1_68049_HDMSe.raw.zip	mus musculus	heart	not applicable	cardiovascular system disease	1	S2_T_210423_dhesse_1_68049_HDMSe.raw.zip	proteomic profiling by mass spectrometry	Data-independent acquisition	NT=label free sample;AC=MS:1002038	NT=synapt ms;AC=MS:1001782	NT=Trypsin;AC=MS:1001251	NT=collision-induced dissociation;AC=MS:1000133	1	1	S2_T_210423_dhesse_1_68049_HDMSe.raw.zip	ftp://ftp.pride.ebi.ac.uk/pride/data/archive/2024/07/PXD045738/S2_T_210423_dhesse_1_68049_HDMSe.raw.zip	v1.1.0	NT=ms-proteomics;VV=v1.1.0	NT=dia-acquisition;VV=v1.1.0	manual curation	heart
G2_210421_dhesse_1_68202_HDMSe.raw.zip	mus musculus	heart	not applicable	cardiovascular system disease	1	G2_210421_dhesse_1_68202_HDMSe.raw.zip	proteomic profiling by mass spectrometry	Data-independent acquisition	NT=label free sample;AC=MS:1002038	NT=synapt ms;AC=MS:1001782	NT=Trypsin;AC=MS:1001251	NT=collision-induced dissociation;AC=MS:1000133	1	1	G2_210421_dhesse_1_68202_HDMSe.raw.zip	ftp://ftp.pride.ebi.ac.uk/pride/data/archive/2024/07/PXD045738/G2_210421_dhesse_1_68202_HDMSe.raw.zip	v1.1.0	NT=ms-proteomics;VV=v1.1.0	NT=dia-acquisition;VV=v1.1.0	manual curation	heart
G2_210414_dhesse_1_68088_HDMSe.raw.zip	mus musculus	heart	not applicable	cardiovascular system disease	1	G2_210414_dhesse_1_68088_HDMSe.raw.zip	proteomic profiling by mass spectrometry	Data-independent acquisition	NT=label free sample;AC=MS:1002038	NT=synapt ms;AC=MS:1001782	NT=Trypsin;AC=MS:1001251	NT=collision-induced dissociation;AC=MS:1000133	1	1	G2_210414_dhesse_1_68088_HDMSe.raw.zip	ftp://ftp.pride.ebi.ac.uk/pride/data/archive/2024/07/PXD045738/G2_210414_dhesse_1_68088_HDMSe.raw.zip	v1.1.0	NT=ms-proteomics;VV=v1.1.0	NT=dia-acquisition;VV=v1.1.0	manual curation	heart
G2_210421_dhesse_1_68238_HDMSe.raw.zip	mus musculus	heart	not applicable	cardiovascular system disease	1	G2_210421_dhesse_1_68238_HDMSe.raw.zip	proteomic profiling by mass spectrometry	Data-independent acquisition	NT=label free sample;AC=MS:1002038	NT=synapt ms;AC=MS:1001782	NT=Trypsin;AC=MS:1001251	NT=collision-induced dissociation;AC=MS:1000133	1	1	G2_210421_dhesse_1_68238_HDMSe.raw.zip	ftp://ftp.pride.ebi.ac.uk/pride/data/archive/2024/07/PXD045738/G2_210421_dhesse_1_68238_HDMSe.raw.zip	v1.1.0	NT=ms-proteomics;VV=v1.1.0	NT=dia-acquisition;VV=v1.1.0	manual curation	heart
S2_T_210416_dhesse_1_67915_HDMSe.raw.zip	mus musculus	heart	not applicable	cardiovascular system disease	1	S2_T_210416_dhesse_1_67915_HDMSe.raw.zip	proteomic profiling by mass spectrometry	Data-independent acquisition	NT=label free sample;AC=MS:1002038	NT=synapt ms;AC=MS:1001782	NT=Trypsin;AC=MS:1001251	NT=collision-induced dissociation;AC=MS:1000133	1	1	S2_T_210416_dhesse_1_67915_HDMSe.raw.zip	ftp://ftp.pride.ebi.ac.uk/pride/data/archive/2024/07/PXD045738/S2_T_210416_dhesse_1_67915_HDMSe.raw.zip	v1.1.0	NT=ms-proteomics;VV=v1.1.0	NT=dia-acquisition;VV=v1.1.0	manual curation	heart
G2_210414_dhesse_1_68081_HDMSe.raw.zip	mus musculus	heart	not applicable	cardiovascular system disease	1	G2_210414_dhesse_1_68081_HDMSe.raw.zip	proteomic profiling by mass spectrometry	Data-independent acquisition	NT=label free sample;AC=MS:1002038	NT=synapt ms;AC=MS:1001782	NT=Trypsin;AC=MS:1001251	NT=collision-induced dissociation;AC=MS:1000133	1	1	G2_210414_dhesse_1_68081_HDMSe.raw.zip	ftp://ftp.pride.ebi.ac.uk/pride/data/archive/2024/07/PXD045738/G2_210414_dhesse_1_68081_HDMSe.raw.zip	v1.1.0	NT=ms-proteomics;VV=v1.1.0	NT=dia-acquisition;VV=v1.1.0	manual curation	heart
S2_T_210423_dhesse_1_68054_HDMSe.raw.zip	mus musculus	heart	not applicable	cardiovascular system disease	1	S2_T_210423_dhesse_1_68054_HDMSe.raw.zip	proteomic profiling by mass spectrometry	Data-independent acquisition	NT=label free sample;AC=MS:1002038	NT=synapt ms;AC=MS:1001782	NT=Trypsin;AC=MS:1001251	NT=collision-induced dissociation;AC=MS:1000133	1	1	S2_T_210423_dhesse_1_68054_HDMSe.raw.zip	ftp://ftp.pride.ebi.ac.uk/pride/data/archive/2024/07/PXD045738/S2_T_210423_dhesse_1_68054_HDMSe.raw.zip	v1.1.0	NT=ms-proteomics;VV=v1.1.0	NT=dia-acquisition;VV=v1.1.0	manual curation	heart
G2_210414_dhesse_1_68147_HDMSe.raw.zip	mus musculus	heart	not applicable	cardiovascular system disease	1	G2_210414_dhesse_1_68147_HDMSe.raw.zip	proteomic profiling by mass spectrometry	Data-independent acquisition	NT=label free sample;AC=MS:1002038	NT=synapt ms;AC=MS:1001782	NT=Trypsin;AC=MS:1001251	NT=collision-induced dissociation;AC=MS:1000133	1	1	G2_210414_dhesse_1_68147_HDMSe.raw.zip	ftp://ftp.pride.ebi.ac.uk/pride/data/archive/2024/07/PXD045738/G2_210414_dhesse_1_68147_HDMSe.raw.zip	v1.1.0	NT=ms-proteomics;VV=v1.1.0	NT=dia-acquisition;VV=v1.1.0	manual curation	heart
S2_T_210423_dhesse_1_67999_HDMSe.raw.zip	mus musculus	heart	not applicable	cardiovascular system disease	1	S2_T_210423_dhesse_1_67999_HDMSe.raw.zip	proteomic profiling by mass spectrometry	Data-independent acquisition	NT=label free sample;AC=MS:1002038	NT=synapt ms;AC=MS:1001782	NT=Trypsin;AC=MS:1001251	NT=collision-induced dissociation;AC=MS:1000133	1	1	S2_T_210423_dhesse_1_67999_HDMSe.raw.zip	ftp://ftp.pride.ebi.ac.uk/pride/data/archive/2024/07/PXD045738/S2_T_210423_dhesse_1_67999_HDMSe.raw.zip	v1.1.0	NT=ms-proteomics;VV=v1.1.0	NT=dia-acquisition;VV=v1.1.0	manual curation	heart
S2_T_210423_dhesse_1_68032_HDMSe.raw.zip	mus musculus	heart	not applicable	cardiovascular system disease	1	S2_T_210423_dhesse_1_68032_HDMSe.raw.zip	proteomic profiling by mass spectrometry	Data-independent acquisition	NT=label free sample;AC=MS:1002038	NT=synapt ms;AC=MS:1001782	NT=Trypsin;AC=MS:1001251	NT=collision-induced dissociation;AC=MS:1000133	1	1	S2_T_210423_dhesse_1_68032_HDMSe.raw.zip	ftp://ftp.pride.ebi.ac.uk/pride/data/archive/2024/07/PXD045738/S2_T_210423_dhesse_1_68032_HDMSe.raw.zip	v1.1.0	NT=ms-proteomics;VV=v1.1.0	NT=dia-acquisition;VV=v1.1.0	manual curation	heart
S2_T_210423_dhesse_1_67964_HDMSe.raw.zip	mus musculus	heart	not applicable	cardiovascular system disease	1	S2_T_210423_dhesse_1_67964_HDMSe.raw.zip	proteomic profiling by mass spectrometry	Data-independent acquisition	NT=label free sample;AC=MS:1002038	NT=synapt ms;AC=MS:1001782	NT=Trypsin;AC=MS:1001251	NT=collision-induced dissociation;AC=MS:1000133	1	1	S2_T_210423_dhesse_1_67964_HDMSe.raw.zip	ftp://ftp.pride.ebi.ac.uk/pride/data/archive/2024/07/PXD045738/S2_T_210423_dhesse_1_67964_HDMSe.raw.zip	v1.1.0	NT=ms-proteomics;VV=v1.1.0	NT=dia-acquisition;VV=v1.1.0	manual curation	heart
S2_T_210423_dhesse_1_67976_HDMSe.raw.zip	mus musculus	heart	not applicable	cardiovascular system disease	1	S2_T_210423_dhesse_1_67976_HDMSe.raw.zip	proteomic profiling by mass spectrometry	Data-independent acquisition	NT=label free sample;AC=MS:1002038	NT=synapt ms;AC=MS:1001782	NT=Trypsin;AC=MS:1001251	NT=collision-induced dissociation;AC=MS:1000133	1	1	S2_T_210423_dhesse_1_67976_HDMSe.raw.zip	ftp://ftp.pride.ebi.ac.uk/pride/data/archive/2024/07/PXD045738/S2_T_210423_dhesse_1_67976_HDMSe.raw.zip	v1.1.0	NT=ms-proteomics;VV=v1.1.0	NT=dia-acquisition;VV=v1.1.0	manual curation	heart
S2_T_210416_dhesse_1_67868_HDMSe.raw.zip	mus musculus	heart	not applicable	cardiovascular system disease	1	S2_T_210416_dhesse_1_67868_HDMSe.raw.zip	proteomic profiling by mass spectrometry	Data-independent acquisition	NT=label free sample;AC=MS:1002038	NT=synapt ms;AC=MS:1001782	NT=Trypsin;AC=MS:1001251	NT=collision-induced dissociation;AC=MS:1000133	1	1	S2_T_210416_dhesse_1_67868_HDMSe.raw.zip	ftp://ftp.pride.ebi.ac.uk/pride/data/archive/2024/07/PXD045738/S2_T_210416_dhesse_1_67868_HDMSe.raw.zip	v1.1.0	NT=ms-proteomics;VV=v1.1.0	NT=dia-acquisition;VV=v1.1.0	manual curation	heart
G2_210414_dhesse_1_68078_HDMSe.raw.zip	mus musculus	heart	not applicable	cardiovascular system disease	1	G2_210414_dhesse_1_68078_HDMSe.raw.zip	proteomic profiling by mass spectrometry	Data-independent acquisition	NT=label free sample;AC=MS:1002038	NT=synapt ms;AC=MS:1001782	NT=Trypsin;AC=MS:1001251	NT=collision-induced dissociation;AC=MS:1000133	1	1	G2_210414_dhesse_1_68078_HDMSe.raw.zip	ftp://ftp.pride.ebi.ac.uk/pride/data/archive/2024/07/PXD045738/G2_210414_dhesse_1_68078_HDMSe.raw.zip	v1.1.0	NT=ms-proteomics;VV=v1.1.0	NT=dia-acquisition;VV=v1.1.0	manual curation	heart
S2_T_210423_dhesse_1_67985_HDMSe.raw.zip	mus musculus	heart	not applicable	cardiovascular system disease	1	S2_T_210423_dhesse_1_67985_HDMSe.raw.zip	proteomic profiling by mass spectrometry	Data-independent acquisition	NT=label free sample;AC=MS:1002038	NT=synapt ms;AC=MS:1001782	NT=Trypsin;AC=MS:1001251	NT=collision-induced dissociation;AC=MS:1000133	1	1	S2_T_210423_dhesse_1_67985_HDMSe.raw.zip	ftp://ftp.pride.ebi.ac.uk/pride/data/archive/2024/07/PXD045738/S2_T_210423_dhesse_1_67985_HDMSe.raw.zip	v1.1.0	NT=ms-proteomics;VV=v1.1.0	NT=dia-acquisition;VV=v1.1.0	manual curation	heart
G2_210414_dhesse_1_68129_HDMSe.raw.zip	mus musculus	heart	not applicable	cardiovascular system disease	1	G2_210414_dhesse_1_68129_HDMSe.raw.zip	proteomic profiling by mass spectrometry	Data-independent acquisition	NT=label free sample;AC=MS:1002038	NT=synapt ms;AC=MS:1001782	NT=Trypsin;AC=MS:1001251	NT=collision-induced dissociation;AC=MS:1000133	1	1	G2_210414_dhesse_1_68129_HDMSe.raw.zip	ftp://ftp.pride.ebi.ac.uk/pride/data/archive/2024/07/PXD045738/G2_210414_dhesse_1_68129_HDMSe.raw.zip	v1.1.0	NT=ms-proteomics;VV=v1.1.0	NT=dia-acquisition;VV=v1.1.0	manual curation	heart
S2_T_210423_dhesse_1_68001_HDMSe.raw.zip	mus musculus	heart	not applicable	cardiovascular system disease	1	S2_T_210423_dhesse_1_68001_HDMSe.raw.zip	proteomic profiling by mass spectrometry	Data-independent acquisition	NT=label free sample;AC=MS:1002038	NT=synapt ms;AC=MS:1001782	NT=Trypsin;AC=MS:1001251	NT=collision-induced dissociation;AC=MS:1000133	1	1	S2_T_210423_dhesse_1_68001_HDMSe.raw.zip	ftp://ftp.pride.ebi.ac.uk/pride/data/archive/2024/07/PXD045738/S2_T_210423_dhesse_1_68001_HDMSe.raw.zip	v1.1.0	NT=ms-proteomics;VV=v1.1.0	NT=dia-acquisition;VV=v1.1.0	manual curation	heart
G2_210421_dhesse_1_68209_HDMSe.raw.zip	mus musculus	heart	not applicable	cardiovascular system disease	1	G2_210421_dhesse_1_68209_HDMSe.raw.zip	proteomic profiling by mass spectrometry	Data-independent acquisition	NT=label free sample;AC=MS:1002038	NT=synapt ms;AC=MS:1001782	NT=Trypsin;AC=MS:1001251	NT=collision-induced dissociation;AC=MS:1000133	1	1	G2_210421_dhesse_1_68209_HDMSe.raw.zip	ftp://ftp.pride.ebi.ac.uk/pride/data/archive/2024/07/PXD045738/G2_210421_dhesse_1_68209_HDMSe.raw.zip	v1.1.0	NT=ms-proteomics;VV=v1.1.0	NT=dia-acquisition;VV=v1.1.0	manual curation	heart
S2_T_210423_dhesse_1_68024_HDMSe.raw.zip	mus musculus	heart	not applicable	cardiovascular system disease	1	S2_T_210423_dhesse_1_68024_HDMSe.raw.zip	proteomic profiling by mass spectrometry	Data-independent acquisition	NT=label free sample;AC=MS:1002038	NT=synapt ms;AC=MS:1001782	NT=Trypsin;AC=MS:1001251	NT=collision-induced dissociation;AC=MS:1000133	1	1	S2_T_210423_dhesse_1_68024_HDMSe.raw.zip	ftp://ftp.pride.ebi.ac.uk/pride/data/archive/2024/07/PXD045738/S2_T_210423_dhesse_1_68024_HDMSe.raw.zip	v1.1.0	NT=ms-proteomics;VV=v1.1.0	NT=dia-acquisition;VV=v1.1.0	manual curation	heart
S2_T_210416_dhesse_1_67906_HDMSe.raw.zip	mus musculus	heart	not applicable	cardiovascular system disease	1	S2_T_210416_dhesse_1_67906_HDMSe.raw.zip	proteomic profiling by mass spectrometry	Data-independent acquisition	NT=label free sample;AC=MS:1002038	NT=synapt ms;AC=MS:1001782	NT=Trypsin;AC=MS:1001251	NT=collision-induced dissociation;AC=MS:1000133	1	1	S2_T_210416_dhesse_1_67906_HDMSe.raw.zip	ftp://ftp.pride.ebi.ac.uk/pride/data/archive/2024/07/PXD045738/S2_T_210416_dhesse_1_67906_HDMSe.raw.zip	v1.1.0	NT=ms-proteomics;VV=v1.1.0	NT=dia-acquisition;VV=v1.1.0	manual curation	heart
S2_T_210416_dhesse_1_67914_HDMSe.raw.zip	mus musculus	heart	not applicable	cardiovascular system disease	1	S2_T_210416_dhesse_1_67914_HDMSe.raw.zip	proteomic profiling by mass spectrometry	Data-independent acquisition	NT=label free sample;AC=MS:1002038	NT=synapt ms;AC=MS:1001782	NT=Trypsin;AC=MS:1001251	NT=collision-induced dissociation;AC=MS:1000133	1	1	S2_T_210416_dhesse_1_67914_HDMSe.raw.zip	ftp://ftp.pride.ebi.ac.uk/pride/data/archive/2024/07/PXD045738/S2_T_210416_dhesse_1_67914_HDMSe.raw.zip	v1.1.0	NT=ms-proteomics;VV=v1.1.0	NT=dia-acquisition;VV=v1.1.0	manual curation	heart
S2_T_210423_dhesse_1_68059_HDMSe.raw.zip	mus musculus	heart	not applicable	cardiovascular system disease	1	S2_T_210423_dhesse_1_68059_HDMSe.raw.zip	proteomic profiling by mass spectrometry	Data-independent acquisition	NT=label free sample;AC=MS:1002038	NT=synapt ms;AC=MS:1001782	NT=Trypsin;AC=MS:1001251	NT=collision-induced dissociation;AC=MS:1000133	1	1	S2_T_210423_dhesse_1_68059_HDMSe.raw.zip	ftp://ftp.pride.ebi.ac.uk/pride/data/archive/2024/07/PXD045738/S2_T_210423_dhesse_1_68059_HDMSe.raw.zip	v1.1.0	NT=ms-proteomics;VV=v1.1.0	NT=dia-acquisition;VV=v1.1.0	manual curation	heart
G2_210421_dhesse_1_68245_HDMSe.raw.zip	mus musculus	heart	not applicable	cardiovascular system disease	1	G2_210421_dhesse_1_68245_HDMSe.raw.zip	proteomic profiling by mass spectrometry	Data-independent acquisition	NT=label free sample;AC=MS:1002038	NT=synapt ms;AC=MS:1001782	NT=Trypsin;AC=MS:1001251	NT=collision-induced dissociation;AC=MS:1000133	1	1	G2_210421_dhesse_1_68245_HDMSe.raw.zip	ftp://ftp.pride.ebi.ac.uk/pride/data/archive/2024/07/PXD045738/G2_210421_dhesse_1_68245_HDMSe.raw.zip	v1.1.0	NT=ms-proteomics;VV=v1.1.0	NT=dia-acquisition;VV=v1.1.0	manual curation	heart
S2_T_210423_dhesse_1_67967_HDMSe.raw.zip	mus musculus	heart	not applicable	cardiovascular system disease	1	S2_T_210423_dhesse_1_67967_HDMSe.raw.zip	proteomic profiling by mass spectrometry	Data-independent acquisition	NT=label free sample;AC=MS:1002038	NT=synapt ms;AC=MS:1001782	NT=Trypsin;AC=MS:1001251	NT=collision-induced dissociation;AC=MS:1000133	1	1	S2_T_210423_dhesse_1_67967_HDMSe.raw.zip	ftp://ftp.pride.ebi.ac.uk/pride/data/archive/2024/07/PXD045738/S2_T_210423_dhesse_1_67967_HDMSe.raw.zip	v1.1.0	NT=ms-proteomics;VV=v1.1.0	NT=dia-acquisition;VV=v1.1.0	manual curation	heart
G2_210421_dhesse_1_68185_HDMSe.raw.zip	mus musculus	heart	not applicable	cardiovascular system disease	1	G2_210421_dhesse_1_68185_HDMSe.raw.zip	proteomic profiling by mass spectrometry	Data-independent acquisition	NT=label free sample;AC=MS:1002038	NT=synapt ms;AC=MS:1001782	NT=Trypsin;AC=MS:1001251	NT=collision-induced dissociation;AC=MS:1000133	1	1	G2_210421_dhesse_1_68185_HDMSe.raw.zip	ftp://ftp.pride.ebi.ac.uk/pride/data/archive/2024/07/PXD045738/G2_210421_dhesse_1_68185_HDMSe.raw.zip	v1.1.0	NT=ms-proteomics;VV=v1.1.0	NT=dia-acquisition;VV=v1.1.0	manual curation	heart
S2_T_210416_dhesse_1_67904_HDMSe.raw.zip	mus musculus	heart	not applicable	cardiovascular system disease	1	S2_T_210416_dhesse_1_67904_HDMSe.raw.zip	proteomic profiling by mass spectrometry	Data-independent acquisition	NT=label free sample;AC=MS:1002038	NT=synapt ms;AC=MS:1001782	NT=Trypsin;AC=MS:1001251	NT=collision-induced dissociation;AC=MS:1000133	1	1	S2_T_210416_dhesse_1_67904_HDMSe.raw.zip	ftp://ftp.pride.ebi.ac.uk/pride/data/archive/2024/07/PXD045738/S2_T_210416_dhesse_1_67904_HDMSe.raw.zip	v1.1.0	NT=ms-proteomics;VV=v1.1.0	NT=dia-acquisition;VV=v1.1.0	manual curation	heart
S2_T_210416_dhesse_1_67942_HDMSe.raw.zip	mus musculus	heart	not applicable	cardiovascular system disease	1	S2_T_210416_dhesse_1_67942_HDMSe.raw.zip	proteomic profiling by mass spectrometry	Data-independent acquisition	NT=label free sample;AC=MS:1002038	NT=synapt ms;AC=MS:1001782	NT=Trypsin;AC=MS:1001251	NT=collision-induced dissociation;AC=MS:1000133	1	1	S2_T_210416_dhesse_1_67942_HDMSe.raw.zip	ftp://ftp.pride.ebi.ac.uk/pride/data/archive/2024/07/PXD045738/S2_T_210416_dhesse_1_67942_HDMSe.raw.zip	v1.1.0	NT=ms-proteomics;VV=v1.1.0	NT=dia-acquisition;VV=v1.1.0	manual curation	heart
S2_T_210423_dhesse_1_67997_HDMSe.raw.zip	mus musculus	heart	not applicable	cardiovascular system disease	1	S2_T_210423_dhesse_1_67997_HDMSe.raw.zip	proteomic profiling by mass spectrometry	Data-independent acquisition	NT=label free sample;AC=MS:1002038	NT=synapt ms;AC=MS:1001782	NT=Trypsin;AC=MS:1001251	NT=collision-induced dissociation;AC=MS:1000133	1	1	S2_T_210423_dhesse_1_67997_HDMSe.raw.zip	ftp://ftp.pride.ebi.ac.uk/pride/data/archive/2024/07/PXD045738/S2_T_210423_dhesse_1_67997_HDMSe.raw.zip	v1.1.0	NT=ms-proteomics;VV=v1.1.0	NT=dia-acquisition;VV=v1.1.0	manual curation	heart
G2_210421_dhesse_1_68200_HDMSe.raw.zip	mus musculus	heart	not applicable	cardiovascular system disease	1	G2_210421_dhesse_1_68200_HDMSe.raw.zip	proteomic profiling by mass spectrometry	Data-independent acquisition	NT=label free sample;AC=MS:1002038	NT=synapt ms;AC=MS:1001782	NT=Trypsin;AC=MS:1001251	NT=collision-induced dissociation;AC=MS:1000133	1	1	G2_210421_dhesse_1_68200_HDMSe.raw.zip	ftp://ftp.pride.ebi.ac.uk/pride/data/archive/2024/07/PXD045738/G2_210421_dhesse_1_68200_HDMSe.raw.zip	v1.1.0	NT=ms-proteomics;VV=v1.1.0	NT=dia-acquisition;VV=v1.1.0	manual curation	heart
G2_210421_dhesse_1_68213_HDMSe.raw.zip	mus musculus	heart	not applicable	cardiovascular system disease	1	G2_210421_dhesse_1_68213_HDMSe.raw.zip	proteomic profiling by mass spectrometry	Data-independent acquisition	NT=label free sample;AC=MS:1002038	NT=synapt ms;AC=MS:1001782	NT=Trypsin;AC=MS:1001251	NT=collision-induced dissociation;AC=MS:1000133	1	1	G2_210421_dhesse_1_68213_HDMSe.raw.zip	ftp://ftp.pride.ebi.ac.uk/pride/data/archive/2024/07/PXD045738/G2_210421_dhesse_1_68213_HDMSe.raw.zip	v1.1.0	NT=ms-proteomics;VV=v1.1.0	NT=dia-acquisition;VV=v1.1.0	manual curation	heart
S2_T_210416_dhesse_1_67869_HDMSe.raw.zip	mus musculus	heart	not applicable	cardiovascular system disease	1	S2_T_210416_dhesse_1_67869_HDMSe.raw.zip	proteomic profiling by mass spectrometry	Data-independent acquisition	NT=label free sample;AC=MS:1002038	NT=synapt ms;AC=MS:1001782	NT=Trypsin;AC=MS:1001251	NT=collision-induced dissociation;AC=MS:1000133	1	1	S2_T_210416_dhesse_1_67869_HDMSe.raw.zip	ftp://ftp.pride.ebi.ac.uk/pride/data/archive/2024/07/PXD045738/S2_T_210416_dhesse_1_67869_HDMSe.raw.zip	v1.1.0	NT=ms-proteomics;VV=v1.1.0	NT=dia-acquisition;VV=v1.1.0	manual curation	heart
S2_T_210416_dhesse_1_67888_HDMSe.raw.zip	mus musculus	heart	not applicable	cardiovascular system disease	1	S2_T_210416_dhesse_1_67888_HDMSe.raw.zip	proteomic profiling by mass spectrometry	Data-independent acquisition	NT=label free sample;AC=MS:1002038	NT=synapt ms;AC=MS:1001782	NT=Trypsin;AC=MS:1001251	NT=collision-induced dissociation;AC=MS:1000133	1	1	S2_T_210416_dhesse_1_67888_HDMSe.raw.zip	ftp://ftp.pride.ebi.ac.uk/pride/data/archive/2024/07/PXD045738/S2_T_210416_dhesse_1_67888_HDMSe.raw.zip	v1.1.0	NT=ms-proteomics;VV=v1.1.0	NT=dia-acquisition;VV=v1.1.0	manual curation	heart
G2_210414_dhesse_1_68150_HDMSe.raw.zip	mus musculus	heart	not applicable	cardiovascular system disease	1	G2_210414_dhesse_1_68150_HDMSe.raw.zip	proteomic profiling by mass spectrometry	Data-independent acquisition	NT=label free sample;AC=MS:1002038	NT=synapt ms;AC=MS:1001782	NT=Trypsin;AC=MS:1001251	NT=collision-induced dissociation;AC=MS:1000133	1	1	G2_210414_dhesse_1_68150_HDMSe.raw.zip	ftp://ftp.pride.ebi.ac.uk/pride/data/archive/2024/07/PXD045738/G2_210414_dhesse_1_68150_HDMSe.raw.zip	v1.1.0	NT=ms-proteomics;VV=v1.1.0	NT=dia-acquisition;VV=v1.1.0	manual curation	heart
G2_210414_dhesse_1_68083_HDMSe.raw.zip	mus musculus	heart	not applicable	cardiovascular system disease	1	G2_210414_dhesse_1_68083_HDMSe.raw.zip	proteomic profiling by mass spectrometry	Data-independent acquisition	NT=label free sample;AC=MS:1002038	NT=synapt ms;AC=MS:1001782	NT=Trypsin;AC=MS:1001251	NT=collision-induced dissociation;AC=MS:1000133	1	1	G2_210414_dhesse_1_68083_HDMSe.raw.zip	ftp://ftp.pride.ebi.ac.uk/pride/data/archive/2024/07/PXD045738/G2_210414_dhesse_1_68083_HDMSe.raw.zip	v1.1.0	NT=ms-proteomics;VV=v1.1.0	NT=dia-acquisition;VV=v1.1.0	manual curation	heart
S2_T_210416_dhesse_1_67900_HDMSe.raw.zip	mus musculus	heart	not applicable	cardiovascular system disease	1	S2_T_210416_dhesse_1_67900_HDMSe.raw.zip	proteomic profiling by mass spectrometry	Data-independent acquisition	NT=label free sample;AC=MS:1002038	NT=synapt ms;AC=MS:1001782	NT=Trypsin;AC=MS:1001251	NT=collision-induced dissociation;AC=MS:1000133	1	1	S2_T_210416_dhesse_1_67900_HDMSe.raw.zip	ftp://ftp.pride.ebi.ac.uk/pride/data/archive/2024/07/PXD045738/S2_T_210416_dhesse_1_67900_HDMSe.raw.zip	v1.1.0	NT=ms-proteomics;VV=v1.1.0	NT=dia-acquisition;VV=v1.1.0	manual curation	heart
S2_T_210416_dhesse_1_67954_HDMSe.raw.zip	mus musculus	heart	not applicable	cardiovascular system disease	1	S2_T_210416_dhesse_1_67954_HDMSe.raw.zip	proteomic profiling by mass spectrometry	Data-independent acquisition	NT=label free sample;AC=MS:1002038	NT=synapt ms;AC=MS:1001782	NT=Trypsin;AC=MS:1001251	NT=collision-induced dissociation;AC=MS:1000133	1	1	S2_T_210416_dhesse_1_67954_HDMSe.raw.zip	ftp://ftp.pride.ebi.ac.uk/pride/data/archive/2024/07/PXD045738/S2_T_210416_dhesse_1_67954_HDMSe.raw.zip	v1.1.0	NT=ms-proteomics;VV=v1.1.0	NT=dia-acquisition;VV=v1.1.0	manual curation	heart
G2_210421_dhesse_1_68183_HDMSe.raw.zip	mus musculus	heart	not applicable	cardiovascular system disease	1	G2_210421_dhesse_1_68183_HDMSe.raw.zip	proteomic profiling by mass spectrometry	Data-independent acquisition	NT=label free sample;AC=MS:1002038	NT=synapt ms;AC=MS:1001782	NT=Trypsin;AC=MS:1001251	NT=collision-induced dissociation;AC=MS:1000133	1	1	G2_210421_dhesse_1_68183_HDMSe.raw.zip	ftp://ftp.pride.ebi.ac.uk/pride/data/archive/2024/07/PXD045738/G2_210421_dhesse_1_68183_HDMSe.raw.zip	v1.1.0	NT=ms-proteomics;VV=v1.1.0	NT=dia-acquisition;VV=v1.1.0	manual curation	heart
G2_210421_dhesse_1_68193_HDMSe.raw.zip	mus musculus	heart	not applicable	cardiovascular system disease	1	G2_210421_dhesse_1_68193_HDMSe.raw.zip	proteomic profiling by mass spectrometry	Data-independent acquisition	NT=label free sample;AC=MS:1002038	NT=synapt ms;AC=MS:1001782	NT=Trypsin;AC=MS:1001251	NT=collision-induced dissociation;AC=MS:1000133	1	1	G2_210421_dhesse_1_68193_HDMSe.raw.zip	ftp://ftp.pride.ebi.ac.uk/pride/data/archive/2024/07/PXD045738/G2_210421_dhesse_1_68193_HDMSe.raw.zip	v1.1.0	NT=ms-proteomics;VV=v1.1.0	NT=dia-acquisition;VV=v1.1.0	manual curation	heart
G2_210421_dhesse_1_68233_HDMSe.raw.zip	mus musculus	heart	not applicable	cardiovascular system disease	1	G2_210421_dhesse_1_68233_HDMSe.raw.zip	proteomic profiling by mass spectrometry	Data-independent acquisition	NT=label free sample;AC=MS:1002038	NT=synapt ms;AC=MS:1001782	NT=Trypsin;AC=MS:1001251	NT=collision-induced dissociation;AC=MS:1000133	1	1	G2_210421_dhesse_1_68233_HDMSe.raw.zip	ftp://ftp.pride.ebi.ac.uk/pride/data/archive/2024/07/PXD045738/G2_210421_dhesse_1_68233_HDMSe.raw.zip	v1.1.0	NT=ms-proteomics;VV=v1.1.0	NT=dia-acquisition;VV=v1.1.0	manual curation	heart
G2_210421_dhesse_1_68157_HDMSe.raw.zip	mus musculus	heart	not applicable	cardiovascular system disease	1	G2_210421_dhesse_1_68157_HDMSe.raw.zip	proteomic profiling by mass spectrometry	Data-independent acquisition	NT=label free sample;AC=MS:1002038	NT=synapt ms;AC=MS:1001782	NT=Trypsin;AC=MS:1001251	NT=collision-induced dissociation;AC=MS:1000133	1	1	G2_210421_dhesse_1_68157_HDMSe.raw.zip	ftp://ftp.pride.ebi.ac.uk/pride/data/archive/2024/07/PXD045738/G2_210421_dhesse_1_68157_HDMSe.raw.zip	v1.1.0	NT=ms-proteomics;VV=v1.1.0	NT=dia-acquisition;VV=v1.1.0	manual curation	heart
S2_T_210423_dhesse_1_68017_HDMSe.raw.zip	mus musculus	heart	not applicable	cardiovascular system disease	1	S2_T_210423_dhesse_1_68017_HDMSe.raw.zip	proteomic profiling by mass spectrometry	Data-independent acquisition	NT=label free sample;AC=MS:1002038	NT=synapt ms;AC=MS:1001782	NT=Trypsin;AC=MS:1001251	NT=collision-induced dissociation;AC=MS:1000133	1	1	S2_T_210423_dhesse_1_68017_HDMSe.raw.zip	ftp://ftp.pride.ebi.ac.uk/pride/data/archive/2024/07/PXD045738/S2_T_210423_dhesse_1_68017_HDMSe.raw.zip	v1.1.0	NT=ms-proteomics;VV=v1.1.0	NT=dia-acquisition;VV=v1.1.0	manual curation	heart
S2_T_210423_dhesse_1_68004_HDMSe.raw.zip	mus musculus	heart	not applicable	cardiovascular system disease	1	S2_T_210423_dhesse_1_68004_HDMSe.raw.zip	proteomic profiling by mass spectrometry	Data-independent acquisition	NT=label free sample;AC=MS:1002038	NT=synapt ms;AC=MS:1001782	NT=Trypsin;AC=MS:1001251	NT=collision-induced dissociation;AC=MS:1000133	1	1	S2_T_210423_dhesse_1_68004_HDMSe.raw.zip	ftp://ftp.pride.ebi.ac.uk/pride/data/archive/2024/07/PXD045738/S2_T_210423_dhesse_1_68004_HDMSe.raw.zip	v1.1.0	NT=ms-proteomics;VV=v1.1.0	NT=dia-acquisition;VV=v1.1.0	manual curation	heart
S2_T_210416_dhesse_1_67878_HDMSe.raw.zip	mus musculus	heart	not applicable	cardiovascular system disease	1	S2_T_210416_dhesse_1_67878_HDMSe.raw.zip	proteomic profiling by mass spectrometry	Data-independent acquisition	NT=label free sample;AC=MS:1002038	NT=synapt ms;AC=MS:1001782	NT=Trypsin;AC=MS:1001251	NT=collision-induced dissociation;AC=MS:1000133	1	1	S2_T_210416_dhesse_1_67878_HDMSe.raw.zip	ftp://ftp.pride.ebi.ac.uk/pride/data/archive/2024/07/PXD045738/S2_T_210416_dhesse_1_67878_HDMSe.raw.zip	v1.1.0	NT=ms-proteomics;VV=v1.1.0	NT=dia-acquisition;VV=v1.1.0	manual curation	heart
G2_210414_dhesse_1_68074_HDMSe.raw.zip	mus musculus	heart	not applicable	cardiovascular system disease	1	G2_210414_dhesse_1_68074_HDMSe.raw.zip	proteomic profiling by mass spectrometry	Data-independent acquisition	NT=label free sample;AC=MS:1002038	NT=synapt ms;AC=MS:1001782	NT=Trypsin;AC=MS:1001251	NT=collision-induced dissociation;AC=MS:1000133	1	1	G2_210414_dhesse_1_68074_HDMSe.raw.zip	ftp://ftp.pride.ebi.ac.uk/pride/data/archive/2024/07/PXD045738/G2_210414_dhesse_1_68074_HDMSe.raw.zip	v1.1.0	NT=ms-proteomics;VV=v1.1.0	NT=dia-acquisition;VV=v1.1.0	manual curation	heart
G2_210421_dhesse_1_68166_HDMSe.raw.zip	mus musculus	heart	not applicable	cardiovascular system disease	1	G2_210421_dhesse_1_68166_HDMSe.raw.zip	proteomic profiling by mass spectrometry	Data-independent acquisition	NT=label free sample;AC=MS:1002038	NT=synapt ms;AC=MS:1001782	NT=Trypsin;AC=MS:1001251	NT=collision-induced dissociation;AC=MS:1000133	1	1	G2_210421_dhesse_1_68166_HDMSe.raw.zip	ftp://ftp.pride.ebi.ac.uk/pride/data/archive/2024/07/PXD045738/G2_210421_dhesse_1_68166_HDMSe.raw.zip	v1.1.0	NT=ms-proteomics;VV=v1.1.0	NT=dia-acquisition;VV=v1.1.0	manual curation	heart
S2_T_210416_dhesse_1_67873_HDMSe.raw.zip	mus musculus	heart	not applicable	cardiovascular system disease	1	S2_T_210416_dhesse_1_67873_HDMSe.raw.zip	proteomic profiling by mass spectrometry	Data-independent acquisition	NT=label free sample;AC=MS:1002038	NT=synapt ms;AC=MS:1001782	NT=Trypsin;AC=MS:1001251	NT=collision-induced dissociation;AC=MS:1000133	1	1	S2_T_210416_dhesse_1_67873_HDMSe.raw.zip	ftp://ftp.pride.ebi.ac.uk/pride/data/archive/2024/07/PXD045738/S2_T_210416_dhesse_1_67873_HDMSe.raw.zip	v1.1.0	NT=ms-proteomics;VV=v1.1.0	NT=dia-acquisition;VV=v1.1.0	manual curation	heart
S2_T_210416_dhesse_1_67945_HDMSe.raw.zip	mus musculus	heart	not applicable	cardiovascular system disease	1	S2_T_210416_dhesse_1_67945_HDMSe.raw.zip	proteomic profiling by mass spectrometry	Data-independent acquisition	NT=label free sample;AC=MS:1002038	NT=synapt ms;AC=MS:1001782	NT=Trypsin;AC=MS:1001251	NT=collision-induced dissociation;AC=MS:1000133	1	1	S2_T_210416_dhesse_1_67945_HDMSe.raw.zip	ftp://ftp.pride.ebi.ac.uk/pride/data/archive/2024/07/PXD045738/S2_T_210416_dhesse_1_67945_HDMSe.raw.zip	v1.1.0	NT=ms-proteomics;VV=v1.1.0	NT=dia-acquisition;VV=v1.1.0	manual curation	heart
G2_210414_dhesse_1_68148_HDMSe.raw.zip	mus musculus	heart	not applicable	cardiovascular system disease	1	G2_210414_dhesse_1_68148_HDMSe.raw.zip	proteomic profiling by mass spectrometry	Data-independent acquisition	NT=label free sample;AC=MS:1002038	NT=synapt ms;AC=MS:1001782	NT=Trypsin;AC=MS:1001251	NT=collision-induced dissociation;AC=MS:1000133	1	1	G2_210414_dhesse_1_68148_HDMSe.raw.zip	ftp://ftp.pride.ebi.ac.uk/pride/data/archive/2024/07/PXD045738/G2_210414_dhesse_1_68148_HDMSe.raw.zip	v1.1.0	NT=ms-proteomics;VV=v1.1.0	NT=dia-acquisition;VV=v1.1.0	manual curation	heart
S2_T_210416_dhesse_1_67924_HDMSe.raw.zip	mus musculus	heart	not applicable	cardiovascular system disease	1	S2_T_210416_dhesse_1_67924_HDMSe.raw.zip	proteomic profiling by mass spectrometry	Data-independent acquisition	NT=label free sample;AC=MS:1002038	NT=synapt ms;AC=MS:1001782	NT=Trypsin;AC=MS:1001251	NT=collision-induced dissociation;AC=MS:1000133	1	1	S2_T_210416_dhesse_1_67924_HDMSe.raw.zip	ftp://ftp.pride.ebi.ac.uk/pride/data/archive/2024/07/PXD045738/S2_T_210416_dhesse_1_67924_HDMSe.raw.zip	v1.1.0	NT=ms-proteomics;VV=v1.1.0	NT=dia-acquisition;VV=v1.1.0	manual curation	heart
G2_210414_dhesse_1_68151_HDMSe.raw.zip	mus musculus	heart	not applicable	cardiovascular system disease	1	G2_210414_dhesse_1_68151_HDMSe.raw.zip	proteomic profiling by mass spectrometry	Data-independent acquisition	NT=label free sample;AC=MS:1002038	NT=synapt ms;AC=MS:1001782	NT=Trypsin;AC=MS:1001251	NT=collision-induced dissociation;AC=MS:1000133	1	1	G2_210414_dhesse_1_68151_HDMSe.raw.zip	ftp://ftp.pride.ebi.ac.uk/pride/data/archive/2024/07/PXD045738/G2_210414_dhesse_1_68151_HDMSe.raw.zip	v1.1.0	NT=ms-proteomics;VV=v1.1.0	NT=dia-acquisition;VV=v1.1.0	manual curation	heart
G2_210421_dhesse_1_68177_HDMSe.raw.zip	mus musculus	heart	not applicable	cardiovascular system disease	1	G2_210421_dhesse_1_68177_HDMSe.raw.zip	proteomic profiling by mass spectrometry	Data-independent acquisition	NT=label free sample;AC=MS:1002038	NT=synapt ms;AC=MS:1001782	NT=Trypsin;AC=MS:1001251	NT=collision-induced dissociation;AC=MS:1000133	1	1	G2_210421_dhesse_1_68177_HDMSe.raw.zip	ftp://ftp.pride.ebi.ac.uk/pride/data/archive/2024/07/PXD045738/G2_210421_dhesse_1_68177_HDMSe.raw.zip	v1.1.0	NT=ms-proteomics;VV=v1.1.0	NT=dia-acquisition;VV=v1.1.0	manual curation	heart
S2_T_210416_dhesse_1_67887_HDMSe.raw.zip	mus musculus	heart	not applicable	cardiovascular system disease	1	S2_T_210416_dhesse_1_67887_HDMSe.raw.zip	proteomic profiling by mass spectrometry	Data-independent acquisition	NT=label free sample;AC=MS:1002038	NT=synapt ms;AC=MS:1001782	NT=Trypsin;AC=MS:1001251	NT=collision-induced dissociation;AC=MS:1000133	1	1	S2_T_210416_dhesse_1_67887_HDMSe.raw.zip	ftp://ftp.pride.ebi.ac.uk/pride/data/archive/2024/07/PXD045738/S2_T_210416_dhesse_1_67887_HDMSe.raw.zip	v1.1.0	NT=ms-proteomics;VV=v1.1.0	NT=dia-acquisition;VV=v1.1.0	manual curation	heart
G2_210414_dhesse_1_68143_HDMSe.raw.zip	mus musculus	heart	not applicable	cardiovascular system disease	1	G2_210414_dhesse_1_68143_HDMSe.raw.zip	proteomic profiling by mass spectrometry	Data-independent acquisition	NT=label free sample;AC=MS:1002038	NT=synapt ms;AC=MS:1001782	NT=Trypsin;AC=MS:1001251	NT=collision-induced dissociation;AC=MS:1000133	1	1	G2_210414_dhesse_1_68143_HDMSe.raw.zip	ftp://ftp.pride.ebi.ac.uk/pride/data/archive/2024/07/PXD045738/G2_210414_dhesse_1_68143_HDMSe.raw.zip	v1.1.0	NT=ms-proteomics;VV=v1.1.0	NT=dia-acquisition;VV=v1.1.0	manual curation	heart
G2_210421_dhesse_1_68156_HDMSe.raw.zip	mus musculus	heart	not applicable	cardiovascular system disease	1	G2_210421_dhesse_1_68156_HDMSe.raw.zip	proteomic profiling by mass spectrometry	Data-independent acquisition	NT=label free sample;AC=MS:1002038	NT=synapt ms;AC=MS:1001782	NT=Trypsin;AC=MS:1001251	NT=collision-induced dissociation;AC=MS:1000133	1	1	G2_210421_dhesse_1_68156_HDMSe.raw.zip	ftp://ftp.pride.ebi.ac.uk/pride/data/archive/2024/07/PXD045738/G2_210421_dhesse_1_68156_HDMSe.raw.zip	v1.1.0	NT=ms-proteomics;VV=v1.1.0	NT=dia-acquisition;VV=v1.1.0	manual curation	heart
G2_210414_dhesse_1_68149_HDMSe.raw.zip	mus musculus	heart	not applicable	cardiovascular system disease	1	G2_210414_dhesse_1_68149_HDMSe.raw.zip	proteomic profiling by mass spectrometry	Data-independent acquisition	NT=label free sample;AC=MS:1002038	NT=synapt ms;AC=MS:1001782	NT=Trypsin;AC=MS:1001251	NT=collision-induced dissociation;AC=MS:1000133	1	1	G2_210414_dhesse_1_68149_HDMSe.raw.zip	ftp://ftp.pride.ebi.ac.uk/pride/data/archive/2024/07/PXD045738/G2_210414_dhesse_1_68149_HDMSe.raw.zip	v1.1.0	NT=ms-proteomics;VV=v1.1.0	NT=dia-acquisition;VV=v1.1.0	manual curation	heart
S2_T_210416_dhesse_1_67956_HDMSe.raw.zip	mus musculus	heart	not applicable	cardiovascular system disease	1	S2_T_210416_dhesse_1_67956_HDMSe.raw.zip	proteomic profiling by mass spectrometry	Data-independent acquisition	NT=label free sample;AC=MS:1002038	NT=synapt ms;AC=MS:1001782	NT=Trypsin;AC=MS:1001251	NT=collision-induced dissociation;AC=MS:1000133	1	1	S2_T_210416_dhesse_1_67956_HDMSe.raw.zip	ftp://ftp.pride.ebi.ac.uk/pride/data/archive/2024/07/PXD045738/S2_T_210416_dhesse_1_67956_HDMSe.raw.zip	v1.1.0	NT=ms-proteomics;VV=v1.1.0	NT=dia-acquisition;VV=v1.1.0	manual curation	heart
S2_T_210416_dhesse_1_67952_HDMSe.raw.zip	mus musculus	heart	not applicable	cardiovascular system disease	1	S2_T_210416_dhesse_1_67952_HDMSe.raw.zip	proteomic profiling by mass spectrometry	Data-independent acquisition	NT=label free sample;AC=MS:1002038	NT=synapt ms;AC=MS:1001782	NT=Trypsin;AC=MS:1001251	NT=collision-induced dissociation;AC=MS:1000133	1	1	S2_T_210416_dhesse_1_67952_HDMSe.raw.zip	ftp://ftp.pride.ebi.ac.uk/pride/data/archive/2024/07/PXD045738/S2_T_210416_dhesse_1_67952_HDMSe.raw.zip	v1.1.0	NT=ms-proteomics;VV=v1.1.0	NT=dia-acquisition;VV=v1.1.0	manual curation	heart
S2_T_210416_dhesse_1_67935_HDMSe.raw.zip	mus musculus	heart	not applicable	cardiovascular system disease	1	S2_T_210416_dhesse_1_67935_HDMSe.raw.zip	proteomic profiling by mass spectrometry	Data-independent acquisition	NT=label free sample;AC=MS:1002038	NT=synapt ms;AC=MS:1001782	NT=Trypsin;AC=MS:1001251	NT=collision-induced dissociation;AC=MS:1000133	1	1	S2_T_210416_dhesse_1_67935_HDMSe.raw.zip	ftp://ftp.pride.ebi.ac.uk/pride/data/archive/2024/07/PXD045738/S2_T_210416_dhesse_1_67935_HDMSe.raw.zip	v1.1.0	NT=ms-proteomics;VV=v1.1.0	NT=dia-acquisition;VV=v1.1.0	manual curation	heart
G2_210414_dhesse_1_68068_HDMSe.raw.zip	mus musculus	heart	not applicable	cardiovascular system disease	1	G2_210414_dhesse_1_68068_HDMSe.raw.zip	proteomic profiling by mass spectrometry	Data-independent acquisition	NT=label free sample;AC=MS:1002038	NT=synapt ms;AC=MS:1001782	NT=Trypsin;AC=MS:1001251	NT=collision-induced dissociation;AC=MS:1000133	1	1	G2_210414_dhesse_1_68068_HDMSe.raw.zip	ftp://ftp.pride.ebi.ac.uk/pride/data/archive/2024/07/PXD045738/G2_210414_dhesse_1_68068_HDMSe.raw.zip	v1.1.0	NT=ms-proteomics;VV=v1.1.0	NT=dia-acquisition;VV=v1.1.0	manual curation	heart
G2_210414_dhesse_1_68067_HDMSe.raw.zip	mus musculus	heart	not applicable	cardiovascular system disease	1	G2_210414_dhesse_1_68067_HDMSe.raw.zip	proteomic profiling by mass spectrometry	Data-independent acquisition	NT=label free sample;AC=MS:1002038	NT=synapt ms;AC=MS:1001782	NT=Trypsin;AC=MS:1001251	NT=collision-induced dissociation;AC=MS:1000133	1	1	G2_210414_dhesse_1_68067_HDMSe.raw.zip	ftp://ftp.pride.ebi.ac.uk/pride/data/archive/2024/07/PXD045738/G2_210414_dhesse_1_68067_HDMSe.raw.zip	v1.1.0	NT=ms-proteomics;VV=v1.1.0	NT=dia-acquisition;VV=v1.1.0	manual curation	heart
S2_T_210423_dhesse_1_68012_HDMSe.raw.zip	mus musculus	heart	not applicable	cardiovascular system disease	1	S2_T_210423_dhesse_1_68012_HDMSe.raw.zip	proteomic profiling by mass spectrometry	Data-independent acquisition	NT=label free sample;AC=MS:1002038	NT=synapt ms;AC=MS:1001782	NT=Trypsin;AC=MS:1001251	NT=collision-induced dissociation;AC=MS:1000133	1	1	S2_T_210423_dhesse_1_68012_HDMSe.raw.zip	ftp://ftp.pride.ebi.ac.uk/pride/data/archive/2024/07/PXD045738/S2_T_210423_dhesse_1_68012_HDMSe.raw.zip	v1.1.0	NT=ms-proteomics;VV=v1.1.0	NT=dia-acquisition;VV=v1.1.0	manual curation	heart
S2_T_210416_dhesse_1_67925_HDMSe.raw.zip	mus musculus	heart	not applicable	cardiovascular system disease	1	S2_T_210416_dhesse_1_67925_HDMSe.raw.zip	proteomic profiling by mass spectrometry	Data-independent acquisition	NT=label free sample;AC=MS:1002038	NT=synapt ms;AC=MS:1001782	NT=Trypsin;AC=MS:1001251	NT=collision-induced dissociation;AC=MS:1000133	1	1	S2_T_210416_dhesse_1_67925_HDMSe.raw.zip	ftp://ftp.pride.ebi.ac.uk/pride/data/archive/2024/07/PXD045738/S2_T_210416_dhesse_1_67925_HDMSe.raw.zip	v1.1.0	NT=ms-proteomics;VV=v1.1.0	NT=dia-acquisition;VV=v1.1.0	manual curation	heart
S2_T_210423_dhesse_1_68057_HDMSe.raw.zip	mus musculus	heart	not applicable	cardiovascular system disease	1	S2_T_210423_dhesse_1_68057_HDMSe.raw.zip	proteomic profiling by mass spectrometry	Data-independent acquisition	NT=label free sample;AC=MS:1002038	NT=synapt ms;AC=MS:1001782	NT=Trypsin;AC=MS:1001251	NT=collision-induced dissociation;AC=MS:1000133	1	1	S2_T_210423_dhesse_1_68057_HDMSe.raw.zip	ftp://ftp.pride.ebi.ac.uk/pride/data/archive/2024/07/PXD045738/S2_T_210423_dhesse_1_68057_HDMSe.raw.zip	v1.1.0	NT=ms-proteomics;VV=v1.1.0	NT=dia-acquisition;VV=v1.1.0	manual curation	heart
S2_T_210423_dhesse_1_67973_HDMSe.raw.zip	mus musculus	heart	not applicable	cardiovascular system disease	1	S2_T_210423_dhesse_1_67973_HDMSe.raw.zip	proteomic profiling by mass spectrometry	Data-independent acquisition	NT=label free sample;AC=MS:1002038	NT=synapt ms;AC=MS:1001782	NT=Trypsin;AC=MS:1001251	NT=collision-induced dissociation;AC=MS:1000133	1	1	S2_T_210423_dhesse_1_67973_HDMSe.raw.zip	ftp://ftp.pride.ebi.ac.uk/pride/data/archive/2024/07/PXD045738/S2_T_210423_dhesse_1_67973_HDMSe.raw.zip	v1.1.0	NT=ms-proteomics;VV=v1.1.0	NT=dia-acquisition;VV=v1.1.0	manual curation	heart
S2_T_210423_dhesse_1_67993_HDMSe.raw.zip	mus musculus	heart	not applicable	cardiovascular system disease	1	S2_T_210423_dhesse_1_67993_HDMSe.raw.zip	proteomic profiling by mass spectrometry	Data-independent acquisition	NT=label free sample;AC=MS:1002038	NT=synapt ms;AC=MS:1001782	NT=Trypsin;AC=MS:1001251	NT=collision-induced dissociation;AC=MS:1000133	1	1	S2_T_210423_dhesse_1_67993_HDMSe.raw.zip	ftp://ftp.pride.ebi.ac.uk/pride/data/archive/2024/07/PXD045738/S2_T_210423_dhesse_1_67993_HDMSe.raw.zip	v1.1.0	NT=ms-proteomics;VV=v1.1.0	NT=dia-acquisition;VV=v1.1.0	manual curation	heart
S2_T_210423_dhesse_1_68026_HDMSe.raw.zip	mus musculus	heart	not applicable	cardiovascular system disease	1	S2_T_210423_dhesse_1_68026_HDMSe.raw.zip	proteomic profiling by mass spectrometry	Data-independent acquisition	NT=label free sample;AC=MS:1002038	NT=synapt ms;AC=MS:1001782	NT=Trypsin;AC=MS:1001251	NT=collision-induced dissociation;AC=MS:1000133	1	1	S2_T_210423_dhesse_1_68026_HDMSe.raw.zip	ftp://ftp.pride.ebi.ac.uk/pride/data/archive/2024/07/PXD045738/S2_T_210423_dhesse_1_68026_HDMSe.raw.zip	v1.1.0	NT=ms-proteomics;VV=v1.1.0	NT=dia-acquisition;VV=v1.1.0	manual curation	heart
S2_T_210416_dhesse_1_67879_HDMSe.raw.zip	mus musculus	heart	not applicable	cardiovascular system disease	1	S2_T_210416_dhesse_1_67879_HDMSe.raw.zip	proteomic profiling by mass spectrometry	Data-independent acquisition	NT=label free sample;AC=MS:1002038	NT=synapt ms;AC=MS:1001782	NT=Trypsin;AC=MS:1001251	NT=collision-induced dissociation;AC=MS:1000133	1	1	S2_T_210416_dhesse_1_67879_HDMSe.raw.zip	ftp://ftp.pride.ebi.ac.uk/pride/data/archive/2024/07/PXD045738/S2_T_210416_dhesse_1_67879_HDMSe.raw.zip	v1.1.0	NT=ms-proteomics;VV=v1.1.0	NT=dia-acquisition;VV=v1.1.0	manual curation	heart
G2_210421_dhesse_1_68246_HDMSe.raw.zip	mus musculus	heart	not applicable	cardiovascular system disease	1	G2_210421_dhesse_1_68246_HDMSe.raw.zip	proteomic profiling by mass spectrometry	Data-independent acquisition	NT=label free sample;AC=MS:1002038	NT=synapt ms;AC=MS:1001782	NT=Trypsin;AC=MS:1001251	NT=collision-induced dissociation;AC=MS:1000133	1	1	G2_210421_dhesse_1_68246_HDMSe.raw.zip	ftp://ftp.pride.ebi.ac.uk/pride/data/archive/2024/07/PXD045738/G2_210421_dhesse_1_68246_HDMSe.raw.zip	v1.1.0	NT=ms-proteomics;VV=v1.1.0	NT=dia-acquisition;VV=v1.1.0	manual curation	heart
G2_210421_dhesse_1_68186_HDMSe.raw.zip	mus musculus	heart	not applicable	cardiovascular system disease	1	G2_210421_dhesse_1_68186_HDMSe.raw.zip	proteomic profiling by mass spectrometry	Data-independent acquisition	NT=label free sample;AC=MS:1002038	NT=synapt ms;AC=MS:1001782	NT=Trypsin;AC=MS:1001251	NT=collision-induced dissociation;AC=MS:1000133	1	1	G2_210421_dhesse_1_68186_HDMSe.raw.zip	ftp://ftp.pride.ebi.ac.uk/pride/data/archive/2024/07/PXD045738/G2_210421_dhesse_1_68186_HDMSe.raw.zip	v1.1.0	NT=ms-proteomics;VV=v1.1.0	NT=dia-acquisition;VV=v1.1.0	manual curation	heart
S2_T_210423_dhesse_1_67981_HDMSe.raw.zip	mus musculus	heart	not applicable	cardiovascular system disease	1	S2_T_210423_dhesse_1_67981_HDMSe.raw.zip	proteomic profiling by mass spectrometry	Data-independent acquisition	NT=label free sample;AC=MS:1002038	NT=synapt ms;AC=MS:1001782	NT=Trypsin;AC=MS:1001251	NT=collision-induced dissociation;AC=MS:1000133	1	1	S2_T_210423_dhesse_1_67981_HDMSe.raw.zip	ftp://ftp.pride.ebi.ac.uk/pride/data/archive/2024/07/PXD045738/S2_T_210423_dhesse_1_67981_HDMSe.raw.zip	v1.1.0	NT=ms-proteomics;VV=v1.1.0	NT=dia-acquisition;VV=v1.1.0	manual curation	heart
S2_T_210423_dhesse_1_68011_HDMSe.raw.zip	mus musculus	heart	not applicable	cardiovascular system disease	1	S2_T_210423_dhesse_1_68011_HDMSe.raw.zip	proteomic profiling by mass spectrometry	Data-independent acquisition	NT=label free sample;AC=MS:1002038	NT=synapt ms;AC=MS:1001782	NT=Trypsin;AC=MS:1001251	NT=collision-induced dissociation;AC=MS:1000133	1	1	S2_T_210423_dhesse_1_68011_HDMSe.raw.zip	ftp://ftp.pride.ebi.ac.uk/pride/data/archive/2024/07/PXD045738/S2_T_210423_dhesse_1_68011_HDMSe.raw.zip	v1.1.0	NT=ms-proteomics;VV=v1.1.0	NT=dia-acquisition;VV=v1.1.0	manual curation	heart
S2_T_210416_dhesse_1_67923_HDMSe.raw.zip	mus musculus	heart	not applicable	cardiovascular system disease	1	S2_T_210416_dhesse_1_67923_HDMSe.raw.zip	proteomic profiling by mass spectrometry	Data-independent acquisition	NT=label free sample;AC=MS:1002038	NT=synapt ms;AC=MS:1001782	NT=Trypsin;AC=MS:1001251	NT=collision-induced dissociation;AC=MS:1000133	1	1	S2_T_210416_dhesse_1_67923_HDMSe.raw.zip	ftp://ftp.pride.ebi.ac.uk/pride/data/archive/2024/07/PXD045738/S2_T_210416_dhesse_1_67923_HDMSe.raw.zip	v1.1.0	NT=ms-proteomics;VV=v1.1.0	NT=dia-acquisition;VV=v1.1.0	manual curation	heart
S2_T_210416_dhesse_1_67939_HDMSe.raw.zip	mus musculus	heart	not applicable	cardiovascular system disease	1	S2_T_210416_dhesse_1_67939_HDMSe.raw.zip	proteomic profiling by mass spectrometry	Data-independent acquisition	NT=label free sample;AC=MS:1002038	NT=synapt ms;AC=MS:1001782	NT=Trypsin;AC=MS:1001251	NT=collision-induced dissociation;AC=MS:1000133	1	1	S2_T_210416_dhesse_1_67939_HDMSe.raw.zip	ftp://ftp.pride.ebi.ac.uk/pride/data/archive/2024/07/PXD045738/S2_T_210416_dhesse_1_67939_HDMSe.raw.zip	v1.1.0	NT=ms-proteomics;VV=v1.1.0	NT=dia-acquisition;VV=v1.1.0	manual curation	heart
S2_T_210423_dhesse_1_68043_HDMSe.raw.zip	mus musculus	heart	not applicable	cardiovascular system disease	1	S2_T_210423_dhesse_1_68043_HDMSe.raw.zip	proteomic profiling by mass spectrometry	Data-independent acquisition	NT=label free sample;AC=MS:1002038	NT=synapt ms;AC=MS:1001782	NT=Trypsin;AC=MS:1001251	NT=collision-induced dissociation;AC=MS:1000133	1	1	S2_T_210423_dhesse_1_68043_HDMSe.raw.zip	ftp://ftp.pride.ebi.ac.uk/pride/data/archive/2024/07/PXD045738/S2_T_210423_dhesse_1_68043_HDMSe.raw.zip	v1.1.0	NT=ms-proteomics;VV=v1.1.0	NT=dia-acquisition;VV=v1.1.0	manual curation	heart
G2_210414_dhesse_1_68063_HDMSe.raw.zip	mus musculus	heart	not applicable	cardiovascular system disease	1	G2_210414_dhesse_1_68063_HDMSe.raw.zip	proteomic profiling by mass spectrometry	Data-independent acquisition	NT=label free sample;AC=MS:1002038	NT=synapt ms;AC=MS:1001782	NT=Trypsin;AC=MS:1001251	NT=collision-induced dissociation;AC=MS:1000133	1	1	G2_210414_dhesse_1_68063_HDMSe.raw.zip	ftp://ftp.pride.ebi.ac.uk/pride/data/archive/2024/07/PXD045738/G2_210414_dhesse_1_68063_HDMSe.raw.zip	v1.1.0	NT=ms-proteomics;VV=v1.1.0	NT=dia-acquisition;VV=v1.1.0	manual curation	heart
G2_210421_dhesse_1_68179_HDMSe.raw.zip	mus musculus	heart	not applicable	cardiovascular system disease	1	G2_210421_dhesse_1_68179_HDMSe.raw.zip	proteomic profiling by mass spectrometry	Data-independent acquisition	NT=label free sample;AC=MS:1002038	NT=synapt ms;AC=MS:1001782	NT=Trypsin;AC=MS:1001251	NT=collision-induced dissociation;AC=MS:1000133	1	1	G2_210421_dhesse_1_68179_HDMSe.raw.zip	ftp://ftp.pride.ebi.ac.uk/pride/data/archive/2024/07/PXD045738/G2_210421_dhesse_1_68179_HDMSe.raw.zip	v1.1.0	NT=ms-proteomics;VV=v1.1.0	NT=dia-acquisition;VV=v1.1.0	manual curation	heart
S2_T_210416_dhesse_1_67890_HDMSe.raw.zip	mus musculus	heart	not applicable	cardiovascular system disease	1	S2_T_210416_dhesse_1_67890_HDMSe.raw.zip	proteomic profiling by mass spectrometry	Data-independent acquisition	NT=label free sample;AC=MS:1002038	NT=synapt ms;AC=MS:1001782	NT=Trypsin;AC=MS:1001251	NT=collision-induced dissociation;AC=MS:1000133	1	1	S2_T_210416_dhesse_1_67890_HDMSe.raw.zip	ftp://ftp.pride.ebi.ac.uk/pride/data/archive/2024/07/PXD045738/S2_T_210416_dhesse_1_67890_HDMSe.raw.zip	v1.1.0	NT=ms-proteomics;VV=v1.1.0	NT=dia-acquisition;VV=v1.1.0	manual curation	heart
G2_210421_dhesse_1_68218_HDMSe.raw.zip	mus musculus	heart	not applicable	cardiovascular system disease	1	G2_210421_dhesse_1_68218_HDMSe.raw.zip	proteomic profiling by mass spectrometry	Data-independent acquisition	NT=label free sample;AC=MS:1002038	NT=synapt ms;AC=MS:1001782	NT=Trypsin;AC=MS:1001251	NT=collision-induced dissociation;AC=MS:1000133	1	1	G2_210421_dhesse_1_68218_HDMSe.raw.zip	ftp://ftp.pride.ebi.ac.uk/pride/data/archive/2024/07/PXD045738/G2_210421_dhesse_1_68218_HDMSe.raw.zip	v1.1.0	NT=ms-proteomics;VV=v1.1.0	NT=dia-acquisition;VV=v1.1.0	manual curation	heart
S2_T_210416_dhesse_1_67911_HDMSe.raw.zip	mus musculus	heart	not applicable	cardiovascular system disease	1	S2_T_210416_dhesse_1_67911_HDMSe.raw.zip	proteomic profiling by mass spectrometry	Data-independent acquisition	NT=label free sample;AC=MS:1002038	NT=synapt ms;AC=MS:1001782	NT=Trypsin;AC=MS:1001251	NT=collision-induced dissociation;AC=MS:1000133	1	1	S2_T_210416_dhesse_1_67911_HDMSe.raw.zip	ftp://ftp.pride.ebi.ac.uk/pride/data/archive/2024/07/PXD045738/S2_T_210416_dhesse_1_67911_HDMSe.raw.zip	v1.1.0	NT=ms-proteomics;VV=v1.1.0	NT=dia-acquisition;VV=v1.1.0	manual curation	heart
G2_210414_dhesse_1_68126_HDMSe.raw.zip	mus musculus	heart	not applicable	cardiovascular system disease	1	G2_210414_dhesse_1_68126_HDMSe.raw.zip	proteomic profiling by mass spectrometry	Data-independent acquisition	NT=label free sample;AC=MS:1002038	NT=synapt ms;AC=MS:1001782	NT=Trypsin;AC=MS:1001251	NT=collision-induced dissociation;AC=MS:1000133	1	1	G2_210414_dhesse_1_68126_HDMSe.raw.zip	ftp://ftp.pride.ebi.ac.uk/pride/data/archive/2024/07/PXD045738/G2_210414_dhesse_1_68126_HDMSe.raw.zip	v1.1.0	NT=ms-proteomics;VV=v1.1.0	NT=dia-acquisition;VV=v1.1.0	manual curation	heart
G2_210414_dhesse_1_68102_HDMSe.raw.zip	mus musculus	heart	not applicable	cardiovascular system disease	1	G2_210414_dhesse_1_68102_HDMSe.raw.zip	proteomic profiling by mass spectrometry	Data-independent acquisition	NT=label free sample;AC=MS:1002038	NT=synapt ms;AC=MS:1001782	NT=Trypsin;AC=MS:1001251	NT=collision-induced dissociation;AC=MS:1000133	1	1	G2_210414_dhesse_1_68102_HDMSe.raw.zip	ftp://ftp.pride.ebi.ac.uk/pride/data/archive/2024/07/PXD045738/G2_210414_dhesse_1_68102_HDMSe.raw.zip	v1.1.0	NT=ms-proteomics;VV=v1.1.0	NT=dia-acquisition;VV=v1.1.0	manual curation	heart
S2_T_210423_dhesse_1_68037_HDMSe.raw.zip	mus musculus	heart	not applicable	cardiovascular system disease	1	S2_T_210423_dhesse_1_68037_HDMSe.raw.zip	proteomic profiling by mass spectrometry	Data-independent acquisition	NT=label free sample;AC=MS:1002038	NT=synapt ms;AC=MS:1001782	NT=Trypsin;AC=MS:1001251	NT=collision-induced dissociation;AC=MS:1000133	1	1	S2_T_210423_dhesse_1_68037_HDMSe.raw.zip	ftp://ftp.pride.ebi.ac.uk/pride/data/archive/2024/07/PXD045738/S2_T_210423_dhesse_1_68037_HDMSe.raw.zip	v1.1.0	NT=ms-proteomics;VV=v1.1.0	NT=dia-acquisition;VV=v1.1.0	manual curation	heart
S2_T_210423_dhesse_1_67995_HDMSe.raw.zip	mus musculus	heart	not applicable	cardiovascular system disease	1	S2_T_210423_dhesse_1_67995_HDMSe.raw.zip	proteomic profiling by mass spectrometry	Data-independent acquisition	NT=label free sample;AC=MS:1002038	NT=synapt ms;AC=MS:1001782	NT=Trypsin;AC=MS:1001251	NT=collision-induced dissociation;AC=MS:1000133	1	1	S2_T_210423_dhesse_1_67995_HDMSe.raw.zip	ftp://ftp.pride.ebi.ac.uk/pride/data/archive/2024/07/PXD045738/S2_T_210423_dhesse_1_67995_HDMSe.raw.zip	v1.1.0	NT=ms-proteomics;VV=v1.1.0	NT=dia-acquisition;VV=v1.1.0	manual curation	heart
G2_210414_dhesse_1_68079_HDMSe.raw.zip	mus musculus	heart	not applicable	cardiovascular system disease	1	G2_210414_dhesse_1_68079_HDMSe.raw.zip	proteomic profiling by mass spectrometry	Data-independent acquisition	NT=label free sample;AC=MS:1002038	NT=synapt ms;AC=MS:1001782	NT=Trypsin;AC=MS:1001251	NT=collision-induced dissociation;AC=MS:1000133	1	1	G2_210414_dhesse_1_68079_HDMSe.raw.zip	ftp://ftp.pride.ebi.ac.uk/pride/data/archive/2024/07/PXD045738/G2_210414_dhesse_1_68079_HDMSe.raw.zip	v1.1.0	NT=ms-proteomics;VV=v1.1.0	NT=dia-acquisition;VV=v1.1.0	manual curation	heart
S2_T_210416_dhesse_1_67948_HDMSe.raw.zip	mus musculus	heart	not applicable	cardiovascular system disease	1	S2_T_210416_dhesse_1_67948_HDMSe.raw.zip	proteomic profiling by mass spectrometry	Data-independent acquisition	NT=label free sample;AC=MS:1002038	NT=synapt ms;AC=MS:1001782	NT=Trypsin;AC=MS:1001251	NT=collision-induced dissociation;AC=MS:1000133	1	1	S2_T_210416_dhesse_1_67948_HDMSe.raw.zip	ftp://ftp.pride.ebi.ac.uk/pride/data/archive/2024/07/PXD045738/S2_T_210416_dhesse_1_67948_HDMSe.raw.zip	v1.1.0	NT=ms-proteomics;VV=v1.1.0	NT=dia-acquisition;VV=v1.1.0	manual curation	heart
S2_T_210416_dhesse_1_67881_HDMSe.raw.zip	mus musculus	heart	not applicable	cardiovascular system disease	1	S2_T_210416_dhesse_1_67881_HDMSe.raw.zip	proteomic profiling by mass spectrometry	Data-independent acquisition	NT=label free sample;AC=MS:1002038	NT=synapt ms;AC=MS:1001782	NT=Trypsin;AC=MS:1001251	NT=collision-induced dissociation;AC=MS:1000133	1	1	S2_T_210416_dhesse_1_67881_HDMSe.raw.zip	ftp://ftp.pride.ebi.ac.uk/pride/data/archive/2024/07/PXD045738/S2_T_210416_dhesse_1_67881_HDMSe.raw.zip	v1.1.0	NT=ms-proteomics;VV=v1.1.0	NT=dia-acquisition;VV=v1.1.0	manual curation	heart
G2_210414_dhesse_1_68097_HDMSe.raw.zip	mus musculus	heart	not applicable	cardiovascular system disease	1	G2_210414_dhesse_1_68097_HDMSe.raw.zip	proteomic profiling by mass spectrometry	Data-independent acquisition	NT=label free sample;AC=MS:1002038	NT=synapt ms;AC=MS:1001782	NT=Trypsin;AC=MS:1001251	NT=collision-induced dissociation;AC=MS:1000133	1	1	G2_210414_dhesse_1_68097_HDMSe.raw.zip	ftp://ftp.pride.ebi.ac.uk/pride/data/archive/2024/07/PXD045738/G2_210414_dhesse_1_68097_HDMSe.raw.zip	v1.1.0	NT=ms-proteomics;VV=v1.1.0	NT=dia-acquisition;VV=v1.1.0	manual curation	heart
G2_210421_dhesse_1_68187_HDMSe.raw.zip	mus musculus	heart	not applicable	cardiovascular system disease	1	G2_210421_dhesse_1_68187_HDMSe.raw.zip	proteomic profiling by mass spectrometry	Data-independent acquisition	NT=label free sample;AC=MS:1002038	NT=synapt ms;AC=MS:1001782	NT=Trypsin;AC=MS:1001251	NT=collision-induced dissociation;AC=MS:1000133	1	1	G2_210421_dhesse_1_68187_HDMSe.raw.zip	ftp://ftp.pride.ebi.ac.uk/pride/data/archive/2024/07/PXD045738/G2_210421_dhesse_1_68187_HDMSe.raw.zip	v1.1.0	NT=ms-proteomics;VV=v1.1.0	NT=dia-acquisition;VV=v1.1.0	manual curation	heart
G2_210421_dhesse_1_68189_HDMSe.raw.zip	mus musculus	heart	not applicable	cardiovascular system disease	1	G2_210421_dhesse_1_68189_HDMSe.raw.zip	proteomic profiling by mass spectrometry	Data-independent acquisition	NT=label free sample;AC=MS:1002038	NT=synapt ms;AC=MS:1001782	NT=Trypsin;AC=MS:1001251	NT=collision-induced dissociation;AC=MS:1000133	1	1	G2_210421_dhesse_1_68189_HDMSe.raw.zip	ftp://ftp.pride.ebi.ac.uk/pride/data/archive/2024/07/PXD045738/G2_210421_dhesse_1_68189_HDMSe.raw.zip	v1.1.0	NT=ms-proteomics;VV=v1.1.0	NT=dia-acquisition;VV=v1.1.0	manual curation	heart
S2_T_210416_dhesse_1_67883_HDMSe.raw.zip	mus musculus	heart	not applicable	cardiovascular system disease	1	S2_T_210416_dhesse_1_67883_HDMSe.raw.zip	proteomic profiling by mass spectrometry	Data-independent acquisition	NT=label free sample;AC=MS:1002038	NT=synapt ms;AC=MS:1001782	NT=Trypsin;AC=MS:1001251	NT=collision-induced dissociation;AC=MS:1000133	1	1	S2_T_210416_dhesse_1_67883_HDMSe.raw.zip	ftp://ftp.pride.ebi.ac.uk/pride/data/archive/2024/07/PXD045738/S2_T_210416_dhesse_1_67883_HDMSe.raw.zip	v1.1.0	NT=ms-proteomics;VV=v1.1.0	NT=dia-acquisition;VV=v1.1.0	manual curation	heart
S2_T_210416_dhesse_1_67889_HDMSe.raw.zip	mus musculus	heart	not applicable	cardiovascular system disease	1	S2_T_210416_dhesse_1_67889_HDMSe.raw.zip	proteomic profiling by mass spectrometry	Data-independent acquisition	NT=label free sample;AC=MS:1002038	NT=synapt ms;AC=MS:1001782	NT=Trypsin;AC=MS:1001251	NT=collision-induced dissociation;AC=MS:1000133	1	1	S2_T_210416_dhesse_1_67889_HDMSe.raw.zip	ftp://ftp.pride.ebi.ac.uk/pride/data/archive/2024/07/PXD045738/S2_T_210416_dhesse_1_67889_HDMSe.raw.zip	v1.1.0	NT=ms-proteomics;VV=v1.1.0	NT=dia-acquisition;VV=v1.1.0	manual curation	heart
G2_210414_dhesse_1_68062_HDMSe.raw.zip	mus musculus	heart	not applicable	cardiovascular system disease	1	G2_210414_dhesse_1_68062_HDMSe.raw.zip	proteomic profiling by mass spectrometry	Data-independent acquisition	NT=label free sample;AC=MS:1002038	NT=synapt ms;AC=MS:1001782	NT=Trypsin;AC=MS:1001251	NT=collision-induced dissociation;AC=MS:1000133	1	1	G2_210414_dhesse_1_68062_HDMSe.raw.zip	ftp://ftp.pride.ebi.ac.uk/pride/data/archive/2024/07/PXD045738/G2_210414_dhesse_1_68062_HDMSe.raw.zip	v1.1.0	NT=ms-proteomics;VV=v1.1.0	NT=dia-acquisition;VV=v1.1.0	manual curation	heart
G2_210414_dhesse_1_68154_HDMSe.raw.zip	mus musculus	heart	not applicable	cardiovascular system disease	1	G2_210414_dhesse_1_68154_HDMSe.raw.zip	proteomic profiling by mass spectrometry	Data-independent acquisition	NT=label free sample;AC=MS:1002038	NT=synapt ms;AC=MS:1001782	NT=Trypsin;AC=MS:1001251	NT=collision-induced dissociation;AC=MS:1000133	1	1	G2_210414_dhesse_1_68154_HDMSe.raw.zip	ftp://ftp.pride.ebi.ac.uk/pride/data/archive/2024/07/PXD045738/G2_210414_dhesse_1_68154_HDMSe.raw.zip	v1.1.0	NT=ms-proteomics;VV=v1.1.0	NT=dia-acquisition;VV=v1.1.0	manual curation	heart
S2_T_210416_dhesse_1_67880_HDMSe.raw.zip	mus musculus	heart	not applicable	cardiovascular system disease	1	S2_T_210416_dhesse_1_67880_HDMSe.raw.zip	proteomic profiling by mass spectrometry	Data-independent acquisition	NT=label free sample;AC=MS:1002038	NT=synapt ms;AC=MS:1001782	NT=Trypsin;AC=MS:1001251	NT=collision-induced dissociation;AC=MS:1000133	1	1	S2_T_210416_dhesse_1_67880_HDMSe.raw.zip	ftp://ftp.pride.ebi.ac.uk/pride/data/archive/2024/07/PXD045738/S2_T_210416_dhesse_1_67880_HDMSe.raw.zip	v1.1.0	NT=ms-proteomics;VV=v1.1.0	NT=dia-acquisition;VV=v1.1.0	manual curation	heart
G2_210421_dhesse_1_68180_HDMSe.raw.zip	mus musculus	heart	not applicable	cardiovascular system disease	1	G2_210421_dhesse_1_68180_HDMSe.raw.zip	proteomic profiling by mass spectrometry	Data-independent acquisition	NT=label free sample;AC=MS:1002038	NT=synapt ms;AC=MS:1001782	NT=Trypsin;AC=MS:1001251	NT=collision-induced dissociation;AC=MS:1000133	1	1	G2_210421_dhesse_1_68180_HDMSe.raw.zip	ftp://ftp.pride.ebi.ac.uk/pride/data/archive/2024/07/PXD045738/G2_210421_dhesse_1_68180_HDMSe.raw.zip	v1.1.0	NT=ms-proteomics;VV=v1.1.0	NT=dia-acquisition;VV=v1.1.0	manual curation	heart
G2_210414_dhesse_1_68146_HDMSe.raw.zip	mus musculus	heart	not applicable	cardiovascular system disease	1	G2_210414_dhesse_1_68146_HDMSe.raw.zip	proteomic profiling by mass spectrometry	Data-independent acquisition	NT=label free sample;AC=MS:1002038	NT=synapt ms;AC=MS:1001782	NT=Trypsin;AC=MS:1001251	NT=collision-induced dissociation;AC=MS:1000133	1	1	G2_210414_dhesse_1_68146_HDMSe.raw.zip	ftp://ftp.pride.ebi.ac.uk/pride/data/archive/2024/07/PXD045738/G2_210414_dhesse_1_68146_HDMSe.raw.zip	v1.1.0	NT=ms-proteomics;VV=v1.1.0	NT=dia-acquisition;VV=v1.1.0	manual curation	heart
G2_210421_dhesse_1_68224_HDMSe.raw.zip	mus musculus	heart	not applicable	cardiovascular system disease	1	G2_210421_dhesse_1_68224_HDMSe.raw.zip	proteomic profiling by mass spectrometry	Data-independent acquisition	NT=label free sample;AC=MS:1002038	NT=synapt ms;AC=MS:1001782	NT=Trypsin;AC=MS:1001251	NT=collision-induced dissociation;AC=MS:1000133	1	1	G2_210421_dhesse_1_68224_HDMSe.raw.zip	ftp://ftp.pride.ebi.ac.uk/pride/data/archive/2024/07/PXD045738/G2_210421_dhesse_1_68224_HDMSe.raw.zip	v1.1.0	NT=ms-proteomics;VV=v1.1.0	NT=dia-acquisition;VV=v1.1.0	manual curation	heart
S2_T_210416_dhesse_1_67918_HDMSe.raw.zip	mus musculus	heart	not applicable	cardiovascular system disease	1	S2_T_210416_dhesse_1_67918_HDMSe.raw.zip	proteomic profiling by mass spectrometry	Data-independent acquisition	NT=label free sample;AC=MS:1002038	NT=synapt ms;AC=MS:1001782	NT=Trypsin;AC=MS:1001251	NT=collision-induced dissociation;AC=MS:1000133	1	1	S2_T_210416_dhesse_1_67918_HDMSe.raw.zip	ftp://ftp.pride.ebi.ac.uk/pride/data/archive/2024/07/PXD045738/S2_T_210416_dhesse_1_67918_HDMSe.raw.zip	v1.1.0	NT=ms-proteomics;VV=v1.1.0	NT=dia-acquisition;VV=v1.1.0	manual curation	heart
G2_210414_dhesse_1_68117_HDMSe.raw.zip	mus musculus	heart	not applicable	cardiovascular system disease	1	G2_210414_dhesse_1_68117_HDMSe.raw.zip	proteomic profiling by mass spectrometry	Data-independent acquisition	NT=label free sample;AC=MS:1002038	NT=synapt ms;AC=MS:1001782	NT=Trypsin;AC=MS:1001251	NT=collision-induced dissociation;AC=MS:1000133	1	1	G2_210414_dhesse_1_68117_HDMSe.raw.zip	ftp://ftp.pride.ebi.ac.uk/pride/data/archive/2024/07/PXD045738/G2_210414_dhesse_1_68117_HDMSe.raw.zip	v1.1.0	NT=ms-proteomics;VV=v1.1.0	NT=dia-acquisition;VV=v1.1.0	manual curation	heart
S2_T_210423_dhesse_1_68021_HDMSe.raw.zip	mus musculus	heart	not applicable	cardiovascular system disease	1	S2_T_210423_dhesse_1_68021_HDMSe.raw.zip	proteomic profiling by mass spectrometry	Data-independent acquisition	NT=label free sample;AC=MS:1002038	NT=synapt ms;AC=MS:1001782	NT=Trypsin;AC=MS:1001251	NT=collision-induced dissociation;AC=MS:1000133	1	1	S2_T_210423_dhesse_1_68021_HDMSe.raw.zip	ftp://ftp.pride.ebi.ac.uk/pride/data/archive/2024/07/PXD045738/S2_T_210423_dhesse_1_68021_HDMSe.raw.zip	v1.1.0	NT=ms-proteomics;VV=v1.1.0	NT=dia-acquisition;VV=v1.1.0	manual curation	heart
S2_T_210423_dhesse_1_68020_HDMSe.raw.zip	mus musculus	heart	not applicable	cardiovascular system disease	1	S2_T_210423_dhesse_1_68020_HDMSe.raw.zip	proteomic profiling by mass spectrometry	Data-independent acquisition	NT=label free sample;AC=MS:1002038	NT=synapt ms;AC=MS:1001782	NT=Trypsin;AC=MS:1001251	NT=collision-induced dissociation;AC=MS:1000133	1	1	S2_T_210423_dhesse_1_68020_HDMSe.raw.zip	ftp://ftp.pride.ebi.ac.uk/pride/data/archive/2024/07/PXD045738/S2_T_210423_dhesse_1_68020_HDMSe.raw.zip	v1.1.0	NT=ms-proteomics;VV=v1.1.0	NT=dia-acquisition;VV=v1.1.0	manual curation	heart
G2_210421_dhesse_1_68159_HDMSe.raw.zip	mus musculus	heart	not applicable	cardiovascular system disease	1	G2_210421_dhesse_1_68159_HDMSe.raw.zip	proteomic profiling by mass spectrometry	Data-independent acquisition	NT=label free sample;AC=MS:1002038	NT=synapt ms;AC=MS:1001782	NT=Trypsin;AC=MS:1001251	NT=collision-induced dissociation;AC=MS:1000133	1	1	G2_210421_dhesse_1_68159_HDMSe.raw.zip	ftp://ftp.pride.ebi.ac.uk/pride/data/archive/2024/07/PXD045738/G2_210421_dhesse_1_68159_HDMSe.raw.zip	v1.1.0	NT=ms-proteomics;VV=v1.1.0	NT=dia-acquisition;VV=v1.1.0	manual curation	heart
G2_210414_dhesse_1_68130_HDMSe.raw.zip	mus musculus	heart	not applicable	cardiovascular system disease	1	G2_210414_dhesse_1_68130_HDMSe.raw.zip	proteomic profiling by mass spectrometry	Data-independent acquisition	NT=label free sample;AC=MS:1002038	NT=synapt ms;AC=MS:1001782	NT=Trypsin;AC=MS:1001251	NT=collision-induced dissociation;AC=MS:1000133	1	1	G2_210414_dhesse_1_68130_HDMSe.raw.zip	ftp://ftp.pride.ebi.ac.uk/pride/data/archive/2024/07/PXD045738/G2_210414_dhesse_1_68130_HDMSe.raw.zip	v1.1.0	NT=ms-proteomics;VV=v1.1.0	NT=dia-acquisition;VV=v1.1.0	manual curation	heart
G2_210414_dhesse_1_68100_HDMSe.raw.zip	mus musculus	heart	not applicable	cardiovascular system disease	1	G2_210414_dhesse_1_68100_HDMSe.raw.zip	proteomic profiling by mass spectrometry	Data-independent acquisition	NT=label free sample;AC=MS:1002038	NT=synapt ms;AC=MS:1001782	NT=Trypsin;AC=MS:1001251	NT=collision-induced dissociation;AC=MS:1000133	1	1	G2_210414_dhesse_1_68100_HDMSe.raw.zip	ftp://ftp.pride.ebi.ac.uk/pride/data/archive/2024/07/PXD045738/G2_210414_dhesse_1_68100_HDMSe.raw.zip	v1.1.0	NT=ms-proteomics;VV=v1.1.0	NT=dia-acquisition;VV=v1.1.0	manual curation	heart
S2_T_210416_dhesse_1_67940_HDMSe.raw.zip	mus musculus	heart	not applicable	cardiovascular system disease	1	S2_T_210416_dhesse_1_67940_HDMSe.raw.zip	proteomic profiling by mass spectrometry	Data-independent acquisition	NT=label free sample;AC=MS:1002038	NT=synapt ms;AC=MS:1001782	NT=Trypsin;AC=MS:1001251	NT=collision-induced dissociation;AC=MS:1000133	1	1	S2_T_210416_dhesse_1_67940_HDMSe.raw.zip	ftp://ftp.pride.ebi.ac.uk/pride/data/archive/2024/07/PXD045738/S2_T_210416_dhesse_1_67940_HDMSe.raw.zip	v1.1.0	NT=ms-proteomics;VV=v1.1.0	NT=dia-acquisition;VV=v1.1.0	manual curation	heart
G2_210421_dhesse_1_68232_HDMSe.raw.zip	mus musculus	heart	not applicable	cardiovascular system disease	1	G2_210421_dhesse_1_68232_HDMSe.raw.zip	proteomic profiling by mass spectrometry	Data-independent acquisition	NT=label free sample;AC=MS:1002038	NT=synapt ms;AC=MS:1001782	NT=Trypsin;AC=MS:1001251	NT=collision-induced dissociation;AC=MS:1000133	1	1	G2_210421_dhesse_1_68232_HDMSe.raw.zip	ftp://ftp.pride.ebi.ac.uk/pride/data/archive/2024/07/PXD045738/G2_210421_dhesse_1_68232_HDMSe.raw.zip	v1.1.0	NT=ms-proteomics;VV=v1.1.0	NT=dia-acquisition;VV=v1.1.0	manual curation	heart
G2_210421_dhesse_1_68217_HDMSe.raw.zip	mus musculus	heart	not applicable	cardiovascular system disease	1	G2_210421_dhesse_1_68217_HDMSe.raw.zip	proteomic profiling by mass spectrometry	Data-independent acquisition	NT=label free sample;AC=MS:1002038	NT=synapt ms;AC=MS:1001782	NT=Trypsin;AC=MS:1001251	NT=collision-induced dissociation;AC=MS:1000133	1	1	G2_210421_dhesse_1_68217_HDMSe.raw.zip	ftp://ftp.pride.ebi.ac.uk/pride/data/archive/2024/07/PXD045738/G2_210421_dhesse_1_68217_HDMSe.raw.zip	v1.1.0	NT=ms-proteomics;VV=v1.1.0	NT=dia-acquisition;VV=v1.1.0	manual curation	heart
G2_210421_dhesse_1_68161_HDMSe.raw.zip	mus musculus	heart	not applicable	cardiovascular system disease	1	G2_210421_dhesse_1_68161_HDMSe.raw.zip	proteomic profiling by mass spectrometry	Data-independent acquisition	NT=label free sample;AC=MS:1002038	NT=synapt ms;AC=MS:1001782	NT=Trypsin;AC=MS:1001251	NT=collision-induced dissociation;AC=MS:1000133	1	1	G2_210421_dhesse_1_68161_HDMSe.raw.zip	ftp://ftp.pride.ebi.ac.uk/pride/data/archive/2024/07/PXD045738/G2_210421_dhesse_1_68161_HDMSe.raw.zip	v1.1.0	NT=ms-proteomics;VV=v1.1.0	NT=dia-acquisition;VV=v1.1.0	manual curation	heart
G2_210421_dhesse_1_68184_HDMSe.raw.zip	mus musculus	heart	not applicable	cardiovascular system disease	1	G2_210421_dhesse_1_68184_HDMSe.raw.zip	proteomic profiling by mass spectrometry	Data-independent acquisition	NT=label free sample;AC=MS:1002038	NT=synapt ms;AC=MS:1001782	NT=Trypsin;AC=MS:1001251	NT=collision-induced dissociation;AC=MS:1000133	1	1	G2_210421_dhesse_1_68184_HDMSe.raw.zip	ftp://ftp.pride.ebi.ac.uk/pride/data/archive/2024/07/PXD045738/G2_210421_dhesse_1_68184_HDMSe.raw.zip	v1.1.0	NT=ms-proteomics;VV=v1.1.0	NT=dia-acquisition;VV=v1.1.0	manual curation	heart
G2_210421_dhesse_1_68249_HDMSe.raw.zip	mus musculus	heart	not applicable	cardiovascular system disease	1	G2_210421_dhesse_1_68249_HDMSe.raw.zip	proteomic profiling by mass spectrometry	Data-independent acquisition	NT=label free sample;AC=MS:1002038	NT=synapt ms;AC=MS:1001782	NT=Trypsin;AC=MS:1001251	NT=collision-induced dissociation;AC=MS:1000133	1	1	G2_210421_dhesse_1_68249_HDMSe.raw.zip	ftp://ftp.pride.ebi.ac.uk/pride/data/archive/2024/07/PXD045738/G2_210421_dhesse_1_68249_HDMSe.raw.zip	v1.1.0	NT=ms-proteomics;VV=v1.1.0	NT=dia-acquisition;VV=v1.1.0	manual curation	heart
G2_210421_dhesse_1_68247_HDMSe.raw.zip	mus musculus	heart	not applicable	cardiovascular system disease	1	G2_210421_dhesse_1_68247_HDMSe.raw.zip	proteomic profiling by mass spectrometry	Data-independent acquisition	NT=label free sample;AC=MS:1002038	NT=synapt ms;AC=MS:1001782	NT=Trypsin;AC=MS:1001251	NT=collision-induced dissociation;AC=MS:1000133	1	1	G2_210421_dhesse_1_68247_HDMSe.raw.zip	ftp://ftp.pride.ebi.ac.uk/pride/data/archive/2024/07/PXD045738/G2_210421_dhesse_1_68247_HDMSe.raw.zip	v1.1.0	NT=ms-proteomics;VV=v1.1.0	NT=dia-acquisition;VV=v1.1.0	manual curation	heart
S2_T_210416_dhesse_1_67901_HDMSe.raw.zip	mus musculus	heart	not applicable	cardiovascular system disease	1	S2_T_210416_dhesse_1_67901_HDMSe.raw.zip	proteomic profiling by mass spectrometry	Data-independent acquisition	NT=label free sample;AC=MS:1002038	NT=synapt ms;AC=MS:1001782	NT=Trypsin;AC=MS:1001251	NT=collision-induced dissociation;AC=MS:1000133	1	1	S2_T_210416_dhesse_1_67901_HDMSe.raw.zip	ftp://ftp.pride.ebi.ac.uk/pride/data/archive/2024/07/PXD045738/S2_T_210416_dhesse_1_67901_HDMSe.raw.zip	v1.1.0	NT=ms-proteomics;VV=v1.1.0	NT=dia-acquisition;VV=v1.1.0	manual curation	heart
S2_T_210423_dhesse_1_68038_HDMSe.raw.zip	mus musculus	heart	not applicable	cardiovascular system disease	1	S2_T_210423_dhesse_1_68038_HDMSe.raw.zip	proteomic profiling by mass spectrometry	Data-independent acquisition	NT=label free sample;AC=MS:1002038	NT=synapt ms;AC=MS:1001782	NT=Trypsin;AC=MS:1001251	NT=collision-induced dissociation;AC=MS:1000133	1	1	S2_T_210423_dhesse_1_68038_HDMSe.raw.zip	ftp://ftp.pride.ebi.ac.uk/pride/data/archive/2024/07/PXD045738/S2_T_210423_dhesse_1_68038_HDMSe.raw.zip	v1.1.0	NT=ms-proteomics;VV=v1.1.0	NT=dia-acquisition;VV=v1.1.0	manual curation	heart
G2_210414_dhesse_1_68132_HDMSe.raw.zip	mus musculus	heart	not applicable	cardiovascular system disease	1	G2_210414_dhesse_1_68132_HDMSe.raw.zip	proteomic profiling by mass spectrometry	Data-independent acquisition	NT=label free sample;AC=MS:1002038	NT=synapt ms;AC=MS:1001782	NT=Trypsin;AC=MS:1001251	NT=collision-induced dissociation;AC=MS:1000133	1	1	G2_210414_dhesse_1_68132_HDMSe.raw.zip	ftp://ftp.pride.ebi.ac.uk/pride/data/archive/2024/07/PXD045738/G2_210414_dhesse_1_68132_HDMSe.raw.zip	v1.1.0	NT=ms-proteomics;VV=v1.1.0	NT=dia-acquisition;VV=v1.1.0	manual curation	heart
S2_T_210416_dhesse_1_67877_HDMSe.raw.zip	mus musculus	heart	not applicable	cardiovascular system disease	1	S2_T_210416_dhesse_1_67877_HDMSe.raw.zip	proteomic profiling by mass spectrometry	Data-independent acquisition	NT=label free sample;AC=MS:1002038	NT=synapt ms;AC=MS:1001782	NT=Trypsin;AC=MS:1001251	NT=collision-induced dissociation;AC=MS:1000133	1	1	S2_T_210416_dhesse_1_67877_HDMSe.raw.zip	ftp://ftp.pride.ebi.ac.uk/pride/data/archive/2024/07/PXD045738/S2_T_210416_dhesse_1_67877_HDMSe.raw.zip	v1.1.0	NT=ms-proteomics;VV=v1.1.0	NT=dia-acquisition;VV=v1.1.0	manual curation	heart
G2_210421_dhesse_1_68244_HDMSe.raw.zip	mus musculus	heart	not applicable	cardiovascular system disease	1	G2_210421_dhesse_1_68244_HDMSe.raw.zip	proteomic profiling by mass spectrometry	Data-independent acquisition	NT=label free sample;AC=MS:1002038	NT=synapt ms;AC=MS:1001782	NT=Trypsin;AC=MS:1001251	NT=collision-induced dissociation;AC=MS:1000133	1	1	G2_210421_dhesse_1_68244_HDMSe.raw.zip	ftp://ftp.pride.ebi.ac.uk/pride/data/archive/2024/07/PXD045738/G2_210421_dhesse_1_68244_HDMSe.raw.zip	v1.1.0	NT=ms-proteomics;VV=v1.1.0	NT=dia-acquisition;VV=v1.1.0	manual curation	heart
S2_T_210423_dhesse_1_67988_HDMSe.raw.zip	mus musculus	heart	not applicable	cardiovascular system disease	1	S2_T_210423_dhesse_1_67988_HDMSe.raw.zip	proteomic profiling by mass spectrometry	Data-independent acquisition	NT=label free sample;AC=MS:1002038	NT=synapt ms;AC=MS:1001782	NT=Trypsin;AC=MS:1001251	NT=collision-induced dissociation;AC=MS:1000133	1	1	S2_T_210423_dhesse_1_67988_HDMSe.raw.zip	ftp://ftp.pride.ebi.ac.uk/pride/data/archive/2024/07/PXD045738/S2_T_210423_dhesse_1_67988_HDMSe.raw.zip	v1.1.0	NT=ms-proteomics;VV=v1.1.0	NT=dia-acquisition;VV=v1.1.0	manual curation	heart
G2_210414_dhesse_1_68087_HDMSe.raw.zip	mus musculus	heart	not applicable	cardiovascular system disease	1	G2_210414_dhesse_1_68087_HDMSe.raw.zip	proteomic profiling by mass spectrometry	Data-independent acquisition	NT=label free sample;AC=MS:1002038	NT=synapt ms;AC=MS:1001782	NT=Trypsin;AC=MS:1001251	NT=collision-induced dissociation;AC=MS:1000133	1	1	G2_210414_dhesse_1_68087_HDMSe.raw.zip	ftp://ftp.pride.ebi.ac.uk/pride/data/archive/2024/07/PXD045738/G2_210414_dhesse_1_68087_HDMSe.raw.zip	v1.1.0	NT=ms-proteomics;VV=v1.1.0	NT=dia-acquisition;VV=v1.1.0	manual curation	heart
S2_T_210423_dhesse_1_68034_HDMSe.raw.zip	mus musculus	heart	not applicable	cardiovascular system disease	1	S2_T_210423_dhesse_1_68034_HDMSe.raw.zip	proteomic profiling by mass spectrometry	Data-independent acquisition	NT=label free sample;AC=MS:1002038	NT=synapt ms;AC=MS:1001782	NT=Trypsin;AC=MS:1001251	NT=collision-induced dissociation;AC=MS:1000133	1	1	S2_T_210423_dhesse_1_68034_HDMSe.raw.zip	ftp://ftp.pride.ebi.ac.uk/pride/data/archive/2024/07/PXD045738/S2_T_210423_dhesse_1_68034_HDMSe.raw.zip	v1.1.0	NT=ms-proteomics;VV=v1.1.0	NT=dia-acquisition;VV=v1.1.0	manual curation	heart
G2_210421_dhesse_1_68190_HDMSe.raw.zip	mus musculus	heart	not applicable	cardiovascular system disease	1	G2_210421_dhesse_1_68190_HDMSe.raw.zip	proteomic profiling by mass spectrometry	Data-independent acquisition	NT=label free sample;AC=MS:1002038	NT=synapt ms;AC=MS:1001782	NT=Trypsin;AC=MS:1001251	NT=collision-induced dissociation;AC=MS:1000133	1	1	G2_210421_dhesse_1_68190_HDMSe.raw.zip	ftp://ftp.pride.ebi.ac.uk/pride/data/archive/2024/07/PXD045738/G2_210421_dhesse_1_68190_HDMSe.raw.zip	v1.1.0	NT=ms-proteomics;VV=v1.1.0	NT=dia-acquisition;VV=v1.1.0	manual curation	heart
G2_210414_dhesse_1_68145_HDMSe.raw.zip	mus musculus	heart	not applicable	cardiovascular system disease	1	G2_210414_dhesse_1_68145_HDMSe.raw.zip	proteomic profiling by mass spectrometry	Data-independent acquisition	NT=label free sample;AC=MS:1002038	NT=synapt ms;AC=MS:1001782	NT=Trypsin;AC=MS:1001251	NT=collision-induced dissociation;AC=MS:1000133	1	1	G2_210414_dhesse_1_68145_HDMSe.raw.zip	ftp://ftp.pride.ebi.ac.uk/pride/data/archive/2024/07/PXD045738/G2_210414_dhesse_1_68145_HDMSe.raw.zip	v1.1.0	NT=ms-proteomics;VV=v1.1.0	NT=dia-acquisition;VV=v1.1.0	manual curation	heart
S2_T_210416_dhesse_1_67872_HDMSe.raw.zip	mus musculus	heart	not applicable	cardiovascular system disease	1	S2_T_210416_dhesse_1_67872_HDMSe.raw.zip	proteomic profiling by mass spectrometry	Data-independent acquisition	NT=label free sample;AC=MS:1002038	NT=synapt ms;AC=MS:1001782	NT=Trypsin;AC=MS:1001251	NT=collision-induced dissociation;AC=MS:1000133	1	1	S2_T_210416_dhesse_1_67872_HDMSe.raw.zip	ftp://ftp.pride.ebi.ac.uk/pride/data/archive/2024/07/PXD045738/S2_T_210416_dhesse_1_67872_HDMSe.raw.zip	v1.1.0	NT=ms-proteomics;VV=v1.1.0	NT=dia-acquisition;VV=v1.1.0	manual curation	heart
G2_210414_dhesse_1_68091_HDMSe.raw.zip	mus musculus	heart	not applicable	cardiovascular system disease	1	G2_210414_dhesse_1_68091_HDMSe.raw.zip	proteomic profiling by mass spectrometry	Data-independent acquisition	NT=label free sample;AC=MS:1002038	NT=synapt ms;AC=MS:1001782	NT=Trypsin;AC=MS:1001251	NT=collision-induced dissociation;AC=MS:1000133	1	1	G2_210414_dhesse_1_68091_HDMSe.raw.zip	ftp://ftp.pride.ebi.ac.uk/pride/data/archive/2024/07/PXD045738/G2_210414_dhesse_1_68091_HDMSe.raw.zip	v1.1.0	NT=ms-proteomics;VV=v1.1.0	NT=dia-acquisition;VV=v1.1.0	manual curation	heart
S2_T_210416_dhesse_1_67899_HDMSe.raw.zip	mus musculus	heart	not applicable	cardiovascular system disease	1	S2_T_210416_dhesse_1_67899_HDMSe.raw.zip	proteomic profiling by mass spectrometry	Data-independent acquisition	NT=label free sample;AC=MS:1002038	NT=synapt ms;AC=MS:1001782	NT=Trypsin;AC=MS:1001251	NT=collision-induced dissociation;AC=MS:1000133	1	1	S2_T_210416_dhesse_1_67899_HDMSe.raw.zip	ftp://ftp.pride.ebi.ac.uk/pride/data/archive/2024/07/PXD045738/S2_T_210416_dhesse_1_67899_HDMSe.raw.zip	v1.1.0	NT=ms-proteomics;VV=v1.1.0	NT=dia-acquisition;VV=v1.1.0	manual curation	heart
S2_T_210423_dhesse_1_67965_HDMSe.raw.zip	mus musculus	heart	not applicable	cardiovascular system disease	1	S2_T_210423_dhesse_1_67965_HDMSe.raw.zip	proteomic profiling by mass spectrometry	Data-independent acquisition	NT=label free sample;AC=MS:1002038	NT=synapt ms;AC=MS:1001782	NT=Trypsin;AC=MS:1001251	NT=collision-induced dissociation;AC=MS:1000133	1	1	S2_T_210423_dhesse_1_67965_HDMSe.raw.zip	ftp://ftp.pride.ebi.ac.uk/pride/data/archive/2024/07/PXD045738/S2_T_210423_dhesse_1_67965_HDMSe.raw.zip	v1.1.0	NT=ms-proteomics;VV=v1.1.0	NT=dia-acquisition;VV=v1.1.0	manual curation	heart
G2_210421_dhesse_1_68173_HDMSe.raw.zip	mus musculus	heart	not applicable	cardiovascular system disease	1	G2_210421_dhesse_1_68173_HDMSe.raw.zip	proteomic profiling by mass spectrometry	Data-independent acquisition	NT=label free sample;AC=MS:1002038	NT=synapt ms;AC=MS:1001782	NT=Trypsin;AC=MS:1001251	NT=collision-induced dissociation;AC=MS:1000133	1	1	G2_210421_dhesse_1_68173_HDMSe.raw.zip	ftp://ftp.pride.ebi.ac.uk/pride/data/archive/2024/07/PXD045738/G2_210421_dhesse_1_68173_HDMSe.raw.zip	v1.1.0	NT=ms-proteomics;VV=v1.1.0	NT=dia-acquisition;VV=v1.1.0	manual curation	heart
G2_210421_dhesse_1_68250_HDMSe.raw.zip	mus musculus	heart	not applicable	cardiovascular system disease	1	G2_210421_dhesse_1_68250_HDMSe.raw.zip	proteomic profiling by mass spectrometry	Data-independent acquisition	NT=label free sample;AC=MS:1002038	NT=synapt ms;AC=MS:1001782	NT=Trypsin;AC=MS:1001251	NT=collision-induced dissociation;AC=MS:1000133	1	1	G2_210421_dhesse_1_68250_HDMSe.raw.zip	ftp://ftp.pride.ebi.ac.uk/pride/data/archive/2024/07/PXD045738/G2_210421_dhesse_1_68250_HDMSe.raw.zip	v1.1.0	NT=ms-proteomics;VV=v1.1.0	NT=dia-acquisition;VV=v1.1.0	manual curation	heart
S2_T_210423_dhesse_1_68031_HDMSe.raw.zip	mus musculus	heart	not applicable	cardiovascular system disease	1	S2_T_210423_dhesse_1_68031_HDMSe.raw.zip	proteomic profiling by mass spectrometry	Data-independent acquisition	NT=label free sample;AC=MS:1002038	NT=synapt ms;AC=MS:1001782	NT=Trypsin;AC=MS:1001251	NT=collision-induced dissociation;AC=MS:1000133	1	1	S2_T_210423_dhesse_1_68031_HDMSe.raw.zip	ftp://ftp.pride.ebi.ac.uk/pride/data/archive/2024/07/PXD045738/S2_T_210423_dhesse_1_68031_HDMSe.raw.zip	v1.1.0	NT=ms-proteomics;VV=v1.1.0	NT=dia-acquisition;VV=v1.1.0	manual curation	heart
G2_210414_dhesse_1_68086_HDMSe.raw.zip	mus musculus	heart	not applicable	cardiovascular system disease	1	G2_210414_dhesse_1_68086_HDMSe.raw.zip	proteomic profiling by mass spectrometry	Data-independent acquisition	NT=label free sample;AC=MS:1002038	NT=synapt ms;AC=MS:1001782	NT=Trypsin;AC=MS:1001251	NT=collision-induced dissociation;AC=MS:1000133	1	1	G2_210414_dhesse_1_68086_HDMSe.raw.zip	ftp://ftp.pride.ebi.ac.uk/pride/data/archive/2024/07/PXD045738/G2_210414_dhesse_1_68086_HDMSe.raw.zip	v1.1.0	NT=ms-proteomics;VV=v1.1.0	NT=dia-acquisition;VV=v1.1.0	manual curation	heart
S2_T_210416_dhesse_1_67961_HDMSe.raw.zip	mus musculus	heart	not applicable	cardiovascular system disease	1	S2_T_210416_dhesse_1_67961_HDMSe.raw.zip	proteomic profiling by mass spectrometry	Data-independent acquisition	NT=label free sample;AC=MS:1002038	NT=synapt ms;AC=MS:1001782	NT=Trypsin;AC=MS:1001251	NT=collision-induced dissociation;AC=MS:1000133	1	1	S2_T_210416_dhesse_1_67961_HDMSe.raw.zip	ftp://ftp.pride.ebi.ac.uk/pride/data/archive/2024/07/PXD045738/S2_T_210416_dhesse_1_67961_HDMSe.raw.zip	v1.1.0	NT=ms-proteomics;VV=v1.1.0	NT=dia-acquisition;VV=v1.1.0	manual curation	heart
S2_T_210423_dhesse_1_68051_HDMSe.raw.zip	mus musculus	heart	not applicable	cardiovascular system disease	1	S2_T_210423_dhesse_1_68051_HDMSe.raw.zip	proteomic profiling by mass spectrometry	Data-independent acquisition	NT=label free sample;AC=MS:1002038	NT=synapt ms;AC=MS:1001782	NT=Trypsin;AC=MS:1001251	NT=collision-induced dissociation;AC=MS:1000133	1	1	S2_T_210423_dhesse_1_68051_HDMSe.raw.zip	ftp://ftp.pride.ebi.ac.uk/pride/data/archive/2024/07/PXD045738/S2_T_210423_dhesse_1_68051_HDMSe.raw.zip	v1.1.0	NT=ms-proteomics;VV=v1.1.0	NT=dia-acquisition;VV=v1.1.0	manual curation	heart
S2_T_210416_dhesse_1_67905_HDMSe.raw.zip	mus musculus	heart	not applicable	cardiovascular system disease	1	S2_T_210416_dhesse_1_67905_HDMSe.raw.zip	proteomic profiling by mass spectrometry	Data-independent acquisition	NT=label free sample;AC=MS:1002038	NT=synapt ms;AC=MS:1001782	NT=Trypsin;AC=MS:1001251	NT=collision-induced dissociation;AC=MS:1000133	1	1	S2_T_210416_dhesse_1_67905_HDMSe.raw.zip	ftp://ftp.pride.ebi.ac.uk/pride/data/archive/2024/07/PXD045738/S2_T_210416_dhesse_1_67905_HDMSe.raw.zip	v1.1.0	NT=ms-proteomics;VV=v1.1.0	NT=dia-acquisition;VV=v1.1.0	manual curation	heart
S2_T_210423_dhesse_1_68023_HDMSe.raw.zip	mus musculus	heart	not applicable	cardiovascular system disease	1	S2_T_210423_dhesse_1_68023_HDMSe.raw.zip	proteomic profiling by mass spectrometry	Data-independent acquisition	NT=label free sample;AC=MS:1002038	NT=synapt ms;AC=MS:1001782	NT=Trypsin;AC=MS:1001251	NT=collision-induced dissociation;AC=MS:1000133	1	1	S2_T_210423_dhesse_1_68023_HDMSe.raw.zip	ftp://ftp.pride.ebi.ac.uk/pride/data/archive/2024/07/PXD045738/S2_T_210423_dhesse_1_68023_HDMSe.raw.zip	v1.1.0	NT=ms-proteomics;VV=v1.1.0	NT=dia-acquisition;VV=v1.1.0	manual curation	heart
S2_T_210423_dhesse_1_67982_HDMSe.raw.zip	mus musculus	heart	not applicable	cardiovascular system disease	1	S2_T_210423_dhesse_1_67982_HDMSe.raw.zip	proteomic profiling by mass spectrometry	Data-independent acquisition	NT=label free sample;AC=MS:1002038	NT=synapt ms;AC=MS:1001782	NT=Trypsin;AC=MS:1001251	NT=collision-induced dissociation;AC=MS:1000133	1	1	S2_T_210423_dhesse_1_67982_HDMSe.raw.zip	ftp://ftp.pride.ebi.ac.uk/pride/data/archive/2024/07/PXD045738/S2_T_210423_dhesse_1_67982_HDMSe.raw.zip	v1.1.0	NT=ms-proteomics;VV=v1.1.0	NT=dia-acquisition;VV=v1.1.0	manual curation	heart
G2_210421_dhesse_1_68222_HDMSe.raw.zip	mus musculus	heart	not applicable	cardiovascular system disease	1	G2_210421_dhesse_1_68222_HDMSe.raw.zip	proteomic profiling by mass spectrometry	Data-independent acquisition	NT=label free sample;AC=MS:1002038	NT=synapt ms;AC=MS:1001782	NT=Trypsin;AC=MS:1001251	NT=collision-induced dissociation;AC=MS:1000133	1	1	G2_210421_dhesse_1_68222_HDMSe.raw.zip	ftp://ftp.pride.ebi.ac.uk/pride/data/archive/2024/07/PXD045738/G2_210421_dhesse_1_68222_HDMSe.raw.zip	v1.1.0	NT=ms-proteomics;VV=v1.1.0	NT=dia-acquisition;VV=v1.1.0	manual curation	heart
G2_210414_dhesse_1_68065_HDMSe.raw.zip	mus musculus	heart	not applicable	cardiovascular system disease	1	G2_210414_dhesse_1_68065_HDMSe.raw.zip	proteomic profiling by mass spectrometry	Data-independent acquisition	NT=label free sample;AC=MS:1002038	NT=synapt ms;AC=MS:1001782	NT=Trypsin;AC=MS:1001251	NT=collision-induced dissociation;AC=MS:1000133	1	1	G2_210414_dhesse_1_68065_HDMSe.raw.zip	ftp://ftp.pride.ebi.ac.uk/pride/data/archive/2024/07/PXD045738/G2_210414_dhesse_1_68065_HDMSe.raw.zip	v1.1.0	NT=ms-proteomics;VV=v1.1.0	NT=dia-acquisition;VV=v1.1.0	manual curation	heart
S2_T_210423_dhesse_1_68019_HDMSe.raw.zip	mus musculus	heart	not applicable	cardiovascular system disease	1	S2_T_210423_dhesse_1_68019_HDMSe.raw.zip	proteomic profiling by mass spectrometry	Data-independent acquisition	NT=label free sample;AC=MS:1002038	NT=synapt ms;AC=MS:1001782	NT=Trypsin;AC=MS:1001251	NT=collision-induced dissociation;AC=MS:1000133	1	1	S2_T_210423_dhesse_1_68019_HDMSe.raw.zip	ftp://ftp.pride.ebi.ac.uk/pride/data/archive/2024/07/PXD045738/S2_T_210423_dhesse_1_68019_HDMSe.raw.zip	v1.1.0	NT=ms-proteomics;VV=v1.1.0	NT=dia-acquisition;VV=v1.1.0	manual curation	heart
S2_T_210423_dhesse_1_67966_HDMSe.raw.zip	mus musculus	heart	not applicable	cardiovascular system disease	1	S2_T_210423_dhesse_1_67966_HDMSe.raw.zip	proteomic profiling by mass spectrometry	Data-independent acquisition	NT=label free sample;AC=MS:1002038	NT=synapt ms;AC=MS:1001782	NT=Trypsin;AC=MS:1001251	NT=collision-induced dissociation;AC=MS:1000133	1	1	S2_T_210423_dhesse_1_67966_HDMSe.raw.zip	ftp://ftp.pride.ebi.ac.uk/pride/data/archive/2024/07/PXD045738/S2_T_210423_dhesse_1_67966_HDMSe.raw.zip	v1.1.0	NT=ms-proteomics;VV=v1.1.0	NT=dia-acquisition;VV=v1.1.0	manual curation	heart
G2_210421_dhesse_1_68212_HDMSe.raw.zip	mus musculus	heart	not applicable	cardiovascular system disease	1	G2_210421_dhesse_1_68212_HDMSe.raw.zip	proteomic profiling by mass spectrometry	Data-independent acquisition	NT=label free sample;AC=MS:1002038	NT=synapt ms;AC=MS:1001782	NT=Trypsin;AC=MS:1001251	NT=collision-induced dissociation;AC=MS:1000133	1	1	G2_210421_dhesse_1_68212_HDMSe.raw.zip	ftp://ftp.pride.ebi.ac.uk/pride/data/archive/2024/07/PXD045738/G2_210421_dhesse_1_68212_HDMSe.raw.zip	v1.1.0	NT=ms-proteomics;VV=v1.1.0	NT=dia-acquisition;VV=v1.1.0	manual curation	heart
S2_T_210423_dhesse_1_68016_HDMSe.raw.zip	mus musculus	heart	not applicable	cardiovascular system disease	1	S2_T_210423_dhesse_1_68016_HDMSe.raw.zip	proteomic profiling by mass spectrometry	Data-independent acquisition	NT=label free sample;AC=MS:1002038	NT=synapt ms;AC=MS:1001782	NT=Trypsin;AC=MS:1001251	NT=collision-induced dissociation;AC=MS:1000133	1	1	S2_T_210423_dhesse_1_68016_HDMSe.raw.zip	ftp://ftp.pride.ebi.ac.uk/pride/data/archive/2024/07/PXD045738/S2_T_210423_dhesse_1_68016_HDMSe.raw.zip	v1.1.0	NT=ms-proteomics;VV=v1.1.0	NT=dia-acquisition;VV=v1.1.0	manual curation	heart
S2_T_210423_dhesse_1_68025_HDMSe.raw.zip	mus musculus	heart	not applicable	cardiovascular system disease	1	S2_T_210423_dhesse_1_68025_HDMSe.raw.zip	proteomic profiling by mass spectrometry	Data-independent acquisition	NT=label free sample;AC=MS:1002038	NT=synapt ms;AC=MS:1001782	NT=Trypsin;AC=MS:1001251	NT=collision-induced dissociation;AC=MS:1000133	1	1	S2_T_210423_dhesse_1_68025_HDMSe.raw.zip	ftp://ftp.pride.ebi.ac.uk/pride/data/archive/2024/07/PXD045738/S2_T_210423_dhesse_1_68025_HDMSe.raw.zip	v1.1.0	NT=ms-proteomics;VV=v1.1.0	NT=dia-acquisition;VV=v1.1.0	manual curation	heart
G2_210414_dhesse_1_68122_HDMSe.raw.zip	mus musculus	heart	not applicable	cardiovascular system disease	1	G2_210414_dhesse_1_68122_HDMSe.raw.zip	proteomic profiling by mass spectrometry	Data-independent acquisition	NT=label free sample;AC=MS:1002038	NT=synapt ms;AC=MS:1001782	NT=Trypsin;AC=MS:1001251	NT=collision-induced dissociation;AC=MS:1000133	1	1	G2_210414_dhesse_1_68122_HDMSe.raw.zip	ftp://ftp.pride.ebi.ac.uk/pride/data/archive/2024/07/PXD045738/G2_210414_dhesse_1_68122_HDMSe.raw.zip	v1.1.0	NT=ms-proteomics;VV=v1.1.0	NT=dia-acquisition;VV=v1.1.0	manual curation	heart
G2_210421_dhesse_1_68240_HDMSe.raw.zip	mus musculus	heart	not applicable	cardiovascular system disease	1	G2_210421_dhesse_1_68240_HDMSe.raw.zip	proteomic profiling by mass spectrometry	Data-independent acquisition	NT=label free sample;AC=MS:1002038	NT=synapt ms;AC=MS:1001782	NT=Trypsin;AC=MS:1001251	NT=collision-induced dissociation;AC=MS:1000133	1	1	G2_210421_dhesse_1_68240_HDMSe.raw.zip	ftp://ftp.pride.ebi.ac.uk/pride/data/archive/2024/07/PXD045738/G2_210421_dhesse_1_68240_HDMSe.raw.zip	v1.1.0	NT=ms-proteomics;VV=v1.1.0	NT=dia-acquisition;VV=v1.1.0	manual curation	heart
S2_T_210423_dhesse_1_68058_HDMSe.raw.zip	mus musculus	heart	not applicable	cardiovascular system disease	1	S2_T_210423_dhesse_1_68058_HDMSe.raw.zip	proteomic profiling by mass spectrometry	Data-independent acquisition	NT=label free sample;AC=MS:1002038	NT=synapt ms;AC=MS:1001782	NT=Trypsin;AC=MS:1001251	NT=collision-induced dissociation;AC=MS:1000133	1	1	S2_T_210423_dhesse_1_68058_HDMSe.raw.zip	ftp://ftp.pride.ebi.ac.uk/pride/data/archive/2024/07/PXD045738/S2_T_210423_dhesse_1_68058_HDMSe.raw.zip	v1.1.0	NT=ms-proteomics;VV=v1.1.0	NT=dia-acquisition;VV=v1.1.0	manual curation	heart
S2_T_210423_dhesse_1_67975_HDMSe.raw.zip	mus musculus	heart	not applicable	cardiovascular system disease	1	S2_T_210423_dhesse_1_67975_HDMSe.raw.zip	proteomic profiling by mass spectrometry	Data-independent acquisition	NT=label free sample;AC=MS:1002038	NT=synapt ms;AC=MS:1001782	NT=Trypsin;AC=MS:1001251	NT=collision-induced dissociation;AC=MS:1000133	1	1	S2_T_210423_dhesse_1_67975_HDMSe.raw.zip	ftp://ftp.pride.ebi.ac.uk/pride/data/archive/2024/07/PXD045738/S2_T_210423_dhesse_1_67975_HDMSe.raw.zip	v1.1.0	NT=ms-proteomics;VV=v1.1.0	NT=dia-acquisition;VV=v1.1.0	manual curation	heart
S2_T_210416_dhesse_1_67898_HDMSe.raw.zip	mus musculus	heart	not applicable	cardiovascular system disease	1	S2_T_210416_dhesse_1_67898_HDMSe.raw.zip	proteomic profiling by mass spectrometry	Data-independent acquisition	NT=label free sample;AC=MS:1002038	NT=synapt ms;AC=MS:1001782	NT=Trypsin;AC=MS:1001251	NT=collision-induced dissociation;AC=MS:1000133	1	1	S2_T_210416_dhesse_1_67898_HDMSe.raw.zip	ftp://ftp.pride.ebi.ac.uk/pride/data/archive/2024/07/PXD045738/S2_T_210416_dhesse_1_67898_HDMSe.raw.zip	v1.1.0	NT=ms-proteomics;VV=v1.1.0	NT=dia-acquisition;VV=v1.1.0	manual curation	heart
S2_T_210416_dhesse_1_67953_HDMSe.raw.zip	mus musculus	heart	not applicable	cardiovascular system disease	1	S2_T_210416_dhesse_1_67953_HDMSe.raw.zip	proteomic profiling by mass spectrometry	Data-independent acquisition	NT=label free sample;AC=MS:1002038	NT=synapt ms;AC=MS:1001782	NT=Trypsin;AC=MS:1001251	NT=collision-induced dissociation;AC=MS:1000133	1	1	S2_T_210416_dhesse_1_67953_HDMSe.raw.zip	ftp://ftp.pride.ebi.ac.uk/pride/data/archive/2024/07/PXD045738/S2_T_210416_dhesse_1_67953_HDMSe.raw.zip	v1.1.0	NT=ms-proteomics;VV=v1.1.0	NT=dia-acquisition;VV=v1.1.0	manual curation	heart
S2_T_210423_dhesse_1_68000_HDMSe.raw.zip	mus musculus	heart	not applicable	cardiovascular system disease	1	S2_T_210423_dhesse_1_68000_HDMSe.raw.zip	proteomic profiling by mass spectrometry	Data-independent acquisition	NT=label free sample;AC=MS:1002038	NT=synapt ms;AC=MS:1001782	NT=Trypsin;AC=MS:1001251	NT=collision-induced dissociation;AC=MS:1000133	1	1	S2_T_210423_dhesse_1_68000_HDMSe.raw.zip	ftp://ftp.pride.ebi.ac.uk/pride/data/archive/2024/07/PXD045738/S2_T_210423_dhesse_1_68000_HDMSe.raw.zip	v1.1.0	NT=ms-proteomics;VV=v1.1.0	NT=dia-acquisition;VV=v1.1.0	manual curation	heart
G2_210414_dhesse_1_68134_HDMSe.raw.zip	mus musculus	heart	not applicable	cardiovascular system disease	1	G2_210414_dhesse_1_68134_HDMSe.raw.zip	proteomic profiling by mass spectrometry	Data-independent acquisition	NT=label free sample;AC=MS:1002038	NT=synapt ms;AC=MS:1001782	NT=Trypsin;AC=MS:1001251	NT=collision-induced dissociation;AC=MS:1000133	1	1	G2_210414_dhesse_1_68134_HDMSe.raw.zip	ftp://ftp.pride.ebi.ac.uk/pride/data/archive/2024/07/PXD045738/G2_210414_dhesse_1_68134_HDMSe.raw.zip	v1.1.0	NT=ms-proteomics;VV=v1.1.0	NT=dia-acquisition;VV=v1.1.0	manual curation	heart
G2_210414_dhesse_1_68110_HDMSe.raw.zip	mus musculus	heart	not applicable	cardiovascular system disease	1	G2_210414_dhesse_1_68110_HDMSe.raw.zip	proteomic profiling by mass spectrometry	Data-independent acquisition	NT=label free sample;AC=MS:1002038	NT=synapt ms;AC=MS:1001782	NT=Trypsin;AC=MS:1001251	NT=collision-induced dissociation;AC=MS:1000133	1	1	G2_210414_dhesse_1_68110_HDMSe.raw.zip	ftp://ftp.pride.ebi.ac.uk/pride/data/archive/2024/07/PXD045738/G2_210414_dhesse_1_68110_HDMSe.raw.zip	v1.1.0	NT=ms-proteomics;VV=v1.1.0	NT=dia-acquisition;VV=v1.1.0	manual curation	heart
G2_210421_dhesse_1_68167_HDMSe.raw.zip	mus musculus	heart	not applicable	cardiovascular system disease	1	G2_210421_dhesse_1_68167_HDMSe.raw.zip	proteomic profiling by mass spectrometry	Data-independent acquisition	NT=label free sample;AC=MS:1002038	NT=synapt ms;AC=MS:1001782	NT=Trypsin;AC=MS:1001251	NT=collision-induced dissociation;AC=MS:1000133	1	1	G2_210421_dhesse_1_68167_HDMSe.raw.zip	ftp://ftp.pride.ebi.ac.uk/pride/data/archive/2024/07/PXD045738/G2_210421_dhesse_1_68167_HDMSe.raw.zip	v1.1.0	NT=ms-proteomics;VV=v1.1.0	NT=dia-acquisition;VV=v1.1.0	manual curation	heart
S2_T_210423_dhesse_1_68003_HDMSe.raw.zip	mus musculus	heart	not applicable	cardiovascular system disease	1	S2_T_210423_dhesse_1_68003_HDMSe.raw.zip	proteomic profiling by mass spectrometry	Data-independent acquisition	NT=label free sample;AC=MS:1002038	NT=synapt ms;AC=MS:1001782	NT=Trypsin;AC=MS:1001251	NT=collision-induced dissociation;AC=MS:1000133	1	1	S2_T_210423_dhesse_1_68003_HDMSe.raw.zip	ftp://ftp.pride.ebi.ac.uk/pride/data/archive/2024/07/PXD045738/S2_T_210423_dhesse_1_68003_HDMSe.raw.zip	v1.1.0	NT=ms-proteomics;VV=v1.1.0	NT=dia-acquisition;VV=v1.1.0	manual curation	heart
G2_210421_dhesse_1_68251_HDMSe.raw.zip	mus musculus	heart	not applicable	cardiovascular system disease	1	G2_210421_dhesse_1_68251_HDMSe.raw.zip	proteomic profiling by mass spectrometry	Data-independent acquisition	NT=label free sample;AC=MS:1002038	NT=synapt ms;AC=MS:1001782	NT=Trypsin;AC=MS:1001251	NT=collision-induced dissociation;AC=MS:1000133	1	1	G2_210421_dhesse_1_68251_HDMSe.raw.zip	ftp://ftp.pride.ebi.ac.uk/pride/data/archive/2024/07/PXD045738/G2_210421_dhesse_1_68251_HDMSe.raw.zip	v1.1.0	NT=ms-proteomics;VV=v1.1.0	NT=dia-acquisition;VV=v1.1.0	manual curation	heart
S2_T_210416_dhesse_1_67927_HDMSe.raw.zip	mus musculus	heart	not applicable	cardiovascular system disease	1	S2_T_210416_dhesse_1_67927_HDMSe.raw.zip	proteomic profiling by mass spectrometry	Data-independent acquisition	NT=label free sample;AC=MS:1002038	NT=synapt ms;AC=MS:1001782	NT=Trypsin;AC=MS:1001251	NT=collision-induced dissociation;AC=MS:1000133	1	1	S2_T_210416_dhesse_1_67927_HDMSe.raw.zip	ftp://ftp.pride.ebi.ac.uk/pride/data/archive/2024/07/PXD045738/S2_T_210416_dhesse_1_67927_HDMSe.raw.zip	v1.1.0	NT=ms-proteomics;VV=v1.1.0	NT=dia-acquisition;VV=v1.1.0	manual curation	heart
G2_210421_dhesse_1_68175_HDMSe.raw.zip	mus musculus	heart	not applicable	cardiovascular system disease	1	G2_210421_dhesse_1_68175_HDMSe.raw.zip	proteomic profiling by mass spectrometry	Data-independent acquisition	NT=label free sample;AC=MS:1002038	NT=synapt ms;AC=MS:1001782	NT=Trypsin;AC=MS:1001251	NT=collision-induced dissociation;AC=MS:1000133	1	1	G2_210421_dhesse_1_68175_HDMSe.raw.zip	ftp://ftp.pride.ebi.ac.uk/pride/data/archive/2024/07/PXD045738/G2_210421_dhesse_1_68175_HDMSe.raw.zip	v1.1.0	NT=ms-proteomics;VV=v1.1.0	NT=dia-acquisition;VV=v1.1.0	manual curation	heart
G2_210421_dhesse_1_68198_HDMSe.raw.zip	mus musculus	heart	not applicable	cardiovascular system disease	1	G2_210421_dhesse_1_68198_HDMSe.raw.zip	proteomic profiling by mass spectrometry	Data-independent acquisition	NT=label free sample;AC=MS:1002038	NT=synapt ms;AC=MS:1001782	NT=Trypsin;AC=MS:1001251	NT=collision-induced dissociation;AC=MS:1000133	1	1	G2_210421_dhesse_1_68198_HDMSe.raw.zip	ftp://ftp.pride.ebi.ac.uk/pride/data/archive/2024/07/PXD045738/G2_210421_dhesse_1_68198_HDMSe.raw.zip	v1.1.0	NT=ms-proteomics;VV=v1.1.0	NT=dia-acquisition;VV=v1.1.0	manual curation	heart
S2_T_210416_dhesse_1_67946_HDMSe.raw.zip	mus musculus	heart	not applicable	cardiovascular system disease	1	S2_T_210416_dhesse_1_67946_HDMSe.raw.zip	proteomic profiling by mass spectrometry	Data-independent acquisition	NT=label free sample;AC=MS:1002038	NT=synapt ms;AC=MS:1001782	NT=Trypsin;AC=MS:1001251	NT=collision-induced dissociation;AC=MS:1000133	1	1	S2_T_210416_dhesse_1_67946_HDMSe.raw.zip	ftp://ftp.pride.ebi.ac.uk/pride/data/archive/2024/07/PXD045738/S2_T_210416_dhesse_1_67946_HDMSe.raw.zip	v1.1.0	NT=ms-proteomics;VV=v1.1.0	NT=dia-acquisition;VV=v1.1.0	manual curation	heart
