source name	characteristics[organism]	characteristics[organism part]	characteristics[cell type]	characteristics[disease]	characteristics[biological replicate]	assay name	technology type	comment[proteomics data acquisition method]	comment[label]	comment[instrument]	comment[cleavage agent details]	comment[dissociation method]	comment[precursor mass tolerance]	comment[fragment mass tolerance]	comment[fraction identifier]	comment[technical replicate]	comment[data file]	comment[file uri]	comment[sdrf version]	comment[sdrf template]	comment[sdrf annotation tool]	factor value[organism part]
QE_Control_human_liver_1310_SCX3	homo sapiens	liver	not applicable	metabolic dysfunction-associated steatohepatitis	1	QE_Control_human_liver_1310_SCX3	proteomic profiling by mass spectrometry	NT=Data-dependent acquisition;AC=PRIDE:0000627	NT=label free sample;AC=MS:1002038	NT=q exactive;AC=MS:1001911	NT=Trypsin;AC=MS:1001251	NT=collision-induced dissociation;AC=MS:1000133	0.02 Da	0.02 Da	1	1	QE_Control_human_liver_1310_SCX3.raw	ftp://ftp.pride.ebi.ac.uk/pride/data/archive/2025/05/PXD035735/QE_Control_human_liver_1310_SCX3.raw	v1.1.0	NT=ms-proteomics;VV=v1.1.0	manual curation	liver
Mouse_687_FOLR3_SCX6	homo sapiens	not available	not applicable	metabolic dysfunction-associated steatohepatitis	1	Mouse_687_FOLR3_SCX6	proteomic profiling by mass spectrometry	NT=Data-dependent acquisition;AC=PRIDE:0000627	NT=label free sample;AC=MS:1002038	NT=q exactive;AC=MS:1001911	NT=Trypsin;AC=MS:1001251	NT=collision-induced dissociation;AC=MS:1000133	0.02 Da	0.02 Da	1	1	Mouse_687_FOLR3_SCX6.raw	ftp://ftp.pride.ebi.ac.uk/pride/data/archive/2025/05/PXD035735/Mouse_687_FOLR3_SCX6.raw	v1.1.0	NT=ms-proteomics;VV=v1.1.0	manual curation	not available
QE_Human_liver_only_NASH_499_SCX1	homo sapiens	liver	not applicable	metabolic dysfunction-associated steatohepatitis	1	QE_Human_liver_only_NASH_499_SCX1	proteomic profiling by mass spectrometry	NT=Data-dependent acquisition;AC=PRIDE:0000627	NT=label free sample;AC=MS:1002038	NT=q exactive;AC=MS:1001911	NT=Trypsin;AC=MS:1001251	NT=collision-induced dissociation;AC=MS:1000133	0.02 Da	0.02 Da	1	1	QE_Human_liver_only_NASH_499_SCX1.raw	ftp://ftp.pride.ebi.ac.uk/pride/data/archive/2025/05/PXD035735/QE_Human_liver_only_NASH_499_SCX1.raw	v1.1.0	NT=ms-proteomics;VV=v1.1.0	manual curation	liver
QE_NASH_human_liver_1028_SCX1	homo sapiens	liver	not applicable	metabolic dysfunction-associated steatohepatitis	1	QE_NASH_human_liver_1028_SCX1	proteomic profiling by mass spectrometry	NT=Data-dependent acquisition;AC=PRIDE:0000627	NT=label free sample;AC=MS:1002038	NT=q exactive;AC=MS:1001911	NT=Trypsin;AC=MS:1001251	NT=collision-induced dissociation;AC=MS:1000133	0.02 Da	0.02 Da	1	1	QE_NASH_human_liver_1028_SCX1.raw	ftp://ftp.pride.ebi.ac.uk/pride/data/archive/2025/05/PXD035735/QE_NASH_human_liver_1028_SCX1.raw	v1.1.0	NT=ms-proteomics;VV=v1.1.0	manual curation	liver
Mouse_784_HF_HCh_SCX4	homo sapiens	not available	not applicable	metabolic dysfunction-associated steatohepatitis	1	Mouse_784_HF_HCh_SCX4	proteomic profiling by mass spectrometry	NT=Data-dependent acquisition;AC=PRIDE:0000627	NT=label free sample;AC=MS:1002038	NT=q exactive;AC=MS:1001911	NT=Trypsin;AC=MS:1001251	NT=collision-induced dissociation;AC=MS:1000133	0.02 Da	0.02 Da	1	1	Mouse_784_HF_HCh_SCX4.raw	ftp://ftp.pride.ebi.ac.uk/pride/data/archive/2025/05/PXD035735/Mouse_784_HF_HCh_SCX4.raw	v1.1.0	NT=ms-proteomics;VV=v1.1.0	manual curation	not available
QE_Human_liver_only_NASH_1069_SCX1	homo sapiens	liver	not applicable	metabolic dysfunction-associated steatohepatitis	1	QE_Human_liver_only_NASH_1069_SCX1	proteomic profiling by mass spectrometry	NT=Data-dependent acquisition;AC=PRIDE:0000627	NT=label free sample;AC=MS:1002038	NT=q exactive;AC=MS:1001911	NT=Trypsin;AC=MS:1001251	NT=collision-induced dissociation;AC=MS:1000133	0.02 Da	0.02 Da	1	1	QE_Human_liver_only_NASH_1069_SCX1.raw	ftp://ftp.pride.ebi.ac.uk/pride/data/archive/2025/05/PXD035735/QE_Human_liver_only_NASH_1069_SCX1.raw	v1.1.0	NT=ms-proteomics;VV=v1.1.0	manual curation	liver
Mouse_688_FOLR3_SCX2	homo sapiens	not available	not applicable	metabolic dysfunction-associated steatohepatitis	1	Mouse_688_FOLR3_SCX2	proteomic profiling by mass spectrometry	NT=Data-dependent acquisition;AC=PRIDE:0000627	NT=label free sample;AC=MS:1002038	NT=q exactive;AC=MS:1001911	NT=Trypsin;AC=MS:1001251	NT=collision-induced dissociation;AC=MS:1000133	0.02 Da	0.02 Da	1	1	Mouse_688_FOLR3_SCX2.raw	ftp://ftp.pride.ebi.ac.uk/pride/data/archive/2025/05/PXD035735/Mouse_688_FOLR3_SCX2.raw	v1.1.0	NT=ms-proteomics;VV=v1.1.0	manual curation	not available
QE_Control_human_liver_1299_SCX3	homo sapiens	liver	not applicable	metabolic dysfunction-associated steatohepatitis	1	QE_Control_human_liver_1299_SCX3	proteomic profiling by mass spectrometry	NT=Data-dependent acquisition;AC=PRIDE:0000627	NT=label free sample;AC=MS:1002038	NT=q exactive;AC=MS:1001911	NT=Trypsin;AC=MS:1001251	NT=collision-induced dissociation;AC=MS:1000133	0.02 Da	0.02 Da	1	1	QE_Control_human_liver_1299_SCX3.raw	ftp://ftp.pride.ebi.ac.uk/pride/data/archive/2025/05/PXD035735/QE_Control_human_liver_1299_SCX3.raw	v1.1.0	NT=ms-proteomics;VV=v1.1.0	manual curation	liver
QE_Human_liver_only_NASH_499_SCX3	homo sapiens	liver	not applicable	metabolic dysfunction-associated steatohepatitis	1	QE_Human_liver_only_NASH_499_SCX3	proteomic profiling by mass spectrometry	NT=Data-dependent acquisition;AC=PRIDE:0000627	NT=label free sample;AC=MS:1002038	NT=q exactive;AC=MS:1001911	NT=Trypsin;AC=MS:1001251	NT=collision-induced dissociation;AC=MS:1000133	0.02 Da	0.02 Da	1	1	QE_Human_liver_only_NASH_499_SCX3.raw	ftp://ftp.pride.ebi.ac.uk/pride/data/archive/2025/05/PXD035735/QE_Human_liver_only_NASH_499_SCX3.raw	v1.1.0	NT=ms-proteomics;VV=v1.1.0	manual curation	liver
FOLR3TGF1b_1_24hr_media	homo sapiens	not available	not applicable	metabolic dysfunction-associated steatohepatitis	1	FOLR3TGF1b_1_24hr_media	proteomic profiling by mass spectrometry	NT=Data-dependent acquisition;AC=PRIDE:0000627	NT=label free sample;AC=MS:1002038	NT=q exactive;AC=MS:1001911	NT=Trypsin;AC=MS:1001251	NT=collision-induced dissociation;AC=MS:1000133	0.02 Da	0.02 Da	1	1	FOLR3TGF1b_1_24hr_media.raw	ftp://ftp.pride.ebi.ac.uk/pride/data/archive/2025/05/PXD035735/FOLR3TGF1b_1_24hr_media.raw	v1.1.0	NT=ms-proteomics;VV=v1.1.0	manual curation	not available
Mouse_792_FOLR3_SCX2	homo sapiens	not available	not applicable	metabolic dysfunction-associated steatohepatitis	1	Mouse_792_FOLR3_SCX2	proteomic profiling by mass spectrometry	NT=Data-dependent acquisition;AC=PRIDE:0000627	NT=label free sample;AC=MS:1002038	NT=q exactive;AC=MS:1001911	NT=Trypsin;AC=MS:1001251	NT=collision-induced dissociation;AC=MS:1000133	0.02 Da	0.02 Da	1	1	Mouse_792_FOLR3_SCX2.raw	ftp://ftp.pride.ebi.ac.uk/pride/data/archive/2025/05/PXD035735/Mouse_792_FOLR3_SCX2.raw	v1.1.0	NT=ms-proteomics;VV=v1.1.0	manual curation	not available
Mouse_688_FOLR3_SCX3	homo sapiens	not available	not applicable	metabolic dysfunction-associated steatohepatitis	1	Mouse_688_FOLR3_SCX3	proteomic profiling by mass spectrometry	NT=Data-dependent acquisition;AC=PRIDE:0000627	NT=label free sample;AC=MS:1002038	NT=q exactive;AC=MS:1001911	NT=Trypsin;AC=MS:1001251	NT=collision-induced dissociation;AC=MS:1000133	0.02 Da	0.02 Da	1	1	Mouse_688_FOLR3_SCX3.raw	ftp://ftp.pride.ebi.ac.uk/pride/data/archive/2025/05/PXD035735/Mouse_688_FOLR3_SCX3.raw	v1.1.0	NT=ms-proteomics;VV=v1.1.0	manual curation	not available
QE_NASH_human_liver_1028_SCX5	homo sapiens	liver	not applicable	metabolic dysfunction-associated steatohepatitis	1	QE_NASH_human_liver_1028_SCX5	proteomic profiling by mass spectrometry	NT=Data-dependent acquisition;AC=PRIDE:0000627	NT=label free sample;AC=MS:1002038	NT=q exactive;AC=MS:1001911	NT=Trypsin;AC=MS:1001251	NT=collision-induced dissociation;AC=MS:1000133	0.02 Da	0.02 Da	1	1	QE_NASH_human_liver_1028_SCX5.raw	ftp://ftp.pride.ebi.ac.uk/pride/data/archive/2025/05/PXD035735/QE_NASH_human_liver_1028_SCX5.raw	v1.1.0	NT=ms-proteomics;VV=v1.1.0	manual curation	liver
Mouse_777_SCX4	homo sapiens	not available	not applicable	metabolic dysfunction-associated steatohepatitis	1	Mouse_777_SCX4	proteomic profiling by mass spectrometry	NT=Data-dependent acquisition;AC=PRIDE:0000627	NT=label free sample;AC=MS:1002038	NT=q exactive;AC=MS:1001911	NT=Trypsin;AC=MS:1001251	NT=collision-induced dissociation;AC=MS:1000133	0.02 Da	0.02 Da	1	1	Mouse_777_SCX4.raw	ftp://ftp.pride.ebi.ac.uk/pride/data/archive/2025/05/PXD035735/Mouse_777_SCX4.raw	v1.1.0	NT=ms-proteomics;VV=v1.1.0	manual curation	not available
Mouse_776_SCX4	homo sapiens	not available	not applicable	metabolic dysfunction-associated steatohepatitis	1	Mouse_776_SCX4	proteomic profiling by mass spectrometry	NT=Data-dependent acquisition;AC=PRIDE:0000627	NT=label free sample;AC=MS:1002038	NT=q exactive;AC=MS:1001911	NT=Trypsin;AC=MS:1001251	NT=collision-induced dissociation;AC=MS:1000133	0.02 Da	0.02 Da	1	1	Mouse_776_SCX4.raw	ftp://ftp.pride.ebi.ac.uk/pride/data/archive/2025/05/PXD035735/Mouse_776_SCX4.raw	v1.1.0	NT=ms-proteomics;VV=v1.1.0	manual curation	not available
QE_Human_liver_only_NASH_613_SCX5	homo sapiens	liver	not applicable	metabolic dysfunction-associated steatohepatitis	1	QE_Human_liver_only_NASH_613_SCX5	proteomic profiling by mass spectrometry	NT=Data-dependent acquisition;AC=PRIDE:0000627	NT=label free sample;AC=MS:1002038	NT=q exactive;AC=MS:1001911	NT=Trypsin;AC=MS:1001251	NT=collision-induced dissociation;AC=MS:1000133	0.02 Da	0.02 Da	1	1	QE_Human_liver_only_NASH_613_SCX5.raw	ftp://ftp.pride.ebi.ac.uk/pride/data/archive/2025/05/PXD035735/QE_Human_liver_only_NASH_613_SCX5.raw	v1.1.0	NT=ms-proteomics;VV=v1.1.0	manual curation	liver
QE_24hr_stellate_FOLR3_1_SCX6	homo sapiens	not available	not applicable	metabolic dysfunction-associated steatohepatitis	1	QE_24hr_stellate_FOLR3_1_SCX6	proteomic profiling by mass spectrometry	NT=Data-dependent acquisition;AC=PRIDE:0000627	NT=label free sample;AC=MS:1002038	NT=q exactive;AC=MS:1001911	NT=Trypsin;AC=MS:1001251	NT=collision-induced dissociation;AC=MS:1000133	0.02 Da	0.02 Da	1	1	QE_24hr_stellate_FOLR3_1_SCX6.raw	ftp://ftp.pride.ebi.ac.uk/pride/data/archive/2025/05/PXD035735/QE_24hr_stellate_FOLR3_1_SCX6.raw	v1.1.0	NT=ms-proteomics;VV=v1.1.0	manual curation	not available
QE_Steatosis_human_liver_804_SCX2	homo sapiens	liver	not applicable	metabolic dysfunction-associated steatohepatitis	1	QE_Steatosis_human_liver_804_SCX2	proteomic profiling by mass spectrometry	NT=Data-dependent acquisition;AC=PRIDE:0000627	NT=label free sample;AC=MS:1002038	NT=q exactive;AC=MS:1001911	NT=Trypsin;AC=MS:1001251	NT=collision-induced dissociation;AC=MS:1000133	0.02 Da	0.02 Da	1	1	QE_Steatosis_human_liver_804_SCX2.raw	ftp://ftp.pride.ebi.ac.uk/pride/data/archive/2025/05/PXD035735/QE_Steatosis_human_liver_804_SCX2.raw	v1.1.0	NT=ms-proteomics;VV=v1.1.0	manual curation	liver
QE_Human_liver_only_NASH_499_SCX6	homo sapiens	liver	not applicable	metabolic dysfunction-associated steatohepatitis	1	QE_Human_liver_only_NASH_499_SCX6	proteomic profiling by mass spectrometry	NT=Data-dependent acquisition;AC=PRIDE:0000627	NT=label free sample;AC=MS:1002038	NT=q exactive;AC=MS:1001911	NT=Trypsin;AC=MS:1001251	NT=collision-induced dissociation;AC=MS:1000133	0.02 Da	0.02 Da	1	1	QE_Human_liver_only_NASH_499_SCX6.raw	ftp://ftp.pride.ebi.ac.uk/pride/data/archive/2025/05/PXD035735/QE_Human_liver_only_NASH_499_SCX6.raw	v1.1.0	NT=ms-proteomics;VV=v1.1.0	manual curation	liver
QE_Steatosis_human_liver_574_SCX3	homo sapiens	liver	not applicable	metabolic dysfunction-associated steatohepatitis	1	QE_Steatosis_human_liver_574_SCX3	proteomic profiling by mass spectrometry	NT=Data-dependent acquisition;AC=PRIDE:0000627	NT=label free sample;AC=MS:1002038	NT=q exactive;AC=MS:1001911	NT=Trypsin;AC=MS:1001251	NT=collision-induced dissociation;AC=MS:1000133	0.02 Da	0.02 Da	1	1	QE_Steatosis_human_liver_574_SCX3.raw	ftp://ftp.pride.ebi.ac.uk/pride/data/archive/2025/05/PXD035735/QE_Steatosis_human_liver_574_SCX3.raw	v1.1.0	NT=ms-proteomics;VV=v1.1.0	manual curation	liver
QE_24hr_stellate_FOLR3_2_SCX3	homo sapiens	not available	not applicable	metabolic dysfunction-associated steatohepatitis	1	QE_24hr_stellate_FOLR3_2_SCX3	proteomic profiling by mass spectrometry	NT=Data-dependent acquisition;AC=PRIDE:0000627	NT=label free sample;AC=MS:1002038	NT=q exactive;AC=MS:1001911	NT=Trypsin;AC=MS:1001251	NT=collision-induced dissociation;AC=MS:1000133	0.02 Da	0.02 Da	1	1	QE_24hr_stellate_FOLR3_2_SCX3.raw	ftp://ftp.pride.ebi.ac.uk/pride/data/archive/2025/05/PXD035735/QE_24hr_stellate_FOLR3_2_SCX3.raw	v1.1.0	NT=ms-proteomics;VV=v1.1.0	manual curation	not available
QE_NASH_human_liver_847_SCX2	homo sapiens	liver	not applicable	metabolic dysfunction-associated steatohepatitis	1	QE_NASH_human_liver_847_SCX2	proteomic profiling by mass spectrometry	NT=Data-dependent acquisition;AC=PRIDE:0000627	NT=label free sample;AC=MS:1002038	NT=q exactive;AC=MS:1001911	NT=Trypsin;AC=MS:1001251	NT=collision-induced dissociation;AC=MS:1000133	0.02 Da	0.02 Da	1	1	QE_NASH_human_liver_847_SCX2.raw	ftp://ftp.pride.ebi.ac.uk/pride/data/archive/2025/05/PXD035735/QE_NASH_human_liver_847_SCX2.raw	v1.1.0	NT=ms-proteomics;VV=v1.1.0	manual curation	liver
QE_24hr_stellate_Ctrl_2_SCX1	homo sapiens	not available	not applicable	metabolic dysfunction-associated steatohepatitis	1	QE_24hr_stellate_Ctrl_2_SCX1	proteomic profiling by mass spectrometry	NT=Data-dependent acquisition;AC=PRIDE:0000627	NT=label free sample;AC=MS:1002038	NT=q exactive;AC=MS:1001911	NT=Trypsin;AC=MS:1001251	NT=collision-induced dissociation;AC=MS:1000133	0.02 Da	0.02 Da	1	1	QE_24hr_stellate_Ctrl_2_SCX1.raw	ftp://ftp.pride.ebi.ac.uk/pride/data/archive/2025/05/PXD035735/QE_24hr_stellate_Ctrl_2_SCX1.raw	v1.1.0	NT=ms-proteomics;VV=v1.1.0	manual curation	not available
QE_24hr_stellate_Ctrl_2_SCX4	homo sapiens	not available	not applicable	metabolic dysfunction-associated steatohepatitis	1	QE_24hr_stellate_Ctrl_2_SCX4	proteomic profiling by mass spectrometry	NT=Data-dependent acquisition;AC=PRIDE:0000627	NT=label free sample;AC=MS:1002038	NT=q exactive;AC=MS:1001911	NT=Trypsin;AC=MS:1001251	NT=collision-induced dissociation;AC=MS:1000133	0.02 Da	0.02 Da	1	1	QE_24hr_stellate_Ctrl_2_SCX4.raw	ftp://ftp.pride.ebi.ac.uk/pride/data/archive/2025/05/PXD035735/QE_24hr_stellate_Ctrl_2_SCX4.raw	v1.1.0	NT=ms-proteomics;VV=v1.1.0	manual curation	not available
QE_NASH_human_liver_1028_SCX4	homo sapiens	liver	not applicable	metabolic dysfunction-associated steatohepatitis	1	QE_NASH_human_liver_1028_SCX4	proteomic profiling by mass spectrometry	NT=Data-dependent acquisition;AC=PRIDE:0000627	NT=label free sample;AC=MS:1002038	NT=q exactive;AC=MS:1001911	NT=Trypsin;AC=MS:1001251	NT=collision-induced dissociation;AC=MS:1000133	0.02 Da	0.02 Da	1	1	QE_NASH_human_liver_1028_SCX4.raw	ftp://ftp.pride.ebi.ac.uk/pride/data/archive/2025/05/PXD035735/QE_NASH_human_liver_1028_SCX4.raw	v1.1.0	NT=ms-proteomics;VV=v1.1.0	manual curation	liver
QE_Diabetes_human_liver_632_SCX2	homo sapiens	liver	not applicable	metabolic dysfunction-associated steatohepatitis	1	QE_Diabetes_human_liver_632_SCX2	proteomic profiling by mass spectrometry	NT=Data-dependent acquisition;AC=PRIDE:0000627	NT=label free sample;AC=MS:1002038	NT=q exactive;AC=MS:1001911	NT=Trypsin;AC=MS:1001251	NT=collision-induced dissociation;AC=MS:1000133	0.02 Da	0.02 Da	1	1	QE_Diabetes_human_liver_632_SCX2.raw	ftp://ftp.pride.ebi.ac.uk/pride/data/archive/2025/05/PXD035735/QE_Diabetes_human_liver_632_SCX2.raw	v1.1.0	NT=ms-proteomics;VV=v1.1.0	manual curation	liver
Mouse_684_HF_HCh_SCX6	homo sapiens	not available	not applicable	metabolic dysfunction-associated steatohepatitis	1	Mouse_684_HF_HCh_SCX6	proteomic profiling by mass spectrometry	NT=Data-dependent acquisition;AC=PRIDE:0000627	NT=label free sample;AC=MS:1002038	NT=q exactive;AC=MS:1001911	NT=Trypsin;AC=MS:1001251	NT=collision-induced dissociation;AC=MS:1000133	0.02 Da	0.02 Da	1	1	Mouse_684_HF_HCh_SCX6.raw	ftp://ftp.pride.ebi.ac.uk/pride/data/archive/2025/05/PXD035735/Mouse_684_HF_HCh_SCX6.raw	v1.1.0	NT=ms-proteomics;VV=v1.1.0	manual curation	not available
QE_24hr_stellate_FOLR3_TGF1b_1_SCX4	homo sapiens	not available	not applicable	metabolic dysfunction-associated steatohepatitis	1	QE_24hr_stellate_FOLR3_TGF1b_1_SCX4	proteomic profiling by mass spectrometry	NT=Data-dependent acquisition;AC=PRIDE:0000627	NT=label free sample;AC=MS:1002038	NT=q exactive;AC=MS:1001911	NT=Trypsin;AC=MS:1001251	NT=collision-induced dissociation;AC=MS:1000133	0.02 Da	0.02 Da	1	1	QE_24hr_stellate_FOLR3_TGF1b_1_SCX4.raw	ftp://ftp.pride.ebi.ac.uk/pride/data/archive/2025/05/PXD035735/QE_24hr_stellate_FOLR3_TGF1b_1_SCX4.raw	v1.1.0	NT=ms-proteomics;VV=v1.1.0	manual curation	not available
QE_24hr_stellate_FOLR3_3_SCX4	homo sapiens	not available	not applicable	metabolic dysfunction-associated steatohepatitis	1	QE_24hr_stellate_FOLR3_3_SCX4	proteomic profiling by mass spectrometry	NT=Data-dependent acquisition;AC=PRIDE:0000627	NT=label free sample;AC=MS:1002038	NT=q exactive;AC=MS:1001911	NT=Trypsin;AC=MS:1001251	NT=collision-induced dissociation;AC=MS:1000133	0.02 Da	0.02 Da	1	1	QE_24hr_stellate_FOLR3_3_SCX4.raw	ftp://ftp.pride.ebi.ac.uk/pride/data/archive/2025/05/PXD035735/QE_24hr_stellate_FOLR3_3_SCX4.raw	v1.1.0	NT=ms-proteomics;VV=v1.1.0	manual curation	not available
FOLR3TGF1b_2_24hr_media	homo sapiens	not available	not applicable	metabolic dysfunction-associated steatohepatitis	1	FOLR3TGF1b_2_24hr_media	proteomic profiling by mass spectrometry	NT=Data-dependent acquisition;AC=PRIDE:0000627	NT=label free sample;AC=MS:1002038	NT=q exactive;AC=MS:1001911	NT=Trypsin;AC=MS:1001251	NT=collision-induced dissociation;AC=MS:1000133	0.02 Da	0.02 Da	1	1	FOLR3TGF1b_2_24hr_media.raw	ftp://ftp.pride.ebi.ac.uk/pride/data/archive/2025/05/PXD035735/FOLR3TGF1b_2_24hr_media.raw	v1.1.0	NT=ms-proteomics;VV=v1.1.0	manual curation	not available
FOLR3_2_24hr_media	homo sapiens	not available	not applicable	metabolic dysfunction-associated steatohepatitis	1	FOLR3_2_24hr_media	proteomic profiling by mass spectrometry	NT=Data-dependent acquisition;AC=PRIDE:0000627	NT=label free sample;AC=MS:1002038	NT=q exactive;AC=MS:1001911	NT=Trypsin;AC=MS:1001251	NT=collision-induced dissociation;AC=MS:1000133	0.02 Da	0.02 Da	1	1	FOLR3_2_24hr_media.raw	ftp://ftp.pride.ebi.ac.uk/pride/data/archive/2025/05/PXD035735/FOLR3_2_24hr_media.raw	v1.1.0	NT=ms-proteomics;VV=v1.1.0	manual curation	not available
QE_mice_liver_HFDChol_0_723_SCX5	homo sapiens	liver	not applicable	metabolic dysfunction-associated steatohepatitis	1	QE_mice_liver_HFDChol_0_723_SCX5	proteomic profiling by mass spectrometry	NT=Data-dependent acquisition;AC=PRIDE:0000627	NT=label free sample;AC=MS:1002038	NT=q exactive;AC=MS:1001911	NT=Trypsin;AC=MS:1001251	NT=collision-induced dissociation;AC=MS:1000133	0.02 Da	0.02 Da	1	1	QE_mice_liver_HFDChol_0_723_SCX5.raw	ftp://ftp.pride.ebi.ac.uk/pride/data/archive/2025/05/PXD035735/QE_mice_liver_HFDChol_0_723_SCX5.raw	v1.1.0	NT=ms-proteomics;VV=v1.1.0	manual curation	liver
QE_24hr_stellate_Ctrl_2_SCX3	homo sapiens	not available	not applicable	metabolic dysfunction-associated steatohepatitis	1	QE_24hr_stellate_Ctrl_2_SCX3	proteomic profiling by mass spectrometry	NT=Data-dependent acquisition;AC=PRIDE:0000627	NT=label free sample;AC=MS:1002038	NT=q exactive;AC=MS:1001911	NT=Trypsin;AC=MS:1001251	NT=collision-induced dissociation;AC=MS:1000133	0.02 Da	0.02 Da	1	1	QE_24hr_stellate_Ctrl_2_SCX3.raw	ftp://ftp.pride.ebi.ac.uk/pride/data/archive/2025/05/PXD035735/QE_24hr_stellate_Ctrl_2_SCX3.raw	v1.1.0	NT=ms-proteomics;VV=v1.1.0	manual curation	not available
Mouse_777_SCX6	homo sapiens	not available	not applicable	metabolic dysfunction-associated steatohepatitis	1	Mouse_777_SCX6	proteomic profiling by mass spectrometry	NT=Data-dependent acquisition;AC=PRIDE:0000627	NT=label free sample;AC=MS:1002038	NT=q exactive;AC=MS:1001911	NT=Trypsin;AC=MS:1001251	NT=collision-induced dissociation;AC=MS:1000133	0.02 Da	0.02 Da	1	1	Mouse_777_SCX6.raw	ftp://ftp.pride.ebi.ac.uk/pride/data/archive/2025/05/PXD035735/Mouse_777_SCX6.raw	v1.1.0	NT=ms-proteomics;VV=v1.1.0	manual curation	not available
QE_Diabetes_human_liver_1304_SCX4	homo sapiens	liver	not applicable	metabolic dysfunction-associated steatohepatitis	1	QE_Diabetes_human_liver_1304_SCX4	proteomic profiling by mass spectrometry	NT=Data-dependent acquisition;AC=PRIDE:0000627	NT=label free sample;AC=MS:1002038	NT=q exactive;AC=MS:1001911	NT=Trypsin;AC=MS:1001251	NT=collision-induced dissociation;AC=MS:1000133	0.02 Da	0.02 Da	1	1	QE_Diabetes_human_liver_1304_SCX4.raw	ftp://ftp.pride.ebi.ac.uk/pride/data/archive/2025/05/PXD035735/QE_Diabetes_human_liver_1304_SCX4.raw	v1.1.0	NT=ms-proteomics;VV=v1.1.0	manual curation	liver
Mouse_784_HF_HCh_SCX3	homo sapiens	not available	not applicable	metabolic dysfunction-associated steatohepatitis	1	Mouse_784_HF_HCh_SCX3	proteomic profiling by mass spectrometry	NT=Data-dependent acquisition;AC=PRIDE:0000627	NT=label free sample;AC=MS:1002038	NT=q exactive;AC=MS:1001911	NT=Trypsin;AC=MS:1001251	NT=collision-induced dissociation;AC=MS:1000133	0.02 Da	0.02 Da	1	1	Mouse_784_HF_HCh_SCX3.raw	ftp://ftp.pride.ebi.ac.uk/pride/data/archive/2025/05/PXD035735/Mouse_784_HF_HCh_SCX3.raw	v1.1.0	NT=ms-proteomics;VV=v1.1.0	manual curation	not available
QE_Steatosis_human_liver_804_SCX4	homo sapiens	liver	not applicable	metabolic dysfunction-associated steatohepatitis	1	QE_Steatosis_human_liver_804_SCX4	proteomic profiling by mass spectrometry	NT=Data-dependent acquisition;AC=PRIDE:0000627	NT=label free sample;AC=MS:1002038	NT=q exactive;AC=MS:1001911	NT=Trypsin;AC=MS:1001251	NT=collision-induced dissociation;AC=MS:1000133	0.02 Da	0.02 Da	1	1	QE_Steatosis_human_liver_804_SCX4.raw	ftp://ftp.pride.ebi.ac.uk/pride/data/archive/2025/05/PXD035735/QE_Steatosis_human_liver_804_SCX4.raw	v1.1.0	NT=ms-proteomics;VV=v1.1.0	manual curation	liver
QE_Control_human_liver_1310_SCX1	homo sapiens	liver	not applicable	metabolic dysfunction-associated steatohepatitis	1	QE_Control_human_liver_1310_SCX1	proteomic profiling by mass spectrometry	NT=Data-dependent acquisition;AC=PRIDE:0000627	NT=label free sample;AC=MS:1002038	NT=q exactive;AC=MS:1001911	NT=Trypsin;AC=MS:1001251	NT=collision-induced dissociation;AC=MS:1000133	0.02 Da	0.02 Da	1	1	QE_Control_human_liver_1310_SCX1.raw	ftp://ftp.pride.ebi.ac.uk/pride/data/archive/2025/05/PXD035735/QE_Control_human_liver_1310_SCX1.raw	v1.1.0	NT=ms-proteomics;VV=v1.1.0	manual curation	liver
QE_Steatosis_human_liver_594_SCX6	homo sapiens	liver	not applicable	metabolic dysfunction-associated steatohepatitis	1	QE_Steatosis_human_liver_594_SCX6	proteomic profiling by mass spectrometry	NT=Data-dependent acquisition;AC=PRIDE:0000627	NT=label free sample;AC=MS:1002038	NT=q exactive;AC=MS:1001911	NT=Trypsin;AC=MS:1001251	NT=collision-induced dissociation;AC=MS:1000133	0.02 Da	0.02 Da	1	1	QE_Steatosis_human_liver_594_SCX6.raw	ftp://ftp.pride.ebi.ac.uk/pride/data/archive/2025/05/PXD035735/QE_Steatosis_human_liver_594_SCX6.raw	v1.1.0	NT=ms-proteomics;VV=v1.1.0	manual curation	liver
QE_24hr_stellate_FOLR3_TGF1b_3_SCX3	homo sapiens	not available	not applicable	metabolic dysfunction-associated steatohepatitis	1	QE_24hr_stellate_FOLR3_TGF1b_3_SCX3	proteomic profiling by mass spectrometry	NT=Data-dependent acquisition;AC=PRIDE:0000627	NT=label free sample;AC=MS:1002038	NT=q exactive;AC=MS:1001911	NT=Trypsin;AC=MS:1001251	NT=collision-induced dissociation;AC=MS:1000133	0.02 Da	0.02 Da	1	1	QE_24hr_stellate_FOLR3_TGF1b_3_SCX3.raw	ftp://ftp.pride.ebi.ac.uk/pride/data/archive/2025/05/PXD035735/QE_24hr_stellate_FOLR3_TGF1b_3_SCX3.raw	v1.1.0	NT=ms-proteomics;VV=v1.1.0	manual curation	not available
QE_NASH_human_liver_847_SCX3	homo sapiens	liver	not applicable	metabolic dysfunction-associated steatohepatitis	1	QE_NASH_human_liver_847_SCX3	proteomic profiling by mass spectrometry	NT=Data-dependent acquisition;AC=PRIDE:0000627	NT=label free sample;AC=MS:1002038	NT=q exactive;AC=MS:1001911	NT=Trypsin;AC=MS:1001251	NT=collision-induced dissociation;AC=MS:1000133	0.02 Da	0.02 Da	1	1	QE_NASH_human_liver_847_SCX3.raw	ftp://ftp.pride.ebi.ac.uk/pride/data/archive/2025/05/PXD035735/QE_NASH_human_liver_847_SCX3.raw	v1.1.0	NT=ms-proteomics;VV=v1.1.0	manual curation	liver
QE_Steatosis_human_liver_804_SCX6	homo sapiens	liver	not applicable	metabolic dysfunction-associated steatohepatitis	1	QE_Steatosis_human_liver_804_SCX6	proteomic profiling by mass spectrometry	NT=Data-dependent acquisition;AC=PRIDE:0000627	NT=label free sample;AC=MS:1002038	NT=q exactive;AC=MS:1001911	NT=Trypsin;AC=MS:1001251	NT=collision-induced dissociation;AC=MS:1000133	0.02 Da	0.02 Da	1	1	QE_Steatosis_human_liver_804_SCX6.raw	ftp://ftp.pride.ebi.ac.uk/pride/data/archive/2025/05/PXD035735/QE_Steatosis_human_liver_804_SCX6.raw	v1.1.0	NT=ms-proteomics;VV=v1.1.0	manual curation	liver
QE_Diabetes_human_liver_1304_SCX6	homo sapiens	liver	not applicable	metabolic dysfunction-associated steatohepatitis	1	QE_Diabetes_human_liver_1304_SCX6	proteomic profiling by mass spectrometry	NT=Data-dependent acquisition;AC=PRIDE:0000627	NT=label free sample;AC=MS:1002038	NT=q exactive;AC=MS:1001911	NT=Trypsin;AC=MS:1001251	NT=collision-induced dissociation;AC=MS:1000133	0.02 Da	0.02 Da	1	1	QE_Diabetes_human_liver_1304_SCX6.raw	ftp://ftp.pride.ebi.ac.uk/pride/data/archive/2025/05/PXD035735/QE_Diabetes_human_liver_1304_SCX6.raw	v1.1.0	NT=ms-proteomics;VV=v1.1.0	manual curation	liver
QE_24hr_stellate_FOLR3_2_SCX6	homo sapiens	not available	not applicable	metabolic dysfunction-associated steatohepatitis	1	QE_24hr_stellate_FOLR3_2_SCX6	proteomic profiling by mass spectrometry	NT=Data-dependent acquisition;AC=PRIDE:0000627	NT=label free sample;AC=MS:1002038	NT=q exactive;AC=MS:1001911	NT=Trypsin;AC=MS:1001251	NT=collision-induced dissociation;AC=MS:1000133	0.02 Da	0.02 Da	1	1	QE_24hr_stellate_FOLR3_2_SCX6.raw	ftp://ftp.pride.ebi.ac.uk/pride/data/archive/2025/05/PXD035735/QE_24hr_stellate_FOLR3_2_SCX6.raw	v1.1.0	NT=ms-proteomics;VV=v1.1.0	manual curation	not available
QE_Steatosis_human_liver_594_SCX3	homo sapiens	liver	not applicable	metabolic dysfunction-associated steatohepatitis	1	QE_Steatosis_human_liver_594_SCX3	proteomic profiling by mass spectrometry	NT=Data-dependent acquisition;AC=PRIDE:0000627	NT=label free sample;AC=MS:1002038	NT=q exactive;AC=MS:1001911	NT=Trypsin;AC=MS:1001251	NT=collision-induced dissociation;AC=MS:1000133	0.02 Da	0.02 Da	1	1	QE_Steatosis_human_liver_594_SCX3.raw	ftp://ftp.pride.ebi.ac.uk/pride/data/archive/2025/05/PXD035735/QE_Steatosis_human_liver_594_SCX3.raw	v1.1.0	NT=ms-proteomics;VV=v1.1.0	manual curation	liver
QE_Human_liver_only_NASH_602_SCX4	homo sapiens	liver	not applicable	metabolic dysfunction-associated steatohepatitis	1	QE_Human_liver_only_NASH_602_SCX4	proteomic profiling by mass spectrometry	NT=Data-dependent acquisition;AC=PRIDE:0000627	NT=label free sample;AC=MS:1002038	NT=q exactive;AC=MS:1001911	NT=Trypsin;AC=MS:1001251	NT=collision-induced dissociation;AC=MS:1000133	0.02 Da	0.02 Da	1	1	QE_Human_liver_only_NASH_602_SCX4.raw	ftp://ftp.pride.ebi.ac.uk/pride/data/archive/2025/05/PXD035735/QE_Human_liver_only_NASH_602_SCX4.raw	v1.1.0	NT=ms-proteomics;VV=v1.1.0	manual curation	liver
QE_Human_liver_only_NASH_602_SCX3	homo sapiens	liver	not applicable	metabolic dysfunction-associated steatohepatitis	1	QE_Human_liver_only_NASH_602_SCX3	proteomic profiling by mass spectrometry	NT=Data-dependent acquisition;AC=PRIDE:0000627	NT=label free sample;AC=MS:1002038	NT=q exactive;AC=MS:1001911	NT=Trypsin;AC=MS:1001251	NT=collision-induced dissociation;AC=MS:1000133	0.02 Da	0.02 Da	1	1	QE_Human_liver_only_NASH_602_SCX3.raw	ftp://ftp.pride.ebi.ac.uk/pride/data/archive/2025/05/PXD035735/QE_Human_liver_only_NASH_602_SCX3.raw	v1.1.0	NT=ms-proteomics;VV=v1.1.0	manual curation	liver
QE_Control_human_liver_1310_SCX5	homo sapiens	liver	not applicable	metabolic dysfunction-associated steatohepatitis	1	QE_Control_human_liver_1310_SCX5	proteomic profiling by mass spectrometry	NT=Data-dependent acquisition;AC=PRIDE:0000627	NT=label free sample;AC=MS:1002038	NT=q exactive;AC=MS:1001911	NT=Trypsin;AC=MS:1001251	NT=collision-induced dissociation;AC=MS:1000133	0.02 Da	0.02 Da	1	1	QE_Control_human_liver_1310_SCX5.raw	ftp://ftp.pride.ebi.ac.uk/pride/data/archive/2025/05/PXD035735/QE_Control_human_liver_1310_SCX5.raw	v1.1.0	NT=ms-proteomics;VV=v1.1.0	manual curation	liver
Mouse_784_HF_HCh_SCX1	homo sapiens	not available	not applicable	metabolic dysfunction-associated steatohepatitis	1	Mouse_784_HF_HCh_SCX1	proteomic profiling by mass spectrometry	NT=Data-dependent acquisition;AC=PRIDE:0000627	NT=label free sample;AC=MS:1002038	NT=q exactive;AC=MS:1001911	NT=Trypsin;AC=MS:1001251	NT=collision-induced dissociation;AC=MS:1000133	0.02 Da	0.02 Da	1	1	Mouse_784_HF_HCh_SCX1.raw	ftp://ftp.pride.ebi.ac.uk/pride/data/archive/2025/05/PXD035735/Mouse_784_HF_HCh_SCX1.raw	v1.1.0	NT=ms-proteomics;VV=v1.1.0	manual curation	not available
Mouse_688_FOLR3_SCX5	homo sapiens	not available	not applicable	metabolic dysfunction-associated steatohepatitis	1	Mouse_688_FOLR3_SCX5	proteomic profiling by mass spectrometry	NT=Data-dependent acquisition;AC=PRIDE:0000627	NT=label free sample;AC=MS:1002038	NT=q exactive;AC=MS:1001911	NT=Trypsin;AC=MS:1001251	NT=collision-induced dissociation;AC=MS:1000133	0.02 Da	0.02 Da	1	1	Mouse_688_FOLR3_SCX5.raw	ftp://ftp.pride.ebi.ac.uk/pride/data/archive/2025/05/PXD035735/Mouse_688_FOLR3_SCX5.raw	v1.1.0	NT=ms-proteomics;VV=v1.1.0	manual curation	not available
QE_Diabetes_human_liver_1285_SCX6	homo sapiens	liver	not applicable	metabolic dysfunction-associated steatohepatitis	1	QE_Diabetes_human_liver_1285_SCX6	proteomic profiling by mass spectrometry	NT=Data-dependent acquisition;AC=PRIDE:0000627	NT=label free sample;AC=MS:1002038	NT=q exactive;AC=MS:1001911	NT=Trypsin;AC=MS:1001251	NT=collision-induced dissociation;AC=MS:1000133	0.02 Da	0.02 Da	1	1	QE_Diabetes_human_liver_1285_SCX6.raw	ftp://ftp.pride.ebi.ac.uk/pride/data/archive/2025/05/PXD035735/QE_Diabetes_human_liver_1285_SCX6.raw	v1.1.0	NT=ms-proteomics;VV=v1.1.0	manual curation	liver
Mouse_777_SCX3	homo sapiens	not available	not applicable	metabolic dysfunction-associated steatohepatitis	1	Mouse_777_SCX3	proteomic profiling by mass spectrometry	NT=Data-dependent acquisition;AC=PRIDE:0000627	NT=label free sample;AC=MS:1002038	NT=q exactive;AC=MS:1001911	NT=Trypsin;AC=MS:1001251	NT=collision-induced dissociation;AC=MS:1000133	0.02 Da	0.02 Da	1	1	Mouse_777_SCX3.raw	ftp://ftp.pride.ebi.ac.uk/pride/data/archive/2025/05/PXD035735/Mouse_777_SCX3.raw	v1.1.0	NT=ms-proteomics;VV=v1.1.0	manual curation	not available
QE_Steatosis_human_liver_594_SCX5	homo sapiens	liver	not applicable	metabolic dysfunction-associated steatohepatitis	1	QE_Steatosis_human_liver_594_SCX5	proteomic profiling by mass spectrometry	NT=Data-dependent acquisition;AC=PRIDE:0000627	NT=label free sample;AC=MS:1002038	NT=q exactive;AC=MS:1001911	NT=Trypsin;AC=MS:1001251	NT=collision-induced dissociation;AC=MS:1000133	0.02 Da	0.02 Da	1	1	QE_Steatosis_human_liver_594_SCX5.raw	ftp://ftp.pride.ebi.ac.uk/pride/data/archive/2025/05/PXD035735/QE_Steatosis_human_liver_594_SCX5.raw	v1.1.0	NT=ms-proteomics;VV=v1.1.0	manual curation	liver
QE_24hr_stellate_TGF1b_4_SCX1	homo sapiens	not available	not applicable	metabolic dysfunction-associated steatohepatitis	1	QE_24hr_stellate_TGF1b_4_SCX1	proteomic profiling by mass spectrometry	NT=Data-dependent acquisition;AC=PRIDE:0000627	NT=label free sample;AC=MS:1002038	NT=q exactive;AC=MS:1001911	NT=Trypsin;AC=MS:1001251	NT=collision-induced dissociation;AC=MS:1000133	0.02 Da	0.02 Da	1	1	QE_24hr_stellate_TGF1b_4_SCX1.raw	ftp://ftp.pride.ebi.ac.uk/pride/data/archive/2025/05/PXD035735/QE_24hr_stellate_TGF1b_4_SCX1.raw	v1.1.0	NT=ms-proteomics;VV=v1.1.0	manual curation	not available
Mouse_686_FOLR3_SCX2	homo sapiens	not available	not applicable	metabolic dysfunction-associated steatohepatitis	1	Mouse_686_FOLR3_SCX2	proteomic profiling by mass spectrometry	NT=Data-dependent acquisition;AC=PRIDE:0000627	NT=label free sample;AC=MS:1002038	NT=q exactive;AC=MS:1001911	NT=Trypsin;AC=MS:1001251	NT=collision-induced dissociation;AC=MS:1000133	0.02 Da	0.02 Da	1	1	Mouse_686_FOLR3_SCX2.raw	ftp://ftp.pride.ebi.ac.uk/pride/data/archive/2025/05/PXD035735/Mouse_686_FOLR3_SCX2.raw	v1.1.0	NT=ms-proteomics;VV=v1.1.0	manual curation	not available
QE_Diabetes_human_liver_833_SCX5	homo sapiens	liver	not applicable	metabolic dysfunction-associated steatohepatitis	1	QE_Diabetes_human_liver_833_SCX5	proteomic profiling by mass spectrometry	NT=Data-dependent acquisition;AC=PRIDE:0000627	NT=label free sample;AC=MS:1002038	NT=q exactive;AC=MS:1001911	NT=Trypsin;AC=MS:1001251	NT=collision-induced dissociation;AC=MS:1000133	0.02 Da	0.02 Da	1	1	QE_Diabetes_human_liver_833_SCX5.raw	ftp://ftp.pride.ebi.ac.uk/pride/data/archive/2025/05/PXD035735/QE_Diabetes_human_liver_833_SCX5.raw	v1.1.0	NT=ms-proteomics;VV=v1.1.0	manual curation	liver
Mouse_781_SCX1	homo sapiens	not available	not applicable	metabolic dysfunction-associated steatohepatitis	1	Mouse_781_SCX1	proteomic profiling by mass spectrometry	NT=Data-dependent acquisition;AC=PRIDE:0000627	NT=label free sample;AC=MS:1002038	NT=q exactive;AC=MS:1001911	NT=Trypsin;AC=MS:1001251	NT=collision-induced dissociation;AC=MS:1000133	0.02 Da	0.02 Da	1	1	Mouse_781_SCX1.raw	ftp://ftp.pride.ebi.ac.uk/pride/data/archive/2025/05/PXD035735/Mouse_781_SCX1.raw	v1.1.0	NT=ms-proteomics;VV=v1.1.0	manual curation	not available
QE_24hr_stellate_TGF1b_1_SCX6	homo sapiens	not available	not applicable	metabolic dysfunction-associated steatohepatitis	1	QE_24hr_stellate_TGF1b_1_SCX6	proteomic profiling by mass spectrometry	NT=Data-dependent acquisition;AC=PRIDE:0000627	NT=label free sample;AC=MS:1002038	NT=q exactive;AC=MS:1001911	NT=Trypsin;AC=MS:1001251	NT=collision-induced dissociation;AC=MS:1000133	0.02 Da	0.02 Da	1	1	QE_24hr_stellate_TGF1b_1_SCX6.raw	ftp://ftp.pride.ebi.ac.uk/pride/data/archive/2025/05/PXD035735/QE_24hr_stellate_TGF1b_1_SCX6.raw	v1.1.0	NT=ms-proteomics;VV=v1.1.0	manual curation	not available
QE_24hr_stellate_FOLR3_1_SCX1	homo sapiens	not available	not applicable	metabolic dysfunction-associated steatohepatitis	1	QE_24hr_stellate_FOLR3_1_SCX1	proteomic profiling by mass spectrometry	NT=Data-dependent acquisition;AC=PRIDE:0000627	NT=label free sample;AC=MS:1002038	NT=q exactive;AC=MS:1001911	NT=Trypsin;AC=MS:1001251	NT=collision-induced dissociation;AC=MS:1000133	0.02 Da	0.02 Da	1	1	QE_24hr_stellate_FOLR3_1_SCX1.raw	ftp://ftp.pride.ebi.ac.uk/pride/data/archive/2025/05/PXD035735/QE_24hr_stellate_FOLR3_1_SCX1.raw	v1.1.0	NT=ms-proteomics;VV=v1.1.0	manual curation	not available
QE_mice_liver_HFDChol_0_723_SCX2	homo sapiens	liver	not applicable	metabolic dysfunction-associated steatohepatitis	1	QE_mice_liver_HFDChol_0_723_SCX2	proteomic profiling by mass spectrometry	NT=Data-dependent acquisition;AC=PRIDE:0000627	NT=label free sample;AC=MS:1002038	NT=q exactive;AC=MS:1001911	NT=Trypsin;AC=MS:1001251	NT=collision-induced dissociation;AC=MS:1000133	0.02 Da	0.02 Da	1	1	QE_mice_liver_HFDChol_0_723_SCX2.raw	ftp://ftp.pride.ebi.ac.uk/pride/data/archive/2025/05/PXD035735/QE_mice_liver_HFDChol_0_723_SCX2.raw	v1.1.0	NT=ms-proteomics;VV=v1.1.0	manual curation	liver
Mouse_793_FOLR3_SCX4	homo sapiens	not available	not applicable	metabolic dysfunction-associated steatohepatitis	1	Mouse_793_FOLR3_SCX4	proteomic profiling by mass spectrometry	NT=Data-dependent acquisition;AC=PRIDE:0000627	NT=label free sample;AC=MS:1002038	NT=q exactive;AC=MS:1001911	NT=Trypsin;AC=MS:1001251	NT=collision-induced dissociation;AC=MS:1000133	0.02 Da	0.02 Da	1	1	Mouse_793_FOLR3_SCX4.raw	ftp://ftp.pride.ebi.ac.uk/pride/data/archive/2025/05/PXD035735/Mouse_793_FOLR3_SCX4.raw	v1.1.0	NT=ms-proteomics;VV=v1.1.0	manual curation	not available
QE_Human_liver_only_NASH_501_SCX1	homo sapiens	liver	not applicable	metabolic dysfunction-associated steatohepatitis	1	QE_Human_liver_only_NASH_501_SCX1	proteomic profiling by mass spectrometry	NT=Data-dependent acquisition;AC=PRIDE:0000627	NT=label free sample;AC=MS:1002038	NT=q exactive;AC=MS:1001911	NT=Trypsin;AC=MS:1001251	NT=collision-induced dissociation;AC=MS:1000133	0.02 Da	0.02 Da	1	1	QE_Human_liver_only_NASH_501_SCX1.raw	ftp://ftp.pride.ebi.ac.uk/pride/data/archive/2025/05/PXD035735/QE_Human_liver_only_NASH_501_SCX1.raw	v1.1.0	NT=ms-proteomics;VV=v1.1.0	manual curation	liver
Mouse_776_SCX5	homo sapiens	not available	not applicable	metabolic dysfunction-associated steatohepatitis	1	Mouse_776_SCX5	proteomic profiling by mass spectrometry	NT=Data-dependent acquisition;AC=PRIDE:0000627	NT=label free sample;AC=MS:1002038	NT=q exactive;AC=MS:1001911	NT=Trypsin;AC=MS:1001251	NT=collision-induced dissociation;AC=MS:1000133	0.02 Da	0.02 Da	1	1	Mouse_776_SCX5.raw	ftp://ftp.pride.ebi.ac.uk/pride/data/archive/2025/05/PXD035735/Mouse_776_SCX5.raw	v1.1.0	NT=ms-proteomics;VV=v1.1.0	manual curation	not available
QE_Steatosis_human_liver_608_SCX1	homo sapiens	liver	not applicable	metabolic dysfunction-associated steatohepatitis	1	QE_Steatosis_human_liver_608_SCX1	proteomic profiling by mass spectrometry	NT=Data-dependent acquisition;AC=PRIDE:0000627	NT=label free sample;AC=MS:1002038	NT=q exactive;AC=MS:1001911	NT=Trypsin;AC=MS:1001251	NT=collision-induced dissociation;AC=MS:1000133	0.02 Da	0.02 Da	1	1	QE_Steatosis_human_liver_608_SCX1.raw	ftp://ftp.pride.ebi.ac.uk/pride/data/archive/2025/05/PXD035735/QE_Steatosis_human_liver_608_SCX1.raw	v1.1.0	NT=ms-proteomics;VV=v1.1.0	manual curation	liver
Mouse_781_SCX3	homo sapiens	not available	not applicable	metabolic dysfunction-associated steatohepatitis	1	Mouse_781_SCX3	proteomic profiling by mass spectrometry	NT=Data-dependent acquisition;AC=PRIDE:0000627	NT=label free sample;AC=MS:1002038	NT=q exactive;AC=MS:1001911	NT=Trypsin;AC=MS:1001251	NT=collision-induced dissociation;AC=MS:1000133	0.02 Da	0.02 Da	1	1	Mouse_781_SCX3.raw	ftp://ftp.pride.ebi.ac.uk/pride/data/archive/2025/05/PXD035735/Mouse_781_SCX3.raw	v1.1.0	NT=ms-proteomics;VV=v1.1.0	manual curation	not available
QE_24hr_stellate_FOLR3_3_SCX5	homo sapiens	not available	not applicable	metabolic dysfunction-associated steatohepatitis	1	QE_24hr_stellate_FOLR3_3_SCX5	proteomic profiling by mass spectrometry	NT=Data-dependent acquisition;AC=PRIDE:0000627	NT=label free sample;AC=MS:1002038	NT=q exactive;AC=MS:1001911	NT=Trypsin;AC=MS:1001251	NT=collision-induced dissociation;AC=MS:1000133	0.02 Da	0.02 Da	1	1	QE_24hr_stellate_FOLR3_3_SCX5.raw	ftp://ftp.pride.ebi.ac.uk/pride/data/archive/2025/05/PXD035735/QE_24hr_stellate_FOLR3_3_SCX5.raw	v1.1.0	NT=ms-proteomics;VV=v1.1.0	manual curation	not available
QE_24hr_stellate_TGF1b_1_SCX4	homo sapiens	not available	not applicable	metabolic dysfunction-associated steatohepatitis	1	QE_24hr_stellate_TGF1b_1_SCX4	proteomic profiling by mass spectrometry	NT=Data-dependent acquisition;AC=PRIDE:0000627	NT=label free sample;AC=MS:1002038	NT=q exactive;AC=MS:1001911	NT=Trypsin;AC=MS:1001251	NT=collision-induced dissociation;AC=MS:1000133	0.02 Da	0.02 Da	1	1	QE_24hr_stellate_TGF1b_1_SCX4.raw	ftp://ftp.pride.ebi.ac.uk/pride/data/archive/2025/05/PXD035735/QE_24hr_stellate_TGF1b_1_SCX4.raw	v1.1.0	NT=ms-proteomics;VV=v1.1.0	manual curation	not available
QE_Diabetes_human_liver_944_SCX3	homo sapiens	liver	not applicable	metabolic dysfunction-associated steatohepatitis	1	QE_Diabetes_human_liver_944_SCX3	proteomic profiling by mass spectrometry	NT=Data-dependent acquisition;AC=PRIDE:0000627	NT=label free sample;AC=MS:1002038	NT=q exactive;AC=MS:1001911	NT=Trypsin;AC=MS:1001251	NT=collision-induced dissociation;AC=MS:1000133	0.02 Da	0.02 Da	1	1	QE_Diabetes_human_liver_944_SCX3.raw	ftp://ftp.pride.ebi.ac.uk/pride/data/archive/2025/05/PXD035735/QE_Diabetes_human_liver_944_SCX3.raw	v1.1.0	NT=ms-proteomics;VV=v1.1.0	manual curation	liver
QE_24hr_stellate_FOLR3_1_SCX4	homo sapiens	not available	not applicable	metabolic dysfunction-associated steatohepatitis	1	QE_24hr_stellate_FOLR3_1_SCX4	proteomic profiling by mass spectrometry	NT=Data-dependent acquisition;AC=PRIDE:0000627	NT=label free sample;AC=MS:1002038	NT=q exactive;AC=MS:1001911	NT=Trypsin;AC=MS:1001251	NT=collision-induced dissociation;AC=MS:1000133	0.02 Da	0.02 Da	1	1	QE_24hr_stellate_FOLR3_1_SCX4.raw	ftp://ftp.pride.ebi.ac.uk/pride/data/archive/2025/05/PXD035735/QE_24hr_stellate_FOLR3_1_SCX4.raw	v1.1.0	NT=ms-proteomics;VV=v1.1.0	manual curation	not available
QE_Steatosis_human_liver_574_SCX6	homo sapiens	liver	not applicable	metabolic dysfunction-associated steatohepatitis	1	QE_Steatosis_human_liver_574_SCX6	proteomic profiling by mass spectrometry	NT=Data-dependent acquisition;AC=PRIDE:0000627	NT=label free sample;AC=MS:1002038	NT=q exactive;AC=MS:1001911	NT=Trypsin;AC=MS:1001251	NT=collision-induced dissociation;AC=MS:1000133	0.02 Da	0.02 Da	1	1	QE_Steatosis_human_liver_574_SCX6.raw	ftp://ftp.pride.ebi.ac.uk/pride/data/archive/2025/05/PXD035735/QE_Steatosis_human_liver_574_SCX6.raw	v1.1.0	NT=ms-proteomics;VV=v1.1.0	manual curation	liver
QE_Control_human_liver_1296_SCX6	homo sapiens	liver	not applicable	metabolic dysfunction-associated steatohepatitis	1	QE_Control_human_liver_1296_SCX6	proteomic profiling by mass spectrometry	NT=Data-dependent acquisition;AC=PRIDE:0000627	NT=label free sample;AC=MS:1002038	NT=q exactive;AC=MS:1001911	NT=Trypsin;AC=MS:1001251	NT=collision-induced dissociation;AC=MS:1000133	0.02 Da	0.02 Da	1	1	QE_Control_human_liver_1296_SCX6.raw	ftp://ftp.pride.ebi.ac.uk/pride/data/archive/2025/05/PXD035735/QE_Control_human_liver_1296_SCX6.raw	v1.1.0	NT=ms-proteomics;VV=v1.1.0	manual curation	liver
QE_Human_liver_only_NASH_501_SCX6	homo sapiens	liver	not applicable	metabolic dysfunction-associated steatohepatitis	1	QE_Human_liver_only_NASH_501_SCX6	proteomic profiling by mass spectrometry	NT=Data-dependent acquisition;AC=PRIDE:0000627	NT=label free sample;AC=MS:1002038	NT=q exactive;AC=MS:1001911	NT=Trypsin;AC=MS:1001251	NT=collision-induced dissociation;AC=MS:1000133	0.02 Da	0.02 Da	1	1	QE_Human_liver_only_NASH_501_SCX6.raw	ftp://ftp.pride.ebi.ac.uk/pride/data/archive/2025/05/PXD035735/QE_Human_liver_only_NASH_501_SCX6.raw	v1.1.0	NT=ms-proteomics;VV=v1.1.0	manual curation	liver
Mouse_781_SCX4	homo sapiens	not available	not applicable	metabolic dysfunction-associated steatohepatitis	1	Mouse_781_SCX4	proteomic profiling by mass spectrometry	NT=Data-dependent acquisition;AC=PRIDE:0000627	NT=label free sample;AC=MS:1002038	NT=q exactive;AC=MS:1001911	NT=Trypsin;AC=MS:1001251	NT=collision-induced dissociation;AC=MS:1000133	0.02 Da	0.02 Da	1	1	Mouse_781_SCX4.raw	ftp://ftp.pride.ebi.ac.uk/pride/data/archive/2025/05/PXD035735/Mouse_781_SCX4.raw	v1.1.0	NT=ms-proteomics;VV=v1.1.0	manual curation	not available
QE_Human_liver_only_NASH_1069_SCX3	homo sapiens	liver	not applicable	metabolic dysfunction-associated steatohepatitis	1	QE_Human_liver_only_NASH_1069_SCX3	proteomic profiling by mass spectrometry	NT=Data-dependent acquisition;AC=PRIDE:0000627	NT=label free sample;AC=MS:1002038	NT=q exactive;AC=MS:1001911	NT=Trypsin;AC=MS:1001251	NT=collision-induced dissociation;AC=MS:1000133	0.02 Da	0.02 Da	1	1	QE_Human_liver_only_NASH_1069_SCX3.raw	ftp://ftp.pride.ebi.ac.uk/pride/data/archive/2025/05/PXD035735/QE_Human_liver_only_NASH_1069_SCX3.raw	v1.1.0	NT=ms-proteomics;VV=v1.1.0	manual curation	liver
QE_Diabetes_human_liver_833_SCX3	homo sapiens	liver	not applicable	metabolic dysfunction-associated steatohepatitis	1	QE_Diabetes_human_liver_833_SCX3	proteomic profiling by mass spectrometry	NT=Data-dependent acquisition;AC=PRIDE:0000627	NT=label free sample;AC=MS:1002038	NT=q exactive;AC=MS:1001911	NT=Trypsin;AC=MS:1001251	NT=collision-induced dissociation;AC=MS:1000133	0.02 Da	0.02 Da	1	1	QE_Diabetes_human_liver_833_SCX3.raw	ftp://ftp.pride.ebi.ac.uk/pride/data/archive/2025/05/PXD035735/QE_Diabetes_human_liver_833_SCX3.raw	v1.1.0	NT=ms-proteomics;VV=v1.1.0	manual curation	liver
QE_Diabetes_human_liver_1304_SCX5	homo sapiens	liver	not applicable	metabolic dysfunction-associated steatohepatitis	1	QE_Diabetes_human_liver_1304_SCX5	proteomic profiling by mass spectrometry	NT=Data-dependent acquisition;AC=PRIDE:0000627	NT=label free sample;AC=MS:1002038	NT=q exactive;AC=MS:1001911	NT=Trypsin;AC=MS:1001251	NT=collision-induced dissociation;AC=MS:1000133	0.02 Da	0.02 Da	1	1	QE_Diabetes_human_liver_1304_SCX5.raw	ftp://ftp.pride.ebi.ac.uk/pride/data/archive/2025/05/PXD035735/QE_Diabetes_human_liver_1304_SCX5.raw	v1.1.0	NT=ms-proteomics;VV=v1.1.0	manual curation	liver
QE_Diabetes_human_liver_632_SCX5	homo sapiens	liver	not applicable	metabolic dysfunction-associated steatohepatitis	1	QE_Diabetes_human_liver_632_SCX5	proteomic profiling by mass spectrometry	NT=Data-dependent acquisition;AC=PRIDE:0000627	NT=label free sample;AC=MS:1002038	NT=q exactive;AC=MS:1001911	NT=Trypsin;AC=MS:1001251	NT=collision-induced dissociation;AC=MS:1000133	0.02 Da	0.02 Da	1	1	QE_Diabetes_human_liver_632_SCX5.raw	ftp://ftp.pride.ebi.ac.uk/pride/data/archive/2025/05/PXD035735/QE_Diabetes_human_liver_632_SCX5.raw	v1.1.0	NT=ms-proteomics;VV=v1.1.0	manual curation	liver
QE_Human_liver_only_NASH_602_SCX5	homo sapiens	liver	not applicable	metabolic dysfunction-associated steatohepatitis	1	QE_Human_liver_only_NASH_602_SCX5	proteomic profiling by mass spectrometry	NT=Data-dependent acquisition;AC=PRIDE:0000627	NT=label free sample;AC=MS:1002038	NT=q exactive;AC=MS:1001911	NT=Trypsin;AC=MS:1001251	NT=collision-induced dissociation;AC=MS:1000133	0.02 Da	0.02 Da	1	1	QE_Human_liver_only_NASH_602_SCX5.raw	ftp://ftp.pride.ebi.ac.uk/pride/data/archive/2025/05/PXD035735/QE_Human_liver_only_NASH_602_SCX5.raw	v1.1.0	NT=ms-proteomics;VV=v1.1.0	manual curation	liver
QE_Control_human_liver_1281_SCX1	homo sapiens	liver	not applicable	metabolic dysfunction-associated steatohepatitis	1	QE_Control_human_liver_1281_SCX1	proteomic profiling by mass spectrometry	NT=Data-dependent acquisition;AC=PRIDE:0000627	NT=label free sample;AC=MS:1002038	NT=q exactive;AC=MS:1001911	NT=Trypsin;AC=MS:1001251	NT=collision-induced dissociation;AC=MS:1000133	0.02 Da	0.02 Da	1	1	QE_Control_human_liver_1281_SCX1.raw	ftp://ftp.pride.ebi.ac.uk/pride/data/archive/2025/05/PXD035735/QE_Control_human_liver_1281_SCX1.raw	v1.1.0	NT=ms-proteomics;VV=v1.1.0	manual curation	liver
QE_Diabetes_human_liver_944_SCX4	homo sapiens	liver	not applicable	metabolic dysfunction-associated steatohepatitis	1	QE_Diabetes_human_liver_944_SCX4	proteomic profiling by mass spectrometry	NT=Data-dependent acquisition;AC=PRIDE:0000627	NT=label free sample;AC=MS:1002038	NT=q exactive;AC=MS:1001911	NT=Trypsin;AC=MS:1001251	NT=collision-induced dissociation;AC=MS:1000133	0.02 Da	0.02 Da	1	1	QE_Diabetes_human_liver_944_SCX4.raw	ftp://ftp.pride.ebi.ac.uk/pride/data/archive/2025/05/PXD035735/QE_Diabetes_human_liver_944_SCX4.raw	v1.1.0	NT=ms-proteomics;VV=v1.1.0	manual curation	liver
QE_Control_human_liver_1281_SCX2	homo sapiens	liver	not applicable	metabolic dysfunction-associated steatohepatitis	1	QE_Control_human_liver_1281_SCX2	proteomic profiling by mass spectrometry	NT=Data-dependent acquisition;AC=PRIDE:0000627	NT=label free sample;AC=MS:1002038	NT=q exactive;AC=MS:1001911	NT=Trypsin;AC=MS:1001251	NT=collision-induced dissociation;AC=MS:1000133	0.02 Da	0.02 Da	1	1	QE_Control_human_liver_1281_SCX2.raw	ftp://ftp.pride.ebi.ac.uk/pride/data/archive/2025/05/PXD035735/QE_Control_human_liver_1281_SCX2.raw	v1.1.0	NT=ms-proteomics;VV=v1.1.0	manual curation	liver
QE_Control_human_liver_1362_SCX3	homo sapiens	liver	not applicable	metabolic dysfunction-associated steatohepatitis	1	QE_Control_human_liver_1362_SCX3	proteomic profiling by mass spectrometry	NT=Data-dependent acquisition;AC=PRIDE:0000627	NT=label free sample;AC=MS:1002038	NT=q exactive;AC=MS:1001911	NT=Trypsin;AC=MS:1001251	NT=collision-induced dissociation;AC=MS:1000133	0.02 Da	0.02 Da	1	1	QE_Control_human_liver_1362_SCX3.raw	ftp://ftp.pride.ebi.ac.uk/pride/data/archive/2025/05/PXD035735/QE_Control_human_liver_1362_SCX3.raw	v1.1.0	NT=ms-proteomics;VV=v1.1.0	manual curation	liver
Mouse_793_FOLR3_SCX1	homo sapiens	not available	not applicable	metabolic dysfunction-associated steatohepatitis	1	Mouse_793_FOLR3_SCX1	proteomic profiling by mass spectrometry	NT=Data-dependent acquisition;AC=PRIDE:0000627	NT=label free sample;AC=MS:1002038	NT=q exactive;AC=MS:1001911	NT=Trypsin;AC=MS:1001251	NT=collision-induced dissociation;AC=MS:1000133	0.02 Da	0.02 Da	1	1	Mouse_793_FOLR3_SCX1.raw	ftp://ftp.pride.ebi.ac.uk/pride/data/archive/2025/05/PXD035735/Mouse_793_FOLR3_SCX1.raw	v1.1.0	NT=ms-proteomics;VV=v1.1.0	manual curation	not available
Mouse_793_FOLR3_SCX2	homo sapiens	not available	not applicable	metabolic dysfunction-associated steatohepatitis	1	Mouse_793_FOLR3_SCX2	proteomic profiling by mass spectrometry	NT=Data-dependent acquisition;AC=PRIDE:0000627	NT=label free sample;AC=MS:1002038	NT=q exactive;AC=MS:1001911	NT=Trypsin;AC=MS:1001251	NT=collision-induced dissociation;AC=MS:1000133	0.02 Da	0.02 Da	1	1	Mouse_793_FOLR3_SCX2.raw	ftp://ftp.pride.ebi.ac.uk/pride/data/archive/2025/05/PXD035735/Mouse_793_FOLR3_SCX2.raw	v1.1.0	NT=ms-proteomics;VV=v1.1.0	manual curation	not available
QE_24hr_stellate_FOLR3_3_SCX2	homo sapiens	not available	not applicable	metabolic dysfunction-associated steatohepatitis	1	QE_24hr_stellate_FOLR3_3_SCX2	proteomic profiling by mass spectrometry	NT=Data-dependent acquisition;AC=PRIDE:0000627	NT=label free sample;AC=MS:1002038	NT=q exactive;AC=MS:1001911	NT=Trypsin;AC=MS:1001251	NT=collision-induced dissociation;AC=MS:1000133	0.02 Da	0.02 Da	1	1	QE_24hr_stellate_FOLR3_3_SCX2.raw	ftp://ftp.pride.ebi.ac.uk/pride/data/archive/2025/05/PXD035735/QE_24hr_stellate_FOLR3_3_SCX2.raw	v1.1.0	NT=ms-proteomics;VV=v1.1.0	manual curation	not available
QE_Control_human_liver_1296_SCX1	homo sapiens	liver	not applicable	metabolic dysfunction-associated steatohepatitis	1	QE_Control_human_liver_1296_SCX1	proteomic profiling by mass spectrometry	NT=Data-dependent acquisition;AC=PRIDE:0000627	NT=label free sample;AC=MS:1002038	NT=q exactive;AC=MS:1001911	NT=Trypsin;AC=MS:1001251	NT=collision-induced dissociation;AC=MS:1000133	0.02 Da	0.02 Da	1	1	QE_Control_human_liver_1296_SCX1.raw	ftp://ftp.pride.ebi.ac.uk/pride/data/archive/2025/05/PXD035735/QE_Control_human_liver_1296_SCX1.raw	v1.1.0	NT=ms-proteomics;VV=v1.1.0	manual curation	liver
QE_Diabetes_human_liver_833_SCX6	homo sapiens	liver	not applicable	metabolic dysfunction-associated steatohepatitis	1	QE_Diabetes_human_liver_833_SCX6	proteomic profiling by mass spectrometry	NT=Data-dependent acquisition;AC=PRIDE:0000627	NT=label free sample;AC=MS:1002038	NT=q exactive;AC=MS:1001911	NT=Trypsin;AC=MS:1001251	NT=collision-induced dissociation;AC=MS:1000133	0.02 Da	0.02 Da	1	1	QE_Diabetes_human_liver_833_SCX6.raw	ftp://ftp.pride.ebi.ac.uk/pride/data/archive/2025/05/PXD035735/QE_Diabetes_human_liver_833_SCX6.raw	v1.1.0	NT=ms-proteomics;VV=v1.1.0	manual curation	liver
QE_NASH_human_liver_958_SCX2	homo sapiens	liver	not applicable	metabolic dysfunction-associated steatohepatitis	1	QE_NASH_human_liver_958_SCX2	proteomic profiling by mass spectrometry	NT=Data-dependent acquisition;AC=PRIDE:0000627	NT=label free sample;AC=MS:1002038	NT=q exactive;AC=MS:1001911	NT=Trypsin;AC=MS:1001251	NT=collision-induced dissociation;AC=MS:1000133	0.02 Da	0.02 Da	1	1	QE_NASH_human_liver_958_SCX2.raw	ftp://ftp.pride.ebi.ac.uk/pride/data/archive/2025/05/PXD035735/QE_NASH_human_liver_958_SCX2.raw	v1.1.0	NT=ms-proteomics;VV=v1.1.0	manual curation	liver
QE_NASH_human_liver_1028_SCX6	homo sapiens	liver	not applicable	metabolic dysfunction-associated steatohepatitis	1	QE_NASH_human_liver_1028_SCX6	proteomic profiling by mass spectrometry	NT=Data-dependent acquisition;AC=PRIDE:0000627	NT=label free sample;AC=MS:1002038	NT=q exactive;AC=MS:1001911	NT=Trypsin;AC=MS:1001251	NT=collision-induced dissociation;AC=MS:1000133	0.02 Da	0.02 Da	1	1	QE_NASH_human_liver_1028_SCX6.raw	ftp://ftp.pride.ebi.ac.uk/pride/data/archive/2025/05/PXD035735/QE_NASH_human_liver_1028_SCX6.raw	v1.1.0	NT=ms-proteomics;VV=v1.1.0	manual curation	liver
QE_24hr_stellate_FOLR3_TGF1b_2_SCX4	homo sapiens	not available	not applicable	metabolic dysfunction-associated steatohepatitis	1	QE_24hr_stellate_FOLR3_TGF1b_2_SCX4	proteomic profiling by mass spectrometry	NT=Data-dependent acquisition;AC=PRIDE:0000627	NT=label free sample;AC=MS:1002038	NT=q exactive;AC=MS:1001911	NT=Trypsin;AC=MS:1001251	NT=collision-induced dissociation;AC=MS:1000133	0.02 Da	0.02 Da	1	1	QE_24hr_stellate_FOLR3_TGF1b_2_SCX4.raw	ftp://ftp.pride.ebi.ac.uk/pride/data/archive/2025/05/PXD035735/QE_24hr_stellate_FOLR3_TGF1b_2_SCX4.raw	v1.1.0	NT=ms-proteomics;VV=v1.1.0	manual curation	not available
QE_24hr_stellate_Ctrl_3_SCX1	homo sapiens	not available	not applicable	metabolic dysfunction-associated steatohepatitis	1	QE_24hr_stellate_Ctrl_3_SCX1	proteomic profiling by mass spectrometry	NT=Data-dependent acquisition;AC=PRIDE:0000627	NT=label free sample;AC=MS:1002038	NT=q exactive;AC=MS:1001911	NT=Trypsin;AC=MS:1001251	NT=collision-induced dissociation;AC=MS:1000133	0.02 Da	0.02 Da	1	1	QE_24hr_stellate_Ctrl_3_SCX1.raw	ftp://ftp.pride.ebi.ac.uk/pride/data/archive/2025/05/PXD035735/QE_24hr_stellate_Ctrl_3_SCX1.raw	v1.1.0	NT=ms-proteomics;VV=v1.1.0	manual curation	not available
QE_Steatosis_human_liver_608_SCX3	homo sapiens	liver	not applicable	metabolic dysfunction-associated steatohepatitis	1	QE_Steatosis_human_liver_608_SCX3	proteomic profiling by mass spectrometry	NT=Data-dependent acquisition;AC=PRIDE:0000627	NT=label free sample;AC=MS:1002038	NT=q exactive;AC=MS:1001911	NT=Trypsin;AC=MS:1001251	NT=collision-induced dissociation;AC=MS:1000133	0.02 Da	0.02 Da	1	1	QE_Steatosis_human_liver_608_SCX3.raw	ftp://ftp.pride.ebi.ac.uk/pride/data/archive/2025/05/PXD035735/QE_Steatosis_human_liver_608_SCX3.raw	v1.1.0	NT=ms-proteomics;VV=v1.1.0	manual curation	liver
Mouse_685_HF_HCh_SCX5	homo sapiens	not available	not applicable	metabolic dysfunction-associated steatohepatitis	1	Mouse_685_HF_HCh_SCX5	proteomic profiling by mass spectrometry	NT=Data-dependent acquisition;AC=PRIDE:0000627	NT=label free sample;AC=MS:1002038	NT=q exactive;AC=MS:1001911	NT=Trypsin;AC=MS:1001251	NT=collision-induced dissociation;AC=MS:1000133	0.02 Da	0.02 Da	1	1	Mouse_685_HF_HCh_SCX5.raw	ftp://ftp.pride.ebi.ac.uk/pride/data/archive/2025/05/PXD035735/Mouse_685_HF_HCh_SCX5.raw	v1.1.0	NT=ms-proteomics;VV=v1.1.0	manual curation	not available
QE_24hr_stellate_Ctrl_1_SCX3	homo sapiens	not available	not applicable	metabolic dysfunction-associated steatohepatitis	1	QE_24hr_stellate_Ctrl_1_SCX3	proteomic profiling by mass spectrometry	NT=Data-dependent acquisition;AC=PRIDE:0000627	NT=label free sample;AC=MS:1002038	NT=q exactive;AC=MS:1001911	NT=Trypsin;AC=MS:1001251	NT=collision-induced dissociation;AC=MS:1000133	0.02 Da	0.02 Da	1	1	QE_24hr_stellate_Ctrl_1_SCX3.raw	ftp://ftp.pride.ebi.ac.uk/pride/data/archive/2025/05/PXD035735/QE_24hr_stellate_Ctrl_1_SCX3.raw	v1.1.0	NT=ms-proteomics;VV=v1.1.0	manual curation	not available
QE_Steatosis_human_liver_608_SCX4	homo sapiens	liver	not applicable	metabolic dysfunction-associated steatohepatitis	1	QE_Steatosis_human_liver_608_SCX4	proteomic profiling by mass spectrometry	NT=Data-dependent acquisition;AC=PRIDE:0000627	NT=label free sample;AC=MS:1002038	NT=q exactive;AC=MS:1001911	NT=Trypsin;AC=MS:1001251	NT=collision-induced dissociation;AC=MS:1000133	0.02 Da	0.02 Da	1	1	QE_Steatosis_human_liver_608_SCX4.raw	ftp://ftp.pride.ebi.ac.uk/pride/data/archive/2025/05/PXD035735/QE_Steatosis_human_liver_608_SCX4.raw	v1.1.0	NT=ms-proteomics;VV=v1.1.0	manual curation	liver
QE_Human_liver_only_NASH_613_SCX2	homo sapiens	liver	not applicable	metabolic dysfunction-associated steatohepatitis	1	QE_Human_liver_only_NASH_613_SCX2	proteomic profiling by mass spectrometry	NT=Data-dependent acquisition;AC=PRIDE:0000627	NT=label free sample;AC=MS:1002038	NT=q exactive;AC=MS:1001911	NT=Trypsin;AC=MS:1001251	NT=collision-induced dissociation;AC=MS:1000133	0.02 Da	0.02 Da	1	1	QE_Human_liver_only_NASH_613_SCX2.raw	ftp://ftp.pride.ebi.ac.uk/pride/data/archive/2025/05/PXD035735/QE_Human_liver_only_NASH_613_SCX2.raw	v1.1.0	NT=ms-proteomics;VV=v1.1.0	manual curation	liver
QE_NASH_human_liver_1027_SCX5_new	homo sapiens	liver	not applicable	metabolic dysfunction-associated steatohepatitis	1	QE_NASH_human_liver_1027_SCX5_new	proteomic profiling by mass spectrometry	NT=Data-dependent acquisition;AC=PRIDE:0000627	NT=label free sample;AC=MS:1002038	NT=q exactive;AC=MS:1001911	NT=Trypsin;AC=MS:1001251	NT=collision-induced dissociation;AC=MS:1000133	0.02 Da	0.02 Da	1	1	QE_NASH_human_liver_1027_SCX5_new.raw	ftp://ftp.pride.ebi.ac.uk/pride/data/archive/2025/05/PXD035735/QE_NASH_human_liver_1027_SCX5_new.raw	v1.1.0	NT=ms-proteomics;VV=v1.1.0	manual curation	liver
QE_Diabetes_human_liver_1304_SCX1	homo sapiens	liver	not applicable	metabolic dysfunction-associated steatohepatitis	1	QE_Diabetes_human_liver_1304_SCX1	proteomic profiling by mass spectrometry	NT=Data-dependent acquisition;AC=PRIDE:0000627	NT=label free sample;AC=MS:1002038	NT=q exactive;AC=MS:1001911	NT=Trypsin;AC=MS:1001251	NT=collision-induced dissociation;AC=MS:1000133	0.02 Da	0.02 Da	1	1	QE_Diabetes_human_liver_1304_SCX1.raw	ftp://ftp.pride.ebi.ac.uk/pride/data/archive/2025/05/PXD035735/QE_Diabetes_human_liver_1304_SCX1.raw	v1.1.0	NT=ms-proteomics;VV=v1.1.0	manual curation	liver
QE_Human_liver_only_NASH_501_SCX4	homo sapiens	liver	not applicable	metabolic dysfunction-associated steatohepatitis	1	QE_Human_liver_only_NASH_501_SCX4	proteomic profiling by mass spectrometry	NT=Data-dependent acquisition;AC=PRIDE:0000627	NT=label free sample;AC=MS:1002038	NT=q exactive;AC=MS:1001911	NT=Trypsin;AC=MS:1001251	NT=collision-induced dissociation;AC=MS:1000133	0.02 Da	0.02 Da	1	1	QE_Human_liver_only_NASH_501_SCX4.raw	ftp://ftp.pride.ebi.ac.uk/pride/data/archive/2025/05/PXD035735/QE_Human_liver_only_NASH_501_SCX4.raw	v1.1.0	NT=ms-proteomics;VV=v1.1.0	manual curation	liver
Mouse_784_HF_HCh_SCX6	homo sapiens	not available	not applicable	metabolic dysfunction-associated steatohepatitis	1	Mouse_784_HF_HCh_SCX6	proteomic profiling by mass spectrometry	NT=Data-dependent acquisition;AC=PRIDE:0000627	NT=label free sample;AC=MS:1002038	NT=q exactive;AC=MS:1001911	NT=Trypsin;AC=MS:1001251	NT=collision-induced dissociation;AC=MS:1000133	0.02 Da	0.02 Da	1	1	Mouse_784_HF_HCh_SCX6.raw	ftp://ftp.pride.ebi.ac.uk/pride/data/archive/2025/05/PXD035735/Mouse_784_HF_HCh_SCX6.raw	v1.1.0	NT=ms-proteomics;VV=v1.1.0	manual curation	not available
Mouse_687_FOLR3_SCX4	homo sapiens	not available	not applicable	metabolic dysfunction-associated steatohepatitis	1	Mouse_687_FOLR3_SCX4	proteomic profiling by mass spectrometry	NT=Data-dependent acquisition;AC=PRIDE:0000627	NT=label free sample;AC=MS:1002038	NT=q exactive;AC=MS:1001911	NT=Trypsin;AC=MS:1001251	NT=collision-induced dissociation;AC=MS:1000133	0.02 Da	0.02 Da	1	1	Mouse_687_FOLR3_SCX4.raw	ftp://ftp.pride.ebi.ac.uk/pride/data/archive/2025/05/PXD035735/Mouse_687_FOLR3_SCX4.raw	v1.1.0	NT=ms-proteomics;VV=v1.1.0	manual curation	not available
QE_24hr_stellate_TGF1b_3_SCX6	homo sapiens	not available	not applicable	metabolic dysfunction-associated steatohepatitis	1	QE_24hr_stellate_TGF1b_3_SCX6	proteomic profiling by mass spectrometry	NT=Data-dependent acquisition;AC=PRIDE:0000627	NT=label free sample;AC=MS:1002038	NT=q exactive;AC=MS:1001911	NT=Trypsin;AC=MS:1001251	NT=collision-induced dissociation;AC=MS:1000133	0.02 Da	0.02 Da	1	1	QE_24hr_stellate_TGF1b_3_SCX6.raw	ftp://ftp.pride.ebi.ac.uk/pride/data/archive/2025/05/PXD035735/QE_24hr_stellate_TGF1b_3_SCX6.raw	v1.1.0	NT=ms-proteomics;VV=v1.1.0	manual curation	not available
QE_NASH_human_liver_1027_SCX1_new	homo sapiens	liver	not applicable	metabolic dysfunction-associated steatohepatitis	1	QE_NASH_human_liver_1027_SCX1_new	proteomic profiling by mass spectrometry	NT=Data-dependent acquisition;AC=PRIDE:0000627	NT=label free sample;AC=MS:1002038	NT=q exactive;AC=MS:1001911	NT=Trypsin;AC=MS:1001251	NT=collision-induced dissociation;AC=MS:1000133	0.02 Da	0.02 Da	1	1	QE_NASH_human_liver_1027_SCX1_new.raw	ftp://ftp.pride.ebi.ac.uk/pride/data/archive/2025/05/PXD035735/QE_NASH_human_liver_1027_SCX1_new.raw	v1.1.0	NT=ms-proteomics;VV=v1.1.0	manual curation	liver
QE_24hr_stellate_TGF1b_4_SCX6	homo sapiens	not available	not applicable	metabolic dysfunction-associated steatohepatitis	1	QE_24hr_stellate_TGF1b_4_SCX6	proteomic profiling by mass spectrometry	NT=Data-dependent acquisition;AC=PRIDE:0000627	NT=label free sample;AC=MS:1002038	NT=q exactive;AC=MS:1001911	NT=Trypsin;AC=MS:1001251	NT=collision-induced dissociation;AC=MS:1000133	0.02 Da	0.02 Da	1	1	QE_24hr_stellate_TGF1b_4_SCX6.raw	ftp://ftp.pride.ebi.ac.uk/pride/data/archive/2025/05/PXD035735/QE_24hr_stellate_TGF1b_4_SCX6.raw	v1.1.0	NT=ms-proteomics;VV=v1.1.0	manual curation	not available
QE_Steatosis_human_liver_531_SCX6	homo sapiens	liver	not applicable	metabolic dysfunction-associated steatohepatitis	1	QE_Steatosis_human_liver_531_SCX6	proteomic profiling by mass spectrometry	NT=Data-dependent acquisition;AC=PRIDE:0000627	NT=label free sample;AC=MS:1002038	NT=q exactive;AC=MS:1001911	NT=Trypsin;AC=MS:1001251	NT=collision-induced dissociation;AC=MS:1000133	0.02 Da	0.02 Da	1	1	QE_Steatosis_human_liver_531_SCX6.raw	ftp://ftp.pride.ebi.ac.uk/pride/data/archive/2025/05/PXD035735/QE_Steatosis_human_liver_531_SCX6.raw	v1.1.0	NT=ms-proteomics;VV=v1.1.0	manual curation	liver
QE_24hr_stellate_FOLR3_TGF1b_2_SCX2	homo sapiens	not available	not applicable	metabolic dysfunction-associated steatohepatitis	1	QE_24hr_stellate_FOLR3_TGF1b_2_SCX2	proteomic profiling by mass spectrometry	NT=Data-dependent acquisition;AC=PRIDE:0000627	NT=label free sample;AC=MS:1002038	NT=q exactive;AC=MS:1001911	NT=Trypsin;AC=MS:1001251	NT=collision-induced dissociation;AC=MS:1000133	0.02 Da	0.02 Da	1	1	QE_24hr_stellate_FOLR3_TGF1b_2_SCX2.raw	ftp://ftp.pride.ebi.ac.uk/pride/data/archive/2025/05/PXD035735/QE_24hr_stellate_FOLR3_TGF1b_2_SCX2.raw	v1.1.0	NT=ms-proteomics;VV=v1.1.0	manual curation	not available
Mouse_686_FOLR3_SCX4	homo sapiens	not available	not applicable	metabolic dysfunction-associated steatohepatitis	1	Mouse_686_FOLR3_SCX4	proteomic profiling by mass spectrometry	NT=Data-dependent acquisition;AC=PRIDE:0000627	NT=label free sample;AC=MS:1002038	NT=q exactive;AC=MS:1001911	NT=Trypsin;AC=MS:1001251	NT=collision-induced dissociation;AC=MS:1000133	0.02 Da	0.02 Da	1	1	Mouse_686_FOLR3_SCX4.raw	ftp://ftp.pride.ebi.ac.uk/pride/data/archive/2025/05/PXD035735/Mouse_686_FOLR3_SCX4.raw	v1.1.0	NT=ms-proteomics;VV=v1.1.0	manual curation	not available
Mouse_686_FOLR3_SCX5	homo sapiens	not available	not applicable	metabolic dysfunction-associated steatohepatitis	1	Mouse_686_FOLR3_SCX5	proteomic profiling by mass spectrometry	NT=Data-dependent acquisition;AC=PRIDE:0000627	NT=label free sample;AC=MS:1002038	NT=q exactive;AC=MS:1001911	NT=Trypsin;AC=MS:1001251	NT=collision-induced dissociation;AC=MS:1000133	0.02 Da	0.02 Da	1	1	Mouse_686_FOLR3_SCX5.raw	ftp://ftp.pride.ebi.ac.uk/pride/data/archive/2025/05/PXD035735/Mouse_686_FOLR3_SCX5.raw	v1.1.0	NT=ms-proteomics;VV=v1.1.0	manual curation	not available
QE_24hr_stellate_FOLR3_TGF1b_1_SCX3	homo sapiens	not available	not applicable	metabolic dysfunction-associated steatohepatitis	1	QE_24hr_stellate_FOLR3_TGF1b_1_SCX3	proteomic profiling by mass spectrometry	NT=Data-dependent acquisition;AC=PRIDE:0000627	NT=label free sample;AC=MS:1002038	NT=q exactive;AC=MS:1001911	NT=Trypsin;AC=MS:1001251	NT=collision-induced dissociation;AC=MS:1000133	0.02 Da	0.02 Da	1	1	QE_24hr_stellate_FOLR3_TGF1b_1_SCX3.raw	ftp://ftp.pride.ebi.ac.uk/pride/data/archive/2025/05/PXD035735/QE_24hr_stellate_FOLR3_TGF1b_1_SCX3.raw	v1.1.0	NT=ms-proteomics;VV=v1.1.0	manual curation	not available
QE_24hr_stellate_TGF1b_3_SCX2	homo sapiens	not available	not applicable	metabolic dysfunction-associated steatohepatitis	1	QE_24hr_stellate_TGF1b_3_SCX2	proteomic profiling by mass spectrometry	NT=Data-dependent acquisition;AC=PRIDE:0000627	NT=label free sample;AC=MS:1002038	NT=q exactive;AC=MS:1001911	NT=Trypsin;AC=MS:1001251	NT=collision-induced dissociation;AC=MS:1000133	0.02 Da	0.02 Da	1	1	QE_24hr_stellate_TGF1b_3_SCX2.raw	ftp://ftp.pride.ebi.ac.uk/pride/data/archive/2025/05/PXD035735/QE_24hr_stellate_TGF1b_3_SCX2.raw	v1.1.0	NT=ms-proteomics;VV=v1.1.0	manual curation	not available
Mouse_781_SCX5	homo sapiens	not available	not applicable	metabolic dysfunction-associated steatohepatitis	1	Mouse_781_SCX5	proteomic profiling by mass spectrometry	NT=Data-dependent acquisition;AC=PRIDE:0000627	NT=label free sample;AC=MS:1002038	NT=q exactive;AC=MS:1001911	NT=Trypsin;AC=MS:1001251	NT=collision-induced dissociation;AC=MS:1000133	0.02 Da	0.02 Da	1	1	Mouse_781_SCX5.raw	ftp://ftp.pride.ebi.ac.uk/pride/data/archive/2025/05/PXD035735/Mouse_781_SCX5.raw	v1.1.0	NT=ms-proteomics;VV=v1.1.0	manual curation	not available
QE_NASH_human_liver_1027_SCX4_new	homo sapiens	liver	not applicable	metabolic dysfunction-associated steatohepatitis	1	QE_NASH_human_liver_1027_SCX4_new	proteomic profiling by mass spectrometry	NT=Data-dependent acquisition;AC=PRIDE:0000627	NT=label free sample;AC=MS:1002038	NT=q exactive;AC=MS:1001911	NT=Trypsin;AC=MS:1001251	NT=collision-induced dissociation;AC=MS:1000133	0.02 Da	0.02 Da	1	1	QE_NASH_human_liver_1027_SCX4_new.raw	ftp://ftp.pride.ebi.ac.uk/pride/data/archive/2025/05/PXD035735/QE_NASH_human_liver_1027_SCX4_new.raw	v1.1.0	NT=ms-proteomics;VV=v1.1.0	manual curation	liver
FOLR3_4_24hr_media	homo sapiens	not available	not applicable	metabolic dysfunction-associated steatohepatitis	1	FOLR3_4_24hr_media	proteomic profiling by mass spectrometry	NT=Data-dependent acquisition;AC=PRIDE:0000627	NT=label free sample;AC=MS:1002038	NT=q exactive;AC=MS:1001911	NT=Trypsin;AC=MS:1001251	NT=collision-induced dissociation;AC=MS:1000133	0.02 Da	0.02 Da	1	1	FOLR3_4_24hr_media.raw	ftp://ftp.pride.ebi.ac.uk/pride/data/archive/2025/05/PXD035735/FOLR3_4_24hr_media.raw	v1.1.0	NT=ms-proteomics;VV=v1.1.0	manual curation	not available
QE_24hr_stellate_TGF1b_1_SCX5	homo sapiens	not available	not applicable	metabolic dysfunction-associated steatohepatitis	1	QE_24hr_stellate_TGF1b_1_SCX5	proteomic profiling by mass spectrometry	NT=Data-dependent acquisition;AC=PRIDE:0000627	NT=label free sample;AC=MS:1002038	NT=q exactive;AC=MS:1001911	NT=Trypsin;AC=MS:1001251	NT=collision-induced dissociation;AC=MS:1000133	0.02 Da	0.02 Da	1	1	QE_24hr_stellate_TGF1b_1_SCX5.raw	ftp://ftp.pride.ebi.ac.uk/pride/data/archive/2025/05/PXD035735/QE_24hr_stellate_TGF1b_1_SCX5.raw	v1.1.0	NT=ms-proteomics;VV=v1.1.0	manual curation	not available
Mouse_793_FOLR3_SCX6	homo sapiens	not available	not applicable	metabolic dysfunction-associated steatohepatitis	1	Mouse_793_FOLR3_SCX6	proteomic profiling by mass spectrometry	NT=Data-dependent acquisition;AC=PRIDE:0000627	NT=label free sample;AC=MS:1002038	NT=q exactive;AC=MS:1001911	NT=Trypsin;AC=MS:1001251	NT=collision-induced dissociation;AC=MS:1000133	0.02 Da	0.02 Da	1	1	Mouse_793_FOLR3_SCX6.raw	ftp://ftp.pride.ebi.ac.uk/pride/data/archive/2025/05/PXD035735/Mouse_793_FOLR3_SCX6.raw	v1.1.0	NT=ms-proteomics;VV=v1.1.0	manual curation	not available
QE_Steatosis_human_liver_531_SCX4	homo sapiens	liver	not applicable	metabolic dysfunction-associated steatohepatitis	1	QE_Steatosis_human_liver_531_SCX4	proteomic profiling by mass spectrometry	NT=Data-dependent acquisition;AC=PRIDE:0000627	NT=label free sample;AC=MS:1002038	NT=q exactive;AC=MS:1001911	NT=Trypsin;AC=MS:1001251	NT=collision-induced dissociation;AC=MS:1000133	0.02 Da	0.02 Da	1	1	QE_Steatosis_human_liver_531_SCX4.raw	ftp://ftp.pride.ebi.ac.uk/pride/data/archive/2025/05/PXD035735/QE_Steatosis_human_liver_531_SCX4.raw	v1.1.0	NT=ms-proteomics;VV=v1.1.0	manual curation	liver
QE_Human_liver_only_NASH_613_SCX1	homo sapiens	liver	not applicable	metabolic dysfunction-associated steatohepatitis	1	QE_Human_liver_only_NASH_613_SCX1	proteomic profiling by mass spectrometry	NT=Data-dependent acquisition;AC=PRIDE:0000627	NT=label free sample;AC=MS:1002038	NT=q exactive;AC=MS:1001911	NT=Trypsin;AC=MS:1001251	NT=collision-induced dissociation;AC=MS:1000133	0.02 Da	0.02 Da	1	1	QE_Human_liver_only_NASH_613_SCX1.raw	ftp://ftp.pride.ebi.ac.uk/pride/data/archive/2025/05/PXD035735/QE_Human_liver_only_NASH_613_SCX1.raw	v1.1.0	NT=ms-proteomics;VV=v1.1.0	manual curation	liver
QE_Control_human_liver_1299_SCX4	homo sapiens	liver	not applicable	metabolic dysfunction-associated steatohepatitis	1	QE_Control_human_liver_1299_SCX4	proteomic profiling by mass spectrometry	NT=Data-dependent acquisition;AC=PRIDE:0000627	NT=label free sample;AC=MS:1002038	NT=q exactive;AC=MS:1001911	NT=Trypsin;AC=MS:1001251	NT=collision-induced dissociation;AC=MS:1000133	0.02 Da	0.02 Da	1	1	QE_Control_human_liver_1299_SCX4.raw	ftp://ftp.pride.ebi.ac.uk/pride/data/archive/2025/05/PXD035735/QE_Control_human_liver_1299_SCX4.raw	v1.1.0	NT=ms-proteomics;VV=v1.1.0	manual curation	liver
QE_24hr_stellate_FOLR3_TGF1b_1_SCX1	homo sapiens	not available	not applicable	metabolic dysfunction-associated steatohepatitis	1	QE_24hr_stellate_FOLR3_TGF1b_1_SCX1	proteomic profiling by mass spectrometry	NT=Data-dependent acquisition;AC=PRIDE:0000627	NT=label free sample;AC=MS:1002038	NT=q exactive;AC=MS:1001911	NT=Trypsin;AC=MS:1001251	NT=collision-induced dissociation;AC=MS:1000133	0.02 Da	0.02 Da	1	1	QE_24hr_stellate_FOLR3_TGF1b_1_SCX1.raw	ftp://ftp.pride.ebi.ac.uk/pride/data/archive/2025/05/PXD035735/QE_24hr_stellate_FOLR3_TGF1b_1_SCX1.raw	v1.1.0	NT=ms-proteomics;VV=v1.1.0	manual curation	not available
QE_24hr_stellate_TGF1b_1_SCX1	homo sapiens	not available	not applicable	metabolic dysfunction-associated steatohepatitis	1	QE_24hr_stellate_TGF1b_1_SCX1	proteomic profiling by mass spectrometry	NT=Data-dependent acquisition;AC=PRIDE:0000627	NT=label free sample;AC=MS:1002038	NT=q exactive;AC=MS:1001911	NT=Trypsin;AC=MS:1001251	NT=collision-induced dissociation;AC=MS:1000133	0.02 Da	0.02 Da	1	1	QE_24hr_stellate_TGF1b_1_SCX1.raw	ftp://ftp.pride.ebi.ac.uk/pride/data/archive/2025/05/PXD035735/QE_24hr_stellate_TGF1b_1_SCX1.raw	v1.1.0	NT=ms-proteomics;VV=v1.1.0	manual curation	not available
QE_NASH_human_liver_847_SCX6	homo sapiens	liver	not applicable	metabolic dysfunction-associated steatohepatitis	1	QE_NASH_human_liver_847_SCX6	proteomic profiling by mass spectrometry	NT=Data-dependent acquisition;AC=PRIDE:0000627	NT=label free sample;AC=MS:1002038	NT=q exactive;AC=MS:1001911	NT=Trypsin;AC=MS:1001251	NT=collision-induced dissociation;AC=MS:1000133	0.02 Da	0.02 Da	1	1	QE_NASH_human_liver_847_SCX6.raw	ftp://ftp.pride.ebi.ac.uk/pride/data/archive/2025/05/PXD035735/QE_NASH_human_liver_847_SCX6.raw	v1.1.0	NT=ms-proteomics;VV=v1.1.0	manual curation	liver
QE_Human_liver_only_NASH_554_SCX4	homo sapiens	liver	not applicable	metabolic dysfunction-associated steatohepatitis	1	QE_Human_liver_only_NASH_554_SCX4	proteomic profiling by mass spectrometry	NT=Data-dependent acquisition;AC=PRIDE:0000627	NT=label free sample;AC=MS:1002038	NT=q exactive;AC=MS:1001911	NT=Trypsin;AC=MS:1001251	NT=collision-induced dissociation;AC=MS:1000133	0.02 Da	0.02 Da	1	1	QE_Human_liver_only_NASH_554_SCX4.raw	ftp://ftp.pride.ebi.ac.uk/pride/data/archive/2025/05/PXD035735/QE_Human_liver_only_NASH_554_SCX4.raw	v1.1.0	NT=ms-proteomics;VV=v1.1.0	manual curation	liver
QE_Control_human_liver_1362_SCX5	homo sapiens	liver	not applicable	metabolic dysfunction-associated steatohepatitis	1	QE_Control_human_liver_1362_SCX5	proteomic profiling by mass spectrometry	NT=Data-dependent acquisition;AC=PRIDE:0000627	NT=label free sample;AC=MS:1002038	NT=q exactive;AC=MS:1001911	NT=Trypsin;AC=MS:1001251	NT=collision-induced dissociation;AC=MS:1000133	0.02 Da	0.02 Da	1	1	QE_Control_human_liver_1362_SCX5.raw	ftp://ftp.pride.ebi.ac.uk/pride/data/archive/2025/05/PXD035735/QE_Control_human_liver_1362_SCX5.raw	v1.1.0	NT=ms-proteomics;VV=v1.1.0	manual curation	liver
QE_24hr_stellate_Ctrl_3_SCX4	homo sapiens	not available	not applicable	metabolic dysfunction-associated steatohepatitis	1	QE_24hr_stellate_Ctrl_3_SCX4	proteomic profiling by mass spectrometry	NT=Data-dependent acquisition;AC=PRIDE:0000627	NT=label free sample;AC=MS:1002038	NT=q exactive;AC=MS:1001911	NT=Trypsin;AC=MS:1001251	NT=collision-induced dissociation;AC=MS:1000133	0.02 Da	0.02 Da	1	1	QE_24hr_stellate_Ctrl_3_SCX4.raw	ftp://ftp.pride.ebi.ac.uk/pride/data/archive/2025/05/PXD035735/QE_24hr_stellate_Ctrl_3_SCX4.raw	v1.1.0	NT=ms-proteomics;VV=v1.1.0	manual curation	not available
QE_24hr_stellate_TGF1b_1_SCX3	homo sapiens	not available	not applicable	metabolic dysfunction-associated steatohepatitis	1	QE_24hr_stellate_TGF1b_1_SCX3	proteomic profiling by mass spectrometry	NT=Data-dependent acquisition;AC=PRIDE:0000627	NT=label free sample;AC=MS:1002038	NT=q exactive;AC=MS:1001911	NT=Trypsin;AC=MS:1001251	NT=collision-induced dissociation;AC=MS:1000133	0.02 Da	0.02 Da	1	1	QE_24hr_stellate_TGF1b_1_SCX3.raw	ftp://ftp.pride.ebi.ac.uk/pride/data/archive/2025/05/PXD035735/QE_24hr_stellate_TGF1b_1_SCX3.raw	v1.1.0	NT=ms-proteomics;VV=v1.1.0	manual curation	not available
QE_Diabetes_human_liver_632_SCX4	homo sapiens	liver	not applicable	metabolic dysfunction-associated steatohepatitis	1	QE_Diabetes_human_liver_632_SCX4	proteomic profiling by mass spectrometry	NT=Data-dependent acquisition;AC=PRIDE:0000627	NT=label free sample;AC=MS:1002038	NT=q exactive;AC=MS:1001911	NT=Trypsin;AC=MS:1001251	NT=collision-induced dissociation;AC=MS:1000133	0.02 Da	0.02 Da	1	1	QE_Diabetes_human_liver_632_SCX4.raw	ftp://ftp.pride.ebi.ac.uk/pride/data/archive/2025/05/PXD035735/QE_Diabetes_human_liver_632_SCX4.raw	v1.1.0	NT=ms-proteomics;VV=v1.1.0	manual curation	liver
QE_NASH_human_liver_958_SCX4	homo sapiens	liver	not applicable	metabolic dysfunction-associated steatohepatitis	1	QE_NASH_human_liver_958_SCX4	proteomic profiling by mass spectrometry	NT=Data-dependent acquisition;AC=PRIDE:0000627	NT=label free sample;AC=MS:1002038	NT=q exactive;AC=MS:1001911	NT=Trypsin;AC=MS:1001251	NT=collision-induced dissociation;AC=MS:1000133	0.02 Da	0.02 Da	1	1	QE_NASH_human_liver_958_SCX4.raw	ftp://ftp.pride.ebi.ac.uk/pride/data/archive/2025/05/PXD035735/QE_NASH_human_liver_958_SCX4.raw	v1.1.0	NT=ms-proteomics;VV=v1.1.0	manual curation	liver
QE_Steatosis_human_liver_574_SCX4	homo sapiens	liver	not applicable	metabolic dysfunction-associated steatohepatitis	1	QE_Steatosis_human_liver_574_SCX4	proteomic profiling by mass spectrometry	NT=Data-dependent acquisition;AC=PRIDE:0000627	NT=label free sample;AC=MS:1002038	NT=q exactive;AC=MS:1001911	NT=Trypsin;AC=MS:1001251	NT=collision-induced dissociation;AC=MS:1000133	0.02 Da	0.02 Da	1	1	QE_Steatosis_human_liver_574_SCX4.raw	ftp://ftp.pride.ebi.ac.uk/pride/data/archive/2025/05/PXD035735/QE_Steatosis_human_liver_574_SCX4.raw	v1.1.0	NT=ms-proteomics;VV=v1.1.0	manual curation	liver
QE_Steatosis_human_liver_804_SCX1	homo sapiens	liver	not applicable	metabolic dysfunction-associated steatohepatitis	1	QE_Steatosis_human_liver_804_SCX1	proteomic profiling by mass spectrometry	NT=Data-dependent acquisition;AC=PRIDE:0000627	NT=label free sample;AC=MS:1002038	NT=q exactive;AC=MS:1001911	NT=Trypsin;AC=MS:1001251	NT=collision-induced dissociation;AC=MS:1000133	0.02 Da	0.02 Da	1	1	QE_Steatosis_human_liver_804_SCX1.raw	ftp://ftp.pride.ebi.ac.uk/pride/data/archive/2025/05/PXD035735/QE_Steatosis_human_liver_804_SCX1.raw	v1.1.0	NT=ms-proteomics;VV=v1.1.0	manual curation	liver
QE_Diabetes_human_liver_1304_SCX2	homo sapiens	liver	not applicable	metabolic dysfunction-associated steatohepatitis	1	QE_Diabetes_human_liver_1304_SCX2	proteomic profiling by mass spectrometry	NT=Data-dependent acquisition;AC=PRIDE:0000627	NT=label free sample;AC=MS:1002038	NT=q exactive;AC=MS:1001911	NT=Trypsin;AC=MS:1001251	NT=collision-induced dissociation;AC=MS:1000133	0.02 Da	0.02 Da	1	1	QE_Diabetes_human_liver_1304_SCX2.raw	ftp://ftp.pride.ebi.ac.uk/pride/data/archive/2025/05/PXD035735/QE_Diabetes_human_liver_1304_SCX2.raw	v1.1.0	NT=ms-proteomics;VV=v1.1.0	manual curation	liver
Mouse_792_FOLR3_SCX5	homo sapiens	not available	not applicable	metabolic dysfunction-associated steatohepatitis	1	Mouse_792_FOLR3_SCX5	proteomic profiling by mass spectrometry	NT=Data-dependent acquisition;AC=PRIDE:0000627	NT=label free sample;AC=MS:1002038	NT=q exactive;AC=MS:1001911	NT=Trypsin;AC=MS:1001251	NT=collision-induced dissociation;AC=MS:1000133	0.02 Da	0.02 Da	1	1	Mouse_792_FOLR3_SCX5.raw	ftp://ftp.pride.ebi.ac.uk/pride/data/archive/2025/05/PXD035735/Mouse_792_FOLR3_SCX5.raw	v1.1.0	NT=ms-proteomics;VV=v1.1.0	manual curation	not available
QE_Steatosis_human_liver_804_SCX5	homo sapiens	liver	not applicable	metabolic dysfunction-associated steatohepatitis	1	QE_Steatosis_human_liver_804_SCX5	proteomic profiling by mass spectrometry	NT=Data-dependent acquisition;AC=PRIDE:0000627	NT=label free sample;AC=MS:1002038	NT=q exactive;AC=MS:1001911	NT=Trypsin;AC=MS:1001251	NT=collision-induced dissociation;AC=MS:1000133	0.02 Da	0.02 Da	1	1	QE_Steatosis_human_liver_804_SCX5.raw	ftp://ftp.pride.ebi.ac.uk/pride/data/archive/2025/05/PXD035735/QE_Steatosis_human_liver_804_SCX5.raw	v1.1.0	NT=ms-proteomics;VV=v1.1.0	manual curation	liver
QE_Diabetes_human_liver_632_SCX1	homo sapiens	liver	not applicable	metabolic dysfunction-associated steatohepatitis	1	QE_Diabetes_human_liver_632_SCX1	proteomic profiling by mass spectrometry	NT=Data-dependent acquisition;AC=PRIDE:0000627	NT=label free sample;AC=MS:1002038	NT=q exactive;AC=MS:1001911	NT=Trypsin;AC=MS:1001251	NT=collision-induced dissociation;AC=MS:1000133	0.02 Da	0.02 Da	1	1	QE_Diabetes_human_liver_632_SCX1.raw	ftp://ftp.pride.ebi.ac.uk/pride/data/archive/2025/05/PXD035735/QE_Diabetes_human_liver_632_SCX1.raw	v1.1.0	NT=ms-proteomics;VV=v1.1.0	manual curation	liver
QE_24hr_stellate_FOLR3_TGF1b_3_SCX4	homo sapiens	not available	not applicable	metabolic dysfunction-associated steatohepatitis	1	QE_24hr_stellate_FOLR3_TGF1b_3_SCX4	proteomic profiling by mass spectrometry	NT=Data-dependent acquisition;AC=PRIDE:0000627	NT=label free sample;AC=MS:1002038	NT=q exactive;AC=MS:1001911	NT=Trypsin;AC=MS:1001251	NT=collision-induced dissociation;AC=MS:1000133	0.02 Da	0.02 Da	1	1	QE_24hr_stellate_FOLR3_TGF1b_3_SCX4.raw	ftp://ftp.pride.ebi.ac.uk/pride/data/archive/2025/05/PXD035735/QE_24hr_stellate_FOLR3_TGF1b_3_SCX4.raw	v1.1.0	NT=ms-proteomics;VV=v1.1.0	manual curation	not available
Mouse_792_FOLR3_SCX4	homo sapiens	not available	not applicable	metabolic dysfunction-associated steatohepatitis	1	Mouse_792_FOLR3_SCX4	proteomic profiling by mass spectrometry	NT=Data-dependent acquisition;AC=PRIDE:0000627	NT=label free sample;AC=MS:1002038	NT=q exactive;AC=MS:1001911	NT=Trypsin;AC=MS:1001251	NT=collision-induced dissociation;AC=MS:1000133	0.02 Da	0.02 Da	1	1	Mouse_792_FOLR3_SCX4.raw	ftp://ftp.pride.ebi.ac.uk/pride/data/archive/2025/05/PXD035735/Mouse_792_FOLR3_SCX4.raw	v1.1.0	NT=ms-proteomics;VV=v1.1.0	manual curation	not available
Mouse_684_HF_HCh_SCX5	homo sapiens	not available	not applicable	metabolic dysfunction-associated steatohepatitis	1	Mouse_684_HF_HCh_SCX5	proteomic profiling by mass spectrometry	NT=Data-dependent acquisition;AC=PRIDE:0000627	NT=label free sample;AC=MS:1002038	NT=q exactive;AC=MS:1001911	NT=Trypsin;AC=MS:1001251	NT=collision-induced dissociation;AC=MS:1000133	0.02 Da	0.02 Da	1	1	Mouse_684_HF_HCh_SCX5.raw	ftp://ftp.pride.ebi.ac.uk/pride/data/archive/2025/05/PXD035735/Mouse_684_HF_HCh_SCX5.raw	v1.1.0	NT=ms-proteomics;VV=v1.1.0	manual curation	not available
QE_24hr_stellate_FOLR3_TGF1b_3_SCX1	homo sapiens	not available	not applicable	metabolic dysfunction-associated steatohepatitis	1	QE_24hr_stellate_FOLR3_TGF1b_3_SCX1	proteomic profiling by mass spectrometry	NT=Data-dependent acquisition;AC=PRIDE:0000627	NT=label free sample;AC=MS:1002038	NT=q exactive;AC=MS:1001911	NT=Trypsin;AC=MS:1001251	NT=collision-induced dissociation;AC=MS:1000133	0.02 Da	0.02 Da	1	1	QE_24hr_stellate_FOLR3_TGF1b_3_SCX1.raw	ftp://ftp.pride.ebi.ac.uk/pride/data/archive/2025/05/PXD035735/QE_24hr_stellate_FOLR3_TGF1b_3_SCX1.raw	v1.1.0	NT=ms-proteomics;VV=v1.1.0	manual curation	not available
Mouse_684_HF_HCh_SCX4	homo sapiens	not available	not applicable	metabolic dysfunction-associated steatohepatitis	1	Mouse_684_HF_HCh_SCX4	proteomic profiling by mass spectrometry	NT=Data-dependent acquisition;AC=PRIDE:0000627	NT=label free sample;AC=MS:1002038	NT=q exactive;AC=MS:1001911	NT=Trypsin;AC=MS:1001251	NT=collision-induced dissociation;AC=MS:1000133	0.02 Da	0.02 Da	1	1	Mouse_684_HF_HCh_SCX4.raw	ftp://ftp.pride.ebi.ac.uk/pride/data/archive/2025/05/PXD035735/Mouse_684_HF_HCh_SCX4.raw	v1.1.0	NT=ms-proteomics;VV=v1.1.0	manual curation	not available
QE_24hr_stellate_FOLR3_1_SCX2	homo sapiens	not available	not applicable	metabolic dysfunction-associated steatohepatitis	1	QE_24hr_stellate_FOLR3_1_SCX2	proteomic profiling by mass spectrometry	NT=Data-dependent acquisition;AC=PRIDE:0000627	NT=label free sample;AC=MS:1002038	NT=q exactive;AC=MS:1001911	NT=Trypsin;AC=MS:1001251	NT=collision-induced dissociation;AC=MS:1000133	0.02 Da	0.02 Da	1	1	QE_24hr_stellate_FOLR3_1_SCX2.raw	ftp://ftp.pride.ebi.ac.uk/pride/data/archive/2025/05/PXD035735/QE_24hr_stellate_FOLR3_1_SCX2.raw	v1.1.0	NT=ms-proteomics;VV=v1.1.0	manual curation	not available
Mouse_686_FOLR3_SCX1	homo sapiens	not available	not applicable	metabolic dysfunction-associated steatohepatitis	1	Mouse_686_FOLR3_SCX1	proteomic profiling by mass spectrometry	NT=Data-dependent acquisition;AC=PRIDE:0000627	NT=label free sample;AC=MS:1002038	NT=q exactive;AC=MS:1001911	NT=Trypsin;AC=MS:1001251	NT=collision-induced dissociation;AC=MS:1000133	0.02 Da	0.02 Da	1	1	Mouse_686_FOLR3_SCX1.raw	ftp://ftp.pride.ebi.ac.uk/pride/data/archive/2025/05/PXD035735/Mouse_686_FOLR3_SCX1.raw	v1.1.0	NT=ms-proteomics;VV=v1.1.0	manual curation	not available
QE_Diabetes_human_liver_1304_SCX3	homo sapiens	liver	not applicable	metabolic dysfunction-associated steatohepatitis	1	QE_Diabetes_human_liver_1304_SCX3	proteomic profiling by mass spectrometry	NT=Data-dependent acquisition;AC=PRIDE:0000627	NT=label free sample;AC=MS:1002038	NT=q exactive;AC=MS:1001911	NT=Trypsin;AC=MS:1001251	NT=collision-induced dissociation;AC=MS:1000133	0.02 Da	0.02 Da	1	1	QE_Diabetes_human_liver_1304_SCX3.raw	ftp://ftp.pride.ebi.ac.uk/pride/data/archive/2025/05/PXD035735/QE_Diabetes_human_liver_1304_SCX3.raw	v1.1.0	NT=ms-proteomics;VV=v1.1.0	manual curation	liver
QE_24hr_stellate_TGF1b_4_SCX4	homo sapiens	not available	not applicable	metabolic dysfunction-associated steatohepatitis	1	QE_24hr_stellate_TGF1b_4_SCX4	proteomic profiling by mass spectrometry	NT=Data-dependent acquisition;AC=PRIDE:0000627	NT=label free sample;AC=MS:1002038	NT=q exactive;AC=MS:1001911	NT=Trypsin;AC=MS:1001251	NT=collision-induced dissociation;AC=MS:1000133	0.02 Da	0.02 Da	1	1	QE_24hr_stellate_TGF1b_4_SCX4.raw	ftp://ftp.pride.ebi.ac.uk/pride/data/archive/2025/05/PXD035735/QE_24hr_stellate_TGF1b_4_SCX4.raw	v1.1.0	NT=ms-proteomics;VV=v1.1.0	manual curation	not available
QE_Human_liver_only_NASH_499_SCX5	homo sapiens	liver	not applicable	metabolic dysfunction-associated steatohepatitis	1	QE_Human_liver_only_NASH_499_SCX5	proteomic profiling by mass spectrometry	NT=Data-dependent acquisition;AC=PRIDE:0000627	NT=label free sample;AC=MS:1002038	NT=q exactive;AC=MS:1001911	NT=Trypsin;AC=MS:1001251	NT=collision-induced dissociation;AC=MS:1000133	0.02 Da	0.02 Da	1	1	QE_Human_liver_only_NASH_499_SCX5.raw	ftp://ftp.pride.ebi.ac.uk/pride/data/archive/2025/05/PXD035735/QE_Human_liver_only_NASH_499_SCX5.raw	v1.1.0	NT=ms-proteomics;VV=v1.1.0	manual curation	liver
QE_24hr_stellate_Ctrl_3_SCX2	homo sapiens	not available	not applicable	metabolic dysfunction-associated steatohepatitis	1	QE_24hr_stellate_Ctrl_3_SCX2	proteomic profiling by mass spectrometry	NT=Data-dependent acquisition;AC=PRIDE:0000627	NT=label free sample;AC=MS:1002038	NT=q exactive;AC=MS:1001911	NT=Trypsin;AC=MS:1001251	NT=collision-induced dissociation;AC=MS:1000133	0.02 Da	0.02 Da	1	1	QE_24hr_stellate_Ctrl_3_SCX2.raw	ftp://ftp.pride.ebi.ac.uk/pride/data/archive/2025/05/PXD035735/QE_24hr_stellate_Ctrl_3_SCX2.raw	v1.1.0	NT=ms-proteomics;VV=v1.1.0	manual curation	not available
QE_Control_human_liver_1310_SCX2	homo sapiens	liver	not applicable	metabolic dysfunction-associated steatohepatitis	1	QE_Control_human_liver_1310_SCX2	proteomic profiling by mass spectrometry	NT=Data-dependent acquisition;AC=PRIDE:0000627	NT=label free sample;AC=MS:1002038	NT=q exactive;AC=MS:1001911	NT=Trypsin;AC=MS:1001251	NT=collision-induced dissociation;AC=MS:1000133	0.02 Da	0.02 Da	1	1	QE_Control_human_liver_1310_SCX2.raw	ftp://ftp.pride.ebi.ac.uk/pride/data/archive/2025/05/PXD035735/QE_Control_human_liver_1310_SCX2.raw	v1.1.0	NT=ms-proteomics;VV=v1.1.0	manual curation	liver
QE_Control_human_liver_1362_SCX6	homo sapiens	liver	not applicable	metabolic dysfunction-associated steatohepatitis	1	QE_Control_human_liver_1362_SCX6	proteomic profiling by mass spectrometry	NT=Data-dependent acquisition;AC=PRIDE:0000627	NT=label free sample;AC=MS:1002038	NT=q exactive;AC=MS:1001911	NT=Trypsin;AC=MS:1001251	NT=collision-induced dissociation;AC=MS:1000133	0.02 Da	0.02 Da	1	1	QE_Control_human_liver_1362_SCX6.raw	ftp://ftp.pride.ebi.ac.uk/pride/data/archive/2025/05/PXD035735/QE_Control_human_liver_1362_SCX6.raw	v1.1.0	NT=ms-proteomics;VV=v1.1.0	manual curation	liver
QE_Steatosis_human_liver_574_SCX2	homo sapiens	liver	not applicable	metabolic dysfunction-associated steatohepatitis	1	QE_Steatosis_human_liver_574_SCX2	proteomic profiling by mass spectrometry	NT=Data-dependent acquisition;AC=PRIDE:0000627	NT=label free sample;AC=MS:1002038	NT=q exactive;AC=MS:1001911	NT=Trypsin;AC=MS:1001251	NT=collision-induced dissociation;AC=MS:1000133	0.02 Da	0.02 Da	1	1	QE_Steatosis_human_liver_574_SCX2.raw	ftp://ftp.pride.ebi.ac.uk/pride/data/archive/2025/05/PXD035735/QE_Steatosis_human_liver_574_SCX2.raw	v1.1.0	NT=ms-proteomics;VV=v1.1.0	manual curation	liver
QE_Human_liver_only_NASH_499_SCX4	homo sapiens	liver	not applicable	metabolic dysfunction-associated steatohepatitis	1	QE_Human_liver_only_NASH_499_SCX4	proteomic profiling by mass spectrometry	NT=Data-dependent acquisition;AC=PRIDE:0000627	NT=label free sample;AC=MS:1002038	NT=q exactive;AC=MS:1001911	NT=Trypsin;AC=MS:1001251	NT=collision-induced dissociation;AC=MS:1000133	0.02 Da	0.02 Da	1	1	QE_Human_liver_only_NASH_499_SCX4.raw	ftp://ftp.pride.ebi.ac.uk/pride/data/archive/2025/05/PXD035735/QE_Human_liver_only_NASH_499_SCX4.raw	v1.1.0	NT=ms-proteomics;VV=v1.1.0	manual curation	liver
QE_Human_liver_only_NASH_1069_SCX5	homo sapiens	liver	not applicable	metabolic dysfunction-associated steatohepatitis	1	QE_Human_liver_only_NASH_1069_SCX5	proteomic profiling by mass spectrometry	NT=Data-dependent acquisition;AC=PRIDE:0000627	NT=label free sample;AC=MS:1002038	NT=q exactive;AC=MS:1001911	NT=Trypsin;AC=MS:1001251	NT=collision-induced dissociation;AC=MS:1000133	0.02 Da	0.02 Da	1	1	QE_Human_liver_only_NASH_1069_SCX5.raw	ftp://ftp.pride.ebi.ac.uk/pride/data/archive/2025/05/PXD035735/QE_Human_liver_only_NASH_1069_SCX5.raw	v1.1.0	NT=ms-proteomics;VV=v1.1.0	manual curation	liver
QE_24hr_stellate_FOLR3_3_SCX3	homo sapiens	not available	not applicable	metabolic dysfunction-associated steatohepatitis	1	QE_24hr_stellate_FOLR3_3_SCX3	proteomic profiling by mass spectrometry	NT=Data-dependent acquisition;AC=PRIDE:0000627	NT=label free sample;AC=MS:1002038	NT=q exactive;AC=MS:1001911	NT=Trypsin;AC=MS:1001251	NT=collision-induced dissociation;AC=MS:1000133	0.02 Da	0.02 Da	1	1	QE_24hr_stellate_FOLR3_3_SCX3.raw	ftp://ftp.pride.ebi.ac.uk/pride/data/archive/2025/05/PXD035735/QE_24hr_stellate_FOLR3_3_SCX3.raw	v1.1.0	NT=ms-proteomics;VV=v1.1.0	manual curation	not available
QE_mice_liver_HFDChol_0_723_SCX6	homo sapiens	liver	not applicable	metabolic dysfunction-associated steatohepatitis	1	QE_mice_liver_HFDChol_0_723_SCX6	proteomic profiling by mass spectrometry	NT=Data-dependent acquisition;AC=PRIDE:0000627	NT=label free sample;AC=MS:1002038	NT=q exactive;AC=MS:1001911	NT=Trypsin;AC=MS:1001251	NT=collision-induced dissociation;AC=MS:1000133	0.02 Da	0.02 Da	1	1	QE_mice_liver_HFDChol_0_723_SCX6.raw	ftp://ftp.pride.ebi.ac.uk/pride/data/archive/2025/05/PXD035735/QE_mice_liver_HFDChol_0_723_SCX6.raw	v1.1.0	NT=ms-proteomics;VV=v1.1.0	manual curation	liver
QE_Steatosis_human_liver_698_SCX6	homo sapiens	liver	not applicable	metabolic dysfunction-associated steatohepatitis	1	QE_Steatosis_human_liver_698_SCX6	proteomic profiling by mass spectrometry	NT=Data-dependent acquisition;AC=PRIDE:0000627	NT=label free sample;AC=MS:1002038	NT=q exactive;AC=MS:1001911	NT=Trypsin;AC=MS:1001251	NT=collision-induced dissociation;AC=MS:1000133	0.02 Da	0.02 Da	1	1	QE_Steatosis_human_liver_698_SCX6.raw	ftp://ftp.pride.ebi.ac.uk/pride/data/archive/2025/05/PXD035735/QE_Steatosis_human_liver_698_SCX6.raw	v1.1.0	NT=ms-proteomics;VV=v1.1.0	manual curation	liver
TGF1b_1_24hr_media	homo sapiens	not available	not applicable	metabolic dysfunction-associated steatohepatitis	1	TGF1b_1_24hr_media	proteomic profiling by mass spectrometry	NT=Data-dependent acquisition;AC=PRIDE:0000627	NT=label free sample;AC=MS:1002038	NT=q exactive;AC=MS:1001911	NT=Trypsin;AC=MS:1001251	NT=collision-induced dissociation;AC=MS:1000133	0.02 Da	0.02 Da	1	1	TGF1b_1_24hr_media.raw	ftp://ftp.pride.ebi.ac.uk/pride/data/archive/2025/05/PXD035735/TGF1b_1_24hr_media.raw	v1.1.0	NT=ms-proteomics;VV=v1.1.0	manual curation	not available
Mouse_688_FOLR3_SCX6	homo sapiens	not available	not applicable	metabolic dysfunction-associated steatohepatitis	1	Mouse_688_FOLR3_SCX6	proteomic profiling by mass spectrometry	NT=Data-dependent acquisition;AC=PRIDE:0000627	NT=label free sample;AC=MS:1002038	NT=q exactive;AC=MS:1001911	NT=Trypsin;AC=MS:1001251	NT=collision-induced dissociation;AC=MS:1000133	0.02 Da	0.02 Da	1	1	Mouse_688_FOLR3_SCX6.raw	ftp://ftp.pride.ebi.ac.uk/pride/data/archive/2025/05/PXD035735/Mouse_688_FOLR3_SCX6.raw	v1.1.0	NT=ms-proteomics;VV=v1.1.0	manual curation	not available
QE_NASH_human_liver_958_SCX5	homo sapiens	liver	not applicable	metabolic dysfunction-associated steatohepatitis	1	QE_NASH_human_liver_958_SCX5	proteomic profiling by mass spectrometry	NT=Data-dependent acquisition;AC=PRIDE:0000627	NT=label free sample;AC=MS:1002038	NT=q exactive;AC=MS:1001911	NT=Trypsin;AC=MS:1001251	NT=collision-induced dissociation;AC=MS:1000133	0.02 Da	0.02 Da	1	1	QE_NASH_human_liver_958_SCX5.raw	ftp://ftp.pride.ebi.ac.uk/pride/data/archive/2025/05/PXD035735/QE_NASH_human_liver_958_SCX5.raw	v1.1.0	NT=ms-proteomics;VV=v1.1.0	manual curation	liver
QE_mice_liver_HFDChol_0_721_SCX3	homo sapiens	liver	not applicable	metabolic dysfunction-associated steatohepatitis	1	QE_mice_liver_HFDChol_0_721_SCX3	proteomic profiling by mass spectrometry	NT=Data-dependent acquisition;AC=PRIDE:0000627	NT=label free sample;AC=MS:1002038	NT=q exactive;AC=MS:1001911	NT=Trypsin;AC=MS:1001251	NT=collision-induced dissociation;AC=MS:1000133	0.02 Da	0.02 Da	1	1	QE_mice_liver_HFDChol_0_721_SCX3.raw	ftp://ftp.pride.ebi.ac.uk/pride/data/archive/2025/05/PXD035735/QE_mice_liver_HFDChol_0_721_SCX3.raw	v1.1.0	NT=ms-proteomics;VV=v1.1.0	manual curation	liver
Mouse_685_HF_HCh_SCX6	homo sapiens	not available	not applicable	metabolic dysfunction-associated steatohepatitis	1	Mouse_685_HF_HCh_SCX6	proteomic profiling by mass spectrometry	NT=Data-dependent acquisition;AC=PRIDE:0000627	NT=label free sample;AC=MS:1002038	NT=q exactive;AC=MS:1001911	NT=Trypsin;AC=MS:1001251	NT=collision-induced dissociation;AC=MS:1000133	0.02 Da	0.02 Da	1	1	Mouse_685_HF_HCh_SCX6.raw	ftp://ftp.pride.ebi.ac.uk/pride/data/archive/2025/05/PXD035735/Mouse_685_HF_HCh_SCX6.raw	v1.1.0	NT=ms-proteomics;VV=v1.1.0	manual curation	not available
TGF1b_2_24hr_media	homo sapiens	not available	not applicable	metabolic dysfunction-associated steatohepatitis	1	TGF1b_2_24hr_media	proteomic profiling by mass spectrometry	NT=Data-dependent acquisition;AC=PRIDE:0000627	NT=label free sample;AC=MS:1002038	NT=q exactive;AC=MS:1001911	NT=Trypsin;AC=MS:1001251	NT=collision-induced dissociation;AC=MS:1000133	0.02 Da	0.02 Da	1	1	TGF1b_2_24hr_media.raw	ftp://ftp.pride.ebi.ac.uk/pride/data/archive/2025/05/PXD035735/TGF1b_2_24hr_media.raw	v1.1.0	NT=ms-proteomics;VV=v1.1.0	manual curation	not available
QE_24hr_stellate_FOLR3_TGF1b_2_SCX1	homo sapiens	not available	not applicable	metabolic dysfunction-associated steatohepatitis	1	QE_24hr_stellate_FOLR3_TGF1b_2_SCX1	proteomic profiling by mass spectrometry	NT=Data-dependent acquisition;AC=PRIDE:0000627	NT=label free sample;AC=MS:1002038	NT=q exactive;AC=MS:1001911	NT=Trypsin;AC=MS:1001251	NT=collision-induced dissociation;AC=MS:1000133	0.02 Da	0.02 Da	1	1	QE_24hr_stellate_FOLR3_TGF1b_2_SCX1.raw	ftp://ftp.pride.ebi.ac.uk/pride/data/archive/2025/05/PXD035735/QE_24hr_stellate_FOLR3_TGF1b_2_SCX1.raw	v1.1.0	NT=ms-proteomics;VV=v1.1.0	manual curation	not available
Mouse_792_FOLR3_SCX6	homo sapiens	not available	not applicable	metabolic dysfunction-associated steatohepatitis	1	Mouse_792_FOLR3_SCX6	proteomic profiling by mass spectrometry	NT=Data-dependent acquisition;AC=PRIDE:0000627	NT=label free sample;AC=MS:1002038	NT=q exactive;AC=MS:1001911	NT=Trypsin;AC=MS:1001251	NT=collision-induced dissociation;AC=MS:1000133	0.02 Da	0.02 Da	1	1	Mouse_792_FOLR3_SCX6.raw	ftp://ftp.pride.ebi.ac.uk/pride/data/archive/2025/05/PXD035735/Mouse_792_FOLR3_SCX6.raw	v1.1.0	NT=ms-proteomics;VV=v1.1.0	manual curation	not available
QE_24hr_stellate_FOLR3_TGF1b_3_SCX6	homo sapiens	not available	not applicable	metabolic dysfunction-associated steatohepatitis	1	QE_24hr_stellate_FOLR3_TGF1b_3_SCX6	proteomic profiling by mass spectrometry	NT=Data-dependent acquisition;AC=PRIDE:0000627	NT=label free sample;AC=MS:1002038	NT=q exactive;AC=MS:1001911	NT=Trypsin;AC=MS:1001251	NT=collision-induced dissociation;AC=MS:1000133	0.02 Da	0.02 Da	1	1	QE_24hr_stellate_FOLR3_TGF1b_3_SCX6.raw	ftp://ftp.pride.ebi.ac.uk/pride/data/archive/2025/05/PXD035735/QE_24hr_stellate_FOLR3_TGF1b_3_SCX6.raw	v1.1.0	NT=ms-proteomics;VV=v1.1.0	manual curation	not available
QE_24hr_stellate_Ctrl_1_SCX5	homo sapiens	not available	not applicable	metabolic dysfunction-associated steatohepatitis	1	QE_24hr_stellate_Ctrl_1_SCX5	proteomic profiling by mass spectrometry	NT=Data-dependent acquisition;AC=PRIDE:0000627	NT=label free sample;AC=MS:1002038	NT=q exactive;AC=MS:1001911	NT=Trypsin;AC=MS:1001251	NT=collision-induced dissociation;AC=MS:1000133	0.02 Da	0.02 Da	1	1	QE_24hr_stellate_Ctrl_1_SCX5.raw	ftp://ftp.pride.ebi.ac.uk/pride/data/archive/2025/05/PXD035735/QE_24hr_stellate_Ctrl_1_SCX5.raw	v1.1.0	NT=ms-proteomics;VV=v1.1.0	manual curation	not available
FOLR3TGF1b_4_24hr_media	homo sapiens	not available	not applicable	metabolic dysfunction-associated steatohepatitis	1	FOLR3TGF1b_4_24hr_media	proteomic profiling by mass spectrometry	NT=Data-dependent acquisition;AC=PRIDE:0000627	NT=label free sample;AC=MS:1002038	NT=q exactive;AC=MS:1001911	NT=Trypsin;AC=MS:1001251	NT=collision-induced dissociation;AC=MS:1000133	0.02 Da	0.02 Da	1	1	FOLR3TGF1b_4_24hr_media.raw	ftp://ftp.pride.ebi.ac.uk/pride/data/archive/2025/05/PXD035735/FOLR3TGF1b_4_24hr_media.raw	v1.1.0	NT=ms-proteomics;VV=v1.1.0	manual curation	not available
Mouse_793_FOLR3_SCX5	homo sapiens	not available	not applicable	metabolic dysfunction-associated steatohepatitis	1	Mouse_793_FOLR3_SCX5	proteomic profiling by mass spectrometry	NT=Data-dependent acquisition;AC=PRIDE:0000627	NT=label free sample;AC=MS:1002038	NT=q exactive;AC=MS:1001911	NT=Trypsin;AC=MS:1001251	NT=collision-induced dissociation;AC=MS:1000133	0.02 Da	0.02 Da	1	1	Mouse_793_FOLR3_SCX5.raw	ftp://ftp.pride.ebi.ac.uk/pride/data/archive/2025/05/PXD035735/Mouse_793_FOLR3_SCX5.raw	v1.1.0	NT=ms-proteomics;VV=v1.1.0	manual curation	not available
QE_Diabetes_human_liver_833_SCX1	homo sapiens	liver	not applicable	metabolic dysfunction-associated steatohepatitis	1	QE_Diabetes_human_liver_833_SCX1	proteomic profiling by mass spectrometry	NT=Data-dependent acquisition;AC=PRIDE:0000627	NT=label free sample;AC=MS:1002038	NT=q exactive;AC=MS:1001911	NT=Trypsin;AC=MS:1001251	NT=collision-induced dissociation;AC=MS:1000133	0.02 Da	0.02 Da	1	1	QE_Diabetes_human_liver_833_SCX1.raw	ftp://ftp.pride.ebi.ac.uk/pride/data/archive/2025/05/PXD035735/QE_Diabetes_human_liver_833_SCX1.raw	v1.1.0	NT=ms-proteomics;VV=v1.1.0	manual curation	liver
Control_2_24hr_media	homo sapiens	not available	not applicable	metabolic dysfunction-associated steatohepatitis	1	Control_2_24hr_media	proteomic profiling by mass spectrometry	NT=Data-dependent acquisition;AC=PRIDE:0000627	NT=label free sample;AC=MS:1002038	NT=q exactive;AC=MS:1001911	NT=Trypsin;AC=MS:1001251	NT=collision-induced dissociation;AC=MS:1000133	0.02 Da	0.02 Da	1	1	Control_2_24hr_media.raw	ftp://ftp.pride.ebi.ac.uk/pride/data/archive/2025/05/PXD035735/Control_2_24hr_media.raw	v1.1.0	NT=ms-proteomics;VV=v1.1.0	manual curation	not available
QE_24hr_stellate_TGF1b_4_SCX3	homo sapiens	not available	not applicable	metabolic dysfunction-associated steatohepatitis	1	QE_24hr_stellate_TGF1b_4_SCX3	proteomic profiling by mass spectrometry	NT=Data-dependent acquisition;AC=PRIDE:0000627	NT=label free sample;AC=MS:1002038	NT=q exactive;AC=MS:1001911	NT=Trypsin;AC=MS:1001251	NT=collision-induced dissociation;AC=MS:1000133	0.02 Da	0.02 Da	1	1	QE_24hr_stellate_TGF1b_4_SCX3.raw	ftp://ftp.pride.ebi.ac.uk/pride/data/archive/2025/05/PXD035735/QE_24hr_stellate_TGF1b_4_SCX3.raw	v1.1.0	NT=ms-proteomics;VV=v1.1.0	manual curation	not available
QE_24hr_stellate_TGF1b_4_SCX2	homo sapiens	not available	not applicable	metabolic dysfunction-associated steatohepatitis	1	QE_24hr_stellate_TGF1b_4_SCX2	proteomic profiling by mass spectrometry	NT=Data-dependent acquisition;AC=PRIDE:0000627	NT=label free sample;AC=MS:1002038	NT=q exactive;AC=MS:1001911	NT=Trypsin;AC=MS:1001251	NT=collision-induced dissociation;AC=MS:1000133	0.02 Da	0.02 Da	1	1	QE_24hr_stellate_TGF1b_4_SCX2.raw	ftp://ftp.pride.ebi.ac.uk/pride/data/archive/2025/05/PXD035735/QE_24hr_stellate_TGF1b_4_SCX2.raw	v1.1.0	NT=ms-proteomics;VV=v1.1.0	manual curation	not available
QE_Control_human_liver_1299_SCX6	homo sapiens	liver	not applicable	metabolic dysfunction-associated steatohepatitis	1	QE_Control_human_liver_1299_SCX6	proteomic profiling by mass spectrometry	NT=Data-dependent acquisition;AC=PRIDE:0000627	NT=label free sample;AC=MS:1002038	NT=q exactive;AC=MS:1001911	NT=Trypsin;AC=MS:1001251	NT=collision-induced dissociation;AC=MS:1000133	0.02 Da	0.02 Da	1	1	QE_Control_human_liver_1299_SCX6.raw	ftp://ftp.pride.ebi.ac.uk/pride/data/archive/2025/05/PXD035735/QE_Control_human_liver_1299_SCX6.raw	v1.1.0	NT=ms-proteomics;VV=v1.1.0	manual curation	liver
Mouse_777_SCX5	homo sapiens	not available	not applicable	metabolic dysfunction-associated steatohepatitis	1	Mouse_777_SCX5	proteomic profiling by mass spectrometry	NT=Data-dependent acquisition;AC=PRIDE:0000627	NT=label free sample;AC=MS:1002038	NT=q exactive;AC=MS:1001911	NT=Trypsin;AC=MS:1001251	NT=collision-induced dissociation;AC=MS:1000133	0.02 Da	0.02 Da	1	1	Mouse_777_SCX5.raw	ftp://ftp.pride.ebi.ac.uk/pride/data/archive/2025/05/PXD035735/Mouse_777_SCX5.raw	v1.1.0	NT=ms-proteomics;VV=v1.1.0	manual curation	not available
QE_Diabetes_human_liver_833_SCX4	homo sapiens	liver	not applicable	metabolic dysfunction-associated steatohepatitis	1	QE_Diabetes_human_liver_833_SCX4	proteomic profiling by mass spectrometry	NT=Data-dependent acquisition;AC=PRIDE:0000627	NT=label free sample;AC=MS:1002038	NT=q exactive;AC=MS:1001911	NT=Trypsin;AC=MS:1001251	NT=collision-induced dissociation;AC=MS:1000133	0.02 Da	0.02 Da	1	1	QE_Diabetes_human_liver_833_SCX4.raw	ftp://ftp.pride.ebi.ac.uk/pride/data/archive/2025/05/PXD035735/QE_Diabetes_human_liver_833_SCX4.raw	v1.1.0	NT=ms-proteomics;VV=v1.1.0	manual curation	liver
QE_mice_liver_HFDChol_0_721_SCX6	homo sapiens	liver	not applicable	metabolic dysfunction-associated steatohepatitis	1	QE_mice_liver_HFDChol_0_721_SCX6	proteomic profiling by mass spectrometry	NT=Data-dependent acquisition;AC=PRIDE:0000627	NT=label free sample;AC=MS:1002038	NT=q exactive;AC=MS:1001911	NT=Trypsin;AC=MS:1001251	NT=collision-induced dissociation;AC=MS:1000133	0.02 Da	0.02 Da	1	1	QE_mice_liver_HFDChol_0_721_SCX6.raw	ftp://ftp.pride.ebi.ac.uk/pride/data/archive/2025/05/PXD035735/QE_mice_liver_HFDChol_0_721_SCX6.raw	v1.1.0	NT=ms-proteomics;VV=v1.1.0	manual curation	liver
QE_Control_human_liver_1310_SCX4	homo sapiens	liver	not applicable	metabolic dysfunction-associated steatohepatitis	1	QE_Control_human_liver_1310_SCX4	proteomic profiling by mass spectrometry	NT=Data-dependent acquisition;AC=PRIDE:0000627	NT=label free sample;AC=MS:1002038	NT=q exactive;AC=MS:1001911	NT=Trypsin;AC=MS:1001251	NT=collision-induced dissociation;AC=MS:1000133	0.02 Da	0.02 Da	1	1	QE_Control_human_liver_1310_SCX4.raw	ftp://ftp.pride.ebi.ac.uk/pride/data/archive/2025/05/PXD035735/QE_Control_human_liver_1310_SCX4.raw	v1.1.0	NT=ms-proteomics;VV=v1.1.0	manual curation	liver
QE_Steatosis_human_liver_594_SCX4	homo sapiens	liver	not applicable	metabolic dysfunction-associated steatohepatitis	1	QE_Steatosis_human_liver_594_SCX4	proteomic profiling by mass spectrometry	NT=Data-dependent acquisition;AC=PRIDE:0000627	NT=label free sample;AC=MS:1002038	NT=q exactive;AC=MS:1001911	NT=Trypsin;AC=MS:1001251	NT=collision-induced dissociation;AC=MS:1000133	0.02 Da	0.02 Da	1	1	QE_Steatosis_human_liver_594_SCX4.raw	ftp://ftp.pride.ebi.ac.uk/pride/data/archive/2025/05/PXD035735/QE_Steatosis_human_liver_594_SCX4.raw	v1.1.0	NT=ms-proteomics;VV=v1.1.0	manual curation	liver
QE_Control_human_liver_923_SCX6	homo sapiens	liver	not applicable	metabolic dysfunction-associated steatohepatitis	1	QE_Control_human_liver_923_SCX6	proteomic profiling by mass spectrometry	NT=Data-dependent acquisition;AC=PRIDE:0000627	NT=label free sample;AC=MS:1002038	NT=q exactive;AC=MS:1001911	NT=Trypsin;AC=MS:1001251	NT=collision-induced dissociation;AC=MS:1000133	0.02 Da	0.02 Da	1	1	QE_Control_human_liver_923_SCX6.raw	ftp://ftp.pride.ebi.ac.uk/pride/data/archive/2025/05/PXD035735/QE_Control_human_liver_923_SCX6.raw	v1.1.0	NT=ms-proteomics;VV=v1.1.0	manual curation	liver
Mouse_688_FOLR3_SCX1	homo sapiens	not available	not applicable	metabolic dysfunction-associated steatohepatitis	1	Mouse_688_FOLR3_SCX1	proteomic profiling by mass spectrometry	NT=Data-dependent acquisition;AC=PRIDE:0000627	NT=label free sample;AC=MS:1002038	NT=q exactive;AC=MS:1001911	NT=Trypsin;AC=MS:1001251	NT=collision-induced dissociation;AC=MS:1000133	0.02 Da	0.02 Da	1	1	Mouse_688_FOLR3_SCX1.raw	ftp://ftp.pride.ebi.ac.uk/pride/data/archive/2025/05/PXD035735/Mouse_688_FOLR3_SCX1.raw	v1.1.0	NT=ms-proteomics;VV=v1.1.0	manual curation	not available
QE_Diabetes_human_liver_632_SCX3	homo sapiens	liver	not applicable	metabolic dysfunction-associated steatohepatitis	1	QE_Diabetes_human_liver_632_SCX3	proteomic profiling by mass spectrometry	NT=Data-dependent acquisition;AC=PRIDE:0000627	NT=label free sample;AC=MS:1002038	NT=q exactive;AC=MS:1001911	NT=Trypsin;AC=MS:1001251	NT=collision-induced dissociation;AC=MS:1000133	0.02 Da	0.02 Da	1	1	QE_Diabetes_human_liver_632_SCX3.raw	ftp://ftp.pride.ebi.ac.uk/pride/data/archive/2025/05/PXD035735/QE_Diabetes_human_liver_632_SCX3.raw	v1.1.0	NT=ms-proteomics;VV=v1.1.0	manual curation	liver
QE_Diabetes_human_liver_736_SCX3	homo sapiens	liver	not applicable	metabolic dysfunction-associated steatohepatitis	1	QE_Diabetes_human_liver_736_SCX3	proteomic profiling by mass spectrometry	NT=Data-dependent acquisition;AC=PRIDE:0000627	NT=label free sample;AC=MS:1002038	NT=q exactive;AC=MS:1001911	NT=Trypsin;AC=MS:1001251	NT=collision-induced dissociation;AC=MS:1000133	0.02 Da	0.02 Da	1	1	QE_Diabetes_human_liver_736_SCX3.raw	ftp://ftp.pride.ebi.ac.uk/pride/data/archive/2025/05/PXD035735/QE_Diabetes_human_liver_736_SCX3.raw	v1.1.0	NT=ms-proteomics;VV=v1.1.0	manual curation	liver
QE_24hr_stellate_Ctrl_3_SCX5	homo sapiens	not available	not applicable	metabolic dysfunction-associated steatohepatitis	1	QE_24hr_stellate_Ctrl_3_SCX5	proteomic profiling by mass spectrometry	NT=Data-dependent acquisition;AC=PRIDE:0000627	NT=label free sample;AC=MS:1002038	NT=q exactive;AC=MS:1001911	NT=Trypsin;AC=MS:1001251	NT=collision-induced dissociation;AC=MS:1000133	0.02 Da	0.02 Da	1	1	QE_24hr_stellate_Ctrl_3_SCX5.raw	ftp://ftp.pride.ebi.ac.uk/pride/data/archive/2025/05/PXD035735/QE_24hr_stellate_Ctrl_3_SCX5.raw	v1.1.0	NT=ms-proteomics;VV=v1.1.0	manual curation	not available
QE_mice_liver_HFDChol_0_721_SCX2	homo sapiens	liver	not applicable	metabolic dysfunction-associated steatohepatitis	1	QE_mice_liver_HFDChol_0_721_SCX2	proteomic profiling by mass spectrometry	NT=Data-dependent acquisition;AC=PRIDE:0000627	NT=label free sample;AC=MS:1002038	NT=q exactive;AC=MS:1001911	NT=Trypsin;AC=MS:1001251	NT=collision-induced dissociation;AC=MS:1000133	0.02 Da	0.02 Da	1	1	QE_mice_liver_HFDChol_0_721_SCX2.raw	ftp://ftp.pride.ebi.ac.uk/pride/data/archive/2025/05/PXD035735/QE_mice_liver_HFDChol_0_721_SCX2.raw	v1.1.0	NT=ms-proteomics;VV=v1.1.0	manual curation	liver
Mouse_685_HF_HCh_SCX4	homo sapiens	not available	not applicable	metabolic dysfunction-associated steatohepatitis	1	Mouse_685_HF_HCh_SCX4	proteomic profiling by mass spectrometry	NT=Data-dependent acquisition;AC=PRIDE:0000627	NT=label free sample;AC=MS:1002038	NT=q exactive;AC=MS:1001911	NT=Trypsin;AC=MS:1001251	NT=collision-induced dissociation;AC=MS:1000133	0.02 Da	0.02 Da	1	1	Mouse_685_HF_HCh_SCX4.raw	ftp://ftp.pride.ebi.ac.uk/pride/data/archive/2025/05/PXD035735/Mouse_685_HF_HCh_SCX4.raw	v1.1.0	NT=ms-proteomics;VV=v1.1.0	manual curation	not available
QE_Control_human_liver_1296_SCX5	homo sapiens	liver	not applicable	metabolic dysfunction-associated steatohepatitis	1	QE_Control_human_liver_1296_SCX5	proteomic profiling by mass spectrometry	NT=Data-dependent acquisition;AC=PRIDE:0000627	NT=label free sample;AC=MS:1002038	NT=q exactive;AC=MS:1001911	NT=Trypsin;AC=MS:1001251	NT=collision-induced dissociation;AC=MS:1000133	0.02 Da	0.02 Da	1	1	QE_Control_human_liver_1296_SCX5.raw	ftp://ftp.pride.ebi.ac.uk/pride/data/archive/2025/05/PXD035735/QE_Control_human_liver_1296_SCX5.raw	v1.1.0	NT=ms-proteomics;VV=v1.1.0	manual curation	liver
QE_Control_human_liver_1296_SCX3	homo sapiens	liver	not applicable	metabolic dysfunction-associated steatohepatitis	1	QE_Control_human_liver_1296_SCX3	proteomic profiling by mass spectrometry	NT=Data-dependent acquisition;AC=PRIDE:0000627	NT=label free sample;AC=MS:1002038	NT=q exactive;AC=MS:1001911	NT=Trypsin;AC=MS:1001251	NT=collision-induced dissociation;AC=MS:1000133	0.02 Da	0.02 Da	1	1	QE_Control_human_liver_1296_SCX3.raw	ftp://ftp.pride.ebi.ac.uk/pride/data/archive/2025/05/PXD035735/QE_Control_human_liver_1296_SCX3.raw	v1.1.0	NT=ms-proteomics;VV=v1.1.0	manual curation	liver
QE_Diabetes_human_liver_944_SCX6	homo sapiens	liver	not applicable	metabolic dysfunction-associated steatohepatitis	1	QE_Diabetes_human_liver_944_SCX6	proteomic profiling by mass spectrometry	NT=Data-dependent acquisition;AC=PRIDE:0000627	NT=label free sample;AC=MS:1002038	NT=q exactive;AC=MS:1001911	NT=Trypsin;AC=MS:1001251	NT=collision-induced dissociation;AC=MS:1000133	0.02 Da	0.02 Da	1	1	QE_Diabetes_human_liver_944_SCX6.raw	ftp://ftp.pride.ebi.ac.uk/pride/data/archive/2025/05/PXD035735/QE_Diabetes_human_liver_944_SCX6.raw	v1.1.0	NT=ms-proteomics;VV=v1.1.0	manual curation	liver
QE_24hr_stellate_FOLR3_3_SCX6	homo sapiens	not available	not applicable	metabolic dysfunction-associated steatohepatitis	1	QE_24hr_stellate_FOLR3_3_SCX6	proteomic profiling by mass spectrometry	NT=Data-dependent acquisition;AC=PRIDE:0000627	NT=label free sample;AC=MS:1002038	NT=q exactive;AC=MS:1001911	NT=Trypsin;AC=MS:1001251	NT=collision-induced dissociation;AC=MS:1000133	0.02 Da	0.02 Da	1	1	QE_24hr_stellate_FOLR3_3_SCX6.raw	ftp://ftp.pride.ebi.ac.uk/pride/data/archive/2025/05/PXD035735/QE_24hr_stellate_FOLR3_3_SCX6.raw	v1.1.0	NT=ms-proteomics;VV=v1.1.0	manual curation	not available
QE_24hr_stellate_Ctrl_1_SCX4	homo sapiens	not available	not applicable	metabolic dysfunction-associated steatohepatitis	1	QE_24hr_stellate_Ctrl_1_SCX4	proteomic profiling by mass spectrometry	NT=Data-dependent acquisition;AC=PRIDE:0000627	NT=label free sample;AC=MS:1002038	NT=q exactive;AC=MS:1001911	NT=Trypsin;AC=MS:1001251	NT=collision-induced dissociation;AC=MS:1000133	0.02 Da	0.02 Da	1	1	QE_24hr_stellate_Ctrl_1_SCX4.raw	ftp://ftp.pride.ebi.ac.uk/pride/data/archive/2025/05/PXD035735/QE_24hr_stellate_Ctrl_1_SCX4.raw	v1.1.0	NT=ms-proteomics;VV=v1.1.0	manual curation	not available
QE_Human_liver_only_NASH_613_SCX3	homo sapiens	liver	not applicable	metabolic dysfunction-associated steatohepatitis	1	QE_Human_liver_only_NASH_613_SCX3	proteomic profiling by mass spectrometry	NT=Data-dependent acquisition;AC=PRIDE:0000627	NT=label free sample;AC=MS:1002038	NT=q exactive;AC=MS:1001911	NT=Trypsin;AC=MS:1001251	NT=collision-induced dissociation;AC=MS:1000133	0.02 Da	0.02 Da	1	1	QE_Human_liver_only_NASH_613_SCX3.raw	ftp://ftp.pride.ebi.ac.uk/pride/data/archive/2025/05/PXD035735/QE_Human_liver_only_NASH_613_SCX3.raw	v1.1.0	NT=ms-proteomics;VV=v1.1.0	manual curation	liver
TGF1b_3_24hr_media	homo sapiens	not available	not applicable	metabolic dysfunction-associated steatohepatitis	1	TGF1b_3_24hr_media	proteomic profiling by mass spectrometry	NT=Data-dependent acquisition;AC=PRIDE:0000627	NT=label free sample;AC=MS:1002038	NT=q exactive;AC=MS:1001911	NT=Trypsin;AC=MS:1001251	NT=collision-induced dissociation;AC=MS:1000133	0.02 Da	0.02 Da	1	1	TGF1b_3_24hr_media.raw	ftp://ftp.pride.ebi.ac.uk/pride/data/archive/2025/05/PXD035735/TGF1b_3_24hr_media.raw	v1.1.0	NT=ms-proteomics;VV=v1.1.0	manual curation	not available
QE_mice_liver_HFDChol_0_723_SCX3	homo sapiens	liver	not applicable	metabolic dysfunction-associated steatohepatitis	1	QE_mice_liver_HFDChol_0_723_SCX3	proteomic profiling by mass spectrometry	NT=Data-dependent acquisition;AC=PRIDE:0000627	NT=label free sample;AC=MS:1002038	NT=q exactive;AC=MS:1001911	NT=Trypsin;AC=MS:1001251	NT=collision-induced dissociation;AC=MS:1000133	0.02 Da	0.02 Da	1	1	QE_mice_liver_HFDChol_0_723_SCX3.raw	ftp://ftp.pride.ebi.ac.uk/pride/data/archive/2025/05/PXD035735/QE_mice_liver_HFDChol_0_723_SCX3.raw	v1.1.0	NT=ms-proteomics;VV=v1.1.0	manual curation	liver
QE_Control_human_liver_1362_SCX1	homo sapiens	liver	not applicable	metabolic dysfunction-associated steatohepatitis	1	QE_Control_human_liver_1362_SCX1	proteomic profiling by mass spectrometry	NT=Data-dependent acquisition;AC=PRIDE:0000627	NT=label free sample;AC=MS:1002038	NT=q exactive;AC=MS:1001911	NT=Trypsin;AC=MS:1001251	NT=collision-induced dissociation;AC=MS:1000133	0.02 Da	0.02 Da	1	1	QE_Control_human_liver_1362_SCX1.raw	ftp://ftp.pride.ebi.ac.uk/pride/data/archive/2025/05/PXD035735/QE_Control_human_liver_1362_SCX1.raw	v1.1.0	NT=ms-proteomics;VV=v1.1.0	manual curation	liver
QE_Control_human_liver_1310_SCX6	homo sapiens	liver	not applicable	metabolic dysfunction-associated steatohepatitis	1	QE_Control_human_liver_1310_SCX6	proteomic profiling by mass spectrometry	NT=Data-dependent acquisition;AC=PRIDE:0000627	NT=label free sample;AC=MS:1002038	NT=q exactive;AC=MS:1001911	NT=Trypsin;AC=MS:1001251	NT=collision-induced dissociation;AC=MS:1000133	0.02 Da	0.02 Da	1	1	QE_Control_human_liver_1310_SCX6.raw	ftp://ftp.pride.ebi.ac.uk/pride/data/archive/2025/05/PXD035735/QE_Control_human_liver_1310_SCX6.raw	v1.1.0	NT=ms-proteomics;VV=v1.1.0	manual curation	liver
QE_Control_human_liver_1281_SCX5	homo sapiens	liver	not applicable	metabolic dysfunction-associated steatohepatitis	1	QE_Control_human_liver_1281_SCX5	proteomic profiling by mass spectrometry	NT=Data-dependent acquisition;AC=PRIDE:0000627	NT=label free sample;AC=MS:1002038	NT=q exactive;AC=MS:1001911	NT=Trypsin;AC=MS:1001251	NT=collision-induced dissociation;AC=MS:1000133	0.02 Da	0.02 Da	1	1	QE_Control_human_liver_1281_SCX5.raw	ftp://ftp.pride.ebi.ac.uk/pride/data/archive/2025/05/PXD035735/QE_Control_human_liver_1281_SCX5.raw	v1.1.0	NT=ms-proteomics;VV=v1.1.0	manual curation	liver
Mouse_687_FOLR3_SCX2	homo sapiens	not available	not applicable	metabolic dysfunction-associated steatohepatitis	1	Mouse_687_FOLR3_SCX2	proteomic profiling by mass spectrometry	NT=Data-dependent acquisition;AC=PRIDE:0000627	NT=label free sample;AC=MS:1002038	NT=q exactive;AC=MS:1001911	NT=Trypsin;AC=MS:1001251	NT=collision-induced dissociation;AC=MS:1000133	0.02 Da	0.02 Da	1	1	Mouse_687_FOLR3_SCX2.raw	ftp://ftp.pride.ebi.ac.uk/pride/data/archive/2025/05/PXD035735/Mouse_687_FOLR3_SCX2.raw	v1.1.0	NT=ms-proteomics;VV=v1.1.0	manual curation	not available
QE_Steatosis_human_liver_698_SCX1	homo sapiens	liver	not applicable	metabolic dysfunction-associated steatohepatitis	1	QE_Steatosis_human_liver_698_SCX1	proteomic profiling by mass spectrometry	NT=Data-dependent acquisition;AC=PRIDE:0000627	NT=label free sample;AC=MS:1002038	NT=q exactive;AC=MS:1001911	NT=Trypsin;AC=MS:1001251	NT=collision-induced dissociation;AC=MS:1000133	0.02 Da	0.02 Da	1	1	QE_Steatosis_human_liver_698_SCX1.raw	ftp://ftp.pride.ebi.ac.uk/pride/data/archive/2025/05/PXD035735/QE_Steatosis_human_liver_698_SCX1.raw	v1.1.0	NT=ms-proteomics;VV=v1.1.0	manual curation	liver
QE_24hr_stellate_FOLR3_2_SCX2	homo sapiens	not available	not applicable	metabolic dysfunction-associated steatohepatitis	1	QE_24hr_stellate_FOLR3_2_SCX2	proteomic profiling by mass spectrometry	NT=Data-dependent acquisition;AC=PRIDE:0000627	NT=label free sample;AC=MS:1002038	NT=q exactive;AC=MS:1001911	NT=Trypsin;AC=MS:1001251	NT=collision-induced dissociation;AC=MS:1000133	0.02 Da	0.02 Da	1	1	QE_24hr_stellate_FOLR3_2_SCX2.raw	ftp://ftp.pride.ebi.ac.uk/pride/data/archive/2025/05/PXD035735/QE_24hr_stellate_FOLR3_2_SCX2.raw	v1.1.0	NT=ms-proteomics;VV=v1.1.0	manual curation	not available
QE_Steatosis_human_liver_594_SCX2	homo sapiens	liver	not applicable	metabolic dysfunction-associated steatohepatitis	1	QE_Steatosis_human_liver_594_SCX2	proteomic profiling by mass spectrometry	NT=Data-dependent acquisition;AC=PRIDE:0000627	NT=label free sample;AC=MS:1002038	NT=q exactive;AC=MS:1001911	NT=Trypsin;AC=MS:1001251	NT=collision-induced dissociation;AC=MS:1000133	0.02 Da	0.02 Da	1	1	QE_Steatosis_human_liver_594_SCX2.raw	ftp://ftp.pride.ebi.ac.uk/pride/data/archive/2025/05/PXD035735/QE_Steatosis_human_liver_594_SCX2.raw	v1.1.0	NT=ms-proteomics;VV=v1.1.0	manual curation	liver
QE_Control_human_liver_1362_SCX4	homo sapiens	liver	not applicable	metabolic dysfunction-associated steatohepatitis	1	QE_Control_human_liver_1362_SCX4	proteomic profiling by mass spectrometry	NT=Data-dependent acquisition;AC=PRIDE:0000627	NT=label free sample;AC=MS:1002038	NT=q exactive;AC=MS:1001911	NT=Trypsin;AC=MS:1001251	NT=collision-induced dissociation;AC=MS:1000133	0.02 Da	0.02 Da	1	1	QE_Control_human_liver_1362_SCX4.raw	ftp://ftp.pride.ebi.ac.uk/pride/data/archive/2025/05/PXD035735/QE_Control_human_liver_1362_SCX4.raw	v1.1.0	NT=ms-proteomics;VV=v1.1.0	manual curation	liver
QE_Human_liver_only_NASH_602_SCX2	homo sapiens	liver	not applicable	metabolic dysfunction-associated steatohepatitis	1	QE_Human_liver_only_NASH_602_SCX2	proteomic profiling by mass spectrometry	NT=Data-dependent acquisition;AC=PRIDE:0000627	NT=label free sample;AC=MS:1002038	NT=q exactive;AC=MS:1001911	NT=Trypsin;AC=MS:1001251	NT=collision-induced dissociation;AC=MS:1000133	0.02 Da	0.02 Da	1	1	QE_Human_liver_only_NASH_602_SCX2.raw	ftp://ftp.pride.ebi.ac.uk/pride/data/archive/2025/05/PXD035735/QE_Human_liver_only_NASH_602_SCX2.raw	v1.1.0	NT=ms-proteomics;VV=v1.1.0	manual curation	liver
QE_24hr_stellate_TGF1b_1_SCX2	homo sapiens	not available	not applicable	metabolic dysfunction-associated steatohepatitis	1	QE_24hr_stellate_TGF1b_1_SCX2	proteomic profiling by mass spectrometry	NT=Data-dependent acquisition;AC=PRIDE:0000627	NT=label free sample;AC=MS:1002038	NT=q exactive;AC=MS:1001911	NT=Trypsin;AC=MS:1001251	NT=collision-induced dissociation;AC=MS:1000133	0.02 Da	0.02 Da	1	1	QE_24hr_stellate_TGF1b_1_SCX2.raw	ftp://ftp.pride.ebi.ac.uk/pride/data/archive/2025/05/PXD035735/QE_24hr_stellate_TGF1b_1_SCX2.raw	v1.1.0	NT=ms-proteomics;VV=v1.1.0	manual curation	not available
QE_Steatosis_human_liver_594_SCX1	homo sapiens	liver	not applicable	metabolic dysfunction-associated steatohepatitis	1	QE_Steatosis_human_liver_594_SCX1	proteomic profiling by mass spectrometry	NT=Data-dependent acquisition;AC=PRIDE:0000627	NT=label free sample;AC=MS:1002038	NT=q exactive;AC=MS:1001911	NT=Trypsin;AC=MS:1001251	NT=collision-induced dissociation;AC=MS:1000133	0.02 Da	0.02 Da	1	1	QE_Steatosis_human_liver_594_SCX1.raw	ftp://ftp.pride.ebi.ac.uk/pride/data/archive/2025/05/PXD035735/QE_Steatosis_human_liver_594_SCX1.raw	v1.1.0	NT=ms-proteomics;VV=v1.1.0	manual curation	liver
QE_24hr_stellate_FOLR3_3_SCX1	homo sapiens	not available	not applicable	metabolic dysfunction-associated steatohepatitis	1	QE_24hr_stellate_FOLR3_3_SCX1	proteomic profiling by mass spectrometry	NT=Data-dependent acquisition;AC=PRIDE:0000627	NT=label free sample;AC=MS:1002038	NT=q exactive;AC=MS:1001911	NT=Trypsin;AC=MS:1001251	NT=collision-induced dissociation;AC=MS:1000133	0.02 Da	0.02 Da	1	1	QE_24hr_stellate_FOLR3_3_SCX1.raw	ftp://ftp.pride.ebi.ac.uk/pride/data/archive/2025/05/PXD035735/QE_24hr_stellate_FOLR3_3_SCX1.raw	v1.1.0	NT=ms-proteomics;VV=v1.1.0	manual curation	not available
QE_24hr_stellate_Ctrl_3_SCX3	homo sapiens	not available	not applicable	metabolic dysfunction-associated steatohepatitis	1	QE_24hr_stellate_Ctrl_3_SCX3	proteomic profiling by mass spectrometry	NT=Data-dependent acquisition;AC=PRIDE:0000627	NT=label free sample;AC=MS:1002038	NT=q exactive;AC=MS:1001911	NT=Trypsin;AC=MS:1001251	NT=collision-induced dissociation;AC=MS:1000133	0.02 Da	0.02 Da	1	1	QE_24hr_stellate_Ctrl_3_SCX3.raw	ftp://ftp.pride.ebi.ac.uk/pride/data/archive/2025/05/PXD035735/QE_24hr_stellate_Ctrl_3_SCX3.raw	v1.1.0	NT=ms-proteomics;VV=v1.1.0	manual curation	not available
QE_mice_liver_HFDChol_0_721_SCX1	homo sapiens	liver	not applicable	metabolic dysfunction-associated steatohepatitis	1	QE_mice_liver_HFDChol_0_721_SCX1	proteomic profiling by mass spectrometry	NT=Data-dependent acquisition;AC=PRIDE:0000627	NT=label free sample;AC=MS:1002038	NT=q exactive;AC=MS:1001911	NT=Trypsin;AC=MS:1001251	NT=collision-induced dissociation;AC=MS:1000133	0.02 Da	0.02 Da	1	1	QE_mice_liver_HFDChol_0_721_SCX1.raw	ftp://ftp.pride.ebi.ac.uk/pride/data/archive/2025/05/PXD035735/QE_mice_liver_HFDChol_0_721_SCX1.raw	v1.1.0	NT=ms-proteomics;VV=v1.1.0	manual curation	liver
QE_Control_human_liver_1281_SCX3	homo sapiens	liver	not applicable	metabolic dysfunction-associated steatohepatitis	1	QE_Control_human_liver_1281_SCX3	proteomic profiling by mass spectrometry	NT=Data-dependent acquisition;AC=PRIDE:0000627	NT=label free sample;AC=MS:1002038	NT=q exactive;AC=MS:1001911	NT=Trypsin;AC=MS:1001251	NT=collision-induced dissociation;AC=MS:1000133	0.02 Da	0.02 Da	1	1	QE_Control_human_liver_1281_SCX3.raw	ftp://ftp.pride.ebi.ac.uk/pride/data/archive/2025/05/PXD035735/QE_Control_human_liver_1281_SCX3.raw	v1.1.0	NT=ms-proteomics;VV=v1.1.0	manual curation	liver
QE_24hr_stellate_FOLR3_TGF1b_1_SCX6	homo sapiens	not available	not applicable	metabolic dysfunction-associated steatohepatitis	1	QE_24hr_stellate_FOLR3_TGF1b_1_SCX6	proteomic profiling by mass spectrometry	NT=Data-dependent acquisition;AC=PRIDE:0000627	NT=label free sample;AC=MS:1002038	NT=q exactive;AC=MS:1001911	NT=Trypsin;AC=MS:1001251	NT=collision-induced dissociation;AC=MS:1000133	0.02 Da	0.02 Da	1	1	QE_24hr_stellate_FOLR3_TGF1b_1_SCX6.raw	ftp://ftp.pride.ebi.ac.uk/pride/data/archive/2025/05/PXD035735/QE_24hr_stellate_FOLR3_TGF1b_1_SCX6.raw	v1.1.0	NT=ms-proteomics;VV=v1.1.0	manual curation	not available
QE_mice_liver_HFDChol_0_721_SCX4	homo sapiens	liver	not applicable	metabolic dysfunction-associated steatohepatitis	1	QE_mice_liver_HFDChol_0_721_SCX4	proteomic profiling by mass spectrometry	NT=Data-dependent acquisition;AC=PRIDE:0000627	NT=label free sample;AC=MS:1002038	NT=q exactive;AC=MS:1001911	NT=Trypsin;AC=MS:1001251	NT=collision-induced dissociation;AC=MS:1000133	0.02 Da	0.02 Da	1	1	QE_mice_liver_HFDChol_0_721_SCX4.raw	ftp://ftp.pride.ebi.ac.uk/pride/data/archive/2025/05/PXD035735/QE_mice_liver_HFDChol_0_721_SCX4.raw	v1.1.0	NT=ms-proteomics;VV=v1.1.0	manual curation	liver
QE_Steatosis_human_liver_698_SCX2	homo sapiens	liver	not applicable	metabolic dysfunction-associated steatohepatitis	1	QE_Steatosis_human_liver_698_SCX2	proteomic profiling by mass spectrometry	NT=Data-dependent acquisition;AC=PRIDE:0000627	NT=label free sample;AC=MS:1002038	NT=q exactive;AC=MS:1001911	NT=Trypsin;AC=MS:1001251	NT=collision-induced dissociation;AC=MS:1000133	0.02 Da	0.02 Da	1	1	QE_Steatosis_human_liver_698_SCX2.raw	ftp://ftp.pride.ebi.ac.uk/pride/data/archive/2025/05/PXD035735/QE_Steatosis_human_liver_698_SCX2.raw	v1.1.0	NT=ms-proteomics;VV=v1.1.0	manual curation	liver
Mouse_684_HF_HCh_SCX3	homo sapiens	not available	not applicable	metabolic dysfunction-associated steatohepatitis	1	Mouse_684_HF_HCh_SCX3	proteomic profiling by mass spectrometry	NT=Data-dependent acquisition;AC=PRIDE:0000627	NT=label free sample;AC=MS:1002038	NT=q exactive;AC=MS:1001911	NT=Trypsin;AC=MS:1001251	NT=collision-induced dissociation;AC=MS:1000133	0.02 Da	0.02 Da	1	1	Mouse_684_HF_HCh_SCX3.raw	ftp://ftp.pride.ebi.ac.uk/pride/data/archive/2025/05/PXD035735/Mouse_684_HF_HCh_SCX3.raw	v1.1.0	NT=ms-proteomics;VV=v1.1.0	manual curation	not available
QE_Diabetes_human_liver_944_SCX5	homo sapiens	liver	not applicable	metabolic dysfunction-associated steatohepatitis	1	QE_Diabetes_human_liver_944_SCX5	proteomic profiling by mass spectrometry	NT=Data-dependent acquisition;AC=PRIDE:0000627	NT=label free sample;AC=MS:1002038	NT=q exactive;AC=MS:1001911	NT=Trypsin;AC=MS:1001251	NT=collision-induced dissociation;AC=MS:1000133	0.02 Da	0.02 Da	1	1	QE_Diabetes_human_liver_944_SCX5.raw	ftp://ftp.pride.ebi.ac.uk/pride/data/archive/2025/05/PXD035735/QE_Diabetes_human_liver_944_SCX5.raw	v1.1.0	NT=ms-proteomics;VV=v1.1.0	manual curation	liver
QE_NASH_human_liver_1027_SCX3_new	homo sapiens	liver	not applicable	metabolic dysfunction-associated steatohepatitis	1	QE_NASH_human_liver_1027_SCX3_new	proteomic profiling by mass spectrometry	NT=Data-dependent acquisition;AC=PRIDE:0000627	NT=label free sample;AC=MS:1002038	NT=q exactive;AC=MS:1001911	NT=Trypsin;AC=MS:1001251	NT=collision-induced dissociation;AC=MS:1000133	0.02 Da	0.02 Da	1	1	QE_NASH_human_liver_1027_SCX3_new.raw	ftp://ftp.pride.ebi.ac.uk/pride/data/archive/2025/05/PXD035735/QE_NASH_human_liver_1027_SCX3_new.raw	v1.1.0	NT=ms-proteomics;VV=v1.1.0	manual curation	liver
Control_3_24hr_media	homo sapiens	not available	not applicable	metabolic dysfunction-associated steatohepatitis	1	Control_3_24hr_media	proteomic profiling by mass spectrometry	NT=Data-dependent acquisition;AC=PRIDE:0000627	NT=label free sample;AC=MS:1002038	NT=q exactive;AC=MS:1001911	NT=Trypsin;AC=MS:1001251	NT=collision-induced dissociation;AC=MS:1000133	0.02 Da	0.02 Da	1	1	Control_3_24hr_media.raw	ftp://ftp.pride.ebi.ac.uk/pride/data/archive/2025/05/PXD035735/Control_3_24hr_media.raw	v1.1.0	NT=ms-proteomics;VV=v1.1.0	manual curation	not available
QE_NASH_human_liver_1027_SCX6_new	homo sapiens	liver	not applicable	metabolic dysfunction-associated steatohepatitis	1	QE_NASH_human_liver_1027_SCX6_new	proteomic profiling by mass spectrometry	NT=Data-dependent acquisition;AC=PRIDE:0000627	NT=label free sample;AC=MS:1002038	NT=q exactive;AC=MS:1001911	NT=Trypsin;AC=MS:1001251	NT=collision-induced dissociation;AC=MS:1000133	0.02 Da	0.02 Da	1	1	QE_NASH_human_liver_1027_SCX6_new.raw	ftp://ftp.pride.ebi.ac.uk/pride/data/archive/2025/05/PXD035735/QE_NASH_human_liver_1027_SCX6_new.raw	v1.1.0	NT=ms-proteomics;VV=v1.1.0	manual curation	liver
Mouse_777_SCX1	homo sapiens	not available	not applicable	metabolic dysfunction-associated steatohepatitis	1	Mouse_777_SCX1	proteomic profiling by mass spectrometry	NT=Data-dependent acquisition;AC=PRIDE:0000627	NT=label free sample;AC=MS:1002038	NT=q exactive;AC=MS:1001911	NT=Trypsin;AC=MS:1001251	NT=collision-induced dissociation;AC=MS:1000133	0.02 Da	0.02 Da	1	1	Mouse_777_SCX1.raw	ftp://ftp.pride.ebi.ac.uk/pride/data/archive/2025/05/PXD035735/Mouse_777_SCX1.raw	v1.1.0	NT=ms-proteomics;VV=v1.1.0	manual curation	not available
QE_Diabetes_human_liver_736_SCX1	homo sapiens	liver	not applicable	metabolic dysfunction-associated steatohepatitis	1	QE_Diabetes_human_liver_736_SCX1	proteomic profiling by mass spectrometry	NT=Data-dependent acquisition;AC=PRIDE:0000627	NT=label free sample;AC=MS:1002038	NT=q exactive;AC=MS:1001911	NT=Trypsin;AC=MS:1001251	NT=collision-induced dissociation;AC=MS:1000133	0.02 Da	0.02 Da	1	1	QE_Diabetes_human_liver_736_SCX1.raw	ftp://ftp.pride.ebi.ac.uk/pride/data/archive/2025/05/PXD035735/QE_Diabetes_human_liver_736_SCX1.raw	v1.1.0	NT=ms-proteomics;VV=v1.1.0	manual curation	liver
QE_24hr_stellate_Ctrl_1_SCX1	homo sapiens	not available	not applicable	metabolic dysfunction-associated steatohepatitis	1	QE_24hr_stellate_Ctrl_1_SCX1	proteomic profiling by mass spectrometry	NT=Data-dependent acquisition;AC=PRIDE:0000627	NT=label free sample;AC=MS:1002038	NT=q exactive;AC=MS:1001911	NT=Trypsin;AC=MS:1001251	NT=collision-induced dissociation;AC=MS:1000133	0.02 Da	0.02 Da	1	1	QE_24hr_stellate_Ctrl_1_SCX1.raw	ftp://ftp.pride.ebi.ac.uk/pride/data/archive/2025/05/PXD035735/QE_24hr_stellate_Ctrl_1_SCX1.raw	v1.1.0	NT=ms-proteomics;VV=v1.1.0	manual curation	not available
QE_24hr_stellate_FOLR3_TGF1b_2_SCX6	homo sapiens	not available	not applicable	metabolic dysfunction-associated steatohepatitis	1	QE_24hr_stellate_FOLR3_TGF1b_2_SCX6	proteomic profiling by mass spectrometry	NT=Data-dependent acquisition;AC=PRIDE:0000627	NT=label free sample;AC=MS:1002038	NT=q exactive;AC=MS:1001911	NT=Trypsin;AC=MS:1001251	NT=collision-induced dissociation;AC=MS:1000133	0.02 Da	0.02 Da	1	1	QE_24hr_stellate_FOLR3_TGF1b_2_SCX6.raw	ftp://ftp.pride.ebi.ac.uk/pride/data/archive/2025/05/PXD035735/QE_24hr_stellate_FOLR3_TGF1b_2_SCX6.raw	v1.1.0	NT=ms-proteomics;VV=v1.1.0	manual curation	not available
QE_Diabetes_human_liver_632_SCX6	homo sapiens	liver	not applicable	metabolic dysfunction-associated steatohepatitis	1	QE_Diabetes_human_liver_632_SCX6	proteomic profiling by mass spectrometry	NT=Data-dependent acquisition;AC=PRIDE:0000627	NT=label free sample;AC=MS:1002038	NT=q exactive;AC=MS:1001911	NT=Trypsin;AC=MS:1001251	NT=collision-induced dissociation;AC=MS:1000133	0.02 Da	0.02 Da	1	1	QE_Diabetes_human_liver_632_SCX6.raw	ftp://ftp.pride.ebi.ac.uk/pride/data/archive/2025/05/PXD035735/QE_Diabetes_human_liver_632_SCX6.raw	v1.1.0	NT=ms-proteomics;VV=v1.1.0	manual curation	liver
QE_Human_liver_only_NASH_501_SCX5	homo sapiens	liver	not applicable	metabolic dysfunction-associated steatohepatitis	1	QE_Human_liver_only_NASH_501_SCX5	proteomic profiling by mass spectrometry	NT=Data-dependent acquisition;AC=PRIDE:0000627	NT=label free sample;AC=MS:1002038	NT=q exactive;AC=MS:1001911	NT=Trypsin;AC=MS:1001251	NT=collision-induced dissociation;AC=MS:1000133	0.02 Da	0.02 Da	1	1	QE_Human_liver_only_NASH_501_SCX5.raw	ftp://ftp.pride.ebi.ac.uk/pride/data/archive/2025/05/PXD035735/QE_Human_liver_only_NASH_501_SCX5.raw	v1.1.0	NT=ms-proteomics;VV=v1.1.0	manual curation	liver
Mouse_687_FOLR3_SCX1	homo sapiens	not available	not applicable	metabolic dysfunction-associated steatohepatitis	1	Mouse_687_FOLR3_SCX1	proteomic profiling by mass spectrometry	NT=Data-dependent acquisition;AC=PRIDE:0000627	NT=label free sample;AC=MS:1002038	NT=q exactive;AC=MS:1001911	NT=Trypsin;AC=MS:1001251	NT=collision-induced dissociation;AC=MS:1000133	0.02 Da	0.02 Da	1	1	Mouse_687_FOLR3_SCX1.raw	ftp://ftp.pride.ebi.ac.uk/pride/data/archive/2025/05/PXD035735/Mouse_687_FOLR3_SCX1.raw	v1.1.0	NT=ms-proteomics;VV=v1.1.0	manual curation	not available
QE_24hr_stellate_FOLR3_2_SCX1	homo sapiens	not available	not applicable	metabolic dysfunction-associated steatohepatitis	1	QE_24hr_stellate_FOLR3_2_SCX1	proteomic profiling by mass spectrometry	NT=Data-dependent acquisition;AC=PRIDE:0000627	NT=label free sample;AC=MS:1002038	NT=q exactive;AC=MS:1001911	NT=Trypsin;AC=MS:1001251	NT=collision-induced dissociation;AC=MS:1000133	0.02 Da	0.02 Da	1	1	QE_24hr_stellate_FOLR3_2_SCX1.raw	ftp://ftp.pride.ebi.ac.uk/pride/data/archive/2025/05/PXD035735/QE_24hr_stellate_FOLR3_2_SCX1.raw	v1.1.0	NT=ms-proteomics;VV=v1.1.0	manual curation	not available
FOLR3TGF1b_3_24hr_media	homo sapiens	not available	not applicable	metabolic dysfunction-associated steatohepatitis	1	FOLR3TGF1b_3_24hr_media	proteomic profiling by mass spectrometry	NT=Data-dependent acquisition;AC=PRIDE:0000627	NT=label free sample;AC=MS:1002038	NT=q exactive;AC=MS:1001911	NT=Trypsin;AC=MS:1001251	NT=collision-induced dissociation;AC=MS:1000133	0.02 Da	0.02 Da	1	1	FOLR3TGF1b_3_24hr_media.raw	ftp://ftp.pride.ebi.ac.uk/pride/data/archive/2025/05/PXD035735/FOLR3TGF1b_3_24hr_media.raw	v1.1.0	NT=ms-proteomics;VV=v1.1.0	manual curation	not available
QE_Control_human_liver_923_SCX4	homo sapiens	liver	not applicable	metabolic dysfunction-associated steatohepatitis	1	QE_Control_human_liver_923_SCX4	proteomic profiling by mass spectrometry	NT=Data-dependent acquisition;AC=PRIDE:0000627	NT=label free sample;AC=MS:1002038	NT=q exactive;AC=MS:1001911	NT=Trypsin;AC=MS:1001251	NT=collision-induced dissociation;AC=MS:1000133	0.02 Da	0.02 Da	1	1	QE_Control_human_liver_923_SCX4.raw	ftp://ftp.pride.ebi.ac.uk/pride/data/archive/2025/05/PXD035735/QE_Control_human_liver_923_SCX4.raw	v1.1.0	NT=ms-proteomics;VV=v1.1.0	manual curation	liver
QE_NASH_human_liver_1028_SCX2	homo sapiens	liver	not applicable	metabolic dysfunction-associated steatohepatitis	1	QE_NASH_human_liver_1028_SCX2	proteomic profiling by mass spectrometry	NT=Data-dependent acquisition;AC=PRIDE:0000627	NT=label free sample;AC=MS:1002038	NT=q exactive;AC=MS:1001911	NT=Trypsin;AC=MS:1001251	NT=collision-induced dissociation;AC=MS:1000133	0.02 Da	0.02 Da	1	1	QE_NASH_human_liver_1028_SCX2.raw	ftp://ftp.pride.ebi.ac.uk/pride/data/archive/2025/05/PXD035735/QE_NASH_human_liver_1028_SCX2.raw	v1.1.0	NT=ms-proteomics;VV=v1.1.0	manual curation	liver
QE_Diabetes_human_liver_944_SCX2	homo sapiens	liver	not applicable	metabolic dysfunction-associated steatohepatitis	1	QE_Diabetes_human_liver_944_SCX2	proteomic profiling by mass spectrometry	NT=Data-dependent acquisition;AC=PRIDE:0000627	NT=label free sample;AC=MS:1002038	NT=q exactive;AC=MS:1001911	NT=Trypsin;AC=MS:1001251	NT=collision-induced dissociation;AC=MS:1000133	0.02 Da	0.02 Da	1	1	QE_Diabetes_human_liver_944_SCX2.raw	ftp://ftp.pride.ebi.ac.uk/pride/data/archive/2025/05/PXD035735/QE_Diabetes_human_liver_944_SCX2.raw	v1.1.0	NT=ms-proteomics;VV=v1.1.0	manual curation	liver
QE_Steatosis_human_liver_574_SCX5	homo sapiens	liver	not applicable	metabolic dysfunction-associated steatohepatitis	1	QE_Steatosis_human_liver_574_SCX5	proteomic profiling by mass spectrometry	NT=Data-dependent acquisition;AC=PRIDE:0000627	NT=label free sample;AC=MS:1002038	NT=q exactive;AC=MS:1001911	NT=Trypsin;AC=MS:1001251	NT=collision-induced dissociation;AC=MS:1000133	0.02 Da	0.02 Da	1	1	QE_Steatosis_human_liver_574_SCX5.raw	ftp://ftp.pride.ebi.ac.uk/pride/data/archive/2025/05/PXD035735/QE_Steatosis_human_liver_574_SCX5.raw	v1.1.0	NT=ms-proteomics;VV=v1.1.0	manual curation	liver
QE_Control_human_liver_1281_SCX4	homo sapiens	liver	not applicable	metabolic dysfunction-associated steatohepatitis	1	QE_Control_human_liver_1281_SCX4	proteomic profiling by mass spectrometry	NT=Data-dependent acquisition;AC=PRIDE:0000627	NT=label free sample;AC=MS:1002038	NT=q exactive;AC=MS:1001911	NT=Trypsin;AC=MS:1001251	NT=collision-induced dissociation;AC=MS:1000133	0.02 Da	0.02 Da	1	1	QE_Control_human_liver_1281_SCX4.raw	ftp://ftp.pride.ebi.ac.uk/pride/data/archive/2025/05/PXD035735/QE_Control_human_liver_1281_SCX4.raw	v1.1.0	NT=ms-proteomics;VV=v1.1.0	manual curation	liver
QE_NASH_human_liver_847_SCX5	homo sapiens	liver	not applicable	metabolic dysfunction-associated steatohepatitis	1	QE_NASH_human_liver_847_SCX5	proteomic profiling by mass spectrometry	NT=Data-dependent acquisition;AC=PRIDE:0000627	NT=label free sample;AC=MS:1002038	NT=q exactive;AC=MS:1001911	NT=Trypsin;AC=MS:1001251	NT=collision-induced dissociation;AC=MS:1000133	0.02 Da	0.02 Da	1	1	QE_NASH_human_liver_847_SCX5.raw	ftp://ftp.pride.ebi.ac.uk/pride/data/archive/2025/05/PXD035735/QE_NASH_human_liver_847_SCX5.raw	v1.1.0	NT=ms-proteomics;VV=v1.1.0	manual curation	liver
QE_24hr_stellate_Ctrl_2_SCX2	homo sapiens	not available	not applicable	metabolic dysfunction-associated steatohepatitis	1	QE_24hr_stellate_Ctrl_2_SCX2	proteomic profiling by mass spectrometry	NT=Data-dependent acquisition;AC=PRIDE:0000627	NT=label free sample;AC=MS:1002038	NT=q exactive;AC=MS:1001911	NT=Trypsin;AC=MS:1001251	NT=collision-induced dissociation;AC=MS:1000133	0.02 Da	0.02 Da	1	1	QE_24hr_stellate_Ctrl_2_SCX2.raw	ftp://ftp.pride.ebi.ac.uk/pride/data/archive/2025/05/PXD035735/QE_24hr_stellate_Ctrl_2_SCX2.raw	v1.1.0	NT=ms-proteomics;VV=v1.1.0	manual curation	not available
Mouse_686_FOLR3_SCX6	homo sapiens	not available	not applicable	metabolic dysfunction-associated steatohepatitis	1	Mouse_686_FOLR3_SCX6	proteomic profiling by mass spectrometry	NT=Data-dependent acquisition;AC=PRIDE:0000627	NT=label free sample;AC=MS:1002038	NT=q exactive;AC=MS:1001911	NT=Trypsin;AC=MS:1001251	NT=collision-induced dissociation;AC=MS:1000133	0.02 Da	0.02 Da	1	1	Mouse_686_FOLR3_SCX6.raw	ftp://ftp.pride.ebi.ac.uk/pride/data/archive/2025/05/PXD035735/Mouse_686_FOLR3_SCX6.raw	v1.1.0	NT=ms-proteomics;VV=v1.1.0	manual curation	not available
QE_Control_human_liver_1299_SCX1	homo sapiens	liver	not applicable	metabolic dysfunction-associated steatohepatitis	1	QE_Control_human_liver_1299_SCX1	proteomic profiling by mass spectrometry	NT=Data-dependent acquisition;AC=PRIDE:0000627	NT=label free sample;AC=MS:1002038	NT=q exactive;AC=MS:1001911	NT=Trypsin;AC=MS:1001251	NT=collision-induced dissociation;AC=MS:1000133	0.02 Da	0.02 Da	1	1	QE_Control_human_liver_1299_SCX1.raw	ftp://ftp.pride.ebi.ac.uk/pride/data/archive/2025/05/PXD035735/QE_Control_human_liver_1299_SCX1.raw	v1.1.0	NT=ms-proteomics;VV=v1.1.0	manual curation	liver
QE_Diabetes_human_liver_944_SCX1	homo sapiens	liver	not applicable	metabolic dysfunction-associated steatohepatitis	1	QE_Diabetes_human_liver_944_SCX1	proteomic profiling by mass spectrometry	NT=Data-dependent acquisition;AC=PRIDE:0000627	NT=label free sample;AC=MS:1002038	NT=q exactive;AC=MS:1001911	NT=Trypsin;AC=MS:1001251	NT=collision-induced dissociation;AC=MS:1000133	0.02 Da	0.02 Da	1	1	QE_Diabetes_human_liver_944_SCX1.raw	ftp://ftp.pride.ebi.ac.uk/pride/data/archive/2025/05/PXD035735/QE_Diabetes_human_liver_944_SCX1.raw	v1.1.0	NT=ms-proteomics;VV=v1.1.0	manual curation	liver
QE_Diabetes_human_liver_736_SCX4	homo sapiens	liver	not applicable	metabolic dysfunction-associated steatohepatitis	1	QE_Diabetes_human_liver_736_SCX4	proteomic profiling by mass spectrometry	NT=Data-dependent acquisition;AC=PRIDE:0000627	NT=label free sample;AC=MS:1002038	NT=q exactive;AC=MS:1001911	NT=Trypsin;AC=MS:1001251	NT=collision-induced dissociation;AC=MS:1000133	0.02 Da	0.02 Da	1	1	QE_Diabetes_human_liver_736_SCX4.raw	ftp://ftp.pride.ebi.ac.uk/pride/data/archive/2025/05/PXD035735/QE_Diabetes_human_liver_736_SCX4.raw	v1.1.0	NT=ms-proteomics;VV=v1.1.0	manual curation	liver
Mouse_776_SCX6	homo sapiens	not available	not applicable	metabolic dysfunction-associated steatohepatitis	1	Mouse_776_SCX6	proteomic profiling by mass spectrometry	NT=Data-dependent acquisition;AC=PRIDE:0000627	NT=label free sample;AC=MS:1002038	NT=q exactive;AC=MS:1001911	NT=Trypsin;AC=MS:1001251	NT=collision-induced dissociation;AC=MS:1000133	0.02 Da	0.02 Da	1	1	Mouse_776_SCX6.raw	ftp://ftp.pride.ebi.ac.uk/pride/data/archive/2025/05/PXD035735/Mouse_776_SCX6.raw	v1.1.0	NT=ms-proteomics;VV=v1.1.0	manual curation	not available
Mouse_685_HF_HCh_SCX2	homo sapiens	not available	not applicable	metabolic dysfunction-associated steatohepatitis	1	Mouse_685_HF_HCh_SCX2	proteomic profiling by mass spectrometry	NT=Data-dependent acquisition;AC=PRIDE:0000627	NT=label free sample;AC=MS:1002038	NT=q exactive;AC=MS:1001911	NT=Trypsin;AC=MS:1001251	NT=collision-induced dissociation;AC=MS:1000133	0.02 Da	0.02 Da	1	1	Mouse_685_HF_HCh_SCX2.raw	ftp://ftp.pride.ebi.ac.uk/pride/data/archive/2025/05/PXD035735/Mouse_685_HF_HCh_SCX2.raw	v1.1.0	NT=ms-proteomics;VV=v1.1.0	manual curation	not available
QE_Steatosis_human_liver_531_SCX1	homo sapiens	liver	not applicable	metabolic dysfunction-associated steatohepatitis	1	QE_Steatosis_human_liver_531_SCX1	proteomic profiling by mass spectrometry	NT=Data-dependent acquisition;AC=PRIDE:0000627	NT=label free sample;AC=MS:1002038	NT=q exactive;AC=MS:1001911	NT=Trypsin;AC=MS:1001251	NT=collision-induced dissociation;AC=MS:1000133	0.02 Da	0.02 Da	1	1	QE_Steatosis_human_liver_531_SCX1.raw	ftp://ftp.pride.ebi.ac.uk/pride/data/archive/2025/05/PXD035735/QE_Steatosis_human_liver_531_SCX1.raw	v1.1.0	NT=ms-proteomics;VV=v1.1.0	manual curation	liver
QE_Control_human_liver_1299_SCX5	homo sapiens	liver	not applicable	metabolic dysfunction-associated steatohepatitis	1	QE_Control_human_liver_1299_SCX5	proteomic profiling by mass spectrometry	NT=Data-dependent acquisition;AC=PRIDE:0000627	NT=label free sample;AC=MS:1002038	NT=q exactive;AC=MS:1001911	NT=Trypsin;AC=MS:1001251	NT=collision-induced dissociation;AC=MS:1000133	0.02 Da	0.02 Da	1	1	QE_Control_human_liver_1299_SCX5.raw	ftp://ftp.pride.ebi.ac.uk/pride/data/archive/2025/05/PXD035735/QE_Control_human_liver_1299_SCX5.raw	v1.1.0	NT=ms-proteomics;VV=v1.1.0	manual curation	liver
QE_24hr_stellate_FOLR3_TGF1b_2_SCX5	homo sapiens	not available	not applicable	metabolic dysfunction-associated steatohepatitis	1	QE_24hr_stellate_FOLR3_TGF1b_2_SCX5	proteomic profiling by mass spectrometry	NT=Data-dependent acquisition;AC=PRIDE:0000627	NT=label free sample;AC=MS:1002038	NT=q exactive;AC=MS:1001911	NT=Trypsin;AC=MS:1001251	NT=collision-induced dissociation;AC=MS:1000133	0.02 Da	0.02 Da	1	1	QE_24hr_stellate_FOLR3_TGF1b_2_SCX5.raw	ftp://ftp.pride.ebi.ac.uk/pride/data/archive/2025/05/PXD035735/QE_24hr_stellate_FOLR3_TGF1b_2_SCX5.raw	v1.1.0	NT=ms-proteomics;VV=v1.1.0	manual curation	not available
QE_Human_liver_only_NASH_613_SCX6	homo sapiens	liver	not applicable	metabolic dysfunction-associated steatohepatitis	1	QE_Human_liver_only_NASH_613_SCX6	proteomic profiling by mass spectrometry	NT=Data-dependent acquisition;AC=PRIDE:0000627	NT=label free sample;AC=MS:1002038	NT=q exactive;AC=MS:1001911	NT=Trypsin;AC=MS:1001251	NT=collision-induced dissociation;AC=MS:1000133	0.02 Da	0.02 Da	1	1	QE_Human_liver_only_NASH_613_SCX6.raw	ftp://ftp.pride.ebi.ac.uk/pride/data/archive/2025/05/PXD035735/QE_Human_liver_only_NASH_613_SCX6.raw	v1.1.0	NT=ms-proteomics;VV=v1.1.0	manual curation	liver
QE_Human_liver_only_NASH_1069_SCX2	homo sapiens	liver	not applicable	metabolic dysfunction-associated steatohepatitis	1	QE_Human_liver_only_NASH_1069_SCX2	proteomic profiling by mass spectrometry	NT=Data-dependent acquisition;AC=PRIDE:0000627	NT=label free sample;AC=MS:1002038	NT=q exactive;AC=MS:1001911	NT=Trypsin;AC=MS:1001251	NT=collision-induced dissociation;AC=MS:1000133	0.02 Da	0.02 Da	1	1	QE_Human_liver_only_NASH_1069_SCX2.raw	ftp://ftp.pride.ebi.ac.uk/pride/data/archive/2025/05/PXD035735/QE_Human_liver_only_NASH_1069_SCX2.raw	v1.1.0	NT=ms-proteomics;VV=v1.1.0	manual curation	liver
QE_Diabetes_human_liver_736_SCX5	homo sapiens	liver	not applicable	metabolic dysfunction-associated steatohepatitis	1	QE_Diabetes_human_liver_736_SCX5	proteomic profiling by mass spectrometry	NT=Data-dependent acquisition;AC=PRIDE:0000627	NT=label free sample;AC=MS:1002038	NT=q exactive;AC=MS:1001911	NT=Trypsin;AC=MS:1001251	NT=collision-induced dissociation;AC=MS:1000133	0.02 Da	0.02 Da	1	1	QE_Diabetes_human_liver_736_SCX5.raw	ftp://ftp.pride.ebi.ac.uk/pride/data/archive/2025/05/PXD035735/QE_Diabetes_human_liver_736_SCX5.raw	v1.1.0	NT=ms-proteomics;VV=v1.1.0	manual curation	liver
Mouse_776_SCX2	homo sapiens	not available	not applicable	metabolic dysfunction-associated steatohepatitis	1	Mouse_776_SCX2	proteomic profiling by mass spectrometry	NT=Data-dependent acquisition;AC=PRIDE:0000627	NT=label free sample;AC=MS:1002038	NT=q exactive;AC=MS:1001911	NT=Trypsin;AC=MS:1001251	NT=collision-induced dissociation;AC=MS:1000133	0.02 Da	0.02 Da	1	1	Mouse_776_SCX2.raw	ftp://ftp.pride.ebi.ac.uk/pride/data/archive/2025/05/PXD035735/Mouse_776_SCX2.raw	v1.1.0	NT=ms-proteomics;VV=v1.1.0	manual curation	not available
QE_Control_human_liver_923_SCX2	homo sapiens	liver	not applicable	metabolic dysfunction-associated steatohepatitis	1	QE_Control_human_liver_923_SCX2	proteomic profiling by mass spectrometry	NT=Data-dependent acquisition;AC=PRIDE:0000627	NT=label free sample;AC=MS:1002038	NT=q exactive;AC=MS:1001911	NT=Trypsin;AC=MS:1001251	NT=collision-induced dissociation;AC=MS:1000133	0.02 Da	0.02 Da	1	1	QE_Control_human_liver_923_SCX2.raw	ftp://ftp.pride.ebi.ac.uk/pride/data/archive/2025/05/PXD035735/QE_Control_human_liver_923_SCX2.raw	v1.1.0	NT=ms-proteomics;VV=v1.1.0	manual curation	liver
QE_24hr_stellate_TGF1b_3_SCX5	homo sapiens	not available	not applicable	metabolic dysfunction-associated steatohepatitis	1	QE_24hr_stellate_TGF1b_3_SCX5	proteomic profiling by mass spectrometry	NT=Data-dependent acquisition;AC=PRIDE:0000627	NT=label free sample;AC=MS:1002038	NT=q exactive;AC=MS:1001911	NT=Trypsin;AC=MS:1001251	NT=collision-induced dissociation;AC=MS:1000133	0.02 Da	0.02 Da	1	1	QE_24hr_stellate_TGF1b_3_SCX5.raw	ftp://ftp.pride.ebi.ac.uk/pride/data/archive/2025/05/PXD035735/QE_24hr_stellate_TGF1b_3_SCX5.raw	v1.1.0	NT=ms-proteomics;VV=v1.1.0	manual curation	not available
Mouse_686_FOLR3_SCX3	homo sapiens	not available	not applicable	metabolic dysfunction-associated steatohepatitis	1	Mouse_686_FOLR3_SCX3	proteomic profiling by mass spectrometry	NT=Data-dependent acquisition;AC=PRIDE:0000627	NT=label free sample;AC=MS:1002038	NT=q exactive;AC=MS:1001911	NT=Trypsin;AC=MS:1001251	NT=collision-induced dissociation;AC=MS:1000133	0.02 Da	0.02 Da	1	1	Mouse_686_FOLR3_SCX3.raw	ftp://ftp.pride.ebi.ac.uk/pride/data/archive/2025/05/PXD035735/Mouse_686_FOLR3_SCX3.raw	v1.1.0	NT=ms-proteomics;VV=v1.1.0	manual curation	not available
QE_NASH_human_liver_1027_SCX2_new	homo sapiens	liver	not applicable	metabolic dysfunction-associated steatohepatitis	1	QE_NASH_human_liver_1027_SCX2_new	proteomic profiling by mass spectrometry	NT=Data-dependent acquisition;AC=PRIDE:0000627	NT=label free sample;AC=MS:1002038	NT=q exactive;AC=MS:1001911	NT=Trypsin;AC=MS:1001251	NT=collision-induced dissociation;AC=MS:1000133	0.02 Da	0.02 Da	1	1	QE_NASH_human_liver_1027_SCX2_new.raw	ftp://ftp.pride.ebi.ac.uk/pride/data/archive/2025/05/PXD035735/QE_NASH_human_liver_1027_SCX2_new.raw	v1.1.0	NT=ms-proteomics;VV=v1.1.0	manual curation	liver
QE_Human_liver_only_NASH_499_SCX2	homo sapiens	liver	not applicable	metabolic dysfunction-associated steatohepatitis	1	QE_Human_liver_only_NASH_499_SCX2	proteomic profiling by mass spectrometry	NT=Data-dependent acquisition;AC=PRIDE:0000627	NT=label free sample;AC=MS:1002038	NT=q exactive;AC=MS:1001911	NT=Trypsin;AC=MS:1001251	NT=collision-induced dissociation;AC=MS:1000133	0.02 Da	0.02 Da	1	1	QE_Human_liver_only_NASH_499_SCX2.raw	ftp://ftp.pride.ebi.ac.uk/pride/data/archive/2025/05/PXD035735/QE_Human_liver_only_NASH_499_SCX2.raw	v1.1.0	NT=ms-proteomics;VV=v1.1.0	manual curation	liver
QE_Control_human_liver_1281_SCX6	homo sapiens	liver	not applicable	metabolic dysfunction-associated steatohepatitis	1	QE_Control_human_liver_1281_SCX6	proteomic profiling by mass spectrometry	NT=Data-dependent acquisition;AC=PRIDE:0000627	NT=label free sample;AC=MS:1002038	NT=q exactive;AC=MS:1001911	NT=Trypsin;AC=MS:1001251	NT=collision-induced dissociation;AC=MS:1000133	0.02 Da	0.02 Da	1	1	QE_Control_human_liver_1281_SCX6.raw	ftp://ftp.pride.ebi.ac.uk/pride/data/archive/2025/05/PXD035735/QE_Control_human_liver_1281_SCX6.raw	v1.1.0	NT=ms-proteomics;VV=v1.1.0	manual curation	liver
QE_Steatosis_human_liver_698_SCX3	homo sapiens	liver	not applicable	metabolic dysfunction-associated steatohepatitis	1	QE_Steatosis_human_liver_698_SCX3	proteomic profiling by mass spectrometry	NT=Data-dependent acquisition;AC=PRIDE:0000627	NT=label free sample;AC=MS:1002038	NT=q exactive;AC=MS:1001911	NT=Trypsin;AC=MS:1001251	NT=collision-induced dissociation;AC=MS:1000133	0.02 Da	0.02 Da	1	1	QE_Steatosis_human_liver_698_SCX3.raw	ftp://ftp.pride.ebi.ac.uk/pride/data/archive/2025/05/PXD035735/QE_Steatosis_human_liver_698_SCX3.raw	v1.1.0	NT=ms-proteomics;VV=v1.1.0	manual curation	liver
QE_mice_liver_HFDChol_0_723_SCX1	homo sapiens	liver	not applicable	metabolic dysfunction-associated steatohepatitis	1	QE_mice_liver_HFDChol_0_723_SCX1	proteomic profiling by mass spectrometry	NT=Data-dependent acquisition;AC=PRIDE:0000627	NT=label free sample;AC=MS:1002038	NT=q exactive;AC=MS:1001911	NT=Trypsin;AC=MS:1001251	NT=collision-induced dissociation;AC=MS:1000133	0.02 Da	0.02 Da	1	1	QE_mice_liver_HFDChol_0_723_SCX1.raw	ftp://ftp.pride.ebi.ac.uk/pride/data/archive/2025/05/PXD035735/QE_mice_liver_HFDChol_0_723_SCX1.raw	v1.1.0	NT=ms-proteomics;VV=v1.1.0	manual curation	liver
QE_24hr_stellate_Ctrl_3_SCX6	homo sapiens	not available	not applicable	metabolic dysfunction-associated steatohepatitis	1	QE_24hr_stellate_Ctrl_3_SCX6	proteomic profiling by mass spectrometry	NT=Data-dependent acquisition;AC=PRIDE:0000627	NT=label free sample;AC=MS:1002038	NT=q exactive;AC=MS:1001911	NT=Trypsin;AC=MS:1001251	NT=collision-induced dissociation;AC=MS:1000133	0.02 Da	0.02 Da	1	1	QE_24hr_stellate_Ctrl_3_SCX6.raw	ftp://ftp.pride.ebi.ac.uk/pride/data/archive/2025/05/PXD035735/QE_24hr_stellate_Ctrl_3_SCX6.raw	v1.1.0	NT=ms-proteomics;VV=v1.1.0	manual curation	not available
Control_1_24hr_media	homo sapiens	not available	not applicable	metabolic dysfunction-associated steatohepatitis	1	Control_1_24hr_media	proteomic profiling by mass spectrometry	NT=Data-dependent acquisition;AC=PRIDE:0000627	NT=label free sample;AC=MS:1002038	NT=q exactive;AC=MS:1001911	NT=Trypsin;AC=MS:1001251	NT=collision-induced dissociation;AC=MS:1000133	0.02 Da	0.02 Da	1	1	Control_1_24hr_media.raw	ftp://ftp.pride.ebi.ac.uk/pride/data/archive/2025/05/PXD035735/Control_1_24hr_media.raw	v1.1.0	NT=ms-proteomics;VV=v1.1.0	manual curation	not available
Mouse_784_HF_HCh_SCX2	homo sapiens	not available	not applicable	metabolic dysfunction-associated steatohepatitis	1	Mouse_784_HF_HCh_SCX2	proteomic profiling by mass spectrometry	NT=Data-dependent acquisition;AC=PRIDE:0000627	NT=label free sample;AC=MS:1002038	NT=q exactive;AC=MS:1001911	NT=Trypsin;AC=MS:1001251	NT=collision-induced dissociation;AC=MS:1000133	0.02 Da	0.02 Da	1	1	Mouse_784_HF_HCh_SCX2.raw	ftp://ftp.pride.ebi.ac.uk/pride/data/archive/2025/05/PXD035735/Mouse_784_HF_HCh_SCX2.raw	v1.1.0	NT=ms-proteomics;VV=v1.1.0	manual curation	not available
QE_Steatosis_human_liver_531_SCX3	homo sapiens	liver	not applicable	metabolic dysfunction-associated steatohepatitis	1	QE_Steatosis_human_liver_531_SCX3	proteomic profiling by mass spectrometry	NT=Data-dependent acquisition;AC=PRIDE:0000627	NT=label free sample;AC=MS:1002038	NT=q exactive;AC=MS:1001911	NT=Trypsin;AC=MS:1001251	NT=collision-induced dissociation;AC=MS:1000133	0.02 Da	0.02 Da	1	1	QE_Steatosis_human_liver_531_SCX3.raw	ftp://ftp.pride.ebi.ac.uk/pride/data/archive/2025/05/PXD035735/QE_Steatosis_human_liver_531_SCX3.raw	v1.1.0	NT=ms-proteomics;VV=v1.1.0	manual curation	liver
TGF1b_4_24hr_media	homo sapiens	not available	not applicable	metabolic dysfunction-associated steatohepatitis	1	TGF1b_4_24hr_media	proteomic profiling by mass spectrometry	NT=Data-dependent acquisition;AC=PRIDE:0000627	NT=label free sample;AC=MS:1002038	NT=q exactive;AC=MS:1001911	NT=Trypsin;AC=MS:1001251	NT=collision-induced dissociation;AC=MS:1000133	0.02 Da	0.02 Da	1	1	TGF1b_4_24hr_media.raw	ftp://ftp.pride.ebi.ac.uk/pride/data/archive/2025/05/PXD035735/TGF1b_4_24hr_media.raw	v1.1.0	NT=ms-proteomics;VV=v1.1.0	manual curation	not available
QE_Steatosis_human_liver_531_SCX2	homo sapiens	liver	not applicable	metabolic dysfunction-associated steatohepatitis	1	QE_Steatosis_human_liver_531_SCX2	proteomic profiling by mass spectrometry	NT=Data-dependent acquisition;AC=PRIDE:0000627	NT=label free sample;AC=MS:1002038	NT=q exactive;AC=MS:1001911	NT=Trypsin;AC=MS:1001251	NT=collision-induced dissociation;AC=MS:1000133	0.02 Da	0.02 Da	1	1	QE_Steatosis_human_liver_531_SCX2.raw	ftp://ftp.pride.ebi.ac.uk/pride/data/archive/2025/05/PXD035735/QE_Steatosis_human_liver_531_SCX2.raw	v1.1.0	NT=ms-proteomics;VV=v1.1.0	manual curation	liver
QE_24hr_stellate_FOLR3_TGF1b_2_SCX3	homo sapiens	not available	not applicable	metabolic dysfunction-associated steatohepatitis	1	QE_24hr_stellate_FOLR3_TGF1b_2_SCX3	proteomic profiling by mass spectrometry	NT=Data-dependent acquisition;AC=PRIDE:0000627	NT=label free sample;AC=MS:1002038	NT=q exactive;AC=MS:1001911	NT=Trypsin;AC=MS:1001251	NT=collision-induced dissociation;AC=MS:1000133	0.02 Da	0.02 Da	1	1	QE_24hr_stellate_FOLR3_TGF1b_2_SCX3.raw	ftp://ftp.pride.ebi.ac.uk/pride/data/archive/2025/05/PXD035735/QE_24hr_stellate_FOLR3_TGF1b_2_SCX3.raw	v1.1.0	NT=ms-proteomics;VV=v1.1.0	manual curation	not available
QE_24hr_stellate_FOLR3_2_SCX5	homo sapiens	not available	not applicable	metabolic dysfunction-associated steatohepatitis	1	QE_24hr_stellate_FOLR3_2_SCX5	proteomic profiling by mass spectrometry	NT=Data-dependent acquisition;AC=PRIDE:0000627	NT=label free sample;AC=MS:1002038	NT=q exactive;AC=MS:1001911	NT=Trypsin;AC=MS:1001251	NT=collision-induced dissociation;AC=MS:1000133	0.02 Da	0.02 Da	1	1	QE_24hr_stellate_FOLR3_2_SCX5.raw	ftp://ftp.pride.ebi.ac.uk/pride/data/archive/2025/05/PXD035735/QE_24hr_stellate_FOLR3_2_SCX5.raw	v1.1.0	NT=ms-proteomics;VV=v1.1.0	manual curation	not available
QE_24hr_stellate_FOLR3_TGF1b_1_SCX5	homo sapiens	not available	not applicable	metabolic dysfunction-associated steatohepatitis	1	QE_24hr_stellate_FOLR3_TGF1b_1_SCX5	proteomic profiling by mass spectrometry	NT=Data-dependent acquisition;AC=PRIDE:0000627	NT=label free sample;AC=MS:1002038	NT=q exactive;AC=MS:1001911	NT=Trypsin;AC=MS:1001251	NT=collision-induced dissociation;AC=MS:1000133	0.02 Da	0.02 Da	1	1	QE_24hr_stellate_FOLR3_TGF1b_1_SCX5.raw	ftp://ftp.pride.ebi.ac.uk/pride/data/archive/2025/05/PXD035735/QE_24hr_stellate_FOLR3_TGF1b_1_SCX5.raw	v1.1.0	NT=ms-proteomics;VV=v1.1.0	manual curation	not available
QE_NASH_human_liver_1028_SCX3	homo sapiens	liver	not applicable	metabolic dysfunction-associated steatohepatitis	1	QE_NASH_human_liver_1028_SCX3	proteomic profiling by mass spectrometry	NT=Data-dependent acquisition;AC=PRIDE:0000627	NT=label free sample;AC=MS:1002038	NT=q exactive;AC=MS:1001911	NT=Trypsin;AC=MS:1001251	NT=collision-induced dissociation;AC=MS:1000133	0.02 Da	0.02 Da	1	1	QE_NASH_human_liver_1028_SCX3.raw	ftp://ftp.pride.ebi.ac.uk/pride/data/archive/2025/05/PXD035735/QE_NASH_human_liver_1028_SCX3.raw	v1.1.0	NT=ms-proteomics;VV=v1.1.0	manual curation	liver
QE_Diabetes_human_liver_1285_SCX3	homo sapiens	liver	not applicable	metabolic dysfunction-associated steatohepatitis	1	QE_Diabetes_human_liver_1285_SCX3	proteomic profiling by mass spectrometry	NT=Data-dependent acquisition;AC=PRIDE:0000627	NT=label free sample;AC=MS:1002038	NT=q exactive;AC=MS:1001911	NT=Trypsin;AC=MS:1001251	NT=collision-induced dissociation;AC=MS:1000133	0.02 Da	0.02 Da	1	1	QE_Diabetes_human_liver_1285_SCX3.raw	ftp://ftp.pride.ebi.ac.uk/pride/data/archive/2025/05/PXD035735/QE_Diabetes_human_liver_1285_SCX3.raw	v1.1.0	NT=ms-proteomics;VV=v1.1.0	manual curation	liver
QE_24hr_stellate_TGF1b_3_SCX3	homo sapiens	not available	not applicable	metabolic dysfunction-associated steatohepatitis	1	QE_24hr_stellate_TGF1b_3_SCX3	proteomic profiling by mass spectrometry	NT=Data-dependent acquisition;AC=PRIDE:0000627	NT=label free sample;AC=MS:1002038	NT=q exactive;AC=MS:1001911	NT=Trypsin;AC=MS:1001251	NT=collision-induced dissociation;AC=MS:1000133	0.02 Da	0.02 Da	1	1	QE_24hr_stellate_TGF1b_3_SCX3.raw	ftp://ftp.pride.ebi.ac.uk/pride/data/archive/2025/05/PXD035735/QE_24hr_stellate_TGF1b_3_SCX3.raw	v1.1.0	NT=ms-proteomics;VV=v1.1.0	manual curation	not available
QE_24hr_stellate_FOLR3_TGF1b_3_SCX2	homo sapiens	not available	not applicable	metabolic dysfunction-associated steatohepatitis	1	QE_24hr_stellate_FOLR3_TGF1b_3_SCX2	proteomic profiling by mass spectrometry	NT=Data-dependent acquisition;AC=PRIDE:0000627	NT=label free sample;AC=MS:1002038	NT=q exactive;AC=MS:1001911	NT=Trypsin;AC=MS:1001251	NT=collision-induced dissociation;AC=MS:1000133	0.02 Da	0.02 Da	1	1	QE_24hr_stellate_FOLR3_TGF1b_3_SCX2.raw	ftp://ftp.pride.ebi.ac.uk/pride/data/archive/2025/05/PXD035735/QE_24hr_stellate_FOLR3_TGF1b_3_SCX2.raw	v1.1.0	NT=ms-proteomics;VV=v1.1.0	manual curation	not available
QE_NASH_human_liver_958_SCX6	homo sapiens	liver	not applicable	metabolic dysfunction-associated steatohepatitis	1	QE_NASH_human_liver_958_SCX6	proteomic profiling by mass spectrometry	NT=Data-dependent acquisition;AC=PRIDE:0000627	NT=label free sample;AC=MS:1002038	NT=q exactive;AC=MS:1001911	NT=Trypsin;AC=MS:1001251	NT=collision-induced dissociation;AC=MS:1000133	0.02 Da	0.02 Da	1	1	QE_NASH_human_liver_958_SCX6.raw	ftp://ftp.pride.ebi.ac.uk/pride/data/archive/2025/05/PXD035735/QE_NASH_human_liver_958_SCX6.raw	v1.1.0	NT=ms-proteomics;VV=v1.1.0	manual curation	liver
QE_Human_liver_only_NASH_1069_SCX4	homo sapiens	liver	not applicable	metabolic dysfunction-associated steatohepatitis	1	QE_Human_liver_only_NASH_1069_SCX4	proteomic profiling by mass spectrometry	NT=Data-dependent acquisition;AC=PRIDE:0000627	NT=label free sample;AC=MS:1002038	NT=q exactive;AC=MS:1001911	NT=Trypsin;AC=MS:1001251	NT=collision-induced dissociation;AC=MS:1000133	0.02 Da	0.02 Da	1	1	QE_Human_liver_only_NASH_1069_SCX4.raw	ftp://ftp.pride.ebi.ac.uk/pride/data/archive/2025/05/PXD035735/QE_Human_liver_only_NASH_1069_SCX4.raw	v1.1.0	NT=ms-proteomics;VV=v1.1.0	manual curation	liver
QE_24hr_stellate_FOLR3_2_SCX4	homo sapiens	not available	not applicable	metabolic dysfunction-associated steatohepatitis	1	QE_24hr_stellate_FOLR3_2_SCX4	proteomic profiling by mass spectrometry	NT=Data-dependent acquisition;AC=PRIDE:0000627	NT=label free sample;AC=MS:1002038	NT=q exactive;AC=MS:1001911	NT=Trypsin;AC=MS:1001251	NT=collision-induced dissociation;AC=MS:1000133	0.02 Da	0.02 Da	1	1	QE_24hr_stellate_FOLR3_2_SCX4.raw	ftp://ftp.pride.ebi.ac.uk/pride/data/archive/2025/05/PXD035735/QE_24hr_stellate_FOLR3_2_SCX4.raw	v1.1.0	NT=ms-proteomics;VV=v1.1.0	manual curation	not available
QE_human_liver_only_NASH_554_SCX3	homo sapiens	liver	not applicable	metabolic dysfunction-associated steatohepatitis	1	QE_human_liver_only_NASH_554_SCX3	proteomic profiling by mass spectrometry	NT=Data-dependent acquisition;AC=PRIDE:0000627	NT=label free sample;AC=MS:1002038	NT=q exactive;AC=MS:1001911	NT=Trypsin;AC=MS:1001251	NT=collision-induced dissociation;AC=MS:1000133	0.02 Da	0.02 Da	1	1	QE_human_liver_only_NASH_554_SCX3.raw	ftp://ftp.pride.ebi.ac.uk/pride/data/archive/2025/05/PXD035735/QE_human_liver_only_NASH_554_SCX3.raw	v1.1.0	NT=ms-proteomics;VV=v1.1.0	manual curation	liver
Mouse_688_FOLR3_SCX4	homo sapiens	not available	not applicable	metabolic dysfunction-associated steatohepatitis	1	Mouse_688_FOLR3_SCX4	proteomic profiling by mass spectrometry	NT=Data-dependent acquisition;AC=PRIDE:0000627	NT=label free sample;AC=MS:1002038	NT=q exactive;AC=MS:1001911	NT=Trypsin;AC=MS:1001251	NT=collision-induced dissociation;AC=MS:1000133	0.02 Da	0.02 Da	1	1	Mouse_688_FOLR3_SCX4.raw	ftp://ftp.pride.ebi.ac.uk/pride/data/archive/2025/05/PXD035735/Mouse_688_FOLR3_SCX4.raw	v1.1.0	NT=ms-proteomics;VV=v1.1.0	manual curation	not available
QE_Human_liver_only_NASH_1069_SCX6	homo sapiens	liver	not applicable	metabolic dysfunction-associated steatohepatitis	1	QE_Human_liver_only_NASH_1069_SCX6	proteomic profiling by mass spectrometry	NT=Data-dependent acquisition;AC=PRIDE:0000627	NT=label free sample;AC=MS:1002038	NT=q exactive;AC=MS:1001911	NT=Trypsin;AC=MS:1001251	NT=collision-induced dissociation;AC=MS:1000133	0.02 Da	0.02 Da	1	1	QE_Human_liver_only_NASH_1069_SCX6.raw	ftp://ftp.pride.ebi.ac.uk/pride/data/archive/2025/05/PXD035735/QE_Human_liver_only_NASH_1069_SCX6.raw	v1.1.0	NT=ms-proteomics;VV=v1.1.0	manual curation	liver
FOLR3_1_24hr_media	homo sapiens	not available	not applicable	metabolic dysfunction-associated steatohepatitis	1	FOLR3_1_24hr_media	proteomic profiling by mass spectrometry	NT=Data-dependent acquisition;AC=PRIDE:0000627	NT=label free sample;AC=MS:1002038	NT=q exactive;AC=MS:1001911	NT=Trypsin;AC=MS:1001251	NT=collision-induced dissociation;AC=MS:1000133	0.02 Da	0.02 Da	1	1	FOLR3_1_24hr_media.raw	ftp://ftp.pride.ebi.ac.uk/pride/data/archive/2025/05/PXD035735/FOLR3_1_24hr_media.raw	v1.1.0	NT=ms-proteomics;VV=v1.1.0	manual curation	not available
QE_Human_liver_only_NASH_602_SCX1	homo sapiens	liver	not applicable	metabolic dysfunction-associated steatohepatitis	1	QE_Human_liver_only_NASH_602_SCX1	proteomic profiling by mass spectrometry	NT=Data-dependent acquisition;AC=PRIDE:0000627	NT=label free sample;AC=MS:1002038	NT=q exactive;AC=MS:1001911	NT=Trypsin;AC=MS:1001251	NT=collision-induced dissociation;AC=MS:1000133	0.02 Da	0.02 Da	1	1	QE_Human_liver_only_NASH_602_SCX1.raw	ftp://ftp.pride.ebi.ac.uk/pride/data/archive/2025/05/PXD035735/QE_Human_liver_only_NASH_602_SCX1.raw	v1.1.0	NT=ms-proteomics;VV=v1.1.0	manual curation	liver
Mouse_792_FOLR3_SCX1	homo sapiens	not available	not applicable	metabolic dysfunction-associated steatohepatitis	1	Mouse_792_FOLR3_SCX1	proteomic profiling by mass spectrometry	NT=Data-dependent acquisition;AC=PRIDE:0000627	NT=label free sample;AC=MS:1002038	NT=q exactive;AC=MS:1001911	NT=Trypsin;AC=MS:1001251	NT=collision-induced dissociation;AC=MS:1000133	0.02 Da	0.02 Da	1	1	Mouse_792_FOLR3_SCX1.raw	ftp://ftp.pride.ebi.ac.uk/pride/data/archive/2025/05/PXD035735/Mouse_792_FOLR3_SCX1.raw	v1.1.0	NT=ms-proteomics;VV=v1.1.0	manual curation	not available
QE_Steatosis_human_liver_574_SCX1	homo sapiens	liver	not applicable	metabolic dysfunction-associated steatohepatitis	1	QE_Steatosis_human_liver_574_SCX1	proteomic profiling by mass spectrometry	NT=Data-dependent acquisition;AC=PRIDE:0000627	NT=label free sample;AC=MS:1002038	NT=q exactive;AC=MS:1001911	NT=Trypsin;AC=MS:1001251	NT=collision-induced dissociation;AC=MS:1000133	0.02 Da	0.02 Da	1	1	QE_Steatosis_human_liver_574_SCX1.raw	ftp://ftp.pride.ebi.ac.uk/pride/data/archive/2025/05/PXD035735/QE_Steatosis_human_liver_574_SCX1.raw	v1.1.0	NT=ms-proteomics;VV=v1.1.0	manual curation	liver
QE_human_liver_only_NASH_554_SCX1	homo sapiens	liver	not applicable	metabolic dysfunction-associated steatohepatitis	1	QE_human_liver_only_NASH_554_SCX1	proteomic profiling by mass spectrometry	NT=Data-dependent acquisition;AC=PRIDE:0000627	NT=label free sample;AC=MS:1002038	NT=q exactive;AC=MS:1001911	NT=Trypsin;AC=MS:1001251	NT=collision-induced dissociation;AC=MS:1000133	0.02 Da	0.02 Da	1	1	QE_human_liver_only_NASH_554_SCX1.raw	ftp://ftp.pride.ebi.ac.uk/pride/data/archive/2025/05/PXD035735/QE_human_liver_only_NASH_554_SCX1.raw	v1.1.0	NT=ms-proteomics;VV=v1.1.0	manual curation	liver
Mouse_684_HF_HCh_SCX2	homo sapiens	not available	not applicable	metabolic dysfunction-associated steatohepatitis	1	Mouse_684_HF_HCh_SCX2	proteomic profiling by mass spectrometry	NT=Data-dependent acquisition;AC=PRIDE:0000627	NT=label free sample;AC=MS:1002038	NT=q exactive;AC=MS:1001911	NT=Trypsin;AC=MS:1001251	NT=collision-induced dissociation;AC=MS:1000133	0.02 Da	0.02 Da	1	1	Mouse_684_HF_HCh_SCX2.raw	ftp://ftp.pride.ebi.ac.uk/pride/data/archive/2025/05/PXD035735/Mouse_684_HF_HCh_SCX2.raw	v1.1.0	NT=ms-proteomics;VV=v1.1.0	manual curation	not available
QE_Control_human_liver_1296_SCX4	homo sapiens	liver	not applicable	metabolic dysfunction-associated steatohepatitis	1	QE_Control_human_liver_1296_SCX4	proteomic profiling by mass spectrometry	NT=Data-dependent acquisition;AC=PRIDE:0000627	NT=label free sample;AC=MS:1002038	NT=q exactive;AC=MS:1001911	NT=Trypsin;AC=MS:1001251	NT=collision-induced dissociation;AC=MS:1000133	0.02 Da	0.02 Da	1	1	QE_Control_human_liver_1296_SCX4.raw	ftp://ftp.pride.ebi.ac.uk/pride/data/archive/2025/05/PXD035735/QE_Control_human_liver_1296_SCX4.raw	v1.1.0	NT=ms-proteomics;VV=v1.1.0	manual curation	liver
QE_Diabetes_human_liver_1285_SCX2	homo sapiens	liver	not applicable	metabolic dysfunction-associated steatohepatitis	1	QE_Diabetes_human_liver_1285_SCX2	proteomic profiling by mass spectrometry	NT=Data-dependent acquisition;AC=PRIDE:0000627	NT=label free sample;AC=MS:1002038	NT=q exactive;AC=MS:1001911	NT=Trypsin;AC=MS:1001251	NT=collision-induced dissociation;AC=MS:1000133	0.02 Da	0.02 Da	1	1	QE_Diabetes_human_liver_1285_SCX2.raw	ftp://ftp.pride.ebi.ac.uk/pride/data/archive/2025/05/PXD035735/QE_Diabetes_human_liver_1285_SCX2.raw	v1.1.0	NT=ms-proteomics;VV=v1.1.0	manual curation	liver
QE_24hr_stellate_Ctrl_2_SCX5	homo sapiens	not available	not applicable	metabolic dysfunction-associated steatohepatitis	1	QE_24hr_stellate_Ctrl_2_SCX5	proteomic profiling by mass spectrometry	NT=Data-dependent acquisition;AC=PRIDE:0000627	NT=label free sample;AC=MS:1002038	NT=q exactive;AC=MS:1001911	NT=Trypsin;AC=MS:1001251	NT=collision-induced dissociation;AC=MS:1000133	0.02 Da	0.02 Da	1	1	QE_24hr_stellate_Ctrl_2_SCX5.raw	ftp://ftp.pride.ebi.ac.uk/pride/data/archive/2025/05/PXD035735/QE_24hr_stellate_Ctrl_2_SCX5.raw	v1.1.0	NT=ms-proteomics;VV=v1.1.0	manual curation	not available
QE_24hr_stellate_FOLR3_TGF1b_3_SCX5	homo sapiens	not available	not applicable	metabolic dysfunction-associated steatohepatitis	1	QE_24hr_stellate_FOLR3_TGF1b_3_SCX5	proteomic profiling by mass spectrometry	NT=Data-dependent acquisition;AC=PRIDE:0000627	NT=label free sample;AC=MS:1002038	NT=q exactive;AC=MS:1001911	NT=Trypsin;AC=MS:1001251	NT=collision-induced dissociation;AC=MS:1000133	0.02 Da	0.02 Da	1	1	QE_24hr_stellate_FOLR3_TGF1b_3_SCX5.raw	ftp://ftp.pride.ebi.ac.uk/pride/data/archive/2025/05/PXD035735/QE_24hr_stellate_FOLR3_TGF1b_3_SCX5.raw	v1.1.0	NT=ms-proteomics;VV=v1.1.0	manual curation	not available
QE_Human_liver_only_NASH_501_SCX3	homo sapiens	liver	not applicable	metabolic dysfunction-associated steatohepatitis	1	QE_Human_liver_only_NASH_501_SCX3	proteomic profiling by mass spectrometry	NT=Data-dependent acquisition;AC=PRIDE:0000627	NT=label free sample;AC=MS:1002038	NT=q exactive;AC=MS:1001911	NT=Trypsin;AC=MS:1001251	NT=collision-induced dissociation;AC=MS:1000133	0.02 Da	0.02 Da	1	1	QE_Human_liver_only_NASH_501_SCX3.raw	ftp://ftp.pride.ebi.ac.uk/pride/data/archive/2025/05/PXD035735/QE_Human_liver_only_NASH_501_SCX3.raw	v1.1.0	NT=ms-proteomics;VV=v1.1.0	manual curation	liver
QE_Human_liver_only_NASH_554_SCX2	homo sapiens	liver	not applicable	metabolic dysfunction-associated steatohepatitis	1	QE_Human_liver_only_NASH_554_SCX2	proteomic profiling by mass spectrometry	NT=Data-dependent acquisition;AC=PRIDE:0000627	NT=label free sample;AC=MS:1002038	NT=q exactive;AC=MS:1001911	NT=Trypsin;AC=MS:1001251	NT=collision-induced dissociation;AC=MS:1000133	0.02 Da	0.02 Da	1	1	QE_Human_liver_only_NASH_554_SCX2.raw	ftp://ftp.pride.ebi.ac.uk/pride/data/archive/2025/05/PXD035735/QE_Human_liver_only_NASH_554_SCX2.raw	v1.1.0	NT=ms-proteomics;VV=v1.1.0	manual curation	liver
QE_24hr_stellate_TGF1b_3_SCX1	homo sapiens	not available	not applicable	metabolic dysfunction-associated steatohepatitis	1	QE_24hr_stellate_TGF1b_3_SCX1	proteomic profiling by mass spectrometry	NT=Data-dependent acquisition;AC=PRIDE:0000627	NT=label free sample;AC=MS:1002038	NT=q exactive;AC=MS:1001911	NT=Trypsin;AC=MS:1001251	NT=collision-induced dissociation;AC=MS:1000133	0.02 Da	0.02 Da	1	1	QE_24hr_stellate_TGF1b_3_SCX1.raw	ftp://ftp.pride.ebi.ac.uk/pride/data/archive/2025/05/PXD035735/QE_24hr_stellate_TGF1b_3_SCX1.raw	v1.1.0	NT=ms-proteomics;VV=v1.1.0	manual curation	not available
QE_Diabetes_human_liver_1285_SCX4	homo sapiens	liver	not applicable	metabolic dysfunction-associated steatohepatitis	1	QE_Diabetes_human_liver_1285_SCX4	proteomic profiling by mass spectrometry	NT=Data-dependent acquisition;AC=PRIDE:0000627	NT=label free sample;AC=MS:1002038	NT=q exactive;AC=MS:1001911	NT=Trypsin;AC=MS:1001251	NT=collision-induced dissociation;AC=MS:1000133	0.02 Da	0.02 Da	1	1	QE_Diabetes_human_liver_1285_SCX4.raw	ftp://ftp.pride.ebi.ac.uk/pride/data/archive/2025/05/PXD035735/QE_Diabetes_human_liver_1285_SCX4.raw	v1.1.0	NT=ms-proteomics;VV=v1.1.0	manual curation	liver
Mouse_792_FOLR3_SCX3	homo sapiens	not available	not applicable	metabolic dysfunction-associated steatohepatitis	1	Mouse_792_FOLR3_SCX3	proteomic profiling by mass spectrometry	NT=Data-dependent acquisition;AC=PRIDE:0000627	NT=label free sample;AC=MS:1002038	NT=q exactive;AC=MS:1001911	NT=Trypsin;AC=MS:1001251	NT=collision-induced dissociation;AC=MS:1000133	0.02 Da	0.02 Da	1	1	Mouse_792_FOLR3_SCX3.raw	ftp://ftp.pride.ebi.ac.uk/pride/data/archive/2025/05/PXD035735/Mouse_792_FOLR3_SCX3.raw	v1.1.0	NT=ms-proteomics;VV=v1.1.0	manual curation	not available
Control_4_24hr_media	homo sapiens	not available	not applicable	metabolic dysfunction-associated steatohepatitis	1	Control_4_24hr_media	proteomic profiling by mass spectrometry	NT=Data-dependent acquisition;AC=PRIDE:0000627	NT=label free sample;AC=MS:1002038	NT=q exactive;AC=MS:1001911	NT=Trypsin;AC=MS:1001251	NT=collision-induced dissociation;AC=MS:1000133	0.02 Da	0.02 Da	1	1	Control_4_24hr_media.raw	ftp://ftp.pride.ebi.ac.uk/pride/data/archive/2025/05/PXD035735/Control_4_24hr_media.raw	v1.1.0	NT=ms-proteomics;VV=v1.1.0	manual curation	not available
QE_24hr_stellate_Ctrl_2_SCX6	homo sapiens	not available	not applicable	metabolic dysfunction-associated steatohepatitis	1	QE_24hr_stellate_Ctrl_2_SCX6	proteomic profiling by mass spectrometry	NT=Data-dependent acquisition;AC=PRIDE:0000627	NT=label free sample;AC=MS:1002038	NT=q exactive;AC=MS:1001911	NT=Trypsin;AC=MS:1001251	NT=collision-induced dissociation;AC=MS:1000133	0.02 Da	0.02 Da	1	1	QE_24hr_stellate_Ctrl_2_SCX6.raw	ftp://ftp.pride.ebi.ac.uk/pride/data/archive/2025/05/PXD035735/QE_24hr_stellate_Ctrl_2_SCX6.raw	v1.1.0	NT=ms-proteomics;VV=v1.1.0	manual curation	not available
Mouse_687_FOLR3_SCX3	homo sapiens	not available	not applicable	metabolic dysfunction-associated steatohepatitis	1	Mouse_687_FOLR3_SCX3	proteomic profiling by mass spectrometry	NT=Data-dependent acquisition;AC=PRIDE:0000627	NT=label free sample;AC=MS:1002038	NT=q exactive;AC=MS:1001911	NT=Trypsin;AC=MS:1001251	NT=collision-induced dissociation;AC=MS:1000133	0.02 Da	0.02 Da	1	1	Mouse_687_FOLR3_SCX3.raw	ftp://ftp.pride.ebi.ac.uk/pride/data/archive/2025/05/PXD035735/Mouse_687_FOLR3_SCX3.raw	v1.1.0	NT=ms-proteomics;VV=v1.1.0	manual curation	not available
QE_Control_human_liver_923_SCX5	homo sapiens	liver	not applicable	metabolic dysfunction-associated steatohepatitis	1	QE_Control_human_liver_923_SCX5	proteomic profiling by mass spectrometry	NT=Data-dependent acquisition;AC=PRIDE:0000627	NT=label free sample;AC=MS:1002038	NT=q exactive;AC=MS:1001911	NT=Trypsin;AC=MS:1001251	NT=collision-induced dissociation;AC=MS:1000133	0.02 Da	0.02 Da	1	1	QE_Control_human_liver_923_SCX5.raw	ftp://ftp.pride.ebi.ac.uk/pride/data/archive/2025/05/PXD035735/QE_Control_human_liver_923_SCX5.raw	v1.1.0	NT=ms-proteomics;VV=v1.1.0	manual curation	liver
Mouse_777_SCX2	homo sapiens	not available	not applicable	metabolic dysfunction-associated steatohepatitis	1	Mouse_777_SCX2	proteomic profiling by mass spectrometry	NT=Data-dependent acquisition;AC=PRIDE:0000627	NT=label free sample;AC=MS:1002038	NT=q exactive;AC=MS:1001911	NT=Trypsin;AC=MS:1001251	NT=collision-induced dissociation;AC=MS:1000133	0.02 Da	0.02 Da	1	1	Mouse_777_SCX2.raw	ftp://ftp.pride.ebi.ac.uk/pride/data/archive/2025/05/PXD035735/Mouse_777_SCX2.raw	v1.1.0	NT=ms-proteomics;VV=v1.1.0	manual curation	not available
Mouse_781_SCX6	homo sapiens	not available	not applicable	metabolic dysfunction-associated steatohepatitis	1	Mouse_781_SCX6	proteomic profiling by mass spectrometry	NT=Data-dependent acquisition;AC=PRIDE:0000627	NT=label free sample;AC=MS:1002038	NT=q exactive;AC=MS:1001911	NT=Trypsin;AC=MS:1001251	NT=collision-induced dissociation;AC=MS:1000133	0.02 Da	0.02 Da	1	1	Mouse_781_SCX6.raw	ftp://ftp.pride.ebi.ac.uk/pride/data/archive/2025/05/PXD035735/Mouse_781_SCX6.raw	v1.1.0	NT=ms-proteomics;VV=v1.1.0	manual curation	not available
QE_mice_liver_HFDChol_0_723_SCX4	homo sapiens	liver	not applicable	metabolic dysfunction-associated steatohepatitis	1	QE_mice_liver_HFDChol_0_723_SCX4	proteomic profiling by mass spectrometry	NT=Data-dependent acquisition;AC=PRIDE:0000627	NT=label free sample;AC=MS:1002038	NT=q exactive;AC=MS:1001911	NT=Trypsin;AC=MS:1001251	NT=collision-induced dissociation;AC=MS:1000133	0.02 Da	0.02 Da	1	1	QE_mice_liver_HFDChol_0_723_SCX4.raw	ftp://ftp.pride.ebi.ac.uk/pride/data/archive/2025/05/PXD035735/QE_mice_liver_HFDChol_0_723_SCX4.raw	v1.1.0	NT=ms-proteomics;VV=v1.1.0	manual curation	liver
QE_Steatosis_human_liver_698_SCX4	homo sapiens	liver	not applicable	metabolic dysfunction-associated steatohepatitis	1	QE_Steatosis_human_liver_698_SCX4	proteomic profiling by mass spectrometry	NT=Data-dependent acquisition;AC=PRIDE:0000627	NT=label free sample;AC=MS:1002038	NT=q exactive;AC=MS:1001911	NT=Trypsin;AC=MS:1001251	NT=collision-induced dissociation;AC=MS:1000133	0.02 Da	0.02 Da	1	1	QE_Steatosis_human_liver_698_SCX4.raw	ftp://ftp.pride.ebi.ac.uk/pride/data/archive/2025/05/PXD035735/QE_Steatosis_human_liver_698_SCX4.raw	v1.1.0	NT=ms-proteomics;VV=v1.1.0	manual curation	liver
Mouse_784_HF_HCh_SCX5	homo sapiens	not available	not applicable	metabolic dysfunction-associated steatohepatitis	1	Mouse_784_HF_HCh_SCX5	proteomic profiling by mass spectrometry	NT=Data-dependent acquisition;AC=PRIDE:0000627	NT=label free sample;AC=MS:1002038	NT=q exactive;AC=MS:1001911	NT=Trypsin;AC=MS:1001251	NT=collision-induced dissociation;AC=MS:1000133	0.02 Da	0.02 Da	1	1	Mouse_784_HF_HCh_SCX5.raw	ftp://ftp.pride.ebi.ac.uk/pride/data/archive/2025/05/PXD035735/Mouse_784_HF_HCh_SCX5.raw	v1.1.0	NT=ms-proteomics;VV=v1.1.0	manual curation	not available
QE_Control_human_liver_1299_SCX2	homo sapiens	liver	not applicable	metabolic dysfunction-associated steatohepatitis	1	QE_Control_human_liver_1299_SCX2	proteomic profiling by mass spectrometry	NT=Data-dependent acquisition;AC=PRIDE:0000627	NT=label free sample;AC=MS:1002038	NT=q exactive;AC=MS:1001911	NT=Trypsin;AC=MS:1001251	NT=collision-induced dissociation;AC=MS:1000133	0.02 Da	0.02 Da	1	1	QE_Control_human_liver_1299_SCX2.raw	ftp://ftp.pride.ebi.ac.uk/pride/data/archive/2025/05/PXD035735/QE_Control_human_liver_1299_SCX2.raw	v1.1.0	NT=ms-proteomics;VV=v1.1.0	manual curation	liver
QE_Human_liver_only_NASH_554_SCX5	homo sapiens	liver	not applicable	metabolic dysfunction-associated steatohepatitis	1	QE_Human_liver_only_NASH_554_SCX5	proteomic profiling by mass spectrometry	NT=Data-dependent acquisition;AC=PRIDE:0000627	NT=label free sample;AC=MS:1002038	NT=q exactive;AC=MS:1001911	NT=Trypsin;AC=MS:1001251	NT=collision-induced dissociation;AC=MS:1000133	0.02 Da	0.02 Da	1	1	QE_Human_liver_only_NASH_554_SCX5.raw	ftp://ftp.pride.ebi.ac.uk/pride/data/archive/2025/05/PXD035735/QE_Human_liver_only_NASH_554_SCX5.raw	v1.1.0	NT=ms-proteomics;VV=v1.1.0	manual curation	liver
QE_24hr_stellate_Ctrl_1_SCX6	homo sapiens	not available	not applicable	metabolic dysfunction-associated steatohepatitis	1	QE_24hr_stellate_Ctrl_1_SCX6	proteomic profiling by mass spectrometry	NT=Data-dependent acquisition;AC=PRIDE:0000627	NT=label free sample;AC=MS:1002038	NT=q exactive;AC=MS:1001911	NT=Trypsin;AC=MS:1001251	NT=collision-induced dissociation;AC=MS:1000133	0.02 Da	0.02 Da	1	1	QE_24hr_stellate_Ctrl_1_SCX6.raw	ftp://ftp.pride.ebi.ac.uk/pride/data/archive/2025/05/PXD035735/QE_24hr_stellate_Ctrl_1_SCX6.raw	v1.1.0	NT=ms-proteomics;VV=v1.1.0	manual curation	not available
Mouse_776_SCX1	homo sapiens	not available	not applicable	metabolic dysfunction-associated steatohepatitis	1	Mouse_776_SCX1	proteomic profiling by mass spectrometry	NT=Data-dependent acquisition;AC=PRIDE:0000627	NT=label free sample;AC=MS:1002038	NT=q exactive;AC=MS:1001911	NT=Trypsin;AC=MS:1001251	NT=collision-induced dissociation;AC=MS:1000133	0.02 Da	0.02 Da	1	1	Mouse_776_SCX1.raw	ftp://ftp.pride.ebi.ac.uk/pride/data/archive/2025/05/PXD035735/Mouse_776_SCX1.raw	v1.1.0	NT=ms-proteomics;VV=v1.1.0	manual curation	not available
QE_Control_human_liver_1296_SCX2	homo sapiens	liver	not applicable	metabolic dysfunction-associated steatohepatitis	1	QE_Control_human_liver_1296_SCX2	proteomic profiling by mass spectrometry	NT=Data-dependent acquisition;AC=PRIDE:0000627	NT=label free sample;AC=MS:1002038	NT=q exactive;AC=MS:1001911	NT=Trypsin;AC=MS:1001251	NT=collision-induced dissociation;AC=MS:1000133	0.02 Da	0.02 Da	1	1	QE_Control_human_liver_1296_SCX2.raw	ftp://ftp.pride.ebi.ac.uk/pride/data/archive/2025/05/PXD035735/QE_Control_human_liver_1296_SCX2.raw	v1.1.0	NT=ms-proteomics;VV=v1.1.0	manual curation	liver
QE_Steatosis_human_liver_608_SCX2	homo sapiens	liver	not applicable	metabolic dysfunction-associated steatohepatitis	1	QE_Steatosis_human_liver_608_SCX2	proteomic profiling by mass spectrometry	NT=Data-dependent acquisition;AC=PRIDE:0000627	NT=label free sample;AC=MS:1002038	NT=q exactive;AC=MS:1001911	NT=Trypsin;AC=MS:1001251	NT=collision-induced dissociation;AC=MS:1000133	0.02 Da	0.02 Da	1	1	QE_Steatosis_human_liver_608_SCX2.raw	ftp://ftp.pride.ebi.ac.uk/pride/data/archive/2025/05/PXD035735/QE_Steatosis_human_liver_608_SCX2.raw	v1.1.0	NT=ms-proteomics;VV=v1.1.0	manual curation	liver
QE_Control_human_liver_923.SCX1	homo sapiens	liver	not applicable	metabolic dysfunction-associated steatohepatitis	1	QE_Control_human_liver_923.SCX1	proteomic profiling by mass spectrometry	NT=Data-dependent acquisition;AC=PRIDE:0000627	NT=label free sample;AC=MS:1002038	NT=q exactive;AC=MS:1001911	NT=Trypsin;AC=MS:1001251	NT=collision-induced dissociation;AC=MS:1000133	0.02 Da	0.02 Da	1	1	QE_Control_human_liver_923.SCX1.raw	ftp://ftp.pride.ebi.ac.uk/pride/data/archive/2025/05/PXD035735/QE_Control_human_liver_923.SCX1.raw	v1.1.0	NT=ms-proteomics;VV=v1.1.0	manual curation	liver
QE_Diabetes_human_liver_1285_SCX5	homo sapiens	liver	not applicable	metabolic dysfunction-associated steatohepatitis	1	QE_Diabetes_human_liver_1285_SCX5	proteomic profiling by mass spectrometry	NT=Data-dependent acquisition;AC=PRIDE:0000627	NT=label free sample;AC=MS:1002038	NT=q exactive;AC=MS:1001911	NT=Trypsin;AC=MS:1001251	NT=collision-induced dissociation;AC=MS:1000133	0.02 Da	0.02 Da	1	1	QE_Diabetes_human_liver_1285_SCX5.raw	ftp://ftp.pride.ebi.ac.uk/pride/data/archive/2025/05/PXD035735/QE_Diabetes_human_liver_1285_SCX5.raw	v1.1.0	NT=ms-proteomics;VV=v1.1.0	manual curation	liver
Mouse_684_HF_HCh_SCX1	homo sapiens	not available	not applicable	metabolic dysfunction-associated steatohepatitis	1	Mouse_684_HF_HCh_SCX1	proteomic profiling by mass spectrometry	NT=Data-dependent acquisition;AC=PRIDE:0000627	NT=label free sample;AC=MS:1002038	NT=q exactive;AC=MS:1001911	NT=Trypsin;AC=MS:1001251	NT=collision-induced dissociation;AC=MS:1000133	0.02 Da	0.02 Da	1	1	Mouse_684_HF_HCh_SCX1.raw	ftp://ftp.pride.ebi.ac.uk/pride/data/archive/2025/05/PXD035735/Mouse_684_HF_HCh_SCX1.raw	v1.1.0	NT=ms-proteomics;VV=v1.1.0	manual curation	not available
QE_Human_liver_only_NASH_554_SCX6	homo sapiens	liver	not applicable	metabolic dysfunction-associated steatohepatitis	1	QE_Human_liver_only_NASH_554_SCX6	proteomic profiling by mass spectrometry	NT=Data-dependent acquisition;AC=PRIDE:0000627	NT=label free sample;AC=MS:1002038	NT=q exactive;AC=MS:1001911	NT=Trypsin;AC=MS:1001251	NT=collision-induced dissociation;AC=MS:1000133	0.02 Da	0.02 Da	1	1	QE_Human_liver_only_NASH_554_SCX6.raw	ftp://ftp.pride.ebi.ac.uk/pride/data/archive/2025/05/PXD035735/QE_Human_liver_only_NASH_554_SCX6.raw	v1.1.0	NT=ms-proteomics;VV=v1.1.0	manual curation	liver
QE_NASH_human_liver_847_SCX1	homo sapiens	liver	not applicable	metabolic dysfunction-associated steatohepatitis	1	QE_NASH_human_liver_847_SCX1	proteomic profiling by mass spectrometry	NT=Data-dependent acquisition;AC=PRIDE:0000627	NT=label free sample;AC=MS:1002038	NT=q exactive;AC=MS:1001911	NT=Trypsin;AC=MS:1001251	NT=collision-induced dissociation;AC=MS:1000133	0.02 Da	0.02 Da	1	1	QE_NASH_human_liver_847_SCX1.raw	ftp://ftp.pride.ebi.ac.uk/pride/data/archive/2025/05/PXD035735/QE_NASH_human_liver_847_SCX1.raw	v1.1.0	NT=ms-proteomics;VV=v1.1.0	manual curation	liver
QE_24hr_stellate_FOLR3_1_SCX5	homo sapiens	not available	not applicable	metabolic dysfunction-associated steatohepatitis	1	QE_24hr_stellate_FOLR3_1_SCX5	proteomic profiling by mass spectrometry	NT=Data-dependent acquisition;AC=PRIDE:0000627	NT=label free sample;AC=MS:1002038	NT=q exactive;AC=MS:1001911	NT=Trypsin;AC=MS:1001251	NT=collision-induced dissociation;AC=MS:1000133	0.02 Da	0.02 Da	1	1	QE_24hr_stellate_FOLR3_1_SCX5.raw	ftp://ftp.pride.ebi.ac.uk/pride/data/archive/2025/05/PXD035735/QE_24hr_stellate_FOLR3_1_SCX5.raw	v1.1.0	NT=ms-proteomics;VV=v1.1.0	manual curation	not available
QE_24hr_stellate_TGF1b_4_SCX5	homo sapiens	not available	not applicable	metabolic dysfunction-associated steatohepatitis	1	QE_24hr_stellate_TGF1b_4_SCX5	proteomic profiling by mass spectrometry	NT=Data-dependent acquisition;AC=PRIDE:0000627	NT=label free sample;AC=MS:1002038	NT=q exactive;AC=MS:1001911	NT=Trypsin;AC=MS:1001251	NT=collision-induced dissociation;AC=MS:1000133	0.02 Da	0.02 Da	1	1	QE_24hr_stellate_TGF1b_4_SCX5.raw	ftp://ftp.pride.ebi.ac.uk/pride/data/archive/2025/05/PXD035735/QE_24hr_stellate_TGF1b_4_SCX5.raw	v1.1.0	NT=ms-proteomics;VV=v1.1.0	manual curation	not available
Mouse_685_HF_HCh_SCX1	homo sapiens	not available	not applicable	metabolic dysfunction-associated steatohepatitis	1	Mouse_685_HF_HCh_SCX1	proteomic profiling by mass spectrometry	NT=Data-dependent acquisition;AC=PRIDE:0000627	NT=label free sample;AC=MS:1002038	NT=q exactive;AC=MS:1001911	NT=Trypsin;AC=MS:1001251	NT=collision-induced dissociation;AC=MS:1000133	0.02 Da	0.02 Da	1	1	Mouse_685_HF_HCh_SCX1.raw	ftp://ftp.pride.ebi.ac.uk/pride/data/archive/2025/05/PXD035735/Mouse_685_HF_HCh_SCX1.raw	v1.1.0	NT=ms-proteomics;VV=v1.1.0	manual curation	not available
QE_24hr_stellate_Ctrl_1_SCX2	homo sapiens	not available	not applicable	metabolic dysfunction-associated steatohepatitis	1	QE_24hr_stellate_Ctrl_1_SCX2	proteomic profiling by mass spectrometry	NT=Data-dependent acquisition;AC=PRIDE:0000627	NT=label free sample;AC=MS:1002038	NT=q exactive;AC=MS:1001911	NT=Trypsin;AC=MS:1001251	NT=collision-induced dissociation;AC=MS:1000133	0.02 Da	0.02 Da	1	1	QE_24hr_stellate_Ctrl_1_SCX2.raw	ftp://ftp.pride.ebi.ac.uk/pride/data/archive/2025/05/PXD035735/QE_24hr_stellate_Ctrl_1_SCX2.raw	v1.1.0	NT=ms-proteomics;VV=v1.1.0	manual curation	not available
Mouse_776_SCX3	homo sapiens	not available	not applicable	metabolic dysfunction-associated steatohepatitis	1	Mouse_776_SCX3	proteomic profiling by mass spectrometry	NT=Data-dependent acquisition;AC=PRIDE:0000627	NT=label free sample;AC=MS:1002038	NT=q exactive;AC=MS:1001911	NT=Trypsin;AC=MS:1001251	NT=collision-induced dissociation;AC=MS:1000133	0.02 Da	0.02 Da	1	1	Mouse_776_SCX3.raw	ftp://ftp.pride.ebi.ac.uk/pride/data/archive/2025/05/PXD035735/Mouse_776_SCX3.raw	v1.1.0	NT=ms-proteomics;VV=v1.1.0	manual curation	not available
QE_Steatosis_human_liver_804_SCX3	homo sapiens	liver	not applicable	metabolic dysfunction-associated steatohepatitis	1	QE_Steatosis_human_liver_804_SCX3	proteomic profiling by mass spectrometry	NT=Data-dependent acquisition;AC=PRIDE:0000627	NT=label free sample;AC=MS:1002038	NT=q exactive;AC=MS:1001911	NT=Trypsin;AC=MS:1001251	NT=collision-induced dissociation;AC=MS:1000133	0.02 Da	0.02 Da	1	1	QE_Steatosis_human_liver_804_SCX3.raw	ftp://ftp.pride.ebi.ac.uk/pride/data/archive/2025/05/PXD035735/QE_Steatosis_human_liver_804_SCX3.raw	v1.1.0	NT=ms-proteomics;VV=v1.1.0	manual curation	liver
QE_Steatosis_human_liver_531_SCX5	homo sapiens	liver	not applicable	metabolic dysfunction-associated steatohepatitis	1	QE_Steatosis_human_liver_531_SCX5	proteomic profiling by mass spectrometry	NT=Data-dependent acquisition;AC=PRIDE:0000627	NT=label free sample;AC=MS:1002038	NT=q exactive;AC=MS:1001911	NT=Trypsin;AC=MS:1001251	NT=collision-induced dissociation;AC=MS:1000133	0.02 Da	0.02 Da	1	1	QE_Steatosis_human_liver_531_SCX5.raw	ftp://ftp.pride.ebi.ac.uk/pride/data/archive/2025/05/PXD035735/QE_Steatosis_human_liver_531_SCX5.raw	v1.1.0	NT=ms-proteomics;VV=v1.1.0	manual curation	liver
QE_24hr_stellate_FOLR3_1_SCX3	homo sapiens	not available	not applicable	metabolic dysfunction-associated steatohepatitis	1	QE_24hr_stellate_FOLR3_1_SCX3	proteomic profiling by mass spectrometry	NT=Data-dependent acquisition;AC=PRIDE:0000627	NT=label free sample;AC=MS:1002038	NT=q exactive;AC=MS:1001911	NT=Trypsin;AC=MS:1001251	NT=collision-induced dissociation;AC=MS:1000133	0.02 Da	0.02 Da	1	1	QE_24hr_stellate_FOLR3_1_SCX3.raw	ftp://ftp.pride.ebi.ac.uk/pride/data/archive/2025/05/PXD035735/QE_24hr_stellate_FOLR3_1_SCX3.raw	v1.1.0	NT=ms-proteomics;VV=v1.1.0	manual curation	not available
QE_NASH_human_liver_847_SCX4	homo sapiens	liver	not applicable	metabolic dysfunction-associated steatohepatitis	1	QE_NASH_human_liver_847_SCX4	proteomic profiling by mass spectrometry	NT=Data-dependent acquisition;AC=PRIDE:0000627	NT=label free sample;AC=MS:1002038	NT=q exactive;AC=MS:1001911	NT=Trypsin;AC=MS:1001251	NT=collision-induced dissociation;AC=MS:1000133	0.02 Da	0.02 Da	1	1	QE_NASH_human_liver_847_SCX4.raw	ftp://ftp.pride.ebi.ac.uk/pride/data/archive/2025/05/PXD035735/QE_NASH_human_liver_847_SCX4.raw	v1.1.0	NT=ms-proteomics;VV=v1.1.0	manual curation	liver
QE_Human_liver_only_NASH_501_SCX2	homo sapiens	liver	not applicable	metabolic dysfunction-associated steatohepatitis	1	QE_Human_liver_only_NASH_501_SCX2	proteomic profiling by mass spectrometry	NT=Data-dependent acquisition;AC=PRIDE:0000627	NT=label free sample;AC=MS:1002038	NT=q exactive;AC=MS:1001911	NT=Trypsin;AC=MS:1001251	NT=collision-induced dissociation;AC=MS:1000133	0.02 Da	0.02 Da	1	1	QE_Human_liver_only_NASH_501_SCX2.raw	ftp://ftp.pride.ebi.ac.uk/pride/data/archive/2025/05/PXD035735/QE_Human_liver_only_NASH_501_SCX2.raw	v1.1.0	NT=ms-proteomics;VV=v1.1.0	manual curation	liver
Mouse_685_HF_HCh_SCX3	homo sapiens	not available	not applicable	metabolic dysfunction-associated steatohepatitis	1	Mouse_685_HF_HCh_SCX3	proteomic profiling by mass spectrometry	NT=Data-dependent acquisition;AC=PRIDE:0000627	NT=label free sample;AC=MS:1002038	NT=q exactive;AC=MS:1001911	NT=Trypsin;AC=MS:1001251	NT=collision-induced dissociation;AC=MS:1000133	0.02 Da	0.02 Da	1	1	Mouse_685_HF_HCh_SCX3.raw	ftp://ftp.pride.ebi.ac.uk/pride/data/archive/2025/05/PXD035735/Mouse_685_HF_HCh_SCX3.raw	v1.1.0	NT=ms-proteomics;VV=v1.1.0	manual curation	not available
Mouse_687_FOLR3_SCX5	homo sapiens	not available	not applicable	metabolic dysfunction-associated steatohepatitis	1	Mouse_687_FOLR3_SCX5	proteomic profiling by mass spectrometry	NT=Data-dependent acquisition;AC=PRIDE:0000627	NT=label free sample;AC=MS:1002038	NT=q exactive;AC=MS:1001911	NT=Trypsin;AC=MS:1001251	NT=collision-induced dissociation;AC=MS:1000133	0.02 Da	0.02 Da	1	1	Mouse_687_FOLR3_SCX5.raw	ftp://ftp.pride.ebi.ac.uk/pride/data/archive/2025/05/PXD035735/Mouse_687_FOLR3_SCX5.raw	v1.1.0	NT=ms-proteomics;VV=v1.1.0	manual curation	not available
QE_Human_liver_only_NASH_613_SCX4	homo sapiens	liver	not applicable	metabolic dysfunction-associated steatohepatitis	1	QE_Human_liver_only_NASH_613_SCX4	proteomic profiling by mass spectrometry	NT=Data-dependent acquisition;AC=PRIDE:0000627	NT=label free sample;AC=MS:1002038	NT=q exactive;AC=MS:1001911	NT=Trypsin;AC=MS:1001251	NT=collision-induced dissociation;AC=MS:1000133	0.02 Da	0.02 Da	1	1	QE_Human_liver_only_NASH_613_SCX4.raw	ftp://ftp.pride.ebi.ac.uk/pride/data/archive/2025/05/PXD035735/QE_Human_liver_only_NASH_613_SCX4.raw	v1.1.0	NT=ms-proteomics;VV=v1.1.0	manual curation	liver
QE_24hr_stellate_FOLR3_TGF1b_1_SCX2	homo sapiens	not available	not applicable	metabolic dysfunction-associated steatohepatitis	1	QE_24hr_stellate_FOLR3_TGF1b_1_SCX2	proteomic profiling by mass spectrometry	NT=Data-dependent acquisition;AC=PRIDE:0000627	NT=label free sample;AC=MS:1002038	NT=q exactive;AC=MS:1001911	NT=Trypsin;AC=MS:1001251	NT=collision-induced dissociation;AC=MS:1000133	0.02 Da	0.02 Da	1	1	QE_24hr_stellate_FOLR3_TGF1b_1_SCX2.raw	ftp://ftp.pride.ebi.ac.uk/pride/data/archive/2025/05/PXD035735/QE_24hr_stellate_FOLR3_TGF1b_1_SCX2.raw	v1.1.0	NT=ms-proteomics;VV=v1.1.0	manual curation	not available
QE_Diabetes_human_liver_1285_SCX1	homo sapiens	liver	not applicable	metabolic dysfunction-associated steatohepatitis	1	QE_Diabetes_human_liver_1285_SCX1	proteomic profiling by mass spectrometry	NT=Data-dependent acquisition;AC=PRIDE:0000627	NT=label free sample;AC=MS:1002038	NT=q exactive;AC=MS:1001911	NT=Trypsin;AC=MS:1001251	NT=collision-induced dissociation;AC=MS:1000133	0.02 Da	0.02 Da	1	1	QE_Diabetes_human_liver_1285_SCX1.raw	ftp://ftp.pride.ebi.ac.uk/pride/data/archive/2025/05/PXD035735/QE_Diabetes_human_liver_1285_SCX1.raw	v1.1.0	NT=ms-proteomics;VV=v1.1.0	manual curation	liver
QE_Steatosis_human_liver_608_SCX6	homo sapiens	liver	not applicable	metabolic dysfunction-associated steatohepatitis	1	QE_Steatosis_human_liver_608_SCX6	proteomic profiling by mass spectrometry	NT=Data-dependent acquisition;AC=PRIDE:0000627	NT=label free sample;AC=MS:1002038	NT=q exactive;AC=MS:1001911	NT=Trypsin;AC=MS:1001251	NT=collision-induced dissociation;AC=MS:1000133	0.02 Da	0.02 Da	1	1	QE_Steatosis_human_liver_608_SCX6.raw	ftp://ftp.pride.ebi.ac.uk/pride/data/archive/2025/05/PXD035735/QE_Steatosis_human_liver_608_SCX6.raw	v1.1.0	NT=ms-proteomics;VV=v1.1.0	manual curation	liver
QE_Control_human_liver_923_SCX3	homo sapiens	liver	not applicable	metabolic dysfunction-associated steatohepatitis	1	QE_Control_human_liver_923_SCX3	proteomic profiling by mass spectrometry	NT=Data-dependent acquisition;AC=PRIDE:0000627	NT=label free sample;AC=MS:1002038	NT=q exactive;AC=MS:1001911	NT=Trypsin;AC=MS:1001251	NT=collision-induced dissociation;AC=MS:1000133	0.02 Da	0.02 Da	1	1	QE_Control_human_liver_923_SCX3.raw	ftp://ftp.pride.ebi.ac.uk/pride/data/archive/2025/05/PXD035735/QE_Control_human_liver_923_SCX3.raw	v1.1.0	NT=ms-proteomics;VV=v1.1.0	manual curation	liver
QE_Control_human_liver_1362_SCX2	homo sapiens	liver	not applicable	metabolic dysfunction-associated steatohepatitis	1	QE_Control_human_liver_1362_SCX2	proteomic profiling by mass spectrometry	NT=Data-dependent acquisition;AC=PRIDE:0000627	NT=label free sample;AC=MS:1002038	NT=q exactive;AC=MS:1001911	NT=Trypsin;AC=MS:1001251	NT=collision-induced dissociation;AC=MS:1000133	0.02 Da	0.02 Da	1	1	QE_Control_human_liver_1362_SCX2.raw	ftp://ftp.pride.ebi.ac.uk/pride/data/archive/2025/05/PXD035735/QE_Control_human_liver_1362_SCX2.raw	v1.1.0	NT=ms-proteomics;VV=v1.1.0	manual curation	liver
QE_NASH_human_liver_958_SCX3	homo sapiens	liver	not applicable	metabolic dysfunction-associated steatohepatitis	1	QE_NASH_human_liver_958_SCX3	proteomic profiling by mass spectrometry	NT=Data-dependent acquisition;AC=PRIDE:0000627	NT=label free sample;AC=MS:1002038	NT=q exactive;AC=MS:1001911	NT=Trypsin;AC=MS:1001251	NT=collision-induced dissociation;AC=MS:1000133	0.02 Da	0.02 Da	1	1	QE_NASH_human_liver_958_SCX3.raw	ftp://ftp.pride.ebi.ac.uk/pride/data/archive/2025/05/PXD035735/QE_NASH_human_liver_958_SCX3.raw	v1.1.0	NT=ms-proteomics;VV=v1.1.0	manual curation	liver
FOLR3_3_24hr_media	homo sapiens	not available	not applicable	metabolic dysfunction-associated steatohepatitis	1	FOLR3_3_24hr_media	proteomic profiling by mass spectrometry	NT=Data-dependent acquisition;AC=PRIDE:0000627	NT=label free sample;AC=MS:1002038	NT=q exactive;AC=MS:1001911	NT=Trypsin;AC=MS:1001251	NT=collision-induced dissociation;AC=MS:1000133	0.02 Da	0.02 Da	1	1	FOLR3_3_24hr_media.raw	ftp://ftp.pride.ebi.ac.uk/pride/data/archive/2025/05/PXD035735/FOLR3_3_24hr_media.raw	v1.1.0	NT=ms-proteomics;VV=v1.1.0	manual curation	not available
QE_24hr_stellate_TGF1b_3_SCX4	homo sapiens	not available	not applicable	metabolic dysfunction-associated steatohepatitis	1	QE_24hr_stellate_TGF1b_3_SCX4	proteomic profiling by mass spectrometry	NT=Data-dependent acquisition;AC=PRIDE:0000627	NT=label free sample;AC=MS:1002038	NT=q exactive;AC=MS:1001911	NT=Trypsin;AC=MS:1001251	NT=collision-induced dissociation;AC=MS:1000133	0.02 Da	0.02 Da	1	1	QE_24hr_stellate_TGF1b_3_SCX4.raw	ftp://ftp.pride.ebi.ac.uk/pride/data/archive/2025/05/PXD035735/QE_24hr_stellate_TGF1b_3_SCX4.raw	v1.1.0	NT=ms-proteomics;VV=v1.1.0	manual curation	not available
QE_NASH_human_liver_958_SCX1	homo sapiens	liver	not applicable	metabolic dysfunction-associated steatohepatitis	1	QE_NASH_human_liver_958_SCX1	proteomic profiling by mass spectrometry	NT=Data-dependent acquisition;AC=PRIDE:0000627	NT=label free sample;AC=MS:1002038	NT=q exactive;AC=MS:1001911	NT=Trypsin;AC=MS:1001251	NT=collision-induced dissociation;AC=MS:1000133	0.02 Da	0.02 Da	1	1	QE_NASH_human_liver_958_SCX1.raw	ftp://ftp.pride.ebi.ac.uk/pride/data/archive/2025/05/PXD035735/QE_NASH_human_liver_958_SCX1.raw	v1.1.0	NT=ms-proteomics;VV=v1.1.0	manual curation	liver
QE_Diabetes_human_liver_736_SCX2	homo sapiens	liver	not applicable	metabolic dysfunction-associated steatohepatitis	1	QE_Diabetes_human_liver_736_SCX2	proteomic profiling by mass spectrometry	NT=Data-dependent acquisition;AC=PRIDE:0000627	NT=label free sample;AC=MS:1002038	NT=q exactive;AC=MS:1001911	NT=Trypsin;AC=MS:1001251	NT=collision-induced dissociation;AC=MS:1000133	0.02 Da	0.02 Da	1	1	QE_Diabetes_human_liver_736_SCX2.raw	ftp://ftp.pride.ebi.ac.uk/pride/data/archive/2025/05/PXD035735/QE_Diabetes_human_liver_736_SCX2.raw	v1.1.0	NT=ms-proteomics;VV=v1.1.0	manual curation	liver
QE_Steatosis_human_liver_698_SCX5	homo sapiens	liver	not applicable	metabolic dysfunction-associated steatohepatitis	1	QE_Steatosis_human_liver_698_SCX5	proteomic profiling by mass spectrometry	NT=Data-dependent acquisition;AC=PRIDE:0000627	NT=label free sample;AC=MS:1002038	NT=q exactive;AC=MS:1001911	NT=Trypsin;AC=MS:1001251	NT=collision-induced dissociation;AC=MS:1000133	0.02 Da	0.02 Da	1	1	QE_Steatosis_human_liver_698_SCX5.raw	ftp://ftp.pride.ebi.ac.uk/pride/data/archive/2025/05/PXD035735/QE_Steatosis_human_liver_698_SCX5.raw	v1.1.0	NT=ms-proteomics;VV=v1.1.0	manual curation	liver
Mouse_781_SCX2	homo sapiens	not available	not applicable	metabolic dysfunction-associated steatohepatitis	1	Mouse_781_SCX2	proteomic profiling by mass spectrometry	NT=Data-dependent acquisition;AC=PRIDE:0000627	NT=label free sample;AC=MS:1002038	NT=q exactive;AC=MS:1001911	NT=Trypsin;AC=MS:1001251	NT=collision-induced dissociation;AC=MS:1000133	0.02 Da	0.02 Da	1	1	Mouse_781_SCX2.raw	ftp://ftp.pride.ebi.ac.uk/pride/data/archive/2025/05/PXD035735/Mouse_781_SCX2.raw	v1.1.0	NT=ms-proteomics;VV=v1.1.0	manual curation	not available
Mouse_793_FOLR3_SCX3	homo sapiens	not available	not applicable	metabolic dysfunction-associated steatohepatitis	1	Mouse_793_FOLR3_SCX3	proteomic profiling by mass spectrometry	NT=Data-dependent acquisition;AC=PRIDE:0000627	NT=label free sample;AC=MS:1002038	NT=q exactive;AC=MS:1001911	NT=Trypsin;AC=MS:1001251	NT=collision-induced dissociation;AC=MS:1000133	0.02 Da	0.02 Da	1	1	Mouse_793_FOLR3_SCX3.raw	ftp://ftp.pride.ebi.ac.uk/pride/data/archive/2025/05/PXD035735/Mouse_793_FOLR3_SCX3.raw	v1.1.0	NT=ms-proteomics;VV=v1.1.0	manual curation	not available
QE_mice_liver_HFDChol_0_721_SCX5	homo sapiens	liver	not applicable	metabolic dysfunction-associated steatohepatitis	1	QE_mice_liver_HFDChol_0_721_SCX5	proteomic profiling by mass spectrometry	NT=Data-dependent acquisition;AC=PRIDE:0000627	NT=label free sample;AC=MS:1002038	NT=q exactive;AC=MS:1001911	NT=Trypsin;AC=MS:1001251	NT=collision-induced dissociation;AC=MS:1000133	0.02 Da	0.02 Da	1	1	QE_mice_liver_HFDChol_0_721_SCX5.raw	ftp://ftp.pride.ebi.ac.uk/pride/data/archive/2025/05/PXD035735/QE_mice_liver_HFDChol_0_721_SCX5.raw	v1.1.0	NT=ms-proteomics;VV=v1.1.0	manual curation	liver
QE_Diabetes_human_liver_833_SCX2	homo sapiens	liver	not applicable	metabolic dysfunction-associated steatohepatitis	1	QE_Diabetes_human_liver_833_SCX2	proteomic profiling by mass spectrometry	NT=Data-dependent acquisition;AC=PRIDE:0000627	NT=label free sample;AC=MS:1002038	NT=q exactive;AC=MS:1001911	NT=Trypsin;AC=MS:1001251	NT=collision-induced dissociation;AC=MS:1000133	0.02 Da	0.02 Da	1	1	QE_Diabetes_human_liver_833_SCX2.raw	ftp://ftp.pride.ebi.ac.uk/pride/data/archive/2025/05/PXD035735/QE_Diabetes_human_liver_833_SCX2.raw	v1.1.0	NT=ms-proteomics;VV=v1.1.0	manual curation	liver
QE_Diabetes_human_liver_736_SCX6	homo sapiens	liver	not applicable	metabolic dysfunction-associated steatohepatitis	1	QE_Diabetes_human_liver_736_SCX6	proteomic profiling by mass spectrometry	NT=Data-dependent acquisition;AC=PRIDE:0000627	NT=label free sample;AC=MS:1002038	NT=q exactive;AC=MS:1001911	NT=Trypsin;AC=MS:1001251	NT=collision-induced dissociation;AC=MS:1000133	0.02 Da	0.02 Da	1	1	QE_Diabetes_human_liver_736_SCX6.raw	ftp://ftp.pride.ebi.ac.uk/pride/data/archive/2025/05/PXD035735/QE_Diabetes_human_liver_736_SCX6.raw	v1.1.0	NT=ms-proteomics;VV=v1.1.0	manual curation	liver
QE_Human_liver_only_NASH_602_SCX6	homo sapiens	liver	not applicable	metabolic dysfunction-associated steatohepatitis	1	QE_Human_liver_only_NASH_602_SCX6	proteomic profiling by mass spectrometry	NT=Data-dependent acquisition;AC=PRIDE:0000627	NT=label free sample;AC=MS:1002038	NT=q exactive;AC=MS:1001911	NT=Trypsin;AC=MS:1001251	NT=collision-induced dissociation;AC=MS:1000133	0.02 Da	0.02 Da	1	1	QE_Human_liver_only_NASH_602_SCX6.raw	ftp://ftp.pride.ebi.ac.uk/pride/data/archive/2025/05/PXD035735/QE_Human_liver_only_NASH_602_SCX6.raw	v1.1.0	NT=ms-proteomics;VV=v1.1.0	manual curation	liver
QE_Steatosis_human_liver_608_SCX5	homo sapiens	liver	not applicable	metabolic dysfunction-associated steatohepatitis	1	QE_Steatosis_human_liver_608_SCX5	proteomic profiling by mass spectrometry	NT=Data-dependent acquisition;AC=PRIDE:0000627	NT=label free sample;AC=MS:1002038	NT=q exactive;AC=MS:1001911	NT=Trypsin;AC=MS:1001251	NT=collision-induced dissociation;AC=MS:1000133	0.02 Da	0.02 Da	1	1	QE_Steatosis_human_liver_608_SCX5.raw	ftp://ftp.pride.ebi.ac.uk/pride/data/archive/2025/05/PXD035735/QE_Steatosis_human_liver_608_SCX5.raw	v1.1.0	NT=ms-proteomics;VV=v1.1.0	manual curation	liver
