source name	characteristics[organism]	characteristics[organism part]	characteristics[cell type]	characteristics[disease]	characteristics[biological replicate]	assay name	technology type	comment[proteomics data acquisition method]	comment[label]	comment[instrument]	comment[modification parameters]	comment[cleavage agent details]	comment[dissociation method]	comment[fractionation method]	comment[fraction identifier]	comment[technical replicate]	comment[data file]	comment[file uri]	comment[sdrf version]	comment[sdrf template]	comment[sdrf annotation tool]	factor value[organism part]
B.sD2A.XML	bacillus anthracis str. sterne	Spore	not applicable	not available	1	B.sD2A.XML	proteomic profiling by mass spectrometry	NT=Data-dependent acquisition;AC=PRIDE:0000627	NT=label free sample;AC=MS:1002038	NT=4800 plus maldi tof/tof;AC=MS:1000652	NT=Carbamidomethyl;AC=UNIMOD:4;TA=C;MT=Fixed	NT=Trypsin;AC=MS:1001251	not available	sds page	1	1	B.sD2A.XML	ftp://ftp.pride.ebi.ac.uk/pride/data/archive/2019/02/PXD002136/B.sD2A.XML	v1.1.0	NT=ms-proteomics;VV=v1.1.0	manual curation	Spore
B.sG2G.XML	bacillus anthracis str. sterne	Spore	not applicable	not available	1	B.sG2G.XML	proteomic profiling by mass spectrometry	NT=Data-dependent acquisition;AC=PRIDE:0000627	NT=label free sample;AC=MS:1002038	NT=4800 plus maldi tof/tof;AC=MS:1000652	NT=Carbamidomethyl;AC=UNIMOD:4;TA=C;MT=Fixed	NT=Trypsin;AC=MS:1001251	not available	sds page	1	1	B.sG2G.XML	ftp://ftp.pride.ebi.ac.uk/pride/data/archive/2019/02/PXD002136/B.sG2G.XML	v1.1.0	NT=ms-proteomics;VV=v1.1.0	manual curation	Spore
B.sG2J1_2.XML	bacillus anthracis str. sterne	Spore	not applicable	not available	1	B.sG2J1_2.XML	proteomic profiling by mass spectrometry	NT=Data-dependent acquisition;AC=PRIDE:0000627	NT=label free sample;AC=MS:1002038	NT=4800 plus maldi tof/tof;AC=MS:1000652	NT=Carbamidomethyl;AC=UNIMOD:4;TA=C;MT=Fixed	NT=Trypsin;AC=MS:1001251	not available	sds page	1	1	B.sG2J1_2.XML	ftp://ftp.pride.ebi.ac.uk/pride/data/archive/2019/02/PXD002136/B.sG2J1_2.XML	v1.1.0	NT=ms-proteomics;VV=v1.1.0	manual curation	Spore
B.sG2H_2.XML	bacillus anthracis str. sterne	Spore	not applicable	not available	1	B.sG2H_2.XML	proteomic profiling by mass spectrometry	NT=Data-dependent acquisition;AC=PRIDE:0000627	NT=label free sample;AC=MS:1002038	NT=4800 plus maldi tof/tof;AC=MS:1000652	NT=Carbamidomethyl;AC=UNIMOD:4;TA=C;MT=Fixed	NT=Trypsin;AC=MS:1001251	not available	sds page	1	1	B.sG2H_2.XML	ftp://ftp.pride.ebi.ac.uk/pride/data/archive/2019/02/PXD002136/B.sG2H_2.XML	v1.1.0	NT=ms-proteomics;VV=v1.1.0	manual curation	Spore
B.aD3F.XML	bacillus anthracis str. sterne	Spore	not applicable	not available	1	B.aD3F.XML	proteomic profiling by mass spectrometry	NT=Data-dependent acquisition;AC=PRIDE:0000627	NT=label free sample;AC=MS:1002038	NT=4800 plus maldi tof/tof;AC=MS:1000652	NT=Carbamidomethyl;AC=UNIMOD:4;TA=C;MT=Fixed	NT=Trypsin;AC=MS:1001251	not available	sds page	1	1	B.aD3F.XML	ftp://ftp.pride.ebi.ac.uk/pride/data/archive/2019/02/PXD002136/B.aD3F.XML	v1.1.0	NT=ms-proteomics;VV=v1.1.0	manual curation	Spore
B.aD2L.XML	bacillus anthracis str. sterne	Spore	not applicable	not available	1	B.aD2L.XML	proteomic profiling by mass spectrometry	NT=Data-dependent acquisition;AC=PRIDE:0000627	NT=label free sample;AC=MS:1002038	NT=4800 plus maldi tof/tof;AC=MS:1000652	NT=Carbamidomethyl;AC=UNIMOD:4;TA=C;MT=Fixed	NT=Trypsin;AC=MS:1001251	not available	sds page	1	1	B.aD2L.XML	ftp://ftp.pride.ebi.ac.uk/pride/data/archive/2019/02/PXD002136/B.aD2L.XML	v1.1.0	NT=ms-proteomics;VV=v1.1.0	manual curation	Spore
B.sD1K.XML	bacillus anthracis str. sterne	Spore	not applicable	not available	1	B.sD1K.XML	proteomic profiling by mass spectrometry	NT=Data-dependent acquisition;AC=PRIDE:0000627	NT=label free sample;AC=MS:1002038	NT=4800 plus maldi tof/tof;AC=MS:1000652	NT=Carbamidomethyl;AC=UNIMOD:4;TA=C;MT=Fixed	NT=Trypsin;AC=MS:1001251	not available	sds page	1	1	B.sD1K.XML	ftp://ftp.pride.ebi.ac.uk/pride/data/archive/2019/02/PXD002136/B.sD1K.XML	v1.1.0	NT=ms-proteomics;VV=v1.1.0	manual curation	Spore
B.sD2E.XML	bacillus anthracis str. sterne	Spore	not applicable	not available	1	B.sD2E.XML	proteomic profiling by mass spectrometry	NT=Data-dependent acquisition;AC=PRIDE:0000627	NT=label free sample;AC=MS:1002038	NT=4800 plus maldi tof/tof;AC=MS:1000652	NT=Carbamidomethyl;AC=UNIMOD:4;TA=C;MT=Fixed	NT=Trypsin;AC=MS:1001251	not available	sds page	1	1	B.sD2E.XML	ftp://ftp.pride.ebi.ac.uk/pride/data/archive/2019/02/PXD002136/B.sD2E.XML	v1.1.0	NT=ms-proteomics;VV=v1.1.0	manual curation	Spore
B.sG3G_2.XML	bacillus anthracis str. sterne	Spore	not applicable	not available	1	B.sG3G_2.XML	proteomic profiling by mass spectrometry	NT=Data-dependent acquisition;AC=PRIDE:0000627	NT=label free sample;AC=MS:1002038	NT=4800 plus maldi tof/tof;AC=MS:1000652	NT=Carbamidomethyl;AC=UNIMOD:4;TA=C;MT=Fixed	NT=Trypsin;AC=MS:1001251	not available	sds page	1	1	B.sG3G_2.XML	ftp://ftp.pride.ebi.ac.uk/pride/data/archive/2019/02/PXD002136/B.sG3G_2.XML	v1.1.0	NT=ms-proteomics;VV=v1.1.0	manual curation	Spore
B.sG1I_2.XML	bacillus anthracis str. sterne	Spore	not applicable	not available	1	B.sG1I_2.XML	proteomic profiling by mass spectrometry	NT=Data-dependent acquisition;AC=PRIDE:0000627	NT=label free sample;AC=MS:1002038	NT=4800 plus maldi tof/tof;AC=MS:1000652	NT=Carbamidomethyl;AC=UNIMOD:4;TA=C;MT=Fixed	NT=Trypsin;AC=MS:1001251	not available	sds page	1	1	B.sG1I_2.XML	ftp://ftp.pride.ebi.ac.uk/pride/data/archive/2019/02/PXD002136/B.sG1I_2.XML	v1.1.0	NT=ms-proteomics;VV=v1.1.0	manual curation	Spore
B.sG1CD_2.XML	bacillus anthracis str. sterne	Spore	not applicable	not available	1	B.sG1CD_2.XML	proteomic profiling by mass spectrometry	NT=Data-dependent acquisition;AC=PRIDE:0000627	NT=label free sample;AC=MS:1002038	NT=4800 plus maldi tof/tof;AC=MS:1000652	NT=Carbamidomethyl;AC=UNIMOD:4;TA=C;MT=Fixed	NT=Trypsin;AC=MS:1001251	not available	sds page	1	1	B.sG1CD_2.XML	ftp://ftp.pride.ebi.ac.uk/pride/data/archive/2019/02/PXD002136/B.sG1CD_2.XML	v1.1.0	NT=ms-proteomics;VV=v1.1.0	manual curation	Spore
B.aG2E.XML	bacillus anthracis str. sterne	Spore	not applicable	not available	1	B.aG2E.XML	proteomic profiling by mass spectrometry	NT=Data-dependent acquisition;AC=PRIDE:0000627	NT=label free sample;AC=MS:1002038	NT=4800 plus maldi tof/tof;AC=MS:1000652	NT=Carbamidomethyl;AC=UNIMOD:4;TA=C;MT=Fixed	NT=Trypsin;AC=MS:1001251	not available	sds page	1	1	B.aG2E.XML	ftp://ftp.pride.ebi.ac.uk/pride/data/archive/2019/02/PXD002136/B.aG2E.XML	v1.1.0	NT=ms-proteomics;VV=v1.1.0	manual curation	Spore
B.aG2D.XML	bacillus anthracis str. sterne	Spore	not applicable	not available	1	B.aG2D.XML	proteomic profiling by mass spectrometry	NT=Data-dependent acquisition;AC=PRIDE:0000627	NT=label free sample;AC=MS:1002038	NT=4800 plus maldi tof/tof;AC=MS:1000652	NT=Carbamidomethyl;AC=UNIMOD:4;TA=C;MT=Fixed	NT=Trypsin;AC=MS:1001251	not available	sds page	1	1	B.aG2D.XML	ftp://ftp.pride.ebi.ac.uk/pride/data/archive/2019/02/PXD002136/B.aG2D.XML	v1.1.0	NT=ms-proteomics;VV=v1.1.0	manual curation	Spore
B.sD2C.XML	bacillus anthracis str. sterne	Spore	not applicable	not available	1	B.sD2C.XML	proteomic profiling by mass spectrometry	NT=Data-dependent acquisition;AC=PRIDE:0000627	NT=label free sample;AC=MS:1002038	NT=4800 plus maldi tof/tof;AC=MS:1000652	NT=Carbamidomethyl;AC=UNIMOD:4;TA=C;MT=Fixed	NT=Trypsin;AC=MS:1001251	not available	sds page	1	1	B.sD2C.XML	ftp://ftp.pride.ebi.ac.uk/pride/data/archive/2019/02/PXD002136/B.sD2C.XML	v1.1.0	NT=ms-proteomics;VV=v1.1.0	manual curation	Spore
B.sD2B_2.XML	bacillus anthracis str. sterne	Spore	not applicable	not available	1	B.sD2B_2.XML	proteomic profiling by mass spectrometry	NT=Data-dependent acquisition;AC=PRIDE:0000627	NT=label free sample;AC=MS:1002038	NT=4800 plus maldi tof/tof;AC=MS:1000652	NT=Carbamidomethyl;AC=UNIMOD:4;TA=C;MT=Fixed	NT=Trypsin;AC=MS:1001251	not available	sds page	1	1	B.sD2B_2.XML	ftp://ftp.pride.ebi.ac.uk/pride/data/archive/2019/02/PXD002136/B.sD2B_2.XML	v1.1.0	NT=ms-proteomics;VV=v1.1.0	manual curation	Spore
B.sD1A.XML	bacillus anthracis str. sterne	Spore	not applicable	not available	1	B.sD1A.XML	proteomic profiling by mass spectrometry	NT=Data-dependent acquisition;AC=PRIDE:0000627	NT=label free sample;AC=MS:1002038	NT=4800 plus maldi tof/tof;AC=MS:1000652	NT=Carbamidomethyl;AC=UNIMOD:4;TA=C;MT=Fixed	NT=Trypsin;AC=MS:1001251	not available	sds page	1	1	B.sD1A.XML	ftp://ftp.pride.ebi.ac.uk/pride/data/archive/2019/02/PXD002136/B.sD1A.XML	v1.1.0	NT=ms-proteomics;VV=v1.1.0	manual curation	Spore
B.aG3E.XML	bacillus anthracis str. sterne	Spore	not applicable	not available	1	B.aG3E.XML	proteomic profiling by mass spectrometry	NT=Data-dependent acquisition;AC=PRIDE:0000627	NT=label free sample;AC=MS:1002038	NT=4800 plus maldi tof/tof;AC=MS:1000652	NT=Carbamidomethyl;AC=UNIMOD:4;TA=C;MT=Fixed	NT=Trypsin;AC=MS:1001251	not available	sds page	1	1	B.aG3E.XML	ftp://ftp.pride.ebi.ac.uk/pride/data/archive/2019/02/PXD002136/B.aG3E.XML	v1.1.0	NT=ms-proteomics;VV=v1.1.0	manual curation	Spore
B.sD1J2_2.XML	bacillus anthracis str. sterne	Spore	not applicable	not available	1	B.sD1J2_2.XML	proteomic profiling by mass spectrometry	NT=Data-dependent acquisition;AC=PRIDE:0000627	NT=label free sample;AC=MS:1002038	NT=4800 plus maldi tof/tof;AC=MS:1000652	NT=Carbamidomethyl;AC=UNIMOD:4;TA=C;MT=Fixed	NT=Trypsin;AC=MS:1001251	not available	sds page	1	1	B.sD1J2_2.XML	ftp://ftp.pride.ebi.ac.uk/pride/data/archive/2019/02/PXD002136/B.sD1J2_2.XML	v1.1.0	NT=ms-proteomics;VV=v1.1.0	manual curation	Spore
B.sG3H.XML	bacillus anthracis str. sterne	Spore	not applicable	not available	1	B.sG3H.XML	proteomic profiling by mass spectrometry	NT=Data-dependent acquisition;AC=PRIDE:0000627	NT=label free sample;AC=MS:1002038	NT=4800 plus maldi tof/tof;AC=MS:1000652	NT=Carbamidomethyl;AC=UNIMOD:4;TA=C;MT=Fixed	NT=Trypsin;AC=MS:1001251	not available	sds page	1	1	B.sG3H.XML	ftp://ftp.pride.ebi.ac.uk/pride/data/archive/2019/02/PXD002136/B.sG3H.XML	v1.1.0	NT=ms-proteomics;VV=v1.1.0	manual curation	Spore
B.aD3G.XML	bacillus anthracis str. sterne	Spore	not applicable	not available	1	B.aD3G.XML	proteomic profiling by mass spectrometry	NT=Data-dependent acquisition;AC=PRIDE:0000627	NT=label free sample;AC=MS:1002038	NT=4800 plus maldi tof/tof;AC=MS:1000652	NT=Carbamidomethyl;AC=UNIMOD:4;TA=C;MT=Fixed	NT=Trypsin;AC=MS:1001251	not available	sds page	1	1	B.aD3G.XML	ftp://ftp.pride.ebi.ac.uk/pride/data/archive/2019/02/PXD002136/B.aD3G.XML	v1.1.0	NT=ms-proteomics;VV=v1.1.0	manual curation	Spore
B.aG1A.XML	bacillus anthracis str. sterne	Spore	not applicable	not available	1	B.aG1A.XML	proteomic profiling by mass spectrometry	NT=Data-dependent acquisition;AC=PRIDE:0000627	NT=label free sample;AC=MS:1002038	NT=4800 plus maldi tof/tof;AC=MS:1000652	NT=Carbamidomethyl;AC=UNIMOD:4;TA=C;MT=Fixed	NT=Trypsin;AC=MS:1001251	not available	sds page	1	1	B.aG1A.XML	ftp://ftp.pride.ebi.ac.uk/pride/data/archive/2019/02/PXD002136/B.aG1A.XML	v1.1.0	NT=ms-proteomics;VV=v1.1.0	manual curation	Spore
B.aG2I.XML	bacillus anthracis str. sterne	Spore	not applicable	not available	1	B.aG2I.XML	proteomic profiling by mass spectrometry	NT=Data-dependent acquisition;AC=PRIDE:0000627	NT=label free sample;AC=MS:1002038	NT=4800 plus maldi tof/tof;AC=MS:1000652	NT=Carbamidomethyl;AC=UNIMOD:4;TA=C;MT=Fixed	NT=Trypsin;AC=MS:1001251	not available	sds page	1	1	B.aG2I.XML	ftp://ftp.pride.ebi.ac.uk/pride/data/archive/2019/02/PXD002136/B.aG2I.XML	v1.1.0	NT=ms-proteomics;VV=v1.1.0	manual curation	Spore
B.aD2A.XML	bacillus anthracis str. sterne	Spore	not applicable	not available	1	B.aD2A.XML	proteomic profiling by mass spectrometry	NT=Data-dependent acquisition;AC=PRIDE:0000627	NT=label free sample;AC=MS:1002038	NT=4800 plus maldi tof/tof;AC=MS:1000652	NT=Carbamidomethyl;AC=UNIMOD:4;TA=C;MT=Fixed	NT=Trypsin;AC=MS:1001251	not available	sds page	1	1	B.aD2A.XML	ftp://ftp.pride.ebi.ac.uk/pride/data/archive/2019/02/PXD002136/B.aD2A.XML	v1.1.0	NT=ms-proteomics;VV=v1.1.0	manual curation	Spore
B.sG3F.XML	bacillus anthracis str. sterne	Spore	not applicable	not available	1	B.sG3F.XML	proteomic profiling by mass spectrometry	NT=Data-dependent acquisition;AC=PRIDE:0000627	NT=label free sample;AC=MS:1002038	NT=4800 plus maldi tof/tof;AC=MS:1000652	NT=Carbamidomethyl;AC=UNIMOD:4;TA=C;MT=Fixed	NT=Trypsin;AC=MS:1001251	not available	sds page	1	1	B.sG3F.XML	ftp://ftp.pride.ebi.ac.uk/pride/data/archive/2019/02/PXD002136/B.sG3F.XML	v1.1.0	NT=ms-proteomics;VV=v1.1.0	manual curation	Spore
B.sG3J2_2.XML	bacillus anthracis str. sterne	Spore	not applicable	not available	1	B.sG3J2_2.XML	proteomic profiling by mass spectrometry	NT=Data-dependent acquisition;AC=PRIDE:0000627	NT=label free sample;AC=MS:1002038	NT=4800 plus maldi tof/tof;AC=MS:1000652	NT=Carbamidomethyl;AC=UNIMOD:4;TA=C;MT=Fixed	NT=Trypsin;AC=MS:1001251	not available	sds page	1	1	B.sG3J2_2.XML	ftp://ftp.pride.ebi.ac.uk/pride/data/archive/2019/02/PXD002136/B.sG3J2_2.XML	v1.1.0	NT=ms-proteomics;VV=v1.1.0	manual curation	Spore
B.aD1E.XML	bacillus anthracis str. sterne	Spore	not applicable	not available	1	B.aD1E.XML	proteomic profiling by mass spectrometry	NT=Data-dependent acquisition;AC=PRIDE:0000627	NT=label free sample;AC=MS:1002038	NT=4800 plus maldi tof/tof;AC=MS:1000652	NT=Carbamidomethyl;AC=UNIMOD:4;TA=C;MT=Fixed	NT=Trypsin;AC=MS:1001251	not available	sds page	1	1	B.aD1E.XML	ftp://ftp.pride.ebi.ac.uk/pride/data/archive/2019/02/PXD002136/B.aD1E.XML	v1.1.0	NT=ms-proteomics;VV=v1.1.0	manual curation	Spore
B.sG2C.XML	bacillus anthracis str. sterne	Spore	not applicable	not available	1	B.sG2C.XML	proteomic profiling by mass spectrometry	NT=Data-dependent acquisition;AC=PRIDE:0000627	NT=label free sample;AC=MS:1002038	NT=4800 plus maldi tof/tof;AC=MS:1000652	NT=Carbamidomethyl;AC=UNIMOD:4;TA=C;MT=Fixed	NT=Trypsin;AC=MS:1001251	not available	sds page	1	1	B.sG2C.XML	ftp://ftp.pride.ebi.ac.uk/pride/data/archive/2019/02/PXD002136/B.sG2C.XML	v1.1.0	NT=ms-proteomics;VV=v1.1.0	manual curation	Spore
B.sG2J2_2.XML	bacillus anthracis str. sterne	Spore	not applicable	not available	1	B.sG2J2_2.XML	proteomic profiling by mass spectrometry	NT=Data-dependent acquisition;AC=PRIDE:0000627	NT=label free sample;AC=MS:1002038	NT=4800 plus maldi tof/tof;AC=MS:1000652	NT=Carbamidomethyl;AC=UNIMOD:4;TA=C;MT=Fixed	NT=Trypsin;AC=MS:1001251	not available	sds page	1	1	B.sG2J2_2.XML	ftp://ftp.pride.ebi.ac.uk/pride/data/archive/2019/02/PXD002136/B.sG2J2_2.XML	v1.1.0	NT=ms-proteomics;VV=v1.1.0	manual curation	Spore
B.sD3CD_2.XML	bacillus anthracis str. sterne	Spore	not applicable	not available	1	B.sD3CD_2.XML	proteomic profiling by mass spectrometry	NT=Data-dependent acquisition;AC=PRIDE:0000627	NT=label free sample;AC=MS:1002038	NT=4800 plus maldi tof/tof;AC=MS:1000652	NT=Carbamidomethyl;AC=UNIMOD:4;TA=C;MT=Fixed	NT=Trypsin;AC=MS:1001251	not available	sds page	1	1	B.sD3CD_2.XML	ftp://ftp.pride.ebi.ac.uk/pride/data/archive/2019/02/PXD002136/B.sD3CD_2.XML	v1.1.0	NT=ms-proteomics;VV=v1.1.0	manual curation	Spore
B.sD3G_2.XML	bacillus anthracis str. sterne	Spore	not applicable	not available	1	B.sD3G_2.XML	proteomic profiling by mass spectrometry	NT=Data-dependent acquisition;AC=PRIDE:0000627	NT=label free sample;AC=MS:1002038	NT=4800 plus maldi tof/tof;AC=MS:1000652	NT=Carbamidomethyl;AC=UNIMOD:4;TA=C;MT=Fixed	NT=Trypsin;AC=MS:1001251	not available	sds page	1	1	B.sD3G_2.XML	ftp://ftp.pride.ebi.ac.uk/pride/data/archive/2019/02/PXD002136/B.sD3G_2.XML	v1.1.0	NT=ms-proteomics;VV=v1.1.0	manual curation	Spore
B.aD2G.XML	bacillus anthracis str. sterne	Spore	not applicable	not available	1	B.aD2G.XML	proteomic profiling by mass spectrometry	NT=Data-dependent acquisition;AC=PRIDE:0000627	NT=label free sample;AC=MS:1002038	NT=4800 plus maldi tof/tof;AC=MS:1000652	NT=Carbamidomethyl;AC=UNIMOD:4;TA=C;MT=Fixed	NT=Trypsin;AC=MS:1001251	not available	sds page	1	1	B.aD2G.XML	ftp://ftp.pride.ebi.ac.uk/pride/data/archive/2019/02/PXD002136/B.aD2G.XML	v1.1.0	NT=ms-proteomics;VV=v1.1.0	manual curation	Spore
B.sD2I_2.XML	bacillus anthracis str. sterne	Spore	not applicable	not available	1	B.sD2I_2.XML	proteomic profiling by mass spectrometry	NT=Data-dependent acquisition;AC=PRIDE:0000627	NT=label free sample;AC=MS:1002038	NT=4800 plus maldi tof/tof;AC=MS:1000652	NT=Carbamidomethyl;AC=UNIMOD:4;TA=C;MT=Fixed	NT=Trypsin;AC=MS:1001251	not available	sds page	1	1	B.sD2I_2.XML	ftp://ftp.pride.ebi.ac.uk/pride/data/archive/2019/02/PXD002136/B.sD2I_2.XML	v1.1.0	NT=ms-proteomics;VV=v1.1.0	manual curation	Spore
B.sG2K.XML	bacillus anthracis str. sterne	Spore	not applicable	not available	1	B.sG2K.XML	proteomic profiling by mass spectrometry	NT=Data-dependent acquisition;AC=PRIDE:0000627	NT=label free sample;AC=MS:1002038	NT=4800 plus maldi tof/tof;AC=MS:1000652	NT=Carbamidomethyl;AC=UNIMOD:4;TA=C;MT=Fixed	NT=Trypsin;AC=MS:1001251	not available	sds page	1	1	B.sG2K.XML	ftp://ftp.pride.ebi.ac.uk/pride/data/archive/2019/02/PXD002136/B.sG2K.XML	v1.1.0	NT=ms-proteomics;VV=v1.1.0	manual curation	Spore
B.sG3I.XML	bacillus anthracis str. sterne	Spore	not applicable	not available	1	B.sG3I.XML	proteomic profiling by mass spectrometry	NT=Data-dependent acquisition;AC=PRIDE:0000627	NT=label free sample;AC=MS:1002038	NT=4800 plus maldi tof/tof;AC=MS:1000652	NT=Carbamidomethyl;AC=UNIMOD:4;TA=C;MT=Fixed	NT=Trypsin;AC=MS:1001251	not available	sds page	1	1	B.sG3I.XML	ftp://ftp.pride.ebi.ac.uk/pride/data/archive/2019/02/PXD002136/B.sG3I.XML	v1.1.0	NT=ms-proteomics;VV=v1.1.0	manual curation	Spore
B.sD3A.XML	bacillus anthracis str. sterne	Spore	not applicable	not available	1	B.sD3A.XML	proteomic profiling by mass spectrometry	NT=Data-dependent acquisition;AC=PRIDE:0000627	NT=label free sample;AC=MS:1002038	NT=4800 plus maldi tof/tof;AC=MS:1000652	NT=Carbamidomethyl;AC=UNIMOD:4;TA=C;MT=Fixed	NT=Trypsin;AC=MS:1001251	not available	sds page	1	1	B.sD3A.XML	ftp://ftp.pride.ebi.ac.uk/pride/data/archive/2019/02/PXD002136/B.sD3A.XML	v1.1.0	NT=ms-proteomics;VV=v1.1.0	manual curation	Spore
B.sD2I.XML	bacillus anthracis str. sterne	Spore	not applicable	not available	1	B.sD2I.XML	proteomic profiling by mass spectrometry	NT=Data-dependent acquisition;AC=PRIDE:0000627	NT=label free sample;AC=MS:1002038	NT=4800 plus maldi tof/tof;AC=MS:1000652	NT=Carbamidomethyl;AC=UNIMOD:4;TA=C;MT=Fixed	NT=Trypsin;AC=MS:1001251	not available	sds page	1	1	B.sD2I.XML	ftp://ftp.pride.ebi.ac.uk/pride/data/archive/2019/02/PXD002136/B.sD2I.XML	v1.1.0	NT=ms-proteomics;VV=v1.1.0	manual curation	Spore
B.sG3E.XML	bacillus anthracis str. sterne	Spore	not applicable	not available	1	B.sG3E.XML	proteomic profiling by mass spectrometry	NT=Data-dependent acquisition;AC=PRIDE:0000627	NT=label free sample;AC=MS:1002038	NT=4800 plus maldi tof/tof;AC=MS:1000652	NT=Carbamidomethyl;AC=UNIMOD:4;TA=C;MT=Fixed	NT=Trypsin;AC=MS:1001251	not available	sds page	1	1	B.sG3E.XML	ftp://ftp.pride.ebi.ac.uk/pride/data/archive/2019/02/PXD002136/B.sG3E.XML	v1.1.0	NT=ms-proteomics;VV=v1.1.0	manual curation	Spore
B.sD2K_2.XML	bacillus anthracis str. sterne	Spore	not applicable	not available	1	B.sD2K_2.XML	proteomic profiling by mass spectrometry	NT=Data-dependent acquisition;AC=PRIDE:0000627	NT=label free sample;AC=MS:1002038	NT=4800 plus maldi tof/tof;AC=MS:1000652	NT=Carbamidomethyl;AC=UNIMOD:4;TA=C;MT=Fixed	NT=Trypsin;AC=MS:1001251	not available	sds page	1	1	B.sD2K_2.XML	ftp://ftp.pride.ebi.ac.uk/pride/data/archive/2019/02/PXD002136/B.sD2K_2.XML	v1.1.0	NT=ms-proteomics;VV=v1.1.0	manual curation	Spore
B.sG2G_2.XML	bacillus anthracis str. sterne	Spore	not applicable	not available	1	B.sG2G_2.XML	proteomic profiling by mass spectrometry	NT=Data-dependent acquisition;AC=PRIDE:0000627	NT=label free sample;AC=MS:1002038	NT=4800 plus maldi tof/tof;AC=MS:1000652	NT=Carbamidomethyl;AC=UNIMOD:4;TA=C;MT=Fixed	NT=Trypsin;AC=MS:1001251	not available	sds page	1	1	B.sG2G_2.XML	ftp://ftp.pride.ebi.ac.uk/pride/data/archive/2019/02/PXD002136/B.sG2G_2.XML	v1.1.0	NT=ms-proteomics;VV=v1.1.0	manual curation	Spore
B.sD2CD_2-1.XML	bacillus anthracis str. sterne	Spore	not applicable	not available	1	B.sD2CD_2-1.XML	proteomic profiling by mass spectrometry	NT=Data-dependent acquisition;AC=PRIDE:0000627	NT=label free sample;AC=MS:1002038	NT=4800 plus maldi tof/tof;AC=MS:1000652	NT=Carbamidomethyl;AC=UNIMOD:4;TA=C;MT=Fixed	NT=Trypsin;AC=MS:1001251	not available	sds page	1	1	B.sD2CD_2-1.XML	ftp://ftp.pride.ebi.ac.uk/pride/data/archive/2019/02/PXD002136/B.sD2CD_2-1.XML	v1.1.0	NT=ms-proteomics;VV=v1.1.0	manual curation	Spore
B.aG2B.XML	bacillus anthracis str. sterne	Spore	not applicable	not available	1	B.aG2B.XML	proteomic profiling by mass spectrometry	NT=Data-dependent acquisition;AC=PRIDE:0000627	NT=label free sample;AC=MS:1002038	NT=4800 plus maldi tof/tof;AC=MS:1000652	NT=Carbamidomethyl;AC=UNIMOD:4;TA=C;MT=Fixed	NT=Trypsin;AC=MS:1001251	not available	sds page	1	1	B.aG2B.XML	ftp://ftp.pride.ebi.ac.uk/pride/data/archive/2019/02/PXD002136/B.aG2B.XML	v1.1.0	NT=ms-proteomics;VV=v1.1.0	manual curation	Spore
B.aG1G.XML	bacillus anthracis str. sterne	Spore	not applicable	not available	1	B.aG1G.XML	proteomic profiling by mass spectrometry	NT=Data-dependent acquisition;AC=PRIDE:0000627	NT=label free sample;AC=MS:1002038	NT=4800 plus maldi tof/tof;AC=MS:1000652	NT=Carbamidomethyl;AC=UNIMOD:4;TA=C;MT=Fixed	NT=Trypsin;AC=MS:1001251	not available	sds page	1	1	B.aG1G.XML	ftp://ftp.pride.ebi.ac.uk/pride/data/archive/2019/02/PXD002136/B.aG1G.XML	v1.1.0	NT=ms-proteomics;VV=v1.1.0	manual curation	Spore
B.sD1E.XML	bacillus anthracis str. sterne	Spore	not applicable	not available	1	B.sD1E.XML	proteomic profiling by mass spectrometry	NT=Data-dependent acquisition;AC=PRIDE:0000627	NT=label free sample;AC=MS:1002038	NT=4800 plus maldi tof/tof;AC=MS:1000652	NT=Carbamidomethyl;AC=UNIMOD:4;TA=C;MT=Fixed	NT=Trypsin;AC=MS:1001251	not available	sds page	1	1	B.sD1E.XML	ftp://ftp.pride.ebi.ac.uk/pride/data/archive/2019/02/PXD002136/B.sD1E.XML	v1.1.0	NT=ms-proteomics;VV=v1.1.0	manual curation	Spore
B.sD2A_2.XML	bacillus anthracis str. sterne	Spore	not applicable	not available	1	B.sD2A_2.XML	proteomic profiling by mass spectrometry	NT=Data-dependent acquisition;AC=PRIDE:0000627	NT=label free sample;AC=MS:1002038	NT=4800 plus maldi tof/tof;AC=MS:1000652	NT=Carbamidomethyl;AC=UNIMOD:4;TA=C;MT=Fixed	NT=Trypsin;AC=MS:1001251	not available	sds page	1	1	B.sD2A_2.XML	ftp://ftp.pride.ebi.ac.uk/pride/data/archive/2019/02/PXD002136/B.sD2A_2.XML	v1.1.0	NT=ms-proteomics;VV=v1.1.0	manual curation	Spore
B.sG2J.XML	bacillus anthracis str. sterne	Spore	not applicable	not available	1	B.sG2J.XML	proteomic profiling by mass spectrometry	NT=Data-dependent acquisition;AC=PRIDE:0000627	NT=label free sample;AC=MS:1002038	NT=4800 plus maldi tof/tof;AC=MS:1000652	NT=Carbamidomethyl;AC=UNIMOD:4;TA=C;MT=Fixed	NT=Trypsin;AC=MS:1001251	not available	sds page	1	1	B.sG2J.XML	ftp://ftp.pride.ebi.ac.uk/pride/data/archive/2019/02/PXD002136/B.sG2J.XML	v1.1.0	NT=ms-proteomics;VV=v1.1.0	manual curation	Spore
B.sD1J.XML	bacillus anthracis str. sterne	Spore	not applicable	not available	1	B.sD1J.XML	proteomic profiling by mass spectrometry	NT=Data-dependent acquisition;AC=PRIDE:0000627	NT=label free sample;AC=MS:1002038	NT=4800 plus maldi tof/tof;AC=MS:1000652	NT=Carbamidomethyl;AC=UNIMOD:4;TA=C;MT=Fixed	NT=Trypsin;AC=MS:1001251	not available	sds page	1	1	B.sD1J.XML	ftp://ftp.pride.ebi.ac.uk/pride/data/archive/2019/02/PXD002136/B.sD1J.XML	v1.1.0	NT=ms-proteomics;VV=v1.1.0	manual curation	Spore
B.sD2E1_2.XML	bacillus anthracis str. sterne	Spore	not applicable	not available	1	B.sD2E1_2.XML	proteomic profiling by mass spectrometry	NT=Data-dependent acquisition;AC=PRIDE:0000627	NT=label free sample;AC=MS:1002038	NT=4800 plus maldi tof/tof;AC=MS:1000652	NT=Carbamidomethyl;AC=UNIMOD:4;TA=C;MT=Fixed	NT=Trypsin;AC=MS:1001251	not available	sds page	1	1	B.sD2E1_2.XML	ftp://ftp.pride.ebi.ac.uk/pride/data/archive/2019/02/PXD002136/B.sD2E1_2.XML	v1.1.0	NT=ms-proteomics;VV=v1.1.0	manual curation	Spore
B.sG3A_2.XML	bacillus anthracis str. sterne	Spore	not applicable	not available	1	B.sG3A_2.XML	proteomic profiling by mass spectrometry	NT=Data-dependent acquisition;AC=PRIDE:0000627	NT=label free sample;AC=MS:1002038	NT=4800 plus maldi tof/tof;AC=MS:1000652	NT=Carbamidomethyl;AC=UNIMOD:4;TA=C;MT=Fixed	NT=Trypsin;AC=MS:1001251	not available	sds page	1	1	B.sG3A_2.XML	ftp://ftp.pride.ebi.ac.uk/pride/data/archive/2019/02/PXD002136/B.sG3A_2.XML	v1.1.0	NT=ms-proteomics;VV=v1.1.0	manual curation	Spore
B.sG1G.XML	bacillus anthracis str. sterne	Spore	not applicable	not available	1	B.sG1G.XML	proteomic profiling by mass spectrometry	NT=Data-dependent acquisition;AC=PRIDE:0000627	NT=label free sample;AC=MS:1002038	NT=4800 plus maldi tof/tof;AC=MS:1000652	NT=Carbamidomethyl;AC=UNIMOD:4;TA=C;MT=Fixed	NT=Trypsin;AC=MS:1001251	not available	sds page	1	1	B.sG1G.XML	ftp://ftp.pride.ebi.ac.uk/pride/data/archive/2019/02/PXD002136/B.sG1G.XML	v1.1.0	NT=ms-proteomics;VV=v1.1.0	manual curation	Spore
B.sD1G.XML	bacillus anthracis str. sterne	Spore	not applicable	not available	1	B.sD1G.XML	proteomic profiling by mass spectrometry	NT=Data-dependent acquisition;AC=PRIDE:0000627	NT=label free sample;AC=MS:1002038	NT=4800 plus maldi tof/tof;AC=MS:1000652	NT=Carbamidomethyl;AC=UNIMOD:4;TA=C;MT=Fixed	NT=Trypsin;AC=MS:1001251	not available	sds page	1	1	B.sD1G.XML	ftp://ftp.pride.ebi.ac.uk/pride/data/archive/2019/02/PXD002136/B.sD1G.XML	v1.1.0	NT=ms-proteomics;VV=v1.1.0	manual curation	Spore
B.aG1F.XML	bacillus anthracis str. sterne	Spore	not applicable	not available	1	B.aG1F.XML	proteomic profiling by mass spectrometry	NT=Data-dependent acquisition;AC=PRIDE:0000627	NT=label free sample;AC=MS:1002038	NT=4800 plus maldi tof/tof;AC=MS:1000652	NT=Carbamidomethyl;AC=UNIMOD:4;TA=C;MT=Fixed	NT=Trypsin;AC=MS:1001251	not available	sds page	1	1	B.aG1F.XML	ftp://ftp.pride.ebi.ac.uk/pride/data/archive/2019/02/PXD002136/B.aG1F.XML	v1.1.0	NT=ms-proteomics;VV=v1.1.0	manual curation	Spore
B.sD1H.XML	bacillus anthracis str. sterne	Spore	not applicable	not available	1	B.sD1H.XML	proteomic profiling by mass spectrometry	NT=Data-dependent acquisition;AC=PRIDE:0000627	NT=label free sample;AC=MS:1002038	NT=4800 plus maldi tof/tof;AC=MS:1000652	NT=Carbamidomethyl;AC=UNIMOD:4;TA=C;MT=Fixed	NT=Trypsin;AC=MS:1001251	not available	sds page	1	1	B.sD1H.XML	ftp://ftp.pride.ebi.ac.uk/pride/data/archive/2019/02/PXD002136/B.sD1H.XML	v1.1.0	NT=ms-proteomics;VV=v1.1.0	manual curation	Spore
B.aD3A.XML	bacillus anthracis str. sterne	Spore	not applicable	not available	1	B.aD3A.XML	proteomic profiling by mass spectrometry	NT=Data-dependent acquisition;AC=PRIDE:0000627	NT=label free sample;AC=MS:1002038	NT=4800 plus maldi tof/tof;AC=MS:1000652	NT=Carbamidomethyl;AC=UNIMOD:4;TA=C;MT=Fixed	NT=Trypsin;AC=MS:1001251	not available	sds page	1	1	B.aD3A.XML	ftp://ftp.pride.ebi.ac.uk/pride/data/archive/2019/02/PXD002136/B.aD3A.XML	v1.1.0	NT=ms-proteomics;VV=v1.1.0	manual curation	Spore
B.aG1L.XML	bacillus anthracis str. sterne	Spore	not applicable	not available	1	B.aG1L.XML	proteomic profiling by mass spectrometry	NT=Data-dependent acquisition;AC=PRIDE:0000627	NT=label free sample;AC=MS:1002038	NT=4800 plus maldi tof/tof;AC=MS:1000652	NT=Carbamidomethyl;AC=UNIMOD:4;TA=C;MT=Fixed	NT=Trypsin;AC=MS:1001251	not available	sds page	1	1	B.aG1L.XML	ftp://ftp.pride.ebi.ac.uk/pride/data/archive/2019/02/PXD002136/B.aG1L.XML	v1.1.0	NT=ms-proteomics;VV=v1.1.0	manual curation	Spore
B.aD2K.XML	bacillus anthracis str. sterne	Spore	not applicable	not available	1	B.aD2K.XML	proteomic profiling by mass spectrometry	NT=Data-dependent acquisition;AC=PRIDE:0000627	NT=label free sample;AC=MS:1002038	NT=4800 plus maldi tof/tof;AC=MS:1000652	NT=Carbamidomethyl;AC=UNIMOD:4;TA=C;MT=Fixed	NT=Trypsin;AC=MS:1001251	not available	sds page	1	1	B.aD2K.XML	ftp://ftp.pride.ebi.ac.uk/pride/data/archive/2019/02/PXD002136/B.aD2K.XML	v1.1.0	NT=ms-proteomics;VV=v1.1.0	manual curation	Spore
B.sG1E1_2.XML	bacillus anthracis str. sterne	Spore	not applicable	not available	1	B.sG1E1_2.XML	proteomic profiling by mass spectrometry	NT=Data-dependent acquisition;AC=PRIDE:0000627	NT=label free sample;AC=MS:1002038	NT=4800 plus maldi tof/tof;AC=MS:1000652	NT=Carbamidomethyl;AC=UNIMOD:4;TA=C;MT=Fixed	NT=Trypsin;AC=MS:1001251	not available	sds page	1	1	B.sG1E1_2.XML	ftp://ftp.pride.ebi.ac.uk/pride/data/archive/2019/02/PXD002136/B.sG1E1_2.XML	v1.1.0	NT=ms-proteomics;VV=v1.1.0	manual curation	Spore
B.sD3H_2.XML	bacillus anthracis str. sterne	Spore	not applicable	not available	1	B.sD3H_2.XML	proteomic profiling by mass spectrometry	NT=Data-dependent acquisition;AC=PRIDE:0000627	NT=label free sample;AC=MS:1002038	NT=4800 plus maldi tof/tof;AC=MS:1000652	NT=Carbamidomethyl;AC=UNIMOD:4;TA=C;MT=Fixed	NT=Trypsin;AC=MS:1001251	not available	sds page	1	1	B.sD3H_2.XML	ftp://ftp.pride.ebi.ac.uk/pride/data/archive/2019/02/PXD002136/B.sD3H_2.XML	v1.1.0	NT=ms-proteomics;VV=v1.1.0	manual curation	Spore
B.sG3G.XML	bacillus anthracis str. sterne	Spore	not applicable	not available	1	B.sG3G.XML	proteomic profiling by mass spectrometry	NT=Data-dependent acquisition;AC=PRIDE:0000627	NT=label free sample;AC=MS:1002038	NT=4800 plus maldi tof/tof;AC=MS:1000652	NT=Carbamidomethyl;AC=UNIMOD:4;TA=C;MT=Fixed	NT=Trypsin;AC=MS:1001251	not available	sds page	1	1	B.sG3G.XML	ftp://ftp.pride.ebi.ac.uk/pride/data/archive/2019/02/PXD002136/B.sG3G.XML	v1.1.0	NT=ms-proteomics;VV=v1.1.0	manual curation	Spore
B.sD3A_2.XML	bacillus anthracis str. sterne	Spore	not applicable	not available	1	B.sD3A_2.XML	proteomic profiling by mass spectrometry	NT=Data-dependent acquisition;AC=PRIDE:0000627	NT=label free sample;AC=MS:1002038	NT=4800 plus maldi tof/tof;AC=MS:1000652	NT=Carbamidomethyl;AC=UNIMOD:4;TA=C;MT=Fixed	NT=Trypsin;AC=MS:1001251	not available	sds page	1	1	B.sD3A_2.XML	ftp://ftp.pride.ebi.ac.uk/pride/data/archive/2019/02/PXD002136/B.sD3A_2.XML	v1.1.0	NT=ms-proteomics;VV=v1.1.0	manual curation	Spore
B.aG2G.XML	bacillus anthracis str. sterne	Spore	not applicable	not available	1	B.aG2G.XML	proteomic profiling by mass spectrometry	NT=Data-dependent acquisition;AC=PRIDE:0000627	NT=label free sample;AC=MS:1002038	NT=4800 plus maldi tof/tof;AC=MS:1000652	NT=Carbamidomethyl;AC=UNIMOD:4;TA=C;MT=Fixed	NT=Trypsin;AC=MS:1001251	not available	sds page	1	1	B.aG2G.XML	ftp://ftp.pride.ebi.ac.uk/pride/data/archive/2019/02/PXD002136/B.aG2G.XML	v1.1.0	NT=ms-proteomics;VV=v1.1.0	manual curation	Spore
B.aG3L.XML	bacillus anthracis str. sterne	Spore	not applicable	not available	1	B.aG3L.XML	proteomic profiling by mass spectrometry	NT=Data-dependent acquisition;AC=PRIDE:0000627	NT=label free sample;AC=MS:1002038	NT=4800 plus maldi tof/tof;AC=MS:1000652	NT=Carbamidomethyl;AC=UNIMOD:4;TA=C;MT=Fixed	NT=Trypsin;AC=MS:1001251	not available	sds page	1	1	B.aG3L.XML	ftp://ftp.pride.ebi.ac.uk/pride/data/archive/2019/02/PXD002136/B.aG3L.XML	v1.1.0	NT=ms-proteomics;VV=v1.1.0	manual curation	Spore
B.sD1L_2.XML	bacillus anthracis str. sterne	Spore	not applicable	not available	1	B.sD1L_2.XML	proteomic profiling by mass spectrometry	NT=Data-dependent acquisition;AC=PRIDE:0000627	NT=label free sample;AC=MS:1002038	NT=4800 plus maldi tof/tof;AC=MS:1000652	NT=Carbamidomethyl;AC=UNIMOD:4;TA=C;MT=Fixed	NT=Trypsin;AC=MS:1001251	not available	sds page	1	1	B.sD1L_2.XML	ftp://ftp.pride.ebi.ac.uk/pride/data/archive/2019/02/PXD002136/B.sD1L_2.XML	v1.1.0	NT=ms-proteomics;VV=v1.1.0	manual curation	Spore
B.aG3G.XML	bacillus anthracis str. sterne	Spore	not applicable	not available	1	B.aG3G.XML	proteomic profiling by mass spectrometry	NT=Data-dependent acquisition;AC=PRIDE:0000627	NT=label free sample;AC=MS:1002038	NT=4800 plus maldi tof/tof;AC=MS:1000652	NT=Carbamidomethyl;AC=UNIMOD:4;TA=C;MT=Fixed	NT=Trypsin;AC=MS:1001251	not available	sds page	1	1	B.aG3G.XML	ftp://ftp.pride.ebi.ac.uk/pride/data/archive/2019/02/PXD002136/B.aG3G.XML	v1.1.0	NT=ms-proteomics;VV=v1.1.0	manual curation	Spore
B.sD2K.XML	bacillus anthracis str. sterne	Spore	not applicable	not available	1	B.sD2K.XML	proteomic profiling by mass spectrometry	NT=Data-dependent acquisition;AC=PRIDE:0000627	NT=label free sample;AC=MS:1002038	NT=4800 plus maldi tof/tof;AC=MS:1000652	NT=Carbamidomethyl;AC=UNIMOD:4;TA=C;MT=Fixed	NT=Trypsin;AC=MS:1001251	not available	sds page	1	1	B.sD2K.XML	ftp://ftp.pride.ebi.ac.uk/pride/data/archive/2019/02/PXD002136/B.sD2K.XML	v1.1.0	NT=ms-proteomics;VV=v1.1.0	manual curation	Spore
B.sD1K_2.XML	bacillus anthracis str. sterne	Spore	not applicable	not available	1	B.sD1K_2.XML	proteomic profiling by mass spectrometry	NT=Data-dependent acquisition;AC=PRIDE:0000627	NT=label free sample;AC=MS:1002038	NT=4800 plus maldi tof/tof;AC=MS:1000652	NT=Carbamidomethyl;AC=UNIMOD:4;TA=C;MT=Fixed	NT=Trypsin;AC=MS:1001251	not available	sds page	1	1	B.sD1K_2.XML	ftp://ftp.pride.ebi.ac.uk/pride/data/archive/2019/02/PXD002136/B.sD1K_2.XML	v1.1.0	NT=ms-proteomics;VV=v1.1.0	manual curation	Spore
B.sG2K_2.XML	bacillus anthracis str. sterne	Spore	not applicable	not available	1	B.sG2K_2.XML	proteomic profiling by mass spectrometry	NT=Data-dependent acquisition;AC=PRIDE:0000627	NT=label free sample;AC=MS:1002038	NT=4800 plus maldi tof/tof;AC=MS:1000652	NT=Carbamidomethyl;AC=UNIMOD:4;TA=C;MT=Fixed	NT=Trypsin;AC=MS:1001251	not available	sds page	1	1	B.sG2K_2.XML	ftp://ftp.pride.ebi.ac.uk/pride/data/archive/2019/02/PXD002136/B.sG2K_2.XML	v1.1.0	NT=ms-proteomics;VV=v1.1.0	manual curation	Spore
B.aD2D.XML	bacillus anthracis str. sterne	Spore	not applicable	not available	1	B.aD2D.XML	proteomic profiling by mass spectrometry	NT=Data-dependent acquisition;AC=PRIDE:0000627	NT=label free sample;AC=MS:1002038	NT=4800 plus maldi tof/tof;AC=MS:1000652	NT=Carbamidomethyl;AC=UNIMOD:4;TA=C;MT=Fixed	NT=Trypsin;AC=MS:1001251	not available	sds page	1	1	B.aD2D.XML	ftp://ftp.pride.ebi.ac.uk/pride/data/archive/2019/02/PXD002136/B.aD2D.XML	v1.1.0	NT=ms-proteomics;VV=v1.1.0	manual curation	Spore
B.sG2E2_2.XML	bacillus anthracis str. sterne	Spore	not applicable	not available	1	B.sG2E2_2.XML	proteomic profiling by mass spectrometry	NT=Data-dependent acquisition;AC=PRIDE:0000627	NT=label free sample;AC=MS:1002038	NT=4800 plus maldi tof/tof;AC=MS:1000652	NT=Carbamidomethyl;AC=UNIMOD:4;TA=C;MT=Fixed	NT=Trypsin;AC=MS:1001251	not available	sds page	1	1	B.sG2E2_2.XML	ftp://ftp.pride.ebi.ac.uk/pride/data/archive/2019/02/PXD002136/B.sG2E2_2.XML	v1.1.0	NT=ms-proteomics;VV=v1.1.0	manual curation	Spore
B.aD1K.XML	bacillus anthracis str. sterne	Spore	not applicable	not available	1	B.aD1K.XML	proteomic profiling by mass spectrometry	NT=Data-dependent acquisition;AC=PRIDE:0000627	NT=label free sample;AC=MS:1002038	NT=4800 plus maldi tof/tof;AC=MS:1000652	NT=Carbamidomethyl;AC=UNIMOD:4;TA=C;MT=Fixed	NT=Trypsin;AC=MS:1001251	not available	sds page	1	1	B.aD1K.XML	ftp://ftp.pride.ebi.ac.uk/pride/data/archive/2019/02/PXD002136/B.aD1K.XML	v1.1.0	NT=ms-proteomics;VV=v1.1.0	manual curation	Spore
B.sG2A.XML	bacillus anthracis str. sterne	Spore	not applicable	not available	1	B.sG2A.XML	proteomic profiling by mass spectrometry	NT=Data-dependent acquisition;AC=PRIDE:0000627	NT=label free sample;AC=MS:1002038	NT=4800 plus maldi tof/tof;AC=MS:1000652	NT=Carbamidomethyl;AC=UNIMOD:4;TA=C;MT=Fixed	NT=Trypsin;AC=MS:1001251	not available	sds page	1	1	B.sG2A.XML	ftp://ftp.pride.ebi.ac.uk/pride/data/archive/2019/02/PXD002136/B.sG2A.XML	v1.1.0	NT=ms-proteomics;VV=v1.1.0	manual curation	Spore
B.aG3M.XML	bacillus anthracis str. sterne	Spore	not applicable	not available	1	B.aG3M.XML	proteomic profiling by mass spectrometry	NT=Data-dependent acquisition;AC=PRIDE:0000627	NT=label free sample;AC=MS:1002038	NT=4800 plus maldi tof/tof;AC=MS:1000652	NT=Carbamidomethyl;AC=UNIMOD:4;TA=C;MT=Fixed	NT=Trypsin;AC=MS:1001251	not available	sds page	1	1	B.aG3M.XML	ftp://ftp.pride.ebi.ac.uk/pride/data/archive/2019/02/PXD002136/B.aG3M.XML	v1.1.0	NT=ms-proteomics;VV=v1.1.0	manual curation	Spore
B.aD3K.XML	bacillus anthracis str. sterne	Spore	not applicable	not available	1	B.aD3K.XML	proteomic profiling by mass spectrometry	NT=Data-dependent acquisition;AC=PRIDE:0000627	NT=label free sample;AC=MS:1002038	NT=4800 plus maldi tof/tof;AC=MS:1000652	NT=Carbamidomethyl;AC=UNIMOD:4;TA=C;MT=Fixed	NT=Trypsin;AC=MS:1001251	not available	sds page	1	1	B.aD3K.XML	ftp://ftp.pride.ebi.ac.uk/pride/data/archive/2019/02/PXD002136/B.aD3K.XML	v1.1.0	NT=ms-proteomics;VV=v1.1.0	manual curation	Spore
B.sD1G_2.XML	bacillus anthracis str. sterne	Spore	not applicable	not available	1	B.sD1G_2.XML	proteomic profiling by mass spectrometry	NT=Data-dependent acquisition;AC=PRIDE:0000627	NT=label free sample;AC=MS:1002038	NT=4800 plus maldi tof/tof;AC=MS:1000652	NT=Carbamidomethyl;AC=UNIMOD:4;TA=C;MT=Fixed	NT=Trypsin;AC=MS:1001251	not available	sds page	1	1	B.sD1G_2.XML	ftp://ftp.pride.ebi.ac.uk/pride/data/archive/2019/02/PXD002136/B.sD1G_2.XML	v1.1.0	NT=ms-proteomics;VV=v1.1.0	manual curation	Spore
B.sD1E2_2.XML	bacillus anthracis str. sterne	Spore	not applicable	not available	1	B.sD1E2_2.XML	proteomic profiling by mass spectrometry	NT=Data-dependent acquisition;AC=PRIDE:0000627	NT=label free sample;AC=MS:1002038	NT=4800 plus maldi tof/tof;AC=MS:1000652	NT=Carbamidomethyl;AC=UNIMOD:4;TA=C;MT=Fixed	NT=Trypsin;AC=MS:1001251	not available	sds page	1	1	B.sD1E2_2.XML	ftp://ftp.pride.ebi.ac.uk/pride/data/archive/2019/02/PXD002136/B.sD1E2_2.XML	v1.1.0	NT=ms-proteomics;VV=v1.1.0	manual curation	Spore
B.aD1G.XML	bacillus anthracis str. sterne	Spore	not applicable	not available	1	B.aD1G.XML	proteomic profiling by mass spectrometry	NT=Data-dependent acquisition;AC=PRIDE:0000627	NT=label free sample;AC=MS:1002038	NT=4800 plus maldi tof/tof;AC=MS:1000652	NT=Carbamidomethyl;AC=UNIMOD:4;TA=C;MT=Fixed	NT=Trypsin;AC=MS:1001251	not available	sds page	1	1	B.aD1G.XML	ftp://ftp.pride.ebi.ac.uk/pride/data/archive/2019/02/PXD002136/B.aD1G.XML	v1.1.0	NT=ms-proteomics;VV=v1.1.0	manual curation	Spore
B.aG2H.XML	bacillus anthracis str. sterne	Spore	not applicable	not available	1	B.aG2H.XML	proteomic profiling by mass spectrometry	NT=Data-dependent acquisition;AC=PRIDE:0000627	NT=label free sample;AC=MS:1002038	NT=4800 plus maldi tof/tof;AC=MS:1000652	NT=Carbamidomethyl;AC=UNIMOD:4;TA=C;MT=Fixed	NT=Trypsin;AC=MS:1001251	not available	sds page	1	1	B.aG2H.XML	ftp://ftp.pride.ebi.ac.uk/pride/data/archive/2019/02/PXD002136/B.aG2H.XML	v1.1.0	NT=ms-proteomics;VV=v1.1.0	manual curation	Spore
B.aD1D.XML	bacillus anthracis str. sterne	Spore	not applicable	not available	1	B.aD1D.XML	proteomic profiling by mass spectrometry	NT=Data-dependent acquisition;AC=PRIDE:0000627	NT=label free sample;AC=MS:1002038	NT=4800 plus maldi tof/tof;AC=MS:1000652	NT=Carbamidomethyl;AC=UNIMOD:4;TA=C;MT=Fixed	NT=Trypsin;AC=MS:1001251	not available	sds page	1	1	B.aD1D.XML	ftp://ftp.pride.ebi.ac.uk/pride/data/archive/2019/02/PXD002136/B.aD1D.XML	v1.1.0	NT=ms-proteomics;VV=v1.1.0	manual curation	Spore
B.sD1D.XML	bacillus anthracis str. sterne	Spore	not applicable	not available	1	B.sD1D.XML	proteomic profiling by mass spectrometry	NT=Data-dependent acquisition;AC=PRIDE:0000627	NT=label free sample;AC=MS:1002038	NT=4800 plus maldi tof/tof;AC=MS:1000652	NT=Carbamidomethyl;AC=UNIMOD:4;TA=C;MT=Fixed	NT=Trypsin;AC=MS:1001251	not available	sds page	1	1	B.sD1D.XML	ftp://ftp.pride.ebi.ac.uk/pride/data/archive/2019/02/PXD002136/B.sD1D.XML	v1.1.0	NT=ms-proteomics;VV=v1.1.0	manual curation	Spore
B.sG3K_2.XML	bacillus anthracis str. sterne	Spore	not applicable	not available	1	B.sG3K_2.XML	proteomic profiling by mass spectrometry	NT=Data-dependent acquisition;AC=PRIDE:0000627	NT=label free sample;AC=MS:1002038	NT=4800 plus maldi tof/tof;AC=MS:1000652	NT=Carbamidomethyl;AC=UNIMOD:4;TA=C;MT=Fixed	NT=Trypsin;AC=MS:1001251	not available	sds page	1	1	B.sG3K_2.XML	ftp://ftp.pride.ebi.ac.uk/pride/data/archive/2019/02/PXD002136/B.sG3K_2.XML	v1.1.0	NT=ms-proteomics;VV=v1.1.0	manual curation	Spore
B.sD2H.XML	bacillus anthracis str. sterne	Spore	not applicable	not available	1	B.sD2H.XML	proteomic profiling by mass spectrometry	NT=Data-dependent acquisition;AC=PRIDE:0000627	NT=label free sample;AC=MS:1002038	NT=4800 plus maldi tof/tof;AC=MS:1000652	NT=Carbamidomethyl;AC=UNIMOD:4;TA=C;MT=Fixed	NT=Trypsin;AC=MS:1001251	not available	sds page	1	1	B.sD2H.XML	ftp://ftp.pride.ebi.ac.uk/pride/data/archive/2019/02/PXD002136/B.sD2H.XML	v1.1.0	NT=ms-proteomics;VV=v1.1.0	manual curation	Spore
B.sG1J1_2.XML	bacillus anthracis str. sterne	Spore	not applicable	not available	1	B.sG1J1_2.XML	proteomic profiling by mass spectrometry	NT=Data-dependent acquisition;AC=PRIDE:0000627	NT=label free sample;AC=MS:1002038	NT=4800 plus maldi tof/tof;AC=MS:1000652	NT=Carbamidomethyl;AC=UNIMOD:4;TA=C;MT=Fixed	NT=Trypsin;AC=MS:1001251	not available	sds page	1	1	B.sG1J1_2.XML	ftp://ftp.pride.ebi.ac.uk/pride/data/archive/2019/02/PXD002136/B.sG1J1_2.XML	v1.1.0	NT=ms-proteomics;VV=v1.1.0	manual curation	Spore
B.aG2K.XML	bacillus anthracis str. sterne	Spore	not applicable	not available	1	B.aG2K.XML	proteomic profiling by mass spectrometry	NT=Data-dependent acquisition;AC=PRIDE:0000627	NT=label free sample;AC=MS:1002038	NT=4800 plus maldi tof/tof;AC=MS:1000652	NT=Carbamidomethyl;AC=UNIMOD:4;TA=C;MT=Fixed	NT=Trypsin;AC=MS:1001251	not available	sds page	1	1	B.aG2K.XML	ftp://ftp.pride.ebi.ac.uk/pride/data/archive/2019/02/PXD002136/B.aG2K.XML	v1.1.0	NT=ms-proteomics;VV=v1.1.0	manual curation	Spore
B.aG2M.XML	bacillus anthracis str. sterne	Spore	not applicable	not available	1	B.aG2M.XML	proteomic profiling by mass spectrometry	NT=Data-dependent acquisition;AC=PRIDE:0000627	NT=label free sample;AC=MS:1002038	NT=4800 plus maldi tof/tof;AC=MS:1000652	NT=Carbamidomethyl;AC=UNIMOD:4;TA=C;MT=Fixed	NT=Trypsin;AC=MS:1001251	not available	sds page	1	1	B.aG2M.XML	ftp://ftp.pride.ebi.ac.uk/pride/data/archive/2019/02/PXD002136/B.aG2M.XML	v1.1.0	NT=ms-proteomics;VV=v1.1.0	manual curation	Spore
B.sG1J.XML	bacillus anthracis str. sterne	Spore	not applicable	not available	1	B.sG1J.XML	proteomic profiling by mass spectrometry	NT=Data-dependent acquisition;AC=PRIDE:0000627	NT=label free sample;AC=MS:1002038	NT=4800 plus maldi tof/tof;AC=MS:1000652	NT=Carbamidomethyl;AC=UNIMOD:4;TA=C;MT=Fixed	NT=Trypsin;AC=MS:1001251	not available	sds page	1	1	B.sG1J.XML	ftp://ftp.pride.ebi.ac.uk/pride/data/archive/2019/02/PXD002136/B.sG1J.XML	v1.1.0	NT=ms-proteomics;VV=v1.1.0	manual curation	Spore
B.sD1F_2.XML	bacillus anthracis str. sterne	Spore	not applicable	not available	1	B.sD1F_2.XML	proteomic profiling by mass spectrometry	NT=Data-dependent acquisition;AC=PRIDE:0000627	NT=label free sample;AC=MS:1002038	NT=4800 plus maldi tof/tof;AC=MS:1000652	NT=Carbamidomethyl;AC=UNIMOD:4;TA=C;MT=Fixed	NT=Trypsin;AC=MS:1001251	not available	sds page	1	1	B.sD1F_2.XML	ftp://ftp.pride.ebi.ac.uk/pride/data/archive/2019/02/PXD002136/B.sD1F_2.XML	v1.1.0	NT=ms-proteomics;VV=v1.1.0	manual curation	Spore
B.sD2G_2.XML	bacillus anthracis str. sterne	Spore	not applicable	not available	1	B.sD2G_2.XML	proteomic profiling by mass spectrometry	NT=Data-dependent acquisition;AC=PRIDE:0000627	NT=label free sample;AC=MS:1002038	NT=4800 plus maldi tof/tof;AC=MS:1000652	NT=Carbamidomethyl;AC=UNIMOD:4;TA=C;MT=Fixed	NT=Trypsin;AC=MS:1001251	not available	sds page	1	1	B.sD2G_2.XML	ftp://ftp.pride.ebi.ac.uk/pride/data/archive/2019/02/PXD002136/B.sD2G_2.XML	v1.1.0	NT=ms-proteomics;VV=v1.1.0	manual curation	Spore
B.sG2E.XML	bacillus anthracis str. sterne	Spore	not applicable	not available	1	B.sG2E.XML	proteomic profiling by mass spectrometry	NT=Data-dependent acquisition;AC=PRIDE:0000627	NT=label free sample;AC=MS:1002038	NT=4800 plus maldi tof/tof;AC=MS:1000652	NT=Carbamidomethyl;AC=UNIMOD:4;TA=C;MT=Fixed	NT=Trypsin;AC=MS:1001251	not available	sds page	1	1	B.sG2E.XML	ftp://ftp.pride.ebi.ac.uk/pride/data/archive/2019/02/PXD002136/B.sG2E.XML	v1.1.0	NT=ms-proteomics;VV=v1.1.0	manual curation	Spore
B.sD3J2_2.XML	bacillus anthracis str. sterne	Spore	not applicable	not available	1	B.sD3J2_2.XML	proteomic profiling by mass spectrometry	NT=Data-dependent acquisition;AC=PRIDE:0000627	NT=label free sample;AC=MS:1002038	NT=4800 plus maldi tof/tof;AC=MS:1000652	NT=Carbamidomethyl;AC=UNIMOD:4;TA=C;MT=Fixed	NT=Trypsin;AC=MS:1001251	not available	sds page	1	1	B.sD3J2_2.XML	ftp://ftp.pride.ebi.ac.uk/pride/data/archive/2019/02/PXD002136/B.sD3J2_2.XML	v1.1.0	NT=ms-proteomics;VV=v1.1.0	manual curation	Spore
B.sD3I_2.XML	bacillus anthracis str. sterne	Spore	not applicable	not available	1	B.sD3I_2.XML	proteomic profiling by mass spectrometry	NT=Data-dependent acquisition;AC=PRIDE:0000627	NT=label free sample;AC=MS:1002038	NT=4800 plus maldi tof/tof;AC=MS:1000652	NT=Carbamidomethyl;AC=UNIMOD:4;TA=C;MT=Fixed	NT=Trypsin;AC=MS:1001251	not available	sds page	1	1	B.sD3I_2.XML	ftp://ftp.pride.ebi.ac.uk/pride/data/archive/2019/02/PXD002136/B.sD3I_2.XML	v1.1.0	NT=ms-proteomics;VV=v1.1.0	manual curation	Spore
B.aG1C.XML	bacillus anthracis str. sterne	Spore	not applicable	not available	1	B.aG1C.XML	proteomic profiling by mass spectrometry	NT=Data-dependent acquisition;AC=PRIDE:0000627	NT=label free sample;AC=MS:1002038	NT=4800 plus maldi tof/tof;AC=MS:1000652	NT=Carbamidomethyl;AC=UNIMOD:4;TA=C;MT=Fixed	NT=Trypsin;AC=MS:1001251	not available	sds page	1	1	B.aG1C.XML	ftp://ftp.pride.ebi.ac.uk/pride/data/archive/2019/02/PXD002136/B.aG1C.XML	v1.1.0	NT=ms-proteomics;VV=v1.1.0	manual curation	Spore
B.sG1E2_2.XML	bacillus anthracis str. sterne	Spore	not applicable	not available	1	B.sG1E2_2.XML	proteomic profiling by mass spectrometry	NT=Data-dependent acquisition;AC=PRIDE:0000627	NT=label free sample;AC=MS:1002038	NT=4800 plus maldi tof/tof;AC=MS:1000652	NT=Carbamidomethyl;AC=UNIMOD:4;TA=C;MT=Fixed	NT=Trypsin;AC=MS:1001251	not available	sds page	1	1	B.sG1E2_2.XML	ftp://ftp.pride.ebi.ac.uk/pride/data/archive/2019/02/PXD002136/B.sG1E2_2.XML	v1.1.0	NT=ms-proteomics;VV=v1.1.0	manual curation	Spore
B.sG3A.XML	bacillus anthracis str. sterne	Spore	not applicable	not available	1	B.sG3A.XML	proteomic profiling by mass spectrometry	NT=Data-dependent acquisition;AC=PRIDE:0000627	NT=label free sample;AC=MS:1002038	NT=4800 plus maldi tof/tof;AC=MS:1000652	NT=Carbamidomethyl;AC=UNIMOD:4;TA=C;MT=Fixed	NT=Trypsin;AC=MS:1001251	not available	sds page	1	1	B.sG3A.XML	ftp://ftp.pride.ebi.ac.uk/pride/data/archive/2019/02/PXD002136/B.sG3A.XML	v1.1.0	NT=ms-proteomics;VV=v1.1.0	manual curation	Spore
B.aG3A.XML	bacillus anthracis str. sterne	Spore	not applicable	not available	1	B.aG3A.XML	proteomic profiling by mass spectrometry	NT=Data-dependent acquisition;AC=PRIDE:0000627	NT=label free sample;AC=MS:1002038	NT=4800 plus maldi tof/tof;AC=MS:1000652	NT=Carbamidomethyl;AC=UNIMOD:4;TA=C;MT=Fixed	NT=Trypsin;AC=MS:1001251	not available	sds page	1	1	B.aG3A.XML	ftp://ftp.pride.ebi.ac.uk/pride/data/archive/2019/02/PXD002136/B.aG3A.XML	v1.1.0	NT=ms-proteomics;VV=v1.1.0	manual curation	Spore
B.aD2B.XML	bacillus anthracis str. sterne	Spore	not applicable	not available	1	B.aD2B.XML	proteomic profiling by mass spectrometry	NT=Data-dependent acquisition;AC=PRIDE:0000627	NT=label free sample;AC=MS:1002038	NT=4800 plus maldi tof/tof;AC=MS:1000652	NT=Carbamidomethyl;AC=UNIMOD:4;TA=C;MT=Fixed	NT=Trypsin;AC=MS:1001251	not available	sds page	1	1	B.aD2B.XML	ftp://ftp.pride.ebi.ac.uk/pride/data/archive/2019/02/PXD002136/B.aD2B.XML	v1.1.0	NT=ms-proteomics;VV=v1.1.0	manual curation	Spore
B.sD1A_2.XML	bacillus anthracis str. sterne	Spore	not applicable	not available	1	B.sD1A_2.XML	proteomic profiling by mass spectrometry	NT=Data-dependent acquisition;AC=PRIDE:0000627	NT=label free sample;AC=MS:1002038	NT=4800 plus maldi tof/tof;AC=MS:1000652	NT=Carbamidomethyl;AC=UNIMOD:4;TA=C;MT=Fixed	NT=Trypsin;AC=MS:1001251	not available	sds page	1	1	B.sD1A_2.XML	ftp://ftp.pride.ebi.ac.uk/pride/data/archive/2019/02/PXD002136/B.sD1A_2.XML	v1.1.0	NT=ms-proteomics;VV=v1.1.0	manual curation	Spore
B.aD2F.XML	bacillus anthracis str. sterne	Spore	not applicable	not available	1	B.aD2F.XML	proteomic profiling by mass spectrometry	NT=Data-dependent acquisition;AC=PRIDE:0000627	NT=label free sample;AC=MS:1002038	NT=4800 plus maldi tof/tof;AC=MS:1000652	NT=Carbamidomethyl;AC=UNIMOD:4;TA=C;MT=Fixed	NT=Trypsin;AC=MS:1001251	not available	sds page	1	1	B.aD2F.XML	ftp://ftp.pride.ebi.ac.uk/pride/data/archive/2019/02/PXD002136/B.aD2F.XML	v1.1.0	NT=ms-proteomics;VV=v1.1.0	manual curation	Spore
B.sD1J1_2.XML	bacillus anthracis str. sterne	Spore	not applicable	not available	1	B.sD1J1_2.XML	proteomic profiling by mass spectrometry	NT=Data-dependent acquisition;AC=PRIDE:0000627	NT=label free sample;AC=MS:1002038	NT=4800 plus maldi tof/tof;AC=MS:1000652	NT=Carbamidomethyl;AC=UNIMOD:4;TA=C;MT=Fixed	NT=Trypsin;AC=MS:1001251	not available	sds page	1	1	B.sD1J1_2.XML	ftp://ftp.pride.ebi.ac.uk/pride/data/archive/2019/02/PXD002136/B.sD1J1_2.XML	v1.1.0	NT=ms-proteomics;VV=v1.1.0	manual curation	Spore
B.aG1I.XML	bacillus anthracis str. sterne	Spore	not applicable	not available	1	B.aG1I.XML	proteomic profiling by mass spectrometry	NT=Data-dependent acquisition;AC=PRIDE:0000627	NT=label free sample;AC=MS:1002038	NT=4800 plus maldi tof/tof;AC=MS:1000652	NT=Carbamidomethyl;AC=UNIMOD:4;TA=C;MT=Fixed	NT=Trypsin;AC=MS:1001251	not available	sds page	1	1	B.aG1I.XML	ftp://ftp.pride.ebi.ac.uk/pride/data/archive/2019/02/PXD002136/B.aG1I.XML	v1.1.0	NT=ms-proteomics;VV=v1.1.0	manual curation	Spore
B.sD2F_2.XML	bacillus anthracis str. sterne	Spore	not applicable	not available	1	B.sD2F_2.XML	proteomic profiling by mass spectrometry	NT=Data-dependent acquisition;AC=PRIDE:0000627	NT=label free sample;AC=MS:1002038	NT=4800 plus maldi tof/tof;AC=MS:1000652	NT=Carbamidomethyl;AC=UNIMOD:4;TA=C;MT=Fixed	NT=Trypsin;AC=MS:1001251	not available	sds page	1	1	B.sD2F_2.XML	ftp://ftp.pride.ebi.ac.uk/pride/data/archive/2019/02/PXD002136/B.sD2F_2.XML	v1.1.0	NT=ms-proteomics;VV=v1.1.0	manual curation	Spore
B.sG3CD_2.XML	bacillus anthracis str. sterne	Spore	not applicable	not available	1	B.sG3CD_2.XML	proteomic profiling by mass spectrometry	NT=Data-dependent acquisition;AC=PRIDE:0000627	NT=label free sample;AC=MS:1002038	NT=4800 plus maldi tof/tof;AC=MS:1000652	NT=Carbamidomethyl;AC=UNIMOD:4;TA=C;MT=Fixed	NT=Trypsin;AC=MS:1001251	not available	sds page	1	1	B.sG3CD_2.XML	ftp://ftp.pride.ebi.ac.uk/pride/data/archive/2019/02/PXD002136/B.sG3CD_2.XML	v1.1.0	NT=ms-proteomics;VV=v1.1.0	manual curation	Spore
B.aD3E.XML	bacillus anthracis str. sterne	Spore	not applicable	not available	1	B.aD3E.XML	proteomic profiling by mass spectrometry	NT=Data-dependent acquisition;AC=PRIDE:0000627	NT=label free sample;AC=MS:1002038	NT=4800 plus maldi tof/tof;AC=MS:1000652	NT=Carbamidomethyl;AC=UNIMOD:4;TA=C;MT=Fixed	NT=Trypsin;AC=MS:1001251	not available	sds page	1	1	B.aD3E.XML	ftp://ftp.pride.ebi.ac.uk/pride/data/archive/2019/02/PXD002136/B.aD3E.XML	v1.1.0	NT=ms-proteomics;VV=v1.1.0	manual curation	Spore
B.sG3B.XML	bacillus anthracis str. sterne	Spore	not applicable	not available	1	B.sG3B.XML	proteomic profiling by mass spectrometry	NT=Data-dependent acquisition;AC=PRIDE:0000627	NT=label free sample;AC=MS:1002038	NT=4800 plus maldi tof/tof;AC=MS:1000652	NT=Carbamidomethyl;AC=UNIMOD:4;TA=C;MT=Fixed	NT=Trypsin;AC=MS:1001251	not available	sds page	1	1	B.sG3B.XML	ftp://ftp.pride.ebi.ac.uk/pride/data/archive/2019/02/PXD002136/B.sG3B.XML	v1.1.0	NT=ms-proteomics;VV=v1.1.0	manual curation	Spore
B.aG2A.XML	bacillus anthracis str. sterne	Spore	not applicable	not available	1	B.aG2A.XML	proteomic profiling by mass spectrometry	NT=Data-dependent acquisition;AC=PRIDE:0000627	NT=label free sample;AC=MS:1002038	NT=4800 plus maldi tof/tof;AC=MS:1000652	NT=Carbamidomethyl;AC=UNIMOD:4;TA=C;MT=Fixed	NT=Trypsin;AC=MS:1001251	not available	sds page	1	1	B.aG2A.XML	ftp://ftp.pride.ebi.ac.uk/pride/data/archive/2019/02/PXD002136/B.aG2A.XML	v1.1.0	NT=ms-proteomics;VV=v1.1.0	manual curation	Spore
B.sD1C.XML	bacillus anthracis str. sterne	Spore	not applicable	not available	1	B.sD1C.XML	proteomic profiling by mass spectrometry	NT=Data-dependent acquisition;AC=PRIDE:0000627	NT=label free sample;AC=MS:1002038	NT=4800 plus maldi tof/tof;AC=MS:1000652	NT=Carbamidomethyl;AC=UNIMOD:4;TA=C;MT=Fixed	NT=Trypsin;AC=MS:1001251	not available	sds page	1	1	B.sD1C.XML	ftp://ftp.pride.ebi.ac.uk/pride/data/archive/2019/02/PXD002136/B.sD1C.XML	v1.1.0	NT=ms-proteomics;VV=v1.1.0	manual curation	Spore
B.aD3B.XML	bacillus anthracis str. sterne	Spore	not applicable	not available	1	B.aD3B.XML	proteomic profiling by mass spectrometry	NT=Data-dependent acquisition;AC=PRIDE:0000627	NT=label free sample;AC=MS:1002038	NT=4800 plus maldi tof/tof;AC=MS:1000652	NT=Carbamidomethyl;AC=UNIMOD:4;TA=C;MT=Fixed	NT=Trypsin;AC=MS:1001251	not available	sds page	1	1	B.aD3B.XML	ftp://ftp.pride.ebi.ac.uk/pride/data/archive/2019/02/PXD002136/B.aD3B.XML	v1.1.0	NT=ms-proteomics;VV=v1.1.0	manual curation	Spore
B.sD1F.XML	bacillus anthracis str. sterne	Spore	not applicable	not available	1	B.sD1F.XML	proteomic profiling by mass spectrometry	NT=Data-dependent acquisition;AC=PRIDE:0000627	NT=label free sample;AC=MS:1002038	NT=4800 plus maldi tof/tof;AC=MS:1000652	NT=Carbamidomethyl;AC=UNIMOD:4;TA=C;MT=Fixed	NT=Trypsin;AC=MS:1001251	not available	sds page	1	1	B.sD1F.XML	ftp://ftp.pride.ebi.ac.uk/pride/data/archive/2019/02/PXD002136/B.sD1F.XML	v1.1.0	NT=ms-proteomics;VV=v1.1.0	manual curation	Spore
B.sD2J1_2.XML	bacillus anthracis str. sterne	Spore	not applicable	not available	1	B.sD2J1_2.XML	proteomic profiling by mass spectrometry	NT=Data-dependent acquisition;AC=PRIDE:0000627	NT=label free sample;AC=MS:1002038	NT=4800 plus maldi tof/tof;AC=MS:1000652	NT=Carbamidomethyl;AC=UNIMOD:4;TA=C;MT=Fixed	NT=Trypsin;AC=MS:1001251	not available	sds page	1	1	B.sD2J1_2.XML	ftp://ftp.pride.ebi.ac.uk/pride/data/archive/2019/02/PXD002136/B.sD2J1_2.XML	v1.1.0	NT=ms-proteomics;VV=v1.1.0	manual curation	Spore
B.sG1G_2.XML	bacillus anthracis str. sterne	Spore	not applicable	not available	1	B.sG1G_2.XML	proteomic profiling by mass spectrometry	NT=Data-dependent acquisition;AC=PRIDE:0000627	NT=label free sample;AC=MS:1002038	NT=4800 plus maldi tof/tof;AC=MS:1000652	NT=Carbamidomethyl;AC=UNIMOD:4;TA=C;MT=Fixed	NT=Trypsin;AC=MS:1001251	not available	sds page	1	1	B.sG1G_2.XML	ftp://ftp.pride.ebi.ac.uk/pride/data/archive/2019/02/PXD002136/B.sG1G_2.XML	v1.1.0	NT=ms-proteomics;VV=v1.1.0	manual curation	Spore
B.sG2E1_2.XML	bacillus anthracis str. sterne	Spore	not applicable	not available	1	B.sG2E1_2.XML	proteomic profiling by mass spectrometry	NT=Data-dependent acquisition;AC=PRIDE:0000627	NT=label free sample;AC=MS:1002038	NT=4800 plus maldi tof/tof;AC=MS:1000652	NT=Carbamidomethyl;AC=UNIMOD:4;TA=C;MT=Fixed	NT=Trypsin;AC=MS:1001251	not available	sds page	1	1	B.sG2E1_2.XML	ftp://ftp.pride.ebi.ac.uk/pride/data/archive/2019/02/PXD002136/B.sG2E1_2.XML	v1.1.0	NT=ms-proteomics;VV=v1.1.0	manual curation	Spore
B.sG1K_2.XML	bacillus anthracis str. sterne	Spore	not applicable	not available	1	B.sG1K_2.XML	proteomic profiling by mass spectrometry	NT=Data-dependent acquisition;AC=PRIDE:0000627	NT=label free sample;AC=MS:1002038	NT=4800 plus maldi tof/tof;AC=MS:1000652	NT=Carbamidomethyl;AC=UNIMOD:4;TA=C;MT=Fixed	NT=Trypsin;AC=MS:1001251	not available	sds page	1	1	B.sG1K_2.XML	ftp://ftp.pride.ebi.ac.uk/pride/data/archive/2019/02/PXD002136/B.sG1K_2.XML	v1.1.0	NT=ms-proteomics;VV=v1.1.0	manual curation	Spore
B.aG3J.XML	bacillus anthracis str. sterne	Spore	not applicable	not available	1	B.aG3J.XML	proteomic profiling by mass spectrometry	NT=Data-dependent acquisition;AC=PRIDE:0000627	NT=label free sample;AC=MS:1002038	NT=4800 plus maldi tof/tof;AC=MS:1000652	NT=Carbamidomethyl;AC=UNIMOD:4;TA=C;MT=Fixed	NT=Trypsin;AC=MS:1001251	not available	sds page	1	1	B.aG3J.XML	ftp://ftp.pride.ebi.ac.uk/pride/data/archive/2019/02/PXD002136/B.aG3J.XML	v1.1.0	NT=ms-proteomics;VV=v1.1.0	manual curation	Spore
B.sG2A_2.XML	bacillus anthracis str. sterne	Spore	not applicable	not available	1	B.sG2A_2.XML	proteomic profiling by mass spectrometry	NT=Data-dependent acquisition;AC=PRIDE:0000627	NT=label free sample;AC=MS:1002038	NT=4800 plus maldi tof/tof;AC=MS:1000652	NT=Carbamidomethyl;AC=UNIMOD:4;TA=C;MT=Fixed	NT=Trypsin;AC=MS:1001251	not available	sds page	1	1	B.sG2A_2.XML	ftp://ftp.pride.ebi.ac.uk/pride/data/archive/2019/02/PXD002136/B.sG2A_2.XML	v1.1.0	NT=ms-proteomics;VV=v1.1.0	manual curation	Spore
B.sD3K_2.XML	bacillus anthracis str. sterne	Spore	not applicable	not available	1	B.sD3K_2.XML	proteomic profiling by mass spectrometry	NT=Data-dependent acquisition;AC=PRIDE:0000627	NT=label free sample;AC=MS:1002038	NT=4800 plus maldi tof/tof;AC=MS:1000652	NT=Carbamidomethyl;AC=UNIMOD:4;TA=C;MT=Fixed	NT=Trypsin;AC=MS:1001251	not available	sds page	1	1	B.sD3K_2.XML	ftp://ftp.pride.ebi.ac.uk/pride/data/archive/2019/02/PXD002136/B.sD3K_2.XML	v1.1.0	NT=ms-proteomics;VV=v1.1.0	manual curation	Spore
B.aD3H.XML	bacillus anthracis str. sterne	Spore	not applicable	not available	1	B.aD3H.XML	proteomic profiling by mass spectrometry	NT=Data-dependent acquisition;AC=PRIDE:0000627	NT=label free sample;AC=MS:1002038	NT=4800 plus maldi tof/tof;AC=MS:1000652	NT=Carbamidomethyl;AC=UNIMOD:4;TA=C;MT=Fixed	NT=Trypsin;AC=MS:1001251	not available	sds page	1	1	B.aD3H.XML	ftp://ftp.pride.ebi.ac.uk/pride/data/archive/2019/02/PXD002136/B.aD3H.XML	v1.1.0	NT=ms-proteomics;VV=v1.1.0	manual curation	Spore
B.sD3B_2.XML	bacillus anthracis str. sterne	Spore	not applicable	not available	1	B.sD3B_2.XML	proteomic profiling by mass spectrometry	NT=Data-dependent acquisition;AC=PRIDE:0000627	NT=label free sample;AC=MS:1002038	NT=4800 plus maldi tof/tof;AC=MS:1000652	NT=Carbamidomethyl;AC=UNIMOD:4;TA=C;MT=Fixed	NT=Trypsin;AC=MS:1001251	not available	sds page	1	1	B.sD3B_2.XML	ftp://ftp.pride.ebi.ac.uk/pride/data/archive/2019/02/PXD002136/B.sD3B_2.XML	v1.1.0	NT=ms-proteomics;VV=v1.1.0	manual curation	Spore
B.sD3B.XML	bacillus anthracis str. sterne	Spore	not applicable	not available	1	B.sD3B.XML	proteomic profiling by mass spectrometry	NT=Data-dependent acquisition;AC=PRIDE:0000627	NT=label free sample;AC=MS:1002038	NT=4800 plus maldi tof/tof;AC=MS:1000652	NT=Carbamidomethyl;AC=UNIMOD:4;TA=C;MT=Fixed	NT=Trypsin;AC=MS:1001251	not available	sds page	1	1	B.sD3B.XML	ftp://ftp.pride.ebi.ac.uk/pride/data/archive/2019/02/PXD002136/B.sD3B.XML	v1.1.0	NT=ms-proteomics;VV=v1.1.0	manual curation	Spore
B.aD2M.XML	bacillus anthracis str. sterne	Spore	not applicable	not available	1	B.aD2M.XML	proteomic profiling by mass spectrometry	NT=Data-dependent acquisition;AC=PRIDE:0000627	NT=label free sample;AC=MS:1002038	NT=4800 plus maldi tof/tof;AC=MS:1000652	NT=Carbamidomethyl;AC=UNIMOD:4;TA=C;MT=Fixed	NT=Trypsin;AC=MS:1001251	not available	sds page	1	1	B.aD2M.XML	ftp://ftp.pride.ebi.ac.uk/pride/data/archive/2019/02/PXD002136/B.aD2M.XML	v1.1.0	NT=ms-proteomics;VV=v1.1.0	manual curation	Spore
B.sD2H_2.XML	bacillus anthracis str. sterne	Spore	not applicable	not available	1	B.sD2H_2.XML	proteomic profiling by mass spectrometry	NT=Data-dependent acquisition;AC=PRIDE:0000627	NT=label free sample;AC=MS:1002038	NT=4800 plus maldi tof/tof;AC=MS:1000652	NT=Carbamidomethyl;AC=UNIMOD:4;TA=C;MT=Fixed	NT=Trypsin;AC=MS:1001251	not available	sds page	1	1	B.sD2H_2.XML	ftp://ftp.pride.ebi.ac.uk/pride/data/archive/2019/02/PXD002136/B.sD2H_2.XML	v1.1.0	NT=ms-proteomics;VV=v1.1.0	manual curation	Spore
B.sD3I.XML	bacillus anthracis str. sterne	Spore	not applicable	not available	1	B.sD3I.XML	proteomic profiling by mass spectrometry	NT=Data-dependent acquisition;AC=PRIDE:0000627	NT=label free sample;AC=MS:1002038	NT=4800 plus maldi tof/tof;AC=MS:1000652	NT=Carbamidomethyl;AC=UNIMOD:4;TA=C;MT=Fixed	NT=Trypsin;AC=MS:1001251	not available	sds page	1	1	B.sD3I.XML	ftp://ftp.pride.ebi.ac.uk/pride/data/archive/2019/02/PXD002136/B.sD3I.XML	v1.1.0	NT=ms-proteomics;VV=v1.1.0	manual curation	Spore
B.sD1B.XML	bacillus anthracis str. sterne	Spore	not applicable	not available	1	B.sD1B.XML	proteomic profiling by mass spectrometry	NT=Data-dependent acquisition;AC=PRIDE:0000627	NT=label free sample;AC=MS:1002038	NT=4800 plus maldi tof/tof;AC=MS:1000652	NT=Carbamidomethyl;AC=UNIMOD:4;TA=C;MT=Fixed	NT=Trypsin;AC=MS:1001251	not available	sds page	1	1	B.sD1B.XML	ftp://ftp.pride.ebi.ac.uk/pride/data/archive/2019/02/PXD002136/B.sD1B.XML	v1.1.0	NT=ms-proteomics;VV=v1.1.0	manual curation	Spore
B.sG1F_2.XML	bacillus anthracis str. sterne	Spore	not applicable	not available	1	B.sG1F_2.XML	proteomic profiling by mass spectrometry	NT=Data-dependent acquisition;AC=PRIDE:0000627	NT=label free sample;AC=MS:1002038	NT=4800 plus maldi tof/tof;AC=MS:1000652	NT=Carbamidomethyl;AC=UNIMOD:4;TA=C;MT=Fixed	NT=Trypsin;AC=MS:1001251	not available	sds page	1	1	B.sG1F_2.XML	ftp://ftp.pride.ebi.ac.uk/pride/data/archive/2019/02/PXD002136/B.sG1F_2.XML	v1.1.0	NT=ms-proteomics;VV=v1.1.0	manual curation	Spore
B.sD2J2_2.XML	bacillus anthracis str. sterne	Spore	not applicable	not available	1	B.sD2J2_2.XML	proteomic profiling by mass spectrometry	NT=Data-dependent acquisition;AC=PRIDE:0000627	NT=label free sample;AC=MS:1002038	NT=4800 plus maldi tof/tof;AC=MS:1000652	NT=Carbamidomethyl;AC=UNIMOD:4;TA=C;MT=Fixed	NT=Trypsin;AC=MS:1001251	not available	sds page	1	1	B.sD2J2_2.XML	ftp://ftp.pride.ebi.ac.uk/pride/data/archive/2019/02/PXD002136/B.sD2J2_2.XML	v1.1.0	NT=ms-proteomics;VV=v1.1.0	manual curation	Spore
B.sG1B_2.XML	bacillus anthracis str. sterne	Spore	not applicable	not available	1	B.sG1B_2.XML	proteomic profiling by mass spectrometry	NT=Data-dependent acquisition;AC=PRIDE:0000627	NT=label free sample;AC=MS:1002038	NT=4800 plus maldi tof/tof;AC=MS:1000652	NT=Carbamidomethyl;AC=UNIMOD:4;TA=C;MT=Fixed	NT=Trypsin;AC=MS:1001251	not available	sds page	1	1	B.sG1B_2.XML	ftp://ftp.pride.ebi.ac.uk/pride/data/archive/2019/02/PXD002136/B.sG1B_2.XML	v1.1.0	NT=ms-proteomics;VV=v1.1.0	manual curation	Spore
B.aG3C.XML	bacillus anthracis str. sterne	Spore	not applicable	not available	1	B.aG3C.XML	proteomic profiling by mass spectrometry	NT=Data-dependent acquisition;AC=PRIDE:0000627	NT=label free sample;AC=MS:1002038	NT=4800 plus maldi tof/tof;AC=MS:1000652	NT=Carbamidomethyl;AC=UNIMOD:4;TA=C;MT=Fixed	NT=Trypsin;AC=MS:1001251	not available	sds page	1	1	B.aG3C.XML	ftp://ftp.pride.ebi.ac.uk/pride/data/archive/2019/02/PXD002136/B.aG3C.XML	v1.1.0	NT=ms-proteomics;VV=v1.1.0	manual curation	Spore
B.sG2B_2.XML	bacillus anthracis str. sterne	Spore	not applicable	not available	1	B.sG2B_2.XML	proteomic profiling by mass spectrometry	NT=Data-dependent acquisition;AC=PRIDE:0000627	NT=label free sample;AC=MS:1002038	NT=4800 plus maldi tof/tof;AC=MS:1000652	NT=Carbamidomethyl;AC=UNIMOD:4;TA=C;MT=Fixed	NT=Trypsin;AC=MS:1001251	not available	sds page	1	1	B.sG2B_2.XML	ftp://ftp.pride.ebi.ac.uk/pride/data/archive/2019/02/PXD002136/B.sG2B_2.XML	v1.1.0	NT=ms-proteomics;VV=v1.1.0	manual curation	Spore
B.sD3F.XML	bacillus anthracis str. sterne	Spore	not applicable	not available	1	B.sD3F.XML	proteomic profiling by mass spectrometry	NT=Data-dependent acquisition;AC=PRIDE:0000627	NT=label free sample;AC=MS:1002038	NT=4800 plus maldi tof/tof;AC=MS:1000652	NT=Carbamidomethyl;AC=UNIMOD:4;TA=C;MT=Fixed	NT=Trypsin;AC=MS:1001251	not available	sds page	1	1	B.sD3F.XML	ftp://ftp.pride.ebi.ac.uk/pride/data/archive/2019/02/PXD002136/B.sD3F.XML	v1.1.0	NT=ms-proteomics;VV=v1.1.0	manual curation	Spore
B.aD3D.XML	bacillus anthracis str. sterne	Spore	not applicable	not available	1	B.aD3D.XML	proteomic profiling by mass spectrometry	NT=Data-dependent acquisition;AC=PRIDE:0000627	NT=label free sample;AC=MS:1002038	NT=4800 plus maldi tof/tof;AC=MS:1000652	NT=Carbamidomethyl;AC=UNIMOD:4;TA=C;MT=Fixed	NT=Trypsin;AC=MS:1001251	not available	sds page	1	1	B.aD3D.XML	ftp://ftp.pride.ebi.ac.uk/pride/data/archive/2019/02/PXD002136/B.aD3D.XML	v1.1.0	NT=ms-proteomics;VV=v1.1.0	manual curation	Spore
B.sD1CD_2.XML	bacillus anthracis str. sterne	Spore	not applicable	not available	1	B.sD1CD_2.XML	proteomic profiling by mass spectrometry	NT=Data-dependent acquisition;AC=PRIDE:0000627	NT=label free sample;AC=MS:1002038	NT=4800 plus maldi tof/tof;AC=MS:1000652	NT=Carbamidomethyl;AC=UNIMOD:4;TA=C;MT=Fixed	NT=Trypsin;AC=MS:1001251	not available	sds page	1	1	B.sD1CD_2.XML	ftp://ftp.pride.ebi.ac.uk/pride/data/archive/2019/02/PXD002136/B.sD1CD_2.XML	v1.1.0	NT=ms-proteomics;VV=v1.1.0	manual curation	Spore
B.sG3F_2.XML	bacillus anthracis str. sterne	Spore	not applicable	not available	1	B.sG3F_2.XML	proteomic profiling by mass spectrometry	NT=Data-dependent acquisition;AC=PRIDE:0000627	NT=label free sample;AC=MS:1002038	NT=4800 plus maldi tof/tof;AC=MS:1000652	NT=Carbamidomethyl;AC=UNIMOD:4;TA=C;MT=Fixed	NT=Trypsin;AC=MS:1001251	not available	sds page	1	1	B.sG3F_2.XML	ftp://ftp.pride.ebi.ac.uk/pride/data/archive/2019/02/PXD002136/B.sG3F_2.XML	v1.1.0	NT=ms-proteomics;VV=v1.1.0	manual curation	Spore
B.sG1C.XML	bacillus anthracis str. sterne	Spore	not applicable	not available	1	B.sG1C.XML	proteomic profiling by mass spectrometry	NT=Data-dependent acquisition;AC=PRIDE:0000627	NT=label free sample;AC=MS:1002038	NT=4800 plus maldi tof/tof;AC=MS:1000652	NT=Carbamidomethyl;AC=UNIMOD:4;TA=C;MT=Fixed	NT=Trypsin;AC=MS:1001251	not available	sds page	1	1	B.sG1C.XML	ftp://ftp.pride.ebi.ac.uk/pride/data/archive/2019/02/PXD002136/B.sG1C.XML	v1.1.0	NT=ms-proteomics;VV=v1.1.0	manual curation	Spore
B.aG2C.XML	bacillus anthracis str. sterne	Spore	not applicable	not available	1	B.aG2C.XML	proteomic profiling by mass spectrometry	NT=Data-dependent acquisition;AC=PRIDE:0000627	NT=label free sample;AC=MS:1002038	NT=4800 plus maldi tof/tof;AC=MS:1000652	NT=Carbamidomethyl;AC=UNIMOD:4;TA=C;MT=Fixed	NT=Trypsin;AC=MS:1001251	not available	sds page	1	1	B.aG2C.XML	ftp://ftp.pride.ebi.ac.uk/pride/data/archive/2019/02/PXD002136/B.aG2C.XML	v1.1.0	NT=ms-proteomics;VV=v1.1.0	manual curation	Spore
B.sG1A.XML	bacillus anthracis str. sterne	Spore	not applicable	not available	1	B.sG1A.XML	proteomic profiling by mass spectrometry	NT=Data-dependent acquisition;AC=PRIDE:0000627	NT=label free sample;AC=MS:1002038	NT=4800 plus maldi tof/tof;AC=MS:1000652	NT=Carbamidomethyl;AC=UNIMOD:4;TA=C;MT=Fixed	NT=Trypsin;AC=MS:1001251	not available	sds page	1	1	B.sG1A.XML	ftp://ftp.pride.ebi.ac.uk/pride/data/archive/2019/02/PXD002136/B.sG1A.XML	v1.1.0	NT=ms-proteomics;VV=v1.1.0	manual curation	Spore
B.aG1J.XML	bacillus anthracis str. sterne	Spore	not applicable	not available	1	B.aG1J.XML	proteomic profiling by mass spectrometry	NT=Data-dependent acquisition;AC=PRIDE:0000627	NT=label free sample;AC=MS:1002038	NT=4800 plus maldi tof/tof;AC=MS:1000652	NT=Carbamidomethyl;AC=UNIMOD:4;TA=C;MT=Fixed	NT=Trypsin;AC=MS:1001251	not available	sds page	1	1	B.aG1J.XML	ftp://ftp.pride.ebi.ac.uk/pride/data/archive/2019/02/PXD002136/B.aG1J.XML	v1.1.0	NT=ms-proteomics;VV=v1.1.0	manual curation	Spore
B.aG3B.XML	bacillus anthracis str. sterne	Spore	not applicable	not available	1	B.aG3B.XML	proteomic profiling by mass spectrometry	NT=Data-dependent acquisition;AC=PRIDE:0000627	NT=label free sample;AC=MS:1002038	NT=4800 plus maldi tof/tof;AC=MS:1000652	NT=Carbamidomethyl;AC=UNIMOD:4;TA=C;MT=Fixed	NT=Trypsin;AC=MS:1001251	not available	sds page	1	1	B.aG3B.XML	ftp://ftp.pride.ebi.ac.uk/pride/data/archive/2019/02/PXD002136/B.aG3B.XML	v1.1.0	NT=ms-proteomics;VV=v1.1.0	manual curation	Spore
B.sG1A_2.XML	bacillus anthracis str. sterne	Spore	not applicable	not available	1	B.sG1A_2.XML	proteomic profiling by mass spectrometry	NT=Data-dependent acquisition;AC=PRIDE:0000627	NT=label free sample;AC=MS:1002038	NT=4800 plus maldi tof/tof;AC=MS:1000652	NT=Carbamidomethyl;AC=UNIMOD:4;TA=C;MT=Fixed	NT=Trypsin;AC=MS:1001251	not available	sds page	1	1	B.sG1A_2.XML	ftp://ftp.pride.ebi.ac.uk/pride/data/archive/2019/02/PXD002136/B.sG1A_2.XML	v1.1.0	NT=ms-proteomics;VV=v1.1.0	manual curation	Spore
B.aG1H.XML	bacillus anthracis str. sterne	Spore	not applicable	not available	1	B.aG1H.XML	proteomic profiling by mass spectrometry	NT=Data-dependent acquisition;AC=PRIDE:0000627	NT=label free sample;AC=MS:1002038	NT=4800 plus maldi tof/tof;AC=MS:1000652	NT=Carbamidomethyl;AC=UNIMOD:4;TA=C;MT=Fixed	NT=Trypsin;AC=MS:1001251	not available	sds page	1	1	B.aG1H.XML	ftp://ftp.pride.ebi.ac.uk/pride/data/archive/2019/02/PXD002136/B.aG1H.XML	v1.1.0	NT=ms-proteomics;VV=v1.1.0	manual curation	Spore
B.aD3C.XML	bacillus anthracis str. sterne	Spore	not applicable	not available	1	B.aD3C.XML	proteomic profiling by mass spectrometry	NT=Data-dependent acquisition;AC=PRIDE:0000627	NT=label free sample;AC=MS:1002038	NT=4800 plus maldi tof/tof;AC=MS:1000652	NT=Carbamidomethyl;AC=UNIMOD:4;TA=C;MT=Fixed	NT=Trypsin;AC=MS:1001251	not available	sds page	1	1	B.aD3C.XML	ftp://ftp.pride.ebi.ac.uk/pride/data/archive/2019/02/PXD002136/B.aD3C.XML	v1.1.0	NT=ms-proteomics;VV=v1.1.0	manual curation	Spore
B.aG3F.XML	bacillus anthracis str. sterne	Spore	not applicable	not available	1	B.aG3F.XML	proteomic profiling by mass spectrometry	NT=Data-dependent acquisition;AC=PRIDE:0000627	NT=label free sample;AC=MS:1002038	NT=4800 plus maldi tof/tof;AC=MS:1000652	NT=Carbamidomethyl;AC=UNIMOD:4;TA=C;MT=Fixed	NT=Trypsin;AC=MS:1001251	not available	sds page	1	1	B.aG3F.XML	ftp://ftp.pride.ebi.ac.uk/pride/data/archive/2019/02/PXD002136/B.aG3F.XML	v1.1.0	NT=ms-proteomics;VV=v1.1.0	manual curation	Spore
B.sG2CD_2.XML	bacillus anthracis str. sterne	Spore	not applicable	not available	1	B.sG2CD_2.XML	proteomic profiling by mass spectrometry	NT=Data-dependent acquisition;AC=PRIDE:0000627	NT=label free sample;AC=MS:1002038	NT=4800 plus maldi tof/tof;AC=MS:1000652	NT=Carbamidomethyl;AC=UNIMOD:4;TA=C;MT=Fixed	NT=Trypsin;AC=MS:1001251	not available	sds page	1	1	B.sG2CD_2.XML	ftp://ftp.pride.ebi.ac.uk/pride/data/archive/2019/02/PXD002136/B.sG2CD_2.XML	v1.1.0	NT=ms-proteomics;VV=v1.1.0	manual curation	Spore
B.sG3B_2.XML	bacillus anthracis str. sterne	Spore	not applicable	not available	1	B.sG3B_2.XML	proteomic profiling by mass spectrometry	NT=Data-dependent acquisition;AC=PRIDE:0000627	NT=label free sample;AC=MS:1002038	NT=4800 plus maldi tof/tof;AC=MS:1000652	NT=Carbamidomethyl;AC=UNIMOD:4;TA=C;MT=Fixed	NT=Trypsin;AC=MS:1001251	not available	sds page	1	1	B.sG3B_2.XML	ftp://ftp.pride.ebi.ac.uk/pride/data/archive/2019/02/PXD002136/B.sG3B_2.XML	v1.1.0	NT=ms-proteomics;VV=v1.1.0	manual curation	Spore
B.aD3J.XML	bacillus anthracis str. sterne	Spore	not applicable	not available	1	B.aD3J.XML	proteomic profiling by mass spectrometry	NT=Data-dependent acquisition;AC=PRIDE:0000627	NT=label free sample;AC=MS:1002038	NT=4800 plus maldi tof/tof;AC=MS:1000652	NT=Carbamidomethyl;AC=UNIMOD:4;TA=C;MT=Fixed	NT=Trypsin;AC=MS:1001251	not available	sds page	1	1	B.aD3J.XML	ftp://ftp.pride.ebi.ac.uk/pride/data/archive/2019/02/PXD002136/B.aD3J.XML	v1.1.0	NT=ms-proteomics;VV=v1.1.0	manual curation	Spore
B.sD1E1_2.XML	bacillus anthracis str. sterne	Spore	not applicable	not available	1	B.sD1E1_2.XML	proteomic profiling by mass spectrometry	NT=Data-dependent acquisition;AC=PRIDE:0000627	NT=label free sample;AC=MS:1002038	NT=4800 plus maldi tof/tof;AC=MS:1000652	NT=Carbamidomethyl;AC=UNIMOD:4;TA=C;MT=Fixed	NT=Trypsin;AC=MS:1001251	not available	sds page	1	1	B.sD1E1_2.XML	ftp://ftp.pride.ebi.ac.uk/pride/data/archive/2019/02/PXD002136/B.sD1E1_2.XML	v1.1.0	NT=ms-proteomics;VV=v1.1.0	manual curation	Spore
B.sG3J.XML	bacillus anthracis str. sterne	Spore	not applicable	not available	1	B.sG3J.XML	proteomic profiling by mass spectrometry	NT=Data-dependent acquisition;AC=PRIDE:0000627	NT=label free sample;AC=MS:1002038	NT=4800 plus maldi tof/tof;AC=MS:1000652	NT=Carbamidomethyl;AC=UNIMOD:4;TA=C;MT=Fixed	NT=Trypsin;AC=MS:1001251	not available	sds page	1	1	B.sG3J.XML	ftp://ftp.pride.ebi.ac.uk/pride/data/archive/2019/02/PXD002136/B.sG3J.XML	v1.1.0	NT=ms-proteomics;VV=v1.1.0	manual curation	Spore
B.sD3E.XML	bacillus anthracis str. sterne	Spore	not applicable	not available	1	B.sD3E.XML	proteomic profiling by mass spectrometry	NT=Data-dependent acquisition;AC=PRIDE:0000627	NT=label free sample;AC=MS:1002038	NT=4800 plus maldi tof/tof;AC=MS:1000652	NT=Carbamidomethyl;AC=UNIMOD:4;TA=C;MT=Fixed	NT=Trypsin;AC=MS:1001251	not available	sds page	1	1	B.sD3E.XML	ftp://ftp.pride.ebi.ac.uk/pride/data/archive/2019/02/PXD002136/B.sD3E.XML	v1.1.0	NT=ms-proteomics;VV=v1.1.0	manual curation	Spore
B.sD3E1_2.XML	bacillus anthracis str. sterne	Spore	not applicable	not available	1	B.sD3E1_2.XML	proteomic profiling by mass spectrometry	NT=Data-dependent acquisition;AC=PRIDE:0000627	NT=label free sample;AC=MS:1002038	NT=4800 plus maldi tof/tof;AC=MS:1000652	NT=Carbamidomethyl;AC=UNIMOD:4;TA=C;MT=Fixed	NT=Trypsin;AC=MS:1001251	not available	sds page	1	1	B.sD3E1_2.XML	ftp://ftp.pride.ebi.ac.uk/pride/data/archive/2019/02/PXD002136/B.sD3E1_2.XML	v1.1.0	NT=ms-proteomics;VV=v1.1.0	manual curation	Spore
B.aD2H.XML	bacillus anthracis str. sterne	Spore	not applicable	not available	1	B.aD2H.XML	proteomic profiling by mass spectrometry	NT=Data-dependent acquisition;AC=PRIDE:0000627	NT=label free sample;AC=MS:1002038	NT=4800 plus maldi tof/tof;AC=MS:1000652	NT=Carbamidomethyl;AC=UNIMOD:4;TA=C;MT=Fixed	NT=Trypsin;AC=MS:1001251	not available	sds page	1	1	B.aD2H.XML	ftp://ftp.pride.ebi.ac.uk/pride/data/archive/2019/02/PXD002136/B.aD2H.XML	v1.1.0	NT=ms-proteomics;VV=v1.1.0	manual curation	Spore
B.sD3F_2.XML	bacillus anthracis str. sterne	Spore	not applicable	not available	1	B.sD3F_2.XML	proteomic profiling by mass spectrometry	NT=Data-dependent acquisition;AC=PRIDE:0000627	NT=label free sample;AC=MS:1002038	NT=4800 plus maldi tof/tof;AC=MS:1000652	NT=Carbamidomethyl;AC=UNIMOD:4;TA=C;MT=Fixed	NT=Trypsin;AC=MS:1001251	not available	sds page	1	1	B.sD3F_2.XML	ftp://ftp.pride.ebi.ac.uk/pride/data/archive/2019/02/PXD002136/B.sD3F_2.XML	v1.1.0	NT=ms-proteomics;VV=v1.1.0	manual curation	Spore
B.aD1M.XML	bacillus anthracis str. sterne	Spore	not applicable	not available	1	B.aD1M.XML	proteomic profiling by mass spectrometry	NT=Data-dependent acquisition;AC=PRIDE:0000627	NT=label free sample;AC=MS:1002038	NT=4800 plus maldi tof/tof;AC=MS:1000652	NT=Carbamidomethyl;AC=UNIMOD:4;TA=C;MT=Fixed	NT=Trypsin;AC=MS:1001251	not available	sds page	1	1	B.aD1M.XML	ftp://ftp.pride.ebi.ac.uk/pride/data/archive/2019/02/PXD002136/B.aD1M.XML	v1.1.0	NT=ms-proteomics;VV=v1.1.0	manual curation	Spore
B.aD1C.XML	bacillus anthracis str. sterne	Spore	not applicable	not available	1	B.aD1C.XML	proteomic profiling by mass spectrometry	NT=Data-dependent acquisition;AC=PRIDE:0000627	NT=label free sample;AC=MS:1002038	NT=4800 plus maldi tof/tof;AC=MS:1000652	NT=Carbamidomethyl;AC=UNIMOD:4;TA=C;MT=Fixed	NT=Trypsin;AC=MS:1001251	not available	sds page	1	1	B.aD1C.XML	ftp://ftp.pride.ebi.ac.uk/pride/data/archive/2019/02/PXD002136/B.aD1C.XML	v1.1.0	NT=ms-proteomics;VV=v1.1.0	manual curation	Spore
B.sG2F.XML	bacillus anthracis str. sterne	Spore	not applicable	not available	1	B.sG2F.XML	proteomic profiling by mass spectrometry	NT=Data-dependent acquisition;AC=PRIDE:0000627	NT=label free sample;AC=MS:1002038	NT=4800 plus maldi tof/tof;AC=MS:1000652	NT=Carbamidomethyl;AC=UNIMOD:4;TA=C;MT=Fixed	NT=Trypsin;AC=MS:1001251	not available	sds page	1	1	B.sG2F.XML	ftp://ftp.pride.ebi.ac.uk/pride/data/archive/2019/02/PXD002136/B.sG2F.XML	v1.1.0	NT=ms-proteomics;VV=v1.1.0	manual curation	Spore
B.sG3I_2.XML	bacillus anthracis str. sterne	Spore	not applicable	not available	1	B.sG3I_2.XML	proteomic profiling by mass spectrometry	NT=Data-dependent acquisition;AC=PRIDE:0000627	NT=label free sample;AC=MS:1002038	NT=4800 plus maldi tof/tof;AC=MS:1000652	NT=Carbamidomethyl;AC=UNIMOD:4;TA=C;MT=Fixed	NT=Trypsin;AC=MS:1001251	not available	sds page	1	1	B.sG3I_2.XML	ftp://ftp.pride.ebi.ac.uk/pride/data/archive/2019/02/PXD002136/B.sG3I_2.XML	v1.1.0	NT=ms-proteomics;VV=v1.1.0	manual curation	Spore
B.aG1D.XML	bacillus anthracis str. sterne	Spore	not applicable	not available	1	B.aG1D.XML	proteomic profiling by mass spectrometry	NT=Data-dependent acquisition;AC=PRIDE:0000627	NT=label free sample;AC=MS:1002038	NT=4800 plus maldi tof/tof;AC=MS:1000652	NT=Carbamidomethyl;AC=UNIMOD:4;TA=C;MT=Fixed	NT=Trypsin;AC=MS:1001251	not available	sds page	1	1	B.aG1D.XML	ftp://ftp.pride.ebi.ac.uk/pride/data/archive/2019/02/PXD002136/B.aG1D.XML	v1.1.0	NT=ms-proteomics;VV=v1.1.0	manual curation	Spore
B.sD1I.XML	bacillus anthracis str. sterne	Spore	not applicable	not available	1	B.sD1I.XML	proteomic profiling by mass spectrometry	NT=Data-dependent acquisition;AC=PRIDE:0000627	NT=label free sample;AC=MS:1002038	NT=4800 plus maldi tof/tof;AC=MS:1000652	NT=Carbamidomethyl;AC=UNIMOD:4;TA=C;MT=Fixed	NT=Trypsin;AC=MS:1001251	not available	sds page	1	1	B.sD1I.XML	ftp://ftp.pride.ebi.ac.uk/pride/data/archive/2019/02/PXD002136/B.sD1I.XML	v1.1.0	NT=ms-proteomics;VV=v1.1.0	manual curation	Spore
B.aG1M.XML	bacillus anthracis str. sterne	Spore	not applicable	not available	1	B.aG1M.XML	proteomic profiling by mass spectrometry	NT=Data-dependent acquisition;AC=PRIDE:0000627	NT=label free sample;AC=MS:1002038	NT=4800 plus maldi tof/tof;AC=MS:1000652	NT=Carbamidomethyl;AC=UNIMOD:4;TA=C;MT=Fixed	NT=Trypsin;AC=MS:1001251	not available	sds page	1	1	B.aG1M.XML	ftp://ftp.pride.ebi.ac.uk/pride/data/archive/2019/02/PXD002136/B.aG1M.XML	v1.1.0	NT=ms-proteomics;VV=v1.1.0	manual curation	Spore
B.sD3H.XML	bacillus anthracis str. sterne	Spore	not applicable	not available	1	B.sD3H.XML	proteomic profiling by mass spectrometry	NT=Data-dependent acquisition;AC=PRIDE:0000627	NT=label free sample;AC=MS:1002038	NT=4800 plus maldi tof/tof;AC=MS:1000652	NT=Carbamidomethyl;AC=UNIMOD:4;TA=C;MT=Fixed	NT=Trypsin;AC=MS:1001251	not available	sds page	1	1	B.sD3H.XML	ftp://ftp.pride.ebi.ac.uk/pride/data/archive/2019/02/PXD002136/B.sD3H.XML	v1.1.0	NT=ms-proteomics;VV=v1.1.0	manual curation	Spore
B.sG2H.XML	bacillus anthracis str. sterne	Spore	not applicable	not available	1	B.sG2H.XML	proteomic profiling by mass spectrometry	NT=Data-dependent acquisition;AC=PRIDE:0000627	NT=label free sample;AC=MS:1002038	NT=4800 plus maldi tof/tof;AC=MS:1000652	NT=Carbamidomethyl;AC=UNIMOD:4;TA=C;MT=Fixed	NT=Trypsin;AC=MS:1001251	not available	sds page	1	1	B.sG2H.XML	ftp://ftp.pride.ebi.ac.uk/pride/data/archive/2019/02/PXD002136/B.sG2H.XML	v1.1.0	NT=ms-proteomics;VV=v1.1.0	manual curation	Spore
B.sG3J1_2.XML	bacillus anthracis str. sterne	Spore	not applicable	not available	1	B.sG3J1_2.XML	proteomic profiling by mass spectrometry	NT=Data-dependent acquisition;AC=PRIDE:0000627	NT=label free sample;AC=MS:1002038	NT=4800 plus maldi tof/tof;AC=MS:1000652	NT=Carbamidomethyl;AC=UNIMOD:4;TA=C;MT=Fixed	NT=Trypsin;AC=MS:1001251	not available	sds page	1	1	B.sG3J1_2.XML	ftp://ftp.pride.ebi.ac.uk/pride/data/archive/2019/02/PXD002136/B.sG3J1_2.XML	v1.1.0	NT=ms-proteomics;VV=v1.1.0	manual curation	Spore
B.aG1E.XML	bacillus anthracis str. sterne	Spore	not applicable	not available	1	B.aG1E.XML	proteomic profiling by mass spectrometry	NT=Data-dependent acquisition;AC=PRIDE:0000627	NT=label free sample;AC=MS:1002038	NT=4800 plus maldi tof/tof;AC=MS:1000652	NT=Carbamidomethyl;AC=UNIMOD:4;TA=C;MT=Fixed	NT=Trypsin;AC=MS:1001251	not available	sds page	1	1	B.aG1E.XML	ftp://ftp.pride.ebi.ac.uk/pride/data/archive/2019/02/PXD002136/B.aG1E.XML	v1.1.0	NT=ms-proteomics;VV=v1.1.0	manual curation	Spore
B.aD1A.XML	bacillus anthracis str. sterne	Spore	not applicable	not available	1	B.aD1A.XML	proteomic profiling by mass spectrometry	NT=Data-dependent acquisition;AC=PRIDE:0000627	NT=label free sample;AC=MS:1002038	NT=4800 plus maldi tof/tof;AC=MS:1000652	NT=Carbamidomethyl;AC=UNIMOD:4;TA=C;MT=Fixed	NT=Trypsin;AC=MS:1001251	not available	sds page	1	1	B.aD1A.XML	ftp://ftp.pride.ebi.ac.uk/pride/data/archive/2019/02/PXD002136/B.aD1A.XML	v1.1.0	NT=ms-proteomics;VV=v1.1.0	manual curation	Spore
B.aD1J.XML	bacillus anthracis str. sterne	Spore	not applicable	not available	1	B.aD1J.XML	proteomic profiling by mass spectrometry	NT=Data-dependent acquisition;AC=PRIDE:0000627	NT=label free sample;AC=MS:1002038	NT=4800 plus maldi tof/tof;AC=MS:1000652	NT=Carbamidomethyl;AC=UNIMOD:4;TA=C;MT=Fixed	NT=Trypsin;AC=MS:1001251	not available	sds page	1	1	B.aD1J.XML	ftp://ftp.pride.ebi.ac.uk/pride/data/archive/2019/02/PXD002136/B.aD1J.XML	v1.1.0	NT=ms-proteomics;VV=v1.1.0	manual curation	Spore
B.aD3M.XML	bacillus anthracis str. sterne	Spore	not applicable	not available	1	B.aD3M.XML	proteomic profiling by mass spectrometry	NT=Data-dependent acquisition;AC=PRIDE:0000627	NT=label free sample;AC=MS:1002038	NT=4800 plus maldi tof/tof;AC=MS:1000652	NT=Carbamidomethyl;AC=UNIMOD:4;TA=C;MT=Fixed	NT=Trypsin;AC=MS:1001251	not available	sds page	1	1	B.aD3M.XML	ftp://ftp.pride.ebi.ac.uk/pride/data/archive/2019/02/PXD002136/B.aD3M.XML	v1.1.0	NT=ms-proteomics;VV=v1.1.0	manual curation	Spore
B.sG2I.XML	bacillus anthracis str. sterne	Spore	not applicable	not available	1	B.sG2I.XML	proteomic profiling by mass spectrometry	NT=Data-dependent acquisition;AC=PRIDE:0000627	NT=label free sample;AC=MS:1002038	NT=4800 plus maldi tof/tof;AC=MS:1000652	NT=Carbamidomethyl;AC=UNIMOD:4;TA=C;MT=Fixed	NT=Trypsin;AC=MS:1001251	not available	sds page	1	1	B.sG2I.XML	ftp://ftp.pride.ebi.ac.uk/pride/data/archive/2019/02/PXD002136/B.sG2I.XML	v1.1.0	NT=ms-proteomics;VV=v1.1.0	manual curation	Spore
B.aD1H.XML	bacillus anthracis str. sterne	Spore	not applicable	not available	1	B.aD1H.XML	proteomic profiling by mass spectrometry	NT=Data-dependent acquisition;AC=PRIDE:0000627	NT=label free sample;AC=MS:1002038	NT=4800 plus maldi tof/tof;AC=MS:1000652	NT=Carbamidomethyl;AC=UNIMOD:4;TA=C;MT=Fixed	NT=Trypsin;AC=MS:1001251	not available	sds page	1	1	B.aD1H.XML	ftp://ftp.pride.ebi.ac.uk/pride/data/archive/2019/02/PXD002136/B.aD1H.XML	v1.1.0	NT=ms-proteomics;VV=v1.1.0	manual curation	Spore
B.sD1H_2.XML	bacillus anthracis str. sterne	Spore	not applicable	not available	1	B.sD1H_2.XML	proteomic profiling by mass spectrometry	NT=Data-dependent acquisition;AC=PRIDE:0000627	NT=label free sample;AC=MS:1002038	NT=4800 plus maldi tof/tof;AC=MS:1000652	NT=Carbamidomethyl;AC=UNIMOD:4;TA=C;MT=Fixed	NT=Trypsin;AC=MS:1001251	not available	sds page	1	1	B.sD1H_2.XML	ftp://ftp.pride.ebi.ac.uk/pride/data/archive/2019/02/PXD002136/B.sD1H_2.XML	v1.1.0	NT=ms-proteomics;VV=v1.1.0	manual curation	Spore
B.sG2I_2.XML	bacillus anthracis str. sterne	Spore	not applicable	not available	1	B.sG2I_2.XML	proteomic profiling by mass spectrometry	NT=Data-dependent acquisition;AC=PRIDE:0000627	NT=label free sample;AC=MS:1002038	NT=4800 plus maldi tof/tof;AC=MS:1000652	NT=Carbamidomethyl;AC=UNIMOD:4;TA=C;MT=Fixed	NT=Trypsin;AC=MS:1001251	not available	sds page	1	1	B.sG2I_2.XML	ftp://ftp.pride.ebi.ac.uk/pride/data/archive/2019/02/PXD002136/B.sG2I_2.XML	v1.1.0	NT=ms-proteomics;VV=v1.1.0	manual curation	Spore
B.sG1E.XML	bacillus anthracis str. sterne	Spore	not applicable	not available	1	B.sG1E.XML	proteomic profiling by mass spectrometry	NT=Data-dependent acquisition;AC=PRIDE:0000627	NT=label free sample;AC=MS:1002038	NT=4800 plus maldi tof/tof;AC=MS:1000652	NT=Carbamidomethyl;AC=UNIMOD:4;TA=C;MT=Fixed	NT=Trypsin;AC=MS:1001251	not available	sds page	1	1	B.sG1E.XML	ftp://ftp.pride.ebi.ac.uk/pride/data/archive/2019/02/PXD002136/B.sG1E.XML	v1.1.0	NT=ms-proteomics;VV=v1.1.0	manual curation	Spore
B.aG1K.XML	bacillus anthracis str. sterne	Spore	not applicable	not available	1	B.aG1K.XML	proteomic profiling by mass spectrometry	NT=Data-dependent acquisition;AC=PRIDE:0000627	NT=label free sample;AC=MS:1002038	NT=4800 plus maldi tof/tof;AC=MS:1000652	NT=Carbamidomethyl;AC=UNIMOD:4;TA=C;MT=Fixed	NT=Trypsin;AC=MS:1001251	not available	sds page	1	1	B.aG1K.XML	ftp://ftp.pride.ebi.ac.uk/pride/data/archive/2019/02/PXD002136/B.aG1K.XML	v1.1.0	NT=ms-proteomics;VV=v1.1.0	manual curation	Spore
B.aG3H.XML	bacillus anthracis str. sterne	Spore	not applicable	not available	1	B.aG3H.XML	proteomic profiling by mass spectrometry	NT=Data-dependent acquisition;AC=PRIDE:0000627	NT=label free sample;AC=MS:1002038	NT=4800 plus maldi tof/tof;AC=MS:1000652	NT=Carbamidomethyl;AC=UNIMOD:4;TA=C;MT=Fixed	NT=Trypsin;AC=MS:1001251	not available	sds page	1	1	B.aG3H.XML	ftp://ftp.pride.ebi.ac.uk/pride/data/archive/2019/02/PXD002136/B.aG3H.XML	v1.1.0	NT=ms-proteomics;VV=v1.1.0	manual curation	Spore
B.sD3L_2.XML	bacillus anthracis str. sterne	Spore	not applicable	not available	1	B.sD3L_2.XML	proteomic profiling by mass spectrometry	NT=Data-dependent acquisition;AC=PRIDE:0000627	NT=label free sample;AC=MS:1002038	NT=4800 plus maldi tof/tof;AC=MS:1000652	NT=Carbamidomethyl;AC=UNIMOD:4;TA=C;MT=Fixed	NT=Trypsin;AC=MS:1001251	not available	sds page	1	1	B.sD3L_2.XML	ftp://ftp.pride.ebi.ac.uk/pride/data/archive/2019/02/PXD002136/B.sD3L_2.XML	v1.1.0	NT=ms-proteomics;VV=v1.1.0	manual curation	Spore
B.aG2F.XML	bacillus anthracis str. sterne	Spore	not applicable	not available	1	B.aG2F.XML	proteomic profiling by mass spectrometry	NT=Data-dependent acquisition;AC=PRIDE:0000627	NT=label free sample;AC=MS:1002038	NT=4800 plus maldi tof/tof;AC=MS:1000652	NT=Carbamidomethyl;AC=UNIMOD:4;TA=C;MT=Fixed	NT=Trypsin;AC=MS:1001251	not available	sds page	1	1	B.aG2F.XML	ftp://ftp.pride.ebi.ac.uk/pride/data/archive/2019/02/PXD002136/B.aG2F.XML	v1.1.0	NT=ms-proteomics;VV=v1.1.0	manual curation	Spore
B.aD2J.XML	bacillus anthracis str. sterne	Spore	not applicable	not available	1	B.aD2J.XML	proteomic profiling by mass spectrometry	NT=Data-dependent acquisition;AC=PRIDE:0000627	NT=label free sample;AC=MS:1002038	NT=4800 plus maldi tof/tof;AC=MS:1000652	NT=Carbamidomethyl;AC=UNIMOD:4;TA=C;MT=Fixed	NT=Trypsin;AC=MS:1001251	not available	sds page	1	1	B.aD2J.XML	ftp://ftp.pride.ebi.ac.uk/pride/data/archive/2019/02/PXD002136/B.aD2J.XML	v1.1.0	NT=ms-proteomics;VV=v1.1.0	manual curation	Spore
B.sG3K.XML	bacillus anthracis str. sterne	Spore	not applicable	not available	1	B.sG3K.XML	proteomic profiling by mass spectrometry	NT=Data-dependent acquisition;AC=PRIDE:0000627	NT=label free sample;AC=MS:1002038	NT=4800 plus maldi tof/tof;AC=MS:1000652	NT=Carbamidomethyl;AC=UNIMOD:4;TA=C;MT=Fixed	NT=Trypsin;AC=MS:1001251	not available	sds page	1	1	B.sG3K.XML	ftp://ftp.pride.ebi.ac.uk/pride/data/archive/2019/02/PXD002136/B.sG3K.XML	v1.1.0	NT=ms-proteomics;VV=v1.1.0	manual curation	Spore
B.sG1J2_2.XML	bacillus anthracis str. sterne	Spore	not applicable	not available	1	B.sG1J2_2.XML	proteomic profiling by mass spectrometry	NT=Data-dependent acquisition;AC=PRIDE:0000627	NT=label free sample;AC=MS:1002038	NT=4800 plus maldi tof/tof;AC=MS:1000652	NT=Carbamidomethyl;AC=UNIMOD:4;TA=C;MT=Fixed	NT=Trypsin;AC=MS:1001251	not available	sds page	1	1	B.sG1J2_2.XML	ftp://ftp.pride.ebi.ac.uk/pride/data/archive/2019/02/PXD002136/B.sG1J2_2.XML	v1.1.0	NT=ms-proteomics;VV=v1.1.0	manual curation	Spore
B.aD3L.XML	bacillus anthracis str. sterne	Spore	not applicable	not available	1	B.aD3L.XML	proteomic profiling by mass spectrometry	NT=Data-dependent acquisition;AC=PRIDE:0000627	NT=label free sample;AC=MS:1002038	NT=4800 plus maldi tof/tof;AC=MS:1000652	NT=Carbamidomethyl;AC=UNIMOD:4;TA=C;MT=Fixed	NT=Trypsin;AC=MS:1001251	not available	sds page	1	1	B.aD3L.XML	ftp://ftp.pride.ebi.ac.uk/pride/data/archive/2019/02/PXD002136/B.aD3L.XML	v1.1.0	NT=ms-proteomics;VV=v1.1.0	manual curation	Spore
B.aD1F.XML	bacillus anthracis str. sterne	Spore	not applicable	not available	1	B.aD1F.XML	proteomic profiling by mass spectrometry	NT=Data-dependent acquisition;AC=PRIDE:0000627	NT=label free sample;AC=MS:1002038	NT=4800 plus maldi tof/tof;AC=MS:1000652	NT=Carbamidomethyl;AC=UNIMOD:4;TA=C;MT=Fixed	NT=Trypsin;AC=MS:1001251	not available	sds page	1	1	B.aD1F.XML	ftp://ftp.pride.ebi.ac.uk/pride/data/archive/2019/02/PXD002136/B.aD1F.XML	v1.1.0	NT=ms-proteomics;VV=v1.1.0	manual curation	Spore
B.sG2F_2.XML	bacillus anthracis str. sterne	Spore	not applicable	not available	1	B.sG2F_2.XML	proteomic profiling by mass spectrometry	NT=Data-dependent acquisition;AC=PRIDE:0000627	NT=label free sample;AC=MS:1002038	NT=4800 plus maldi tof/tof;AC=MS:1000652	NT=Carbamidomethyl;AC=UNIMOD:4;TA=C;MT=Fixed	NT=Trypsin;AC=MS:1001251	not available	sds page	1	1	B.sG2F_2.XML	ftp://ftp.pride.ebi.ac.uk/pride/data/archive/2019/02/PXD002136/B.sG2F_2.XML	v1.1.0	NT=ms-proteomics;VV=v1.1.0	manual curation	Spore
B.sD3G.XML	bacillus anthracis str. sterne	Spore	not applicable	not available	1	B.sD3G.XML	proteomic profiling by mass spectrometry	NT=Data-dependent acquisition;AC=PRIDE:0000627	NT=label free sample;AC=MS:1002038	NT=4800 plus maldi tof/tof;AC=MS:1000652	NT=Carbamidomethyl;AC=UNIMOD:4;TA=C;MT=Fixed	NT=Trypsin;AC=MS:1001251	not available	sds page	1	1	B.sD3G.XML	ftp://ftp.pride.ebi.ac.uk/pride/data/archive/2019/02/PXD002136/B.sD3G.XML	v1.1.0	NT=ms-proteomics;VV=v1.1.0	manual curation	Spore
B.sD2G.XML	bacillus anthracis str. sterne	Spore	not applicable	not available	1	B.sD2G.XML	proteomic profiling by mass spectrometry	NT=Data-dependent acquisition;AC=PRIDE:0000627	NT=label free sample;AC=MS:1002038	NT=4800 plus maldi tof/tof;AC=MS:1000652	NT=Carbamidomethyl;AC=UNIMOD:4;TA=C;MT=Fixed	NT=Trypsin;AC=MS:1001251	not available	sds page	1	1	B.sD2G.XML	ftp://ftp.pride.ebi.ac.uk/pride/data/archive/2019/02/PXD002136/B.sD2G.XML	v1.1.0	NT=ms-proteomics;VV=v1.1.0	manual curation	Spore
B.sG2B.XML	bacillus anthracis str. sterne	Spore	not applicable	not available	1	B.sG2B.XML	proteomic profiling by mass spectrometry	NT=Data-dependent acquisition;AC=PRIDE:0000627	NT=label free sample;AC=MS:1002038	NT=4800 plus maldi tof/tof;AC=MS:1000652	NT=Carbamidomethyl;AC=UNIMOD:4;TA=C;MT=Fixed	NT=Trypsin;AC=MS:1001251	not available	sds page	1	1	B.sG2B.XML	ftp://ftp.pride.ebi.ac.uk/pride/data/archive/2019/02/PXD002136/B.sG2B.XML	v1.1.0	NT=ms-proteomics;VV=v1.1.0	manual curation	Spore
B.aG2L.XML	bacillus anthracis str. sterne	Spore	not applicable	not available	1	B.aG2L.XML	proteomic profiling by mass spectrometry	NT=Data-dependent acquisition;AC=PRIDE:0000627	NT=label free sample;AC=MS:1002038	NT=4800 plus maldi tof/tof;AC=MS:1000652	NT=Carbamidomethyl;AC=UNIMOD:4;TA=C;MT=Fixed	NT=Trypsin;AC=MS:1001251	not available	sds page	1	1	B.aG2L.XML	ftp://ftp.pride.ebi.ac.uk/pride/data/archive/2019/02/PXD002136/B.aG2L.XML	v1.1.0	NT=ms-proteomics;VV=v1.1.0	manual curation	Spore
B.sG1K.XML	bacillus anthracis str. sterne	Spore	not applicable	not available	1	B.sG1K.XML	proteomic profiling by mass spectrometry	NT=Data-dependent acquisition;AC=PRIDE:0000627	NT=label free sample;AC=MS:1002038	NT=4800 plus maldi tof/tof;AC=MS:1000652	NT=Carbamidomethyl;AC=UNIMOD:4;TA=C;MT=Fixed	NT=Trypsin;AC=MS:1001251	not available	sds page	1	1	B.sG1K.XML	ftp://ftp.pride.ebi.ac.uk/pride/data/archive/2019/02/PXD002136/B.sG1K.XML	v1.1.0	NT=ms-proteomics;VV=v1.1.0	manual curation	Spore
B.sG1F.XML	bacillus anthracis str. sterne	Spore	not applicable	not available	1	B.sG1F.XML	proteomic profiling by mass spectrometry	NT=Data-dependent acquisition;AC=PRIDE:0000627	NT=label free sample;AC=MS:1002038	NT=4800 plus maldi tof/tof;AC=MS:1000652	NT=Carbamidomethyl;AC=UNIMOD:4;TA=C;MT=Fixed	NT=Trypsin;AC=MS:1001251	not available	sds page	1	1	B.sG1F.XML	ftp://ftp.pride.ebi.ac.uk/pride/data/archive/2019/02/PXD002136/B.sG1F.XML	v1.1.0	NT=ms-proteomics;VV=v1.1.0	manual curation	Spore
B.aD2E.XML	bacillus anthracis str. sterne	Spore	not applicable	not available	1	B.aD2E.XML	proteomic profiling by mass spectrometry	NT=Data-dependent acquisition;AC=PRIDE:0000627	NT=label free sample;AC=MS:1002038	NT=4800 plus maldi tof/tof;AC=MS:1000652	NT=Carbamidomethyl;AC=UNIMOD:4;TA=C;MT=Fixed	NT=Trypsin;AC=MS:1001251	not available	sds page	1	1	B.aD2E.XML	ftp://ftp.pride.ebi.ac.uk/pride/data/archive/2019/02/PXD002136/B.aD2E.XML	v1.1.0	NT=ms-proteomics;VV=v1.1.0	manual curation	Spore
B.sD2F.XML	bacillus anthracis str. sterne	Spore	not applicable	not available	1	B.sD2F.XML	proteomic profiling by mass spectrometry	NT=Data-dependent acquisition;AC=PRIDE:0000627	NT=label free sample;AC=MS:1002038	NT=4800 plus maldi tof/tof;AC=MS:1000652	NT=Carbamidomethyl;AC=UNIMOD:4;TA=C;MT=Fixed	NT=Trypsin;AC=MS:1001251	not available	sds page	1	1	B.sD2F.XML	ftp://ftp.pride.ebi.ac.uk/pride/data/archive/2019/02/PXD002136/B.sD2F.XML	v1.1.0	NT=ms-proteomics;VV=v1.1.0	manual curation	Spore
B.aG3I.XML	bacillus anthracis str. sterne	Spore	not applicable	not available	1	B.aG3I.XML	proteomic profiling by mass spectrometry	NT=Data-dependent acquisition;AC=PRIDE:0000627	NT=label free sample;AC=MS:1002038	NT=4800 plus maldi tof/tof;AC=MS:1000652	NT=Carbamidomethyl;AC=UNIMOD:4;TA=C;MT=Fixed	NT=Trypsin;AC=MS:1001251	not available	sds page	1	1	B.aG3I.XML	ftp://ftp.pride.ebi.ac.uk/pride/data/archive/2019/02/PXD002136/B.aG3I.XML	v1.1.0	NT=ms-proteomics;VV=v1.1.0	manual curation	Spore
B.sG3E2_2.XML	bacillus anthracis str. sterne	Spore	not applicable	not available	1	B.sG3E2_2.XML	proteomic profiling by mass spectrometry	NT=Data-dependent acquisition;AC=PRIDE:0000627	NT=label free sample;AC=MS:1002038	NT=4800 plus maldi tof/tof;AC=MS:1000652	NT=Carbamidomethyl;AC=UNIMOD:4;TA=C;MT=Fixed	NT=Trypsin;AC=MS:1001251	not available	sds page	1	1	B.sG3E2_2.XML	ftp://ftp.pride.ebi.ac.uk/pride/data/archive/2019/02/PXD002136/B.sG3E2_2.XML	v1.1.0	NT=ms-proteomics;VV=v1.1.0	manual curation	Spore
B.sD1B_2.XML	bacillus anthracis str. sterne	Spore	not applicable	not available	1	B.sD1B_2.XML	proteomic profiling by mass spectrometry	NT=Data-dependent acquisition;AC=PRIDE:0000627	NT=label free sample;AC=MS:1002038	NT=4800 plus maldi tof/tof;AC=MS:1000652	NT=Carbamidomethyl;AC=UNIMOD:4;TA=C;MT=Fixed	NT=Trypsin;AC=MS:1001251	not available	sds page	1	1	B.sD1B_2.XML	ftp://ftp.pride.ebi.ac.uk/pride/data/archive/2019/02/PXD002136/B.sD1B_2.XML	v1.1.0	NT=ms-proteomics;VV=v1.1.0	manual curation	Spore
B.aD2C.XML	bacillus anthracis str. sterne	Spore	not applicable	not available	1	B.aD2C.XML	proteomic profiling by mass spectrometry	NT=Data-dependent acquisition;AC=PRIDE:0000627	NT=label free sample;AC=MS:1002038	NT=4800 plus maldi tof/tof;AC=MS:1000652	NT=Carbamidomethyl;AC=UNIMOD:4;TA=C;MT=Fixed	NT=Trypsin;AC=MS:1001251	not available	sds page	1	1	B.aD2C.XML	ftp://ftp.pride.ebi.ac.uk/pride/data/archive/2019/02/PXD002136/B.aD2C.XML	v1.1.0	NT=ms-proteomics;VV=v1.1.0	manual curation	Spore
B.sD2E2_2.XML	bacillus anthracis str. sterne	Spore	not applicable	not available	1	B.sD2E2_2.XML	proteomic profiling by mass spectrometry	NT=Data-dependent acquisition;AC=PRIDE:0000627	NT=label free sample;AC=MS:1002038	NT=4800 plus maldi tof/tof;AC=MS:1000652	NT=Carbamidomethyl;AC=UNIMOD:4;TA=C;MT=Fixed	NT=Trypsin;AC=MS:1001251	not available	sds page	1	1	B.sD2E2_2.XML	ftp://ftp.pride.ebi.ac.uk/pride/data/archive/2019/02/PXD002136/B.sD2E2_2.XML	v1.1.0	NT=ms-proteomics;VV=v1.1.0	manual curation	Spore
B.aD1B.XML	bacillus anthracis str. sterne	Spore	not applicable	not available	1	B.aD1B.XML	proteomic profiling by mass spectrometry	NT=Data-dependent acquisition;AC=PRIDE:0000627	NT=label free sample;AC=MS:1002038	NT=4800 plus maldi tof/tof;AC=MS:1000652	NT=Carbamidomethyl;AC=UNIMOD:4;TA=C;MT=Fixed	NT=Trypsin;AC=MS:1001251	not available	sds page	1	1	B.aD1B.XML	ftp://ftp.pride.ebi.ac.uk/pride/data/archive/2019/02/PXD002136/B.aD1B.XML	v1.1.0	NT=ms-proteomics;VV=v1.1.0	manual curation	Spore
B.aD2I.XML	bacillus anthracis str. sterne	Spore	not applicable	not available	1	B.aD2I.XML	proteomic profiling by mass spectrometry	NT=Data-dependent acquisition;AC=PRIDE:0000627	NT=label free sample;AC=MS:1002038	NT=4800 plus maldi tof/tof;AC=MS:1000652	NT=Carbamidomethyl;AC=UNIMOD:4;TA=C;MT=Fixed	NT=Trypsin;AC=MS:1001251	not available	sds page	1	1	B.aD2I.XML	ftp://ftp.pride.ebi.ac.uk/pride/data/archive/2019/02/PXD002136/B.aD2I.XML	v1.1.0	NT=ms-proteomics;VV=v1.1.0	manual curation	Spore
B.sD3C.XML	bacillus anthracis str. sterne	Spore	not applicable	not available	1	B.sD3C.XML	proteomic profiling by mass spectrometry	NT=Data-dependent acquisition;AC=PRIDE:0000627	NT=label free sample;AC=MS:1002038	NT=4800 plus maldi tof/tof;AC=MS:1000652	NT=Carbamidomethyl;AC=UNIMOD:4;TA=C;MT=Fixed	NT=Trypsin;AC=MS:1001251	not available	sds page	1	1	B.sD3C.XML	ftp://ftp.pride.ebi.ac.uk/pride/data/archive/2019/02/PXD002136/B.sD3C.XML	v1.1.0	NT=ms-proteomics;VV=v1.1.0	manual curation	Spore
B.aD3I.XML	bacillus anthracis str. sterne	Spore	not applicable	not available	1	B.aD3I.XML	proteomic profiling by mass spectrometry	NT=Data-dependent acquisition;AC=PRIDE:0000627	NT=label free sample;AC=MS:1002038	NT=4800 plus maldi tof/tof;AC=MS:1000652	NT=Carbamidomethyl;AC=UNIMOD:4;TA=C;MT=Fixed	NT=Trypsin;AC=MS:1001251	not available	sds page	1	1	B.aD3I.XML	ftp://ftp.pride.ebi.ac.uk/pride/data/archive/2019/02/PXD002136/B.aD3I.XML	v1.1.0	NT=ms-proteomics;VV=v1.1.0	manual curation	Spore
B.sD3E2_2.XML	bacillus anthracis str. sterne	Spore	not applicable	not available	1	B.sD3E2_2.XML	proteomic profiling by mass spectrometry	NT=Data-dependent acquisition;AC=PRIDE:0000627	NT=label free sample;AC=MS:1002038	NT=4800 plus maldi tof/tof;AC=MS:1000652	NT=Carbamidomethyl;AC=UNIMOD:4;TA=C;MT=Fixed	NT=Trypsin;AC=MS:1001251	not available	sds page	1	1	B.sD3E2_2.XML	ftp://ftp.pride.ebi.ac.uk/pride/data/archive/2019/02/PXD002136/B.sD3E2_2.XML	v1.1.0	NT=ms-proteomics;VV=v1.1.0	manual curation	Spore
B.sG1H_2.XML	bacillus anthracis str. sterne	Spore	not applicable	not available	1	B.sG1H_2.XML	proteomic profiling by mass spectrometry	NT=Data-dependent acquisition;AC=PRIDE:0000627	NT=label free sample;AC=MS:1002038	NT=4800 plus maldi tof/tof;AC=MS:1000652	NT=Carbamidomethyl;AC=UNIMOD:4;TA=C;MT=Fixed	NT=Trypsin;AC=MS:1001251	not available	sds page	1	1	B.sG1H_2.XML	ftp://ftp.pride.ebi.ac.uk/pride/data/archive/2019/02/PXD002136/B.sG1H_2.XML	v1.1.0	NT=ms-proteomics;VV=v1.1.0	manual curation	Spore
B.sD1I_2.XML	bacillus anthracis str. sterne	Spore	not applicable	not available	1	B.sD1I_2.XML	proteomic profiling by mass spectrometry	NT=Data-dependent acquisition;AC=PRIDE:0000627	NT=label free sample;AC=MS:1002038	NT=4800 plus maldi tof/tof;AC=MS:1000652	NT=Carbamidomethyl;AC=UNIMOD:4;TA=C;MT=Fixed	NT=Trypsin;AC=MS:1001251	not available	sds page	1	1	B.sD1I_2.XML	ftp://ftp.pride.ebi.ac.uk/pride/data/archive/2019/02/PXD002136/B.sD1I_2.XML	v1.1.0	NT=ms-proteomics;VV=v1.1.0	manual curation	Spore
B.aD1L.XML	bacillus anthracis str. sterne	Spore	not applicable	not available	1	B.aD1L.XML	proteomic profiling by mass spectrometry	NT=Data-dependent acquisition;AC=PRIDE:0000627	NT=label free sample;AC=MS:1002038	NT=4800 plus maldi tof/tof;AC=MS:1000652	NT=Carbamidomethyl;AC=UNIMOD:4;TA=C;MT=Fixed	NT=Trypsin;AC=MS:1001251	not available	sds page	1	1	B.aD1L.XML	ftp://ftp.pride.ebi.ac.uk/pride/data/archive/2019/02/PXD002136/B.aD1L.XML	v1.1.0	NT=ms-proteomics;VV=v1.1.0	manual curation	Spore
B.aG1B.XML	bacillus anthracis str. sterne	Spore	not applicable	not available	1	B.aG1B.XML	proteomic profiling by mass spectrometry	NT=Data-dependent acquisition;AC=PRIDE:0000627	NT=label free sample;AC=MS:1002038	NT=4800 plus maldi tof/tof;AC=MS:1000652	NT=Carbamidomethyl;AC=UNIMOD:4;TA=C;MT=Fixed	NT=Trypsin;AC=MS:1001251	not available	sds page	1	1	B.aG1B.XML	ftp://ftp.pride.ebi.ac.uk/pride/data/archive/2019/02/PXD002136/B.aG1B.XML	v1.1.0	NT=ms-proteomics;VV=v1.1.0	manual curation	Spore
B.aG3K.XML	bacillus anthracis str. sterne	Spore	not applicable	not available	1	B.aG3K.XML	proteomic profiling by mass spectrometry	NT=Data-dependent acquisition;AC=PRIDE:0000627	NT=label free sample;AC=MS:1002038	NT=4800 plus maldi tof/tof;AC=MS:1000652	NT=Carbamidomethyl;AC=UNIMOD:4;TA=C;MT=Fixed	NT=Trypsin;AC=MS:1001251	not available	sds page	1	1	B.aG3K.XML	ftp://ftp.pride.ebi.ac.uk/pride/data/archive/2019/02/PXD002136/B.aG3K.XML	v1.1.0	NT=ms-proteomics;VV=v1.1.0	manual curation	Spore
B.sD3K.XML	bacillus anthracis str. sterne	Spore	not applicable	not available	1	B.sD3K.XML	proteomic profiling by mass spectrometry	NT=Data-dependent acquisition;AC=PRIDE:0000627	NT=label free sample;AC=MS:1002038	NT=4800 plus maldi tof/tof;AC=MS:1000652	NT=Carbamidomethyl;AC=UNIMOD:4;TA=C;MT=Fixed	NT=Trypsin;AC=MS:1001251	not available	sds page	1	1	B.sD3K.XML	ftp://ftp.pride.ebi.ac.uk/pride/data/archive/2019/02/PXD002136/B.sD3K.XML	v1.1.0	NT=ms-proteomics;VV=v1.1.0	manual curation	Spore
B.sG3E1_2.XML	bacillus anthracis str. sterne	Spore	not applicable	not available	1	B.sG3E1_2.XML	proteomic profiling by mass spectrometry	NT=Data-dependent acquisition;AC=PRIDE:0000627	NT=label free sample;AC=MS:1002038	NT=4800 plus maldi tof/tof;AC=MS:1000652	NT=Carbamidomethyl;AC=UNIMOD:4;TA=C;MT=Fixed	NT=Trypsin;AC=MS:1001251	not available	sds page	1	1	B.sG3E1_2.XML	ftp://ftp.pride.ebi.ac.uk/pride/data/archive/2019/02/PXD002136/B.sG3E1_2.XML	v1.1.0	NT=ms-proteomics;VV=v1.1.0	manual curation	Spore
B.aG3D.XML	bacillus anthracis str. sterne	Spore	not applicable	not available	1	B.aG3D.XML	proteomic profiling by mass spectrometry	NT=Data-dependent acquisition;AC=PRIDE:0000627	NT=label free sample;AC=MS:1002038	NT=4800 plus maldi tof/tof;AC=MS:1000652	NT=Carbamidomethyl;AC=UNIMOD:4;TA=C;MT=Fixed	NT=Trypsin;AC=MS:1001251	not available	sds page	1	1	B.aG3D.XML	ftp://ftp.pride.ebi.ac.uk/pride/data/archive/2019/02/PXD002136/B.aG3D.XML	v1.1.0	NT=ms-proteomics;VV=v1.1.0	manual curation	Spore
B.aG2J.XML	bacillus anthracis str. sterne	Spore	not applicable	not available	1	B.aG2J.XML	proteomic profiling by mass spectrometry	NT=Data-dependent acquisition;AC=PRIDE:0000627	NT=label free sample;AC=MS:1002038	NT=4800 plus maldi tof/tof;AC=MS:1000652	NT=Carbamidomethyl;AC=UNIMOD:4;TA=C;MT=Fixed	NT=Trypsin;AC=MS:1001251	not available	sds page	1	1	B.aG2J.XML	ftp://ftp.pride.ebi.ac.uk/pride/data/archive/2019/02/PXD002136/B.aG2J.XML	v1.1.0	NT=ms-proteomics;VV=v1.1.0	manual curation	Spore
B.sG1H.XML	bacillus anthracis str. sterne	Spore	not applicable	not available	1	B.sG1H.XML	proteomic profiling by mass spectrometry	NT=Data-dependent acquisition;AC=PRIDE:0000627	NT=label free sample;AC=MS:1002038	NT=4800 plus maldi tof/tof;AC=MS:1000652	NT=Carbamidomethyl;AC=UNIMOD:4;TA=C;MT=Fixed	NT=Trypsin;AC=MS:1001251	not available	sds page	1	1	B.sG1H.XML	ftp://ftp.pride.ebi.ac.uk/pride/data/archive/2019/02/PXD002136/B.sG1H.XML	v1.1.0	NT=ms-proteomics;VV=v1.1.0	manual curation	Spore
B.sG1I.XML	bacillus anthracis str. sterne	Spore	not applicable	not available	1	B.sG1I.XML	proteomic profiling by mass spectrometry	NT=Data-dependent acquisition;AC=PRIDE:0000627	NT=label free sample;AC=MS:1002038	NT=4800 plus maldi tof/tof;AC=MS:1000652	NT=Carbamidomethyl;AC=UNIMOD:4;TA=C;MT=Fixed	NT=Trypsin;AC=MS:1001251	not available	sds page	1	1	B.sG1I.XML	ftp://ftp.pride.ebi.ac.uk/pride/data/archive/2019/02/PXD002136/B.sG1I.XML	v1.1.0	NT=ms-proteomics;VV=v1.1.0	manual curation	Spore
B.sD3J1_2.XML	bacillus anthracis str. sterne	Spore	not applicable	not available	1	B.sD3J1_2.XML	proteomic profiling by mass spectrometry	NT=Data-dependent acquisition;AC=PRIDE:0000627	NT=label free sample;AC=MS:1002038	NT=4800 plus maldi tof/tof;AC=MS:1000652	NT=Carbamidomethyl;AC=UNIMOD:4;TA=C;MT=Fixed	NT=Trypsin;AC=MS:1001251	not available	sds page	1	1	B.sD3J1_2.XML	ftp://ftp.pride.ebi.ac.uk/pride/data/archive/2019/02/PXD002136/B.sD3J1_2.XML	v1.1.0	NT=ms-proteomics;VV=v1.1.0	manual curation	Spore
B.sG3C.XML	bacillus anthracis str. sterne	Spore	not applicable	not available	1	B.sG3C.XML	proteomic profiling by mass spectrometry	NT=Data-dependent acquisition;AC=PRIDE:0000627	NT=label free sample;AC=MS:1002038	NT=4800 plus maldi tof/tof;AC=MS:1000652	NT=Carbamidomethyl;AC=UNIMOD:4;TA=C;MT=Fixed	NT=Trypsin;AC=MS:1001251	not available	sds page	1	1	B.sG3C.XML	ftp://ftp.pride.ebi.ac.uk/pride/data/archive/2019/02/PXD002136/B.sG3C.XML	v1.1.0	NT=ms-proteomics;VV=v1.1.0	manual curation	Spore
B.sG3H_2.XML	bacillus anthracis str. sterne	Spore	not applicable	not available	1	B.sG3H_2.XML	proteomic profiling by mass spectrometry	NT=Data-dependent acquisition;AC=PRIDE:0000627	NT=label free sample;AC=MS:1002038	NT=4800 plus maldi tof/tof;AC=MS:1000652	NT=Carbamidomethyl;AC=UNIMOD:4;TA=C;MT=Fixed	NT=Trypsin;AC=MS:1001251	not available	sds page	1	1	B.sG3H_2.XML	ftp://ftp.pride.ebi.ac.uk/pride/data/archive/2019/02/PXD002136/B.sG3H_2.XML	v1.1.0	NT=ms-proteomics;VV=v1.1.0	manual curation	Spore
B.aD1I.XML	bacillus anthracis str. sterne	Spore	not applicable	not available	1	B.aD1I.XML	proteomic profiling by mass spectrometry	NT=Data-dependent acquisition;AC=PRIDE:0000627	NT=label free sample;AC=MS:1002038	NT=4800 plus maldi tof/tof;AC=MS:1000652	NT=Carbamidomethyl;AC=UNIMOD:4;TA=C;MT=Fixed	NT=Trypsin;AC=MS:1001251	not available	sds page	1	1	B.aD1I.XML	ftp://ftp.pride.ebi.ac.uk/pride/data/archive/2019/02/PXD002136/B.aD1I.XML	v1.1.0	NT=ms-proteomics;VV=v1.1.0	manual curation	Spore
