source name	characteristics[organism]	characteristics[organism part]	characteristics[cell type]	characteristics[disease]	characteristics[developmental stage]	characteristics[biological replicate]	assay name	technology type	comment[proteomics data acquisition method]	comment[label]	comment[instrument]	comment[modification parameters]	comment[modification parameters]	comment[modification parameters]	comment[cleavage agent details]	comment[dissociation method]	comment[reduction reagent]	comment[fraction identifier]	comment[technical replicate]	comment[data file]	comment[file uri]	comment[sdrf version]	comment[sdrf template]	comment[sdrf template]	comment[sdrf annotation tool]	factor value[organism part]
oecf1-221228-GC3207-TMT7-SMA16-F3	homo sapiens	muscle	not applicable	spinal muscular atrophy	adult	1	oecf1-221228-GC3207-TMT7-SMA16-F3	proteomic profiling by mass spectrometry	NT=Data-dependent acquisition;AC=PRIDE:0000627	NT=isotope labeling;AC=PRIDE:0000310	NT=q exactive;AC=MS:1001911	NT=TMT6plex;AC=UNIMOD:737;TA=K;MT=Fixed	NT=Dimethyl;AC=UNIMOD:36;TA=K;MT=Variable	NT=Carbamidomethyl;AC=UNIMOD:4;TA=C;MT=Fixed	NT=Trypsin;AC=MS:1001251	not available	dithiothreitol (dtt)	3	1	oecf1-221228-GC3207-TMT7-SMA16-F3.raw	ftp://ftp.pride.ebi.ac.uk/pride/data/archive/2025/05/PXD054900/oecf1-221228-GC3207-TMT7-SMA16-F3.raw	v1.1.0	NT=ms-proteomics;VV=v1.1.0	NT=clinical-metadata;VV=v1.0.0	manual curation	muscle
oecf1-221115-GC3197-q-nC18-SMA07-06	homo sapiens	muscle	not applicable	spinal muscular atrophy	adult	6	oecf1-221115-GC3197-q-nC18-SMA07-06	proteomic profiling by mass spectrometry	NT=Data-dependent acquisition;AC=PRIDE:0000627	NT=isotope labeling;AC=PRIDE:0000310	NT=q exactive;AC=MS:1001911	NT=TMT6plex;AC=UNIMOD:737;TA=K;MT=Fixed	NT=Dimethyl;AC=UNIMOD:36;TA=K;MT=Variable	NT=Carbamidomethyl;AC=UNIMOD:4;TA=C;MT=Fixed	NT=Trypsin;AC=MS:1001251	not available	dithiothreitol (dtt)	1	1	oecf1-221115-GC3197-q-nC18-SMA07-06.raw	ftp://ftp.pride.ebi.ac.uk/pride/data/archive/2025/05/PXD054900/oecf1-221115-GC3197-q-nC18-SMA07-06.raw	v1.1.0	NT=ms-proteomics;VV=v1.1.0	NT=clinical-metadata;VV=v1.0.0	manual curation	muscle
oecf1-221115-GC3197-q-nC18-SMA21-06	homo sapiens	muscle	not applicable	spinal muscular atrophy	adult	6	oecf1-221115-GC3197-q-nC18-SMA21-06	proteomic profiling by mass spectrometry	NT=Data-dependent acquisition;AC=PRIDE:0000627	NT=isotope labeling;AC=PRIDE:0000310	NT=q exactive;AC=MS:1001911	NT=TMT6plex;AC=UNIMOD:737;TA=K;MT=Fixed	NT=Dimethyl;AC=UNIMOD:36;TA=K;MT=Variable	NT=Carbamidomethyl;AC=UNIMOD:4;TA=C;MT=Fixed	NT=Trypsin;AC=MS:1001251	not available	dithiothreitol (dtt)	1	1	oecf1-221115-GC3197-q-nC18-SMA21-06.raw	ftp://ftp.pride.ebi.ac.uk/pride/data/archive/2025/05/PXD054900/oecf1-221115-GC3197-q-nC18-SMA21-06.raw	v1.1.0	NT=ms-proteomics;VV=v1.1.0	NT=clinical-metadata;VV=v1.0.0	manual curation	muscle
oecf1-220830-GC3180-TMT7-SMA20-FTW	homo sapiens	muscle	not applicable	spinal muscular atrophy	adult	1	oecf1-220830-GC3180-TMT7-SMA20-FTW	proteomic profiling by mass spectrometry	NT=Data-dependent acquisition;AC=PRIDE:0000627	NT=isotope labeling;AC=PRIDE:0000310	NT=q exactive;AC=MS:1001911	NT=TMT6plex;AC=UNIMOD:737;TA=K;MT=Fixed	NT=Dimethyl;AC=UNIMOD:36;TA=K;MT=Variable	NT=Carbamidomethyl;AC=UNIMOD:4;TA=C;MT=Fixed	NT=Trypsin;AC=MS:1001251	not available	dithiothreitol (dtt)	1	1	oecf1-220830-GC3180-TMT7-SMA20-FTW.raw	ftp://ftp.pride.ebi.ac.uk/pride/data/archive/2025/05/PXD054900/oecf1-220830-GC3180-TMT7-SMA20-FTW.raw	v1.1.0	NT=ms-proteomics;VV=v1.1.0	NT=clinical-metadata;VV=v1.0.0	manual curation	muscle
oecf1-221025-GC3194-q-nC18-SMA02-06	homo sapiens	muscle	not applicable	spinal muscular atrophy	adult	6	oecf1-221025-GC3194-q-nC18-SMA02-06	proteomic profiling by mass spectrometry	NT=Data-dependent acquisition;AC=PRIDE:0000627	NT=isotope labeling;AC=PRIDE:0000310	NT=q exactive;AC=MS:1001911	NT=TMT6plex;AC=UNIMOD:737;TA=K;MT=Fixed	NT=Dimethyl;AC=UNIMOD:36;TA=K;MT=Variable	NT=Carbamidomethyl;AC=UNIMOD:4;TA=C;MT=Fixed	NT=Trypsin;AC=MS:1001251	not available	dithiothreitol (dtt)	1	1	oecf1-221025-GC3194-q-nC18-SMA02-06.raw	ftp://ftp.pride.ebi.ac.uk/pride/data/archive/2025/05/PXD054900/oecf1-221025-GC3194-q-nC18-SMA02-06.raw	v1.1.0	NT=ms-proteomics;VV=v1.1.0	NT=clinical-metadata;VV=v1.0.0	manual curation	muscle
oecf1-221210-GC3202-TMT7-SMA11-F1	homo sapiens	muscle	not applicable	spinal muscular atrophy	adult	1	oecf1-221210-GC3202-TMT7-SMA11-F1	proteomic profiling by mass spectrometry	NT=Data-dependent acquisition;AC=PRIDE:0000627	NT=isotope labeling;AC=PRIDE:0000310	NT=q exactive;AC=MS:1001911	NT=TMT6plex;AC=UNIMOD:737;TA=K;MT=Fixed	NT=Dimethyl;AC=UNIMOD:36;TA=K;MT=Variable	NT=Carbamidomethyl;AC=UNIMOD:4;TA=C;MT=Fixed	NT=Trypsin;AC=MS:1001251	not available	dithiothreitol (dtt)	1	1	oecf1-221210-GC3202-TMT7-SMA11-F1.raw	ftp://ftp.pride.ebi.ac.uk/pride/data/archive/2025/05/PXD054900/oecf1-221210-GC3202-TMT7-SMA11-F1.raw	v1.1.0	NT=ms-proteomics;VV=v1.1.0	NT=clinical-metadata;VV=v1.0.0	manual curation	muscle
oecf1-221228-GC3207-TMT7-SMA16-F7	homo sapiens	muscle	not applicable	spinal muscular atrophy	adult	1	oecf1-221228-GC3207-TMT7-SMA16-F7	proteomic profiling by mass spectrometry	NT=Data-dependent acquisition;AC=PRIDE:0000627	NT=isotope labeling;AC=PRIDE:0000310	NT=q exactive;AC=MS:1001911	NT=TMT6plex;AC=UNIMOD:737;TA=K;MT=Fixed	NT=Dimethyl;AC=UNIMOD:36;TA=K;MT=Variable	NT=Carbamidomethyl;AC=UNIMOD:4;TA=C;MT=Fixed	NT=Trypsin;AC=MS:1001251	not available	dithiothreitol (dtt)	7	1	oecf1-221228-GC3207-TMT7-SMA16-F7.raw	ftp://ftp.pride.ebi.ac.uk/pride/data/archive/2025/05/PXD054900/oecf1-221228-GC3207-TMT7-SMA16-F7.raw	v1.1.0	NT=ms-proteomics;VV=v1.1.0	NT=clinical-metadata;VV=v1.0.0	manual curation	muscle
oecf1-221228-GC3207-TMT7-SMA21-F3	homo sapiens	muscle	not applicable	spinal muscular atrophy	adult	1	oecf1-221228-GC3207-TMT7-SMA21-F3	proteomic profiling by mass spectrometry	NT=Data-dependent acquisition;AC=PRIDE:0000627	NT=isotope labeling;AC=PRIDE:0000310	NT=q exactive;AC=MS:1001911	NT=TMT6plex;AC=UNIMOD:737;TA=K;MT=Fixed	NT=Dimethyl;AC=UNIMOD:36;TA=K;MT=Variable	NT=Carbamidomethyl;AC=UNIMOD:4;TA=C;MT=Fixed	NT=Trypsin;AC=MS:1001251	not available	dithiothreitol (dtt)	3	1	oecf1-221228-GC3207-TMT7-SMA21-F3.raw	ftp://ftp.pride.ebi.ac.uk/pride/data/archive/2025/05/PXD054900/oecf1-221228-GC3207-TMT7-SMA21-F3.raw	v1.1.0	NT=ms-proteomics;VV=v1.1.0	NT=clinical-metadata;VV=v1.0.0	manual curation	muscle
oecf1-221210-GC3202-TMT7-SMA04-F7	homo sapiens	muscle	not applicable	spinal muscular atrophy	adult	1	oecf1-221210-GC3202-TMT7-SMA04-F7	proteomic profiling by mass spectrometry	NT=Data-dependent acquisition;AC=PRIDE:0000627	NT=isotope labeling;AC=PRIDE:0000310	NT=q exactive;AC=MS:1001911	NT=TMT6plex;AC=UNIMOD:737;TA=K;MT=Fixed	NT=Dimethyl;AC=UNIMOD:36;TA=K;MT=Variable	NT=Carbamidomethyl;AC=UNIMOD:4;TA=C;MT=Fixed	NT=Trypsin;AC=MS:1001251	not available	dithiothreitol (dtt)	7	1	oecf1-221210-GC3202-TMT7-SMA04-F7.raw	ftp://ftp.pride.ebi.ac.uk/pride/data/archive/2025/05/PXD054900/oecf1-221210-GC3202-TMT7-SMA04-F7.raw	v1.1.0	NT=ms-proteomics;VV=v1.1.0	NT=clinical-metadata;VV=v1.0.0	manual curation	muscle
oecf1-221024-GC3193-q-nC18-SMA03-08	homo sapiens	muscle	not applicable	spinal muscular atrophy	adult	8	oecf1-221024-GC3193-q-nC18-SMA03-08	proteomic profiling by mass spectrometry	NT=Data-dependent acquisition;AC=PRIDE:0000627	NT=isotope labeling;AC=PRIDE:0000310	NT=q exactive;AC=MS:1001911	NT=TMT6plex;AC=UNIMOD:737;TA=K;MT=Fixed	NT=Dimethyl;AC=UNIMOD:36;TA=K;MT=Variable	NT=Carbamidomethyl;AC=UNIMOD:4;TA=C;MT=Fixed	NT=Trypsin;AC=MS:1001251	not available	dithiothreitol (dtt)	1	1	oecf1-221024-GC3193-q-nC18-SMA03-08.raw	ftp://ftp.pride.ebi.ac.uk/pride/data/archive/2025/05/PXD054900/oecf1-221024-GC3193-q-nC18-SMA03-08.raw	v1.1.0	NT=ms-proteomics;VV=v1.1.0	NT=clinical-metadata;VV=v1.0.0	manual curation	muscle
oecf1-221216-GC3203-TMT7-SMA13-F8	homo sapiens	muscle	not applicable	spinal muscular atrophy	adult	1	oecf1-221216-GC3203-TMT7-SMA13-F8	proteomic profiling by mass spectrometry	NT=Data-dependent acquisition;AC=PRIDE:0000627	NT=isotope labeling;AC=PRIDE:0000310	NT=q exactive;AC=MS:1001911	NT=TMT6plex;AC=UNIMOD:737;TA=K;MT=Fixed	NT=Dimethyl;AC=UNIMOD:36;TA=K;MT=Variable	NT=Carbamidomethyl;AC=UNIMOD:4;TA=C;MT=Fixed	NT=Trypsin;AC=MS:1001251	not available	dithiothreitol (dtt)	8	1	oecf1-221216-GC3203-TMT7-SMA13-F8.raw	ftp://ftp.pride.ebi.ac.uk/pride/data/archive/2025/05/PXD054900/oecf1-221216-GC3203-TMT7-SMA13-F8.raw	v1.1.0	NT=ms-proteomics;VV=v1.1.0	NT=clinical-metadata;VV=v1.0.0	manual curation	muscle
oecf1-221204-GC3200-TMT7-SMA01-F5	homo sapiens	muscle	not applicable	spinal muscular atrophy	adult	1	oecf1-221204-GC3200-TMT7-SMA01-F5	proteomic profiling by mass spectrometry	NT=Data-dependent acquisition;AC=PRIDE:0000627	NT=isotope labeling;AC=PRIDE:0000310	NT=q exactive;AC=MS:1001911	NT=TMT6plex;AC=UNIMOD:737;TA=K;MT=Fixed	NT=Dimethyl;AC=UNIMOD:36;TA=K;MT=Variable	NT=Carbamidomethyl;AC=UNIMOD:4;TA=C;MT=Fixed	NT=Trypsin;AC=MS:1001251	not available	dithiothreitol (dtt)	5	1	oecf1-221204-GC3200-TMT7-SMA01-F5.raw	ftp://ftp.pride.ebi.ac.uk/pride/data/archive/2025/05/PXD054900/oecf1-221204-GC3200-TMT7-SMA01-F5.raw	v1.1.0	NT=ms-proteomics;VV=v1.1.0	NT=clinical-metadata;VV=v1.0.0	manual curation	muscle
oecf1-221206-GC3201-TMT7-SMA17-F1	homo sapiens	muscle	not applicable	spinal muscular atrophy	adult	1	oecf1-221206-GC3201-TMT7-SMA17-F1	proteomic profiling by mass spectrometry	NT=Data-dependent acquisition;AC=PRIDE:0000627	NT=isotope labeling;AC=PRIDE:0000310	NT=q exactive;AC=MS:1001911	NT=TMT6plex;AC=UNIMOD:737;TA=K;MT=Fixed	NT=Dimethyl;AC=UNIMOD:36;TA=K;MT=Variable	NT=Carbamidomethyl;AC=UNIMOD:4;TA=C;MT=Fixed	NT=Trypsin;AC=MS:1001251	not available	dithiothreitol (dtt)	1	1	oecf1-221206-GC3201-TMT7-SMA17-F1.raw	ftp://ftp.pride.ebi.ac.uk/pride/data/archive/2025/05/PXD054900/oecf1-221206-GC3201-TMT7-SMA17-F1.raw	v1.1.0	NT=ms-proteomics;VV=v1.1.0	NT=clinical-metadata;VV=v1.0.0	manual curation	muscle
oecf1-221206-GC3201-TMT7-SMA23-F7	homo sapiens	muscle	not applicable	spinal muscular atrophy	adult	1	oecf1-221206-GC3201-TMT7-SMA23-F7	proteomic profiling by mass spectrometry	NT=Data-dependent acquisition;AC=PRIDE:0000627	NT=isotope labeling;AC=PRIDE:0000310	NT=q exactive;AC=MS:1001911	NT=TMT6plex;AC=UNIMOD:737;TA=K;MT=Fixed	NT=Dimethyl;AC=UNIMOD:36;TA=K;MT=Variable	NT=Carbamidomethyl;AC=UNIMOD:4;TA=C;MT=Fixed	NT=Trypsin;AC=MS:1001251	not available	dithiothreitol (dtt)	7	1	oecf1-221206-GC3201-TMT7-SMA23-F7.raw	ftp://ftp.pride.ebi.ac.uk/pride/data/archive/2025/05/PXD054900/oecf1-221206-GC3201-TMT7-SMA23-F7.raw	v1.1.0	NT=ms-proteomics;VV=v1.1.0	NT=clinical-metadata;VV=v1.0.0	manual curation	muscle
oecf1-221206-GC3201-TMT7-SMA15-F5	homo sapiens	muscle	not applicable	spinal muscular atrophy	adult	1	oecf1-221206-GC3201-TMT7-SMA15-F5	proteomic profiling by mass spectrometry	NT=Data-dependent acquisition;AC=PRIDE:0000627	NT=isotope labeling;AC=PRIDE:0000310	NT=q exactive;AC=MS:1001911	NT=TMT6plex;AC=UNIMOD:737;TA=K;MT=Fixed	NT=Dimethyl;AC=UNIMOD:36;TA=K;MT=Variable	NT=Carbamidomethyl;AC=UNIMOD:4;TA=C;MT=Fixed	NT=Trypsin;AC=MS:1001251	not available	dithiothreitol (dtt)	5	1	oecf1-221206-GC3201-TMT7-SMA15-F5.raw	ftp://ftp.pride.ebi.ac.uk/pride/data/archive/2025/05/PXD054900/oecf1-221206-GC3201-TMT7-SMA15-F5.raw	v1.1.0	NT=ms-proteomics;VV=v1.1.0	NT=clinical-metadata;VV=v1.0.0	manual curation	muscle
oecf1-220830-GC3180-TMT7-SMA20-F3	homo sapiens	muscle	not applicable	spinal muscular atrophy	adult	1	oecf1-220830-GC3180-TMT7-SMA20-F3	proteomic profiling by mass spectrometry	NT=Data-dependent acquisition;AC=PRIDE:0000627	NT=isotope labeling;AC=PRIDE:0000310	NT=q exactive;AC=MS:1001911	NT=TMT6plex;AC=UNIMOD:737;TA=K;MT=Fixed	NT=Dimethyl;AC=UNIMOD:36;TA=K;MT=Variable	NT=Carbamidomethyl;AC=UNIMOD:4;TA=C;MT=Fixed	NT=Trypsin;AC=MS:1001251	not available	dithiothreitol (dtt)	3	1	oecf1-220830-GC3180-TMT7-SMA20-F3.raw	ftp://ftp.pride.ebi.ac.uk/pride/data/archive/2025/05/PXD054900/oecf1-220830-GC3180-TMT7-SMA20-F3.raw	v1.1.0	NT=ms-proteomics;VV=v1.1.0	NT=clinical-metadata;VV=v1.0.0	manual curation	muscle
oecf1-221115-GC3197-q-nC18-SMA07-10	homo sapiens	muscle	not applicable	spinal muscular atrophy	adult	10	oecf1-221115-GC3197-q-nC18-SMA07-10	proteomic profiling by mass spectrometry	NT=Data-dependent acquisition;AC=PRIDE:0000627	NT=isotope labeling;AC=PRIDE:0000310	NT=q exactive;AC=MS:1001911	NT=TMT6plex;AC=UNIMOD:737;TA=K;MT=Fixed	NT=Dimethyl;AC=UNIMOD:36;TA=K;MT=Variable	NT=Carbamidomethyl;AC=UNIMOD:4;TA=C;MT=Fixed	NT=Trypsin;AC=MS:1001251	not available	dithiothreitol (dtt)	1	1	oecf1-221115-GC3197-q-nC18-SMA07-10.raw	ftp://ftp.pride.ebi.ac.uk/pride/data/archive/2025/05/PXD054900/oecf1-221115-GC3197-q-nC18-SMA07-10.raw	v1.1.0	NT=ms-proteomics;VV=v1.1.0	NT=clinical-metadata;VV=v1.0.0	manual curation	muscle
oecf1-221210-GC3202-TMT7-SMA09-F3	homo sapiens	muscle	not applicable	spinal muscular atrophy	adult	1	oecf1-221210-GC3202-TMT7-SMA09-F3	proteomic profiling by mass spectrometry	NT=Data-dependent acquisition;AC=PRIDE:0000627	NT=isotope labeling;AC=PRIDE:0000310	NT=q exactive;AC=MS:1001911	NT=TMT6plex;AC=UNIMOD:737;TA=K;MT=Fixed	NT=Dimethyl;AC=UNIMOD:36;TA=K;MT=Variable	NT=Carbamidomethyl;AC=UNIMOD:4;TA=C;MT=Fixed	NT=Trypsin;AC=MS:1001251	not available	dithiothreitol (dtt)	3	1	oecf1-221210-GC3202-TMT7-SMA09-F3.raw	ftp://ftp.pride.ebi.ac.uk/pride/data/archive/2025/05/PXD054900/oecf1-221210-GC3202-TMT7-SMA09-F3.raw	v1.1.0	NT=ms-proteomics;VV=v1.1.0	NT=clinical-metadata;VV=v1.0.0	manual curation	muscle
oecf1-221210-GC3202-TMT7-SMA11-F7	homo sapiens	muscle	not applicable	spinal muscular atrophy	adult	1	oecf1-221210-GC3202-TMT7-SMA11-F7	proteomic profiling by mass spectrometry	NT=Data-dependent acquisition;AC=PRIDE:0000627	NT=isotope labeling;AC=PRIDE:0000310	NT=q exactive;AC=MS:1001911	NT=TMT6plex;AC=UNIMOD:737;TA=K;MT=Fixed	NT=Dimethyl;AC=UNIMOD:36;TA=K;MT=Variable	NT=Carbamidomethyl;AC=UNIMOD:4;TA=C;MT=Fixed	NT=Trypsin;AC=MS:1001251	not available	dithiothreitol (dtt)	7	1	oecf1-221210-GC3202-TMT7-SMA11-F7.raw	ftp://ftp.pride.ebi.ac.uk/pride/data/archive/2025/05/PXD054900/oecf1-221210-GC3202-TMT7-SMA11-F7.raw	v1.1.0	NT=ms-proteomics;VV=v1.1.0	NT=clinical-metadata;VV=v1.0.0	manual curation	muscle
oecf1-221025-GC3194-q-nC18-SMA01-06	homo sapiens	muscle	not applicable	spinal muscular atrophy	adult	6	oecf1-221025-GC3194-q-nC18-SMA01-06	proteomic profiling by mass spectrometry	NT=Data-dependent acquisition;AC=PRIDE:0000627	NT=isotope labeling;AC=PRIDE:0000310	NT=q exactive;AC=MS:1001911	NT=TMT6plex;AC=UNIMOD:737;TA=K;MT=Fixed	NT=Dimethyl;AC=UNIMOD:36;TA=K;MT=Variable	NT=Carbamidomethyl;AC=UNIMOD:4;TA=C;MT=Fixed	NT=Trypsin;AC=MS:1001251	not available	dithiothreitol (dtt)	1	1	oecf1-221025-GC3194-q-nC18-SMA01-06.raw	ftp://ftp.pride.ebi.ac.uk/pride/data/archive/2025/05/PXD054900/oecf1-221025-GC3194-q-nC18-SMA01-06.raw	v1.1.0	NT=ms-proteomics;VV=v1.1.0	NT=clinical-metadata;VV=v1.0.0	manual curation	muscle
oecf1-221222-GC3206-TMT7-SMA06-F8	homo sapiens	muscle	not applicable	spinal muscular atrophy	adult	1	oecf1-221222-GC3206-TMT7-SMA06-F8	proteomic profiling by mass spectrometry	NT=Data-dependent acquisition;AC=PRIDE:0000627	NT=isotope labeling;AC=PRIDE:0000310	NT=q exactive;AC=MS:1001911	NT=TMT6plex;AC=UNIMOD:737;TA=K;MT=Fixed	NT=Dimethyl;AC=UNIMOD:36;TA=K;MT=Variable	NT=Carbamidomethyl;AC=UNIMOD:4;TA=C;MT=Fixed	NT=Trypsin;AC=MS:1001251	not available	dithiothreitol (dtt)	8	1	oecf1-221222-GC3206-TMT7-SMA06-F8.raw	ftp://ftp.pride.ebi.ac.uk/pride/data/archive/2025/05/PXD054900/oecf1-221222-GC3206-TMT7-SMA06-F8.raw	v1.1.0	NT=ms-proteomics;VV=v1.1.0	NT=clinical-metadata;VV=v1.0.0	manual curation	muscle
oecf1-221222-GC3206-TMT7-SMA02-F2	homo sapiens	muscle	not applicable	spinal muscular atrophy	adult	1	oecf1-221222-GC3206-TMT7-SMA02-F2	proteomic profiling by mass spectrometry	NT=Data-dependent acquisition;AC=PRIDE:0000627	NT=isotope labeling;AC=PRIDE:0000310	NT=q exactive;AC=MS:1001911	NT=TMT6plex;AC=UNIMOD:737;TA=K;MT=Fixed	NT=Dimethyl;AC=UNIMOD:36;TA=K;MT=Variable	NT=Carbamidomethyl;AC=UNIMOD:4;TA=C;MT=Fixed	NT=Trypsin;AC=MS:1001251	not available	dithiothreitol (dtt)	2	1	oecf1-221222-GC3206-TMT7-SMA02-F2.raw	ftp://ftp.pride.ebi.ac.uk/pride/data/archive/2025/05/PXD054900/oecf1-221222-GC3206-TMT7-SMA02-F2.raw	v1.1.0	NT=ms-proteomics;VV=v1.1.0	NT=clinical-metadata;VV=v1.0.0	manual curation	muscle
oecf1-221210-GC3202-TMT7-SMA09-F8	homo sapiens	muscle	not applicable	spinal muscular atrophy	adult	1	oecf1-221210-GC3202-TMT7-SMA09-F8	proteomic profiling by mass spectrometry	NT=Data-dependent acquisition;AC=PRIDE:0000627	NT=isotope labeling;AC=PRIDE:0000310	NT=q exactive;AC=MS:1001911	NT=TMT6plex;AC=UNIMOD:737;TA=K;MT=Fixed	NT=Dimethyl;AC=UNIMOD:36;TA=K;MT=Variable	NT=Carbamidomethyl;AC=UNIMOD:4;TA=C;MT=Fixed	NT=Trypsin;AC=MS:1001251	not available	dithiothreitol (dtt)	8	1	oecf1-221210-GC3202-TMT7-SMA09-F8.raw	ftp://ftp.pride.ebi.ac.uk/pride/data/archive/2025/05/PXD054900/oecf1-221210-GC3202-TMT7-SMA09-F8.raw	v1.1.0	NT=ms-proteomics;VV=v1.1.0	NT=clinical-metadata;VV=v1.0.0	manual curation	muscle
oecf1-221228-GC3207-TMT7-SMA24-F8	homo sapiens	muscle	not applicable	spinal muscular atrophy	adult	1	oecf1-221228-GC3207-TMT7-SMA24-F8	proteomic profiling by mass spectrometry	NT=Data-dependent acquisition;AC=PRIDE:0000627	NT=isotope labeling;AC=PRIDE:0000310	NT=q exactive;AC=MS:1001911	NT=TMT6plex;AC=UNIMOD:737;TA=K;MT=Fixed	NT=Dimethyl;AC=UNIMOD:36;TA=K;MT=Variable	NT=Carbamidomethyl;AC=UNIMOD:4;TA=C;MT=Fixed	NT=Trypsin;AC=MS:1001251	not available	dithiothreitol (dtt)	8	1	oecf1-221228-GC3207-TMT7-SMA24-F8.raw	ftp://ftp.pride.ebi.ac.uk/pride/data/archive/2025/05/PXD054900/oecf1-221228-GC3207-TMT7-SMA24-F8.raw	v1.1.0	NT=ms-proteomics;VV=v1.1.0	NT=clinical-metadata;VV=v1.0.0	manual curation	muscle
oecf1-221204-GC3200-TMT7-SMA01-F3	homo sapiens	muscle	not applicable	spinal muscular atrophy	adult	1	oecf1-221204-GC3200-TMT7-SMA01-F3	proteomic profiling by mass spectrometry	NT=Data-dependent acquisition;AC=PRIDE:0000627	NT=isotope labeling;AC=PRIDE:0000310	NT=q exactive;AC=MS:1001911	NT=TMT6plex;AC=UNIMOD:737;TA=K;MT=Fixed	NT=Dimethyl;AC=UNIMOD:36;TA=K;MT=Variable	NT=Carbamidomethyl;AC=UNIMOD:4;TA=C;MT=Fixed	NT=Trypsin;AC=MS:1001251	not available	dithiothreitol (dtt)	3	1	oecf1-221204-GC3200-TMT7-SMA01-F3.raw	ftp://ftp.pride.ebi.ac.uk/pride/data/archive/2025/05/PXD054900/oecf1-221204-GC3200-TMT7-SMA01-F3.raw	v1.1.0	NT=ms-proteomics;VV=v1.1.0	NT=clinical-metadata;VV=v1.0.0	manual curation	muscle
oecf1-221206-GC3201-TMT7-SMA15-F7	homo sapiens	muscle	not applicable	spinal muscular atrophy	adult	1	oecf1-221206-GC3201-TMT7-SMA15-F7	proteomic profiling by mass spectrometry	NT=Data-dependent acquisition;AC=PRIDE:0000627	NT=isotope labeling;AC=PRIDE:0000310	NT=q exactive;AC=MS:1001911	NT=TMT6plex;AC=UNIMOD:737;TA=K;MT=Fixed	NT=Dimethyl;AC=UNIMOD:36;TA=K;MT=Variable	NT=Carbamidomethyl;AC=UNIMOD:4;TA=C;MT=Fixed	NT=Trypsin;AC=MS:1001251	not available	dithiothreitol (dtt)	7	1	oecf1-221206-GC3201-TMT7-SMA15-F7.raw	ftp://ftp.pride.ebi.ac.uk/pride/data/archive/2025/05/PXD054900/oecf1-221206-GC3201-TMT7-SMA15-F7.raw	v1.1.0	NT=ms-proteomics;VV=v1.1.0	NT=clinical-metadata;VV=v1.0.0	manual curation	muscle
oecf1-221228-GC3207-TMT7-SMA16-F6	homo sapiens	muscle	not applicable	spinal muscular atrophy	adult	1	oecf1-221228-GC3207-TMT7-SMA16-F6	proteomic profiling by mass spectrometry	NT=Data-dependent acquisition;AC=PRIDE:0000627	NT=isotope labeling;AC=PRIDE:0000310	NT=q exactive;AC=MS:1001911	NT=TMT6plex;AC=UNIMOD:737;TA=K;MT=Fixed	NT=Dimethyl;AC=UNIMOD:36;TA=K;MT=Variable	NT=Carbamidomethyl;AC=UNIMOD:4;TA=C;MT=Fixed	NT=Trypsin;AC=MS:1001251	not available	dithiothreitol (dtt)	6	1	oecf1-221228-GC3207-TMT7-SMA16-F6.raw	ftp://ftp.pride.ebi.ac.uk/pride/data/archive/2025/05/PXD054900/oecf1-221228-GC3207-TMT7-SMA16-F6.raw	v1.1.0	NT=ms-proteomics;VV=v1.1.0	NT=clinical-metadata;VV=v1.0.0	manual curation	muscle
oecf1-221114-GC3196-q-nC18-SMA12-12	homo sapiens	muscle	not applicable	spinal muscular atrophy	adult	12	oecf1-221114-GC3196-q-nC18-SMA12-12	proteomic profiling by mass spectrometry	NT=Data-dependent acquisition;AC=PRIDE:0000627	NT=isotope labeling;AC=PRIDE:0000310	NT=q exactive;AC=MS:1001911	NT=TMT6plex;AC=UNIMOD:737;TA=K;MT=Fixed	NT=Dimethyl;AC=UNIMOD:36;TA=K;MT=Variable	NT=Carbamidomethyl;AC=UNIMOD:4;TA=C;MT=Fixed	NT=Trypsin;AC=MS:1001251	not available	dithiothreitol (dtt)	1	1	oecf1-221114-GC3196-q-nC18-SMA12-12.raw	ftp://ftp.pride.ebi.ac.uk/pride/data/archive/2025/05/PXD054900/oecf1-221114-GC3196-q-nC18-SMA12-12.raw	v1.1.0	NT=ms-proteomics;VV=v1.1.0	NT=clinical-metadata;VV=v1.0.0	manual curation	muscle
oecf1-221222-GC3206-TMT7-SMA08-F8	homo sapiens	muscle	not applicable	spinal muscular atrophy	adult	1	oecf1-221222-GC3206-TMT7-SMA08-F8	proteomic profiling by mass spectrometry	NT=Data-dependent acquisition;AC=PRIDE:0000627	NT=isotope labeling;AC=PRIDE:0000310	NT=q exactive;AC=MS:1001911	NT=TMT6plex;AC=UNIMOD:737;TA=K;MT=Fixed	NT=Dimethyl;AC=UNIMOD:36;TA=K;MT=Variable	NT=Carbamidomethyl;AC=UNIMOD:4;TA=C;MT=Fixed	NT=Trypsin;AC=MS:1001251	not available	dithiothreitol (dtt)	8	1	oecf1-221222-GC3206-TMT7-SMA08-F8.raw	ftp://ftp.pride.ebi.ac.uk/pride/data/archive/2025/05/PXD054900/oecf1-221222-GC3206-TMT7-SMA08-F8.raw	v1.1.0	NT=ms-proteomics;VV=v1.1.0	NT=clinical-metadata;VV=v1.0.0	manual curation	muscle
oecf1-221222-GC3206-TMT7-SMA06-F3	homo sapiens	muscle	not applicable	spinal muscular atrophy	adult	1	oecf1-221222-GC3206-TMT7-SMA06-F3	proteomic profiling by mass spectrometry	NT=Data-dependent acquisition;AC=PRIDE:0000627	NT=isotope labeling;AC=PRIDE:0000310	NT=q exactive;AC=MS:1001911	NT=TMT6plex;AC=UNIMOD:737;TA=K;MT=Fixed	NT=Dimethyl;AC=UNIMOD:36;TA=K;MT=Variable	NT=Carbamidomethyl;AC=UNIMOD:4;TA=C;MT=Fixed	NT=Trypsin;AC=MS:1001251	not available	dithiothreitol (dtt)	3	1	oecf1-221222-GC3206-TMT7-SMA06-F3.raw	ftp://ftp.pride.ebi.ac.uk/pride/data/archive/2025/05/PXD054900/oecf1-221222-GC3206-TMT7-SMA06-F3.raw	v1.1.0	NT=ms-proteomics;VV=v1.1.0	NT=clinical-metadata;VV=v1.0.0	manual curation	muscle
oecf1-221222-GC3206-TMT7-SMA10-F4	homo sapiens	muscle	not applicable	spinal muscular atrophy	adult	1	oecf1-221222-GC3206-TMT7-SMA10-F4	proteomic profiling by mass spectrometry	NT=Data-dependent acquisition;AC=PRIDE:0000627	NT=isotope labeling;AC=PRIDE:0000310	NT=q exactive;AC=MS:1001911	NT=TMT6plex;AC=UNIMOD:737;TA=K;MT=Fixed	NT=Dimethyl;AC=UNIMOD:36;TA=K;MT=Variable	NT=Carbamidomethyl;AC=UNIMOD:4;TA=C;MT=Fixed	NT=Trypsin;AC=MS:1001251	not available	dithiothreitol (dtt)	4	1	oecf1-221222-GC3206-TMT7-SMA10-F4.raw	ftp://ftp.pride.ebi.ac.uk/pride/data/archive/2025/05/PXD054900/oecf1-221222-GC3206-TMT7-SMA10-F4.raw	v1.1.0	NT=ms-proteomics;VV=v1.1.0	NT=clinical-metadata;VV=v1.0.0	manual curation	muscle
oecf1-221025-GC3194-q-nC18-SMA05-06	homo sapiens	muscle	not applicable	spinal muscular atrophy	adult	6	oecf1-221025-GC3194-q-nC18-SMA05-06	proteomic profiling by mass spectrometry	NT=Data-dependent acquisition;AC=PRIDE:0000627	NT=isotope labeling;AC=PRIDE:0000310	NT=q exactive;AC=MS:1001911	NT=TMT6plex;AC=UNIMOD:737;TA=K;MT=Fixed	NT=Dimethyl;AC=UNIMOD:36;TA=K;MT=Variable	NT=Carbamidomethyl;AC=UNIMOD:4;TA=C;MT=Fixed	NT=Trypsin;AC=MS:1001251	not available	dithiothreitol (dtt)	1	1	oecf1-221025-GC3194-q-nC18-SMA05-06.raw	ftp://ftp.pride.ebi.ac.uk/pride/data/archive/2025/05/PXD054900/oecf1-221025-GC3194-q-nC18-SMA05-06.raw	v1.1.0	NT=ms-proteomics;VV=v1.1.0	NT=clinical-metadata;VV=v1.0.0	manual curation	muscle
oecf1-221026-GC3195-q-nC18-SMA06-04	homo sapiens	muscle	not applicable	spinal muscular atrophy	adult	4	oecf1-221026-GC3195-q-nC18-SMA06-04	proteomic profiling by mass spectrometry	NT=Data-dependent acquisition;AC=PRIDE:0000627	NT=isotope labeling;AC=PRIDE:0000310	NT=q exactive;AC=MS:1001911	NT=TMT6plex;AC=UNIMOD:737;TA=K;MT=Fixed	NT=Dimethyl;AC=UNIMOD:36;TA=K;MT=Variable	NT=Carbamidomethyl;AC=UNIMOD:4;TA=C;MT=Fixed	NT=Trypsin;AC=MS:1001251	not available	dithiothreitol (dtt)	1	1	oecf1-221026-GC3195-q-nC18-SMA06-04.raw	ftp://ftp.pride.ebi.ac.uk/pride/data/archive/2025/05/PXD054900/oecf1-221026-GC3195-q-nC18-SMA06-04.raw	v1.1.0	NT=ms-proteomics;VV=v1.1.0	NT=clinical-metadata;VV=v1.0.0	manual curation	muscle
oecf1-221228-GC3207-TMT7-SMA22-F5	homo sapiens	muscle	not applicable	spinal muscular atrophy	adult	1	oecf1-221228-GC3207-TMT7-SMA22-F5	proteomic profiling by mass spectrometry	NT=Data-dependent acquisition;AC=PRIDE:0000627	NT=isotope labeling;AC=PRIDE:0000310	NT=q exactive;AC=MS:1001911	NT=TMT6plex;AC=UNIMOD:737;TA=K;MT=Fixed	NT=Dimethyl;AC=UNIMOD:36;TA=K;MT=Variable	NT=Carbamidomethyl;AC=UNIMOD:4;TA=C;MT=Fixed	NT=Trypsin;AC=MS:1001251	not available	dithiothreitol (dtt)	5	1	oecf1-221228-GC3207-TMT7-SMA22-F5.raw	ftp://ftp.pride.ebi.ac.uk/pride/data/archive/2025/05/PXD054900/oecf1-221228-GC3207-TMT7-SMA22-F5.raw	v1.1.0	NT=ms-proteomics;VV=v1.1.0	NT=clinical-metadata;VV=v1.0.0	manual curation	muscle
oecf1-221206-GC3201-TMT7-SMA17-F3	homo sapiens	muscle	not applicable	spinal muscular atrophy	adult	1	oecf1-221206-GC3201-TMT7-SMA17-F3	proteomic profiling by mass spectrometry	NT=Data-dependent acquisition;AC=PRIDE:0000627	NT=isotope labeling;AC=PRIDE:0000310	NT=q exactive;AC=MS:1001911	NT=TMT6plex;AC=UNIMOD:737;TA=K;MT=Fixed	NT=Dimethyl;AC=UNIMOD:36;TA=K;MT=Variable	NT=Carbamidomethyl;AC=UNIMOD:4;TA=C;MT=Fixed	NT=Trypsin;AC=MS:1001251	not available	dithiothreitol (dtt)	3	1	oecf1-221206-GC3201-TMT7-SMA17-F3.raw	ftp://ftp.pride.ebi.ac.uk/pride/data/archive/2025/05/PXD054900/oecf1-221206-GC3201-TMT7-SMA17-F3.raw	v1.1.0	NT=ms-proteomics;VV=v1.1.0	NT=clinical-metadata;VV=v1.0.0	manual curation	muscle
oecf1-221228-GC3207-TMT7-SMA22-F6	homo sapiens	muscle	not applicable	spinal muscular atrophy	adult	1	oecf1-221228-GC3207-TMT7-SMA22-F6	proteomic profiling by mass spectrometry	NT=Data-dependent acquisition;AC=PRIDE:0000627	NT=isotope labeling;AC=PRIDE:0000310	NT=q exactive;AC=MS:1001911	NT=TMT6plex;AC=UNIMOD:737;TA=K;MT=Fixed	NT=Dimethyl;AC=UNIMOD:36;TA=K;MT=Variable	NT=Carbamidomethyl;AC=UNIMOD:4;TA=C;MT=Fixed	NT=Trypsin;AC=MS:1001251	not available	dithiothreitol (dtt)	6	1	oecf1-221228-GC3207-TMT7-SMA22-F6.raw	ftp://ftp.pride.ebi.ac.uk/pride/data/archive/2025/05/PXD054900/oecf1-221228-GC3207-TMT7-SMA22-F6.raw	v1.1.0	NT=ms-proteomics;VV=v1.1.0	NT=clinical-metadata;VV=v1.0.0	manual curation	muscle
oecf1-221222-GC3206-TMT7-SMA08-F5	homo sapiens	muscle	not applicable	spinal muscular atrophy	adult	1	oecf1-221222-GC3206-TMT7-SMA08-F5	proteomic profiling by mass spectrometry	NT=Data-dependent acquisition;AC=PRIDE:0000627	NT=isotope labeling;AC=PRIDE:0000310	NT=q exactive;AC=MS:1001911	NT=TMT6plex;AC=UNIMOD:737;TA=K;MT=Fixed	NT=Dimethyl;AC=UNIMOD:36;TA=K;MT=Variable	NT=Carbamidomethyl;AC=UNIMOD:4;TA=C;MT=Fixed	NT=Trypsin;AC=MS:1001251	not available	dithiothreitol (dtt)	5	1	oecf1-221222-GC3206-TMT7-SMA08-F5.raw	ftp://ftp.pride.ebi.ac.uk/pride/data/archive/2025/05/PXD054900/oecf1-221222-GC3206-TMT7-SMA08-F5.raw	v1.1.0	NT=ms-proteomics;VV=v1.1.0	NT=clinical-metadata;VV=v1.0.0	manual curation	muscle
oecf1-221115-GC3197-q-nC18-SMA06-12	homo sapiens	muscle	not applicable	spinal muscular atrophy	adult	12	oecf1-221115-GC3197-q-nC18-SMA06-12	proteomic profiling by mass spectrometry	NT=Data-dependent acquisition;AC=PRIDE:0000627	NT=isotope labeling;AC=PRIDE:0000310	NT=q exactive;AC=MS:1001911	NT=TMT6plex;AC=UNIMOD:737;TA=K;MT=Fixed	NT=Dimethyl;AC=UNIMOD:36;TA=K;MT=Variable	NT=Carbamidomethyl;AC=UNIMOD:4;TA=C;MT=Fixed	NT=Trypsin;AC=MS:1001251	not available	dithiothreitol (dtt)	1	1	oecf1-221115-GC3197-q-nC18-SMA06-12.raw	ftp://ftp.pride.ebi.ac.uk/pride/data/archive/2025/05/PXD054900/oecf1-221115-GC3197-q-nC18-SMA06-12.raw	v1.1.0	NT=ms-proteomics;VV=v1.1.0	NT=clinical-metadata;VV=v1.0.0	manual curation	muscle
oecf1-221114-GC3196-q-nC18-SMA12-08	homo sapiens	muscle	not applicable	spinal muscular atrophy	adult	8	oecf1-221114-GC3196-q-nC18-SMA12-08	proteomic profiling by mass spectrometry	NT=Data-dependent acquisition;AC=PRIDE:0000627	NT=isotope labeling;AC=PRIDE:0000310	NT=q exactive;AC=MS:1001911	NT=TMT6plex;AC=UNIMOD:737;TA=K;MT=Fixed	NT=Dimethyl;AC=UNIMOD:36;TA=K;MT=Variable	NT=Carbamidomethyl;AC=UNIMOD:4;TA=C;MT=Fixed	NT=Trypsin;AC=MS:1001251	not available	dithiothreitol (dtt)	1	1	oecf1-221114-GC3196-q-nC18-SMA12-08.raw	ftp://ftp.pride.ebi.ac.uk/pride/data/archive/2025/05/PXD054900/oecf1-221114-GC3196-q-nC18-SMA12-08.raw	v1.1.0	NT=ms-proteomics;VV=v1.1.0	NT=clinical-metadata;VV=v1.0.0	manual curation	muscle
oecf1-221025-GC3194-q-nC18-SMA02-12	homo sapiens	muscle	not applicable	spinal muscular atrophy	adult	12	oecf1-221025-GC3194-q-nC18-SMA02-12	proteomic profiling by mass spectrometry	NT=Data-dependent acquisition;AC=PRIDE:0000627	NT=isotope labeling;AC=PRIDE:0000310	NT=q exactive;AC=MS:1001911	NT=TMT6plex;AC=UNIMOD:737;TA=K;MT=Fixed	NT=Dimethyl;AC=UNIMOD:36;TA=K;MT=Variable	NT=Carbamidomethyl;AC=UNIMOD:4;TA=C;MT=Fixed	NT=Trypsin;AC=MS:1001251	not available	dithiothreitol (dtt)	1	1	oecf1-221025-GC3194-q-nC18-SMA02-12.raw	ftp://ftp.pride.ebi.ac.uk/pride/data/archive/2025/05/PXD054900/oecf1-221025-GC3194-q-nC18-SMA02-12.raw	v1.1.0	NT=ms-proteomics;VV=v1.1.0	NT=clinical-metadata;VV=v1.0.0	manual curation	muscle
oecf1-221206-GC3201-TMT7-SMA15-FTW	homo sapiens	muscle	not applicable	spinal muscular atrophy	adult	1	oecf1-221206-GC3201-TMT7-SMA15-FTW	proteomic profiling by mass spectrometry	NT=Data-dependent acquisition;AC=PRIDE:0000627	NT=isotope labeling;AC=PRIDE:0000310	NT=q exactive;AC=MS:1001911	NT=TMT6plex;AC=UNIMOD:737;TA=K;MT=Fixed	NT=Dimethyl;AC=UNIMOD:36;TA=K;MT=Variable	NT=Carbamidomethyl;AC=UNIMOD:4;TA=C;MT=Fixed	NT=Trypsin;AC=MS:1001251	not available	dithiothreitol (dtt)	1	1	oecf1-221206-GC3201-TMT7-SMA15-FTW.raw	ftp://ftp.pride.ebi.ac.uk/pride/data/archive/2025/05/PXD054900/oecf1-221206-GC3201-TMT7-SMA15-FTW.raw	v1.1.0	NT=ms-proteomics;VV=v1.1.0	NT=clinical-metadata;VV=v1.0.0	manual curation	muscle
oecf1-221115-GC3197-q-nC18-SMA16-06	homo sapiens	muscle	not applicable	spinal muscular atrophy	adult	6	oecf1-221115-GC3197-q-nC18-SMA16-06	proteomic profiling by mass spectrometry	NT=Data-dependent acquisition;AC=PRIDE:0000627	NT=isotope labeling;AC=PRIDE:0000310	NT=q exactive;AC=MS:1001911	NT=TMT6plex;AC=UNIMOD:737;TA=K;MT=Fixed	NT=Dimethyl;AC=UNIMOD:36;TA=K;MT=Variable	NT=Carbamidomethyl;AC=UNIMOD:4;TA=C;MT=Fixed	NT=Trypsin;AC=MS:1001251	not available	dithiothreitol (dtt)	1	1	oecf1-221115-GC3197-q-nC18-SMA16-06.raw	ftp://ftp.pride.ebi.ac.uk/pride/data/archive/2025/05/PXD054900/oecf1-221115-GC3197-q-nC18-SMA16-06.raw	v1.1.0	NT=ms-proteomics;VV=v1.1.0	NT=clinical-metadata;VV=v1.0.0	manual curation	muscle
oecf1-221228-GC3207-TMT7-SMA24-F2	homo sapiens	muscle	not applicable	spinal muscular atrophy	adult	1	oecf1-221228-GC3207-TMT7-SMA24-F2	proteomic profiling by mass spectrometry	NT=Data-dependent acquisition;AC=PRIDE:0000627	NT=isotope labeling;AC=PRIDE:0000310	NT=q exactive;AC=MS:1001911	NT=TMT6plex;AC=UNIMOD:737;TA=K;MT=Fixed	NT=Dimethyl;AC=UNIMOD:36;TA=K;MT=Variable	NT=Carbamidomethyl;AC=UNIMOD:4;TA=C;MT=Fixed	NT=Trypsin;AC=MS:1001251	not available	dithiothreitol (dtt)	2	1	oecf1-221228-GC3207-TMT7-SMA24-F2.raw	ftp://ftp.pride.ebi.ac.uk/pride/data/archive/2025/05/PXD054900/oecf1-221228-GC3207-TMT7-SMA24-F2.raw	v1.1.0	NT=ms-proteomics;VV=v1.1.0	NT=clinical-metadata;VV=v1.0.0	manual curation	muscle
oecf1-221114-GC3196-q-nC18-SMA10-12	homo sapiens	muscle	not applicable	spinal muscular atrophy	adult	12	oecf1-221114-GC3196-q-nC18-SMA10-12	proteomic profiling by mass spectrometry	NT=Data-dependent acquisition;AC=PRIDE:0000627	NT=isotope labeling;AC=PRIDE:0000310	NT=q exactive;AC=MS:1001911	NT=TMT6plex;AC=UNIMOD:737;TA=K;MT=Fixed	NT=Dimethyl;AC=UNIMOD:36;TA=K;MT=Variable	NT=Carbamidomethyl;AC=UNIMOD:4;TA=C;MT=Fixed	NT=Trypsin;AC=MS:1001251	not available	dithiothreitol (dtt)	1	1	oecf1-221114-GC3196-q-nC18-SMA10-12.raw	ftp://ftp.pride.ebi.ac.uk/pride/data/archive/2025/05/PXD054900/oecf1-221114-GC3196-q-nC18-SMA10-12.raw	v1.1.0	NT=ms-proteomics;VV=v1.1.0	NT=clinical-metadata;VV=v1.0.0	manual curation	muscle
oecf1-220830-GC3180-TMT7-SMA20-F4_2	homo sapiens	muscle	not applicable	spinal muscular atrophy	adult	2	oecf1-220830-GC3180-TMT7-SMA20-F4_2	proteomic profiling by mass spectrometry	NT=Data-dependent acquisition;AC=PRIDE:0000627	NT=isotope labeling;AC=PRIDE:0000310	NT=q exactive;AC=MS:1001911	NT=TMT6plex;AC=UNIMOD:737;TA=K;MT=Fixed	NT=Dimethyl;AC=UNIMOD:36;TA=K;MT=Variable	NT=Carbamidomethyl;AC=UNIMOD:4;TA=C;MT=Fixed	NT=Trypsin;AC=MS:1001251	not available	dithiothreitol (dtt)	1	1	oecf1-220830-GC3180-TMT7-SMA20-F4_2.raw	ftp://ftp.pride.ebi.ac.uk/pride/data/archive/2025/05/PXD054900/oecf1-220830-GC3180-TMT7-SMA20-F4_2.raw	v1.1.0	NT=ms-proteomics;VV=v1.1.0	NT=clinical-metadata;VV=v1.0.0	manual curation	muscle
oecf1-221024-GC3193-q-nC18-SMA17-04	homo sapiens	muscle	not applicable	spinal muscular atrophy	adult	4	oecf1-221024-GC3193-q-nC18-SMA17-04	proteomic profiling by mass spectrometry	NT=Data-dependent acquisition;AC=PRIDE:0000627	NT=isotope labeling;AC=PRIDE:0000310	NT=q exactive;AC=MS:1001911	NT=TMT6plex;AC=UNIMOD:737;TA=K;MT=Fixed	NT=Dimethyl;AC=UNIMOD:36;TA=K;MT=Variable	NT=Carbamidomethyl;AC=UNIMOD:4;TA=C;MT=Fixed	NT=Trypsin;AC=MS:1001251	not available	dithiothreitol (dtt)	1	1	oecf1-221024-GC3193-q-nC18-SMA17-04.raw	ftp://ftp.pride.ebi.ac.uk/pride/data/archive/2025/05/PXD054900/oecf1-221024-GC3193-q-nC18-SMA17-04.raw	v1.1.0	NT=ms-proteomics;VV=v1.1.0	NT=clinical-metadata;VV=v1.0.0	manual curation	muscle
oecf1-221216-GC3203-TMT7-SMA12-F1	homo sapiens	muscle	not applicable	spinal muscular atrophy	adult	1	oecf1-221216-GC3203-TMT7-SMA12-F1	proteomic profiling by mass spectrometry	NT=Data-dependent acquisition;AC=PRIDE:0000627	NT=isotope labeling;AC=PRIDE:0000310	NT=q exactive;AC=MS:1001911	NT=TMT6plex;AC=UNIMOD:737;TA=K;MT=Fixed	NT=Dimethyl;AC=UNIMOD:36;TA=K;MT=Variable	NT=Carbamidomethyl;AC=UNIMOD:4;TA=C;MT=Fixed	NT=Trypsin;AC=MS:1001251	not available	dithiothreitol (dtt)	1	1	oecf1-221216-GC3203-TMT7-SMA12-F1.raw	ftp://ftp.pride.ebi.ac.uk/pride/data/archive/2025/05/PXD054900/oecf1-221216-GC3203-TMT7-SMA12-F1.raw	v1.1.0	NT=ms-proteomics;VV=v1.1.0	NT=clinical-metadata;VV=v1.0.0	manual curation	muscle
oecf1-221228-GC3207-TMT7-SMA19-F3	homo sapiens	muscle	not applicable	spinal muscular atrophy	adult	1	oecf1-221228-GC3207-TMT7-SMA19-F3	proteomic profiling by mass spectrometry	NT=Data-dependent acquisition;AC=PRIDE:0000627	NT=isotope labeling;AC=PRIDE:0000310	NT=q exactive;AC=MS:1001911	NT=TMT6plex;AC=UNIMOD:737;TA=K;MT=Fixed	NT=Dimethyl;AC=UNIMOD:36;TA=K;MT=Variable	NT=Carbamidomethyl;AC=UNIMOD:4;TA=C;MT=Fixed	NT=Trypsin;AC=MS:1001251	not available	dithiothreitol (dtt)	3	1	oecf1-221228-GC3207-TMT7-SMA19-F3.raw	ftp://ftp.pride.ebi.ac.uk/pride/data/archive/2025/05/PXD054900/oecf1-221228-GC3207-TMT7-SMA19-F3.raw	v1.1.0	NT=ms-proteomics;VV=v1.1.0	NT=clinical-metadata;VV=v1.0.0	manual curation	muscle
oecf1-221222-GC3206-TMT7-SMA02-F7	homo sapiens	muscle	not applicable	spinal muscular atrophy	adult	1	oecf1-221222-GC3206-TMT7-SMA02-F7	proteomic profiling by mass spectrometry	NT=Data-dependent acquisition;AC=PRIDE:0000627	NT=isotope labeling;AC=PRIDE:0000310	NT=q exactive;AC=MS:1001911	NT=TMT6plex;AC=UNIMOD:737;TA=K;MT=Fixed	NT=Dimethyl;AC=UNIMOD:36;TA=K;MT=Variable	NT=Carbamidomethyl;AC=UNIMOD:4;TA=C;MT=Fixed	NT=Trypsin;AC=MS:1001251	not available	dithiothreitol (dtt)	7	1	oecf1-221222-GC3206-TMT7-SMA02-F7.raw	ftp://ftp.pride.ebi.ac.uk/pride/data/archive/2025/05/PXD054900/oecf1-221222-GC3206-TMT7-SMA02-F7.raw	v1.1.0	NT=ms-proteomics;VV=v1.1.0	NT=clinical-metadata;VV=v1.0.0	manual curation	muscle
oecf1-221228-GC3207-TMT7-SMA16-F2	homo sapiens	muscle	not applicable	spinal muscular atrophy	adult	1	oecf1-221228-GC3207-TMT7-SMA16-F2	proteomic profiling by mass spectrometry	NT=Data-dependent acquisition;AC=PRIDE:0000627	NT=isotope labeling;AC=PRIDE:0000310	NT=q exactive;AC=MS:1001911	NT=TMT6plex;AC=UNIMOD:737;TA=K;MT=Fixed	NT=Dimethyl;AC=UNIMOD:36;TA=K;MT=Variable	NT=Carbamidomethyl;AC=UNIMOD:4;TA=C;MT=Fixed	NT=Trypsin;AC=MS:1001251	not available	dithiothreitol (dtt)	2	1	oecf1-221228-GC3207-TMT7-SMA16-F2.raw	ftp://ftp.pride.ebi.ac.uk/pride/data/archive/2025/05/PXD054900/oecf1-221228-GC3207-TMT7-SMA16-F2.raw	v1.1.0	NT=ms-proteomics;VV=v1.1.0	NT=clinical-metadata;VV=v1.0.0	manual curation	muscle
oecf1-221222-GC3206-TMT7-SMA02-F6	homo sapiens	muscle	not applicable	spinal muscular atrophy	adult	1	oecf1-221222-GC3206-TMT7-SMA02-F6	proteomic profiling by mass spectrometry	NT=Data-dependent acquisition;AC=PRIDE:0000627	NT=isotope labeling;AC=PRIDE:0000310	NT=q exactive;AC=MS:1001911	NT=TMT6plex;AC=UNIMOD:737;TA=K;MT=Fixed	NT=Dimethyl;AC=UNIMOD:36;TA=K;MT=Variable	NT=Carbamidomethyl;AC=UNIMOD:4;TA=C;MT=Fixed	NT=Trypsin;AC=MS:1001251	not available	dithiothreitol (dtt)	6	1	oecf1-221222-GC3206-TMT7-SMA02-F6.raw	ftp://ftp.pride.ebi.ac.uk/pride/data/archive/2025/05/PXD054900/oecf1-221222-GC3206-TMT7-SMA02-F6.raw	v1.1.0	NT=ms-proteomics;VV=v1.1.0	NT=clinical-metadata;VV=v1.0.0	manual curation	muscle
oecf1-221228-GC3207-TMT7-SMA16-F1	homo sapiens	muscle	not applicable	spinal muscular atrophy	adult	1	oecf1-221228-GC3207-TMT7-SMA16-F1	proteomic profiling by mass spectrometry	NT=Data-dependent acquisition;AC=PRIDE:0000627	NT=isotope labeling;AC=PRIDE:0000310	NT=q exactive;AC=MS:1001911	NT=TMT6plex;AC=UNIMOD:737;TA=K;MT=Fixed	NT=Dimethyl;AC=UNIMOD:36;TA=K;MT=Variable	NT=Carbamidomethyl;AC=UNIMOD:4;TA=C;MT=Fixed	NT=Trypsin;AC=MS:1001251	not available	dithiothreitol (dtt)	1	1	oecf1-221228-GC3207-TMT7-SMA16-F1.raw	ftp://ftp.pride.ebi.ac.uk/pride/data/archive/2025/05/PXD054900/oecf1-221228-GC3207-TMT7-SMA16-F1.raw	v1.1.0	NT=ms-proteomics;VV=v1.1.0	NT=clinical-metadata;VV=v1.0.0	manual curation	muscle
oecf1-221204-GC3200-TMT7-SMA01-FTW	homo sapiens	muscle	not applicable	spinal muscular atrophy	adult	1	oecf1-221204-GC3200-TMT7-SMA01-FTW	proteomic profiling by mass spectrometry	NT=Data-dependent acquisition;AC=PRIDE:0000627	NT=isotope labeling;AC=PRIDE:0000310	NT=q exactive;AC=MS:1001911	NT=TMT6plex;AC=UNIMOD:737;TA=K;MT=Fixed	NT=Dimethyl;AC=UNIMOD:36;TA=K;MT=Variable	NT=Carbamidomethyl;AC=UNIMOD:4;TA=C;MT=Fixed	NT=Trypsin;AC=MS:1001251	not available	dithiothreitol (dtt)	1	1	oecf1-221204-GC3200-TMT7-SMA01-FTW.raw	ftp://ftp.pride.ebi.ac.uk/pride/data/archive/2025/05/PXD054900/oecf1-221204-GC3200-TMT7-SMA01-FTW.raw	v1.1.0	NT=ms-proteomics;VV=v1.1.0	NT=clinical-metadata;VV=v1.0.0	manual curation	muscle
oecf1-221114-GC3196-q-nC18-SMA09-10	homo sapiens	muscle	not applicable	spinal muscular atrophy	adult	10	oecf1-221114-GC3196-q-nC18-SMA09-10	proteomic profiling by mass spectrometry	NT=Data-dependent acquisition;AC=PRIDE:0000627	NT=isotope labeling;AC=PRIDE:0000310	NT=q exactive;AC=MS:1001911	NT=TMT6plex;AC=UNIMOD:737;TA=K;MT=Fixed	NT=Dimethyl;AC=UNIMOD:36;TA=K;MT=Variable	NT=Carbamidomethyl;AC=UNIMOD:4;TA=C;MT=Fixed	NT=Trypsin;AC=MS:1001251	not available	dithiothreitol (dtt)	1	1	oecf1-221114-GC3196-q-nC18-SMA09-10.raw	ftp://ftp.pride.ebi.ac.uk/pride/data/archive/2025/05/PXD054900/oecf1-221114-GC3196-q-nC18-SMA09-10.raw	v1.1.0	NT=ms-proteomics;VV=v1.1.0	NT=clinical-metadata;VV=v1.0.0	manual curation	muscle
oecf1-221024-GC3193-q-nC18-SMA08-01	homo sapiens	muscle	not applicable	spinal muscular atrophy	adult	1	oecf1-221024-GC3193-q-nC18-SMA08-01	proteomic profiling by mass spectrometry	NT=Data-dependent acquisition;AC=PRIDE:0000627	NT=isotope labeling;AC=PRIDE:0000310	NT=q exactive;AC=MS:1001911	NT=TMT6plex;AC=UNIMOD:737;TA=K;MT=Fixed	NT=Dimethyl;AC=UNIMOD:36;TA=K;MT=Variable	NT=Carbamidomethyl;AC=UNIMOD:4;TA=C;MT=Fixed	NT=Trypsin;AC=MS:1001251	not available	dithiothreitol (dtt)	1	1	oecf1-221024-GC3193-q-nC18-SMA08-01.raw	ftp://ftp.pride.ebi.ac.uk/pride/data/archive/2025/05/PXD054900/oecf1-221024-GC3193-q-nC18-SMA08-01.raw	v1.1.0	NT=ms-proteomics;VV=v1.1.0	NT=clinical-metadata;VV=v1.0.0	manual curation	muscle
oecf1-221206-GC3201-TMT7-SMA15-F3	homo sapiens	muscle	not applicable	spinal muscular atrophy	adult	1	oecf1-221206-GC3201-TMT7-SMA15-F3	proteomic profiling by mass spectrometry	NT=Data-dependent acquisition;AC=PRIDE:0000627	NT=isotope labeling;AC=PRIDE:0000310	NT=q exactive;AC=MS:1001911	NT=TMT6plex;AC=UNIMOD:737;TA=K;MT=Fixed	NT=Dimethyl;AC=UNIMOD:36;TA=K;MT=Variable	NT=Carbamidomethyl;AC=UNIMOD:4;TA=C;MT=Fixed	NT=Trypsin;AC=MS:1001251	not available	dithiothreitol (dtt)	3	1	oecf1-221206-GC3201-TMT7-SMA15-F3.raw	ftp://ftp.pride.ebi.ac.uk/pride/data/archive/2025/05/PXD054900/oecf1-221206-GC3201-TMT7-SMA15-F3.raw	v1.1.0	NT=ms-proteomics;VV=v1.1.0	NT=clinical-metadata;VV=v1.0.0	manual curation	muscle
oecf1-220830-GC3180-TMT7-SMA20-F5	homo sapiens	muscle	not applicable	spinal muscular atrophy	adult	1	oecf1-220830-GC3180-TMT7-SMA20-F5	proteomic profiling by mass spectrometry	NT=Data-dependent acquisition;AC=PRIDE:0000627	NT=isotope labeling;AC=PRIDE:0000310	NT=q exactive;AC=MS:1001911	NT=TMT6plex;AC=UNIMOD:737;TA=K;MT=Fixed	NT=Dimethyl;AC=UNIMOD:36;TA=K;MT=Variable	NT=Carbamidomethyl;AC=UNIMOD:4;TA=C;MT=Fixed	NT=Trypsin;AC=MS:1001251	not available	dithiothreitol (dtt)	5	1	oecf1-220830-GC3180-TMT7-SMA20-F5.raw	ftp://ftp.pride.ebi.ac.uk/pride/data/archive/2025/05/PXD054900/oecf1-220830-GC3180-TMT7-SMA20-F5.raw	v1.1.0	NT=ms-proteomics;VV=v1.1.0	NT=clinical-metadata;VV=v1.0.0	manual curation	muscle
oecf1-221222-GC3206-TMT7-SMA07-F1	homo sapiens	muscle	not applicable	spinal muscular atrophy	adult	1	oecf1-221222-GC3206-TMT7-SMA07-F1	proteomic profiling by mass spectrometry	NT=Data-dependent acquisition;AC=PRIDE:0000627	NT=isotope labeling;AC=PRIDE:0000310	NT=q exactive;AC=MS:1001911	NT=TMT6plex;AC=UNIMOD:737;TA=K;MT=Fixed	NT=Dimethyl;AC=UNIMOD:36;TA=K;MT=Variable	NT=Carbamidomethyl;AC=UNIMOD:4;TA=C;MT=Fixed	NT=Trypsin;AC=MS:1001251	not available	dithiothreitol (dtt)	1	1	oecf1-221222-GC3206-TMT7-SMA07-F1.raw	ftp://ftp.pride.ebi.ac.uk/pride/data/archive/2025/05/PXD054900/oecf1-221222-GC3206-TMT7-SMA07-F1.raw	v1.1.0	NT=ms-proteomics;VV=v1.1.0	NT=clinical-metadata;VV=v1.0.0	manual curation	muscle
oecf1-221228-GC3207-TMT7-SMA18-F7	homo sapiens	muscle	not applicable	spinal muscular atrophy	adult	1	oecf1-221228-GC3207-TMT7-SMA18-F7	proteomic profiling by mass spectrometry	NT=Data-dependent acquisition;AC=PRIDE:0000627	NT=isotope labeling;AC=PRIDE:0000310	NT=q exactive;AC=MS:1001911	NT=TMT6plex;AC=UNIMOD:737;TA=K;MT=Fixed	NT=Dimethyl;AC=UNIMOD:36;TA=K;MT=Variable	NT=Carbamidomethyl;AC=UNIMOD:4;TA=C;MT=Fixed	NT=Trypsin;AC=MS:1001251	not available	dithiothreitol (dtt)	7	1	oecf1-221228-GC3207-TMT7-SMA18-F7.raw	ftp://ftp.pride.ebi.ac.uk/pride/data/archive/2025/05/PXD054900/oecf1-221228-GC3207-TMT7-SMA18-F7.raw	v1.1.0	NT=ms-proteomics;VV=v1.1.0	NT=clinical-metadata;VV=v1.0.0	manual curation	muscle
oecf1-221210-GC3202-TMT7-SMA11-F8	homo sapiens	muscle	not applicable	spinal muscular atrophy	adult	1	oecf1-221210-GC3202-TMT7-SMA11-F8	proteomic profiling by mass spectrometry	NT=Data-dependent acquisition;AC=PRIDE:0000627	NT=isotope labeling;AC=PRIDE:0000310	NT=q exactive;AC=MS:1001911	NT=TMT6plex;AC=UNIMOD:737;TA=K;MT=Fixed	NT=Dimethyl;AC=UNIMOD:36;TA=K;MT=Variable	NT=Carbamidomethyl;AC=UNIMOD:4;TA=C;MT=Fixed	NT=Trypsin;AC=MS:1001251	not available	dithiothreitol (dtt)	8	1	oecf1-221210-GC3202-TMT7-SMA11-F8.raw	ftp://ftp.pride.ebi.ac.uk/pride/data/archive/2025/05/PXD054900/oecf1-221210-GC3202-TMT7-SMA11-F8.raw	v1.1.0	NT=ms-proteomics;VV=v1.1.0	NT=clinical-metadata;VV=v1.0.0	manual curation	muscle
oecf1-221024-GC3193-q-nC18-SMA03-06	homo sapiens	muscle	not applicable	spinal muscular atrophy	adult	6	oecf1-221024-GC3193-q-nC18-SMA03-06	proteomic profiling by mass spectrometry	NT=Data-dependent acquisition;AC=PRIDE:0000627	NT=isotope labeling;AC=PRIDE:0000310	NT=q exactive;AC=MS:1001911	NT=TMT6plex;AC=UNIMOD:737;TA=K;MT=Fixed	NT=Dimethyl;AC=UNIMOD:36;TA=K;MT=Variable	NT=Carbamidomethyl;AC=UNIMOD:4;TA=C;MT=Fixed	NT=Trypsin;AC=MS:1001251	not available	dithiothreitol (dtt)	1	1	oecf1-221024-GC3193-q-nC18-SMA03-06.raw	ftp://ftp.pride.ebi.ac.uk/pride/data/archive/2025/05/PXD054900/oecf1-221024-GC3193-q-nC18-SMA03-06.raw	v1.1.0	NT=ms-proteomics;VV=v1.1.0	NT=clinical-metadata;VV=v1.0.0	manual curation	muscle
oecf1-221210-GC3202-TMT7-SMA04-F5	homo sapiens	muscle	not applicable	spinal muscular atrophy	adult	1	oecf1-221210-GC3202-TMT7-SMA04-F5	proteomic profiling by mass spectrometry	NT=Data-dependent acquisition;AC=PRIDE:0000627	NT=isotope labeling;AC=PRIDE:0000310	NT=q exactive;AC=MS:1001911	NT=TMT6plex;AC=UNIMOD:737;TA=K;MT=Fixed	NT=Dimethyl;AC=UNIMOD:36;TA=K;MT=Variable	NT=Carbamidomethyl;AC=UNIMOD:4;TA=C;MT=Fixed	NT=Trypsin;AC=MS:1001251	not available	dithiothreitol (dtt)	5	1	oecf1-221210-GC3202-TMT7-SMA04-F5.raw	ftp://ftp.pride.ebi.ac.uk/pride/data/archive/2025/05/PXD054900/oecf1-221210-GC3202-TMT7-SMA04-F5.raw	v1.1.0	NT=ms-proteomics;VV=v1.1.0	NT=clinical-metadata;VV=v1.0.0	manual curation	muscle
oecf1-221115-GC3197-q-nC18-SMA06-14	homo sapiens	muscle	not applicable	spinal muscular atrophy	adult	14	oecf1-221115-GC3197-q-nC18-SMA06-14	proteomic profiling by mass spectrometry	NT=Data-dependent acquisition;AC=PRIDE:0000627	NT=isotope labeling;AC=PRIDE:0000310	NT=q exactive;AC=MS:1001911	NT=TMT6plex;AC=UNIMOD:737;TA=K;MT=Fixed	NT=Dimethyl;AC=UNIMOD:36;TA=K;MT=Variable	NT=Carbamidomethyl;AC=UNIMOD:4;TA=C;MT=Fixed	NT=Trypsin;AC=MS:1001251	not available	dithiothreitol (dtt)	1	1	oecf1-221115-GC3197-q-nC18-SMA06-14.raw	ftp://ftp.pride.ebi.ac.uk/pride/data/archive/2025/05/PXD054900/oecf1-221115-GC3197-q-nC18-SMA06-14.raw	v1.1.0	NT=ms-proteomics;VV=v1.1.0	NT=clinical-metadata;VV=v1.0.0	manual curation	muscle
oecf1-221115-GC3197-q-nC18-SMA22-04	homo sapiens	muscle	not applicable	spinal muscular atrophy	adult	4	oecf1-221115-GC3197-q-nC18-SMA22-04	proteomic profiling by mass spectrometry	NT=Data-dependent acquisition;AC=PRIDE:0000627	NT=isotope labeling;AC=PRIDE:0000310	NT=q exactive;AC=MS:1001911	NT=TMT6plex;AC=UNIMOD:737;TA=K;MT=Fixed	NT=Dimethyl;AC=UNIMOD:36;TA=K;MT=Variable	NT=Carbamidomethyl;AC=UNIMOD:4;TA=C;MT=Fixed	NT=Trypsin;AC=MS:1001251	not available	dithiothreitol (dtt)	1	1	oecf1-221115-GC3197-q-nC18-SMA22-04.raw	ftp://ftp.pride.ebi.ac.uk/pride/data/archive/2025/05/PXD054900/oecf1-221115-GC3197-q-nC18-SMA22-04.raw	v1.1.0	NT=ms-proteomics;VV=v1.1.0	NT=clinical-metadata;VV=v1.0.0	manual curation	muscle
oecf1-221222-GC3206-TMT7-SMA02-F5	homo sapiens	muscle	not applicable	spinal muscular atrophy	adult	1	oecf1-221222-GC3206-TMT7-SMA02-F5	proteomic profiling by mass spectrometry	NT=Data-dependent acquisition;AC=PRIDE:0000627	NT=isotope labeling;AC=PRIDE:0000310	NT=q exactive;AC=MS:1001911	NT=TMT6plex;AC=UNIMOD:737;TA=K;MT=Fixed	NT=Dimethyl;AC=UNIMOD:36;TA=K;MT=Variable	NT=Carbamidomethyl;AC=UNIMOD:4;TA=C;MT=Fixed	NT=Trypsin;AC=MS:1001251	not available	dithiothreitol (dtt)	5	1	oecf1-221222-GC3206-TMT7-SMA02-F5.raw	ftp://ftp.pride.ebi.ac.uk/pride/data/archive/2025/05/PXD054900/oecf1-221222-GC3206-TMT7-SMA02-F5.raw	v1.1.0	NT=ms-proteomics;VV=v1.1.0	NT=clinical-metadata;VV=v1.0.0	manual curation	muscle
oecf1-221204-GC3200-TMT7-SMA05-FTW	homo sapiens	muscle	not applicable	spinal muscular atrophy	adult	1	oecf1-221204-GC3200-TMT7-SMA05-FTW	proteomic profiling by mass spectrometry	NT=Data-dependent acquisition;AC=PRIDE:0000627	NT=isotope labeling;AC=PRIDE:0000310	NT=q exactive;AC=MS:1001911	NT=TMT6plex;AC=UNIMOD:737;TA=K;MT=Fixed	NT=Dimethyl;AC=UNIMOD:36;TA=K;MT=Variable	NT=Carbamidomethyl;AC=UNIMOD:4;TA=C;MT=Fixed	NT=Trypsin;AC=MS:1001251	not available	dithiothreitol (dtt)	1	1	oecf1-221204-GC3200-TMT7-SMA05-FTW.raw	ftp://ftp.pride.ebi.ac.uk/pride/data/archive/2025/05/PXD054900/oecf1-221204-GC3200-TMT7-SMA05-FTW.raw	v1.1.0	NT=ms-proteomics;VV=v1.1.0	NT=clinical-metadata;VV=v1.0.0	manual curation	muscle
oecf1-221204-GC3200-TMT7-SMA01-F2	homo sapiens	muscle	not applicable	spinal muscular atrophy	adult	1	oecf1-221204-GC3200-TMT7-SMA01-F2	proteomic profiling by mass spectrometry	NT=Data-dependent acquisition;AC=PRIDE:0000627	NT=isotope labeling;AC=PRIDE:0000310	NT=q exactive;AC=MS:1001911	NT=TMT6plex;AC=UNIMOD:737;TA=K;MT=Fixed	NT=Dimethyl;AC=UNIMOD:36;TA=K;MT=Variable	NT=Carbamidomethyl;AC=UNIMOD:4;TA=C;MT=Fixed	NT=Trypsin;AC=MS:1001251	not available	dithiothreitol (dtt)	2	1	oecf1-221204-GC3200-TMT7-SMA01-F2.raw	ftp://ftp.pride.ebi.ac.uk/pride/data/archive/2025/05/PXD054900/oecf1-221204-GC3200-TMT7-SMA01-F2.raw	v1.1.0	NT=ms-proteomics;VV=v1.1.0	NT=clinical-metadata;VV=v1.0.0	manual curation	muscle
oecf1-221115-GC3197-q-nC18-SMA16-01	homo sapiens	muscle	not applicable	spinal muscular atrophy	adult	1	oecf1-221115-GC3197-q-nC18-SMA16-01	proteomic profiling by mass spectrometry	NT=Data-dependent acquisition;AC=PRIDE:0000627	NT=isotope labeling;AC=PRIDE:0000310	NT=q exactive;AC=MS:1001911	NT=TMT6plex;AC=UNIMOD:737;TA=K;MT=Fixed	NT=Dimethyl;AC=UNIMOD:36;TA=K;MT=Variable	NT=Carbamidomethyl;AC=UNIMOD:4;TA=C;MT=Fixed	NT=Trypsin;AC=MS:1001251	not available	dithiothreitol (dtt)	1	1	oecf1-221115-GC3197-q-nC18-SMA16-01.raw	ftp://ftp.pride.ebi.ac.uk/pride/data/archive/2025/05/PXD054900/oecf1-221115-GC3197-q-nC18-SMA16-01.raw	v1.1.0	NT=ms-proteomics;VV=v1.1.0	NT=clinical-metadata;VV=v1.0.0	manual curation	muscle
oecf1-221228-GC3207-TMT7-SMA22-F1	homo sapiens	muscle	not applicable	spinal muscular atrophy	adult	1	oecf1-221228-GC3207-TMT7-SMA22-F1	proteomic profiling by mass spectrometry	NT=Data-dependent acquisition;AC=PRIDE:0000627	NT=isotope labeling;AC=PRIDE:0000310	NT=q exactive;AC=MS:1001911	NT=TMT6plex;AC=UNIMOD:737;TA=K;MT=Fixed	NT=Dimethyl;AC=UNIMOD:36;TA=K;MT=Variable	NT=Carbamidomethyl;AC=UNIMOD:4;TA=C;MT=Fixed	NT=Trypsin;AC=MS:1001251	not available	dithiothreitol (dtt)	1	1	oecf1-221228-GC3207-TMT7-SMA22-F1.raw	ftp://ftp.pride.ebi.ac.uk/pride/data/archive/2025/05/PXD054900/oecf1-221228-GC3207-TMT7-SMA22-F1.raw	v1.1.0	NT=ms-proteomics;VV=v1.1.0	NT=clinical-metadata;VV=v1.0.0	manual curation	muscle
oecf1-221210-GC3202-TMT7-SMA11-F5	homo sapiens	muscle	not applicable	spinal muscular atrophy	adult	1	oecf1-221210-GC3202-TMT7-SMA11-F5	proteomic profiling by mass spectrometry	NT=Data-dependent acquisition;AC=PRIDE:0000627	NT=isotope labeling;AC=PRIDE:0000310	NT=q exactive;AC=MS:1001911	NT=TMT6plex;AC=UNIMOD:737;TA=K;MT=Fixed	NT=Dimethyl;AC=UNIMOD:36;TA=K;MT=Variable	NT=Carbamidomethyl;AC=UNIMOD:4;TA=C;MT=Fixed	NT=Trypsin;AC=MS:1001251	not available	dithiothreitol (dtt)	5	1	oecf1-221210-GC3202-TMT7-SMA11-F5.raw	ftp://ftp.pride.ebi.ac.uk/pride/data/archive/2025/05/PXD054900/oecf1-221210-GC3202-TMT7-SMA11-F5.raw	v1.1.0	NT=ms-proteomics;VV=v1.1.0	NT=clinical-metadata;VV=v1.0.0	manual curation	muscle
oecf1-221222-GC3206-TMT7-SMA07-F8	homo sapiens	muscle	not applicable	spinal muscular atrophy	adult	1	oecf1-221222-GC3206-TMT7-SMA07-F8	proteomic profiling by mass spectrometry	NT=Data-dependent acquisition;AC=PRIDE:0000627	NT=isotope labeling;AC=PRIDE:0000310	NT=q exactive;AC=MS:1001911	NT=TMT6plex;AC=UNIMOD:737;TA=K;MT=Fixed	NT=Dimethyl;AC=UNIMOD:36;TA=K;MT=Variable	NT=Carbamidomethyl;AC=UNIMOD:4;TA=C;MT=Fixed	NT=Trypsin;AC=MS:1001251	not available	dithiothreitol (dtt)	8	1	oecf1-221222-GC3206-TMT7-SMA07-F8.raw	ftp://ftp.pride.ebi.ac.uk/pride/data/archive/2025/05/PXD054900/oecf1-221222-GC3206-TMT7-SMA07-F8.raw	v1.1.0	NT=ms-proteomics;VV=v1.1.0	NT=clinical-metadata;VV=v1.0.0	manual curation	muscle
oecf1-221216-GC3203-TMT7-SMA12-F2	homo sapiens	muscle	not applicable	spinal muscular atrophy	adult	1	oecf1-221216-GC3203-TMT7-SMA12-F2	proteomic profiling by mass spectrometry	NT=Data-dependent acquisition;AC=PRIDE:0000627	NT=isotope labeling;AC=PRIDE:0000310	NT=q exactive;AC=MS:1001911	NT=TMT6plex;AC=UNIMOD:737;TA=K;MT=Fixed	NT=Dimethyl;AC=UNIMOD:36;TA=K;MT=Variable	NT=Carbamidomethyl;AC=UNIMOD:4;TA=C;MT=Fixed	NT=Trypsin;AC=MS:1001251	not available	dithiothreitol (dtt)	2	1	oecf1-221216-GC3203-TMT7-SMA12-F2.raw	ftp://ftp.pride.ebi.ac.uk/pride/data/archive/2025/05/PXD054900/oecf1-221216-GC3203-TMT7-SMA12-F2.raw	v1.1.0	NT=ms-proteomics;VV=v1.1.0	NT=clinical-metadata;VV=v1.0.0	manual curation	muscle
oecf1-221222-GC3206-TMT7-SMA03-F4	homo sapiens	muscle	not applicable	spinal muscular atrophy	adult	1	oecf1-221222-GC3206-TMT7-SMA03-F4	proteomic profiling by mass spectrometry	NT=Data-dependent acquisition;AC=PRIDE:0000627	NT=isotope labeling;AC=PRIDE:0000310	NT=q exactive;AC=MS:1001911	NT=TMT6plex;AC=UNIMOD:737;TA=K;MT=Fixed	NT=Dimethyl;AC=UNIMOD:36;TA=K;MT=Variable	NT=Carbamidomethyl;AC=UNIMOD:4;TA=C;MT=Fixed	NT=Trypsin;AC=MS:1001251	not available	dithiothreitol (dtt)	4	1	oecf1-221222-GC3206-TMT7-SMA03-F4.raw	ftp://ftp.pride.ebi.ac.uk/pride/data/archive/2025/05/PXD054900/oecf1-221222-GC3206-TMT7-SMA03-F4.raw	v1.1.0	NT=ms-proteomics;VV=v1.1.0	NT=clinical-metadata;VV=v1.0.0	manual curation	muscle
oecf1-221114-GC3196-q-nC18-SMA11-01	homo sapiens	muscle	not applicable	spinal muscular atrophy	adult	1	oecf1-221114-GC3196-q-nC18-SMA11-01	proteomic profiling by mass spectrometry	NT=Data-dependent acquisition;AC=PRIDE:0000627	NT=isotope labeling;AC=PRIDE:0000310	NT=q exactive;AC=MS:1001911	NT=TMT6plex;AC=UNIMOD:737;TA=K;MT=Fixed	NT=Dimethyl;AC=UNIMOD:36;TA=K;MT=Variable	NT=Carbamidomethyl;AC=UNIMOD:4;TA=C;MT=Fixed	NT=Trypsin;AC=MS:1001251	not available	dithiothreitol (dtt)	1	1	oecf1-221114-GC3196-q-nC18-SMA11-01.raw	ftp://ftp.pride.ebi.ac.uk/pride/data/archive/2025/05/PXD054900/oecf1-221114-GC3196-q-nC18-SMA11-01.raw	v1.1.0	NT=ms-proteomics;VV=v1.1.0	NT=clinical-metadata;VV=v1.0.0	manual curation	muscle
oecf1-221222-GC3206-TMT7-SMA03-F3	homo sapiens	muscle	not applicable	spinal muscular atrophy	adult	1	oecf1-221222-GC3206-TMT7-SMA03-F3	proteomic profiling by mass spectrometry	NT=Data-dependent acquisition;AC=PRIDE:0000627	NT=isotope labeling;AC=PRIDE:0000310	NT=q exactive;AC=MS:1001911	NT=TMT6plex;AC=UNIMOD:737;TA=K;MT=Fixed	NT=Dimethyl;AC=UNIMOD:36;TA=K;MT=Variable	NT=Carbamidomethyl;AC=UNIMOD:4;TA=C;MT=Fixed	NT=Trypsin;AC=MS:1001251	not available	dithiothreitol (dtt)	3	1	oecf1-221222-GC3206-TMT7-SMA03-F3.raw	ftp://ftp.pride.ebi.ac.uk/pride/data/archive/2025/05/PXD054900/oecf1-221222-GC3206-TMT7-SMA03-F3.raw	v1.1.0	NT=ms-proteomics;VV=v1.1.0	NT=clinical-metadata;VV=v1.0.0	manual curation	muscle
oecf1-221024-GC3193-q-nC18-SMA08-04	homo sapiens	muscle	not applicable	spinal muscular atrophy	adult	4	oecf1-221024-GC3193-q-nC18-SMA08-04	proteomic profiling by mass spectrometry	NT=Data-dependent acquisition;AC=PRIDE:0000627	NT=isotope labeling;AC=PRIDE:0000310	NT=q exactive;AC=MS:1001911	NT=TMT6plex;AC=UNIMOD:737;TA=K;MT=Fixed	NT=Dimethyl;AC=UNIMOD:36;TA=K;MT=Variable	NT=Carbamidomethyl;AC=UNIMOD:4;TA=C;MT=Fixed	NT=Trypsin;AC=MS:1001251	not available	dithiothreitol (dtt)	1	1	oecf1-221024-GC3193-q-nC18-SMA08-04.raw	ftp://ftp.pride.ebi.ac.uk/pride/data/archive/2025/05/PXD054900/oecf1-221024-GC3193-q-nC18-SMA08-04.raw	v1.1.0	NT=ms-proteomics;VV=v1.1.0	NT=clinical-metadata;VV=v1.0.0	manual curation	muscle
oecf1-220830-GC3180-TMT7-SMA20-F8	homo sapiens	muscle	not applicable	spinal muscular atrophy	adult	1	oecf1-220830-GC3180-TMT7-SMA20-F8	proteomic profiling by mass spectrometry	NT=Data-dependent acquisition;AC=PRIDE:0000627	NT=isotope labeling;AC=PRIDE:0000310	NT=q exactive;AC=MS:1001911	NT=TMT6plex;AC=UNIMOD:737;TA=K;MT=Fixed	NT=Dimethyl;AC=UNIMOD:36;TA=K;MT=Variable	NT=Carbamidomethyl;AC=UNIMOD:4;TA=C;MT=Fixed	NT=Trypsin;AC=MS:1001251	not available	dithiothreitol (dtt)	8	1	oecf1-220830-GC3180-TMT7-SMA20-F8.raw	ftp://ftp.pride.ebi.ac.uk/pride/data/archive/2025/05/PXD054900/oecf1-220830-GC3180-TMT7-SMA20-F8.raw	v1.1.0	NT=ms-proteomics;VV=v1.1.0	NT=clinical-metadata;VV=v1.0.0	manual curation	muscle
oecf1-221228-GC3207-TMT7-SMA21-F7	homo sapiens	muscle	not applicable	spinal muscular atrophy	adult	1	oecf1-221228-GC3207-TMT7-SMA21-F7	proteomic profiling by mass spectrometry	NT=Data-dependent acquisition;AC=PRIDE:0000627	NT=isotope labeling;AC=PRIDE:0000310	NT=q exactive;AC=MS:1001911	NT=TMT6plex;AC=UNIMOD:737;TA=K;MT=Fixed	NT=Dimethyl;AC=UNIMOD:36;TA=K;MT=Variable	NT=Carbamidomethyl;AC=UNIMOD:4;TA=C;MT=Fixed	NT=Trypsin;AC=MS:1001251	not available	dithiothreitol (dtt)	7	1	oecf1-221228-GC3207-TMT7-SMA21-F7.raw	ftp://ftp.pride.ebi.ac.uk/pride/data/archive/2025/05/PXD054900/oecf1-221228-GC3207-TMT7-SMA21-F7.raw	v1.1.0	NT=ms-proteomics;VV=v1.1.0	NT=clinical-metadata;VV=v1.0.0	manual curation	muscle
oecf1-221216-GC3203-TMT7-SMA14-FTW	homo sapiens	muscle	not applicable	spinal muscular atrophy	adult	1	oecf1-221216-GC3203-TMT7-SMA14-FTW	proteomic profiling by mass spectrometry	NT=Data-dependent acquisition;AC=PRIDE:0000627	NT=isotope labeling;AC=PRIDE:0000310	NT=q exactive;AC=MS:1001911	NT=TMT6plex;AC=UNIMOD:737;TA=K;MT=Fixed	NT=Dimethyl;AC=UNIMOD:36;TA=K;MT=Variable	NT=Carbamidomethyl;AC=UNIMOD:4;TA=C;MT=Fixed	NT=Trypsin;AC=MS:1001251	not available	dithiothreitol (dtt)	1	1	oecf1-221216-GC3203-TMT7-SMA14-FTW.raw	ftp://ftp.pride.ebi.ac.uk/pride/data/archive/2025/05/PXD054900/oecf1-221216-GC3203-TMT7-SMA14-FTW.raw	v1.1.0	NT=ms-proteomics;VV=v1.1.0	NT=clinical-metadata;VV=v1.0.0	manual curation	muscle
oecf1-221206-GC3201-TMT7-SMA17-F2	homo sapiens	muscle	not applicable	spinal muscular atrophy	adult	1	oecf1-221206-GC3201-TMT7-SMA17-F2	proteomic profiling by mass spectrometry	NT=Data-dependent acquisition;AC=PRIDE:0000627	NT=isotope labeling;AC=PRIDE:0000310	NT=q exactive;AC=MS:1001911	NT=TMT6plex;AC=UNIMOD:737;TA=K;MT=Fixed	NT=Dimethyl;AC=UNIMOD:36;TA=K;MT=Variable	NT=Carbamidomethyl;AC=UNIMOD:4;TA=C;MT=Fixed	NT=Trypsin;AC=MS:1001251	not available	dithiothreitol (dtt)	2	1	oecf1-221206-GC3201-TMT7-SMA17-F2.raw	ftp://ftp.pride.ebi.ac.uk/pride/data/archive/2025/05/PXD054900/oecf1-221206-GC3201-TMT7-SMA17-F2.raw	v1.1.0	NT=ms-proteomics;VV=v1.1.0	NT=clinical-metadata;VV=v1.0.0	manual curation	muscle
oecf1-220830-GC3180-TMT7-SMA20-F4	homo sapiens	muscle	not applicable	spinal muscular atrophy	adult	1	oecf1-220830-GC3180-TMT7-SMA20-F4	proteomic profiling by mass spectrometry	NT=Data-dependent acquisition;AC=PRIDE:0000627	NT=isotope labeling;AC=PRIDE:0000310	NT=q exactive;AC=MS:1001911	NT=TMT6plex;AC=UNIMOD:737;TA=K;MT=Fixed	NT=Dimethyl;AC=UNIMOD:36;TA=K;MT=Variable	NT=Carbamidomethyl;AC=UNIMOD:4;TA=C;MT=Fixed	NT=Trypsin;AC=MS:1001251	not available	dithiothreitol (dtt)	4	1	oecf1-220830-GC3180-TMT7-SMA20-F4.raw	ftp://ftp.pride.ebi.ac.uk/pride/data/archive/2025/05/PXD054900/oecf1-220830-GC3180-TMT7-SMA20-F4.raw	v1.1.0	NT=ms-proteomics;VV=v1.1.0	NT=clinical-metadata;VV=v1.0.0	manual curation	muscle
oecf1-221114-GC3196-q-nC18-SMA10-10	homo sapiens	muscle	not applicable	spinal muscular atrophy	adult	10	oecf1-221114-GC3196-q-nC18-SMA10-10	proteomic profiling by mass spectrometry	NT=Data-dependent acquisition;AC=PRIDE:0000627	NT=isotope labeling;AC=PRIDE:0000310	NT=q exactive;AC=MS:1001911	NT=TMT6plex;AC=UNIMOD:737;TA=K;MT=Fixed	NT=Dimethyl;AC=UNIMOD:36;TA=K;MT=Variable	NT=Carbamidomethyl;AC=UNIMOD:4;TA=C;MT=Fixed	NT=Trypsin;AC=MS:1001251	not available	dithiothreitol (dtt)	1	1	oecf1-221114-GC3196-q-nC18-SMA10-10.raw	ftp://ftp.pride.ebi.ac.uk/pride/data/archive/2025/05/PXD054900/oecf1-221114-GC3196-q-nC18-SMA10-10.raw	v1.1.0	NT=ms-proteomics;VV=v1.1.0	NT=clinical-metadata;VV=v1.0.0	manual curation	muscle
oecf1-221204-GC3200-TMT7-SMA01-F8	homo sapiens	muscle	not applicable	spinal muscular atrophy	adult	1	oecf1-221204-GC3200-TMT7-SMA01-F8	proteomic profiling by mass spectrometry	NT=Data-dependent acquisition;AC=PRIDE:0000627	NT=isotope labeling;AC=PRIDE:0000310	NT=q exactive;AC=MS:1001911	NT=TMT6plex;AC=UNIMOD:737;TA=K;MT=Fixed	NT=Dimethyl;AC=UNIMOD:36;TA=K;MT=Variable	NT=Carbamidomethyl;AC=UNIMOD:4;TA=C;MT=Fixed	NT=Trypsin;AC=MS:1001251	not available	dithiothreitol (dtt)	8	1	oecf1-221204-GC3200-TMT7-SMA01-F8.raw	ftp://ftp.pride.ebi.ac.uk/pride/data/archive/2025/05/PXD054900/oecf1-221204-GC3200-TMT7-SMA01-F8.raw	v1.1.0	NT=ms-proteomics;VV=v1.1.0	NT=clinical-metadata;VV=v1.0.0	manual curation	muscle
oecf1-221216-GC3203-TMT7-SMA13-F2	homo sapiens	muscle	not applicable	spinal muscular atrophy	adult	1	oecf1-221216-GC3203-TMT7-SMA13-F2	proteomic profiling by mass spectrometry	NT=Data-dependent acquisition;AC=PRIDE:0000627	NT=isotope labeling;AC=PRIDE:0000310	NT=q exactive;AC=MS:1001911	NT=TMT6plex;AC=UNIMOD:737;TA=K;MT=Fixed	NT=Dimethyl;AC=UNIMOD:36;TA=K;MT=Variable	NT=Carbamidomethyl;AC=UNIMOD:4;TA=C;MT=Fixed	NT=Trypsin;AC=MS:1001251	not available	dithiothreitol (dtt)	2	1	oecf1-221216-GC3203-TMT7-SMA13-F2.raw	ftp://ftp.pride.ebi.ac.uk/pride/data/archive/2025/05/PXD054900/oecf1-221216-GC3203-TMT7-SMA13-F2.raw	v1.1.0	NT=ms-proteomics;VV=v1.1.0	NT=clinical-metadata;VV=v1.0.0	manual curation	muscle
oecf1-221024-GC3193-q-nC18-SMA15-04	homo sapiens	muscle	not applicable	spinal muscular atrophy	adult	4	oecf1-221024-GC3193-q-nC18-SMA15-04	proteomic profiling by mass spectrometry	NT=Data-dependent acquisition;AC=PRIDE:0000627	NT=isotope labeling;AC=PRIDE:0000310	NT=q exactive;AC=MS:1001911	NT=TMT6plex;AC=UNIMOD:737;TA=K;MT=Fixed	NT=Dimethyl;AC=UNIMOD:36;TA=K;MT=Variable	NT=Carbamidomethyl;AC=UNIMOD:4;TA=C;MT=Fixed	NT=Trypsin;AC=MS:1001251	not available	dithiothreitol (dtt)	1	1	oecf1-221024-GC3193-q-nC18-SMA15-04.raw	ftp://ftp.pride.ebi.ac.uk/pride/data/archive/2025/05/PXD054900/oecf1-221024-GC3193-q-nC18-SMA15-04.raw	v1.1.0	NT=ms-proteomics;VV=v1.1.0	NT=clinical-metadata;VV=v1.0.0	manual curation	muscle
oecf1-221115-GC3197-q-nC18-SMA04-12	homo sapiens	muscle	not applicable	spinal muscular atrophy	adult	12	oecf1-221115-GC3197-q-nC18-SMA04-12	proteomic profiling by mass spectrometry	NT=Data-dependent acquisition;AC=PRIDE:0000627	NT=isotope labeling;AC=PRIDE:0000310	NT=q exactive;AC=MS:1001911	NT=TMT6plex;AC=UNIMOD:737;TA=K;MT=Fixed	NT=Dimethyl;AC=UNIMOD:36;TA=K;MT=Variable	NT=Carbamidomethyl;AC=UNIMOD:4;TA=C;MT=Fixed	NT=Trypsin;AC=MS:1001251	not available	dithiothreitol (dtt)	1	1	oecf1-221115-GC3197-q-nC18-SMA04-12.raw	ftp://ftp.pride.ebi.ac.uk/pride/data/archive/2025/05/PXD054900/oecf1-221115-GC3197-q-nC18-SMA04-12.raw	v1.1.0	NT=ms-proteomics;VV=v1.1.0	NT=clinical-metadata;VV=v1.0.0	manual curation	muscle
oecf1-221024-GC3193-q-nC18-SMA15-01	homo sapiens	muscle	not applicable	spinal muscular atrophy	adult	1	oecf1-221024-GC3193-q-nC18-SMA15-01	proteomic profiling by mass spectrometry	NT=Data-dependent acquisition;AC=PRIDE:0000627	NT=isotope labeling;AC=PRIDE:0000310	NT=q exactive;AC=MS:1001911	NT=TMT6plex;AC=UNIMOD:737;TA=K;MT=Fixed	NT=Dimethyl;AC=UNIMOD:36;TA=K;MT=Variable	NT=Carbamidomethyl;AC=UNIMOD:4;TA=C;MT=Fixed	NT=Trypsin;AC=MS:1001251	not available	dithiothreitol (dtt)	1	1	oecf1-221024-GC3193-q-nC18-SMA15-01.raw	ftp://ftp.pride.ebi.ac.uk/pride/data/archive/2025/05/PXD054900/oecf1-221024-GC3193-q-nC18-SMA15-01.raw	v1.1.0	NT=ms-proteomics;VV=v1.1.0	NT=clinical-metadata;VV=v1.0.0	manual curation	muscle
oecf1-221115-GC3197-q-nC18-SMA23-06	homo sapiens	muscle	not applicable	spinal muscular atrophy	adult	6	oecf1-221115-GC3197-q-nC18-SMA23-06	proteomic profiling by mass spectrometry	NT=Data-dependent acquisition;AC=PRIDE:0000627	NT=isotope labeling;AC=PRIDE:0000310	NT=q exactive;AC=MS:1001911	NT=TMT6plex;AC=UNIMOD:737;TA=K;MT=Fixed	NT=Dimethyl;AC=UNIMOD:36;TA=K;MT=Variable	NT=Carbamidomethyl;AC=UNIMOD:4;TA=C;MT=Fixed	NT=Trypsin;AC=MS:1001251	not available	dithiothreitol (dtt)	1	1	oecf1-221115-GC3197-q-nC18-SMA23-06.raw	ftp://ftp.pride.ebi.ac.uk/pride/data/archive/2025/05/PXD054900/oecf1-221115-GC3197-q-nC18-SMA23-06.raw	v1.1.0	NT=ms-proteomics;VV=v1.1.0	NT=clinical-metadata;VV=v1.0.0	manual curation	muscle
oecf1-221216-GC3203-TMT7-SMA12-FTW	homo sapiens	muscle	not applicable	spinal muscular atrophy	adult	1	oecf1-221216-GC3203-TMT7-SMA12-FTW	proteomic profiling by mass spectrometry	NT=Data-dependent acquisition;AC=PRIDE:0000627	NT=isotope labeling;AC=PRIDE:0000310	NT=q exactive;AC=MS:1001911	NT=TMT6plex;AC=UNIMOD:737;TA=K;MT=Fixed	NT=Dimethyl;AC=UNIMOD:36;TA=K;MT=Variable	NT=Carbamidomethyl;AC=UNIMOD:4;TA=C;MT=Fixed	NT=Trypsin;AC=MS:1001251	not available	dithiothreitol (dtt)	1	1	oecf1-221216-GC3203-TMT7-SMA12-FTW.raw	ftp://ftp.pride.ebi.ac.uk/pride/data/archive/2025/05/PXD054900/oecf1-221216-GC3203-TMT7-SMA12-FTW.raw	v1.1.0	NT=ms-proteomics;VV=v1.1.0	NT=clinical-metadata;VV=v1.0.0	manual curation	muscle
oecf1-221222-GC3206-TMT7-SMA10-F7	homo sapiens	muscle	not applicable	spinal muscular atrophy	adult	1	oecf1-221222-GC3206-TMT7-SMA10-F7	proteomic profiling by mass spectrometry	NT=Data-dependent acquisition;AC=PRIDE:0000627	NT=isotope labeling;AC=PRIDE:0000310	NT=q exactive;AC=MS:1001911	NT=TMT6plex;AC=UNIMOD:737;TA=K;MT=Fixed	NT=Dimethyl;AC=UNIMOD:36;TA=K;MT=Variable	NT=Carbamidomethyl;AC=UNIMOD:4;TA=C;MT=Fixed	NT=Trypsin;AC=MS:1001251	not available	dithiothreitol (dtt)	7	1	oecf1-221222-GC3206-TMT7-SMA10-F7.raw	ftp://ftp.pride.ebi.ac.uk/pride/data/archive/2025/05/PXD054900/oecf1-221222-GC3206-TMT7-SMA10-F7.raw	v1.1.0	NT=ms-proteomics;VV=v1.1.0	NT=clinical-metadata;VV=v1.0.0	manual curation	muscle
oecf1-221115-GC3197-q-nC18-SMA22-01	homo sapiens	muscle	not applicable	spinal muscular atrophy	adult	1	oecf1-221115-GC3197-q-nC18-SMA22-01	proteomic profiling by mass spectrometry	NT=Data-dependent acquisition;AC=PRIDE:0000627	NT=isotope labeling;AC=PRIDE:0000310	NT=q exactive;AC=MS:1001911	NT=TMT6plex;AC=UNIMOD:737;TA=K;MT=Fixed	NT=Dimethyl;AC=UNIMOD:36;TA=K;MT=Variable	NT=Carbamidomethyl;AC=UNIMOD:4;TA=C;MT=Fixed	NT=Trypsin;AC=MS:1001251	not available	dithiothreitol (dtt)	1	1	oecf1-221115-GC3197-q-nC18-SMA22-01.raw	ftp://ftp.pride.ebi.ac.uk/pride/data/archive/2025/05/PXD054900/oecf1-221115-GC3197-q-nC18-SMA22-01.raw	v1.1.0	NT=ms-proteomics;VV=v1.1.0	NT=clinical-metadata;VV=v1.0.0	manual curation	muscle
oecf1-221228-GC3207-TMT7-SMA22-F7	homo sapiens	muscle	not applicable	spinal muscular atrophy	adult	1	oecf1-221228-GC3207-TMT7-SMA22-F7	proteomic profiling by mass spectrometry	NT=Data-dependent acquisition;AC=PRIDE:0000627	NT=isotope labeling;AC=PRIDE:0000310	NT=q exactive;AC=MS:1001911	NT=TMT6plex;AC=UNIMOD:737;TA=K;MT=Fixed	NT=Dimethyl;AC=UNIMOD:36;TA=K;MT=Variable	NT=Carbamidomethyl;AC=UNIMOD:4;TA=C;MT=Fixed	NT=Trypsin;AC=MS:1001251	not available	dithiothreitol (dtt)	7	1	oecf1-221228-GC3207-TMT7-SMA22-F7.raw	ftp://ftp.pride.ebi.ac.uk/pride/data/archive/2025/05/PXD054900/oecf1-221228-GC3207-TMT7-SMA22-F7.raw	v1.1.0	NT=ms-proteomics;VV=v1.1.0	NT=clinical-metadata;VV=v1.0.0	manual curation	muscle
oecf1-221222-GC3206-TMT7-SMA10-F1	homo sapiens	muscle	not applicable	spinal muscular atrophy	adult	1	oecf1-221222-GC3206-TMT7-SMA10-F1	proteomic profiling by mass spectrometry	NT=Data-dependent acquisition;AC=PRIDE:0000627	NT=isotope labeling;AC=PRIDE:0000310	NT=q exactive;AC=MS:1001911	NT=TMT6plex;AC=UNIMOD:737;TA=K;MT=Fixed	NT=Dimethyl;AC=UNIMOD:36;TA=K;MT=Variable	NT=Carbamidomethyl;AC=UNIMOD:4;TA=C;MT=Fixed	NT=Trypsin;AC=MS:1001251	not available	dithiothreitol (dtt)	1	1	oecf1-221222-GC3206-TMT7-SMA10-F1.raw	ftp://ftp.pride.ebi.ac.uk/pride/data/archive/2025/05/PXD054900/oecf1-221222-GC3206-TMT7-SMA10-F1.raw	v1.1.0	NT=ms-proteomics;VV=v1.1.0	NT=clinical-metadata;VV=v1.0.0	manual curation	muscle
oecf1-221114-GC3196-q-nC18-SMA13-12	homo sapiens	muscle	not applicable	spinal muscular atrophy	adult	12	oecf1-221114-GC3196-q-nC18-SMA13-12	proteomic profiling by mass spectrometry	NT=Data-dependent acquisition;AC=PRIDE:0000627	NT=isotope labeling;AC=PRIDE:0000310	NT=q exactive;AC=MS:1001911	NT=TMT6plex;AC=UNIMOD:737;TA=K;MT=Fixed	NT=Dimethyl;AC=UNIMOD:36;TA=K;MT=Variable	NT=Carbamidomethyl;AC=UNIMOD:4;TA=C;MT=Fixed	NT=Trypsin;AC=MS:1001251	not available	dithiothreitol (dtt)	1	1	oecf1-221114-GC3196-q-nC18-SMA13-12.raw	ftp://ftp.pride.ebi.ac.uk/pride/data/archive/2025/05/PXD054900/oecf1-221114-GC3196-q-nC18-SMA13-12.raw	v1.1.0	NT=ms-proteomics;VV=v1.1.0	NT=clinical-metadata;VV=v1.0.0	manual curation	muscle
oecf1-221216-GC3203-TMT7-SMA14-F5	homo sapiens	muscle	not applicable	spinal muscular atrophy	adult	1	oecf1-221216-GC3203-TMT7-SMA14-F5	proteomic profiling by mass spectrometry	NT=Data-dependent acquisition;AC=PRIDE:0000627	NT=isotope labeling;AC=PRIDE:0000310	NT=q exactive;AC=MS:1001911	NT=TMT6plex;AC=UNIMOD:737;TA=K;MT=Fixed	NT=Dimethyl;AC=UNIMOD:36;TA=K;MT=Variable	NT=Carbamidomethyl;AC=UNIMOD:4;TA=C;MT=Fixed	NT=Trypsin;AC=MS:1001251	not available	dithiothreitol (dtt)	5	1	oecf1-221216-GC3203-TMT7-SMA14-F5.raw	ftp://ftp.pride.ebi.ac.uk/pride/data/archive/2025/05/PXD054900/oecf1-221216-GC3203-TMT7-SMA14-F5.raw	v1.1.0	NT=ms-proteomics;VV=v1.1.0	NT=clinical-metadata;VV=v1.0.0	manual curation	muscle
oecf1-221222-GC3206-TMT7-SMA03-F8	homo sapiens	muscle	not applicable	spinal muscular atrophy	adult	1	oecf1-221222-GC3206-TMT7-SMA03-F8	proteomic profiling by mass spectrometry	NT=Data-dependent acquisition;AC=PRIDE:0000627	NT=isotope labeling;AC=PRIDE:0000310	NT=q exactive;AC=MS:1001911	NT=TMT6plex;AC=UNIMOD:737;TA=K;MT=Fixed	NT=Dimethyl;AC=UNIMOD:36;TA=K;MT=Variable	NT=Carbamidomethyl;AC=UNIMOD:4;TA=C;MT=Fixed	NT=Trypsin;AC=MS:1001251	not available	dithiothreitol (dtt)	8	1	oecf1-221222-GC3206-TMT7-SMA03-F8.raw	ftp://ftp.pride.ebi.ac.uk/pride/data/archive/2025/05/PXD054900/oecf1-221222-GC3206-TMT7-SMA03-F8.raw	v1.1.0	NT=ms-proteomics;VV=v1.1.0	NT=clinical-metadata;VV=v1.0.0	manual curation	muscle
oecf1-221222-GC3206-TMT7-SMA02-F3	homo sapiens	muscle	not applicable	spinal muscular atrophy	adult	1	oecf1-221222-GC3206-TMT7-SMA02-F3	proteomic profiling by mass spectrometry	NT=Data-dependent acquisition;AC=PRIDE:0000627	NT=isotope labeling;AC=PRIDE:0000310	NT=q exactive;AC=MS:1001911	NT=TMT6plex;AC=UNIMOD:737;TA=K;MT=Fixed	NT=Dimethyl;AC=UNIMOD:36;TA=K;MT=Variable	NT=Carbamidomethyl;AC=UNIMOD:4;TA=C;MT=Fixed	NT=Trypsin;AC=MS:1001251	not available	dithiothreitol (dtt)	3	1	oecf1-221222-GC3206-TMT7-SMA02-F3.raw	ftp://ftp.pride.ebi.ac.uk/pride/data/archive/2025/05/PXD054900/oecf1-221222-GC3206-TMT7-SMA02-F3.raw	v1.1.0	NT=ms-proteomics;VV=v1.1.0	NT=clinical-metadata;VV=v1.0.0	manual curation	muscle
oecf1-221114-GC3196-q-nC18-SMA11-08	homo sapiens	muscle	not applicable	spinal muscular atrophy	adult	8	oecf1-221114-GC3196-q-nC18-SMA11-08	proteomic profiling by mass spectrometry	NT=Data-dependent acquisition;AC=PRIDE:0000627	NT=isotope labeling;AC=PRIDE:0000310	NT=q exactive;AC=MS:1001911	NT=TMT6plex;AC=UNIMOD:737;TA=K;MT=Fixed	NT=Dimethyl;AC=UNIMOD:36;TA=K;MT=Variable	NT=Carbamidomethyl;AC=UNIMOD:4;TA=C;MT=Fixed	NT=Trypsin;AC=MS:1001251	not available	dithiothreitol (dtt)	1	1	oecf1-221114-GC3196-q-nC18-SMA11-08.raw	ftp://ftp.pride.ebi.ac.uk/pride/data/archive/2025/05/PXD054900/oecf1-221114-GC3196-q-nC18-SMA11-08.raw	v1.1.0	NT=ms-proteomics;VV=v1.1.0	NT=clinical-metadata;VV=v1.0.0	manual curation	muscle
oecf1-221204-GC3200-TMT7-SMA05-F5	homo sapiens	muscle	not applicable	spinal muscular atrophy	adult	1	oecf1-221204-GC3200-TMT7-SMA05-F5	proteomic profiling by mass spectrometry	NT=Data-dependent acquisition;AC=PRIDE:0000627	NT=isotope labeling;AC=PRIDE:0000310	NT=q exactive;AC=MS:1001911	NT=TMT6plex;AC=UNIMOD:737;TA=K;MT=Fixed	NT=Dimethyl;AC=UNIMOD:36;TA=K;MT=Variable	NT=Carbamidomethyl;AC=UNIMOD:4;TA=C;MT=Fixed	NT=Trypsin;AC=MS:1001251	not available	dithiothreitol (dtt)	5	1	oecf1-221204-GC3200-TMT7-SMA05-F5.raw	ftp://ftp.pride.ebi.ac.uk/pride/data/archive/2025/05/PXD054900/oecf1-221204-GC3200-TMT7-SMA05-F5.raw	v1.1.0	NT=ms-proteomics;VV=v1.1.0	NT=clinical-metadata;VV=v1.0.0	manual curation	muscle
oecf1-221114-GC3196-q-nC18-SMA10-04	homo sapiens	muscle	not applicable	spinal muscular atrophy	adult	4	oecf1-221114-GC3196-q-nC18-SMA10-04	proteomic profiling by mass spectrometry	NT=Data-dependent acquisition;AC=PRIDE:0000627	NT=isotope labeling;AC=PRIDE:0000310	NT=q exactive;AC=MS:1001911	NT=TMT6plex;AC=UNIMOD:737;TA=K;MT=Fixed	NT=Dimethyl;AC=UNIMOD:36;TA=K;MT=Variable	NT=Carbamidomethyl;AC=UNIMOD:4;TA=C;MT=Fixed	NT=Trypsin;AC=MS:1001251	not available	dithiothreitol (dtt)	1	1	oecf1-221114-GC3196-q-nC18-SMA10-04.raw	ftp://ftp.pride.ebi.ac.uk/pride/data/archive/2025/05/PXD054900/oecf1-221114-GC3196-q-nC18-SMA10-04.raw	v1.1.0	NT=ms-proteomics;VV=v1.1.0	NT=clinical-metadata;VV=v1.0.0	manual curation	muscle
oecf1-221115-GC3197-q-nC18-SMA24-08	homo sapiens	muscle	not applicable	spinal muscular atrophy	adult	8	oecf1-221115-GC3197-q-nC18-SMA24-08	proteomic profiling by mass spectrometry	NT=Data-dependent acquisition;AC=PRIDE:0000627	NT=isotope labeling;AC=PRIDE:0000310	NT=q exactive;AC=MS:1001911	NT=TMT6plex;AC=UNIMOD:737;TA=K;MT=Fixed	NT=Dimethyl;AC=UNIMOD:36;TA=K;MT=Variable	NT=Carbamidomethyl;AC=UNIMOD:4;TA=C;MT=Fixed	NT=Trypsin;AC=MS:1001251	not available	dithiothreitol (dtt)	1	1	oecf1-221115-GC3197-q-nC18-SMA24-08.raw	ftp://ftp.pride.ebi.ac.uk/pride/data/archive/2025/05/PXD054900/oecf1-221115-GC3197-q-nC18-SMA24-08.raw	v1.1.0	NT=ms-proteomics;VV=v1.1.0	NT=clinical-metadata;VV=v1.0.0	manual curation	muscle
oecf1-221216-GC3203-TMT7-SMA14-F2	homo sapiens	muscle	not applicable	spinal muscular atrophy	adult	1	oecf1-221216-GC3203-TMT7-SMA14-F2	proteomic profiling by mass spectrometry	NT=Data-dependent acquisition;AC=PRIDE:0000627	NT=isotope labeling;AC=PRIDE:0000310	NT=q exactive;AC=MS:1001911	NT=TMT6plex;AC=UNIMOD:737;TA=K;MT=Fixed	NT=Dimethyl;AC=UNIMOD:36;TA=K;MT=Variable	NT=Carbamidomethyl;AC=UNIMOD:4;TA=C;MT=Fixed	NT=Trypsin;AC=MS:1001251	not available	dithiothreitol (dtt)	2	1	oecf1-221216-GC3203-TMT7-SMA14-F2.raw	ftp://ftp.pride.ebi.ac.uk/pride/data/archive/2025/05/PXD054900/oecf1-221216-GC3203-TMT7-SMA14-F2.raw	v1.1.0	NT=ms-proteomics;VV=v1.1.0	NT=clinical-metadata;VV=v1.0.0	manual curation	muscle
oecf1-221024-GC3193-q-nC18-SMA15-06	homo sapiens	muscle	not applicable	spinal muscular atrophy	adult	6	oecf1-221024-GC3193-q-nC18-SMA15-06	proteomic profiling by mass spectrometry	NT=Data-dependent acquisition;AC=PRIDE:0000627	NT=isotope labeling;AC=PRIDE:0000310	NT=q exactive;AC=MS:1001911	NT=TMT6plex;AC=UNIMOD:737;TA=K;MT=Fixed	NT=Dimethyl;AC=UNIMOD:36;TA=K;MT=Variable	NT=Carbamidomethyl;AC=UNIMOD:4;TA=C;MT=Fixed	NT=Trypsin;AC=MS:1001251	not available	dithiothreitol (dtt)	1	1	oecf1-221024-GC3193-q-nC18-SMA15-06.raw	ftp://ftp.pride.ebi.ac.uk/pride/data/archive/2025/05/PXD054900/oecf1-221024-GC3193-q-nC18-SMA15-06.raw	v1.1.0	NT=ms-proteomics;VV=v1.1.0	NT=clinical-metadata;VV=v1.0.0	manual curation	muscle
oecf1-221210-GC3202-TMT7-SMA04-F1	homo sapiens	muscle	not applicable	spinal muscular atrophy	adult	1	oecf1-221210-GC3202-TMT7-SMA04-F1	proteomic profiling by mass spectrometry	NT=Data-dependent acquisition;AC=PRIDE:0000627	NT=isotope labeling;AC=PRIDE:0000310	NT=q exactive;AC=MS:1001911	NT=TMT6plex;AC=UNIMOD:737;TA=K;MT=Fixed	NT=Dimethyl;AC=UNIMOD:36;TA=K;MT=Variable	NT=Carbamidomethyl;AC=UNIMOD:4;TA=C;MT=Fixed	NT=Trypsin;AC=MS:1001251	not available	dithiothreitol (dtt)	1	1	oecf1-221210-GC3202-TMT7-SMA04-F1.raw	ftp://ftp.pride.ebi.ac.uk/pride/data/archive/2025/05/PXD054900/oecf1-221210-GC3202-TMT7-SMA04-F1.raw	v1.1.0	NT=ms-proteomics;VV=v1.1.0	NT=clinical-metadata;VV=v1.0.0	manual curation	muscle
oecf1-221203_GC3198-q-nC18-SMA20-01	homo sapiens	muscle	not applicable	spinal muscular atrophy	adult	1	oecf1-221203_GC3198-q-nC18-SMA20-01	proteomic profiling by mass spectrometry	NT=Data-dependent acquisition;AC=PRIDE:0000627	NT=isotope labeling;AC=PRIDE:0000310	NT=q exactive;AC=MS:1001911	NT=TMT6plex;AC=UNIMOD:737;TA=K;MT=Fixed	NT=Dimethyl;AC=UNIMOD:36;TA=K;MT=Variable	NT=Carbamidomethyl;AC=UNIMOD:4;TA=C;MT=Fixed	NT=Trypsin;AC=MS:1001251	not available	dithiothreitol (dtt)	1	1	oecf1-221203_GC3198-q-nC18-SMA20-01.raw	ftp://ftp.pride.ebi.ac.uk/pride/data/archive/2025/05/PXD054900/oecf1-221203_GC3198-q-nC18-SMA20-01.raw	v1.1.0	NT=ms-proteomics;VV=v1.1.0	NT=clinical-metadata;VV=v1.0.0	manual curation	muscle
oecf1-221228-GC3207-TMT7-SMA19-F1	homo sapiens	muscle	not applicable	spinal muscular atrophy	adult	1	oecf1-221228-GC3207-TMT7-SMA19-F1	proteomic profiling by mass spectrometry	NT=Data-dependent acquisition;AC=PRIDE:0000627	NT=isotope labeling;AC=PRIDE:0000310	NT=q exactive;AC=MS:1001911	NT=TMT6plex;AC=UNIMOD:737;TA=K;MT=Fixed	NT=Dimethyl;AC=UNIMOD:36;TA=K;MT=Variable	NT=Carbamidomethyl;AC=UNIMOD:4;TA=C;MT=Fixed	NT=Trypsin;AC=MS:1001251	not available	dithiothreitol (dtt)	1	1	oecf1-221228-GC3207-TMT7-SMA19-F1.raw	ftp://ftp.pride.ebi.ac.uk/pride/data/archive/2025/05/PXD054900/oecf1-221228-GC3207-TMT7-SMA19-F1.raw	v1.1.0	NT=ms-proteomics;VV=v1.1.0	NT=clinical-metadata;VV=v1.0.0	manual curation	muscle
oecf1-221025-GC3194-q-nC18-SMA01-01	homo sapiens	muscle	not applicable	spinal muscular atrophy	adult	1	oecf1-221025-GC3194-q-nC18-SMA01-01	proteomic profiling by mass spectrometry	NT=Data-dependent acquisition;AC=PRIDE:0000627	NT=isotope labeling;AC=PRIDE:0000310	NT=q exactive;AC=MS:1001911	NT=TMT6plex;AC=UNIMOD:737;TA=K;MT=Fixed	NT=Dimethyl;AC=UNIMOD:36;TA=K;MT=Variable	NT=Carbamidomethyl;AC=UNIMOD:4;TA=C;MT=Fixed	NT=Trypsin;AC=MS:1001251	not available	dithiothreitol (dtt)	1	1	oecf1-221025-GC3194-q-nC18-SMA01-01.raw	ftp://ftp.pride.ebi.ac.uk/pride/data/archive/2025/05/PXD054900/oecf1-221025-GC3194-q-nC18-SMA01-01.raw	v1.1.0	NT=ms-proteomics;VV=v1.1.0	NT=clinical-metadata;VV=v1.0.0	manual curation	muscle
oecf1-221024-GC3193-q-nC18-SMA17-06	homo sapiens	muscle	not applicable	spinal muscular atrophy	adult	6	oecf1-221024-GC3193-q-nC18-SMA17-06	proteomic profiling by mass spectrometry	NT=Data-dependent acquisition;AC=PRIDE:0000627	NT=isotope labeling;AC=PRIDE:0000310	NT=q exactive;AC=MS:1001911	NT=TMT6plex;AC=UNIMOD:737;TA=K;MT=Fixed	NT=Dimethyl;AC=UNIMOD:36;TA=K;MT=Variable	NT=Carbamidomethyl;AC=UNIMOD:4;TA=C;MT=Fixed	NT=Trypsin;AC=MS:1001251	not available	dithiothreitol (dtt)	1	1	oecf1-221024-GC3193-q-nC18-SMA17-06.raw	ftp://ftp.pride.ebi.ac.uk/pride/data/archive/2025/05/PXD054900/oecf1-221024-GC3193-q-nC18-SMA17-06.raw	v1.1.0	NT=ms-proteomics;VV=v1.1.0	NT=clinical-metadata;VV=v1.0.0	manual curation	muscle
oecf1-221228-GC3207-TMT7-SMA21-F1	homo sapiens	muscle	not applicable	spinal muscular atrophy	adult	1	oecf1-221228-GC3207-TMT7-SMA21-F1	proteomic profiling by mass spectrometry	NT=Data-dependent acquisition;AC=PRIDE:0000627	NT=isotope labeling;AC=PRIDE:0000310	NT=q exactive;AC=MS:1001911	NT=TMT6plex;AC=UNIMOD:737;TA=K;MT=Fixed	NT=Dimethyl;AC=UNIMOD:36;TA=K;MT=Variable	NT=Carbamidomethyl;AC=UNIMOD:4;TA=C;MT=Fixed	NT=Trypsin;AC=MS:1001251	not available	dithiothreitol (dtt)	1	1	oecf1-221228-GC3207-TMT7-SMA21-F1.raw	ftp://ftp.pride.ebi.ac.uk/pride/data/archive/2025/05/PXD054900/oecf1-221228-GC3207-TMT7-SMA21-F1.raw	v1.1.0	NT=ms-proteomics;VV=v1.1.0	NT=clinical-metadata;VV=v1.0.0	manual curation	muscle
oecf1-221026-GC3195-q-nC18-SMA06-10	homo sapiens	muscle	not applicable	spinal muscular atrophy	adult	10	oecf1-221026-GC3195-q-nC18-SMA06-10	proteomic profiling by mass spectrometry	NT=Data-dependent acquisition;AC=PRIDE:0000627	NT=isotope labeling;AC=PRIDE:0000310	NT=q exactive;AC=MS:1001911	NT=TMT6plex;AC=UNIMOD:737;TA=K;MT=Fixed	NT=Dimethyl;AC=UNIMOD:36;TA=K;MT=Variable	NT=Carbamidomethyl;AC=UNIMOD:4;TA=C;MT=Fixed	NT=Trypsin;AC=MS:1001251	not available	dithiothreitol (dtt)	1	1	oecf1-221026-GC3195-q-nC18-SMA06-10.raw	ftp://ftp.pride.ebi.ac.uk/pride/data/archive/2025/05/PXD054900/oecf1-221026-GC3195-q-nC18-SMA06-10.raw	v1.1.0	NT=ms-proteomics;VV=v1.1.0	NT=clinical-metadata;VV=v1.0.0	manual curation	muscle
oecf1-221115-GC3197-q-nC18-SMA23-04	homo sapiens	muscle	not applicable	spinal muscular atrophy	adult	4	oecf1-221115-GC3197-q-nC18-SMA23-04	proteomic profiling by mass spectrometry	NT=Data-dependent acquisition;AC=PRIDE:0000627	NT=isotope labeling;AC=PRIDE:0000310	NT=q exactive;AC=MS:1001911	NT=TMT6plex;AC=UNIMOD:737;TA=K;MT=Fixed	NT=Dimethyl;AC=UNIMOD:36;TA=K;MT=Variable	NT=Carbamidomethyl;AC=UNIMOD:4;TA=C;MT=Fixed	NT=Trypsin;AC=MS:1001251	not available	dithiothreitol (dtt)	1	1	oecf1-221115-GC3197-q-nC18-SMA23-04.raw	ftp://ftp.pride.ebi.ac.uk/pride/data/archive/2025/05/PXD054900/oecf1-221115-GC3197-q-nC18-SMA23-04.raw	v1.1.0	NT=ms-proteomics;VV=v1.1.0	NT=clinical-metadata;VV=v1.0.0	manual curation	muscle
oecf1-221222-GC3206-TMT7-SMA03-F7	homo sapiens	muscle	not applicable	spinal muscular atrophy	adult	1	oecf1-221222-GC3206-TMT7-SMA03-F7	proteomic profiling by mass spectrometry	NT=Data-dependent acquisition;AC=PRIDE:0000627	NT=isotope labeling;AC=PRIDE:0000310	NT=q exactive;AC=MS:1001911	NT=TMT6plex;AC=UNIMOD:737;TA=K;MT=Fixed	NT=Dimethyl;AC=UNIMOD:36;TA=K;MT=Variable	NT=Carbamidomethyl;AC=UNIMOD:4;TA=C;MT=Fixed	NT=Trypsin;AC=MS:1001251	not available	dithiothreitol (dtt)	7	1	oecf1-221222-GC3206-TMT7-SMA03-F7.raw	ftp://ftp.pride.ebi.ac.uk/pride/data/archive/2025/05/PXD054900/oecf1-221222-GC3206-TMT7-SMA03-F7.raw	v1.1.0	NT=ms-proteomics;VV=v1.1.0	NT=clinical-metadata;VV=v1.0.0	manual curation	muscle
oecf1-221228-GC3207-TMT7-SMA19-F6	homo sapiens	muscle	not applicable	spinal muscular atrophy	adult	1	oecf1-221228-GC3207-TMT7-SMA19-F6	proteomic profiling by mass spectrometry	NT=Data-dependent acquisition;AC=PRIDE:0000627	NT=isotope labeling;AC=PRIDE:0000310	NT=q exactive;AC=MS:1001911	NT=TMT6plex;AC=UNIMOD:737;TA=K;MT=Fixed	NT=Dimethyl;AC=UNIMOD:36;TA=K;MT=Variable	NT=Carbamidomethyl;AC=UNIMOD:4;TA=C;MT=Fixed	NT=Trypsin;AC=MS:1001251	not available	dithiothreitol (dtt)	6	1	oecf1-221228-GC3207-TMT7-SMA19-F6.raw	ftp://ftp.pride.ebi.ac.uk/pride/data/archive/2025/05/PXD054900/oecf1-221228-GC3207-TMT7-SMA19-F6.raw	v1.1.0	NT=ms-proteomics;VV=v1.1.0	NT=clinical-metadata;VV=v1.0.0	manual curation	muscle
oecf1-221114-GC3196-q-nC18-SMA10-06	homo sapiens	muscle	not applicable	spinal muscular atrophy	adult	6	oecf1-221114-GC3196-q-nC18-SMA10-06	proteomic profiling by mass spectrometry	NT=Data-dependent acquisition;AC=PRIDE:0000627	NT=isotope labeling;AC=PRIDE:0000310	NT=q exactive;AC=MS:1001911	NT=TMT6plex;AC=UNIMOD:737;TA=K;MT=Fixed	NT=Dimethyl;AC=UNIMOD:36;TA=K;MT=Variable	NT=Carbamidomethyl;AC=UNIMOD:4;TA=C;MT=Fixed	NT=Trypsin;AC=MS:1001251	not available	dithiothreitol (dtt)	1	1	oecf1-221114-GC3196-q-nC18-SMA10-06.raw	ftp://ftp.pride.ebi.ac.uk/pride/data/archive/2025/05/PXD054900/oecf1-221114-GC3196-q-nC18-SMA10-06.raw	v1.1.0	NT=ms-proteomics;VV=v1.1.0	NT=clinical-metadata;VV=v1.0.0	manual curation	muscle
oecf1-221024-GC3193-q-nC18-SMA15-08	homo sapiens	muscle	not applicable	spinal muscular atrophy	adult	8	oecf1-221024-GC3193-q-nC18-SMA15-08	proteomic profiling by mass spectrometry	NT=Data-dependent acquisition;AC=PRIDE:0000627	NT=isotope labeling;AC=PRIDE:0000310	NT=q exactive;AC=MS:1001911	NT=TMT6plex;AC=UNIMOD:737;TA=K;MT=Fixed	NT=Dimethyl;AC=UNIMOD:36;TA=K;MT=Variable	NT=Carbamidomethyl;AC=UNIMOD:4;TA=C;MT=Fixed	NT=Trypsin;AC=MS:1001251	not available	dithiothreitol (dtt)	1	1	oecf1-221024-GC3193-q-nC18-SMA15-08.raw	ftp://ftp.pride.ebi.ac.uk/pride/data/archive/2025/05/PXD054900/oecf1-221024-GC3193-q-nC18-SMA15-08.raw	v1.1.0	NT=ms-proteomics;VV=v1.1.0	NT=clinical-metadata;VV=v1.0.0	manual curation	muscle
oecf1-221210-GC3202-TMT7-SMA11-FTW	homo sapiens	muscle	not applicable	spinal muscular atrophy	adult	1	oecf1-221210-GC3202-TMT7-SMA11-FTW	proteomic profiling by mass spectrometry	NT=Data-dependent acquisition;AC=PRIDE:0000627	NT=isotope labeling;AC=PRIDE:0000310	NT=q exactive;AC=MS:1001911	NT=TMT6plex;AC=UNIMOD:737;TA=K;MT=Fixed	NT=Dimethyl;AC=UNIMOD:36;TA=K;MT=Variable	NT=Carbamidomethyl;AC=UNIMOD:4;TA=C;MT=Fixed	NT=Trypsin;AC=MS:1001251	not available	dithiothreitol (dtt)	1	1	oecf1-221210-GC3202-TMT7-SMA11-FTW.raw	ftp://ftp.pride.ebi.ac.uk/pride/data/archive/2025/05/PXD054900/oecf1-221210-GC3202-TMT7-SMA11-FTW.raw	v1.1.0	NT=ms-proteomics;VV=v1.1.0	NT=clinical-metadata;VV=v1.0.0	manual curation	muscle
oecf1-221025-GC3194-q-nC18-SMA19-01	homo sapiens	muscle	not applicable	spinal muscular atrophy	adult	1	oecf1-221025-GC3194-q-nC18-SMA19-01	proteomic profiling by mass spectrometry	NT=Data-dependent acquisition;AC=PRIDE:0000627	NT=isotope labeling;AC=PRIDE:0000310	NT=q exactive;AC=MS:1001911	NT=TMT6plex;AC=UNIMOD:737;TA=K;MT=Fixed	NT=Dimethyl;AC=UNIMOD:36;TA=K;MT=Variable	NT=Carbamidomethyl;AC=UNIMOD:4;TA=C;MT=Fixed	NT=Trypsin;AC=MS:1001251	not available	dithiothreitol (dtt)	1	1	oecf1-221025-GC3194-q-nC18-SMA19-01.raw	ftp://ftp.pride.ebi.ac.uk/pride/data/archive/2025/05/PXD054900/oecf1-221025-GC3194-q-nC18-SMA19-01.raw	v1.1.0	NT=ms-proteomics;VV=v1.1.0	NT=clinical-metadata;VV=v1.0.0	manual curation	muscle
oecf1-221024-GC3193-q-nC18-SMA03-14	homo sapiens	muscle	not applicable	spinal muscular atrophy	adult	14	oecf1-221024-GC3193-q-nC18-SMA03-14	proteomic profiling by mass spectrometry	NT=Data-dependent acquisition;AC=PRIDE:0000627	NT=isotope labeling;AC=PRIDE:0000310	NT=q exactive;AC=MS:1001911	NT=TMT6plex;AC=UNIMOD:737;TA=K;MT=Fixed	NT=Dimethyl;AC=UNIMOD:36;TA=K;MT=Variable	NT=Carbamidomethyl;AC=UNIMOD:4;TA=C;MT=Fixed	NT=Trypsin;AC=MS:1001251	not available	dithiothreitol (dtt)	1	1	oecf1-221024-GC3193-q-nC18-SMA03-14.raw	ftp://ftp.pride.ebi.ac.uk/pride/data/archive/2025/05/PXD054900/oecf1-221024-GC3193-q-nC18-SMA03-14.raw	v1.1.0	NT=ms-proteomics;VV=v1.1.0	NT=clinical-metadata;VV=v1.0.0	manual curation	muscle
oecf1-221216-GC3203-TMT7-SMA14-F6	homo sapiens	muscle	not applicable	spinal muscular atrophy	adult	1	oecf1-221216-GC3203-TMT7-SMA14-F6	proteomic profiling by mass spectrometry	NT=Data-dependent acquisition;AC=PRIDE:0000627	NT=isotope labeling;AC=PRIDE:0000310	NT=q exactive;AC=MS:1001911	NT=TMT6plex;AC=UNIMOD:737;TA=K;MT=Fixed	NT=Dimethyl;AC=UNIMOD:36;TA=K;MT=Variable	NT=Carbamidomethyl;AC=UNIMOD:4;TA=C;MT=Fixed	NT=Trypsin;AC=MS:1001251	not available	dithiothreitol (dtt)	6	1	oecf1-221216-GC3203-TMT7-SMA14-F6.raw	ftp://ftp.pride.ebi.ac.uk/pride/data/archive/2025/05/PXD054900/oecf1-221216-GC3203-TMT7-SMA14-F6.raw	v1.1.0	NT=ms-proteomics;VV=v1.1.0	NT=clinical-metadata;VV=v1.0.0	manual curation	muscle
oecf1-221210-GC3202-TMT7-SMA04-F2	homo sapiens	muscle	not applicable	spinal muscular atrophy	adult	1	oecf1-221210-GC3202-TMT7-SMA04-F2	proteomic profiling by mass spectrometry	NT=Data-dependent acquisition;AC=PRIDE:0000627	NT=isotope labeling;AC=PRIDE:0000310	NT=q exactive;AC=MS:1001911	NT=TMT6plex;AC=UNIMOD:737;TA=K;MT=Fixed	NT=Dimethyl;AC=UNIMOD:36;TA=K;MT=Variable	NT=Carbamidomethyl;AC=UNIMOD:4;TA=C;MT=Fixed	NT=Trypsin;AC=MS:1001251	not available	dithiothreitol (dtt)	2	1	oecf1-221210-GC3202-TMT7-SMA04-F2.raw	ftp://ftp.pride.ebi.ac.uk/pride/data/archive/2025/05/PXD054900/oecf1-221210-GC3202-TMT7-SMA04-F2.raw	v1.1.0	NT=ms-proteomics;VV=v1.1.0	NT=clinical-metadata;VV=v1.0.0	manual curation	muscle
oecf1-221025-GC3194-q-nC18-SMA01-12	homo sapiens	muscle	not applicable	spinal muscular atrophy	adult	12	oecf1-221025-GC3194-q-nC18-SMA01-12	proteomic profiling by mass spectrometry	NT=Data-dependent acquisition;AC=PRIDE:0000627	NT=isotope labeling;AC=PRIDE:0000310	NT=q exactive;AC=MS:1001911	NT=TMT6plex;AC=UNIMOD:737;TA=K;MT=Fixed	NT=Dimethyl;AC=UNIMOD:36;TA=K;MT=Variable	NT=Carbamidomethyl;AC=UNIMOD:4;TA=C;MT=Fixed	NT=Trypsin;AC=MS:1001251	not available	dithiothreitol (dtt)	1	1	oecf1-221025-GC3194-q-nC18-SMA01-12.raw	ftp://ftp.pride.ebi.ac.uk/pride/data/archive/2025/05/PXD054900/oecf1-221025-GC3194-q-nC18-SMA01-12.raw	v1.1.0	NT=ms-proteomics;VV=v1.1.0	NT=clinical-metadata;VV=v1.0.0	manual curation	muscle
oecf1-221222-GC3206-TMT7-SMA08-F7	homo sapiens	muscle	not applicable	spinal muscular atrophy	adult	1	oecf1-221222-GC3206-TMT7-SMA08-F7	proteomic profiling by mass spectrometry	NT=Data-dependent acquisition;AC=PRIDE:0000627	NT=isotope labeling;AC=PRIDE:0000310	NT=q exactive;AC=MS:1001911	NT=TMT6plex;AC=UNIMOD:737;TA=K;MT=Fixed	NT=Dimethyl;AC=UNIMOD:36;TA=K;MT=Variable	NT=Carbamidomethyl;AC=UNIMOD:4;TA=C;MT=Fixed	NT=Trypsin;AC=MS:1001251	not available	dithiothreitol (dtt)	7	1	oecf1-221222-GC3206-TMT7-SMA08-F7.raw	ftp://ftp.pride.ebi.ac.uk/pride/data/archive/2025/05/PXD054900/oecf1-221222-GC3206-TMT7-SMA08-F7.raw	v1.1.0	NT=ms-proteomics;VV=v1.1.0	NT=clinical-metadata;VV=v1.0.0	manual curation	muscle
oecf1-221204-GC3200-TMT7-SMA05-F3	homo sapiens	muscle	not applicable	spinal muscular atrophy	adult	1	oecf1-221204-GC3200-TMT7-SMA05-F3	proteomic profiling by mass spectrometry	NT=Data-dependent acquisition;AC=PRIDE:0000627	NT=isotope labeling;AC=PRIDE:0000310	NT=q exactive;AC=MS:1001911	NT=TMT6plex;AC=UNIMOD:737;TA=K;MT=Fixed	NT=Dimethyl;AC=UNIMOD:36;TA=K;MT=Variable	NT=Carbamidomethyl;AC=UNIMOD:4;TA=C;MT=Fixed	NT=Trypsin;AC=MS:1001251	not available	dithiothreitol (dtt)	3	1	oecf1-221204-GC3200-TMT7-SMA05-F3.raw	ftp://ftp.pride.ebi.ac.uk/pride/data/archive/2025/05/PXD054900/oecf1-221204-GC3200-TMT7-SMA05-F3.raw	v1.1.0	NT=ms-proteomics;VV=v1.1.0	NT=clinical-metadata;VV=v1.0.0	manual curation	muscle
oecf1-221025-GC3194-q-nC18-SMA02-08	homo sapiens	muscle	not applicable	spinal muscular atrophy	adult	8	oecf1-221025-GC3194-q-nC18-SMA02-08	proteomic profiling by mass spectrometry	NT=Data-dependent acquisition;AC=PRIDE:0000627	NT=isotope labeling;AC=PRIDE:0000310	NT=q exactive;AC=MS:1001911	NT=TMT6plex;AC=UNIMOD:737;TA=K;MT=Fixed	NT=Dimethyl;AC=UNIMOD:36;TA=K;MT=Variable	NT=Carbamidomethyl;AC=UNIMOD:4;TA=C;MT=Fixed	NT=Trypsin;AC=MS:1001251	not available	dithiothreitol (dtt)	1	1	oecf1-221025-GC3194-q-nC18-SMA02-08.raw	ftp://ftp.pride.ebi.ac.uk/pride/data/archive/2025/05/PXD054900/oecf1-221025-GC3194-q-nC18-SMA02-08.raw	v1.1.0	NT=ms-proteomics;VV=v1.1.0	NT=clinical-metadata;VV=v1.0.0	manual curation	muscle
oecf1-221216-GC3203-TMT7-SMA13-F6	homo sapiens	muscle	not applicable	spinal muscular atrophy	adult	1	oecf1-221216-GC3203-TMT7-SMA13-F6	proteomic profiling by mass spectrometry	NT=Data-dependent acquisition;AC=PRIDE:0000627	NT=isotope labeling;AC=PRIDE:0000310	NT=q exactive;AC=MS:1001911	NT=TMT6plex;AC=UNIMOD:737;TA=K;MT=Fixed	NT=Dimethyl;AC=UNIMOD:36;TA=K;MT=Variable	NT=Carbamidomethyl;AC=UNIMOD:4;TA=C;MT=Fixed	NT=Trypsin;AC=MS:1001251	not available	dithiothreitol (dtt)	6	1	oecf1-221216-GC3203-TMT7-SMA13-F6.raw	ftp://ftp.pride.ebi.ac.uk/pride/data/archive/2025/05/PXD054900/oecf1-221216-GC3203-TMT7-SMA13-F6.raw	v1.1.0	NT=ms-proteomics;VV=v1.1.0	NT=clinical-metadata;VV=v1.0.0	manual curation	muscle
oecf1-221216-GC3203-TMT7-SMA12-F8	homo sapiens	muscle	not applicable	spinal muscular atrophy	adult	1	oecf1-221216-GC3203-TMT7-SMA12-F8	proteomic profiling by mass spectrometry	NT=Data-dependent acquisition;AC=PRIDE:0000627	NT=isotope labeling;AC=PRIDE:0000310	NT=q exactive;AC=MS:1001911	NT=TMT6plex;AC=UNIMOD:737;TA=K;MT=Fixed	NT=Dimethyl;AC=UNIMOD:36;TA=K;MT=Variable	NT=Carbamidomethyl;AC=UNIMOD:4;TA=C;MT=Fixed	NT=Trypsin;AC=MS:1001251	not available	dithiothreitol (dtt)	8	1	oecf1-221216-GC3203-TMT7-SMA12-F8.raw	ftp://ftp.pride.ebi.ac.uk/pride/data/archive/2025/05/PXD054900/oecf1-221216-GC3203-TMT7-SMA12-F8.raw	v1.1.0	NT=ms-proteomics;VV=v1.1.0	NT=clinical-metadata;VV=v1.0.0	manual curation	muscle
oecf1-221026-GC3195-q-nC18-SMA06-08	homo sapiens	muscle	not applicable	spinal muscular atrophy	adult	8	oecf1-221026-GC3195-q-nC18-SMA06-08	proteomic profiling by mass spectrometry	NT=Data-dependent acquisition;AC=PRIDE:0000627	NT=isotope labeling;AC=PRIDE:0000310	NT=q exactive;AC=MS:1001911	NT=TMT6plex;AC=UNIMOD:737;TA=K;MT=Fixed	NT=Dimethyl;AC=UNIMOD:36;TA=K;MT=Variable	NT=Carbamidomethyl;AC=UNIMOD:4;TA=C;MT=Fixed	NT=Trypsin;AC=MS:1001251	not available	dithiothreitol (dtt)	1	1	oecf1-221026-GC3195-q-nC18-SMA06-08.raw	ftp://ftp.pride.ebi.ac.uk/pride/data/archive/2025/05/PXD054900/oecf1-221026-GC3195-q-nC18-SMA06-08.raw	v1.1.0	NT=ms-proteomics;VV=v1.1.0	NT=clinical-metadata;VV=v1.0.0	manual curation	muscle
oecf1-221203_GC3198-q-nC18-SMA03-10	homo sapiens	muscle	not applicable	spinal muscular atrophy	adult	10	oecf1-221203_GC3198-q-nC18-SMA03-10	proteomic profiling by mass spectrometry	NT=Data-dependent acquisition;AC=PRIDE:0000627	NT=isotope labeling;AC=PRIDE:0000310	NT=q exactive;AC=MS:1001911	NT=TMT6plex;AC=UNIMOD:737;TA=K;MT=Fixed	NT=Dimethyl;AC=UNIMOD:36;TA=K;MT=Variable	NT=Carbamidomethyl;AC=UNIMOD:4;TA=C;MT=Fixed	NT=Trypsin;AC=MS:1001251	not available	dithiothreitol (dtt)	1	1	oecf1-221203_GC3198-q-nC18-SMA03-10.raw	ftp://ftp.pride.ebi.ac.uk/pride/data/archive/2025/05/PXD054900/oecf1-221203_GC3198-q-nC18-SMA03-10.raw	v1.1.0	NT=ms-proteomics;VV=v1.1.0	NT=clinical-metadata;VV=v1.0.0	manual curation	muscle
oecf1-221216-GC3203-TMT7-SMA13-FTW	homo sapiens	muscle	not applicable	spinal muscular atrophy	adult	1	oecf1-221216-GC3203-TMT7-SMA13-FTW	proteomic profiling by mass spectrometry	NT=Data-dependent acquisition;AC=PRIDE:0000627	NT=isotope labeling;AC=PRIDE:0000310	NT=q exactive;AC=MS:1001911	NT=TMT6plex;AC=UNIMOD:737;TA=K;MT=Fixed	NT=Dimethyl;AC=UNIMOD:36;TA=K;MT=Variable	NT=Carbamidomethyl;AC=UNIMOD:4;TA=C;MT=Fixed	NT=Trypsin;AC=MS:1001251	not available	dithiothreitol (dtt)	1	1	oecf1-221216-GC3203-TMT7-SMA13-FTW.raw	ftp://ftp.pride.ebi.ac.uk/pride/data/archive/2025/05/PXD054900/oecf1-221216-GC3203-TMT7-SMA13-FTW.raw	v1.1.0	NT=ms-proteomics;VV=v1.1.0	NT=clinical-metadata;VV=v1.0.0	manual curation	muscle
oecf1-221210-GC3202-TMT7-SMA04-F8	homo sapiens	muscle	not applicable	spinal muscular atrophy	adult	1	oecf1-221210-GC3202-TMT7-SMA04-F8	proteomic profiling by mass spectrometry	NT=Data-dependent acquisition;AC=PRIDE:0000627	NT=isotope labeling;AC=PRIDE:0000310	NT=q exactive;AC=MS:1001911	NT=TMT6plex;AC=UNIMOD:737;TA=K;MT=Fixed	NT=Dimethyl;AC=UNIMOD:36;TA=K;MT=Variable	NT=Carbamidomethyl;AC=UNIMOD:4;TA=C;MT=Fixed	NT=Trypsin;AC=MS:1001251	not available	dithiothreitol (dtt)	8	1	oecf1-221210-GC3202-TMT7-SMA04-F8.raw	ftp://ftp.pride.ebi.ac.uk/pride/data/archive/2025/05/PXD054900/oecf1-221210-GC3202-TMT7-SMA04-F8.raw	v1.1.0	NT=ms-proteomics;VV=v1.1.0	NT=clinical-metadata;VV=v1.0.0	manual curation	muscle
oecf1-221204-GC3200-TMT7-SMA05-F8	homo sapiens	muscle	not applicable	spinal muscular atrophy	adult	1	oecf1-221204-GC3200-TMT7-SMA05-F8	proteomic profiling by mass spectrometry	NT=Data-dependent acquisition;AC=PRIDE:0000627	NT=isotope labeling;AC=PRIDE:0000310	NT=q exactive;AC=MS:1001911	NT=TMT6plex;AC=UNIMOD:737;TA=K;MT=Fixed	NT=Dimethyl;AC=UNIMOD:36;TA=K;MT=Variable	NT=Carbamidomethyl;AC=UNIMOD:4;TA=C;MT=Fixed	NT=Trypsin;AC=MS:1001251	not available	dithiothreitol (dtt)	8	1	oecf1-221204-GC3200-TMT7-SMA05-F8.raw	ftp://ftp.pride.ebi.ac.uk/pride/data/archive/2025/05/PXD054900/oecf1-221204-GC3200-TMT7-SMA05-F8.raw	v1.1.0	NT=ms-proteomics;VV=v1.1.0	NT=clinical-metadata;VV=v1.0.0	manual curation	muscle
oecf1-221115-GC3197-q-nC18-SMA24-01	homo sapiens	muscle	not applicable	spinal muscular atrophy	adult	1	oecf1-221115-GC3197-q-nC18-SMA24-01	proteomic profiling by mass spectrometry	NT=Data-dependent acquisition;AC=PRIDE:0000627	NT=isotope labeling;AC=PRIDE:0000310	NT=q exactive;AC=MS:1001911	NT=TMT6plex;AC=UNIMOD:737;TA=K;MT=Fixed	NT=Dimethyl;AC=UNIMOD:36;TA=K;MT=Variable	NT=Carbamidomethyl;AC=UNIMOD:4;TA=C;MT=Fixed	NT=Trypsin;AC=MS:1001251	not available	dithiothreitol (dtt)	1	1	oecf1-221115-GC3197-q-nC18-SMA24-01.raw	ftp://ftp.pride.ebi.ac.uk/pride/data/archive/2025/05/PXD054900/oecf1-221115-GC3197-q-nC18-SMA24-01.raw	v1.1.0	NT=ms-proteomics;VV=v1.1.0	NT=clinical-metadata;VV=v1.0.0	manual curation	muscle
oecf1-221115-GC3197-q-nC18-SMA07-14	homo sapiens	muscle	not applicable	spinal muscular atrophy	adult	14	oecf1-221115-GC3197-q-nC18-SMA07-14	proteomic profiling by mass spectrometry	NT=Data-dependent acquisition;AC=PRIDE:0000627	NT=isotope labeling;AC=PRIDE:0000310	NT=q exactive;AC=MS:1001911	NT=TMT6plex;AC=UNIMOD:737;TA=K;MT=Fixed	NT=Dimethyl;AC=UNIMOD:36;TA=K;MT=Variable	NT=Carbamidomethyl;AC=UNIMOD:4;TA=C;MT=Fixed	NT=Trypsin;AC=MS:1001251	not available	dithiothreitol (dtt)	1	1	oecf1-221115-GC3197-q-nC18-SMA07-14.raw	ftp://ftp.pride.ebi.ac.uk/pride/data/archive/2025/05/PXD054900/oecf1-221115-GC3197-q-nC18-SMA07-14.raw	v1.1.0	NT=ms-proteomics;VV=v1.1.0	NT=clinical-metadata;VV=v1.0.0	manual curation	muscle
oecf1-221210-GC3202-TMT7-SMA11-F4	homo sapiens	muscle	not applicable	spinal muscular atrophy	adult	1	oecf1-221210-GC3202-TMT7-SMA11-F4	proteomic profiling by mass spectrometry	NT=Data-dependent acquisition;AC=PRIDE:0000627	NT=isotope labeling;AC=PRIDE:0000310	NT=q exactive;AC=MS:1001911	NT=TMT6plex;AC=UNIMOD:737;TA=K;MT=Fixed	NT=Dimethyl;AC=UNIMOD:36;TA=K;MT=Variable	NT=Carbamidomethyl;AC=UNIMOD:4;TA=C;MT=Fixed	NT=Trypsin;AC=MS:1001251	not available	dithiothreitol (dtt)	4	1	oecf1-221210-GC3202-TMT7-SMA11-F4.raw	ftp://ftp.pride.ebi.ac.uk/pride/data/archive/2025/05/PXD054900/oecf1-221210-GC3202-TMT7-SMA11-F4.raw	v1.1.0	NT=ms-proteomics;VV=v1.1.0	NT=clinical-metadata;VV=v1.0.0	manual curation	muscle
oecf1-221222-GC3206-TMT7-SMA08-F6	homo sapiens	muscle	not applicable	spinal muscular atrophy	adult	1	oecf1-221222-GC3206-TMT7-SMA08-F6	proteomic profiling by mass spectrometry	NT=Data-dependent acquisition;AC=PRIDE:0000627	NT=isotope labeling;AC=PRIDE:0000310	NT=q exactive;AC=MS:1001911	NT=TMT6plex;AC=UNIMOD:737;TA=K;MT=Fixed	NT=Dimethyl;AC=UNIMOD:36;TA=K;MT=Variable	NT=Carbamidomethyl;AC=UNIMOD:4;TA=C;MT=Fixed	NT=Trypsin;AC=MS:1001251	not available	dithiothreitol (dtt)	6	1	oecf1-221222-GC3206-TMT7-SMA08-F6.raw	ftp://ftp.pride.ebi.ac.uk/pride/data/archive/2025/05/PXD054900/oecf1-221222-GC3206-TMT7-SMA08-F6.raw	v1.1.0	NT=ms-proteomics;VV=v1.1.0	NT=clinical-metadata;VV=v1.0.0	manual curation	muscle
oecf1-221228-GC3207-TMT7-SMA18-F1	homo sapiens	muscle	not applicable	spinal muscular atrophy	adult	1	oecf1-221228-GC3207-TMT7-SMA18-F1	proteomic profiling by mass spectrometry	NT=Data-dependent acquisition;AC=PRIDE:0000627	NT=isotope labeling;AC=PRIDE:0000310	NT=q exactive;AC=MS:1001911	NT=TMT6plex;AC=UNIMOD:737;TA=K;MT=Fixed	NT=Dimethyl;AC=UNIMOD:36;TA=K;MT=Variable	NT=Carbamidomethyl;AC=UNIMOD:4;TA=C;MT=Fixed	NT=Trypsin;AC=MS:1001251	not available	dithiothreitol (dtt)	1	1	oecf1-221228-GC3207-TMT7-SMA18-F1.raw	ftp://ftp.pride.ebi.ac.uk/pride/data/archive/2025/05/PXD054900/oecf1-221228-GC3207-TMT7-SMA18-F1.raw	v1.1.0	NT=ms-proteomics;VV=v1.1.0	NT=clinical-metadata;VV=v1.0.0	manual curation	muscle
oecf1-220830-GC3180-TMT7-SMA20-F2	homo sapiens	muscle	not applicable	spinal muscular atrophy	adult	1	oecf1-220830-GC3180-TMT7-SMA20-F2	proteomic profiling by mass spectrometry	NT=Data-dependent acquisition;AC=PRIDE:0000627	NT=isotope labeling;AC=PRIDE:0000310	NT=q exactive;AC=MS:1001911	NT=TMT6plex;AC=UNIMOD:737;TA=K;MT=Fixed	NT=Dimethyl;AC=UNIMOD:36;TA=K;MT=Variable	NT=Carbamidomethyl;AC=UNIMOD:4;TA=C;MT=Fixed	NT=Trypsin;AC=MS:1001251	not available	dithiothreitol (dtt)	2	1	oecf1-220830-GC3180-TMT7-SMA20-F2.raw	ftp://ftp.pride.ebi.ac.uk/pride/data/archive/2025/05/PXD054900/oecf1-220830-GC3180-TMT7-SMA20-F2.raw	v1.1.0	NT=ms-proteomics;VV=v1.1.0	NT=clinical-metadata;VV=v1.0.0	manual curation	muscle
oecf1-221210-GC3202-TMT7-SMA09-FTW	homo sapiens	muscle	not applicable	spinal muscular atrophy	adult	1	oecf1-221210-GC3202-TMT7-SMA09-FTW	proteomic profiling by mass spectrometry	NT=Data-dependent acquisition;AC=PRIDE:0000627	NT=isotope labeling;AC=PRIDE:0000310	NT=q exactive;AC=MS:1001911	NT=TMT6plex;AC=UNIMOD:737;TA=K;MT=Fixed	NT=Dimethyl;AC=UNIMOD:36;TA=K;MT=Variable	NT=Carbamidomethyl;AC=UNIMOD:4;TA=C;MT=Fixed	NT=Trypsin;AC=MS:1001251	not available	dithiothreitol (dtt)	1	1	oecf1-221210-GC3202-TMT7-SMA09-FTW.raw	ftp://ftp.pride.ebi.ac.uk/pride/data/archive/2025/05/PXD054900/oecf1-221210-GC3202-TMT7-SMA09-FTW.raw	v1.1.0	NT=ms-proteomics;VV=v1.1.0	NT=clinical-metadata;VV=v1.0.0	manual curation	muscle
oecf1-221115-GC3197-q-nC18-SMA07-08	homo sapiens	muscle	not applicable	spinal muscular atrophy	adult	8	oecf1-221115-GC3197-q-nC18-SMA07-08	proteomic profiling by mass spectrometry	NT=Data-dependent acquisition;AC=PRIDE:0000627	NT=isotope labeling;AC=PRIDE:0000310	NT=q exactive;AC=MS:1001911	NT=TMT6plex;AC=UNIMOD:737;TA=K;MT=Fixed	NT=Dimethyl;AC=UNIMOD:36;TA=K;MT=Variable	NT=Carbamidomethyl;AC=UNIMOD:4;TA=C;MT=Fixed	NT=Trypsin;AC=MS:1001251	not available	dithiothreitol (dtt)	1	1	oecf1-221115-GC3197-q-nC18-SMA07-08.raw	ftp://ftp.pride.ebi.ac.uk/pride/data/archive/2025/05/PXD054900/oecf1-221115-GC3197-q-nC18-SMA07-08.raw	v1.1.0	NT=ms-proteomics;VV=v1.1.0	NT=clinical-metadata;VV=v1.0.0	manual curation	muscle
oecf1-221228-GC3207-TMT7-SMA16-FTW	homo sapiens	muscle	not applicable	spinal muscular atrophy	adult	1	oecf1-221228-GC3207-TMT7-SMA16-FTW	proteomic profiling by mass spectrometry	NT=Data-dependent acquisition;AC=PRIDE:0000627	NT=isotope labeling;AC=PRIDE:0000310	NT=q exactive;AC=MS:1001911	NT=TMT6plex;AC=UNIMOD:737;TA=K;MT=Fixed	NT=Dimethyl;AC=UNIMOD:36;TA=K;MT=Variable	NT=Carbamidomethyl;AC=UNIMOD:4;TA=C;MT=Fixed	NT=Trypsin;AC=MS:1001251	not available	dithiothreitol (dtt)	1	1	oecf1-221228-GC3207-TMT7-SMA16-FTW.raw	ftp://ftp.pride.ebi.ac.uk/pride/data/archive/2025/05/PXD054900/oecf1-221228-GC3207-TMT7-SMA16-FTW.raw	v1.1.0	NT=ms-proteomics;VV=v1.1.0	NT=clinical-metadata;VV=v1.0.0	manual curation	muscle
oecf1-221024-GC3193-q-nC18-SMA15-10	homo sapiens	muscle	not applicable	spinal muscular atrophy	adult	10	oecf1-221024-GC3193-q-nC18-SMA15-10	proteomic profiling by mass spectrometry	NT=Data-dependent acquisition;AC=PRIDE:0000627	NT=isotope labeling;AC=PRIDE:0000310	NT=q exactive;AC=MS:1001911	NT=TMT6plex;AC=UNIMOD:737;TA=K;MT=Fixed	NT=Dimethyl;AC=UNIMOD:36;TA=K;MT=Variable	NT=Carbamidomethyl;AC=UNIMOD:4;TA=C;MT=Fixed	NT=Trypsin;AC=MS:1001251	not available	dithiothreitol (dtt)	1	1	oecf1-221024-GC3193-q-nC18-SMA15-10.raw	ftp://ftp.pride.ebi.ac.uk/pride/data/archive/2025/05/PXD054900/oecf1-221024-GC3193-q-nC18-SMA15-10.raw	v1.1.0	NT=ms-proteomics;VV=v1.1.0	NT=clinical-metadata;VV=v1.0.0	manual curation	muscle
oecf1-221024-GC3193-q-nC18-SMA17-10	homo sapiens	muscle	not applicable	spinal muscular atrophy	adult	10	oecf1-221024-GC3193-q-nC18-SMA17-10	proteomic profiling by mass spectrometry	NT=Data-dependent acquisition;AC=PRIDE:0000627	NT=isotope labeling;AC=PRIDE:0000310	NT=q exactive;AC=MS:1001911	NT=TMT6plex;AC=UNIMOD:737;TA=K;MT=Fixed	NT=Dimethyl;AC=UNIMOD:36;TA=K;MT=Variable	NT=Carbamidomethyl;AC=UNIMOD:4;TA=C;MT=Fixed	NT=Trypsin;AC=MS:1001251	not available	dithiothreitol (dtt)	1	1	oecf1-221024-GC3193-q-nC18-SMA17-10.raw	ftp://ftp.pride.ebi.ac.uk/pride/data/archive/2025/05/PXD054900/oecf1-221024-GC3193-q-nC18-SMA17-10.raw	v1.1.0	NT=ms-proteomics;VV=v1.1.0	NT=clinical-metadata;VV=v1.0.0	manual curation	muscle
oecf1-221222-GC3206-TMT7-SMA06-FTW	homo sapiens	muscle	not applicable	spinal muscular atrophy	adult	1	oecf1-221222-GC3206-TMT7-SMA06-FTW	proteomic profiling by mass spectrometry	NT=Data-dependent acquisition;AC=PRIDE:0000627	NT=isotope labeling;AC=PRIDE:0000310	NT=q exactive;AC=MS:1001911	NT=TMT6plex;AC=UNIMOD:737;TA=K;MT=Fixed	NT=Dimethyl;AC=UNIMOD:36;TA=K;MT=Variable	NT=Carbamidomethyl;AC=UNIMOD:4;TA=C;MT=Fixed	NT=Trypsin;AC=MS:1001251	not available	dithiothreitol (dtt)	1	1	oecf1-221222-GC3206-TMT7-SMA06-FTW.raw	ftp://ftp.pride.ebi.ac.uk/pride/data/archive/2025/05/PXD054900/oecf1-221222-GC3206-TMT7-SMA06-FTW.raw	v1.1.0	NT=ms-proteomics;VV=v1.1.0	NT=clinical-metadata;VV=v1.0.0	manual curation	muscle
oecf1-221222-GC3206-TMT7-SMA07-F4	homo sapiens	muscle	not applicable	spinal muscular atrophy	adult	1	oecf1-221222-GC3206-TMT7-SMA07-F4	proteomic profiling by mass spectrometry	NT=Data-dependent acquisition;AC=PRIDE:0000627	NT=isotope labeling;AC=PRIDE:0000310	NT=q exactive;AC=MS:1001911	NT=TMT6plex;AC=UNIMOD:737;TA=K;MT=Fixed	NT=Dimethyl;AC=UNIMOD:36;TA=K;MT=Variable	NT=Carbamidomethyl;AC=UNIMOD:4;TA=C;MT=Fixed	NT=Trypsin;AC=MS:1001251	not available	dithiothreitol (dtt)	4	1	oecf1-221222-GC3206-TMT7-SMA07-F4.raw	ftp://ftp.pride.ebi.ac.uk/pride/data/archive/2025/05/PXD054900/oecf1-221222-GC3206-TMT7-SMA07-F4.raw	v1.1.0	NT=ms-proteomics;VV=v1.1.0	NT=clinical-metadata;VV=v1.0.0	manual curation	muscle
oecf1-221025-GC3194-q-nC18-SMA05-14	homo sapiens	muscle	not applicable	spinal muscular atrophy	adult	14	oecf1-221025-GC3194-q-nC18-SMA05-14	proteomic profiling by mass spectrometry	NT=Data-dependent acquisition;AC=PRIDE:0000627	NT=isotope labeling;AC=PRIDE:0000310	NT=q exactive;AC=MS:1001911	NT=TMT6plex;AC=UNIMOD:737;TA=K;MT=Fixed	NT=Dimethyl;AC=UNIMOD:36;TA=K;MT=Variable	NT=Carbamidomethyl;AC=UNIMOD:4;TA=C;MT=Fixed	NT=Trypsin;AC=MS:1001251	not available	dithiothreitol (dtt)	1	1	oecf1-221025-GC3194-q-nC18-SMA05-14.raw	ftp://ftp.pride.ebi.ac.uk/pride/data/archive/2025/05/PXD054900/oecf1-221025-GC3194-q-nC18-SMA05-14.raw	v1.1.0	NT=ms-proteomics;VV=v1.1.0	NT=clinical-metadata;VV=v1.0.0	manual curation	muscle
oecf1-221115-GC3197-q-nC18-SMA07-12	homo sapiens	muscle	not applicable	spinal muscular atrophy	adult	12	oecf1-221115-GC3197-q-nC18-SMA07-12	proteomic profiling by mass spectrometry	NT=Data-dependent acquisition;AC=PRIDE:0000627	NT=isotope labeling;AC=PRIDE:0000310	NT=q exactive;AC=MS:1001911	NT=TMT6plex;AC=UNIMOD:737;TA=K;MT=Fixed	NT=Dimethyl;AC=UNIMOD:36;TA=K;MT=Variable	NT=Carbamidomethyl;AC=UNIMOD:4;TA=C;MT=Fixed	NT=Trypsin;AC=MS:1001251	not available	dithiothreitol (dtt)	1	1	oecf1-221115-GC3197-q-nC18-SMA07-12.raw	ftp://ftp.pride.ebi.ac.uk/pride/data/archive/2025/05/PXD054900/oecf1-221115-GC3197-q-nC18-SMA07-12.raw	v1.1.0	NT=ms-proteomics;VV=v1.1.0	NT=clinical-metadata;VV=v1.0.0	manual curation	muscle
oecf1-221025-GC3194-q-nC18-SMA02-04	homo sapiens	muscle	not applicable	spinal muscular atrophy	adult	4	oecf1-221025-GC3194-q-nC18-SMA02-04	proteomic profiling by mass spectrometry	NT=Data-dependent acquisition;AC=PRIDE:0000627	NT=isotope labeling;AC=PRIDE:0000310	NT=q exactive;AC=MS:1001911	NT=TMT6plex;AC=UNIMOD:737;TA=K;MT=Fixed	NT=Dimethyl;AC=UNIMOD:36;TA=K;MT=Variable	NT=Carbamidomethyl;AC=UNIMOD:4;TA=C;MT=Fixed	NT=Trypsin;AC=MS:1001251	not available	dithiothreitol (dtt)	1	1	oecf1-221025-GC3194-q-nC18-SMA02-04.raw	ftp://ftp.pride.ebi.ac.uk/pride/data/archive/2025/05/PXD054900/oecf1-221025-GC3194-q-nC18-SMA02-04.raw	v1.1.0	NT=ms-proteomics;VV=v1.1.0	NT=clinical-metadata;VV=v1.0.0	manual curation	muscle
oecf1-221222-GC3206-TMT7-SMA06-F4	homo sapiens	muscle	not applicable	spinal muscular atrophy	adult	1	oecf1-221222-GC3206-TMT7-SMA06-F4	proteomic profiling by mass spectrometry	NT=Data-dependent acquisition;AC=PRIDE:0000627	NT=isotope labeling;AC=PRIDE:0000310	NT=q exactive;AC=MS:1001911	NT=TMT6plex;AC=UNIMOD:737;TA=K;MT=Fixed	NT=Dimethyl;AC=UNIMOD:36;TA=K;MT=Variable	NT=Carbamidomethyl;AC=UNIMOD:4;TA=C;MT=Fixed	NT=Trypsin;AC=MS:1001251	not available	dithiothreitol (dtt)	4	1	oecf1-221222-GC3206-TMT7-SMA06-F4.raw	ftp://ftp.pride.ebi.ac.uk/pride/data/archive/2025/05/PXD054900/oecf1-221222-GC3206-TMT7-SMA06-F4.raw	v1.1.0	NT=ms-proteomics;VV=v1.1.0	NT=clinical-metadata;VV=v1.0.0	manual curation	muscle
oecf1-221025-GC3194-q-nC18-SMA19-04	homo sapiens	muscle	not applicable	spinal muscular atrophy	adult	4	oecf1-221025-GC3194-q-nC18-SMA19-04	proteomic profiling by mass spectrometry	NT=Data-dependent acquisition;AC=PRIDE:0000627	NT=isotope labeling;AC=PRIDE:0000310	NT=q exactive;AC=MS:1001911	NT=TMT6plex;AC=UNIMOD:737;TA=K;MT=Fixed	NT=Dimethyl;AC=UNIMOD:36;TA=K;MT=Variable	NT=Carbamidomethyl;AC=UNIMOD:4;TA=C;MT=Fixed	NT=Trypsin;AC=MS:1001251	not available	dithiothreitol (dtt)	1	1	oecf1-221025-GC3194-q-nC18-SMA19-04.raw	ftp://ftp.pride.ebi.ac.uk/pride/data/archive/2025/05/PXD054900/oecf1-221025-GC3194-q-nC18-SMA19-04.raw	v1.1.0	NT=ms-proteomics;VV=v1.1.0	NT=clinical-metadata;VV=v1.0.0	manual curation	muscle
oecf1-221206-GC3201-TMT7-SMA17-F8	homo sapiens	muscle	not applicable	spinal muscular atrophy	adult	1	oecf1-221206-GC3201-TMT7-SMA17-F8	proteomic profiling by mass spectrometry	NT=Data-dependent acquisition;AC=PRIDE:0000627	NT=isotope labeling;AC=PRIDE:0000310	NT=q exactive;AC=MS:1001911	NT=TMT6plex;AC=UNIMOD:737;TA=K;MT=Fixed	NT=Dimethyl;AC=UNIMOD:36;TA=K;MT=Variable	NT=Carbamidomethyl;AC=UNIMOD:4;TA=C;MT=Fixed	NT=Trypsin;AC=MS:1001251	not available	dithiothreitol (dtt)	8	1	oecf1-221206-GC3201-TMT7-SMA17-F8.raw	ftp://ftp.pride.ebi.ac.uk/pride/data/archive/2025/05/PXD054900/oecf1-221206-GC3201-TMT7-SMA17-F8.raw	v1.1.0	NT=ms-proteomics;VV=v1.1.0	NT=clinical-metadata;VV=v1.0.0	manual curation	muscle
oecf1-221026-GC3195-q-nC18-SMA06-06	homo sapiens	muscle	not applicable	spinal muscular atrophy	adult	6	oecf1-221026-GC3195-q-nC18-SMA06-06	proteomic profiling by mass spectrometry	NT=Data-dependent acquisition;AC=PRIDE:0000627	NT=isotope labeling;AC=PRIDE:0000310	NT=q exactive;AC=MS:1001911	NT=TMT6plex;AC=UNIMOD:737;TA=K;MT=Fixed	NT=Dimethyl;AC=UNIMOD:36;TA=K;MT=Variable	NT=Carbamidomethyl;AC=UNIMOD:4;TA=C;MT=Fixed	NT=Trypsin;AC=MS:1001251	not available	dithiothreitol (dtt)	1	1	oecf1-221026-GC3195-q-nC18-SMA06-06.raw	ftp://ftp.pride.ebi.ac.uk/pride/data/archive/2025/05/PXD054900/oecf1-221026-GC3195-q-nC18-SMA06-06.raw	v1.1.0	NT=ms-proteomics;VV=v1.1.0	NT=clinical-metadata;VV=v1.0.0	manual curation	muscle
oecf1-221206-GC3201-TMT7-SMA23-FTW	homo sapiens	muscle	not applicable	spinal muscular atrophy	adult	1	oecf1-221206-GC3201-TMT7-SMA23-FTW	proteomic profiling by mass spectrometry	NT=Data-dependent acquisition;AC=PRIDE:0000627	NT=isotope labeling;AC=PRIDE:0000310	NT=q exactive;AC=MS:1001911	NT=TMT6plex;AC=UNIMOD:737;TA=K;MT=Fixed	NT=Dimethyl;AC=UNIMOD:36;TA=K;MT=Variable	NT=Carbamidomethyl;AC=UNIMOD:4;TA=C;MT=Fixed	NT=Trypsin;AC=MS:1001251	not available	dithiothreitol (dtt)	1	1	oecf1-221206-GC3201-TMT7-SMA23-FTW.raw	ftp://ftp.pride.ebi.ac.uk/pride/data/archive/2025/05/PXD054900/oecf1-221206-GC3201-TMT7-SMA23-FTW.raw	v1.1.0	NT=ms-proteomics;VV=v1.1.0	NT=clinical-metadata;VV=v1.0.0	manual curation	muscle
oecf1-221206-GC3201-TMT7-SMA17-FTW	homo sapiens	muscle	not applicable	spinal muscular atrophy	adult	1	oecf1-221206-GC3201-TMT7-SMA17-FTW	proteomic profiling by mass spectrometry	NT=Data-dependent acquisition;AC=PRIDE:0000627	NT=isotope labeling;AC=PRIDE:0000310	NT=q exactive;AC=MS:1001911	NT=TMT6plex;AC=UNIMOD:737;TA=K;MT=Fixed	NT=Dimethyl;AC=UNIMOD:36;TA=K;MT=Variable	NT=Carbamidomethyl;AC=UNIMOD:4;TA=C;MT=Fixed	NT=Trypsin;AC=MS:1001251	not available	dithiothreitol (dtt)	1	1	oecf1-221206-GC3201-TMT7-SMA17-FTW.raw	ftp://ftp.pride.ebi.ac.uk/pride/data/archive/2025/05/PXD054900/oecf1-221206-GC3201-TMT7-SMA17-FTW.raw	v1.1.0	NT=ms-proteomics;VV=v1.1.0	NT=clinical-metadata;VV=v1.0.0	manual curation	muscle
oecf1-221222-GC3206-TMT7-SMA06-F2	homo sapiens	muscle	not applicable	spinal muscular atrophy	adult	1	oecf1-221222-GC3206-TMT7-SMA06-F2	proteomic profiling by mass spectrometry	NT=Data-dependent acquisition;AC=PRIDE:0000627	NT=isotope labeling;AC=PRIDE:0000310	NT=q exactive;AC=MS:1001911	NT=TMT6plex;AC=UNIMOD:737;TA=K;MT=Fixed	NT=Dimethyl;AC=UNIMOD:36;TA=K;MT=Variable	NT=Carbamidomethyl;AC=UNIMOD:4;TA=C;MT=Fixed	NT=Trypsin;AC=MS:1001251	not available	dithiothreitol (dtt)	2	1	oecf1-221222-GC3206-TMT7-SMA06-F2.raw	ftp://ftp.pride.ebi.ac.uk/pride/data/archive/2025/05/PXD054900/oecf1-221222-GC3206-TMT7-SMA06-F2.raw	v1.1.0	NT=ms-proteomics;VV=v1.1.0	NT=clinical-metadata;VV=v1.0.0	manual curation	muscle
oecf1-221228-GC3207-TMT7-SMA16-F5	homo sapiens	muscle	not applicable	spinal muscular atrophy	adult	1	oecf1-221228-GC3207-TMT7-SMA16-F5	proteomic profiling by mass spectrometry	NT=Data-dependent acquisition;AC=PRIDE:0000627	NT=isotope labeling;AC=PRIDE:0000310	NT=q exactive;AC=MS:1001911	NT=TMT6plex;AC=UNIMOD:737;TA=K;MT=Fixed	NT=Dimethyl;AC=UNIMOD:36;TA=K;MT=Variable	NT=Carbamidomethyl;AC=UNIMOD:4;TA=C;MT=Fixed	NT=Trypsin;AC=MS:1001251	not available	dithiothreitol (dtt)	5	1	oecf1-221228-GC3207-TMT7-SMA16-F5.raw	ftp://ftp.pride.ebi.ac.uk/pride/data/archive/2025/05/PXD054900/oecf1-221228-GC3207-TMT7-SMA16-F5.raw	v1.1.0	NT=ms-proteomics;VV=v1.1.0	NT=clinical-metadata;VV=v1.0.0	manual curation	muscle
oecf1-221204-GC3200-TMT7-SMA05-F6	homo sapiens	muscle	not applicable	spinal muscular atrophy	adult	1	oecf1-221204-GC3200-TMT7-SMA05-F6	proteomic profiling by mass spectrometry	NT=Data-dependent acquisition;AC=PRIDE:0000627	NT=isotope labeling;AC=PRIDE:0000310	NT=q exactive;AC=MS:1001911	NT=TMT6plex;AC=UNIMOD:737;TA=K;MT=Fixed	NT=Dimethyl;AC=UNIMOD:36;TA=K;MT=Variable	NT=Carbamidomethyl;AC=UNIMOD:4;TA=C;MT=Fixed	NT=Trypsin;AC=MS:1001251	not available	dithiothreitol (dtt)	6	1	oecf1-221204-GC3200-TMT7-SMA05-F6.raw	ftp://ftp.pride.ebi.ac.uk/pride/data/archive/2025/05/PXD054900/oecf1-221204-GC3200-TMT7-SMA05-F6.raw	v1.1.0	NT=ms-proteomics;VV=v1.1.0	NT=clinical-metadata;VV=v1.0.0	manual curation	muscle
oecf1-221228-GC3207-TMT7-SMA22-F2	homo sapiens	muscle	not applicable	spinal muscular atrophy	adult	1	oecf1-221228-GC3207-TMT7-SMA22-F2	proteomic profiling by mass spectrometry	NT=Data-dependent acquisition;AC=PRIDE:0000627	NT=isotope labeling;AC=PRIDE:0000310	NT=q exactive;AC=MS:1001911	NT=TMT6plex;AC=UNIMOD:737;TA=K;MT=Fixed	NT=Dimethyl;AC=UNIMOD:36;TA=K;MT=Variable	NT=Carbamidomethyl;AC=UNIMOD:4;TA=C;MT=Fixed	NT=Trypsin;AC=MS:1001251	not available	dithiothreitol (dtt)	2	1	oecf1-221228-GC3207-TMT7-SMA22-F2.raw	ftp://ftp.pride.ebi.ac.uk/pride/data/archive/2025/05/PXD054900/oecf1-221228-GC3207-TMT7-SMA22-F2.raw	v1.1.0	NT=ms-proteomics;VV=v1.1.0	NT=clinical-metadata;VV=v1.0.0	manual curation	muscle
oecf1-221228-GC3207-TMT7-SMA22-F8	homo sapiens	muscle	not applicable	spinal muscular atrophy	adult	1	oecf1-221228-GC3207-TMT7-SMA22-F8	proteomic profiling by mass spectrometry	NT=Data-dependent acquisition;AC=PRIDE:0000627	NT=isotope labeling;AC=PRIDE:0000310	NT=q exactive;AC=MS:1001911	NT=TMT6plex;AC=UNIMOD:737;TA=K;MT=Fixed	NT=Dimethyl;AC=UNIMOD:36;TA=K;MT=Variable	NT=Carbamidomethyl;AC=UNIMOD:4;TA=C;MT=Fixed	NT=Trypsin;AC=MS:1001251	not available	dithiothreitol (dtt)	8	1	oecf1-221228-GC3207-TMT7-SMA22-F8.raw	ftp://ftp.pride.ebi.ac.uk/pride/data/archive/2025/05/PXD054900/oecf1-221228-GC3207-TMT7-SMA22-F8.raw	v1.1.0	NT=ms-proteomics;VV=v1.1.0	NT=clinical-metadata;VV=v1.0.0	manual curation	muscle
oecf1-221204-GC3200-TMT7-SMA05-F4	homo sapiens	muscle	not applicable	spinal muscular atrophy	adult	1	oecf1-221204-GC3200-TMT7-SMA05-F4	proteomic profiling by mass spectrometry	NT=Data-dependent acquisition;AC=PRIDE:0000627	NT=isotope labeling;AC=PRIDE:0000310	NT=q exactive;AC=MS:1001911	NT=TMT6plex;AC=UNIMOD:737;TA=K;MT=Fixed	NT=Dimethyl;AC=UNIMOD:36;TA=K;MT=Variable	NT=Carbamidomethyl;AC=UNIMOD:4;TA=C;MT=Fixed	NT=Trypsin;AC=MS:1001251	not available	dithiothreitol (dtt)	4	1	oecf1-221204-GC3200-TMT7-SMA05-F4.raw	ftp://ftp.pride.ebi.ac.uk/pride/data/archive/2025/05/PXD054900/oecf1-221204-GC3200-TMT7-SMA05-F4.raw	v1.1.0	NT=ms-proteomics;VV=v1.1.0	NT=clinical-metadata;VV=v1.0.0	manual curation	muscle
oecf1-221206-GC3201-TMT7-SMA15-F6	homo sapiens	muscle	not applicable	spinal muscular atrophy	adult	1	oecf1-221206-GC3201-TMT7-SMA15-F6	proteomic profiling by mass spectrometry	NT=Data-dependent acquisition;AC=PRIDE:0000627	NT=isotope labeling;AC=PRIDE:0000310	NT=q exactive;AC=MS:1001911	NT=TMT6plex;AC=UNIMOD:737;TA=K;MT=Fixed	NT=Dimethyl;AC=UNIMOD:36;TA=K;MT=Variable	NT=Carbamidomethyl;AC=UNIMOD:4;TA=C;MT=Fixed	NT=Trypsin;AC=MS:1001251	not available	dithiothreitol (dtt)	6	1	oecf1-221206-GC3201-TMT7-SMA15-F6.raw	ftp://ftp.pride.ebi.ac.uk/pride/data/archive/2025/05/PXD054900/oecf1-221206-GC3201-TMT7-SMA15-F6.raw	v1.1.0	NT=ms-proteomics;VV=v1.1.0	NT=clinical-metadata;VV=v1.0.0	manual curation	muscle
oecf1-221206-GC3201-TMT7-SMA23-F5	homo sapiens	muscle	not applicable	spinal muscular atrophy	adult	1	oecf1-221206-GC3201-TMT7-SMA23-F5	proteomic profiling by mass spectrometry	NT=Data-dependent acquisition;AC=PRIDE:0000627	NT=isotope labeling;AC=PRIDE:0000310	NT=q exactive;AC=MS:1001911	NT=TMT6plex;AC=UNIMOD:737;TA=K;MT=Fixed	NT=Dimethyl;AC=UNIMOD:36;TA=K;MT=Variable	NT=Carbamidomethyl;AC=UNIMOD:4;TA=C;MT=Fixed	NT=Trypsin;AC=MS:1001251	not available	dithiothreitol (dtt)	5	1	oecf1-221206-GC3201-TMT7-SMA23-F5.raw	ftp://ftp.pride.ebi.ac.uk/pride/data/archive/2025/05/PXD054900/oecf1-221206-GC3201-TMT7-SMA23-F5.raw	v1.1.0	NT=ms-proteomics;VV=v1.1.0	NT=clinical-metadata;VV=v1.0.0	manual curation	muscle
oecf1-221114-GC3196-q-nC18-SMA18-10	homo sapiens	muscle	not applicable	spinal muscular atrophy	adult	10	oecf1-221114-GC3196-q-nC18-SMA18-10	proteomic profiling by mass spectrometry	NT=Data-dependent acquisition;AC=PRIDE:0000627	NT=isotope labeling;AC=PRIDE:0000310	NT=q exactive;AC=MS:1001911	NT=TMT6plex;AC=UNIMOD:737;TA=K;MT=Fixed	NT=Dimethyl;AC=UNIMOD:36;TA=K;MT=Variable	NT=Carbamidomethyl;AC=UNIMOD:4;TA=C;MT=Fixed	NT=Trypsin;AC=MS:1001251	not available	dithiothreitol (dtt)	1	1	oecf1-221114-GC3196-q-nC18-SMA18-10.raw	ftp://ftp.pride.ebi.ac.uk/pride/data/archive/2025/05/PXD054900/oecf1-221114-GC3196-q-nC18-SMA18-10.raw	v1.1.0	NT=ms-proteomics;VV=v1.1.0	NT=clinical-metadata;VV=v1.0.0	manual curation	muscle
oecf1-221115-GC3197-q-nC18-SMA24-04	homo sapiens	muscle	not applicable	spinal muscular atrophy	adult	4	oecf1-221115-GC3197-q-nC18-SMA24-04	proteomic profiling by mass spectrometry	NT=Data-dependent acquisition;AC=PRIDE:0000627	NT=isotope labeling;AC=PRIDE:0000310	NT=q exactive;AC=MS:1001911	NT=TMT6plex;AC=UNIMOD:737;TA=K;MT=Fixed	NT=Dimethyl;AC=UNIMOD:36;TA=K;MT=Variable	NT=Carbamidomethyl;AC=UNIMOD:4;TA=C;MT=Fixed	NT=Trypsin;AC=MS:1001251	not available	dithiothreitol (dtt)	1	1	oecf1-221115-GC3197-q-nC18-SMA24-04.raw	ftp://ftp.pride.ebi.ac.uk/pride/data/archive/2025/05/PXD054900/oecf1-221115-GC3197-q-nC18-SMA24-04.raw	v1.1.0	NT=ms-proteomics;VV=v1.1.0	NT=clinical-metadata;VV=v1.0.0	manual curation	muscle
oecf1-221206-GC3201-TMT7-SMA23-F1	homo sapiens	muscle	not applicable	spinal muscular atrophy	adult	1	oecf1-221206-GC3201-TMT7-SMA23-F1	proteomic profiling by mass spectrometry	NT=Data-dependent acquisition;AC=PRIDE:0000627	NT=isotope labeling;AC=PRIDE:0000310	NT=q exactive;AC=MS:1001911	NT=TMT6plex;AC=UNIMOD:737;TA=K;MT=Fixed	NT=Dimethyl;AC=UNIMOD:36;TA=K;MT=Variable	NT=Carbamidomethyl;AC=UNIMOD:4;TA=C;MT=Fixed	NT=Trypsin;AC=MS:1001251	not available	dithiothreitol (dtt)	1	1	oecf1-221206-GC3201-TMT7-SMA23-F1.raw	ftp://ftp.pride.ebi.ac.uk/pride/data/archive/2025/05/PXD054900/oecf1-221206-GC3201-TMT7-SMA23-F1.raw	v1.1.0	NT=ms-proteomics;VV=v1.1.0	NT=clinical-metadata;VV=v1.0.0	manual curation	muscle
oecf1-221024-GC3193-q-nC18-SMA08-10	homo sapiens	muscle	not applicable	spinal muscular atrophy	adult	10	oecf1-221024-GC3193-q-nC18-SMA08-10	proteomic profiling by mass spectrometry	NT=Data-dependent acquisition;AC=PRIDE:0000627	NT=isotope labeling;AC=PRIDE:0000310	NT=q exactive;AC=MS:1001911	NT=TMT6plex;AC=UNIMOD:737;TA=K;MT=Fixed	NT=Dimethyl;AC=UNIMOD:36;TA=K;MT=Variable	NT=Carbamidomethyl;AC=UNIMOD:4;TA=C;MT=Fixed	NT=Trypsin;AC=MS:1001251	not available	dithiothreitol (dtt)	1	1	oecf1-221024-GC3193-q-nC18-SMA08-10.raw	ftp://ftp.pride.ebi.ac.uk/pride/data/archive/2025/05/PXD054900/oecf1-221024-GC3193-q-nC18-SMA08-10.raw	v1.1.0	NT=ms-proteomics;VV=v1.1.0	NT=clinical-metadata;VV=v1.0.0	manual curation	muscle
oecf1-221025-GC3194-q-nC18-SMA19-08	homo sapiens	muscle	not applicable	spinal muscular atrophy	adult	8	oecf1-221025-GC3194-q-nC18-SMA19-08	proteomic profiling by mass spectrometry	NT=Data-dependent acquisition;AC=PRIDE:0000627	NT=isotope labeling;AC=PRIDE:0000310	NT=q exactive;AC=MS:1001911	NT=TMT6plex;AC=UNIMOD:737;TA=K;MT=Fixed	NT=Dimethyl;AC=UNIMOD:36;TA=K;MT=Variable	NT=Carbamidomethyl;AC=UNIMOD:4;TA=C;MT=Fixed	NT=Trypsin;AC=MS:1001251	not available	dithiothreitol (dtt)	1	1	oecf1-221025-GC3194-q-nC18-SMA19-08.raw	ftp://ftp.pride.ebi.ac.uk/pride/data/archive/2025/05/PXD054900/oecf1-221025-GC3194-q-nC18-SMA19-08.raw	v1.1.0	NT=ms-proteomics;VV=v1.1.0	NT=clinical-metadata;VV=v1.0.0	manual curation	muscle
oecf1-221222-GC3206-TMT7-SMA03-FTW	homo sapiens	muscle	not applicable	spinal muscular atrophy	adult	1	oecf1-221222-GC3206-TMT7-SMA03-FTW	proteomic profiling by mass spectrometry	NT=Data-dependent acquisition;AC=PRIDE:0000627	NT=isotope labeling;AC=PRIDE:0000310	NT=q exactive;AC=MS:1001911	NT=TMT6plex;AC=UNIMOD:737;TA=K;MT=Fixed	NT=Dimethyl;AC=UNIMOD:36;TA=K;MT=Variable	NT=Carbamidomethyl;AC=UNIMOD:4;TA=C;MT=Fixed	NT=Trypsin;AC=MS:1001251	not available	dithiothreitol (dtt)	1	1	oecf1-221222-GC3206-TMT7-SMA03-FTW.raw	ftp://ftp.pride.ebi.ac.uk/pride/data/archive/2025/05/PXD054900/oecf1-221222-GC3206-TMT7-SMA03-FTW.raw	v1.1.0	NT=ms-proteomics;VV=v1.1.0	NT=clinical-metadata;VV=v1.0.0	manual curation	muscle
oecf1-221114-GC3196-q-nC18-SMA11-12	homo sapiens	muscle	not applicable	spinal muscular atrophy	adult	12	oecf1-221114-GC3196-q-nC18-SMA11-12	proteomic profiling by mass spectrometry	NT=Data-dependent acquisition;AC=PRIDE:0000627	NT=isotope labeling;AC=PRIDE:0000310	NT=q exactive;AC=MS:1001911	NT=TMT6plex;AC=UNIMOD:737;TA=K;MT=Fixed	NT=Dimethyl;AC=UNIMOD:36;TA=K;MT=Variable	NT=Carbamidomethyl;AC=UNIMOD:4;TA=C;MT=Fixed	NT=Trypsin;AC=MS:1001251	not available	dithiothreitol (dtt)	1	1	oecf1-221114-GC3196-q-nC18-SMA11-12.raw	ftp://ftp.pride.ebi.ac.uk/pride/data/archive/2025/05/PXD054900/oecf1-221114-GC3196-q-nC18-SMA11-12.raw	v1.1.0	NT=ms-proteomics;VV=v1.1.0	NT=clinical-metadata;VV=v1.0.0	manual curation	muscle
oecf1-221222-GC3206-TMT7-SMA02-F1	homo sapiens	muscle	not applicable	spinal muscular atrophy	adult	1	oecf1-221222-GC3206-TMT7-SMA02-F1	proteomic profiling by mass spectrometry	NT=Data-dependent acquisition;AC=PRIDE:0000627	NT=isotope labeling;AC=PRIDE:0000310	NT=q exactive;AC=MS:1001911	NT=TMT6plex;AC=UNIMOD:737;TA=K;MT=Fixed	NT=Dimethyl;AC=UNIMOD:36;TA=K;MT=Variable	NT=Carbamidomethyl;AC=UNIMOD:4;TA=C;MT=Fixed	NT=Trypsin;AC=MS:1001251	not available	dithiothreitol (dtt)	1	1	oecf1-221222-GC3206-TMT7-SMA02-F1.raw	ftp://ftp.pride.ebi.ac.uk/pride/data/archive/2025/05/PXD054900/oecf1-221222-GC3206-TMT7-SMA02-F1.raw	v1.1.0	NT=ms-proteomics;VV=v1.1.0	NT=clinical-metadata;VV=v1.0.0	manual curation	muscle
oecf1-221228-GC3207-TMT7-SMA16-F4	homo sapiens	muscle	not applicable	spinal muscular atrophy	adult	1	oecf1-221228-GC3207-TMT7-SMA16-F4	proteomic profiling by mass spectrometry	NT=Data-dependent acquisition;AC=PRIDE:0000627	NT=isotope labeling;AC=PRIDE:0000310	NT=q exactive;AC=MS:1001911	NT=TMT6plex;AC=UNIMOD:737;TA=K;MT=Fixed	NT=Dimethyl;AC=UNIMOD:36;TA=K;MT=Variable	NT=Carbamidomethyl;AC=UNIMOD:4;TA=C;MT=Fixed	NT=Trypsin;AC=MS:1001251	not available	dithiothreitol (dtt)	4	1	oecf1-221228-GC3207-TMT7-SMA16-F4.raw	ftp://ftp.pride.ebi.ac.uk/pride/data/archive/2025/05/PXD054900/oecf1-221228-GC3207-TMT7-SMA16-F4.raw	v1.1.0	NT=ms-proteomics;VV=v1.1.0	NT=clinical-metadata;VV=v1.0.0	manual curation	muscle
oecf1-221216-GC3203-TMT7-SMA13-F4	homo sapiens	muscle	not applicable	spinal muscular atrophy	adult	1	oecf1-221216-GC3203-TMT7-SMA13-F4	proteomic profiling by mass spectrometry	NT=Data-dependent acquisition;AC=PRIDE:0000627	NT=isotope labeling;AC=PRIDE:0000310	NT=q exactive;AC=MS:1001911	NT=TMT6plex;AC=UNIMOD:737;TA=K;MT=Fixed	NT=Dimethyl;AC=UNIMOD:36;TA=K;MT=Variable	NT=Carbamidomethyl;AC=UNIMOD:4;TA=C;MT=Fixed	NT=Trypsin;AC=MS:1001251	not available	dithiothreitol (dtt)	4	1	oecf1-221216-GC3203-TMT7-SMA13-F4.raw	ftp://ftp.pride.ebi.ac.uk/pride/data/archive/2025/05/PXD054900/oecf1-221216-GC3203-TMT7-SMA13-F4.raw	v1.1.0	NT=ms-proteomics;VV=v1.1.0	NT=clinical-metadata;VV=v1.0.0	manual curation	muscle
oecf1-221114-GC3196-q-nC18-SMA09-04	homo sapiens	muscle	not applicable	spinal muscular atrophy	adult	4	oecf1-221114-GC3196-q-nC18-SMA09-04	proteomic profiling by mass spectrometry	NT=Data-dependent acquisition;AC=PRIDE:0000627	NT=isotope labeling;AC=PRIDE:0000310	NT=q exactive;AC=MS:1001911	NT=TMT6plex;AC=UNIMOD:737;TA=K;MT=Fixed	NT=Dimethyl;AC=UNIMOD:36;TA=K;MT=Variable	NT=Carbamidomethyl;AC=UNIMOD:4;TA=C;MT=Fixed	NT=Trypsin;AC=MS:1001251	not available	dithiothreitol (dtt)	1	1	oecf1-221114-GC3196-q-nC18-SMA09-04.raw	ftp://ftp.pride.ebi.ac.uk/pride/data/archive/2025/05/PXD054900/oecf1-221114-GC3196-q-nC18-SMA09-04.raw	v1.1.0	NT=ms-proteomics;VV=v1.1.0	NT=clinical-metadata;VV=v1.0.0	manual curation	muscle
oecf1-221228-GC3207-TMT7-SMA24-F3	homo sapiens	muscle	not applicable	spinal muscular atrophy	adult	1	oecf1-221228-GC3207-TMT7-SMA24-F3	proteomic profiling by mass spectrometry	NT=Data-dependent acquisition;AC=PRIDE:0000627	NT=isotope labeling;AC=PRIDE:0000310	NT=q exactive;AC=MS:1001911	NT=TMT6plex;AC=UNIMOD:737;TA=K;MT=Fixed	NT=Dimethyl;AC=UNIMOD:36;TA=K;MT=Variable	NT=Carbamidomethyl;AC=UNIMOD:4;TA=C;MT=Fixed	NT=Trypsin;AC=MS:1001251	not available	dithiothreitol (dtt)	3	1	oecf1-221228-GC3207-TMT7-SMA24-F3.raw	ftp://ftp.pride.ebi.ac.uk/pride/data/archive/2025/05/PXD054900/oecf1-221228-GC3207-TMT7-SMA24-F3.raw	v1.1.0	NT=ms-proteomics;VV=v1.1.0	NT=clinical-metadata;VV=v1.0.0	manual curation	muscle
oecf1-221228-GC3207-TMT7-SMA18-FTW	homo sapiens	muscle	not applicable	spinal muscular atrophy	adult	1	oecf1-221228-GC3207-TMT7-SMA18-FTW	proteomic profiling by mass spectrometry	NT=Data-dependent acquisition;AC=PRIDE:0000627	NT=isotope labeling;AC=PRIDE:0000310	NT=q exactive;AC=MS:1001911	NT=TMT6plex;AC=UNIMOD:737;TA=K;MT=Fixed	NT=Dimethyl;AC=UNIMOD:36;TA=K;MT=Variable	NT=Carbamidomethyl;AC=UNIMOD:4;TA=C;MT=Fixed	NT=Trypsin;AC=MS:1001251	not available	dithiothreitol (dtt)	1	1	oecf1-221228-GC3207-TMT7-SMA18-FTW.raw	ftp://ftp.pride.ebi.ac.uk/pride/data/archive/2025/05/PXD054900/oecf1-221228-GC3207-TMT7-SMA18-FTW.raw	v1.1.0	NT=ms-proteomics;VV=v1.1.0	NT=clinical-metadata;VV=v1.0.0	manual curation	muscle
oecf1-221114-GC3196-q-nC18-SMA13-08	homo sapiens	muscle	not applicable	spinal muscular atrophy	adult	8	oecf1-221114-GC3196-q-nC18-SMA13-08	proteomic profiling by mass spectrometry	NT=Data-dependent acquisition;AC=PRIDE:0000627	NT=isotope labeling;AC=PRIDE:0000310	NT=q exactive;AC=MS:1001911	NT=TMT6plex;AC=UNIMOD:737;TA=K;MT=Fixed	NT=Dimethyl;AC=UNIMOD:36;TA=K;MT=Variable	NT=Carbamidomethyl;AC=UNIMOD:4;TA=C;MT=Fixed	NT=Trypsin;AC=MS:1001251	not available	dithiothreitol (dtt)	1	1	oecf1-221114-GC3196-q-nC18-SMA13-08.raw	ftp://ftp.pride.ebi.ac.uk/pride/data/archive/2025/05/PXD054900/oecf1-221114-GC3196-q-nC18-SMA13-08.raw	v1.1.0	NT=ms-proteomics;VV=v1.1.0	NT=clinical-metadata;VV=v1.0.0	manual curation	muscle
oecf1-221222-GC3206-TMT7-SMA08-F1	homo sapiens	muscle	not applicable	spinal muscular atrophy	adult	1	oecf1-221222-GC3206-TMT7-SMA08-F1	proteomic profiling by mass spectrometry	NT=Data-dependent acquisition;AC=PRIDE:0000627	NT=isotope labeling;AC=PRIDE:0000310	NT=q exactive;AC=MS:1001911	NT=TMT6plex;AC=UNIMOD:737;TA=K;MT=Fixed	NT=Dimethyl;AC=UNIMOD:36;TA=K;MT=Variable	NT=Carbamidomethyl;AC=UNIMOD:4;TA=C;MT=Fixed	NT=Trypsin;AC=MS:1001251	not available	dithiothreitol (dtt)	1	1	oecf1-221222-GC3206-TMT7-SMA08-F1.raw	ftp://ftp.pride.ebi.ac.uk/pride/data/archive/2025/05/PXD054900/oecf1-221222-GC3206-TMT7-SMA08-F1.raw	v1.1.0	NT=ms-proteomics;VV=v1.1.0	NT=clinical-metadata;VV=v1.0.0	manual curation	muscle
oecf1-221024-GC3193-q-nC18-SMA03-04	homo sapiens	muscle	not applicable	spinal muscular atrophy	adult	4	oecf1-221024-GC3193-q-nC18-SMA03-04	proteomic profiling by mass spectrometry	NT=Data-dependent acquisition;AC=PRIDE:0000627	NT=isotope labeling;AC=PRIDE:0000310	NT=q exactive;AC=MS:1001911	NT=TMT6plex;AC=UNIMOD:737;TA=K;MT=Fixed	NT=Dimethyl;AC=UNIMOD:36;TA=K;MT=Variable	NT=Carbamidomethyl;AC=UNIMOD:4;TA=C;MT=Fixed	NT=Trypsin;AC=MS:1001251	not available	dithiothreitol (dtt)	1	1	oecf1-221024-GC3193-q-nC18-SMA03-04.raw	ftp://ftp.pride.ebi.ac.uk/pride/data/archive/2025/05/PXD054900/oecf1-221024-GC3193-q-nC18-SMA03-04.raw	v1.1.0	NT=ms-proteomics;VV=v1.1.0	NT=clinical-metadata;VV=v1.0.0	manual curation	muscle
oecf1-221228-GC3207-TMT7-SMA24-F5	homo sapiens	muscle	not applicable	spinal muscular atrophy	adult	1	oecf1-221228-GC3207-TMT7-SMA24-F5	proteomic profiling by mass spectrometry	NT=Data-dependent acquisition;AC=PRIDE:0000627	NT=isotope labeling;AC=PRIDE:0000310	NT=q exactive;AC=MS:1001911	NT=TMT6plex;AC=UNIMOD:737;TA=K;MT=Fixed	NT=Dimethyl;AC=UNIMOD:36;TA=K;MT=Variable	NT=Carbamidomethyl;AC=UNIMOD:4;TA=C;MT=Fixed	NT=Trypsin;AC=MS:1001251	not available	dithiothreitol (dtt)	5	1	oecf1-221228-GC3207-TMT7-SMA24-F5.raw	ftp://ftp.pride.ebi.ac.uk/pride/data/archive/2025/05/PXD054900/oecf1-221228-GC3207-TMT7-SMA24-F5.raw	v1.1.0	NT=ms-proteomics;VV=v1.1.0	NT=clinical-metadata;VV=v1.0.0	manual curation	muscle
oecf1-221024-GC3193-q-nC18-SMA03-01	homo sapiens	muscle	not applicable	spinal muscular atrophy	adult	1	oecf1-221024-GC3193-q-nC18-SMA03-01	proteomic profiling by mass spectrometry	NT=Data-dependent acquisition;AC=PRIDE:0000627	NT=isotope labeling;AC=PRIDE:0000310	NT=q exactive;AC=MS:1001911	NT=TMT6plex;AC=UNIMOD:737;TA=K;MT=Fixed	NT=Dimethyl;AC=UNIMOD:36;TA=K;MT=Variable	NT=Carbamidomethyl;AC=UNIMOD:4;TA=C;MT=Fixed	NT=Trypsin;AC=MS:1001251	not available	dithiothreitol (dtt)	1	1	oecf1-221024-GC3193-q-nC18-SMA03-01.raw	ftp://ftp.pride.ebi.ac.uk/pride/data/archive/2025/05/PXD054900/oecf1-221024-GC3193-q-nC18-SMA03-01.raw	v1.1.0	NT=ms-proteomics;VV=v1.1.0	NT=clinical-metadata;VV=v1.0.0	manual curation	muscle
oecf1-221216-GC3203-TMT7-SMA12-F3	homo sapiens	muscle	not applicable	spinal muscular atrophy	adult	1	oecf1-221216-GC3203-TMT7-SMA12-F3	proteomic profiling by mass spectrometry	NT=Data-dependent acquisition;AC=PRIDE:0000627	NT=isotope labeling;AC=PRIDE:0000310	NT=q exactive;AC=MS:1001911	NT=TMT6plex;AC=UNIMOD:737;TA=K;MT=Fixed	NT=Dimethyl;AC=UNIMOD:36;TA=K;MT=Variable	NT=Carbamidomethyl;AC=UNIMOD:4;TA=C;MT=Fixed	NT=Trypsin;AC=MS:1001251	not available	dithiothreitol (dtt)	3	1	oecf1-221216-GC3203-TMT7-SMA12-F3.raw	ftp://ftp.pride.ebi.ac.uk/pride/data/archive/2025/05/PXD054900/oecf1-221216-GC3203-TMT7-SMA12-F3.raw	v1.1.0	NT=ms-proteomics;VV=v1.1.0	NT=clinical-metadata;VV=v1.0.0	manual curation	muscle
oecf1-221216-GC3203-TMT7-SMA13-F3	homo sapiens	muscle	not applicable	spinal muscular atrophy	adult	1	oecf1-221216-GC3203-TMT7-SMA13-F3	proteomic profiling by mass spectrometry	NT=Data-dependent acquisition;AC=PRIDE:0000627	NT=isotope labeling;AC=PRIDE:0000310	NT=q exactive;AC=MS:1001911	NT=TMT6plex;AC=UNIMOD:737;TA=K;MT=Fixed	NT=Dimethyl;AC=UNIMOD:36;TA=K;MT=Variable	NT=Carbamidomethyl;AC=UNIMOD:4;TA=C;MT=Fixed	NT=Trypsin;AC=MS:1001251	not available	dithiothreitol (dtt)	3	1	oecf1-221216-GC3203-TMT7-SMA13-F3.raw	ftp://ftp.pride.ebi.ac.uk/pride/data/archive/2025/05/PXD054900/oecf1-221216-GC3203-TMT7-SMA13-F3.raw	v1.1.0	NT=ms-proteomics;VV=v1.1.0	NT=clinical-metadata;VV=v1.0.0	manual curation	muscle
oecf1-221114-GC3196-q-nC18-SMA10-01	homo sapiens	muscle	not applicable	spinal muscular atrophy	adult	1	oecf1-221114-GC3196-q-nC18-SMA10-01	proteomic profiling by mass spectrometry	NT=Data-dependent acquisition;AC=PRIDE:0000627	NT=isotope labeling;AC=PRIDE:0000310	NT=q exactive;AC=MS:1001911	NT=TMT6plex;AC=UNIMOD:737;TA=K;MT=Fixed	NT=Dimethyl;AC=UNIMOD:36;TA=K;MT=Variable	NT=Carbamidomethyl;AC=UNIMOD:4;TA=C;MT=Fixed	NT=Trypsin;AC=MS:1001251	not available	dithiothreitol (dtt)	1	1	oecf1-221114-GC3196-q-nC18-SMA10-01.raw	ftp://ftp.pride.ebi.ac.uk/pride/data/archive/2025/05/PXD054900/oecf1-221114-GC3196-q-nC18-SMA10-01.raw	v1.1.0	NT=ms-proteomics;VV=v1.1.0	NT=clinical-metadata;VV=v1.0.0	manual curation	muscle
oecf1-221114-GC3196-q-nC18-SMA11-10	homo sapiens	muscle	not applicable	spinal muscular atrophy	adult	10	oecf1-221114-GC3196-q-nC18-SMA11-10	proteomic profiling by mass spectrometry	NT=Data-dependent acquisition;AC=PRIDE:0000627	NT=isotope labeling;AC=PRIDE:0000310	NT=q exactive;AC=MS:1001911	NT=TMT6plex;AC=UNIMOD:737;TA=K;MT=Fixed	NT=Dimethyl;AC=UNIMOD:36;TA=K;MT=Variable	NT=Carbamidomethyl;AC=UNIMOD:4;TA=C;MT=Fixed	NT=Trypsin;AC=MS:1001251	not available	dithiothreitol (dtt)	1	1	oecf1-221114-GC3196-q-nC18-SMA11-10.raw	ftp://ftp.pride.ebi.ac.uk/pride/data/archive/2025/05/PXD054900/oecf1-221114-GC3196-q-nC18-SMA11-10.raw	v1.1.0	NT=ms-proteomics;VV=v1.1.0	NT=clinical-metadata;VV=v1.0.0	manual curation	muscle
oecf1-221114-GC3196-q-nC18-SMA12-01	homo sapiens	muscle	not applicable	spinal muscular atrophy	adult	1	oecf1-221114-GC3196-q-nC18-SMA12-01	proteomic profiling by mass spectrometry	NT=Data-dependent acquisition;AC=PRIDE:0000627	NT=isotope labeling;AC=PRIDE:0000310	NT=q exactive;AC=MS:1001911	NT=TMT6plex;AC=UNIMOD:737;TA=K;MT=Fixed	NT=Dimethyl;AC=UNIMOD:36;TA=K;MT=Variable	NT=Carbamidomethyl;AC=UNIMOD:4;TA=C;MT=Fixed	NT=Trypsin;AC=MS:1001251	not available	dithiothreitol (dtt)	1	1	oecf1-221114-GC3196-q-nC18-SMA12-01.raw	ftp://ftp.pride.ebi.ac.uk/pride/data/archive/2025/05/PXD054900/oecf1-221114-GC3196-q-nC18-SMA12-01.raw	v1.1.0	NT=ms-proteomics;VV=v1.1.0	NT=clinical-metadata;VV=v1.0.0	manual curation	muscle
oecf1-221222-GC3206-TMT7-SMA10-F5	homo sapiens	muscle	not applicable	spinal muscular atrophy	adult	1	oecf1-221222-GC3206-TMT7-SMA10-F5	proteomic profiling by mass spectrometry	NT=Data-dependent acquisition;AC=PRIDE:0000627	NT=isotope labeling;AC=PRIDE:0000310	NT=q exactive;AC=MS:1001911	NT=TMT6plex;AC=UNIMOD:737;TA=K;MT=Fixed	NT=Dimethyl;AC=UNIMOD:36;TA=K;MT=Variable	NT=Carbamidomethyl;AC=UNIMOD:4;TA=C;MT=Fixed	NT=Trypsin;AC=MS:1001251	not available	dithiothreitol (dtt)	5	1	oecf1-221222-GC3206-TMT7-SMA10-F5.raw	ftp://ftp.pride.ebi.ac.uk/pride/data/archive/2025/05/PXD054900/oecf1-221222-GC3206-TMT7-SMA10-F5.raw	v1.1.0	NT=ms-proteomics;VV=v1.1.0	NT=clinical-metadata;VV=v1.0.0	manual curation	muscle
oecf1-221025-GC3194-q-nC18-SMA05-04	homo sapiens	muscle	not applicable	spinal muscular atrophy	adult	4	oecf1-221025-GC3194-q-nC18-SMA05-04	proteomic profiling by mass spectrometry	NT=Data-dependent acquisition;AC=PRIDE:0000627	NT=isotope labeling;AC=PRIDE:0000310	NT=q exactive;AC=MS:1001911	NT=TMT6plex;AC=UNIMOD:737;TA=K;MT=Fixed	NT=Dimethyl;AC=UNIMOD:36;TA=K;MT=Variable	NT=Carbamidomethyl;AC=UNIMOD:4;TA=C;MT=Fixed	NT=Trypsin;AC=MS:1001251	not available	dithiothreitol (dtt)	1	1	oecf1-221025-GC3194-q-nC18-SMA05-04.raw	ftp://ftp.pride.ebi.ac.uk/pride/data/archive/2025/05/PXD054900/oecf1-221025-GC3194-q-nC18-SMA05-04.raw	v1.1.0	NT=ms-proteomics;VV=v1.1.0	NT=clinical-metadata;VV=v1.0.0	manual curation	muscle
oecf1-221228-GC3207-TMT7-SMA18-F5	homo sapiens	muscle	not applicable	spinal muscular atrophy	adult	1	oecf1-221228-GC3207-TMT7-SMA18-F5	proteomic profiling by mass spectrometry	NT=Data-dependent acquisition;AC=PRIDE:0000627	NT=isotope labeling;AC=PRIDE:0000310	NT=q exactive;AC=MS:1001911	NT=TMT6plex;AC=UNIMOD:737;TA=K;MT=Fixed	NT=Dimethyl;AC=UNIMOD:36;TA=K;MT=Variable	NT=Carbamidomethyl;AC=UNIMOD:4;TA=C;MT=Fixed	NT=Trypsin;AC=MS:1001251	not available	dithiothreitol (dtt)	5	1	oecf1-221228-GC3207-TMT7-SMA18-F5.raw	ftp://ftp.pride.ebi.ac.uk/pride/data/archive/2025/05/PXD054900/oecf1-221228-GC3207-TMT7-SMA18-F5.raw	v1.1.0	NT=ms-proteomics;VV=v1.1.0	NT=clinical-metadata;VV=v1.0.0	manual curation	muscle
oecf1-221228-GC3207-TMT7-SMA19-F8	homo sapiens	muscle	not applicable	spinal muscular atrophy	adult	1	oecf1-221228-GC3207-TMT7-SMA19-F8	proteomic profiling by mass spectrometry	NT=Data-dependent acquisition;AC=PRIDE:0000627	NT=isotope labeling;AC=PRIDE:0000310	NT=q exactive;AC=MS:1001911	NT=TMT6plex;AC=UNIMOD:737;TA=K;MT=Fixed	NT=Dimethyl;AC=UNIMOD:36;TA=K;MT=Variable	NT=Carbamidomethyl;AC=UNIMOD:4;TA=C;MT=Fixed	NT=Trypsin;AC=MS:1001251	not available	dithiothreitol (dtt)	8	1	oecf1-221228-GC3207-TMT7-SMA19-F8.raw	ftp://ftp.pride.ebi.ac.uk/pride/data/archive/2025/05/PXD054900/oecf1-221228-GC3207-TMT7-SMA19-F8.raw	v1.1.0	NT=ms-proteomics;VV=v1.1.0	NT=clinical-metadata;VV=v1.0.0	manual curation	muscle
oecf1-221216-GC3203-TMT7-SMA12-F5	homo sapiens	muscle	not applicable	spinal muscular atrophy	adult	1	oecf1-221216-GC3203-TMT7-SMA12-F5	proteomic profiling by mass spectrometry	NT=Data-dependent acquisition;AC=PRIDE:0000627	NT=isotope labeling;AC=PRIDE:0000310	NT=q exactive;AC=MS:1001911	NT=TMT6plex;AC=UNIMOD:737;TA=K;MT=Fixed	NT=Dimethyl;AC=UNIMOD:36;TA=K;MT=Variable	NT=Carbamidomethyl;AC=UNIMOD:4;TA=C;MT=Fixed	NT=Trypsin;AC=MS:1001251	not available	dithiothreitol (dtt)	5	1	oecf1-221216-GC3203-TMT7-SMA12-F5.raw	ftp://ftp.pride.ebi.ac.uk/pride/data/archive/2025/05/PXD054900/oecf1-221216-GC3203-TMT7-SMA12-F5.raw	v1.1.0	NT=ms-proteomics;VV=v1.1.0	NT=clinical-metadata;VV=v1.0.0	manual curation	muscle
oecf1-221024-GC3193-q-nC18-SMA08-12	homo sapiens	muscle	not applicable	spinal muscular atrophy	adult	12	oecf1-221024-GC3193-q-nC18-SMA08-12	proteomic profiling by mass spectrometry	NT=Data-dependent acquisition;AC=PRIDE:0000627	NT=isotope labeling;AC=PRIDE:0000310	NT=q exactive;AC=MS:1001911	NT=TMT6plex;AC=UNIMOD:737;TA=K;MT=Fixed	NT=Dimethyl;AC=UNIMOD:36;TA=K;MT=Variable	NT=Carbamidomethyl;AC=UNIMOD:4;TA=C;MT=Fixed	NT=Trypsin;AC=MS:1001251	not available	dithiothreitol (dtt)	1	1	oecf1-221024-GC3193-q-nC18-SMA08-12.raw	ftp://ftp.pride.ebi.ac.uk/pride/data/archive/2025/05/PXD054900/oecf1-221024-GC3193-q-nC18-SMA08-12.raw	v1.1.0	NT=ms-proteomics;VV=v1.1.0	NT=clinical-metadata;VV=v1.0.0	manual curation	muscle
oecf1-221210-GC3202-TMT7-SMA11-F6	homo sapiens	muscle	not applicable	spinal muscular atrophy	adult	1	oecf1-221210-GC3202-TMT7-SMA11-F6	proteomic profiling by mass spectrometry	NT=Data-dependent acquisition;AC=PRIDE:0000627	NT=isotope labeling;AC=PRIDE:0000310	NT=q exactive;AC=MS:1001911	NT=TMT6plex;AC=UNIMOD:737;TA=K;MT=Fixed	NT=Dimethyl;AC=UNIMOD:36;TA=K;MT=Variable	NT=Carbamidomethyl;AC=UNIMOD:4;TA=C;MT=Fixed	NT=Trypsin;AC=MS:1001251	not available	dithiothreitol (dtt)	6	1	oecf1-221210-GC3202-TMT7-SMA11-F6.raw	ftp://ftp.pride.ebi.ac.uk/pride/data/archive/2025/05/PXD054900/oecf1-221210-GC3202-TMT7-SMA11-F6.raw	v1.1.0	NT=ms-proteomics;VV=v1.1.0	NT=clinical-metadata;VV=v1.0.0	manual curation	muscle
oecf1-221114-GC3196-q-nC18-SMA09-01	homo sapiens	muscle	not applicable	spinal muscular atrophy	adult	1	oecf1-221114-GC3196-q-nC18-SMA09-01	proteomic profiling by mass spectrometry	NT=Data-dependent acquisition;AC=PRIDE:0000627	NT=isotope labeling;AC=PRIDE:0000310	NT=q exactive;AC=MS:1001911	NT=TMT6plex;AC=UNIMOD:737;TA=K;MT=Fixed	NT=Dimethyl;AC=UNIMOD:36;TA=K;MT=Variable	NT=Carbamidomethyl;AC=UNIMOD:4;TA=C;MT=Fixed	NT=Trypsin;AC=MS:1001251	not available	dithiothreitol (dtt)	1	1	oecf1-221114-GC3196-q-nC18-SMA09-01.raw	ftp://ftp.pride.ebi.ac.uk/pride/data/archive/2025/05/PXD054900/oecf1-221114-GC3196-q-nC18-SMA09-01.raw	v1.1.0	NT=ms-proteomics;VV=v1.1.0	NT=clinical-metadata;VV=v1.0.0	manual curation	muscle
oecf1-221026-GC3195-q-nC18-SMA06-01	homo sapiens	muscle	not applicable	spinal muscular atrophy	adult	1	oecf1-221026-GC3195-q-nC18-SMA06-01	proteomic profiling by mass spectrometry	NT=Data-dependent acquisition;AC=PRIDE:0000627	NT=isotope labeling;AC=PRIDE:0000310	NT=q exactive;AC=MS:1001911	NT=TMT6plex;AC=UNIMOD:737;TA=K;MT=Fixed	NT=Dimethyl;AC=UNIMOD:36;TA=K;MT=Variable	NT=Carbamidomethyl;AC=UNIMOD:4;TA=C;MT=Fixed	NT=Trypsin;AC=MS:1001251	not available	dithiothreitol (dtt)	1	1	oecf1-221026-GC3195-q-nC18-SMA06-01.raw	ftp://ftp.pride.ebi.ac.uk/pride/data/archive/2025/05/PXD054900/oecf1-221026-GC3195-q-nC18-SMA06-01.raw	v1.1.0	NT=ms-proteomics;VV=v1.1.0	NT=clinical-metadata;VV=v1.0.0	manual curation	muscle
oecf1-221025-GC3194-q-nC18-SMA05-10	homo sapiens	muscle	not applicable	spinal muscular atrophy	adult	10	oecf1-221025-GC3194-q-nC18-SMA05-10	proteomic profiling by mass spectrometry	NT=Data-dependent acquisition;AC=PRIDE:0000627	NT=isotope labeling;AC=PRIDE:0000310	NT=q exactive;AC=MS:1001911	NT=TMT6plex;AC=UNIMOD:737;TA=K;MT=Fixed	NT=Dimethyl;AC=UNIMOD:36;TA=K;MT=Variable	NT=Carbamidomethyl;AC=UNIMOD:4;TA=C;MT=Fixed	NT=Trypsin;AC=MS:1001251	not available	dithiothreitol (dtt)	1	1	oecf1-221025-GC3194-q-nC18-SMA05-10.raw	ftp://ftp.pride.ebi.ac.uk/pride/data/archive/2025/05/PXD054900/oecf1-221025-GC3194-q-nC18-SMA05-10.raw	v1.1.0	NT=ms-proteomics;VV=v1.1.0	NT=clinical-metadata;VV=v1.0.0	manual curation	muscle
oecf1-221114-GC3196-q-nC18-SMA12-10	homo sapiens	muscle	not applicable	spinal muscular atrophy	adult	10	oecf1-221114-GC3196-q-nC18-SMA12-10	proteomic profiling by mass spectrometry	NT=Data-dependent acquisition;AC=PRIDE:0000627	NT=isotope labeling;AC=PRIDE:0000310	NT=q exactive;AC=MS:1001911	NT=TMT6plex;AC=UNIMOD:737;TA=K;MT=Fixed	NT=Dimethyl;AC=UNIMOD:36;TA=K;MT=Variable	NT=Carbamidomethyl;AC=UNIMOD:4;TA=C;MT=Fixed	NT=Trypsin;AC=MS:1001251	not available	dithiothreitol (dtt)	1	1	oecf1-221114-GC3196-q-nC18-SMA12-10.raw	ftp://ftp.pride.ebi.ac.uk/pride/data/archive/2025/05/PXD054900/oecf1-221114-GC3196-q-nC18-SMA12-10.raw	v1.1.0	NT=ms-proteomics;VV=v1.1.0	NT=clinical-metadata;VV=v1.0.0	manual curation	muscle
oecf1-221216-GC3203-TMT7-SMA12-F7	homo sapiens	muscle	not applicable	spinal muscular atrophy	adult	1	oecf1-221216-GC3203-TMT7-SMA12-F7	proteomic profiling by mass spectrometry	NT=Data-dependent acquisition;AC=PRIDE:0000627	NT=isotope labeling;AC=PRIDE:0000310	NT=q exactive;AC=MS:1001911	NT=TMT6plex;AC=UNIMOD:737;TA=K;MT=Fixed	NT=Dimethyl;AC=UNIMOD:36;TA=K;MT=Variable	NT=Carbamidomethyl;AC=UNIMOD:4;TA=C;MT=Fixed	NT=Trypsin;AC=MS:1001251	not available	dithiothreitol (dtt)	7	1	oecf1-221216-GC3203-TMT7-SMA12-F7.raw	ftp://ftp.pride.ebi.ac.uk/pride/data/archive/2025/05/PXD054900/oecf1-221216-GC3203-TMT7-SMA12-F7.raw	v1.1.0	NT=ms-proteomics;VV=v1.1.0	NT=clinical-metadata;VV=v1.0.0	manual curation	muscle
oecf1-221222-GC3206-TMT7-SMA08-F3	homo sapiens	muscle	not applicable	spinal muscular atrophy	adult	1	oecf1-221222-GC3206-TMT7-SMA08-F3	proteomic profiling by mass spectrometry	NT=Data-dependent acquisition;AC=PRIDE:0000627	NT=isotope labeling;AC=PRIDE:0000310	NT=q exactive;AC=MS:1001911	NT=TMT6plex;AC=UNIMOD:737;TA=K;MT=Fixed	NT=Dimethyl;AC=UNIMOD:36;TA=K;MT=Variable	NT=Carbamidomethyl;AC=UNIMOD:4;TA=C;MT=Fixed	NT=Trypsin;AC=MS:1001251	not available	dithiothreitol (dtt)	3	1	oecf1-221222-GC3206-TMT7-SMA08-F3.raw	ftp://ftp.pride.ebi.ac.uk/pride/data/archive/2025/05/PXD054900/oecf1-221222-GC3206-TMT7-SMA08-F3.raw	v1.1.0	NT=ms-proteomics;VV=v1.1.0	NT=clinical-metadata;VV=v1.0.0	manual curation	muscle
oecf1-221210-GC3202-TMT7-SMA04-FTW	homo sapiens	muscle	not applicable	spinal muscular atrophy	adult	1	oecf1-221210-GC3202-TMT7-SMA04-FTW	proteomic profiling by mass spectrometry	NT=Data-dependent acquisition;AC=PRIDE:0000627	NT=isotope labeling;AC=PRIDE:0000310	NT=q exactive;AC=MS:1001911	NT=TMT6plex;AC=UNIMOD:737;TA=K;MT=Fixed	NT=Dimethyl;AC=UNIMOD:36;TA=K;MT=Variable	NT=Carbamidomethyl;AC=UNIMOD:4;TA=C;MT=Fixed	NT=Trypsin;AC=MS:1001251	not available	dithiothreitol (dtt)	1	1	oecf1-221210-GC3202-TMT7-SMA04-FTW.raw	ftp://ftp.pride.ebi.ac.uk/pride/data/archive/2025/05/PXD054900/oecf1-221210-GC3202-TMT7-SMA04-FTW.raw	v1.1.0	NT=ms-proteomics;VV=v1.1.0	NT=clinical-metadata;VV=v1.0.0	manual curation	muscle
oecf1-221114-GC3196-q-nC18-SMA09-12	homo sapiens	muscle	not applicable	spinal muscular atrophy	adult	12	oecf1-221114-GC3196-q-nC18-SMA09-12	proteomic profiling by mass spectrometry	NT=Data-dependent acquisition;AC=PRIDE:0000627	NT=isotope labeling;AC=PRIDE:0000310	NT=q exactive;AC=MS:1001911	NT=TMT6plex;AC=UNIMOD:737;TA=K;MT=Fixed	NT=Dimethyl;AC=UNIMOD:36;TA=K;MT=Variable	NT=Carbamidomethyl;AC=UNIMOD:4;TA=C;MT=Fixed	NT=Trypsin;AC=MS:1001251	not available	dithiothreitol (dtt)	1	1	oecf1-221114-GC3196-q-nC18-SMA09-12.raw	ftp://ftp.pride.ebi.ac.uk/pride/data/archive/2025/05/PXD054900/oecf1-221114-GC3196-q-nC18-SMA09-12.raw	v1.1.0	NT=ms-proteomics;VV=v1.1.0	NT=clinical-metadata;VV=v1.0.0	manual curation	muscle
oecf1-221228-GC3207-TMT7-SMA16-F8	homo sapiens	muscle	not applicable	spinal muscular atrophy	adult	1	oecf1-221228-GC3207-TMT7-SMA16-F8	proteomic profiling by mass spectrometry	NT=Data-dependent acquisition;AC=PRIDE:0000627	NT=isotope labeling;AC=PRIDE:0000310	NT=q exactive;AC=MS:1001911	NT=TMT6plex;AC=UNIMOD:737;TA=K;MT=Fixed	NT=Dimethyl;AC=UNIMOD:36;TA=K;MT=Variable	NT=Carbamidomethyl;AC=UNIMOD:4;TA=C;MT=Fixed	NT=Trypsin;AC=MS:1001251	not available	dithiothreitol (dtt)	8	1	oecf1-221228-GC3207-TMT7-SMA16-F8.raw	ftp://ftp.pride.ebi.ac.uk/pride/data/archive/2025/05/PXD054900/oecf1-221228-GC3207-TMT7-SMA16-F8.raw	v1.1.0	NT=ms-proteomics;VV=v1.1.0	NT=clinical-metadata;VV=v1.0.0	manual curation	muscle
oecf1-221216-GC3203-TMT7-SMA13-F7	homo sapiens	muscle	not applicable	spinal muscular atrophy	adult	1	oecf1-221216-GC3203-TMT7-SMA13-F7	proteomic profiling by mass spectrometry	NT=Data-dependent acquisition;AC=PRIDE:0000627	NT=isotope labeling;AC=PRIDE:0000310	NT=q exactive;AC=MS:1001911	NT=TMT6plex;AC=UNIMOD:737;TA=K;MT=Fixed	NT=Dimethyl;AC=UNIMOD:36;TA=K;MT=Variable	NT=Carbamidomethyl;AC=UNIMOD:4;TA=C;MT=Fixed	NT=Trypsin;AC=MS:1001251	not available	dithiothreitol (dtt)	7	1	oecf1-221216-GC3203-TMT7-SMA13-F7.raw	ftp://ftp.pride.ebi.ac.uk/pride/data/archive/2025/05/PXD054900/oecf1-221216-GC3203-TMT7-SMA13-F7.raw	v1.1.0	NT=ms-proteomics;VV=v1.1.0	NT=clinical-metadata;VV=v1.0.0	manual curation	muscle
oecf1-221228-GC3207-TMT7-SMA19-F2	homo sapiens	muscle	not applicable	spinal muscular atrophy	adult	1	oecf1-221228-GC3207-TMT7-SMA19-F2	proteomic profiling by mass spectrometry	NT=Data-dependent acquisition;AC=PRIDE:0000627	NT=isotope labeling;AC=PRIDE:0000310	NT=q exactive;AC=MS:1001911	NT=TMT6plex;AC=UNIMOD:737;TA=K;MT=Fixed	NT=Dimethyl;AC=UNIMOD:36;TA=K;MT=Variable	NT=Carbamidomethyl;AC=UNIMOD:4;TA=C;MT=Fixed	NT=Trypsin;AC=MS:1001251	not available	dithiothreitol (dtt)	2	1	oecf1-221228-GC3207-TMT7-SMA19-F2.raw	ftp://ftp.pride.ebi.ac.uk/pride/data/archive/2025/05/PXD054900/oecf1-221228-GC3207-TMT7-SMA19-F2.raw	v1.1.0	NT=ms-proteomics;VV=v1.1.0	NT=clinical-metadata;VV=v1.0.0	manual curation	muscle
oecf1-221228-GC3207-TMT7-SMA19-F4	homo sapiens	muscle	not applicable	spinal muscular atrophy	adult	1	oecf1-221228-GC3207-TMT7-SMA19-F4	proteomic profiling by mass spectrometry	NT=Data-dependent acquisition;AC=PRIDE:0000627	NT=isotope labeling;AC=PRIDE:0000310	NT=q exactive;AC=MS:1001911	NT=TMT6plex;AC=UNIMOD:737;TA=K;MT=Fixed	NT=Dimethyl;AC=UNIMOD:36;TA=K;MT=Variable	NT=Carbamidomethyl;AC=UNIMOD:4;TA=C;MT=Fixed	NT=Trypsin;AC=MS:1001251	not available	dithiothreitol (dtt)	4	1	oecf1-221228-GC3207-TMT7-SMA19-F4.raw	ftp://ftp.pride.ebi.ac.uk/pride/data/archive/2025/05/PXD054900/oecf1-221228-GC3207-TMT7-SMA19-F4.raw	v1.1.0	NT=ms-proteomics;VV=v1.1.0	NT=clinical-metadata;VV=v1.0.0	manual curation	muscle
oecf1-221204-GC3200-TMT7-SMA01-F6	homo sapiens	muscle	not applicable	spinal muscular atrophy	adult	1	oecf1-221204-GC3200-TMT7-SMA01-F6	proteomic profiling by mass spectrometry	NT=Data-dependent acquisition;AC=PRIDE:0000627	NT=isotope labeling;AC=PRIDE:0000310	NT=q exactive;AC=MS:1001911	NT=TMT6plex;AC=UNIMOD:737;TA=K;MT=Fixed	NT=Dimethyl;AC=UNIMOD:36;TA=K;MT=Variable	NT=Carbamidomethyl;AC=UNIMOD:4;TA=C;MT=Fixed	NT=Trypsin;AC=MS:1001251	not available	dithiothreitol (dtt)	6	1	oecf1-221204-GC3200-TMT7-SMA01-F6.raw	ftp://ftp.pride.ebi.ac.uk/pride/data/archive/2025/05/PXD054900/oecf1-221204-GC3200-TMT7-SMA01-F6.raw	v1.1.0	NT=ms-proteomics;VV=v1.1.0	NT=clinical-metadata;VV=v1.0.0	manual curation	muscle
oecf1-221228-GC3207-TMT7-SMA18-F2	homo sapiens	muscle	not applicable	spinal muscular atrophy	adult	1	oecf1-221228-GC3207-TMT7-SMA18-F2	proteomic profiling by mass spectrometry	NT=Data-dependent acquisition;AC=PRIDE:0000627	NT=isotope labeling;AC=PRIDE:0000310	NT=q exactive;AC=MS:1001911	NT=TMT6plex;AC=UNIMOD:737;TA=K;MT=Fixed	NT=Dimethyl;AC=UNIMOD:36;TA=K;MT=Variable	NT=Carbamidomethyl;AC=UNIMOD:4;TA=C;MT=Fixed	NT=Trypsin;AC=MS:1001251	not available	dithiothreitol (dtt)	2	1	oecf1-221228-GC3207-TMT7-SMA18-F2.raw	ftp://ftp.pride.ebi.ac.uk/pride/data/archive/2025/05/PXD054900/oecf1-221228-GC3207-TMT7-SMA18-F2.raw	v1.1.0	NT=ms-proteomics;VV=v1.1.0	NT=clinical-metadata;VV=v1.0.0	manual curation	muscle
oecf1-221024-GC3193-q-nC18-SMA17-08	homo sapiens	muscle	not applicable	spinal muscular atrophy	adult	8	oecf1-221024-GC3193-q-nC18-SMA17-08	proteomic profiling by mass spectrometry	NT=Data-dependent acquisition;AC=PRIDE:0000627	NT=isotope labeling;AC=PRIDE:0000310	NT=q exactive;AC=MS:1001911	NT=TMT6plex;AC=UNIMOD:737;TA=K;MT=Fixed	NT=Dimethyl;AC=UNIMOD:36;TA=K;MT=Variable	NT=Carbamidomethyl;AC=UNIMOD:4;TA=C;MT=Fixed	NT=Trypsin;AC=MS:1001251	not available	dithiothreitol (dtt)	1	1	oecf1-221024-GC3193-q-nC18-SMA17-08.raw	ftp://ftp.pride.ebi.ac.uk/pride/data/archive/2025/05/PXD054900/oecf1-221024-GC3193-q-nC18-SMA17-08.raw	v1.1.0	NT=ms-proteomics;VV=v1.1.0	NT=clinical-metadata;VV=v1.0.0	manual curation	muscle
oecf1-221216-GC3203-TMT7-SMA13-F1	homo sapiens	muscle	not applicable	spinal muscular atrophy	adult	1	oecf1-221216-GC3203-TMT7-SMA13-F1	proteomic profiling by mass spectrometry	NT=Data-dependent acquisition;AC=PRIDE:0000627	NT=isotope labeling;AC=PRIDE:0000310	NT=q exactive;AC=MS:1001911	NT=TMT6plex;AC=UNIMOD:737;TA=K;MT=Fixed	NT=Dimethyl;AC=UNIMOD:36;TA=K;MT=Variable	NT=Carbamidomethyl;AC=UNIMOD:4;TA=C;MT=Fixed	NT=Trypsin;AC=MS:1001251	not available	dithiothreitol (dtt)	1	1	oecf1-221216-GC3203-TMT7-SMA13-F1.raw	ftp://ftp.pride.ebi.ac.uk/pride/data/archive/2025/05/PXD054900/oecf1-221216-GC3203-TMT7-SMA13-F1.raw	v1.1.0	NT=ms-proteomics;VV=v1.1.0	NT=clinical-metadata;VV=v1.0.0	manual curation	muscle
oecf1-221203_GC3198-q-nC18-SMA20-06	homo sapiens	muscle	not applicable	spinal muscular atrophy	adult	6	oecf1-221203_GC3198-q-nC18-SMA20-06	proteomic profiling by mass spectrometry	NT=Data-dependent acquisition;AC=PRIDE:0000627	NT=isotope labeling;AC=PRIDE:0000310	NT=q exactive;AC=MS:1001911	NT=TMT6plex;AC=UNIMOD:737;TA=K;MT=Fixed	NT=Dimethyl;AC=UNIMOD:36;TA=K;MT=Variable	NT=Carbamidomethyl;AC=UNIMOD:4;TA=C;MT=Fixed	NT=Trypsin;AC=MS:1001251	not available	dithiothreitol (dtt)	1	1	oecf1-221203_GC3198-q-nC18-SMA20-06.raw	ftp://ftp.pride.ebi.ac.uk/pride/data/archive/2025/05/PXD054900/oecf1-221203_GC3198-q-nC18-SMA20-06.raw	v1.1.0	NT=ms-proteomics;VV=v1.1.0	NT=clinical-metadata;VV=v1.0.0	manual curation	muscle
oecf1-221025-GC3194-q-nC18-SMA01-04	homo sapiens	muscle	not applicable	spinal muscular atrophy	adult	4	oecf1-221025-GC3194-q-nC18-SMA01-04	proteomic profiling by mass spectrometry	NT=Data-dependent acquisition;AC=PRIDE:0000627	NT=isotope labeling;AC=PRIDE:0000310	NT=q exactive;AC=MS:1001911	NT=TMT6plex;AC=UNIMOD:737;TA=K;MT=Fixed	NT=Dimethyl;AC=UNIMOD:36;TA=K;MT=Variable	NT=Carbamidomethyl;AC=UNIMOD:4;TA=C;MT=Fixed	NT=Trypsin;AC=MS:1001251	not available	dithiothreitol (dtt)	1	1	oecf1-221025-GC3194-q-nC18-SMA01-04.raw	ftp://ftp.pride.ebi.ac.uk/pride/data/archive/2025/05/PXD054900/oecf1-221025-GC3194-q-nC18-SMA01-04.raw	v1.1.0	NT=ms-proteomics;VV=v1.1.0	NT=clinical-metadata;VV=v1.0.0	manual curation	muscle
oecf1-221228-GC3207-TMT7-SMA24-F4	homo sapiens	muscle	not applicable	spinal muscular atrophy	adult	1	oecf1-221228-GC3207-TMT7-SMA24-F4	proteomic profiling by mass spectrometry	NT=Data-dependent acquisition;AC=PRIDE:0000627	NT=isotope labeling;AC=PRIDE:0000310	NT=q exactive;AC=MS:1001911	NT=TMT6plex;AC=UNIMOD:737;TA=K;MT=Fixed	NT=Dimethyl;AC=UNIMOD:36;TA=K;MT=Variable	NT=Carbamidomethyl;AC=UNIMOD:4;TA=C;MT=Fixed	NT=Trypsin;AC=MS:1001251	not available	dithiothreitol (dtt)	4	1	oecf1-221228-GC3207-TMT7-SMA24-F4.raw	ftp://ftp.pride.ebi.ac.uk/pride/data/archive/2025/05/PXD054900/oecf1-221228-GC3207-TMT7-SMA24-F4.raw	v1.1.0	NT=ms-proteomics;VV=v1.1.0	NT=clinical-metadata;VV=v1.0.0	manual curation	muscle
oecf1-221228-GC3207-TMT7-SMA21-F8	homo sapiens	muscle	not applicable	spinal muscular atrophy	adult	1	oecf1-221228-GC3207-TMT7-SMA21-F8	proteomic profiling by mass spectrometry	NT=Data-dependent acquisition;AC=PRIDE:0000627	NT=isotope labeling;AC=PRIDE:0000310	NT=q exactive;AC=MS:1001911	NT=TMT6plex;AC=UNIMOD:737;TA=K;MT=Fixed	NT=Dimethyl;AC=UNIMOD:36;TA=K;MT=Variable	NT=Carbamidomethyl;AC=UNIMOD:4;TA=C;MT=Fixed	NT=Trypsin;AC=MS:1001251	not available	dithiothreitol (dtt)	8	1	oecf1-221228-GC3207-TMT7-SMA21-F8.raw	ftp://ftp.pride.ebi.ac.uk/pride/data/archive/2025/05/PXD054900/oecf1-221228-GC3207-TMT7-SMA21-F8.raw	v1.1.0	NT=ms-proteomics;VV=v1.1.0	NT=clinical-metadata;VV=v1.0.0	manual curation	muscle
oecf1-221222-GC3206-TMT7-SMA08-F2	homo sapiens	muscle	not applicable	spinal muscular atrophy	adult	1	oecf1-221222-GC3206-TMT7-SMA08-F2	proteomic profiling by mass spectrometry	NT=Data-dependent acquisition;AC=PRIDE:0000627	NT=isotope labeling;AC=PRIDE:0000310	NT=q exactive;AC=MS:1001911	NT=TMT6plex;AC=UNIMOD:737;TA=K;MT=Fixed	NT=Dimethyl;AC=UNIMOD:36;TA=K;MT=Variable	NT=Carbamidomethyl;AC=UNIMOD:4;TA=C;MT=Fixed	NT=Trypsin;AC=MS:1001251	not available	dithiothreitol (dtt)	2	1	oecf1-221222-GC3206-TMT7-SMA08-F2.raw	ftp://ftp.pride.ebi.ac.uk/pride/data/archive/2025/05/PXD054900/oecf1-221222-GC3206-TMT7-SMA08-F2.raw	v1.1.0	NT=ms-proteomics;VV=v1.1.0	NT=clinical-metadata;VV=v1.0.0	manual curation	muscle
oecf1-221206-GC3201-TMT7-SMA23-F2	homo sapiens	muscle	not applicable	spinal muscular atrophy	adult	1	oecf1-221206-GC3201-TMT7-SMA23-F2	proteomic profiling by mass spectrometry	NT=Data-dependent acquisition;AC=PRIDE:0000627	NT=isotope labeling;AC=PRIDE:0000310	NT=q exactive;AC=MS:1001911	NT=TMT6plex;AC=UNIMOD:737;TA=K;MT=Fixed	NT=Dimethyl;AC=UNIMOD:36;TA=K;MT=Variable	NT=Carbamidomethyl;AC=UNIMOD:4;TA=C;MT=Fixed	NT=Trypsin;AC=MS:1001251	not available	dithiothreitol (dtt)	2	1	oecf1-221206-GC3201-TMT7-SMA23-F2.raw	ftp://ftp.pride.ebi.ac.uk/pride/data/archive/2025/05/PXD054900/oecf1-221206-GC3201-TMT7-SMA23-F2.raw	v1.1.0	NT=ms-proteomics;VV=v1.1.0	NT=clinical-metadata;VV=v1.0.0	manual curation	muscle
oecf1-221203_GC3198-q-nC18-SMA10-14	homo sapiens	muscle	not applicable	spinal muscular atrophy	adult	14	oecf1-221203_GC3198-q-nC18-SMA10-14	proteomic profiling by mass spectrometry	NT=Data-dependent acquisition;AC=PRIDE:0000627	NT=isotope labeling;AC=PRIDE:0000310	NT=q exactive;AC=MS:1001911	NT=TMT6plex;AC=UNIMOD:737;TA=K;MT=Fixed	NT=Dimethyl;AC=UNIMOD:36;TA=K;MT=Variable	NT=Carbamidomethyl;AC=UNIMOD:4;TA=C;MT=Fixed	NT=Trypsin;AC=MS:1001251	not available	dithiothreitol (dtt)	1	1	oecf1-221203_GC3198-q-nC18-SMA10-14.raw	ftp://ftp.pride.ebi.ac.uk/pride/data/archive/2025/05/PXD054900/oecf1-221203_GC3198-q-nC18-SMA10-14.raw	v1.1.0	NT=ms-proteomics;VV=v1.1.0	NT=clinical-metadata;VV=v1.0.0	manual curation	muscle
oecf1-221228-GC3207-TMT7-SMA21-F5	homo sapiens	muscle	not applicable	spinal muscular atrophy	adult	1	oecf1-221228-GC3207-TMT7-SMA21-F5	proteomic profiling by mass spectrometry	NT=Data-dependent acquisition;AC=PRIDE:0000627	NT=isotope labeling;AC=PRIDE:0000310	NT=q exactive;AC=MS:1001911	NT=TMT6plex;AC=UNIMOD:737;TA=K;MT=Fixed	NT=Dimethyl;AC=UNIMOD:36;TA=K;MT=Variable	NT=Carbamidomethyl;AC=UNIMOD:4;TA=C;MT=Fixed	NT=Trypsin;AC=MS:1001251	not available	dithiothreitol (dtt)	5	1	oecf1-221228-GC3207-TMT7-SMA21-F5.raw	ftp://ftp.pride.ebi.ac.uk/pride/data/archive/2025/05/PXD054900/oecf1-221228-GC3207-TMT7-SMA21-F5.raw	v1.1.0	NT=ms-proteomics;VV=v1.1.0	NT=clinical-metadata;VV=v1.0.0	manual curation	muscle
oecf1-220830-GC3180-TMT7-SMA20-F1	homo sapiens	muscle	not applicable	spinal muscular atrophy	adult	1	oecf1-220830-GC3180-TMT7-SMA20-F1	proteomic profiling by mass spectrometry	NT=Data-dependent acquisition;AC=PRIDE:0000627	NT=isotope labeling;AC=PRIDE:0000310	NT=q exactive;AC=MS:1001911	NT=TMT6plex;AC=UNIMOD:737;TA=K;MT=Fixed	NT=Dimethyl;AC=UNIMOD:36;TA=K;MT=Variable	NT=Carbamidomethyl;AC=UNIMOD:4;TA=C;MT=Fixed	NT=Trypsin;AC=MS:1001251	not available	dithiothreitol (dtt)	1	1	oecf1-220830-GC3180-TMT7-SMA20-F1.raw	ftp://ftp.pride.ebi.ac.uk/pride/data/archive/2025/05/PXD054900/oecf1-220830-GC3180-TMT7-SMA20-F1.raw	v1.1.0	NT=ms-proteomics;VV=v1.1.0	NT=clinical-metadata;VV=v1.0.0	manual curation	muscle
oecf1-221216-GC3203-TMT7-SMA12-F4	homo sapiens	muscle	not applicable	spinal muscular atrophy	adult	1	oecf1-221216-GC3203-TMT7-SMA12-F4	proteomic profiling by mass spectrometry	NT=Data-dependent acquisition;AC=PRIDE:0000627	NT=isotope labeling;AC=PRIDE:0000310	NT=q exactive;AC=MS:1001911	NT=TMT6plex;AC=UNIMOD:737;TA=K;MT=Fixed	NT=Dimethyl;AC=UNIMOD:36;TA=K;MT=Variable	NT=Carbamidomethyl;AC=UNIMOD:4;TA=C;MT=Fixed	NT=Trypsin;AC=MS:1001251	not available	dithiothreitol (dtt)	4	1	oecf1-221216-GC3203-TMT7-SMA12-F4.raw	ftp://ftp.pride.ebi.ac.uk/pride/data/archive/2025/05/PXD054900/oecf1-221216-GC3203-TMT7-SMA12-F4.raw	v1.1.0	NT=ms-proteomics;VV=v1.1.0	NT=clinical-metadata;VV=v1.0.0	manual curation	muscle
oecf1-221114-GC3196-q-nC18-SMA13-01	homo sapiens	muscle	not applicable	spinal muscular atrophy	adult	1	oecf1-221114-GC3196-q-nC18-SMA13-01	proteomic profiling by mass spectrometry	NT=Data-dependent acquisition;AC=PRIDE:0000627	NT=isotope labeling;AC=PRIDE:0000310	NT=q exactive;AC=MS:1001911	NT=TMT6plex;AC=UNIMOD:737;TA=K;MT=Fixed	NT=Dimethyl;AC=UNIMOD:36;TA=K;MT=Variable	NT=Carbamidomethyl;AC=UNIMOD:4;TA=C;MT=Fixed	NT=Trypsin;AC=MS:1001251	not available	dithiothreitol (dtt)	1	1	oecf1-221114-GC3196-q-nC18-SMA13-01.raw	ftp://ftp.pride.ebi.ac.uk/pride/data/archive/2025/05/PXD054900/oecf1-221114-GC3196-q-nC18-SMA13-01.raw	v1.1.0	NT=ms-proteomics;VV=v1.1.0	NT=clinical-metadata;VV=v1.0.0	manual curation	muscle
oecf1-221210-GC3202-TMT7-SMA04-F3	homo sapiens	muscle	not applicable	spinal muscular atrophy	adult	1	oecf1-221210-GC3202-TMT7-SMA04-F3	proteomic profiling by mass spectrometry	NT=Data-dependent acquisition;AC=PRIDE:0000627	NT=isotope labeling;AC=PRIDE:0000310	NT=q exactive;AC=MS:1001911	NT=TMT6plex;AC=UNIMOD:737;TA=K;MT=Fixed	NT=Dimethyl;AC=UNIMOD:36;TA=K;MT=Variable	NT=Carbamidomethyl;AC=UNIMOD:4;TA=C;MT=Fixed	NT=Trypsin;AC=MS:1001251	not available	dithiothreitol (dtt)	3	1	oecf1-221210-GC3202-TMT7-SMA04-F3.raw	ftp://ftp.pride.ebi.ac.uk/pride/data/archive/2025/05/PXD054900/oecf1-221210-GC3202-TMT7-SMA04-F3.raw	v1.1.0	NT=ms-proteomics;VV=v1.1.0	NT=clinical-metadata;VV=v1.0.0	manual curation	muscle
oecf1-221025-GC3194-q-nC18-SMA01-14	homo sapiens	muscle	not applicable	spinal muscular atrophy	adult	14	oecf1-221025-GC3194-q-nC18-SMA01-14	proteomic profiling by mass spectrometry	NT=Data-dependent acquisition;AC=PRIDE:0000627	NT=isotope labeling;AC=PRIDE:0000310	NT=q exactive;AC=MS:1001911	NT=TMT6plex;AC=UNIMOD:737;TA=K;MT=Fixed	NT=Dimethyl;AC=UNIMOD:36;TA=K;MT=Variable	NT=Carbamidomethyl;AC=UNIMOD:4;TA=C;MT=Fixed	NT=Trypsin;AC=MS:1001251	not available	dithiothreitol (dtt)	1	1	oecf1-221025-GC3194-q-nC18-SMA01-14.raw	ftp://ftp.pride.ebi.ac.uk/pride/data/archive/2025/05/PXD054900/oecf1-221025-GC3194-q-nC18-SMA01-14.raw	v1.1.0	NT=ms-proteomics;VV=v1.1.0	NT=clinical-metadata;VV=v1.0.0	manual curation	muscle
oecf1-221228-GC3207-TMT7-SMA18-F8	homo sapiens	muscle	not applicable	spinal muscular atrophy	adult	1	oecf1-221228-GC3207-TMT7-SMA18-F8	proteomic profiling by mass spectrometry	NT=Data-dependent acquisition;AC=PRIDE:0000627	NT=isotope labeling;AC=PRIDE:0000310	NT=q exactive;AC=MS:1001911	NT=TMT6plex;AC=UNIMOD:737;TA=K;MT=Fixed	NT=Dimethyl;AC=UNIMOD:36;TA=K;MT=Variable	NT=Carbamidomethyl;AC=UNIMOD:4;TA=C;MT=Fixed	NT=Trypsin;AC=MS:1001251	not available	dithiothreitol (dtt)	8	1	oecf1-221228-GC3207-TMT7-SMA18-F8.raw	ftp://ftp.pride.ebi.ac.uk/pride/data/archive/2025/05/PXD054900/oecf1-221228-GC3207-TMT7-SMA18-F8.raw	v1.1.0	NT=ms-proteomics;VV=v1.1.0	NT=clinical-metadata;VV=v1.0.0	manual curation	muscle
oecf1-221114-GC3196-q-nC18-SMA14-01	homo sapiens	muscle	not applicable	spinal muscular atrophy	adult	1	oecf1-221114-GC3196-q-nC18-SMA14-01	proteomic profiling by mass spectrometry	NT=Data-dependent acquisition;AC=PRIDE:0000627	NT=isotope labeling;AC=PRIDE:0000310	NT=q exactive;AC=MS:1001911	NT=TMT6plex;AC=UNIMOD:737;TA=K;MT=Fixed	NT=Dimethyl;AC=UNIMOD:36;TA=K;MT=Variable	NT=Carbamidomethyl;AC=UNIMOD:4;TA=C;MT=Fixed	NT=Trypsin;AC=MS:1001251	not available	dithiothreitol (dtt)	1	1	oecf1-221114-GC3196-q-nC18-SMA14-01.raw	ftp://ftp.pride.ebi.ac.uk/pride/data/archive/2025/05/PXD054900/oecf1-221114-GC3196-q-nC18-SMA14-01.raw	v1.1.0	NT=ms-proteomics;VV=v1.1.0	NT=clinical-metadata;VV=v1.0.0	manual curation	muscle
oecf1-221222-GC3206-TMT7-SMA07-FTW	homo sapiens	muscle	not applicable	spinal muscular atrophy	adult	1	oecf1-221222-GC3206-TMT7-SMA07-FTW	proteomic profiling by mass spectrometry	NT=Data-dependent acquisition;AC=PRIDE:0000627	NT=isotope labeling;AC=PRIDE:0000310	NT=q exactive;AC=MS:1001911	NT=TMT6plex;AC=UNIMOD:737;TA=K;MT=Fixed	NT=Dimethyl;AC=UNIMOD:36;TA=K;MT=Variable	NT=Carbamidomethyl;AC=UNIMOD:4;TA=C;MT=Fixed	NT=Trypsin;AC=MS:1001251	not available	dithiothreitol (dtt)	1	1	oecf1-221222-GC3206-TMT7-SMA07-FTW.raw	ftp://ftp.pride.ebi.ac.uk/pride/data/archive/2025/05/PXD054900/oecf1-221222-GC3206-TMT7-SMA07-FTW.raw	v1.1.0	NT=ms-proteomics;VV=v1.1.0	NT=clinical-metadata;VV=v1.0.0	manual curation	muscle
oecf1-221206-GC3201-TMT7-SMA23-F6	homo sapiens	muscle	not applicable	spinal muscular atrophy	adult	1	oecf1-221206-GC3201-TMT7-SMA23-F6	proteomic profiling by mass spectrometry	NT=Data-dependent acquisition;AC=PRIDE:0000627	NT=isotope labeling;AC=PRIDE:0000310	NT=q exactive;AC=MS:1001911	NT=TMT6plex;AC=UNIMOD:737;TA=K;MT=Fixed	NT=Dimethyl;AC=UNIMOD:36;TA=K;MT=Variable	NT=Carbamidomethyl;AC=UNIMOD:4;TA=C;MT=Fixed	NT=Trypsin;AC=MS:1001251	not available	dithiothreitol (dtt)	6	1	oecf1-221206-GC3201-TMT7-SMA23-F6.raw	ftp://ftp.pride.ebi.ac.uk/pride/data/archive/2025/05/PXD054900/oecf1-221206-GC3201-TMT7-SMA23-F6.raw	v1.1.0	NT=ms-proteomics;VV=v1.1.0	NT=clinical-metadata;VV=v1.0.0	manual curation	muscle
oecf1-221228-GC3207-TMT7-SMA18-F4	homo sapiens	muscle	not applicable	spinal muscular atrophy	adult	1	oecf1-221228-GC3207-TMT7-SMA18-F4	proteomic profiling by mass spectrometry	NT=Data-dependent acquisition;AC=PRIDE:0000627	NT=isotope labeling;AC=PRIDE:0000310	NT=q exactive;AC=MS:1001911	NT=TMT6plex;AC=UNIMOD:737;TA=K;MT=Fixed	NT=Dimethyl;AC=UNIMOD:36;TA=K;MT=Variable	NT=Carbamidomethyl;AC=UNIMOD:4;TA=C;MT=Fixed	NT=Trypsin;AC=MS:1001251	not available	dithiothreitol (dtt)	4	1	oecf1-221228-GC3207-TMT7-SMA18-F4.raw	ftp://ftp.pride.ebi.ac.uk/pride/data/archive/2025/05/PXD054900/oecf1-221228-GC3207-TMT7-SMA18-F4.raw	v1.1.0	NT=ms-proteomics;VV=v1.1.0	NT=clinical-metadata;VV=v1.0.0	manual curation	muscle
oecf1-221114-GC3196-q-nC18-SMA14-12	homo sapiens	muscle	not applicable	spinal muscular atrophy	adult	12	oecf1-221114-GC3196-q-nC18-SMA14-12	proteomic profiling by mass spectrometry	NT=Data-dependent acquisition;AC=PRIDE:0000627	NT=isotope labeling;AC=PRIDE:0000310	NT=q exactive;AC=MS:1001911	NT=TMT6plex;AC=UNIMOD:737;TA=K;MT=Fixed	NT=Dimethyl;AC=UNIMOD:36;TA=K;MT=Variable	NT=Carbamidomethyl;AC=UNIMOD:4;TA=C;MT=Fixed	NT=Trypsin;AC=MS:1001251	not available	dithiothreitol (dtt)	1	1	oecf1-221114-GC3196-q-nC18-SMA14-12.raw	ftp://ftp.pride.ebi.ac.uk/pride/data/archive/2025/05/PXD054900/oecf1-221114-GC3196-q-nC18-SMA14-12.raw	v1.1.0	NT=ms-proteomics;VV=v1.1.0	NT=clinical-metadata;VV=v1.0.0	manual curation	muscle
oecf1-221114-GC3196-q-nC18-SMA14-10	homo sapiens	muscle	not applicable	spinal muscular atrophy	adult	10	oecf1-221114-GC3196-q-nC18-SMA14-10	proteomic profiling by mass spectrometry	NT=Data-dependent acquisition;AC=PRIDE:0000627	NT=isotope labeling;AC=PRIDE:0000310	NT=q exactive;AC=MS:1001911	NT=TMT6plex;AC=UNIMOD:737;TA=K;MT=Fixed	NT=Dimethyl;AC=UNIMOD:36;TA=K;MT=Variable	NT=Carbamidomethyl;AC=UNIMOD:4;TA=C;MT=Fixed	NT=Trypsin;AC=MS:1001251	not available	dithiothreitol (dtt)	1	1	oecf1-221114-GC3196-q-nC18-SMA14-10.raw	ftp://ftp.pride.ebi.ac.uk/pride/data/archive/2025/05/PXD054900/oecf1-221114-GC3196-q-nC18-SMA14-10.raw	v1.1.0	NT=ms-proteomics;VV=v1.1.0	NT=clinical-metadata;VV=v1.0.0	manual curation	muscle
oecf1-221115-GC3197-q-nC18-SMA04-01	homo sapiens	muscle	not applicable	spinal muscular atrophy	adult	1	oecf1-221115-GC3197-q-nC18-SMA04-01	proteomic profiling by mass spectrometry	NT=Data-dependent acquisition;AC=PRIDE:0000627	NT=isotope labeling;AC=PRIDE:0000310	NT=q exactive;AC=MS:1001911	NT=TMT6plex;AC=UNIMOD:737;TA=K;MT=Fixed	NT=Dimethyl;AC=UNIMOD:36;TA=K;MT=Variable	NT=Carbamidomethyl;AC=UNIMOD:4;TA=C;MT=Fixed	NT=Trypsin;AC=MS:1001251	not available	dithiothreitol (dtt)	1	1	oecf1-221115-GC3197-q-nC18-SMA04-01.raw	ftp://ftp.pride.ebi.ac.uk/pride/data/archive/2025/05/PXD054900/oecf1-221115-GC3197-q-nC18-SMA04-01.raw	v1.1.0	NT=ms-proteomics;VV=v1.1.0	NT=clinical-metadata;VV=v1.0.0	manual curation	muscle
oecf1-221216-GC3203-TMT7-SMA13-F5	homo sapiens	muscle	not applicable	spinal muscular atrophy	adult	1	oecf1-221216-GC3203-TMT7-SMA13-F5	proteomic profiling by mass spectrometry	NT=Data-dependent acquisition;AC=PRIDE:0000627	NT=isotope labeling;AC=PRIDE:0000310	NT=q exactive;AC=MS:1001911	NT=TMT6plex;AC=UNIMOD:737;TA=K;MT=Fixed	NT=Dimethyl;AC=UNIMOD:36;TA=K;MT=Variable	NT=Carbamidomethyl;AC=UNIMOD:4;TA=C;MT=Fixed	NT=Trypsin;AC=MS:1001251	not available	dithiothreitol (dtt)	5	1	oecf1-221216-GC3203-TMT7-SMA13-F5.raw	ftp://ftp.pride.ebi.ac.uk/pride/data/archive/2025/05/PXD054900/oecf1-221216-GC3203-TMT7-SMA13-F5.raw	v1.1.0	NT=ms-proteomics;VV=v1.1.0	NT=clinical-metadata;VV=v1.0.0	manual curation	muscle
oecf1-221210-GC3202-TMT7-SMA04-F6	homo sapiens	muscle	not applicable	spinal muscular atrophy	adult	1	oecf1-221210-GC3202-TMT7-SMA04-F6	proteomic profiling by mass spectrometry	NT=Data-dependent acquisition;AC=PRIDE:0000627	NT=isotope labeling;AC=PRIDE:0000310	NT=q exactive;AC=MS:1001911	NT=TMT6plex;AC=UNIMOD:737;TA=K;MT=Fixed	NT=Dimethyl;AC=UNIMOD:36;TA=K;MT=Variable	NT=Carbamidomethyl;AC=UNIMOD:4;TA=C;MT=Fixed	NT=Trypsin;AC=MS:1001251	not available	dithiothreitol (dtt)	6	1	oecf1-221210-GC3202-TMT7-SMA04-F6.raw	ftp://ftp.pride.ebi.ac.uk/pride/data/archive/2025/05/PXD054900/oecf1-221210-GC3202-TMT7-SMA04-F6.raw	v1.1.0	NT=ms-proteomics;VV=v1.1.0	NT=clinical-metadata;VV=v1.0.0	manual curation	muscle
oecf1-221204-GC3200-TMT7-SMA01-F4	homo sapiens	muscle	not applicable	spinal muscular atrophy	adult	1	oecf1-221204-GC3200-TMT7-SMA01-F4	proteomic profiling by mass spectrometry	NT=Data-dependent acquisition;AC=PRIDE:0000627	NT=isotope labeling;AC=PRIDE:0000310	NT=q exactive;AC=MS:1001911	NT=TMT6plex;AC=UNIMOD:737;TA=K;MT=Fixed	NT=Dimethyl;AC=UNIMOD:36;TA=K;MT=Variable	NT=Carbamidomethyl;AC=UNIMOD:4;TA=C;MT=Fixed	NT=Trypsin;AC=MS:1001251	not available	dithiothreitol (dtt)	4	1	oecf1-221204-GC3200-TMT7-SMA01-F4.raw	ftp://ftp.pride.ebi.ac.uk/pride/data/archive/2025/05/PXD054900/oecf1-221204-GC3200-TMT7-SMA01-F4.raw	v1.1.0	NT=ms-proteomics;VV=v1.1.0	NT=clinical-metadata;VV=v1.0.0	manual curation	muscle
oecf1-221204-GC3200-TMT7-SMA01-F1	homo sapiens	muscle	not applicable	spinal muscular atrophy	adult	1	oecf1-221204-GC3200-TMT7-SMA01-F1	proteomic profiling by mass spectrometry	NT=Data-dependent acquisition;AC=PRIDE:0000627	NT=isotope labeling;AC=PRIDE:0000310	NT=q exactive;AC=MS:1001911	NT=TMT6plex;AC=UNIMOD:737;TA=K;MT=Fixed	NT=Dimethyl;AC=UNIMOD:36;TA=K;MT=Variable	NT=Carbamidomethyl;AC=UNIMOD:4;TA=C;MT=Fixed	NT=Trypsin;AC=MS:1001251	not available	dithiothreitol (dtt)	1	1	oecf1-221204-GC3200-TMT7-SMA01-F1.raw	ftp://ftp.pride.ebi.ac.uk/pride/data/archive/2025/05/PXD054900/oecf1-221204-GC3200-TMT7-SMA01-F1.raw	v1.1.0	NT=ms-proteomics;VV=v1.1.0	NT=clinical-metadata;VV=v1.0.0	manual curation	muscle
oecf1-221114-GC3196-q-nC18-SMA18-08	homo sapiens	muscle	not applicable	spinal muscular atrophy	adult	8	oecf1-221114-GC3196-q-nC18-SMA18-08	proteomic profiling by mass spectrometry	NT=Data-dependent acquisition;AC=PRIDE:0000627	NT=isotope labeling;AC=PRIDE:0000310	NT=q exactive;AC=MS:1001911	NT=TMT6plex;AC=UNIMOD:737;TA=K;MT=Fixed	NT=Dimethyl;AC=UNIMOD:36;TA=K;MT=Variable	NT=Carbamidomethyl;AC=UNIMOD:4;TA=C;MT=Fixed	NT=Trypsin;AC=MS:1001251	not available	dithiothreitol (dtt)	1	1	oecf1-221114-GC3196-q-nC18-SMA18-08.raw	ftp://ftp.pride.ebi.ac.uk/pride/data/archive/2025/05/PXD054900/oecf1-221114-GC3196-q-nC18-SMA18-08.raw	v1.1.0	NT=ms-proteomics;VV=v1.1.0	NT=clinical-metadata;VV=v1.0.0	manual curation	muscle
oecf1-221114-GC3196-q-nC18-SMA18-06	homo sapiens	muscle	not applicable	spinal muscular atrophy	adult	6	oecf1-221114-GC3196-q-nC18-SMA18-06	proteomic profiling by mass spectrometry	NT=Data-dependent acquisition;AC=PRIDE:0000627	NT=isotope labeling;AC=PRIDE:0000310	NT=q exactive;AC=MS:1001911	NT=TMT6plex;AC=UNIMOD:737;TA=K;MT=Fixed	NT=Dimethyl;AC=UNIMOD:36;TA=K;MT=Variable	NT=Carbamidomethyl;AC=UNIMOD:4;TA=C;MT=Fixed	NT=Trypsin;AC=MS:1001251	not available	dithiothreitol (dtt)	1	1	oecf1-221114-GC3196-q-nC18-SMA18-06.raw	ftp://ftp.pride.ebi.ac.uk/pride/data/archive/2025/05/PXD054900/oecf1-221114-GC3196-q-nC18-SMA18-06.raw	v1.1.0	NT=ms-proteomics;VV=v1.1.0	NT=clinical-metadata;VV=v1.0.0	manual curation	muscle
oecf1-221222-GC3206-TMT7-SMA07-F7	homo sapiens	muscle	not applicable	spinal muscular atrophy	adult	1	oecf1-221222-GC3206-TMT7-SMA07-F7	proteomic profiling by mass spectrometry	NT=Data-dependent acquisition;AC=PRIDE:0000627	NT=isotope labeling;AC=PRIDE:0000310	NT=q exactive;AC=MS:1001911	NT=TMT6plex;AC=UNIMOD:737;TA=K;MT=Fixed	NT=Dimethyl;AC=UNIMOD:36;TA=K;MT=Variable	NT=Carbamidomethyl;AC=UNIMOD:4;TA=C;MT=Fixed	NT=Trypsin;AC=MS:1001251	not available	dithiothreitol (dtt)	7	1	oecf1-221222-GC3206-TMT7-SMA07-F7.raw	ftp://ftp.pride.ebi.ac.uk/pride/data/archive/2025/05/PXD054900/oecf1-221222-GC3206-TMT7-SMA07-F7.raw	v1.1.0	NT=ms-proteomics;VV=v1.1.0	NT=clinical-metadata;VV=v1.0.0	manual curation	muscle
oecf1-221206-GC3201-TMT7-SMA23-F4	homo sapiens	muscle	not applicable	spinal muscular atrophy	adult	1	oecf1-221206-GC3201-TMT7-SMA23-F4	proteomic profiling by mass spectrometry	NT=Data-dependent acquisition;AC=PRIDE:0000627	NT=isotope labeling;AC=PRIDE:0000310	NT=q exactive;AC=MS:1001911	NT=TMT6plex;AC=UNIMOD:737;TA=K;MT=Fixed	NT=Dimethyl;AC=UNIMOD:36;TA=K;MT=Variable	NT=Carbamidomethyl;AC=UNIMOD:4;TA=C;MT=Fixed	NT=Trypsin;AC=MS:1001251	not available	dithiothreitol (dtt)	4	1	oecf1-221206-GC3201-TMT7-SMA23-F4.raw	ftp://ftp.pride.ebi.ac.uk/pride/data/archive/2025/05/PXD054900/oecf1-221206-GC3201-TMT7-SMA23-F4.raw	v1.1.0	NT=ms-proteomics;VV=v1.1.0	NT=clinical-metadata;VV=v1.0.0	manual curation	muscle
oecf1-221114-GC3196-q-nC18-SMA12-06	homo sapiens	muscle	not applicable	spinal muscular atrophy	adult	6	oecf1-221114-GC3196-q-nC18-SMA12-06	proteomic profiling by mass spectrometry	NT=Data-dependent acquisition;AC=PRIDE:0000627	NT=isotope labeling;AC=PRIDE:0000310	NT=q exactive;AC=MS:1001911	NT=TMT6plex;AC=UNIMOD:737;TA=K;MT=Fixed	NT=Dimethyl;AC=UNIMOD:36;TA=K;MT=Variable	NT=Carbamidomethyl;AC=UNIMOD:4;TA=C;MT=Fixed	NT=Trypsin;AC=MS:1001251	not available	dithiothreitol (dtt)	1	1	oecf1-221114-GC3196-q-nC18-SMA12-06.raw	ftp://ftp.pride.ebi.ac.uk/pride/data/archive/2025/05/PXD054900/oecf1-221114-GC3196-q-nC18-SMA12-06.raw	v1.1.0	NT=ms-proteomics;VV=v1.1.0	NT=clinical-metadata;VV=v1.0.0	manual curation	muscle
oecf1-221222-GC3206-TMT7-SMA10-F3	homo sapiens	muscle	not applicable	spinal muscular atrophy	adult	1	oecf1-221222-GC3206-TMT7-SMA10-F3	proteomic profiling by mass spectrometry	NT=Data-dependent acquisition;AC=PRIDE:0000627	NT=isotope labeling;AC=PRIDE:0000310	NT=q exactive;AC=MS:1001911	NT=TMT6plex;AC=UNIMOD:737;TA=K;MT=Fixed	NT=Dimethyl;AC=UNIMOD:36;TA=K;MT=Variable	NT=Carbamidomethyl;AC=UNIMOD:4;TA=C;MT=Fixed	NT=Trypsin;AC=MS:1001251	not available	dithiothreitol (dtt)	3	1	oecf1-221222-GC3206-TMT7-SMA10-F3.raw	ftp://ftp.pride.ebi.ac.uk/pride/data/archive/2025/05/PXD054900/oecf1-221222-GC3206-TMT7-SMA10-F3.raw	v1.1.0	NT=ms-proteomics;VV=v1.1.0	NT=clinical-metadata;VV=v1.0.0	manual curation	muscle
oecf1-221024-GC3193-q-nC18-SMA17-01	homo sapiens	muscle	not applicable	spinal muscular atrophy	adult	1	oecf1-221024-GC3193-q-nC18-SMA17-01	proteomic profiling by mass spectrometry	NT=Data-dependent acquisition;AC=PRIDE:0000627	NT=isotope labeling;AC=PRIDE:0000310	NT=q exactive;AC=MS:1001911	NT=TMT6plex;AC=UNIMOD:737;TA=K;MT=Fixed	NT=Dimethyl;AC=UNIMOD:36;TA=K;MT=Variable	NT=Carbamidomethyl;AC=UNIMOD:4;TA=C;MT=Fixed	NT=Trypsin;AC=MS:1001251	not available	dithiothreitol (dtt)	1	1	oecf1-221024-GC3193-q-nC18-SMA17-01.raw	ftp://ftp.pride.ebi.ac.uk/pride/data/archive/2025/05/PXD054900/oecf1-221024-GC3193-q-nC18-SMA17-01.raw	v1.1.0	NT=ms-proteomics;VV=v1.1.0	NT=clinical-metadata;VV=v1.0.0	manual curation	muscle
oecf1-221228-GC3207-TMT7-SMA24-F7	homo sapiens	muscle	not applicable	spinal muscular atrophy	adult	1	oecf1-221228-GC3207-TMT7-SMA24-F7	proteomic profiling by mass spectrometry	NT=Data-dependent acquisition;AC=PRIDE:0000627	NT=isotope labeling;AC=PRIDE:0000310	NT=q exactive;AC=MS:1001911	NT=TMT6plex;AC=UNIMOD:737;TA=K;MT=Fixed	NT=Dimethyl;AC=UNIMOD:36;TA=K;MT=Variable	NT=Carbamidomethyl;AC=UNIMOD:4;TA=C;MT=Fixed	NT=Trypsin;AC=MS:1001251	not available	dithiothreitol (dtt)	7	1	oecf1-221228-GC3207-TMT7-SMA24-F7.raw	ftp://ftp.pride.ebi.ac.uk/pride/data/archive/2025/05/PXD054900/oecf1-221228-GC3207-TMT7-SMA24-F7.raw	v1.1.0	NT=ms-proteomics;VV=v1.1.0	NT=clinical-metadata;VV=v1.0.0	manual curation	muscle
oecf1-221210-GC3202-TMT7-SMA09-F5	homo sapiens	muscle	not applicable	spinal muscular atrophy	adult	1	oecf1-221210-GC3202-TMT7-SMA09-F5	proteomic profiling by mass spectrometry	NT=Data-dependent acquisition;AC=PRIDE:0000627	NT=isotope labeling;AC=PRIDE:0000310	NT=q exactive;AC=MS:1001911	NT=TMT6plex;AC=UNIMOD:737;TA=K;MT=Fixed	NT=Dimethyl;AC=UNIMOD:36;TA=K;MT=Variable	NT=Carbamidomethyl;AC=UNIMOD:4;TA=C;MT=Fixed	NT=Trypsin;AC=MS:1001251	not available	dithiothreitol (dtt)	5	1	oecf1-221210-GC3202-TMT7-SMA09-F5.raw	ftp://ftp.pride.ebi.ac.uk/pride/data/archive/2025/05/PXD054900/oecf1-221210-GC3202-TMT7-SMA09-F5.raw	v1.1.0	NT=ms-proteomics;VV=v1.1.0	NT=clinical-metadata;VV=v1.0.0	manual curation	muscle
oecf1-221204-GC3200-TMT7-SMA05-F7	homo sapiens	muscle	not applicable	spinal muscular atrophy	adult	1	oecf1-221204-GC3200-TMT7-SMA05-F7	proteomic profiling by mass spectrometry	NT=Data-dependent acquisition;AC=PRIDE:0000627	NT=isotope labeling;AC=PRIDE:0000310	NT=q exactive;AC=MS:1001911	NT=TMT6plex;AC=UNIMOD:737;TA=K;MT=Fixed	NT=Dimethyl;AC=UNIMOD:36;TA=K;MT=Variable	NT=Carbamidomethyl;AC=UNIMOD:4;TA=C;MT=Fixed	NT=Trypsin;AC=MS:1001251	not available	dithiothreitol (dtt)	7	1	oecf1-221204-GC3200-TMT7-SMA05-F7.raw	ftp://ftp.pride.ebi.ac.uk/pride/data/archive/2025/05/PXD054900/oecf1-221204-GC3200-TMT7-SMA05-F7.raw	v1.1.0	NT=ms-proteomics;VV=v1.1.0	NT=clinical-metadata;VV=v1.0.0	manual curation	muscle
oecf1-221222-GC3206-TMT7-SMA06-F1	homo sapiens	muscle	not applicable	spinal muscular atrophy	adult	1	oecf1-221222-GC3206-TMT7-SMA06-F1	proteomic profiling by mass spectrometry	NT=Data-dependent acquisition;AC=PRIDE:0000627	NT=isotope labeling;AC=PRIDE:0000310	NT=q exactive;AC=MS:1001911	NT=TMT6plex;AC=UNIMOD:737;TA=K;MT=Fixed	NT=Dimethyl;AC=UNIMOD:36;TA=K;MT=Variable	NT=Carbamidomethyl;AC=UNIMOD:4;TA=C;MT=Fixed	NT=Trypsin;AC=MS:1001251	not available	dithiothreitol (dtt)	1	1	oecf1-221222-GC3206-TMT7-SMA06-F1.raw	ftp://ftp.pride.ebi.ac.uk/pride/data/archive/2025/05/PXD054900/oecf1-221222-GC3206-TMT7-SMA06-F1.raw	v1.1.0	NT=ms-proteomics;VV=v1.1.0	NT=clinical-metadata;VV=v1.0.0	manual curation	muscle
oecf1-221210-GC3202-TMT7-SMA09-F1	homo sapiens	muscle	not applicable	spinal muscular atrophy	adult	1	oecf1-221210-GC3202-TMT7-SMA09-F1	proteomic profiling by mass spectrometry	NT=Data-dependent acquisition;AC=PRIDE:0000627	NT=isotope labeling;AC=PRIDE:0000310	NT=q exactive;AC=MS:1001911	NT=TMT6plex;AC=UNIMOD:737;TA=K;MT=Fixed	NT=Dimethyl;AC=UNIMOD:36;TA=K;MT=Variable	NT=Carbamidomethyl;AC=UNIMOD:4;TA=C;MT=Fixed	NT=Trypsin;AC=MS:1001251	not available	dithiothreitol (dtt)	1	1	oecf1-221210-GC3202-TMT7-SMA09-F1.raw	ftp://ftp.pride.ebi.ac.uk/pride/data/archive/2025/05/PXD054900/oecf1-221210-GC3202-TMT7-SMA09-F1.raw	v1.1.0	NT=ms-proteomics;VV=v1.1.0	NT=clinical-metadata;VV=v1.0.0	manual curation	muscle
oecf1-221228-GC3207-TMT7-SMA24-FTW	homo sapiens	muscle	not applicable	spinal muscular atrophy	adult	1	oecf1-221228-GC3207-TMT7-SMA24-FTW	proteomic profiling by mass spectrometry	NT=Data-dependent acquisition;AC=PRIDE:0000627	NT=isotope labeling;AC=PRIDE:0000310	NT=q exactive;AC=MS:1001911	NT=TMT6plex;AC=UNIMOD:737;TA=K;MT=Fixed	NT=Dimethyl;AC=UNIMOD:36;TA=K;MT=Variable	NT=Carbamidomethyl;AC=UNIMOD:4;TA=C;MT=Fixed	NT=Trypsin;AC=MS:1001251	not available	dithiothreitol (dtt)	1	1	oecf1-221228-GC3207-TMT7-SMA24-FTW.raw	ftp://ftp.pride.ebi.ac.uk/pride/data/archive/2025/05/PXD054900/oecf1-221228-GC3207-TMT7-SMA24-FTW.raw	v1.1.0	NT=ms-proteomics;VV=v1.1.0	NT=clinical-metadata;VV=v1.0.0	manual curation	muscle
oecf1-221222-GC3206-TMT7-SMA07-F5	homo sapiens	muscle	not applicable	spinal muscular atrophy	adult	1	oecf1-221222-GC3206-TMT7-SMA07-F5	proteomic profiling by mass spectrometry	NT=Data-dependent acquisition;AC=PRIDE:0000627	NT=isotope labeling;AC=PRIDE:0000310	NT=q exactive;AC=MS:1001911	NT=TMT6plex;AC=UNIMOD:737;TA=K;MT=Fixed	NT=Dimethyl;AC=UNIMOD:36;TA=K;MT=Variable	NT=Carbamidomethyl;AC=UNIMOD:4;TA=C;MT=Fixed	NT=Trypsin;AC=MS:1001251	not available	dithiothreitol (dtt)	5	1	oecf1-221222-GC3206-TMT7-SMA07-F5.raw	ftp://ftp.pride.ebi.ac.uk/pride/data/archive/2025/05/PXD054900/oecf1-221222-GC3206-TMT7-SMA07-F5.raw	v1.1.0	NT=ms-proteomics;VV=v1.1.0	NT=clinical-metadata;VV=v1.0.0	manual curation	muscle
oecf1-221216-GC3203-TMT7-SMA14-F1	homo sapiens	muscle	not applicable	spinal muscular atrophy	adult	1	oecf1-221216-GC3203-TMT7-SMA14-F1	proteomic profiling by mass spectrometry	NT=Data-dependent acquisition;AC=PRIDE:0000627	NT=isotope labeling;AC=PRIDE:0000310	NT=q exactive;AC=MS:1001911	NT=TMT6plex;AC=UNIMOD:737;TA=K;MT=Fixed	NT=Dimethyl;AC=UNIMOD:36;TA=K;MT=Variable	NT=Carbamidomethyl;AC=UNIMOD:4;TA=C;MT=Fixed	NT=Trypsin;AC=MS:1001251	not available	dithiothreitol (dtt)	1	1	oecf1-221216-GC3203-TMT7-SMA14-F1.raw	ftp://ftp.pride.ebi.ac.uk/pride/data/archive/2025/05/PXD054900/oecf1-221216-GC3203-TMT7-SMA14-F1.raw	v1.1.0	NT=ms-proteomics;VV=v1.1.0	NT=clinical-metadata;VV=v1.0.0	manual curation	muscle
oecf1-221206-GC3201-TMT7-SMA15-F8	homo sapiens	muscle	not applicable	spinal muscular atrophy	adult	1	oecf1-221206-GC3201-TMT7-SMA15-F8	proteomic profiling by mass spectrometry	NT=Data-dependent acquisition;AC=PRIDE:0000627	NT=isotope labeling;AC=PRIDE:0000310	NT=q exactive;AC=MS:1001911	NT=TMT6plex;AC=UNIMOD:737;TA=K;MT=Fixed	NT=Dimethyl;AC=UNIMOD:36;TA=K;MT=Variable	NT=Carbamidomethyl;AC=UNIMOD:4;TA=C;MT=Fixed	NT=Trypsin;AC=MS:1001251	not available	dithiothreitol (dtt)	8	1	oecf1-221206-GC3201-TMT7-SMA15-F8.raw	ftp://ftp.pride.ebi.ac.uk/pride/data/archive/2025/05/PXD054900/oecf1-221206-GC3201-TMT7-SMA15-F8.raw	v1.1.0	NT=ms-proteomics;VV=v1.1.0	NT=clinical-metadata;VV=v1.0.0	manual curation	muscle
oecf1-221024-GC3193-q-nC18-SMA08-06	homo sapiens	muscle	not applicable	spinal muscular atrophy	adult	6	oecf1-221024-GC3193-q-nC18-SMA08-06	proteomic profiling by mass spectrometry	NT=Data-dependent acquisition;AC=PRIDE:0000627	NT=isotope labeling;AC=PRIDE:0000310	NT=q exactive;AC=MS:1001911	NT=TMT6plex;AC=UNIMOD:737;TA=K;MT=Fixed	NT=Dimethyl;AC=UNIMOD:36;TA=K;MT=Variable	NT=Carbamidomethyl;AC=UNIMOD:4;TA=C;MT=Fixed	NT=Trypsin;AC=MS:1001251	not available	dithiothreitol (dtt)	1	1	oecf1-221024-GC3193-q-nC18-SMA08-06.raw	ftp://ftp.pride.ebi.ac.uk/pride/data/archive/2025/05/PXD054900/oecf1-221024-GC3193-q-nC18-SMA08-06.raw	v1.1.0	NT=ms-proteomics;VV=v1.1.0	NT=clinical-metadata;VV=v1.0.0	manual curation	muscle
oecf1-221206-GC3201-TMT7-SMA23-F8	homo sapiens	muscle	not applicable	spinal muscular atrophy	adult	1	oecf1-221206-GC3201-TMT7-SMA23-F8	proteomic profiling by mass spectrometry	NT=Data-dependent acquisition;AC=PRIDE:0000627	NT=isotope labeling;AC=PRIDE:0000310	NT=q exactive;AC=MS:1001911	NT=TMT6plex;AC=UNIMOD:737;TA=K;MT=Fixed	NT=Dimethyl;AC=UNIMOD:36;TA=K;MT=Variable	NT=Carbamidomethyl;AC=UNIMOD:4;TA=C;MT=Fixed	NT=Trypsin;AC=MS:1001251	not available	dithiothreitol (dtt)	8	1	oecf1-221206-GC3201-TMT7-SMA23-F8.raw	ftp://ftp.pride.ebi.ac.uk/pride/data/archive/2025/05/PXD054900/oecf1-221206-GC3201-TMT7-SMA23-F8.raw	v1.1.0	NT=ms-proteomics;VV=v1.1.0	NT=clinical-metadata;VV=v1.0.0	manual curation	muscle
oecf1-221114-GC3196-q-nC18-SMA13-10	homo sapiens	muscle	not applicable	spinal muscular atrophy	adult	10	oecf1-221114-GC3196-q-nC18-SMA13-10	proteomic profiling by mass spectrometry	NT=Data-dependent acquisition;AC=PRIDE:0000627	NT=isotope labeling;AC=PRIDE:0000310	NT=q exactive;AC=MS:1001911	NT=TMT6plex;AC=UNIMOD:737;TA=K;MT=Fixed	NT=Dimethyl;AC=UNIMOD:36;TA=K;MT=Variable	NT=Carbamidomethyl;AC=UNIMOD:4;TA=C;MT=Fixed	NT=Trypsin;AC=MS:1001251	not available	dithiothreitol (dtt)	1	1	oecf1-221114-GC3196-q-nC18-SMA13-10.raw	ftp://ftp.pride.ebi.ac.uk/pride/data/archive/2025/05/PXD054900/oecf1-221114-GC3196-q-nC18-SMA13-10.raw	v1.1.0	NT=ms-proteomics;VV=v1.1.0	NT=clinical-metadata;VV=v1.0.0	manual curation	muscle
oecf1-221115-GC3197-q-nC18-SMA07-04	homo sapiens	muscle	not applicable	spinal muscular atrophy	adult	4	oecf1-221115-GC3197-q-nC18-SMA07-04	proteomic profiling by mass spectrometry	NT=Data-dependent acquisition;AC=PRIDE:0000627	NT=isotope labeling;AC=PRIDE:0000310	NT=q exactive;AC=MS:1001911	NT=TMT6plex;AC=UNIMOD:737;TA=K;MT=Fixed	NT=Dimethyl;AC=UNIMOD:36;TA=K;MT=Variable	NT=Carbamidomethyl;AC=UNIMOD:4;TA=C;MT=Fixed	NT=Trypsin;AC=MS:1001251	not available	dithiothreitol (dtt)	1	1	oecf1-221115-GC3197-q-nC18-SMA07-04.raw	ftp://ftp.pride.ebi.ac.uk/pride/data/archive/2025/05/PXD054900/oecf1-221115-GC3197-q-nC18-SMA07-04.raw	v1.1.0	NT=ms-proteomics;VV=v1.1.0	NT=clinical-metadata;VV=v1.0.0	manual curation	muscle
oecf1-221114-GC3196-q-nC18-SMA11-14	homo sapiens	muscle	not applicable	spinal muscular atrophy	adult	14	oecf1-221114-GC3196-q-nC18-SMA11-14	proteomic profiling by mass spectrometry	NT=Data-dependent acquisition;AC=PRIDE:0000627	NT=isotope labeling;AC=PRIDE:0000310	NT=q exactive;AC=MS:1001911	NT=TMT6plex;AC=UNIMOD:737;TA=K;MT=Fixed	NT=Dimethyl;AC=UNIMOD:36;TA=K;MT=Variable	NT=Carbamidomethyl;AC=UNIMOD:4;TA=C;MT=Fixed	NT=Trypsin;AC=MS:1001251	not available	dithiothreitol (dtt)	1	1	oecf1-221114-GC3196-q-nC18-SMA11-14.raw	ftp://ftp.pride.ebi.ac.uk/pride/data/archive/2025/05/PXD054900/oecf1-221114-GC3196-q-nC18-SMA11-14.raw	v1.1.0	NT=ms-proteomics;VV=v1.1.0	NT=clinical-metadata;VV=v1.0.0	manual curation	muscle
oecf1-221222-GC3206-TMT7-SMA02-F4	homo sapiens	muscle	not applicable	spinal muscular atrophy	adult	1	oecf1-221222-GC3206-TMT7-SMA02-F4	proteomic profiling by mass spectrometry	NT=Data-dependent acquisition;AC=PRIDE:0000627	NT=isotope labeling;AC=PRIDE:0000310	NT=q exactive;AC=MS:1001911	NT=TMT6plex;AC=UNIMOD:737;TA=K;MT=Fixed	NT=Dimethyl;AC=UNIMOD:36;TA=K;MT=Variable	NT=Carbamidomethyl;AC=UNIMOD:4;TA=C;MT=Fixed	NT=Trypsin;AC=MS:1001251	not available	dithiothreitol (dtt)	4	1	oecf1-221222-GC3206-TMT7-SMA02-F4.raw	ftp://ftp.pride.ebi.ac.uk/pride/data/archive/2025/05/PXD054900/oecf1-221222-GC3206-TMT7-SMA02-F4.raw	v1.1.0	NT=ms-proteomics;VV=v1.1.0	NT=clinical-metadata;VV=v1.0.0	manual curation	muscle
oecf1-221115-GC3197-q-nC18-SMA16-08	homo sapiens	muscle	not applicable	spinal muscular atrophy	adult	8	oecf1-221115-GC3197-q-nC18-SMA16-08	proteomic profiling by mass spectrometry	NT=Data-dependent acquisition;AC=PRIDE:0000627	NT=isotope labeling;AC=PRIDE:0000310	NT=q exactive;AC=MS:1001911	NT=TMT6plex;AC=UNIMOD:737;TA=K;MT=Fixed	NT=Dimethyl;AC=UNIMOD:36;TA=K;MT=Variable	NT=Carbamidomethyl;AC=UNIMOD:4;TA=C;MT=Fixed	NT=Trypsin;AC=MS:1001251	not available	dithiothreitol (dtt)	1	1	oecf1-221115-GC3197-q-nC18-SMA16-08.raw	ftp://ftp.pride.ebi.ac.uk/pride/data/archive/2025/05/PXD054900/oecf1-221115-GC3197-q-nC18-SMA16-08.raw	v1.1.0	NT=ms-proteomics;VV=v1.1.0	NT=clinical-metadata;VV=v1.0.0	manual curation	muscle
oecf1-221025-GC3194-q-nC18-SMA05-08	homo sapiens	muscle	not applicable	spinal muscular atrophy	adult	8	oecf1-221025-GC3194-q-nC18-SMA05-08	proteomic profiling by mass spectrometry	NT=Data-dependent acquisition;AC=PRIDE:0000627	NT=isotope labeling;AC=PRIDE:0000310	NT=q exactive;AC=MS:1001911	NT=TMT6plex;AC=UNIMOD:737;TA=K;MT=Fixed	NT=Dimethyl;AC=UNIMOD:36;TA=K;MT=Variable	NT=Carbamidomethyl;AC=UNIMOD:4;TA=C;MT=Fixed	NT=Trypsin;AC=MS:1001251	not available	dithiothreitol (dtt)	1	1	oecf1-221025-GC3194-q-nC18-SMA05-08.raw	ftp://ftp.pride.ebi.ac.uk/pride/data/archive/2025/05/PXD054900/oecf1-221025-GC3194-q-nC18-SMA05-08.raw	v1.1.0	NT=ms-proteomics;VV=v1.1.0	NT=clinical-metadata;VV=v1.0.0	manual curation	muscle
oecf1-221228-GC3207-TMT7-SMA19-F5	homo sapiens	muscle	not applicable	spinal muscular atrophy	adult	1	oecf1-221228-GC3207-TMT7-SMA19-F5	proteomic profiling by mass spectrometry	NT=Data-dependent acquisition;AC=PRIDE:0000627	NT=isotope labeling;AC=PRIDE:0000310	NT=q exactive;AC=MS:1001911	NT=TMT6plex;AC=UNIMOD:737;TA=K;MT=Fixed	NT=Dimethyl;AC=UNIMOD:36;TA=K;MT=Variable	NT=Carbamidomethyl;AC=UNIMOD:4;TA=C;MT=Fixed	NT=Trypsin;AC=MS:1001251	not available	dithiothreitol (dtt)	5	1	oecf1-221228-GC3207-TMT7-SMA19-F5.raw	ftp://ftp.pride.ebi.ac.uk/pride/data/archive/2025/05/PXD054900/oecf1-221228-GC3207-TMT7-SMA19-F5.raw	v1.1.0	NT=ms-proteomics;VV=v1.1.0	NT=clinical-metadata;VV=v1.0.0	manual curation	muscle
oecf1-220830-GC3180-TMT7-SMA20-F6	homo sapiens	muscle	not applicable	spinal muscular atrophy	adult	1	oecf1-220830-GC3180-TMT7-SMA20-F6	proteomic profiling by mass spectrometry	NT=Data-dependent acquisition;AC=PRIDE:0000627	NT=isotope labeling;AC=PRIDE:0000310	NT=q exactive;AC=MS:1001911	NT=TMT6plex;AC=UNIMOD:737;TA=K;MT=Fixed	NT=Dimethyl;AC=UNIMOD:36;TA=K;MT=Variable	NT=Carbamidomethyl;AC=UNIMOD:4;TA=C;MT=Fixed	NT=Trypsin;AC=MS:1001251	not available	dithiothreitol (dtt)	6	1	oecf1-220830-GC3180-TMT7-SMA20-F6.raw	ftp://ftp.pride.ebi.ac.uk/pride/data/archive/2025/05/PXD054900/oecf1-220830-GC3180-TMT7-SMA20-F6.raw	v1.1.0	NT=ms-proteomics;VV=v1.1.0	NT=clinical-metadata;VV=v1.0.0	manual curation	muscle
oecf1-221025-GC3194-q-nC18-SMA02-01	homo sapiens	muscle	not applicable	spinal muscular atrophy	adult	1	oecf1-221025-GC3194-q-nC18-SMA02-01	proteomic profiling by mass spectrometry	NT=Data-dependent acquisition;AC=PRIDE:0000627	NT=isotope labeling;AC=PRIDE:0000310	NT=q exactive;AC=MS:1001911	NT=TMT6plex;AC=UNIMOD:737;TA=K;MT=Fixed	NT=Dimethyl;AC=UNIMOD:36;TA=K;MT=Variable	NT=Carbamidomethyl;AC=UNIMOD:4;TA=C;MT=Fixed	NT=Trypsin;AC=MS:1001251	not available	dithiothreitol (dtt)	1	1	oecf1-221025-GC3194-q-nC18-SMA02-01.raw	ftp://ftp.pride.ebi.ac.uk/pride/data/archive/2025/05/PXD054900/oecf1-221025-GC3194-q-nC18-SMA02-01.raw	v1.1.0	NT=ms-proteomics;VV=v1.1.0	NT=clinical-metadata;VV=v1.0.0	manual curation	muscle
oecf1-221222-GC3206-TMT7-SMA02-FTW	homo sapiens	muscle	not applicable	spinal muscular atrophy	adult	1	oecf1-221222-GC3206-TMT7-SMA02-FTW	proteomic profiling by mass spectrometry	NT=Data-dependent acquisition;AC=PRIDE:0000627	NT=isotope labeling;AC=PRIDE:0000310	NT=q exactive;AC=MS:1001911	NT=TMT6plex;AC=UNIMOD:737;TA=K;MT=Fixed	NT=Dimethyl;AC=UNIMOD:36;TA=K;MT=Variable	NT=Carbamidomethyl;AC=UNIMOD:4;TA=C;MT=Fixed	NT=Trypsin;AC=MS:1001251	not available	dithiothreitol (dtt)	1	1	oecf1-221222-GC3206-TMT7-SMA02-FTW.raw	ftp://ftp.pride.ebi.ac.uk/pride/data/archive/2025/05/PXD054900/oecf1-221222-GC3206-TMT7-SMA02-FTW.raw	v1.1.0	NT=ms-proteomics;VV=v1.1.0	NT=clinical-metadata;VV=v1.0.0	manual curation	muscle
oecf1-221222-GC3206-TMT7-SMA06-F5	homo sapiens	muscle	not applicable	spinal muscular atrophy	adult	1	oecf1-221222-GC3206-TMT7-SMA06-F5	proteomic profiling by mass spectrometry	NT=Data-dependent acquisition;AC=PRIDE:0000627	NT=isotope labeling;AC=PRIDE:0000310	NT=q exactive;AC=MS:1001911	NT=TMT6plex;AC=UNIMOD:737;TA=K;MT=Fixed	NT=Dimethyl;AC=UNIMOD:36;TA=K;MT=Variable	NT=Carbamidomethyl;AC=UNIMOD:4;TA=C;MT=Fixed	NT=Trypsin;AC=MS:1001251	not available	dithiothreitol (dtt)	5	1	oecf1-221222-GC3206-TMT7-SMA06-F5.raw	ftp://ftp.pride.ebi.ac.uk/pride/data/archive/2025/05/PXD054900/oecf1-221222-GC3206-TMT7-SMA06-F5.raw	v1.1.0	NT=ms-proteomics;VV=v1.1.0	NT=clinical-metadata;VV=v1.0.0	manual curation	muscle
oecf1-221216-GC3203-TMT7-SMA14-F4	homo sapiens	muscle	not applicable	spinal muscular atrophy	adult	1	oecf1-221216-GC3203-TMT7-SMA14-F4	proteomic profiling by mass spectrometry	NT=Data-dependent acquisition;AC=PRIDE:0000627	NT=isotope labeling;AC=PRIDE:0000310	NT=q exactive;AC=MS:1001911	NT=TMT6plex;AC=UNIMOD:737;TA=K;MT=Fixed	NT=Dimethyl;AC=UNIMOD:36;TA=K;MT=Variable	NT=Carbamidomethyl;AC=UNIMOD:4;TA=C;MT=Fixed	NT=Trypsin;AC=MS:1001251	not available	dithiothreitol (dtt)	4	1	oecf1-221216-GC3203-TMT7-SMA14-F4.raw	ftp://ftp.pride.ebi.ac.uk/pride/data/archive/2025/05/PXD054900/oecf1-221216-GC3203-TMT7-SMA14-F4.raw	v1.1.0	NT=ms-proteomics;VV=v1.1.0	NT=clinical-metadata;VV=v1.0.0	manual curation	muscle
oecf1-221024-GC3193-q-nC18-SMA08-14	homo sapiens	muscle	not applicable	spinal muscular atrophy	adult	14	oecf1-221024-GC3193-q-nC18-SMA08-14	proteomic profiling by mass spectrometry	NT=Data-dependent acquisition;AC=PRIDE:0000627	NT=isotope labeling;AC=PRIDE:0000310	NT=q exactive;AC=MS:1001911	NT=TMT6plex;AC=UNIMOD:737;TA=K;MT=Fixed	NT=Dimethyl;AC=UNIMOD:36;TA=K;MT=Variable	NT=Carbamidomethyl;AC=UNIMOD:4;TA=C;MT=Fixed	NT=Trypsin;AC=MS:1001251	not available	dithiothreitol (dtt)	1	1	oecf1-221024-GC3193-q-nC18-SMA08-14.raw	ftp://ftp.pride.ebi.ac.uk/pride/data/archive/2025/05/PXD054900/oecf1-221024-GC3193-q-nC18-SMA08-14.raw	v1.1.0	NT=ms-proteomics;VV=v1.1.0	NT=clinical-metadata;VV=v1.0.0	manual curation	muscle
oecf1-221216-GC3203-TMT7-SMA14-F3	homo sapiens	muscle	not applicable	spinal muscular atrophy	adult	1	oecf1-221216-GC3203-TMT7-SMA14-F3	proteomic profiling by mass spectrometry	NT=Data-dependent acquisition;AC=PRIDE:0000627	NT=isotope labeling;AC=PRIDE:0000310	NT=q exactive;AC=MS:1001911	NT=TMT6plex;AC=UNIMOD:737;TA=K;MT=Fixed	NT=Dimethyl;AC=UNIMOD:36;TA=K;MT=Variable	NT=Carbamidomethyl;AC=UNIMOD:4;TA=C;MT=Fixed	NT=Trypsin;AC=MS:1001251	not available	dithiothreitol (dtt)	3	1	oecf1-221216-GC3203-TMT7-SMA14-F3.raw	ftp://ftp.pride.ebi.ac.uk/pride/data/archive/2025/05/PXD054900/oecf1-221216-GC3203-TMT7-SMA14-F3.raw	v1.1.0	NT=ms-proteomics;VV=v1.1.0	NT=clinical-metadata;VV=v1.0.0	manual curation	muscle
oecf1-221115-GC3197-q-nC18-SMA07-01	homo sapiens	muscle	not applicable	spinal muscular atrophy	adult	1	oecf1-221115-GC3197-q-nC18-SMA07-01	proteomic profiling by mass spectrometry	NT=Data-dependent acquisition;AC=PRIDE:0000627	NT=isotope labeling;AC=PRIDE:0000310	NT=q exactive;AC=MS:1001911	NT=TMT6plex;AC=UNIMOD:737;TA=K;MT=Fixed	NT=Dimethyl;AC=UNIMOD:36;TA=K;MT=Variable	NT=Carbamidomethyl;AC=UNIMOD:4;TA=C;MT=Fixed	NT=Trypsin;AC=MS:1001251	not available	dithiothreitol (dtt)	1	1	oecf1-221115-GC3197-q-nC18-SMA07-01.raw	ftp://ftp.pride.ebi.ac.uk/pride/data/archive/2025/05/PXD054900/oecf1-221115-GC3197-q-nC18-SMA07-01.raw	v1.1.0	NT=ms-proteomics;VV=v1.1.0	NT=clinical-metadata;VV=v1.0.0	manual curation	muscle
oecf1-221210-GC3202-TMT7-SMA09-F6	homo sapiens	muscle	not applicable	spinal muscular atrophy	adult	1	oecf1-221210-GC3202-TMT7-SMA09-F6	proteomic profiling by mass spectrometry	NT=Data-dependent acquisition;AC=PRIDE:0000627	NT=isotope labeling;AC=PRIDE:0000310	NT=q exactive;AC=MS:1001911	NT=TMT6plex;AC=UNIMOD:737;TA=K;MT=Fixed	NT=Dimethyl;AC=UNIMOD:36;TA=K;MT=Variable	NT=Carbamidomethyl;AC=UNIMOD:4;TA=C;MT=Fixed	NT=Trypsin;AC=MS:1001251	not available	dithiothreitol (dtt)	6	1	oecf1-221210-GC3202-TMT7-SMA09-F6.raw	ftp://ftp.pride.ebi.ac.uk/pride/data/archive/2025/05/PXD054900/oecf1-221210-GC3202-TMT7-SMA09-F6.raw	v1.1.0	NT=ms-proteomics;VV=v1.1.0	NT=clinical-metadata;VV=v1.0.0	manual curation	muscle
oecf1-221228-GC3207-TMT7-SMA21-FTW	homo sapiens	muscle	not applicable	spinal muscular atrophy	adult	1	oecf1-221228-GC3207-TMT7-SMA21-FTW	proteomic profiling by mass spectrometry	NT=Data-dependent acquisition;AC=PRIDE:0000627	NT=isotope labeling;AC=PRIDE:0000310	NT=q exactive;AC=MS:1001911	NT=TMT6plex;AC=UNIMOD:737;TA=K;MT=Fixed	NT=Dimethyl;AC=UNIMOD:36;TA=K;MT=Variable	NT=Carbamidomethyl;AC=UNIMOD:4;TA=C;MT=Fixed	NT=Trypsin;AC=MS:1001251	not available	dithiothreitol (dtt)	1	1	oecf1-221228-GC3207-TMT7-SMA21-FTW.raw	ftp://ftp.pride.ebi.ac.uk/pride/data/archive/2025/05/PXD054900/oecf1-221228-GC3207-TMT7-SMA21-FTW.raw	v1.1.0	NT=ms-proteomics;VV=v1.1.0	NT=clinical-metadata;VV=v1.0.0	manual curation	muscle
oecf1-221228-GC3207-TMT7-SMA21-F2	homo sapiens	muscle	not applicable	spinal muscular atrophy	adult	1	oecf1-221228-GC3207-TMT7-SMA21-F2	proteomic profiling by mass spectrometry	NT=Data-dependent acquisition;AC=PRIDE:0000627	NT=isotope labeling;AC=PRIDE:0000310	NT=q exactive;AC=MS:1001911	NT=TMT6plex;AC=UNIMOD:737;TA=K;MT=Fixed	NT=Dimethyl;AC=UNIMOD:36;TA=K;MT=Variable	NT=Carbamidomethyl;AC=UNIMOD:4;TA=C;MT=Fixed	NT=Trypsin;AC=MS:1001251	not available	dithiothreitol (dtt)	2	1	oecf1-221228-GC3207-TMT7-SMA21-F2.raw	ftp://ftp.pride.ebi.ac.uk/pride/data/archive/2025/05/PXD054900/oecf1-221228-GC3207-TMT7-SMA21-F2.raw	v1.1.0	NT=ms-proteomics;VV=v1.1.0	NT=clinical-metadata;VV=v1.0.0	manual curation	muscle
oecf1-221206-GC3201-TMT7-SMA15-F1	homo sapiens	muscle	not applicable	spinal muscular atrophy	adult	1	oecf1-221206-GC3201-TMT7-SMA15-F1	proteomic profiling by mass spectrometry	NT=Data-dependent acquisition;AC=PRIDE:0000627	NT=isotope labeling;AC=PRIDE:0000310	NT=q exactive;AC=MS:1001911	NT=TMT6plex;AC=UNIMOD:737;TA=K;MT=Fixed	NT=Dimethyl;AC=UNIMOD:36;TA=K;MT=Variable	NT=Carbamidomethyl;AC=UNIMOD:4;TA=C;MT=Fixed	NT=Trypsin;AC=MS:1001251	not available	dithiothreitol (dtt)	1	1	oecf1-221206-GC3201-TMT7-SMA15-F1.raw	ftp://ftp.pride.ebi.ac.uk/pride/data/archive/2025/05/PXD054900/oecf1-221206-GC3201-TMT7-SMA15-F1.raw	v1.1.0	NT=ms-proteomics;VV=v1.1.0	NT=clinical-metadata;VV=v1.0.0	manual curation	muscle
oecf1-221025-GC3194-q-nC18-SMA05-01	homo sapiens	muscle	not applicable	spinal muscular atrophy	adult	1	oecf1-221025-GC3194-q-nC18-SMA05-01	proteomic profiling by mass spectrometry	NT=Data-dependent acquisition;AC=PRIDE:0000627	NT=isotope labeling;AC=PRIDE:0000310	NT=q exactive;AC=MS:1001911	NT=TMT6plex;AC=UNIMOD:737;TA=K;MT=Fixed	NT=Dimethyl;AC=UNIMOD:36;TA=K;MT=Variable	NT=Carbamidomethyl;AC=UNIMOD:4;TA=C;MT=Fixed	NT=Trypsin;AC=MS:1001251	not available	dithiothreitol (dtt)	1	1	oecf1-221025-GC3194-q-nC18-SMA05-01.raw	ftp://ftp.pride.ebi.ac.uk/pride/data/archive/2025/05/PXD054900/oecf1-221025-GC3194-q-nC18-SMA05-01.raw	v1.1.0	NT=ms-proteomics;VV=v1.1.0	NT=clinical-metadata;VV=v1.0.0	manual curation	muscle
oecf1-221222-GC3206-TMT7-SMA06-F7	homo sapiens	muscle	not applicable	spinal muscular atrophy	adult	1	oecf1-221222-GC3206-TMT7-SMA06-F7	proteomic profiling by mass spectrometry	NT=Data-dependent acquisition;AC=PRIDE:0000627	NT=isotope labeling;AC=PRIDE:0000310	NT=q exactive;AC=MS:1001911	NT=TMT6plex;AC=UNIMOD:737;TA=K;MT=Fixed	NT=Dimethyl;AC=UNIMOD:36;TA=K;MT=Variable	NT=Carbamidomethyl;AC=UNIMOD:4;TA=C;MT=Fixed	NT=Trypsin;AC=MS:1001251	not available	dithiothreitol (dtt)	7	1	oecf1-221222-GC3206-TMT7-SMA06-F7.raw	ftp://ftp.pride.ebi.ac.uk/pride/data/archive/2025/05/PXD054900/oecf1-221222-GC3206-TMT7-SMA06-F7.raw	v1.1.0	NT=ms-proteomics;VV=v1.1.0	NT=clinical-metadata;VV=v1.0.0	manual curation	muscle
oecf1-221228-GC3207-TMT7-SMA19-FTW	homo sapiens	muscle	not applicable	spinal muscular atrophy	adult	1	oecf1-221228-GC3207-TMT7-SMA19-FTW	proteomic profiling by mass spectrometry	NT=Data-dependent acquisition;AC=PRIDE:0000627	NT=isotope labeling;AC=PRIDE:0000310	NT=q exactive;AC=MS:1001911	NT=TMT6plex;AC=UNIMOD:737;TA=K;MT=Fixed	NT=Dimethyl;AC=UNIMOD:36;TA=K;MT=Variable	NT=Carbamidomethyl;AC=UNIMOD:4;TA=C;MT=Fixed	NT=Trypsin;AC=MS:1001251	not available	dithiothreitol (dtt)	1	1	oecf1-221228-GC3207-TMT7-SMA19-FTW.raw	ftp://ftp.pride.ebi.ac.uk/pride/data/archive/2025/05/PXD054900/oecf1-221228-GC3207-TMT7-SMA19-FTW.raw	v1.1.0	NT=ms-proteomics;VV=v1.1.0	NT=clinical-metadata;VV=v1.0.0	manual curation	muscle
oecf1-221222-GC3206-TMT7-SMA02-F8	homo sapiens	muscle	not applicable	spinal muscular atrophy	adult	1	oecf1-221222-GC3206-TMT7-SMA02-F8	proteomic profiling by mass spectrometry	NT=Data-dependent acquisition;AC=PRIDE:0000627	NT=isotope labeling;AC=PRIDE:0000310	NT=q exactive;AC=MS:1001911	NT=TMT6plex;AC=UNIMOD:737;TA=K;MT=Fixed	NT=Dimethyl;AC=UNIMOD:36;TA=K;MT=Variable	NT=Carbamidomethyl;AC=UNIMOD:4;TA=C;MT=Fixed	NT=Trypsin;AC=MS:1001251	not available	dithiothreitol (dtt)	8	1	oecf1-221222-GC3206-TMT7-SMA02-F8.raw	ftp://ftp.pride.ebi.ac.uk/pride/data/archive/2025/05/PXD054900/oecf1-221222-GC3206-TMT7-SMA02-F8.raw	v1.1.0	NT=ms-proteomics;VV=v1.1.0	NT=clinical-metadata;VV=v1.0.0	manual curation	muscle
oecf1-221115-GC3197-q-nC18-SMA23-01	homo sapiens	muscle	not applicable	spinal muscular atrophy	adult	1	oecf1-221115-GC3197-q-nC18-SMA23-01	proteomic profiling by mass spectrometry	NT=Data-dependent acquisition;AC=PRIDE:0000627	NT=isotope labeling;AC=PRIDE:0000310	NT=q exactive;AC=MS:1001911	NT=TMT6plex;AC=UNIMOD:737;TA=K;MT=Fixed	NT=Dimethyl;AC=UNIMOD:36;TA=K;MT=Variable	NT=Carbamidomethyl;AC=UNIMOD:4;TA=C;MT=Fixed	NT=Trypsin;AC=MS:1001251	not available	dithiothreitol (dtt)	1	1	oecf1-221115-GC3197-q-nC18-SMA23-01.raw	ftp://ftp.pride.ebi.ac.uk/pride/data/archive/2025/05/PXD054900/oecf1-221115-GC3197-q-nC18-SMA23-01.raw	v1.1.0	NT=ms-proteomics;VV=v1.1.0	NT=clinical-metadata;VV=v1.0.0	manual curation	muscle
oecf1-221210-GC3202-TMT7-SMA09-F4	homo sapiens	muscle	not applicable	spinal muscular atrophy	adult	1	oecf1-221210-GC3202-TMT7-SMA09-F4	proteomic profiling by mass spectrometry	NT=Data-dependent acquisition;AC=PRIDE:0000627	NT=isotope labeling;AC=PRIDE:0000310	NT=q exactive;AC=MS:1001911	NT=TMT6plex;AC=UNIMOD:737;TA=K;MT=Fixed	NT=Dimethyl;AC=UNIMOD:36;TA=K;MT=Variable	NT=Carbamidomethyl;AC=UNIMOD:4;TA=C;MT=Fixed	NT=Trypsin;AC=MS:1001251	not available	dithiothreitol (dtt)	4	1	oecf1-221210-GC3202-TMT7-SMA09-F4.raw	ftp://ftp.pride.ebi.ac.uk/pride/data/archive/2025/05/PXD054900/oecf1-221210-GC3202-TMT7-SMA09-F4.raw	v1.1.0	NT=ms-proteomics;VV=v1.1.0	NT=clinical-metadata;VV=v1.0.0	manual curation	muscle
oecf1-221115-GC3197-q-nC18-SMA04-04	homo sapiens	muscle	not applicable	spinal muscular atrophy	adult	4	oecf1-221115-GC3197-q-nC18-SMA04-04	proteomic profiling by mass spectrometry	NT=Data-dependent acquisition;AC=PRIDE:0000627	NT=isotope labeling;AC=PRIDE:0000310	NT=q exactive;AC=MS:1001911	NT=TMT6plex;AC=UNIMOD:737;TA=K;MT=Fixed	NT=Dimethyl;AC=UNIMOD:36;TA=K;MT=Variable	NT=Carbamidomethyl;AC=UNIMOD:4;TA=C;MT=Fixed	NT=Trypsin;AC=MS:1001251	not available	dithiothreitol (dtt)	1	1	oecf1-221115-GC3197-q-nC18-SMA04-04.raw	ftp://ftp.pride.ebi.ac.uk/pride/data/archive/2025/05/PXD054900/oecf1-221115-GC3197-q-nC18-SMA04-04.raw	v1.1.0	NT=ms-proteomics;VV=v1.1.0	NT=clinical-metadata;VV=v1.0.0	manual curation	muscle
oecf1-221228-GC3207-TMT7-SMA19-F7	homo sapiens	muscle	not applicable	spinal muscular atrophy	adult	1	oecf1-221228-GC3207-TMT7-SMA19-F7	proteomic profiling by mass spectrometry	NT=Data-dependent acquisition;AC=PRIDE:0000627	NT=isotope labeling;AC=PRIDE:0000310	NT=q exactive;AC=MS:1001911	NT=TMT6plex;AC=UNIMOD:737;TA=K;MT=Fixed	NT=Dimethyl;AC=UNIMOD:36;TA=K;MT=Variable	NT=Carbamidomethyl;AC=UNIMOD:4;TA=C;MT=Fixed	NT=Trypsin;AC=MS:1001251	not available	dithiothreitol (dtt)	7	1	oecf1-221228-GC3207-TMT7-SMA19-F7.raw	ftp://ftp.pride.ebi.ac.uk/pride/data/archive/2025/05/PXD054900/oecf1-221228-GC3207-TMT7-SMA19-F7.raw	v1.1.0	NT=ms-proteomics;VV=v1.1.0	NT=clinical-metadata;VV=v1.0.0	manual curation	muscle
oecf1-221210-GC3202-TMT7-SMA09-F2	homo sapiens	muscle	not applicable	spinal muscular atrophy	adult	1	oecf1-221210-GC3202-TMT7-SMA09-F2	proteomic profiling by mass spectrometry	NT=Data-dependent acquisition;AC=PRIDE:0000627	NT=isotope labeling;AC=PRIDE:0000310	NT=q exactive;AC=MS:1001911	NT=TMT6plex;AC=UNIMOD:737;TA=K;MT=Fixed	NT=Dimethyl;AC=UNIMOD:36;TA=K;MT=Variable	NT=Carbamidomethyl;AC=UNIMOD:4;TA=C;MT=Fixed	NT=Trypsin;AC=MS:1001251	not available	dithiothreitol (dtt)	2	1	oecf1-221210-GC3202-TMT7-SMA09-F2.raw	ftp://ftp.pride.ebi.ac.uk/pride/data/archive/2025/05/PXD054900/oecf1-221210-GC3202-TMT7-SMA09-F2.raw	v1.1.0	NT=ms-proteomics;VV=v1.1.0	NT=clinical-metadata;VV=v1.0.0	manual curation	muscle
oecf1-221216-GC3203-TMT7-SMA14-F8	homo sapiens	muscle	not applicable	spinal muscular atrophy	adult	1	oecf1-221216-GC3203-TMT7-SMA14-F8	proteomic profiling by mass spectrometry	NT=Data-dependent acquisition;AC=PRIDE:0000627	NT=isotope labeling;AC=PRIDE:0000310	NT=q exactive;AC=MS:1001911	NT=TMT6plex;AC=UNIMOD:737;TA=K;MT=Fixed	NT=Dimethyl;AC=UNIMOD:36;TA=K;MT=Variable	NT=Carbamidomethyl;AC=UNIMOD:4;TA=C;MT=Fixed	NT=Trypsin;AC=MS:1001251	not available	dithiothreitol (dtt)	8	1	oecf1-221216-GC3203-TMT7-SMA14-F8.raw	ftp://ftp.pride.ebi.ac.uk/pride/data/archive/2025/05/PXD054900/oecf1-221216-GC3203-TMT7-SMA14-F8.raw	v1.1.0	NT=ms-proteomics;VV=v1.1.0	NT=clinical-metadata;VV=v1.0.0	manual curation	muscle
oecf1-221216-GC3203-TMT7-SMA12-F6	homo sapiens	muscle	not applicable	spinal muscular atrophy	adult	1	oecf1-221216-GC3203-TMT7-SMA12-F6	proteomic profiling by mass spectrometry	NT=Data-dependent acquisition;AC=PRIDE:0000627	NT=isotope labeling;AC=PRIDE:0000310	NT=q exactive;AC=MS:1001911	NT=TMT6plex;AC=UNIMOD:737;TA=K;MT=Fixed	NT=Dimethyl;AC=UNIMOD:36;TA=K;MT=Variable	NT=Carbamidomethyl;AC=UNIMOD:4;TA=C;MT=Fixed	NT=Trypsin;AC=MS:1001251	not available	dithiothreitol (dtt)	6	1	oecf1-221216-GC3203-TMT7-SMA12-F6.raw	ftp://ftp.pride.ebi.ac.uk/pride/data/archive/2025/05/PXD054900/oecf1-221216-GC3203-TMT7-SMA12-F6.raw	v1.1.0	NT=ms-proteomics;VV=v1.1.0	NT=clinical-metadata;VV=v1.0.0	manual curation	muscle
oecf1-221206-GC3201-TMT7-SMA15-F4	homo sapiens	muscle	not applicable	spinal muscular atrophy	adult	1	oecf1-221206-GC3201-TMT7-SMA15-F4	proteomic profiling by mass spectrometry	NT=Data-dependent acquisition;AC=PRIDE:0000627	NT=isotope labeling;AC=PRIDE:0000310	NT=q exactive;AC=MS:1001911	NT=TMT6plex;AC=UNIMOD:737;TA=K;MT=Fixed	NT=Dimethyl;AC=UNIMOD:36;TA=K;MT=Variable	NT=Carbamidomethyl;AC=UNIMOD:4;TA=C;MT=Fixed	NT=Trypsin;AC=MS:1001251	not available	dithiothreitol (dtt)	4	1	oecf1-221206-GC3201-TMT7-SMA15-F4.raw	ftp://ftp.pride.ebi.ac.uk/pride/data/archive/2025/05/PXD054900/oecf1-221206-GC3201-TMT7-SMA15-F4.raw	v1.1.0	NT=ms-proteomics;VV=v1.1.0	NT=clinical-metadata;VV=v1.0.0	manual curation	muscle
oecf1-221222-GC3206-TMT7-SMA10-F6	homo sapiens	muscle	not applicable	spinal muscular atrophy	adult	1	oecf1-221222-GC3206-TMT7-SMA10-F6	proteomic profiling by mass spectrometry	NT=Data-dependent acquisition;AC=PRIDE:0000627	NT=isotope labeling;AC=PRIDE:0000310	NT=q exactive;AC=MS:1001911	NT=TMT6plex;AC=UNIMOD:737;TA=K;MT=Fixed	NT=Dimethyl;AC=UNIMOD:36;TA=K;MT=Variable	NT=Carbamidomethyl;AC=UNIMOD:4;TA=C;MT=Fixed	NT=Trypsin;AC=MS:1001251	not available	dithiothreitol (dtt)	6	1	oecf1-221222-GC3206-TMT7-SMA10-F6.raw	ftp://ftp.pride.ebi.ac.uk/pride/data/archive/2025/05/PXD054900/oecf1-221222-GC3206-TMT7-SMA10-F6.raw	v1.1.0	NT=ms-proteomics;VV=v1.1.0	NT=clinical-metadata;VV=v1.0.0	manual curation	muscle
oecf1-221114-GC3196-q-nC18-SMA10-08	homo sapiens	muscle	not applicable	spinal muscular atrophy	adult	8	oecf1-221114-GC3196-q-nC18-SMA10-08	proteomic profiling by mass spectrometry	NT=Data-dependent acquisition;AC=PRIDE:0000627	NT=isotope labeling;AC=PRIDE:0000310	NT=q exactive;AC=MS:1001911	NT=TMT6plex;AC=UNIMOD:737;TA=K;MT=Fixed	NT=Dimethyl;AC=UNIMOD:36;TA=K;MT=Variable	NT=Carbamidomethyl;AC=UNIMOD:4;TA=C;MT=Fixed	NT=Trypsin;AC=MS:1001251	not available	dithiothreitol (dtt)	1	1	oecf1-221114-GC3196-q-nC18-SMA10-08.raw	ftp://ftp.pride.ebi.ac.uk/pride/data/archive/2025/05/PXD054900/oecf1-221114-GC3196-q-nC18-SMA10-08.raw	v1.1.0	NT=ms-proteomics;VV=v1.1.0	NT=clinical-metadata;VV=v1.0.0	manual curation	muscle
oecf1-221024-GC3193-q-nC18-SMA03-12	homo sapiens	muscle	not applicable	spinal muscular atrophy	adult	12	oecf1-221024-GC3193-q-nC18-SMA03-12	proteomic profiling by mass spectrometry	NT=Data-dependent acquisition;AC=PRIDE:0000627	NT=isotope labeling;AC=PRIDE:0000310	NT=q exactive;AC=MS:1001911	NT=TMT6plex;AC=UNIMOD:737;TA=K;MT=Fixed	NT=Dimethyl;AC=UNIMOD:36;TA=K;MT=Variable	NT=Carbamidomethyl;AC=UNIMOD:4;TA=C;MT=Fixed	NT=Trypsin;AC=MS:1001251	not available	dithiothreitol (dtt)	1	1	oecf1-221024-GC3193-q-nC18-SMA03-12.raw	ftp://ftp.pride.ebi.ac.uk/pride/data/archive/2025/05/PXD054900/oecf1-221024-GC3193-q-nC18-SMA03-12.raw	v1.1.0	NT=ms-proteomics;VV=v1.1.0	NT=clinical-metadata;VV=v1.0.0	manual curation	muscle
oecf1-221206-GC3201-TMT7-SMA23-F3	homo sapiens	muscle	not applicable	spinal muscular atrophy	adult	1	oecf1-221206-GC3201-TMT7-SMA23-F3	proteomic profiling by mass spectrometry	NT=Data-dependent acquisition;AC=PRIDE:0000627	NT=isotope labeling;AC=PRIDE:0000310	NT=q exactive;AC=MS:1001911	NT=TMT6plex;AC=UNIMOD:737;TA=K;MT=Fixed	NT=Dimethyl;AC=UNIMOD:36;TA=K;MT=Variable	NT=Carbamidomethyl;AC=UNIMOD:4;TA=C;MT=Fixed	NT=Trypsin;AC=MS:1001251	not available	dithiothreitol (dtt)	3	1	oecf1-221206-GC3201-TMT7-SMA23-F3.raw	ftp://ftp.pride.ebi.ac.uk/pride/data/archive/2025/05/PXD054900/oecf1-221206-GC3201-TMT7-SMA23-F3.raw	v1.1.0	NT=ms-proteomics;VV=v1.1.0	NT=clinical-metadata;VV=v1.0.0	manual curation	muscle
oecf1-221115-GC3197-q-nC18-SMA21-04	homo sapiens	muscle	not applicable	spinal muscular atrophy	adult	4	oecf1-221115-GC3197-q-nC18-SMA21-04	proteomic profiling by mass spectrometry	NT=Data-dependent acquisition;AC=PRIDE:0000627	NT=isotope labeling;AC=PRIDE:0000310	NT=q exactive;AC=MS:1001911	NT=TMT6plex;AC=UNIMOD:737;TA=K;MT=Fixed	NT=Dimethyl;AC=UNIMOD:36;TA=K;MT=Variable	NT=Carbamidomethyl;AC=UNIMOD:4;TA=C;MT=Fixed	NT=Trypsin;AC=MS:1001251	not available	dithiothreitol (dtt)	1	1	oecf1-221115-GC3197-q-nC18-SMA21-04.raw	ftp://ftp.pride.ebi.ac.uk/pride/data/archive/2025/05/PXD054900/oecf1-221115-GC3197-q-nC18-SMA21-04.raw	v1.1.0	NT=ms-proteomics;VV=v1.1.0	NT=clinical-metadata;VV=v1.0.0	manual curation	muscle
oecf1-221228-GC3207-TMT7-SMA22-FTW	homo sapiens	muscle	not applicable	spinal muscular atrophy	adult	1	oecf1-221228-GC3207-TMT7-SMA22-FTW	proteomic profiling by mass spectrometry	NT=Data-dependent acquisition;AC=PRIDE:0000627	NT=isotope labeling;AC=PRIDE:0000310	NT=q exactive;AC=MS:1001911	NT=TMT6plex;AC=UNIMOD:737;TA=K;MT=Fixed	NT=Dimethyl;AC=UNIMOD:36;TA=K;MT=Variable	NT=Carbamidomethyl;AC=UNIMOD:4;TA=C;MT=Fixed	NT=Trypsin;AC=MS:1001251	not available	dithiothreitol (dtt)	1	1	oecf1-221228-GC3207-TMT7-SMA22-FTW.raw	ftp://ftp.pride.ebi.ac.uk/pride/data/archive/2025/05/PXD054900/oecf1-221228-GC3207-TMT7-SMA22-FTW.raw	v1.1.0	NT=ms-proteomics;VV=v1.1.0	NT=clinical-metadata;VV=v1.0.0	manual curation	muscle
oecf1-221115-GC3197-q-nC18-SMA04-06	homo sapiens	muscle	not applicable	spinal muscular atrophy	adult	6	oecf1-221115-GC3197-q-nC18-SMA04-06	proteomic profiling by mass spectrometry	NT=Data-dependent acquisition;AC=PRIDE:0000627	NT=isotope labeling;AC=PRIDE:0000310	NT=q exactive;AC=MS:1001911	NT=TMT6plex;AC=UNIMOD:737;TA=K;MT=Fixed	NT=Dimethyl;AC=UNIMOD:36;TA=K;MT=Variable	NT=Carbamidomethyl;AC=UNIMOD:4;TA=C;MT=Fixed	NT=Trypsin;AC=MS:1001251	not available	dithiothreitol (dtt)	1	1	oecf1-221115-GC3197-q-nC18-SMA04-06.raw	ftp://ftp.pride.ebi.ac.uk/pride/data/archive/2025/05/PXD054900/oecf1-221115-GC3197-q-nC18-SMA04-06.raw	v1.1.0	NT=ms-proteomics;VV=v1.1.0	NT=clinical-metadata;VV=v1.0.0	manual curation	muscle
oecf1-221222-GC3206-TMT7-SMA10-F8	homo sapiens	muscle	not applicable	spinal muscular atrophy	adult	1	oecf1-221222-GC3206-TMT7-SMA10-F8	proteomic profiling by mass spectrometry	NT=Data-dependent acquisition;AC=PRIDE:0000627	NT=isotope labeling;AC=PRIDE:0000310	NT=q exactive;AC=MS:1001911	NT=TMT6plex;AC=UNIMOD:737;TA=K;MT=Fixed	NT=Dimethyl;AC=UNIMOD:36;TA=K;MT=Variable	NT=Carbamidomethyl;AC=UNIMOD:4;TA=C;MT=Fixed	NT=Trypsin;AC=MS:1001251	not available	dithiothreitol (dtt)	8	1	oecf1-221222-GC3206-TMT7-SMA10-F8.raw	ftp://ftp.pride.ebi.ac.uk/pride/data/archive/2025/05/PXD054900/oecf1-221222-GC3206-TMT7-SMA10-F8.raw	v1.1.0	NT=ms-proteomics;VV=v1.1.0	NT=clinical-metadata;VV=v1.0.0	manual curation	muscle
oecf1-221216-GC3203-TMT7-SMA14-F7	homo sapiens	muscle	not applicable	spinal muscular atrophy	adult	1	oecf1-221216-GC3203-TMT7-SMA14-F7	proteomic profiling by mass spectrometry	NT=Data-dependent acquisition;AC=PRIDE:0000627	NT=isotope labeling;AC=PRIDE:0000310	NT=q exactive;AC=MS:1001911	NT=TMT6plex;AC=UNIMOD:737;TA=K;MT=Fixed	NT=Dimethyl;AC=UNIMOD:36;TA=K;MT=Variable	NT=Carbamidomethyl;AC=UNIMOD:4;TA=C;MT=Fixed	NT=Trypsin;AC=MS:1001251	not available	dithiothreitol (dtt)	7	1	oecf1-221216-GC3203-TMT7-SMA14-F7.raw	ftp://ftp.pride.ebi.ac.uk/pride/data/archive/2025/05/PXD054900/oecf1-221216-GC3203-TMT7-SMA14-F7.raw	v1.1.0	NT=ms-proteomics;VV=v1.1.0	NT=clinical-metadata;VV=v1.0.0	manual curation	muscle
oecf1-221025-GC3194-q-nC18-SMA02-10	homo sapiens	muscle	not applicable	spinal muscular atrophy	adult	10	oecf1-221025-GC3194-q-nC18-SMA02-10	proteomic profiling by mass spectrometry	NT=Data-dependent acquisition;AC=PRIDE:0000627	NT=isotope labeling;AC=PRIDE:0000310	NT=q exactive;AC=MS:1001911	NT=TMT6plex;AC=UNIMOD:737;TA=K;MT=Fixed	NT=Dimethyl;AC=UNIMOD:36;TA=K;MT=Variable	NT=Carbamidomethyl;AC=UNIMOD:4;TA=C;MT=Fixed	NT=Trypsin;AC=MS:1001251	not available	dithiothreitol (dtt)	1	1	oecf1-221025-GC3194-q-nC18-SMA02-10.raw	ftp://ftp.pride.ebi.ac.uk/pride/data/archive/2025/05/PXD054900/oecf1-221025-GC3194-q-nC18-SMA02-10.raw	v1.1.0	NT=ms-proteomics;VV=v1.1.0	NT=clinical-metadata;VV=v1.0.0	manual curation	muscle
oecf1-221114-GC3196-q-nC18-SMA18-01	homo sapiens	muscle	not applicable	spinal muscular atrophy	adult	1	oecf1-221114-GC3196-q-nC18-SMA18-01	proteomic profiling by mass spectrometry	NT=Data-dependent acquisition;AC=PRIDE:0000627	NT=isotope labeling;AC=PRIDE:0000310	NT=q exactive;AC=MS:1001911	NT=TMT6plex;AC=UNIMOD:737;TA=K;MT=Fixed	NT=Dimethyl;AC=UNIMOD:36;TA=K;MT=Variable	NT=Carbamidomethyl;AC=UNIMOD:4;TA=C;MT=Fixed	NT=Trypsin;AC=MS:1001251	not available	dithiothreitol (dtt)	1	1	oecf1-221114-GC3196-q-nC18-SMA18-01.raw	ftp://ftp.pride.ebi.ac.uk/pride/data/archive/2025/05/PXD054900/oecf1-221114-GC3196-q-nC18-SMA18-01.raw	v1.1.0	NT=ms-proteomics;VV=v1.1.0	NT=clinical-metadata;VV=v1.0.0	manual curation	muscle
oecf1-221222-GC3206-TMT7-SMA03-F1	homo sapiens	muscle	not applicable	spinal muscular atrophy	adult	1	oecf1-221222-GC3206-TMT7-SMA03-F1	proteomic profiling by mass spectrometry	NT=Data-dependent acquisition;AC=PRIDE:0000627	NT=isotope labeling;AC=PRIDE:0000310	NT=q exactive;AC=MS:1001911	NT=TMT6plex;AC=UNIMOD:737;TA=K;MT=Fixed	NT=Dimethyl;AC=UNIMOD:36;TA=K;MT=Variable	NT=Carbamidomethyl;AC=UNIMOD:4;TA=C;MT=Fixed	NT=Trypsin;AC=MS:1001251	not available	dithiothreitol (dtt)	1	1	oecf1-221222-GC3206-TMT7-SMA03-F1.raw	ftp://ftp.pride.ebi.ac.uk/pride/data/archive/2025/05/PXD054900/oecf1-221222-GC3206-TMT7-SMA03-F1.raw	v1.1.0	NT=ms-proteomics;VV=v1.1.0	NT=clinical-metadata;VV=v1.0.0	manual curation	muscle
oecf1-221222-GC3206-TMT7-SMA07-F3	homo sapiens	muscle	not applicable	spinal muscular atrophy	adult	1	oecf1-221222-GC3206-TMT7-SMA07-F3	proteomic profiling by mass spectrometry	NT=Data-dependent acquisition;AC=PRIDE:0000627	NT=isotope labeling;AC=PRIDE:0000310	NT=q exactive;AC=MS:1001911	NT=TMT6plex;AC=UNIMOD:737;TA=K;MT=Fixed	NT=Dimethyl;AC=UNIMOD:36;TA=K;MT=Variable	NT=Carbamidomethyl;AC=UNIMOD:4;TA=C;MT=Fixed	NT=Trypsin;AC=MS:1001251	not available	dithiothreitol (dtt)	3	1	oecf1-221222-GC3206-TMT7-SMA07-F3.raw	ftp://ftp.pride.ebi.ac.uk/pride/data/archive/2025/05/PXD054900/oecf1-221222-GC3206-TMT7-SMA07-F3.raw	v1.1.0	NT=ms-proteomics;VV=v1.1.0	NT=clinical-metadata;VV=v1.0.0	manual curation	muscle
oecf1-221115-GC3197-q-nC18-SMA21-01	homo sapiens	muscle	not applicable	spinal muscular atrophy	adult	1	oecf1-221115-GC3197-q-nC18-SMA21-01	proteomic profiling by mass spectrometry	NT=Data-dependent acquisition;AC=PRIDE:0000627	NT=isotope labeling;AC=PRIDE:0000310	NT=q exactive;AC=MS:1001911	NT=TMT6plex;AC=UNIMOD:737;TA=K;MT=Fixed	NT=Dimethyl;AC=UNIMOD:36;TA=K;MT=Variable	NT=Carbamidomethyl;AC=UNIMOD:4;TA=C;MT=Fixed	NT=Trypsin;AC=MS:1001251	not available	dithiothreitol (dtt)	1	1	oecf1-221115-GC3197-q-nC18-SMA21-01.raw	ftp://ftp.pride.ebi.ac.uk/pride/data/archive/2025/05/PXD054900/oecf1-221115-GC3197-q-nC18-SMA21-01.raw	v1.1.0	NT=ms-proteomics;VV=v1.1.0	NT=clinical-metadata;VV=v1.0.0	manual curation	muscle
oecf1-221115-GC3197-q-nC18-SMA16-04	homo sapiens	muscle	not applicable	spinal muscular atrophy	adult	4	oecf1-221115-GC3197-q-nC18-SMA16-04	proteomic profiling by mass spectrometry	NT=Data-dependent acquisition;AC=PRIDE:0000627	NT=isotope labeling;AC=PRIDE:0000310	NT=q exactive;AC=MS:1001911	NT=TMT6plex;AC=UNIMOD:737;TA=K;MT=Fixed	NT=Dimethyl;AC=UNIMOD:36;TA=K;MT=Variable	NT=Carbamidomethyl;AC=UNIMOD:4;TA=C;MT=Fixed	NT=Trypsin;AC=MS:1001251	not available	dithiothreitol (dtt)	1	1	oecf1-221115-GC3197-q-nC18-SMA16-04.raw	ftp://ftp.pride.ebi.ac.uk/pride/data/archive/2025/05/PXD054900/oecf1-221115-GC3197-q-nC18-SMA16-04.raw	v1.1.0	NT=ms-proteomics;VV=v1.1.0	NT=clinical-metadata;VV=v1.0.0	manual curation	muscle
oecf1-221025-GC3194-q-nC18-SMA01-08	homo sapiens	muscle	not applicable	spinal muscular atrophy	adult	8	oecf1-221025-GC3194-q-nC18-SMA01-08	proteomic profiling by mass spectrometry	NT=Data-dependent acquisition;AC=PRIDE:0000627	NT=isotope labeling;AC=PRIDE:0000310	NT=q exactive;AC=MS:1001911	NT=TMT6plex;AC=UNIMOD:737;TA=K;MT=Fixed	NT=Dimethyl;AC=UNIMOD:36;TA=K;MT=Variable	NT=Carbamidomethyl;AC=UNIMOD:4;TA=C;MT=Fixed	NT=Trypsin;AC=MS:1001251	not available	dithiothreitol (dtt)	1	1	oecf1-221025-GC3194-q-nC18-SMA01-08.raw	ftp://ftp.pride.ebi.ac.uk/pride/data/archive/2025/05/PXD054900/oecf1-221025-GC3194-q-nC18-SMA01-08.raw	v1.1.0	NT=ms-proteomics;VV=v1.1.0	NT=clinical-metadata;VV=v1.0.0	manual curation	muscle
oecf1-221115-GC3197-q-nC18-SMA24-06	homo sapiens	muscle	not applicable	spinal muscular atrophy	adult	6	oecf1-221115-GC3197-q-nC18-SMA24-06	proteomic profiling by mass spectrometry	NT=Data-dependent acquisition;AC=PRIDE:0000627	NT=isotope labeling;AC=PRIDE:0000310	NT=q exactive;AC=MS:1001911	NT=TMT6plex;AC=UNIMOD:737;TA=K;MT=Fixed	NT=Dimethyl;AC=UNIMOD:36;TA=K;MT=Variable	NT=Carbamidomethyl;AC=UNIMOD:4;TA=C;MT=Fixed	NT=Trypsin;AC=MS:1001251	not available	dithiothreitol (dtt)	1	1	oecf1-221115-GC3197-q-nC18-SMA24-06.raw	ftp://ftp.pride.ebi.ac.uk/pride/data/archive/2025/05/PXD054900/oecf1-221115-GC3197-q-nC18-SMA24-06.raw	v1.1.0	NT=ms-proteomics;VV=v1.1.0	NT=clinical-metadata;VV=v1.0.0	manual curation	muscle
oecf1-221115-GC3197-q-nC18-SMA22-06	homo sapiens	muscle	not applicable	spinal muscular atrophy	adult	6	oecf1-221115-GC3197-q-nC18-SMA22-06	proteomic profiling by mass spectrometry	NT=Data-dependent acquisition;AC=PRIDE:0000627	NT=isotope labeling;AC=PRIDE:0000310	NT=q exactive;AC=MS:1001911	NT=TMT6plex;AC=UNIMOD:737;TA=K;MT=Fixed	NT=Dimethyl;AC=UNIMOD:36;TA=K;MT=Variable	NT=Carbamidomethyl;AC=UNIMOD:4;TA=C;MT=Fixed	NT=Trypsin;AC=MS:1001251	not available	dithiothreitol (dtt)	1	1	oecf1-221115-GC3197-q-nC18-SMA22-06.raw	ftp://ftp.pride.ebi.ac.uk/pride/data/archive/2025/05/PXD054900/oecf1-221115-GC3197-q-nC18-SMA22-06.raw	v1.1.0	NT=ms-proteomics;VV=v1.1.0	NT=clinical-metadata;VV=v1.0.0	manual curation	muscle
oecf1-221114-GC3196-q-nC18-SMA13-14	homo sapiens	muscle	not applicable	spinal muscular atrophy	adult	14	oecf1-221114-GC3196-q-nC18-SMA13-14	proteomic profiling by mass spectrometry	NT=Data-dependent acquisition;AC=PRIDE:0000627	NT=isotope labeling;AC=PRIDE:0000310	NT=q exactive;AC=MS:1001911	NT=TMT6plex;AC=UNIMOD:737;TA=K;MT=Fixed	NT=Dimethyl;AC=UNIMOD:36;TA=K;MT=Variable	NT=Carbamidomethyl;AC=UNIMOD:4;TA=C;MT=Fixed	NT=Trypsin;AC=MS:1001251	not available	dithiothreitol (dtt)	1	1	oecf1-221114-GC3196-q-nC18-SMA13-14.raw	ftp://ftp.pride.ebi.ac.uk/pride/data/archive/2025/05/PXD054900/oecf1-221114-GC3196-q-nC18-SMA13-14.raw	v1.1.0	NT=ms-proteomics;VV=v1.1.0	NT=clinical-metadata;VV=v1.0.0	manual curation	muscle
oecf1-221206-GC3201-TMT7-SMA17-F5	homo sapiens	muscle	not applicable	spinal muscular atrophy	adult	1	oecf1-221206-GC3201-TMT7-SMA17-F5	proteomic profiling by mass spectrometry	NT=Data-dependent acquisition;AC=PRIDE:0000627	NT=isotope labeling;AC=PRIDE:0000310	NT=q exactive;AC=MS:1001911	NT=TMT6plex;AC=UNIMOD:737;TA=K;MT=Fixed	NT=Dimethyl;AC=UNIMOD:36;TA=K;MT=Variable	NT=Carbamidomethyl;AC=UNIMOD:4;TA=C;MT=Fixed	NT=Trypsin;AC=MS:1001251	not available	dithiothreitol (dtt)	5	1	oecf1-221206-GC3201-TMT7-SMA17-F5.raw	ftp://ftp.pride.ebi.ac.uk/pride/data/archive/2025/05/PXD054900/oecf1-221206-GC3201-TMT7-SMA17-F5.raw	v1.1.0	NT=ms-proteomics;VV=v1.1.0	NT=clinical-metadata;VV=v1.0.0	manual curation	muscle
oecf1-221114-GC3196-q-nC18-SMA09-14	homo sapiens	muscle	not applicable	spinal muscular atrophy	adult	14	oecf1-221114-GC3196-q-nC18-SMA09-14	proteomic profiling by mass spectrometry	NT=Data-dependent acquisition;AC=PRIDE:0000627	NT=isotope labeling;AC=PRIDE:0000310	NT=q exactive;AC=MS:1001911	NT=TMT6plex;AC=UNIMOD:737;TA=K;MT=Fixed	NT=Dimethyl;AC=UNIMOD:36;TA=K;MT=Variable	NT=Carbamidomethyl;AC=UNIMOD:4;TA=C;MT=Fixed	NT=Trypsin;AC=MS:1001251	not available	dithiothreitol (dtt)	1	1	oecf1-221114-GC3196-q-nC18-SMA09-14.raw	ftp://ftp.pride.ebi.ac.uk/pride/data/archive/2025/05/PXD054900/oecf1-221114-GC3196-q-nC18-SMA09-14.raw	v1.1.0	NT=ms-proteomics;VV=v1.1.0	NT=clinical-metadata;VV=v1.0.0	manual curation	muscle
oecf1-221204-GC3200-TMT7-SMA05-F2	homo sapiens	muscle	not applicable	spinal muscular atrophy	adult	1	oecf1-221204-GC3200-TMT7-SMA05-F2	proteomic profiling by mass spectrometry	NT=Data-dependent acquisition;AC=PRIDE:0000627	NT=isotope labeling;AC=PRIDE:0000310	NT=q exactive;AC=MS:1001911	NT=TMT6plex;AC=UNIMOD:737;TA=K;MT=Fixed	NT=Dimethyl;AC=UNIMOD:36;TA=K;MT=Variable	NT=Carbamidomethyl;AC=UNIMOD:4;TA=C;MT=Fixed	NT=Trypsin;AC=MS:1001251	not available	dithiothreitol (dtt)	2	1	oecf1-221204-GC3200-TMT7-SMA05-F2.raw	ftp://ftp.pride.ebi.ac.uk/pride/data/archive/2025/05/PXD054900/oecf1-221204-GC3200-TMT7-SMA05-F2.raw	v1.1.0	NT=ms-proteomics;VV=v1.1.0	NT=clinical-metadata;VV=v1.0.0	manual curation	muscle
oecf1-221222-GC3206-TMT7-SMA07-F2	homo sapiens	muscle	not applicable	spinal muscular atrophy	adult	1	oecf1-221222-GC3206-TMT7-SMA07-F2	proteomic profiling by mass spectrometry	NT=Data-dependent acquisition;AC=PRIDE:0000627	NT=isotope labeling;AC=PRIDE:0000310	NT=q exactive;AC=MS:1001911	NT=TMT6plex;AC=UNIMOD:737;TA=K;MT=Fixed	NT=Dimethyl;AC=UNIMOD:36;TA=K;MT=Variable	NT=Carbamidomethyl;AC=UNIMOD:4;TA=C;MT=Fixed	NT=Trypsin;AC=MS:1001251	not available	dithiothreitol (dtt)	2	1	oecf1-221222-GC3206-TMT7-SMA07-F2.raw	ftp://ftp.pride.ebi.ac.uk/pride/data/archive/2025/05/PXD054900/oecf1-221222-GC3206-TMT7-SMA07-F2.raw	v1.1.0	NT=ms-proteomics;VV=v1.1.0	NT=clinical-metadata;VV=v1.0.0	manual curation	muscle
oecf1-220830-GC3180-TMT7-SMA20-F7	homo sapiens	muscle	not applicable	spinal muscular atrophy	adult	1	oecf1-220830-GC3180-TMT7-SMA20-F7	proteomic profiling by mass spectrometry	NT=Data-dependent acquisition;AC=PRIDE:0000627	NT=isotope labeling;AC=PRIDE:0000310	NT=q exactive;AC=MS:1001911	NT=TMT6plex;AC=UNIMOD:737;TA=K;MT=Fixed	NT=Dimethyl;AC=UNIMOD:36;TA=K;MT=Variable	NT=Carbamidomethyl;AC=UNIMOD:4;TA=C;MT=Fixed	NT=Trypsin;AC=MS:1001251	not available	dithiothreitol (dtt)	7	1	oecf1-220830-GC3180-TMT7-SMA20-F7.raw	ftp://ftp.pride.ebi.ac.uk/pride/data/archive/2025/05/PXD054900/oecf1-220830-GC3180-TMT7-SMA20-F7.raw	v1.1.0	NT=ms-proteomics;VV=v1.1.0	NT=clinical-metadata;VV=v1.0.0	manual curation	muscle
oecf1-221114-GC3196-q-nC18-SMA18-04	homo sapiens	muscle	not applicable	spinal muscular atrophy	adult	4	oecf1-221114-GC3196-q-nC18-SMA18-04	proteomic profiling by mass spectrometry	NT=Data-dependent acquisition;AC=PRIDE:0000627	NT=isotope labeling;AC=PRIDE:0000310	NT=q exactive;AC=MS:1001911	NT=TMT6plex;AC=UNIMOD:737;TA=K;MT=Fixed	NT=Dimethyl;AC=UNIMOD:36;TA=K;MT=Variable	NT=Carbamidomethyl;AC=UNIMOD:4;TA=C;MT=Fixed	NT=Trypsin;AC=MS:1001251	not available	dithiothreitol (dtt)	1	1	oecf1-221114-GC3196-q-nC18-SMA18-04.raw	ftp://ftp.pride.ebi.ac.uk/pride/data/archive/2025/05/PXD054900/oecf1-221114-GC3196-q-nC18-SMA18-04.raw	v1.1.0	NT=ms-proteomics;VV=v1.1.0	NT=clinical-metadata;VV=v1.0.0	manual curation	muscle
oecf1-221228-GC3207-TMT7-SMA22-F3	homo sapiens	muscle	not applicable	spinal muscular atrophy	adult	1	oecf1-221228-GC3207-TMT7-SMA22-F3	proteomic profiling by mass spectrometry	NT=Data-dependent acquisition;AC=PRIDE:0000627	NT=isotope labeling;AC=PRIDE:0000310	NT=q exactive;AC=MS:1001911	NT=TMT6plex;AC=UNIMOD:737;TA=K;MT=Fixed	NT=Dimethyl;AC=UNIMOD:36;TA=K;MT=Variable	NT=Carbamidomethyl;AC=UNIMOD:4;TA=C;MT=Fixed	NT=Trypsin;AC=MS:1001251	not available	dithiothreitol (dtt)	3	1	oecf1-221228-GC3207-TMT7-SMA22-F3.raw	ftp://ftp.pride.ebi.ac.uk/pride/data/archive/2025/05/PXD054900/oecf1-221228-GC3207-TMT7-SMA22-F3.raw	v1.1.0	NT=ms-proteomics;VV=v1.1.0	NT=clinical-metadata;VV=v1.0.0	manual curation	muscle
oecf1-221114-GC3196-q-nC18-SMA11-06	homo sapiens	muscle	not applicable	spinal muscular atrophy	adult	6	oecf1-221114-GC3196-q-nC18-SMA11-06	proteomic profiling by mass spectrometry	NT=Data-dependent acquisition;AC=PRIDE:0000627	NT=isotope labeling;AC=PRIDE:0000310	NT=q exactive;AC=MS:1001911	NT=TMT6plex;AC=UNIMOD:737;TA=K;MT=Fixed	NT=Dimethyl;AC=UNIMOD:36;TA=K;MT=Variable	NT=Carbamidomethyl;AC=UNIMOD:4;TA=C;MT=Fixed	NT=Trypsin;AC=MS:1001251	not available	dithiothreitol (dtt)	1	1	oecf1-221114-GC3196-q-nC18-SMA11-06.raw	ftp://ftp.pride.ebi.ac.uk/pride/data/archive/2025/05/PXD054900/oecf1-221114-GC3196-q-nC18-SMA11-06.raw	v1.1.0	NT=ms-proteomics;VV=v1.1.0	NT=clinical-metadata;VV=v1.0.0	manual curation	muscle
oecf1-221115-GC3197-q-nC18-SMA04-14	homo sapiens	muscle	not applicable	spinal muscular atrophy	adult	14	oecf1-221115-GC3197-q-nC18-SMA04-14	proteomic profiling by mass spectrometry	NT=Data-dependent acquisition;AC=PRIDE:0000627	NT=isotope labeling;AC=PRIDE:0000310	NT=q exactive;AC=MS:1001911	NT=TMT6plex;AC=UNIMOD:737;TA=K;MT=Fixed	NT=Dimethyl;AC=UNIMOD:36;TA=K;MT=Variable	NT=Carbamidomethyl;AC=UNIMOD:4;TA=C;MT=Fixed	NT=Trypsin;AC=MS:1001251	not available	dithiothreitol (dtt)	1	1	oecf1-221115-GC3197-q-nC18-SMA04-14.raw	ftp://ftp.pride.ebi.ac.uk/pride/data/archive/2025/05/PXD054900/oecf1-221115-GC3197-q-nC18-SMA04-14.raw	v1.1.0	NT=ms-proteomics;VV=v1.1.0	NT=clinical-metadata;VV=v1.0.0	manual curation	muscle
oecf1-221222-GC3206-TMT7-SMA08-F4	homo sapiens	muscle	not applicable	spinal muscular atrophy	adult	1	oecf1-221222-GC3206-TMT7-SMA08-F4	proteomic profiling by mass spectrometry	NT=Data-dependent acquisition;AC=PRIDE:0000627	NT=isotope labeling;AC=PRIDE:0000310	NT=q exactive;AC=MS:1001911	NT=TMT6plex;AC=UNIMOD:737;TA=K;MT=Fixed	NT=Dimethyl;AC=UNIMOD:36;TA=K;MT=Variable	NT=Carbamidomethyl;AC=UNIMOD:4;TA=C;MT=Fixed	NT=Trypsin;AC=MS:1001251	not available	dithiothreitol (dtt)	4	1	oecf1-221222-GC3206-TMT7-SMA08-F4.raw	ftp://ftp.pride.ebi.ac.uk/pride/data/archive/2025/05/PXD054900/oecf1-221222-GC3206-TMT7-SMA08-F4.raw	v1.1.0	NT=ms-proteomics;VV=v1.1.0	NT=clinical-metadata;VV=v1.0.0	manual curation	muscle
oecf1-221228-GC3207-TMT7-SMA18-F3	homo sapiens	muscle	not applicable	spinal muscular atrophy	adult	1	oecf1-221228-GC3207-TMT7-SMA18-F3	proteomic profiling by mass spectrometry	NT=Data-dependent acquisition;AC=PRIDE:0000627	NT=isotope labeling;AC=PRIDE:0000310	NT=q exactive;AC=MS:1001911	NT=TMT6plex;AC=UNIMOD:737;TA=K;MT=Fixed	NT=Dimethyl;AC=UNIMOD:36;TA=K;MT=Variable	NT=Carbamidomethyl;AC=UNIMOD:4;TA=C;MT=Fixed	NT=Trypsin;AC=MS:1001251	not available	dithiothreitol (dtt)	3	1	oecf1-221228-GC3207-TMT7-SMA18-F3.raw	ftp://ftp.pride.ebi.ac.uk/pride/data/archive/2025/05/PXD054900/oecf1-221228-GC3207-TMT7-SMA18-F3.raw	v1.1.0	NT=ms-proteomics;VV=v1.1.0	NT=clinical-metadata;VV=v1.0.0	manual curation	muscle
oecf1-221114-GC3196-q-nC18-SMA13-06	homo sapiens	muscle	not applicable	spinal muscular atrophy	adult	6	oecf1-221114-GC3196-q-nC18-SMA13-06	proteomic profiling by mass spectrometry	NT=Data-dependent acquisition;AC=PRIDE:0000627	NT=isotope labeling;AC=PRIDE:0000310	NT=q exactive;AC=MS:1001911	NT=TMT6plex;AC=UNIMOD:737;TA=K;MT=Fixed	NT=Dimethyl;AC=UNIMOD:36;TA=K;MT=Variable	NT=Carbamidomethyl;AC=UNIMOD:4;TA=C;MT=Fixed	NT=Trypsin;AC=MS:1001251	not available	dithiothreitol (dtt)	1	1	oecf1-221114-GC3196-q-nC18-SMA13-06.raw	ftp://ftp.pride.ebi.ac.uk/pride/data/archive/2025/05/PXD054900/oecf1-221114-GC3196-q-nC18-SMA13-06.raw	v1.1.0	NT=ms-proteomics;VV=v1.1.0	NT=clinical-metadata;VV=v1.0.0	manual curation	muscle
oecf1-221222-GC3206-TMT7-SMA03-F5	homo sapiens	muscle	not applicable	spinal muscular atrophy	adult	1	oecf1-221222-GC3206-TMT7-SMA03-F5	proteomic profiling by mass spectrometry	NT=Data-dependent acquisition;AC=PRIDE:0000627	NT=isotope labeling;AC=PRIDE:0000310	NT=q exactive;AC=MS:1001911	NT=TMT6plex;AC=UNIMOD:737;TA=K;MT=Fixed	NT=Dimethyl;AC=UNIMOD:36;TA=K;MT=Variable	NT=Carbamidomethyl;AC=UNIMOD:4;TA=C;MT=Fixed	NT=Trypsin;AC=MS:1001251	not available	dithiothreitol (dtt)	5	1	oecf1-221222-GC3206-TMT7-SMA03-F5.raw	ftp://ftp.pride.ebi.ac.uk/pride/data/archive/2025/05/PXD054900/oecf1-221222-GC3206-TMT7-SMA03-F5.raw	v1.1.0	NT=ms-proteomics;VV=v1.1.0	NT=clinical-metadata;VV=v1.0.0	manual curation	muscle
oecf1-221206-GC3201-TMT7-SMA17-F6	homo sapiens	muscle	not applicable	spinal muscular atrophy	adult	1	oecf1-221206-GC3201-TMT7-SMA17-F6	proteomic profiling by mass spectrometry	NT=Data-dependent acquisition;AC=PRIDE:0000627	NT=isotope labeling;AC=PRIDE:0000310	NT=q exactive;AC=MS:1001911	NT=TMT6plex;AC=UNIMOD:737;TA=K;MT=Fixed	NT=Dimethyl;AC=UNIMOD:36;TA=K;MT=Variable	NT=Carbamidomethyl;AC=UNIMOD:4;TA=C;MT=Fixed	NT=Trypsin;AC=MS:1001251	not available	dithiothreitol (dtt)	6	1	oecf1-221206-GC3201-TMT7-SMA17-F6.raw	ftp://ftp.pride.ebi.ac.uk/pride/data/archive/2025/05/PXD054900/oecf1-221206-GC3201-TMT7-SMA17-F6.raw	v1.1.0	NT=ms-proteomics;VV=v1.1.0	NT=clinical-metadata;VV=v1.0.0	manual curation	muscle
oecf1-221210-GC3202-TMT7-SMA04-F4	homo sapiens	muscle	not applicable	spinal muscular atrophy	adult	1	oecf1-221210-GC3202-TMT7-SMA04-F4	proteomic profiling by mass spectrometry	NT=Data-dependent acquisition;AC=PRIDE:0000627	NT=isotope labeling;AC=PRIDE:0000310	NT=q exactive;AC=MS:1001911	NT=TMT6plex;AC=UNIMOD:737;TA=K;MT=Fixed	NT=Dimethyl;AC=UNIMOD:36;TA=K;MT=Variable	NT=Carbamidomethyl;AC=UNIMOD:4;TA=C;MT=Fixed	NT=Trypsin;AC=MS:1001251	not available	dithiothreitol (dtt)	4	1	oecf1-221210-GC3202-TMT7-SMA04-F4.raw	ftp://ftp.pride.ebi.ac.uk/pride/data/archive/2025/05/PXD054900/oecf1-221210-GC3202-TMT7-SMA04-F4.raw	v1.1.0	NT=ms-proteomics;VV=v1.1.0	NT=clinical-metadata;VV=v1.0.0	manual curation	muscle
oecf1-221025-GC3194-q-nC18-SMA05-12	homo sapiens	muscle	not applicable	spinal muscular atrophy	adult	12	oecf1-221025-GC3194-q-nC18-SMA05-12	proteomic profiling by mass spectrometry	NT=Data-dependent acquisition;AC=PRIDE:0000627	NT=isotope labeling;AC=PRIDE:0000310	NT=q exactive;AC=MS:1001911	NT=TMT6plex;AC=UNIMOD:737;TA=K;MT=Fixed	NT=Dimethyl;AC=UNIMOD:36;TA=K;MT=Variable	NT=Carbamidomethyl;AC=UNIMOD:4;TA=C;MT=Fixed	NT=Trypsin;AC=MS:1001251	not available	dithiothreitol (dtt)	1	1	oecf1-221025-GC3194-q-nC18-SMA05-12.raw	ftp://ftp.pride.ebi.ac.uk/pride/data/archive/2025/05/PXD054900/oecf1-221025-GC3194-q-nC18-SMA05-12.raw	v1.1.0	NT=ms-proteomics;VV=v1.1.0	NT=clinical-metadata;VV=v1.0.0	manual curation	muscle
oecf1-221210-GC3202-TMT7-SMA11-F3	homo sapiens	muscle	not applicable	spinal muscular atrophy	adult	1	oecf1-221210-GC3202-TMT7-SMA11-F3	proteomic profiling by mass spectrometry	NT=Data-dependent acquisition;AC=PRIDE:0000627	NT=isotope labeling;AC=PRIDE:0000310	NT=q exactive;AC=MS:1001911	NT=TMT6plex;AC=UNIMOD:737;TA=K;MT=Fixed	NT=Dimethyl;AC=UNIMOD:36;TA=K;MT=Variable	NT=Carbamidomethyl;AC=UNIMOD:4;TA=C;MT=Fixed	NT=Trypsin;AC=MS:1001251	not available	dithiothreitol (dtt)	3	1	oecf1-221210-GC3202-TMT7-SMA11-F3.raw	ftp://ftp.pride.ebi.ac.uk/pride/data/archive/2025/05/PXD054900/oecf1-221210-GC3202-TMT7-SMA11-F3.raw	v1.1.0	NT=ms-proteomics;VV=v1.1.0	NT=clinical-metadata;VV=v1.0.0	manual curation	muscle
oecf1-221114-GC3196-q-nC18-SMA14-08	homo sapiens	muscle	not applicable	spinal muscular atrophy	adult	8	oecf1-221114-GC3196-q-nC18-SMA14-08	proteomic profiling by mass spectrometry	NT=Data-dependent acquisition;AC=PRIDE:0000627	NT=isotope labeling;AC=PRIDE:0000310	NT=q exactive;AC=MS:1001911	NT=TMT6plex;AC=UNIMOD:737;TA=K;MT=Fixed	NT=Dimethyl;AC=UNIMOD:36;TA=K;MT=Variable	NT=Carbamidomethyl;AC=UNIMOD:4;TA=C;MT=Fixed	NT=Trypsin;AC=MS:1001251	not available	dithiothreitol (dtt)	1	1	oecf1-221114-GC3196-q-nC18-SMA14-08.raw	ftp://ftp.pride.ebi.ac.uk/pride/data/archive/2025/05/PXD054900/oecf1-221114-GC3196-q-nC18-SMA14-08.raw	v1.1.0	NT=ms-proteomics;VV=v1.1.0	NT=clinical-metadata;VV=v1.0.0	manual curation	muscle
oecf1-221115-GC3197-q-nC18-SMA04-10	homo sapiens	muscle	not applicable	spinal muscular atrophy	adult	10	oecf1-221115-GC3197-q-nC18-SMA04-10	proteomic profiling by mass spectrometry	NT=Data-dependent acquisition;AC=PRIDE:0000627	NT=isotope labeling;AC=PRIDE:0000310	NT=q exactive;AC=MS:1001911	NT=TMT6plex;AC=UNIMOD:737;TA=K;MT=Fixed	NT=Dimethyl;AC=UNIMOD:36;TA=K;MT=Variable	NT=Carbamidomethyl;AC=UNIMOD:4;TA=C;MT=Fixed	NT=Trypsin;AC=MS:1001251	not available	dithiothreitol (dtt)	1	1	oecf1-221115-GC3197-q-nC18-SMA04-10.raw	ftp://ftp.pride.ebi.ac.uk/pride/data/archive/2025/05/PXD054900/oecf1-221115-GC3197-q-nC18-SMA04-10.raw	v1.1.0	NT=ms-proteomics;VV=v1.1.0	NT=clinical-metadata;VV=v1.0.0	manual curation	muscle
oecf1-221114-GC3196-q-nC18-SMA14-06	homo sapiens	muscle	not applicable	spinal muscular atrophy	adult	6	oecf1-221114-GC3196-q-nC18-SMA14-06	proteomic profiling by mass spectrometry	NT=Data-dependent acquisition;AC=PRIDE:0000627	NT=isotope labeling;AC=PRIDE:0000310	NT=q exactive;AC=MS:1001911	NT=TMT6plex;AC=UNIMOD:737;TA=K;MT=Fixed	NT=Dimethyl;AC=UNIMOD:36;TA=K;MT=Variable	NT=Carbamidomethyl;AC=UNIMOD:4;TA=C;MT=Fixed	NT=Trypsin;AC=MS:1001251	not available	dithiothreitol (dtt)	1	1	oecf1-221114-GC3196-q-nC18-SMA14-06.raw	ftp://ftp.pride.ebi.ac.uk/pride/data/archive/2025/05/PXD054900/oecf1-221114-GC3196-q-nC18-SMA14-06.raw	v1.1.0	NT=ms-proteomics;VV=v1.1.0	NT=clinical-metadata;VV=v1.0.0	manual curation	muscle
oecf1-221222-GC3206-TMT7-SMA08-FTW	homo sapiens	muscle	not applicable	spinal muscular atrophy	adult	1	oecf1-221222-GC3206-TMT7-SMA08-FTW	proteomic profiling by mass spectrometry	NT=Data-dependent acquisition;AC=PRIDE:0000627	NT=isotope labeling;AC=PRIDE:0000310	NT=q exactive;AC=MS:1001911	NT=TMT6plex;AC=UNIMOD:737;TA=K;MT=Fixed	NT=Dimethyl;AC=UNIMOD:36;TA=K;MT=Variable	NT=Carbamidomethyl;AC=UNIMOD:4;TA=C;MT=Fixed	NT=Trypsin;AC=MS:1001251	not available	dithiothreitol (dtt)	1	1	oecf1-221222-GC3206-TMT7-SMA08-FTW.raw	ftp://ftp.pride.ebi.ac.uk/pride/data/archive/2025/05/PXD054900/oecf1-221222-GC3206-TMT7-SMA08-FTW.raw	v1.1.0	NT=ms-proteomics;VV=v1.1.0	NT=clinical-metadata;VV=v1.0.0	manual curation	muscle
oecf1-221203_GC3198-q-nC18-SMA20-04	homo sapiens	muscle	not applicable	spinal muscular atrophy	adult	4	oecf1-221203_GC3198-q-nC18-SMA20-04	proteomic profiling by mass spectrometry	NT=Data-dependent acquisition;AC=PRIDE:0000627	NT=isotope labeling;AC=PRIDE:0000310	NT=q exactive;AC=MS:1001911	NT=TMT6plex;AC=UNIMOD:737;TA=K;MT=Fixed	NT=Dimethyl;AC=UNIMOD:36;TA=K;MT=Variable	NT=Carbamidomethyl;AC=UNIMOD:4;TA=C;MT=Fixed	NT=Trypsin;AC=MS:1001251	not available	dithiothreitol (dtt)	1	1	oecf1-221203_GC3198-q-nC18-SMA20-04.raw	ftp://ftp.pride.ebi.ac.uk/pride/data/archive/2025/05/PXD054900/oecf1-221203_GC3198-q-nC18-SMA20-04.raw	v1.1.0	NT=ms-proteomics;VV=v1.1.0	NT=clinical-metadata;VV=v1.0.0	manual curation	muscle
oecf1-221025-GC3194-q-nC18-SMA19-06	homo sapiens	muscle	not applicable	spinal muscular atrophy	adult	6	oecf1-221025-GC3194-q-nC18-SMA19-06	proteomic profiling by mass spectrometry	NT=Data-dependent acquisition;AC=PRIDE:0000627	NT=isotope labeling;AC=PRIDE:0000310	NT=q exactive;AC=MS:1001911	NT=TMT6plex;AC=UNIMOD:737;TA=K;MT=Fixed	NT=Dimethyl;AC=UNIMOD:36;TA=K;MT=Variable	NT=Carbamidomethyl;AC=UNIMOD:4;TA=C;MT=Fixed	NT=Trypsin;AC=MS:1001251	not available	dithiothreitol (dtt)	1	1	oecf1-221025-GC3194-q-nC18-SMA19-06.raw	ftp://ftp.pride.ebi.ac.uk/pride/data/archive/2025/05/PXD054900/oecf1-221025-GC3194-q-nC18-SMA19-06.raw	v1.1.0	NT=ms-proteomics;VV=v1.1.0	NT=clinical-metadata;VV=v1.0.0	manual curation	muscle
oecf1-221206-GC3201-TMT7-SMA15-F2	homo sapiens	muscle	not applicable	spinal muscular atrophy	adult	1	oecf1-221206-GC3201-TMT7-SMA15-F2	proteomic profiling by mass spectrometry	NT=Data-dependent acquisition;AC=PRIDE:0000627	NT=isotope labeling;AC=PRIDE:0000310	NT=q exactive;AC=MS:1001911	NT=TMT6plex;AC=UNIMOD:737;TA=K;MT=Fixed	NT=Dimethyl;AC=UNIMOD:36;TA=K;MT=Variable	NT=Carbamidomethyl;AC=UNIMOD:4;TA=C;MT=Fixed	NT=Trypsin;AC=MS:1001251	not available	dithiothreitol (dtt)	2	1	oecf1-221206-GC3201-TMT7-SMA15-F2.raw	ftp://ftp.pride.ebi.ac.uk/pride/data/archive/2025/05/PXD054900/oecf1-221206-GC3201-TMT7-SMA15-F2.raw	v1.1.0	NT=ms-proteomics;VV=v1.1.0	NT=clinical-metadata;VV=v1.0.0	manual curation	muscle
oecf1-221206-GC3201-TMT7-SMA17-F4	homo sapiens	muscle	not applicable	spinal muscular atrophy	adult	1	oecf1-221206-GC3201-TMT7-SMA17-F4	proteomic profiling by mass spectrometry	NT=Data-dependent acquisition;AC=PRIDE:0000627	NT=isotope labeling;AC=PRIDE:0000310	NT=q exactive;AC=MS:1001911	NT=TMT6plex;AC=UNIMOD:737;TA=K;MT=Fixed	NT=Dimethyl;AC=UNIMOD:36;TA=K;MT=Variable	NT=Carbamidomethyl;AC=UNIMOD:4;TA=C;MT=Fixed	NT=Trypsin;AC=MS:1001251	not available	dithiothreitol (dtt)	4	1	oecf1-221206-GC3201-TMT7-SMA17-F4.raw	ftp://ftp.pride.ebi.ac.uk/pride/data/archive/2025/05/PXD054900/oecf1-221206-GC3201-TMT7-SMA17-F4.raw	v1.1.0	NT=ms-proteomics;VV=v1.1.0	NT=clinical-metadata;VV=v1.0.0	manual curation	muscle
oecf1-221204-GC3200-TMT7-SMA05-F1	homo sapiens	muscle	not applicable	spinal muscular atrophy	adult	1	oecf1-221204-GC3200-TMT7-SMA05-F1	proteomic profiling by mass spectrometry	NT=Data-dependent acquisition;AC=PRIDE:0000627	NT=isotope labeling;AC=PRIDE:0000310	NT=q exactive;AC=MS:1001911	NT=TMT6plex;AC=UNIMOD:737;TA=K;MT=Fixed	NT=Dimethyl;AC=UNIMOD:36;TA=K;MT=Variable	NT=Carbamidomethyl;AC=UNIMOD:4;TA=C;MT=Fixed	NT=Trypsin;AC=MS:1001251	not available	dithiothreitol (dtt)	1	1	oecf1-221204-GC3200-TMT7-SMA05-F1.raw	ftp://ftp.pride.ebi.ac.uk/pride/data/archive/2025/05/PXD054900/oecf1-221204-GC3200-TMT7-SMA05-F1.raw	v1.1.0	NT=ms-proteomics;VV=v1.1.0	NT=clinical-metadata;VV=v1.0.0	manual curation	muscle
oecf1-221210-GC3202-TMT7-SMA09-F7	homo sapiens	muscle	not applicable	spinal muscular atrophy	adult	1	oecf1-221210-GC3202-TMT7-SMA09-F7	proteomic profiling by mass spectrometry	NT=Data-dependent acquisition;AC=PRIDE:0000627	NT=isotope labeling;AC=PRIDE:0000310	NT=q exactive;AC=MS:1001911	NT=TMT6plex;AC=UNIMOD:737;TA=K;MT=Fixed	NT=Dimethyl;AC=UNIMOD:36;TA=K;MT=Variable	NT=Carbamidomethyl;AC=UNIMOD:4;TA=C;MT=Fixed	NT=Trypsin;AC=MS:1001251	not available	dithiothreitol (dtt)	7	1	oecf1-221210-GC3202-TMT7-SMA09-F7.raw	ftp://ftp.pride.ebi.ac.uk/pride/data/archive/2025/05/PXD054900/oecf1-221210-GC3202-TMT7-SMA09-F7.raw	v1.1.0	NT=ms-proteomics;VV=v1.1.0	NT=clinical-metadata;VV=v1.0.0	manual curation	muscle
oecf1-221222-GC3206-TMT7-SMA03-F6	homo sapiens	muscle	not applicable	spinal muscular atrophy	adult	1	oecf1-221222-GC3206-TMT7-SMA03-F6	proteomic profiling by mass spectrometry	NT=Data-dependent acquisition;AC=PRIDE:0000627	NT=isotope labeling;AC=PRIDE:0000310	NT=q exactive;AC=MS:1001911	NT=TMT6plex;AC=UNIMOD:737;TA=K;MT=Fixed	NT=Dimethyl;AC=UNIMOD:36;TA=K;MT=Variable	NT=Carbamidomethyl;AC=UNIMOD:4;TA=C;MT=Fixed	NT=Trypsin;AC=MS:1001251	not available	dithiothreitol (dtt)	6	1	oecf1-221222-GC3206-TMT7-SMA03-F6.raw	ftp://ftp.pride.ebi.ac.uk/pride/data/archive/2025/05/PXD054900/oecf1-221222-GC3206-TMT7-SMA03-F6.raw	v1.1.0	NT=ms-proteomics;VV=v1.1.0	NT=clinical-metadata;VV=v1.0.0	manual curation	muscle
oecf1-221206-GC3201-TMT7-SMA17-F7	homo sapiens	muscle	not applicable	spinal muscular atrophy	adult	1	oecf1-221206-GC3201-TMT7-SMA17-F7	proteomic profiling by mass spectrometry	NT=Data-dependent acquisition;AC=PRIDE:0000627	NT=isotope labeling;AC=PRIDE:0000310	NT=q exactive;AC=MS:1001911	NT=TMT6plex;AC=UNIMOD:737;TA=K;MT=Fixed	NT=Dimethyl;AC=UNIMOD:36;TA=K;MT=Variable	NT=Carbamidomethyl;AC=UNIMOD:4;TA=C;MT=Fixed	NT=Trypsin;AC=MS:1001251	not available	dithiothreitol (dtt)	7	1	oecf1-221206-GC3201-TMT7-SMA17-F7.raw	ftp://ftp.pride.ebi.ac.uk/pride/data/archive/2025/05/PXD054900/oecf1-221206-GC3201-TMT7-SMA17-F7.raw	v1.1.0	NT=ms-proteomics;VV=v1.1.0	NT=clinical-metadata;VV=v1.0.0	manual curation	muscle
oecf1-221222-GC3206-TMT7-SMA07-F6	homo sapiens	muscle	not applicable	spinal muscular atrophy	adult	1	oecf1-221222-GC3206-TMT7-SMA07-F6	proteomic profiling by mass spectrometry	NT=Data-dependent acquisition;AC=PRIDE:0000627	NT=isotope labeling;AC=PRIDE:0000310	NT=q exactive;AC=MS:1001911	NT=TMT6plex;AC=UNIMOD:737;TA=K;MT=Fixed	NT=Dimethyl;AC=UNIMOD:36;TA=K;MT=Variable	NT=Carbamidomethyl;AC=UNIMOD:4;TA=C;MT=Fixed	NT=Trypsin;AC=MS:1001251	not available	dithiothreitol (dtt)	6	1	oecf1-221222-GC3206-TMT7-SMA07-F6.raw	ftp://ftp.pride.ebi.ac.uk/pride/data/archive/2025/05/PXD054900/oecf1-221222-GC3206-TMT7-SMA07-F6.raw	v1.1.0	NT=ms-proteomics;VV=v1.1.0	NT=clinical-metadata;VV=v1.0.0	manual curation	muscle
oecf1-221222-GC3206-TMT7-SMA06-F6	homo sapiens	muscle	not applicable	spinal muscular atrophy	adult	1	oecf1-221222-GC3206-TMT7-SMA06-F6	proteomic profiling by mass spectrometry	NT=Data-dependent acquisition;AC=PRIDE:0000627	NT=isotope labeling;AC=PRIDE:0000310	NT=q exactive;AC=MS:1001911	NT=TMT6plex;AC=UNIMOD:737;TA=K;MT=Fixed	NT=Dimethyl;AC=UNIMOD:36;TA=K;MT=Variable	NT=Carbamidomethyl;AC=UNIMOD:4;TA=C;MT=Fixed	NT=Trypsin;AC=MS:1001251	not available	dithiothreitol (dtt)	6	1	oecf1-221222-GC3206-TMT7-SMA06-F6.raw	ftp://ftp.pride.ebi.ac.uk/pride/data/archive/2025/05/PXD054900/oecf1-221222-GC3206-TMT7-SMA06-F6.raw	v1.1.0	NT=ms-proteomics;VV=v1.1.0	NT=clinical-metadata;VV=v1.0.0	manual curation	muscle
oecf1-221228-GC3207-TMT7-SMA21-F4	homo sapiens	muscle	not applicable	spinal muscular atrophy	adult	1	oecf1-221228-GC3207-TMT7-SMA21-F4	proteomic profiling by mass spectrometry	NT=Data-dependent acquisition;AC=PRIDE:0000627	NT=isotope labeling;AC=PRIDE:0000310	NT=q exactive;AC=MS:1001911	NT=TMT6plex;AC=UNIMOD:737;TA=K;MT=Fixed	NT=Dimethyl;AC=UNIMOD:36;TA=K;MT=Variable	NT=Carbamidomethyl;AC=UNIMOD:4;TA=C;MT=Fixed	NT=Trypsin;AC=MS:1001251	not available	dithiothreitol (dtt)	4	1	oecf1-221228-GC3207-TMT7-SMA21-F4.raw	ftp://ftp.pride.ebi.ac.uk/pride/data/archive/2025/05/PXD054900/oecf1-221228-GC3207-TMT7-SMA21-F4.raw	v1.1.0	NT=ms-proteomics;VV=v1.1.0	NT=clinical-metadata;VV=v1.0.0	manual curation	muscle
oecf1-221228-GC3207-TMT7-SMA18-F6	homo sapiens	muscle	not applicable	spinal muscular atrophy	adult	1	oecf1-221228-GC3207-TMT7-SMA18-F6	proteomic profiling by mass spectrometry	NT=Data-dependent acquisition;AC=PRIDE:0000627	NT=isotope labeling;AC=PRIDE:0000310	NT=q exactive;AC=MS:1001911	NT=TMT6plex;AC=UNIMOD:737;TA=K;MT=Fixed	NT=Dimethyl;AC=UNIMOD:36;TA=K;MT=Variable	NT=Carbamidomethyl;AC=UNIMOD:4;TA=C;MT=Fixed	NT=Trypsin;AC=MS:1001251	not available	dithiothreitol (dtt)	6	1	oecf1-221228-GC3207-TMT7-SMA18-F6.raw	ftp://ftp.pride.ebi.ac.uk/pride/data/archive/2025/05/PXD054900/oecf1-221228-GC3207-TMT7-SMA18-F6.raw	v1.1.0	NT=ms-proteomics;VV=v1.1.0	NT=clinical-metadata;VV=v1.0.0	manual curation	muscle
oecf1-221114-GC3196-q-nC18-SMA09-06	homo sapiens	muscle	not applicable	spinal muscular atrophy	adult	6	oecf1-221114-GC3196-q-nC18-SMA09-06	proteomic profiling by mass spectrometry	NT=Data-dependent acquisition;AC=PRIDE:0000627	NT=isotope labeling;AC=PRIDE:0000310	NT=q exactive;AC=MS:1001911	NT=TMT6plex;AC=UNIMOD:737;TA=K;MT=Fixed	NT=Dimethyl;AC=UNIMOD:36;TA=K;MT=Variable	NT=Carbamidomethyl;AC=UNIMOD:4;TA=C;MT=Fixed	NT=Trypsin;AC=MS:1001251	not available	dithiothreitol (dtt)	1	1	oecf1-221114-GC3196-q-nC18-SMA09-06.raw	ftp://ftp.pride.ebi.ac.uk/pride/data/archive/2025/05/PXD054900/oecf1-221114-GC3196-q-nC18-SMA09-06.raw	v1.1.0	NT=ms-proteomics;VV=v1.1.0	NT=clinical-metadata;VV=v1.0.0	manual curation	muscle
oecf1-221222-GC3206-TMT7-SMA10-FTW	homo sapiens	muscle	not applicable	spinal muscular atrophy	adult	1	oecf1-221222-GC3206-TMT7-SMA10-FTW	proteomic profiling by mass spectrometry	NT=Data-dependent acquisition;AC=PRIDE:0000627	NT=isotope labeling;AC=PRIDE:0000310	NT=q exactive;AC=MS:1001911	NT=TMT6plex;AC=UNIMOD:737;TA=K;MT=Fixed	NT=Dimethyl;AC=UNIMOD:36;TA=K;MT=Variable	NT=Carbamidomethyl;AC=UNIMOD:4;TA=C;MT=Fixed	NT=Trypsin;AC=MS:1001251	not available	dithiothreitol (dtt)	1	1	oecf1-221222-GC3206-TMT7-SMA10-FTW.raw	ftp://ftp.pride.ebi.ac.uk/pride/data/archive/2025/05/PXD054900/oecf1-221222-GC3206-TMT7-SMA10-FTW.raw	v1.1.0	NT=ms-proteomics;VV=v1.1.0	NT=clinical-metadata;VV=v1.0.0	manual curation	muscle
oecf1-221222-GC3206-TMT7-SMA10-F2	homo sapiens	muscle	not applicable	spinal muscular atrophy	adult	1	oecf1-221222-GC3206-TMT7-SMA10-F2	proteomic profiling by mass spectrometry	NT=Data-dependent acquisition;AC=PRIDE:0000627	NT=isotope labeling;AC=PRIDE:0000310	NT=q exactive;AC=MS:1001911	NT=TMT6plex;AC=UNIMOD:737;TA=K;MT=Fixed	NT=Dimethyl;AC=UNIMOD:36;TA=K;MT=Variable	NT=Carbamidomethyl;AC=UNIMOD:4;TA=C;MT=Fixed	NT=Trypsin;AC=MS:1001251	not available	dithiothreitol (dtt)	2	1	oecf1-221222-GC3206-TMT7-SMA10-F2.raw	ftp://ftp.pride.ebi.ac.uk/pride/data/archive/2025/05/PXD054900/oecf1-221222-GC3206-TMT7-SMA10-F2.raw	v1.1.0	NT=ms-proteomics;VV=v1.1.0	NT=clinical-metadata;VV=v1.0.0	manual curation	muscle
oecf1-221228-GC3207-TMT7-SMA24-F1	homo sapiens	muscle	not applicable	spinal muscular atrophy	adult	1	oecf1-221228-GC3207-TMT7-SMA24-F1	proteomic profiling by mass spectrometry	NT=Data-dependent acquisition;AC=PRIDE:0000627	NT=isotope labeling;AC=PRIDE:0000310	NT=q exactive;AC=MS:1001911	NT=TMT6plex;AC=UNIMOD:737;TA=K;MT=Fixed	NT=Dimethyl;AC=UNIMOD:36;TA=K;MT=Variable	NT=Carbamidomethyl;AC=UNIMOD:4;TA=C;MT=Fixed	NT=Trypsin;AC=MS:1001251	not available	dithiothreitol (dtt)	1	1	oecf1-221228-GC3207-TMT7-SMA24-F1.raw	ftp://ftp.pride.ebi.ac.uk/pride/data/archive/2025/05/PXD054900/oecf1-221228-GC3207-TMT7-SMA24-F1.raw	v1.1.0	NT=ms-proteomics;VV=v1.1.0	NT=clinical-metadata;VV=v1.0.0	manual curation	muscle
oecf1-221025-GC3194-q-nC18-SMA01-10	homo sapiens	muscle	not applicable	spinal muscular atrophy	adult	10	oecf1-221025-GC3194-q-nC18-SMA01-10	proteomic profiling by mass spectrometry	NT=Data-dependent acquisition;AC=PRIDE:0000627	NT=isotope labeling;AC=PRIDE:0000310	NT=q exactive;AC=MS:1001911	NT=TMT6plex;AC=UNIMOD:737;TA=K;MT=Fixed	NT=Dimethyl;AC=UNIMOD:36;TA=K;MT=Variable	NT=Carbamidomethyl;AC=UNIMOD:4;TA=C;MT=Fixed	NT=Trypsin;AC=MS:1001251	not available	dithiothreitol (dtt)	1	1	oecf1-221025-GC3194-q-nC18-SMA01-10.raw	ftp://ftp.pride.ebi.ac.uk/pride/data/archive/2025/05/PXD054900/oecf1-221025-GC3194-q-nC18-SMA01-10.raw	v1.1.0	NT=ms-proteomics;VV=v1.1.0	NT=clinical-metadata;VV=v1.0.0	manual curation	muscle
oecf1-221115-GC3197-q-nC18-SMA04-08	homo sapiens	muscle	not applicable	spinal muscular atrophy	adult	8	oecf1-221115-GC3197-q-nC18-SMA04-08	proteomic profiling by mass spectrometry	NT=Data-dependent acquisition;AC=PRIDE:0000627	NT=isotope labeling;AC=PRIDE:0000310	NT=q exactive;AC=MS:1001911	NT=TMT6plex;AC=UNIMOD:737;TA=K;MT=Fixed	NT=Dimethyl;AC=UNIMOD:36;TA=K;MT=Variable	NT=Carbamidomethyl;AC=UNIMOD:4;TA=C;MT=Fixed	NT=Trypsin;AC=MS:1001251	not available	dithiothreitol (dtt)	1	1	oecf1-221115-GC3197-q-nC18-SMA04-08.raw	ftp://ftp.pride.ebi.ac.uk/pride/data/archive/2025/05/PXD054900/oecf1-221115-GC3197-q-nC18-SMA04-08.raw	v1.1.0	NT=ms-proteomics;VV=v1.1.0	NT=clinical-metadata;VV=v1.0.0	manual curation	muscle
oecf1-221228-GC3207-TMT7-SMA22-F4	homo sapiens	muscle	not applicable	spinal muscular atrophy	adult	1	oecf1-221228-GC3207-TMT7-SMA22-F4	proteomic profiling by mass spectrometry	NT=Data-dependent acquisition;AC=PRIDE:0000627	NT=isotope labeling;AC=PRIDE:0000310	NT=q exactive;AC=MS:1001911	NT=TMT6plex;AC=UNIMOD:737;TA=K;MT=Fixed	NT=Dimethyl;AC=UNIMOD:36;TA=K;MT=Variable	NT=Carbamidomethyl;AC=UNIMOD:4;TA=C;MT=Fixed	NT=Trypsin;AC=MS:1001251	not available	dithiothreitol (dtt)	4	1	oecf1-221228-GC3207-TMT7-SMA22-F4.raw	ftp://ftp.pride.ebi.ac.uk/pride/data/archive/2025/05/PXD054900/oecf1-221228-GC3207-TMT7-SMA22-F4.raw	v1.1.0	NT=ms-proteomics;VV=v1.1.0	NT=clinical-metadata;VV=v1.0.0	manual curation	muscle
oecf1-221024-GC3193-q-nC18-SMA08-08	homo sapiens	muscle	not applicable	spinal muscular atrophy	adult	8	oecf1-221024-GC3193-q-nC18-SMA08-08	proteomic profiling by mass spectrometry	NT=Data-dependent acquisition;AC=PRIDE:0000627	NT=isotope labeling;AC=PRIDE:0000310	NT=q exactive;AC=MS:1001911	NT=TMT6plex;AC=UNIMOD:737;TA=K;MT=Fixed	NT=Dimethyl;AC=UNIMOD:36;TA=K;MT=Variable	NT=Carbamidomethyl;AC=UNIMOD:4;TA=C;MT=Fixed	NT=Trypsin;AC=MS:1001251	not available	dithiothreitol (dtt)	1	1	oecf1-221024-GC3193-q-nC18-SMA08-08.raw	ftp://ftp.pride.ebi.ac.uk/pride/data/archive/2025/05/PXD054900/oecf1-221024-GC3193-q-nC18-SMA08-08.raw	v1.1.0	NT=ms-proteomics;VV=v1.1.0	NT=clinical-metadata;VV=v1.0.0	manual curation	muscle
oecf1-221228-GC3207-TMT7-SMA21-F6	homo sapiens	muscle	not applicable	spinal muscular atrophy	adult	1	oecf1-221228-GC3207-TMT7-SMA21-F6	proteomic profiling by mass spectrometry	NT=Data-dependent acquisition;AC=PRIDE:0000627	NT=isotope labeling;AC=PRIDE:0000310	NT=q exactive;AC=MS:1001911	NT=TMT6plex;AC=UNIMOD:737;TA=K;MT=Fixed	NT=Dimethyl;AC=UNIMOD:36;TA=K;MT=Variable	NT=Carbamidomethyl;AC=UNIMOD:4;TA=C;MT=Fixed	NT=Trypsin;AC=MS:1001251	not available	dithiothreitol (dtt)	6	1	oecf1-221228-GC3207-TMT7-SMA21-F6.raw	ftp://ftp.pride.ebi.ac.uk/pride/data/archive/2025/05/PXD054900/oecf1-221228-GC3207-TMT7-SMA21-F6.raw	v1.1.0	NT=ms-proteomics;VV=v1.1.0	NT=clinical-metadata;VV=v1.0.0	manual curation	muscle
oecf1-221210-GC3202-TMT7-SMA11-F2	homo sapiens	muscle	not applicable	spinal muscular atrophy	adult	1	oecf1-221210-GC3202-TMT7-SMA11-F2	proteomic profiling by mass spectrometry	NT=Data-dependent acquisition;AC=PRIDE:0000627	NT=isotope labeling;AC=PRIDE:0000310	NT=q exactive;AC=MS:1001911	NT=TMT6plex;AC=UNIMOD:737;TA=K;MT=Fixed	NT=Dimethyl;AC=UNIMOD:36;TA=K;MT=Variable	NT=Carbamidomethyl;AC=UNIMOD:4;TA=C;MT=Fixed	NT=Trypsin;AC=MS:1001251	not available	dithiothreitol (dtt)	2	1	oecf1-221210-GC3202-TMT7-SMA11-F2.raw	ftp://ftp.pride.ebi.ac.uk/pride/data/archive/2025/05/PXD054900/oecf1-221210-GC3202-TMT7-SMA11-F2.raw	v1.1.0	NT=ms-proteomics;VV=v1.1.0	NT=clinical-metadata;VV=v1.0.0	manual curation	muscle
oecf1-221204-GC3200-TMT7-SMA01-F7	homo sapiens	muscle	not applicable	spinal muscular atrophy	adult	1	oecf1-221204-GC3200-TMT7-SMA01-F7	proteomic profiling by mass spectrometry	NT=Data-dependent acquisition;AC=PRIDE:0000627	NT=isotope labeling;AC=PRIDE:0000310	NT=q exactive;AC=MS:1001911	NT=TMT6plex;AC=UNIMOD:737;TA=K;MT=Fixed	NT=Dimethyl;AC=UNIMOD:36;TA=K;MT=Variable	NT=Carbamidomethyl;AC=UNIMOD:4;TA=C;MT=Fixed	NT=Trypsin;AC=MS:1001251	not available	dithiothreitol (dtt)	7	1	oecf1-221204-GC3200-TMT7-SMA01-F7.raw	ftp://ftp.pride.ebi.ac.uk/pride/data/archive/2025/05/PXD054900/oecf1-221204-GC3200-TMT7-SMA01-F7.raw	v1.1.0	NT=ms-proteomics;VV=v1.1.0	NT=clinical-metadata;VV=v1.0.0	manual curation	muscle
oecf1-221222-GC3206-TMT7-SMA03-F2	homo sapiens	muscle	not applicable	spinal muscular atrophy	adult	1	oecf1-221222-GC3206-TMT7-SMA03-F2	proteomic profiling by mass spectrometry	NT=Data-dependent acquisition;AC=PRIDE:0000627	NT=isotope labeling;AC=PRIDE:0000310	NT=q exactive;AC=MS:1001911	NT=TMT6plex;AC=UNIMOD:737;TA=K;MT=Fixed	NT=Dimethyl;AC=UNIMOD:36;TA=K;MT=Variable	NT=Carbamidomethyl;AC=UNIMOD:4;TA=C;MT=Fixed	NT=Trypsin;AC=MS:1001251	not available	dithiothreitol (dtt)	2	1	oecf1-221222-GC3206-TMT7-SMA03-F2.raw	ftp://ftp.pride.ebi.ac.uk/pride/data/archive/2025/05/PXD054900/oecf1-221222-GC3206-TMT7-SMA03-F2.raw	v1.1.0	NT=ms-proteomics;VV=v1.1.0	NT=clinical-metadata;VV=v1.0.0	manual curation	muscle
oecf1-221114-GC3196-q-nC18-SMA09-08	homo sapiens	muscle	not applicable	spinal muscular atrophy	adult	8	oecf1-221114-GC3196-q-nC18-SMA09-08	proteomic profiling by mass spectrometry	NT=Data-dependent acquisition;AC=PRIDE:0000627	NT=isotope labeling;AC=PRIDE:0000310	NT=q exactive;AC=MS:1001911	NT=TMT6plex;AC=UNIMOD:737;TA=K;MT=Fixed	NT=Dimethyl;AC=UNIMOD:36;TA=K;MT=Variable	NT=Carbamidomethyl;AC=UNIMOD:4;TA=C;MT=Fixed	NT=Trypsin;AC=MS:1001251	not available	dithiothreitol (dtt)	1	1	oecf1-221114-GC3196-q-nC18-SMA09-08.raw	ftp://ftp.pride.ebi.ac.uk/pride/data/archive/2025/05/PXD054900/oecf1-221114-GC3196-q-nC18-SMA09-08.raw	v1.1.0	NT=ms-proteomics;VV=v1.1.0	NT=clinical-metadata;VV=v1.0.0	manual curation	muscle
oecf1-221228-GC3207-TMT7-SMA24-F6	homo sapiens	muscle	not applicable	spinal muscular atrophy	adult	1	oecf1-221228-GC3207-TMT7-SMA24-F6	proteomic profiling by mass spectrometry	NT=Data-dependent acquisition;AC=PRIDE:0000627	NT=isotope labeling;AC=PRIDE:0000310	NT=q exactive;AC=MS:1001911	NT=TMT6plex;AC=UNIMOD:737;TA=K;MT=Fixed	NT=Dimethyl;AC=UNIMOD:36;TA=K;MT=Variable	NT=Carbamidomethyl;AC=UNIMOD:4;TA=C;MT=Fixed	NT=Trypsin;AC=MS:1001251	not available	dithiothreitol (dtt)	6	1	oecf1-221228-GC3207-TMT7-SMA24-F6.raw	ftp://ftp.pride.ebi.ac.uk/pride/data/archive/2025/05/PXD054900/oecf1-221228-GC3207-TMT7-SMA24-F6.raw	v1.1.0	NT=ms-proteomics;VV=v1.1.0	NT=clinical-metadata;VV=v1.0.0	manual curation	muscle
