source name	characteristics[organism]	characteristics[organism part]	characteristics[cell type]	characteristics[disease]	characteristics[biological replicate]	assay name	technology type	comment[proteomics data acquisition method]	comment[label]	comment[instrument]	comment[modification parameters]	comment[cleavage agent details]	comment[dissociation method]	comment[collision energy]	comment[fraction identifier]	comment[technical replicate]	comment[data file]	comment[file uri]	comment[sdrf version]	comment[sdrf template]	comment[sdrf template]	comment[sdrf template]	comment[sdrf annotation tool]	factor value[organism part]
230210_S001_OE480_DIA_25cm_1h_350ng_CoE_H1002_0007_NP4	homo sapiens	blood	not applicable	mild cognitive impairment	1	230210_S001_OE480_DIA_25cm_1h_350ng_CoE_H1002_0007_NP4	proteomic profiling by mass spectrometry	Data-independent acquisition	NT=isotope labeling;AC=PRIDE:0000310	NT=orbitrap exploris 480;AC=MS:1003028	NT=TMT6plex;AC=UNIMOD:737;TA=K;MT=Fixed	NT=Trypsin;AC=MS:1001251	NT=collision-induced dissociation;AC=MS:1000133	28% NCE	1	1	230210_S001_OE480_DIA_25cm_1h_350ng_CoE_H1002_0007_NP4.raw	ftp://ftp.pride.ebi.ac.uk/pride/data/archive/2026/09/PXD067951/230210_S001_OE480_DIA_25cm_1h_350ng_CoE_H1002_0007_NP4.raw	v1.1.0	NT=ms-proteomics;VV=v1.1.0	NT=clinical-metadata;VV=v1.0.0	NT=dia-acquisition;VV=v1.1.0	manual curation	blood
230405_S001_OE480_DIA_25cm_1h_1ug_CoE_H1002_0030_NP5	homo sapiens	blood	not applicable	mild cognitive impairment	1	230405_S001_OE480_DIA_25cm_1h_1ug_CoE_H1002_0030_NP5	proteomic profiling by mass spectrometry	Data-independent acquisition	NT=isotope labeling;AC=PRIDE:0000310	NT=orbitrap exploris 480;AC=MS:1003028	NT=TMT6plex;AC=UNIMOD:737;TA=K;MT=Fixed	NT=Trypsin;AC=MS:1001251	NT=collision-induced dissociation;AC=MS:1000133	28% NCE	1	1	230405_S001_OE480_DIA_25cm_1h_1ug_CoE_H1002_0030_NP5.raw	ftp://ftp.pride.ebi.ac.uk/pride/data/archive/2026/09/PXD067951/230405_S001_OE480_DIA_25cm_1h_1ug_CoE_H1002_0030_NP5.raw	v1.1.0	NT=ms-proteomics;VV=v1.1.0	NT=clinical-metadata;VV=v1.0.0	NT=dia-acquisition;VV=v1.1.0	manual curation	blood
230405_S001_OE480_DIA_25cm_1h_1ug_CoE_H1002_0006_NP5	homo sapiens	blood	not applicable	mild cognitive impairment	1	230405_S001_OE480_DIA_25cm_1h_1ug_CoE_H1002_0006_NP5	proteomic profiling by mass spectrometry	Data-independent acquisition	NT=isotope labeling;AC=PRIDE:0000310	NT=orbitrap exploris 480;AC=MS:1003028	NT=TMT6plex;AC=UNIMOD:737;TA=K;MT=Fixed	NT=Trypsin;AC=MS:1001251	NT=collision-induced dissociation;AC=MS:1000133	28% NCE	1	1	230405_S001_OE480_DIA_25cm_1h_1ug_CoE_H1002_0006_NP5.raw	ftp://ftp.pride.ebi.ac.uk/pride/data/archive/2026/09/PXD067951/230405_S001_OE480_DIA_25cm_1h_1ug_CoE_H1002_0006_NP5.raw	v1.1.0	NT=ms-proteomics;VV=v1.1.0	NT=clinical-metadata;VV=v1.0.0	NT=dia-acquisition;VV=v1.1.0	manual curation	blood
230210_S001_OE480_DIA_25cm_1h_350ng_CoE_H1002_0026_NP4	homo sapiens	blood	not applicable	mild cognitive impairment	1	230210_S001_OE480_DIA_25cm_1h_350ng_CoE_H1002_0026_NP4	proteomic profiling by mass spectrometry	Data-independent acquisition	NT=isotope labeling;AC=PRIDE:0000310	NT=orbitrap exploris 480;AC=MS:1003028	NT=TMT6plex;AC=UNIMOD:737;TA=K;MT=Fixed	NT=Trypsin;AC=MS:1001251	NT=collision-induced dissociation;AC=MS:1000133	28% NCE	1	1	230210_S001_OE480_DIA_25cm_1h_350ng_CoE_H1002_0026_NP4.raw	ftp://ftp.pride.ebi.ac.uk/pride/data/archive/2026/09/PXD067951/230210_S001_OE480_DIA_25cm_1h_350ng_CoE_H1002_0026_NP4.raw	v1.1.0	NT=ms-proteomics;VV=v1.1.0	NT=clinical-metadata;VV=v1.0.0	NT=dia-acquisition;VV=v1.1.0	manual curation	blood
230405_S001_OE480_DIA_25cm_1h_1ug_CoE_H1002_0004_NP2	homo sapiens	blood	not applicable	mild cognitive impairment	1	230405_S001_OE480_DIA_25cm_1h_1ug_CoE_H1002_0004_NP2	proteomic profiling by mass spectrometry	Data-independent acquisition	NT=isotope labeling;AC=PRIDE:0000310	NT=orbitrap exploris 480;AC=MS:1003028	NT=TMT6plex;AC=UNIMOD:737;TA=K;MT=Fixed	NT=Trypsin;AC=MS:1001251	NT=collision-induced dissociation;AC=MS:1000133	28% NCE	1	1	230405_S001_OE480_DIA_25cm_1h_1ug_CoE_H1002_0004_NP2.raw	ftp://ftp.pride.ebi.ac.uk/pride/data/archive/2026/09/PXD067951/230405_S001_OE480_DIA_25cm_1h_1ug_CoE_H1002_0004_NP2.raw	v1.1.0	NT=ms-proteomics;VV=v1.1.0	NT=clinical-metadata;VV=v1.0.0	NT=dia-acquisition;VV=v1.1.0	manual curation	blood
230405_S001_OE480_DIA_25cm_1h_1ug_CoE_H1002_0018_NP5	homo sapiens	blood	not applicable	mild cognitive impairment	1	230405_S001_OE480_DIA_25cm_1h_1ug_CoE_H1002_0018_NP5	proteomic profiling by mass spectrometry	Data-independent acquisition	NT=isotope labeling;AC=PRIDE:0000310	NT=orbitrap exploris 480;AC=MS:1003028	NT=TMT6plex;AC=UNIMOD:737;TA=K;MT=Fixed	NT=Trypsin;AC=MS:1001251	NT=collision-induced dissociation;AC=MS:1000133	28% NCE	1	1	230405_S001_OE480_DIA_25cm_1h_1ug_CoE_H1002_0018_NP5.raw	ftp://ftp.pride.ebi.ac.uk/pride/data/archive/2026/09/PXD067951/230405_S001_OE480_DIA_25cm_1h_1ug_CoE_H1002_0018_NP5.raw	v1.1.0	NT=ms-proteomics;VV=v1.1.0	NT=clinical-metadata;VV=v1.0.0	NT=dia-acquisition;VV=v1.1.0	manual curation	blood
230405_S001_OE480_DIA_25cm_1h_1ug_CoE_H1002_0031_NP2	homo sapiens	blood	not applicable	mild cognitive impairment	1	230405_S001_OE480_DIA_25cm_1h_1ug_CoE_H1002_0031_NP2	proteomic profiling by mass spectrometry	Data-independent acquisition	NT=isotope labeling;AC=PRIDE:0000310	NT=orbitrap exploris 480;AC=MS:1003028	NT=TMT6plex;AC=UNIMOD:737;TA=K;MT=Fixed	NT=Trypsin;AC=MS:1001251	NT=collision-induced dissociation;AC=MS:1000133	28% NCE	1	1	230405_S001_OE480_DIA_25cm_1h_1ug_CoE_H1002_0031_NP2.raw	ftp://ftp.pride.ebi.ac.uk/pride/data/archive/2026/09/PXD067951/230405_S001_OE480_DIA_25cm_1h_1ug_CoE_H1002_0031_NP2.raw	v1.1.0	NT=ms-proteomics;VV=v1.1.0	NT=clinical-metadata;VV=v1.0.0	NT=dia-acquisition;VV=v1.1.0	manual curation	blood
230210_S001_OE480_DIA_25cm_1h_350ng_CoE_H1002_0048_NP4	homo sapiens	blood	not applicable	mild cognitive impairment	1	230210_S001_OE480_DIA_25cm_1h_350ng_CoE_H1002_0048_NP4	proteomic profiling by mass spectrometry	Data-independent acquisition	NT=isotope labeling;AC=PRIDE:0000310	NT=orbitrap exploris 480;AC=MS:1003028	NT=TMT6plex;AC=UNIMOD:737;TA=K;MT=Fixed	NT=Trypsin;AC=MS:1001251	NT=collision-induced dissociation;AC=MS:1000133	28% NCE	1	1	230210_S001_OE480_DIA_25cm_1h_350ng_CoE_H1002_0048_NP4.raw	ftp://ftp.pride.ebi.ac.uk/pride/data/archive/2026/09/PXD067951/230210_S001_OE480_DIA_25cm_1h_350ng_CoE_H1002_0048_NP4.raw	v1.1.0	NT=ms-proteomics;VV=v1.1.0	NT=clinical-metadata;VV=v1.0.0	NT=dia-acquisition;VV=v1.1.0	manual curation	blood
230405_S001_OE480_DIA_25cm_1h_1ug_CoE_H1002_0037_NP3	homo sapiens	blood	not applicable	mild cognitive impairment	1	230405_S001_OE480_DIA_25cm_1h_1ug_CoE_H1002_0037_NP3	proteomic profiling by mass spectrometry	Data-independent acquisition	NT=isotope labeling;AC=PRIDE:0000310	NT=orbitrap exploris 480;AC=MS:1003028	NT=TMT6plex;AC=UNIMOD:737;TA=K;MT=Fixed	NT=Trypsin;AC=MS:1001251	NT=collision-induced dissociation;AC=MS:1000133	28% NCE	1	1	230405_S001_OE480_DIA_25cm_1h_1ug_CoE_H1002_0037_NP3.raw	ftp://ftp.pride.ebi.ac.uk/pride/data/archive/2026/09/PXD067951/230405_S001_OE480_DIA_25cm_1h_1ug_CoE_H1002_0037_NP3.raw	v1.1.0	NT=ms-proteomics;VV=v1.1.0	NT=clinical-metadata;VV=v1.0.0	NT=dia-acquisition;VV=v1.1.0	manual curation	blood
230405_S001_OE480_DIA_25cm_1h_1ug_CoE_H1002_0010_NP1	homo sapiens	blood	not applicable	mild cognitive impairment	1	230405_S001_OE480_DIA_25cm_1h_1ug_CoE_H1002_0010_NP1	proteomic profiling by mass spectrometry	Data-independent acquisition	NT=isotope labeling;AC=PRIDE:0000310	NT=orbitrap exploris 480;AC=MS:1003028	NT=TMT6plex;AC=UNIMOD:737;TA=K;MT=Fixed	NT=Trypsin;AC=MS:1001251	NT=collision-induced dissociation;AC=MS:1000133	28% NCE	1	1	230405_S001_OE480_DIA_25cm_1h_1ug_CoE_H1002_0010_NP1.raw	ftp://ftp.pride.ebi.ac.uk/pride/data/archive/2026/09/PXD067951/230405_S001_OE480_DIA_25cm_1h_1ug_CoE_H1002_0010_NP1.raw	v1.1.0	NT=ms-proteomics;VV=v1.1.0	NT=clinical-metadata;VV=v1.0.0	NT=dia-acquisition;VV=v1.1.0	manual curation	blood
230405_S001_OE480_DIA_25cm_1h_1ug_CoE_H1002_0019_NP1	homo sapiens	blood	not applicable	mild cognitive impairment	1	230405_S001_OE480_DIA_25cm_1h_1ug_CoE_H1002_0019_NP1	proteomic profiling by mass spectrometry	Data-independent acquisition	NT=isotope labeling;AC=PRIDE:0000310	NT=orbitrap exploris 480;AC=MS:1003028	NT=TMT6plex;AC=UNIMOD:737;TA=K;MT=Fixed	NT=Trypsin;AC=MS:1001251	NT=collision-induced dissociation;AC=MS:1000133	28% NCE	1	1	230405_S001_OE480_DIA_25cm_1h_1ug_CoE_H1002_0019_NP1.raw	ftp://ftp.pride.ebi.ac.uk/pride/data/archive/2026/09/PXD067951/230405_S001_OE480_DIA_25cm_1h_1ug_CoE_H1002_0019_NP1.raw	v1.1.0	NT=ms-proteomics;VV=v1.1.0	NT=clinical-metadata;VV=v1.0.0	NT=dia-acquisition;VV=v1.1.0	manual curation	blood
230405_S001_OE480_DIA_25cm_1h_1ug_CoE_H1002_0021_NP1	homo sapiens	blood	not applicable	mild cognitive impairment	1	230405_S001_OE480_DIA_25cm_1h_1ug_CoE_H1002_0021_NP1	proteomic profiling by mass spectrometry	Data-independent acquisition	NT=isotope labeling;AC=PRIDE:0000310	NT=orbitrap exploris 480;AC=MS:1003028	NT=TMT6plex;AC=UNIMOD:737;TA=K;MT=Fixed	NT=Trypsin;AC=MS:1001251	NT=collision-induced dissociation;AC=MS:1000133	28% NCE	1	1	230405_S001_OE480_DIA_25cm_1h_1ug_CoE_H1002_0021_NP1.raw	ftp://ftp.pride.ebi.ac.uk/pride/data/archive/2026/09/PXD067951/230405_S001_OE480_DIA_25cm_1h_1ug_CoE_H1002_0021_NP1.raw	v1.1.0	NT=ms-proteomics;VV=v1.1.0	NT=clinical-metadata;VV=v1.0.0	NT=dia-acquisition;VV=v1.1.0	manual curation	blood
230405_S001_OE480_DIA_25cm_1h_1ug_CoE_H1002_0005_NP3	homo sapiens	blood	not applicable	mild cognitive impairment	1	230405_S001_OE480_DIA_25cm_1h_1ug_CoE_H1002_0005_NP3	proteomic profiling by mass spectrometry	Data-independent acquisition	NT=isotope labeling;AC=PRIDE:0000310	NT=orbitrap exploris 480;AC=MS:1003028	NT=TMT6plex;AC=UNIMOD:737;TA=K;MT=Fixed	NT=Trypsin;AC=MS:1001251	NT=collision-induced dissociation;AC=MS:1000133	28% NCE	1	1	230405_S001_OE480_DIA_25cm_1h_1ug_CoE_H1002_0005_NP3.raw	ftp://ftp.pride.ebi.ac.uk/pride/data/archive/2026/09/PXD067951/230405_S001_OE480_DIA_25cm_1h_1ug_CoE_H1002_0005_NP3.raw	v1.1.0	NT=ms-proteomics;VV=v1.1.0	NT=clinical-metadata;VV=v1.0.0	NT=dia-acquisition;VV=v1.1.0	manual curation	blood
230405_S001_OE480_DIA_25cm_1h_1ug_CoE_H1002_0007_NP2	homo sapiens	blood	not applicable	mild cognitive impairment	1	230405_S001_OE480_DIA_25cm_1h_1ug_CoE_H1002_0007_NP2	proteomic profiling by mass spectrometry	Data-independent acquisition	NT=isotope labeling;AC=PRIDE:0000310	NT=orbitrap exploris 480;AC=MS:1003028	NT=TMT6plex;AC=UNIMOD:737;TA=K;MT=Fixed	NT=Trypsin;AC=MS:1001251	NT=collision-induced dissociation;AC=MS:1000133	28% NCE	1	1	230405_S001_OE480_DIA_25cm_1h_1ug_CoE_H1002_0007_NP2.raw	ftp://ftp.pride.ebi.ac.uk/pride/data/archive/2026/09/PXD067951/230405_S001_OE480_DIA_25cm_1h_1ug_CoE_H1002_0007_NP2.raw	v1.1.0	NT=ms-proteomics;VV=v1.1.0	NT=clinical-metadata;VV=v1.0.0	NT=dia-acquisition;VV=v1.1.0	manual curation	blood
230405_S001_OE480_DIA_25cm_1h_1ug_CoE_H1002_0005_NP1	homo sapiens	blood	not applicable	mild cognitive impairment	1	230405_S001_OE480_DIA_25cm_1h_1ug_CoE_H1002_0005_NP1	proteomic profiling by mass spectrometry	Data-independent acquisition	NT=isotope labeling;AC=PRIDE:0000310	NT=orbitrap exploris 480;AC=MS:1003028	NT=TMT6plex;AC=UNIMOD:737;TA=K;MT=Fixed	NT=Trypsin;AC=MS:1001251	NT=collision-induced dissociation;AC=MS:1000133	28% NCE	1	1	230405_S001_OE480_DIA_25cm_1h_1ug_CoE_H1002_0005_NP1.raw	ftp://ftp.pride.ebi.ac.uk/pride/data/archive/2026/09/PXD067951/230405_S001_OE480_DIA_25cm_1h_1ug_CoE_H1002_0005_NP1.raw	v1.1.0	NT=ms-proteomics;VV=v1.1.0	NT=clinical-metadata;VV=v1.0.0	NT=dia-acquisition;VV=v1.1.0	manual curation	blood
230405_S001_OE480_DIA_25cm_1h_1ug_CoE_H1002_0016_NP5	homo sapiens	blood	not applicable	mild cognitive impairment	1	230405_S001_OE480_DIA_25cm_1h_1ug_CoE_H1002_0016_NP5	proteomic profiling by mass spectrometry	Data-independent acquisition	NT=isotope labeling;AC=PRIDE:0000310	NT=orbitrap exploris 480;AC=MS:1003028	NT=TMT6plex;AC=UNIMOD:737;TA=K;MT=Fixed	NT=Trypsin;AC=MS:1001251	NT=collision-induced dissociation;AC=MS:1000133	28% NCE	1	1	230405_S001_OE480_DIA_25cm_1h_1ug_CoE_H1002_0016_NP5.raw	ftp://ftp.pride.ebi.ac.uk/pride/data/archive/2026/09/PXD067951/230405_S001_OE480_DIA_25cm_1h_1ug_CoE_H1002_0016_NP5.raw	v1.1.0	NT=ms-proteomics;VV=v1.1.0	NT=clinical-metadata;VV=v1.0.0	NT=dia-acquisition;VV=v1.1.0	manual curation	blood
230405_S001_OE480_DIA_25cm_1h_1ug_CoE_H1002_0055_NP2	homo sapiens	blood	not applicable	mild cognitive impairment	1	230405_S001_OE480_DIA_25cm_1h_1ug_CoE_H1002_0055_NP2	proteomic profiling by mass spectrometry	Data-independent acquisition	NT=isotope labeling;AC=PRIDE:0000310	NT=orbitrap exploris 480;AC=MS:1003028	NT=TMT6plex;AC=UNIMOD:737;TA=K;MT=Fixed	NT=Trypsin;AC=MS:1001251	NT=collision-induced dissociation;AC=MS:1000133	28% NCE	1	1	230405_S001_OE480_DIA_25cm_1h_1ug_CoE_H1002_0055_NP2.raw	ftp://ftp.pride.ebi.ac.uk/pride/data/archive/2026/09/PXD067951/230405_S001_OE480_DIA_25cm_1h_1ug_CoE_H1002_0055_NP2.raw	v1.1.0	NT=ms-proteomics;VV=v1.1.0	NT=clinical-metadata;VV=v1.0.0	NT=dia-acquisition;VV=v1.1.0	manual curation	blood
230405_S001_OE480_DIA_25cm_1h_1ug_CoE_H1002_0051_NP1	homo sapiens	blood	not applicable	mild cognitive impairment	1	230405_S001_OE480_DIA_25cm_1h_1ug_CoE_H1002_0051_NP1	proteomic profiling by mass spectrometry	Data-independent acquisition	NT=isotope labeling;AC=PRIDE:0000310	NT=orbitrap exploris 480;AC=MS:1003028	NT=TMT6plex;AC=UNIMOD:737;TA=K;MT=Fixed	NT=Trypsin;AC=MS:1001251	NT=collision-induced dissociation;AC=MS:1000133	28% NCE	1	1	230405_S001_OE480_DIA_25cm_1h_1ug_CoE_H1002_0051_NP1.raw	ftp://ftp.pride.ebi.ac.uk/pride/data/archive/2026/09/PXD067951/230405_S001_OE480_DIA_25cm_1h_1ug_CoE_H1002_0051_NP1.raw	v1.1.0	NT=ms-proteomics;VV=v1.1.0	NT=clinical-metadata;VV=v1.0.0	NT=dia-acquisition;VV=v1.1.0	manual curation	blood
230405_S001_OE480_DIA_25cm_1h_1ug_CoE_H1002_0035_NP1	homo sapiens	blood	not applicable	mild cognitive impairment	1	230405_S001_OE480_DIA_25cm_1h_1ug_CoE_H1002_0035_NP1	proteomic profiling by mass spectrometry	Data-independent acquisition	NT=isotope labeling;AC=PRIDE:0000310	NT=orbitrap exploris 480;AC=MS:1003028	NT=TMT6plex;AC=UNIMOD:737;TA=K;MT=Fixed	NT=Trypsin;AC=MS:1001251	NT=collision-induced dissociation;AC=MS:1000133	28% NCE	1	1	230405_S001_OE480_DIA_25cm_1h_1ug_CoE_H1002_0035_NP1.raw	ftp://ftp.pride.ebi.ac.uk/pride/data/archive/2026/09/PXD067951/230405_S001_OE480_DIA_25cm_1h_1ug_CoE_H1002_0035_NP1.raw	v1.1.0	NT=ms-proteomics;VV=v1.1.0	NT=clinical-metadata;VV=v1.0.0	NT=dia-acquisition;VV=v1.1.0	manual curation	blood
230405_S001_OE480_DIA_25cm_1h_1ug_CoE_H1002_0048_NP1	homo sapiens	blood	not applicable	mild cognitive impairment	1	230405_S001_OE480_DIA_25cm_1h_1ug_CoE_H1002_0048_NP1	proteomic profiling by mass spectrometry	Data-independent acquisition	NT=isotope labeling;AC=PRIDE:0000310	NT=orbitrap exploris 480;AC=MS:1003028	NT=TMT6plex;AC=UNIMOD:737;TA=K;MT=Fixed	NT=Trypsin;AC=MS:1001251	NT=collision-induced dissociation;AC=MS:1000133	28% NCE	1	1	230405_S001_OE480_DIA_25cm_1h_1ug_CoE_H1002_0048_NP1.raw	ftp://ftp.pride.ebi.ac.uk/pride/data/archive/2026/09/PXD067951/230405_S001_OE480_DIA_25cm_1h_1ug_CoE_H1002_0048_NP1.raw	v1.1.0	NT=ms-proteomics;VV=v1.1.0	NT=clinical-metadata;VV=v1.0.0	NT=dia-acquisition;VV=v1.1.0	manual curation	blood
230405_S001_OE480_DIA_25cm_1h_1ug_CoE_H1002_0049_NP5	homo sapiens	blood	not applicable	mild cognitive impairment	1	230405_S001_OE480_DIA_25cm_1h_1ug_CoE_H1002_0049_NP5	proteomic profiling by mass spectrometry	Data-independent acquisition	NT=isotope labeling;AC=PRIDE:0000310	NT=orbitrap exploris 480;AC=MS:1003028	NT=TMT6plex;AC=UNIMOD:737;TA=K;MT=Fixed	NT=Trypsin;AC=MS:1001251	NT=collision-induced dissociation;AC=MS:1000133	28% NCE	1	1	230405_S001_OE480_DIA_25cm_1h_1ug_CoE_H1002_0049_NP5.raw	ftp://ftp.pride.ebi.ac.uk/pride/data/archive/2026/09/PXD067951/230405_S001_OE480_DIA_25cm_1h_1ug_CoE_H1002_0049_NP5.raw	v1.1.0	NT=ms-proteomics;VV=v1.1.0	NT=clinical-metadata;VV=v1.0.0	NT=dia-acquisition;VV=v1.1.0	manual curation	blood
230405_S001_OE480_DIA_25cm_1h_1ug_CoE_H1002_0052_NP3	homo sapiens	blood	not applicable	mild cognitive impairment	1	230405_S001_OE480_DIA_25cm_1h_1ug_CoE_H1002_0052_NP3	proteomic profiling by mass spectrometry	Data-independent acquisition	NT=isotope labeling;AC=PRIDE:0000310	NT=orbitrap exploris 480;AC=MS:1003028	NT=TMT6plex;AC=UNIMOD:737;TA=K;MT=Fixed	NT=Trypsin;AC=MS:1001251	NT=collision-induced dissociation;AC=MS:1000133	28% NCE	1	1	230405_S001_OE480_DIA_25cm_1h_1ug_CoE_H1002_0052_NP3.raw	ftp://ftp.pride.ebi.ac.uk/pride/data/archive/2026/09/PXD067951/230405_S001_OE480_DIA_25cm_1h_1ug_CoE_H1002_0052_NP3.raw	v1.1.0	NT=ms-proteomics;VV=v1.1.0	NT=clinical-metadata;VV=v1.0.0	NT=dia-acquisition;VV=v1.1.0	manual curation	blood
230405_S001_OE480_DIA_25cm_1h_1ug_CoE_H1002_0029_NP5	homo sapiens	blood	not applicable	mild cognitive impairment	1	230405_S001_OE480_DIA_25cm_1h_1ug_CoE_H1002_0029_NP5	proteomic profiling by mass spectrometry	Data-independent acquisition	NT=isotope labeling;AC=PRIDE:0000310	NT=orbitrap exploris 480;AC=MS:1003028	NT=TMT6plex;AC=UNIMOD:737;TA=K;MT=Fixed	NT=Trypsin;AC=MS:1001251	NT=collision-induced dissociation;AC=MS:1000133	28% NCE	1	1	230405_S001_OE480_DIA_25cm_1h_1ug_CoE_H1002_0029_NP5.raw	ftp://ftp.pride.ebi.ac.uk/pride/data/archive/2026/09/PXD067951/230405_S001_OE480_DIA_25cm_1h_1ug_CoE_H1002_0029_NP5.raw	v1.1.0	NT=ms-proteomics;VV=v1.1.0	NT=clinical-metadata;VV=v1.0.0	NT=dia-acquisition;VV=v1.1.0	manual curation	blood
230210_S001_OE480_DIA_25cm_1h_350ng_CoE_H1002_0045_NP4	homo sapiens	blood	not applicable	mild cognitive impairment	1	230210_S001_OE480_DIA_25cm_1h_350ng_CoE_H1002_0045_NP4	proteomic profiling by mass spectrometry	Data-independent acquisition	NT=isotope labeling;AC=PRIDE:0000310	NT=orbitrap exploris 480;AC=MS:1003028	NT=TMT6plex;AC=UNIMOD:737;TA=K;MT=Fixed	NT=Trypsin;AC=MS:1001251	NT=collision-induced dissociation;AC=MS:1000133	28% NCE	1	1	230210_S001_OE480_DIA_25cm_1h_350ng_CoE_H1002_0045_NP4.raw	ftp://ftp.pride.ebi.ac.uk/pride/data/archive/2026/09/PXD067951/230210_S001_OE480_DIA_25cm_1h_350ng_CoE_H1002_0045_NP4.raw	v1.1.0	NT=ms-proteomics;VV=v1.1.0	NT=clinical-metadata;VV=v1.0.0	NT=dia-acquisition;VV=v1.1.0	manual curation	blood
230210_S001_OE480_DIA_25cm_1h_350ng_CoE_H1002_0049_NP4	homo sapiens	blood	not applicable	mild cognitive impairment	1	230210_S001_OE480_DIA_25cm_1h_350ng_CoE_H1002_0049_NP4	proteomic profiling by mass spectrometry	Data-independent acquisition	NT=isotope labeling;AC=PRIDE:0000310	NT=orbitrap exploris 480;AC=MS:1003028	NT=TMT6plex;AC=UNIMOD:737;TA=K;MT=Fixed	NT=Trypsin;AC=MS:1001251	NT=collision-induced dissociation;AC=MS:1000133	28% NCE	1	1	230210_S001_OE480_DIA_25cm_1h_350ng_CoE_H1002_0049_NP4.raw	ftp://ftp.pride.ebi.ac.uk/pride/data/archive/2026/09/PXD067951/230210_S001_OE480_DIA_25cm_1h_350ng_CoE_H1002_0049_NP4.raw	v1.1.0	NT=ms-proteomics;VV=v1.1.0	NT=clinical-metadata;VV=v1.0.0	NT=dia-acquisition;VV=v1.1.0	manual curation	blood
230210_S001_OE480_DIA_25cm_1h_350ng_CoE_H1002_0024_NP4	homo sapiens	blood	not applicable	mild cognitive impairment	1	230210_S001_OE480_DIA_25cm_1h_350ng_CoE_H1002_0024_NP4	proteomic profiling by mass spectrometry	Data-independent acquisition	NT=isotope labeling;AC=PRIDE:0000310	NT=orbitrap exploris 480;AC=MS:1003028	NT=TMT6plex;AC=UNIMOD:737;TA=K;MT=Fixed	NT=Trypsin;AC=MS:1001251	NT=collision-induced dissociation;AC=MS:1000133	28% NCE	1	1	230210_S001_OE480_DIA_25cm_1h_350ng_CoE_H1002_0024_NP4.raw	ftp://ftp.pride.ebi.ac.uk/pride/data/archive/2026/09/PXD067951/230210_S001_OE480_DIA_25cm_1h_350ng_CoE_H1002_0024_NP4.raw	v1.1.0	NT=ms-proteomics;VV=v1.1.0	NT=clinical-metadata;VV=v1.0.0	NT=dia-acquisition;VV=v1.1.0	manual curation	blood
230405_S001_OE480_DIA_25cm_1h_1ug_CoE_H1002_0041_NP5	homo sapiens	blood	not applicable	mild cognitive impairment	1	230405_S001_OE480_DIA_25cm_1h_1ug_CoE_H1002_0041_NP5	proteomic profiling by mass spectrometry	Data-independent acquisition	NT=isotope labeling;AC=PRIDE:0000310	NT=orbitrap exploris 480;AC=MS:1003028	NT=TMT6plex;AC=UNIMOD:737;TA=K;MT=Fixed	NT=Trypsin;AC=MS:1001251	NT=collision-induced dissociation;AC=MS:1000133	28% NCE	1	1	230405_S001_OE480_DIA_25cm_1h_1ug_CoE_H1002_0041_NP5.raw	ftp://ftp.pride.ebi.ac.uk/pride/data/archive/2026/09/PXD067951/230405_S001_OE480_DIA_25cm_1h_1ug_CoE_H1002_0041_NP5.raw	v1.1.0	NT=ms-proteomics;VV=v1.1.0	NT=clinical-metadata;VV=v1.0.0	NT=dia-acquisition;VV=v1.1.0	manual curation	blood
230405_S001_OE480_DIA_25cm_1h_1ug_CoE_H1002_0039_NP5	homo sapiens	blood	not applicable	mild cognitive impairment	1	230405_S001_OE480_DIA_25cm_1h_1ug_CoE_H1002_0039_NP5	proteomic profiling by mass spectrometry	Data-independent acquisition	NT=isotope labeling;AC=PRIDE:0000310	NT=orbitrap exploris 480;AC=MS:1003028	NT=TMT6plex;AC=UNIMOD:737;TA=K;MT=Fixed	NT=Trypsin;AC=MS:1001251	NT=collision-induced dissociation;AC=MS:1000133	28% NCE	1	1	230405_S001_OE480_DIA_25cm_1h_1ug_CoE_H1002_0039_NP5.raw	ftp://ftp.pride.ebi.ac.uk/pride/data/archive/2026/09/PXD067951/230405_S001_OE480_DIA_25cm_1h_1ug_CoE_H1002_0039_NP5.raw	v1.1.0	NT=ms-proteomics;VV=v1.1.0	NT=clinical-metadata;VV=v1.0.0	NT=dia-acquisition;VV=v1.1.0	manual curation	blood
230405_S001_OE480_DIA_25cm_1h_1ug_CoE_H1002_0054_NP5	homo sapiens	blood	not applicable	mild cognitive impairment	1	230405_S001_OE480_DIA_25cm_1h_1ug_CoE_H1002_0054_NP5	proteomic profiling by mass spectrometry	Data-independent acquisition	NT=isotope labeling;AC=PRIDE:0000310	NT=orbitrap exploris 480;AC=MS:1003028	NT=TMT6plex;AC=UNIMOD:737;TA=K;MT=Fixed	NT=Trypsin;AC=MS:1001251	NT=collision-induced dissociation;AC=MS:1000133	28% NCE	1	1	230405_S001_OE480_DIA_25cm_1h_1ug_CoE_H1002_0054_NP5.raw	ftp://ftp.pride.ebi.ac.uk/pride/data/archive/2026/09/PXD067951/230405_S001_OE480_DIA_25cm_1h_1ug_CoE_H1002_0054_NP5.raw	v1.1.0	NT=ms-proteomics;VV=v1.1.0	NT=clinical-metadata;VV=v1.0.0	NT=dia-acquisition;VV=v1.1.0	manual curation	blood
230210_S001_OE480_DIA_25cm_1h_350ng_CoE_H1002_0020_NP4	homo sapiens	blood	not applicable	mild cognitive impairment	1	230210_S001_OE480_DIA_25cm_1h_350ng_CoE_H1002_0020_NP4	proteomic profiling by mass spectrometry	Data-independent acquisition	NT=isotope labeling;AC=PRIDE:0000310	NT=orbitrap exploris 480;AC=MS:1003028	NT=TMT6plex;AC=UNIMOD:737;TA=K;MT=Fixed	NT=Trypsin;AC=MS:1001251	NT=collision-induced dissociation;AC=MS:1000133	28% NCE	1	1	230210_S001_OE480_DIA_25cm_1h_350ng_CoE_H1002_0020_NP4.raw	ftp://ftp.pride.ebi.ac.uk/pride/data/archive/2026/09/PXD067951/230210_S001_OE480_DIA_25cm_1h_350ng_CoE_H1002_0020_NP4.raw	v1.1.0	NT=ms-proteomics;VV=v1.1.0	NT=clinical-metadata;VV=v1.0.0	NT=dia-acquisition;VV=v1.1.0	manual curation	blood
230405_S001_OE480_DIA_25cm_1h_1ug_CoE_H1002_0035_NP5	homo sapiens	blood	not applicable	mild cognitive impairment	1	230405_S001_OE480_DIA_25cm_1h_1ug_CoE_H1002_0035_NP5	proteomic profiling by mass spectrometry	Data-independent acquisition	NT=isotope labeling;AC=PRIDE:0000310	NT=orbitrap exploris 480;AC=MS:1003028	NT=TMT6plex;AC=UNIMOD:737;TA=K;MT=Fixed	NT=Trypsin;AC=MS:1001251	NT=collision-induced dissociation;AC=MS:1000133	28% NCE	1	1	230405_S001_OE480_DIA_25cm_1h_1ug_CoE_H1002_0035_NP5.raw	ftp://ftp.pride.ebi.ac.uk/pride/data/archive/2026/09/PXD067951/230405_S001_OE480_DIA_25cm_1h_1ug_CoE_H1002_0035_NP5.raw	v1.1.0	NT=ms-proteomics;VV=v1.1.0	NT=clinical-metadata;VV=v1.0.0	NT=dia-acquisition;VV=v1.1.0	manual curation	blood
230405_S001_OE480_DIA_25cm_1h_1ug_CoE_H1002_0039_NP1	homo sapiens	blood	not applicable	mild cognitive impairment	1	230405_S001_OE480_DIA_25cm_1h_1ug_CoE_H1002_0039_NP1	proteomic profiling by mass spectrometry	Data-independent acquisition	NT=isotope labeling;AC=PRIDE:0000310	NT=orbitrap exploris 480;AC=MS:1003028	NT=TMT6plex;AC=UNIMOD:737;TA=K;MT=Fixed	NT=Trypsin;AC=MS:1001251	NT=collision-induced dissociation;AC=MS:1000133	28% NCE	1	1	230405_S001_OE480_DIA_25cm_1h_1ug_CoE_H1002_0039_NP1.raw	ftp://ftp.pride.ebi.ac.uk/pride/data/archive/2026/09/PXD067951/230405_S001_OE480_DIA_25cm_1h_1ug_CoE_H1002_0039_NP1.raw	v1.1.0	NT=ms-proteomics;VV=v1.1.0	NT=clinical-metadata;VV=v1.0.0	NT=dia-acquisition;VV=v1.1.0	manual curation	blood
230405_S001_OE480_DIA_25cm_1h_1ug_CoE_H1002_0038_NP2	homo sapiens	blood	not applicable	mild cognitive impairment	1	230405_S001_OE480_DIA_25cm_1h_1ug_CoE_H1002_0038_NP2	proteomic profiling by mass spectrometry	Data-independent acquisition	NT=isotope labeling;AC=PRIDE:0000310	NT=orbitrap exploris 480;AC=MS:1003028	NT=TMT6plex;AC=UNIMOD:737;TA=K;MT=Fixed	NT=Trypsin;AC=MS:1001251	NT=collision-induced dissociation;AC=MS:1000133	28% NCE	1	1	230405_S001_OE480_DIA_25cm_1h_1ug_CoE_H1002_0038_NP2.raw	ftp://ftp.pride.ebi.ac.uk/pride/data/archive/2026/09/PXD067951/230405_S001_OE480_DIA_25cm_1h_1ug_CoE_H1002_0038_NP2.raw	v1.1.0	NT=ms-proteomics;VV=v1.1.0	NT=clinical-metadata;VV=v1.0.0	NT=dia-acquisition;VV=v1.1.0	manual curation	blood
230210_S001_OE480_DIA_25cm_1h_350ng_CoE_H1002_0010_NP4	homo sapiens	blood	not applicable	mild cognitive impairment	1	230210_S001_OE480_DIA_25cm_1h_350ng_CoE_H1002_0010_NP4	proteomic profiling by mass spectrometry	Data-independent acquisition	NT=isotope labeling;AC=PRIDE:0000310	NT=orbitrap exploris 480;AC=MS:1003028	NT=TMT6plex;AC=UNIMOD:737;TA=K;MT=Fixed	NT=Trypsin;AC=MS:1001251	NT=collision-induced dissociation;AC=MS:1000133	28% NCE	1	1	230210_S001_OE480_DIA_25cm_1h_350ng_CoE_H1002_0010_NP4.raw	ftp://ftp.pride.ebi.ac.uk/pride/data/archive/2026/09/PXD067951/230210_S001_OE480_DIA_25cm_1h_350ng_CoE_H1002_0010_NP4.raw	v1.1.0	NT=ms-proteomics;VV=v1.1.0	NT=clinical-metadata;VV=v1.0.0	NT=dia-acquisition;VV=v1.1.0	manual curation	blood
230210_S001_OE480_DIA_25cm_1h_350ng_CoE_H1002_0025_NP4	homo sapiens	blood	not applicable	mild cognitive impairment	1	230210_S001_OE480_DIA_25cm_1h_350ng_CoE_H1002_0025_NP4	proteomic profiling by mass spectrometry	Data-independent acquisition	NT=isotope labeling;AC=PRIDE:0000310	NT=orbitrap exploris 480;AC=MS:1003028	NT=TMT6plex;AC=UNIMOD:737;TA=K;MT=Fixed	NT=Trypsin;AC=MS:1001251	NT=collision-induced dissociation;AC=MS:1000133	28% NCE	1	1	230210_S001_OE480_DIA_25cm_1h_350ng_CoE_H1002_0025_NP4.raw	ftp://ftp.pride.ebi.ac.uk/pride/data/archive/2026/09/PXD067951/230210_S001_OE480_DIA_25cm_1h_350ng_CoE_H1002_0025_NP4.raw	v1.1.0	NT=ms-proteomics;VV=v1.1.0	NT=clinical-metadata;VV=v1.0.0	NT=dia-acquisition;VV=v1.1.0	manual curation	blood
230405_S001_OE480_DIA_25cm_1h_1ug_CoE_H1002_0043_NP2	homo sapiens	blood	not applicable	mild cognitive impairment	1	230405_S001_OE480_DIA_25cm_1h_1ug_CoE_H1002_0043_NP2	proteomic profiling by mass spectrometry	Data-independent acquisition	NT=isotope labeling;AC=PRIDE:0000310	NT=orbitrap exploris 480;AC=MS:1003028	NT=TMT6plex;AC=UNIMOD:737;TA=K;MT=Fixed	NT=Trypsin;AC=MS:1001251	NT=collision-induced dissociation;AC=MS:1000133	28% NCE	1	1	230405_S001_OE480_DIA_25cm_1h_1ug_CoE_H1002_0043_NP2.raw	ftp://ftp.pride.ebi.ac.uk/pride/data/archive/2026/09/PXD067951/230405_S001_OE480_DIA_25cm_1h_1ug_CoE_H1002_0043_NP2.raw	v1.1.0	NT=ms-proteomics;VV=v1.1.0	NT=clinical-metadata;VV=v1.0.0	NT=dia-acquisition;VV=v1.1.0	manual curation	blood
230405_S001_OE480_DIA_25cm_1h_1ug_CoE_H1002_0023_NP2	homo sapiens	blood	not applicable	mild cognitive impairment	1	230405_S001_OE480_DIA_25cm_1h_1ug_CoE_H1002_0023_NP2	proteomic profiling by mass spectrometry	Data-independent acquisition	NT=isotope labeling;AC=PRIDE:0000310	NT=orbitrap exploris 480;AC=MS:1003028	NT=TMT6plex;AC=UNIMOD:737;TA=K;MT=Fixed	NT=Trypsin;AC=MS:1001251	NT=collision-induced dissociation;AC=MS:1000133	28% NCE	1	1	230405_S001_OE480_DIA_25cm_1h_1ug_CoE_H1002_0023_NP2.raw	ftp://ftp.pride.ebi.ac.uk/pride/data/archive/2026/09/PXD067951/230405_S001_OE480_DIA_25cm_1h_1ug_CoE_H1002_0023_NP2.raw	v1.1.0	NT=ms-proteomics;VV=v1.1.0	NT=clinical-metadata;VV=v1.0.0	NT=dia-acquisition;VV=v1.1.0	manual curation	blood
230210_S001_OE480_DIA_25cm_1h_350ng_CoE_H1002_0018_NP4	homo sapiens	blood	not applicable	mild cognitive impairment	1	230210_S001_OE480_DIA_25cm_1h_350ng_CoE_H1002_0018_NP4	proteomic profiling by mass spectrometry	Data-independent acquisition	NT=isotope labeling;AC=PRIDE:0000310	NT=orbitrap exploris 480;AC=MS:1003028	NT=TMT6plex;AC=UNIMOD:737;TA=K;MT=Fixed	NT=Trypsin;AC=MS:1001251	NT=collision-induced dissociation;AC=MS:1000133	28% NCE	1	1	230210_S001_OE480_DIA_25cm_1h_350ng_CoE_H1002_0018_NP4.raw	ftp://ftp.pride.ebi.ac.uk/pride/data/archive/2026/09/PXD067951/230210_S001_OE480_DIA_25cm_1h_350ng_CoE_H1002_0018_NP4.raw	v1.1.0	NT=ms-proteomics;VV=v1.1.0	NT=clinical-metadata;VV=v1.0.0	NT=dia-acquisition;VV=v1.1.0	manual curation	blood
230405_S001_OE480_DIA_25cm_1h_1ug_CoE_H1002_0012_NP2	homo sapiens	blood	not applicable	mild cognitive impairment	1	230405_S001_OE480_DIA_25cm_1h_1ug_CoE_H1002_0012_NP2	proteomic profiling by mass spectrometry	Data-independent acquisition	NT=isotope labeling;AC=PRIDE:0000310	NT=orbitrap exploris 480;AC=MS:1003028	NT=TMT6plex;AC=UNIMOD:737;TA=K;MT=Fixed	NT=Trypsin;AC=MS:1001251	NT=collision-induced dissociation;AC=MS:1000133	28% NCE	1	1	230405_S001_OE480_DIA_25cm_1h_1ug_CoE_H1002_0012_NP2.raw	ftp://ftp.pride.ebi.ac.uk/pride/data/archive/2026/09/PXD067951/230405_S001_OE480_DIA_25cm_1h_1ug_CoE_H1002_0012_NP2.raw	v1.1.0	NT=ms-proteomics;VV=v1.1.0	NT=clinical-metadata;VV=v1.0.0	NT=dia-acquisition;VV=v1.1.0	manual curation	blood
230405_S001_OE480_DIA_25cm_1h_1ug_CoE_H1002_0042_NP1	homo sapiens	blood	not applicable	mild cognitive impairment	1	230405_S001_OE480_DIA_25cm_1h_1ug_CoE_H1002_0042_NP1	proteomic profiling by mass spectrometry	Data-independent acquisition	NT=isotope labeling;AC=PRIDE:0000310	NT=orbitrap exploris 480;AC=MS:1003028	NT=TMT6plex;AC=UNIMOD:737;TA=K;MT=Fixed	NT=Trypsin;AC=MS:1001251	NT=collision-induced dissociation;AC=MS:1000133	28% NCE	1	1	230405_S001_OE480_DIA_25cm_1h_1ug_CoE_H1002_0042_NP1.raw	ftp://ftp.pride.ebi.ac.uk/pride/data/archive/2026/09/PXD067951/230405_S001_OE480_DIA_25cm_1h_1ug_CoE_H1002_0042_NP1.raw	v1.1.0	NT=ms-proteomics;VV=v1.1.0	NT=clinical-metadata;VV=v1.0.0	NT=dia-acquisition;VV=v1.1.0	manual curation	blood
230210_S001_OE480_DIA_25cm_1h_350ng_CoE_H1002_0036_NP4	homo sapiens	blood	not applicable	mild cognitive impairment	1	230210_S001_OE480_DIA_25cm_1h_350ng_CoE_H1002_0036_NP4	proteomic profiling by mass spectrometry	Data-independent acquisition	NT=isotope labeling;AC=PRIDE:0000310	NT=orbitrap exploris 480;AC=MS:1003028	NT=TMT6plex;AC=UNIMOD:737;TA=K;MT=Fixed	NT=Trypsin;AC=MS:1001251	NT=collision-induced dissociation;AC=MS:1000133	28% NCE	1	1	230210_S001_OE480_DIA_25cm_1h_350ng_CoE_H1002_0036_NP4.raw	ftp://ftp.pride.ebi.ac.uk/pride/data/archive/2026/09/PXD067951/230210_S001_OE480_DIA_25cm_1h_350ng_CoE_H1002_0036_NP4.raw	v1.1.0	NT=ms-proteomics;VV=v1.1.0	NT=clinical-metadata;VV=v1.0.0	NT=dia-acquisition;VV=v1.1.0	manual curation	blood
230405_S001_OE480_DIA_25cm_1h_1ug_CoE_H1002_0051_NP5	homo sapiens	blood	not applicable	mild cognitive impairment	1	230405_S001_OE480_DIA_25cm_1h_1ug_CoE_H1002_0051_NP5	proteomic profiling by mass spectrometry	Data-independent acquisition	NT=isotope labeling;AC=PRIDE:0000310	NT=orbitrap exploris 480;AC=MS:1003028	NT=TMT6plex;AC=UNIMOD:737;TA=K;MT=Fixed	NT=Trypsin;AC=MS:1001251	NT=collision-induced dissociation;AC=MS:1000133	28% NCE	1	1	230405_S001_OE480_DIA_25cm_1h_1ug_CoE_H1002_0051_NP5.raw	ftp://ftp.pride.ebi.ac.uk/pride/data/archive/2026/09/PXD067951/230405_S001_OE480_DIA_25cm_1h_1ug_CoE_H1002_0051_NP5.raw	v1.1.0	NT=ms-proteomics;VV=v1.1.0	NT=clinical-metadata;VV=v1.0.0	NT=dia-acquisition;VV=v1.1.0	manual curation	blood
230405_S001_OE480_DIA_25cm_1h_1ug_CoE_H1002_0036_NP1	homo sapiens	blood	not applicable	mild cognitive impairment	1	230405_S001_OE480_DIA_25cm_1h_1ug_CoE_H1002_0036_NP1	proteomic profiling by mass spectrometry	Data-independent acquisition	NT=isotope labeling;AC=PRIDE:0000310	NT=orbitrap exploris 480;AC=MS:1003028	NT=TMT6plex;AC=UNIMOD:737;TA=K;MT=Fixed	NT=Trypsin;AC=MS:1001251	NT=collision-induced dissociation;AC=MS:1000133	28% NCE	1	1	230405_S001_OE480_DIA_25cm_1h_1ug_CoE_H1002_0036_NP1.raw	ftp://ftp.pride.ebi.ac.uk/pride/data/archive/2026/09/PXD067951/230405_S001_OE480_DIA_25cm_1h_1ug_CoE_H1002_0036_NP1.raw	v1.1.0	NT=ms-proteomics;VV=v1.1.0	NT=clinical-metadata;VV=v1.0.0	NT=dia-acquisition;VV=v1.1.0	manual curation	blood
230405_S001_OE480_DIA_25cm_1h_1ug_CoE_H1002_0008_NP2	homo sapiens	blood	not applicable	mild cognitive impairment	1	230405_S001_OE480_DIA_25cm_1h_1ug_CoE_H1002_0008_NP2	proteomic profiling by mass spectrometry	Data-independent acquisition	NT=isotope labeling;AC=PRIDE:0000310	NT=orbitrap exploris 480;AC=MS:1003028	NT=TMT6plex;AC=UNIMOD:737;TA=K;MT=Fixed	NT=Trypsin;AC=MS:1001251	NT=collision-induced dissociation;AC=MS:1000133	28% NCE	1	1	230405_S001_OE480_DIA_25cm_1h_1ug_CoE_H1002_0008_NP2.raw	ftp://ftp.pride.ebi.ac.uk/pride/data/archive/2026/09/PXD067951/230405_S001_OE480_DIA_25cm_1h_1ug_CoE_H1002_0008_NP2.raw	v1.1.0	NT=ms-proteomics;VV=v1.1.0	NT=clinical-metadata;VV=v1.0.0	NT=dia-acquisition;VV=v1.1.0	manual curation	blood
230405_S001_OE480_DIA_25cm_1h_1ug_CoE_H1002_0051_NP3	homo sapiens	blood	not applicable	mild cognitive impairment	1	230405_S001_OE480_DIA_25cm_1h_1ug_CoE_H1002_0051_NP3	proteomic profiling by mass spectrometry	Data-independent acquisition	NT=isotope labeling;AC=PRIDE:0000310	NT=orbitrap exploris 480;AC=MS:1003028	NT=TMT6plex;AC=UNIMOD:737;TA=K;MT=Fixed	NT=Trypsin;AC=MS:1001251	NT=collision-induced dissociation;AC=MS:1000133	28% NCE	1	1	230405_S001_OE480_DIA_25cm_1h_1ug_CoE_H1002_0051_NP3.raw	ftp://ftp.pride.ebi.ac.uk/pride/data/archive/2026/09/PXD067951/230405_S001_OE480_DIA_25cm_1h_1ug_CoE_H1002_0051_NP3.raw	v1.1.0	NT=ms-proteomics;VV=v1.1.0	NT=clinical-metadata;VV=v1.0.0	NT=dia-acquisition;VV=v1.1.0	manual curation	blood
230405_S001_OE480_DIA_25cm_1h_1ug_CoE_H1002_0044_NP3	homo sapiens	blood	not applicable	mild cognitive impairment	1	230405_S001_OE480_DIA_25cm_1h_1ug_CoE_H1002_0044_NP3	proteomic profiling by mass spectrometry	Data-independent acquisition	NT=isotope labeling;AC=PRIDE:0000310	NT=orbitrap exploris 480;AC=MS:1003028	NT=TMT6plex;AC=UNIMOD:737;TA=K;MT=Fixed	NT=Trypsin;AC=MS:1001251	NT=collision-induced dissociation;AC=MS:1000133	28% NCE	1	1	230405_S001_OE480_DIA_25cm_1h_1ug_CoE_H1002_0044_NP3.raw	ftp://ftp.pride.ebi.ac.uk/pride/data/archive/2026/09/PXD067951/230405_S001_OE480_DIA_25cm_1h_1ug_CoE_H1002_0044_NP3.raw	v1.1.0	NT=ms-proteomics;VV=v1.1.0	NT=clinical-metadata;VV=v1.0.0	NT=dia-acquisition;VV=v1.1.0	manual curation	blood
230405_S001_OE480_DIA_25cm_1h_1ug_CoE_H1002_0039_NP3	homo sapiens	blood	not applicable	mild cognitive impairment	1	230405_S001_OE480_DIA_25cm_1h_1ug_CoE_H1002_0039_NP3	proteomic profiling by mass spectrometry	Data-independent acquisition	NT=isotope labeling;AC=PRIDE:0000310	NT=orbitrap exploris 480;AC=MS:1003028	NT=TMT6plex;AC=UNIMOD:737;TA=K;MT=Fixed	NT=Trypsin;AC=MS:1001251	NT=collision-induced dissociation;AC=MS:1000133	28% NCE	1	1	230405_S001_OE480_DIA_25cm_1h_1ug_CoE_H1002_0039_NP3.raw	ftp://ftp.pride.ebi.ac.uk/pride/data/archive/2026/09/PXD067951/230405_S001_OE480_DIA_25cm_1h_1ug_CoE_H1002_0039_NP3.raw	v1.1.0	NT=ms-proteomics;VV=v1.1.0	NT=clinical-metadata;VV=v1.0.0	NT=dia-acquisition;VV=v1.1.0	manual curation	blood
230405_S001_OE480_DIA_25cm_1h_1ug_CoE_H1002_0026_NP1	homo sapiens	blood	not applicable	mild cognitive impairment	1	230405_S001_OE480_DIA_25cm_1h_1ug_CoE_H1002_0026_NP1	proteomic profiling by mass spectrometry	Data-independent acquisition	NT=isotope labeling;AC=PRIDE:0000310	NT=orbitrap exploris 480;AC=MS:1003028	NT=TMT6plex;AC=UNIMOD:737;TA=K;MT=Fixed	NT=Trypsin;AC=MS:1001251	NT=collision-induced dissociation;AC=MS:1000133	28% NCE	1	1	230405_S001_OE480_DIA_25cm_1h_1ug_CoE_H1002_0026_NP1.raw	ftp://ftp.pride.ebi.ac.uk/pride/data/archive/2026/09/PXD067951/230405_S001_OE480_DIA_25cm_1h_1ug_CoE_H1002_0026_NP1.raw	v1.1.0	NT=ms-proteomics;VV=v1.1.0	NT=clinical-metadata;VV=v1.0.0	NT=dia-acquisition;VV=v1.1.0	manual curation	blood
230405_S001_OE480_DIA_25cm_1h_1ug_CoE_H1002_0002_NP1	homo sapiens	blood	not applicable	mild cognitive impairment	1	230405_S001_OE480_DIA_25cm_1h_1ug_CoE_H1002_0002_NP1	proteomic profiling by mass spectrometry	Data-independent acquisition	NT=isotope labeling;AC=PRIDE:0000310	NT=orbitrap exploris 480;AC=MS:1003028	NT=TMT6plex;AC=UNIMOD:737;TA=K;MT=Fixed	NT=Trypsin;AC=MS:1001251	NT=collision-induced dissociation;AC=MS:1000133	28% NCE	1	1	230405_S001_OE480_DIA_25cm_1h_1ug_CoE_H1002_0002_NP1.raw	ftp://ftp.pride.ebi.ac.uk/pride/data/archive/2026/09/PXD067951/230405_S001_OE480_DIA_25cm_1h_1ug_CoE_H1002_0002_NP1.raw	v1.1.0	NT=ms-proteomics;VV=v1.1.0	NT=clinical-metadata;VV=v1.0.0	NT=dia-acquisition;VV=v1.1.0	manual curation	blood
230210_S001_OE480_DIA_25cm_1h_350ng_CoE_H1002_0022_NP4	homo sapiens	blood	not applicable	mild cognitive impairment	1	230210_S001_OE480_DIA_25cm_1h_350ng_CoE_H1002_0022_NP4	proteomic profiling by mass spectrometry	Data-independent acquisition	NT=isotope labeling;AC=PRIDE:0000310	NT=orbitrap exploris 480;AC=MS:1003028	NT=TMT6plex;AC=UNIMOD:737;TA=K;MT=Fixed	NT=Trypsin;AC=MS:1001251	NT=collision-induced dissociation;AC=MS:1000133	28% NCE	1	1	230210_S001_OE480_DIA_25cm_1h_350ng_CoE_H1002_0022_NP4.raw	ftp://ftp.pride.ebi.ac.uk/pride/data/archive/2026/09/PXD067951/230210_S001_OE480_DIA_25cm_1h_350ng_CoE_H1002_0022_NP4.raw	v1.1.0	NT=ms-proteomics;VV=v1.1.0	NT=clinical-metadata;VV=v1.0.0	NT=dia-acquisition;VV=v1.1.0	manual curation	blood
230405_S001_OE480_DIA_25cm_1h_1ug_CoE_H1002_0045_NP5	homo sapiens	blood	not applicable	mild cognitive impairment	1	230405_S001_OE480_DIA_25cm_1h_1ug_CoE_H1002_0045_NP5	proteomic profiling by mass spectrometry	Data-independent acquisition	NT=isotope labeling;AC=PRIDE:0000310	NT=orbitrap exploris 480;AC=MS:1003028	NT=TMT6plex;AC=UNIMOD:737;TA=K;MT=Fixed	NT=Trypsin;AC=MS:1001251	NT=collision-induced dissociation;AC=MS:1000133	28% NCE	1	1	230405_S001_OE480_DIA_25cm_1h_1ug_CoE_H1002_0045_NP5.raw	ftp://ftp.pride.ebi.ac.uk/pride/data/archive/2026/09/PXD067951/230405_S001_OE480_DIA_25cm_1h_1ug_CoE_H1002_0045_NP5.raw	v1.1.0	NT=ms-proteomics;VV=v1.1.0	NT=clinical-metadata;VV=v1.0.0	NT=dia-acquisition;VV=v1.1.0	manual curation	blood
230210_S001_OE480_DIA_25cm_1h_350ng_CoE_H1002_0009_NP4	homo sapiens	blood	not applicable	mild cognitive impairment	1	230210_S001_OE480_DIA_25cm_1h_350ng_CoE_H1002_0009_NP4	proteomic profiling by mass spectrometry	Data-independent acquisition	NT=isotope labeling;AC=PRIDE:0000310	NT=orbitrap exploris 480;AC=MS:1003028	NT=TMT6plex;AC=UNIMOD:737;TA=K;MT=Fixed	NT=Trypsin;AC=MS:1001251	NT=collision-induced dissociation;AC=MS:1000133	28% NCE	1	1	230210_S001_OE480_DIA_25cm_1h_350ng_CoE_H1002_0009_NP4.raw	ftp://ftp.pride.ebi.ac.uk/pride/data/archive/2026/09/PXD067951/230210_S001_OE480_DIA_25cm_1h_350ng_CoE_H1002_0009_NP4.raw	v1.1.0	NT=ms-proteomics;VV=v1.1.0	NT=clinical-metadata;VV=v1.0.0	NT=dia-acquisition;VV=v1.1.0	manual curation	blood
230210_S001_OE480_DIA_25cm_1h_350ng_CoE_H1002_0016_NP4	homo sapiens	blood	not applicable	mild cognitive impairment	1	230210_S001_OE480_DIA_25cm_1h_350ng_CoE_H1002_0016_NP4	proteomic profiling by mass spectrometry	Data-independent acquisition	NT=isotope labeling;AC=PRIDE:0000310	NT=orbitrap exploris 480;AC=MS:1003028	NT=TMT6plex;AC=UNIMOD:737;TA=K;MT=Fixed	NT=Trypsin;AC=MS:1001251	NT=collision-induced dissociation;AC=MS:1000133	28% NCE	1	1	230210_S001_OE480_DIA_25cm_1h_350ng_CoE_H1002_0016_NP4.raw	ftp://ftp.pride.ebi.ac.uk/pride/data/archive/2026/09/PXD067951/230210_S001_OE480_DIA_25cm_1h_350ng_CoE_H1002_0016_NP4.raw	v1.1.0	NT=ms-proteomics;VV=v1.1.0	NT=clinical-metadata;VV=v1.0.0	NT=dia-acquisition;VV=v1.1.0	manual curation	blood
230210_S001_OE480_DIA_25cm_1h_350ng_CoE_H1002_0030_NP4	homo sapiens	blood	not applicable	mild cognitive impairment	1	230210_S001_OE480_DIA_25cm_1h_350ng_CoE_H1002_0030_NP4	proteomic profiling by mass spectrometry	Data-independent acquisition	NT=isotope labeling;AC=PRIDE:0000310	NT=orbitrap exploris 480;AC=MS:1003028	NT=TMT6plex;AC=UNIMOD:737;TA=K;MT=Fixed	NT=Trypsin;AC=MS:1001251	NT=collision-induced dissociation;AC=MS:1000133	28% NCE	1	1	230210_S001_OE480_DIA_25cm_1h_350ng_CoE_H1002_0030_NP4.raw	ftp://ftp.pride.ebi.ac.uk/pride/data/archive/2026/09/PXD067951/230210_S001_OE480_DIA_25cm_1h_350ng_CoE_H1002_0030_NP4.raw	v1.1.0	NT=ms-proteomics;VV=v1.1.0	NT=clinical-metadata;VV=v1.0.0	NT=dia-acquisition;VV=v1.1.0	manual curation	blood
230405_S001_OE480_DIA_25cm_1h_1ug_CoE_H1002_0026_NP2	homo sapiens	blood	not applicable	mild cognitive impairment	1	230405_S001_OE480_DIA_25cm_1h_1ug_CoE_H1002_0026_NP2	proteomic profiling by mass spectrometry	Data-independent acquisition	NT=isotope labeling;AC=PRIDE:0000310	NT=orbitrap exploris 480;AC=MS:1003028	NT=TMT6plex;AC=UNIMOD:737;TA=K;MT=Fixed	NT=Trypsin;AC=MS:1001251	NT=collision-induced dissociation;AC=MS:1000133	28% NCE	1	1	230405_S001_OE480_DIA_25cm_1h_1ug_CoE_H1002_0026_NP2.raw	ftp://ftp.pride.ebi.ac.uk/pride/data/archive/2026/09/PXD067951/230405_S001_OE480_DIA_25cm_1h_1ug_CoE_H1002_0026_NP2.raw	v1.1.0	NT=ms-proteomics;VV=v1.1.0	NT=clinical-metadata;VV=v1.0.0	NT=dia-acquisition;VV=v1.1.0	manual curation	blood
230405_S001_OE480_DIA_25cm_1h_1ug_CoE_H1002_0038_NP5	homo sapiens	blood	not applicable	mild cognitive impairment	1	230405_S001_OE480_DIA_25cm_1h_1ug_CoE_H1002_0038_NP5	proteomic profiling by mass spectrometry	Data-independent acquisition	NT=isotope labeling;AC=PRIDE:0000310	NT=orbitrap exploris 480;AC=MS:1003028	NT=TMT6plex;AC=UNIMOD:737;TA=K;MT=Fixed	NT=Trypsin;AC=MS:1001251	NT=collision-induced dissociation;AC=MS:1000133	28% NCE	1	1	230405_S001_OE480_DIA_25cm_1h_1ug_CoE_H1002_0038_NP5.raw	ftp://ftp.pride.ebi.ac.uk/pride/data/archive/2026/09/PXD067951/230405_S001_OE480_DIA_25cm_1h_1ug_CoE_H1002_0038_NP5.raw	v1.1.0	NT=ms-proteomics;VV=v1.1.0	NT=clinical-metadata;VV=v1.0.0	NT=dia-acquisition;VV=v1.1.0	manual curation	blood
230405_S001_OE480_DIA_25cm_1h_1ug_CoE_H1002_0001_NP2	homo sapiens	blood	not applicable	mild cognitive impairment	1	230405_S001_OE480_DIA_25cm_1h_1ug_CoE_H1002_0001_NP2	proteomic profiling by mass spectrometry	Data-independent acquisition	NT=isotope labeling;AC=PRIDE:0000310	NT=orbitrap exploris 480;AC=MS:1003028	NT=TMT6plex;AC=UNIMOD:737;TA=K;MT=Fixed	NT=Trypsin;AC=MS:1001251	NT=collision-induced dissociation;AC=MS:1000133	28% NCE	1	1	230405_S001_OE480_DIA_25cm_1h_1ug_CoE_H1002_0001_NP2.raw	ftp://ftp.pride.ebi.ac.uk/pride/data/archive/2026/09/PXD067951/230405_S001_OE480_DIA_25cm_1h_1ug_CoE_H1002_0001_NP2.raw	v1.1.0	NT=ms-proteomics;VV=v1.1.0	NT=clinical-metadata;VV=v1.0.0	NT=dia-acquisition;VV=v1.1.0	manual curation	blood
230405_S001_OE480_DIA_25cm_1h_1ug_CoE_H1002_0035_NP2	homo sapiens	blood	not applicable	mild cognitive impairment	1	230405_S001_OE480_DIA_25cm_1h_1ug_CoE_H1002_0035_NP2	proteomic profiling by mass spectrometry	Data-independent acquisition	NT=isotope labeling;AC=PRIDE:0000310	NT=orbitrap exploris 480;AC=MS:1003028	NT=TMT6plex;AC=UNIMOD:737;TA=K;MT=Fixed	NT=Trypsin;AC=MS:1001251	NT=collision-induced dissociation;AC=MS:1000133	28% NCE	1	1	230405_S001_OE480_DIA_25cm_1h_1ug_CoE_H1002_0035_NP2.raw	ftp://ftp.pride.ebi.ac.uk/pride/data/archive/2026/09/PXD067951/230405_S001_OE480_DIA_25cm_1h_1ug_CoE_H1002_0035_NP2.raw	v1.1.0	NT=ms-proteomics;VV=v1.1.0	NT=clinical-metadata;VV=v1.0.0	NT=dia-acquisition;VV=v1.1.0	manual curation	blood
230405_S001_OE480_DIA_25cm_1h_1ug_CoE_H1002_0008_NP1	homo sapiens	blood	not applicable	mild cognitive impairment	1	230405_S001_OE480_DIA_25cm_1h_1ug_CoE_H1002_0008_NP1	proteomic profiling by mass spectrometry	Data-independent acquisition	NT=isotope labeling;AC=PRIDE:0000310	NT=orbitrap exploris 480;AC=MS:1003028	NT=TMT6plex;AC=UNIMOD:737;TA=K;MT=Fixed	NT=Trypsin;AC=MS:1001251	NT=collision-induced dissociation;AC=MS:1000133	28% NCE	1	1	230405_S001_OE480_DIA_25cm_1h_1ug_CoE_H1002_0008_NP1.raw	ftp://ftp.pride.ebi.ac.uk/pride/data/archive/2026/09/PXD067951/230405_S001_OE480_DIA_25cm_1h_1ug_CoE_H1002_0008_NP1.raw	v1.1.0	NT=ms-proteomics;VV=v1.1.0	NT=clinical-metadata;VV=v1.0.0	NT=dia-acquisition;VV=v1.1.0	manual curation	blood
230405_S001_OE480_DIA_25cm_1h_1ug_CoE_H1002_0045_NP1	homo sapiens	blood	not applicable	mild cognitive impairment	1	230405_S001_OE480_DIA_25cm_1h_1ug_CoE_H1002_0045_NP1	proteomic profiling by mass spectrometry	Data-independent acquisition	NT=isotope labeling;AC=PRIDE:0000310	NT=orbitrap exploris 480;AC=MS:1003028	NT=TMT6plex;AC=UNIMOD:737;TA=K;MT=Fixed	NT=Trypsin;AC=MS:1001251	NT=collision-induced dissociation;AC=MS:1000133	28% NCE	1	1	230405_S001_OE480_DIA_25cm_1h_1ug_CoE_H1002_0045_NP1.raw	ftp://ftp.pride.ebi.ac.uk/pride/data/archive/2026/09/PXD067951/230405_S001_OE480_DIA_25cm_1h_1ug_CoE_H1002_0045_NP1.raw	v1.1.0	NT=ms-proteomics;VV=v1.1.0	NT=clinical-metadata;VV=v1.0.0	NT=dia-acquisition;VV=v1.1.0	manual curation	blood
230405_S001_OE480_DIA_25cm_1h_1ug_CoE_H1002_0037_NP2	homo sapiens	blood	not applicable	mild cognitive impairment	1	230405_S001_OE480_DIA_25cm_1h_1ug_CoE_H1002_0037_NP2	proteomic profiling by mass spectrometry	Data-independent acquisition	NT=isotope labeling;AC=PRIDE:0000310	NT=orbitrap exploris 480;AC=MS:1003028	NT=TMT6plex;AC=UNIMOD:737;TA=K;MT=Fixed	NT=Trypsin;AC=MS:1001251	NT=collision-induced dissociation;AC=MS:1000133	28% NCE	1	1	230405_S001_OE480_DIA_25cm_1h_1ug_CoE_H1002_0037_NP2.raw	ftp://ftp.pride.ebi.ac.uk/pride/data/archive/2026/09/PXD067951/230405_S001_OE480_DIA_25cm_1h_1ug_CoE_H1002_0037_NP2.raw	v1.1.0	NT=ms-proteomics;VV=v1.1.0	NT=clinical-metadata;VV=v1.0.0	NT=dia-acquisition;VV=v1.1.0	manual curation	blood
230405_S001_OE480_DIA_25cm_1h_1ug_CoE_H1002_0007_NP5	homo sapiens	blood	not applicable	mild cognitive impairment	1	230405_S001_OE480_DIA_25cm_1h_1ug_CoE_H1002_0007_NP5	proteomic profiling by mass spectrometry	Data-independent acquisition	NT=isotope labeling;AC=PRIDE:0000310	NT=orbitrap exploris 480;AC=MS:1003028	NT=TMT6plex;AC=UNIMOD:737;TA=K;MT=Fixed	NT=Trypsin;AC=MS:1001251	NT=collision-induced dissociation;AC=MS:1000133	28% NCE	1	1	230405_S001_OE480_DIA_25cm_1h_1ug_CoE_H1002_0007_NP5.raw	ftp://ftp.pride.ebi.ac.uk/pride/data/archive/2026/09/PXD067951/230405_S001_OE480_DIA_25cm_1h_1ug_CoE_H1002_0007_NP5.raw	v1.1.0	NT=ms-proteomics;VV=v1.1.0	NT=clinical-metadata;VV=v1.0.0	NT=dia-acquisition;VV=v1.1.0	manual curation	blood
230405_S001_OE480_DIA_25cm_1h_1ug_CoE_H1002_0009_NP3	homo sapiens	blood	not applicable	mild cognitive impairment	1	230405_S001_OE480_DIA_25cm_1h_1ug_CoE_H1002_0009_NP3	proteomic profiling by mass spectrometry	Data-independent acquisition	NT=isotope labeling;AC=PRIDE:0000310	NT=orbitrap exploris 480;AC=MS:1003028	NT=TMT6plex;AC=UNIMOD:737;TA=K;MT=Fixed	NT=Trypsin;AC=MS:1001251	NT=collision-induced dissociation;AC=MS:1000133	28% NCE	1	1	230405_S001_OE480_DIA_25cm_1h_1ug_CoE_H1002_0009_NP3.raw	ftp://ftp.pride.ebi.ac.uk/pride/data/archive/2026/09/PXD067951/230405_S001_OE480_DIA_25cm_1h_1ug_CoE_H1002_0009_NP3.raw	v1.1.0	NT=ms-proteomics;VV=v1.1.0	NT=clinical-metadata;VV=v1.0.0	NT=dia-acquisition;VV=v1.1.0	manual curation	blood
230405_S001_OE480_DIA_25cm_1h_1ug_CoE_H1002_0046_NP1	homo sapiens	blood	not applicable	mild cognitive impairment	1	230405_S001_OE480_DIA_25cm_1h_1ug_CoE_H1002_0046_NP1	proteomic profiling by mass spectrometry	Data-independent acquisition	NT=isotope labeling;AC=PRIDE:0000310	NT=orbitrap exploris 480;AC=MS:1003028	NT=TMT6plex;AC=UNIMOD:737;TA=K;MT=Fixed	NT=Trypsin;AC=MS:1001251	NT=collision-induced dissociation;AC=MS:1000133	28% NCE	1	1	230405_S001_OE480_DIA_25cm_1h_1ug_CoE_H1002_0046_NP1.raw	ftp://ftp.pride.ebi.ac.uk/pride/data/archive/2026/09/PXD067951/230405_S001_OE480_DIA_25cm_1h_1ug_CoE_H1002_0046_NP1.raw	v1.1.0	NT=ms-proteomics;VV=v1.1.0	NT=clinical-metadata;VV=v1.0.0	NT=dia-acquisition;VV=v1.1.0	manual curation	blood
230405_S001_OE480_DIA_25cm_1h_1ug_CoE_H1002_0036_NP3	homo sapiens	blood	not applicable	mild cognitive impairment	1	230405_S001_OE480_DIA_25cm_1h_1ug_CoE_H1002_0036_NP3	proteomic profiling by mass spectrometry	Data-independent acquisition	NT=isotope labeling;AC=PRIDE:0000310	NT=orbitrap exploris 480;AC=MS:1003028	NT=TMT6plex;AC=UNIMOD:737;TA=K;MT=Fixed	NT=Trypsin;AC=MS:1001251	NT=collision-induced dissociation;AC=MS:1000133	28% NCE	1	1	230405_S001_OE480_DIA_25cm_1h_1ug_CoE_H1002_0036_NP3.raw	ftp://ftp.pride.ebi.ac.uk/pride/data/archive/2026/09/PXD067951/230405_S001_OE480_DIA_25cm_1h_1ug_CoE_H1002_0036_NP3.raw	v1.1.0	NT=ms-proteomics;VV=v1.1.0	NT=clinical-metadata;VV=v1.0.0	NT=dia-acquisition;VV=v1.1.0	manual curation	blood
230405_S001_OE480_DIA_25cm_1h_1ug_CoE_H1002_0022_NP3	homo sapiens	blood	not applicable	mild cognitive impairment	1	230405_S001_OE480_DIA_25cm_1h_1ug_CoE_H1002_0022_NP3	proteomic profiling by mass spectrometry	Data-independent acquisition	NT=isotope labeling;AC=PRIDE:0000310	NT=orbitrap exploris 480;AC=MS:1003028	NT=TMT6plex;AC=UNIMOD:737;TA=K;MT=Fixed	NT=Trypsin;AC=MS:1001251	NT=collision-induced dissociation;AC=MS:1000133	28% NCE	1	1	230405_S001_OE480_DIA_25cm_1h_1ug_CoE_H1002_0022_NP3.raw	ftp://ftp.pride.ebi.ac.uk/pride/data/archive/2026/09/PXD067951/230405_S001_OE480_DIA_25cm_1h_1ug_CoE_H1002_0022_NP3.raw	v1.1.0	NT=ms-proteomics;VV=v1.1.0	NT=clinical-metadata;VV=v1.0.0	NT=dia-acquisition;VV=v1.1.0	manual curation	blood
230210_S001_OE480_DIA_25cm_1h_350ng_CoE_H1002_0029_NP4	homo sapiens	blood	not applicable	mild cognitive impairment	1	230210_S001_OE480_DIA_25cm_1h_350ng_CoE_H1002_0029_NP4	proteomic profiling by mass spectrometry	Data-independent acquisition	NT=isotope labeling;AC=PRIDE:0000310	NT=orbitrap exploris 480;AC=MS:1003028	NT=TMT6plex;AC=UNIMOD:737;TA=K;MT=Fixed	NT=Trypsin;AC=MS:1001251	NT=collision-induced dissociation;AC=MS:1000133	28% NCE	1	1	230210_S001_OE480_DIA_25cm_1h_350ng_CoE_H1002_0029_NP4.raw	ftp://ftp.pride.ebi.ac.uk/pride/data/archive/2026/09/PXD067951/230210_S001_OE480_DIA_25cm_1h_350ng_CoE_H1002_0029_NP4.raw	v1.1.0	NT=ms-proteomics;VV=v1.1.0	NT=clinical-metadata;VV=v1.0.0	NT=dia-acquisition;VV=v1.1.0	manual curation	blood
230405_S001_OE480_DIA_25cm_1h_1ug_CoE_H1002_0017_NP1	homo sapiens	blood	not applicable	mild cognitive impairment	1	230405_S001_OE480_DIA_25cm_1h_1ug_CoE_H1002_0017_NP1	proteomic profiling by mass spectrometry	Data-independent acquisition	NT=isotope labeling;AC=PRIDE:0000310	NT=orbitrap exploris 480;AC=MS:1003028	NT=TMT6plex;AC=UNIMOD:737;TA=K;MT=Fixed	NT=Trypsin;AC=MS:1001251	NT=collision-induced dissociation;AC=MS:1000133	28% NCE	1	1	230405_S001_OE480_DIA_25cm_1h_1ug_CoE_H1002_0017_NP1.raw	ftp://ftp.pride.ebi.ac.uk/pride/data/archive/2026/09/PXD067951/230405_S001_OE480_DIA_25cm_1h_1ug_CoE_H1002_0017_NP1.raw	v1.1.0	NT=ms-proteomics;VV=v1.1.0	NT=clinical-metadata;VV=v1.0.0	NT=dia-acquisition;VV=v1.1.0	manual curation	blood
230405_S001_OE480_DIA_25cm_1h_1ug_CoE_H1002_0051_NP2	homo sapiens	blood	not applicable	mild cognitive impairment	1	230405_S001_OE480_DIA_25cm_1h_1ug_CoE_H1002_0051_NP2	proteomic profiling by mass spectrometry	Data-independent acquisition	NT=isotope labeling;AC=PRIDE:0000310	NT=orbitrap exploris 480;AC=MS:1003028	NT=TMT6plex;AC=UNIMOD:737;TA=K;MT=Fixed	NT=Trypsin;AC=MS:1001251	NT=collision-induced dissociation;AC=MS:1000133	28% NCE	1	1	230405_S001_OE480_DIA_25cm_1h_1ug_CoE_H1002_0051_NP2.raw	ftp://ftp.pride.ebi.ac.uk/pride/data/archive/2026/09/PXD067951/230405_S001_OE480_DIA_25cm_1h_1ug_CoE_H1002_0051_NP2.raw	v1.1.0	NT=ms-proteomics;VV=v1.1.0	NT=clinical-metadata;VV=v1.0.0	NT=dia-acquisition;VV=v1.1.0	manual curation	blood
230405_S001_OE480_DIA_25cm_1h_1ug_CoE_H1002_0015_NP5	homo sapiens	blood	not applicable	mild cognitive impairment	1	230405_S001_OE480_DIA_25cm_1h_1ug_CoE_H1002_0015_NP5	proteomic profiling by mass spectrometry	Data-independent acquisition	NT=isotope labeling;AC=PRIDE:0000310	NT=orbitrap exploris 480;AC=MS:1003028	NT=TMT6plex;AC=UNIMOD:737;TA=K;MT=Fixed	NT=Trypsin;AC=MS:1001251	NT=collision-induced dissociation;AC=MS:1000133	28% NCE	1	1	230405_S001_OE480_DIA_25cm_1h_1ug_CoE_H1002_0015_NP5.raw	ftp://ftp.pride.ebi.ac.uk/pride/data/archive/2026/09/PXD067951/230405_S001_OE480_DIA_25cm_1h_1ug_CoE_H1002_0015_NP5.raw	v1.1.0	NT=ms-proteomics;VV=v1.1.0	NT=clinical-metadata;VV=v1.0.0	NT=dia-acquisition;VV=v1.1.0	manual curation	blood
230405_S001_OE480_DIA_25cm_1h_1ug_CoE_H1002_0021_NP3	homo sapiens	blood	not applicable	mild cognitive impairment	1	230405_S001_OE480_DIA_25cm_1h_1ug_CoE_H1002_0021_NP3	proteomic profiling by mass spectrometry	Data-independent acquisition	NT=isotope labeling;AC=PRIDE:0000310	NT=orbitrap exploris 480;AC=MS:1003028	NT=TMT6plex;AC=UNIMOD:737;TA=K;MT=Fixed	NT=Trypsin;AC=MS:1001251	NT=collision-induced dissociation;AC=MS:1000133	28% NCE	1	1	230405_S001_OE480_DIA_25cm_1h_1ug_CoE_H1002_0021_NP3.raw	ftp://ftp.pride.ebi.ac.uk/pride/data/archive/2026/09/PXD067951/230405_S001_OE480_DIA_25cm_1h_1ug_CoE_H1002_0021_NP3.raw	v1.1.0	NT=ms-proteomics;VV=v1.1.0	NT=clinical-metadata;VV=v1.0.0	NT=dia-acquisition;VV=v1.1.0	manual curation	blood
230405_S001_OE480_DIA_25cm_1h_1ug_CoE_H1002_0047_NP1	homo sapiens	blood	not applicable	mild cognitive impairment	1	230405_S001_OE480_DIA_25cm_1h_1ug_CoE_H1002_0047_NP1	proteomic profiling by mass spectrometry	Data-independent acquisition	NT=isotope labeling;AC=PRIDE:0000310	NT=orbitrap exploris 480;AC=MS:1003028	NT=TMT6plex;AC=UNIMOD:737;TA=K;MT=Fixed	NT=Trypsin;AC=MS:1001251	NT=collision-induced dissociation;AC=MS:1000133	28% NCE	1	1	230405_S001_OE480_DIA_25cm_1h_1ug_CoE_H1002_0047_NP1.raw	ftp://ftp.pride.ebi.ac.uk/pride/data/archive/2026/09/PXD067951/230405_S001_OE480_DIA_25cm_1h_1ug_CoE_H1002_0047_NP1.raw	v1.1.0	NT=ms-proteomics;VV=v1.1.0	NT=clinical-metadata;VV=v1.0.0	NT=dia-acquisition;VV=v1.1.0	manual curation	blood
230405_S001_OE480_DIA_25cm_1h_1ug_CoE_H1002_0049_NP1	homo sapiens	blood	not applicable	mild cognitive impairment	1	230405_S001_OE480_DIA_25cm_1h_1ug_CoE_H1002_0049_NP1	proteomic profiling by mass spectrometry	Data-independent acquisition	NT=isotope labeling;AC=PRIDE:0000310	NT=orbitrap exploris 480;AC=MS:1003028	NT=TMT6plex;AC=UNIMOD:737;TA=K;MT=Fixed	NT=Trypsin;AC=MS:1001251	NT=collision-induced dissociation;AC=MS:1000133	28% NCE	1	1	230405_S001_OE480_DIA_25cm_1h_1ug_CoE_H1002_0049_NP1.raw	ftp://ftp.pride.ebi.ac.uk/pride/data/archive/2026/09/PXD067951/230405_S001_OE480_DIA_25cm_1h_1ug_CoE_H1002_0049_NP1.raw	v1.1.0	NT=ms-proteomics;VV=v1.1.0	NT=clinical-metadata;VV=v1.0.0	NT=dia-acquisition;VV=v1.1.0	manual curation	blood
230405_S001_OE480_DIA_25cm_1h_1ug_CoE_H1002_0048_NP5	homo sapiens	blood	not applicable	mild cognitive impairment	1	230405_S001_OE480_DIA_25cm_1h_1ug_CoE_H1002_0048_NP5	proteomic profiling by mass spectrometry	Data-independent acquisition	NT=isotope labeling;AC=PRIDE:0000310	NT=orbitrap exploris 480;AC=MS:1003028	NT=TMT6plex;AC=UNIMOD:737;TA=K;MT=Fixed	NT=Trypsin;AC=MS:1001251	NT=collision-induced dissociation;AC=MS:1000133	28% NCE	1	1	230405_S001_OE480_DIA_25cm_1h_1ug_CoE_H1002_0048_NP5.raw	ftp://ftp.pride.ebi.ac.uk/pride/data/archive/2026/09/PXD067951/230405_S001_OE480_DIA_25cm_1h_1ug_CoE_H1002_0048_NP5.raw	v1.1.0	NT=ms-proteomics;VV=v1.1.0	NT=clinical-metadata;VV=v1.0.0	NT=dia-acquisition;VV=v1.1.0	manual curation	blood
230405_S001_OE480_DIA_25cm_1h_1ug_CoE_H1002_0027_NP1	homo sapiens	blood	not applicable	mild cognitive impairment	1	230405_S001_OE480_DIA_25cm_1h_1ug_CoE_H1002_0027_NP1	proteomic profiling by mass spectrometry	Data-independent acquisition	NT=isotope labeling;AC=PRIDE:0000310	NT=orbitrap exploris 480;AC=MS:1003028	NT=TMT6plex;AC=UNIMOD:737;TA=K;MT=Fixed	NT=Trypsin;AC=MS:1001251	NT=collision-induced dissociation;AC=MS:1000133	28% NCE	1	1	230405_S001_OE480_DIA_25cm_1h_1ug_CoE_H1002_0027_NP1.raw	ftp://ftp.pride.ebi.ac.uk/pride/data/archive/2026/09/PXD067951/230405_S001_OE480_DIA_25cm_1h_1ug_CoE_H1002_0027_NP1.raw	v1.1.0	NT=ms-proteomics;VV=v1.1.0	NT=clinical-metadata;VV=v1.0.0	NT=dia-acquisition;VV=v1.1.0	manual curation	blood
230405_S001_OE480_DIA_25cm_1h_1ug_CoE_H1002_0041_NP3	homo sapiens	blood	not applicable	mild cognitive impairment	1	230405_S001_OE480_DIA_25cm_1h_1ug_CoE_H1002_0041_NP3	proteomic profiling by mass spectrometry	Data-independent acquisition	NT=isotope labeling;AC=PRIDE:0000310	NT=orbitrap exploris 480;AC=MS:1003028	NT=TMT6plex;AC=UNIMOD:737;TA=K;MT=Fixed	NT=Trypsin;AC=MS:1001251	NT=collision-induced dissociation;AC=MS:1000133	28% NCE	1	1	230405_S001_OE480_DIA_25cm_1h_1ug_CoE_H1002_0041_NP3.raw	ftp://ftp.pride.ebi.ac.uk/pride/data/archive/2026/09/PXD067951/230405_S001_OE480_DIA_25cm_1h_1ug_CoE_H1002_0041_NP3.raw	v1.1.0	NT=ms-proteomics;VV=v1.1.0	NT=clinical-metadata;VV=v1.0.0	NT=dia-acquisition;VV=v1.1.0	manual curation	blood
230405_S001_OE480_DIA_25cm_1h_1ug_CoE_H1002_0048_NP2	homo sapiens	blood	not applicable	mild cognitive impairment	1	230405_S001_OE480_DIA_25cm_1h_1ug_CoE_H1002_0048_NP2	proteomic profiling by mass spectrometry	Data-independent acquisition	NT=isotope labeling;AC=PRIDE:0000310	NT=orbitrap exploris 480;AC=MS:1003028	NT=TMT6plex;AC=UNIMOD:737;TA=K;MT=Fixed	NT=Trypsin;AC=MS:1001251	NT=collision-induced dissociation;AC=MS:1000133	28% NCE	1	1	230405_S001_OE480_DIA_25cm_1h_1ug_CoE_H1002_0048_NP2.raw	ftp://ftp.pride.ebi.ac.uk/pride/data/archive/2026/09/PXD067951/230405_S001_OE480_DIA_25cm_1h_1ug_CoE_H1002_0048_NP2.raw	v1.1.0	NT=ms-proteomics;VV=v1.1.0	NT=clinical-metadata;VV=v1.0.0	NT=dia-acquisition;VV=v1.1.0	manual curation	blood
230210_S001_OE480_DIA_25cm_1h_350ng_CoE_H1002_0054_NP4	homo sapiens	blood	not applicable	mild cognitive impairment	1	230210_S001_OE480_DIA_25cm_1h_350ng_CoE_H1002_0054_NP4	proteomic profiling by mass spectrometry	Data-independent acquisition	NT=isotope labeling;AC=PRIDE:0000310	NT=orbitrap exploris 480;AC=MS:1003028	NT=TMT6plex;AC=UNIMOD:737;TA=K;MT=Fixed	NT=Trypsin;AC=MS:1001251	NT=collision-induced dissociation;AC=MS:1000133	28% NCE	1	1	230210_S001_OE480_DIA_25cm_1h_350ng_CoE_H1002_0054_NP4.raw	ftp://ftp.pride.ebi.ac.uk/pride/data/archive/2026/09/PXD067951/230210_S001_OE480_DIA_25cm_1h_350ng_CoE_H1002_0054_NP4.raw	v1.1.0	NT=ms-proteomics;VV=v1.1.0	NT=clinical-metadata;VV=v1.0.0	NT=dia-acquisition;VV=v1.1.0	manual curation	blood
230405_S001_OE480_DIA_25cm_1h_1ug_CoE_H1002_0001_NP1	homo sapiens	blood	not applicable	mild cognitive impairment	1	230405_S001_OE480_DIA_25cm_1h_1ug_CoE_H1002_0001_NP1	proteomic profiling by mass spectrometry	Data-independent acquisition	NT=isotope labeling;AC=PRIDE:0000310	NT=orbitrap exploris 480;AC=MS:1003028	NT=TMT6plex;AC=UNIMOD:737;TA=K;MT=Fixed	NT=Trypsin;AC=MS:1001251	NT=collision-induced dissociation;AC=MS:1000133	28% NCE	1	1	230405_S001_OE480_DIA_25cm_1h_1ug_CoE_H1002_0001_NP1.raw	ftp://ftp.pride.ebi.ac.uk/pride/data/archive/2026/09/PXD067951/230405_S001_OE480_DIA_25cm_1h_1ug_CoE_H1002_0001_NP1.raw	v1.1.0	NT=ms-proteomics;VV=v1.1.0	NT=clinical-metadata;VV=v1.0.0	NT=dia-acquisition;VV=v1.1.0	manual curation	blood
230405_S001_OE480_DIA_25cm_1h_1ug_CoE_H1002_0015_NP2	homo sapiens	blood	not applicable	mild cognitive impairment	1	230405_S001_OE480_DIA_25cm_1h_1ug_CoE_H1002_0015_NP2	proteomic profiling by mass spectrometry	Data-independent acquisition	NT=isotope labeling;AC=PRIDE:0000310	NT=orbitrap exploris 480;AC=MS:1003028	NT=TMT6plex;AC=UNIMOD:737;TA=K;MT=Fixed	NT=Trypsin;AC=MS:1001251	NT=collision-induced dissociation;AC=MS:1000133	28% NCE	1	1	230405_S001_OE480_DIA_25cm_1h_1ug_CoE_H1002_0015_NP2.raw	ftp://ftp.pride.ebi.ac.uk/pride/data/archive/2026/09/PXD067951/230405_S001_OE480_DIA_25cm_1h_1ug_CoE_H1002_0015_NP2.raw	v1.1.0	NT=ms-proteomics;VV=v1.1.0	NT=clinical-metadata;VV=v1.0.0	NT=dia-acquisition;VV=v1.1.0	manual curation	blood
230405_S001_OE480_DIA_25cm_1h_1ug_CoE_H1002_0038_NP1	homo sapiens	blood	not applicable	mild cognitive impairment	1	230405_S001_OE480_DIA_25cm_1h_1ug_CoE_H1002_0038_NP1	proteomic profiling by mass spectrometry	Data-independent acquisition	NT=isotope labeling;AC=PRIDE:0000310	NT=orbitrap exploris 480;AC=MS:1003028	NT=TMT6plex;AC=UNIMOD:737;TA=K;MT=Fixed	NT=Trypsin;AC=MS:1001251	NT=collision-induced dissociation;AC=MS:1000133	28% NCE	1	1	230405_S001_OE480_DIA_25cm_1h_1ug_CoE_H1002_0038_NP1.raw	ftp://ftp.pride.ebi.ac.uk/pride/data/archive/2026/09/PXD067951/230405_S001_OE480_DIA_25cm_1h_1ug_CoE_H1002_0038_NP1.raw	v1.1.0	NT=ms-proteomics;VV=v1.1.0	NT=clinical-metadata;VV=v1.0.0	NT=dia-acquisition;VV=v1.1.0	manual curation	blood
230210_S001_OE480_DIA_25cm_1h_350ng_CoE_H1002_0032_NP4	homo sapiens	blood	not applicable	mild cognitive impairment	1	230210_S001_OE480_DIA_25cm_1h_350ng_CoE_H1002_0032_NP4	proteomic profiling by mass spectrometry	Data-independent acquisition	NT=isotope labeling;AC=PRIDE:0000310	NT=orbitrap exploris 480;AC=MS:1003028	NT=TMT6plex;AC=UNIMOD:737;TA=K;MT=Fixed	NT=Trypsin;AC=MS:1001251	NT=collision-induced dissociation;AC=MS:1000133	28% NCE	1	1	230210_S001_OE480_DIA_25cm_1h_350ng_CoE_H1002_0032_NP4.raw	ftp://ftp.pride.ebi.ac.uk/pride/data/archive/2026/09/PXD067951/230210_S001_OE480_DIA_25cm_1h_350ng_CoE_H1002_0032_NP4.raw	v1.1.0	NT=ms-proteomics;VV=v1.1.0	NT=clinical-metadata;VV=v1.0.0	NT=dia-acquisition;VV=v1.1.0	manual curation	blood
230210_S001_OE480_DIA_25cm_1h_350ng_CoE_H1002_0017_1_NP4	homo sapiens	blood	not applicable	mild cognitive impairment	1	230210_S001_OE480_DIA_25cm_1h_350ng_CoE_H1002_0017_1_NP4	proteomic profiling by mass spectrometry	Data-independent acquisition	NT=isotope labeling;AC=PRIDE:0000310	NT=orbitrap exploris 480;AC=MS:1003028	NT=TMT6plex;AC=UNIMOD:737;TA=K;MT=Fixed	NT=Trypsin;AC=MS:1001251	NT=collision-induced dissociation;AC=MS:1000133	28% NCE	1	1	230210_S001_OE480_DIA_25cm_1h_350ng_CoE_H1002_0017_1_NP4.raw	ftp://ftp.pride.ebi.ac.uk/pride/data/archive/2026/09/PXD067951/230210_S001_OE480_DIA_25cm_1h_350ng_CoE_H1002_0017_1_NP4.raw	v1.1.0	NT=ms-proteomics;VV=v1.1.0	NT=clinical-metadata;VV=v1.0.0	NT=dia-acquisition;VV=v1.1.0	manual curation	blood
230405_S001_OE480_DIA_25cm_1h_1ug_CoE_H1002_0032_NP3	homo sapiens	blood	not applicable	mild cognitive impairment	1	230405_S001_OE480_DIA_25cm_1h_1ug_CoE_H1002_0032_NP3	proteomic profiling by mass spectrometry	Data-independent acquisition	NT=isotope labeling;AC=PRIDE:0000310	NT=orbitrap exploris 480;AC=MS:1003028	NT=TMT6plex;AC=UNIMOD:737;TA=K;MT=Fixed	NT=Trypsin;AC=MS:1001251	NT=collision-induced dissociation;AC=MS:1000133	28% NCE	1	1	230405_S001_OE480_DIA_25cm_1h_1ug_CoE_H1002_0032_NP3.raw	ftp://ftp.pride.ebi.ac.uk/pride/data/archive/2026/09/PXD067951/230405_S001_OE480_DIA_25cm_1h_1ug_CoE_H1002_0032_NP3.raw	v1.1.0	NT=ms-proteomics;VV=v1.1.0	NT=clinical-metadata;VV=v1.0.0	NT=dia-acquisition;VV=v1.1.0	manual curation	blood
230405_S001_OE480_DIA_25cm_1h_1ug_CoE_H1002_0026_NP5	homo sapiens	blood	not applicable	mild cognitive impairment	1	230405_S001_OE480_DIA_25cm_1h_1ug_CoE_H1002_0026_NP5	proteomic profiling by mass spectrometry	Data-independent acquisition	NT=isotope labeling;AC=PRIDE:0000310	NT=orbitrap exploris 480;AC=MS:1003028	NT=TMT6plex;AC=UNIMOD:737;TA=K;MT=Fixed	NT=Trypsin;AC=MS:1001251	NT=collision-induced dissociation;AC=MS:1000133	28% NCE	1	1	230405_S001_OE480_DIA_25cm_1h_1ug_CoE_H1002_0026_NP5.raw	ftp://ftp.pride.ebi.ac.uk/pride/data/archive/2026/09/PXD067951/230405_S001_OE480_DIA_25cm_1h_1ug_CoE_H1002_0026_NP5.raw	v1.1.0	NT=ms-proteomics;VV=v1.1.0	NT=clinical-metadata;VV=v1.0.0	NT=dia-acquisition;VV=v1.1.0	manual curation	blood
230405_S001_OE480_DIA_25cm_1h_1ug_CoE_H1002_0056_NP1	homo sapiens	blood	not applicable	mild cognitive impairment	1	230405_S001_OE480_DIA_25cm_1h_1ug_CoE_H1002_0056_NP1	proteomic profiling by mass spectrometry	Data-independent acquisition	NT=isotope labeling;AC=PRIDE:0000310	NT=orbitrap exploris 480;AC=MS:1003028	NT=TMT6plex;AC=UNIMOD:737;TA=K;MT=Fixed	NT=Trypsin;AC=MS:1001251	NT=collision-induced dissociation;AC=MS:1000133	28% NCE	1	1	230405_S001_OE480_DIA_25cm_1h_1ug_CoE_H1002_0056_NP1.raw	ftp://ftp.pride.ebi.ac.uk/pride/data/archive/2026/09/PXD067951/230405_S001_OE480_DIA_25cm_1h_1ug_CoE_H1002_0056_NP1.raw	v1.1.0	NT=ms-proteomics;VV=v1.1.0	NT=clinical-metadata;VV=v1.0.0	NT=dia-acquisition;VV=v1.1.0	manual curation	blood
230210_S001_OE480_DIA_25cm_1h_350ng_CoE_H1002_0005_NP4	homo sapiens	blood	not applicable	mild cognitive impairment	1	230210_S001_OE480_DIA_25cm_1h_350ng_CoE_H1002_0005_NP4	proteomic profiling by mass spectrometry	Data-independent acquisition	NT=isotope labeling;AC=PRIDE:0000310	NT=orbitrap exploris 480;AC=MS:1003028	NT=TMT6plex;AC=UNIMOD:737;TA=K;MT=Fixed	NT=Trypsin;AC=MS:1001251	NT=collision-induced dissociation;AC=MS:1000133	28% NCE	1	1	230210_S001_OE480_DIA_25cm_1h_350ng_CoE_H1002_0005_NP4.raw	ftp://ftp.pride.ebi.ac.uk/pride/data/archive/2026/09/PXD067951/230210_S001_OE480_DIA_25cm_1h_350ng_CoE_H1002_0005_NP4.raw	v1.1.0	NT=ms-proteomics;VV=v1.1.0	NT=clinical-metadata;VV=v1.0.0	NT=dia-acquisition;VV=v1.1.0	manual curation	blood
230405_S001_OE480_DIA_25cm_1h_1ug_CoE_H1002_0015_NP1	homo sapiens	blood	not applicable	mild cognitive impairment	1	230405_S001_OE480_DIA_25cm_1h_1ug_CoE_H1002_0015_NP1	proteomic profiling by mass spectrometry	Data-independent acquisition	NT=isotope labeling;AC=PRIDE:0000310	NT=orbitrap exploris 480;AC=MS:1003028	NT=TMT6plex;AC=UNIMOD:737;TA=K;MT=Fixed	NT=Trypsin;AC=MS:1001251	NT=collision-induced dissociation;AC=MS:1000133	28% NCE	1	1	230405_S001_OE480_DIA_25cm_1h_1ug_CoE_H1002_0015_NP1.raw	ftp://ftp.pride.ebi.ac.uk/pride/data/archive/2026/09/PXD067951/230405_S001_OE480_DIA_25cm_1h_1ug_CoE_H1002_0015_NP1.raw	v1.1.0	NT=ms-proteomics;VV=v1.1.0	NT=clinical-metadata;VV=v1.0.0	NT=dia-acquisition;VV=v1.1.0	manual curation	blood
230210_S001_OE480_DIA_25cm_1h_350ng_CoE_H1002_0037_NP4	homo sapiens	blood	not applicable	mild cognitive impairment	1	230210_S001_OE480_DIA_25cm_1h_350ng_CoE_H1002_0037_NP4	proteomic profiling by mass spectrometry	Data-independent acquisition	NT=isotope labeling;AC=PRIDE:0000310	NT=orbitrap exploris 480;AC=MS:1003028	NT=TMT6plex;AC=UNIMOD:737;TA=K;MT=Fixed	NT=Trypsin;AC=MS:1001251	NT=collision-induced dissociation;AC=MS:1000133	28% NCE	1	1	230210_S001_OE480_DIA_25cm_1h_350ng_CoE_H1002_0037_NP4.raw	ftp://ftp.pride.ebi.ac.uk/pride/data/archive/2026/09/PXD067951/230210_S001_OE480_DIA_25cm_1h_350ng_CoE_H1002_0037_NP4.raw	v1.1.0	NT=ms-proteomics;VV=v1.1.0	NT=clinical-metadata;VV=v1.0.0	NT=dia-acquisition;VV=v1.1.0	manual curation	blood
230405_S001_OE480_DIA_25cm_1h_1ug_CoE_H1002_0028_NP2	homo sapiens	blood	not applicable	mild cognitive impairment	1	230405_S001_OE480_DIA_25cm_1h_1ug_CoE_H1002_0028_NP2	proteomic profiling by mass spectrometry	Data-independent acquisition	NT=isotope labeling;AC=PRIDE:0000310	NT=orbitrap exploris 480;AC=MS:1003028	NT=TMT6plex;AC=UNIMOD:737;TA=K;MT=Fixed	NT=Trypsin;AC=MS:1001251	NT=collision-induced dissociation;AC=MS:1000133	28% NCE	1	1	230405_S001_OE480_DIA_25cm_1h_1ug_CoE_H1002_0028_NP2.raw	ftp://ftp.pride.ebi.ac.uk/pride/data/archive/2026/09/PXD067951/230405_S001_OE480_DIA_25cm_1h_1ug_CoE_H1002_0028_NP2.raw	v1.1.0	NT=ms-proteomics;VV=v1.1.0	NT=clinical-metadata;VV=v1.0.0	NT=dia-acquisition;VV=v1.1.0	manual curation	blood
230405_S001_OE480_DIA_25cm_1h_1ug_CoE_H1002_0006_NP1	homo sapiens	blood	not applicable	mild cognitive impairment	1	230405_S001_OE480_DIA_25cm_1h_1ug_CoE_H1002_0006_NP1	proteomic profiling by mass spectrometry	Data-independent acquisition	NT=isotope labeling;AC=PRIDE:0000310	NT=orbitrap exploris 480;AC=MS:1003028	NT=TMT6plex;AC=UNIMOD:737;TA=K;MT=Fixed	NT=Trypsin;AC=MS:1001251	NT=collision-induced dissociation;AC=MS:1000133	28% NCE	1	1	230405_S001_OE480_DIA_25cm_1h_1ug_CoE_H1002_0006_NP1.raw	ftp://ftp.pride.ebi.ac.uk/pride/data/archive/2026/09/PXD067951/230405_S001_OE480_DIA_25cm_1h_1ug_CoE_H1002_0006_NP1.raw	v1.1.0	NT=ms-proteomics;VV=v1.1.0	NT=clinical-metadata;VV=v1.0.0	NT=dia-acquisition;VV=v1.1.0	manual curation	blood
230405_S001_OE480_DIA_25cm_1h_1ug_CoE_H1002_0044_NP1	homo sapiens	blood	not applicable	mild cognitive impairment	1	230405_S001_OE480_DIA_25cm_1h_1ug_CoE_H1002_0044_NP1	proteomic profiling by mass spectrometry	Data-independent acquisition	NT=isotope labeling;AC=PRIDE:0000310	NT=orbitrap exploris 480;AC=MS:1003028	NT=TMT6plex;AC=UNIMOD:737;TA=K;MT=Fixed	NT=Trypsin;AC=MS:1001251	NT=collision-induced dissociation;AC=MS:1000133	28% NCE	1	1	230405_S001_OE480_DIA_25cm_1h_1ug_CoE_H1002_0044_NP1.raw	ftp://ftp.pride.ebi.ac.uk/pride/data/archive/2026/09/PXD067951/230405_S001_OE480_DIA_25cm_1h_1ug_CoE_H1002_0044_NP1.raw	v1.1.0	NT=ms-proteomics;VV=v1.1.0	NT=clinical-metadata;VV=v1.0.0	NT=dia-acquisition;VV=v1.1.0	manual curation	blood
230405_S001_OE480_DIA_25cm_1h_1ug_CoE_H1002_0016_NP2	homo sapiens	blood	not applicable	mild cognitive impairment	1	230405_S001_OE480_DIA_25cm_1h_1ug_CoE_H1002_0016_NP2	proteomic profiling by mass spectrometry	Data-independent acquisition	NT=isotope labeling;AC=PRIDE:0000310	NT=orbitrap exploris 480;AC=MS:1003028	NT=TMT6plex;AC=UNIMOD:737;TA=K;MT=Fixed	NT=Trypsin;AC=MS:1001251	NT=collision-induced dissociation;AC=MS:1000133	28% NCE	1	1	230405_S001_OE480_DIA_25cm_1h_1ug_CoE_H1002_0016_NP2.raw	ftp://ftp.pride.ebi.ac.uk/pride/data/archive/2026/09/PXD067951/230405_S001_OE480_DIA_25cm_1h_1ug_CoE_H1002_0016_NP2.raw	v1.1.0	NT=ms-proteomics;VV=v1.1.0	NT=clinical-metadata;VV=v1.0.0	NT=dia-acquisition;VV=v1.1.0	manual curation	blood
230405_S001_OE480_DIA_25cm_1h_1ug_CoE_H1002_0017_NP2	homo sapiens	blood	not applicable	mild cognitive impairment	1	230405_S001_OE480_DIA_25cm_1h_1ug_CoE_H1002_0017_NP2	proteomic profiling by mass spectrometry	Data-independent acquisition	NT=isotope labeling;AC=PRIDE:0000310	NT=orbitrap exploris 480;AC=MS:1003028	NT=TMT6plex;AC=UNIMOD:737;TA=K;MT=Fixed	NT=Trypsin;AC=MS:1001251	NT=collision-induced dissociation;AC=MS:1000133	28% NCE	1	1	230405_S001_OE480_DIA_25cm_1h_1ug_CoE_H1002_0017_NP2.raw	ftp://ftp.pride.ebi.ac.uk/pride/data/archive/2026/09/PXD067951/230405_S001_OE480_DIA_25cm_1h_1ug_CoE_H1002_0017_NP2.raw	v1.1.0	NT=ms-proteomics;VV=v1.1.0	NT=clinical-metadata;VV=v1.0.0	NT=dia-acquisition;VV=v1.1.0	manual curation	blood
230405_S001_OE480_DIA_25cm_1h_1ug_CoE_H1002_0020_NP2	homo sapiens	blood	not applicable	mild cognitive impairment	1	230405_S001_OE480_DIA_25cm_1h_1ug_CoE_H1002_0020_NP2	proteomic profiling by mass spectrometry	Data-independent acquisition	NT=isotope labeling;AC=PRIDE:0000310	NT=orbitrap exploris 480;AC=MS:1003028	NT=TMT6plex;AC=UNIMOD:737;TA=K;MT=Fixed	NT=Trypsin;AC=MS:1001251	NT=collision-induced dissociation;AC=MS:1000133	28% NCE	1	1	230405_S001_OE480_DIA_25cm_1h_1ug_CoE_H1002_0020_NP2.raw	ftp://ftp.pride.ebi.ac.uk/pride/data/archive/2026/09/PXD067951/230405_S001_OE480_DIA_25cm_1h_1ug_CoE_H1002_0020_NP2.raw	v1.1.0	NT=ms-proteomics;VV=v1.1.0	NT=clinical-metadata;VV=v1.0.0	NT=dia-acquisition;VV=v1.1.0	manual curation	blood
230405_S001_OE480_DIA_25cm_1h_1ug_CoE_H1002_0018_NP1	homo sapiens	blood	not applicable	mild cognitive impairment	1	230405_S001_OE480_DIA_25cm_1h_1ug_CoE_H1002_0018_NP1	proteomic profiling by mass spectrometry	Data-independent acquisition	NT=isotope labeling;AC=PRIDE:0000310	NT=orbitrap exploris 480;AC=MS:1003028	NT=TMT6plex;AC=UNIMOD:737;TA=K;MT=Fixed	NT=Trypsin;AC=MS:1001251	NT=collision-induced dissociation;AC=MS:1000133	28% NCE	1	1	230405_S001_OE480_DIA_25cm_1h_1ug_CoE_H1002_0018_NP1.raw	ftp://ftp.pride.ebi.ac.uk/pride/data/archive/2026/09/PXD067951/230405_S001_OE480_DIA_25cm_1h_1ug_CoE_H1002_0018_NP1.raw	v1.1.0	NT=ms-proteomics;VV=v1.1.0	NT=clinical-metadata;VV=v1.0.0	NT=dia-acquisition;VV=v1.1.0	manual curation	blood
230210_S001_OE480_DIA_25cm_1h_350ng_CoE_H1002_0002_NP4	homo sapiens	blood	not applicable	mild cognitive impairment	1	230210_S001_OE480_DIA_25cm_1h_350ng_CoE_H1002_0002_NP4	proteomic profiling by mass spectrometry	Data-independent acquisition	NT=isotope labeling;AC=PRIDE:0000310	NT=orbitrap exploris 480;AC=MS:1003028	NT=TMT6plex;AC=UNIMOD:737;TA=K;MT=Fixed	NT=Trypsin;AC=MS:1001251	NT=collision-induced dissociation;AC=MS:1000133	28% NCE	1	1	230210_S001_OE480_DIA_25cm_1h_350ng_CoE_H1002_0002_NP4.raw	ftp://ftp.pride.ebi.ac.uk/pride/data/archive/2026/09/PXD067951/230210_S001_OE480_DIA_25cm_1h_350ng_CoE_H1002_0002_NP4.raw	v1.1.0	NT=ms-proteomics;VV=v1.1.0	NT=clinical-metadata;VV=v1.0.0	NT=dia-acquisition;VV=v1.1.0	manual curation	blood
230405_S001_OE480_DIA_25cm_1h_1ug_CoE_H1002_0030_NP1	homo sapiens	blood	not applicable	mild cognitive impairment	1	230405_S001_OE480_DIA_25cm_1h_1ug_CoE_H1002_0030_NP1	proteomic profiling by mass spectrometry	Data-independent acquisition	NT=isotope labeling;AC=PRIDE:0000310	NT=orbitrap exploris 480;AC=MS:1003028	NT=TMT6plex;AC=UNIMOD:737;TA=K;MT=Fixed	NT=Trypsin;AC=MS:1001251	NT=collision-induced dissociation;AC=MS:1000133	28% NCE	1	1	230405_S001_OE480_DIA_25cm_1h_1ug_CoE_H1002_0030_NP1.raw	ftp://ftp.pride.ebi.ac.uk/pride/data/archive/2026/09/PXD067951/230405_S001_OE480_DIA_25cm_1h_1ug_CoE_H1002_0030_NP1.raw	v1.1.0	NT=ms-proteomics;VV=v1.1.0	NT=clinical-metadata;VV=v1.0.0	NT=dia-acquisition;VV=v1.1.0	manual curation	blood
230405_S001_OE480_DIA_25cm_1h_1ug_CoE_H1002_0015_NP3	homo sapiens	blood	not applicable	mild cognitive impairment	1	230405_S001_OE480_DIA_25cm_1h_1ug_CoE_H1002_0015_NP3	proteomic profiling by mass spectrometry	Data-independent acquisition	NT=isotope labeling;AC=PRIDE:0000310	NT=orbitrap exploris 480;AC=MS:1003028	NT=TMT6plex;AC=UNIMOD:737;TA=K;MT=Fixed	NT=Trypsin;AC=MS:1001251	NT=collision-induced dissociation;AC=MS:1000133	28% NCE	1	1	230405_S001_OE480_DIA_25cm_1h_1ug_CoE_H1002_0015_NP3.raw	ftp://ftp.pride.ebi.ac.uk/pride/data/archive/2026/09/PXD067951/230405_S001_OE480_DIA_25cm_1h_1ug_CoE_H1002_0015_NP3.raw	v1.1.0	NT=ms-proteomics;VV=v1.1.0	NT=clinical-metadata;VV=v1.0.0	NT=dia-acquisition;VV=v1.1.0	manual curation	blood
230210_S001_OE480_DIA_25cm_1h_350ng_CoE_H1002_0003_NP4	homo sapiens	blood	not applicable	mild cognitive impairment	1	230210_S001_OE480_DIA_25cm_1h_350ng_CoE_H1002_0003_NP4	proteomic profiling by mass spectrometry	Data-independent acquisition	NT=isotope labeling;AC=PRIDE:0000310	NT=orbitrap exploris 480;AC=MS:1003028	NT=TMT6plex;AC=UNIMOD:737;TA=K;MT=Fixed	NT=Trypsin;AC=MS:1001251	NT=collision-induced dissociation;AC=MS:1000133	28% NCE	1	1	230210_S001_OE480_DIA_25cm_1h_350ng_CoE_H1002_0003_NP4.raw	ftp://ftp.pride.ebi.ac.uk/pride/data/archive/2026/09/PXD067951/230210_S001_OE480_DIA_25cm_1h_350ng_CoE_H1002_0003_NP4.raw	v1.1.0	NT=ms-proteomics;VV=v1.1.0	NT=clinical-metadata;VV=v1.0.0	NT=dia-acquisition;VV=v1.1.0	manual curation	blood
230405_S001_OE480_DIA_25cm_1h_1ug_CoE_H1002_0038_NP3	homo sapiens	blood	not applicable	mild cognitive impairment	1	230405_S001_OE480_DIA_25cm_1h_1ug_CoE_H1002_0038_NP3	proteomic profiling by mass spectrometry	Data-independent acquisition	NT=isotope labeling;AC=PRIDE:0000310	NT=orbitrap exploris 480;AC=MS:1003028	NT=TMT6plex;AC=UNIMOD:737;TA=K;MT=Fixed	NT=Trypsin;AC=MS:1001251	NT=collision-induced dissociation;AC=MS:1000133	28% NCE	1	1	230405_S001_OE480_DIA_25cm_1h_1ug_CoE_H1002_0038_NP3.raw	ftp://ftp.pride.ebi.ac.uk/pride/data/archive/2026/09/PXD067951/230405_S001_OE480_DIA_25cm_1h_1ug_CoE_H1002_0038_NP3.raw	v1.1.0	NT=ms-proteomics;VV=v1.1.0	NT=clinical-metadata;VV=v1.0.0	NT=dia-acquisition;VV=v1.1.0	manual curation	blood
230405_S001_OE480_DIA_25cm_1h_1ug_CoE_H1002_0039_NP2	homo sapiens	blood	not applicable	mild cognitive impairment	1	230405_S001_OE480_DIA_25cm_1h_1ug_CoE_H1002_0039_NP2	proteomic profiling by mass spectrometry	Data-independent acquisition	NT=isotope labeling;AC=PRIDE:0000310	NT=orbitrap exploris 480;AC=MS:1003028	NT=TMT6plex;AC=UNIMOD:737;TA=K;MT=Fixed	NT=Trypsin;AC=MS:1001251	NT=collision-induced dissociation;AC=MS:1000133	28% NCE	1	1	230405_S001_OE480_DIA_25cm_1h_1ug_CoE_H1002_0039_NP2.raw	ftp://ftp.pride.ebi.ac.uk/pride/data/archive/2026/09/PXD067951/230405_S001_OE480_DIA_25cm_1h_1ug_CoE_H1002_0039_NP2.raw	v1.1.0	NT=ms-proteomics;VV=v1.1.0	NT=clinical-metadata;VV=v1.0.0	NT=dia-acquisition;VV=v1.1.0	manual curation	blood
230405_S001_OE480_DIA_25cm_1h_1ug_CoE_H1002_0016_NP1	homo sapiens	blood	not applicable	mild cognitive impairment	1	230405_S001_OE480_DIA_25cm_1h_1ug_CoE_H1002_0016_NP1	proteomic profiling by mass spectrometry	Data-independent acquisition	NT=isotope labeling;AC=PRIDE:0000310	NT=orbitrap exploris 480;AC=MS:1003028	NT=TMT6plex;AC=UNIMOD:737;TA=K;MT=Fixed	NT=Trypsin;AC=MS:1001251	NT=collision-induced dissociation;AC=MS:1000133	28% NCE	1	1	230405_S001_OE480_DIA_25cm_1h_1ug_CoE_H1002_0016_NP1.raw	ftp://ftp.pride.ebi.ac.uk/pride/data/archive/2026/09/PXD067951/230405_S001_OE480_DIA_25cm_1h_1ug_CoE_H1002_0016_NP1.raw	v1.1.0	NT=ms-proteomics;VV=v1.1.0	NT=clinical-metadata;VV=v1.0.0	NT=dia-acquisition;VV=v1.1.0	manual curation	blood
230405_S001_OE480_DIA_25cm_1h_1ug_CoE_H1002_0030_NP3	homo sapiens	blood	not applicable	mild cognitive impairment	1	230405_S001_OE480_DIA_25cm_1h_1ug_CoE_H1002_0030_NP3	proteomic profiling by mass spectrometry	Data-independent acquisition	NT=isotope labeling;AC=PRIDE:0000310	NT=orbitrap exploris 480;AC=MS:1003028	NT=TMT6plex;AC=UNIMOD:737;TA=K;MT=Fixed	NT=Trypsin;AC=MS:1001251	NT=collision-induced dissociation;AC=MS:1000133	28% NCE	1	1	230405_S001_OE480_DIA_25cm_1h_1ug_CoE_H1002_0030_NP3.raw	ftp://ftp.pride.ebi.ac.uk/pride/data/archive/2026/09/PXD067951/230405_S001_OE480_DIA_25cm_1h_1ug_CoE_H1002_0030_NP3.raw	v1.1.0	NT=ms-proteomics;VV=v1.1.0	NT=clinical-metadata;VV=v1.0.0	NT=dia-acquisition;VV=v1.1.0	manual curation	blood
230405_S001_OE480_DIA_25cm_1h_1ug_CoE_H1002_0053_NP5	homo sapiens	blood	not applicable	mild cognitive impairment	1	230405_S001_OE480_DIA_25cm_1h_1ug_CoE_H1002_0053_NP5	proteomic profiling by mass spectrometry	Data-independent acquisition	NT=isotope labeling;AC=PRIDE:0000310	NT=orbitrap exploris 480;AC=MS:1003028	NT=TMT6plex;AC=UNIMOD:737;TA=K;MT=Fixed	NT=Trypsin;AC=MS:1001251	NT=collision-induced dissociation;AC=MS:1000133	28% NCE	1	1	230405_S001_OE480_DIA_25cm_1h_1ug_CoE_H1002_0053_NP5.raw	ftp://ftp.pride.ebi.ac.uk/pride/data/archive/2026/09/PXD067951/230405_S001_OE480_DIA_25cm_1h_1ug_CoE_H1002_0053_NP5.raw	v1.1.0	NT=ms-proteomics;VV=v1.1.0	NT=clinical-metadata;VV=v1.0.0	NT=dia-acquisition;VV=v1.1.0	manual curation	blood
230405_S001_OE480_DIA_25cm_1h_1ug_CoE_H1002_0025_NP2	homo sapiens	blood	not applicable	mild cognitive impairment	1	230405_S001_OE480_DIA_25cm_1h_1ug_CoE_H1002_0025_NP2	proteomic profiling by mass spectrometry	Data-independent acquisition	NT=isotope labeling;AC=PRIDE:0000310	NT=orbitrap exploris 480;AC=MS:1003028	NT=TMT6plex;AC=UNIMOD:737;TA=K;MT=Fixed	NT=Trypsin;AC=MS:1001251	NT=collision-induced dissociation;AC=MS:1000133	28% NCE	1	1	230405_S001_OE480_DIA_25cm_1h_1ug_CoE_H1002_0025_NP2.raw	ftp://ftp.pride.ebi.ac.uk/pride/data/archive/2026/09/PXD067951/230405_S001_OE480_DIA_25cm_1h_1ug_CoE_H1002_0025_NP2.raw	v1.1.0	NT=ms-proteomics;VV=v1.1.0	NT=clinical-metadata;VV=v1.0.0	NT=dia-acquisition;VV=v1.1.0	manual curation	blood
230405_S001_OE480_DIA_25cm_1h_1ug_CoE_H1002_0003_NP3	homo sapiens	blood	not applicable	mild cognitive impairment	1	230405_S001_OE480_DIA_25cm_1h_1ug_CoE_H1002_0003_NP3	proteomic profiling by mass spectrometry	Data-independent acquisition	NT=isotope labeling;AC=PRIDE:0000310	NT=orbitrap exploris 480;AC=MS:1003028	NT=TMT6plex;AC=UNIMOD:737;TA=K;MT=Fixed	NT=Trypsin;AC=MS:1001251	NT=collision-induced dissociation;AC=MS:1000133	28% NCE	1	1	230405_S001_OE480_DIA_25cm_1h_1ug_CoE_H1002_0003_NP3.raw	ftp://ftp.pride.ebi.ac.uk/pride/data/archive/2026/09/PXD067951/230405_S001_OE480_DIA_25cm_1h_1ug_CoE_H1002_0003_NP3.raw	v1.1.0	NT=ms-proteomics;VV=v1.1.0	NT=clinical-metadata;VV=v1.0.0	NT=dia-acquisition;VV=v1.1.0	manual curation	blood
230405_S001_OE480_DIA_25cm_1h_1ug_CoE_H1002_0054_NP3	homo sapiens	blood	not applicable	mild cognitive impairment	1	230405_S001_OE480_DIA_25cm_1h_1ug_CoE_H1002_0054_NP3	proteomic profiling by mass spectrometry	Data-independent acquisition	NT=isotope labeling;AC=PRIDE:0000310	NT=orbitrap exploris 480;AC=MS:1003028	NT=TMT6plex;AC=UNIMOD:737;TA=K;MT=Fixed	NT=Trypsin;AC=MS:1001251	NT=collision-induced dissociation;AC=MS:1000133	28% NCE	1	1	230405_S001_OE480_DIA_25cm_1h_1ug_CoE_H1002_0054_NP3.raw	ftp://ftp.pride.ebi.ac.uk/pride/data/archive/2026/09/PXD067951/230405_S001_OE480_DIA_25cm_1h_1ug_CoE_H1002_0054_NP3.raw	v1.1.0	NT=ms-proteomics;VV=v1.1.0	NT=clinical-metadata;VV=v1.0.0	NT=dia-acquisition;VV=v1.1.0	manual curation	blood
230405_S001_OE480_DIA_25cm_1h_1ug_CoE_H1002_0042_NP5	homo sapiens	blood	not applicable	mild cognitive impairment	1	230405_S001_OE480_DIA_25cm_1h_1ug_CoE_H1002_0042_NP5	proteomic profiling by mass spectrometry	Data-independent acquisition	NT=isotope labeling;AC=PRIDE:0000310	NT=orbitrap exploris 480;AC=MS:1003028	NT=TMT6plex;AC=UNIMOD:737;TA=K;MT=Fixed	NT=Trypsin;AC=MS:1001251	NT=collision-induced dissociation;AC=MS:1000133	28% NCE	1	1	230405_S001_OE480_DIA_25cm_1h_1ug_CoE_H1002_0042_NP5.raw	ftp://ftp.pride.ebi.ac.uk/pride/data/archive/2026/09/PXD067951/230405_S001_OE480_DIA_25cm_1h_1ug_CoE_H1002_0042_NP5.raw	v1.1.0	NT=ms-proteomics;VV=v1.1.0	NT=clinical-metadata;VV=v1.0.0	NT=dia-acquisition;VV=v1.1.0	manual curation	blood
230405_S001_OE480_DIA_25cm_1h_1ug_CoE_H1002_0011_NP1	homo sapiens	blood	not applicable	mild cognitive impairment	1	230405_S001_OE480_DIA_25cm_1h_1ug_CoE_H1002_0011_NP1	proteomic profiling by mass spectrometry	Data-independent acquisition	NT=isotope labeling;AC=PRIDE:0000310	NT=orbitrap exploris 480;AC=MS:1003028	NT=TMT6plex;AC=UNIMOD:737;TA=K;MT=Fixed	NT=Trypsin;AC=MS:1001251	NT=collision-induced dissociation;AC=MS:1000133	28% NCE	1	1	230405_S001_OE480_DIA_25cm_1h_1ug_CoE_H1002_0011_NP1.raw	ftp://ftp.pride.ebi.ac.uk/pride/data/archive/2026/09/PXD067951/230405_S001_OE480_DIA_25cm_1h_1ug_CoE_H1002_0011_NP1.raw	v1.1.0	NT=ms-proteomics;VV=v1.1.0	NT=clinical-metadata;VV=v1.0.0	NT=dia-acquisition;VV=v1.1.0	manual curation	blood
230405_S001_OE480_DIA_25cm_1h_1ug_CoE_H1002_0032_NP5	homo sapiens	blood	not applicable	mild cognitive impairment	1	230405_S001_OE480_DIA_25cm_1h_1ug_CoE_H1002_0032_NP5	proteomic profiling by mass spectrometry	Data-independent acquisition	NT=isotope labeling;AC=PRIDE:0000310	NT=orbitrap exploris 480;AC=MS:1003028	NT=TMT6plex;AC=UNIMOD:737;TA=K;MT=Fixed	NT=Trypsin;AC=MS:1001251	NT=collision-induced dissociation;AC=MS:1000133	28% NCE	1	1	230405_S001_OE480_DIA_25cm_1h_1ug_CoE_H1002_0032_NP5.raw	ftp://ftp.pride.ebi.ac.uk/pride/data/archive/2026/09/PXD067951/230405_S001_OE480_DIA_25cm_1h_1ug_CoE_H1002_0032_NP5.raw	v1.1.0	NT=ms-proteomics;VV=v1.1.0	NT=clinical-metadata;VV=v1.0.0	NT=dia-acquisition;VV=v1.1.0	manual curation	blood
230405_S001_OE480_DIA_25cm_1h_1ug_CoE_H1002_0017_NP3	homo sapiens	blood	not applicable	mild cognitive impairment	1	230405_S001_OE480_DIA_25cm_1h_1ug_CoE_H1002_0017_NP3	proteomic profiling by mass spectrometry	Data-independent acquisition	NT=isotope labeling;AC=PRIDE:0000310	NT=orbitrap exploris 480;AC=MS:1003028	NT=TMT6plex;AC=UNIMOD:737;TA=K;MT=Fixed	NT=Trypsin;AC=MS:1001251	NT=collision-induced dissociation;AC=MS:1000133	28% NCE	1	1	230405_S001_OE480_DIA_25cm_1h_1ug_CoE_H1002_0017_NP3.raw	ftp://ftp.pride.ebi.ac.uk/pride/data/archive/2026/09/PXD067951/230405_S001_OE480_DIA_25cm_1h_1ug_CoE_H1002_0017_NP3.raw	v1.1.0	NT=ms-proteomics;VV=v1.1.0	NT=clinical-metadata;VV=v1.0.0	NT=dia-acquisition;VV=v1.1.0	manual curation	blood
230405_S001_OE480_DIA_25cm_1h_1ug_CoE_H1002_0040_NP5	homo sapiens	blood	not applicable	mild cognitive impairment	1	230405_S001_OE480_DIA_25cm_1h_1ug_CoE_H1002_0040_NP5	proteomic profiling by mass spectrometry	Data-independent acquisition	NT=isotope labeling;AC=PRIDE:0000310	NT=orbitrap exploris 480;AC=MS:1003028	NT=TMT6plex;AC=UNIMOD:737;TA=K;MT=Fixed	NT=Trypsin;AC=MS:1001251	NT=collision-induced dissociation;AC=MS:1000133	28% NCE	1	1	230405_S001_OE480_DIA_25cm_1h_1ug_CoE_H1002_0040_NP5.raw	ftp://ftp.pride.ebi.ac.uk/pride/data/archive/2026/09/PXD067951/230405_S001_OE480_DIA_25cm_1h_1ug_CoE_H1002_0040_NP5.raw	v1.1.0	NT=ms-proteomics;VV=v1.1.0	NT=clinical-metadata;VV=v1.0.0	NT=dia-acquisition;VV=v1.1.0	manual curation	blood
230405_S001_OE480_DIA_25cm_1h_1ug_CoE_H1002_0023_NP3	homo sapiens	blood	not applicable	mild cognitive impairment	1	230405_S001_OE480_DIA_25cm_1h_1ug_CoE_H1002_0023_NP3	proteomic profiling by mass spectrometry	Data-independent acquisition	NT=isotope labeling;AC=PRIDE:0000310	NT=orbitrap exploris 480;AC=MS:1003028	NT=TMT6plex;AC=UNIMOD:737;TA=K;MT=Fixed	NT=Trypsin;AC=MS:1001251	NT=collision-induced dissociation;AC=MS:1000133	28% NCE	1	1	230405_S001_OE480_DIA_25cm_1h_1ug_CoE_H1002_0023_NP3.raw	ftp://ftp.pride.ebi.ac.uk/pride/data/archive/2026/09/PXD067951/230405_S001_OE480_DIA_25cm_1h_1ug_CoE_H1002_0023_NP3.raw	v1.1.0	NT=ms-proteomics;VV=v1.1.0	NT=clinical-metadata;VV=v1.0.0	NT=dia-acquisition;VV=v1.1.0	manual curation	blood
230210_S001_OE480_DIA_25cm_1h_350ng_CoE_H1002_0044_NP4	homo sapiens	blood	not applicable	mild cognitive impairment	1	230210_S001_OE480_DIA_25cm_1h_350ng_CoE_H1002_0044_NP4	proteomic profiling by mass spectrometry	Data-independent acquisition	NT=isotope labeling;AC=PRIDE:0000310	NT=orbitrap exploris 480;AC=MS:1003028	NT=TMT6plex;AC=UNIMOD:737;TA=K;MT=Fixed	NT=Trypsin;AC=MS:1001251	NT=collision-induced dissociation;AC=MS:1000133	28% NCE	1	1	230210_S001_OE480_DIA_25cm_1h_350ng_CoE_H1002_0044_NP4.raw	ftp://ftp.pride.ebi.ac.uk/pride/data/archive/2026/09/PXD067951/230210_S001_OE480_DIA_25cm_1h_350ng_CoE_H1002_0044_NP4.raw	v1.1.0	NT=ms-proteomics;VV=v1.1.0	NT=clinical-metadata;VV=v1.0.0	NT=dia-acquisition;VV=v1.1.0	manual curation	blood
230405_S001_OE480_DIA_25cm_1h_1ug_CoE_H1002_0052_NP2	homo sapiens	blood	not applicable	mild cognitive impairment	1	230405_S001_OE480_DIA_25cm_1h_1ug_CoE_H1002_0052_NP2	proteomic profiling by mass spectrometry	Data-independent acquisition	NT=isotope labeling;AC=PRIDE:0000310	NT=orbitrap exploris 480;AC=MS:1003028	NT=TMT6plex;AC=UNIMOD:737;TA=K;MT=Fixed	NT=Trypsin;AC=MS:1001251	NT=collision-induced dissociation;AC=MS:1000133	28% NCE	1	1	230405_S001_OE480_DIA_25cm_1h_1ug_CoE_H1002_0052_NP2.raw	ftp://ftp.pride.ebi.ac.uk/pride/data/archive/2026/09/PXD067951/230405_S001_OE480_DIA_25cm_1h_1ug_CoE_H1002_0052_NP2.raw	v1.1.0	NT=ms-proteomics;VV=v1.1.0	NT=clinical-metadata;VV=v1.0.0	NT=dia-acquisition;VV=v1.1.0	manual curation	blood
230405_S001_OE480_DIA_25cm_1h_1ug_CoE_H1002_0048_NP3	homo sapiens	blood	not applicable	mild cognitive impairment	1	230405_S001_OE480_DIA_25cm_1h_1ug_CoE_H1002_0048_NP3	proteomic profiling by mass spectrometry	Data-independent acquisition	NT=isotope labeling;AC=PRIDE:0000310	NT=orbitrap exploris 480;AC=MS:1003028	NT=TMT6plex;AC=UNIMOD:737;TA=K;MT=Fixed	NT=Trypsin;AC=MS:1001251	NT=collision-induced dissociation;AC=MS:1000133	28% NCE	1	1	230405_S001_OE480_DIA_25cm_1h_1ug_CoE_H1002_0048_NP3.raw	ftp://ftp.pride.ebi.ac.uk/pride/data/archive/2026/09/PXD067951/230405_S001_OE480_DIA_25cm_1h_1ug_CoE_H1002_0048_NP3.raw	v1.1.0	NT=ms-proteomics;VV=v1.1.0	NT=clinical-metadata;VV=v1.0.0	NT=dia-acquisition;VV=v1.1.0	manual curation	blood
230405_S001_OE480_DIA_25cm_1h_1ug_CoE_H1002_0021_NP5	homo sapiens	blood	not applicable	mild cognitive impairment	1	230405_S001_OE480_DIA_25cm_1h_1ug_CoE_H1002_0021_NP5	proteomic profiling by mass spectrometry	Data-independent acquisition	NT=isotope labeling;AC=PRIDE:0000310	NT=orbitrap exploris 480;AC=MS:1003028	NT=TMT6plex;AC=UNIMOD:737;TA=K;MT=Fixed	NT=Trypsin;AC=MS:1001251	NT=collision-induced dissociation;AC=MS:1000133	28% NCE	1	1	230405_S001_OE480_DIA_25cm_1h_1ug_CoE_H1002_0021_NP5.raw	ftp://ftp.pride.ebi.ac.uk/pride/data/archive/2026/09/PXD067951/230405_S001_OE480_DIA_25cm_1h_1ug_CoE_H1002_0021_NP5.raw	v1.1.0	NT=ms-proteomics;VV=v1.1.0	NT=clinical-metadata;VV=v1.0.0	NT=dia-acquisition;VV=v1.1.0	manual curation	blood
230405_S001_OE480_DIA_25cm_1h_1ug_CoE_H1002_0027_NP5	homo sapiens	blood	not applicable	mild cognitive impairment	1	230405_S001_OE480_DIA_25cm_1h_1ug_CoE_H1002_0027_NP5	proteomic profiling by mass spectrometry	Data-independent acquisition	NT=isotope labeling;AC=PRIDE:0000310	NT=orbitrap exploris 480;AC=MS:1003028	NT=TMT6plex;AC=UNIMOD:737;TA=K;MT=Fixed	NT=Trypsin;AC=MS:1001251	NT=collision-induced dissociation;AC=MS:1000133	28% NCE	1	1	230405_S001_OE480_DIA_25cm_1h_1ug_CoE_H1002_0027_NP5.raw	ftp://ftp.pride.ebi.ac.uk/pride/data/archive/2026/09/PXD067951/230405_S001_OE480_DIA_25cm_1h_1ug_CoE_H1002_0027_NP5.raw	v1.1.0	NT=ms-proteomics;VV=v1.1.0	NT=clinical-metadata;VV=v1.0.0	NT=dia-acquisition;VV=v1.1.0	manual curation	blood
230405_S001_OE480_DIA_25cm_1h_1ug_CoE_H1002_0042_NP2	homo sapiens	blood	not applicable	mild cognitive impairment	1	230405_S001_OE480_DIA_25cm_1h_1ug_CoE_H1002_0042_NP2	proteomic profiling by mass spectrometry	Data-independent acquisition	NT=isotope labeling;AC=PRIDE:0000310	NT=orbitrap exploris 480;AC=MS:1003028	NT=TMT6plex;AC=UNIMOD:737;TA=K;MT=Fixed	NT=Trypsin;AC=MS:1001251	NT=collision-induced dissociation;AC=MS:1000133	28% NCE	1	1	230405_S001_OE480_DIA_25cm_1h_1ug_CoE_H1002_0042_NP2.raw	ftp://ftp.pride.ebi.ac.uk/pride/data/archive/2026/09/PXD067951/230405_S001_OE480_DIA_25cm_1h_1ug_CoE_H1002_0042_NP2.raw	v1.1.0	NT=ms-proteomics;VV=v1.1.0	NT=clinical-metadata;VV=v1.0.0	NT=dia-acquisition;VV=v1.1.0	manual curation	blood
230405_S001_OE480_DIA_25cm_1h_1ug_CoE_H1002_0045_NP2	homo sapiens	blood	not applicable	mild cognitive impairment	1	230405_S001_OE480_DIA_25cm_1h_1ug_CoE_H1002_0045_NP2	proteomic profiling by mass spectrometry	Data-independent acquisition	NT=isotope labeling;AC=PRIDE:0000310	NT=orbitrap exploris 480;AC=MS:1003028	NT=TMT6plex;AC=UNIMOD:737;TA=K;MT=Fixed	NT=Trypsin;AC=MS:1001251	NT=collision-induced dissociation;AC=MS:1000133	28% NCE	1	1	230405_S001_OE480_DIA_25cm_1h_1ug_CoE_H1002_0045_NP2.raw	ftp://ftp.pride.ebi.ac.uk/pride/data/archive/2026/09/PXD067951/230405_S001_OE480_DIA_25cm_1h_1ug_CoE_H1002_0045_NP2.raw	v1.1.0	NT=ms-proteomics;VV=v1.1.0	NT=clinical-metadata;VV=v1.0.0	NT=dia-acquisition;VV=v1.1.0	manual curation	blood
230405_S001_OE480_DIA_25cm_1h_1ug_CoE_H1002_0042_NP3	homo sapiens	blood	not applicable	mild cognitive impairment	1	230405_S001_OE480_DIA_25cm_1h_1ug_CoE_H1002_0042_NP3	proteomic profiling by mass spectrometry	Data-independent acquisition	NT=isotope labeling;AC=PRIDE:0000310	NT=orbitrap exploris 480;AC=MS:1003028	NT=TMT6plex;AC=UNIMOD:737;TA=K;MT=Fixed	NT=Trypsin;AC=MS:1001251	NT=collision-induced dissociation;AC=MS:1000133	28% NCE	1	1	230405_S001_OE480_DIA_25cm_1h_1ug_CoE_H1002_0042_NP3.raw	ftp://ftp.pride.ebi.ac.uk/pride/data/archive/2026/09/PXD067951/230405_S001_OE480_DIA_25cm_1h_1ug_CoE_H1002_0042_NP3.raw	v1.1.0	NT=ms-proteomics;VV=v1.1.0	NT=clinical-metadata;VV=v1.0.0	NT=dia-acquisition;VV=v1.1.0	manual curation	blood
230210_S001_OE480_DIA_25cm_1h_350ng_CoE_H1002_0040_NP4	homo sapiens	blood	not applicable	mild cognitive impairment	1	230210_S001_OE480_DIA_25cm_1h_350ng_CoE_H1002_0040_NP4	proteomic profiling by mass spectrometry	Data-independent acquisition	NT=isotope labeling;AC=PRIDE:0000310	NT=orbitrap exploris 480;AC=MS:1003028	NT=TMT6plex;AC=UNIMOD:737;TA=K;MT=Fixed	NT=Trypsin;AC=MS:1001251	NT=collision-induced dissociation;AC=MS:1000133	28% NCE	1	1	230210_S001_OE480_DIA_25cm_1h_350ng_CoE_H1002_0040_NP4.raw	ftp://ftp.pride.ebi.ac.uk/pride/data/archive/2026/09/PXD067951/230210_S001_OE480_DIA_25cm_1h_350ng_CoE_H1002_0040_NP4.raw	v1.1.0	NT=ms-proteomics;VV=v1.1.0	NT=clinical-metadata;VV=v1.0.0	NT=dia-acquisition;VV=v1.1.0	manual curation	blood
230405_S001_OE480_DIA_25cm_1h_1ug_CoE_H1002_0002_NP3	homo sapiens	blood	not applicable	mild cognitive impairment	1	230405_S001_OE480_DIA_25cm_1h_1ug_CoE_H1002_0002_NP3	proteomic profiling by mass spectrometry	Data-independent acquisition	NT=isotope labeling;AC=PRIDE:0000310	NT=orbitrap exploris 480;AC=MS:1003028	NT=TMT6plex;AC=UNIMOD:737;TA=K;MT=Fixed	NT=Trypsin;AC=MS:1001251	NT=collision-induced dissociation;AC=MS:1000133	28% NCE	1	1	230405_S001_OE480_DIA_25cm_1h_1ug_CoE_H1002_0002_NP3.raw	ftp://ftp.pride.ebi.ac.uk/pride/data/archive/2026/09/PXD067951/230405_S001_OE480_DIA_25cm_1h_1ug_CoE_H1002_0002_NP3.raw	v1.1.0	NT=ms-proteomics;VV=v1.1.0	NT=clinical-metadata;VV=v1.0.0	NT=dia-acquisition;VV=v1.1.0	manual curation	blood
230210_S001_OE480_DIA_25cm_1h_350ng_CoE_H1002_0006_NP4	homo sapiens	blood	not applicable	mild cognitive impairment	1	230210_S001_OE480_DIA_25cm_1h_350ng_CoE_H1002_0006_NP4	proteomic profiling by mass spectrometry	Data-independent acquisition	NT=isotope labeling;AC=PRIDE:0000310	NT=orbitrap exploris 480;AC=MS:1003028	NT=TMT6plex;AC=UNIMOD:737;TA=K;MT=Fixed	NT=Trypsin;AC=MS:1001251	NT=collision-induced dissociation;AC=MS:1000133	28% NCE	1	1	230210_S001_OE480_DIA_25cm_1h_350ng_CoE_H1002_0006_NP4.raw	ftp://ftp.pride.ebi.ac.uk/pride/data/archive/2026/09/PXD067951/230210_S001_OE480_DIA_25cm_1h_350ng_CoE_H1002_0006_NP4.raw	v1.1.0	NT=ms-proteomics;VV=v1.1.0	NT=clinical-metadata;VV=v1.0.0	NT=dia-acquisition;VV=v1.1.0	manual curation	blood
230210_S001_OE480_DIA_25cm_1h_350ng_CoE_H1002_0041_NP4	homo sapiens	blood	not applicable	mild cognitive impairment	1	230210_S001_OE480_DIA_25cm_1h_350ng_CoE_H1002_0041_NP4	proteomic profiling by mass spectrometry	Data-independent acquisition	NT=isotope labeling;AC=PRIDE:0000310	NT=orbitrap exploris 480;AC=MS:1003028	NT=TMT6plex;AC=UNIMOD:737;TA=K;MT=Fixed	NT=Trypsin;AC=MS:1001251	NT=collision-induced dissociation;AC=MS:1000133	28% NCE	1	1	230210_S001_OE480_DIA_25cm_1h_350ng_CoE_H1002_0041_NP4.raw	ftp://ftp.pride.ebi.ac.uk/pride/data/archive/2026/09/PXD067951/230210_S001_OE480_DIA_25cm_1h_350ng_CoE_H1002_0041_NP4.raw	v1.1.0	NT=ms-proteomics;VV=v1.1.0	NT=clinical-metadata;VV=v1.0.0	NT=dia-acquisition;VV=v1.1.0	manual curation	blood
230405_S001_OE480_DIA_25cm_1h_1ug_CoE_H1002_0043_NP5	homo sapiens	blood	not applicable	mild cognitive impairment	1	230405_S001_OE480_DIA_25cm_1h_1ug_CoE_H1002_0043_NP5	proteomic profiling by mass spectrometry	Data-independent acquisition	NT=isotope labeling;AC=PRIDE:0000310	NT=orbitrap exploris 480;AC=MS:1003028	NT=TMT6plex;AC=UNIMOD:737;TA=K;MT=Fixed	NT=Trypsin;AC=MS:1001251	NT=collision-induced dissociation;AC=MS:1000133	28% NCE	1	1	230405_S001_OE480_DIA_25cm_1h_1ug_CoE_H1002_0043_NP5.raw	ftp://ftp.pride.ebi.ac.uk/pride/data/archive/2026/09/PXD067951/230405_S001_OE480_DIA_25cm_1h_1ug_CoE_H1002_0043_NP5.raw	v1.1.0	NT=ms-proteomics;VV=v1.1.0	NT=clinical-metadata;VV=v1.0.0	NT=dia-acquisition;VV=v1.1.0	manual curation	blood
230210_S001_OE480_DIA_25cm_1h_350ng_CoE_H1002_0053_NP4	homo sapiens	blood	not applicable	mild cognitive impairment	1	230210_S001_OE480_DIA_25cm_1h_350ng_CoE_H1002_0053_NP4	proteomic profiling by mass spectrometry	Data-independent acquisition	NT=isotope labeling;AC=PRIDE:0000310	NT=orbitrap exploris 480;AC=MS:1003028	NT=TMT6plex;AC=UNIMOD:737;TA=K;MT=Fixed	NT=Trypsin;AC=MS:1001251	NT=collision-induced dissociation;AC=MS:1000133	28% NCE	1	1	230210_S001_OE480_DIA_25cm_1h_350ng_CoE_H1002_0053_NP4.raw	ftp://ftp.pride.ebi.ac.uk/pride/data/archive/2026/09/PXD067951/230210_S001_OE480_DIA_25cm_1h_350ng_CoE_H1002_0053_NP4.raw	v1.1.0	NT=ms-proteomics;VV=v1.1.0	NT=clinical-metadata;VV=v1.0.0	NT=dia-acquisition;VV=v1.1.0	manual curation	blood
230405_S001_OE480_DIA_25cm_1h_1ug_CoE_H1002_0029_NP1	homo sapiens	blood	not applicable	mild cognitive impairment	1	230405_S001_OE480_DIA_25cm_1h_1ug_CoE_H1002_0029_NP1	proteomic profiling by mass spectrometry	Data-independent acquisition	NT=isotope labeling;AC=PRIDE:0000310	NT=orbitrap exploris 480;AC=MS:1003028	NT=TMT6plex;AC=UNIMOD:737;TA=K;MT=Fixed	NT=Trypsin;AC=MS:1001251	NT=collision-induced dissociation;AC=MS:1000133	28% NCE	1	1	230405_S001_OE480_DIA_25cm_1h_1ug_CoE_H1002_0029_NP1.raw	ftp://ftp.pride.ebi.ac.uk/pride/data/archive/2026/09/PXD067951/230405_S001_OE480_DIA_25cm_1h_1ug_CoE_H1002_0029_NP1.raw	v1.1.0	NT=ms-proteomics;VV=v1.1.0	NT=clinical-metadata;VV=v1.0.0	NT=dia-acquisition;VV=v1.1.0	manual curation	blood
230405_S001_OE480_DIA_25cm_1h_1ug_CoE_H1002_0054_NP1	homo sapiens	blood	not applicable	mild cognitive impairment	1	230405_S001_OE480_DIA_25cm_1h_1ug_CoE_H1002_0054_NP1	proteomic profiling by mass spectrometry	Data-independent acquisition	NT=isotope labeling;AC=PRIDE:0000310	NT=orbitrap exploris 480;AC=MS:1003028	NT=TMT6plex;AC=UNIMOD:737;TA=K;MT=Fixed	NT=Trypsin;AC=MS:1001251	NT=collision-induced dissociation;AC=MS:1000133	28% NCE	1	1	230405_S001_OE480_DIA_25cm_1h_1ug_CoE_H1002_0054_NP1.raw	ftp://ftp.pride.ebi.ac.uk/pride/data/archive/2026/09/PXD067951/230405_S001_OE480_DIA_25cm_1h_1ug_CoE_H1002_0054_NP1.raw	v1.1.0	NT=ms-proteomics;VV=v1.1.0	NT=clinical-metadata;VV=v1.0.0	NT=dia-acquisition;VV=v1.1.0	manual curation	blood
230405_S001_OE480_DIA_25cm_1h_1ug_CoE_H1002_0011_NP5	homo sapiens	blood	not applicable	mild cognitive impairment	1	230405_S001_OE480_DIA_25cm_1h_1ug_CoE_H1002_0011_NP5	proteomic profiling by mass spectrometry	Data-independent acquisition	NT=isotope labeling;AC=PRIDE:0000310	NT=orbitrap exploris 480;AC=MS:1003028	NT=TMT6plex;AC=UNIMOD:737;TA=K;MT=Fixed	NT=Trypsin;AC=MS:1001251	NT=collision-induced dissociation;AC=MS:1000133	28% NCE	1	1	230405_S001_OE480_DIA_25cm_1h_1ug_CoE_H1002_0011_NP5.raw	ftp://ftp.pride.ebi.ac.uk/pride/data/archive/2026/09/PXD067951/230405_S001_OE480_DIA_25cm_1h_1ug_CoE_H1002_0011_NP5.raw	v1.1.0	NT=ms-proteomics;VV=v1.1.0	NT=clinical-metadata;VV=v1.0.0	NT=dia-acquisition;VV=v1.1.0	manual curation	blood
230210_S001_OE480_DIA_25cm_1h_350ng_CoE_H1002_0047_NP4	homo sapiens	blood	not applicable	mild cognitive impairment	1	230210_S001_OE480_DIA_25cm_1h_350ng_CoE_H1002_0047_NP4	proteomic profiling by mass spectrometry	Data-independent acquisition	NT=isotope labeling;AC=PRIDE:0000310	NT=orbitrap exploris 480;AC=MS:1003028	NT=TMT6plex;AC=UNIMOD:737;TA=K;MT=Fixed	NT=Trypsin;AC=MS:1001251	NT=collision-induced dissociation;AC=MS:1000133	28% NCE	1	1	230210_S001_OE480_DIA_25cm_1h_350ng_CoE_H1002_0047_NP4.raw	ftp://ftp.pride.ebi.ac.uk/pride/data/archive/2026/09/PXD067951/230210_S001_OE480_DIA_25cm_1h_350ng_CoE_H1002_0047_NP4.raw	v1.1.0	NT=ms-proteomics;VV=v1.1.0	NT=clinical-metadata;VV=v1.0.0	NT=dia-acquisition;VV=v1.1.0	manual curation	blood
230405_S001_OE480_DIA_25cm_1h_1ug_CoE_H1002_0010_NP5	homo sapiens	blood	not applicable	mild cognitive impairment	1	230405_S001_OE480_DIA_25cm_1h_1ug_CoE_H1002_0010_NP5	proteomic profiling by mass spectrometry	Data-independent acquisition	NT=isotope labeling;AC=PRIDE:0000310	NT=orbitrap exploris 480;AC=MS:1003028	NT=TMT6plex;AC=UNIMOD:737;TA=K;MT=Fixed	NT=Trypsin;AC=MS:1001251	NT=collision-induced dissociation;AC=MS:1000133	28% NCE	1	1	230405_S001_OE480_DIA_25cm_1h_1ug_CoE_H1002_0010_NP5.raw	ftp://ftp.pride.ebi.ac.uk/pride/data/archive/2026/09/PXD067951/230405_S001_OE480_DIA_25cm_1h_1ug_CoE_H1002_0010_NP5.raw	v1.1.0	NT=ms-proteomics;VV=v1.1.0	NT=clinical-metadata;VV=v1.0.0	NT=dia-acquisition;VV=v1.1.0	manual curation	blood
230405_S001_OE480_DIA_25cm_1h_1ug_CoE_H1002_0033_NP2	homo sapiens	blood	not applicable	mild cognitive impairment	1	230405_S001_OE480_DIA_25cm_1h_1ug_CoE_H1002_0033_NP2	proteomic profiling by mass spectrometry	Data-independent acquisition	NT=isotope labeling;AC=PRIDE:0000310	NT=orbitrap exploris 480;AC=MS:1003028	NT=TMT6plex;AC=UNIMOD:737;TA=K;MT=Fixed	NT=Trypsin;AC=MS:1001251	NT=collision-induced dissociation;AC=MS:1000133	28% NCE	1	1	230405_S001_OE480_DIA_25cm_1h_1ug_CoE_H1002_0033_NP2.raw	ftp://ftp.pride.ebi.ac.uk/pride/data/archive/2026/09/PXD067951/230405_S001_OE480_DIA_25cm_1h_1ug_CoE_H1002_0033_NP2.raw	v1.1.0	NT=ms-proteomics;VV=v1.1.0	NT=clinical-metadata;VV=v1.0.0	NT=dia-acquisition;VV=v1.1.0	manual curation	blood
230210_S001_OE480_DIA_25cm_1h_350ng_CoE_H1002_0021_1_NP4	homo sapiens	blood	not applicable	mild cognitive impairment	1	230210_S001_OE480_DIA_25cm_1h_350ng_CoE_H1002_0021_1_NP4	proteomic profiling by mass spectrometry	Data-independent acquisition	NT=isotope labeling;AC=PRIDE:0000310	NT=orbitrap exploris 480;AC=MS:1003028	NT=TMT6plex;AC=UNIMOD:737;TA=K;MT=Fixed	NT=Trypsin;AC=MS:1001251	NT=collision-induced dissociation;AC=MS:1000133	28% NCE	1	1	230210_S001_OE480_DIA_25cm_1h_350ng_CoE_H1002_0021_1_NP4.raw	ftp://ftp.pride.ebi.ac.uk/pride/data/archive/2026/09/PXD067951/230210_S001_OE480_DIA_25cm_1h_350ng_CoE_H1002_0021_1_NP4.raw	v1.1.0	NT=ms-proteomics;VV=v1.1.0	NT=clinical-metadata;VV=v1.0.0	NT=dia-acquisition;VV=v1.1.0	manual curation	blood
230405_S001_OE480_DIA_25cm_1h_1ug_CoE_H1002_0003_NP1	homo sapiens	blood	not applicable	mild cognitive impairment	1	230405_S001_OE480_DIA_25cm_1h_1ug_CoE_H1002_0003_NP1	proteomic profiling by mass spectrometry	Data-independent acquisition	NT=isotope labeling;AC=PRIDE:0000310	NT=orbitrap exploris 480;AC=MS:1003028	NT=TMT6plex;AC=UNIMOD:737;TA=K;MT=Fixed	NT=Trypsin;AC=MS:1001251	NT=collision-induced dissociation;AC=MS:1000133	28% NCE	1	1	230405_S001_OE480_DIA_25cm_1h_1ug_CoE_H1002_0003_NP1.raw	ftp://ftp.pride.ebi.ac.uk/pride/data/archive/2026/09/PXD067951/230405_S001_OE480_DIA_25cm_1h_1ug_CoE_H1002_0003_NP1.raw	v1.1.0	NT=ms-proteomics;VV=v1.1.0	NT=clinical-metadata;VV=v1.0.0	NT=dia-acquisition;VV=v1.1.0	manual curation	blood
230405_S001_OE480_DIA_25cm_1h_1ug_CoE_H1002_0007_NP3	homo sapiens	blood	not applicable	mild cognitive impairment	1	230405_S001_OE480_DIA_25cm_1h_1ug_CoE_H1002_0007_NP3	proteomic profiling by mass spectrometry	Data-independent acquisition	NT=isotope labeling;AC=PRIDE:0000310	NT=orbitrap exploris 480;AC=MS:1003028	NT=TMT6plex;AC=UNIMOD:737;TA=K;MT=Fixed	NT=Trypsin;AC=MS:1001251	NT=collision-induced dissociation;AC=MS:1000133	28% NCE	1	1	230405_S001_OE480_DIA_25cm_1h_1ug_CoE_H1002_0007_NP3.raw	ftp://ftp.pride.ebi.ac.uk/pride/data/archive/2026/09/PXD067951/230405_S001_OE480_DIA_25cm_1h_1ug_CoE_H1002_0007_NP3.raw	v1.1.0	NT=ms-proteomics;VV=v1.1.0	NT=clinical-metadata;VV=v1.0.0	NT=dia-acquisition;VV=v1.1.0	manual curation	blood
230405_S001_OE480_DIA_25cm_1h_1ug_CoE_H1002_0044_NP5	homo sapiens	blood	not applicable	mild cognitive impairment	1	230405_S001_OE480_DIA_25cm_1h_1ug_CoE_H1002_0044_NP5	proteomic profiling by mass spectrometry	Data-independent acquisition	NT=isotope labeling;AC=PRIDE:0000310	NT=orbitrap exploris 480;AC=MS:1003028	NT=TMT6plex;AC=UNIMOD:737;TA=K;MT=Fixed	NT=Trypsin;AC=MS:1001251	NT=collision-induced dissociation;AC=MS:1000133	28% NCE	1	1	230405_S001_OE480_DIA_25cm_1h_1ug_CoE_H1002_0044_NP5.raw	ftp://ftp.pride.ebi.ac.uk/pride/data/archive/2026/09/PXD067951/230405_S001_OE480_DIA_25cm_1h_1ug_CoE_H1002_0044_NP5.raw	v1.1.0	NT=ms-proteomics;VV=v1.1.0	NT=clinical-metadata;VV=v1.0.0	NT=dia-acquisition;VV=v1.1.0	manual curation	blood
230405_S001_OE480_DIA_25cm_1h_1ug_CoE_H1002_0002_NP5	homo sapiens	blood	not applicable	mild cognitive impairment	1	230405_S001_OE480_DIA_25cm_1h_1ug_CoE_H1002_0002_NP5	proteomic profiling by mass spectrometry	Data-independent acquisition	NT=isotope labeling;AC=PRIDE:0000310	NT=orbitrap exploris 480;AC=MS:1003028	NT=TMT6plex;AC=UNIMOD:737;TA=K;MT=Fixed	NT=Trypsin;AC=MS:1001251	NT=collision-induced dissociation;AC=MS:1000133	28% NCE	1	1	230405_S001_OE480_DIA_25cm_1h_1ug_CoE_H1002_0002_NP5.raw	ftp://ftp.pride.ebi.ac.uk/pride/data/archive/2026/09/PXD067951/230405_S001_OE480_DIA_25cm_1h_1ug_CoE_H1002_0002_NP5.raw	v1.1.0	NT=ms-proteomics;VV=v1.1.0	NT=clinical-metadata;VV=v1.0.0	NT=dia-acquisition;VV=v1.1.0	manual curation	blood
230405_S001_OE480_DIA_25cm_1h_1ug_CoE_H1002_0017_NP5	homo sapiens	blood	not applicable	mild cognitive impairment	1	230405_S001_OE480_DIA_25cm_1h_1ug_CoE_H1002_0017_NP5	proteomic profiling by mass spectrometry	Data-independent acquisition	NT=isotope labeling;AC=PRIDE:0000310	NT=orbitrap exploris 480;AC=MS:1003028	NT=TMT6plex;AC=UNIMOD:737;TA=K;MT=Fixed	NT=Trypsin;AC=MS:1001251	NT=collision-induced dissociation;AC=MS:1000133	28% NCE	1	1	230405_S001_OE480_DIA_25cm_1h_1ug_CoE_H1002_0017_NP5.raw	ftp://ftp.pride.ebi.ac.uk/pride/data/archive/2026/09/PXD067951/230405_S001_OE480_DIA_25cm_1h_1ug_CoE_H1002_0017_NP5.raw	v1.1.0	NT=ms-proteomics;VV=v1.1.0	NT=clinical-metadata;VV=v1.0.0	NT=dia-acquisition;VV=v1.1.0	manual curation	blood
230405_S001_OE480_DIA_25cm_1h_1ug_CoE_H1002_0047_NP5	homo sapiens	blood	not applicable	mild cognitive impairment	1	230405_S001_OE480_DIA_25cm_1h_1ug_CoE_H1002_0047_NP5	proteomic profiling by mass spectrometry	Data-independent acquisition	NT=isotope labeling;AC=PRIDE:0000310	NT=orbitrap exploris 480;AC=MS:1003028	NT=TMT6plex;AC=UNIMOD:737;TA=K;MT=Fixed	NT=Trypsin;AC=MS:1001251	NT=collision-induced dissociation;AC=MS:1000133	28% NCE	1	1	230405_S001_OE480_DIA_25cm_1h_1ug_CoE_H1002_0047_NP5.raw	ftp://ftp.pride.ebi.ac.uk/pride/data/archive/2026/09/PXD067951/230405_S001_OE480_DIA_25cm_1h_1ug_CoE_H1002_0047_NP5.raw	v1.1.0	NT=ms-proteomics;VV=v1.1.0	NT=clinical-metadata;VV=v1.0.0	NT=dia-acquisition;VV=v1.1.0	manual curation	blood
230405_S001_OE480_DIA_25cm_1h_1ug_CoE_H1002_0052_NP5	homo sapiens	blood	not applicable	mild cognitive impairment	1	230405_S001_OE480_DIA_25cm_1h_1ug_CoE_H1002_0052_NP5	proteomic profiling by mass spectrometry	Data-independent acquisition	NT=isotope labeling;AC=PRIDE:0000310	NT=orbitrap exploris 480;AC=MS:1003028	NT=TMT6plex;AC=UNIMOD:737;TA=K;MT=Fixed	NT=Trypsin;AC=MS:1001251	NT=collision-induced dissociation;AC=MS:1000133	28% NCE	1	1	230405_S001_OE480_DIA_25cm_1h_1ug_CoE_H1002_0052_NP5.raw	ftp://ftp.pride.ebi.ac.uk/pride/data/archive/2026/09/PXD067951/230405_S001_OE480_DIA_25cm_1h_1ug_CoE_H1002_0052_NP5.raw	v1.1.0	NT=ms-proteomics;VV=v1.1.0	NT=clinical-metadata;VV=v1.0.0	NT=dia-acquisition;VV=v1.1.0	manual curation	blood
230405_S001_OE480_DIA_25cm_1h_1ug_CoE_H1002_0031_NP1	homo sapiens	blood	not applicable	mild cognitive impairment	1	230405_S001_OE480_DIA_25cm_1h_1ug_CoE_H1002_0031_NP1	proteomic profiling by mass spectrometry	Data-independent acquisition	NT=isotope labeling;AC=PRIDE:0000310	NT=orbitrap exploris 480;AC=MS:1003028	NT=TMT6plex;AC=UNIMOD:737;TA=K;MT=Fixed	NT=Trypsin;AC=MS:1001251	NT=collision-induced dissociation;AC=MS:1000133	28% NCE	1	1	230405_S001_OE480_DIA_25cm_1h_1ug_CoE_H1002_0031_NP1.raw	ftp://ftp.pride.ebi.ac.uk/pride/data/archive/2026/09/PXD067951/230405_S001_OE480_DIA_25cm_1h_1ug_CoE_H1002_0031_NP1.raw	v1.1.0	NT=ms-proteomics;VV=v1.1.0	NT=clinical-metadata;VV=v1.0.0	NT=dia-acquisition;VV=v1.1.0	manual curation	blood
230210_S001_OE480_DIA_25cm_1h_350ng_CoE_H1002_0008_NP4	homo sapiens	blood	not applicable	mild cognitive impairment	1	230210_S001_OE480_DIA_25cm_1h_350ng_CoE_H1002_0008_NP4	proteomic profiling by mass spectrometry	Data-independent acquisition	NT=isotope labeling;AC=PRIDE:0000310	NT=orbitrap exploris 480;AC=MS:1003028	NT=TMT6plex;AC=UNIMOD:737;TA=K;MT=Fixed	NT=Trypsin;AC=MS:1001251	NT=collision-induced dissociation;AC=MS:1000133	28% NCE	1	1	230210_S001_OE480_DIA_25cm_1h_350ng_CoE_H1002_0008_NP4.raw	ftp://ftp.pride.ebi.ac.uk/pride/data/archive/2026/09/PXD067951/230210_S001_OE480_DIA_25cm_1h_350ng_CoE_H1002_0008_NP4.raw	v1.1.0	NT=ms-proteomics;VV=v1.1.0	NT=clinical-metadata;VV=v1.0.0	NT=dia-acquisition;VV=v1.1.0	manual curation	blood
230405_S001_OE480_DIA_25cm_1h_1ug_CoE_H1002_0031_NP5	homo sapiens	blood	not applicable	mild cognitive impairment	1	230405_S001_OE480_DIA_25cm_1h_1ug_CoE_H1002_0031_NP5	proteomic profiling by mass spectrometry	Data-independent acquisition	NT=isotope labeling;AC=PRIDE:0000310	NT=orbitrap exploris 480;AC=MS:1003028	NT=TMT6plex;AC=UNIMOD:737;TA=K;MT=Fixed	NT=Trypsin;AC=MS:1001251	NT=collision-induced dissociation;AC=MS:1000133	28% NCE	1	1	230405_S001_OE480_DIA_25cm_1h_1ug_CoE_H1002_0031_NP5.raw	ftp://ftp.pride.ebi.ac.uk/pride/data/archive/2026/09/PXD067951/230405_S001_OE480_DIA_25cm_1h_1ug_CoE_H1002_0031_NP5.raw	v1.1.0	NT=ms-proteomics;VV=v1.1.0	NT=clinical-metadata;VV=v1.0.0	NT=dia-acquisition;VV=v1.1.0	manual curation	blood
230405_S001_OE480_DIA_25cm_1h_1ug_CoE_H1002_0007_NP1	homo sapiens	blood	not applicable	mild cognitive impairment	1	230405_S001_OE480_DIA_25cm_1h_1ug_CoE_H1002_0007_NP1	proteomic profiling by mass spectrometry	Data-independent acquisition	NT=isotope labeling;AC=PRIDE:0000310	NT=orbitrap exploris 480;AC=MS:1003028	NT=TMT6plex;AC=UNIMOD:737;TA=K;MT=Fixed	NT=Trypsin;AC=MS:1001251	NT=collision-induced dissociation;AC=MS:1000133	28% NCE	1	1	230405_S001_OE480_DIA_25cm_1h_1ug_CoE_H1002_0007_NP1.raw	ftp://ftp.pride.ebi.ac.uk/pride/data/archive/2026/09/PXD067951/230405_S001_OE480_DIA_25cm_1h_1ug_CoE_H1002_0007_NP1.raw	v1.1.0	NT=ms-proteomics;VV=v1.1.0	NT=clinical-metadata;VV=v1.0.0	NT=dia-acquisition;VV=v1.1.0	manual curation	blood
230405_S001_OE480_DIA_25cm_1h_1ug_CoE_H1002_0037_NP1	homo sapiens	blood	not applicable	mild cognitive impairment	1	230405_S001_OE480_DIA_25cm_1h_1ug_CoE_H1002_0037_NP1	proteomic profiling by mass spectrometry	Data-independent acquisition	NT=isotope labeling;AC=PRIDE:0000310	NT=orbitrap exploris 480;AC=MS:1003028	NT=TMT6plex;AC=UNIMOD:737;TA=K;MT=Fixed	NT=Trypsin;AC=MS:1001251	NT=collision-induced dissociation;AC=MS:1000133	28% NCE	1	1	230405_S001_OE480_DIA_25cm_1h_1ug_CoE_H1002_0037_NP1.raw	ftp://ftp.pride.ebi.ac.uk/pride/data/archive/2026/09/PXD067951/230405_S001_OE480_DIA_25cm_1h_1ug_CoE_H1002_0037_NP1.raw	v1.1.0	NT=ms-proteomics;VV=v1.1.0	NT=clinical-metadata;VV=v1.0.0	NT=dia-acquisition;VV=v1.1.0	manual curation	blood
230405_S001_OE480_DIA_25cm_1h_1ug_CoE_H1002_0028_NP5	homo sapiens	blood	not applicable	mild cognitive impairment	1	230405_S001_OE480_DIA_25cm_1h_1ug_CoE_H1002_0028_NP5	proteomic profiling by mass spectrometry	Data-independent acquisition	NT=isotope labeling;AC=PRIDE:0000310	NT=orbitrap exploris 480;AC=MS:1003028	NT=TMT6plex;AC=UNIMOD:737;TA=K;MT=Fixed	NT=Trypsin;AC=MS:1001251	NT=collision-induced dissociation;AC=MS:1000133	28% NCE	1	1	230405_S001_OE480_DIA_25cm_1h_1ug_CoE_H1002_0028_NP5.raw	ftp://ftp.pride.ebi.ac.uk/pride/data/archive/2026/09/PXD067951/230405_S001_OE480_DIA_25cm_1h_1ug_CoE_H1002_0028_NP5.raw	v1.1.0	NT=ms-proteomics;VV=v1.1.0	NT=clinical-metadata;VV=v1.0.0	NT=dia-acquisition;VV=v1.1.0	manual curation	blood
230405_S001_OE480_DIA_25cm_1h_1ug_CoE_H1002_0009_NP5	homo sapiens	blood	not applicable	mild cognitive impairment	1	230405_S001_OE480_DIA_25cm_1h_1ug_CoE_H1002_0009_NP5	proteomic profiling by mass spectrometry	Data-independent acquisition	NT=isotope labeling;AC=PRIDE:0000310	NT=orbitrap exploris 480;AC=MS:1003028	NT=TMT6plex;AC=UNIMOD:737;TA=K;MT=Fixed	NT=Trypsin;AC=MS:1001251	NT=collision-induced dissociation;AC=MS:1000133	28% NCE	1	1	230405_S001_OE480_DIA_25cm_1h_1ug_CoE_H1002_0009_NP5.raw	ftp://ftp.pride.ebi.ac.uk/pride/data/archive/2026/09/PXD067951/230405_S001_OE480_DIA_25cm_1h_1ug_CoE_H1002_0009_NP5.raw	v1.1.0	NT=ms-proteomics;VV=v1.1.0	NT=clinical-metadata;VV=v1.0.0	NT=dia-acquisition;VV=v1.1.0	manual curation	blood
230405_S001_OE480_DIA_25cm_1h_1ug_CoE_H1002_0050_NP3	homo sapiens	blood	not applicable	mild cognitive impairment	1	230405_S001_OE480_DIA_25cm_1h_1ug_CoE_H1002_0050_NP3	proteomic profiling by mass spectrometry	Data-independent acquisition	NT=isotope labeling;AC=PRIDE:0000310	NT=orbitrap exploris 480;AC=MS:1003028	NT=TMT6plex;AC=UNIMOD:737;TA=K;MT=Fixed	NT=Trypsin;AC=MS:1001251	NT=collision-induced dissociation;AC=MS:1000133	28% NCE	1	1	230405_S001_OE480_DIA_25cm_1h_1ug_CoE_H1002_0050_NP3.raw	ftp://ftp.pride.ebi.ac.uk/pride/data/archive/2026/09/PXD067951/230405_S001_OE480_DIA_25cm_1h_1ug_CoE_H1002_0050_NP3.raw	v1.1.0	NT=ms-proteomics;VV=v1.1.0	NT=clinical-metadata;VV=v1.0.0	NT=dia-acquisition;VV=v1.1.0	manual curation	blood
230405_S001_OE480_DIA_25cm_1h_1ug_CoE_H1002_0033_NP5	homo sapiens	blood	not applicable	mild cognitive impairment	1	230405_S001_OE480_DIA_25cm_1h_1ug_CoE_H1002_0033_NP5	proteomic profiling by mass spectrometry	Data-independent acquisition	NT=isotope labeling;AC=PRIDE:0000310	NT=orbitrap exploris 480;AC=MS:1003028	NT=TMT6plex;AC=UNIMOD:737;TA=K;MT=Fixed	NT=Trypsin;AC=MS:1001251	NT=collision-induced dissociation;AC=MS:1000133	28% NCE	1	1	230405_S001_OE480_DIA_25cm_1h_1ug_CoE_H1002_0033_NP5.raw	ftp://ftp.pride.ebi.ac.uk/pride/data/archive/2026/09/PXD067951/230405_S001_OE480_DIA_25cm_1h_1ug_CoE_H1002_0033_NP5.raw	v1.1.0	NT=ms-proteomics;VV=v1.1.0	NT=clinical-metadata;VV=v1.0.0	NT=dia-acquisition;VV=v1.1.0	manual curation	blood
230405_S001_OE480_DIA_25cm_1h_1ug_CoE_H1002_0008_NP3	homo sapiens	blood	not applicable	mild cognitive impairment	1	230405_S001_OE480_DIA_25cm_1h_1ug_CoE_H1002_0008_NP3	proteomic profiling by mass spectrometry	Data-independent acquisition	NT=isotope labeling;AC=PRIDE:0000310	NT=orbitrap exploris 480;AC=MS:1003028	NT=TMT6plex;AC=UNIMOD:737;TA=K;MT=Fixed	NT=Trypsin;AC=MS:1001251	NT=collision-induced dissociation;AC=MS:1000133	28% NCE	1	1	230405_S001_OE480_DIA_25cm_1h_1ug_CoE_H1002_0008_NP3.raw	ftp://ftp.pride.ebi.ac.uk/pride/data/archive/2026/09/PXD067951/230405_S001_OE480_DIA_25cm_1h_1ug_CoE_H1002_0008_NP3.raw	v1.1.0	NT=ms-proteomics;VV=v1.1.0	NT=clinical-metadata;VV=v1.0.0	NT=dia-acquisition;VV=v1.1.0	manual curation	blood
230405_S001_OE480_DIA_25cm_1h_1ug_CoE_H1002_0049_NP2	homo sapiens	blood	not applicable	mild cognitive impairment	1	230405_S001_OE480_DIA_25cm_1h_1ug_CoE_H1002_0049_NP2	proteomic profiling by mass spectrometry	Data-independent acquisition	NT=isotope labeling;AC=PRIDE:0000310	NT=orbitrap exploris 480;AC=MS:1003028	NT=TMT6plex;AC=UNIMOD:737;TA=K;MT=Fixed	NT=Trypsin;AC=MS:1001251	NT=collision-induced dissociation;AC=MS:1000133	28% NCE	1	1	230405_S001_OE480_DIA_25cm_1h_1ug_CoE_H1002_0049_NP2.raw	ftp://ftp.pride.ebi.ac.uk/pride/data/archive/2026/09/PXD067951/230405_S001_OE480_DIA_25cm_1h_1ug_CoE_H1002_0049_NP2.raw	v1.1.0	NT=ms-proteomics;VV=v1.1.0	NT=clinical-metadata;VV=v1.0.0	NT=dia-acquisition;VV=v1.1.0	manual curation	blood
230405_S001_OE480_DIA_25cm_1h_1ug_CoE_H1002_0033_NP3	homo sapiens	blood	not applicable	mild cognitive impairment	1	230405_S001_OE480_DIA_25cm_1h_1ug_CoE_H1002_0033_NP3	proteomic profiling by mass spectrometry	Data-independent acquisition	NT=isotope labeling;AC=PRIDE:0000310	NT=orbitrap exploris 480;AC=MS:1003028	NT=TMT6plex;AC=UNIMOD:737;TA=K;MT=Fixed	NT=Trypsin;AC=MS:1001251	NT=collision-induced dissociation;AC=MS:1000133	28% NCE	1	1	230405_S001_OE480_DIA_25cm_1h_1ug_CoE_H1002_0033_NP3.raw	ftp://ftp.pride.ebi.ac.uk/pride/data/archive/2026/09/PXD067951/230405_S001_OE480_DIA_25cm_1h_1ug_CoE_H1002_0033_NP3.raw	v1.1.0	NT=ms-proteomics;VV=v1.1.0	NT=clinical-metadata;VV=v1.0.0	NT=dia-acquisition;VV=v1.1.0	manual curation	blood
230405_S001_OE480_DIA_25cm_1h_1ug_CoE_H1002_0009_NP2	homo sapiens	blood	not applicable	mild cognitive impairment	1	230405_S001_OE480_DIA_25cm_1h_1ug_CoE_H1002_0009_NP2	proteomic profiling by mass spectrometry	Data-independent acquisition	NT=isotope labeling;AC=PRIDE:0000310	NT=orbitrap exploris 480;AC=MS:1003028	NT=TMT6plex;AC=UNIMOD:737;TA=K;MT=Fixed	NT=Trypsin;AC=MS:1001251	NT=collision-induced dissociation;AC=MS:1000133	28% NCE	1	1	230405_S001_OE480_DIA_25cm_1h_1ug_CoE_H1002_0009_NP2.raw	ftp://ftp.pride.ebi.ac.uk/pride/data/archive/2026/09/PXD067951/230405_S001_OE480_DIA_25cm_1h_1ug_CoE_H1002_0009_NP2.raw	v1.1.0	NT=ms-proteomics;VV=v1.1.0	NT=clinical-metadata;VV=v1.0.0	NT=dia-acquisition;VV=v1.1.0	manual curation	blood
230405_S001_OE480_DIA_25cm_1h_1ug_CoE_H1002_0011_NP2	homo sapiens	blood	not applicable	mild cognitive impairment	1	230405_S001_OE480_DIA_25cm_1h_1ug_CoE_H1002_0011_NP2	proteomic profiling by mass spectrometry	Data-independent acquisition	NT=isotope labeling;AC=PRIDE:0000310	NT=orbitrap exploris 480;AC=MS:1003028	NT=TMT6plex;AC=UNIMOD:737;TA=K;MT=Fixed	NT=Trypsin;AC=MS:1001251	NT=collision-induced dissociation;AC=MS:1000133	28% NCE	1	1	230405_S001_OE480_DIA_25cm_1h_1ug_CoE_H1002_0011_NP2.raw	ftp://ftp.pride.ebi.ac.uk/pride/data/archive/2026/09/PXD067951/230405_S001_OE480_DIA_25cm_1h_1ug_CoE_H1002_0011_NP2.raw	v1.1.0	NT=ms-proteomics;VV=v1.1.0	NT=clinical-metadata;VV=v1.0.0	NT=dia-acquisition;VV=v1.1.0	manual curation	blood
230405_S001_OE480_DIA_25cm_1h_1ug_CoE_H1002_0047_NP2	homo sapiens	blood	not applicable	mild cognitive impairment	1	230405_S001_OE480_DIA_25cm_1h_1ug_CoE_H1002_0047_NP2	proteomic profiling by mass spectrometry	Data-independent acquisition	NT=isotope labeling;AC=PRIDE:0000310	NT=orbitrap exploris 480;AC=MS:1003028	NT=TMT6plex;AC=UNIMOD:737;TA=K;MT=Fixed	NT=Trypsin;AC=MS:1001251	NT=collision-induced dissociation;AC=MS:1000133	28% NCE	1	1	230405_S001_OE480_DIA_25cm_1h_1ug_CoE_H1002_0047_NP2.raw	ftp://ftp.pride.ebi.ac.uk/pride/data/archive/2026/09/PXD067951/230405_S001_OE480_DIA_25cm_1h_1ug_CoE_H1002_0047_NP2.raw	v1.1.0	NT=ms-proteomics;VV=v1.1.0	NT=clinical-metadata;VV=v1.0.0	NT=dia-acquisition;VV=v1.1.0	manual curation	blood
230405_S001_OE480_DIA_25cm_1h_1ug_CoE_H1002_0014_NP3	homo sapiens	blood	not applicable	mild cognitive impairment	1	230405_S001_OE480_DIA_25cm_1h_1ug_CoE_H1002_0014_NP3	proteomic profiling by mass spectrometry	Data-independent acquisition	NT=isotope labeling;AC=PRIDE:0000310	NT=orbitrap exploris 480;AC=MS:1003028	NT=TMT6plex;AC=UNIMOD:737;TA=K;MT=Fixed	NT=Trypsin;AC=MS:1001251	NT=collision-induced dissociation;AC=MS:1000133	28% NCE	1	1	230405_S001_OE480_DIA_25cm_1h_1ug_CoE_H1002_0014_NP3.raw	ftp://ftp.pride.ebi.ac.uk/pride/data/archive/2026/09/PXD067951/230405_S001_OE480_DIA_25cm_1h_1ug_CoE_H1002_0014_NP3.raw	v1.1.0	NT=ms-proteomics;VV=v1.1.0	NT=clinical-metadata;VV=v1.0.0	NT=dia-acquisition;VV=v1.1.0	manual curation	blood
230405_S001_OE480_DIA_25cm_1h_1ug_CoE_H1002_0023_NP5	homo sapiens	blood	not applicable	mild cognitive impairment	1	230405_S001_OE480_DIA_25cm_1h_1ug_CoE_H1002_0023_NP5	proteomic profiling by mass spectrometry	Data-independent acquisition	NT=isotope labeling;AC=PRIDE:0000310	NT=orbitrap exploris 480;AC=MS:1003028	NT=TMT6plex;AC=UNIMOD:737;TA=K;MT=Fixed	NT=Trypsin;AC=MS:1001251	NT=collision-induced dissociation;AC=MS:1000133	28% NCE	1	1	230405_S001_OE480_DIA_25cm_1h_1ug_CoE_H1002_0023_NP5.raw	ftp://ftp.pride.ebi.ac.uk/pride/data/archive/2026/09/PXD067951/230405_S001_OE480_DIA_25cm_1h_1ug_CoE_H1002_0023_NP5.raw	v1.1.0	NT=ms-proteomics;VV=v1.1.0	NT=clinical-metadata;VV=v1.0.0	NT=dia-acquisition;VV=v1.1.0	manual curation	blood
230210_S001_OE480_DIA_25cm_1h_350ng_CoE_H1002_0031_NP4	homo sapiens	blood	not applicable	mild cognitive impairment	1	230210_S001_OE480_DIA_25cm_1h_350ng_CoE_H1002_0031_NP4	proteomic profiling by mass spectrometry	Data-independent acquisition	NT=isotope labeling;AC=PRIDE:0000310	NT=orbitrap exploris 480;AC=MS:1003028	NT=TMT6plex;AC=UNIMOD:737;TA=K;MT=Fixed	NT=Trypsin;AC=MS:1001251	NT=collision-induced dissociation;AC=MS:1000133	28% NCE	1	1	230210_S001_OE480_DIA_25cm_1h_350ng_CoE_H1002_0031_NP4.raw	ftp://ftp.pride.ebi.ac.uk/pride/data/archive/2026/09/PXD067951/230210_S001_OE480_DIA_25cm_1h_350ng_CoE_H1002_0031_NP4.raw	v1.1.0	NT=ms-proteomics;VV=v1.1.0	NT=clinical-metadata;VV=v1.0.0	NT=dia-acquisition;VV=v1.1.0	manual curation	blood
230405_S001_OE480_DIA_25cm_1h_1ug_CoE_H1002_0009_NP1	homo sapiens	blood	not applicable	mild cognitive impairment	1	230405_S001_OE480_DIA_25cm_1h_1ug_CoE_H1002_0009_NP1	proteomic profiling by mass spectrometry	Data-independent acquisition	NT=isotope labeling;AC=PRIDE:0000310	NT=orbitrap exploris 480;AC=MS:1003028	NT=TMT6plex;AC=UNIMOD:737;TA=K;MT=Fixed	NT=Trypsin;AC=MS:1001251	NT=collision-induced dissociation;AC=MS:1000133	28% NCE	1	1	230405_S001_OE480_DIA_25cm_1h_1ug_CoE_H1002_0009_NP1.raw	ftp://ftp.pride.ebi.ac.uk/pride/data/archive/2026/09/PXD067951/230405_S001_OE480_DIA_25cm_1h_1ug_CoE_H1002_0009_NP1.raw	v1.1.0	NT=ms-proteomics;VV=v1.1.0	NT=clinical-metadata;VV=v1.0.0	NT=dia-acquisition;VV=v1.1.0	manual curation	blood
230210_S001_OE480_DIA_25cm_1h_350ng_CoE_H1002_0004_NP4	homo sapiens	blood	not applicable	mild cognitive impairment	1	230210_S001_OE480_DIA_25cm_1h_350ng_CoE_H1002_0004_NP4	proteomic profiling by mass spectrometry	Data-independent acquisition	NT=isotope labeling;AC=PRIDE:0000310	NT=orbitrap exploris 480;AC=MS:1003028	NT=TMT6plex;AC=UNIMOD:737;TA=K;MT=Fixed	NT=Trypsin;AC=MS:1001251	NT=collision-induced dissociation;AC=MS:1000133	28% NCE	1	1	230210_S001_OE480_DIA_25cm_1h_350ng_CoE_H1002_0004_NP4.raw	ftp://ftp.pride.ebi.ac.uk/pride/data/archive/2026/09/PXD067951/230210_S001_OE480_DIA_25cm_1h_350ng_CoE_H1002_0004_NP4.raw	v1.1.0	NT=ms-proteomics;VV=v1.1.0	NT=clinical-metadata;VV=v1.0.0	NT=dia-acquisition;VV=v1.1.0	manual curation	blood
230405_S001_OE480_DIA_25cm_1h_1ug_CoE_H1002_0006_NP2	homo sapiens	blood	not applicable	mild cognitive impairment	1	230405_S001_OE480_DIA_25cm_1h_1ug_CoE_H1002_0006_NP2	proteomic profiling by mass spectrometry	Data-independent acquisition	NT=isotope labeling;AC=PRIDE:0000310	NT=orbitrap exploris 480;AC=MS:1003028	NT=TMT6plex;AC=UNIMOD:737;TA=K;MT=Fixed	NT=Trypsin;AC=MS:1001251	NT=collision-induced dissociation;AC=MS:1000133	28% NCE	1	1	230405_S001_OE480_DIA_25cm_1h_1ug_CoE_H1002_0006_NP2.raw	ftp://ftp.pride.ebi.ac.uk/pride/data/archive/2026/09/PXD067951/230405_S001_OE480_DIA_25cm_1h_1ug_CoE_H1002_0006_NP2.raw	v1.1.0	NT=ms-proteomics;VV=v1.1.0	NT=clinical-metadata;VV=v1.0.0	NT=dia-acquisition;VV=v1.1.0	manual curation	blood
230405_S001_OE480_DIA_25cm_1h_1ug_CoE_H1002_0022_NP2	homo sapiens	blood	not applicable	mild cognitive impairment	1	230405_S001_OE480_DIA_25cm_1h_1ug_CoE_H1002_0022_NP2	proteomic profiling by mass spectrometry	Data-independent acquisition	NT=isotope labeling;AC=PRIDE:0000310	NT=orbitrap exploris 480;AC=MS:1003028	NT=TMT6plex;AC=UNIMOD:737;TA=K;MT=Fixed	NT=Trypsin;AC=MS:1001251	NT=collision-induced dissociation;AC=MS:1000133	28% NCE	1	1	230405_S001_OE480_DIA_25cm_1h_1ug_CoE_H1002_0022_NP2.raw	ftp://ftp.pride.ebi.ac.uk/pride/data/archive/2026/09/PXD067951/230405_S001_OE480_DIA_25cm_1h_1ug_CoE_H1002_0022_NP2.raw	v1.1.0	NT=ms-proteomics;VV=v1.1.0	NT=clinical-metadata;VV=v1.0.0	NT=dia-acquisition;VV=v1.1.0	manual curation	blood
230405_S001_OE480_DIA_25cm_1h_1ug_CoE_H1002_0013_NP5	homo sapiens	blood	not applicable	mild cognitive impairment	1	230405_S001_OE480_DIA_25cm_1h_1ug_CoE_H1002_0013_NP5	proteomic profiling by mass spectrometry	Data-independent acquisition	NT=isotope labeling;AC=PRIDE:0000310	NT=orbitrap exploris 480;AC=MS:1003028	NT=TMT6plex;AC=UNIMOD:737;TA=K;MT=Fixed	NT=Trypsin;AC=MS:1001251	NT=collision-induced dissociation;AC=MS:1000133	28% NCE	1	1	230405_S001_OE480_DIA_25cm_1h_1ug_CoE_H1002_0013_NP5.raw	ftp://ftp.pride.ebi.ac.uk/pride/data/archive/2026/09/PXD067951/230405_S001_OE480_DIA_25cm_1h_1ug_CoE_H1002_0013_NP5.raw	v1.1.0	NT=ms-proteomics;VV=v1.1.0	NT=clinical-metadata;VV=v1.0.0	NT=dia-acquisition;VV=v1.1.0	manual curation	blood
230405_S001_OE480_DIA_25cm_1h_1ug_CoE_H1002_0003_NP5	homo sapiens	blood	not applicable	mild cognitive impairment	1	230405_S001_OE480_DIA_25cm_1h_1ug_CoE_H1002_0003_NP5	proteomic profiling by mass spectrometry	Data-independent acquisition	NT=isotope labeling;AC=PRIDE:0000310	NT=orbitrap exploris 480;AC=MS:1003028	NT=TMT6plex;AC=UNIMOD:737;TA=K;MT=Fixed	NT=Trypsin;AC=MS:1001251	NT=collision-induced dissociation;AC=MS:1000133	28% NCE	1	1	230405_S001_OE480_DIA_25cm_1h_1ug_CoE_H1002_0003_NP5.raw	ftp://ftp.pride.ebi.ac.uk/pride/data/archive/2026/09/PXD067951/230405_S001_OE480_DIA_25cm_1h_1ug_CoE_H1002_0003_NP5.raw	v1.1.0	NT=ms-proteomics;VV=v1.1.0	NT=clinical-metadata;VV=v1.0.0	NT=dia-acquisition;VV=v1.1.0	manual curation	blood
230405_S001_OE480_DIA_25cm_1h_1ug_CoE_H1002_0005_NP2	homo sapiens	blood	not applicable	mild cognitive impairment	1	230405_S001_OE480_DIA_25cm_1h_1ug_CoE_H1002_0005_NP2	proteomic profiling by mass spectrometry	Data-independent acquisition	NT=isotope labeling;AC=PRIDE:0000310	NT=orbitrap exploris 480;AC=MS:1003028	NT=TMT6plex;AC=UNIMOD:737;TA=K;MT=Fixed	NT=Trypsin;AC=MS:1001251	NT=collision-induced dissociation;AC=MS:1000133	28% NCE	1	1	230405_S001_OE480_DIA_25cm_1h_1ug_CoE_H1002_0005_NP2.raw	ftp://ftp.pride.ebi.ac.uk/pride/data/archive/2026/09/PXD067951/230405_S001_OE480_DIA_25cm_1h_1ug_CoE_H1002_0005_NP2.raw	v1.1.0	NT=ms-proteomics;VV=v1.1.0	NT=clinical-metadata;VV=v1.0.0	NT=dia-acquisition;VV=v1.1.0	manual curation	blood
230405_S001_OE480_DIA_25cm_1h_1ug_CoE_H1002_0029_NP3	homo sapiens	blood	not applicable	mild cognitive impairment	1	230405_S001_OE480_DIA_25cm_1h_1ug_CoE_H1002_0029_NP3	proteomic profiling by mass spectrometry	Data-independent acquisition	NT=isotope labeling;AC=PRIDE:0000310	NT=orbitrap exploris 480;AC=MS:1003028	NT=TMT6plex;AC=UNIMOD:737;TA=K;MT=Fixed	NT=Trypsin;AC=MS:1001251	NT=collision-induced dissociation;AC=MS:1000133	28% NCE	1	1	230405_S001_OE480_DIA_25cm_1h_1ug_CoE_H1002_0029_NP3.raw	ftp://ftp.pride.ebi.ac.uk/pride/data/archive/2026/09/PXD067951/230405_S001_OE480_DIA_25cm_1h_1ug_CoE_H1002_0029_NP3.raw	v1.1.0	NT=ms-proteomics;VV=v1.1.0	NT=clinical-metadata;VV=v1.0.0	NT=dia-acquisition;VV=v1.1.0	manual curation	blood
230405_S001_OE480_DIA_25cm_1h_1ug_CoE_H1002_0027_NP2	homo sapiens	blood	not applicable	mild cognitive impairment	1	230405_S001_OE480_DIA_25cm_1h_1ug_CoE_H1002_0027_NP2	proteomic profiling by mass spectrometry	Data-independent acquisition	NT=isotope labeling;AC=PRIDE:0000310	NT=orbitrap exploris 480;AC=MS:1003028	NT=TMT6plex;AC=UNIMOD:737;TA=K;MT=Fixed	NT=Trypsin;AC=MS:1001251	NT=collision-induced dissociation;AC=MS:1000133	28% NCE	1	1	230405_S001_OE480_DIA_25cm_1h_1ug_CoE_H1002_0027_NP2.raw	ftp://ftp.pride.ebi.ac.uk/pride/data/archive/2026/09/PXD067951/230405_S001_OE480_DIA_25cm_1h_1ug_CoE_H1002_0027_NP2.raw	v1.1.0	NT=ms-proteomics;VV=v1.1.0	NT=clinical-metadata;VV=v1.0.0	NT=dia-acquisition;VV=v1.1.0	manual curation	blood
230405_S001_OE480_DIA_25cm_1h_1ug_CoE_H1002_0012_NP5	homo sapiens	blood	not applicable	mild cognitive impairment	1	230405_S001_OE480_DIA_25cm_1h_1ug_CoE_H1002_0012_NP5	proteomic profiling by mass spectrometry	Data-independent acquisition	NT=isotope labeling;AC=PRIDE:0000310	NT=orbitrap exploris 480;AC=MS:1003028	NT=TMT6plex;AC=UNIMOD:737;TA=K;MT=Fixed	NT=Trypsin;AC=MS:1001251	NT=collision-induced dissociation;AC=MS:1000133	28% NCE	1	1	230405_S001_OE480_DIA_25cm_1h_1ug_CoE_H1002_0012_NP5.raw	ftp://ftp.pride.ebi.ac.uk/pride/data/archive/2026/09/PXD067951/230405_S001_OE480_DIA_25cm_1h_1ug_CoE_H1002_0012_NP5.raw	v1.1.0	NT=ms-proteomics;VV=v1.1.0	NT=clinical-metadata;VV=v1.0.0	NT=dia-acquisition;VV=v1.1.0	manual curation	blood
230405_S001_OE480_DIA_25cm_1h_1ug_CoE_H1002_0022_NP1	homo sapiens	blood	not applicable	mild cognitive impairment	1	230405_S001_OE480_DIA_25cm_1h_1ug_CoE_H1002_0022_NP1	proteomic profiling by mass spectrometry	Data-independent acquisition	NT=isotope labeling;AC=PRIDE:0000310	NT=orbitrap exploris 480;AC=MS:1003028	NT=TMT6plex;AC=UNIMOD:737;TA=K;MT=Fixed	NT=Trypsin;AC=MS:1001251	NT=collision-induced dissociation;AC=MS:1000133	28% NCE	1	1	230405_S001_OE480_DIA_25cm_1h_1ug_CoE_H1002_0022_NP1.raw	ftp://ftp.pride.ebi.ac.uk/pride/data/archive/2026/09/PXD067951/230405_S001_OE480_DIA_25cm_1h_1ug_CoE_H1002_0022_NP1.raw	v1.1.0	NT=ms-proteomics;VV=v1.1.0	NT=clinical-metadata;VV=v1.0.0	NT=dia-acquisition;VV=v1.1.0	manual curation	blood
230405_S001_OE480_DIA_25cm_1h_1ug_CoE_H1002_0011_NP3	homo sapiens	blood	not applicable	mild cognitive impairment	1	230405_S001_OE480_DIA_25cm_1h_1ug_CoE_H1002_0011_NP3	proteomic profiling by mass spectrometry	Data-independent acquisition	NT=isotope labeling;AC=PRIDE:0000310	NT=orbitrap exploris 480;AC=MS:1003028	NT=TMT6plex;AC=UNIMOD:737;TA=K;MT=Fixed	NT=Trypsin;AC=MS:1001251	NT=collision-induced dissociation;AC=MS:1000133	28% NCE	1	1	230405_S001_OE480_DIA_25cm_1h_1ug_CoE_H1002_0011_NP3.raw	ftp://ftp.pride.ebi.ac.uk/pride/data/archive/2026/09/PXD067951/230405_S001_OE480_DIA_25cm_1h_1ug_CoE_H1002_0011_NP3.raw	v1.1.0	NT=ms-proteomics;VV=v1.1.0	NT=clinical-metadata;VV=v1.0.0	NT=dia-acquisition;VV=v1.1.0	manual curation	blood
230405_S001_OE480_DIA_25cm_1h_1ug_CoE_H1002_0020_NP1	homo sapiens	blood	not applicable	mild cognitive impairment	1	230405_S001_OE480_DIA_25cm_1h_1ug_CoE_H1002_0020_NP1	proteomic profiling by mass spectrometry	Data-independent acquisition	NT=isotope labeling;AC=PRIDE:0000310	NT=orbitrap exploris 480;AC=MS:1003028	NT=TMT6plex;AC=UNIMOD:737;TA=K;MT=Fixed	NT=Trypsin;AC=MS:1001251	NT=collision-induced dissociation;AC=MS:1000133	28% NCE	1	1	230405_S001_OE480_DIA_25cm_1h_1ug_CoE_H1002_0020_NP1.raw	ftp://ftp.pride.ebi.ac.uk/pride/data/archive/2026/09/PXD067951/230405_S001_OE480_DIA_25cm_1h_1ug_CoE_H1002_0020_NP1.raw	v1.1.0	NT=ms-proteomics;VV=v1.1.0	NT=clinical-metadata;VV=v1.0.0	NT=dia-acquisition;VV=v1.1.0	manual curation	blood
230210_S001_OE480_DIA_25cm_1h_350ng_CoE_H1002_0028_NP4	homo sapiens	blood	not applicable	mild cognitive impairment	1	230210_S001_OE480_DIA_25cm_1h_350ng_CoE_H1002_0028_NP4	proteomic profiling by mass spectrometry	Data-independent acquisition	NT=isotope labeling;AC=PRIDE:0000310	NT=orbitrap exploris 480;AC=MS:1003028	NT=TMT6plex;AC=UNIMOD:737;TA=K;MT=Fixed	NT=Trypsin;AC=MS:1001251	NT=collision-induced dissociation;AC=MS:1000133	28% NCE	1	1	230210_S001_OE480_DIA_25cm_1h_350ng_CoE_H1002_0028_NP4.raw	ftp://ftp.pride.ebi.ac.uk/pride/data/archive/2026/09/PXD067951/230210_S001_OE480_DIA_25cm_1h_350ng_CoE_H1002_0028_NP4.raw	v1.1.0	NT=ms-proteomics;VV=v1.1.0	NT=clinical-metadata;VV=v1.0.0	NT=dia-acquisition;VV=v1.1.0	manual curation	blood
230405_S001_OE480_DIA_25cm_1h_1ug_CoE_H1002_0055_NP1	homo sapiens	blood	not applicable	mild cognitive impairment	1	230405_S001_OE480_DIA_25cm_1h_1ug_CoE_H1002_0055_NP1	proteomic profiling by mass spectrometry	Data-independent acquisition	NT=isotope labeling;AC=PRIDE:0000310	NT=orbitrap exploris 480;AC=MS:1003028	NT=TMT6plex;AC=UNIMOD:737;TA=K;MT=Fixed	NT=Trypsin;AC=MS:1001251	NT=collision-induced dissociation;AC=MS:1000133	28% NCE	1	1	230405_S001_OE480_DIA_25cm_1h_1ug_CoE_H1002_0055_NP1.raw	ftp://ftp.pride.ebi.ac.uk/pride/data/archive/2026/09/PXD067951/230405_S001_OE480_DIA_25cm_1h_1ug_CoE_H1002_0055_NP1.raw	v1.1.0	NT=ms-proteomics;VV=v1.1.0	NT=clinical-metadata;VV=v1.0.0	NT=dia-acquisition;VV=v1.1.0	manual curation	blood
230405_S001_OE480_DIA_25cm_1h_1ug_CoE_H1002_0035_NP3	homo sapiens	blood	not applicable	mild cognitive impairment	1	230405_S001_OE480_DIA_25cm_1h_1ug_CoE_H1002_0035_NP3	proteomic profiling by mass spectrometry	Data-independent acquisition	NT=isotope labeling;AC=PRIDE:0000310	NT=orbitrap exploris 480;AC=MS:1003028	NT=TMT6plex;AC=UNIMOD:737;TA=K;MT=Fixed	NT=Trypsin;AC=MS:1001251	NT=collision-induced dissociation;AC=MS:1000133	28% NCE	1	1	230405_S001_OE480_DIA_25cm_1h_1ug_CoE_H1002_0035_NP3.raw	ftp://ftp.pride.ebi.ac.uk/pride/data/archive/2026/09/PXD067951/230405_S001_OE480_DIA_25cm_1h_1ug_CoE_H1002_0035_NP3.raw	v1.1.0	NT=ms-proteomics;VV=v1.1.0	NT=clinical-metadata;VV=v1.0.0	NT=dia-acquisition;VV=v1.1.0	manual curation	blood
230210_S001_OE480_DIA_25cm_1h_350ng_CoE_H1002_0015_NP4	homo sapiens	blood	not applicable	mild cognitive impairment	1	230210_S001_OE480_DIA_25cm_1h_350ng_CoE_H1002_0015_NP4	proteomic profiling by mass spectrometry	Data-independent acquisition	NT=isotope labeling;AC=PRIDE:0000310	NT=orbitrap exploris 480;AC=MS:1003028	NT=TMT6plex;AC=UNIMOD:737;TA=K;MT=Fixed	NT=Trypsin;AC=MS:1001251	NT=collision-induced dissociation;AC=MS:1000133	28% NCE	1	1	230210_S001_OE480_DIA_25cm_1h_350ng_CoE_H1002_0015_NP4.raw	ftp://ftp.pride.ebi.ac.uk/pride/data/archive/2026/09/PXD067951/230210_S001_OE480_DIA_25cm_1h_350ng_CoE_H1002_0015_NP4.raw	v1.1.0	NT=ms-proteomics;VV=v1.1.0	NT=clinical-metadata;VV=v1.0.0	NT=dia-acquisition;VV=v1.1.0	manual curation	blood
230405_S001_OE480_DIA_25cm_1h_1ug_CoE_H1002_0029_NP2	homo sapiens	blood	not applicable	mild cognitive impairment	1	230405_S001_OE480_DIA_25cm_1h_1ug_CoE_H1002_0029_NP2	proteomic profiling by mass spectrometry	Data-independent acquisition	NT=isotope labeling;AC=PRIDE:0000310	NT=orbitrap exploris 480;AC=MS:1003028	NT=TMT6plex;AC=UNIMOD:737;TA=K;MT=Fixed	NT=Trypsin;AC=MS:1001251	NT=collision-induced dissociation;AC=MS:1000133	28% NCE	1	1	230405_S001_OE480_DIA_25cm_1h_1ug_CoE_H1002_0029_NP2.raw	ftp://ftp.pride.ebi.ac.uk/pride/data/archive/2026/09/PXD067951/230405_S001_OE480_DIA_25cm_1h_1ug_CoE_H1002_0029_NP2.raw	v1.1.0	NT=ms-proteomics;VV=v1.1.0	NT=clinical-metadata;VV=v1.0.0	NT=dia-acquisition;VV=v1.1.0	manual curation	blood
230405_S001_OE480_DIA_25cm_1h_1ug_CoE_H1002_0028_NP3	homo sapiens	blood	not applicable	mild cognitive impairment	1	230405_S001_OE480_DIA_25cm_1h_1ug_CoE_H1002_0028_NP3	proteomic profiling by mass spectrometry	Data-independent acquisition	NT=isotope labeling;AC=PRIDE:0000310	NT=orbitrap exploris 480;AC=MS:1003028	NT=TMT6plex;AC=UNIMOD:737;TA=K;MT=Fixed	NT=Trypsin;AC=MS:1001251	NT=collision-induced dissociation;AC=MS:1000133	28% NCE	1	1	230405_S001_OE480_DIA_25cm_1h_1ug_CoE_H1002_0028_NP3.raw	ftp://ftp.pride.ebi.ac.uk/pride/data/archive/2026/09/PXD067951/230405_S001_OE480_DIA_25cm_1h_1ug_CoE_H1002_0028_NP3.raw	v1.1.0	NT=ms-proteomics;VV=v1.1.0	NT=clinical-metadata;VV=v1.0.0	NT=dia-acquisition;VV=v1.1.0	manual curation	blood
230405_S001_OE480_DIA_25cm_1h_1ug_CoE_H1002_0016_NP3	homo sapiens	blood	not applicable	mild cognitive impairment	1	230405_S001_OE480_DIA_25cm_1h_1ug_CoE_H1002_0016_NP3	proteomic profiling by mass spectrometry	Data-independent acquisition	NT=isotope labeling;AC=PRIDE:0000310	NT=orbitrap exploris 480;AC=MS:1003028	NT=TMT6plex;AC=UNIMOD:737;TA=K;MT=Fixed	NT=Trypsin;AC=MS:1001251	NT=collision-induced dissociation;AC=MS:1000133	28% NCE	1	1	230405_S001_OE480_DIA_25cm_1h_1ug_CoE_H1002_0016_NP3.raw	ftp://ftp.pride.ebi.ac.uk/pride/data/archive/2026/09/PXD067951/230405_S001_OE480_DIA_25cm_1h_1ug_CoE_H1002_0016_NP3.raw	v1.1.0	NT=ms-proteomics;VV=v1.1.0	NT=clinical-metadata;VV=v1.0.0	NT=dia-acquisition;VV=v1.1.0	manual curation	blood
230210_S001_OE480_DIA_25cm_1h_350ng_CoE_H1002_0012_NP4	homo sapiens	blood	not applicable	mild cognitive impairment	1	230210_S001_OE480_DIA_25cm_1h_350ng_CoE_H1002_0012_NP4	proteomic profiling by mass spectrometry	Data-independent acquisition	NT=isotope labeling;AC=PRIDE:0000310	NT=orbitrap exploris 480;AC=MS:1003028	NT=TMT6plex;AC=UNIMOD:737;TA=K;MT=Fixed	NT=Trypsin;AC=MS:1001251	NT=collision-induced dissociation;AC=MS:1000133	28% NCE	1	1	230210_S001_OE480_DIA_25cm_1h_350ng_CoE_H1002_0012_NP4.raw	ftp://ftp.pride.ebi.ac.uk/pride/data/archive/2026/09/PXD067951/230210_S001_OE480_DIA_25cm_1h_350ng_CoE_H1002_0012_NP4.raw	v1.1.0	NT=ms-proteomics;VV=v1.1.0	NT=clinical-metadata;VV=v1.0.0	NT=dia-acquisition;VV=v1.1.0	manual curation	blood
230405_S001_OE480_DIA_25cm_1h_1ug_CoE_H1002_0043_NP3	homo sapiens	blood	not applicable	mild cognitive impairment	1	230405_S001_OE480_DIA_25cm_1h_1ug_CoE_H1002_0043_NP3	proteomic profiling by mass spectrometry	Data-independent acquisition	NT=isotope labeling;AC=PRIDE:0000310	NT=orbitrap exploris 480;AC=MS:1003028	NT=TMT6plex;AC=UNIMOD:737;TA=K;MT=Fixed	NT=Trypsin;AC=MS:1001251	NT=collision-induced dissociation;AC=MS:1000133	28% NCE	1	1	230405_S001_OE480_DIA_25cm_1h_1ug_CoE_H1002_0043_NP3.raw	ftp://ftp.pride.ebi.ac.uk/pride/data/archive/2026/09/PXD067951/230405_S001_OE480_DIA_25cm_1h_1ug_CoE_H1002_0043_NP3.raw	v1.1.0	NT=ms-proteomics;VV=v1.1.0	NT=clinical-metadata;VV=v1.0.0	NT=dia-acquisition;VV=v1.1.0	manual curation	blood
230405_S001_OE480_DIA_25cm_1h_1ug_CoE_H1002_0030_NP2	homo sapiens	blood	not applicable	mild cognitive impairment	1	230405_S001_OE480_DIA_25cm_1h_1ug_CoE_H1002_0030_NP2	proteomic profiling by mass spectrometry	Data-independent acquisition	NT=isotope labeling;AC=PRIDE:0000310	NT=orbitrap exploris 480;AC=MS:1003028	NT=TMT6plex;AC=UNIMOD:737;TA=K;MT=Fixed	NT=Trypsin;AC=MS:1001251	NT=collision-induced dissociation;AC=MS:1000133	28% NCE	1	1	230405_S001_OE480_DIA_25cm_1h_1ug_CoE_H1002_0030_NP2.raw	ftp://ftp.pride.ebi.ac.uk/pride/data/archive/2026/09/PXD067951/230405_S001_OE480_DIA_25cm_1h_1ug_CoE_H1002_0030_NP2.raw	v1.1.0	NT=ms-proteomics;VV=v1.1.0	NT=clinical-metadata;VV=v1.0.0	NT=dia-acquisition;VV=v1.1.0	manual curation	blood
230405_S001_OE480_DIA_25cm_1h_1ug_CoE_H1002_0056_NP3	homo sapiens	blood	not applicable	mild cognitive impairment	1	230405_S001_OE480_DIA_25cm_1h_1ug_CoE_H1002_0056_NP3	proteomic profiling by mass spectrometry	Data-independent acquisition	NT=isotope labeling;AC=PRIDE:0000310	NT=orbitrap exploris 480;AC=MS:1003028	NT=TMT6plex;AC=UNIMOD:737;TA=K;MT=Fixed	NT=Trypsin;AC=MS:1001251	NT=collision-induced dissociation;AC=MS:1000133	28% NCE	1	1	230405_S001_OE480_DIA_25cm_1h_1ug_CoE_H1002_0056_NP3.raw	ftp://ftp.pride.ebi.ac.uk/pride/data/archive/2026/09/PXD067951/230405_S001_OE480_DIA_25cm_1h_1ug_CoE_H1002_0056_NP3.raw	v1.1.0	NT=ms-proteomics;VV=v1.1.0	NT=clinical-metadata;VV=v1.0.0	NT=dia-acquisition;VV=v1.1.0	manual curation	blood
230405_S001_OE480_DIA_25cm_1h_1ug_CoE_H1002_0013_NP3	homo sapiens	blood	not applicable	mild cognitive impairment	1	230405_S001_OE480_DIA_25cm_1h_1ug_CoE_H1002_0013_NP3	proteomic profiling by mass spectrometry	Data-independent acquisition	NT=isotope labeling;AC=PRIDE:0000310	NT=orbitrap exploris 480;AC=MS:1003028	NT=TMT6plex;AC=UNIMOD:737;TA=K;MT=Fixed	NT=Trypsin;AC=MS:1001251	NT=collision-induced dissociation;AC=MS:1000133	28% NCE	1	1	230405_S001_OE480_DIA_25cm_1h_1ug_CoE_H1002_0013_NP3.raw	ftp://ftp.pride.ebi.ac.uk/pride/data/archive/2026/09/PXD067951/230405_S001_OE480_DIA_25cm_1h_1ug_CoE_H1002_0013_NP3.raw	v1.1.0	NT=ms-proteomics;VV=v1.1.0	NT=clinical-metadata;VV=v1.0.0	NT=dia-acquisition;VV=v1.1.0	manual curation	blood
230405_S001_OE480_DIA_25cm_1h_1ug_CoE_H1002_0053_NP1	homo sapiens	blood	not applicable	mild cognitive impairment	1	230405_S001_OE480_DIA_25cm_1h_1ug_CoE_H1002_0053_NP1	proteomic profiling by mass spectrometry	Data-independent acquisition	NT=isotope labeling;AC=PRIDE:0000310	NT=orbitrap exploris 480;AC=MS:1003028	NT=TMT6plex;AC=UNIMOD:737;TA=K;MT=Fixed	NT=Trypsin;AC=MS:1001251	NT=collision-induced dissociation;AC=MS:1000133	28% NCE	1	1	230405_S001_OE480_DIA_25cm_1h_1ug_CoE_H1002_0053_NP1.raw	ftp://ftp.pride.ebi.ac.uk/pride/data/archive/2026/09/PXD067951/230405_S001_OE480_DIA_25cm_1h_1ug_CoE_H1002_0053_NP1.raw	v1.1.0	NT=ms-proteomics;VV=v1.1.0	NT=clinical-metadata;VV=v1.0.0	NT=dia-acquisition;VV=v1.1.0	manual curation	blood
230405_S001_OE480_DIA_25cm_1h_1ug_CoE_H1002_0055_NP5	homo sapiens	blood	not applicable	mild cognitive impairment	1	230405_S001_OE480_DIA_25cm_1h_1ug_CoE_H1002_0055_NP5	proteomic profiling by mass spectrometry	Data-independent acquisition	NT=isotope labeling;AC=PRIDE:0000310	NT=orbitrap exploris 480;AC=MS:1003028	NT=TMT6plex;AC=UNIMOD:737;TA=K;MT=Fixed	NT=Trypsin;AC=MS:1001251	NT=collision-induced dissociation;AC=MS:1000133	28% NCE	1	1	230405_S001_OE480_DIA_25cm_1h_1ug_CoE_H1002_0055_NP5.raw	ftp://ftp.pride.ebi.ac.uk/pride/data/archive/2026/09/PXD067951/230405_S001_OE480_DIA_25cm_1h_1ug_CoE_H1002_0055_NP5.raw	v1.1.0	NT=ms-proteomics;VV=v1.1.0	NT=clinical-metadata;VV=v1.0.0	NT=dia-acquisition;VV=v1.1.0	manual curation	blood
230210_S001_OE480_DIA_25cm_1h_350ng_CoE_H1002_0014_1_NP4	homo sapiens	blood	not applicable	mild cognitive impairment	1	230210_S001_OE480_DIA_25cm_1h_350ng_CoE_H1002_0014_1_NP4	proteomic profiling by mass spectrometry	Data-independent acquisition	NT=isotope labeling;AC=PRIDE:0000310	NT=orbitrap exploris 480;AC=MS:1003028	NT=TMT6plex;AC=UNIMOD:737;TA=K;MT=Fixed	NT=Trypsin;AC=MS:1001251	NT=collision-induced dissociation;AC=MS:1000133	28% NCE	1	1	230210_S001_OE480_DIA_25cm_1h_350ng_CoE_H1002_0014_1_NP4.raw	ftp://ftp.pride.ebi.ac.uk/pride/data/archive/2026/09/PXD067951/230210_S001_OE480_DIA_25cm_1h_350ng_CoE_H1002_0014_1_NP4.raw	v1.1.0	NT=ms-proteomics;VV=v1.1.0	NT=clinical-metadata;VV=v1.0.0	NT=dia-acquisition;VV=v1.1.0	manual curation	blood
230405_S001_OE480_DIA_25cm_1h_1ug_CoE_H1002_0002_NP2	homo sapiens	blood	not applicable	mild cognitive impairment	1	230405_S001_OE480_DIA_25cm_1h_1ug_CoE_H1002_0002_NP2	proteomic profiling by mass spectrometry	Data-independent acquisition	NT=isotope labeling;AC=PRIDE:0000310	NT=orbitrap exploris 480;AC=MS:1003028	NT=TMT6plex;AC=UNIMOD:737;TA=K;MT=Fixed	NT=Trypsin;AC=MS:1001251	NT=collision-induced dissociation;AC=MS:1000133	28% NCE	1	1	230405_S001_OE480_DIA_25cm_1h_1ug_CoE_H1002_0002_NP2.raw	ftp://ftp.pride.ebi.ac.uk/pride/data/archive/2026/09/PXD067951/230405_S001_OE480_DIA_25cm_1h_1ug_CoE_H1002_0002_NP2.raw	v1.1.0	NT=ms-proteomics;VV=v1.1.0	NT=clinical-metadata;VV=v1.0.0	NT=dia-acquisition;VV=v1.1.0	manual curation	blood
230405_S001_OE480_DIA_25cm_1h_1ug_CoE_H1002_0055_NP3	homo sapiens	blood	not applicable	mild cognitive impairment	1	230405_S001_OE480_DIA_25cm_1h_1ug_CoE_H1002_0055_NP3	proteomic profiling by mass spectrometry	Data-independent acquisition	NT=isotope labeling;AC=PRIDE:0000310	NT=orbitrap exploris 480;AC=MS:1003028	NT=TMT6plex;AC=UNIMOD:737;TA=K;MT=Fixed	NT=Trypsin;AC=MS:1001251	NT=collision-induced dissociation;AC=MS:1000133	28% NCE	1	1	230405_S001_OE480_DIA_25cm_1h_1ug_CoE_H1002_0055_NP3.raw	ftp://ftp.pride.ebi.ac.uk/pride/data/archive/2026/09/PXD067951/230405_S001_OE480_DIA_25cm_1h_1ug_CoE_H1002_0055_NP3.raw	v1.1.0	NT=ms-proteomics;VV=v1.1.0	NT=clinical-metadata;VV=v1.0.0	NT=dia-acquisition;VV=v1.1.0	manual curation	blood
230405_S001_OE480_DIA_25cm_1h_1ug_CoE_H1002_0005_NP5	homo sapiens	blood	not applicable	mild cognitive impairment	1	230405_S001_OE480_DIA_25cm_1h_1ug_CoE_H1002_0005_NP5	proteomic profiling by mass spectrometry	Data-independent acquisition	NT=isotope labeling;AC=PRIDE:0000310	NT=orbitrap exploris 480;AC=MS:1003028	NT=TMT6plex;AC=UNIMOD:737;TA=K;MT=Fixed	NT=Trypsin;AC=MS:1001251	NT=collision-induced dissociation;AC=MS:1000133	28% NCE	1	1	230405_S001_OE480_DIA_25cm_1h_1ug_CoE_H1002_0005_NP5.raw	ftp://ftp.pride.ebi.ac.uk/pride/data/archive/2026/09/PXD067951/230405_S001_OE480_DIA_25cm_1h_1ug_CoE_H1002_0005_NP5.raw	v1.1.0	NT=ms-proteomics;VV=v1.1.0	NT=clinical-metadata;VV=v1.0.0	NT=dia-acquisition;VV=v1.1.0	manual curation	blood
230405_S001_OE480_DIA_25cm_1h_1ug_CoE_H1002_0036_NP5	homo sapiens	blood	not applicable	mild cognitive impairment	1	230405_S001_OE480_DIA_25cm_1h_1ug_CoE_H1002_0036_NP5	proteomic profiling by mass spectrometry	Data-independent acquisition	NT=isotope labeling;AC=PRIDE:0000310	NT=orbitrap exploris 480;AC=MS:1003028	NT=TMT6plex;AC=UNIMOD:737;TA=K;MT=Fixed	NT=Trypsin;AC=MS:1001251	NT=collision-induced dissociation;AC=MS:1000133	28% NCE	1	1	230405_S001_OE480_DIA_25cm_1h_1ug_CoE_H1002_0036_NP5.raw	ftp://ftp.pride.ebi.ac.uk/pride/data/archive/2026/09/PXD067951/230405_S001_OE480_DIA_25cm_1h_1ug_CoE_H1002_0036_NP5.raw	v1.1.0	NT=ms-proteomics;VV=v1.1.0	NT=clinical-metadata;VV=v1.0.0	NT=dia-acquisition;VV=v1.1.0	manual curation	blood
230405_S001_OE480_DIA_25cm_1h_1ug_CoE_H1002_0001_NP3	homo sapiens	blood	not applicable	mild cognitive impairment	1	230405_S001_OE480_DIA_25cm_1h_1ug_CoE_H1002_0001_NP3	proteomic profiling by mass spectrometry	Data-independent acquisition	NT=isotope labeling;AC=PRIDE:0000310	NT=orbitrap exploris 480;AC=MS:1003028	NT=TMT6plex;AC=UNIMOD:737;TA=K;MT=Fixed	NT=Trypsin;AC=MS:1001251	NT=collision-induced dissociation;AC=MS:1000133	28% NCE	1	1	230405_S001_OE480_DIA_25cm_1h_1ug_CoE_H1002_0001_NP3.raw	ftp://ftp.pride.ebi.ac.uk/pride/data/archive/2026/09/PXD067951/230405_S001_OE480_DIA_25cm_1h_1ug_CoE_H1002_0001_NP3.raw	v1.1.0	NT=ms-proteomics;VV=v1.1.0	NT=clinical-metadata;VV=v1.0.0	NT=dia-acquisition;VV=v1.1.0	manual curation	blood
230405_S001_OE480_DIA_25cm_1h_1ug_CoE_H1002_0033_NP1	homo sapiens	blood	not applicable	mild cognitive impairment	1	230405_S001_OE480_DIA_25cm_1h_1ug_CoE_H1002_0033_NP1	proteomic profiling by mass spectrometry	Data-independent acquisition	NT=isotope labeling;AC=PRIDE:0000310	NT=orbitrap exploris 480;AC=MS:1003028	NT=TMT6plex;AC=UNIMOD:737;TA=K;MT=Fixed	NT=Trypsin;AC=MS:1001251	NT=collision-induced dissociation;AC=MS:1000133	28% NCE	1	1	230405_S001_OE480_DIA_25cm_1h_1ug_CoE_H1002_0033_NP1.raw	ftp://ftp.pride.ebi.ac.uk/pride/data/archive/2026/09/PXD067951/230405_S001_OE480_DIA_25cm_1h_1ug_CoE_H1002_0033_NP1.raw	v1.1.0	NT=ms-proteomics;VV=v1.1.0	NT=clinical-metadata;VV=v1.0.0	NT=dia-acquisition;VV=v1.1.0	manual curation	blood
230405_S001_OE480_DIA_25cm_1h_1ug_CoE_H1002_0024_NP5	homo sapiens	blood	not applicable	mild cognitive impairment	1	230405_S001_OE480_DIA_25cm_1h_1ug_CoE_H1002_0024_NP5	proteomic profiling by mass spectrometry	Data-independent acquisition	NT=isotope labeling;AC=PRIDE:0000310	NT=orbitrap exploris 480;AC=MS:1003028	NT=TMT6plex;AC=UNIMOD:737;TA=K;MT=Fixed	NT=Trypsin;AC=MS:1001251	NT=collision-induced dissociation;AC=MS:1000133	28% NCE	1	1	230405_S001_OE480_DIA_25cm_1h_1ug_CoE_H1002_0024_NP5.raw	ftp://ftp.pride.ebi.ac.uk/pride/data/archive/2026/09/PXD067951/230405_S001_OE480_DIA_25cm_1h_1ug_CoE_H1002_0024_NP5.raw	v1.1.0	NT=ms-proteomics;VV=v1.1.0	NT=clinical-metadata;VV=v1.0.0	NT=dia-acquisition;VV=v1.1.0	manual curation	blood
230405_S001_OE480_DIA_25cm_1h_1ug_CoE_H1002_0006_NP3	homo sapiens	blood	not applicable	mild cognitive impairment	1	230405_S001_OE480_DIA_25cm_1h_1ug_CoE_H1002_0006_NP3	proteomic profiling by mass spectrometry	Data-independent acquisition	NT=isotope labeling;AC=PRIDE:0000310	NT=orbitrap exploris 480;AC=MS:1003028	NT=TMT6plex;AC=UNIMOD:737;TA=K;MT=Fixed	NT=Trypsin;AC=MS:1001251	NT=collision-induced dissociation;AC=MS:1000133	28% NCE	1	1	230405_S001_OE480_DIA_25cm_1h_1ug_CoE_H1002_0006_NP3.raw	ftp://ftp.pride.ebi.ac.uk/pride/data/archive/2026/09/PXD067951/230405_S001_OE480_DIA_25cm_1h_1ug_CoE_H1002_0006_NP3.raw	v1.1.0	NT=ms-proteomics;VV=v1.1.0	NT=clinical-metadata;VV=v1.0.0	NT=dia-acquisition;VV=v1.1.0	manual curation	blood
230210_S001_OE480_DIA_25cm_1h_350ng_CoE_H1002_0027_1_NP4	homo sapiens	blood	not applicable	mild cognitive impairment	1	230210_S001_OE480_DIA_25cm_1h_350ng_CoE_H1002_0027_1_NP4	proteomic profiling by mass spectrometry	Data-independent acquisition	NT=isotope labeling;AC=PRIDE:0000310	NT=orbitrap exploris 480;AC=MS:1003028	NT=TMT6plex;AC=UNIMOD:737;TA=K;MT=Fixed	NT=Trypsin;AC=MS:1001251	NT=collision-induced dissociation;AC=MS:1000133	28% NCE	1	1	230210_S001_OE480_DIA_25cm_1h_350ng_CoE_H1002_0027_1_NP4.raw	ftp://ftp.pride.ebi.ac.uk/pride/data/archive/2026/09/PXD067951/230210_S001_OE480_DIA_25cm_1h_350ng_CoE_H1002_0027_1_NP4.raw	v1.1.0	NT=ms-proteomics;VV=v1.1.0	NT=clinical-metadata;VV=v1.0.0	NT=dia-acquisition;VV=v1.1.0	manual curation	blood
230405_S001_OE480_DIA_25cm_1h_1ug_CoE_H1002_0004_NP5	homo sapiens	blood	not applicable	mild cognitive impairment	1	230405_S001_OE480_DIA_25cm_1h_1ug_CoE_H1002_0004_NP5	proteomic profiling by mass spectrometry	Data-independent acquisition	NT=isotope labeling;AC=PRIDE:0000310	NT=orbitrap exploris 480;AC=MS:1003028	NT=TMT6plex;AC=UNIMOD:737;TA=K;MT=Fixed	NT=Trypsin;AC=MS:1001251	NT=collision-induced dissociation;AC=MS:1000133	28% NCE	1	1	230405_S001_OE480_DIA_25cm_1h_1ug_CoE_H1002_0004_NP5.raw	ftp://ftp.pride.ebi.ac.uk/pride/data/archive/2026/09/PXD067951/230405_S001_OE480_DIA_25cm_1h_1ug_CoE_H1002_0004_NP5.raw	v1.1.0	NT=ms-proteomics;VV=v1.1.0	NT=clinical-metadata;VV=v1.0.0	NT=dia-acquisition;VV=v1.1.0	manual curation	blood
230405_S001_OE480_DIA_25cm_1h_1ug_CoE_H1002_0053_NP3	homo sapiens	blood	not applicable	mild cognitive impairment	1	230405_S001_OE480_DIA_25cm_1h_1ug_CoE_H1002_0053_NP3	proteomic profiling by mass spectrometry	Data-independent acquisition	NT=isotope labeling;AC=PRIDE:0000310	NT=orbitrap exploris 480;AC=MS:1003028	NT=TMT6plex;AC=UNIMOD:737;TA=K;MT=Fixed	NT=Trypsin;AC=MS:1001251	NT=collision-induced dissociation;AC=MS:1000133	28% NCE	1	1	230405_S001_OE480_DIA_25cm_1h_1ug_CoE_H1002_0053_NP3.raw	ftp://ftp.pride.ebi.ac.uk/pride/data/archive/2026/09/PXD067951/230405_S001_OE480_DIA_25cm_1h_1ug_CoE_H1002_0053_NP3.raw	v1.1.0	NT=ms-proteomics;VV=v1.1.0	NT=clinical-metadata;VV=v1.0.0	NT=dia-acquisition;VV=v1.1.0	manual curation	blood
230210_S001_OE480_DIA_25cm_1h_350ng_CoE_H1002_0013_NP4	homo sapiens	blood	not applicable	mild cognitive impairment	1	230210_S001_OE480_DIA_25cm_1h_350ng_CoE_H1002_0013_NP4	proteomic profiling by mass spectrometry	Data-independent acquisition	NT=isotope labeling;AC=PRIDE:0000310	NT=orbitrap exploris 480;AC=MS:1003028	NT=TMT6plex;AC=UNIMOD:737;TA=K;MT=Fixed	NT=Trypsin;AC=MS:1001251	NT=collision-induced dissociation;AC=MS:1000133	28% NCE	1	1	230210_S001_OE480_DIA_25cm_1h_350ng_CoE_H1002_0013_NP4.raw	ftp://ftp.pride.ebi.ac.uk/pride/data/archive/2026/09/PXD067951/230210_S001_OE480_DIA_25cm_1h_350ng_CoE_H1002_0013_NP4.raw	v1.1.0	NT=ms-proteomics;VV=v1.1.0	NT=clinical-metadata;VV=v1.0.0	NT=dia-acquisition;VV=v1.1.0	manual curation	blood
230405_S001_OE480_DIA_25cm_1h_1ug_CoE_H1002_0047_NP3	homo sapiens	blood	not applicable	mild cognitive impairment	1	230405_S001_OE480_DIA_25cm_1h_1ug_CoE_H1002_0047_NP3	proteomic profiling by mass spectrometry	Data-independent acquisition	NT=isotope labeling;AC=PRIDE:0000310	NT=orbitrap exploris 480;AC=MS:1003028	NT=TMT6plex;AC=UNIMOD:737;TA=K;MT=Fixed	NT=Trypsin;AC=MS:1001251	NT=collision-induced dissociation;AC=MS:1000133	28% NCE	1	1	230405_S001_OE480_DIA_25cm_1h_1ug_CoE_H1002_0047_NP3.raw	ftp://ftp.pride.ebi.ac.uk/pride/data/archive/2026/09/PXD067951/230405_S001_OE480_DIA_25cm_1h_1ug_CoE_H1002_0047_NP3.raw	v1.1.0	NT=ms-proteomics;VV=v1.1.0	NT=clinical-metadata;VV=v1.0.0	NT=dia-acquisition;VV=v1.1.0	manual curation	blood
230210_S001_OE480_DIA_25cm_1h_350ng_CoE_H1002_0056_NP4	homo sapiens	blood	not applicable	mild cognitive impairment	1	230210_S001_OE480_DIA_25cm_1h_350ng_CoE_H1002_0056_NP4	proteomic profiling by mass spectrometry	Data-independent acquisition	NT=isotope labeling;AC=PRIDE:0000310	NT=orbitrap exploris 480;AC=MS:1003028	NT=TMT6plex;AC=UNIMOD:737;TA=K;MT=Fixed	NT=Trypsin;AC=MS:1001251	NT=collision-induced dissociation;AC=MS:1000133	28% NCE	1	1	230210_S001_OE480_DIA_25cm_1h_350ng_CoE_H1002_0056_NP4.raw	ftp://ftp.pride.ebi.ac.uk/pride/data/archive/2026/09/PXD067951/230210_S001_OE480_DIA_25cm_1h_350ng_CoE_H1002_0056_NP4.raw	v1.1.0	NT=ms-proteomics;VV=v1.1.0	NT=clinical-metadata;VV=v1.0.0	NT=dia-acquisition;VV=v1.1.0	manual curation	blood
230405_S001_OE480_DIA_25cm_1h_1ug_CoE_H1002_0001_NP5	homo sapiens	blood	not applicable	mild cognitive impairment	1	230405_S001_OE480_DIA_25cm_1h_1ug_CoE_H1002_0001_NP5	proteomic profiling by mass spectrometry	Data-independent acquisition	NT=isotope labeling;AC=PRIDE:0000310	NT=orbitrap exploris 480;AC=MS:1003028	NT=TMT6plex;AC=UNIMOD:737;TA=K;MT=Fixed	NT=Trypsin;AC=MS:1001251	NT=collision-induced dissociation;AC=MS:1000133	28% NCE	1	1	230405_S001_OE480_DIA_25cm_1h_1ug_CoE_H1002_0001_NP5.raw	ftp://ftp.pride.ebi.ac.uk/pride/data/archive/2026/09/PXD067951/230405_S001_OE480_DIA_25cm_1h_1ug_CoE_H1002_0001_NP5.raw	v1.1.0	NT=ms-proteomics;VV=v1.1.0	NT=clinical-metadata;VV=v1.0.0	NT=dia-acquisition;VV=v1.1.0	manual curation	blood
230405_S001_OE480_DIA_25cm_1h_1ug_CoE_H1002_0050_NP5	homo sapiens	blood	not applicable	mild cognitive impairment	1	230405_S001_OE480_DIA_25cm_1h_1ug_CoE_H1002_0050_NP5	proteomic profiling by mass spectrometry	Data-independent acquisition	NT=isotope labeling;AC=PRIDE:0000310	NT=orbitrap exploris 480;AC=MS:1003028	NT=TMT6plex;AC=UNIMOD:737;TA=K;MT=Fixed	NT=Trypsin;AC=MS:1001251	NT=collision-induced dissociation;AC=MS:1000133	28% NCE	1	1	230405_S001_OE480_DIA_25cm_1h_1ug_CoE_H1002_0050_NP5.raw	ftp://ftp.pride.ebi.ac.uk/pride/data/archive/2026/09/PXD067951/230405_S001_OE480_DIA_25cm_1h_1ug_CoE_H1002_0050_NP5.raw	v1.1.0	NT=ms-proteomics;VV=v1.1.0	NT=clinical-metadata;VV=v1.0.0	NT=dia-acquisition;VV=v1.1.0	manual curation	blood
230405_S001_OE480_DIA_25cm_1h_1ug_CoE_H1002_0013_NP1	homo sapiens	blood	not applicable	mild cognitive impairment	1	230405_S001_OE480_DIA_25cm_1h_1ug_CoE_H1002_0013_NP1	proteomic profiling by mass spectrometry	Data-independent acquisition	NT=isotope labeling;AC=PRIDE:0000310	NT=orbitrap exploris 480;AC=MS:1003028	NT=TMT6plex;AC=UNIMOD:737;TA=K;MT=Fixed	NT=Trypsin;AC=MS:1001251	NT=collision-induced dissociation;AC=MS:1000133	28% NCE	1	1	230405_S001_OE480_DIA_25cm_1h_1ug_CoE_H1002_0013_NP1.raw	ftp://ftp.pride.ebi.ac.uk/pride/data/archive/2026/09/PXD067951/230405_S001_OE480_DIA_25cm_1h_1ug_CoE_H1002_0013_NP1.raw	v1.1.0	NT=ms-proteomics;VV=v1.1.0	NT=clinical-metadata;VV=v1.0.0	NT=dia-acquisition;VV=v1.1.0	manual curation	blood
230405_S001_OE480_DIA_25cm_1h_1ug_CoE_H1002_0021_NP2	homo sapiens	blood	not applicable	mild cognitive impairment	1	230405_S001_OE480_DIA_25cm_1h_1ug_CoE_H1002_0021_NP2	proteomic profiling by mass spectrometry	Data-independent acquisition	NT=isotope labeling;AC=PRIDE:0000310	NT=orbitrap exploris 480;AC=MS:1003028	NT=TMT6plex;AC=UNIMOD:737;TA=K;MT=Fixed	NT=Trypsin;AC=MS:1001251	NT=collision-induced dissociation;AC=MS:1000133	28% NCE	1	1	230405_S001_OE480_DIA_25cm_1h_1ug_CoE_H1002_0021_NP2.raw	ftp://ftp.pride.ebi.ac.uk/pride/data/archive/2026/09/PXD067951/230405_S001_OE480_DIA_25cm_1h_1ug_CoE_H1002_0021_NP2.raw	v1.1.0	NT=ms-proteomics;VV=v1.1.0	NT=clinical-metadata;VV=v1.0.0	NT=dia-acquisition;VV=v1.1.0	manual curation	blood
230405_S001_OE480_DIA_25cm_1h_1ug_CoE_H1002_0024_NP2	homo sapiens	blood	not applicable	mild cognitive impairment	1	230405_S001_OE480_DIA_25cm_1h_1ug_CoE_H1002_0024_NP2	proteomic profiling by mass spectrometry	Data-independent acquisition	NT=isotope labeling;AC=PRIDE:0000310	NT=orbitrap exploris 480;AC=MS:1003028	NT=TMT6plex;AC=UNIMOD:737;TA=K;MT=Fixed	NT=Trypsin;AC=MS:1001251	NT=collision-induced dissociation;AC=MS:1000133	28% NCE	1	1	230405_S001_OE480_DIA_25cm_1h_1ug_CoE_H1002_0024_NP2.raw	ftp://ftp.pride.ebi.ac.uk/pride/data/archive/2026/09/PXD067951/230405_S001_OE480_DIA_25cm_1h_1ug_CoE_H1002_0024_NP2.raw	v1.1.0	NT=ms-proteomics;VV=v1.1.0	NT=clinical-metadata;VV=v1.0.0	NT=dia-acquisition;VV=v1.1.0	manual curation	blood
230405_S001_OE480_DIA_25cm_1h_1ug_CoE_H1002_0022_NP5	homo sapiens	blood	not applicable	mild cognitive impairment	1	230405_S001_OE480_DIA_25cm_1h_1ug_CoE_H1002_0022_NP5	proteomic profiling by mass spectrometry	Data-independent acquisition	NT=isotope labeling;AC=PRIDE:0000310	NT=orbitrap exploris 480;AC=MS:1003028	NT=TMT6plex;AC=UNIMOD:737;TA=K;MT=Fixed	NT=Trypsin;AC=MS:1001251	NT=collision-induced dissociation;AC=MS:1000133	28% NCE	1	1	230405_S001_OE480_DIA_25cm_1h_1ug_CoE_H1002_0022_NP5.raw	ftp://ftp.pride.ebi.ac.uk/pride/data/archive/2026/09/PXD067951/230405_S001_OE480_DIA_25cm_1h_1ug_CoE_H1002_0022_NP5.raw	v1.1.0	NT=ms-proteomics;VV=v1.1.0	NT=clinical-metadata;VV=v1.0.0	NT=dia-acquisition;VV=v1.1.0	manual curation	blood
230210_S001_OE480_DIA_25cm_1h_350ng_CoE_H1002_0052_NP4	homo sapiens	blood	not applicable	mild cognitive impairment	1	230210_S001_OE480_DIA_25cm_1h_350ng_CoE_H1002_0052_NP4	proteomic profiling by mass spectrometry	Data-independent acquisition	NT=isotope labeling;AC=PRIDE:0000310	NT=orbitrap exploris 480;AC=MS:1003028	NT=TMT6plex;AC=UNIMOD:737;TA=K;MT=Fixed	NT=Trypsin;AC=MS:1001251	NT=collision-induced dissociation;AC=MS:1000133	28% NCE	1	1	230210_S001_OE480_DIA_25cm_1h_350ng_CoE_H1002_0052_NP4.raw	ftp://ftp.pride.ebi.ac.uk/pride/data/archive/2026/09/PXD067951/230210_S001_OE480_DIA_25cm_1h_350ng_CoE_H1002_0052_NP4.raw	v1.1.0	NT=ms-proteomics;VV=v1.1.0	NT=clinical-metadata;VV=v1.0.0	NT=dia-acquisition;VV=v1.1.0	manual curation	blood
230405_S001_OE480_DIA_25cm_1h_1ug_CoE_H1002_0019_NP3	homo sapiens	blood	not applicable	mild cognitive impairment	1	230405_S001_OE480_DIA_25cm_1h_1ug_CoE_H1002_0019_NP3	proteomic profiling by mass spectrometry	Data-independent acquisition	NT=isotope labeling;AC=PRIDE:0000310	NT=orbitrap exploris 480;AC=MS:1003028	NT=TMT6plex;AC=UNIMOD:737;TA=K;MT=Fixed	NT=Trypsin;AC=MS:1001251	NT=collision-induced dissociation;AC=MS:1000133	28% NCE	1	1	230405_S001_OE480_DIA_25cm_1h_1ug_CoE_H1002_0019_NP3.raw	ftp://ftp.pride.ebi.ac.uk/pride/data/archive/2026/09/PXD067951/230405_S001_OE480_DIA_25cm_1h_1ug_CoE_H1002_0019_NP3.raw	v1.1.0	NT=ms-proteomics;VV=v1.1.0	NT=clinical-metadata;VV=v1.0.0	NT=dia-acquisition;VV=v1.1.0	manual curation	blood
230405_S001_OE480_DIA_25cm_1h_1ug_CoE_H1002_0041_NP1	homo sapiens	blood	not applicable	mild cognitive impairment	1	230405_S001_OE480_DIA_25cm_1h_1ug_CoE_H1002_0041_NP1	proteomic profiling by mass spectrometry	Data-independent acquisition	NT=isotope labeling;AC=PRIDE:0000310	NT=orbitrap exploris 480;AC=MS:1003028	NT=TMT6plex;AC=UNIMOD:737;TA=K;MT=Fixed	NT=Trypsin;AC=MS:1001251	NT=collision-induced dissociation;AC=MS:1000133	28% NCE	1	1	230405_S001_OE480_DIA_25cm_1h_1ug_CoE_H1002_0041_NP1.raw	ftp://ftp.pride.ebi.ac.uk/pride/data/archive/2026/09/PXD067951/230405_S001_OE480_DIA_25cm_1h_1ug_CoE_H1002_0041_NP1.raw	v1.1.0	NT=ms-proteomics;VV=v1.1.0	NT=clinical-metadata;VV=v1.0.0	NT=dia-acquisition;VV=v1.1.0	manual curation	blood
230405_S001_OE480_DIA_25cm_1h_1ug_CoE_H1002_0037_NP5	homo sapiens	blood	not applicable	mild cognitive impairment	1	230405_S001_OE480_DIA_25cm_1h_1ug_CoE_H1002_0037_NP5	proteomic profiling by mass spectrometry	Data-independent acquisition	NT=isotope labeling;AC=PRIDE:0000310	NT=orbitrap exploris 480;AC=MS:1003028	NT=TMT6plex;AC=UNIMOD:737;TA=K;MT=Fixed	NT=Trypsin;AC=MS:1001251	NT=collision-induced dissociation;AC=MS:1000133	28% NCE	1	1	230405_S001_OE480_DIA_25cm_1h_1ug_CoE_H1002_0037_NP5.raw	ftp://ftp.pride.ebi.ac.uk/pride/data/archive/2026/09/PXD067951/230405_S001_OE480_DIA_25cm_1h_1ug_CoE_H1002_0037_NP5.raw	v1.1.0	NT=ms-proteomics;VV=v1.1.0	NT=clinical-metadata;VV=v1.0.0	NT=dia-acquisition;VV=v1.1.0	manual curation	blood
230405_S001_OE480_DIA_25cm_1h_1ug_CoE_H1002_0018_NP2	homo sapiens	blood	not applicable	mild cognitive impairment	1	230405_S001_OE480_DIA_25cm_1h_1ug_CoE_H1002_0018_NP2	proteomic profiling by mass spectrometry	Data-independent acquisition	NT=isotope labeling;AC=PRIDE:0000310	NT=orbitrap exploris 480;AC=MS:1003028	NT=TMT6plex;AC=UNIMOD:737;TA=K;MT=Fixed	NT=Trypsin;AC=MS:1001251	NT=collision-induced dissociation;AC=MS:1000133	28% NCE	1	1	230405_S001_OE480_DIA_25cm_1h_1ug_CoE_H1002_0018_NP2.raw	ftp://ftp.pride.ebi.ac.uk/pride/data/archive/2026/09/PXD067951/230405_S001_OE480_DIA_25cm_1h_1ug_CoE_H1002_0018_NP2.raw	v1.1.0	NT=ms-proteomics;VV=v1.1.0	NT=clinical-metadata;VV=v1.0.0	NT=dia-acquisition;VV=v1.1.0	manual curation	blood
230405_S001_OE480_DIA_25cm_1h_1ug_CoE_H1002_0025_NP1	homo sapiens	blood	not applicable	mild cognitive impairment	1	230405_S001_OE480_DIA_25cm_1h_1ug_CoE_H1002_0025_NP1	proteomic profiling by mass spectrometry	Data-independent acquisition	NT=isotope labeling;AC=PRIDE:0000310	NT=orbitrap exploris 480;AC=MS:1003028	NT=TMT6plex;AC=UNIMOD:737;TA=K;MT=Fixed	NT=Trypsin;AC=MS:1001251	NT=collision-induced dissociation;AC=MS:1000133	28% NCE	1	1	230405_S001_OE480_DIA_25cm_1h_1ug_CoE_H1002_0025_NP1.raw	ftp://ftp.pride.ebi.ac.uk/pride/data/archive/2026/09/PXD067951/230405_S001_OE480_DIA_25cm_1h_1ug_CoE_H1002_0025_NP1.raw	v1.1.0	NT=ms-proteomics;VV=v1.1.0	NT=clinical-metadata;VV=v1.0.0	NT=dia-acquisition;VV=v1.1.0	manual curation	blood
230210_S001_OE480_DIA_25cm_1h_350ng_CoE_H1002_0050_NP4	homo sapiens	blood	not applicable	mild cognitive impairment	1	230210_S001_OE480_DIA_25cm_1h_350ng_CoE_H1002_0050_NP4	proteomic profiling by mass spectrometry	Data-independent acquisition	NT=isotope labeling;AC=PRIDE:0000310	NT=orbitrap exploris 480;AC=MS:1003028	NT=TMT6plex;AC=UNIMOD:737;TA=K;MT=Fixed	NT=Trypsin;AC=MS:1001251	NT=collision-induced dissociation;AC=MS:1000133	28% NCE	1	1	230210_S001_OE480_DIA_25cm_1h_350ng_CoE_H1002_0050_NP4.raw	ftp://ftp.pride.ebi.ac.uk/pride/data/archive/2026/09/PXD067951/230210_S001_OE480_DIA_25cm_1h_350ng_CoE_H1002_0050_NP4.raw	v1.1.0	NT=ms-proteomics;VV=v1.1.0	NT=clinical-metadata;VV=v1.0.0	NT=dia-acquisition;VV=v1.1.0	manual curation	blood
230405_S001_OE480_DIA_25cm_1h_1ug_CoE_H1002_0044_NP2	homo sapiens	blood	not applicable	mild cognitive impairment	1	230405_S001_OE480_DIA_25cm_1h_1ug_CoE_H1002_0044_NP2	proteomic profiling by mass spectrometry	Data-independent acquisition	NT=isotope labeling;AC=PRIDE:0000310	NT=orbitrap exploris 480;AC=MS:1003028	NT=TMT6plex;AC=UNIMOD:737;TA=K;MT=Fixed	NT=Trypsin;AC=MS:1001251	NT=collision-induced dissociation;AC=MS:1000133	28% NCE	1	1	230405_S001_OE480_DIA_25cm_1h_1ug_CoE_H1002_0044_NP2.raw	ftp://ftp.pride.ebi.ac.uk/pride/data/archive/2026/09/PXD067951/230405_S001_OE480_DIA_25cm_1h_1ug_CoE_H1002_0044_NP2.raw	v1.1.0	NT=ms-proteomics;VV=v1.1.0	NT=clinical-metadata;VV=v1.0.0	NT=dia-acquisition;VV=v1.1.0	manual curation	blood
230210_S001_OE480_DIA_25cm_1h_350ng_CoE_H1002_0038_NP4	homo sapiens	blood	not applicable	mild cognitive impairment	1	230210_S001_OE480_DIA_25cm_1h_350ng_CoE_H1002_0038_NP4	proteomic profiling by mass spectrometry	Data-independent acquisition	NT=isotope labeling;AC=PRIDE:0000310	NT=orbitrap exploris 480;AC=MS:1003028	NT=TMT6plex;AC=UNIMOD:737;TA=K;MT=Fixed	NT=Trypsin;AC=MS:1001251	NT=collision-induced dissociation;AC=MS:1000133	28% NCE	1	1	230210_S001_OE480_DIA_25cm_1h_350ng_CoE_H1002_0038_NP4.raw	ftp://ftp.pride.ebi.ac.uk/pride/data/archive/2026/09/PXD067951/230210_S001_OE480_DIA_25cm_1h_350ng_CoE_H1002_0038_NP4.raw	v1.1.0	NT=ms-proteomics;VV=v1.1.0	NT=clinical-metadata;VV=v1.0.0	NT=dia-acquisition;VV=v1.1.0	manual curation	blood
230405_S001_OE480_DIA_25cm_1h_1ug_CoE_H1002_0024_NP3	homo sapiens	blood	not applicable	mild cognitive impairment	1	230405_S001_OE480_DIA_25cm_1h_1ug_CoE_H1002_0024_NP3	proteomic profiling by mass spectrometry	Data-independent acquisition	NT=isotope labeling;AC=PRIDE:0000310	NT=orbitrap exploris 480;AC=MS:1003028	NT=TMT6plex;AC=UNIMOD:737;TA=K;MT=Fixed	NT=Trypsin;AC=MS:1001251	NT=collision-induced dissociation;AC=MS:1000133	28% NCE	1	1	230405_S001_OE480_DIA_25cm_1h_1ug_CoE_H1002_0024_NP3.raw	ftp://ftp.pride.ebi.ac.uk/pride/data/archive/2026/09/PXD067951/230405_S001_OE480_DIA_25cm_1h_1ug_CoE_H1002_0024_NP3.raw	v1.1.0	NT=ms-proteomics;VV=v1.1.0	NT=clinical-metadata;VV=v1.0.0	NT=dia-acquisition;VV=v1.1.0	manual curation	blood
230405_S001_OE480_DIA_25cm_1h_1ug_CoE_H1002_0004_NP3	homo sapiens	blood	not applicable	mild cognitive impairment	1	230405_S001_OE480_DIA_25cm_1h_1ug_CoE_H1002_0004_NP3	proteomic profiling by mass spectrometry	Data-independent acquisition	NT=isotope labeling;AC=PRIDE:0000310	NT=orbitrap exploris 480;AC=MS:1003028	NT=TMT6plex;AC=UNIMOD:737;TA=K;MT=Fixed	NT=Trypsin;AC=MS:1001251	NT=collision-induced dissociation;AC=MS:1000133	28% NCE	1	1	230405_S001_OE480_DIA_25cm_1h_1ug_CoE_H1002_0004_NP3.raw	ftp://ftp.pride.ebi.ac.uk/pride/data/archive/2026/09/PXD067951/230405_S001_OE480_DIA_25cm_1h_1ug_CoE_H1002_0004_NP3.raw	v1.1.0	NT=ms-proteomics;VV=v1.1.0	NT=clinical-metadata;VV=v1.0.0	NT=dia-acquisition;VV=v1.1.0	manual curation	blood
230210_S001_OE480_DIA_25cm_1h_350ng_CoE_H1002_0019_1_NP4	homo sapiens	blood	not applicable	mild cognitive impairment	1	230210_S001_OE480_DIA_25cm_1h_350ng_CoE_H1002_0019_1_NP4	proteomic profiling by mass spectrometry	Data-independent acquisition	NT=isotope labeling;AC=PRIDE:0000310	NT=orbitrap exploris 480;AC=MS:1003028	NT=TMT6plex;AC=UNIMOD:737;TA=K;MT=Fixed	NT=Trypsin;AC=MS:1001251	NT=collision-induced dissociation;AC=MS:1000133	28% NCE	1	1	230210_S001_OE480_DIA_25cm_1h_350ng_CoE_H1002_0019_1_NP4.raw	ftp://ftp.pride.ebi.ac.uk/pride/data/archive/2026/09/PXD067951/230210_S001_OE480_DIA_25cm_1h_350ng_CoE_H1002_0019_1_NP4.raw	v1.1.0	NT=ms-proteomics;VV=v1.1.0	NT=clinical-metadata;VV=v1.0.0	NT=dia-acquisition;VV=v1.1.0	manual curation	blood
230405_S001_OE480_DIA_25cm_1h_1ug_CoE_H1002_0052_NP1	homo sapiens	blood	not applicable	mild cognitive impairment	1	230405_S001_OE480_DIA_25cm_1h_1ug_CoE_H1002_0052_NP1	proteomic profiling by mass spectrometry	Data-independent acquisition	NT=isotope labeling;AC=PRIDE:0000310	NT=orbitrap exploris 480;AC=MS:1003028	NT=TMT6plex;AC=UNIMOD:737;TA=K;MT=Fixed	NT=Trypsin;AC=MS:1001251	NT=collision-induced dissociation;AC=MS:1000133	28% NCE	1	1	230405_S001_OE480_DIA_25cm_1h_1ug_CoE_H1002_0052_NP1.raw	ftp://ftp.pride.ebi.ac.uk/pride/data/archive/2026/09/PXD067951/230405_S001_OE480_DIA_25cm_1h_1ug_CoE_H1002_0052_NP1.raw	v1.1.0	NT=ms-proteomics;VV=v1.1.0	NT=clinical-metadata;VV=v1.0.0	NT=dia-acquisition;VV=v1.1.0	manual curation	blood
230210_S001_OE480_DIA_25cm_1h_350ng_CoE_H1002_0001_NP4	homo sapiens	blood	not applicable	mild cognitive impairment	1	230210_S001_OE480_DIA_25cm_1h_350ng_CoE_H1002_0001_NP4	proteomic profiling by mass spectrometry	Data-independent acquisition	NT=isotope labeling;AC=PRIDE:0000310	NT=orbitrap exploris 480;AC=MS:1003028	NT=TMT6plex;AC=UNIMOD:737;TA=K;MT=Fixed	NT=Trypsin;AC=MS:1001251	NT=collision-induced dissociation;AC=MS:1000133	28% NCE	1	1	230210_S001_OE480_DIA_25cm_1h_350ng_CoE_H1002_0001_NP4.raw	ftp://ftp.pride.ebi.ac.uk/pride/data/archive/2026/09/PXD067951/230210_S001_OE480_DIA_25cm_1h_350ng_CoE_H1002_0001_NP4.raw	v1.1.0	NT=ms-proteomics;VV=v1.1.0	NT=clinical-metadata;VV=v1.0.0	NT=dia-acquisition;VV=v1.1.0	manual curation	blood
230405_S001_OE480_DIA_25cm_1h_1ug_CoE_H1002_0014_NP2	homo sapiens	blood	not applicable	mild cognitive impairment	1	230405_S001_OE480_DIA_25cm_1h_1ug_CoE_H1002_0014_NP2	proteomic profiling by mass spectrometry	Data-independent acquisition	NT=isotope labeling;AC=PRIDE:0000310	NT=orbitrap exploris 480;AC=MS:1003028	NT=TMT6plex;AC=UNIMOD:737;TA=K;MT=Fixed	NT=Trypsin;AC=MS:1001251	NT=collision-induced dissociation;AC=MS:1000133	28% NCE	1	1	230405_S001_OE480_DIA_25cm_1h_1ug_CoE_H1002_0014_NP2.raw	ftp://ftp.pride.ebi.ac.uk/pride/data/archive/2026/09/PXD067951/230405_S001_OE480_DIA_25cm_1h_1ug_CoE_H1002_0014_NP2.raw	v1.1.0	NT=ms-proteomics;VV=v1.1.0	NT=clinical-metadata;VV=v1.0.0	NT=dia-acquisition;VV=v1.1.0	manual curation	blood
230405_S001_OE480_DIA_25cm_1h_1ug_CoE_H1002_0054_NP2	homo sapiens	blood	not applicable	mild cognitive impairment	1	230405_S001_OE480_DIA_25cm_1h_1ug_CoE_H1002_0054_NP2	proteomic profiling by mass spectrometry	Data-independent acquisition	NT=isotope labeling;AC=PRIDE:0000310	NT=orbitrap exploris 480;AC=MS:1003028	NT=TMT6plex;AC=UNIMOD:737;TA=K;MT=Fixed	NT=Trypsin;AC=MS:1001251	NT=collision-induced dissociation;AC=MS:1000133	28% NCE	1	1	230405_S001_OE480_DIA_25cm_1h_1ug_CoE_H1002_0054_NP2.raw	ftp://ftp.pride.ebi.ac.uk/pride/data/archive/2026/09/PXD067951/230405_S001_OE480_DIA_25cm_1h_1ug_CoE_H1002_0054_NP2.raw	v1.1.0	NT=ms-proteomics;VV=v1.1.0	NT=clinical-metadata;VV=v1.0.0	NT=dia-acquisition;VV=v1.1.0	manual curation	blood
230405_S001_OE480_DIA_25cm_1h_1ug_CoE_H1002_0027_NP3	homo sapiens	blood	not applicable	mild cognitive impairment	1	230405_S001_OE480_DIA_25cm_1h_1ug_CoE_H1002_0027_NP3	proteomic profiling by mass spectrometry	Data-independent acquisition	NT=isotope labeling;AC=PRIDE:0000310	NT=orbitrap exploris 480;AC=MS:1003028	NT=TMT6plex;AC=UNIMOD:737;TA=K;MT=Fixed	NT=Trypsin;AC=MS:1001251	NT=collision-induced dissociation;AC=MS:1000133	28% NCE	1	1	230405_S001_OE480_DIA_25cm_1h_1ug_CoE_H1002_0027_NP3.raw	ftp://ftp.pride.ebi.ac.uk/pride/data/archive/2026/09/PXD067951/230405_S001_OE480_DIA_25cm_1h_1ug_CoE_H1002_0027_NP3.raw	v1.1.0	NT=ms-proteomics;VV=v1.1.0	NT=clinical-metadata;VV=v1.0.0	NT=dia-acquisition;VV=v1.1.0	manual curation	blood
230405_S001_OE480_DIA_25cm_1h_1ug_CoE_H1002_0046_NP2	homo sapiens	blood	not applicable	mild cognitive impairment	1	230405_S001_OE480_DIA_25cm_1h_1ug_CoE_H1002_0046_NP2	proteomic profiling by mass spectrometry	Data-independent acquisition	NT=isotope labeling;AC=PRIDE:0000310	NT=orbitrap exploris 480;AC=MS:1003028	NT=TMT6plex;AC=UNIMOD:737;TA=K;MT=Fixed	NT=Trypsin;AC=MS:1001251	NT=collision-induced dissociation;AC=MS:1000133	28% NCE	1	1	230405_S001_OE480_DIA_25cm_1h_1ug_CoE_H1002_0046_NP2.raw	ftp://ftp.pride.ebi.ac.uk/pride/data/archive/2026/09/PXD067951/230405_S001_OE480_DIA_25cm_1h_1ug_CoE_H1002_0046_NP2.raw	v1.1.0	NT=ms-proteomics;VV=v1.1.0	NT=clinical-metadata;VV=v1.0.0	NT=dia-acquisition;VV=v1.1.0	manual curation	blood
230405_S001_OE480_DIA_25cm_1h_1ug_CoE_H1002_0049_NP3	homo sapiens	blood	not applicable	mild cognitive impairment	1	230405_S001_OE480_DIA_25cm_1h_1ug_CoE_H1002_0049_NP3	proteomic profiling by mass spectrometry	Data-independent acquisition	NT=isotope labeling;AC=PRIDE:0000310	NT=orbitrap exploris 480;AC=MS:1003028	NT=TMT6plex;AC=UNIMOD:737;TA=K;MT=Fixed	NT=Trypsin;AC=MS:1001251	NT=collision-induced dissociation;AC=MS:1000133	28% NCE	1	1	230405_S001_OE480_DIA_25cm_1h_1ug_CoE_H1002_0049_NP3.raw	ftp://ftp.pride.ebi.ac.uk/pride/data/archive/2026/09/PXD067951/230405_S001_OE480_DIA_25cm_1h_1ug_CoE_H1002_0049_NP3.raw	v1.1.0	NT=ms-proteomics;VV=v1.1.0	NT=clinical-metadata;VV=v1.0.0	NT=dia-acquisition;VV=v1.1.0	manual curation	blood
230210_S001_OE480_DIA_25cm_1h_350ng_CoE_H1002_0046_NP4	homo sapiens	blood	not applicable	mild cognitive impairment	1	230210_S001_OE480_DIA_25cm_1h_350ng_CoE_H1002_0046_NP4	proteomic profiling by mass spectrometry	Data-independent acquisition	NT=isotope labeling;AC=PRIDE:0000310	NT=orbitrap exploris 480;AC=MS:1003028	NT=TMT6plex;AC=UNIMOD:737;TA=K;MT=Fixed	NT=Trypsin;AC=MS:1001251	NT=collision-induced dissociation;AC=MS:1000133	28% NCE	1	1	230210_S001_OE480_DIA_25cm_1h_350ng_CoE_H1002_0046_NP4.raw	ftp://ftp.pride.ebi.ac.uk/pride/data/archive/2026/09/PXD067951/230210_S001_OE480_DIA_25cm_1h_350ng_CoE_H1002_0046_NP4.raw	v1.1.0	NT=ms-proteomics;VV=v1.1.0	NT=clinical-metadata;VV=v1.0.0	NT=dia-acquisition;VV=v1.1.0	manual curation	blood
230405_S001_OE480_DIA_25cm_1h_1ug_CoE_H1002_0025_NP3	homo sapiens	blood	not applicable	mild cognitive impairment	1	230405_S001_OE480_DIA_25cm_1h_1ug_CoE_H1002_0025_NP3	proteomic profiling by mass spectrometry	Data-independent acquisition	NT=isotope labeling;AC=PRIDE:0000310	NT=orbitrap exploris 480;AC=MS:1003028	NT=TMT6plex;AC=UNIMOD:737;TA=K;MT=Fixed	NT=Trypsin;AC=MS:1001251	NT=collision-induced dissociation;AC=MS:1000133	28% NCE	1	1	230405_S001_OE480_DIA_25cm_1h_1ug_CoE_H1002_0025_NP3.raw	ftp://ftp.pride.ebi.ac.uk/pride/data/archive/2026/09/PXD067951/230405_S001_OE480_DIA_25cm_1h_1ug_CoE_H1002_0025_NP3.raw	v1.1.0	NT=ms-proteomics;VV=v1.1.0	NT=clinical-metadata;VV=v1.0.0	NT=dia-acquisition;VV=v1.1.0	manual curation	blood
230210_S001_OE480_DIA_25cm_1h_350ng_CoE_H1002_0042_NP4	homo sapiens	blood	not applicable	mild cognitive impairment	1	230210_S001_OE480_DIA_25cm_1h_350ng_CoE_H1002_0042_NP4	proteomic profiling by mass spectrometry	Data-independent acquisition	NT=isotope labeling;AC=PRIDE:0000310	NT=orbitrap exploris 480;AC=MS:1003028	NT=TMT6plex;AC=UNIMOD:737;TA=K;MT=Fixed	NT=Trypsin;AC=MS:1001251	NT=collision-induced dissociation;AC=MS:1000133	28% NCE	1	1	230210_S001_OE480_DIA_25cm_1h_350ng_CoE_H1002_0042_NP4.raw	ftp://ftp.pride.ebi.ac.uk/pride/data/archive/2026/09/PXD067951/230210_S001_OE480_DIA_25cm_1h_350ng_CoE_H1002_0042_NP4.raw	v1.1.0	NT=ms-proteomics;VV=v1.1.0	NT=clinical-metadata;VV=v1.0.0	NT=dia-acquisition;VV=v1.1.0	manual curation	blood
230210_S001_OE480_DIA_25cm_1h_350ng_CoE_H1002_0039_NP4	homo sapiens	blood	not applicable	mild cognitive impairment	1	230210_S001_OE480_DIA_25cm_1h_350ng_CoE_H1002_0039_NP4	proteomic profiling by mass spectrometry	Data-independent acquisition	NT=isotope labeling;AC=PRIDE:0000310	NT=orbitrap exploris 480;AC=MS:1003028	NT=TMT6plex;AC=UNIMOD:737;TA=K;MT=Fixed	NT=Trypsin;AC=MS:1001251	NT=collision-induced dissociation;AC=MS:1000133	28% NCE	1	1	230210_S001_OE480_DIA_25cm_1h_350ng_CoE_H1002_0039_NP4.raw	ftp://ftp.pride.ebi.ac.uk/pride/data/archive/2026/09/PXD067951/230210_S001_OE480_DIA_25cm_1h_350ng_CoE_H1002_0039_NP4.raw	v1.1.0	NT=ms-proteomics;VV=v1.1.0	NT=clinical-metadata;VV=v1.0.0	NT=dia-acquisition;VV=v1.1.0	manual curation	blood
230405_S001_OE480_DIA_25cm_1h_1ug_CoE_H1002_0019_NP5	homo sapiens	blood	not applicable	mild cognitive impairment	1	230405_S001_OE480_DIA_25cm_1h_1ug_CoE_H1002_0019_NP5	proteomic profiling by mass spectrometry	Data-independent acquisition	NT=isotope labeling;AC=PRIDE:0000310	NT=orbitrap exploris 480;AC=MS:1003028	NT=TMT6plex;AC=UNIMOD:737;TA=K;MT=Fixed	NT=Trypsin;AC=MS:1001251	NT=collision-induced dissociation;AC=MS:1000133	28% NCE	1	1	230405_S001_OE480_DIA_25cm_1h_1ug_CoE_H1002_0019_NP5.raw	ftp://ftp.pride.ebi.ac.uk/pride/data/archive/2026/09/PXD067951/230405_S001_OE480_DIA_25cm_1h_1ug_CoE_H1002_0019_NP5.raw	v1.1.0	NT=ms-proteomics;VV=v1.1.0	NT=clinical-metadata;VV=v1.0.0	NT=dia-acquisition;VV=v1.1.0	manual curation	blood
230405_S001_OE480_DIA_25cm_1h_1ug_CoE_H1002_0045_NP3	homo sapiens	blood	not applicable	mild cognitive impairment	1	230405_S001_OE480_DIA_25cm_1h_1ug_CoE_H1002_0045_NP3	proteomic profiling by mass spectrometry	Data-independent acquisition	NT=isotope labeling;AC=PRIDE:0000310	NT=orbitrap exploris 480;AC=MS:1003028	NT=TMT6plex;AC=UNIMOD:737;TA=K;MT=Fixed	NT=Trypsin;AC=MS:1001251	NT=collision-induced dissociation;AC=MS:1000133	28% NCE	1	1	230405_S001_OE480_DIA_25cm_1h_1ug_CoE_H1002_0045_NP3.raw	ftp://ftp.pride.ebi.ac.uk/pride/data/archive/2026/09/PXD067951/230405_S001_OE480_DIA_25cm_1h_1ug_CoE_H1002_0045_NP3.raw	v1.1.0	NT=ms-proteomics;VV=v1.1.0	NT=clinical-metadata;VV=v1.0.0	NT=dia-acquisition;VV=v1.1.0	manual curation	blood
230405_S001_OE480_DIA_25cm_1h_1ug_CoE_H1002_0008_NP5	homo sapiens	blood	not applicable	mild cognitive impairment	1	230405_S001_OE480_DIA_25cm_1h_1ug_CoE_H1002_0008_NP5	proteomic profiling by mass spectrometry	Data-independent acquisition	NT=isotope labeling;AC=PRIDE:0000310	NT=orbitrap exploris 480;AC=MS:1003028	NT=TMT6plex;AC=UNIMOD:737;TA=K;MT=Fixed	NT=Trypsin;AC=MS:1001251	NT=collision-induced dissociation;AC=MS:1000133	28% NCE	1	1	230405_S001_OE480_DIA_25cm_1h_1ug_CoE_H1002_0008_NP5.raw	ftp://ftp.pride.ebi.ac.uk/pride/data/archive/2026/09/PXD067951/230405_S001_OE480_DIA_25cm_1h_1ug_CoE_H1002_0008_NP5.raw	v1.1.0	NT=ms-proteomics;VV=v1.1.0	NT=clinical-metadata;VV=v1.0.0	NT=dia-acquisition;VV=v1.1.0	manual curation	blood
230405_S001_OE480_DIA_25cm_1h_1ug_CoE_H1002_0046_NP3	homo sapiens	blood	not applicable	mild cognitive impairment	1	230405_S001_OE480_DIA_25cm_1h_1ug_CoE_H1002_0046_NP3	proteomic profiling by mass spectrometry	Data-independent acquisition	NT=isotope labeling;AC=PRIDE:0000310	NT=orbitrap exploris 480;AC=MS:1003028	NT=TMT6plex;AC=UNIMOD:737;TA=K;MT=Fixed	NT=Trypsin;AC=MS:1001251	NT=collision-induced dissociation;AC=MS:1000133	28% NCE	1	1	230405_S001_OE480_DIA_25cm_1h_1ug_CoE_H1002_0046_NP3.raw	ftp://ftp.pride.ebi.ac.uk/pride/data/archive/2026/09/PXD067951/230405_S001_OE480_DIA_25cm_1h_1ug_CoE_H1002_0046_NP3.raw	v1.1.0	NT=ms-proteomics;VV=v1.1.0	NT=clinical-metadata;VV=v1.0.0	NT=dia-acquisition;VV=v1.1.0	manual curation	blood
230405_S001_OE480_DIA_25cm_1h_1ug_CoE_H1002_0020_NP3	homo sapiens	blood	not applicable	mild cognitive impairment	1	230405_S001_OE480_DIA_25cm_1h_1ug_CoE_H1002_0020_NP3	proteomic profiling by mass spectrometry	Data-independent acquisition	NT=isotope labeling;AC=PRIDE:0000310	NT=orbitrap exploris 480;AC=MS:1003028	NT=TMT6plex;AC=UNIMOD:737;TA=K;MT=Fixed	NT=Trypsin;AC=MS:1001251	NT=collision-induced dissociation;AC=MS:1000133	28% NCE	1	1	230405_S001_OE480_DIA_25cm_1h_1ug_CoE_H1002_0020_NP3.raw	ftp://ftp.pride.ebi.ac.uk/pride/data/archive/2026/09/PXD067951/230405_S001_OE480_DIA_25cm_1h_1ug_CoE_H1002_0020_NP3.raw	v1.1.0	NT=ms-proteomics;VV=v1.1.0	NT=clinical-metadata;VV=v1.0.0	NT=dia-acquisition;VV=v1.1.0	manual curation	blood
230405_S001_OE480_DIA_25cm_1h_1ug_CoE_H1002_0025_NP5	homo sapiens	blood	not applicable	mild cognitive impairment	1	230405_S001_OE480_DIA_25cm_1h_1ug_CoE_H1002_0025_NP5	proteomic profiling by mass spectrometry	Data-independent acquisition	NT=isotope labeling;AC=PRIDE:0000310	NT=orbitrap exploris 480;AC=MS:1003028	NT=TMT6plex;AC=UNIMOD:737;TA=K;MT=Fixed	NT=Trypsin;AC=MS:1001251	NT=collision-induced dissociation;AC=MS:1000133	28% NCE	1	1	230405_S001_OE480_DIA_25cm_1h_1ug_CoE_H1002_0025_NP5.raw	ftp://ftp.pride.ebi.ac.uk/pride/data/archive/2026/09/PXD067951/230405_S001_OE480_DIA_25cm_1h_1ug_CoE_H1002_0025_NP5.raw	v1.1.0	NT=ms-proteomics;VV=v1.1.0	NT=clinical-metadata;VV=v1.0.0	NT=dia-acquisition;VV=v1.1.0	manual curation	blood
230210_S001_OE480_DIA_25cm_1h_350ng_CoE_H1002_0033_NP4	homo sapiens	blood	not applicable	mild cognitive impairment	1	230210_S001_OE480_DIA_25cm_1h_350ng_CoE_H1002_0033_NP4	proteomic profiling by mass spectrometry	Data-independent acquisition	NT=isotope labeling;AC=PRIDE:0000310	NT=orbitrap exploris 480;AC=MS:1003028	NT=TMT6plex;AC=UNIMOD:737;TA=K;MT=Fixed	NT=Trypsin;AC=MS:1001251	NT=collision-induced dissociation;AC=MS:1000133	28% NCE	1	1	230210_S001_OE480_DIA_25cm_1h_350ng_CoE_H1002_0033_NP4.raw	ftp://ftp.pride.ebi.ac.uk/pride/data/archive/2026/09/PXD067951/230210_S001_OE480_DIA_25cm_1h_350ng_CoE_H1002_0033_NP4.raw	v1.1.0	NT=ms-proteomics;VV=v1.1.0	NT=clinical-metadata;VV=v1.0.0	NT=dia-acquisition;VV=v1.1.0	manual curation	blood
230405_S001_OE480_DIA_25cm_1h_1ug_CoE_H1002_0019_NP2	homo sapiens	blood	not applicable	mild cognitive impairment	1	230405_S001_OE480_DIA_25cm_1h_1ug_CoE_H1002_0019_NP2	proteomic profiling by mass spectrometry	Data-independent acquisition	NT=isotope labeling;AC=PRIDE:0000310	NT=orbitrap exploris 480;AC=MS:1003028	NT=TMT6plex;AC=UNIMOD:737;TA=K;MT=Fixed	NT=Trypsin;AC=MS:1001251	NT=collision-induced dissociation;AC=MS:1000133	28% NCE	1	1	230405_S001_OE480_DIA_25cm_1h_1ug_CoE_H1002_0019_NP2.raw	ftp://ftp.pride.ebi.ac.uk/pride/data/archive/2026/09/PXD067951/230405_S001_OE480_DIA_25cm_1h_1ug_CoE_H1002_0019_NP2.raw	v1.1.0	NT=ms-proteomics;VV=v1.1.0	NT=clinical-metadata;VV=v1.0.0	NT=dia-acquisition;VV=v1.1.0	manual curation	blood
230405_S001_OE480_DIA_25cm_1h_1ug_CoE_H1002_0046_NP5	homo sapiens	blood	not applicable	mild cognitive impairment	1	230405_S001_OE480_DIA_25cm_1h_1ug_CoE_H1002_0046_NP5	proteomic profiling by mass spectrometry	Data-independent acquisition	NT=isotope labeling;AC=PRIDE:0000310	NT=orbitrap exploris 480;AC=MS:1003028	NT=TMT6plex;AC=UNIMOD:737;TA=K;MT=Fixed	NT=Trypsin;AC=MS:1001251	NT=collision-induced dissociation;AC=MS:1000133	28% NCE	1	1	230405_S001_OE480_DIA_25cm_1h_1ug_CoE_H1002_0046_NP5.raw	ftp://ftp.pride.ebi.ac.uk/pride/data/archive/2026/09/PXD067951/230405_S001_OE480_DIA_25cm_1h_1ug_CoE_H1002_0046_NP5.raw	v1.1.0	NT=ms-proteomics;VV=v1.1.0	NT=clinical-metadata;VV=v1.0.0	NT=dia-acquisition;VV=v1.1.0	manual curation	blood
230405_S001_OE480_DIA_25cm_1h_1ug_CoE_H1002_0010_NP3	homo sapiens	blood	not applicable	mild cognitive impairment	1	230405_S001_OE480_DIA_25cm_1h_1ug_CoE_H1002_0010_NP3	proteomic profiling by mass spectrometry	Data-independent acquisition	NT=isotope labeling;AC=PRIDE:0000310	NT=orbitrap exploris 480;AC=MS:1003028	NT=TMT6plex;AC=UNIMOD:737;TA=K;MT=Fixed	NT=Trypsin;AC=MS:1001251	NT=collision-induced dissociation;AC=MS:1000133	28% NCE	1	1	230405_S001_OE480_DIA_25cm_1h_1ug_CoE_H1002_0010_NP3.raw	ftp://ftp.pride.ebi.ac.uk/pride/data/archive/2026/09/PXD067951/230405_S001_OE480_DIA_25cm_1h_1ug_CoE_H1002_0010_NP3.raw	v1.1.0	NT=ms-proteomics;VV=v1.1.0	NT=clinical-metadata;VV=v1.0.0	NT=dia-acquisition;VV=v1.1.0	manual curation	blood
230405_S001_OE480_DIA_25cm_1h_1ug_CoE_H1002_0014_NP1	homo sapiens	blood	not applicable	mild cognitive impairment	1	230405_S001_OE480_DIA_25cm_1h_1ug_CoE_H1002_0014_NP1	proteomic profiling by mass spectrometry	Data-independent acquisition	NT=isotope labeling;AC=PRIDE:0000310	NT=orbitrap exploris 480;AC=MS:1003028	NT=TMT6plex;AC=UNIMOD:737;TA=K;MT=Fixed	NT=Trypsin;AC=MS:1001251	NT=collision-induced dissociation;AC=MS:1000133	28% NCE	1	1	230405_S001_OE480_DIA_25cm_1h_1ug_CoE_H1002_0014_NP1.raw	ftp://ftp.pride.ebi.ac.uk/pride/data/archive/2026/09/PXD067951/230405_S001_OE480_DIA_25cm_1h_1ug_CoE_H1002_0014_NP1.raw	v1.1.0	NT=ms-proteomics;VV=v1.1.0	NT=clinical-metadata;VV=v1.0.0	NT=dia-acquisition;VV=v1.1.0	manual curation	blood
230405_S001_OE480_DIA_25cm_1h_1ug_CoE_H1002_0023_NP1	homo sapiens	blood	not applicable	mild cognitive impairment	1	230405_S001_OE480_DIA_25cm_1h_1ug_CoE_H1002_0023_NP1	proteomic profiling by mass spectrometry	Data-independent acquisition	NT=isotope labeling;AC=PRIDE:0000310	NT=orbitrap exploris 480;AC=MS:1003028	NT=TMT6plex;AC=UNIMOD:737;TA=K;MT=Fixed	NT=Trypsin;AC=MS:1001251	NT=collision-induced dissociation;AC=MS:1000133	28% NCE	1	1	230405_S001_OE480_DIA_25cm_1h_1ug_CoE_H1002_0023_NP1.raw	ftp://ftp.pride.ebi.ac.uk/pride/data/archive/2026/09/PXD067951/230405_S001_OE480_DIA_25cm_1h_1ug_CoE_H1002_0023_NP1.raw	v1.1.0	NT=ms-proteomics;VV=v1.1.0	NT=clinical-metadata;VV=v1.0.0	NT=dia-acquisition;VV=v1.1.0	manual curation	blood
230405_S001_OE480_DIA_25cm_1h_1ug_CoE_H1002_0040_NP2	homo sapiens	blood	not applicable	mild cognitive impairment	1	230405_S001_OE480_DIA_25cm_1h_1ug_CoE_H1002_0040_NP2	proteomic profiling by mass spectrometry	Data-independent acquisition	NT=isotope labeling;AC=PRIDE:0000310	NT=orbitrap exploris 480;AC=MS:1003028	NT=TMT6plex;AC=UNIMOD:737;TA=K;MT=Fixed	NT=Trypsin;AC=MS:1001251	NT=collision-induced dissociation;AC=MS:1000133	28% NCE	1	1	230405_S001_OE480_DIA_25cm_1h_1ug_CoE_H1002_0040_NP2.raw	ftp://ftp.pride.ebi.ac.uk/pride/data/archive/2026/09/PXD067951/230405_S001_OE480_DIA_25cm_1h_1ug_CoE_H1002_0040_NP2.raw	v1.1.0	NT=ms-proteomics;VV=v1.1.0	NT=clinical-metadata;VV=v1.0.0	NT=dia-acquisition;VV=v1.1.0	manual curation	blood
230405_S001_OE480_DIA_25cm_1h_1ug_CoE_H1002_0031_NP3	homo sapiens	blood	not applicable	mild cognitive impairment	1	230405_S001_OE480_DIA_25cm_1h_1ug_CoE_H1002_0031_NP3	proteomic profiling by mass spectrometry	Data-independent acquisition	NT=isotope labeling;AC=PRIDE:0000310	NT=orbitrap exploris 480;AC=MS:1003028	NT=TMT6plex;AC=UNIMOD:737;TA=K;MT=Fixed	NT=Trypsin;AC=MS:1001251	NT=collision-induced dissociation;AC=MS:1000133	28% NCE	1	1	230405_S001_OE480_DIA_25cm_1h_1ug_CoE_H1002_0031_NP3.raw	ftp://ftp.pride.ebi.ac.uk/pride/data/archive/2026/09/PXD067951/230405_S001_OE480_DIA_25cm_1h_1ug_CoE_H1002_0031_NP3.raw	v1.1.0	NT=ms-proteomics;VV=v1.1.0	NT=clinical-metadata;VV=v1.0.0	NT=dia-acquisition;VV=v1.1.0	manual curation	blood
230405_S001_OE480_DIA_25cm_1h_1ug_CoE_H1002_0026_NP3	homo sapiens	blood	not applicable	mild cognitive impairment	1	230405_S001_OE480_DIA_25cm_1h_1ug_CoE_H1002_0026_NP3	proteomic profiling by mass spectrometry	Data-independent acquisition	NT=isotope labeling;AC=PRIDE:0000310	NT=orbitrap exploris 480;AC=MS:1003028	NT=TMT6plex;AC=UNIMOD:737;TA=K;MT=Fixed	NT=Trypsin;AC=MS:1001251	NT=collision-induced dissociation;AC=MS:1000133	28% NCE	1	1	230405_S001_OE480_DIA_25cm_1h_1ug_CoE_H1002_0026_NP3.raw	ftp://ftp.pride.ebi.ac.uk/pride/data/archive/2026/09/PXD067951/230405_S001_OE480_DIA_25cm_1h_1ug_CoE_H1002_0026_NP3.raw	v1.1.0	NT=ms-proteomics;VV=v1.1.0	NT=clinical-metadata;VV=v1.0.0	NT=dia-acquisition;VV=v1.1.0	manual curation	blood
230210_S001_OE480_DIA_25cm_1h_350ng_CoE_H1002_0043_NP4	homo sapiens	blood	not applicable	mild cognitive impairment	1	230210_S001_OE480_DIA_25cm_1h_350ng_CoE_H1002_0043_NP4	proteomic profiling by mass spectrometry	Data-independent acquisition	NT=isotope labeling;AC=PRIDE:0000310	NT=orbitrap exploris 480;AC=MS:1003028	NT=TMT6plex;AC=UNIMOD:737;TA=K;MT=Fixed	NT=Trypsin;AC=MS:1001251	NT=collision-induced dissociation;AC=MS:1000133	28% NCE	1	1	230210_S001_OE480_DIA_25cm_1h_350ng_CoE_H1002_0043_NP4.raw	ftp://ftp.pride.ebi.ac.uk/pride/data/archive/2026/09/PXD067951/230210_S001_OE480_DIA_25cm_1h_350ng_CoE_H1002_0043_NP4.raw	v1.1.0	NT=ms-proteomics;VV=v1.1.0	NT=clinical-metadata;VV=v1.0.0	NT=dia-acquisition;VV=v1.1.0	manual curation	blood
230405_S001_OE480_DIA_25cm_1h_1ug_CoE_H1002_0056_NP2	homo sapiens	blood	not applicable	mild cognitive impairment	1	230405_S001_OE480_DIA_25cm_1h_1ug_CoE_H1002_0056_NP2	proteomic profiling by mass spectrometry	Data-independent acquisition	NT=isotope labeling;AC=PRIDE:0000310	NT=orbitrap exploris 480;AC=MS:1003028	NT=TMT6plex;AC=UNIMOD:737;TA=K;MT=Fixed	NT=Trypsin;AC=MS:1001251	NT=collision-induced dissociation;AC=MS:1000133	28% NCE	1	1	230405_S001_OE480_DIA_25cm_1h_1ug_CoE_H1002_0056_NP2.raw	ftp://ftp.pride.ebi.ac.uk/pride/data/archive/2026/09/PXD067951/230405_S001_OE480_DIA_25cm_1h_1ug_CoE_H1002_0056_NP2.raw	v1.1.0	NT=ms-proteomics;VV=v1.1.0	NT=clinical-metadata;VV=v1.0.0	NT=dia-acquisition;VV=v1.1.0	manual curation	blood
230405_S001_OE480_DIA_25cm_1h_1ug_CoE_H1002_0020_NP5	homo sapiens	blood	not applicable	mild cognitive impairment	1	230405_S001_OE480_DIA_25cm_1h_1ug_CoE_H1002_0020_NP5	proteomic profiling by mass spectrometry	Data-independent acquisition	NT=isotope labeling;AC=PRIDE:0000310	NT=orbitrap exploris 480;AC=MS:1003028	NT=TMT6plex;AC=UNIMOD:737;TA=K;MT=Fixed	NT=Trypsin;AC=MS:1001251	NT=collision-induced dissociation;AC=MS:1000133	28% NCE	1	1	230405_S001_OE480_DIA_25cm_1h_1ug_CoE_H1002_0020_NP5.raw	ftp://ftp.pride.ebi.ac.uk/pride/data/archive/2026/09/PXD067951/230405_S001_OE480_DIA_25cm_1h_1ug_CoE_H1002_0020_NP5.raw	v1.1.0	NT=ms-proteomics;VV=v1.1.0	NT=clinical-metadata;VV=v1.0.0	NT=dia-acquisition;VV=v1.1.0	manual curation	blood
230210_S001_OE480_DIA_25cm_1h_350ng_CoE_H1002_0055_NP4	homo sapiens	blood	not applicable	mild cognitive impairment	1	230210_S001_OE480_DIA_25cm_1h_350ng_CoE_H1002_0055_NP4	proteomic profiling by mass spectrometry	Data-independent acquisition	NT=isotope labeling;AC=PRIDE:0000310	NT=orbitrap exploris 480;AC=MS:1003028	NT=TMT6plex;AC=UNIMOD:737;TA=K;MT=Fixed	NT=Trypsin;AC=MS:1001251	NT=collision-induced dissociation;AC=MS:1000133	28% NCE	1	1	230210_S001_OE480_DIA_25cm_1h_350ng_CoE_H1002_0055_NP4.raw	ftp://ftp.pride.ebi.ac.uk/pride/data/archive/2026/09/PXD067951/230210_S001_OE480_DIA_25cm_1h_350ng_CoE_H1002_0055_NP4.raw	v1.1.0	NT=ms-proteomics;VV=v1.1.0	NT=clinical-metadata;VV=v1.0.0	NT=dia-acquisition;VV=v1.1.0	manual curation	blood
230405_S001_OE480_DIA_25cm_1h_1ug_CoE_H1002_0040_NP3	homo sapiens	blood	not applicable	mild cognitive impairment	1	230405_S001_OE480_DIA_25cm_1h_1ug_CoE_H1002_0040_NP3	proteomic profiling by mass spectrometry	Data-independent acquisition	NT=isotope labeling;AC=PRIDE:0000310	NT=orbitrap exploris 480;AC=MS:1003028	NT=TMT6plex;AC=UNIMOD:737;TA=K;MT=Fixed	NT=Trypsin;AC=MS:1001251	NT=collision-induced dissociation;AC=MS:1000133	28% NCE	1	1	230405_S001_OE480_DIA_25cm_1h_1ug_CoE_H1002_0040_NP3.raw	ftp://ftp.pride.ebi.ac.uk/pride/data/archive/2026/09/PXD067951/230405_S001_OE480_DIA_25cm_1h_1ug_CoE_H1002_0040_NP3.raw	v1.1.0	NT=ms-proteomics;VV=v1.1.0	NT=clinical-metadata;VV=v1.0.0	NT=dia-acquisition;VV=v1.1.0	manual curation	blood
230405_S001_OE480_DIA_25cm_1h_1ug_CoE_H1002_0040_NP1	homo sapiens	blood	not applicable	mild cognitive impairment	1	230405_S001_OE480_DIA_25cm_1h_1ug_CoE_H1002_0040_NP1	proteomic profiling by mass spectrometry	Data-independent acquisition	NT=isotope labeling;AC=PRIDE:0000310	NT=orbitrap exploris 480;AC=MS:1003028	NT=TMT6plex;AC=UNIMOD:737;TA=K;MT=Fixed	NT=Trypsin;AC=MS:1001251	NT=collision-induced dissociation;AC=MS:1000133	28% NCE	1	1	230405_S001_OE480_DIA_25cm_1h_1ug_CoE_H1002_0040_NP1.raw	ftp://ftp.pride.ebi.ac.uk/pride/data/archive/2026/09/PXD067951/230405_S001_OE480_DIA_25cm_1h_1ug_CoE_H1002_0040_NP1.raw	v1.1.0	NT=ms-proteomics;VV=v1.1.0	NT=clinical-metadata;VV=v1.0.0	NT=dia-acquisition;VV=v1.1.0	manual curation	blood
230405_S001_OE480_DIA_25cm_1h_1ug_CoE_H1002_0024_NP1	homo sapiens	blood	not applicable	mild cognitive impairment	1	230405_S001_OE480_DIA_25cm_1h_1ug_CoE_H1002_0024_NP1	proteomic profiling by mass spectrometry	Data-independent acquisition	NT=isotope labeling;AC=PRIDE:0000310	NT=orbitrap exploris 480;AC=MS:1003028	NT=TMT6plex;AC=UNIMOD:737;TA=K;MT=Fixed	NT=Trypsin;AC=MS:1001251	NT=collision-induced dissociation;AC=MS:1000133	28% NCE	1	1	230405_S001_OE480_DIA_25cm_1h_1ug_CoE_H1002_0024_NP1.raw	ftp://ftp.pride.ebi.ac.uk/pride/data/archive/2026/09/PXD067951/230405_S001_OE480_DIA_25cm_1h_1ug_CoE_H1002_0024_NP1.raw	v1.1.0	NT=ms-proteomics;VV=v1.1.0	NT=clinical-metadata;VV=v1.0.0	NT=dia-acquisition;VV=v1.1.0	manual curation	blood
230210_S001_OE480_DIA_25cm_1h_350ng_CoE_H1002_0023_NP4	homo sapiens	blood	not applicable	mild cognitive impairment	1	230210_S001_OE480_DIA_25cm_1h_350ng_CoE_H1002_0023_NP4	proteomic profiling by mass spectrometry	Data-independent acquisition	NT=isotope labeling;AC=PRIDE:0000310	NT=orbitrap exploris 480;AC=MS:1003028	NT=TMT6plex;AC=UNIMOD:737;TA=K;MT=Fixed	NT=Trypsin;AC=MS:1001251	NT=collision-induced dissociation;AC=MS:1000133	28% NCE	1	1	230210_S001_OE480_DIA_25cm_1h_350ng_CoE_H1002_0023_NP4.raw	ftp://ftp.pride.ebi.ac.uk/pride/data/archive/2026/09/PXD067951/230210_S001_OE480_DIA_25cm_1h_350ng_CoE_H1002_0023_NP4.raw	v1.1.0	NT=ms-proteomics;VV=v1.1.0	NT=clinical-metadata;VV=v1.0.0	NT=dia-acquisition;VV=v1.1.0	manual curation	blood
230405_S001_OE480_DIA_25cm_1h_1ug_CoE_H1002_0032_NP2	homo sapiens	blood	not applicable	mild cognitive impairment	1	230405_S001_OE480_DIA_25cm_1h_1ug_CoE_H1002_0032_NP2	proteomic profiling by mass spectrometry	Data-independent acquisition	NT=isotope labeling;AC=PRIDE:0000310	NT=orbitrap exploris 480;AC=MS:1003028	NT=TMT6plex;AC=UNIMOD:737;TA=K;MT=Fixed	NT=Trypsin;AC=MS:1001251	NT=collision-induced dissociation;AC=MS:1000133	28% NCE	1	1	230405_S001_OE480_DIA_25cm_1h_1ug_CoE_H1002_0032_NP2.raw	ftp://ftp.pride.ebi.ac.uk/pride/data/archive/2026/09/PXD067951/230405_S001_OE480_DIA_25cm_1h_1ug_CoE_H1002_0032_NP2.raw	v1.1.0	NT=ms-proteomics;VV=v1.1.0	NT=clinical-metadata;VV=v1.0.0	NT=dia-acquisition;VV=v1.1.0	manual curation	blood
230405_S001_OE480_DIA_25cm_1h_1ug_CoE_H1002_0056_NP5	homo sapiens	blood	not applicable	mild cognitive impairment	1	230405_S001_OE480_DIA_25cm_1h_1ug_CoE_H1002_0056_NP5	proteomic profiling by mass spectrometry	Data-independent acquisition	NT=isotope labeling;AC=PRIDE:0000310	NT=orbitrap exploris 480;AC=MS:1003028	NT=TMT6plex;AC=UNIMOD:737;TA=K;MT=Fixed	NT=Trypsin;AC=MS:1001251	NT=collision-induced dissociation;AC=MS:1000133	28% NCE	1	1	230405_S001_OE480_DIA_25cm_1h_1ug_CoE_H1002_0056_NP5.raw	ftp://ftp.pride.ebi.ac.uk/pride/data/archive/2026/09/PXD067951/230405_S001_OE480_DIA_25cm_1h_1ug_CoE_H1002_0056_NP5.raw	v1.1.0	NT=ms-proteomics;VV=v1.1.0	NT=clinical-metadata;VV=v1.0.0	NT=dia-acquisition;VV=v1.1.0	manual curation	blood
230405_S001_OE480_DIA_25cm_1h_1ug_CoE_H1002_0018_NP3	homo sapiens	blood	not applicable	mild cognitive impairment	1	230405_S001_OE480_DIA_25cm_1h_1ug_CoE_H1002_0018_NP3	proteomic profiling by mass spectrometry	Data-independent acquisition	NT=isotope labeling;AC=PRIDE:0000310	NT=orbitrap exploris 480;AC=MS:1003028	NT=TMT6plex;AC=UNIMOD:737;TA=K;MT=Fixed	NT=Trypsin;AC=MS:1001251	NT=collision-induced dissociation;AC=MS:1000133	28% NCE	1	1	230405_S001_OE480_DIA_25cm_1h_1ug_CoE_H1002_0018_NP3.raw	ftp://ftp.pride.ebi.ac.uk/pride/data/archive/2026/09/PXD067951/230405_S001_OE480_DIA_25cm_1h_1ug_CoE_H1002_0018_NP3.raw	v1.1.0	NT=ms-proteomics;VV=v1.1.0	NT=clinical-metadata;VV=v1.0.0	NT=dia-acquisition;VV=v1.1.0	manual curation	blood
230210_S001_OE480_DIA_25cm_1h_350ng_CoE_H1002_0051_NP4	homo sapiens	blood	not applicable	mild cognitive impairment	1	230210_S001_OE480_DIA_25cm_1h_350ng_CoE_H1002_0051_NP4	proteomic profiling by mass spectrometry	Data-independent acquisition	NT=isotope labeling;AC=PRIDE:0000310	NT=orbitrap exploris 480;AC=MS:1003028	NT=TMT6plex;AC=UNIMOD:737;TA=K;MT=Fixed	NT=Trypsin;AC=MS:1001251	NT=collision-induced dissociation;AC=MS:1000133	28% NCE	1	1	230210_S001_OE480_DIA_25cm_1h_350ng_CoE_H1002_0051_NP4.raw	ftp://ftp.pride.ebi.ac.uk/pride/data/archive/2026/09/PXD067951/230210_S001_OE480_DIA_25cm_1h_350ng_CoE_H1002_0051_NP4.raw	v1.1.0	NT=ms-proteomics;VV=v1.1.0	NT=clinical-metadata;VV=v1.0.0	NT=dia-acquisition;VV=v1.1.0	manual curation	blood
230405_S001_OE480_DIA_25cm_1h_1ug_CoE_H1002_0036_NP2	homo sapiens	blood	not applicable	mild cognitive impairment	1	230405_S001_OE480_DIA_25cm_1h_1ug_CoE_H1002_0036_NP2	proteomic profiling by mass spectrometry	Data-independent acquisition	NT=isotope labeling;AC=PRIDE:0000310	NT=orbitrap exploris 480;AC=MS:1003028	NT=TMT6plex;AC=UNIMOD:737;TA=K;MT=Fixed	NT=Trypsin;AC=MS:1001251	NT=collision-induced dissociation;AC=MS:1000133	28% NCE	1	1	230405_S001_OE480_DIA_25cm_1h_1ug_CoE_H1002_0036_NP2.raw	ftp://ftp.pride.ebi.ac.uk/pride/data/archive/2026/09/PXD067951/230405_S001_OE480_DIA_25cm_1h_1ug_CoE_H1002_0036_NP2.raw	v1.1.0	NT=ms-proteomics;VV=v1.1.0	NT=clinical-metadata;VV=v1.0.0	NT=dia-acquisition;VV=v1.1.0	manual curation	blood
230405_S001_OE480_DIA_25cm_1h_1ug_CoE_H1002_0012_NP1	homo sapiens	blood	not applicable	mild cognitive impairment	1	230405_S001_OE480_DIA_25cm_1h_1ug_CoE_H1002_0012_NP1	proteomic profiling by mass spectrometry	Data-independent acquisition	NT=isotope labeling;AC=PRIDE:0000310	NT=orbitrap exploris 480;AC=MS:1003028	NT=TMT6plex;AC=UNIMOD:737;TA=K;MT=Fixed	NT=Trypsin;AC=MS:1001251	NT=collision-induced dissociation;AC=MS:1000133	28% NCE	1	1	230405_S001_OE480_DIA_25cm_1h_1ug_CoE_H1002_0012_NP1.raw	ftp://ftp.pride.ebi.ac.uk/pride/data/archive/2026/09/PXD067951/230405_S001_OE480_DIA_25cm_1h_1ug_CoE_H1002_0012_NP1.raw	v1.1.0	NT=ms-proteomics;VV=v1.1.0	NT=clinical-metadata;VV=v1.0.0	NT=dia-acquisition;VV=v1.1.0	manual curation	blood
230405_S001_OE480_DIA_25cm_1h_1ug_CoE_H1002_0050_NP2	homo sapiens	blood	not applicable	mild cognitive impairment	1	230405_S001_OE480_DIA_25cm_1h_1ug_CoE_H1002_0050_NP2	proteomic profiling by mass spectrometry	Data-independent acquisition	NT=isotope labeling;AC=PRIDE:0000310	NT=orbitrap exploris 480;AC=MS:1003028	NT=TMT6plex;AC=UNIMOD:737;TA=K;MT=Fixed	NT=Trypsin;AC=MS:1001251	NT=collision-induced dissociation;AC=MS:1000133	28% NCE	1	1	230405_S001_OE480_DIA_25cm_1h_1ug_CoE_H1002_0050_NP2.raw	ftp://ftp.pride.ebi.ac.uk/pride/data/archive/2026/09/PXD067951/230405_S001_OE480_DIA_25cm_1h_1ug_CoE_H1002_0050_NP2.raw	v1.1.0	NT=ms-proteomics;VV=v1.1.0	NT=clinical-metadata;VV=v1.0.0	NT=dia-acquisition;VV=v1.1.0	manual curation	blood
230405_S001_OE480_DIA_25cm_1h_1ug_CoE_H1002_0041_NP2	homo sapiens	blood	not applicable	mild cognitive impairment	1	230405_S001_OE480_DIA_25cm_1h_1ug_CoE_H1002_0041_NP2	proteomic profiling by mass spectrometry	Data-independent acquisition	NT=isotope labeling;AC=PRIDE:0000310	NT=orbitrap exploris 480;AC=MS:1003028	NT=TMT6plex;AC=UNIMOD:737;TA=K;MT=Fixed	NT=Trypsin;AC=MS:1001251	NT=collision-induced dissociation;AC=MS:1000133	28% NCE	1	1	230405_S001_OE480_DIA_25cm_1h_1ug_CoE_H1002_0041_NP2.raw	ftp://ftp.pride.ebi.ac.uk/pride/data/archive/2026/09/PXD067951/230405_S001_OE480_DIA_25cm_1h_1ug_CoE_H1002_0041_NP2.raw	v1.1.0	NT=ms-proteomics;VV=v1.1.0	NT=clinical-metadata;VV=v1.0.0	NT=dia-acquisition;VV=v1.1.0	manual curation	blood
230405_S001_OE480_DIA_25cm_1h_1ug_CoE_H1002_0050_NP1	homo sapiens	blood	not applicable	mild cognitive impairment	1	230405_S001_OE480_DIA_25cm_1h_1ug_CoE_H1002_0050_NP1	proteomic profiling by mass spectrometry	Data-independent acquisition	NT=isotope labeling;AC=PRIDE:0000310	NT=orbitrap exploris 480;AC=MS:1003028	NT=TMT6plex;AC=UNIMOD:737;TA=K;MT=Fixed	NT=Trypsin;AC=MS:1001251	NT=collision-induced dissociation;AC=MS:1000133	28% NCE	1	1	230405_S001_OE480_DIA_25cm_1h_1ug_CoE_H1002_0050_NP1.raw	ftp://ftp.pride.ebi.ac.uk/pride/data/archive/2026/09/PXD067951/230405_S001_OE480_DIA_25cm_1h_1ug_CoE_H1002_0050_NP1.raw	v1.1.0	NT=ms-proteomics;VV=v1.1.0	NT=clinical-metadata;VV=v1.0.0	NT=dia-acquisition;VV=v1.1.0	manual curation	blood
230405_S001_OE480_DIA_25cm_1h_1ug_CoE_H1002_0013_NP2	homo sapiens	blood	not applicable	mild cognitive impairment	1	230405_S001_OE480_DIA_25cm_1h_1ug_CoE_H1002_0013_NP2	proteomic profiling by mass spectrometry	Data-independent acquisition	NT=isotope labeling;AC=PRIDE:0000310	NT=orbitrap exploris 480;AC=MS:1003028	NT=TMT6plex;AC=UNIMOD:737;TA=K;MT=Fixed	NT=Trypsin;AC=MS:1001251	NT=collision-induced dissociation;AC=MS:1000133	28% NCE	1	1	230405_S001_OE480_DIA_25cm_1h_1ug_CoE_H1002_0013_NP2.raw	ftp://ftp.pride.ebi.ac.uk/pride/data/archive/2026/09/PXD067951/230405_S001_OE480_DIA_25cm_1h_1ug_CoE_H1002_0013_NP2.raw	v1.1.0	NT=ms-proteomics;VV=v1.1.0	NT=clinical-metadata;VV=v1.0.0	NT=dia-acquisition;VV=v1.1.0	manual curation	blood
230405_S001_OE480_DIA_25cm_1h_1ug_CoE_H1002_0010_NP2	homo sapiens	blood	not applicable	mild cognitive impairment	1	230405_S001_OE480_DIA_25cm_1h_1ug_CoE_H1002_0010_NP2	proteomic profiling by mass spectrometry	Data-independent acquisition	NT=isotope labeling;AC=PRIDE:0000310	NT=orbitrap exploris 480;AC=MS:1003028	NT=TMT6plex;AC=UNIMOD:737;TA=K;MT=Fixed	NT=Trypsin;AC=MS:1001251	NT=collision-induced dissociation;AC=MS:1000133	28% NCE	1	1	230405_S001_OE480_DIA_25cm_1h_1ug_CoE_H1002_0010_NP2.raw	ftp://ftp.pride.ebi.ac.uk/pride/data/archive/2026/09/PXD067951/230405_S001_OE480_DIA_25cm_1h_1ug_CoE_H1002_0010_NP2.raw	v1.1.0	NT=ms-proteomics;VV=v1.1.0	NT=clinical-metadata;VV=v1.0.0	NT=dia-acquisition;VV=v1.1.0	manual curation	blood
230210_S001_OE480_DIA_25cm_1h_350ng_CoE_H1002_0011_NP4	homo sapiens	blood	not applicable	mild cognitive impairment	1	230210_S001_OE480_DIA_25cm_1h_350ng_CoE_H1002_0011_NP4	proteomic profiling by mass spectrometry	Data-independent acquisition	NT=isotope labeling;AC=PRIDE:0000310	NT=orbitrap exploris 480;AC=MS:1003028	NT=TMT6plex;AC=UNIMOD:737;TA=K;MT=Fixed	NT=Trypsin;AC=MS:1001251	NT=collision-induced dissociation;AC=MS:1000133	28% NCE	1	1	230210_S001_OE480_DIA_25cm_1h_350ng_CoE_H1002_0011_NP4.raw	ftp://ftp.pride.ebi.ac.uk/pride/data/archive/2026/09/PXD067951/230210_S001_OE480_DIA_25cm_1h_350ng_CoE_H1002_0011_NP4.raw	v1.1.0	NT=ms-proteomics;VV=v1.1.0	NT=clinical-metadata;VV=v1.0.0	NT=dia-acquisition;VV=v1.1.0	manual curation	blood
230405_S001_OE480_DIA_25cm_1h_1ug_CoE_H1002_0014_NP5	homo sapiens	blood	not applicable	mild cognitive impairment	1	230405_S001_OE480_DIA_25cm_1h_1ug_CoE_H1002_0014_NP5	proteomic profiling by mass spectrometry	Data-independent acquisition	NT=isotope labeling;AC=PRIDE:0000310	NT=orbitrap exploris 480;AC=MS:1003028	NT=TMT6plex;AC=UNIMOD:737;TA=K;MT=Fixed	NT=Trypsin;AC=MS:1001251	NT=collision-induced dissociation;AC=MS:1000133	28% NCE	1	1	230405_S001_OE480_DIA_25cm_1h_1ug_CoE_H1002_0014_NP5.raw	ftp://ftp.pride.ebi.ac.uk/pride/data/archive/2026/09/PXD067951/230405_S001_OE480_DIA_25cm_1h_1ug_CoE_H1002_0014_NP5.raw	v1.1.0	NT=ms-proteomics;VV=v1.1.0	NT=clinical-metadata;VV=v1.0.0	NT=dia-acquisition;VV=v1.1.0	manual curation	blood
230405_S001_OE480_DIA_25cm_1h_1ug_CoE_H1002_0003_NP2	homo sapiens	blood	not applicable	mild cognitive impairment	1	230405_S001_OE480_DIA_25cm_1h_1ug_CoE_H1002_0003_NP2	proteomic profiling by mass spectrometry	Data-independent acquisition	NT=isotope labeling;AC=PRIDE:0000310	NT=orbitrap exploris 480;AC=MS:1003028	NT=TMT6plex;AC=UNIMOD:737;TA=K;MT=Fixed	NT=Trypsin;AC=MS:1001251	NT=collision-induced dissociation;AC=MS:1000133	28% NCE	1	1	230405_S001_OE480_DIA_25cm_1h_1ug_CoE_H1002_0003_NP2.raw	ftp://ftp.pride.ebi.ac.uk/pride/data/archive/2026/09/PXD067951/230405_S001_OE480_DIA_25cm_1h_1ug_CoE_H1002_0003_NP2.raw	v1.1.0	NT=ms-proteomics;VV=v1.1.0	NT=clinical-metadata;VV=v1.0.0	NT=dia-acquisition;VV=v1.1.0	manual curation	blood
230405_S001_OE480_DIA_25cm_1h_1ug_CoE_H1002_0028_NP1	homo sapiens	blood	not applicable	mild cognitive impairment	1	230405_S001_OE480_DIA_25cm_1h_1ug_CoE_H1002_0028_NP1	proteomic profiling by mass spectrometry	Data-independent acquisition	NT=isotope labeling;AC=PRIDE:0000310	NT=orbitrap exploris 480;AC=MS:1003028	NT=TMT6plex;AC=UNIMOD:737;TA=K;MT=Fixed	NT=Trypsin;AC=MS:1001251	NT=collision-induced dissociation;AC=MS:1000133	28% NCE	1	1	230405_S001_OE480_DIA_25cm_1h_1ug_CoE_H1002_0028_NP1.raw	ftp://ftp.pride.ebi.ac.uk/pride/data/archive/2026/09/PXD067951/230405_S001_OE480_DIA_25cm_1h_1ug_CoE_H1002_0028_NP1.raw	v1.1.0	NT=ms-proteomics;VV=v1.1.0	NT=clinical-metadata;VV=v1.0.0	NT=dia-acquisition;VV=v1.1.0	manual curation	blood
230405_S001_OE480_DIA_25cm_1h_1ug_CoE_H1002_0012_NP3	homo sapiens	blood	not applicable	mild cognitive impairment	1	230405_S001_OE480_DIA_25cm_1h_1ug_CoE_H1002_0012_NP3	proteomic profiling by mass spectrometry	Data-independent acquisition	NT=isotope labeling;AC=PRIDE:0000310	NT=orbitrap exploris 480;AC=MS:1003028	NT=TMT6plex;AC=UNIMOD:737;TA=K;MT=Fixed	NT=Trypsin;AC=MS:1001251	NT=collision-induced dissociation;AC=MS:1000133	28% NCE	1	1	230405_S001_OE480_DIA_25cm_1h_1ug_CoE_H1002_0012_NP3.raw	ftp://ftp.pride.ebi.ac.uk/pride/data/archive/2026/09/PXD067951/230405_S001_OE480_DIA_25cm_1h_1ug_CoE_H1002_0012_NP3.raw	v1.1.0	NT=ms-proteomics;VV=v1.1.0	NT=clinical-metadata;VV=v1.0.0	NT=dia-acquisition;VV=v1.1.0	manual curation	blood
230210_S001_OE480_DIA_25cm_1h_350ng_CoE_H1002_0035_NP4	homo sapiens	blood	not applicable	mild cognitive impairment	1	230210_S001_OE480_DIA_25cm_1h_350ng_CoE_H1002_0035_NP4	proteomic profiling by mass spectrometry	Data-independent acquisition	NT=isotope labeling;AC=PRIDE:0000310	NT=orbitrap exploris 480;AC=MS:1003028	NT=TMT6plex;AC=UNIMOD:737;TA=K;MT=Fixed	NT=Trypsin;AC=MS:1001251	NT=collision-induced dissociation;AC=MS:1000133	28% NCE	1	1	230210_S001_OE480_DIA_25cm_1h_350ng_CoE_H1002_0035_NP4.raw	ftp://ftp.pride.ebi.ac.uk/pride/data/archive/2026/09/PXD067951/230210_S001_OE480_DIA_25cm_1h_350ng_CoE_H1002_0035_NP4.raw	v1.1.0	NT=ms-proteomics;VV=v1.1.0	NT=clinical-metadata;VV=v1.0.0	NT=dia-acquisition;VV=v1.1.0	manual curation	blood
230405_S001_OE480_DIA_25cm_1h_1ug_CoE_H1002_0043_NP1	homo sapiens	blood	not applicable	mild cognitive impairment	1	230405_S001_OE480_DIA_25cm_1h_1ug_CoE_H1002_0043_NP1	proteomic profiling by mass spectrometry	Data-independent acquisition	NT=isotope labeling;AC=PRIDE:0000310	NT=orbitrap exploris 480;AC=MS:1003028	NT=TMT6plex;AC=UNIMOD:737;TA=K;MT=Fixed	NT=Trypsin;AC=MS:1001251	NT=collision-induced dissociation;AC=MS:1000133	28% NCE	1	1	230405_S001_OE480_DIA_25cm_1h_1ug_CoE_H1002_0043_NP1.raw	ftp://ftp.pride.ebi.ac.uk/pride/data/archive/2026/09/PXD067951/230405_S001_OE480_DIA_25cm_1h_1ug_CoE_H1002_0043_NP1.raw	v1.1.0	NT=ms-proteomics;VV=v1.1.0	NT=clinical-metadata;VV=v1.0.0	NT=dia-acquisition;VV=v1.1.0	manual curation	blood
230405_S001_OE480_DIA_25cm_1h_1ug_CoE_H1002_0004_NP1	homo sapiens	blood	not applicable	mild cognitive impairment	1	230405_S001_OE480_DIA_25cm_1h_1ug_CoE_H1002_0004_NP1	proteomic profiling by mass spectrometry	Data-independent acquisition	NT=isotope labeling;AC=PRIDE:0000310	NT=orbitrap exploris 480;AC=MS:1003028	NT=TMT6plex;AC=UNIMOD:737;TA=K;MT=Fixed	NT=Trypsin;AC=MS:1001251	NT=collision-induced dissociation;AC=MS:1000133	28% NCE	1	1	230405_S001_OE480_DIA_25cm_1h_1ug_CoE_H1002_0004_NP1.raw	ftp://ftp.pride.ebi.ac.uk/pride/data/archive/2026/09/PXD067951/230405_S001_OE480_DIA_25cm_1h_1ug_CoE_H1002_0004_NP1.raw	v1.1.0	NT=ms-proteomics;VV=v1.1.0	NT=clinical-metadata;VV=v1.0.0	NT=dia-acquisition;VV=v1.1.0	manual curation	blood
230405_S001_OE480_DIA_25cm_1h_1ug_CoE_H1002_0053_NP2	homo sapiens	blood	not applicable	mild cognitive impairment	1	230405_S001_OE480_DIA_25cm_1h_1ug_CoE_H1002_0053_NP2	proteomic profiling by mass spectrometry	Data-independent acquisition	NT=isotope labeling;AC=PRIDE:0000310	NT=orbitrap exploris 480;AC=MS:1003028	NT=TMT6plex;AC=UNIMOD:737;TA=K;MT=Fixed	NT=Trypsin;AC=MS:1001251	NT=collision-induced dissociation;AC=MS:1000133	28% NCE	1	1	230405_S001_OE480_DIA_25cm_1h_1ug_CoE_H1002_0053_NP2.raw	ftp://ftp.pride.ebi.ac.uk/pride/data/archive/2026/09/PXD067951/230405_S001_OE480_DIA_25cm_1h_1ug_CoE_H1002_0053_NP2.raw	v1.1.0	NT=ms-proteomics;VV=v1.1.0	NT=clinical-metadata;VV=v1.0.0	NT=dia-acquisition;VV=v1.1.0	manual curation	blood
230405_S001_OE480_DIA_25cm_1h_1ug_CoE_H1002_0032_NP1	homo sapiens	blood	not applicable	mild cognitive impairment	1	230405_S001_OE480_DIA_25cm_1h_1ug_CoE_H1002_0032_NP1	proteomic profiling by mass spectrometry	Data-independent acquisition	NT=isotope labeling;AC=PRIDE:0000310	NT=orbitrap exploris 480;AC=MS:1003028	NT=TMT6plex;AC=UNIMOD:737;TA=K;MT=Fixed	NT=Trypsin;AC=MS:1001251	NT=collision-induced dissociation;AC=MS:1000133	28% NCE	1	1	230405_S001_OE480_DIA_25cm_1h_1ug_CoE_H1002_0032_NP1.raw	ftp://ftp.pride.ebi.ac.uk/pride/data/archive/2026/09/PXD067951/230405_S001_OE480_DIA_25cm_1h_1ug_CoE_H1002_0032_NP1.raw	v1.1.0	NT=ms-proteomics;VV=v1.1.0	NT=clinical-metadata;VV=v1.0.0	NT=dia-acquisition;VV=v1.1.0	manual curation	blood
