source name	characteristics[organism]	characteristics[organism part]	characteristics[cell type]	characteristics[disease]	characteristics[biological replicate]	assay name	technology type	comment[proteomics data acquisition method]	comment[label]	comment[instrument]	comment[modification parameters]	comment[modification parameters]	comment[modification parameters]	comment[cleavage agent details]	comment[dissociation method]	comment[precursor mass tolerance]	comment[fractionation method]	comment[reduction reagent]	comment[alkylation reagent]	comment[fraction identifier]	comment[technical replicate]	comment[data file]	comment[file uri]	comment[sdrf version]	comment[sdrf template]	comment[sdrf template]	comment[sdrf annotation tool]	factor value[organism part]
muscle_mito_MC3_10ug_I_4_012011	homo sapiens	muscle	not applicable	type 2 diabetes mellitus	1	muscle_mito_MC3_10ug_I_4_012011	proteomic profiling by mass spectrometry	NT=Data-dependent acquisition;AC=PRIDE:0000627	NT=label free sample;AC=MS:1002038	NT=ltq ft;AC=MS:1000448	NT=Carbamidomethyl;AC=UNIMOD:4;TA=C;MT=Fixed	NT=Phospho;AC=UNIMOD:21;TA=S,T,Y;MT=Variable	NT=Oxidation;AC=UNIMOD:35;TA=M;MT=Variable	NT=Trypsin;AC=MS:1001251	NT=collision-induced dissociation;AC=MS:1000133	10 ppm	sds page	dithiothreitol (dtt)	iodoacetamide (iaa)	1	1	muscle_mito_MC3_10ug_I_4_012011.RAW	ftp://ftp.pride.ebi.ac.uk/pride/data/archive/2018/10/PXD004312/muscle_mito_MC3_10ug_I_4_012011.RAW	v1.1.0	NT=ms-proteomics;VV=v1.1.0	NT=clinical-metadata;VV=v1.0.0	manual curation	muscle
muscle_mito_MC3_10ug_II_3_012011	homo sapiens	muscle	not applicable	type 2 diabetes mellitus	1	muscle_mito_MC3_10ug_II_3_012011	proteomic profiling by mass spectrometry	NT=Data-dependent acquisition;AC=PRIDE:0000627	NT=label free sample;AC=MS:1002038	NT=ltq ft;AC=MS:1000448	NT=Carbamidomethyl;AC=UNIMOD:4;TA=C;MT=Fixed	NT=Phospho;AC=UNIMOD:21;TA=S,T,Y;MT=Variable	NT=Oxidation;AC=UNIMOD:35;TA=M;MT=Variable	NT=Trypsin;AC=MS:1001251	NT=collision-induced dissociation;AC=MS:1000133	10 ppm	sds page	dithiothreitol (dtt)	iodoacetamide (iaa)	1	1	muscle_mito_MC3_10ug_II_3_012011.RAW	ftp://ftp.pride.ebi.ac.uk/pride/data/archive/2018/10/PXD004312/muscle_mito_MC3_10ug_II_3_012011.RAW	v1.1.0	NT=ms-proteomics;VV=v1.1.0	NT=clinical-metadata;VV=v1.0.0	manual curation	muscle
Mito_OG0_4ug_3_091109	homo sapiens	not available	not applicable	type 2 diabetes mellitus	1	Mito_OG0_4ug_3_091109	proteomic profiling by mass spectrometry	NT=Data-dependent acquisition;AC=PRIDE:0000627	NT=label free sample;AC=MS:1002038	NT=ltq ft;AC=MS:1000448	NT=Carbamidomethyl;AC=UNIMOD:4;TA=C;MT=Fixed	NT=Phospho;AC=UNIMOD:21;TA=S,T,Y;MT=Variable	NT=Oxidation;AC=UNIMOD:35;TA=M;MT=Variable	NT=Trypsin;AC=MS:1001251	NT=collision-induced dissociation;AC=MS:1000133	10 ppm	sds page	dithiothreitol (dtt)	iodoacetamide (iaa)	1	1	Mito_OG0_4ug_3_091109.RAW	ftp://ftp.pride.ebi.ac.uk/pride/data/archive/2018/10/PXD004312/Mito_OG0_4ug_3_091109.RAW	v1.1.0	NT=ms-proteomics;VV=v1.1.0	NT=clinical-metadata;VV=v1.0.0	manual curation	not available
muscle_mito_MC7_10ug_IV_7_012211	homo sapiens	muscle	not applicable	type 2 diabetes mellitus	1	muscle_mito_MC7_10ug_IV_7_012211	proteomic profiling by mass spectrometry	NT=Data-dependent acquisition;AC=PRIDE:0000627	NT=label free sample;AC=MS:1002038	NT=ltq ft;AC=MS:1000448	NT=Carbamidomethyl;AC=UNIMOD:4;TA=C;MT=Fixed	NT=Phospho;AC=UNIMOD:21;TA=S,T,Y;MT=Variable	NT=Oxidation;AC=UNIMOD:35;TA=M;MT=Variable	NT=Trypsin;AC=MS:1001251	NT=collision-induced dissociation;AC=MS:1000133	10 ppm	sds page	dithiothreitol (dtt)	iodoacetamide (iaa)	1	1	muscle_mito_MC7_10ug_IV_7_012211.RAW	ftp://ftp.pride.ebi.ac.uk/pride/data/archive/2018/10/PXD004312/muscle_mito_MC7_10ug_IV_7_012211.RAW	v1.1.0	NT=ms-proteomics;VV=v1.1.0	NT=clinical-metadata;VV=v1.0.0	manual curation	muscle
Mito_OG22_4ug_6_091009	homo sapiens	not available	not applicable	type 2 diabetes mellitus	1	Mito_OG22_4ug_6_091009	proteomic profiling by mass spectrometry	NT=Data-dependent acquisition;AC=PRIDE:0000627	NT=label free sample;AC=MS:1002038	NT=ltq ft;AC=MS:1000448	NT=Carbamidomethyl;AC=UNIMOD:4;TA=C;MT=Fixed	NT=Phospho;AC=UNIMOD:21;TA=S,T,Y;MT=Variable	NT=Oxidation;AC=UNIMOD:35;TA=M;MT=Variable	NT=Trypsin;AC=MS:1001251	NT=collision-induced dissociation;AC=MS:1000133	10 ppm	sds page	dithiothreitol (dtt)	iodoacetamide (iaa)	1	1	Mito_OG22_4ug_6_091009.RAW	ftp://ftp.pride.ebi.ac.uk/pride/data/archive/2018/10/PXD004312/Mito_OG22_4ug_6_091009.RAW	v1.1.0	NT=ms-proteomics;VV=v1.1.0	NT=clinical-metadata;VV=v1.0.0	manual curation	not available
muscle_mito_FC6_10ug_III_3_012911	homo sapiens	muscle	not applicable	type 2 diabetes mellitus	1	muscle_mito_FC6_10ug_III_3_012911	proteomic profiling by mass spectrometry	NT=Data-dependent acquisition;AC=PRIDE:0000627	NT=label free sample;AC=MS:1002038	NT=ltq ft;AC=MS:1000448	NT=Carbamidomethyl;AC=UNIMOD:4;TA=C;MT=Fixed	NT=Phospho;AC=UNIMOD:21;TA=S,T,Y;MT=Variable	NT=Oxidation;AC=UNIMOD:35;TA=M;MT=Variable	NT=Trypsin;AC=MS:1001251	NT=collision-induced dissociation;AC=MS:1000133	10 ppm	sds page	dithiothreitol (dtt)	iodoacetamide (iaa)	1	1	muscle_mito_FC6_10ug_III_3_012911.RAW	ftp://ftp.pride.ebi.ac.uk/pride/data/archive/2018/10/PXD004312/muscle_mito_FC6_10ug_III_3_012911.RAW	v1.1.0	NT=ms-proteomics;VV=v1.1.0	NT=clinical-metadata;VV=v1.0.0	manual curation	muscle
Mito_OG24_4ug_5_091009	homo sapiens	not available	not applicable	type 2 diabetes mellitus	1	Mito_OG24_4ug_5_091009	proteomic profiling by mass spectrometry	NT=Data-dependent acquisition;AC=PRIDE:0000627	NT=label free sample;AC=MS:1002038	NT=ltq ft;AC=MS:1000448	NT=Carbamidomethyl;AC=UNIMOD:4;TA=C;MT=Fixed	NT=Phospho;AC=UNIMOD:21;TA=S,T,Y;MT=Variable	NT=Oxidation;AC=UNIMOD:35;TA=M;MT=Variable	NT=Trypsin;AC=MS:1001251	NT=collision-induced dissociation;AC=MS:1000133	10 ppm	sds page	dithiothreitol (dtt)	iodoacetamide (iaa)	1	1	Mito_OG24_4ug_5_091009.RAW	ftp://ftp.pride.ebi.ac.uk/pride/data/archive/2018/10/PXD004312/Mito_OG24_4ug_5_091009.RAW	v1.1.0	NT=ms-proteomics;VV=v1.1.0	NT=clinical-metadata;VV=v1.0.0	manual curation	not available
muscle_mito_FD7_10ug_III_3_020211	homo sapiens	muscle	not applicable	type 2 diabetes mellitus	1	muscle_mito_FD7_10ug_III_3_020211	proteomic profiling by mass spectrometry	NT=Data-dependent acquisition;AC=PRIDE:0000627	NT=label free sample;AC=MS:1002038	NT=ltq ft;AC=MS:1000448	NT=Carbamidomethyl;AC=UNIMOD:4;TA=C;MT=Fixed	NT=Phospho;AC=UNIMOD:21;TA=S,T,Y;MT=Variable	NT=Oxidation;AC=UNIMOD:35;TA=M;MT=Variable	NT=Trypsin;AC=MS:1001251	NT=collision-induced dissociation;AC=MS:1000133	10 ppm	sds page	dithiothreitol (dtt)	iodoacetamide (iaa)	1	1	muscle_mito_FD7_10ug_III_3_020211.RAW	ftp://ftp.pride.ebi.ac.uk/pride/data/archive/2018/10/PXD004312/muscle_mito_FD7_10ug_III_3_020211.RAW	v1.1.0	NT=ms-proteomics;VV=v1.1.0	NT=clinical-metadata;VV=v1.0.0	manual curation	muscle
Mito_OG4_4ug_1_090409	homo sapiens	not available	not applicable	type 2 diabetes mellitus	1	Mito_OG4_4ug_1_090409	proteomic profiling by mass spectrometry	NT=Data-dependent acquisition;AC=PRIDE:0000627	NT=label free sample;AC=MS:1002038	NT=ltq ft;AC=MS:1000448	NT=Carbamidomethyl;AC=UNIMOD:4;TA=C;MT=Fixed	NT=Phospho;AC=UNIMOD:21;TA=S,T,Y;MT=Variable	NT=Oxidation;AC=UNIMOD:35;TA=M;MT=Variable	NT=Trypsin;AC=MS:1001251	NT=collision-induced dissociation;AC=MS:1000133	10 ppm	sds page	dithiothreitol (dtt)	iodoacetamide (iaa)	1	1	Mito_OG4_4ug_1_090409.RAW	ftp://ftp.pride.ebi.ac.uk/pride/data/archive/2018/10/PXD004312/Mito_OG4_4ug_1_090409.RAW	v1.1.0	NT=ms-proteomics;VV=v1.1.0	NT=clinical-metadata;VV=v1.0.0	manual curation	not available
muscle_mito_MC7_10ug_III_3_012211	homo sapiens	muscle	not applicable	type 2 diabetes mellitus	1	muscle_mito_MC7_10ug_III_3_012211	proteomic profiling by mass spectrometry	NT=Data-dependent acquisition;AC=PRIDE:0000627	NT=label free sample;AC=MS:1002038	NT=ltq ft;AC=MS:1000448	NT=Carbamidomethyl;AC=UNIMOD:4;TA=C;MT=Fixed	NT=Phospho;AC=UNIMOD:21;TA=S,T,Y;MT=Variable	NT=Oxidation;AC=UNIMOD:35;TA=M;MT=Variable	NT=Trypsin;AC=MS:1001251	NT=collision-induced dissociation;AC=MS:1000133	10 ppm	sds page	dithiothreitol (dtt)	iodoacetamide (iaa)	1	1	muscle_mito_MC7_10ug_III_3_012211.RAW	ftp://ftp.pride.ebi.ac.uk/pride/data/archive/2018/10/PXD004312/muscle_mito_MC7_10ug_III_3_012211.RAW	v1.1.0	NT=ms-proteomics;VV=v1.1.0	NT=clinical-metadata;VV=v1.0.0	manual curation	muscle
muscle_mito_MC1_10ug_III_2_011811	homo sapiens	muscle	not applicable	type 2 diabetes mellitus	1	muscle_mito_MC1_10ug_III_2_011811	proteomic profiling by mass spectrometry	NT=Data-dependent acquisition;AC=PRIDE:0000627	NT=label free sample;AC=MS:1002038	NT=ltq ft;AC=MS:1000448	NT=Carbamidomethyl;AC=UNIMOD:4;TA=C;MT=Fixed	NT=Phospho;AC=UNIMOD:21;TA=S,T,Y;MT=Variable	NT=Oxidation;AC=UNIMOD:35;TA=M;MT=Variable	NT=Trypsin;AC=MS:1001251	NT=collision-induced dissociation;AC=MS:1000133	10 ppm	sds page	dithiothreitol (dtt)	iodoacetamide (iaa)	1	1	muscle_mito_MC1_10ug_III_2_011811.RAW	ftp://ftp.pride.ebi.ac.uk/pride/data/archive/2018/10/PXD004312/muscle_mito_MC1_10ug_III_2_011811.RAW	v1.1.0	NT=ms-proteomics;VV=v1.1.0	NT=clinical-metadata;VV=v1.0.0	manual curation	muscle
Mito_OG2_4ug_6_090309	homo sapiens	not available	not applicable	type 2 diabetes mellitus	1	Mito_OG2_4ug_6_090309	proteomic profiling by mass spectrometry	NT=Data-dependent acquisition;AC=PRIDE:0000627	NT=label free sample;AC=MS:1002038	NT=ltq ft;AC=MS:1000448	NT=Carbamidomethyl;AC=UNIMOD:4;TA=C;MT=Fixed	NT=Phospho;AC=UNIMOD:21;TA=S,T,Y;MT=Variable	NT=Oxidation;AC=UNIMOD:35;TA=M;MT=Variable	NT=Trypsin;AC=MS:1001251	NT=collision-induced dissociation;AC=MS:1000133	10 ppm	sds page	dithiothreitol (dtt)	iodoacetamide (iaa)	1	1	Mito_OG2_4ug_6_090309.RAW	ftp://ftp.pride.ebi.ac.uk/pride/data/archive/2018/10/PXD004312/Mito_OG2_4ug_6_090309.RAW	v1.1.0	NT=ms-proteomics;VV=v1.1.0	NT=clinical-metadata;VV=v1.0.0	manual curation	not available
muscle_mito_MC2_10ug_I_5_011911	homo sapiens	muscle	not applicable	type 2 diabetes mellitus	1	muscle_mito_MC2_10ug_I_5_011911	proteomic profiling by mass spectrometry	NT=Data-dependent acquisition;AC=PRIDE:0000627	NT=label free sample;AC=MS:1002038	NT=ltq ft;AC=MS:1000448	NT=Carbamidomethyl;AC=UNIMOD:4;TA=C;MT=Fixed	NT=Phospho;AC=UNIMOD:21;TA=S,T,Y;MT=Variable	NT=Oxidation;AC=UNIMOD:35;TA=M;MT=Variable	NT=Trypsin;AC=MS:1001251	NT=collision-induced dissociation;AC=MS:1000133	10 ppm	sds page	dithiothreitol (dtt)	iodoacetamide (iaa)	1	1	muscle_mito_MC2_10ug_I_5_011911.RAW	ftp://ftp.pride.ebi.ac.uk/pride/data/archive/2018/10/PXD004312/muscle_mito_MC2_10ug_I_5_011911.RAW	v1.1.0	NT=ms-proteomics;VV=v1.1.0	NT=clinical-metadata;VV=v1.0.0	manual curation	muscle
Mito_OG17_4ug_2_090809	homo sapiens	not available	not applicable	type 2 diabetes mellitus	1	Mito_OG17_4ug_2_090809	proteomic profiling by mass spectrometry	NT=Data-dependent acquisition;AC=PRIDE:0000627	NT=label free sample;AC=MS:1002038	NT=ltq ft;AC=MS:1000448	NT=Carbamidomethyl;AC=UNIMOD:4;TA=C;MT=Fixed	NT=Phospho;AC=UNIMOD:21;TA=S,T,Y;MT=Variable	NT=Oxidation;AC=UNIMOD:35;TA=M;MT=Variable	NT=Trypsin;AC=MS:1001251	NT=collision-induced dissociation;AC=MS:1000133	10 ppm	sds page	dithiothreitol (dtt)	iodoacetamide (iaa)	1	1	Mito_OG17_4ug_2_090809.RAW	ftp://ftp.pride.ebi.ac.uk/pride/data/archive/2018/10/PXD004312/Mito_OG17_4ug_2_090809.RAW	v1.1.0	NT=ms-proteomics;VV=v1.1.0	NT=clinical-metadata;VV=v1.0.0	manual curation	not available
muscle_mito_FC1_10ug_III_4_012311	homo sapiens	muscle	not applicable	type 2 diabetes mellitus	1	muscle_mito_FC1_10ug_III_4_012311	proteomic profiling by mass spectrometry	NT=Data-dependent acquisition;AC=PRIDE:0000627	NT=label free sample;AC=MS:1002038	NT=ltq ft;AC=MS:1000448	NT=Carbamidomethyl;AC=UNIMOD:4;TA=C;MT=Fixed	NT=Phospho;AC=UNIMOD:21;TA=S,T,Y;MT=Variable	NT=Oxidation;AC=UNIMOD:35;TA=M;MT=Variable	NT=Trypsin;AC=MS:1001251	NT=collision-induced dissociation;AC=MS:1000133	10 ppm	sds page	dithiothreitol (dtt)	iodoacetamide (iaa)	1	1	muscle_mito_FC1_10ug_III_4_012311.RAW	ftp://ftp.pride.ebi.ac.uk/pride/data/archive/2018/10/PXD004312/muscle_mito_FC1_10ug_III_4_012311.RAW	v1.1.0	NT=ms-proteomics;VV=v1.1.0	NT=clinical-metadata;VV=v1.0.0	manual curation	muscle
muscle_mito_FD7_10ug_I_1_020211	homo sapiens	muscle	not applicable	type 2 diabetes mellitus	1	muscle_mito_FD7_10ug_I_1_020211	proteomic profiling by mass spectrometry	NT=Data-dependent acquisition;AC=PRIDE:0000627	NT=label free sample;AC=MS:1002038	NT=ltq ft;AC=MS:1000448	NT=Carbamidomethyl;AC=UNIMOD:4;TA=C;MT=Fixed	NT=Phospho;AC=UNIMOD:21;TA=S,T,Y;MT=Variable	NT=Oxidation;AC=UNIMOD:35;TA=M;MT=Variable	NT=Trypsin;AC=MS:1001251	NT=collision-induced dissociation;AC=MS:1000133	10 ppm	sds page	dithiothreitol (dtt)	iodoacetamide (iaa)	1	1	muscle_mito_FD7_10ug_I_1_020211.RAW	ftp://ftp.pride.ebi.ac.uk/pride/data/archive/2018/10/PXD004312/muscle_mito_FD7_10ug_I_1_020211.RAW	v1.1.0	NT=ms-proteomics;VV=v1.1.0	NT=clinical-metadata;VV=v1.0.0	manual curation	muscle
muscle_mito_FD1_10ug_II_3_013011	homo sapiens	muscle	not applicable	type 2 diabetes mellitus	1	muscle_mito_FD1_10ug_II_3_013011	proteomic profiling by mass spectrometry	NT=Data-dependent acquisition;AC=PRIDE:0000627	NT=label free sample;AC=MS:1002038	NT=ltq ft;AC=MS:1000448	NT=Carbamidomethyl;AC=UNIMOD:4;TA=C;MT=Fixed	NT=Phospho;AC=UNIMOD:21;TA=S,T,Y;MT=Variable	NT=Oxidation;AC=UNIMOD:35;TA=M;MT=Variable	NT=Trypsin;AC=MS:1001251	NT=collision-induced dissociation;AC=MS:1000133	10 ppm	sds page	dithiothreitol (dtt)	iodoacetamide (iaa)	1	1	muscle_mito_FD1_10ug_II_3_013011.RAW	ftp://ftp.pride.ebi.ac.uk/pride/data/archive/2018/10/PXD004312/muscle_mito_FD1_10ug_II_3_013011.RAW	v1.1.0	NT=ms-proteomics;VV=v1.1.0	NT=clinical-metadata;VV=v1.0.0	manual curation	muscle
muscle_mito_FD1_10ug_II_5_013011	homo sapiens	muscle	not applicable	type 2 diabetes mellitus	1	muscle_mito_FD1_10ug_II_5_013011	proteomic profiling by mass spectrometry	NT=Data-dependent acquisition;AC=PRIDE:0000627	NT=label free sample;AC=MS:1002038	NT=ltq ft;AC=MS:1000448	NT=Carbamidomethyl;AC=UNIMOD:4;TA=C;MT=Fixed	NT=Phospho;AC=UNIMOD:21;TA=S,T,Y;MT=Variable	NT=Oxidation;AC=UNIMOD:35;TA=M;MT=Variable	NT=Trypsin;AC=MS:1001251	NT=collision-induced dissociation;AC=MS:1000133	10 ppm	sds page	dithiothreitol (dtt)	iodoacetamide (iaa)	1	1	muscle_mito_FD1_10ug_II_5_013011.RAW	ftp://ftp.pride.ebi.ac.uk/pride/data/archive/2018/10/PXD004312/muscle_mito_FD1_10ug_II_5_013011.RAW	v1.1.0	NT=ms-proteomics;VV=v1.1.0	NT=clinical-metadata;VV=v1.0.0	manual curation	muscle
Mito_OG12_4ug_7_090709	homo sapiens	not available	not applicable	type 2 diabetes mellitus	1	Mito_OG12_4ug_7_090709	proteomic profiling by mass spectrometry	NT=Data-dependent acquisition;AC=PRIDE:0000627	NT=label free sample;AC=MS:1002038	NT=ltq ft;AC=MS:1000448	NT=Carbamidomethyl;AC=UNIMOD:4;TA=C;MT=Fixed	NT=Phospho;AC=UNIMOD:21;TA=S,T,Y;MT=Variable	NT=Oxidation;AC=UNIMOD:35;TA=M;MT=Variable	NT=Trypsin;AC=MS:1001251	NT=collision-induced dissociation;AC=MS:1000133	10 ppm	sds page	dithiothreitol (dtt)	iodoacetamide (iaa)	1	1	Mito_OG12_4ug_7_090709.RAW	ftp://ftp.pride.ebi.ac.uk/pride/data/archive/2018/10/PXD004312/Mito_OG12_4ug_7_090709.RAW	v1.1.0	NT=ms-proteomics;VV=v1.1.0	NT=clinical-metadata;VV=v1.0.0	manual curation	not available
muscle_mito_FD2_10ug_III_4_013011	homo sapiens	muscle	not applicable	type 2 diabetes mellitus	1	muscle_mito_FD2_10ug_III_4_013011	proteomic profiling by mass spectrometry	NT=Data-dependent acquisition;AC=PRIDE:0000627	NT=label free sample;AC=MS:1002038	NT=ltq ft;AC=MS:1000448	NT=Carbamidomethyl;AC=UNIMOD:4;TA=C;MT=Fixed	NT=Phospho;AC=UNIMOD:21;TA=S,T,Y;MT=Variable	NT=Oxidation;AC=UNIMOD:35;TA=M;MT=Variable	NT=Trypsin;AC=MS:1001251	NT=collision-induced dissociation;AC=MS:1000133	10 ppm	sds page	dithiothreitol (dtt)	iodoacetamide (iaa)	1	1	muscle_mito_FD2_10ug_III_4_013011.RAW	ftp://ftp.pride.ebi.ac.uk/pride/data/archive/2018/10/PXD004312/muscle_mito_FD2_10ug_III_4_013011.RAW	v1.1.0	NT=ms-proteomics;VV=v1.1.0	NT=clinical-metadata;VV=v1.0.0	manual curation	muscle
muscle_mito_FD7_10ug_II_6_020211	homo sapiens	muscle	not applicable	type 2 diabetes mellitus	1	muscle_mito_FD7_10ug_II_6_020211	proteomic profiling by mass spectrometry	NT=Data-dependent acquisition;AC=PRIDE:0000627	NT=label free sample;AC=MS:1002038	NT=ltq ft;AC=MS:1000448	NT=Carbamidomethyl;AC=UNIMOD:4;TA=C;MT=Fixed	NT=Phospho;AC=UNIMOD:21;TA=S,T,Y;MT=Variable	NT=Oxidation;AC=UNIMOD:35;TA=M;MT=Variable	NT=Trypsin;AC=MS:1001251	NT=collision-induced dissociation;AC=MS:1000133	10 ppm	sds page	dithiothreitol (dtt)	iodoacetamide (iaa)	1	1	muscle_mito_FD7_10ug_II_6_020211.RAW	ftp://ftp.pride.ebi.ac.uk/pride/data/archive/2018/10/PXD004312/muscle_mito_FD7_10ug_II_6_020211.RAW	v1.1.0	NT=ms-proteomics;VV=v1.1.0	NT=clinical-metadata;VV=v1.0.0	manual curation	muscle
Mito_OG_4ug_3_090209	homo sapiens	not available	not applicable	type 2 diabetes mellitus	1	Mito_OG_4ug_3_090209	proteomic profiling by mass spectrometry	NT=Data-dependent acquisition;AC=PRIDE:0000627	NT=label free sample;AC=MS:1002038	NT=ltq ft;AC=MS:1000448	NT=Carbamidomethyl;AC=UNIMOD:4;TA=C;MT=Fixed	NT=Phospho;AC=UNIMOD:21;TA=S,T,Y;MT=Variable	NT=Oxidation;AC=UNIMOD:35;TA=M;MT=Variable	NT=Trypsin;AC=MS:1001251	NT=collision-induced dissociation;AC=MS:1000133	10 ppm	sds page	dithiothreitol (dtt)	iodoacetamide (iaa)	1	1	Mito_OG_4ug_3_090209.RAW	ftp://ftp.pride.ebi.ac.uk/pride/data/archive/2018/10/PXD004312/Mito_OG_4ug_3_090209.RAW	v1.1.0	NT=ms-proteomics;VV=v1.1.0	NT=clinical-metadata;VV=v1.0.0	manual curation	not available
muscle_mito_MC2_10ug_II_5_011911	homo sapiens	muscle	not applicable	type 2 diabetes mellitus	1	muscle_mito_MC2_10ug_II_5_011911	proteomic profiling by mass spectrometry	NT=Data-dependent acquisition;AC=PRIDE:0000627	NT=label free sample;AC=MS:1002038	NT=ltq ft;AC=MS:1000448	NT=Carbamidomethyl;AC=UNIMOD:4;TA=C;MT=Fixed	NT=Phospho;AC=UNIMOD:21;TA=S,T,Y;MT=Variable	NT=Oxidation;AC=UNIMOD:35;TA=M;MT=Variable	NT=Trypsin;AC=MS:1001251	NT=collision-induced dissociation;AC=MS:1000133	10 ppm	sds page	dithiothreitol (dtt)	iodoacetamide (iaa)	1	1	muscle_mito_MC2_10ug_II_5_011911.RAW	ftp://ftp.pride.ebi.ac.uk/pride/data/archive/2018/10/PXD004312/muscle_mito_MC2_10ug_II_5_011911.RAW	v1.1.0	NT=ms-proteomics;VV=v1.1.0	NT=clinical-metadata;VV=v1.0.0	manual curation	muscle
muscle_mito_FD2_10ug_I_5_013011	homo sapiens	muscle	not applicable	type 2 diabetes mellitus	1	muscle_mito_FD2_10ug_I_5_013011	proteomic profiling by mass spectrometry	NT=Data-dependent acquisition;AC=PRIDE:0000627	NT=label free sample;AC=MS:1002038	NT=ltq ft;AC=MS:1000448	NT=Carbamidomethyl;AC=UNIMOD:4;TA=C;MT=Fixed	NT=Phospho;AC=UNIMOD:21;TA=S,T,Y;MT=Variable	NT=Oxidation;AC=UNIMOD:35;TA=M;MT=Variable	NT=Trypsin;AC=MS:1001251	NT=collision-induced dissociation;AC=MS:1000133	10 ppm	sds page	dithiothreitol (dtt)	iodoacetamide (iaa)	1	1	muscle_mito_FD2_10ug_I_5_013011.RAW	ftp://ftp.pride.ebi.ac.uk/pride/data/archive/2018/10/PXD004312/muscle_mito_FD2_10ug_I_5_013011.RAW	v1.1.0	NT=ms-proteomics;VV=v1.1.0	NT=clinical-metadata;VV=v1.0.0	manual curation	muscle
muscle_mito_FD6_10ug_II_3_020111	homo sapiens	muscle	not applicable	type 2 diabetes mellitus	1	muscle_mito_FD6_10ug_II_3_020111	proteomic profiling by mass spectrometry	NT=Data-dependent acquisition;AC=PRIDE:0000627	NT=label free sample;AC=MS:1002038	NT=ltq ft;AC=MS:1000448	NT=Carbamidomethyl;AC=UNIMOD:4;TA=C;MT=Fixed	NT=Phospho;AC=UNIMOD:21;TA=S,T,Y;MT=Variable	NT=Oxidation;AC=UNIMOD:35;TA=M;MT=Variable	NT=Trypsin;AC=MS:1001251	NT=collision-induced dissociation;AC=MS:1000133	10 ppm	sds page	dithiothreitol (dtt)	iodoacetamide (iaa)	1	1	muscle_mito_FD6_10ug_II_3_020111.RAW	ftp://ftp.pride.ebi.ac.uk/pride/data/archive/2018/10/PXD004312/muscle_mito_FD6_10ug_II_3_020111.RAW	v1.1.0	NT=ms-proteomics;VV=v1.1.0	NT=clinical-metadata;VV=v1.0.0	manual curation	muscle
muscle_mito_FC3_10ug_III_4_012811	homo sapiens	muscle	not applicable	type 2 diabetes mellitus	1	muscle_mito_FC3_10ug_III_4_012811	proteomic profiling by mass spectrometry	NT=Data-dependent acquisition;AC=PRIDE:0000627	NT=label free sample;AC=MS:1002038	NT=ltq ft;AC=MS:1000448	NT=Carbamidomethyl;AC=UNIMOD:4;TA=C;MT=Fixed	NT=Phospho;AC=UNIMOD:21;TA=S,T,Y;MT=Variable	NT=Oxidation;AC=UNIMOD:35;TA=M;MT=Variable	NT=Trypsin;AC=MS:1001251	NT=collision-induced dissociation;AC=MS:1000133	10 ppm	sds page	dithiothreitol (dtt)	iodoacetamide (iaa)	1	1	muscle_mito_FC3_10ug_III_4_012811.RAW	ftp://ftp.pride.ebi.ac.uk/pride/data/archive/2018/10/PXD004312/muscle_mito_FC3_10ug_III_4_012811.RAW	v1.1.0	NT=ms-proteomics;VV=v1.1.0	NT=clinical-metadata;VV=v1.0.0	manual curation	muscle
Mito_OG18_4ug_1_090909	homo sapiens	not available	not applicable	type 2 diabetes mellitus	1	Mito_OG18_4ug_1_090909	proteomic profiling by mass spectrometry	NT=Data-dependent acquisition;AC=PRIDE:0000627	NT=label free sample;AC=MS:1002038	NT=ltq ft;AC=MS:1000448	NT=Carbamidomethyl;AC=UNIMOD:4;TA=C;MT=Fixed	NT=Phospho;AC=UNIMOD:21;TA=S,T,Y;MT=Variable	NT=Oxidation;AC=UNIMOD:35;TA=M;MT=Variable	NT=Trypsin;AC=MS:1001251	NT=collision-induced dissociation;AC=MS:1000133	10 ppm	sds page	dithiothreitol (dtt)	iodoacetamide (iaa)	1	1	Mito_OG18_4ug_1_090909.RAW	ftp://ftp.pride.ebi.ac.uk/pride/data/archive/2018/10/PXD004312/Mito_OG18_4ug_1_090909.RAW	v1.1.0	NT=ms-proteomics;VV=v1.1.0	NT=clinical-metadata;VV=v1.0.0	manual curation	not available
muscle_mito_FC3_10ug_III_3_012811	homo sapiens	muscle	not applicable	type 2 diabetes mellitus	1	muscle_mito_FC3_10ug_III_3_012811	proteomic profiling by mass spectrometry	NT=Data-dependent acquisition;AC=PRIDE:0000627	NT=label free sample;AC=MS:1002038	NT=ltq ft;AC=MS:1000448	NT=Carbamidomethyl;AC=UNIMOD:4;TA=C;MT=Fixed	NT=Phospho;AC=UNIMOD:21;TA=S,T,Y;MT=Variable	NT=Oxidation;AC=UNIMOD:35;TA=M;MT=Variable	NT=Trypsin;AC=MS:1001251	NT=collision-induced dissociation;AC=MS:1000133	10 ppm	sds page	dithiothreitol (dtt)	iodoacetamide (iaa)	1	1	muscle_mito_FC3_10ug_III_3_012811.RAW	ftp://ftp.pride.ebi.ac.uk/pride/data/archive/2018/10/PXD004312/muscle_mito_FC3_10ug_III_3_012811.RAW	v1.1.0	NT=ms-proteomics;VV=v1.1.0	NT=clinical-metadata;VV=v1.0.0	manual curation	muscle
muscle_mito_FC1_10ug_I_6_012311	homo sapiens	muscle	not applicable	type 2 diabetes mellitus	1	muscle_mito_FC1_10ug_I_6_012311	proteomic profiling by mass spectrometry	NT=Data-dependent acquisition;AC=PRIDE:0000627	NT=label free sample;AC=MS:1002038	NT=ltq ft;AC=MS:1000448	NT=Carbamidomethyl;AC=UNIMOD:4;TA=C;MT=Fixed	NT=Phospho;AC=UNIMOD:21;TA=S,T,Y;MT=Variable	NT=Oxidation;AC=UNIMOD:35;TA=M;MT=Variable	NT=Trypsin;AC=MS:1001251	NT=collision-induced dissociation;AC=MS:1000133	10 ppm	sds page	dithiothreitol (dtt)	iodoacetamide (iaa)	1	1	muscle_mito_FC1_10ug_I_6_012311.RAW	ftp://ftp.pride.ebi.ac.uk/pride/data/archive/2018/10/PXD004312/muscle_mito_FC1_10ug_I_6_012311.RAW	v1.1.0	NT=ms-proteomics;VV=v1.1.0	NT=clinical-metadata;VV=v1.0.0	manual curation	muscle
muscle_mito_FC3_10ug_III_6_012811	homo sapiens	muscle	not applicable	type 2 diabetes mellitus	1	muscle_mito_FC3_10ug_III_6_012811	proteomic profiling by mass spectrometry	NT=Data-dependent acquisition;AC=PRIDE:0000627	NT=label free sample;AC=MS:1002038	NT=ltq ft;AC=MS:1000448	NT=Carbamidomethyl;AC=UNIMOD:4;TA=C;MT=Fixed	NT=Phospho;AC=UNIMOD:21;TA=S,T,Y;MT=Variable	NT=Oxidation;AC=UNIMOD:35;TA=M;MT=Variable	NT=Trypsin;AC=MS:1001251	NT=collision-induced dissociation;AC=MS:1000133	10 ppm	sds page	dithiothreitol (dtt)	iodoacetamide (iaa)	1	1	muscle_mito_FC3_10ug_III_6_012811.RAW	ftp://ftp.pride.ebi.ac.uk/pride/data/archive/2018/10/PXD004312/muscle_mito_FC3_10ug_III_6_012811.RAW	v1.1.0	NT=ms-proteomics;VV=v1.1.0	NT=clinical-metadata;VV=v1.0.0	manual curation	muscle
muscle_mito_MC5_10ug_I_5_012211	homo sapiens	muscle	not applicable	type 2 diabetes mellitus	1	muscle_mito_MC5_10ug_I_5_012211	proteomic profiling by mass spectrometry	NT=Data-dependent acquisition;AC=PRIDE:0000627	NT=label free sample;AC=MS:1002038	NT=ltq ft;AC=MS:1000448	NT=Carbamidomethyl;AC=UNIMOD:4;TA=C;MT=Fixed	NT=Phospho;AC=UNIMOD:21;TA=S,T,Y;MT=Variable	NT=Oxidation;AC=UNIMOD:35;TA=M;MT=Variable	NT=Trypsin;AC=MS:1001251	NT=collision-induced dissociation;AC=MS:1000133	10 ppm	sds page	dithiothreitol (dtt)	iodoacetamide (iaa)	1	1	muscle_mito_MC5_10ug_I_5_012211.RAW	ftp://ftp.pride.ebi.ac.uk/pride/data/archive/2018/10/PXD004312/muscle_mito_MC5_10ug_I_5_012211.RAW	v1.1.0	NT=ms-proteomics;VV=v1.1.0	NT=clinical-metadata;VV=v1.0.0	manual curation	muscle
muscle_mito_MD7_10ug_III_4_012311	homo sapiens	muscle	not applicable	type 2 diabetes mellitus	1	muscle_mito_MD7_10ug_III_4_012311	proteomic profiling by mass spectrometry	NT=Data-dependent acquisition;AC=PRIDE:0000627	NT=label free sample;AC=MS:1002038	NT=ltq ft;AC=MS:1000448	NT=Carbamidomethyl;AC=UNIMOD:4;TA=C;MT=Fixed	NT=Phospho;AC=UNIMOD:21;TA=S,T,Y;MT=Variable	NT=Oxidation;AC=UNIMOD:35;TA=M;MT=Variable	NT=Trypsin;AC=MS:1001251	NT=collision-induced dissociation;AC=MS:1000133	10 ppm	sds page	dithiothreitol (dtt)	iodoacetamide (iaa)	1	1	muscle_mito_MD7_10ug_III_4_012311.RAW	ftp://ftp.pride.ebi.ac.uk/pride/data/archive/2018/10/PXD004312/muscle_mito_MD7_10ug_III_4_012311.RAW	v1.1.0	NT=ms-proteomics;VV=v1.1.0	NT=clinical-metadata;VV=v1.0.0	manual curation	muscle
Mito_OG22_4ug_7_091009	homo sapiens	not available	not applicable	type 2 diabetes mellitus	1	Mito_OG22_4ug_7_091009	proteomic profiling by mass spectrometry	NT=Data-dependent acquisition;AC=PRIDE:0000627	NT=label free sample;AC=MS:1002038	NT=ltq ft;AC=MS:1000448	NT=Carbamidomethyl;AC=UNIMOD:4;TA=C;MT=Fixed	NT=Phospho;AC=UNIMOD:21;TA=S,T,Y;MT=Variable	NT=Oxidation;AC=UNIMOD:35;TA=M;MT=Variable	NT=Trypsin;AC=MS:1001251	NT=collision-induced dissociation;AC=MS:1000133	10 ppm	sds page	dithiothreitol (dtt)	iodoacetamide (iaa)	1	1	Mito_OG22_4ug_7_091009.RAW	ftp://ftp.pride.ebi.ac.uk/pride/data/archive/2018/10/PXD004312/Mito_OG22_4ug_7_091009.RAW	v1.1.0	NT=ms-proteomics;VV=v1.1.0	NT=clinical-metadata;VV=v1.0.0	manual curation	not available
muscle_mito_FC6_10ug_II_4_012911	homo sapiens	muscle	not applicable	type 2 diabetes mellitus	1	muscle_mito_FC6_10ug_II_4_012911	proteomic profiling by mass spectrometry	NT=Data-dependent acquisition;AC=PRIDE:0000627	NT=label free sample;AC=MS:1002038	NT=ltq ft;AC=MS:1000448	NT=Carbamidomethyl;AC=UNIMOD:4;TA=C;MT=Fixed	NT=Phospho;AC=UNIMOD:21;TA=S,T,Y;MT=Variable	NT=Oxidation;AC=UNIMOD:35;TA=M;MT=Variable	NT=Trypsin;AC=MS:1001251	NT=collision-induced dissociation;AC=MS:1000133	10 ppm	sds page	dithiothreitol (dtt)	iodoacetamide (iaa)	1	1	muscle_mito_FC6_10ug_II_4_012911.RAW	ftp://ftp.pride.ebi.ac.uk/pride/data/archive/2018/10/PXD004312/muscle_mito_FC6_10ug_II_4_012911.RAW	v1.1.0	NT=ms-proteomics;VV=v1.1.0	NT=clinical-metadata;VV=v1.0.0	manual curation	muscle
Mito_OG21_4ug_7_090909	homo sapiens	not available	not applicable	type 2 diabetes mellitus	1	Mito_OG21_4ug_7_090909	proteomic profiling by mass spectrometry	NT=Data-dependent acquisition;AC=PRIDE:0000627	NT=label free sample;AC=MS:1002038	NT=ltq ft;AC=MS:1000448	NT=Carbamidomethyl;AC=UNIMOD:4;TA=C;MT=Fixed	NT=Phospho;AC=UNIMOD:21;TA=S,T,Y;MT=Variable	NT=Oxidation;AC=UNIMOD:35;TA=M;MT=Variable	NT=Trypsin;AC=MS:1001251	NT=collision-induced dissociation;AC=MS:1000133	10 ppm	sds page	dithiothreitol (dtt)	iodoacetamide (iaa)	1	1	Mito_OG21_4ug_7_090909.RAW	ftp://ftp.pride.ebi.ac.uk/pride/data/archive/2018/10/PXD004312/Mito_OG21_4ug_7_090909.RAW	v1.1.0	NT=ms-proteomics;VV=v1.1.0	NT=clinical-metadata;VV=v1.0.0	manual curation	not available
muscle_mito_FD6_10ug_III_7_020111	homo sapiens	muscle	not applicable	type 2 diabetes mellitus	1	muscle_mito_FD6_10ug_III_7_020111	proteomic profiling by mass spectrometry	NT=Data-dependent acquisition;AC=PRIDE:0000627	NT=label free sample;AC=MS:1002038	NT=ltq ft;AC=MS:1000448	NT=Carbamidomethyl;AC=UNIMOD:4;TA=C;MT=Fixed	NT=Phospho;AC=UNIMOD:21;TA=S,T,Y;MT=Variable	NT=Oxidation;AC=UNIMOD:35;TA=M;MT=Variable	NT=Trypsin;AC=MS:1001251	NT=collision-induced dissociation;AC=MS:1000133	10 ppm	sds page	dithiothreitol (dtt)	iodoacetamide (iaa)	1	1	muscle_mito_FD6_10ug_III_7_020111.RAW	ftp://ftp.pride.ebi.ac.uk/pride/data/archive/2018/10/PXD004312/muscle_mito_FD6_10ug_III_7_020111.RAW	v1.1.0	NT=ms-proteomics;VV=v1.1.0	NT=clinical-metadata;VV=v1.0.0	manual curation	muscle
Mito_OG14_4ug_5_090709	homo sapiens	not available	not applicable	type 2 diabetes mellitus	1	Mito_OG14_4ug_5_090709	proteomic profiling by mass spectrometry	NT=Data-dependent acquisition;AC=PRIDE:0000627	NT=label free sample;AC=MS:1002038	NT=ltq ft;AC=MS:1000448	NT=Carbamidomethyl;AC=UNIMOD:4;TA=C;MT=Fixed	NT=Phospho;AC=UNIMOD:21;TA=S,T,Y;MT=Variable	NT=Oxidation;AC=UNIMOD:35;TA=M;MT=Variable	NT=Trypsin;AC=MS:1001251	NT=collision-induced dissociation;AC=MS:1000133	10 ppm	sds page	dithiothreitol (dtt)	iodoacetamide (iaa)	1	1	Mito_OG14_4ug_5_090709.RAW	ftp://ftp.pride.ebi.ac.uk/pride/data/archive/2018/10/PXD004312/Mito_OG14_4ug_5_090709.RAW	v1.1.0	NT=ms-proteomics;VV=v1.1.0	NT=clinical-metadata;VV=v1.0.0	manual curation	not available
muscle_mito_MC3_10ug_I_2_012011	homo sapiens	muscle	not applicable	type 2 diabetes mellitus	1	muscle_mito_MC3_10ug_I_2_012011	proteomic profiling by mass spectrometry	NT=Data-dependent acquisition;AC=PRIDE:0000627	NT=label free sample;AC=MS:1002038	NT=ltq ft;AC=MS:1000448	NT=Carbamidomethyl;AC=UNIMOD:4;TA=C;MT=Fixed	NT=Phospho;AC=UNIMOD:21;TA=S,T,Y;MT=Variable	NT=Oxidation;AC=UNIMOD:35;TA=M;MT=Variable	NT=Trypsin;AC=MS:1001251	NT=collision-induced dissociation;AC=MS:1000133	10 ppm	sds page	dithiothreitol (dtt)	iodoacetamide (iaa)	1	1	muscle_mito_MC3_10ug_I_2_012011.RAW	ftp://ftp.pride.ebi.ac.uk/pride/data/archive/2018/10/PXD004312/muscle_mito_MC3_10ug_I_2_012011.RAW	v1.1.0	NT=ms-proteomics;VV=v1.1.0	NT=clinical-metadata;VV=v1.0.0	manual curation	muscle
Mito_OG16_4ug_7_090809	homo sapiens	not available	not applicable	type 2 diabetes mellitus	1	Mito_OG16_4ug_7_090809	proteomic profiling by mass spectrometry	NT=Data-dependent acquisition;AC=PRIDE:0000627	NT=label free sample;AC=MS:1002038	NT=ltq ft;AC=MS:1000448	NT=Carbamidomethyl;AC=UNIMOD:4;TA=C;MT=Fixed	NT=Phospho;AC=UNIMOD:21;TA=S,T,Y;MT=Variable	NT=Oxidation;AC=UNIMOD:35;TA=M;MT=Variable	NT=Trypsin;AC=MS:1001251	NT=collision-induced dissociation;AC=MS:1000133	10 ppm	sds page	dithiothreitol (dtt)	iodoacetamide (iaa)	1	1	Mito_OG16_4ug_7_090809.RAW	ftp://ftp.pride.ebi.ac.uk/pride/data/archive/2018/10/PXD004312/Mito_OG16_4ug_7_090809.RAW	v1.1.0	NT=ms-proteomics;VV=v1.1.0	NT=clinical-metadata;VV=v1.0.0	manual curation	not available
muscle_mito_MC1_10ug_II_1_011811	homo sapiens	muscle	not applicable	type 2 diabetes mellitus	1	muscle_mito_MC1_10ug_II_1_011811	proteomic profiling by mass spectrometry	NT=Data-dependent acquisition;AC=PRIDE:0000627	NT=label free sample;AC=MS:1002038	NT=ltq ft;AC=MS:1000448	NT=Carbamidomethyl;AC=UNIMOD:4;TA=C;MT=Fixed	NT=Phospho;AC=UNIMOD:21;TA=S,T,Y;MT=Variable	NT=Oxidation;AC=UNIMOD:35;TA=M;MT=Variable	NT=Trypsin;AC=MS:1001251	NT=collision-induced dissociation;AC=MS:1000133	10 ppm	sds page	dithiothreitol (dtt)	iodoacetamide (iaa)	1	1	muscle_mito_MC1_10ug_II_1_011811.RAW	ftp://ftp.pride.ebi.ac.uk/pride/data/archive/2018/10/PXD004312/muscle_mito_MC1_10ug_II_1_011811.RAW	v1.1.0	NT=ms-proteomics;VV=v1.1.0	NT=clinical-metadata;VV=v1.0.0	manual curation	muscle
muscle_mito_MC2_10ug_III_5_011911	homo sapiens	muscle	not applicable	type 2 diabetes mellitus	1	muscle_mito_MC2_10ug_III_5_011911	proteomic profiling by mass spectrometry	NT=Data-dependent acquisition;AC=PRIDE:0000627	NT=label free sample;AC=MS:1002038	NT=ltq ft;AC=MS:1000448	NT=Carbamidomethyl;AC=UNIMOD:4;TA=C;MT=Fixed	NT=Phospho;AC=UNIMOD:21;TA=S,T,Y;MT=Variable	NT=Oxidation;AC=UNIMOD:35;TA=M;MT=Variable	NT=Trypsin;AC=MS:1001251	NT=collision-induced dissociation;AC=MS:1000133	10 ppm	sds page	dithiothreitol (dtt)	iodoacetamide (iaa)	1	1	muscle_mito_MC2_10ug_III_5_011911.RAW	ftp://ftp.pride.ebi.ac.uk/pride/data/archive/2018/10/PXD004312/muscle_mito_MC2_10ug_III_5_011911.RAW	v1.1.0	NT=ms-proteomics;VV=v1.1.0	NT=clinical-metadata;VV=v1.0.0	manual curation	muscle
muscle_mito_FC1_10ug_II_2_012311	homo sapiens	muscle	not applicable	type 2 diabetes mellitus	1	muscle_mito_FC1_10ug_II_2_012311	proteomic profiling by mass spectrometry	NT=Data-dependent acquisition;AC=PRIDE:0000627	NT=label free sample;AC=MS:1002038	NT=ltq ft;AC=MS:1000448	NT=Carbamidomethyl;AC=UNIMOD:4;TA=C;MT=Fixed	NT=Phospho;AC=UNIMOD:21;TA=S,T,Y;MT=Variable	NT=Oxidation;AC=UNIMOD:35;TA=M;MT=Variable	NT=Trypsin;AC=MS:1001251	NT=collision-induced dissociation;AC=MS:1000133	10 ppm	sds page	dithiothreitol (dtt)	iodoacetamide (iaa)	1	1	muscle_mito_FC1_10ug_II_2_012311.RAW	ftp://ftp.pride.ebi.ac.uk/pride/data/archive/2018/10/PXD004312/muscle_mito_FC1_10ug_II_2_012311.RAW	v1.1.0	NT=ms-proteomics;VV=v1.1.0	NT=clinical-metadata;VV=v1.0.0	manual curation	muscle
muscle_mito_MD7_10ug_II_3_012311	homo sapiens	muscle	not applicable	type 2 diabetes mellitus	1	muscle_mito_MD7_10ug_II_3_012311	proteomic profiling by mass spectrometry	NT=Data-dependent acquisition;AC=PRIDE:0000627	NT=label free sample;AC=MS:1002038	NT=ltq ft;AC=MS:1000448	NT=Carbamidomethyl;AC=UNIMOD:4;TA=C;MT=Fixed	NT=Phospho;AC=UNIMOD:21;TA=S,T,Y;MT=Variable	NT=Oxidation;AC=UNIMOD:35;TA=M;MT=Variable	NT=Trypsin;AC=MS:1001251	NT=collision-induced dissociation;AC=MS:1000133	10 ppm	sds page	dithiothreitol (dtt)	iodoacetamide (iaa)	1	1	muscle_mito_MD7_10ug_II_3_012311.RAW	ftp://ftp.pride.ebi.ac.uk/pride/data/archive/2018/10/PXD004312/muscle_mito_MD7_10ug_II_3_012311.RAW	v1.1.0	NT=ms-proteomics;VV=v1.1.0	NT=clinical-metadata;VV=v1.0.0	manual curation	muscle
muscle_mito_MD3_10ug_III_2_012211	homo sapiens	muscle	not applicable	type 2 diabetes mellitus	1	muscle_mito_MD3_10ug_III_2_012211	proteomic profiling by mass spectrometry	NT=Data-dependent acquisition;AC=PRIDE:0000627	NT=label free sample;AC=MS:1002038	NT=ltq ft;AC=MS:1000448	NT=Carbamidomethyl;AC=UNIMOD:4;TA=C;MT=Fixed	NT=Phospho;AC=UNIMOD:21;TA=S,T,Y;MT=Variable	NT=Oxidation;AC=UNIMOD:35;TA=M;MT=Variable	NT=Trypsin;AC=MS:1001251	NT=collision-induced dissociation;AC=MS:1000133	10 ppm	sds page	dithiothreitol (dtt)	iodoacetamide (iaa)	1	1	muscle_mito_MD3_10ug_III_2_012211.RAW	ftp://ftp.pride.ebi.ac.uk/pride/data/archive/2018/10/PXD004312/muscle_mito_MD3_10ug_III_2_012211.RAW	v1.1.0	NT=ms-proteomics;VV=v1.1.0	NT=clinical-metadata;VV=v1.0.0	manual curation	muscle
muscle_mito_FD2_10ug_II_4_013011	homo sapiens	muscle	not applicable	type 2 diabetes mellitus	1	muscle_mito_FD2_10ug_II_4_013011	proteomic profiling by mass spectrometry	NT=Data-dependent acquisition;AC=PRIDE:0000627	NT=label free sample;AC=MS:1002038	NT=ltq ft;AC=MS:1000448	NT=Carbamidomethyl;AC=UNIMOD:4;TA=C;MT=Fixed	NT=Phospho;AC=UNIMOD:21;TA=S,T,Y;MT=Variable	NT=Oxidation;AC=UNIMOD:35;TA=M;MT=Variable	NT=Trypsin;AC=MS:1001251	NT=collision-induced dissociation;AC=MS:1000133	10 ppm	sds page	dithiothreitol (dtt)	iodoacetamide (iaa)	1	1	muscle_mito_FD2_10ug_II_4_013011.RAW	ftp://ftp.pride.ebi.ac.uk/pride/data/archive/2018/10/PXD004312/muscle_mito_FD2_10ug_II_4_013011.RAW	v1.1.0	NT=ms-proteomics;VV=v1.1.0	NT=clinical-metadata;VV=v1.0.0	manual curation	muscle
muscle_mito_MD6_10ug_IV_5_012211	homo sapiens	muscle	not applicable	type 2 diabetes mellitus	1	muscle_mito_MD6_10ug_IV_5_012211	proteomic profiling by mass spectrometry	NT=Data-dependent acquisition;AC=PRIDE:0000627	NT=label free sample;AC=MS:1002038	NT=ltq ft;AC=MS:1000448	NT=Carbamidomethyl;AC=UNIMOD:4;TA=C;MT=Fixed	NT=Phospho;AC=UNIMOD:21;TA=S,T,Y;MT=Variable	NT=Oxidation;AC=UNIMOD:35;TA=M;MT=Variable	NT=Trypsin;AC=MS:1001251	NT=collision-induced dissociation;AC=MS:1000133	10 ppm	sds page	dithiothreitol (dtt)	iodoacetamide (iaa)	1	1	muscle_mito_MD6_10ug_IV_5_012211.RAW	ftp://ftp.pride.ebi.ac.uk/pride/data/archive/2018/10/PXD004312/muscle_mito_MD6_10ug_IV_5_012211.RAW	v1.1.0	NT=ms-proteomics;VV=v1.1.0	NT=clinical-metadata;VV=v1.0.0	manual curation	muscle
muscle_mito_MC5_10ug_II_6_012211	homo sapiens	muscle	not applicable	type 2 diabetes mellitus	1	muscle_mito_MC5_10ug_II_6_012211	proteomic profiling by mass spectrometry	NT=Data-dependent acquisition;AC=PRIDE:0000627	NT=label free sample;AC=MS:1002038	NT=ltq ft;AC=MS:1000448	NT=Carbamidomethyl;AC=UNIMOD:4;TA=C;MT=Fixed	NT=Phospho;AC=UNIMOD:21;TA=S,T,Y;MT=Variable	NT=Oxidation;AC=UNIMOD:35;TA=M;MT=Variable	NT=Trypsin;AC=MS:1001251	NT=collision-induced dissociation;AC=MS:1000133	10 ppm	sds page	dithiothreitol (dtt)	iodoacetamide (iaa)	1	1	muscle_mito_MC5_10ug_II_6_012211.RAW	ftp://ftp.pride.ebi.ac.uk/pride/data/archive/2018/10/PXD004312/muscle_mito_MC5_10ug_II_6_012211.RAW	v1.1.0	NT=ms-proteomics;VV=v1.1.0	NT=clinical-metadata;VV=v1.0.0	manual curation	muscle
muscle_mito_MD6_10ug_III_4_012311	homo sapiens	muscle	not applicable	type 2 diabetes mellitus	1	muscle_mito_MD6_10ug_III_4_012311	proteomic profiling by mass spectrometry	NT=Data-dependent acquisition;AC=PRIDE:0000627	NT=label free sample;AC=MS:1002038	NT=ltq ft;AC=MS:1000448	NT=Carbamidomethyl;AC=UNIMOD:4;TA=C;MT=Fixed	NT=Phospho;AC=UNIMOD:21;TA=S,T,Y;MT=Variable	NT=Oxidation;AC=UNIMOD:35;TA=M;MT=Variable	NT=Trypsin;AC=MS:1001251	NT=collision-induced dissociation;AC=MS:1000133	10 ppm	sds page	dithiothreitol (dtt)	iodoacetamide (iaa)	1	1	muscle_mito_MD6_10ug_III_4_012311.RAW	ftp://ftp.pride.ebi.ac.uk/pride/data/archive/2018/10/PXD004312/muscle_mito_MD6_10ug_III_4_012311.RAW	v1.1.0	NT=ms-proteomics;VV=v1.1.0	NT=clinical-metadata;VV=v1.0.0	manual curation	muscle
muscle_mito_MD3_10ug_II_4_012111	homo sapiens	muscle	not applicable	type 2 diabetes mellitus	1	muscle_mito_MD3_10ug_II_4_012111	proteomic profiling by mass spectrometry	NT=Data-dependent acquisition;AC=PRIDE:0000627	NT=label free sample;AC=MS:1002038	NT=ltq ft;AC=MS:1000448	NT=Carbamidomethyl;AC=UNIMOD:4;TA=C;MT=Fixed	NT=Phospho;AC=UNIMOD:21;TA=S,T,Y;MT=Variable	NT=Oxidation;AC=UNIMOD:35;TA=M;MT=Variable	NT=Trypsin;AC=MS:1001251	NT=collision-induced dissociation;AC=MS:1000133	10 ppm	sds page	dithiothreitol (dtt)	iodoacetamide (iaa)	1	1	muscle_mito_MD3_10ug_II_4_012111.RAW	ftp://ftp.pride.ebi.ac.uk/pride/data/archive/2018/10/PXD004312/muscle_mito_MD3_10ug_II_4_012111.RAW	v1.1.0	NT=ms-proteomics;VV=v1.1.0	NT=clinical-metadata;VV=v1.0.0	manual curation	muscle
Mito_OG16_4ug_5_090809	homo sapiens	not available	not applicable	type 2 diabetes mellitus	1	Mito_OG16_4ug_5_090809	proteomic profiling by mass spectrometry	NT=Data-dependent acquisition;AC=PRIDE:0000627	NT=label free sample;AC=MS:1002038	NT=ltq ft;AC=MS:1000448	NT=Carbamidomethyl;AC=UNIMOD:4;TA=C;MT=Fixed	NT=Phospho;AC=UNIMOD:21;TA=S,T,Y;MT=Variable	NT=Oxidation;AC=UNIMOD:35;TA=M;MT=Variable	NT=Trypsin;AC=MS:1001251	NT=collision-induced dissociation;AC=MS:1000133	10 ppm	sds page	dithiothreitol (dtt)	iodoacetamide (iaa)	1	1	Mito_OG16_4ug_5_090809.RAW	ftp://ftp.pride.ebi.ac.uk/pride/data/archive/2018/10/PXD004312/Mito_OG16_4ug_5_090809.RAW	v1.1.0	NT=ms-proteomics;VV=v1.1.0	NT=clinical-metadata;VV=v1.0.0	manual curation	not available
muscle_mito_FC1_10ug_II_6_012311	homo sapiens	muscle	not applicable	type 2 diabetes mellitus	1	muscle_mito_FC1_10ug_II_6_012311	proteomic profiling by mass spectrometry	NT=Data-dependent acquisition;AC=PRIDE:0000627	NT=label free sample;AC=MS:1002038	NT=ltq ft;AC=MS:1000448	NT=Carbamidomethyl;AC=UNIMOD:4;TA=C;MT=Fixed	NT=Phospho;AC=UNIMOD:21;TA=S,T,Y;MT=Variable	NT=Oxidation;AC=UNIMOD:35;TA=M;MT=Variable	NT=Trypsin;AC=MS:1001251	NT=collision-induced dissociation;AC=MS:1000133	10 ppm	sds page	dithiothreitol (dtt)	iodoacetamide (iaa)	1	1	muscle_mito_FC1_10ug_II_6_012311.RAW	ftp://ftp.pride.ebi.ac.uk/pride/data/archive/2018/10/PXD004312/muscle_mito_FC1_10ug_II_6_012311.RAW	v1.1.0	NT=ms-proteomics;VV=v1.1.0	NT=clinical-metadata;VV=v1.0.0	manual curation	muscle
Mito_OG7_4ug_6_090509	homo sapiens	not available	not applicable	type 2 diabetes mellitus	1	Mito_OG7_4ug_6_090509	proteomic profiling by mass spectrometry	NT=Data-dependent acquisition;AC=PRIDE:0000627	NT=label free sample;AC=MS:1002038	NT=ltq ft;AC=MS:1000448	NT=Carbamidomethyl;AC=UNIMOD:4;TA=C;MT=Fixed	NT=Phospho;AC=UNIMOD:21;TA=S,T,Y;MT=Variable	NT=Oxidation;AC=UNIMOD:35;TA=M;MT=Variable	NT=Trypsin;AC=MS:1001251	NT=collision-induced dissociation;AC=MS:1000133	10 ppm	sds page	dithiothreitol (dtt)	iodoacetamide (iaa)	1	1	Mito_OG7_4ug_6_090509.RAW	ftp://ftp.pride.ebi.ac.uk/pride/data/archive/2018/10/PXD004312/Mito_OG7_4ug_6_090509.RAW	v1.1.0	NT=ms-proteomics;VV=v1.1.0	NT=clinical-metadata;VV=v1.0.0	manual curation	not available
muscle_mito_MD2_10ug_I_4_012211	homo sapiens	muscle	not applicable	type 2 diabetes mellitus	1	muscle_mito_MD2_10ug_I_4_012211	proteomic profiling by mass spectrometry	NT=Data-dependent acquisition;AC=PRIDE:0000627	NT=label free sample;AC=MS:1002038	NT=ltq ft;AC=MS:1000448	NT=Carbamidomethyl;AC=UNIMOD:4;TA=C;MT=Fixed	NT=Phospho;AC=UNIMOD:21;TA=S,T,Y;MT=Variable	NT=Oxidation;AC=UNIMOD:35;TA=M;MT=Variable	NT=Trypsin;AC=MS:1001251	NT=collision-induced dissociation;AC=MS:1000133	10 ppm	sds page	dithiothreitol (dtt)	iodoacetamide (iaa)	1	1	muscle_mito_MD2_10ug_I_4_012211.RAW	ftp://ftp.pride.ebi.ac.uk/pride/data/archive/2018/10/PXD004312/muscle_mito_MD2_10ug_I_4_012211.RAW	v1.1.0	NT=ms-proteomics;VV=v1.1.0	NT=clinical-metadata;VV=v1.0.0	manual curation	muscle
muscle_mito_FD7_10ug_III_5_020211	homo sapiens	muscle	not applicable	type 2 diabetes mellitus	1	muscle_mito_FD7_10ug_III_5_020211	proteomic profiling by mass spectrometry	NT=Data-dependent acquisition;AC=PRIDE:0000627	NT=label free sample;AC=MS:1002038	NT=ltq ft;AC=MS:1000448	NT=Carbamidomethyl;AC=UNIMOD:4;TA=C;MT=Fixed	NT=Phospho;AC=UNIMOD:21;TA=S,T,Y;MT=Variable	NT=Oxidation;AC=UNIMOD:35;TA=M;MT=Variable	NT=Trypsin;AC=MS:1001251	NT=collision-induced dissociation;AC=MS:1000133	10 ppm	sds page	dithiothreitol (dtt)	iodoacetamide (iaa)	1	1	muscle_mito_FD7_10ug_III_5_020211.RAW	ftp://ftp.pride.ebi.ac.uk/pride/data/archive/2018/10/PXD004312/muscle_mito_FD7_10ug_III_5_020211.RAW	v1.1.0	NT=ms-proteomics;VV=v1.1.0	NT=clinical-metadata;VV=v1.0.0	manual curation	muscle
muscle_mito_FD1_10ug_I_7_013011	homo sapiens	muscle	not applicable	type 2 diabetes mellitus	1	muscle_mito_FD1_10ug_I_7_013011	proteomic profiling by mass spectrometry	NT=Data-dependent acquisition;AC=PRIDE:0000627	NT=label free sample;AC=MS:1002038	NT=ltq ft;AC=MS:1000448	NT=Carbamidomethyl;AC=UNIMOD:4;TA=C;MT=Fixed	NT=Phospho;AC=UNIMOD:21;TA=S,T,Y;MT=Variable	NT=Oxidation;AC=UNIMOD:35;TA=M;MT=Variable	NT=Trypsin;AC=MS:1001251	NT=collision-induced dissociation;AC=MS:1000133	10 ppm	sds page	dithiothreitol (dtt)	iodoacetamide (iaa)	1	1	muscle_mito_FD1_10ug_I_7_013011.RAW	ftp://ftp.pride.ebi.ac.uk/pride/data/archive/2018/10/PXD004312/muscle_mito_FD1_10ug_I_7_013011.RAW	v1.1.0	NT=ms-proteomics;VV=v1.1.0	NT=clinical-metadata;VV=v1.0.0	manual curation	muscle
muscle_mito_MD3_10ug_II_3_012111	homo sapiens	muscle	not applicable	type 2 diabetes mellitus	1	muscle_mito_MD3_10ug_II_3_012111	proteomic profiling by mass spectrometry	NT=Data-dependent acquisition;AC=PRIDE:0000627	NT=label free sample;AC=MS:1002038	NT=ltq ft;AC=MS:1000448	NT=Carbamidomethyl;AC=UNIMOD:4;TA=C;MT=Fixed	NT=Phospho;AC=UNIMOD:21;TA=S,T,Y;MT=Variable	NT=Oxidation;AC=UNIMOD:35;TA=M;MT=Variable	NT=Trypsin;AC=MS:1001251	NT=collision-induced dissociation;AC=MS:1000133	10 ppm	sds page	dithiothreitol (dtt)	iodoacetamide (iaa)	1	1	muscle_mito_MD3_10ug_II_3_012111.RAW	ftp://ftp.pride.ebi.ac.uk/pride/data/archive/2018/10/PXD004312/muscle_mito_MD3_10ug_II_3_012111.RAW	v1.1.0	NT=ms-proteomics;VV=v1.1.0	NT=clinical-metadata;VV=v1.0.0	manual curation	muscle
Mito_OG7_4ug_3_090509	homo sapiens	not available	not applicable	type 2 diabetes mellitus	1	Mito_OG7_4ug_3_090509	proteomic profiling by mass spectrometry	NT=Data-dependent acquisition;AC=PRIDE:0000627	NT=label free sample;AC=MS:1002038	NT=ltq ft;AC=MS:1000448	NT=Carbamidomethyl;AC=UNIMOD:4;TA=C;MT=Fixed	NT=Phospho;AC=UNIMOD:21;TA=S,T,Y;MT=Variable	NT=Oxidation;AC=UNIMOD:35;TA=M;MT=Variable	NT=Trypsin;AC=MS:1001251	NT=collision-induced dissociation;AC=MS:1000133	10 ppm	sds page	dithiothreitol (dtt)	iodoacetamide (iaa)	1	1	Mito_OG7_4ug_3_090509.RAW	ftp://ftp.pride.ebi.ac.uk/pride/data/archive/2018/10/PXD004312/Mito_OG7_4ug_3_090509.RAW	v1.1.0	NT=ms-proteomics;VV=v1.1.0	NT=clinical-metadata;VV=v1.0.0	manual curation	not available
Mito_OG0_4ug_4_091109	homo sapiens	not available	not applicable	type 2 diabetes mellitus	1	Mito_OG0_4ug_4_091109	proteomic profiling by mass spectrometry	NT=Data-dependent acquisition;AC=PRIDE:0000627	NT=label free sample;AC=MS:1002038	NT=ltq ft;AC=MS:1000448	NT=Carbamidomethyl;AC=UNIMOD:4;TA=C;MT=Fixed	NT=Phospho;AC=UNIMOD:21;TA=S,T,Y;MT=Variable	NT=Oxidation;AC=UNIMOD:35;TA=M;MT=Variable	NT=Trypsin;AC=MS:1001251	NT=collision-induced dissociation;AC=MS:1000133	10 ppm	sds page	dithiothreitol (dtt)	iodoacetamide (iaa)	1	1	Mito_OG0_4ug_4_091109.RAW	ftp://ftp.pride.ebi.ac.uk/pride/data/archive/2018/10/PXD004312/Mito_OG0_4ug_4_091109.RAW	v1.1.0	NT=ms-proteomics;VV=v1.1.0	NT=clinical-metadata;VV=v1.0.0	manual curation	not available
muscle_mito_MC1_10ug_I_1_011811	homo sapiens	muscle	not applicable	type 2 diabetes mellitus	1	muscle_mito_MC1_10ug_I_1_011811	proteomic profiling by mass spectrometry	NT=Data-dependent acquisition;AC=PRIDE:0000627	NT=label free sample;AC=MS:1002038	NT=ltq ft;AC=MS:1000448	NT=Carbamidomethyl;AC=UNIMOD:4;TA=C;MT=Fixed	NT=Phospho;AC=UNIMOD:21;TA=S,T,Y;MT=Variable	NT=Oxidation;AC=UNIMOD:35;TA=M;MT=Variable	NT=Trypsin;AC=MS:1001251	NT=collision-induced dissociation;AC=MS:1000133	10 ppm	sds page	dithiothreitol (dtt)	iodoacetamide (iaa)	1	1	muscle_mito_MC1_10ug_I_1_011811.RAW	ftp://ftp.pride.ebi.ac.uk/pride/data/archive/2018/10/PXD004312/muscle_mito_MC1_10ug_I_1_011811.RAW	v1.1.0	NT=ms-proteomics;VV=v1.1.0	NT=clinical-metadata;VV=v1.0.0	manual curation	muscle
muscle_mito_MC5_10ug_II_3_012211	homo sapiens	muscle	not applicable	type 2 diabetes mellitus	1	muscle_mito_MC5_10ug_II_3_012211	proteomic profiling by mass spectrometry	NT=Data-dependent acquisition;AC=PRIDE:0000627	NT=label free sample;AC=MS:1002038	NT=ltq ft;AC=MS:1000448	NT=Carbamidomethyl;AC=UNIMOD:4;TA=C;MT=Fixed	NT=Phospho;AC=UNIMOD:21;TA=S,T,Y;MT=Variable	NT=Oxidation;AC=UNIMOD:35;TA=M;MT=Variable	NT=Trypsin;AC=MS:1001251	NT=collision-induced dissociation;AC=MS:1000133	10 ppm	sds page	dithiothreitol (dtt)	iodoacetamide (iaa)	1	1	muscle_mito_MC5_10ug_II_3_012211.RAW	ftp://ftp.pride.ebi.ac.uk/pride/data/archive/2018/10/PXD004312/muscle_mito_MC5_10ug_II_3_012211.RAW	v1.1.0	NT=ms-proteomics;VV=v1.1.0	NT=clinical-metadata;VV=v1.0.0	manual curation	muscle
muscle_mito_FC2_10ug_II_7_012711	homo sapiens	muscle	not applicable	type 2 diabetes mellitus	1	muscle_mito_FC2_10ug_II_7_012711	proteomic profiling by mass spectrometry	NT=Data-dependent acquisition;AC=PRIDE:0000627	NT=label free sample;AC=MS:1002038	NT=ltq ft;AC=MS:1000448	NT=Carbamidomethyl;AC=UNIMOD:4;TA=C;MT=Fixed	NT=Phospho;AC=UNIMOD:21;TA=S,T,Y;MT=Variable	NT=Oxidation;AC=UNIMOD:35;TA=M;MT=Variable	NT=Trypsin;AC=MS:1001251	NT=collision-induced dissociation;AC=MS:1000133	10 ppm	sds page	dithiothreitol (dtt)	iodoacetamide (iaa)	1	1	muscle_mito_FC2_10ug_II_7_012711.RAW	ftp://ftp.pride.ebi.ac.uk/pride/data/archive/2018/10/PXD004312/muscle_mito_FC2_10ug_II_7_012711.RAW	v1.1.0	NT=ms-proteomics;VV=v1.1.0	NT=clinical-metadata;VV=v1.0.0	manual curation	muscle
Mito_OG21_4ug_6_090909	homo sapiens	not available	not applicable	type 2 diabetes mellitus	1	Mito_OG21_4ug_6_090909	proteomic profiling by mass spectrometry	NT=Data-dependent acquisition;AC=PRIDE:0000627	NT=label free sample;AC=MS:1002038	NT=ltq ft;AC=MS:1000448	NT=Carbamidomethyl;AC=UNIMOD:4;TA=C;MT=Fixed	NT=Phospho;AC=UNIMOD:21;TA=S,T,Y;MT=Variable	NT=Oxidation;AC=UNIMOD:35;TA=M;MT=Variable	NT=Trypsin;AC=MS:1001251	NT=collision-induced dissociation;AC=MS:1000133	10 ppm	sds page	dithiothreitol (dtt)	iodoacetamide (iaa)	1	1	Mito_OG21_4ug_6_090909.RAW	ftp://ftp.pride.ebi.ac.uk/pride/data/archive/2018/10/PXD004312/Mito_OG21_4ug_6_090909.RAW	v1.1.0	NT=ms-proteomics;VV=v1.1.0	NT=clinical-metadata;VV=v1.0.0	manual curation	not available
Mito_OG14_4ug_6_090709	homo sapiens	not available	not applicable	type 2 diabetes mellitus	1	Mito_OG14_4ug_6_090709	proteomic profiling by mass spectrometry	NT=Data-dependent acquisition;AC=PRIDE:0000627	NT=label free sample;AC=MS:1002038	NT=ltq ft;AC=MS:1000448	NT=Carbamidomethyl;AC=UNIMOD:4;TA=C;MT=Fixed	NT=Phospho;AC=UNIMOD:21;TA=S,T,Y;MT=Variable	NT=Oxidation;AC=UNIMOD:35;TA=M;MT=Variable	NT=Trypsin;AC=MS:1001251	NT=collision-induced dissociation;AC=MS:1000133	10 ppm	sds page	dithiothreitol (dtt)	iodoacetamide (iaa)	1	1	Mito_OG14_4ug_6_090709.RAW	ftp://ftp.pride.ebi.ac.uk/pride/data/archive/2018/10/PXD004312/Mito_OG14_4ug_6_090709.RAW	v1.1.0	NT=ms-proteomics;VV=v1.1.0	NT=clinical-metadata;VV=v1.0.0	manual curation	not available
muscle_mito_MC1_10ug_II_2_011811	homo sapiens	muscle	not applicable	type 2 diabetes mellitus	1	muscle_mito_MC1_10ug_II_2_011811	proteomic profiling by mass spectrometry	NT=Data-dependent acquisition;AC=PRIDE:0000627	NT=label free sample;AC=MS:1002038	NT=ltq ft;AC=MS:1000448	NT=Carbamidomethyl;AC=UNIMOD:4;TA=C;MT=Fixed	NT=Phospho;AC=UNIMOD:21;TA=S,T,Y;MT=Variable	NT=Oxidation;AC=UNIMOD:35;TA=M;MT=Variable	NT=Trypsin;AC=MS:1001251	NT=collision-induced dissociation;AC=MS:1000133	10 ppm	sds page	dithiothreitol (dtt)	iodoacetamide (iaa)	1	1	muscle_mito_MC1_10ug_II_2_011811.RAW	ftp://ftp.pride.ebi.ac.uk/pride/data/archive/2018/10/PXD004312/muscle_mito_MC1_10ug_II_2_011811.RAW	v1.1.0	NT=ms-proteomics;VV=v1.1.0	NT=clinical-metadata;VV=v1.0.0	manual curation	muscle
muscle_mito_MD2_10ug_III_3_012111	homo sapiens	muscle	not applicable	type 2 diabetes mellitus	1	muscle_mito_MD2_10ug_III_3_012111	proteomic profiling by mass spectrometry	NT=Data-dependent acquisition;AC=PRIDE:0000627	NT=label free sample;AC=MS:1002038	NT=ltq ft;AC=MS:1000448	NT=Carbamidomethyl;AC=UNIMOD:4;TA=C;MT=Fixed	NT=Phospho;AC=UNIMOD:21;TA=S,T,Y;MT=Variable	NT=Oxidation;AC=UNIMOD:35;TA=M;MT=Variable	NT=Trypsin;AC=MS:1001251	NT=collision-induced dissociation;AC=MS:1000133	10 ppm	sds page	dithiothreitol (dtt)	iodoacetamide (iaa)	1	1	muscle_mito_MD2_10ug_III_3_012111.RAW	ftp://ftp.pride.ebi.ac.uk/pride/data/archive/2018/10/PXD004312/muscle_mito_MD2_10ug_III_3_012111.RAW	v1.1.0	NT=ms-proteomics;VV=v1.1.0	NT=clinical-metadata;VV=v1.0.0	manual curation	muscle
Mito_OG0_4ug_5_091109	homo sapiens	not available	not applicable	type 2 diabetes mellitus	1	Mito_OG0_4ug_5_091109	proteomic profiling by mass spectrometry	NT=Data-dependent acquisition;AC=PRIDE:0000627	NT=label free sample;AC=MS:1002038	NT=ltq ft;AC=MS:1000448	NT=Carbamidomethyl;AC=UNIMOD:4;TA=C;MT=Fixed	NT=Phospho;AC=UNIMOD:21;TA=S,T,Y;MT=Variable	NT=Oxidation;AC=UNIMOD:35;TA=M;MT=Variable	NT=Trypsin;AC=MS:1001251	NT=collision-induced dissociation;AC=MS:1000133	10 ppm	sds page	dithiothreitol (dtt)	iodoacetamide (iaa)	1	1	Mito_OG0_4ug_5_091109.RAW	ftp://ftp.pride.ebi.ac.uk/pride/data/archive/2018/10/PXD004312/Mito_OG0_4ug_5_091109.RAW	v1.1.0	NT=ms-proteomics;VV=v1.1.0	NT=clinical-metadata;VV=v1.0.0	manual curation	not available
muscle_mito_FD1_10ug_I_1_013011	homo sapiens	muscle	not applicable	type 2 diabetes mellitus	1	muscle_mito_FD1_10ug_I_1_013011	proteomic profiling by mass spectrometry	NT=Data-dependent acquisition;AC=PRIDE:0000627	NT=label free sample;AC=MS:1002038	NT=ltq ft;AC=MS:1000448	NT=Carbamidomethyl;AC=UNIMOD:4;TA=C;MT=Fixed	NT=Phospho;AC=UNIMOD:21;TA=S,T,Y;MT=Variable	NT=Oxidation;AC=UNIMOD:35;TA=M;MT=Variable	NT=Trypsin;AC=MS:1001251	NT=collision-induced dissociation;AC=MS:1000133	10 ppm	sds page	dithiothreitol (dtt)	iodoacetamide (iaa)	1	1	muscle_mito_FD1_10ug_I_1_013011.RAW	ftp://ftp.pride.ebi.ac.uk/pride/data/archive/2018/10/PXD004312/muscle_mito_FD1_10ug_I_1_013011.RAW	v1.1.0	NT=ms-proteomics;VV=v1.1.0	NT=clinical-metadata;VV=v1.0.0	manual curation	muscle
muscle_mito_MC3_10ug_II_5_012011	homo sapiens	muscle	not applicable	type 2 diabetes mellitus	1	muscle_mito_MC3_10ug_II_5_012011	proteomic profiling by mass spectrometry	NT=Data-dependent acquisition;AC=PRIDE:0000627	NT=label free sample;AC=MS:1002038	NT=ltq ft;AC=MS:1000448	NT=Carbamidomethyl;AC=UNIMOD:4;TA=C;MT=Fixed	NT=Phospho;AC=UNIMOD:21;TA=S,T,Y;MT=Variable	NT=Oxidation;AC=UNIMOD:35;TA=M;MT=Variable	NT=Trypsin;AC=MS:1001251	NT=collision-induced dissociation;AC=MS:1000133	10 ppm	sds page	dithiothreitol (dtt)	iodoacetamide (iaa)	1	1	muscle_mito_MC3_10ug_II_5_012011.RAW	ftp://ftp.pride.ebi.ac.uk/pride/data/archive/2018/10/PXD004312/muscle_mito_MC3_10ug_II_5_012011.RAW	v1.1.0	NT=ms-proteomics;VV=v1.1.0	NT=clinical-metadata;VV=v1.0.0	manual curation	muscle
Mito_OG11_4ug_2_090709	homo sapiens	not available	not applicable	type 2 diabetes mellitus	1	Mito_OG11_4ug_2_090709	proteomic profiling by mass spectrometry	NT=Data-dependent acquisition;AC=PRIDE:0000627	NT=label free sample;AC=MS:1002038	NT=ltq ft;AC=MS:1000448	NT=Carbamidomethyl;AC=UNIMOD:4;TA=C;MT=Fixed	NT=Phospho;AC=UNIMOD:21;TA=S,T,Y;MT=Variable	NT=Oxidation;AC=UNIMOD:35;TA=M;MT=Variable	NT=Trypsin;AC=MS:1001251	NT=collision-induced dissociation;AC=MS:1000133	10 ppm	sds page	dithiothreitol (dtt)	iodoacetamide (iaa)	1	1	Mito_OG11_4ug_2_090709.RAW	ftp://ftp.pride.ebi.ac.uk/pride/data/archive/2018/10/PXD004312/Mito_OG11_4ug_2_090709.RAW	v1.1.0	NT=ms-proteomics;VV=v1.1.0	NT=clinical-metadata;VV=v1.0.0	manual curation	not available
muscle_mito_FC6_10ug_I_1_012911	homo sapiens	muscle	not applicable	type 2 diabetes mellitus	1	muscle_mito_FC6_10ug_I_1_012911	proteomic profiling by mass spectrometry	NT=Data-dependent acquisition;AC=PRIDE:0000627	NT=label free sample;AC=MS:1002038	NT=ltq ft;AC=MS:1000448	NT=Carbamidomethyl;AC=UNIMOD:4;TA=C;MT=Fixed	NT=Phospho;AC=UNIMOD:21;TA=S,T,Y;MT=Variable	NT=Oxidation;AC=UNIMOD:35;TA=M;MT=Variable	NT=Trypsin;AC=MS:1001251	NT=collision-induced dissociation;AC=MS:1000133	10 ppm	sds page	dithiothreitol (dtt)	iodoacetamide (iaa)	1	1	muscle_mito_FC6_10ug_I_1_012911.RAW	ftp://ftp.pride.ebi.ac.uk/pride/data/archive/2018/10/PXD004312/muscle_mito_FC6_10ug_I_1_012911.RAW	v1.1.0	NT=ms-proteomics;VV=v1.1.0	NT=clinical-metadata;VV=v1.0.0	manual curation	muscle
muscle_mito_FD6_10ug_IV_3_020111	homo sapiens	muscle	not applicable	type 2 diabetes mellitus	1	muscle_mito_FD6_10ug_IV_3_020111	proteomic profiling by mass spectrometry	NT=Data-dependent acquisition;AC=PRIDE:0000627	NT=label free sample;AC=MS:1002038	NT=ltq ft;AC=MS:1000448	NT=Carbamidomethyl;AC=UNIMOD:4;TA=C;MT=Fixed	NT=Phospho;AC=UNIMOD:21;TA=S,T,Y;MT=Variable	NT=Oxidation;AC=UNIMOD:35;TA=M;MT=Variable	NT=Trypsin;AC=MS:1001251	NT=collision-induced dissociation;AC=MS:1000133	10 ppm	sds page	dithiothreitol (dtt)	iodoacetamide (iaa)	1	1	muscle_mito_FD6_10ug_IV_3_020111.RAW	ftp://ftp.pride.ebi.ac.uk/pride/data/archive/2018/10/PXD004312/muscle_mito_FD6_10ug_IV_3_020111.RAW	v1.1.0	NT=ms-proteomics;VV=v1.1.0	NT=clinical-metadata;VV=v1.0.0	manual curation	muscle
muscle_mito_MD3_10ug_III_5_012211	homo sapiens	muscle	not applicable	type 2 diabetes mellitus	1	muscle_mito_MD3_10ug_III_5_012211	proteomic profiling by mass spectrometry	NT=Data-dependent acquisition;AC=PRIDE:0000627	NT=label free sample;AC=MS:1002038	NT=ltq ft;AC=MS:1000448	NT=Carbamidomethyl;AC=UNIMOD:4;TA=C;MT=Fixed	NT=Phospho;AC=UNIMOD:21;TA=S,T,Y;MT=Variable	NT=Oxidation;AC=UNIMOD:35;TA=M;MT=Variable	NT=Trypsin;AC=MS:1001251	NT=collision-induced dissociation;AC=MS:1000133	10 ppm	sds page	dithiothreitol (dtt)	iodoacetamide (iaa)	1	1	muscle_mito_MD3_10ug_III_5_012211.RAW	ftp://ftp.pride.ebi.ac.uk/pride/data/archive/2018/10/PXD004312/muscle_mito_MD3_10ug_III_5_012211.RAW	v1.1.0	NT=ms-proteomics;VV=v1.1.0	NT=clinical-metadata;VV=v1.0.0	manual curation	muscle
muscle_mito_MC2_10ug_I_3_011911	homo sapiens	muscle	not applicable	type 2 diabetes mellitus	1	muscle_mito_MC2_10ug_I_3_011911	proteomic profiling by mass spectrometry	NT=Data-dependent acquisition;AC=PRIDE:0000627	NT=label free sample;AC=MS:1002038	NT=ltq ft;AC=MS:1000448	NT=Carbamidomethyl;AC=UNIMOD:4;TA=C;MT=Fixed	NT=Phospho;AC=UNIMOD:21;TA=S,T,Y;MT=Variable	NT=Oxidation;AC=UNIMOD:35;TA=M;MT=Variable	NT=Trypsin;AC=MS:1001251	NT=collision-induced dissociation;AC=MS:1000133	10 ppm	sds page	dithiothreitol (dtt)	iodoacetamide (iaa)	1	1	muscle_mito_MC2_10ug_I_3_011911.RAW	ftp://ftp.pride.ebi.ac.uk/pride/data/archive/2018/10/PXD004312/muscle_mito_MC2_10ug_I_3_011911.RAW	v1.1.0	NT=ms-proteomics;VV=v1.1.0	NT=clinical-metadata;VV=v1.0.0	manual curation	muscle
Mito_OG11_4ug_4_090709	homo sapiens	not available	not applicable	type 2 diabetes mellitus	1	Mito_OG11_4ug_4_090709	proteomic profiling by mass spectrometry	NT=Data-dependent acquisition;AC=PRIDE:0000627	NT=label free sample;AC=MS:1002038	NT=ltq ft;AC=MS:1000448	NT=Carbamidomethyl;AC=UNIMOD:4;TA=C;MT=Fixed	NT=Phospho;AC=UNIMOD:21;TA=S,T,Y;MT=Variable	NT=Oxidation;AC=UNIMOD:35;TA=M;MT=Variable	NT=Trypsin;AC=MS:1001251	NT=collision-induced dissociation;AC=MS:1000133	10 ppm	sds page	dithiothreitol (dtt)	iodoacetamide (iaa)	1	1	Mito_OG11_4ug_4_090709.RAW	ftp://ftp.pride.ebi.ac.uk/pride/data/archive/2018/10/PXD004312/Mito_OG11_4ug_4_090709.RAW	v1.1.0	NT=ms-proteomics;VV=v1.1.0	NT=clinical-metadata;VV=v1.0.0	manual curation	not available
Mito_OG11_4ug_5_090709	homo sapiens	not available	not applicable	type 2 diabetes mellitus	1	Mito_OG11_4ug_5_090709	proteomic profiling by mass spectrometry	NT=Data-dependent acquisition;AC=PRIDE:0000627	NT=label free sample;AC=MS:1002038	NT=ltq ft;AC=MS:1000448	NT=Carbamidomethyl;AC=UNIMOD:4;TA=C;MT=Fixed	NT=Phospho;AC=UNIMOD:21;TA=S,T,Y;MT=Variable	NT=Oxidation;AC=UNIMOD:35;TA=M;MT=Variable	NT=Trypsin;AC=MS:1001251	NT=collision-induced dissociation;AC=MS:1000133	10 ppm	sds page	dithiothreitol (dtt)	iodoacetamide (iaa)	1	1	Mito_OG11_4ug_5_090709.RAW	ftp://ftp.pride.ebi.ac.uk/pride/data/archive/2018/10/PXD004312/Mito_OG11_4ug_5_090709.RAW	v1.1.0	NT=ms-proteomics;VV=v1.1.0	NT=clinical-metadata;VV=v1.0.0	manual curation	not available
muscle_mito_FD4_10ug_III_6_020111	homo sapiens	muscle	not applicable	type 2 diabetes mellitus	1	muscle_mito_FD4_10ug_III_6_020111	proteomic profiling by mass spectrometry	NT=Data-dependent acquisition;AC=PRIDE:0000627	NT=label free sample;AC=MS:1002038	NT=ltq ft;AC=MS:1000448	NT=Carbamidomethyl;AC=UNIMOD:4;TA=C;MT=Fixed	NT=Phospho;AC=UNIMOD:21;TA=S,T,Y;MT=Variable	NT=Oxidation;AC=UNIMOD:35;TA=M;MT=Variable	NT=Trypsin;AC=MS:1001251	NT=collision-induced dissociation;AC=MS:1000133	10 ppm	sds page	dithiothreitol (dtt)	iodoacetamide (iaa)	1	1	muscle_mito_FD4_10ug_III_6_020111.RAW	ftp://ftp.pride.ebi.ac.uk/pride/data/archive/2018/10/PXD004312/muscle_mito_FD4_10ug_III_6_020111.RAW	v1.1.0	NT=ms-proteomics;VV=v1.1.0	NT=clinical-metadata;VV=v1.0.0	manual curation	muscle
Mito_OG20_4ug_4_090909	homo sapiens	not available	not applicable	type 2 diabetes mellitus	1	Mito_OG20_4ug_4_090909	proteomic profiling by mass spectrometry	NT=Data-dependent acquisition;AC=PRIDE:0000627	NT=label free sample;AC=MS:1002038	NT=ltq ft;AC=MS:1000448	NT=Carbamidomethyl;AC=UNIMOD:4;TA=C;MT=Fixed	NT=Phospho;AC=UNIMOD:21;TA=S,T,Y;MT=Variable	NT=Oxidation;AC=UNIMOD:35;TA=M;MT=Variable	NT=Trypsin;AC=MS:1001251	NT=collision-induced dissociation;AC=MS:1000133	10 ppm	sds page	dithiothreitol (dtt)	iodoacetamide (iaa)	1	1	Mito_OG20_4ug_4_090909.RAW	ftp://ftp.pride.ebi.ac.uk/pride/data/archive/2018/10/PXD004312/Mito_OG20_4ug_4_090909.RAW	v1.1.0	NT=ms-proteomics;VV=v1.1.0	NT=clinical-metadata;VV=v1.0.0	manual curation	not available
muscle_mito_MC3_10ug_III_1_012011	homo sapiens	muscle	not applicable	type 2 diabetes mellitus	1	muscle_mito_MC3_10ug_III_1_012011	proteomic profiling by mass spectrometry	NT=Data-dependent acquisition;AC=PRIDE:0000627	NT=label free sample;AC=MS:1002038	NT=ltq ft;AC=MS:1000448	NT=Carbamidomethyl;AC=UNIMOD:4;TA=C;MT=Fixed	NT=Phospho;AC=UNIMOD:21;TA=S,T,Y;MT=Variable	NT=Oxidation;AC=UNIMOD:35;TA=M;MT=Variable	NT=Trypsin;AC=MS:1001251	NT=collision-induced dissociation;AC=MS:1000133	10 ppm	sds page	dithiothreitol (dtt)	iodoacetamide (iaa)	1	1	muscle_mito_MC3_10ug_III_1_012011.RAW	ftp://ftp.pride.ebi.ac.uk/pride/data/archive/2018/10/PXD004312/muscle_mito_MC3_10ug_III_1_012011.RAW	v1.1.0	NT=ms-proteomics;VV=v1.1.0	NT=clinical-metadata;VV=v1.0.0	manual curation	muscle
Mito_OG15_4ug_5_090809	homo sapiens	not available	not applicable	type 2 diabetes mellitus	1	Mito_OG15_4ug_5_090809	proteomic profiling by mass spectrometry	NT=Data-dependent acquisition;AC=PRIDE:0000627	NT=label free sample;AC=MS:1002038	NT=ltq ft;AC=MS:1000448	NT=Carbamidomethyl;AC=UNIMOD:4;TA=C;MT=Fixed	NT=Phospho;AC=UNIMOD:21;TA=S,T,Y;MT=Variable	NT=Oxidation;AC=UNIMOD:35;TA=M;MT=Variable	NT=Trypsin;AC=MS:1001251	NT=collision-induced dissociation;AC=MS:1000133	10 ppm	sds page	dithiothreitol (dtt)	iodoacetamide (iaa)	1	1	Mito_OG15_4ug_5_090809.RAW	ftp://ftp.pride.ebi.ac.uk/pride/data/archive/2018/10/PXD004312/Mito_OG15_4ug_5_090809.RAW	v1.1.0	NT=ms-proteomics;VV=v1.1.0	NT=clinical-metadata;VV=v1.0.0	manual curation	not available
Mito_OG9_4ug_6_090609	homo sapiens	not available	not applicable	type 2 diabetes mellitus	1	Mito_OG9_4ug_6_090609	proteomic profiling by mass spectrometry	NT=Data-dependent acquisition;AC=PRIDE:0000627	NT=label free sample;AC=MS:1002038	NT=ltq ft;AC=MS:1000448	NT=Carbamidomethyl;AC=UNIMOD:4;TA=C;MT=Fixed	NT=Phospho;AC=UNIMOD:21;TA=S,T,Y;MT=Variable	NT=Oxidation;AC=UNIMOD:35;TA=M;MT=Variable	NT=Trypsin;AC=MS:1001251	NT=collision-induced dissociation;AC=MS:1000133	10 ppm	sds page	dithiothreitol (dtt)	iodoacetamide (iaa)	1	1	Mito_OG9_4ug_6_090609.RAW	ftp://ftp.pride.ebi.ac.uk/pride/data/archive/2018/10/PXD004312/Mito_OG9_4ug_6_090609.RAW	v1.1.0	NT=ms-proteomics;VV=v1.1.0	NT=clinical-metadata;VV=v1.0.0	manual curation	not available
Mito_OG18_4ug_7_090909	homo sapiens	not available	not applicable	type 2 diabetes mellitus	1	Mito_OG18_4ug_7_090909	proteomic profiling by mass spectrometry	NT=Data-dependent acquisition;AC=PRIDE:0000627	NT=label free sample;AC=MS:1002038	NT=ltq ft;AC=MS:1000448	NT=Carbamidomethyl;AC=UNIMOD:4;TA=C;MT=Fixed	NT=Phospho;AC=UNIMOD:21;TA=S,T,Y;MT=Variable	NT=Oxidation;AC=UNIMOD:35;TA=M;MT=Variable	NT=Trypsin;AC=MS:1001251	NT=collision-induced dissociation;AC=MS:1000133	10 ppm	sds page	dithiothreitol (dtt)	iodoacetamide (iaa)	1	1	Mito_OG18_4ug_7_090909.RAW	ftp://ftp.pride.ebi.ac.uk/pride/data/archive/2018/10/PXD004312/Mito_OG18_4ug_7_090909.RAW	v1.1.0	NT=ms-proteomics;VV=v1.1.0	NT=clinical-metadata;VV=v1.0.0	manual curation	not available
muscle_mito_FD4_10ug_III_4_020111	homo sapiens	muscle	not applicable	type 2 diabetes mellitus	1	muscle_mito_FD4_10ug_III_4_020111	proteomic profiling by mass spectrometry	NT=Data-dependent acquisition;AC=PRIDE:0000627	NT=label free sample;AC=MS:1002038	NT=ltq ft;AC=MS:1000448	NT=Carbamidomethyl;AC=UNIMOD:4;TA=C;MT=Fixed	NT=Phospho;AC=UNIMOD:21;TA=S,T,Y;MT=Variable	NT=Oxidation;AC=UNIMOD:35;TA=M;MT=Variable	NT=Trypsin;AC=MS:1001251	NT=collision-induced dissociation;AC=MS:1000133	10 ppm	sds page	dithiothreitol (dtt)	iodoacetamide (iaa)	1	1	muscle_mito_FD4_10ug_III_4_020111.RAW	ftp://ftp.pride.ebi.ac.uk/pride/data/archive/2018/10/PXD004312/muscle_mito_FD4_10ug_III_4_020111.RAW	v1.1.0	NT=ms-proteomics;VV=v1.1.0	NT=clinical-metadata;VV=v1.0.0	manual curation	muscle
Mito_OG10_4ug_6_090609	homo sapiens	not available	not applicable	type 2 diabetes mellitus	1	Mito_OG10_4ug_6_090609	proteomic profiling by mass spectrometry	NT=Data-dependent acquisition;AC=PRIDE:0000627	NT=label free sample;AC=MS:1002038	NT=ltq ft;AC=MS:1000448	NT=Carbamidomethyl;AC=UNIMOD:4;TA=C;MT=Fixed	NT=Phospho;AC=UNIMOD:21;TA=S,T,Y;MT=Variable	NT=Oxidation;AC=UNIMOD:35;TA=M;MT=Variable	NT=Trypsin;AC=MS:1001251	NT=collision-induced dissociation;AC=MS:1000133	10 ppm	sds page	dithiothreitol (dtt)	iodoacetamide (iaa)	1	1	Mito_OG10_4ug_6_090609.RAW	ftp://ftp.pride.ebi.ac.uk/pride/data/archive/2018/10/PXD004312/Mito_OG10_4ug_6_090609.RAW	v1.1.0	NT=ms-proteomics;VV=v1.1.0	NT=clinical-metadata;VV=v1.0.0	manual curation	not available
muscle_mito_FC2_10ug_IV_3_012811	homo sapiens	muscle	not applicable	type 2 diabetes mellitus	1	muscle_mito_FC2_10ug_IV_3_012811	proteomic profiling by mass spectrometry	NT=Data-dependent acquisition;AC=PRIDE:0000627	NT=label free sample;AC=MS:1002038	NT=ltq ft;AC=MS:1000448	NT=Carbamidomethyl;AC=UNIMOD:4;TA=C;MT=Fixed	NT=Phospho;AC=UNIMOD:21;TA=S,T,Y;MT=Variable	NT=Oxidation;AC=UNIMOD:35;TA=M;MT=Variable	NT=Trypsin;AC=MS:1001251	NT=collision-induced dissociation;AC=MS:1000133	10 ppm	sds page	dithiothreitol (dtt)	iodoacetamide (iaa)	1	1	muscle_mito_FC2_10ug_IV_3_012811.RAW	ftp://ftp.pride.ebi.ac.uk/pride/data/archive/2018/10/PXD004312/muscle_mito_FC2_10ug_IV_3_012811.RAW	v1.1.0	NT=ms-proteomics;VV=v1.1.0	NT=clinical-metadata;VV=v1.0.0	manual curation	muscle
muscle_mito_FC3_10ug_II_5_012811	homo sapiens	muscle	not applicable	type 2 diabetes mellitus	1	muscle_mito_FC3_10ug_II_5_012811	proteomic profiling by mass spectrometry	NT=Data-dependent acquisition;AC=PRIDE:0000627	NT=label free sample;AC=MS:1002038	NT=ltq ft;AC=MS:1000448	NT=Carbamidomethyl;AC=UNIMOD:4;TA=C;MT=Fixed	NT=Phospho;AC=UNIMOD:21;TA=S,T,Y;MT=Variable	NT=Oxidation;AC=UNIMOD:35;TA=M;MT=Variable	NT=Trypsin;AC=MS:1001251	NT=collision-induced dissociation;AC=MS:1000133	10 ppm	sds page	dithiothreitol (dtt)	iodoacetamide (iaa)	1	1	muscle_mito_FC3_10ug_II_5_012811.RAW	ftp://ftp.pride.ebi.ac.uk/pride/data/archive/2018/10/PXD004312/muscle_mito_FC3_10ug_II_5_012811.RAW	v1.1.0	NT=ms-proteomics;VV=v1.1.0	NT=clinical-metadata;VV=v1.0.0	manual curation	muscle
Mito_OG8_4ug_7_090609	homo sapiens	not available	not applicable	type 2 diabetes mellitus	1	Mito_OG8_4ug_7_090609	proteomic profiling by mass spectrometry	NT=Data-dependent acquisition;AC=PRIDE:0000627	NT=label free sample;AC=MS:1002038	NT=ltq ft;AC=MS:1000448	NT=Carbamidomethyl;AC=UNIMOD:4;TA=C;MT=Fixed	NT=Phospho;AC=UNIMOD:21;TA=S,T,Y;MT=Variable	NT=Oxidation;AC=UNIMOD:35;TA=M;MT=Variable	NT=Trypsin;AC=MS:1001251	NT=collision-induced dissociation;AC=MS:1000133	10 ppm	sds page	dithiothreitol (dtt)	iodoacetamide (iaa)	1	1	Mito_OG8_4ug_7_090609.RAW	ftp://ftp.pride.ebi.ac.uk/pride/data/archive/2018/10/PXD004312/Mito_OG8_4ug_7_090609.RAW	v1.1.0	NT=ms-proteomics;VV=v1.1.0	NT=clinical-metadata;VV=v1.0.0	manual curation	not available
muscle_mito_FC6_10ug_I_4_012911	homo sapiens	muscle	not applicable	type 2 diabetes mellitus	1	muscle_mito_FC6_10ug_I_4_012911	proteomic profiling by mass spectrometry	NT=Data-dependent acquisition;AC=PRIDE:0000627	NT=label free sample;AC=MS:1002038	NT=ltq ft;AC=MS:1000448	NT=Carbamidomethyl;AC=UNIMOD:4;TA=C;MT=Fixed	NT=Phospho;AC=UNIMOD:21;TA=S,T,Y;MT=Variable	NT=Oxidation;AC=UNIMOD:35;TA=M;MT=Variable	NT=Trypsin;AC=MS:1001251	NT=collision-induced dissociation;AC=MS:1000133	10 ppm	sds page	dithiothreitol (dtt)	iodoacetamide (iaa)	1	1	muscle_mito_FC6_10ug_I_4_012911.RAW	ftp://ftp.pride.ebi.ac.uk/pride/data/archive/2018/10/PXD004312/muscle_mito_FC6_10ug_I_4_012911.RAW	v1.1.0	NT=ms-proteomics;VV=v1.1.0	NT=clinical-metadata;VV=v1.0.0	manual curation	muscle
muscle_mito_FC1_10ug_I_2_012311	homo sapiens	muscle	not applicable	type 2 diabetes mellitus	1	muscle_mito_FC1_10ug_I_2_012311	proteomic profiling by mass spectrometry	NT=Data-dependent acquisition;AC=PRIDE:0000627	NT=label free sample;AC=MS:1002038	NT=ltq ft;AC=MS:1000448	NT=Carbamidomethyl;AC=UNIMOD:4;TA=C;MT=Fixed	NT=Phospho;AC=UNIMOD:21;TA=S,T,Y;MT=Variable	NT=Oxidation;AC=UNIMOD:35;TA=M;MT=Variable	NT=Trypsin;AC=MS:1001251	NT=collision-induced dissociation;AC=MS:1000133	10 ppm	sds page	dithiothreitol (dtt)	iodoacetamide (iaa)	1	1	muscle_mito_FC1_10ug_I_2_012311.RAW	ftp://ftp.pride.ebi.ac.uk/pride/data/archive/2018/10/PXD004312/muscle_mito_FC1_10ug_I_2_012311.RAW	v1.1.0	NT=ms-proteomics;VV=v1.1.0	NT=clinical-metadata;VV=v1.0.0	manual curation	muscle
muscle_mito_MC1_10ug_III_1_011811	homo sapiens	muscle	not applicable	type 2 diabetes mellitus	1	muscle_mito_MC1_10ug_III_1_011811	proteomic profiling by mass spectrometry	NT=Data-dependent acquisition;AC=PRIDE:0000627	NT=label free sample;AC=MS:1002038	NT=ltq ft;AC=MS:1000448	NT=Carbamidomethyl;AC=UNIMOD:4;TA=C;MT=Fixed	NT=Phospho;AC=UNIMOD:21;TA=S,T,Y;MT=Variable	NT=Oxidation;AC=UNIMOD:35;TA=M;MT=Variable	NT=Trypsin;AC=MS:1001251	NT=collision-induced dissociation;AC=MS:1000133	10 ppm	sds page	dithiothreitol (dtt)	iodoacetamide (iaa)	1	1	muscle_mito_MC1_10ug_III_1_011811.RAW	ftp://ftp.pride.ebi.ac.uk/pride/data/archive/2018/10/PXD004312/muscle_mito_MC1_10ug_III_1_011811.RAW	v1.1.0	NT=ms-proteomics;VV=v1.1.0	NT=clinical-metadata;VV=v1.0.0	manual curation	muscle
muscle_mito_MD6_10ug_III_7_012311	homo sapiens	muscle	not applicable	type 2 diabetes mellitus	1	muscle_mito_MD6_10ug_III_7_012311	proteomic profiling by mass spectrometry	NT=Data-dependent acquisition;AC=PRIDE:0000627	NT=label free sample;AC=MS:1002038	NT=ltq ft;AC=MS:1000448	NT=Carbamidomethyl;AC=UNIMOD:4;TA=C;MT=Fixed	NT=Phospho;AC=UNIMOD:21;TA=S,T,Y;MT=Variable	NT=Oxidation;AC=UNIMOD:35;TA=M;MT=Variable	NT=Trypsin;AC=MS:1001251	NT=collision-induced dissociation;AC=MS:1000133	10 ppm	sds page	dithiothreitol (dtt)	iodoacetamide (iaa)	1	1	muscle_mito_MD6_10ug_III_7_012311.RAW	ftp://ftp.pride.ebi.ac.uk/pride/data/archive/2018/10/PXD004312/muscle_mito_MD6_10ug_III_7_012311.RAW	v1.1.0	NT=ms-proteomics;VV=v1.1.0	NT=clinical-metadata;VV=v1.0.0	manual curation	muscle
muscle_mito_MC2_10ug_II_7_011911	homo sapiens	muscle	not applicable	type 2 diabetes mellitus	1	muscle_mito_MC2_10ug_II_7_011911	proteomic profiling by mass spectrometry	NT=Data-dependent acquisition;AC=PRIDE:0000627	NT=label free sample;AC=MS:1002038	NT=ltq ft;AC=MS:1000448	NT=Carbamidomethyl;AC=UNIMOD:4;TA=C;MT=Fixed	NT=Phospho;AC=UNIMOD:21;TA=S,T,Y;MT=Variable	NT=Oxidation;AC=UNIMOD:35;TA=M;MT=Variable	NT=Trypsin;AC=MS:1001251	NT=collision-induced dissociation;AC=MS:1000133	10 ppm	sds page	dithiothreitol (dtt)	iodoacetamide (iaa)	1	1	muscle_mito_MC2_10ug_II_7_011911.RAW	ftp://ftp.pride.ebi.ac.uk/pride/data/archive/2018/10/PXD004312/muscle_mito_MC2_10ug_II_7_011911.RAW	v1.1.0	NT=ms-proteomics;VV=v1.1.0	NT=clinical-metadata;VV=v1.0.0	manual curation	muscle
muscle_mito_MD6_10ug_I_7_012311	homo sapiens	muscle	not applicable	type 2 diabetes mellitus	1	muscle_mito_MD6_10ug_I_7_012311	proteomic profiling by mass spectrometry	NT=Data-dependent acquisition;AC=PRIDE:0000627	NT=label free sample;AC=MS:1002038	NT=ltq ft;AC=MS:1000448	NT=Carbamidomethyl;AC=UNIMOD:4;TA=C;MT=Fixed	NT=Phospho;AC=UNIMOD:21;TA=S,T,Y;MT=Variable	NT=Oxidation;AC=UNIMOD:35;TA=M;MT=Variable	NT=Trypsin;AC=MS:1001251	NT=collision-induced dissociation;AC=MS:1000133	10 ppm	sds page	dithiothreitol (dtt)	iodoacetamide (iaa)	1	1	muscle_mito_MD6_10ug_I_7_012311.RAW	ftp://ftp.pride.ebi.ac.uk/pride/data/archive/2018/10/PXD004312/muscle_mito_MD6_10ug_I_7_012311.RAW	v1.1.0	NT=ms-proteomics;VV=v1.1.0	NT=clinical-metadata;VV=v1.0.0	manual curation	muscle
muscle_mito_MD2_10ug_II_7_012111	homo sapiens	muscle	not applicable	type 2 diabetes mellitus	1	muscle_mito_MD2_10ug_II_7_012111	proteomic profiling by mass spectrometry	NT=Data-dependent acquisition;AC=PRIDE:0000627	NT=label free sample;AC=MS:1002038	NT=ltq ft;AC=MS:1000448	NT=Carbamidomethyl;AC=UNIMOD:4;TA=C;MT=Fixed	NT=Phospho;AC=UNIMOD:21;TA=S,T,Y;MT=Variable	NT=Oxidation;AC=UNIMOD:35;TA=M;MT=Variable	NT=Trypsin;AC=MS:1001251	NT=collision-induced dissociation;AC=MS:1000133	10 ppm	sds page	dithiothreitol (dtt)	iodoacetamide (iaa)	1	1	muscle_mito_MD2_10ug_II_7_012111.RAW	ftp://ftp.pride.ebi.ac.uk/pride/data/archive/2018/10/PXD004312/muscle_mito_MD2_10ug_II_7_012111.RAW	v1.1.0	NT=ms-proteomics;VV=v1.1.0	NT=clinical-metadata;VV=v1.0.0	manual curation	muscle
muscle_mito_MC7_10ug_III_5_012211	homo sapiens	muscle	not applicable	type 2 diabetes mellitus	1	muscle_mito_MC7_10ug_III_5_012211	proteomic profiling by mass spectrometry	NT=Data-dependent acquisition;AC=PRIDE:0000627	NT=label free sample;AC=MS:1002038	NT=ltq ft;AC=MS:1000448	NT=Carbamidomethyl;AC=UNIMOD:4;TA=C;MT=Fixed	NT=Phospho;AC=UNIMOD:21;TA=S,T,Y;MT=Variable	NT=Oxidation;AC=UNIMOD:35;TA=M;MT=Variable	NT=Trypsin;AC=MS:1001251	NT=collision-induced dissociation;AC=MS:1000133	10 ppm	sds page	dithiothreitol (dtt)	iodoacetamide (iaa)	1	1	muscle_mito_MC7_10ug_III_5_012211.RAW	ftp://ftp.pride.ebi.ac.uk/pride/data/archive/2018/10/PXD004312/muscle_mito_MC7_10ug_III_5_012211.RAW	v1.1.0	NT=ms-proteomics;VV=v1.1.0	NT=clinical-metadata;VV=v1.0.0	manual curation	muscle
muscle_mito_FD1_10ug_II_7_013011	homo sapiens	muscle	not applicable	type 2 diabetes mellitus	1	muscle_mito_FD1_10ug_II_7_013011	proteomic profiling by mass spectrometry	NT=Data-dependent acquisition;AC=PRIDE:0000627	NT=label free sample;AC=MS:1002038	NT=ltq ft;AC=MS:1000448	NT=Carbamidomethyl;AC=UNIMOD:4;TA=C;MT=Fixed	NT=Phospho;AC=UNIMOD:21;TA=S,T,Y;MT=Variable	NT=Oxidation;AC=UNIMOD:35;TA=M;MT=Variable	NT=Trypsin;AC=MS:1001251	NT=collision-induced dissociation;AC=MS:1000133	10 ppm	sds page	dithiothreitol (dtt)	iodoacetamide (iaa)	1	1	muscle_mito_FD1_10ug_II_7_013011.RAW	ftp://ftp.pride.ebi.ac.uk/pride/data/archive/2018/10/PXD004312/muscle_mito_FD1_10ug_II_7_013011.RAW	v1.1.0	NT=ms-proteomics;VV=v1.1.0	NT=clinical-metadata;VV=v1.0.0	manual curation	muscle
muscle_mito_FC6_10ug_II_6_012911	homo sapiens	muscle	not applicable	type 2 diabetes mellitus	1	muscle_mito_FC6_10ug_II_6_012911	proteomic profiling by mass spectrometry	NT=Data-dependent acquisition;AC=PRIDE:0000627	NT=label free sample;AC=MS:1002038	NT=ltq ft;AC=MS:1000448	NT=Carbamidomethyl;AC=UNIMOD:4;TA=C;MT=Fixed	NT=Phospho;AC=UNIMOD:21;TA=S,T,Y;MT=Variable	NT=Oxidation;AC=UNIMOD:35;TA=M;MT=Variable	NT=Trypsin;AC=MS:1001251	NT=collision-induced dissociation;AC=MS:1000133	10 ppm	sds page	dithiothreitol (dtt)	iodoacetamide (iaa)	1	1	muscle_mito_FC6_10ug_II_6_012911.RAW	ftp://ftp.pride.ebi.ac.uk/pride/data/archive/2018/10/PXD004312/muscle_mito_FC6_10ug_II_6_012911.RAW	v1.1.0	NT=ms-proteomics;VV=v1.1.0	NT=clinical-metadata;VV=v1.0.0	manual curation	muscle
muscle_mito_MC2_10ug_III_1_011911	homo sapiens	muscle	not applicable	type 2 diabetes mellitus	1	muscle_mito_MC2_10ug_III_1_011911	proteomic profiling by mass spectrometry	NT=Data-dependent acquisition;AC=PRIDE:0000627	NT=label free sample;AC=MS:1002038	NT=ltq ft;AC=MS:1000448	NT=Carbamidomethyl;AC=UNIMOD:4;TA=C;MT=Fixed	NT=Phospho;AC=UNIMOD:21;TA=S,T,Y;MT=Variable	NT=Oxidation;AC=UNIMOD:35;TA=M;MT=Variable	NT=Trypsin;AC=MS:1001251	NT=collision-induced dissociation;AC=MS:1000133	10 ppm	sds page	dithiothreitol (dtt)	iodoacetamide (iaa)	1	1	muscle_mito_MC2_10ug_III_1_011911.RAW	ftp://ftp.pride.ebi.ac.uk/pride/data/archive/2018/10/PXD004312/muscle_mito_MC2_10ug_III_1_011911.RAW	v1.1.0	NT=ms-proteomics;VV=v1.1.0	NT=clinical-metadata;VV=v1.0.0	manual curation	muscle
Mito_OG13_4ug_2_090709	homo sapiens	not available	not applicable	type 2 diabetes mellitus	1	Mito_OG13_4ug_2_090709	proteomic profiling by mass spectrometry	NT=Data-dependent acquisition;AC=PRIDE:0000627	NT=label free sample;AC=MS:1002038	NT=ltq ft;AC=MS:1000448	NT=Carbamidomethyl;AC=UNIMOD:4;TA=C;MT=Fixed	NT=Phospho;AC=UNIMOD:21;TA=S,T,Y;MT=Variable	NT=Oxidation;AC=UNIMOD:35;TA=M;MT=Variable	NT=Trypsin;AC=MS:1001251	NT=collision-induced dissociation;AC=MS:1000133	10 ppm	sds page	dithiothreitol (dtt)	iodoacetamide (iaa)	1	1	Mito_OG13_4ug_2_090709.RAW	ftp://ftp.pride.ebi.ac.uk/pride/data/archive/2018/10/PXD004312/Mito_OG13_4ug_2_090709.RAW	v1.1.0	NT=ms-proteomics;VV=v1.1.0	NT=clinical-metadata;VV=v1.0.0	manual curation	not available
muscle_mito_MC3_10ug_III_5_012011	homo sapiens	muscle	not applicable	type 2 diabetes mellitus	1	muscle_mito_MC3_10ug_III_5_012011	proteomic profiling by mass spectrometry	NT=Data-dependent acquisition;AC=PRIDE:0000627	NT=label free sample;AC=MS:1002038	NT=ltq ft;AC=MS:1000448	NT=Carbamidomethyl;AC=UNIMOD:4;TA=C;MT=Fixed	NT=Phospho;AC=UNIMOD:21;TA=S,T,Y;MT=Variable	NT=Oxidation;AC=UNIMOD:35;TA=M;MT=Variable	NT=Trypsin;AC=MS:1001251	NT=collision-induced dissociation;AC=MS:1000133	10 ppm	sds page	dithiothreitol (dtt)	iodoacetamide (iaa)	1	1	muscle_mito_MC3_10ug_III_5_012011.RAW	ftp://ftp.pride.ebi.ac.uk/pride/data/archive/2018/10/PXD004312/muscle_mito_MC3_10ug_III_5_012011.RAW	v1.1.0	NT=ms-proteomics;VV=v1.1.0	NT=clinical-metadata;VV=v1.0.0	manual curation	muscle
Mito_OG10_4ug_1_090609	homo sapiens	not available	not applicable	type 2 diabetes mellitus	1	Mito_OG10_4ug_1_090609	proteomic profiling by mass spectrometry	NT=Data-dependent acquisition;AC=PRIDE:0000627	NT=label free sample;AC=MS:1002038	NT=ltq ft;AC=MS:1000448	NT=Carbamidomethyl;AC=UNIMOD:4;TA=C;MT=Fixed	NT=Phospho;AC=UNIMOD:21;TA=S,T,Y;MT=Variable	NT=Oxidation;AC=UNIMOD:35;TA=M;MT=Variable	NT=Trypsin;AC=MS:1001251	NT=collision-induced dissociation;AC=MS:1000133	10 ppm	sds page	dithiothreitol (dtt)	iodoacetamide (iaa)	1	1	Mito_OG10_4ug_1_090609.RAW	ftp://ftp.pride.ebi.ac.uk/pride/data/archive/2018/10/PXD004312/Mito_OG10_4ug_1_090609.RAW	v1.1.0	NT=ms-proteomics;VV=v1.1.0	NT=clinical-metadata;VV=v1.0.0	manual curation	not available
muscle_mito_FC6_10ug_I_6_012911	homo sapiens	muscle	not applicable	type 2 diabetes mellitus	1	muscle_mito_FC6_10ug_I_6_012911	proteomic profiling by mass spectrometry	NT=Data-dependent acquisition;AC=PRIDE:0000627	NT=label free sample;AC=MS:1002038	NT=ltq ft;AC=MS:1000448	NT=Carbamidomethyl;AC=UNIMOD:4;TA=C;MT=Fixed	NT=Phospho;AC=UNIMOD:21;TA=S,T,Y;MT=Variable	NT=Oxidation;AC=UNIMOD:35;TA=M;MT=Variable	NT=Trypsin;AC=MS:1001251	NT=collision-induced dissociation;AC=MS:1000133	10 ppm	sds page	dithiothreitol (dtt)	iodoacetamide (iaa)	1	1	muscle_mito_FC6_10ug_I_6_012911.RAW	ftp://ftp.pride.ebi.ac.uk/pride/data/archive/2018/10/PXD004312/muscle_mito_FC6_10ug_I_6_012911.RAW	v1.1.0	NT=ms-proteomics;VV=v1.1.0	NT=clinical-metadata;VV=v1.0.0	manual curation	muscle
muscle_mito_MC3_10ug_III_3_012011	homo sapiens	muscle	not applicable	type 2 diabetes mellitus	1	muscle_mito_MC3_10ug_III_3_012011	proteomic profiling by mass spectrometry	NT=Data-dependent acquisition;AC=PRIDE:0000627	NT=label free sample;AC=MS:1002038	NT=ltq ft;AC=MS:1000448	NT=Carbamidomethyl;AC=UNIMOD:4;TA=C;MT=Fixed	NT=Phospho;AC=UNIMOD:21;TA=S,T,Y;MT=Variable	NT=Oxidation;AC=UNIMOD:35;TA=M;MT=Variable	NT=Trypsin;AC=MS:1001251	NT=collision-induced dissociation;AC=MS:1000133	10 ppm	sds page	dithiothreitol (dtt)	iodoacetamide (iaa)	1	1	muscle_mito_MC3_10ug_III_3_012011.RAW	ftp://ftp.pride.ebi.ac.uk/pride/data/archive/2018/10/PXD004312/muscle_mito_MC3_10ug_III_3_012011.RAW	v1.1.0	NT=ms-proteomics;VV=v1.1.0	NT=clinical-metadata;VV=v1.0.0	manual curation	muscle
muscle_mito_FC6_10ug_III_7_012911	homo sapiens	muscle	not applicable	type 2 diabetes mellitus	1	muscle_mito_FC6_10ug_III_7_012911	proteomic profiling by mass spectrometry	NT=Data-dependent acquisition;AC=PRIDE:0000627	NT=label free sample;AC=MS:1002038	NT=ltq ft;AC=MS:1000448	NT=Carbamidomethyl;AC=UNIMOD:4;TA=C;MT=Fixed	NT=Phospho;AC=UNIMOD:21;TA=S,T,Y;MT=Variable	NT=Oxidation;AC=UNIMOD:35;TA=M;MT=Variable	NT=Trypsin;AC=MS:1001251	NT=collision-induced dissociation;AC=MS:1000133	10 ppm	sds page	dithiothreitol (dtt)	iodoacetamide (iaa)	1	1	muscle_mito_FC6_10ug_III_7_012911.RAW	ftp://ftp.pride.ebi.ac.uk/pride/data/archive/2018/10/PXD004312/muscle_mito_FC6_10ug_III_7_012911.RAW	v1.1.0	NT=ms-proteomics;VV=v1.1.0	NT=clinical-metadata;VV=v1.0.0	manual curation	muscle
muscle_mito_FD4_10ug_II_2_020111	homo sapiens	muscle	not applicable	type 2 diabetes mellitus	1	muscle_mito_FD4_10ug_II_2_020111	proteomic profiling by mass spectrometry	NT=Data-dependent acquisition;AC=PRIDE:0000627	NT=label free sample;AC=MS:1002038	NT=ltq ft;AC=MS:1000448	NT=Carbamidomethyl;AC=UNIMOD:4;TA=C;MT=Fixed	NT=Phospho;AC=UNIMOD:21;TA=S,T,Y;MT=Variable	NT=Oxidation;AC=UNIMOD:35;TA=M;MT=Variable	NT=Trypsin;AC=MS:1001251	NT=collision-induced dissociation;AC=MS:1000133	10 ppm	sds page	dithiothreitol (dtt)	iodoacetamide (iaa)	1	1	muscle_mito_FD4_10ug_II_2_020111.RAW	ftp://ftp.pride.ebi.ac.uk/pride/data/archive/2018/10/PXD004312/muscle_mito_FD4_10ug_II_2_020111.RAW	v1.1.0	NT=ms-proteomics;VV=v1.1.0	NT=clinical-metadata;VV=v1.0.0	manual curation	muscle
muscle_mito_MD6_10ug_IV_7_012211	homo sapiens	muscle	not applicable	type 2 diabetes mellitus	1	muscle_mito_MD6_10ug_IV_7_012211	proteomic profiling by mass spectrometry	NT=Data-dependent acquisition;AC=PRIDE:0000627	NT=label free sample;AC=MS:1002038	NT=ltq ft;AC=MS:1000448	NT=Carbamidomethyl;AC=UNIMOD:4;TA=C;MT=Fixed	NT=Phospho;AC=UNIMOD:21;TA=S,T,Y;MT=Variable	NT=Oxidation;AC=UNIMOD:35;TA=M;MT=Variable	NT=Trypsin;AC=MS:1001251	NT=collision-induced dissociation;AC=MS:1000133	10 ppm	sds page	dithiothreitol (dtt)	iodoacetamide (iaa)	1	1	muscle_mito_MD6_10ug_IV_7_012211.RAW	ftp://ftp.pride.ebi.ac.uk/pride/data/archive/2018/10/PXD004312/muscle_mito_MD6_10ug_IV_7_012211.RAW	v1.1.0	NT=ms-proteomics;VV=v1.1.0	NT=clinical-metadata;VV=v1.0.0	manual curation	muscle
Mito_OG17_4ug_6_090809	homo sapiens	not available	not applicable	type 2 diabetes mellitus	1	Mito_OG17_4ug_6_090809	proteomic profiling by mass spectrometry	NT=Data-dependent acquisition;AC=PRIDE:0000627	NT=label free sample;AC=MS:1002038	NT=ltq ft;AC=MS:1000448	NT=Carbamidomethyl;AC=UNIMOD:4;TA=C;MT=Fixed	NT=Phospho;AC=UNIMOD:21;TA=S,T,Y;MT=Variable	NT=Oxidation;AC=UNIMOD:35;TA=M;MT=Variable	NT=Trypsin;AC=MS:1001251	NT=collision-induced dissociation;AC=MS:1000133	10 ppm	sds page	dithiothreitol (dtt)	iodoacetamide (iaa)	1	1	Mito_OG17_4ug_6_090809.RAW	ftp://ftp.pride.ebi.ac.uk/pride/data/archive/2018/10/PXD004312/Mito_OG17_4ug_6_090809.RAW	v1.1.0	NT=ms-proteomics;VV=v1.1.0	NT=clinical-metadata;VV=v1.0.0	manual curation	not available
Mito_OG12_4ug_4_090709	homo sapiens	not available	not applicable	type 2 diabetes mellitus	1	Mito_OG12_4ug_4_090709	proteomic profiling by mass spectrometry	NT=Data-dependent acquisition;AC=PRIDE:0000627	NT=label free sample;AC=MS:1002038	NT=ltq ft;AC=MS:1000448	NT=Carbamidomethyl;AC=UNIMOD:4;TA=C;MT=Fixed	NT=Phospho;AC=UNIMOD:21;TA=S,T,Y;MT=Variable	NT=Oxidation;AC=UNIMOD:35;TA=M;MT=Variable	NT=Trypsin;AC=MS:1001251	NT=collision-induced dissociation;AC=MS:1000133	10 ppm	sds page	dithiothreitol (dtt)	iodoacetamide (iaa)	1	1	Mito_OG12_4ug_4_090709.RAW	ftp://ftp.pride.ebi.ac.uk/pride/data/archive/2018/10/PXD004312/Mito_OG12_4ug_4_090709.RAW	v1.1.0	NT=ms-proteomics;VV=v1.1.0	NT=clinical-metadata;VV=v1.0.0	manual curation	not available
Mito_OG16_4ug_3_090809	homo sapiens	not available	not applicable	type 2 diabetes mellitus	1	Mito_OG16_4ug_3_090809	proteomic profiling by mass spectrometry	NT=Data-dependent acquisition;AC=PRIDE:0000627	NT=label free sample;AC=MS:1002038	NT=ltq ft;AC=MS:1000448	NT=Carbamidomethyl;AC=UNIMOD:4;TA=C;MT=Fixed	NT=Phospho;AC=UNIMOD:21;TA=S,T,Y;MT=Variable	NT=Oxidation;AC=UNIMOD:35;TA=M;MT=Variable	NT=Trypsin;AC=MS:1001251	NT=collision-induced dissociation;AC=MS:1000133	10 ppm	sds page	dithiothreitol (dtt)	iodoacetamide (iaa)	1	1	Mito_OG16_4ug_3_090809.RAW	ftp://ftp.pride.ebi.ac.uk/pride/data/archive/2018/10/PXD004312/Mito_OG16_4ug_3_090809.RAW	v1.1.0	NT=ms-proteomics;VV=v1.1.0	NT=clinical-metadata;VV=v1.0.0	manual curation	not available
muscle_mito_MC7_10ug_I_6_012211	homo sapiens	muscle	not applicable	type 2 diabetes mellitus	1	muscle_mito_MC7_10ug_I_6_012211	proteomic profiling by mass spectrometry	NT=Data-dependent acquisition;AC=PRIDE:0000627	NT=label free sample;AC=MS:1002038	NT=ltq ft;AC=MS:1000448	NT=Carbamidomethyl;AC=UNIMOD:4;TA=C;MT=Fixed	NT=Phospho;AC=UNIMOD:21;TA=S,T,Y;MT=Variable	NT=Oxidation;AC=UNIMOD:35;TA=M;MT=Variable	NT=Trypsin;AC=MS:1001251	NT=collision-induced dissociation;AC=MS:1000133	10 ppm	sds page	dithiothreitol (dtt)	iodoacetamide (iaa)	1	1	muscle_mito_MC7_10ug_I_6_012211.RAW	ftp://ftp.pride.ebi.ac.uk/pride/data/archive/2018/10/PXD004312/muscle_mito_MC7_10ug_I_6_012211.RAW	v1.1.0	NT=ms-proteomics;VV=v1.1.0	NT=clinical-metadata;VV=v1.0.0	manual curation	muscle
muscle_mito_MD2_10ug_I_5_012211	homo sapiens	muscle	not applicable	type 2 diabetes mellitus	1	muscle_mito_MD2_10ug_I_5_012211	proteomic profiling by mass spectrometry	NT=Data-dependent acquisition;AC=PRIDE:0000627	NT=label free sample;AC=MS:1002038	NT=ltq ft;AC=MS:1000448	NT=Carbamidomethyl;AC=UNIMOD:4;TA=C;MT=Fixed	NT=Phospho;AC=UNIMOD:21;TA=S,T,Y;MT=Variable	NT=Oxidation;AC=UNIMOD:35;TA=M;MT=Variable	NT=Trypsin;AC=MS:1001251	NT=collision-induced dissociation;AC=MS:1000133	10 ppm	sds page	dithiothreitol (dtt)	iodoacetamide (iaa)	1	1	muscle_mito_MD2_10ug_I_5_012211.RAW	ftp://ftp.pride.ebi.ac.uk/pride/data/archive/2018/10/PXD004312/muscle_mito_MD2_10ug_I_5_012211.RAW	v1.1.0	NT=ms-proteomics;VV=v1.1.0	NT=clinical-metadata;VV=v1.0.0	manual curation	muscle
Mito_OG23_4ug_5_091009	homo sapiens	not available	not applicable	type 2 diabetes mellitus	1	Mito_OG23_4ug_5_091009	proteomic profiling by mass spectrometry	NT=Data-dependent acquisition;AC=PRIDE:0000627	NT=label free sample;AC=MS:1002038	NT=ltq ft;AC=MS:1000448	NT=Carbamidomethyl;AC=UNIMOD:4;TA=C;MT=Fixed	NT=Phospho;AC=UNIMOD:21;TA=S,T,Y;MT=Variable	NT=Oxidation;AC=UNIMOD:35;TA=M;MT=Variable	NT=Trypsin;AC=MS:1001251	NT=collision-induced dissociation;AC=MS:1000133	10 ppm	sds page	dithiothreitol (dtt)	iodoacetamide (iaa)	1	1	Mito_OG23_4ug_5_091009.RAW	ftp://ftp.pride.ebi.ac.uk/pride/data/archive/2018/10/PXD004312/Mito_OG23_4ug_5_091009.RAW	v1.1.0	NT=ms-proteomics;VV=v1.1.0	NT=clinical-metadata;VV=v1.0.0	manual curation	not available
Mito_OG10_4ug_4_090609	homo sapiens	not available	not applicable	type 2 diabetes mellitus	1	Mito_OG10_4ug_4_090609	proteomic profiling by mass spectrometry	NT=Data-dependent acquisition;AC=PRIDE:0000627	NT=label free sample;AC=MS:1002038	NT=ltq ft;AC=MS:1000448	NT=Carbamidomethyl;AC=UNIMOD:4;TA=C;MT=Fixed	NT=Phospho;AC=UNIMOD:21;TA=S,T,Y;MT=Variable	NT=Oxidation;AC=UNIMOD:35;TA=M;MT=Variable	NT=Trypsin;AC=MS:1001251	NT=collision-induced dissociation;AC=MS:1000133	10 ppm	sds page	dithiothreitol (dtt)	iodoacetamide (iaa)	1	1	Mito_OG10_4ug_4_090609.RAW	ftp://ftp.pride.ebi.ac.uk/pride/data/archive/2018/10/PXD004312/Mito_OG10_4ug_4_090609.RAW	v1.1.0	NT=ms-proteomics;VV=v1.1.0	NT=clinical-metadata;VV=v1.0.0	manual curation	not available
Mito_OG5_4ug_4_090409	homo sapiens	not available	not applicable	type 2 diabetes mellitus	1	Mito_OG5_4ug_4_090409	proteomic profiling by mass spectrometry	NT=Data-dependent acquisition;AC=PRIDE:0000627	NT=label free sample;AC=MS:1002038	NT=ltq ft;AC=MS:1000448	NT=Carbamidomethyl;AC=UNIMOD:4;TA=C;MT=Fixed	NT=Phospho;AC=UNIMOD:21;TA=S,T,Y;MT=Variable	NT=Oxidation;AC=UNIMOD:35;TA=M;MT=Variable	NT=Trypsin;AC=MS:1001251	NT=collision-induced dissociation;AC=MS:1000133	10 ppm	sds page	dithiothreitol (dtt)	iodoacetamide (iaa)	1	1	Mito_OG5_4ug_4_090409.RAW	ftp://ftp.pride.ebi.ac.uk/pride/data/archive/2018/10/PXD004312/Mito_OG5_4ug_4_090409.RAW	v1.1.0	NT=ms-proteomics;VV=v1.1.0	NT=clinical-metadata;VV=v1.0.0	manual curation	not available
muscle_mito_FD2_10ug_III_2_013011	homo sapiens	muscle	not applicable	type 2 diabetes mellitus	1	muscle_mito_FD2_10ug_III_2_013011	proteomic profiling by mass spectrometry	NT=Data-dependent acquisition;AC=PRIDE:0000627	NT=label free sample;AC=MS:1002038	NT=ltq ft;AC=MS:1000448	NT=Carbamidomethyl;AC=UNIMOD:4;TA=C;MT=Fixed	NT=Phospho;AC=UNIMOD:21;TA=S,T,Y;MT=Variable	NT=Oxidation;AC=UNIMOD:35;TA=M;MT=Variable	NT=Trypsin;AC=MS:1001251	NT=collision-induced dissociation;AC=MS:1000133	10 ppm	sds page	dithiothreitol (dtt)	iodoacetamide (iaa)	1	1	muscle_mito_FD2_10ug_III_2_013011.RAW	ftp://ftp.pride.ebi.ac.uk/pride/data/archive/2018/10/PXD004312/muscle_mito_FD2_10ug_III_2_013011.RAW	v1.1.0	NT=ms-proteomics;VV=v1.1.0	NT=clinical-metadata;VV=v1.0.0	manual curation	muscle
muscle_mito_FC1_10ug_III_5_012311	homo sapiens	muscle	not applicable	type 2 diabetes mellitus	1	muscle_mito_FC1_10ug_III_5_012311	proteomic profiling by mass spectrometry	NT=Data-dependent acquisition;AC=PRIDE:0000627	NT=label free sample;AC=MS:1002038	NT=ltq ft;AC=MS:1000448	NT=Carbamidomethyl;AC=UNIMOD:4;TA=C;MT=Fixed	NT=Phospho;AC=UNIMOD:21;TA=S,T,Y;MT=Variable	NT=Oxidation;AC=UNIMOD:35;TA=M;MT=Variable	NT=Trypsin;AC=MS:1001251	NT=collision-induced dissociation;AC=MS:1000133	10 ppm	sds page	dithiothreitol (dtt)	iodoacetamide (iaa)	1	1	muscle_mito_FC1_10ug_III_5_012311.RAW	ftp://ftp.pride.ebi.ac.uk/pride/data/archive/2018/10/PXD004312/muscle_mito_FC1_10ug_III_5_012311.RAW	v1.1.0	NT=ms-proteomics;VV=v1.1.0	NT=clinical-metadata;VV=v1.0.0	manual curation	muscle
muscle_mito_MC1_10ug_III_5_011811	homo sapiens	muscle	not applicable	type 2 diabetes mellitus	1	muscle_mito_MC1_10ug_III_5_011811	proteomic profiling by mass spectrometry	NT=Data-dependent acquisition;AC=PRIDE:0000627	NT=label free sample;AC=MS:1002038	NT=ltq ft;AC=MS:1000448	NT=Carbamidomethyl;AC=UNIMOD:4;TA=C;MT=Fixed	NT=Phospho;AC=UNIMOD:21;TA=S,T,Y;MT=Variable	NT=Oxidation;AC=UNIMOD:35;TA=M;MT=Variable	NT=Trypsin;AC=MS:1001251	NT=collision-induced dissociation;AC=MS:1000133	10 ppm	sds page	dithiothreitol (dtt)	iodoacetamide (iaa)	1	1	muscle_mito_MC1_10ug_III_5_011811.RAW	ftp://ftp.pride.ebi.ac.uk/pride/data/archive/2018/10/PXD004312/muscle_mito_MC1_10ug_III_5_011811.RAW	v1.1.0	NT=ms-proteomics;VV=v1.1.0	NT=clinical-metadata;VV=v1.0.0	manual curation	muscle
muscle_mito_FC1_10ug_II_5_012311	homo sapiens	muscle	not applicable	type 2 diabetes mellitus	1	muscle_mito_FC1_10ug_II_5_012311	proteomic profiling by mass spectrometry	NT=Data-dependent acquisition;AC=PRIDE:0000627	NT=label free sample;AC=MS:1002038	NT=ltq ft;AC=MS:1000448	NT=Carbamidomethyl;AC=UNIMOD:4;TA=C;MT=Fixed	NT=Phospho;AC=UNIMOD:21;TA=S,T,Y;MT=Variable	NT=Oxidation;AC=UNIMOD:35;TA=M;MT=Variable	NT=Trypsin;AC=MS:1001251	NT=collision-induced dissociation;AC=MS:1000133	10 ppm	sds page	dithiothreitol (dtt)	iodoacetamide (iaa)	1	1	muscle_mito_FC1_10ug_II_5_012311.RAW	ftp://ftp.pride.ebi.ac.uk/pride/data/archive/2018/10/PXD004312/muscle_mito_FC1_10ug_II_5_012311.RAW	v1.1.0	NT=ms-proteomics;VV=v1.1.0	NT=clinical-metadata;VV=v1.0.0	manual curation	muscle
Mito_OG15_4ug_3_090809	homo sapiens	not available	not applicable	type 2 diabetes mellitus	1	Mito_OG15_4ug_3_090809	proteomic profiling by mass spectrometry	NT=Data-dependent acquisition;AC=PRIDE:0000627	NT=label free sample;AC=MS:1002038	NT=ltq ft;AC=MS:1000448	NT=Carbamidomethyl;AC=UNIMOD:4;TA=C;MT=Fixed	NT=Phospho;AC=UNIMOD:21;TA=S,T,Y;MT=Variable	NT=Oxidation;AC=UNIMOD:35;TA=M;MT=Variable	NT=Trypsin;AC=MS:1001251	NT=collision-induced dissociation;AC=MS:1000133	10 ppm	sds page	dithiothreitol (dtt)	iodoacetamide (iaa)	1	1	Mito_OG15_4ug_3_090809.RAW	ftp://ftp.pride.ebi.ac.uk/pride/data/archive/2018/10/PXD004312/Mito_OG15_4ug_3_090809.RAW	v1.1.0	NT=ms-proteomics;VV=v1.1.0	NT=clinical-metadata;VV=v1.0.0	manual curation	not available
muscle_mito_MC7_10ug_I_4_012211	homo sapiens	muscle	not applicable	type 2 diabetes mellitus	1	muscle_mito_MC7_10ug_I_4_012211	proteomic profiling by mass spectrometry	NT=Data-dependent acquisition;AC=PRIDE:0000627	NT=label free sample;AC=MS:1002038	NT=ltq ft;AC=MS:1000448	NT=Carbamidomethyl;AC=UNIMOD:4;TA=C;MT=Fixed	NT=Phospho;AC=UNIMOD:21;TA=S,T,Y;MT=Variable	NT=Oxidation;AC=UNIMOD:35;TA=M;MT=Variable	NT=Trypsin;AC=MS:1001251	NT=collision-induced dissociation;AC=MS:1000133	10 ppm	sds page	dithiothreitol (dtt)	iodoacetamide (iaa)	1	1	muscle_mito_MC7_10ug_I_4_012211.RAW	ftp://ftp.pride.ebi.ac.uk/pride/data/archive/2018/10/PXD004312/muscle_mito_MC7_10ug_I_4_012211.RAW	v1.1.0	NT=ms-proteomics;VV=v1.1.0	NT=clinical-metadata;VV=v1.0.0	manual curation	muscle
Mito_OG17_4ug_4_090809	homo sapiens	not available	not applicable	type 2 diabetes mellitus	1	Mito_OG17_4ug_4_090809	proteomic profiling by mass spectrometry	NT=Data-dependent acquisition;AC=PRIDE:0000627	NT=label free sample;AC=MS:1002038	NT=ltq ft;AC=MS:1000448	NT=Carbamidomethyl;AC=UNIMOD:4;TA=C;MT=Fixed	NT=Phospho;AC=UNIMOD:21;TA=S,T,Y;MT=Variable	NT=Oxidation;AC=UNIMOD:35;TA=M;MT=Variable	NT=Trypsin;AC=MS:1001251	NT=collision-induced dissociation;AC=MS:1000133	10 ppm	sds page	dithiothreitol (dtt)	iodoacetamide (iaa)	1	1	Mito_OG17_4ug_4_090809.RAW	ftp://ftp.pride.ebi.ac.uk/pride/data/archive/2018/10/PXD004312/Mito_OG17_4ug_4_090809.RAW	v1.1.0	NT=ms-proteomics;VV=v1.1.0	NT=clinical-metadata;VV=v1.0.0	manual curation	not available
Mito_OG14_4ug_1_090709	homo sapiens	not available	not applicable	type 2 diabetes mellitus	1	Mito_OG14_4ug_1_090709	proteomic profiling by mass spectrometry	NT=Data-dependent acquisition;AC=PRIDE:0000627	NT=label free sample;AC=MS:1002038	NT=ltq ft;AC=MS:1000448	NT=Carbamidomethyl;AC=UNIMOD:4;TA=C;MT=Fixed	NT=Phospho;AC=UNIMOD:21;TA=S,T,Y;MT=Variable	NT=Oxidation;AC=UNIMOD:35;TA=M;MT=Variable	NT=Trypsin;AC=MS:1001251	NT=collision-induced dissociation;AC=MS:1000133	10 ppm	sds page	dithiothreitol (dtt)	iodoacetamide (iaa)	1	1	Mito_OG14_4ug_1_090709.RAW	ftp://ftp.pride.ebi.ac.uk/pride/data/archive/2018/10/PXD004312/Mito_OG14_4ug_1_090709.RAW	v1.1.0	NT=ms-proteomics;VV=v1.1.0	NT=clinical-metadata;VV=v1.0.0	manual curation	not available
muscle_mito_FC2_10ug_III_5_012711	homo sapiens	muscle	not applicable	type 2 diabetes mellitus	1	muscle_mito_FC2_10ug_III_5_012711	proteomic profiling by mass spectrometry	NT=Data-dependent acquisition;AC=PRIDE:0000627	NT=label free sample;AC=MS:1002038	NT=ltq ft;AC=MS:1000448	NT=Carbamidomethyl;AC=UNIMOD:4;TA=C;MT=Fixed	NT=Phospho;AC=UNIMOD:21;TA=S,T,Y;MT=Variable	NT=Oxidation;AC=UNIMOD:35;TA=M;MT=Variable	NT=Trypsin;AC=MS:1001251	NT=collision-induced dissociation;AC=MS:1000133	10 ppm	sds page	dithiothreitol (dtt)	iodoacetamide (iaa)	1	1	muscle_mito_FC2_10ug_III_5_012711.RAW	ftp://ftp.pride.ebi.ac.uk/pride/data/archive/2018/10/PXD004312/muscle_mito_FC2_10ug_III_5_012711.RAW	v1.1.0	NT=ms-proteomics;VV=v1.1.0	NT=clinical-metadata;VV=v1.0.0	manual curation	muscle
Mito_OG20_4ug_6_090909	homo sapiens	not available	not applicable	type 2 diabetes mellitus	1	Mito_OG20_4ug_6_090909	proteomic profiling by mass spectrometry	NT=Data-dependent acquisition;AC=PRIDE:0000627	NT=label free sample;AC=MS:1002038	NT=ltq ft;AC=MS:1000448	NT=Carbamidomethyl;AC=UNIMOD:4;TA=C;MT=Fixed	NT=Phospho;AC=UNIMOD:21;TA=S,T,Y;MT=Variable	NT=Oxidation;AC=UNIMOD:35;TA=M;MT=Variable	NT=Trypsin;AC=MS:1001251	NT=collision-induced dissociation;AC=MS:1000133	10 ppm	sds page	dithiothreitol (dtt)	iodoacetamide (iaa)	1	1	Mito_OG20_4ug_6_090909.RAW	ftp://ftp.pride.ebi.ac.uk/pride/data/archive/2018/10/PXD004312/Mito_OG20_4ug_6_090909.RAW	v1.1.0	NT=ms-proteomics;VV=v1.1.0	NT=clinical-metadata;VV=v1.0.0	manual curation	not available
Mito_OG17_4ug_5_090809	homo sapiens	not available	not applicable	type 2 diabetes mellitus	1	Mito_OG17_4ug_5_090809	proteomic profiling by mass spectrometry	NT=Data-dependent acquisition;AC=PRIDE:0000627	NT=label free sample;AC=MS:1002038	NT=ltq ft;AC=MS:1000448	NT=Carbamidomethyl;AC=UNIMOD:4;TA=C;MT=Fixed	NT=Phospho;AC=UNIMOD:21;TA=S,T,Y;MT=Variable	NT=Oxidation;AC=UNIMOD:35;TA=M;MT=Variable	NT=Trypsin;AC=MS:1001251	NT=collision-induced dissociation;AC=MS:1000133	10 ppm	sds page	dithiothreitol (dtt)	iodoacetamide (iaa)	1	1	Mito_OG17_4ug_5_090809.RAW	ftp://ftp.pride.ebi.ac.uk/pride/data/archive/2018/10/PXD004312/Mito_OG17_4ug_5_090809.RAW	v1.1.0	NT=ms-proteomics;VV=v1.1.0	NT=clinical-metadata;VV=v1.0.0	manual curation	not available
muscle_mito_FD1_10ug_I_3_013011	homo sapiens	muscle	not applicable	type 2 diabetes mellitus	1	muscle_mito_FD1_10ug_I_3_013011	proteomic profiling by mass spectrometry	NT=Data-dependent acquisition;AC=PRIDE:0000627	NT=label free sample;AC=MS:1002038	NT=ltq ft;AC=MS:1000448	NT=Carbamidomethyl;AC=UNIMOD:4;TA=C;MT=Fixed	NT=Phospho;AC=UNIMOD:21;TA=S,T,Y;MT=Variable	NT=Oxidation;AC=UNIMOD:35;TA=M;MT=Variable	NT=Trypsin;AC=MS:1001251	NT=collision-induced dissociation;AC=MS:1000133	10 ppm	sds page	dithiothreitol (dtt)	iodoacetamide (iaa)	1	1	muscle_mito_FD1_10ug_I_3_013011.RAW	ftp://ftp.pride.ebi.ac.uk/pride/data/archive/2018/10/PXD004312/muscle_mito_FD1_10ug_I_3_013011.RAW	v1.1.0	NT=ms-proteomics;VV=v1.1.0	NT=clinical-metadata;VV=v1.0.0	manual curation	muscle
Mito_OG24_4ug_1_091009	homo sapiens	not available	not applicable	type 2 diabetes mellitus	1	Mito_OG24_4ug_1_091009	proteomic profiling by mass spectrometry	NT=Data-dependent acquisition;AC=PRIDE:0000627	NT=label free sample;AC=MS:1002038	NT=ltq ft;AC=MS:1000448	NT=Carbamidomethyl;AC=UNIMOD:4;TA=C;MT=Fixed	NT=Phospho;AC=UNIMOD:21;TA=S,T,Y;MT=Variable	NT=Oxidation;AC=UNIMOD:35;TA=M;MT=Variable	NT=Trypsin;AC=MS:1001251	NT=collision-induced dissociation;AC=MS:1000133	10 ppm	sds page	dithiothreitol (dtt)	iodoacetamide (iaa)	1	1	Mito_OG24_4ug_1_091009.RAW	ftp://ftp.pride.ebi.ac.uk/pride/data/archive/2018/10/PXD004312/Mito_OG24_4ug_1_091009.RAW	v1.1.0	NT=ms-proteomics;VV=v1.1.0	NT=clinical-metadata;VV=v1.0.0	manual curation	not available
muscle_mito_MD3_10ug_I_3_012111	homo sapiens	muscle	not applicable	type 2 diabetes mellitus	1	muscle_mito_MD3_10ug_I_3_012111	proteomic profiling by mass spectrometry	NT=Data-dependent acquisition;AC=PRIDE:0000627	NT=label free sample;AC=MS:1002038	NT=ltq ft;AC=MS:1000448	NT=Carbamidomethyl;AC=UNIMOD:4;TA=C;MT=Fixed	NT=Phospho;AC=UNIMOD:21;TA=S,T,Y;MT=Variable	NT=Oxidation;AC=UNIMOD:35;TA=M;MT=Variable	NT=Trypsin;AC=MS:1001251	NT=collision-induced dissociation;AC=MS:1000133	10 ppm	sds page	dithiothreitol (dtt)	iodoacetamide (iaa)	1	1	muscle_mito_MD3_10ug_I_3_012111.RAW	ftp://ftp.pride.ebi.ac.uk/pride/data/archive/2018/10/PXD004312/muscle_mito_MD3_10ug_I_3_012111.RAW	v1.1.0	NT=ms-proteomics;VV=v1.1.0	NT=clinical-metadata;VV=v1.0.0	manual curation	muscle
Mito_OG8_4ug_6_090609	homo sapiens	not available	not applicable	type 2 diabetes mellitus	1	Mito_OG8_4ug_6_090609	proteomic profiling by mass spectrometry	NT=Data-dependent acquisition;AC=PRIDE:0000627	NT=label free sample;AC=MS:1002038	NT=ltq ft;AC=MS:1000448	NT=Carbamidomethyl;AC=UNIMOD:4;TA=C;MT=Fixed	NT=Phospho;AC=UNIMOD:21;TA=S,T,Y;MT=Variable	NT=Oxidation;AC=UNIMOD:35;TA=M;MT=Variable	NT=Trypsin;AC=MS:1001251	NT=collision-induced dissociation;AC=MS:1000133	10 ppm	sds page	dithiothreitol (dtt)	iodoacetamide (iaa)	1	1	Mito_OG8_4ug_6_090609.RAW	ftp://ftp.pride.ebi.ac.uk/pride/data/archive/2018/10/PXD004312/Mito_OG8_4ug_6_090609.RAW	v1.1.0	NT=ms-proteomics;VV=v1.1.0	NT=clinical-metadata;VV=v1.0.0	manual curation	not available
muscle_mito_FC1_10ug_I_7_012311	homo sapiens	muscle	not applicable	type 2 diabetes mellitus	1	muscle_mito_FC1_10ug_I_7_012311	proteomic profiling by mass spectrometry	NT=Data-dependent acquisition;AC=PRIDE:0000627	NT=label free sample;AC=MS:1002038	NT=ltq ft;AC=MS:1000448	NT=Carbamidomethyl;AC=UNIMOD:4;TA=C;MT=Fixed	NT=Phospho;AC=UNIMOD:21;TA=S,T,Y;MT=Variable	NT=Oxidation;AC=UNIMOD:35;TA=M;MT=Variable	NT=Trypsin;AC=MS:1001251	NT=collision-induced dissociation;AC=MS:1000133	10 ppm	sds page	dithiothreitol (dtt)	iodoacetamide (iaa)	1	1	muscle_mito_FC1_10ug_I_7_012311.RAW	ftp://ftp.pride.ebi.ac.uk/pride/data/archive/2018/10/PXD004312/muscle_mito_FC1_10ug_I_7_012311.RAW	v1.1.0	NT=ms-proteomics;VV=v1.1.0	NT=clinical-metadata;VV=v1.0.0	manual curation	muscle
muscle_mito_FD6_10ug_IV_7_020111	homo sapiens	muscle	not applicable	type 2 diabetes mellitus	1	muscle_mito_FD6_10ug_IV_7_020111	proteomic profiling by mass spectrometry	NT=Data-dependent acquisition;AC=PRIDE:0000627	NT=label free sample;AC=MS:1002038	NT=ltq ft;AC=MS:1000448	NT=Carbamidomethyl;AC=UNIMOD:4;TA=C;MT=Fixed	NT=Phospho;AC=UNIMOD:21;TA=S,T,Y;MT=Variable	NT=Oxidation;AC=UNIMOD:35;TA=M;MT=Variable	NT=Trypsin;AC=MS:1001251	NT=collision-induced dissociation;AC=MS:1000133	10 ppm	sds page	dithiothreitol (dtt)	iodoacetamide (iaa)	1	1	muscle_mito_FD6_10ug_IV_7_020111.RAW	ftp://ftp.pride.ebi.ac.uk/pride/data/archive/2018/10/PXD004312/muscle_mito_FD6_10ug_IV_7_020111.RAW	v1.1.0	NT=ms-proteomics;VV=v1.1.0	NT=clinical-metadata;VV=v1.0.0	manual curation	muscle
Mito_OG9_4ug_5_090609	homo sapiens	not available	not applicable	type 2 diabetes mellitus	1	Mito_OG9_4ug_5_090609	proteomic profiling by mass spectrometry	NT=Data-dependent acquisition;AC=PRIDE:0000627	NT=label free sample;AC=MS:1002038	NT=ltq ft;AC=MS:1000448	NT=Carbamidomethyl;AC=UNIMOD:4;TA=C;MT=Fixed	NT=Phospho;AC=UNIMOD:21;TA=S,T,Y;MT=Variable	NT=Oxidation;AC=UNIMOD:35;TA=M;MT=Variable	NT=Trypsin;AC=MS:1001251	NT=collision-induced dissociation;AC=MS:1000133	10 ppm	sds page	dithiothreitol (dtt)	iodoacetamide (iaa)	1	1	Mito_OG9_4ug_5_090609.RAW	ftp://ftp.pride.ebi.ac.uk/pride/data/archive/2018/10/PXD004312/Mito_OG9_4ug_5_090609.RAW	v1.1.0	NT=ms-proteomics;VV=v1.1.0	NT=clinical-metadata;VV=v1.0.0	manual curation	not available
muscle_mito_MC3_10ug_II_6_012011	homo sapiens	muscle	not applicable	type 2 diabetes mellitus	1	muscle_mito_MC3_10ug_II_6_012011	proteomic profiling by mass spectrometry	NT=Data-dependent acquisition;AC=PRIDE:0000627	NT=label free sample;AC=MS:1002038	NT=ltq ft;AC=MS:1000448	NT=Carbamidomethyl;AC=UNIMOD:4;TA=C;MT=Fixed	NT=Phospho;AC=UNIMOD:21;TA=S,T,Y;MT=Variable	NT=Oxidation;AC=UNIMOD:35;TA=M;MT=Variable	NT=Trypsin;AC=MS:1001251	NT=collision-induced dissociation;AC=MS:1000133	10 ppm	sds page	dithiothreitol (dtt)	iodoacetamide (iaa)	1	1	muscle_mito_MC3_10ug_II_6_012011.RAW	ftp://ftp.pride.ebi.ac.uk/pride/data/archive/2018/10/PXD004312/muscle_mito_MC3_10ug_II_6_012011.RAW	v1.1.0	NT=ms-proteomics;VV=v1.1.0	NT=clinical-metadata;VV=v1.0.0	manual curation	muscle
muscle_mito_FD7_10ug_I_5_020211	homo sapiens	muscle	not applicable	type 2 diabetes mellitus	1	muscle_mito_FD7_10ug_I_5_020211	proteomic profiling by mass spectrometry	NT=Data-dependent acquisition;AC=PRIDE:0000627	NT=label free sample;AC=MS:1002038	NT=ltq ft;AC=MS:1000448	NT=Carbamidomethyl;AC=UNIMOD:4;TA=C;MT=Fixed	NT=Phospho;AC=UNIMOD:21;TA=S,T,Y;MT=Variable	NT=Oxidation;AC=UNIMOD:35;TA=M;MT=Variable	NT=Trypsin;AC=MS:1001251	NT=collision-induced dissociation;AC=MS:1000133	10 ppm	sds page	dithiothreitol (dtt)	iodoacetamide (iaa)	1	1	muscle_mito_FD7_10ug_I_5_020211.RAW	ftp://ftp.pride.ebi.ac.uk/pride/data/archive/2018/10/PXD004312/muscle_mito_FD7_10ug_I_5_020211.RAW	v1.1.0	NT=ms-proteomics;VV=v1.1.0	NT=clinical-metadata;VV=v1.0.0	manual curation	muscle
muscle_mito_MD2_10ug_I_3_012211	homo sapiens	muscle	not applicable	type 2 diabetes mellitus	1	muscle_mito_MD2_10ug_I_3_012211	proteomic profiling by mass spectrometry	NT=Data-dependent acquisition;AC=PRIDE:0000627	NT=label free sample;AC=MS:1002038	NT=ltq ft;AC=MS:1000448	NT=Carbamidomethyl;AC=UNIMOD:4;TA=C;MT=Fixed	NT=Phospho;AC=UNIMOD:21;TA=S,T,Y;MT=Variable	NT=Oxidation;AC=UNIMOD:35;TA=M;MT=Variable	NT=Trypsin;AC=MS:1001251	NT=collision-induced dissociation;AC=MS:1000133	10 ppm	sds page	dithiothreitol (dtt)	iodoacetamide (iaa)	1	1	muscle_mito_MD2_10ug_I_3_012211.RAW	ftp://ftp.pride.ebi.ac.uk/pride/data/archive/2018/10/PXD004312/muscle_mito_MD2_10ug_I_3_012211.RAW	v1.1.0	NT=ms-proteomics;VV=v1.1.0	NT=clinical-metadata;VV=v1.0.0	manual curation	muscle
muscle_mito_MD2_10ug_I_1_012211	homo sapiens	muscle	not applicable	type 2 diabetes mellitus	1	muscle_mito_MD2_10ug_I_1_012211	proteomic profiling by mass spectrometry	NT=Data-dependent acquisition;AC=PRIDE:0000627	NT=label free sample;AC=MS:1002038	NT=ltq ft;AC=MS:1000448	NT=Carbamidomethyl;AC=UNIMOD:4;TA=C;MT=Fixed	NT=Phospho;AC=UNIMOD:21;TA=S,T,Y;MT=Variable	NT=Oxidation;AC=UNIMOD:35;TA=M;MT=Variable	NT=Trypsin;AC=MS:1001251	NT=collision-induced dissociation;AC=MS:1000133	10 ppm	sds page	dithiothreitol (dtt)	iodoacetamide (iaa)	1	1	muscle_mito_MD2_10ug_I_1_012211.RAW	ftp://ftp.pride.ebi.ac.uk/pride/data/archive/2018/10/PXD004312/muscle_mito_MD2_10ug_I_1_012211.RAW	v1.1.0	NT=ms-proteomics;VV=v1.1.0	NT=clinical-metadata;VV=v1.0.0	manual curation	muscle
muscle_mito_MC5_10ug_II_1_012211	homo sapiens	muscle	not applicable	type 2 diabetes mellitus	1	muscle_mito_MC5_10ug_II_1_012211	proteomic profiling by mass spectrometry	NT=Data-dependent acquisition;AC=PRIDE:0000627	NT=label free sample;AC=MS:1002038	NT=ltq ft;AC=MS:1000448	NT=Carbamidomethyl;AC=UNIMOD:4;TA=C;MT=Fixed	NT=Phospho;AC=UNIMOD:21;TA=S,T,Y;MT=Variable	NT=Oxidation;AC=UNIMOD:35;TA=M;MT=Variable	NT=Trypsin;AC=MS:1001251	NT=collision-induced dissociation;AC=MS:1000133	10 ppm	sds page	dithiothreitol (dtt)	iodoacetamide (iaa)	1	1	muscle_mito_MC5_10ug_II_1_012211.RAW	ftp://ftp.pride.ebi.ac.uk/pride/data/archive/2018/10/PXD004312/muscle_mito_MC5_10ug_II_1_012211.RAW	v1.1.0	NT=ms-proteomics;VV=v1.1.0	NT=clinical-metadata;VV=v1.0.0	manual curation	muscle
Mito_OG22_4ug_3_091009	homo sapiens	not available	not applicable	type 2 diabetes mellitus	1	Mito_OG22_4ug_3_091009	proteomic profiling by mass spectrometry	NT=Data-dependent acquisition;AC=PRIDE:0000627	NT=label free sample;AC=MS:1002038	NT=ltq ft;AC=MS:1000448	NT=Carbamidomethyl;AC=UNIMOD:4;TA=C;MT=Fixed	NT=Phospho;AC=UNIMOD:21;TA=S,T,Y;MT=Variable	NT=Oxidation;AC=UNIMOD:35;TA=M;MT=Variable	NT=Trypsin;AC=MS:1001251	NT=collision-induced dissociation;AC=MS:1000133	10 ppm	sds page	dithiothreitol (dtt)	iodoacetamide (iaa)	1	1	Mito_OG22_4ug_3_091009.RAW	ftp://ftp.pride.ebi.ac.uk/pride/data/archive/2018/10/PXD004312/Mito_OG22_4ug_3_091009.RAW	v1.1.0	NT=ms-proteomics;VV=v1.1.0	NT=clinical-metadata;VV=v1.0.0	manual curation	not available
Mito_OG25_4ug_5_091009	homo sapiens	not available	not applicable	type 2 diabetes mellitus	1	Mito_OG25_4ug_5_091009	proteomic profiling by mass spectrometry	NT=Data-dependent acquisition;AC=PRIDE:0000627	NT=label free sample;AC=MS:1002038	NT=ltq ft;AC=MS:1000448	NT=Carbamidomethyl;AC=UNIMOD:4;TA=C;MT=Fixed	NT=Phospho;AC=UNIMOD:21;TA=S,T,Y;MT=Variable	NT=Oxidation;AC=UNIMOD:35;TA=M;MT=Variable	NT=Trypsin;AC=MS:1001251	NT=collision-induced dissociation;AC=MS:1000133	10 ppm	sds page	dithiothreitol (dtt)	iodoacetamide (iaa)	1	1	Mito_OG25_4ug_5_091009.RAW	ftp://ftp.pride.ebi.ac.uk/pride/data/archive/2018/10/PXD004312/Mito_OG25_4ug_5_091009.RAW	v1.1.0	NT=ms-proteomics;VV=v1.1.0	NT=clinical-metadata;VV=v1.0.0	manual curation	not available
muscle_mito_MC5_10ug_I_4_012211	homo sapiens	muscle	not applicable	type 2 diabetes mellitus	1	muscle_mito_MC5_10ug_I_4_012211	proteomic profiling by mass spectrometry	NT=Data-dependent acquisition;AC=PRIDE:0000627	NT=label free sample;AC=MS:1002038	NT=ltq ft;AC=MS:1000448	NT=Carbamidomethyl;AC=UNIMOD:4;TA=C;MT=Fixed	NT=Phospho;AC=UNIMOD:21;TA=S,T,Y;MT=Variable	NT=Oxidation;AC=UNIMOD:35;TA=M;MT=Variable	NT=Trypsin;AC=MS:1001251	NT=collision-induced dissociation;AC=MS:1000133	10 ppm	sds page	dithiothreitol (dtt)	iodoacetamide (iaa)	1	1	muscle_mito_MC5_10ug_I_4_012211.RAW	ftp://ftp.pride.ebi.ac.uk/pride/data/archive/2018/10/PXD004312/muscle_mito_MC5_10ug_I_4_012211.RAW	v1.1.0	NT=ms-proteomics;VV=v1.1.0	NT=clinical-metadata;VV=v1.0.0	manual curation	muscle
muscle_mito_FD4_10ug_III_3_020111	homo sapiens	muscle	not applicable	type 2 diabetes mellitus	1	muscle_mito_FD4_10ug_III_3_020111	proteomic profiling by mass spectrometry	NT=Data-dependent acquisition;AC=PRIDE:0000627	NT=label free sample;AC=MS:1002038	NT=ltq ft;AC=MS:1000448	NT=Carbamidomethyl;AC=UNIMOD:4;TA=C;MT=Fixed	NT=Phospho;AC=UNIMOD:21;TA=S,T,Y;MT=Variable	NT=Oxidation;AC=UNIMOD:35;TA=M;MT=Variable	NT=Trypsin;AC=MS:1001251	NT=collision-induced dissociation;AC=MS:1000133	10 ppm	sds page	dithiothreitol (dtt)	iodoacetamide (iaa)	1	1	muscle_mito_FD4_10ug_III_3_020111.RAW	ftp://ftp.pride.ebi.ac.uk/pride/data/archive/2018/10/PXD004312/muscle_mito_FD4_10ug_III_3_020111.RAW	v1.1.0	NT=ms-proteomics;VV=v1.1.0	NT=clinical-metadata;VV=v1.0.0	manual curation	muscle
muscle_mito_MC2_10ug_II_1_011911	homo sapiens	muscle	not applicable	type 2 diabetes mellitus	1	muscle_mito_MC2_10ug_II_1_011911	proteomic profiling by mass spectrometry	NT=Data-dependent acquisition;AC=PRIDE:0000627	NT=label free sample;AC=MS:1002038	NT=ltq ft;AC=MS:1000448	NT=Carbamidomethyl;AC=UNIMOD:4;TA=C;MT=Fixed	NT=Phospho;AC=UNIMOD:21;TA=S,T,Y;MT=Variable	NT=Oxidation;AC=UNIMOD:35;TA=M;MT=Variable	NT=Trypsin;AC=MS:1001251	NT=collision-induced dissociation;AC=MS:1000133	10 ppm	sds page	dithiothreitol (dtt)	iodoacetamide (iaa)	1	1	muscle_mito_MC2_10ug_II_1_011911.RAW	ftp://ftp.pride.ebi.ac.uk/pride/data/archive/2018/10/PXD004312/muscle_mito_MC2_10ug_II_1_011911.RAW	v1.1.0	NT=ms-proteomics;VV=v1.1.0	NT=clinical-metadata;VV=v1.0.0	manual curation	muscle
muscle_mito_MC1_10ug_II_3_011811	homo sapiens	muscle	not applicable	type 2 diabetes mellitus	1	muscle_mito_MC1_10ug_II_3_011811	proteomic profiling by mass spectrometry	NT=Data-dependent acquisition;AC=PRIDE:0000627	NT=label free sample;AC=MS:1002038	NT=ltq ft;AC=MS:1000448	NT=Carbamidomethyl;AC=UNIMOD:4;TA=C;MT=Fixed	NT=Phospho;AC=UNIMOD:21;TA=S,T,Y;MT=Variable	NT=Oxidation;AC=UNIMOD:35;TA=M;MT=Variable	NT=Trypsin;AC=MS:1001251	NT=collision-induced dissociation;AC=MS:1000133	10 ppm	sds page	dithiothreitol (dtt)	iodoacetamide (iaa)	1	1	muscle_mito_MC1_10ug_II_3_011811.RAW	ftp://ftp.pride.ebi.ac.uk/pride/data/archive/2018/10/PXD004312/muscle_mito_MC1_10ug_II_3_011811.RAW	v1.1.0	NT=ms-proteomics;VV=v1.1.0	NT=clinical-metadata;VV=v1.0.0	manual curation	muscle
muscle_mito_MD2_10ug_II_5_012111	homo sapiens	muscle	not applicable	type 2 diabetes mellitus	1	muscle_mito_MD2_10ug_II_5_012111	proteomic profiling by mass spectrometry	NT=Data-dependent acquisition;AC=PRIDE:0000627	NT=label free sample;AC=MS:1002038	NT=ltq ft;AC=MS:1000448	NT=Carbamidomethyl;AC=UNIMOD:4;TA=C;MT=Fixed	NT=Phospho;AC=UNIMOD:21;TA=S,T,Y;MT=Variable	NT=Oxidation;AC=UNIMOD:35;TA=M;MT=Variable	NT=Trypsin;AC=MS:1001251	NT=collision-induced dissociation;AC=MS:1000133	10 ppm	sds page	dithiothreitol (dtt)	iodoacetamide (iaa)	1	1	muscle_mito_MD2_10ug_II_5_012111.RAW	ftp://ftp.pride.ebi.ac.uk/pride/data/archive/2018/10/PXD004312/muscle_mito_MD2_10ug_II_5_012111.RAW	v1.1.0	NT=ms-proteomics;VV=v1.1.0	NT=clinical-metadata;VV=v1.0.0	manual curation	muscle
muscle_mito_MC1_10ug_I_5_011811	homo sapiens	muscle	not applicable	type 2 diabetes mellitus	1	muscle_mito_MC1_10ug_I_5_011811	proteomic profiling by mass spectrometry	NT=Data-dependent acquisition;AC=PRIDE:0000627	NT=label free sample;AC=MS:1002038	NT=ltq ft;AC=MS:1000448	NT=Carbamidomethyl;AC=UNIMOD:4;TA=C;MT=Fixed	NT=Phospho;AC=UNIMOD:21;TA=S,T,Y;MT=Variable	NT=Oxidation;AC=UNIMOD:35;TA=M;MT=Variable	NT=Trypsin;AC=MS:1001251	NT=collision-induced dissociation;AC=MS:1000133	10 ppm	sds page	dithiothreitol (dtt)	iodoacetamide (iaa)	1	1	muscle_mito_MC1_10ug_I_5_011811.RAW	ftp://ftp.pride.ebi.ac.uk/pride/data/archive/2018/10/PXD004312/muscle_mito_MC1_10ug_I_5_011811.RAW	v1.1.0	NT=ms-proteomics;VV=v1.1.0	NT=clinical-metadata;VV=v1.0.0	manual curation	muscle
muscle_mito_FD6_10ug_III_2_020111	homo sapiens	muscle	not applicable	type 2 diabetes mellitus	1	muscle_mito_FD6_10ug_III_2_020111	proteomic profiling by mass spectrometry	NT=Data-dependent acquisition;AC=PRIDE:0000627	NT=label free sample;AC=MS:1002038	NT=ltq ft;AC=MS:1000448	NT=Carbamidomethyl;AC=UNIMOD:4;TA=C;MT=Fixed	NT=Phospho;AC=UNIMOD:21;TA=S,T,Y;MT=Variable	NT=Oxidation;AC=UNIMOD:35;TA=M;MT=Variable	NT=Trypsin;AC=MS:1001251	NT=collision-induced dissociation;AC=MS:1000133	10 ppm	sds page	dithiothreitol (dtt)	iodoacetamide (iaa)	1	1	muscle_mito_FD6_10ug_III_2_020111.RAW	ftp://ftp.pride.ebi.ac.uk/pride/data/archive/2018/10/PXD004312/muscle_mito_FD6_10ug_III_2_020111.RAW	v1.1.0	NT=ms-proteomics;VV=v1.1.0	NT=clinical-metadata;VV=v1.0.0	manual curation	muscle
muscle_mito_MC3_10ug_III_2_012011	homo sapiens	muscle	not applicable	type 2 diabetes mellitus	1	muscle_mito_MC3_10ug_III_2_012011	proteomic profiling by mass spectrometry	NT=Data-dependent acquisition;AC=PRIDE:0000627	NT=label free sample;AC=MS:1002038	NT=ltq ft;AC=MS:1000448	NT=Carbamidomethyl;AC=UNIMOD:4;TA=C;MT=Fixed	NT=Phospho;AC=UNIMOD:21;TA=S,T,Y;MT=Variable	NT=Oxidation;AC=UNIMOD:35;TA=M;MT=Variable	NT=Trypsin;AC=MS:1001251	NT=collision-induced dissociation;AC=MS:1000133	10 ppm	sds page	dithiothreitol (dtt)	iodoacetamide (iaa)	1	1	muscle_mito_MC3_10ug_III_2_012011.RAW	ftp://ftp.pride.ebi.ac.uk/pride/data/archive/2018/10/PXD004312/muscle_mito_MC3_10ug_III_2_012011.RAW	v1.1.0	NT=ms-proteomics;VV=v1.1.0	NT=clinical-metadata;VV=v1.0.0	manual curation	muscle
muscle_mito_MD7_10ug_II_5_012311	homo sapiens	muscle	not applicable	type 2 diabetes mellitus	1	muscle_mito_MD7_10ug_II_5_012311	proteomic profiling by mass spectrometry	NT=Data-dependent acquisition;AC=PRIDE:0000627	NT=label free sample;AC=MS:1002038	NT=ltq ft;AC=MS:1000448	NT=Carbamidomethyl;AC=UNIMOD:4;TA=C;MT=Fixed	NT=Phospho;AC=UNIMOD:21;TA=S,T,Y;MT=Variable	NT=Oxidation;AC=UNIMOD:35;TA=M;MT=Variable	NT=Trypsin;AC=MS:1001251	NT=collision-induced dissociation;AC=MS:1000133	10 ppm	sds page	dithiothreitol (dtt)	iodoacetamide (iaa)	1	1	muscle_mito_MD7_10ug_II_5_012311.RAW	ftp://ftp.pride.ebi.ac.uk/pride/data/archive/2018/10/PXD004312/muscle_mito_MD7_10ug_II_5_012311.RAW	v1.1.0	NT=ms-proteomics;VV=v1.1.0	NT=clinical-metadata;VV=v1.0.0	manual curation	muscle
muscle_mito_MD2_10ug_I_7_012211	homo sapiens	muscle	not applicable	type 2 diabetes mellitus	1	muscle_mito_MD2_10ug_I_7_012211	proteomic profiling by mass spectrometry	NT=Data-dependent acquisition;AC=PRIDE:0000627	NT=label free sample;AC=MS:1002038	NT=ltq ft;AC=MS:1000448	NT=Carbamidomethyl;AC=UNIMOD:4;TA=C;MT=Fixed	NT=Phospho;AC=UNIMOD:21;TA=S,T,Y;MT=Variable	NT=Oxidation;AC=UNIMOD:35;TA=M;MT=Variable	NT=Trypsin;AC=MS:1001251	NT=collision-induced dissociation;AC=MS:1000133	10 ppm	sds page	dithiothreitol (dtt)	iodoacetamide (iaa)	1	1	muscle_mito_MD2_10ug_I_7_012211.RAW	ftp://ftp.pride.ebi.ac.uk/pride/data/archive/2018/10/PXD004312/muscle_mito_MD2_10ug_I_7_012211.RAW	v1.1.0	NT=ms-proteomics;VV=v1.1.0	NT=clinical-metadata;VV=v1.0.0	manual curation	muscle
Mito_OG3_4ug_5_090309	homo sapiens	not available	not applicable	type 2 diabetes mellitus	1	Mito_OG3_4ug_5_090309	proteomic profiling by mass spectrometry	NT=Data-dependent acquisition;AC=PRIDE:0000627	NT=label free sample;AC=MS:1002038	NT=ltq ft;AC=MS:1000448	NT=Carbamidomethyl;AC=UNIMOD:4;TA=C;MT=Fixed	NT=Phospho;AC=UNIMOD:21;TA=S,T,Y;MT=Variable	NT=Oxidation;AC=UNIMOD:35;TA=M;MT=Variable	NT=Trypsin;AC=MS:1001251	NT=collision-induced dissociation;AC=MS:1000133	10 ppm	sds page	dithiothreitol (dtt)	iodoacetamide (iaa)	1	1	Mito_OG3_4ug_5_090309.RAW	ftp://ftp.pride.ebi.ac.uk/pride/data/archive/2018/10/PXD004312/Mito_OG3_4ug_5_090309.RAW	v1.1.0	NT=ms-proteomics;VV=v1.1.0	NT=clinical-metadata;VV=v1.0.0	manual curation	not available
muscle_mito_MC5_10ug_II_7_012211	homo sapiens	muscle	not applicable	type 2 diabetes mellitus	1	muscle_mito_MC5_10ug_II_7_012211	proteomic profiling by mass spectrometry	NT=Data-dependent acquisition;AC=PRIDE:0000627	NT=label free sample;AC=MS:1002038	NT=ltq ft;AC=MS:1000448	NT=Carbamidomethyl;AC=UNIMOD:4;TA=C;MT=Fixed	NT=Phospho;AC=UNIMOD:21;TA=S,T,Y;MT=Variable	NT=Oxidation;AC=UNIMOD:35;TA=M;MT=Variable	NT=Trypsin;AC=MS:1001251	NT=collision-induced dissociation;AC=MS:1000133	10 ppm	sds page	dithiothreitol (dtt)	iodoacetamide (iaa)	1	1	muscle_mito_MC5_10ug_II_7_012211.RAW	ftp://ftp.pride.ebi.ac.uk/pride/data/archive/2018/10/PXD004312/muscle_mito_MC5_10ug_II_7_012211.RAW	v1.1.0	NT=ms-proteomics;VV=v1.1.0	NT=clinical-metadata;VV=v1.0.0	manual curation	muscle
muscle_mito_MC3_10ug_II_2_012011	homo sapiens	muscle	not applicable	type 2 diabetes mellitus	1	muscle_mito_MC3_10ug_II_2_012011	proteomic profiling by mass spectrometry	NT=Data-dependent acquisition;AC=PRIDE:0000627	NT=label free sample;AC=MS:1002038	NT=ltq ft;AC=MS:1000448	NT=Carbamidomethyl;AC=UNIMOD:4;TA=C;MT=Fixed	NT=Phospho;AC=UNIMOD:21;TA=S,T,Y;MT=Variable	NT=Oxidation;AC=UNIMOD:35;TA=M;MT=Variable	NT=Trypsin;AC=MS:1001251	NT=collision-induced dissociation;AC=MS:1000133	10 ppm	sds page	dithiothreitol (dtt)	iodoacetamide (iaa)	1	1	muscle_mito_MC3_10ug_II_2_012011.RAW	ftp://ftp.pride.ebi.ac.uk/pride/data/archive/2018/10/PXD004312/muscle_mito_MC3_10ug_II_2_012011.RAW	v1.1.0	NT=ms-proteomics;VV=v1.1.0	NT=clinical-metadata;VV=v1.0.0	manual curation	muscle
muscle_mito_FD2_10ug_I_4_013011	homo sapiens	muscle	not applicable	type 2 diabetes mellitus	1	muscle_mito_FD2_10ug_I_4_013011	proteomic profiling by mass spectrometry	NT=Data-dependent acquisition;AC=PRIDE:0000627	NT=label free sample;AC=MS:1002038	NT=ltq ft;AC=MS:1000448	NT=Carbamidomethyl;AC=UNIMOD:4;TA=C;MT=Fixed	NT=Phospho;AC=UNIMOD:21;TA=S,T,Y;MT=Variable	NT=Oxidation;AC=UNIMOD:35;TA=M;MT=Variable	NT=Trypsin;AC=MS:1001251	NT=collision-induced dissociation;AC=MS:1000133	10 ppm	sds page	dithiothreitol (dtt)	iodoacetamide (iaa)	1	1	muscle_mito_FD2_10ug_I_4_013011.RAW	ftp://ftp.pride.ebi.ac.uk/pride/data/archive/2018/10/PXD004312/muscle_mito_FD2_10ug_I_4_013011.RAW	v1.1.0	NT=ms-proteomics;VV=v1.1.0	NT=clinical-metadata;VV=v1.0.0	manual curation	muscle
muscle_mito_FD6_10ug_III_6_020111	homo sapiens	muscle	not applicable	type 2 diabetes mellitus	1	muscle_mito_FD6_10ug_III_6_020111	proteomic profiling by mass spectrometry	NT=Data-dependent acquisition;AC=PRIDE:0000627	NT=label free sample;AC=MS:1002038	NT=ltq ft;AC=MS:1000448	NT=Carbamidomethyl;AC=UNIMOD:4;TA=C;MT=Fixed	NT=Phospho;AC=UNIMOD:21;TA=S,T,Y;MT=Variable	NT=Oxidation;AC=UNIMOD:35;TA=M;MT=Variable	NT=Trypsin;AC=MS:1001251	NT=collision-induced dissociation;AC=MS:1000133	10 ppm	sds page	dithiothreitol (dtt)	iodoacetamide (iaa)	1	1	muscle_mito_FD6_10ug_III_6_020111.RAW	ftp://ftp.pride.ebi.ac.uk/pride/data/archive/2018/10/PXD004312/muscle_mito_FD6_10ug_III_6_020111.RAW	v1.1.0	NT=ms-proteomics;VV=v1.1.0	NT=clinical-metadata;VV=v1.0.0	manual curation	muscle
muscle_mito_MD3_10ug_I_1_012111	homo sapiens	muscle	not applicable	type 2 diabetes mellitus	1	muscle_mito_MD3_10ug_I_1_012111	proteomic profiling by mass spectrometry	NT=Data-dependent acquisition;AC=PRIDE:0000627	NT=label free sample;AC=MS:1002038	NT=ltq ft;AC=MS:1000448	NT=Carbamidomethyl;AC=UNIMOD:4;TA=C;MT=Fixed	NT=Phospho;AC=UNIMOD:21;TA=S,T,Y;MT=Variable	NT=Oxidation;AC=UNIMOD:35;TA=M;MT=Variable	NT=Trypsin;AC=MS:1001251	NT=collision-induced dissociation;AC=MS:1000133	10 ppm	sds page	dithiothreitol (dtt)	iodoacetamide (iaa)	1	1	muscle_mito_MD3_10ug_I_1_012111.RAW	ftp://ftp.pride.ebi.ac.uk/pride/data/archive/2018/10/PXD004312/muscle_mito_MD3_10ug_I_1_012111.RAW	v1.1.0	NT=ms-proteomics;VV=v1.1.0	NT=clinical-metadata;VV=v1.0.0	manual curation	muscle
muscle_mito_FD1_10ug_II_2_013011	homo sapiens	muscle	not applicable	type 2 diabetes mellitus	1	muscle_mito_FD1_10ug_II_2_013011	proteomic profiling by mass spectrometry	NT=Data-dependent acquisition;AC=PRIDE:0000627	NT=label free sample;AC=MS:1002038	NT=ltq ft;AC=MS:1000448	NT=Carbamidomethyl;AC=UNIMOD:4;TA=C;MT=Fixed	NT=Phospho;AC=UNIMOD:21;TA=S,T,Y;MT=Variable	NT=Oxidation;AC=UNIMOD:35;TA=M;MT=Variable	NT=Trypsin;AC=MS:1001251	NT=collision-induced dissociation;AC=MS:1000133	10 ppm	sds page	dithiothreitol (dtt)	iodoacetamide (iaa)	1	1	muscle_mito_FD1_10ug_II_2_013011.RAW	ftp://ftp.pride.ebi.ac.uk/pride/data/archive/2018/10/PXD004312/muscle_mito_FD1_10ug_II_2_013011.RAW	v1.1.0	NT=ms-proteomics;VV=v1.1.0	NT=clinical-metadata;VV=v1.0.0	manual curation	muscle
muscle_mito_FD1_10ug_I_4_013011	homo sapiens	muscle	not applicable	type 2 diabetes mellitus	1	muscle_mito_FD1_10ug_I_4_013011	proteomic profiling by mass spectrometry	NT=Data-dependent acquisition;AC=PRIDE:0000627	NT=label free sample;AC=MS:1002038	NT=ltq ft;AC=MS:1000448	NT=Carbamidomethyl;AC=UNIMOD:4;TA=C;MT=Fixed	NT=Phospho;AC=UNIMOD:21;TA=S,T,Y;MT=Variable	NT=Oxidation;AC=UNIMOD:35;TA=M;MT=Variable	NT=Trypsin;AC=MS:1001251	NT=collision-induced dissociation;AC=MS:1000133	10 ppm	sds page	dithiothreitol (dtt)	iodoacetamide (iaa)	1	1	muscle_mito_FD1_10ug_I_4_013011.RAW	ftp://ftp.pride.ebi.ac.uk/pride/data/archive/2018/10/PXD004312/muscle_mito_FD1_10ug_I_4_013011.RAW	v1.1.0	NT=ms-proteomics;VV=v1.1.0	NT=clinical-metadata;VV=v1.0.0	manual curation	muscle
Mito_OG23_4ug_6_091009	homo sapiens	not available	not applicable	type 2 diabetes mellitus	1	Mito_OG23_4ug_6_091009	proteomic profiling by mass spectrometry	NT=Data-dependent acquisition;AC=PRIDE:0000627	NT=label free sample;AC=MS:1002038	NT=ltq ft;AC=MS:1000448	NT=Carbamidomethyl;AC=UNIMOD:4;TA=C;MT=Fixed	NT=Phospho;AC=UNIMOD:21;TA=S,T,Y;MT=Variable	NT=Oxidation;AC=UNIMOD:35;TA=M;MT=Variable	NT=Trypsin;AC=MS:1001251	NT=collision-induced dissociation;AC=MS:1000133	10 ppm	sds page	dithiothreitol (dtt)	iodoacetamide (iaa)	1	1	Mito_OG23_4ug_6_091009.RAW	ftp://ftp.pride.ebi.ac.uk/pride/data/archive/2018/10/PXD004312/Mito_OG23_4ug_6_091009.RAW	v1.1.0	NT=ms-proteomics;VV=v1.1.0	NT=clinical-metadata;VV=v1.0.0	manual curation	not available
Mito_OG23_4ug_1_091009	homo sapiens	not available	not applicable	type 2 diabetes mellitus	1	Mito_OG23_4ug_1_091009	proteomic profiling by mass spectrometry	NT=Data-dependent acquisition;AC=PRIDE:0000627	NT=label free sample;AC=MS:1002038	NT=ltq ft;AC=MS:1000448	NT=Carbamidomethyl;AC=UNIMOD:4;TA=C;MT=Fixed	NT=Phospho;AC=UNIMOD:21;TA=S,T,Y;MT=Variable	NT=Oxidation;AC=UNIMOD:35;TA=M;MT=Variable	NT=Trypsin;AC=MS:1001251	NT=collision-induced dissociation;AC=MS:1000133	10 ppm	sds page	dithiothreitol (dtt)	iodoacetamide (iaa)	1	1	Mito_OG23_4ug_1_091009.RAW	ftp://ftp.pride.ebi.ac.uk/pride/data/archive/2018/10/PXD004312/Mito_OG23_4ug_1_091009.RAW	v1.1.0	NT=ms-proteomics;VV=v1.1.0	NT=clinical-metadata;VV=v1.0.0	manual curation	not available
muscle_mito_FD2_10ug_II_2_013011	homo sapiens	muscle	not applicable	type 2 diabetes mellitus	1	muscle_mito_FD2_10ug_II_2_013011	proteomic profiling by mass spectrometry	NT=Data-dependent acquisition;AC=PRIDE:0000627	NT=label free sample;AC=MS:1002038	NT=ltq ft;AC=MS:1000448	NT=Carbamidomethyl;AC=UNIMOD:4;TA=C;MT=Fixed	NT=Phospho;AC=UNIMOD:21;TA=S,T,Y;MT=Variable	NT=Oxidation;AC=UNIMOD:35;TA=M;MT=Variable	NT=Trypsin;AC=MS:1001251	NT=collision-induced dissociation;AC=MS:1000133	10 ppm	sds page	dithiothreitol (dtt)	iodoacetamide (iaa)	1	1	muscle_mito_FD2_10ug_II_2_013011.RAW	ftp://ftp.pride.ebi.ac.uk/pride/data/archive/2018/10/PXD004312/muscle_mito_FD2_10ug_II_2_013011.RAW	v1.1.0	NT=ms-proteomics;VV=v1.1.0	NT=clinical-metadata;VV=v1.0.0	manual curation	muscle
muscle_mito_FD7_10ug_II_4_020211	homo sapiens	muscle	not applicable	type 2 diabetes mellitus	1	muscle_mito_FD7_10ug_II_4_020211	proteomic profiling by mass spectrometry	NT=Data-dependent acquisition;AC=PRIDE:0000627	NT=label free sample;AC=MS:1002038	NT=ltq ft;AC=MS:1000448	NT=Carbamidomethyl;AC=UNIMOD:4;TA=C;MT=Fixed	NT=Phospho;AC=UNIMOD:21;TA=S,T,Y;MT=Variable	NT=Oxidation;AC=UNIMOD:35;TA=M;MT=Variable	NT=Trypsin;AC=MS:1001251	NT=collision-induced dissociation;AC=MS:1000133	10 ppm	sds page	dithiothreitol (dtt)	iodoacetamide (iaa)	1	1	muscle_mito_FD7_10ug_II_4_020211.RAW	ftp://ftp.pride.ebi.ac.uk/pride/data/archive/2018/10/PXD004312/muscle_mito_FD7_10ug_II_4_020211.RAW	v1.1.0	NT=ms-proteomics;VV=v1.1.0	NT=clinical-metadata;VV=v1.0.0	manual curation	muscle
muscle_mito_MC2_10ug_II_3_011911	homo sapiens	muscle	not applicable	type 2 diabetes mellitus	1	muscle_mito_MC2_10ug_II_3_011911	proteomic profiling by mass spectrometry	NT=Data-dependent acquisition;AC=PRIDE:0000627	NT=label free sample;AC=MS:1002038	NT=ltq ft;AC=MS:1000448	NT=Carbamidomethyl;AC=UNIMOD:4;TA=C;MT=Fixed	NT=Phospho;AC=UNIMOD:21;TA=S,T,Y;MT=Variable	NT=Oxidation;AC=UNIMOD:35;TA=M;MT=Variable	NT=Trypsin;AC=MS:1001251	NT=collision-induced dissociation;AC=MS:1000133	10 ppm	sds page	dithiothreitol (dtt)	iodoacetamide (iaa)	1	1	muscle_mito_MC2_10ug_II_3_011911.RAW	ftp://ftp.pride.ebi.ac.uk/pride/data/archive/2018/10/PXD004312/muscle_mito_MC2_10ug_II_3_011911.RAW	v1.1.0	NT=ms-proteomics;VV=v1.1.0	NT=clinical-metadata;VV=v1.0.0	manual curation	muscle
muscle_mito_MC7_10ug_IV_6_012211	homo sapiens	muscle	not applicable	type 2 diabetes mellitus	1	muscle_mito_MC7_10ug_IV_6_012211	proteomic profiling by mass spectrometry	NT=Data-dependent acquisition;AC=PRIDE:0000627	NT=label free sample;AC=MS:1002038	NT=ltq ft;AC=MS:1000448	NT=Carbamidomethyl;AC=UNIMOD:4;TA=C;MT=Fixed	NT=Phospho;AC=UNIMOD:21;TA=S,T,Y;MT=Variable	NT=Oxidation;AC=UNIMOD:35;TA=M;MT=Variable	NT=Trypsin;AC=MS:1001251	NT=collision-induced dissociation;AC=MS:1000133	10 ppm	sds page	dithiothreitol (dtt)	iodoacetamide (iaa)	1	1	muscle_mito_MC7_10ug_IV_6_012211.RAW	ftp://ftp.pride.ebi.ac.uk/pride/data/archive/2018/10/PXD004312/muscle_mito_MC7_10ug_IV_6_012211.RAW	v1.1.0	NT=ms-proteomics;VV=v1.1.0	NT=clinical-metadata;VV=v1.0.0	manual curation	muscle
Mito_OG25_4ug_6_091009	homo sapiens	not available	not applicable	type 2 diabetes mellitus	1	Mito_OG25_4ug_6_091009	proteomic profiling by mass spectrometry	NT=Data-dependent acquisition;AC=PRIDE:0000627	NT=label free sample;AC=MS:1002038	NT=ltq ft;AC=MS:1000448	NT=Carbamidomethyl;AC=UNIMOD:4;TA=C;MT=Fixed	NT=Phospho;AC=UNIMOD:21;TA=S,T,Y;MT=Variable	NT=Oxidation;AC=UNIMOD:35;TA=M;MT=Variable	NT=Trypsin;AC=MS:1001251	NT=collision-induced dissociation;AC=MS:1000133	10 ppm	sds page	dithiothreitol (dtt)	iodoacetamide (iaa)	1	1	Mito_OG25_4ug_6_091009.RAW	ftp://ftp.pride.ebi.ac.uk/pride/data/archive/2018/10/PXD004312/Mito_OG25_4ug_6_091009.RAW	v1.1.0	NT=ms-proteomics;VV=v1.1.0	NT=clinical-metadata;VV=v1.0.0	manual curation	not available
Mito_OG10_4ug_2_090609	homo sapiens	not available	not applicable	type 2 diabetes mellitus	1	Mito_OG10_4ug_2_090609	proteomic profiling by mass spectrometry	NT=Data-dependent acquisition;AC=PRIDE:0000627	NT=label free sample;AC=MS:1002038	NT=ltq ft;AC=MS:1000448	NT=Carbamidomethyl;AC=UNIMOD:4;TA=C;MT=Fixed	NT=Phospho;AC=UNIMOD:21;TA=S,T,Y;MT=Variable	NT=Oxidation;AC=UNIMOD:35;TA=M;MT=Variable	NT=Trypsin;AC=MS:1001251	NT=collision-induced dissociation;AC=MS:1000133	10 ppm	sds page	dithiothreitol (dtt)	iodoacetamide (iaa)	1	1	Mito_OG10_4ug_2_090609.RAW	ftp://ftp.pride.ebi.ac.uk/pride/data/archive/2018/10/PXD004312/Mito_OG10_4ug_2_090609.RAW	v1.1.0	NT=ms-proteomics;VV=v1.1.0	NT=clinical-metadata;VV=v1.0.0	manual curation	not available
muscle_mito_MC2_10ug_II_6_011911	homo sapiens	muscle	not applicable	type 2 diabetes mellitus	1	muscle_mito_MC2_10ug_II_6_011911	proteomic profiling by mass spectrometry	NT=Data-dependent acquisition;AC=PRIDE:0000627	NT=label free sample;AC=MS:1002038	NT=ltq ft;AC=MS:1000448	NT=Carbamidomethyl;AC=UNIMOD:4;TA=C;MT=Fixed	NT=Phospho;AC=UNIMOD:21;TA=S,T,Y;MT=Variable	NT=Oxidation;AC=UNIMOD:35;TA=M;MT=Variable	NT=Trypsin;AC=MS:1001251	NT=collision-induced dissociation;AC=MS:1000133	10 ppm	sds page	dithiothreitol (dtt)	iodoacetamide (iaa)	1	1	muscle_mito_MC2_10ug_II_6_011911.RAW	ftp://ftp.pride.ebi.ac.uk/pride/data/archive/2018/10/PXD004312/muscle_mito_MC2_10ug_II_6_011911.RAW	v1.1.0	NT=ms-proteomics;VV=v1.1.0	NT=clinical-metadata;VV=v1.0.0	manual curation	muscle
Mito_OG12_4ug_5_090709	homo sapiens	not available	not applicable	type 2 diabetes mellitus	1	Mito_OG12_4ug_5_090709	proteomic profiling by mass spectrometry	NT=Data-dependent acquisition;AC=PRIDE:0000627	NT=label free sample;AC=MS:1002038	NT=ltq ft;AC=MS:1000448	NT=Carbamidomethyl;AC=UNIMOD:4;TA=C;MT=Fixed	NT=Phospho;AC=UNIMOD:21;TA=S,T,Y;MT=Variable	NT=Oxidation;AC=UNIMOD:35;TA=M;MT=Variable	NT=Trypsin;AC=MS:1001251	NT=collision-induced dissociation;AC=MS:1000133	10 ppm	sds page	dithiothreitol (dtt)	iodoacetamide (iaa)	1	1	Mito_OG12_4ug_5_090709.RAW	ftp://ftp.pride.ebi.ac.uk/pride/data/archive/2018/10/PXD004312/Mito_OG12_4ug_5_090709.RAW	v1.1.0	NT=ms-proteomics;VV=v1.1.0	NT=clinical-metadata;VV=v1.0.0	manual curation	not available
muscle_mito_FD2_10ug_II_7_013011	homo sapiens	muscle	not applicable	type 2 diabetes mellitus	1	muscle_mito_FD2_10ug_II_7_013011	proteomic profiling by mass spectrometry	NT=Data-dependent acquisition;AC=PRIDE:0000627	NT=label free sample;AC=MS:1002038	NT=ltq ft;AC=MS:1000448	NT=Carbamidomethyl;AC=UNIMOD:4;TA=C;MT=Fixed	NT=Phospho;AC=UNIMOD:21;TA=S,T,Y;MT=Variable	NT=Oxidation;AC=UNIMOD:35;TA=M;MT=Variable	NT=Trypsin;AC=MS:1001251	NT=collision-induced dissociation;AC=MS:1000133	10 ppm	sds page	dithiothreitol (dtt)	iodoacetamide (iaa)	1	1	muscle_mito_FD2_10ug_II_7_013011.RAW	ftp://ftp.pride.ebi.ac.uk/pride/data/archive/2018/10/PXD004312/muscle_mito_FD2_10ug_II_7_013011.RAW	v1.1.0	NT=ms-proteomics;VV=v1.1.0	NT=clinical-metadata;VV=v1.0.0	manual curation	muscle
muscle_mito_MD7_10ug_II_6_012311	homo sapiens	muscle	not applicable	type 2 diabetes mellitus	1	muscle_mito_MD7_10ug_II_6_012311	proteomic profiling by mass spectrometry	NT=Data-dependent acquisition;AC=PRIDE:0000627	NT=label free sample;AC=MS:1002038	NT=ltq ft;AC=MS:1000448	NT=Carbamidomethyl;AC=UNIMOD:4;TA=C;MT=Fixed	NT=Phospho;AC=UNIMOD:21;TA=S,T,Y;MT=Variable	NT=Oxidation;AC=UNIMOD:35;TA=M;MT=Variable	NT=Trypsin;AC=MS:1001251	NT=collision-induced dissociation;AC=MS:1000133	10 ppm	sds page	dithiothreitol (dtt)	iodoacetamide (iaa)	1	1	muscle_mito_MD7_10ug_II_6_012311.RAW	ftp://ftp.pride.ebi.ac.uk/pride/data/archive/2018/10/PXD004312/muscle_mito_MD7_10ug_II_6_012311.RAW	v1.1.0	NT=ms-proteomics;VV=v1.1.0	NT=clinical-metadata;VV=v1.0.0	manual curation	muscle
muscle_mito_FC6_10ug_II_5_012911	homo sapiens	muscle	not applicable	type 2 diabetes mellitus	1	muscle_mito_FC6_10ug_II_5_012911	proteomic profiling by mass spectrometry	NT=Data-dependent acquisition;AC=PRIDE:0000627	NT=label free sample;AC=MS:1002038	NT=ltq ft;AC=MS:1000448	NT=Carbamidomethyl;AC=UNIMOD:4;TA=C;MT=Fixed	NT=Phospho;AC=UNIMOD:21;TA=S,T,Y;MT=Variable	NT=Oxidation;AC=UNIMOD:35;TA=M;MT=Variable	NT=Trypsin;AC=MS:1001251	NT=collision-induced dissociation;AC=MS:1000133	10 ppm	sds page	dithiothreitol (dtt)	iodoacetamide (iaa)	1	1	muscle_mito_FC6_10ug_II_5_012911.RAW	ftp://ftp.pride.ebi.ac.uk/pride/data/archive/2018/10/PXD004312/muscle_mito_FC6_10ug_II_5_012911.RAW	v1.1.0	NT=ms-proteomics;VV=v1.1.0	NT=clinical-metadata;VV=v1.0.0	manual curation	muscle
Mito_OG7_4ug_2_090509	homo sapiens	not available	not applicable	type 2 diabetes mellitus	1	Mito_OG7_4ug_2_090509	proteomic profiling by mass spectrometry	NT=Data-dependent acquisition;AC=PRIDE:0000627	NT=label free sample;AC=MS:1002038	NT=ltq ft;AC=MS:1000448	NT=Carbamidomethyl;AC=UNIMOD:4;TA=C;MT=Fixed	NT=Phospho;AC=UNIMOD:21;TA=S,T,Y;MT=Variable	NT=Oxidation;AC=UNIMOD:35;TA=M;MT=Variable	NT=Trypsin;AC=MS:1001251	NT=collision-induced dissociation;AC=MS:1000133	10 ppm	sds page	dithiothreitol (dtt)	iodoacetamide (iaa)	1	1	Mito_OG7_4ug_2_090509.RAW	ftp://ftp.pride.ebi.ac.uk/pride/data/archive/2018/10/PXD004312/Mito_OG7_4ug_2_090509.RAW	v1.1.0	NT=ms-proteomics;VV=v1.1.0	NT=clinical-metadata;VV=v1.0.0	manual curation	not available
muscle_mito_FD2_10ug_I_7_013011	homo sapiens	muscle	not applicable	type 2 diabetes mellitus	1	muscle_mito_FD2_10ug_I_7_013011	proteomic profiling by mass spectrometry	NT=Data-dependent acquisition;AC=PRIDE:0000627	NT=label free sample;AC=MS:1002038	NT=ltq ft;AC=MS:1000448	NT=Carbamidomethyl;AC=UNIMOD:4;TA=C;MT=Fixed	NT=Phospho;AC=UNIMOD:21;TA=S,T,Y;MT=Variable	NT=Oxidation;AC=UNIMOD:35;TA=M;MT=Variable	NT=Trypsin;AC=MS:1001251	NT=collision-induced dissociation;AC=MS:1000133	10 ppm	sds page	dithiothreitol (dtt)	iodoacetamide (iaa)	1	1	muscle_mito_FD2_10ug_I_7_013011.RAW	ftp://ftp.pride.ebi.ac.uk/pride/data/archive/2018/10/PXD004312/muscle_mito_FD2_10ug_I_7_013011.RAW	v1.1.0	NT=ms-proteomics;VV=v1.1.0	NT=clinical-metadata;VV=v1.0.0	manual curation	muscle
muscle_mito_FD2_10ug_II_6_013011	homo sapiens	muscle	not applicable	type 2 diabetes mellitus	1	muscle_mito_FD2_10ug_II_6_013011	proteomic profiling by mass spectrometry	NT=Data-dependent acquisition;AC=PRIDE:0000627	NT=label free sample;AC=MS:1002038	NT=ltq ft;AC=MS:1000448	NT=Carbamidomethyl;AC=UNIMOD:4;TA=C;MT=Fixed	NT=Phospho;AC=UNIMOD:21;TA=S,T,Y;MT=Variable	NT=Oxidation;AC=UNIMOD:35;TA=M;MT=Variable	NT=Trypsin;AC=MS:1001251	NT=collision-induced dissociation;AC=MS:1000133	10 ppm	sds page	dithiothreitol (dtt)	iodoacetamide (iaa)	1	1	muscle_mito_FD2_10ug_II_6_013011.RAW	ftp://ftp.pride.ebi.ac.uk/pride/data/archive/2018/10/PXD004312/muscle_mito_FD2_10ug_II_6_013011.RAW	v1.1.0	NT=ms-proteomics;VV=v1.1.0	NT=clinical-metadata;VV=v1.0.0	manual curation	muscle
Mito_OG17_4ug_1_090809	homo sapiens	not available	not applicable	type 2 diabetes mellitus	1	Mito_OG17_4ug_1_090809	proteomic profiling by mass spectrometry	NT=Data-dependent acquisition;AC=PRIDE:0000627	NT=label free sample;AC=MS:1002038	NT=ltq ft;AC=MS:1000448	NT=Carbamidomethyl;AC=UNIMOD:4;TA=C;MT=Fixed	NT=Phospho;AC=UNIMOD:21;TA=S,T,Y;MT=Variable	NT=Oxidation;AC=UNIMOD:35;TA=M;MT=Variable	NT=Trypsin;AC=MS:1001251	NT=collision-induced dissociation;AC=MS:1000133	10 ppm	sds page	dithiothreitol (dtt)	iodoacetamide (iaa)	1	1	Mito_OG17_4ug_1_090809.RAW	ftp://ftp.pride.ebi.ac.uk/pride/data/archive/2018/10/PXD004312/Mito_OG17_4ug_1_090809.RAW	v1.1.0	NT=ms-proteomics;VV=v1.1.0	NT=clinical-metadata;VV=v1.0.0	manual curation	not available
muscle_mito_MC2_10ug_II_2_011911	homo sapiens	muscle	not applicable	type 2 diabetes mellitus	1	muscle_mito_MC2_10ug_II_2_011911	proteomic profiling by mass spectrometry	NT=Data-dependent acquisition;AC=PRIDE:0000627	NT=label free sample;AC=MS:1002038	NT=ltq ft;AC=MS:1000448	NT=Carbamidomethyl;AC=UNIMOD:4;TA=C;MT=Fixed	NT=Phospho;AC=UNIMOD:21;TA=S,T,Y;MT=Variable	NT=Oxidation;AC=UNIMOD:35;TA=M;MT=Variable	NT=Trypsin;AC=MS:1001251	NT=collision-induced dissociation;AC=MS:1000133	10 ppm	sds page	dithiothreitol (dtt)	iodoacetamide (iaa)	1	1	muscle_mito_MC2_10ug_II_2_011911.RAW	ftp://ftp.pride.ebi.ac.uk/pride/data/archive/2018/10/PXD004312/muscle_mito_MC2_10ug_II_2_011911.RAW	v1.1.0	NT=ms-proteomics;VV=v1.1.0	NT=clinical-metadata;VV=v1.0.0	manual curation	muscle
Mito_OG3_4ug_7_090309	homo sapiens	not available	not applicable	type 2 diabetes mellitus	1	Mito_OG3_4ug_7_090309	proteomic profiling by mass spectrometry	NT=Data-dependent acquisition;AC=PRIDE:0000627	NT=label free sample;AC=MS:1002038	NT=ltq ft;AC=MS:1000448	NT=Carbamidomethyl;AC=UNIMOD:4;TA=C;MT=Fixed	NT=Phospho;AC=UNIMOD:21;TA=S,T,Y;MT=Variable	NT=Oxidation;AC=UNIMOD:35;TA=M;MT=Variable	NT=Trypsin;AC=MS:1001251	NT=collision-induced dissociation;AC=MS:1000133	10 ppm	sds page	dithiothreitol (dtt)	iodoacetamide (iaa)	1	1	Mito_OG3_4ug_7_090309.RAW	ftp://ftp.pride.ebi.ac.uk/pride/data/archive/2018/10/PXD004312/Mito_OG3_4ug_7_090309.RAW	v1.1.0	NT=ms-proteomics;VV=v1.1.0	NT=clinical-metadata;VV=v1.0.0	manual curation	not available
muscle_mito_FD4_10ug_II_4_020111	homo sapiens	muscle	not applicable	type 2 diabetes mellitus	1	muscle_mito_FD4_10ug_II_4_020111	proteomic profiling by mass spectrometry	NT=Data-dependent acquisition;AC=PRIDE:0000627	NT=label free sample;AC=MS:1002038	NT=ltq ft;AC=MS:1000448	NT=Carbamidomethyl;AC=UNIMOD:4;TA=C;MT=Fixed	NT=Phospho;AC=UNIMOD:21;TA=S,T,Y;MT=Variable	NT=Oxidation;AC=UNIMOD:35;TA=M;MT=Variable	NT=Trypsin;AC=MS:1001251	NT=collision-induced dissociation;AC=MS:1000133	10 ppm	sds page	dithiothreitol (dtt)	iodoacetamide (iaa)	1	1	muscle_mito_FD4_10ug_II_4_020111.RAW	ftp://ftp.pride.ebi.ac.uk/pride/data/archive/2018/10/PXD004312/muscle_mito_FD4_10ug_II_4_020111.RAW	v1.1.0	NT=ms-proteomics;VV=v1.1.0	NT=clinical-metadata;VV=v1.0.0	manual curation	muscle
muscle_mito_FD6_10ug_III_5_020111	homo sapiens	muscle	not applicable	type 2 diabetes mellitus	1	muscle_mito_FD6_10ug_III_5_020111	proteomic profiling by mass spectrometry	NT=Data-dependent acquisition;AC=PRIDE:0000627	NT=label free sample;AC=MS:1002038	NT=ltq ft;AC=MS:1000448	NT=Carbamidomethyl;AC=UNIMOD:4;TA=C;MT=Fixed	NT=Phospho;AC=UNIMOD:21;TA=S,T,Y;MT=Variable	NT=Oxidation;AC=UNIMOD:35;TA=M;MT=Variable	NT=Trypsin;AC=MS:1001251	NT=collision-induced dissociation;AC=MS:1000133	10 ppm	sds page	dithiothreitol (dtt)	iodoacetamide (iaa)	1	1	muscle_mito_FD6_10ug_III_5_020111.RAW	ftp://ftp.pride.ebi.ac.uk/pride/data/archive/2018/10/PXD004312/muscle_mito_FD6_10ug_III_5_020111.RAW	v1.1.0	NT=ms-proteomics;VV=v1.1.0	NT=clinical-metadata;VV=v1.0.0	manual curation	muscle
muscle_mito_FD4_10ug_I_6_020111	homo sapiens	muscle	not applicable	type 2 diabetes mellitus	1	muscle_mito_FD4_10ug_I_6_020111	proteomic profiling by mass spectrometry	NT=Data-dependent acquisition;AC=PRIDE:0000627	NT=label free sample;AC=MS:1002038	NT=ltq ft;AC=MS:1000448	NT=Carbamidomethyl;AC=UNIMOD:4;TA=C;MT=Fixed	NT=Phospho;AC=UNIMOD:21;TA=S,T,Y;MT=Variable	NT=Oxidation;AC=UNIMOD:35;TA=M;MT=Variable	NT=Trypsin;AC=MS:1001251	NT=collision-induced dissociation;AC=MS:1000133	10 ppm	sds page	dithiothreitol (dtt)	iodoacetamide (iaa)	1	1	muscle_mito_FD4_10ug_I_6_020111.RAW	ftp://ftp.pride.ebi.ac.uk/pride/data/archive/2018/10/PXD004312/muscle_mito_FD4_10ug_I_6_020111.RAW	v1.1.0	NT=ms-proteomics;VV=v1.1.0	NT=clinical-metadata;VV=v1.0.0	manual curation	muscle
muscle_mito_FD2_10ug_III_3_013011	homo sapiens	muscle	not applicable	type 2 diabetes mellitus	1	muscle_mito_FD2_10ug_III_3_013011	proteomic profiling by mass spectrometry	NT=Data-dependent acquisition;AC=PRIDE:0000627	NT=label free sample;AC=MS:1002038	NT=ltq ft;AC=MS:1000448	NT=Carbamidomethyl;AC=UNIMOD:4;TA=C;MT=Fixed	NT=Phospho;AC=UNIMOD:21;TA=S,T,Y;MT=Variable	NT=Oxidation;AC=UNIMOD:35;TA=M;MT=Variable	NT=Trypsin;AC=MS:1001251	NT=collision-induced dissociation;AC=MS:1000133	10 ppm	sds page	dithiothreitol (dtt)	iodoacetamide (iaa)	1	1	muscle_mito_FD2_10ug_III_3_013011.RAW	ftp://ftp.pride.ebi.ac.uk/pride/data/archive/2018/10/PXD004312/muscle_mito_FD2_10ug_III_3_013011.RAW	v1.1.0	NT=ms-proteomics;VV=v1.1.0	NT=clinical-metadata;VV=v1.0.0	manual curation	muscle
Mito_OG2_4ug_2_090309	homo sapiens	not available	not applicable	type 2 diabetes mellitus	1	Mito_OG2_4ug_2_090309	proteomic profiling by mass spectrometry	NT=Data-dependent acquisition;AC=PRIDE:0000627	NT=label free sample;AC=MS:1002038	NT=ltq ft;AC=MS:1000448	NT=Carbamidomethyl;AC=UNIMOD:4;TA=C;MT=Fixed	NT=Phospho;AC=UNIMOD:21;TA=S,T,Y;MT=Variable	NT=Oxidation;AC=UNIMOD:35;TA=M;MT=Variable	NT=Trypsin;AC=MS:1001251	NT=collision-induced dissociation;AC=MS:1000133	10 ppm	sds page	dithiothreitol (dtt)	iodoacetamide (iaa)	1	1	Mito_OG2_4ug_2_090309.RAW	ftp://ftp.pride.ebi.ac.uk/pride/data/archive/2018/10/PXD004312/Mito_OG2_4ug_2_090309.RAW	v1.1.0	NT=ms-proteomics;VV=v1.1.0	NT=clinical-metadata;VV=v1.0.0	manual curation	not available
Mito_OG7_4ug_4_090509	homo sapiens	not available	not applicable	type 2 diabetes mellitus	1	Mito_OG7_4ug_4_090509	proteomic profiling by mass spectrometry	NT=Data-dependent acquisition;AC=PRIDE:0000627	NT=label free sample;AC=MS:1002038	NT=ltq ft;AC=MS:1000448	NT=Carbamidomethyl;AC=UNIMOD:4;TA=C;MT=Fixed	NT=Phospho;AC=UNIMOD:21;TA=S,T,Y;MT=Variable	NT=Oxidation;AC=UNIMOD:35;TA=M;MT=Variable	NT=Trypsin;AC=MS:1001251	NT=collision-induced dissociation;AC=MS:1000133	10 ppm	sds page	dithiothreitol (dtt)	iodoacetamide (iaa)	1	1	Mito_OG7_4ug_4_090509.RAW	ftp://ftp.pride.ebi.ac.uk/pride/data/archive/2018/10/PXD004312/Mito_OG7_4ug_4_090509.RAW	v1.1.0	NT=ms-proteomics;VV=v1.1.0	NT=clinical-metadata;VV=v1.0.0	manual curation	not available
muscle_mito_MC7_10ug_IV_5_012211	homo sapiens	muscle	not applicable	type 2 diabetes mellitus	1	muscle_mito_MC7_10ug_IV_5_012211	proteomic profiling by mass spectrometry	NT=Data-dependent acquisition;AC=PRIDE:0000627	NT=label free sample;AC=MS:1002038	NT=ltq ft;AC=MS:1000448	NT=Carbamidomethyl;AC=UNIMOD:4;TA=C;MT=Fixed	NT=Phospho;AC=UNIMOD:21;TA=S,T,Y;MT=Variable	NT=Oxidation;AC=UNIMOD:35;TA=M;MT=Variable	NT=Trypsin;AC=MS:1001251	NT=collision-induced dissociation;AC=MS:1000133	10 ppm	sds page	dithiothreitol (dtt)	iodoacetamide (iaa)	1	1	muscle_mito_MC7_10ug_IV_5_012211.RAW	ftp://ftp.pride.ebi.ac.uk/pride/data/archive/2018/10/PXD004312/muscle_mito_MC7_10ug_IV_5_012211.RAW	v1.1.0	NT=ms-proteomics;VV=v1.1.0	NT=clinical-metadata;VV=v1.0.0	manual curation	muscle
muscle_mito_FC2_10ug_III_6_012711	homo sapiens	muscle	not applicable	type 2 diabetes mellitus	1	muscle_mito_FC2_10ug_III_6_012711	proteomic profiling by mass spectrometry	NT=Data-dependent acquisition;AC=PRIDE:0000627	NT=label free sample;AC=MS:1002038	NT=ltq ft;AC=MS:1000448	NT=Carbamidomethyl;AC=UNIMOD:4;TA=C;MT=Fixed	NT=Phospho;AC=UNIMOD:21;TA=S,T,Y;MT=Variable	NT=Oxidation;AC=UNIMOD:35;TA=M;MT=Variable	NT=Trypsin;AC=MS:1001251	NT=collision-induced dissociation;AC=MS:1000133	10 ppm	sds page	dithiothreitol (dtt)	iodoacetamide (iaa)	1	1	muscle_mito_FC2_10ug_III_6_012711.RAW	ftp://ftp.pride.ebi.ac.uk/pride/data/archive/2018/10/PXD004312/muscle_mito_FC2_10ug_III_6_012711.RAW	v1.1.0	NT=ms-proteomics;VV=v1.1.0	NT=clinical-metadata;VV=v1.0.0	manual curation	muscle
muscle_mito_FC3_10ug_III_5_012811	homo sapiens	muscle	not applicable	type 2 diabetes mellitus	1	muscle_mito_FC3_10ug_III_5_012811	proteomic profiling by mass spectrometry	NT=Data-dependent acquisition;AC=PRIDE:0000627	NT=label free sample;AC=MS:1002038	NT=ltq ft;AC=MS:1000448	NT=Carbamidomethyl;AC=UNIMOD:4;TA=C;MT=Fixed	NT=Phospho;AC=UNIMOD:21;TA=S,T,Y;MT=Variable	NT=Oxidation;AC=UNIMOD:35;TA=M;MT=Variable	NT=Trypsin;AC=MS:1001251	NT=collision-induced dissociation;AC=MS:1000133	10 ppm	sds page	dithiothreitol (dtt)	iodoacetamide (iaa)	1	1	muscle_mito_FC3_10ug_III_5_012811.RAW	ftp://ftp.pride.ebi.ac.uk/pride/data/archive/2018/10/PXD004312/muscle_mito_FC3_10ug_III_5_012811.RAW	v1.1.0	NT=ms-proteomics;VV=v1.1.0	NT=clinical-metadata;VV=v1.0.0	manual curation	muscle
Mito_OG18_4ug_6_090909	homo sapiens	not available	not applicable	type 2 diabetes mellitus	1	Mito_OG18_4ug_6_090909	proteomic profiling by mass spectrometry	NT=Data-dependent acquisition;AC=PRIDE:0000627	NT=label free sample;AC=MS:1002038	NT=ltq ft;AC=MS:1000448	NT=Carbamidomethyl;AC=UNIMOD:4;TA=C;MT=Fixed	NT=Phospho;AC=UNIMOD:21;TA=S,T,Y;MT=Variable	NT=Oxidation;AC=UNIMOD:35;TA=M;MT=Variable	NT=Trypsin;AC=MS:1001251	NT=collision-induced dissociation;AC=MS:1000133	10 ppm	sds page	dithiothreitol (dtt)	iodoacetamide (iaa)	1	1	Mito_OG18_4ug_6_090909.RAW	ftp://ftp.pride.ebi.ac.uk/pride/data/archive/2018/10/PXD004312/Mito_OG18_4ug_6_090909.RAW	v1.1.0	NT=ms-proteomics;VV=v1.1.0	NT=clinical-metadata;VV=v1.0.0	manual curation	not available
muscle_mito_MD6_10ug_I_5_012311	homo sapiens	muscle	not applicable	type 2 diabetes mellitus	1	muscle_mito_MD6_10ug_I_5_012311	proteomic profiling by mass spectrometry	NT=Data-dependent acquisition;AC=PRIDE:0000627	NT=label free sample;AC=MS:1002038	NT=ltq ft;AC=MS:1000448	NT=Carbamidomethyl;AC=UNIMOD:4;TA=C;MT=Fixed	NT=Phospho;AC=UNIMOD:21;TA=S,T,Y;MT=Variable	NT=Oxidation;AC=UNIMOD:35;TA=M;MT=Variable	NT=Trypsin;AC=MS:1001251	NT=collision-induced dissociation;AC=MS:1000133	10 ppm	sds page	dithiothreitol (dtt)	iodoacetamide (iaa)	1	1	muscle_mito_MD6_10ug_I_5_012311.RAW	ftp://ftp.pride.ebi.ac.uk/pride/data/archive/2018/10/PXD004312/muscle_mito_MD6_10ug_I_5_012311.RAW	v1.1.0	NT=ms-proteomics;VV=v1.1.0	NT=clinical-metadata;VV=v1.0.0	manual curation	muscle
muscle_mito_FD6_10ug_II_6_020111	homo sapiens	muscle	not applicable	type 2 diabetes mellitus	1	muscle_mito_FD6_10ug_II_6_020111	proteomic profiling by mass spectrometry	NT=Data-dependent acquisition;AC=PRIDE:0000627	NT=label free sample;AC=MS:1002038	NT=ltq ft;AC=MS:1000448	NT=Carbamidomethyl;AC=UNIMOD:4;TA=C;MT=Fixed	NT=Phospho;AC=UNIMOD:21;TA=S,T,Y;MT=Variable	NT=Oxidation;AC=UNIMOD:35;TA=M;MT=Variable	NT=Trypsin;AC=MS:1001251	NT=collision-induced dissociation;AC=MS:1000133	10 ppm	sds page	dithiothreitol (dtt)	iodoacetamide (iaa)	1	1	muscle_mito_FD6_10ug_II_6_020111.RAW	ftp://ftp.pride.ebi.ac.uk/pride/data/archive/2018/10/PXD004312/muscle_mito_FD6_10ug_II_6_020111.RAW	v1.1.0	NT=ms-proteomics;VV=v1.1.0	NT=clinical-metadata;VV=v1.0.0	manual curation	muscle
muscle_mito_MD2_10ug_II_3_012111	homo sapiens	muscle	not applicable	type 2 diabetes mellitus	1	muscle_mito_MD2_10ug_II_3_012111	proteomic profiling by mass spectrometry	NT=Data-dependent acquisition;AC=PRIDE:0000627	NT=label free sample;AC=MS:1002038	NT=ltq ft;AC=MS:1000448	NT=Carbamidomethyl;AC=UNIMOD:4;TA=C;MT=Fixed	NT=Phospho;AC=UNIMOD:21;TA=S,T,Y;MT=Variable	NT=Oxidation;AC=UNIMOD:35;TA=M;MT=Variable	NT=Trypsin;AC=MS:1001251	NT=collision-induced dissociation;AC=MS:1000133	10 ppm	sds page	dithiothreitol (dtt)	iodoacetamide (iaa)	1	1	muscle_mito_MD2_10ug_II_3_012111.RAW	ftp://ftp.pride.ebi.ac.uk/pride/data/archive/2018/10/PXD004312/muscle_mito_MD2_10ug_II_3_012111.RAW	v1.1.0	NT=ms-proteomics;VV=v1.1.0	NT=clinical-metadata;VV=v1.0.0	manual curation	muscle
Mito_OG13_4ug_1_090709	homo sapiens	not available	not applicable	type 2 diabetes mellitus	1	Mito_OG13_4ug_1_090709	proteomic profiling by mass spectrometry	NT=Data-dependent acquisition;AC=PRIDE:0000627	NT=label free sample;AC=MS:1002038	NT=ltq ft;AC=MS:1000448	NT=Carbamidomethyl;AC=UNIMOD:4;TA=C;MT=Fixed	NT=Phospho;AC=UNIMOD:21;TA=S,T,Y;MT=Variable	NT=Oxidation;AC=UNIMOD:35;TA=M;MT=Variable	NT=Trypsin;AC=MS:1001251	NT=collision-induced dissociation;AC=MS:1000133	10 ppm	sds page	dithiothreitol (dtt)	iodoacetamide (iaa)	1	1	Mito_OG13_4ug_1_090709.RAW	ftp://ftp.pride.ebi.ac.uk/pride/data/archive/2018/10/PXD004312/Mito_OG13_4ug_1_090709.RAW	v1.1.0	NT=ms-proteomics;VV=v1.1.0	NT=clinical-metadata;VV=v1.0.0	manual curation	not available
Mito_OG8_4ug_1_090609	homo sapiens	not available	not applicable	type 2 diabetes mellitus	1	Mito_OG8_4ug_1_090609	proteomic profiling by mass spectrometry	NT=Data-dependent acquisition;AC=PRIDE:0000627	NT=label free sample;AC=MS:1002038	NT=ltq ft;AC=MS:1000448	NT=Carbamidomethyl;AC=UNIMOD:4;TA=C;MT=Fixed	NT=Phospho;AC=UNIMOD:21;TA=S,T,Y;MT=Variable	NT=Oxidation;AC=UNIMOD:35;TA=M;MT=Variable	NT=Trypsin;AC=MS:1001251	NT=collision-induced dissociation;AC=MS:1000133	10 ppm	sds page	dithiothreitol (dtt)	iodoacetamide (iaa)	1	1	Mito_OG8_4ug_1_090609.RAW	ftp://ftp.pride.ebi.ac.uk/pride/data/archive/2018/10/PXD004312/Mito_OG8_4ug_1_090609.RAW	v1.1.0	NT=ms-proteomics;VV=v1.1.0	NT=clinical-metadata;VV=v1.0.0	manual curation	not available
muscle_mito_MC5_10ug_III_5_012211	homo sapiens	muscle	not applicable	type 2 diabetes mellitus	1	muscle_mito_MC5_10ug_III_5_012211	proteomic profiling by mass spectrometry	NT=Data-dependent acquisition;AC=PRIDE:0000627	NT=label free sample;AC=MS:1002038	NT=ltq ft;AC=MS:1000448	NT=Carbamidomethyl;AC=UNIMOD:4;TA=C;MT=Fixed	NT=Phospho;AC=UNIMOD:21;TA=S,T,Y;MT=Variable	NT=Oxidation;AC=UNIMOD:35;TA=M;MT=Variable	NT=Trypsin;AC=MS:1001251	NT=collision-induced dissociation;AC=MS:1000133	10 ppm	sds page	dithiothreitol (dtt)	iodoacetamide (iaa)	1	1	muscle_mito_MC5_10ug_III_5_012211.RAW	ftp://ftp.pride.ebi.ac.uk/pride/data/archive/2018/10/PXD004312/muscle_mito_MC5_10ug_III_5_012211.RAW	v1.1.0	NT=ms-proteomics;VV=v1.1.0	NT=clinical-metadata;VV=v1.0.0	manual curation	muscle
muscle_mito_FC6_10ug_III_5_012911	homo sapiens	muscle	not applicable	type 2 diabetes mellitus	1	muscle_mito_FC6_10ug_III_5_012911	proteomic profiling by mass spectrometry	NT=Data-dependent acquisition;AC=PRIDE:0000627	NT=label free sample;AC=MS:1002038	NT=ltq ft;AC=MS:1000448	NT=Carbamidomethyl;AC=UNIMOD:4;TA=C;MT=Fixed	NT=Phospho;AC=UNIMOD:21;TA=S,T,Y;MT=Variable	NT=Oxidation;AC=UNIMOD:35;TA=M;MT=Variable	NT=Trypsin;AC=MS:1001251	NT=collision-induced dissociation;AC=MS:1000133	10 ppm	sds page	dithiothreitol (dtt)	iodoacetamide (iaa)	1	1	muscle_mito_FC6_10ug_III_5_012911.RAW	ftp://ftp.pride.ebi.ac.uk/pride/data/archive/2018/10/PXD004312/muscle_mito_FC6_10ug_III_5_012911.RAW	v1.1.0	NT=ms-proteomics;VV=v1.1.0	NT=clinical-metadata;VV=v1.0.0	manual curation	muscle
muscle_mito_FD4_10ug_I_1_020111	homo sapiens	muscle	not applicable	type 2 diabetes mellitus	1	muscle_mito_FD4_10ug_I_1_020111	proteomic profiling by mass spectrometry	NT=Data-dependent acquisition;AC=PRIDE:0000627	NT=label free sample;AC=MS:1002038	NT=ltq ft;AC=MS:1000448	NT=Carbamidomethyl;AC=UNIMOD:4;TA=C;MT=Fixed	NT=Phospho;AC=UNIMOD:21;TA=S,T,Y;MT=Variable	NT=Oxidation;AC=UNIMOD:35;TA=M;MT=Variable	NT=Trypsin;AC=MS:1001251	NT=collision-induced dissociation;AC=MS:1000133	10 ppm	sds page	dithiothreitol (dtt)	iodoacetamide (iaa)	1	1	muscle_mito_FD4_10ug_I_1_020111.RAW	ftp://ftp.pride.ebi.ac.uk/pride/data/archive/2018/10/PXD004312/muscle_mito_FD4_10ug_I_1_020111.RAW	v1.1.0	NT=ms-proteomics;VV=v1.1.0	NT=clinical-metadata;VV=v1.0.0	manual curation	muscle
muscle_mito_FD1_10ug_III_4_013011	homo sapiens	muscle	not applicable	type 2 diabetes mellitus	1	muscle_mito_FD1_10ug_III_4_013011	proteomic profiling by mass spectrometry	NT=Data-dependent acquisition;AC=PRIDE:0000627	NT=label free sample;AC=MS:1002038	NT=ltq ft;AC=MS:1000448	NT=Carbamidomethyl;AC=UNIMOD:4;TA=C;MT=Fixed	NT=Phospho;AC=UNIMOD:21;TA=S,T,Y;MT=Variable	NT=Oxidation;AC=UNIMOD:35;TA=M;MT=Variable	NT=Trypsin;AC=MS:1001251	NT=collision-induced dissociation;AC=MS:1000133	10 ppm	sds page	dithiothreitol (dtt)	iodoacetamide (iaa)	1	1	muscle_mito_FD1_10ug_III_4_013011.RAW	ftp://ftp.pride.ebi.ac.uk/pride/data/archive/2018/10/PXD004312/muscle_mito_FD1_10ug_III_4_013011.RAW	v1.1.0	NT=ms-proteomics;VV=v1.1.0	NT=clinical-metadata;VV=v1.0.0	manual curation	muscle
muscle_mito_FD4_10ug_III_2_020111	homo sapiens	muscle	not applicable	type 2 diabetes mellitus	1	muscle_mito_FD4_10ug_III_2_020111	proteomic profiling by mass spectrometry	NT=Data-dependent acquisition;AC=PRIDE:0000627	NT=label free sample;AC=MS:1002038	NT=ltq ft;AC=MS:1000448	NT=Carbamidomethyl;AC=UNIMOD:4;TA=C;MT=Fixed	NT=Phospho;AC=UNIMOD:21;TA=S,T,Y;MT=Variable	NT=Oxidation;AC=UNIMOD:35;TA=M;MT=Variable	NT=Trypsin;AC=MS:1001251	NT=collision-induced dissociation;AC=MS:1000133	10 ppm	sds page	dithiothreitol (dtt)	iodoacetamide (iaa)	1	1	muscle_mito_FD4_10ug_III_2_020111.RAW	ftp://ftp.pride.ebi.ac.uk/pride/data/archive/2018/10/PXD004312/muscle_mito_FD4_10ug_III_2_020111.RAW	v1.1.0	NT=ms-proteomics;VV=v1.1.0	NT=clinical-metadata;VV=v1.0.0	manual curation	muscle
Mito_OG14_4ug_2_090709	homo sapiens	not available	not applicable	type 2 diabetes mellitus	1	Mito_OG14_4ug_2_090709	proteomic profiling by mass spectrometry	NT=Data-dependent acquisition;AC=PRIDE:0000627	NT=label free sample;AC=MS:1002038	NT=ltq ft;AC=MS:1000448	NT=Carbamidomethyl;AC=UNIMOD:4;TA=C;MT=Fixed	NT=Phospho;AC=UNIMOD:21;TA=S,T,Y;MT=Variable	NT=Oxidation;AC=UNIMOD:35;TA=M;MT=Variable	NT=Trypsin;AC=MS:1001251	NT=collision-induced dissociation;AC=MS:1000133	10 ppm	sds page	dithiothreitol (dtt)	iodoacetamide (iaa)	1	1	Mito_OG14_4ug_2_090709.RAW	ftp://ftp.pride.ebi.ac.uk/pride/data/archive/2018/10/PXD004312/Mito_OG14_4ug_2_090709.RAW	v1.1.0	NT=ms-proteomics;VV=v1.1.0	NT=clinical-metadata;VV=v1.0.0	manual curation	not available
Mito_OG6_4ug_4_090509	homo sapiens	not available	not applicable	type 2 diabetes mellitus	1	Mito_OG6_4ug_4_090509	proteomic profiling by mass spectrometry	NT=Data-dependent acquisition;AC=PRIDE:0000627	NT=label free sample;AC=MS:1002038	NT=ltq ft;AC=MS:1000448	NT=Carbamidomethyl;AC=UNIMOD:4;TA=C;MT=Fixed	NT=Phospho;AC=UNIMOD:21;TA=S,T,Y;MT=Variable	NT=Oxidation;AC=UNIMOD:35;TA=M;MT=Variable	NT=Trypsin;AC=MS:1001251	NT=collision-induced dissociation;AC=MS:1000133	10 ppm	sds page	dithiothreitol (dtt)	iodoacetamide (iaa)	1	1	Mito_OG6_4ug_4_090509.RAW	ftp://ftp.pride.ebi.ac.uk/pride/data/archive/2018/10/PXD004312/Mito_OG6_4ug_4_090509.RAW	v1.1.0	NT=ms-proteomics;VV=v1.1.0	NT=clinical-metadata;VV=v1.0.0	manual curation	not available
muscle_mito_FC2_10ug_II_4_012711	homo sapiens	muscle	not applicable	type 2 diabetes mellitus	1	muscle_mito_FC2_10ug_II_4_012711	proteomic profiling by mass spectrometry	NT=Data-dependent acquisition;AC=PRIDE:0000627	NT=label free sample;AC=MS:1002038	NT=ltq ft;AC=MS:1000448	NT=Carbamidomethyl;AC=UNIMOD:4;TA=C;MT=Fixed	NT=Phospho;AC=UNIMOD:21;TA=S,T,Y;MT=Variable	NT=Oxidation;AC=UNIMOD:35;TA=M;MT=Variable	NT=Trypsin;AC=MS:1001251	NT=collision-induced dissociation;AC=MS:1000133	10 ppm	sds page	dithiothreitol (dtt)	iodoacetamide (iaa)	1	1	muscle_mito_FC2_10ug_II_4_012711.RAW	ftp://ftp.pride.ebi.ac.uk/pride/data/archive/2018/10/PXD004312/muscle_mito_FC2_10ug_II_4_012711.RAW	v1.1.0	NT=ms-proteomics;VV=v1.1.0	NT=clinical-metadata;VV=v1.0.0	manual curation	muscle
muscle_mito_MD6_10ug_IV_6_012211	homo sapiens	muscle	not applicable	type 2 diabetes mellitus	1	muscle_mito_MD6_10ug_IV_6_012211	proteomic profiling by mass spectrometry	NT=Data-dependent acquisition;AC=PRIDE:0000627	NT=label free sample;AC=MS:1002038	NT=ltq ft;AC=MS:1000448	NT=Carbamidomethyl;AC=UNIMOD:4;TA=C;MT=Fixed	NT=Phospho;AC=UNIMOD:21;TA=S,T,Y;MT=Variable	NT=Oxidation;AC=UNIMOD:35;TA=M;MT=Variable	NT=Trypsin;AC=MS:1001251	NT=collision-induced dissociation;AC=MS:1000133	10 ppm	sds page	dithiothreitol (dtt)	iodoacetamide (iaa)	1	1	muscle_mito_MD6_10ug_IV_6_012211.RAW	ftp://ftp.pride.ebi.ac.uk/pride/data/archive/2018/10/PXD004312/muscle_mito_MD6_10ug_IV_6_012211.RAW	v1.1.0	NT=ms-proteomics;VV=v1.1.0	NT=clinical-metadata;VV=v1.0.0	manual curation	muscle
muscle_mito_FC2_10ug_II_5_012711	homo sapiens	muscle	not applicable	type 2 diabetes mellitus	1	muscle_mito_FC2_10ug_II_5_012711	proteomic profiling by mass spectrometry	NT=Data-dependent acquisition;AC=PRIDE:0000627	NT=label free sample;AC=MS:1002038	NT=ltq ft;AC=MS:1000448	NT=Carbamidomethyl;AC=UNIMOD:4;TA=C;MT=Fixed	NT=Phospho;AC=UNIMOD:21;TA=S,T,Y;MT=Variable	NT=Oxidation;AC=UNIMOD:35;TA=M;MT=Variable	NT=Trypsin;AC=MS:1001251	NT=collision-induced dissociation;AC=MS:1000133	10 ppm	sds page	dithiothreitol (dtt)	iodoacetamide (iaa)	1	1	muscle_mito_FC2_10ug_II_5_012711.RAW	ftp://ftp.pride.ebi.ac.uk/pride/data/archive/2018/10/PXD004312/muscle_mito_FC2_10ug_II_5_012711.RAW	v1.1.0	NT=ms-proteomics;VV=v1.1.0	NT=clinical-metadata;VV=v1.0.0	manual curation	muscle
muscle_mito_MC3_10ug_II_7_012011	homo sapiens	muscle	not applicable	type 2 diabetes mellitus	1	muscle_mito_MC3_10ug_II_7_012011	proteomic profiling by mass spectrometry	NT=Data-dependent acquisition;AC=PRIDE:0000627	NT=label free sample;AC=MS:1002038	NT=ltq ft;AC=MS:1000448	NT=Carbamidomethyl;AC=UNIMOD:4;TA=C;MT=Fixed	NT=Phospho;AC=UNIMOD:21;TA=S,T,Y;MT=Variable	NT=Oxidation;AC=UNIMOD:35;TA=M;MT=Variable	NT=Trypsin;AC=MS:1001251	NT=collision-induced dissociation;AC=MS:1000133	10 ppm	sds page	dithiothreitol (dtt)	iodoacetamide (iaa)	1	1	muscle_mito_MC3_10ug_II_7_012011.RAW	ftp://ftp.pride.ebi.ac.uk/pride/data/archive/2018/10/PXD004312/muscle_mito_MC3_10ug_II_7_012011.RAW	v1.1.0	NT=ms-proteomics;VV=v1.1.0	NT=clinical-metadata;VV=v1.0.0	manual curation	muscle
muscle_mito_MD2_10ug_III_6_012111	homo sapiens	muscle	not applicable	type 2 diabetes mellitus	1	muscle_mito_MD2_10ug_III_6_012111	proteomic profiling by mass spectrometry	NT=Data-dependent acquisition;AC=PRIDE:0000627	NT=label free sample;AC=MS:1002038	NT=ltq ft;AC=MS:1000448	NT=Carbamidomethyl;AC=UNIMOD:4;TA=C;MT=Fixed	NT=Phospho;AC=UNIMOD:21;TA=S,T,Y;MT=Variable	NT=Oxidation;AC=UNIMOD:35;TA=M;MT=Variable	NT=Trypsin;AC=MS:1001251	NT=collision-induced dissociation;AC=MS:1000133	10 ppm	sds page	dithiothreitol (dtt)	iodoacetamide (iaa)	1	1	muscle_mito_MD2_10ug_III_6_012111.RAW	ftp://ftp.pride.ebi.ac.uk/pride/data/archive/2018/10/PXD004312/muscle_mito_MD2_10ug_III_6_012111.RAW	v1.1.0	NT=ms-proteomics;VV=v1.1.0	NT=clinical-metadata;VV=v1.0.0	manual curation	muscle
Mito_OG_4ug_7_090209	homo sapiens	not available	not applicable	type 2 diabetes mellitus	1	Mito_OG_4ug_7_090209	proteomic profiling by mass spectrometry	NT=Data-dependent acquisition;AC=PRIDE:0000627	NT=label free sample;AC=MS:1002038	NT=ltq ft;AC=MS:1000448	NT=Carbamidomethyl;AC=UNIMOD:4;TA=C;MT=Fixed	NT=Phospho;AC=UNIMOD:21;TA=S,T,Y;MT=Variable	NT=Oxidation;AC=UNIMOD:35;TA=M;MT=Variable	NT=Trypsin;AC=MS:1001251	NT=collision-induced dissociation;AC=MS:1000133	10 ppm	sds page	dithiothreitol (dtt)	iodoacetamide (iaa)	1	1	Mito_OG_4ug_7_090209.RAW	ftp://ftp.pride.ebi.ac.uk/pride/data/archive/2018/10/PXD004312/Mito_OG_4ug_7_090209.RAW	v1.1.0	NT=ms-proteomics;VV=v1.1.0	NT=clinical-metadata;VV=v1.0.0	manual curation	not available
Mito_OG20_4ug_3_090909	homo sapiens	not available	not applicable	type 2 diabetes mellitus	1	Mito_OG20_4ug_3_090909	proteomic profiling by mass spectrometry	NT=Data-dependent acquisition;AC=PRIDE:0000627	NT=label free sample;AC=MS:1002038	NT=ltq ft;AC=MS:1000448	NT=Carbamidomethyl;AC=UNIMOD:4;TA=C;MT=Fixed	NT=Phospho;AC=UNIMOD:21;TA=S,T,Y;MT=Variable	NT=Oxidation;AC=UNIMOD:35;TA=M;MT=Variable	NT=Trypsin;AC=MS:1001251	NT=collision-induced dissociation;AC=MS:1000133	10 ppm	sds page	dithiothreitol (dtt)	iodoacetamide (iaa)	1	1	Mito_OG20_4ug_3_090909.RAW	ftp://ftp.pride.ebi.ac.uk/pride/data/archive/2018/10/PXD004312/Mito_OG20_4ug_3_090909.RAW	v1.1.0	NT=ms-proteomics;VV=v1.1.0	NT=clinical-metadata;VV=v1.0.0	manual curation	not available
muscle_mito_MD7_10ug_I_2_012511	homo sapiens	muscle	not applicable	type 2 diabetes mellitus	1	muscle_mito_MD7_10ug_I_2_012511	proteomic profiling by mass spectrometry	NT=Data-dependent acquisition;AC=PRIDE:0000627	NT=label free sample;AC=MS:1002038	NT=ltq ft;AC=MS:1000448	NT=Carbamidomethyl;AC=UNIMOD:4;TA=C;MT=Fixed	NT=Phospho;AC=UNIMOD:21;TA=S,T,Y;MT=Variable	NT=Oxidation;AC=UNIMOD:35;TA=M;MT=Variable	NT=Trypsin;AC=MS:1001251	NT=collision-induced dissociation;AC=MS:1000133	10 ppm	sds page	dithiothreitol (dtt)	iodoacetamide (iaa)	1	1	muscle_mito_MD7_10ug_I_2_012511.RAW	ftp://ftp.pride.ebi.ac.uk/pride/data/archive/2018/10/PXD004312/muscle_mito_MD7_10ug_I_2_012511.RAW	v1.1.0	NT=ms-proteomics;VV=v1.1.0	NT=clinical-metadata;VV=v1.0.0	manual curation	muscle
muscle_mito_FC3_10ug_III_2_012811	homo sapiens	muscle	not applicable	type 2 diabetes mellitus	1	muscle_mito_FC3_10ug_III_2_012811	proteomic profiling by mass spectrometry	NT=Data-dependent acquisition;AC=PRIDE:0000627	NT=label free sample;AC=MS:1002038	NT=ltq ft;AC=MS:1000448	NT=Carbamidomethyl;AC=UNIMOD:4;TA=C;MT=Fixed	NT=Phospho;AC=UNIMOD:21;TA=S,T,Y;MT=Variable	NT=Oxidation;AC=UNIMOD:35;TA=M;MT=Variable	NT=Trypsin;AC=MS:1001251	NT=collision-induced dissociation;AC=MS:1000133	10 ppm	sds page	dithiothreitol (dtt)	iodoacetamide (iaa)	1	1	muscle_mito_FC3_10ug_III_2_012811.RAW	ftp://ftp.pride.ebi.ac.uk/pride/data/archive/2018/10/PXD004312/muscle_mito_FC3_10ug_III_2_012811.RAW	v1.1.0	NT=ms-proteomics;VV=v1.1.0	NT=clinical-metadata;VV=v1.0.0	manual curation	muscle
muscle_mito_MD2_10ug_II_1_012111	homo sapiens	muscle	not applicable	type 2 diabetes mellitus	1	muscle_mito_MD2_10ug_II_1_012111	proteomic profiling by mass spectrometry	NT=Data-dependent acquisition;AC=PRIDE:0000627	NT=label free sample;AC=MS:1002038	NT=ltq ft;AC=MS:1000448	NT=Carbamidomethyl;AC=UNIMOD:4;TA=C;MT=Fixed	NT=Phospho;AC=UNIMOD:21;TA=S,T,Y;MT=Variable	NT=Oxidation;AC=UNIMOD:35;TA=M;MT=Variable	NT=Trypsin;AC=MS:1001251	NT=collision-induced dissociation;AC=MS:1000133	10 ppm	sds page	dithiothreitol (dtt)	iodoacetamide (iaa)	1	1	muscle_mito_MD2_10ug_II_1_012111.RAW	ftp://ftp.pride.ebi.ac.uk/pride/data/archive/2018/10/PXD004312/muscle_mito_MD2_10ug_II_1_012111.RAW	v1.1.0	NT=ms-proteomics;VV=v1.1.0	NT=clinical-metadata;VV=v1.0.0	manual curation	muscle
muscle_mito_MD7_10ug_III_1_012311	homo sapiens	muscle	not applicable	type 2 diabetes mellitus	1	muscle_mito_MD7_10ug_III_1_012311	proteomic profiling by mass spectrometry	NT=Data-dependent acquisition;AC=PRIDE:0000627	NT=label free sample;AC=MS:1002038	NT=ltq ft;AC=MS:1000448	NT=Carbamidomethyl;AC=UNIMOD:4;TA=C;MT=Fixed	NT=Phospho;AC=UNIMOD:21;TA=S,T,Y;MT=Variable	NT=Oxidation;AC=UNIMOD:35;TA=M;MT=Variable	NT=Trypsin;AC=MS:1001251	NT=collision-induced dissociation;AC=MS:1000133	10 ppm	sds page	dithiothreitol (dtt)	iodoacetamide (iaa)	1	1	muscle_mito_MD7_10ug_III_1_012311.RAW	ftp://ftp.pride.ebi.ac.uk/pride/data/archive/2018/10/PXD004312/muscle_mito_MD7_10ug_III_1_012311.RAW	v1.1.0	NT=ms-proteomics;VV=v1.1.0	NT=clinical-metadata;VV=v1.0.0	manual curation	muscle
Mito_OG25_4ug_2_091009	homo sapiens	not available	not applicable	type 2 diabetes mellitus	1	Mito_OG25_4ug_2_091009	proteomic profiling by mass spectrometry	NT=Data-dependent acquisition;AC=PRIDE:0000627	NT=label free sample;AC=MS:1002038	NT=ltq ft;AC=MS:1000448	NT=Carbamidomethyl;AC=UNIMOD:4;TA=C;MT=Fixed	NT=Phospho;AC=UNIMOD:21;TA=S,T,Y;MT=Variable	NT=Oxidation;AC=UNIMOD:35;TA=M;MT=Variable	NT=Trypsin;AC=MS:1001251	NT=collision-induced dissociation;AC=MS:1000133	10 ppm	sds page	dithiothreitol (dtt)	iodoacetamide (iaa)	1	1	Mito_OG25_4ug_2_091009.RAW	ftp://ftp.pride.ebi.ac.uk/pride/data/archive/2018/10/PXD004312/Mito_OG25_4ug_2_091009.RAW	v1.1.0	NT=ms-proteomics;VV=v1.1.0	NT=clinical-metadata;VV=v1.0.0	manual curation	not available
muscle_mito_MC2_10ug_II_4_011911	homo sapiens	muscle	not applicable	type 2 diabetes mellitus	1	muscle_mito_MC2_10ug_II_4_011911	proteomic profiling by mass spectrometry	NT=Data-dependent acquisition;AC=PRIDE:0000627	NT=label free sample;AC=MS:1002038	NT=ltq ft;AC=MS:1000448	NT=Carbamidomethyl;AC=UNIMOD:4;TA=C;MT=Fixed	NT=Phospho;AC=UNIMOD:21;TA=S,T,Y;MT=Variable	NT=Oxidation;AC=UNIMOD:35;TA=M;MT=Variable	NT=Trypsin;AC=MS:1001251	NT=collision-induced dissociation;AC=MS:1000133	10 ppm	sds page	dithiothreitol (dtt)	iodoacetamide (iaa)	1	1	muscle_mito_MC2_10ug_II_4_011911.RAW	ftp://ftp.pride.ebi.ac.uk/pride/data/archive/2018/10/PXD004312/muscle_mito_MC2_10ug_II_4_011911.RAW	v1.1.0	NT=ms-proteomics;VV=v1.1.0	NT=clinical-metadata;VV=v1.0.0	manual curation	muscle
muscle_mito_MD2_10ug_II_4_012111	homo sapiens	muscle	not applicable	type 2 diabetes mellitus	1	muscle_mito_MD2_10ug_II_4_012111	proteomic profiling by mass spectrometry	NT=Data-dependent acquisition;AC=PRIDE:0000627	NT=label free sample;AC=MS:1002038	NT=ltq ft;AC=MS:1000448	NT=Carbamidomethyl;AC=UNIMOD:4;TA=C;MT=Fixed	NT=Phospho;AC=UNIMOD:21;TA=S,T,Y;MT=Variable	NT=Oxidation;AC=UNIMOD:35;TA=M;MT=Variable	NT=Trypsin;AC=MS:1001251	NT=collision-induced dissociation;AC=MS:1000133	10 ppm	sds page	dithiothreitol (dtt)	iodoacetamide (iaa)	1	1	muscle_mito_MD2_10ug_II_4_012111.RAW	ftp://ftp.pride.ebi.ac.uk/pride/data/archive/2018/10/PXD004312/muscle_mito_MD2_10ug_II_4_012111.RAW	v1.1.0	NT=ms-proteomics;VV=v1.1.0	NT=clinical-metadata;VV=v1.0.0	manual curation	muscle
muscle_mito_MC2_10ug_III_4_011911	homo sapiens	muscle	not applicable	type 2 diabetes mellitus	1	muscle_mito_MC2_10ug_III_4_011911	proteomic profiling by mass spectrometry	NT=Data-dependent acquisition;AC=PRIDE:0000627	NT=label free sample;AC=MS:1002038	NT=ltq ft;AC=MS:1000448	NT=Carbamidomethyl;AC=UNIMOD:4;TA=C;MT=Fixed	NT=Phospho;AC=UNIMOD:21;TA=S,T,Y;MT=Variable	NT=Oxidation;AC=UNIMOD:35;TA=M;MT=Variable	NT=Trypsin;AC=MS:1001251	NT=collision-induced dissociation;AC=MS:1000133	10 ppm	sds page	dithiothreitol (dtt)	iodoacetamide (iaa)	1	1	muscle_mito_MC2_10ug_III_4_011911.RAW	ftp://ftp.pride.ebi.ac.uk/pride/data/archive/2018/10/PXD004312/muscle_mito_MC2_10ug_III_4_011911.RAW	v1.1.0	NT=ms-proteomics;VV=v1.1.0	NT=clinical-metadata;VV=v1.0.0	manual curation	muscle
muscle_mito_MD6_10ug_IV_2_012211	homo sapiens	muscle	not applicable	type 2 diabetes mellitus	1	muscle_mito_MD6_10ug_IV_2_012211	proteomic profiling by mass spectrometry	NT=Data-dependent acquisition;AC=PRIDE:0000627	NT=label free sample;AC=MS:1002038	NT=ltq ft;AC=MS:1000448	NT=Carbamidomethyl;AC=UNIMOD:4;TA=C;MT=Fixed	NT=Phospho;AC=UNIMOD:21;TA=S,T,Y;MT=Variable	NT=Oxidation;AC=UNIMOD:35;TA=M;MT=Variable	NT=Trypsin;AC=MS:1001251	NT=collision-induced dissociation;AC=MS:1000133	10 ppm	sds page	dithiothreitol (dtt)	iodoacetamide (iaa)	1	1	muscle_mito_MD6_10ug_IV_2_012211.RAW	ftp://ftp.pride.ebi.ac.uk/pride/data/archive/2018/10/PXD004312/muscle_mito_MD6_10ug_IV_2_012211.RAW	v1.1.0	NT=ms-proteomics;VV=v1.1.0	NT=clinical-metadata;VV=v1.0.0	manual curation	muscle
muscle_mito_FD2_10ug_I_3_013011	homo sapiens	muscle	not applicable	type 2 diabetes mellitus	1	muscle_mito_FD2_10ug_I_3_013011	proteomic profiling by mass spectrometry	NT=Data-dependent acquisition;AC=PRIDE:0000627	NT=label free sample;AC=MS:1002038	NT=ltq ft;AC=MS:1000448	NT=Carbamidomethyl;AC=UNIMOD:4;TA=C;MT=Fixed	NT=Phospho;AC=UNIMOD:21;TA=S,T,Y;MT=Variable	NT=Oxidation;AC=UNIMOD:35;TA=M;MT=Variable	NT=Trypsin;AC=MS:1001251	NT=collision-induced dissociation;AC=MS:1000133	10 ppm	sds page	dithiothreitol (dtt)	iodoacetamide (iaa)	1	1	muscle_mito_FD2_10ug_I_3_013011.RAW	ftp://ftp.pride.ebi.ac.uk/pride/data/archive/2018/10/PXD004312/muscle_mito_FD2_10ug_I_3_013011.RAW	v1.1.0	NT=ms-proteomics;VV=v1.1.0	NT=clinical-metadata;VV=v1.0.0	manual curation	muscle
muscle_mito_FC2_10ug_II_1_012711	homo sapiens	muscle	not applicable	type 2 diabetes mellitus	1	muscle_mito_FC2_10ug_II_1_012711	proteomic profiling by mass spectrometry	NT=Data-dependent acquisition;AC=PRIDE:0000627	NT=label free sample;AC=MS:1002038	NT=ltq ft;AC=MS:1000448	NT=Carbamidomethyl;AC=UNIMOD:4;TA=C;MT=Fixed	NT=Phospho;AC=UNIMOD:21;TA=S,T,Y;MT=Variable	NT=Oxidation;AC=UNIMOD:35;TA=M;MT=Variable	NT=Trypsin;AC=MS:1001251	NT=collision-induced dissociation;AC=MS:1000133	10 ppm	sds page	dithiothreitol (dtt)	iodoacetamide (iaa)	1	1	muscle_mito_FC2_10ug_II_1_012711.RAW	ftp://ftp.pride.ebi.ac.uk/pride/data/archive/2018/10/PXD004312/muscle_mito_FC2_10ug_II_1_012711.RAW	v1.1.0	NT=ms-proteomics;VV=v1.1.0	NT=clinical-metadata;VV=v1.0.0	manual curation	muscle
Mito_OG2_4ug_1_090309	homo sapiens	not available	not applicable	type 2 diabetes mellitus	1	Mito_OG2_4ug_1_090309	proteomic profiling by mass spectrometry	NT=Data-dependent acquisition;AC=PRIDE:0000627	NT=label free sample;AC=MS:1002038	NT=ltq ft;AC=MS:1000448	NT=Carbamidomethyl;AC=UNIMOD:4;TA=C;MT=Fixed	NT=Phospho;AC=UNIMOD:21;TA=S,T,Y;MT=Variable	NT=Oxidation;AC=UNIMOD:35;TA=M;MT=Variable	NT=Trypsin;AC=MS:1001251	NT=collision-induced dissociation;AC=MS:1000133	10 ppm	sds page	dithiothreitol (dtt)	iodoacetamide (iaa)	1	1	Mito_OG2_4ug_1_090309.RAW	ftp://ftp.pride.ebi.ac.uk/pride/data/archive/2018/10/PXD004312/Mito_OG2_4ug_1_090309.RAW	v1.1.0	NT=ms-proteomics;VV=v1.1.0	NT=clinical-metadata;VV=v1.0.0	manual curation	not available
muscle_mito_FD2_10ug_I_2_013011	homo sapiens	muscle	not applicable	type 2 diabetes mellitus	1	muscle_mito_FD2_10ug_I_2_013011	proteomic profiling by mass spectrometry	NT=Data-dependent acquisition;AC=PRIDE:0000627	NT=label free sample;AC=MS:1002038	NT=ltq ft;AC=MS:1000448	NT=Carbamidomethyl;AC=UNIMOD:4;TA=C;MT=Fixed	NT=Phospho;AC=UNIMOD:21;TA=S,T,Y;MT=Variable	NT=Oxidation;AC=UNIMOD:35;TA=M;MT=Variable	NT=Trypsin;AC=MS:1001251	NT=collision-induced dissociation;AC=MS:1000133	10 ppm	sds page	dithiothreitol (dtt)	iodoacetamide (iaa)	1	1	muscle_mito_FD2_10ug_I_2_013011.RAW	ftp://ftp.pride.ebi.ac.uk/pride/data/archive/2018/10/PXD004312/muscle_mito_FD2_10ug_I_2_013011.RAW	v1.1.0	NT=ms-proteomics;VV=v1.1.0	NT=clinical-metadata;VV=v1.0.0	manual curation	muscle
Mito_OG15_4ug_6_090809	homo sapiens	not available	not applicable	type 2 diabetes mellitus	1	Mito_OG15_4ug_6_090809	proteomic profiling by mass spectrometry	NT=Data-dependent acquisition;AC=PRIDE:0000627	NT=label free sample;AC=MS:1002038	NT=ltq ft;AC=MS:1000448	NT=Carbamidomethyl;AC=UNIMOD:4;TA=C;MT=Fixed	NT=Phospho;AC=UNIMOD:21;TA=S,T,Y;MT=Variable	NT=Oxidation;AC=UNIMOD:35;TA=M;MT=Variable	NT=Trypsin;AC=MS:1001251	NT=collision-induced dissociation;AC=MS:1000133	10 ppm	sds page	dithiothreitol (dtt)	iodoacetamide (iaa)	1	1	Mito_OG15_4ug_6_090809.RAW	ftp://ftp.pride.ebi.ac.uk/pride/data/archive/2018/10/PXD004312/Mito_OG15_4ug_6_090809.RAW	v1.1.0	NT=ms-proteomics;VV=v1.1.0	NT=clinical-metadata;VV=v1.0.0	manual curation	not available
muscle_mito_FD4_10ug_II_7_020111	homo sapiens	muscle	not applicable	type 2 diabetes mellitus	1	muscle_mito_FD4_10ug_II_7_020111	proteomic profiling by mass spectrometry	NT=Data-dependent acquisition;AC=PRIDE:0000627	NT=label free sample;AC=MS:1002038	NT=ltq ft;AC=MS:1000448	NT=Carbamidomethyl;AC=UNIMOD:4;TA=C;MT=Fixed	NT=Phospho;AC=UNIMOD:21;TA=S,T,Y;MT=Variable	NT=Oxidation;AC=UNIMOD:35;TA=M;MT=Variable	NT=Trypsin;AC=MS:1001251	NT=collision-induced dissociation;AC=MS:1000133	10 ppm	sds page	dithiothreitol (dtt)	iodoacetamide (iaa)	1	1	muscle_mito_FD4_10ug_II_7_020111.RAW	ftp://ftp.pride.ebi.ac.uk/pride/data/archive/2018/10/PXD004312/muscle_mito_FD4_10ug_II_7_020111.RAW	v1.1.0	NT=ms-proteomics;VV=v1.1.0	NT=clinical-metadata;VV=v1.0.0	manual curation	muscle
muscle_mito_MC5_10ug_III_1_012211	homo sapiens	muscle	not applicable	type 2 diabetes mellitus	1	muscle_mito_MC5_10ug_III_1_012211	proteomic profiling by mass spectrometry	NT=Data-dependent acquisition;AC=PRIDE:0000627	NT=label free sample;AC=MS:1002038	NT=ltq ft;AC=MS:1000448	NT=Carbamidomethyl;AC=UNIMOD:4;TA=C;MT=Fixed	NT=Phospho;AC=UNIMOD:21;TA=S,T,Y;MT=Variable	NT=Oxidation;AC=UNIMOD:35;TA=M;MT=Variable	NT=Trypsin;AC=MS:1001251	NT=collision-induced dissociation;AC=MS:1000133	10 ppm	sds page	dithiothreitol (dtt)	iodoacetamide (iaa)	1	1	muscle_mito_MC5_10ug_III_1_012211.RAW	ftp://ftp.pride.ebi.ac.uk/pride/data/archive/2018/10/PXD004312/muscle_mito_MC5_10ug_III_1_012211.RAW	v1.1.0	NT=ms-proteomics;VV=v1.1.0	NT=clinical-metadata;VV=v1.0.0	manual curation	muscle
muscle_mito_MD2_10ug_III_5_012111	homo sapiens	muscle	not applicable	type 2 diabetes mellitus	1	muscle_mito_MD2_10ug_III_5_012111	proteomic profiling by mass spectrometry	NT=Data-dependent acquisition;AC=PRIDE:0000627	NT=label free sample;AC=MS:1002038	NT=ltq ft;AC=MS:1000448	NT=Carbamidomethyl;AC=UNIMOD:4;TA=C;MT=Fixed	NT=Phospho;AC=UNIMOD:21;TA=S,T,Y;MT=Variable	NT=Oxidation;AC=UNIMOD:35;TA=M;MT=Variable	NT=Trypsin;AC=MS:1001251	NT=collision-induced dissociation;AC=MS:1000133	10 ppm	sds page	dithiothreitol (dtt)	iodoacetamide (iaa)	1	1	muscle_mito_MD2_10ug_III_5_012111.RAW	ftp://ftp.pride.ebi.ac.uk/pride/data/archive/2018/10/PXD004312/muscle_mito_MD2_10ug_III_5_012111.RAW	v1.1.0	NT=ms-proteomics;VV=v1.1.0	NT=clinical-metadata;VV=v1.0.0	manual curation	muscle
muscle_mito_MC5_10ug_II_5_012211	homo sapiens	muscle	not applicable	type 2 diabetes mellitus	1	muscle_mito_MC5_10ug_II_5_012211	proteomic profiling by mass spectrometry	NT=Data-dependent acquisition;AC=PRIDE:0000627	NT=label free sample;AC=MS:1002038	NT=ltq ft;AC=MS:1000448	NT=Carbamidomethyl;AC=UNIMOD:4;TA=C;MT=Fixed	NT=Phospho;AC=UNIMOD:21;TA=S,T,Y;MT=Variable	NT=Oxidation;AC=UNIMOD:35;TA=M;MT=Variable	NT=Trypsin;AC=MS:1001251	NT=collision-induced dissociation;AC=MS:1000133	10 ppm	sds page	dithiothreitol (dtt)	iodoacetamide (iaa)	1	1	muscle_mito_MC5_10ug_II_5_012211.RAW	ftp://ftp.pride.ebi.ac.uk/pride/data/archive/2018/10/PXD004312/muscle_mito_MC5_10ug_II_5_012211.RAW	v1.1.0	NT=ms-proteomics;VV=v1.1.0	NT=clinical-metadata;VV=v1.0.0	manual curation	muscle
muscle_mito_MC5_10ug_III_7_012211	homo sapiens	muscle	not applicable	type 2 diabetes mellitus	1	muscle_mito_MC5_10ug_III_7_012211	proteomic profiling by mass spectrometry	NT=Data-dependent acquisition;AC=PRIDE:0000627	NT=label free sample;AC=MS:1002038	NT=ltq ft;AC=MS:1000448	NT=Carbamidomethyl;AC=UNIMOD:4;TA=C;MT=Fixed	NT=Phospho;AC=UNIMOD:21;TA=S,T,Y;MT=Variable	NT=Oxidation;AC=UNIMOD:35;TA=M;MT=Variable	NT=Trypsin;AC=MS:1001251	NT=collision-induced dissociation;AC=MS:1000133	10 ppm	sds page	dithiothreitol (dtt)	iodoacetamide (iaa)	1	1	muscle_mito_MC5_10ug_III_7_012211.RAW	ftp://ftp.pride.ebi.ac.uk/pride/data/archive/2018/10/PXD004312/muscle_mito_MC5_10ug_III_7_012211.RAW	v1.1.0	NT=ms-proteomics;VV=v1.1.0	NT=clinical-metadata;VV=v1.0.0	manual curation	muscle
muscle_mito_FD7_10ug_III_1_020211	homo sapiens	muscle	not applicable	type 2 diabetes mellitus	1	muscle_mito_FD7_10ug_III_1_020211	proteomic profiling by mass spectrometry	NT=Data-dependent acquisition;AC=PRIDE:0000627	NT=label free sample;AC=MS:1002038	NT=ltq ft;AC=MS:1000448	NT=Carbamidomethyl;AC=UNIMOD:4;TA=C;MT=Fixed	NT=Phospho;AC=UNIMOD:21;TA=S,T,Y;MT=Variable	NT=Oxidation;AC=UNIMOD:35;TA=M;MT=Variable	NT=Trypsin;AC=MS:1001251	NT=collision-induced dissociation;AC=MS:1000133	10 ppm	sds page	dithiothreitol (dtt)	iodoacetamide (iaa)	1	1	muscle_mito_FD7_10ug_III_1_020211.RAW	ftp://ftp.pride.ebi.ac.uk/pride/data/archive/2018/10/PXD004312/muscle_mito_FD7_10ug_III_1_020211.RAW	v1.1.0	NT=ms-proteomics;VV=v1.1.0	NT=clinical-metadata;VV=v1.0.0	manual curation	muscle
muscle_mito_FC3_10ug_III_1_012811	homo sapiens	muscle	not applicable	type 2 diabetes mellitus	1	muscle_mito_FC3_10ug_III_1_012811	proteomic profiling by mass spectrometry	NT=Data-dependent acquisition;AC=PRIDE:0000627	NT=label free sample;AC=MS:1002038	NT=ltq ft;AC=MS:1000448	NT=Carbamidomethyl;AC=UNIMOD:4;TA=C;MT=Fixed	NT=Phospho;AC=UNIMOD:21;TA=S,T,Y;MT=Variable	NT=Oxidation;AC=UNIMOD:35;TA=M;MT=Variable	NT=Trypsin;AC=MS:1001251	NT=collision-induced dissociation;AC=MS:1000133	10 ppm	sds page	dithiothreitol (dtt)	iodoacetamide (iaa)	1	1	muscle_mito_FC3_10ug_III_1_012811.RAW	ftp://ftp.pride.ebi.ac.uk/pride/data/archive/2018/10/PXD004312/muscle_mito_FC3_10ug_III_1_012811.RAW	v1.1.0	NT=ms-proteomics;VV=v1.1.0	NT=clinical-metadata;VV=v1.0.0	manual curation	muscle
muscle_mito_MD6_10ug_III_5_012311	homo sapiens	muscle	not applicable	type 2 diabetes mellitus	1	muscle_mito_MD6_10ug_III_5_012311	proteomic profiling by mass spectrometry	NT=Data-dependent acquisition;AC=PRIDE:0000627	NT=label free sample;AC=MS:1002038	NT=ltq ft;AC=MS:1000448	NT=Carbamidomethyl;AC=UNIMOD:4;TA=C;MT=Fixed	NT=Phospho;AC=UNIMOD:21;TA=S,T,Y;MT=Variable	NT=Oxidation;AC=UNIMOD:35;TA=M;MT=Variable	NT=Trypsin;AC=MS:1001251	NT=collision-induced dissociation;AC=MS:1000133	10 ppm	sds page	dithiothreitol (dtt)	iodoacetamide (iaa)	1	1	muscle_mito_MD6_10ug_III_5_012311.RAW	ftp://ftp.pride.ebi.ac.uk/pride/data/archive/2018/10/PXD004312/muscle_mito_MD6_10ug_III_5_012311.RAW	v1.1.0	NT=ms-proteomics;VV=v1.1.0	NT=clinical-metadata;VV=v1.0.0	manual curation	muscle
Mito_OG0_4ug_7_091109	homo sapiens	not available	not applicable	type 2 diabetes mellitus	1	Mito_OG0_4ug_7_091109	proteomic profiling by mass spectrometry	NT=Data-dependent acquisition;AC=PRIDE:0000627	NT=label free sample;AC=MS:1002038	NT=ltq ft;AC=MS:1000448	NT=Carbamidomethyl;AC=UNIMOD:4;TA=C;MT=Fixed	NT=Phospho;AC=UNIMOD:21;TA=S,T,Y;MT=Variable	NT=Oxidation;AC=UNIMOD:35;TA=M;MT=Variable	NT=Trypsin;AC=MS:1001251	NT=collision-induced dissociation;AC=MS:1000133	10 ppm	sds page	dithiothreitol (dtt)	iodoacetamide (iaa)	1	1	Mito_OG0_4ug_7_091109.RAW	ftp://ftp.pride.ebi.ac.uk/pride/data/archive/2018/10/PXD004312/Mito_OG0_4ug_7_091109.RAW	v1.1.0	NT=ms-proteomics;VV=v1.1.0	NT=clinical-metadata;VV=v1.0.0	manual curation	not available
muscle_mito_MD7_10ug_I_1_012511	homo sapiens	muscle	not applicable	type 2 diabetes mellitus	1	muscle_mito_MD7_10ug_I_1_012511	proteomic profiling by mass spectrometry	NT=Data-dependent acquisition;AC=PRIDE:0000627	NT=label free sample;AC=MS:1002038	NT=ltq ft;AC=MS:1000448	NT=Carbamidomethyl;AC=UNIMOD:4;TA=C;MT=Fixed	NT=Phospho;AC=UNIMOD:21;TA=S,T,Y;MT=Variable	NT=Oxidation;AC=UNIMOD:35;TA=M;MT=Variable	NT=Trypsin;AC=MS:1001251	NT=collision-induced dissociation;AC=MS:1000133	10 ppm	sds page	dithiothreitol (dtt)	iodoacetamide (iaa)	1	1	muscle_mito_MD7_10ug_I_1_012511.RAW	ftp://ftp.pride.ebi.ac.uk/pride/data/archive/2018/10/PXD004312/muscle_mito_MD7_10ug_I_1_012511.RAW	v1.1.0	NT=ms-proteomics;VV=v1.1.0	NT=clinical-metadata;VV=v1.0.0	manual curation	muscle
muscle_mito_FC6_10ug_II_2_012911	homo sapiens	muscle	not applicable	type 2 diabetes mellitus	1	muscle_mito_FC6_10ug_II_2_012911	proteomic profiling by mass spectrometry	NT=Data-dependent acquisition;AC=PRIDE:0000627	NT=label free sample;AC=MS:1002038	NT=ltq ft;AC=MS:1000448	NT=Carbamidomethyl;AC=UNIMOD:4;TA=C;MT=Fixed	NT=Phospho;AC=UNIMOD:21;TA=S,T,Y;MT=Variable	NT=Oxidation;AC=UNIMOD:35;TA=M;MT=Variable	NT=Trypsin;AC=MS:1001251	NT=collision-induced dissociation;AC=MS:1000133	10 ppm	sds page	dithiothreitol (dtt)	iodoacetamide (iaa)	1	1	muscle_mito_FC6_10ug_II_2_012911.RAW	ftp://ftp.pride.ebi.ac.uk/pride/data/archive/2018/10/PXD004312/muscle_mito_FC6_10ug_II_2_012911.RAW	v1.1.0	NT=ms-proteomics;VV=v1.1.0	NT=clinical-metadata;VV=v1.0.0	manual curation	muscle
Mito_OG10_4ug_5_090609	homo sapiens	not available	not applicable	type 2 diabetes mellitus	1	Mito_OG10_4ug_5_090609	proteomic profiling by mass spectrometry	NT=Data-dependent acquisition;AC=PRIDE:0000627	NT=label free sample;AC=MS:1002038	NT=ltq ft;AC=MS:1000448	NT=Carbamidomethyl;AC=UNIMOD:4;TA=C;MT=Fixed	NT=Phospho;AC=UNIMOD:21;TA=S,T,Y;MT=Variable	NT=Oxidation;AC=UNIMOD:35;TA=M;MT=Variable	NT=Trypsin;AC=MS:1001251	NT=collision-induced dissociation;AC=MS:1000133	10 ppm	sds page	dithiothreitol (dtt)	iodoacetamide (iaa)	1	1	Mito_OG10_4ug_5_090609.RAW	ftp://ftp.pride.ebi.ac.uk/pride/data/archive/2018/10/PXD004312/Mito_OG10_4ug_5_090609.RAW	v1.1.0	NT=ms-proteomics;VV=v1.1.0	NT=clinical-metadata;VV=v1.0.0	manual curation	not available
muscle_mito_MC3_10ug_III_4_012011	homo sapiens	muscle	not applicable	type 2 diabetes mellitus	1	muscle_mito_MC3_10ug_III_4_012011	proteomic profiling by mass spectrometry	NT=Data-dependent acquisition;AC=PRIDE:0000627	NT=label free sample;AC=MS:1002038	NT=ltq ft;AC=MS:1000448	NT=Carbamidomethyl;AC=UNIMOD:4;TA=C;MT=Fixed	NT=Phospho;AC=UNIMOD:21;TA=S,T,Y;MT=Variable	NT=Oxidation;AC=UNIMOD:35;TA=M;MT=Variable	NT=Trypsin;AC=MS:1001251	NT=collision-induced dissociation;AC=MS:1000133	10 ppm	sds page	dithiothreitol (dtt)	iodoacetamide (iaa)	1	1	muscle_mito_MC3_10ug_III_4_012011.RAW	ftp://ftp.pride.ebi.ac.uk/pride/data/archive/2018/10/PXD004312/muscle_mito_MC3_10ug_III_4_012011.RAW	v1.1.0	NT=ms-proteomics;VV=v1.1.0	NT=clinical-metadata;VV=v1.0.0	manual curation	muscle
Mito_OG20_4ug_7_090909	homo sapiens	not available	not applicable	type 2 diabetes mellitus	1	Mito_OG20_4ug_7_090909	proteomic profiling by mass spectrometry	NT=Data-dependent acquisition;AC=PRIDE:0000627	NT=label free sample;AC=MS:1002038	NT=ltq ft;AC=MS:1000448	NT=Carbamidomethyl;AC=UNIMOD:4;TA=C;MT=Fixed	NT=Phospho;AC=UNIMOD:21;TA=S,T,Y;MT=Variable	NT=Oxidation;AC=UNIMOD:35;TA=M;MT=Variable	NT=Trypsin;AC=MS:1001251	NT=collision-induced dissociation;AC=MS:1000133	10 ppm	sds page	dithiothreitol (dtt)	iodoacetamide (iaa)	1	1	Mito_OG20_4ug_7_090909.RAW	ftp://ftp.pride.ebi.ac.uk/pride/data/archive/2018/10/PXD004312/Mito_OG20_4ug_7_090909.RAW	v1.1.0	NT=ms-proteomics;VV=v1.1.0	NT=clinical-metadata;VV=v1.0.0	manual curation	not available
Mito_OG14_4ug_3_090709	homo sapiens	not available	not applicable	type 2 diabetes mellitus	1	Mito_OG14_4ug_3_090709	proteomic profiling by mass spectrometry	NT=Data-dependent acquisition;AC=PRIDE:0000627	NT=label free sample;AC=MS:1002038	NT=ltq ft;AC=MS:1000448	NT=Carbamidomethyl;AC=UNIMOD:4;TA=C;MT=Fixed	NT=Phospho;AC=UNIMOD:21;TA=S,T,Y;MT=Variable	NT=Oxidation;AC=UNIMOD:35;TA=M;MT=Variable	NT=Trypsin;AC=MS:1001251	NT=collision-induced dissociation;AC=MS:1000133	10 ppm	sds page	dithiothreitol (dtt)	iodoacetamide (iaa)	1	1	Mito_OG14_4ug_3_090709.RAW	ftp://ftp.pride.ebi.ac.uk/pride/data/archive/2018/10/PXD004312/Mito_OG14_4ug_3_090709.RAW	v1.1.0	NT=ms-proteomics;VV=v1.1.0	NT=clinical-metadata;VV=v1.0.0	manual curation	not available
muscle_mito_FC3_10ug_IV_5_012911	homo sapiens	muscle	not applicable	type 2 diabetes mellitus	1	muscle_mito_FC3_10ug_IV_5_012911	proteomic profiling by mass spectrometry	NT=Data-dependent acquisition;AC=PRIDE:0000627	NT=label free sample;AC=MS:1002038	NT=ltq ft;AC=MS:1000448	NT=Carbamidomethyl;AC=UNIMOD:4;TA=C;MT=Fixed	NT=Phospho;AC=UNIMOD:21;TA=S,T,Y;MT=Variable	NT=Oxidation;AC=UNIMOD:35;TA=M;MT=Variable	NT=Trypsin;AC=MS:1001251	NT=collision-induced dissociation;AC=MS:1000133	10 ppm	sds page	dithiothreitol (dtt)	iodoacetamide (iaa)	1	1	muscle_mito_FC3_10ug_IV_5_012911.RAW	ftp://ftp.pride.ebi.ac.uk/pride/data/archive/2018/10/PXD004312/muscle_mito_FC3_10ug_IV_5_012911.RAW	v1.1.0	NT=ms-proteomics;VV=v1.1.0	NT=clinical-metadata;VV=v1.0.0	manual curation	muscle
muscle_mito_MC1_10ug_I_2_011811	homo sapiens	muscle	not applicable	type 2 diabetes mellitus	1	muscle_mito_MC1_10ug_I_2_011811	proteomic profiling by mass spectrometry	NT=Data-dependent acquisition;AC=PRIDE:0000627	NT=label free sample;AC=MS:1002038	NT=ltq ft;AC=MS:1000448	NT=Carbamidomethyl;AC=UNIMOD:4;TA=C;MT=Fixed	NT=Phospho;AC=UNIMOD:21;TA=S,T,Y;MT=Variable	NT=Oxidation;AC=UNIMOD:35;TA=M;MT=Variable	NT=Trypsin;AC=MS:1001251	NT=collision-induced dissociation;AC=MS:1000133	10 ppm	sds page	dithiothreitol (dtt)	iodoacetamide (iaa)	1	1	muscle_mito_MC1_10ug_I_2_011811.RAW	ftp://ftp.pride.ebi.ac.uk/pride/data/archive/2018/10/PXD004312/muscle_mito_MC1_10ug_I_2_011811.RAW	v1.1.0	NT=ms-proteomics;VV=v1.1.0	NT=clinical-metadata;VV=v1.0.0	manual curation	muscle
Mito_OG24_4ug_4_091009	homo sapiens	not available	not applicable	type 2 diabetes mellitus	1	Mito_OG24_4ug_4_091009	proteomic profiling by mass spectrometry	NT=Data-dependent acquisition;AC=PRIDE:0000627	NT=label free sample;AC=MS:1002038	NT=ltq ft;AC=MS:1000448	NT=Carbamidomethyl;AC=UNIMOD:4;TA=C;MT=Fixed	NT=Phospho;AC=UNIMOD:21;TA=S,T,Y;MT=Variable	NT=Oxidation;AC=UNIMOD:35;TA=M;MT=Variable	NT=Trypsin;AC=MS:1001251	NT=collision-induced dissociation;AC=MS:1000133	10 ppm	sds page	dithiothreitol (dtt)	iodoacetamide (iaa)	1	1	Mito_OG24_4ug_4_091009.RAW	ftp://ftp.pride.ebi.ac.uk/pride/data/archive/2018/10/PXD004312/Mito_OG24_4ug_4_091009.RAW	v1.1.0	NT=ms-proteomics;VV=v1.1.0	NT=clinical-metadata;VV=v1.0.0	manual curation	not available
muscle_mito_MD6_10ug_IV_4_012211	homo sapiens	muscle	not applicable	type 2 diabetes mellitus	1	muscle_mito_MD6_10ug_IV_4_012211	proteomic profiling by mass spectrometry	NT=Data-dependent acquisition;AC=PRIDE:0000627	NT=label free sample;AC=MS:1002038	NT=ltq ft;AC=MS:1000448	NT=Carbamidomethyl;AC=UNIMOD:4;TA=C;MT=Fixed	NT=Phospho;AC=UNIMOD:21;TA=S,T,Y;MT=Variable	NT=Oxidation;AC=UNIMOD:35;TA=M;MT=Variable	NT=Trypsin;AC=MS:1001251	NT=collision-induced dissociation;AC=MS:1000133	10 ppm	sds page	dithiothreitol (dtt)	iodoacetamide (iaa)	1	1	muscle_mito_MD6_10ug_IV_4_012211.RAW	ftp://ftp.pride.ebi.ac.uk/pride/data/archive/2018/10/PXD004312/muscle_mito_MD6_10ug_IV_4_012211.RAW	v1.1.0	NT=ms-proteomics;VV=v1.1.0	NT=clinical-metadata;VV=v1.0.0	manual curation	muscle
Mito_OG20_4ug_1_090909	homo sapiens	not available	not applicable	type 2 diabetes mellitus	1	Mito_OG20_4ug_1_090909	proteomic profiling by mass spectrometry	NT=Data-dependent acquisition;AC=PRIDE:0000627	NT=label free sample;AC=MS:1002038	NT=ltq ft;AC=MS:1000448	NT=Carbamidomethyl;AC=UNIMOD:4;TA=C;MT=Fixed	NT=Phospho;AC=UNIMOD:21;TA=S,T,Y;MT=Variable	NT=Oxidation;AC=UNIMOD:35;TA=M;MT=Variable	NT=Trypsin;AC=MS:1001251	NT=collision-induced dissociation;AC=MS:1000133	10 ppm	sds page	dithiothreitol (dtt)	iodoacetamide (iaa)	1	1	Mito_OG20_4ug_1_090909.RAW	ftp://ftp.pride.ebi.ac.uk/pride/data/archive/2018/10/PXD004312/Mito_OG20_4ug_1_090909.RAW	v1.1.0	NT=ms-proteomics;VV=v1.1.0	NT=clinical-metadata;VV=v1.0.0	manual curation	not available
Mito_OG6_4ug_6_090509	homo sapiens	not available	not applicable	type 2 diabetes mellitus	1	Mito_OG6_4ug_6_090509	proteomic profiling by mass spectrometry	NT=Data-dependent acquisition;AC=PRIDE:0000627	NT=label free sample;AC=MS:1002038	NT=ltq ft;AC=MS:1000448	NT=Carbamidomethyl;AC=UNIMOD:4;TA=C;MT=Fixed	NT=Phospho;AC=UNIMOD:21;TA=S,T,Y;MT=Variable	NT=Oxidation;AC=UNIMOD:35;TA=M;MT=Variable	NT=Trypsin;AC=MS:1001251	NT=collision-induced dissociation;AC=MS:1000133	10 ppm	sds page	dithiothreitol (dtt)	iodoacetamide (iaa)	1	1	Mito_OG6_4ug_6_090509.RAW	ftp://ftp.pride.ebi.ac.uk/pride/data/archive/2018/10/PXD004312/Mito_OG6_4ug_6_090509.RAW	v1.1.0	NT=ms-proteomics;VV=v1.1.0	NT=clinical-metadata;VV=v1.0.0	manual curation	not available
muscle_mito_FD6_10ug_IV_1_020111	homo sapiens	muscle	not applicable	type 2 diabetes mellitus	1	muscle_mito_FD6_10ug_IV_1_020111	proteomic profiling by mass spectrometry	NT=Data-dependent acquisition;AC=PRIDE:0000627	NT=label free sample;AC=MS:1002038	NT=ltq ft;AC=MS:1000448	NT=Carbamidomethyl;AC=UNIMOD:4;TA=C;MT=Fixed	NT=Phospho;AC=UNIMOD:21;TA=S,T,Y;MT=Variable	NT=Oxidation;AC=UNIMOD:35;TA=M;MT=Variable	NT=Trypsin;AC=MS:1001251	NT=collision-induced dissociation;AC=MS:1000133	10 ppm	sds page	dithiothreitol (dtt)	iodoacetamide (iaa)	1	1	muscle_mito_FD6_10ug_IV_1_020111.RAW	ftp://ftp.pride.ebi.ac.uk/pride/data/archive/2018/10/PXD004312/muscle_mito_FD6_10ug_IV_1_020111.RAW	v1.1.0	NT=ms-proteomics;VV=v1.1.0	NT=clinical-metadata;VV=v1.0.0	manual curation	muscle
muscle_mito_MC2_10ug_I_6_011911	homo sapiens	muscle	not applicable	type 2 diabetes mellitus	1	muscle_mito_MC2_10ug_I_6_011911	proteomic profiling by mass spectrometry	NT=Data-dependent acquisition;AC=PRIDE:0000627	NT=label free sample;AC=MS:1002038	NT=ltq ft;AC=MS:1000448	NT=Carbamidomethyl;AC=UNIMOD:4;TA=C;MT=Fixed	NT=Phospho;AC=UNIMOD:21;TA=S,T,Y;MT=Variable	NT=Oxidation;AC=UNIMOD:35;TA=M;MT=Variable	NT=Trypsin;AC=MS:1001251	NT=collision-induced dissociation;AC=MS:1000133	10 ppm	sds page	dithiothreitol (dtt)	iodoacetamide (iaa)	1	1	muscle_mito_MC2_10ug_I_6_011911.RAW	ftp://ftp.pride.ebi.ac.uk/pride/data/archive/2018/10/PXD004312/muscle_mito_MC2_10ug_I_6_011911.RAW	v1.1.0	NT=ms-proteomics;VV=v1.1.0	NT=clinical-metadata;VV=v1.0.0	manual curation	muscle
muscle_mito_FC6_10ug_I_5_012911	homo sapiens	muscle	not applicable	type 2 diabetes mellitus	1	muscle_mito_FC6_10ug_I_5_012911	proteomic profiling by mass spectrometry	NT=Data-dependent acquisition;AC=PRIDE:0000627	NT=label free sample;AC=MS:1002038	NT=ltq ft;AC=MS:1000448	NT=Carbamidomethyl;AC=UNIMOD:4;TA=C;MT=Fixed	NT=Phospho;AC=UNIMOD:21;TA=S,T,Y;MT=Variable	NT=Oxidation;AC=UNIMOD:35;TA=M;MT=Variable	NT=Trypsin;AC=MS:1001251	NT=collision-induced dissociation;AC=MS:1000133	10 ppm	sds page	dithiothreitol (dtt)	iodoacetamide (iaa)	1	1	muscle_mito_FC6_10ug_I_5_012911.RAW	ftp://ftp.pride.ebi.ac.uk/pride/data/archive/2018/10/PXD004312/muscle_mito_FC6_10ug_I_5_012911.RAW	v1.1.0	NT=ms-proteomics;VV=v1.1.0	NT=clinical-metadata;VV=v1.0.0	manual curation	muscle
muscle_mito_MC7_10ug_III_4_012211	homo sapiens	muscle	not applicable	type 2 diabetes mellitus	1	muscle_mito_MC7_10ug_III_4_012211	proteomic profiling by mass spectrometry	NT=Data-dependent acquisition;AC=PRIDE:0000627	NT=label free sample;AC=MS:1002038	NT=ltq ft;AC=MS:1000448	NT=Carbamidomethyl;AC=UNIMOD:4;TA=C;MT=Fixed	NT=Phospho;AC=UNIMOD:21;TA=S,T,Y;MT=Variable	NT=Oxidation;AC=UNIMOD:35;TA=M;MT=Variable	NT=Trypsin;AC=MS:1001251	NT=collision-induced dissociation;AC=MS:1000133	10 ppm	sds page	dithiothreitol (dtt)	iodoacetamide (iaa)	1	1	muscle_mito_MC7_10ug_III_4_012211.RAW	ftp://ftp.pride.ebi.ac.uk/pride/data/archive/2018/10/PXD004312/muscle_mito_MC7_10ug_III_4_012211.RAW	v1.1.0	NT=ms-proteomics;VV=v1.1.0	NT=clinical-metadata;VV=v1.0.0	manual curation	muscle
Mito_OG9_4ug_2_090609	homo sapiens	not available	not applicable	type 2 diabetes mellitus	1	Mito_OG9_4ug_2_090609	proteomic profiling by mass spectrometry	NT=Data-dependent acquisition;AC=PRIDE:0000627	NT=label free sample;AC=MS:1002038	NT=ltq ft;AC=MS:1000448	NT=Carbamidomethyl;AC=UNIMOD:4;TA=C;MT=Fixed	NT=Phospho;AC=UNIMOD:21;TA=S,T,Y;MT=Variable	NT=Oxidation;AC=UNIMOD:35;TA=M;MT=Variable	NT=Trypsin;AC=MS:1001251	NT=collision-induced dissociation;AC=MS:1000133	10 ppm	sds page	dithiothreitol (dtt)	iodoacetamide (iaa)	1	1	Mito_OG9_4ug_2_090609.RAW	ftp://ftp.pride.ebi.ac.uk/pride/data/archive/2018/10/PXD004312/Mito_OG9_4ug_2_090609.RAW	v1.1.0	NT=ms-proteomics;VV=v1.1.0	NT=clinical-metadata;VV=v1.0.0	manual curation	not available
muscle_mito_MC2_10ug_I_7_011911	homo sapiens	muscle	not applicable	type 2 diabetes mellitus	1	muscle_mito_MC2_10ug_I_7_011911	proteomic profiling by mass spectrometry	NT=Data-dependent acquisition;AC=PRIDE:0000627	NT=label free sample;AC=MS:1002038	NT=ltq ft;AC=MS:1000448	NT=Carbamidomethyl;AC=UNIMOD:4;TA=C;MT=Fixed	NT=Phospho;AC=UNIMOD:21;TA=S,T,Y;MT=Variable	NT=Oxidation;AC=UNIMOD:35;TA=M;MT=Variable	NT=Trypsin;AC=MS:1001251	NT=collision-induced dissociation;AC=MS:1000133	10 ppm	sds page	dithiothreitol (dtt)	iodoacetamide (iaa)	1	1	muscle_mito_MC2_10ug_I_7_011911.RAW	ftp://ftp.pride.ebi.ac.uk/pride/data/archive/2018/10/PXD004312/muscle_mito_MC2_10ug_I_7_011911.RAW	v1.1.0	NT=ms-proteomics;VV=v1.1.0	NT=clinical-metadata;VV=v1.0.0	manual curation	muscle
Mito_OG13_4ug_7_090709	homo sapiens	not available	not applicable	type 2 diabetes mellitus	1	Mito_OG13_4ug_7_090709	proteomic profiling by mass spectrometry	NT=Data-dependent acquisition;AC=PRIDE:0000627	NT=label free sample;AC=MS:1002038	NT=ltq ft;AC=MS:1000448	NT=Carbamidomethyl;AC=UNIMOD:4;TA=C;MT=Fixed	NT=Phospho;AC=UNIMOD:21;TA=S,T,Y;MT=Variable	NT=Oxidation;AC=UNIMOD:35;TA=M;MT=Variable	NT=Trypsin;AC=MS:1001251	NT=collision-induced dissociation;AC=MS:1000133	10 ppm	sds page	dithiothreitol (dtt)	iodoacetamide (iaa)	1	1	Mito_OG13_4ug_7_090709.RAW	ftp://ftp.pride.ebi.ac.uk/pride/data/archive/2018/10/PXD004312/Mito_OG13_4ug_7_090709.RAW	v1.1.0	NT=ms-proteomics;VV=v1.1.0	NT=clinical-metadata;VV=v1.0.0	manual curation	not available
muscle_mito_MD6_10ug_III_3_012311	homo sapiens	muscle	not applicable	type 2 diabetes mellitus	1	muscle_mito_MD6_10ug_III_3_012311	proteomic profiling by mass spectrometry	NT=Data-dependent acquisition;AC=PRIDE:0000627	NT=label free sample;AC=MS:1002038	NT=ltq ft;AC=MS:1000448	NT=Carbamidomethyl;AC=UNIMOD:4;TA=C;MT=Fixed	NT=Phospho;AC=UNIMOD:21;TA=S,T,Y;MT=Variable	NT=Oxidation;AC=UNIMOD:35;TA=M;MT=Variable	NT=Trypsin;AC=MS:1001251	NT=collision-induced dissociation;AC=MS:1000133	10 ppm	sds page	dithiothreitol (dtt)	iodoacetamide (iaa)	1	1	muscle_mito_MD6_10ug_III_3_012311.RAW	ftp://ftp.pride.ebi.ac.uk/pride/data/archive/2018/10/PXD004312/muscle_mito_MD6_10ug_III_3_012311.RAW	v1.1.0	NT=ms-proteomics;VV=v1.1.0	NT=clinical-metadata;VV=v1.0.0	manual curation	muscle
muscle_mito_MC5_10ug_III_3_012211	homo sapiens	muscle	not applicable	type 2 diabetes mellitus	1	muscle_mito_MC5_10ug_III_3_012211	proteomic profiling by mass spectrometry	NT=Data-dependent acquisition;AC=PRIDE:0000627	NT=label free sample;AC=MS:1002038	NT=ltq ft;AC=MS:1000448	NT=Carbamidomethyl;AC=UNIMOD:4;TA=C;MT=Fixed	NT=Phospho;AC=UNIMOD:21;TA=S,T,Y;MT=Variable	NT=Oxidation;AC=UNIMOD:35;TA=M;MT=Variable	NT=Trypsin;AC=MS:1001251	NT=collision-induced dissociation;AC=MS:1000133	10 ppm	sds page	dithiothreitol (dtt)	iodoacetamide (iaa)	1	1	muscle_mito_MC5_10ug_III_3_012211.RAW	ftp://ftp.pride.ebi.ac.uk/pride/data/archive/2018/10/PXD004312/muscle_mito_MC5_10ug_III_3_012211.RAW	v1.1.0	NT=ms-proteomics;VV=v1.1.0	NT=clinical-metadata;VV=v1.0.0	manual curation	muscle
Mito_OG_4ug_4_090209	homo sapiens	not available	not applicable	type 2 diabetes mellitus	1	Mito_OG_4ug_4_090209	proteomic profiling by mass spectrometry	NT=Data-dependent acquisition;AC=PRIDE:0000627	NT=label free sample;AC=MS:1002038	NT=ltq ft;AC=MS:1000448	NT=Carbamidomethyl;AC=UNIMOD:4;TA=C;MT=Fixed	NT=Phospho;AC=UNIMOD:21;TA=S,T,Y;MT=Variable	NT=Oxidation;AC=UNIMOD:35;TA=M;MT=Variable	NT=Trypsin;AC=MS:1001251	NT=collision-induced dissociation;AC=MS:1000133	10 ppm	sds page	dithiothreitol (dtt)	iodoacetamide (iaa)	1	1	Mito_OG_4ug_4_090209.RAW	ftp://ftp.pride.ebi.ac.uk/pride/data/archive/2018/10/PXD004312/Mito_OG_4ug_4_090209.RAW	v1.1.0	NT=ms-proteomics;VV=v1.1.0	NT=clinical-metadata;VV=v1.0.0	manual curation	not available
Mito_OG0_4ug_6_091109	homo sapiens	not available	not applicable	type 2 diabetes mellitus	1	Mito_OG0_4ug_6_091109	proteomic profiling by mass spectrometry	NT=Data-dependent acquisition;AC=PRIDE:0000627	NT=label free sample;AC=MS:1002038	NT=ltq ft;AC=MS:1000448	NT=Carbamidomethyl;AC=UNIMOD:4;TA=C;MT=Fixed	NT=Phospho;AC=UNIMOD:21;TA=S,T,Y;MT=Variable	NT=Oxidation;AC=UNIMOD:35;TA=M;MT=Variable	NT=Trypsin;AC=MS:1001251	NT=collision-induced dissociation;AC=MS:1000133	10 ppm	sds page	dithiothreitol (dtt)	iodoacetamide (iaa)	1	1	Mito_OG0_4ug_6_091109.RAW	ftp://ftp.pride.ebi.ac.uk/pride/data/archive/2018/10/PXD004312/Mito_OG0_4ug_6_091109.RAW	v1.1.0	NT=ms-proteomics;VV=v1.1.0	NT=clinical-metadata;VV=v1.0.0	manual curation	not available
muscle_mito_FD1_10ug_II_1_013011	homo sapiens	muscle	not applicable	type 2 diabetes mellitus	1	muscle_mito_FD1_10ug_II_1_013011	proteomic profiling by mass spectrometry	NT=Data-dependent acquisition;AC=PRIDE:0000627	NT=label free sample;AC=MS:1002038	NT=ltq ft;AC=MS:1000448	NT=Carbamidomethyl;AC=UNIMOD:4;TA=C;MT=Fixed	NT=Phospho;AC=UNIMOD:21;TA=S,T,Y;MT=Variable	NT=Oxidation;AC=UNIMOD:35;TA=M;MT=Variable	NT=Trypsin;AC=MS:1001251	NT=collision-induced dissociation;AC=MS:1000133	10 ppm	sds page	dithiothreitol (dtt)	iodoacetamide (iaa)	1	1	muscle_mito_FD1_10ug_II_1_013011.RAW	ftp://ftp.pride.ebi.ac.uk/pride/data/archive/2018/10/PXD004312/muscle_mito_FD1_10ug_II_1_013011.RAW	v1.1.0	NT=ms-proteomics;VV=v1.1.0	NT=clinical-metadata;VV=v1.0.0	manual curation	muscle
Mito_OG5_4ug_5_090409	homo sapiens	not available	not applicable	type 2 diabetes mellitus	1	Mito_OG5_4ug_5_090409	proteomic profiling by mass spectrometry	NT=Data-dependent acquisition;AC=PRIDE:0000627	NT=label free sample;AC=MS:1002038	NT=ltq ft;AC=MS:1000448	NT=Carbamidomethyl;AC=UNIMOD:4;TA=C;MT=Fixed	NT=Phospho;AC=UNIMOD:21;TA=S,T,Y;MT=Variable	NT=Oxidation;AC=UNIMOD:35;TA=M;MT=Variable	NT=Trypsin;AC=MS:1001251	NT=collision-induced dissociation;AC=MS:1000133	10 ppm	sds page	dithiothreitol (dtt)	iodoacetamide (iaa)	1	1	Mito_OG5_4ug_5_090409.RAW	ftp://ftp.pride.ebi.ac.uk/pride/data/archive/2018/10/PXD004312/Mito_OG5_4ug_5_090409.RAW	v1.1.0	NT=ms-proteomics;VV=v1.1.0	NT=clinical-metadata;VV=v1.0.0	manual curation	not available
muscle_mito_MC3_10ug_I_3_012011	homo sapiens	muscle	not applicable	type 2 diabetes mellitus	1	muscle_mito_MC3_10ug_I_3_012011	proteomic profiling by mass spectrometry	NT=Data-dependent acquisition;AC=PRIDE:0000627	NT=label free sample;AC=MS:1002038	NT=ltq ft;AC=MS:1000448	NT=Carbamidomethyl;AC=UNIMOD:4;TA=C;MT=Fixed	NT=Phospho;AC=UNIMOD:21;TA=S,T,Y;MT=Variable	NT=Oxidation;AC=UNIMOD:35;TA=M;MT=Variable	NT=Trypsin;AC=MS:1001251	NT=collision-induced dissociation;AC=MS:1000133	10 ppm	sds page	dithiothreitol (dtt)	iodoacetamide (iaa)	1	1	muscle_mito_MC3_10ug_I_3_012011.RAW	ftp://ftp.pride.ebi.ac.uk/pride/data/archive/2018/10/PXD004312/muscle_mito_MC3_10ug_I_3_012011.RAW	v1.1.0	NT=ms-proteomics;VV=v1.1.0	NT=clinical-metadata;VV=v1.0.0	manual curation	muscle
muscle_mito_MC1_10ug_I_3_011811	homo sapiens	muscle	not applicable	type 2 diabetes mellitus	1	muscle_mito_MC1_10ug_I_3_011811	proteomic profiling by mass spectrometry	NT=Data-dependent acquisition;AC=PRIDE:0000627	NT=label free sample;AC=MS:1002038	NT=ltq ft;AC=MS:1000448	NT=Carbamidomethyl;AC=UNIMOD:4;TA=C;MT=Fixed	NT=Phospho;AC=UNIMOD:21;TA=S,T,Y;MT=Variable	NT=Oxidation;AC=UNIMOD:35;TA=M;MT=Variable	NT=Trypsin;AC=MS:1001251	NT=collision-induced dissociation;AC=MS:1000133	10 ppm	sds page	dithiothreitol (dtt)	iodoacetamide (iaa)	1	1	muscle_mito_MC1_10ug_I_3_011811.RAW	ftp://ftp.pride.ebi.ac.uk/pride/data/archive/2018/10/PXD004312/muscle_mito_MC1_10ug_I_3_011811.RAW	v1.1.0	NT=ms-proteomics;VV=v1.1.0	NT=clinical-metadata;VV=v1.0.0	manual curation	muscle
muscle_mito_FD4_10ug_I_4_020111	homo sapiens	muscle	not applicable	type 2 diabetes mellitus	1	muscle_mito_FD4_10ug_I_4_020111	proteomic profiling by mass spectrometry	NT=Data-dependent acquisition;AC=PRIDE:0000627	NT=label free sample;AC=MS:1002038	NT=ltq ft;AC=MS:1000448	NT=Carbamidomethyl;AC=UNIMOD:4;TA=C;MT=Fixed	NT=Phospho;AC=UNIMOD:21;TA=S,T,Y;MT=Variable	NT=Oxidation;AC=UNIMOD:35;TA=M;MT=Variable	NT=Trypsin;AC=MS:1001251	NT=collision-induced dissociation;AC=MS:1000133	10 ppm	sds page	dithiothreitol (dtt)	iodoacetamide (iaa)	1	1	muscle_mito_FD4_10ug_I_4_020111.RAW	ftp://ftp.pride.ebi.ac.uk/pride/data/archive/2018/10/PXD004312/muscle_mito_FD4_10ug_I_4_020111.RAW	v1.1.0	NT=ms-proteomics;VV=v1.1.0	NT=clinical-metadata;VV=v1.0.0	manual curation	muscle
muscle_mito_MC1_10ug_III_7_011811	homo sapiens	muscle	not applicable	type 2 diabetes mellitus	1	muscle_mito_MC1_10ug_III_7_011811	proteomic profiling by mass spectrometry	NT=Data-dependent acquisition;AC=PRIDE:0000627	NT=label free sample;AC=MS:1002038	NT=ltq ft;AC=MS:1000448	NT=Carbamidomethyl;AC=UNIMOD:4;TA=C;MT=Fixed	NT=Phospho;AC=UNIMOD:21;TA=S,T,Y;MT=Variable	NT=Oxidation;AC=UNIMOD:35;TA=M;MT=Variable	NT=Trypsin;AC=MS:1001251	NT=collision-induced dissociation;AC=MS:1000133	10 ppm	sds page	dithiothreitol (dtt)	iodoacetamide (iaa)	1	1	muscle_mito_MC1_10ug_III_7_011811.RAW	ftp://ftp.pride.ebi.ac.uk/pride/data/archive/2018/10/PXD004312/muscle_mito_MC1_10ug_III_7_011811.RAW	v1.1.0	NT=ms-proteomics;VV=v1.1.0	NT=clinical-metadata;VV=v1.0.0	manual curation	muscle
muscle_mito_MC7_10ug_I_5_012211	homo sapiens	muscle	not applicable	type 2 diabetes mellitus	1	muscle_mito_MC7_10ug_I_5_012211	proteomic profiling by mass spectrometry	NT=Data-dependent acquisition;AC=PRIDE:0000627	NT=label free sample;AC=MS:1002038	NT=ltq ft;AC=MS:1000448	NT=Carbamidomethyl;AC=UNIMOD:4;TA=C;MT=Fixed	NT=Phospho;AC=UNIMOD:21;TA=S,T,Y;MT=Variable	NT=Oxidation;AC=UNIMOD:35;TA=M;MT=Variable	NT=Trypsin;AC=MS:1001251	NT=collision-induced dissociation;AC=MS:1000133	10 ppm	sds page	dithiothreitol (dtt)	iodoacetamide (iaa)	1	1	muscle_mito_MC7_10ug_I_5_012211.RAW	ftp://ftp.pride.ebi.ac.uk/pride/data/archive/2018/10/PXD004312/muscle_mito_MC7_10ug_I_5_012211.RAW	v1.1.0	NT=ms-proteomics;VV=v1.1.0	NT=clinical-metadata;VV=v1.0.0	manual curation	muscle
muscle_mito_MD7_10ug_I_4_012511	homo sapiens	muscle	not applicable	type 2 diabetes mellitus	1	muscle_mito_MD7_10ug_I_4_012511	proteomic profiling by mass spectrometry	NT=Data-dependent acquisition;AC=PRIDE:0000627	NT=label free sample;AC=MS:1002038	NT=ltq ft;AC=MS:1000448	NT=Carbamidomethyl;AC=UNIMOD:4;TA=C;MT=Fixed	NT=Phospho;AC=UNIMOD:21;TA=S,T,Y;MT=Variable	NT=Oxidation;AC=UNIMOD:35;TA=M;MT=Variable	NT=Trypsin;AC=MS:1001251	NT=collision-induced dissociation;AC=MS:1000133	10 ppm	sds page	dithiothreitol (dtt)	iodoacetamide (iaa)	1	1	muscle_mito_MD7_10ug_I_4_012511.RAW	ftp://ftp.pride.ebi.ac.uk/pride/data/archive/2018/10/PXD004312/muscle_mito_MD7_10ug_I_4_012511.RAW	v1.1.0	NT=ms-proteomics;VV=v1.1.0	NT=clinical-metadata;VV=v1.0.0	manual curation	muscle
Mito_OG21_4ug_4_090909	homo sapiens	not available	not applicable	type 2 diabetes mellitus	1	Mito_OG21_4ug_4_090909	proteomic profiling by mass spectrometry	NT=Data-dependent acquisition;AC=PRIDE:0000627	NT=label free sample;AC=MS:1002038	NT=ltq ft;AC=MS:1000448	NT=Carbamidomethyl;AC=UNIMOD:4;TA=C;MT=Fixed	NT=Phospho;AC=UNIMOD:21;TA=S,T,Y;MT=Variable	NT=Oxidation;AC=UNIMOD:35;TA=M;MT=Variable	NT=Trypsin;AC=MS:1001251	NT=collision-induced dissociation;AC=MS:1000133	10 ppm	sds page	dithiothreitol (dtt)	iodoacetamide (iaa)	1	1	Mito_OG21_4ug_4_090909.RAW	ftp://ftp.pride.ebi.ac.uk/pride/data/archive/2018/10/PXD004312/Mito_OG21_4ug_4_090909.RAW	v1.1.0	NT=ms-proteomics;VV=v1.1.0	NT=clinical-metadata;VV=v1.0.0	manual curation	not available
muscle_mito_FD6_10ug_III_1_020111	homo sapiens	muscle	not applicable	type 2 diabetes mellitus	1	muscle_mito_FD6_10ug_III_1_020111	proteomic profiling by mass spectrometry	NT=Data-dependent acquisition;AC=PRIDE:0000627	NT=label free sample;AC=MS:1002038	NT=ltq ft;AC=MS:1000448	NT=Carbamidomethyl;AC=UNIMOD:4;TA=C;MT=Fixed	NT=Phospho;AC=UNIMOD:21;TA=S,T,Y;MT=Variable	NT=Oxidation;AC=UNIMOD:35;TA=M;MT=Variable	NT=Trypsin;AC=MS:1001251	NT=collision-induced dissociation;AC=MS:1000133	10 ppm	sds page	dithiothreitol (dtt)	iodoacetamide (iaa)	1	1	muscle_mito_FD6_10ug_III_1_020111.RAW	ftp://ftp.pride.ebi.ac.uk/pride/data/archive/2018/10/PXD004312/muscle_mito_FD6_10ug_III_1_020111.RAW	v1.1.0	NT=ms-proteomics;VV=v1.1.0	NT=clinical-metadata;VV=v1.0.0	manual curation	muscle
Mito_OG24_4ug_6_091009	homo sapiens	not available	not applicable	type 2 diabetes mellitus	1	Mito_OG24_4ug_6_091009	proteomic profiling by mass spectrometry	NT=Data-dependent acquisition;AC=PRIDE:0000627	NT=label free sample;AC=MS:1002038	NT=ltq ft;AC=MS:1000448	NT=Carbamidomethyl;AC=UNIMOD:4;TA=C;MT=Fixed	NT=Phospho;AC=UNIMOD:21;TA=S,T,Y;MT=Variable	NT=Oxidation;AC=UNIMOD:35;TA=M;MT=Variable	NT=Trypsin;AC=MS:1001251	NT=collision-induced dissociation;AC=MS:1000133	10 ppm	sds page	dithiothreitol (dtt)	iodoacetamide (iaa)	1	1	Mito_OG24_4ug_6_091009.RAW	ftp://ftp.pride.ebi.ac.uk/pride/data/archive/2018/10/PXD004312/Mito_OG24_4ug_6_091009.RAW	v1.1.0	NT=ms-proteomics;VV=v1.1.0	NT=clinical-metadata;VV=v1.0.0	manual curation	not available
Mito_OG12_4ug_2_090709	homo sapiens	not available	not applicable	type 2 diabetes mellitus	1	Mito_OG12_4ug_2_090709	proteomic profiling by mass spectrometry	NT=Data-dependent acquisition;AC=PRIDE:0000627	NT=label free sample;AC=MS:1002038	NT=ltq ft;AC=MS:1000448	NT=Carbamidomethyl;AC=UNIMOD:4;TA=C;MT=Fixed	NT=Phospho;AC=UNIMOD:21;TA=S,T,Y;MT=Variable	NT=Oxidation;AC=UNIMOD:35;TA=M;MT=Variable	NT=Trypsin;AC=MS:1001251	NT=collision-induced dissociation;AC=MS:1000133	10 ppm	sds page	dithiothreitol (dtt)	iodoacetamide (iaa)	1	1	Mito_OG12_4ug_2_090709.RAW	ftp://ftp.pride.ebi.ac.uk/pride/data/archive/2018/10/PXD004312/Mito_OG12_4ug_2_090709.RAW	v1.1.0	NT=ms-proteomics;VV=v1.1.0	NT=clinical-metadata;VV=v1.0.0	manual curation	not available
muscle_mito_MC5_10ug_II_2_012211	homo sapiens	muscle	not applicable	type 2 diabetes mellitus	1	muscle_mito_MC5_10ug_II_2_012211	proteomic profiling by mass spectrometry	NT=Data-dependent acquisition;AC=PRIDE:0000627	NT=label free sample;AC=MS:1002038	NT=ltq ft;AC=MS:1000448	NT=Carbamidomethyl;AC=UNIMOD:4;TA=C;MT=Fixed	NT=Phospho;AC=UNIMOD:21;TA=S,T,Y;MT=Variable	NT=Oxidation;AC=UNIMOD:35;TA=M;MT=Variable	NT=Trypsin;AC=MS:1001251	NT=collision-induced dissociation;AC=MS:1000133	10 ppm	sds page	dithiothreitol (dtt)	iodoacetamide (iaa)	1	1	muscle_mito_MC5_10ug_II_2_012211.RAW	ftp://ftp.pride.ebi.ac.uk/pride/data/archive/2018/10/PXD004312/muscle_mito_MC5_10ug_II_2_012211.RAW	v1.1.0	NT=ms-proteomics;VV=v1.1.0	NT=clinical-metadata;VV=v1.0.0	manual curation	muscle
Mito_OG18_4ug_5_090909	homo sapiens	not available	not applicable	type 2 diabetes mellitus	1	Mito_OG18_4ug_5_090909	proteomic profiling by mass spectrometry	NT=Data-dependent acquisition;AC=PRIDE:0000627	NT=label free sample;AC=MS:1002038	NT=ltq ft;AC=MS:1000448	NT=Carbamidomethyl;AC=UNIMOD:4;TA=C;MT=Fixed	NT=Phospho;AC=UNIMOD:21;TA=S,T,Y;MT=Variable	NT=Oxidation;AC=UNIMOD:35;TA=M;MT=Variable	NT=Trypsin;AC=MS:1001251	NT=collision-induced dissociation;AC=MS:1000133	10 ppm	sds page	dithiothreitol (dtt)	iodoacetamide (iaa)	1	1	Mito_OG18_4ug_5_090909.RAW	ftp://ftp.pride.ebi.ac.uk/pride/data/archive/2018/10/PXD004312/Mito_OG18_4ug_5_090909.RAW	v1.1.0	NT=ms-proteomics;VV=v1.1.0	NT=clinical-metadata;VV=v1.0.0	manual curation	not available
muscle_mito_MD6_10ug_I_3_012311	homo sapiens	muscle	not applicable	type 2 diabetes mellitus	1	muscle_mito_MD6_10ug_I_3_012311	proteomic profiling by mass spectrometry	NT=Data-dependent acquisition;AC=PRIDE:0000627	NT=label free sample;AC=MS:1002038	NT=ltq ft;AC=MS:1000448	NT=Carbamidomethyl;AC=UNIMOD:4;TA=C;MT=Fixed	NT=Phospho;AC=UNIMOD:21;TA=S,T,Y;MT=Variable	NT=Oxidation;AC=UNIMOD:35;TA=M;MT=Variable	NT=Trypsin;AC=MS:1001251	NT=collision-induced dissociation;AC=MS:1000133	10 ppm	sds page	dithiothreitol (dtt)	iodoacetamide (iaa)	1	1	muscle_mito_MD6_10ug_I_3_012311.RAW	ftp://ftp.pride.ebi.ac.uk/pride/data/archive/2018/10/PXD004312/muscle_mito_MD6_10ug_I_3_012311.RAW	v1.1.0	NT=ms-proteomics;VV=v1.1.0	NT=clinical-metadata;VV=v1.0.0	manual curation	muscle
muscle_mito_FC1_10ug_III_2_012311	homo sapiens	muscle	not applicable	type 2 diabetes mellitus	1	muscle_mito_FC1_10ug_III_2_012311	proteomic profiling by mass spectrometry	NT=Data-dependent acquisition;AC=PRIDE:0000627	NT=label free sample;AC=MS:1002038	NT=ltq ft;AC=MS:1000448	NT=Carbamidomethyl;AC=UNIMOD:4;TA=C;MT=Fixed	NT=Phospho;AC=UNIMOD:21;TA=S,T,Y;MT=Variable	NT=Oxidation;AC=UNIMOD:35;TA=M;MT=Variable	NT=Trypsin;AC=MS:1001251	NT=collision-induced dissociation;AC=MS:1000133	10 ppm	sds page	dithiothreitol (dtt)	iodoacetamide (iaa)	1	1	muscle_mito_FC1_10ug_III_2_012311.RAW	ftp://ftp.pride.ebi.ac.uk/pride/data/archive/2018/10/PXD004312/muscle_mito_FC1_10ug_III_2_012311.RAW	v1.1.0	NT=ms-proteomics;VV=v1.1.0	NT=clinical-metadata;VV=v1.0.0	manual curation	muscle
muscle_mito_MC2_10ug_I_2_011911	homo sapiens	muscle	not applicable	type 2 diabetes mellitus	1	muscle_mito_MC2_10ug_I_2_011911	proteomic profiling by mass spectrometry	NT=Data-dependent acquisition;AC=PRIDE:0000627	NT=label free sample;AC=MS:1002038	NT=ltq ft;AC=MS:1000448	NT=Carbamidomethyl;AC=UNIMOD:4;TA=C;MT=Fixed	NT=Phospho;AC=UNIMOD:21;TA=S,T,Y;MT=Variable	NT=Oxidation;AC=UNIMOD:35;TA=M;MT=Variable	NT=Trypsin;AC=MS:1001251	NT=collision-induced dissociation;AC=MS:1000133	10 ppm	sds page	dithiothreitol (dtt)	iodoacetamide (iaa)	1	1	muscle_mito_MC2_10ug_I_2_011911.RAW	ftp://ftp.pride.ebi.ac.uk/pride/data/archive/2018/10/PXD004312/muscle_mito_MC2_10ug_I_2_011911.RAW	v1.1.0	NT=ms-proteomics;VV=v1.1.0	NT=clinical-metadata;VV=v1.0.0	manual curation	muscle
muscle_mito_FD6_10ug_II_2_020111	homo sapiens	muscle	not applicable	type 2 diabetes mellitus	1	muscle_mito_FD6_10ug_II_2_020111	proteomic profiling by mass spectrometry	NT=Data-dependent acquisition;AC=PRIDE:0000627	NT=label free sample;AC=MS:1002038	NT=ltq ft;AC=MS:1000448	NT=Carbamidomethyl;AC=UNIMOD:4;TA=C;MT=Fixed	NT=Phospho;AC=UNIMOD:21;TA=S,T,Y;MT=Variable	NT=Oxidation;AC=UNIMOD:35;TA=M;MT=Variable	NT=Trypsin;AC=MS:1001251	NT=collision-induced dissociation;AC=MS:1000133	10 ppm	sds page	dithiothreitol (dtt)	iodoacetamide (iaa)	1	1	muscle_mito_FD6_10ug_II_2_020111.RAW	ftp://ftp.pride.ebi.ac.uk/pride/data/archive/2018/10/PXD004312/muscle_mito_FD6_10ug_II_2_020111.RAW	v1.1.0	NT=ms-proteomics;VV=v1.1.0	NT=clinical-metadata;VV=v1.0.0	manual curation	muscle
muscle_mito_FD7_10ug_II_5_020211	homo sapiens	muscle	not applicable	type 2 diabetes mellitus	1	muscle_mito_FD7_10ug_II_5_020211	proteomic profiling by mass spectrometry	NT=Data-dependent acquisition;AC=PRIDE:0000627	NT=label free sample;AC=MS:1002038	NT=ltq ft;AC=MS:1000448	NT=Carbamidomethyl;AC=UNIMOD:4;TA=C;MT=Fixed	NT=Phospho;AC=UNIMOD:21;TA=S,T,Y;MT=Variable	NT=Oxidation;AC=UNIMOD:35;TA=M;MT=Variable	NT=Trypsin;AC=MS:1001251	NT=collision-induced dissociation;AC=MS:1000133	10 ppm	sds page	dithiothreitol (dtt)	iodoacetamide (iaa)	1	1	muscle_mito_FD7_10ug_II_5_020211.RAW	ftp://ftp.pride.ebi.ac.uk/pride/data/archive/2018/10/PXD004312/muscle_mito_FD7_10ug_II_5_020211.RAW	v1.1.0	NT=ms-proteomics;VV=v1.1.0	NT=clinical-metadata;VV=v1.0.0	manual curation	muscle
Mito_OG19_4ug_5_090909	homo sapiens	not available	not applicable	type 2 diabetes mellitus	1	Mito_OG19_4ug_5_090909	proteomic profiling by mass spectrometry	NT=Data-dependent acquisition;AC=PRIDE:0000627	NT=label free sample;AC=MS:1002038	NT=ltq ft;AC=MS:1000448	NT=Carbamidomethyl;AC=UNIMOD:4;TA=C;MT=Fixed	NT=Phospho;AC=UNIMOD:21;TA=S,T,Y;MT=Variable	NT=Oxidation;AC=UNIMOD:35;TA=M;MT=Variable	NT=Trypsin;AC=MS:1001251	NT=collision-induced dissociation;AC=MS:1000133	10 ppm	sds page	dithiothreitol (dtt)	iodoacetamide (iaa)	1	1	Mito_OG19_4ug_5_090909.RAW	ftp://ftp.pride.ebi.ac.uk/pride/data/archive/2018/10/PXD004312/Mito_OG19_4ug_5_090909.RAW	v1.1.0	NT=ms-proteomics;VV=v1.1.0	NT=clinical-metadata;VV=v1.0.0	manual curation	not available
muscle_mito_FD2_10ug_III_1_013011	homo sapiens	muscle	not applicable	type 2 diabetes mellitus	1	muscle_mito_FD2_10ug_III_1_013011	proteomic profiling by mass spectrometry	NT=Data-dependent acquisition;AC=PRIDE:0000627	NT=label free sample;AC=MS:1002038	NT=ltq ft;AC=MS:1000448	NT=Carbamidomethyl;AC=UNIMOD:4;TA=C;MT=Fixed	NT=Phospho;AC=UNIMOD:21;TA=S,T,Y;MT=Variable	NT=Oxidation;AC=UNIMOD:35;TA=M;MT=Variable	NT=Trypsin;AC=MS:1001251	NT=collision-induced dissociation;AC=MS:1000133	10 ppm	sds page	dithiothreitol (dtt)	iodoacetamide (iaa)	1	1	muscle_mito_FD2_10ug_III_1_013011.RAW	ftp://ftp.pride.ebi.ac.uk/pride/data/archive/2018/10/PXD004312/muscle_mito_FD2_10ug_III_1_013011.RAW	v1.1.0	NT=ms-proteomics;VV=v1.1.0	NT=clinical-metadata;VV=v1.0.0	manual curation	muscle
Mito_OG25_4ug_3_091009	homo sapiens	not available	not applicable	type 2 diabetes mellitus	1	Mito_OG25_4ug_3_091009	proteomic profiling by mass spectrometry	NT=Data-dependent acquisition;AC=PRIDE:0000627	NT=label free sample;AC=MS:1002038	NT=ltq ft;AC=MS:1000448	NT=Carbamidomethyl;AC=UNIMOD:4;TA=C;MT=Fixed	NT=Phospho;AC=UNIMOD:21;TA=S,T,Y;MT=Variable	NT=Oxidation;AC=UNIMOD:35;TA=M;MT=Variable	NT=Trypsin;AC=MS:1001251	NT=collision-induced dissociation;AC=MS:1000133	10 ppm	sds page	dithiothreitol (dtt)	iodoacetamide (iaa)	1	1	Mito_OG25_4ug_3_091009.RAW	ftp://ftp.pride.ebi.ac.uk/pride/data/archive/2018/10/PXD004312/Mito_OG25_4ug_3_091009.RAW	v1.1.0	NT=ms-proteomics;VV=v1.1.0	NT=clinical-metadata;VV=v1.0.0	manual curation	not available
muscle_mito_MD7_10ug_II_7_012311	homo sapiens	muscle	not applicable	type 2 diabetes mellitus	1	muscle_mito_MD7_10ug_II_7_012311	proteomic profiling by mass spectrometry	NT=Data-dependent acquisition;AC=PRIDE:0000627	NT=label free sample;AC=MS:1002038	NT=ltq ft;AC=MS:1000448	NT=Carbamidomethyl;AC=UNIMOD:4;TA=C;MT=Fixed	NT=Phospho;AC=UNIMOD:21;TA=S,T,Y;MT=Variable	NT=Oxidation;AC=UNIMOD:35;TA=M;MT=Variable	NT=Trypsin;AC=MS:1001251	NT=collision-induced dissociation;AC=MS:1000133	10 ppm	sds page	dithiothreitol (dtt)	iodoacetamide (iaa)	1	1	muscle_mito_MD7_10ug_II_7_012311.RAW	ftp://ftp.pride.ebi.ac.uk/pride/data/archive/2018/10/PXD004312/muscle_mito_MD7_10ug_II_7_012311.RAW	v1.1.0	NT=ms-proteomics;VV=v1.1.0	NT=clinical-metadata;VV=v1.0.0	manual curation	muscle
muscle_mito_MC1_10ug_I_6_011811	homo sapiens	muscle	not applicable	type 2 diabetes mellitus	1	muscle_mito_MC1_10ug_I_6_011811	proteomic profiling by mass spectrometry	NT=Data-dependent acquisition;AC=PRIDE:0000627	NT=label free sample;AC=MS:1002038	NT=ltq ft;AC=MS:1000448	NT=Carbamidomethyl;AC=UNIMOD:4;TA=C;MT=Fixed	NT=Phospho;AC=UNIMOD:21;TA=S,T,Y;MT=Variable	NT=Oxidation;AC=UNIMOD:35;TA=M;MT=Variable	NT=Trypsin;AC=MS:1001251	NT=collision-induced dissociation;AC=MS:1000133	10 ppm	sds page	dithiothreitol (dtt)	iodoacetamide (iaa)	1	1	muscle_mito_MC1_10ug_I_6_011811.RAW	ftp://ftp.pride.ebi.ac.uk/pride/data/archive/2018/10/PXD004312/muscle_mito_MC1_10ug_I_6_011811.RAW	v1.1.0	NT=ms-proteomics;VV=v1.1.0	NT=clinical-metadata;VV=v1.0.0	manual curation	muscle
Mito_OG22_4ug_5_091009	homo sapiens	not available	not applicable	type 2 diabetes mellitus	1	Mito_OG22_4ug_5_091009	proteomic profiling by mass spectrometry	NT=Data-dependent acquisition;AC=PRIDE:0000627	NT=label free sample;AC=MS:1002038	NT=ltq ft;AC=MS:1000448	NT=Carbamidomethyl;AC=UNIMOD:4;TA=C;MT=Fixed	NT=Phospho;AC=UNIMOD:21;TA=S,T,Y;MT=Variable	NT=Oxidation;AC=UNIMOD:35;TA=M;MT=Variable	NT=Trypsin;AC=MS:1001251	NT=collision-induced dissociation;AC=MS:1000133	10 ppm	sds page	dithiothreitol (dtt)	iodoacetamide (iaa)	1	1	Mito_OG22_4ug_5_091009.RAW	ftp://ftp.pride.ebi.ac.uk/pride/data/archive/2018/10/PXD004312/Mito_OG22_4ug_5_091009.RAW	v1.1.0	NT=ms-proteomics;VV=v1.1.0	NT=clinical-metadata;VV=v1.0.0	manual curation	not available
Mito_OG5_4ug_3_090409	homo sapiens	not available	not applicable	type 2 diabetes mellitus	1	Mito_OG5_4ug_3_090409	proteomic profiling by mass spectrometry	NT=Data-dependent acquisition;AC=PRIDE:0000627	NT=label free sample;AC=MS:1002038	NT=ltq ft;AC=MS:1000448	NT=Carbamidomethyl;AC=UNIMOD:4;TA=C;MT=Fixed	NT=Phospho;AC=UNIMOD:21;TA=S,T,Y;MT=Variable	NT=Oxidation;AC=UNIMOD:35;TA=M;MT=Variable	NT=Trypsin;AC=MS:1001251	NT=collision-induced dissociation;AC=MS:1000133	10 ppm	sds page	dithiothreitol (dtt)	iodoacetamide (iaa)	1	1	Mito_OG5_4ug_3_090409.RAW	ftp://ftp.pride.ebi.ac.uk/pride/data/archive/2018/10/PXD004312/Mito_OG5_4ug_3_090409.RAW	v1.1.0	NT=ms-proteomics;VV=v1.1.0	NT=clinical-metadata;VV=v1.0.0	manual curation	not available
muscle_mito_FC1_10ug_III_7_012311	homo sapiens	muscle	not applicable	type 2 diabetes mellitus	1	muscle_mito_FC1_10ug_III_7_012311	proteomic profiling by mass spectrometry	NT=Data-dependent acquisition;AC=PRIDE:0000627	NT=label free sample;AC=MS:1002038	NT=ltq ft;AC=MS:1000448	NT=Carbamidomethyl;AC=UNIMOD:4;TA=C;MT=Fixed	NT=Phospho;AC=UNIMOD:21;TA=S,T,Y;MT=Variable	NT=Oxidation;AC=UNIMOD:35;TA=M;MT=Variable	NT=Trypsin;AC=MS:1001251	NT=collision-induced dissociation;AC=MS:1000133	10 ppm	sds page	dithiothreitol (dtt)	iodoacetamide (iaa)	1	1	muscle_mito_FC1_10ug_III_7_012311.RAW	ftp://ftp.pride.ebi.ac.uk/pride/data/archive/2018/10/PXD004312/muscle_mito_FC1_10ug_III_7_012311.RAW	v1.1.0	NT=ms-proteomics;VV=v1.1.0	NT=clinical-metadata;VV=v1.0.0	manual curation	muscle
muscle_mito_FD6_10ug_II_1_020111	homo sapiens	muscle	not applicable	type 2 diabetes mellitus	1	muscle_mito_FD6_10ug_II_1_020111	proteomic profiling by mass spectrometry	NT=Data-dependent acquisition;AC=PRIDE:0000627	NT=label free sample;AC=MS:1002038	NT=ltq ft;AC=MS:1000448	NT=Carbamidomethyl;AC=UNIMOD:4;TA=C;MT=Fixed	NT=Phospho;AC=UNIMOD:21;TA=S,T,Y;MT=Variable	NT=Oxidation;AC=UNIMOD:35;TA=M;MT=Variable	NT=Trypsin;AC=MS:1001251	NT=collision-induced dissociation;AC=MS:1000133	10 ppm	sds page	dithiothreitol (dtt)	iodoacetamide (iaa)	1	1	muscle_mito_FD6_10ug_II_1_020111.RAW	ftp://ftp.pride.ebi.ac.uk/pride/data/archive/2018/10/PXD004312/muscle_mito_FD6_10ug_II_1_020111.RAW	v1.1.0	NT=ms-proteomics;VV=v1.1.0	NT=clinical-metadata;VV=v1.0.0	manual curation	muscle
Mito_OG8_4ug_3_090609	homo sapiens	not available	not applicable	type 2 diabetes mellitus	1	Mito_OG8_4ug_3_090609	proteomic profiling by mass spectrometry	NT=Data-dependent acquisition;AC=PRIDE:0000627	NT=label free sample;AC=MS:1002038	NT=ltq ft;AC=MS:1000448	NT=Carbamidomethyl;AC=UNIMOD:4;TA=C;MT=Fixed	NT=Phospho;AC=UNIMOD:21;TA=S,T,Y;MT=Variable	NT=Oxidation;AC=UNIMOD:35;TA=M;MT=Variable	NT=Trypsin;AC=MS:1001251	NT=collision-induced dissociation;AC=MS:1000133	10 ppm	sds page	dithiothreitol (dtt)	iodoacetamide (iaa)	1	1	Mito_OG8_4ug_3_090609.RAW	ftp://ftp.pride.ebi.ac.uk/pride/data/archive/2018/10/PXD004312/Mito_OG8_4ug_3_090609.RAW	v1.1.0	NT=ms-proteomics;VV=v1.1.0	NT=clinical-metadata;VV=v1.0.0	manual curation	not available
muscle_mito_FC3_10ug_II_4_012811	homo sapiens	muscle	not applicable	type 2 diabetes mellitus	1	muscle_mito_FC3_10ug_II_4_012811	proteomic profiling by mass spectrometry	NT=Data-dependent acquisition;AC=PRIDE:0000627	NT=label free sample;AC=MS:1002038	NT=ltq ft;AC=MS:1000448	NT=Carbamidomethyl;AC=UNIMOD:4;TA=C;MT=Fixed	NT=Phospho;AC=UNIMOD:21;TA=S,T,Y;MT=Variable	NT=Oxidation;AC=UNIMOD:35;TA=M;MT=Variable	NT=Trypsin;AC=MS:1001251	NT=collision-induced dissociation;AC=MS:1000133	10 ppm	sds page	dithiothreitol (dtt)	iodoacetamide (iaa)	1	1	muscle_mito_FC3_10ug_II_4_012811.RAW	ftp://ftp.pride.ebi.ac.uk/pride/data/archive/2018/10/PXD004312/muscle_mito_FC3_10ug_II_4_012811.RAW	v1.1.0	NT=ms-proteomics;VV=v1.1.0	NT=clinical-metadata;VV=v1.0.0	manual curation	muscle
Mito_OG6_4ug_1_090509	homo sapiens	not available	not applicable	type 2 diabetes mellitus	1	Mito_OG6_4ug_1_090509	proteomic profiling by mass spectrometry	NT=Data-dependent acquisition;AC=PRIDE:0000627	NT=label free sample;AC=MS:1002038	NT=ltq ft;AC=MS:1000448	NT=Carbamidomethyl;AC=UNIMOD:4;TA=C;MT=Fixed	NT=Phospho;AC=UNIMOD:21;TA=S,T,Y;MT=Variable	NT=Oxidation;AC=UNIMOD:35;TA=M;MT=Variable	NT=Trypsin;AC=MS:1001251	NT=collision-induced dissociation;AC=MS:1000133	10 ppm	sds page	dithiothreitol (dtt)	iodoacetamide (iaa)	1	1	Mito_OG6_4ug_1_090509.RAW	ftp://ftp.pride.ebi.ac.uk/pride/data/archive/2018/10/PXD004312/Mito_OG6_4ug_1_090509.RAW	v1.1.0	NT=ms-proteomics;VV=v1.1.0	NT=clinical-metadata;VV=v1.0.0	manual curation	not available
muscle_mito_FC6_10ug_II_3_012911	homo sapiens	muscle	not applicable	type 2 diabetes mellitus	1	muscle_mito_FC6_10ug_II_3_012911	proteomic profiling by mass spectrometry	NT=Data-dependent acquisition;AC=PRIDE:0000627	NT=label free sample;AC=MS:1002038	NT=ltq ft;AC=MS:1000448	NT=Carbamidomethyl;AC=UNIMOD:4;TA=C;MT=Fixed	NT=Phospho;AC=UNIMOD:21;TA=S,T,Y;MT=Variable	NT=Oxidation;AC=UNIMOD:35;TA=M;MT=Variable	NT=Trypsin;AC=MS:1001251	NT=collision-induced dissociation;AC=MS:1000133	10 ppm	sds page	dithiothreitol (dtt)	iodoacetamide (iaa)	1	1	muscle_mito_FC6_10ug_II_3_012911.RAW	ftp://ftp.pride.ebi.ac.uk/pride/data/archive/2018/10/PXD004312/muscle_mito_FC6_10ug_II_3_012911.RAW	v1.1.0	NT=ms-proteomics;VV=v1.1.0	NT=clinical-metadata;VV=v1.0.0	manual curation	muscle
muscle_mito_FC2_10ug_IV_1_012811	homo sapiens	muscle	not applicable	type 2 diabetes mellitus	1	muscle_mito_FC2_10ug_IV_1_012811	proteomic profiling by mass spectrometry	NT=Data-dependent acquisition;AC=PRIDE:0000627	NT=label free sample;AC=MS:1002038	NT=ltq ft;AC=MS:1000448	NT=Carbamidomethyl;AC=UNIMOD:4;TA=C;MT=Fixed	NT=Phospho;AC=UNIMOD:21;TA=S,T,Y;MT=Variable	NT=Oxidation;AC=UNIMOD:35;TA=M;MT=Variable	NT=Trypsin;AC=MS:1001251	NT=collision-induced dissociation;AC=MS:1000133	10 ppm	sds page	dithiothreitol (dtt)	iodoacetamide (iaa)	1	1	muscle_mito_FC2_10ug_IV_1_012811.RAW	ftp://ftp.pride.ebi.ac.uk/pride/data/archive/2018/10/PXD004312/muscle_mito_FC2_10ug_IV_1_012811.RAW	v1.1.0	NT=ms-proteomics;VV=v1.1.0	NT=clinical-metadata;VV=v1.0.0	manual curation	muscle
muscle_mito_FD7_10ug_II_1_020211	homo sapiens	muscle	not applicable	type 2 diabetes mellitus	1	muscle_mito_FD7_10ug_II_1_020211	proteomic profiling by mass spectrometry	NT=Data-dependent acquisition;AC=PRIDE:0000627	NT=label free sample;AC=MS:1002038	NT=ltq ft;AC=MS:1000448	NT=Carbamidomethyl;AC=UNIMOD:4;TA=C;MT=Fixed	NT=Phospho;AC=UNIMOD:21;TA=S,T,Y;MT=Variable	NT=Oxidation;AC=UNIMOD:35;TA=M;MT=Variable	NT=Trypsin;AC=MS:1001251	NT=collision-induced dissociation;AC=MS:1000133	10 ppm	sds page	dithiothreitol (dtt)	iodoacetamide (iaa)	1	1	muscle_mito_FD7_10ug_II_1_020211.RAW	ftp://ftp.pride.ebi.ac.uk/pride/data/archive/2018/10/PXD004312/muscle_mito_FD7_10ug_II_1_020211.RAW	v1.1.0	NT=ms-proteomics;VV=v1.1.0	NT=clinical-metadata;VV=v1.0.0	manual curation	muscle
Mito_OG10_4ug_7_090609	homo sapiens	not available	not applicable	type 2 diabetes mellitus	1	Mito_OG10_4ug_7_090609	proteomic profiling by mass spectrometry	NT=Data-dependent acquisition;AC=PRIDE:0000627	NT=label free sample;AC=MS:1002038	NT=ltq ft;AC=MS:1000448	NT=Carbamidomethyl;AC=UNIMOD:4;TA=C;MT=Fixed	NT=Phospho;AC=UNIMOD:21;TA=S,T,Y;MT=Variable	NT=Oxidation;AC=UNIMOD:35;TA=M;MT=Variable	NT=Trypsin;AC=MS:1001251	NT=collision-induced dissociation;AC=MS:1000133	10 ppm	sds page	dithiothreitol (dtt)	iodoacetamide (iaa)	1	1	Mito_OG10_4ug_7_090609.RAW	ftp://ftp.pride.ebi.ac.uk/pride/data/archive/2018/10/PXD004312/Mito_OG10_4ug_7_090609.RAW	v1.1.0	NT=ms-proteomics;VV=v1.1.0	NT=clinical-metadata;VV=v1.0.0	manual curation	not available
muscle_mito_MD2_10ug_II_2_012111	homo sapiens	muscle	not applicable	type 2 diabetes mellitus	1	muscle_mito_MD2_10ug_II_2_012111	proteomic profiling by mass spectrometry	NT=Data-dependent acquisition;AC=PRIDE:0000627	NT=label free sample;AC=MS:1002038	NT=ltq ft;AC=MS:1000448	NT=Carbamidomethyl;AC=UNIMOD:4;TA=C;MT=Fixed	NT=Phospho;AC=UNIMOD:21;TA=S,T,Y;MT=Variable	NT=Oxidation;AC=UNIMOD:35;TA=M;MT=Variable	NT=Trypsin;AC=MS:1001251	NT=collision-induced dissociation;AC=MS:1000133	10 ppm	sds page	dithiothreitol (dtt)	iodoacetamide (iaa)	1	1	muscle_mito_MD2_10ug_II_2_012111.RAW	ftp://ftp.pride.ebi.ac.uk/pride/data/archive/2018/10/PXD004312/muscle_mito_MD2_10ug_II_2_012111.RAW	v1.1.0	NT=ms-proteomics;VV=v1.1.0	NT=clinical-metadata;VV=v1.0.0	manual curation	muscle
muscle_mito_MD2_10ug_III_7_012111	homo sapiens	muscle	not applicable	type 2 diabetes mellitus	1	muscle_mito_MD2_10ug_III_7_012111	proteomic profiling by mass spectrometry	NT=Data-dependent acquisition;AC=PRIDE:0000627	NT=label free sample;AC=MS:1002038	NT=ltq ft;AC=MS:1000448	NT=Carbamidomethyl;AC=UNIMOD:4;TA=C;MT=Fixed	NT=Phospho;AC=UNIMOD:21;TA=S,T,Y;MT=Variable	NT=Oxidation;AC=UNIMOD:35;TA=M;MT=Variable	NT=Trypsin;AC=MS:1001251	NT=collision-induced dissociation;AC=MS:1000133	10 ppm	sds page	dithiothreitol (dtt)	iodoacetamide (iaa)	1	1	muscle_mito_MD2_10ug_III_7_012111.RAW	ftp://ftp.pride.ebi.ac.uk/pride/data/archive/2018/10/PXD004312/muscle_mito_MD2_10ug_III_7_012111.RAW	v1.1.0	NT=ms-proteomics;VV=v1.1.0	NT=clinical-metadata;VV=v1.0.0	manual curation	muscle
muscle_mito_FD1_10ug_I_6_013011	homo sapiens	muscle	not applicable	type 2 diabetes mellitus	1	muscle_mito_FD1_10ug_I_6_013011	proteomic profiling by mass spectrometry	NT=Data-dependent acquisition;AC=PRIDE:0000627	NT=label free sample;AC=MS:1002038	NT=ltq ft;AC=MS:1000448	NT=Carbamidomethyl;AC=UNIMOD:4;TA=C;MT=Fixed	NT=Phospho;AC=UNIMOD:21;TA=S,T,Y;MT=Variable	NT=Oxidation;AC=UNIMOD:35;TA=M;MT=Variable	NT=Trypsin;AC=MS:1001251	NT=collision-induced dissociation;AC=MS:1000133	10 ppm	sds page	dithiothreitol (dtt)	iodoacetamide (iaa)	1	1	muscle_mito_FD1_10ug_I_6_013011.RAW	ftp://ftp.pride.ebi.ac.uk/pride/data/archive/2018/10/PXD004312/muscle_mito_FD1_10ug_I_6_013011.RAW	v1.1.0	NT=ms-proteomics;VV=v1.1.0	NT=clinical-metadata;VV=v1.0.0	manual curation	muscle
Mito_OG18_4ug_4_090909	homo sapiens	not available	not applicable	type 2 diabetes mellitus	1	Mito_OG18_4ug_4_090909	proteomic profiling by mass spectrometry	NT=Data-dependent acquisition;AC=PRIDE:0000627	NT=label free sample;AC=MS:1002038	NT=ltq ft;AC=MS:1000448	NT=Carbamidomethyl;AC=UNIMOD:4;TA=C;MT=Fixed	NT=Phospho;AC=UNIMOD:21;TA=S,T,Y;MT=Variable	NT=Oxidation;AC=UNIMOD:35;TA=M;MT=Variable	NT=Trypsin;AC=MS:1001251	NT=collision-induced dissociation;AC=MS:1000133	10 ppm	sds page	dithiothreitol (dtt)	iodoacetamide (iaa)	1	1	Mito_OG18_4ug_4_090909.RAW	ftp://ftp.pride.ebi.ac.uk/pride/data/archive/2018/10/PXD004312/Mito_OG18_4ug_4_090909.RAW	v1.1.0	NT=ms-proteomics;VV=v1.1.0	NT=clinical-metadata;VV=v1.0.0	manual curation	not available
muscle_mito_MC7_10ug_I_2_012211	homo sapiens	muscle	not applicable	type 2 diabetes mellitus	1	muscle_mito_MC7_10ug_I_2_012211	proteomic profiling by mass spectrometry	NT=Data-dependent acquisition;AC=PRIDE:0000627	NT=label free sample;AC=MS:1002038	NT=ltq ft;AC=MS:1000448	NT=Carbamidomethyl;AC=UNIMOD:4;TA=C;MT=Fixed	NT=Phospho;AC=UNIMOD:21;TA=S,T,Y;MT=Variable	NT=Oxidation;AC=UNIMOD:35;TA=M;MT=Variable	NT=Trypsin;AC=MS:1001251	NT=collision-induced dissociation;AC=MS:1000133	10 ppm	sds page	dithiothreitol (dtt)	iodoacetamide (iaa)	1	1	muscle_mito_MC7_10ug_I_2_012211.RAW	ftp://ftp.pride.ebi.ac.uk/pride/data/archive/2018/10/PXD004312/muscle_mito_MC7_10ug_I_2_012211.RAW	v1.1.0	NT=ms-proteomics;VV=v1.1.0	NT=clinical-metadata;VV=v1.0.0	manual curation	muscle
Mito_OG7_4ug_1_090509	homo sapiens	not available	not applicable	type 2 diabetes mellitus	1	Mito_OG7_4ug_1_090509	proteomic profiling by mass spectrometry	NT=Data-dependent acquisition;AC=PRIDE:0000627	NT=label free sample;AC=MS:1002038	NT=ltq ft;AC=MS:1000448	NT=Carbamidomethyl;AC=UNIMOD:4;TA=C;MT=Fixed	NT=Phospho;AC=UNIMOD:21;TA=S,T,Y;MT=Variable	NT=Oxidation;AC=UNIMOD:35;TA=M;MT=Variable	NT=Trypsin;AC=MS:1001251	NT=collision-induced dissociation;AC=MS:1000133	10 ppm	sds page	dithiothreitol (dtt)	iodoacetamide (iaa)	1	1	Mito_OG7_4ug_1_090509.RAW	ftp://ftp.pride.ebi.ac.uk/pride/data/archive/2018/10/PXD004312/Mito_OG7_4ug_1_090509.RAW	v1.1.0	NT=ms-proteomics;VV=v1.1.0	NT=clinical-metadata;VV=v1.0.0	manual curation	not available
Mito_OG_4ug_6_090209	homo sapiens	not available	not applicable	type 2 diabetes mellitus	1	Mito_OG_4ug_6_090209	proteomic profiling by mass spectrometry	NT=Data-dependent acquisition;AC=PRIDE:0000627	NT=label free sample;AC=MS:1002038	NT=ltq ft;AC=MS:1000448	NT=Carbamidomethyl;AC=UNIMOD:4;TA=C;MT=Fixed	NT=Phospho;AC=UNIMOD:21;TA=S,T,Y;MT=Variable	NT=Oxidation;AC=UNIMOD:35;TA=M;MT=Variable	NT=Trypsin;AC=MS:1001251	NT=collision-induced dissociation;AC=MS:1000133	10 ppm	sds page	dithiothreitol (dtt)	iodoacetamide (iaa)	1	1	Mito_OG_4ug_6_090209.RAW	ftp://ftp.pride.ebi.ac.uk/pride/data/archive/2018/10/PXD004312/Mito_OG_4ug_6_090209.RAW	v1.1.0	NT=ms-proteomics;VV=v1.1.0	NT=clinical-metadata;VV=v1.0.0	manual curation	not available
muscle_mito_FD1_10ug_III_7_013011	homo sapiens	muscle	not applicable	type 2 diabetes mellitus	1	muscle_mito_FD1_10ug_III_7_013011	proteomic profiling by mass spectrometry	NT=Data-dependent acquisition;AC=PRIDE:0000627	NT=label free sample;AC=MS:1002038	NT=ltq ft;AC=MS:1000448	NT=Carbamidomethyl;AC=UNIMOD:4;TA=C;MT=Fixed	NT=Phospho;AC=UNIMOD:21;TA=S,T,Y;MT=Variable	NT=Oxidation;AC=UNIMOD:35;TA=M;MT=Variable	NT=Trypsin;AC=MS:1001251	NT=collision-induced dissociation;AC=MS:1000133	10 ppm	sds page	dithiothreitol (dtt)	iodoacetamide (iaa)	1	1	muscle_mito_FD1_10ug_III_7_013011.RAW	ftp://ftp.pride.ebi.ac.uk/pride/data/archive/2018/10/PXD004312/muscle_mito_FD1_10ug_III_7_013011.RAW	v1.1.0	NT=ms-proteomics;VV=v1.1.0	NT=clinical-metadata;VV=v1.0.0	manual curation	muscle
muscle_mito_FC3_10ug_II_7_012811	homo sapiens	muscle	not applicable	type 2 diabetes mellitus	1	muscle_mito_FC3_10ug_II_7_012811	proteomic profiling by mass spectrometry	NT=Data-dependent acquisition;AC=PRIDE:0000627	NT=label free sample;AC=MS:1002038	NT=ltq ft;AC=MS:1000448	NT=Carbamidomethyl;AC=UNIMOD:4;TA=C;MT=Fixed	NT=Phospho;AC=UNIMOD:21;TA=S,T,Y;MT=Variable	NT=Oxidation;AC=UNIMOD:35;TA=M;MT=Variable	NT=Trypsin;AC=MS:1001251	NT=collision-induced dissociation;AC=MS:1000133	10 ppm	sds page	dithiothreitol (dtt)	iodoacetamide (iaa)	1	1	muscle_mito_FC3_10ug_II_7_012811.RAW	ftp://ftp.pride.ebi.ac.uk/pride/data/archive/2018/10/PXD004312/muscle_mito_FC3_10ug_II_7_012811.RAW	v1.1.0	NT=ms-proteomics;VV=v1.1.0	NT=clinical-metadata;VV=v1.0.0	manual curation	muscle
muscle_mito_FC2_10ug_IV_7_012811	homo sapiens	muscle	not applicable	type 2 diabetes mellitus	1	muscle_mito_FC2_10ug_IV_7_012811	proteomic profiling by mass spectrometry	NT=Data-dependent acquisition;AC=PRIDE:0000627	NT=label free sample;AC=MS:1002038	NT=ltq ft;AC=MS:1000448	NT=Carbamidomethyl;AC=UNIMOD:4;TA=C;MT=Fixed	NT=Phospho;AC=UNIMOD:21;TA=S,T,Y;MT=Variable	NT=Oxidation;AC=UNIMOD:35;TA=M;MT=Variable	NT=Trypsin;AC=MS:1001251	NT=collision-induced dissociation;AC=MS:1000133	10 ppm	sds page	dithiothreitol (dtt)	iodoacetamide (iaa)	1	1	muscle_mito_FC2_10ug_IV_7_012811.RAW	ftp://ftp.pride.ebi.ac.uk/pride/data/archive/2018/10/PXD004312/muscle_mito_FC2_10ug_IV_7_012811.RAW	v1.1.0	NT=ms-proteomics;VV=v1.1.0	NT=clinical-metadata;VV=v1.0.0	manual curation	muscle
Mito_OG5_4ug_6_090409	homo sapiens	not available	not applicable	type 2 diabetes mellitus	1	Mito_OG5_4ug_6_090409	proteomic profiling by mass spectrometry	NT=Data-dependent acquisition;AC=PRIDE:0000627	NT=label free sample;AC=MS:1002038	NT=ltq ft;AC=MS:1000448	NT=Carbamidomethyl;AC=UNIMOD:4;TA=C;MT=Fixed	NT=Phospho;AC=UNIMOD:21;TA=S,T,Y;MT=Variable	NT=Oxidation;AC=UNIMOD:35;TA=M;MT=Variable	NT=Trypsin;AC=MS:1001251	NT=collision-induced dissociation;AC=MS:1000133	10 ppm	sds page	dithiothreitol (dtt)	iodoacetamide (iaa)	1	1	Mito_OG5_4ug_6_090409.RAW	ftp://ftp.pride.ebi.ac.uk/pride/data/archive/2018/10/PXD004312/Mito_OG5_4ug_6_090409.RAW	v1.1.0	NT=ms-proteomics;VV=v1.1.0	NT=clinical-metadata;VV=v1.0.0	manual curation	not available
Mito_OG23_4ug_3_091009	homo sapiens	not available	not applicable	type 2 diabetes mellitus	1	Mito_OG23_4ug_3_091009	proteomic profiling by mass spectrometry	NT=Data-dependent acquisition;AC=PRIDE:0000627	NT=label free sample;AC=MS:1002038	NT=ltq ft;AC=MS:1000448	NT=Carbamidomethyl;AC=UNIMOD:4;TA=C;MT=Fixed	NT=Phospho;AC=UNIMOD:21;TA=S,T,Y;MT=Variable	NT=Oxidation;AC=UNIMOD:35;TA=M;MT=Variable	NT=Trypsin;AC=MS:1001251	NT=collision-induced dissociation;AC=MS:1000133	10 ppm	sds page	dithiothreitol (dtt)	iodoacetamide (iaa)	1	1	Mito_OG23_4ug_3_091009.RAW	ftp://ftp.pride.ebi.ac.uk/pride/data/archive/2018/10/PXD004312/Mito_OG23_4ug_3_091009.RAW	v1.1.0	NT=ms-proteomics;VV=v1.1.0	NT=clinical-metadata;VV=v1.0.0	manual curation	not available
muscle_mito_FD7_10ug_II_7_020211	homo sapiens	muscle	not applicable	type 2 diabetes mellitus	1	muscle_mito_FD7_10ug_II_7_020211	proteomic profiling by mass spectrometry	NT=Data-dependent acquisition;AC=PRIDE:0000627	NT=label free sample;AC=MS:1002038	NT=ltq ft;AC=MS:1000448	NT=Carbamidomethyl;AC=UNIMOD:4;TA=C;MT=Fixed	NT=Phospho;AC=UNIMOD:21;TA=S,T,Y;MT=Variable	NT=Oxidation;AC=UNIMOD:35;TA=M;MT=Variable	NT=Trypsin;AC=MS:1001251	NT=collision-induced dissociation;AC=MS:1000133	10 ppm	sds page	dithiothreitol (dtt)	iodoacetamide (iaa)	1	1	muscle_mito_FD7_10ug_II_7_020211.RAW	ftp://ftp.pride.ebi.ac.uk/pride/data/archive/2018/10/PXD004312/muscle_mito_FD7_10ug_II_7_020211.RAW	v1.1.0	NT=ms-proteomics;VV=v1.1.0	NT=clinical-metadata;VV=v1.0.0	manual curation	muscle
muscle_mito_FD6_10ug_III_3_020111	homo sapiens	muscle	not applicable	type 2 diabetes mellitus	1	muscle_mito_FD6_10ug_III_3_020111	proteomic profiling by mass spectrometry	NT=Data-dependent acquisition;AC=PRIDE:0000627	NT=label free sample;AC=MS:1002038	NT=ltq ft;AC=MS:1000448	NT=Carbamidomethyl;AC=UNIMOD:4;TA=C;MT=Fixed	NT=Phospho;AC=UNIMOD:21;TA=S,T,Y;MT=Variable	NT=Oxidation;AC=UNIMOD:35;TA=M;MT=Variable	NT=Trypsin;AC=MS:1001251	NT=collision-induced dissociation;AC=MS:1000133	10 ppm	sds page	dithiothreitol (dtt)	iodoacetamide (iaa)	1	1	muscle_mito_FD6_10ug_III_3_020111.RAW	ftp://ftp.pride.ebi.ac.uk/pride/data/archive/2018/10/PXD004312/muscle_mito_FD6_10ug_III_3_020111.RAW	v1.1.0	NT=ms-proteomics;VV=v1.1.0	NT=clinical-metadata;VV=v1.0.0	manual curation	muscle
Mito_OG13_4ug_4_090709	homo sapiens	not available	not applicable	type 2 diabetes mellitus	1	Mito_OG13_4ug_4_090709	proteomic profiling by mass spectrometry	NT=Data-dependent acquisition;AC=PRIDE:0000627	NT=label free sample;AC=MS:1002038	NT=ltq ft;AC=MS:1000448	NT=Carbamidomethyl;AC=UNIMOD:4;TA=C;MT=Fixed	NT=Phospho;AC=UNIMOD:21;TA=S,T,Y;MT=Variable	NT=Oxidation;AC=UNIMOD:35;TA=M;MT=Variable	NT=Trypsin;AC=MS:1001251	NT=collision-induced dissociation;AC=MS:1000133	10 ppm	sds page	dithiothreitol (dtt)	iodoacetamide (iaa)	1	1	Mito_OG13_4ug_4_090709.RAW	ftp://ftp.pride.ebi.ac.uk/pride/data/archive/2018/10/PXD004312/Mito_OG13_4ug_4_090709.RAW	v1.1.0	NT=ms-proteomics;VV=v1.1.0	NT=clinical-metadata;VV=v1.0.0	manual curation	not available
Mito_OG6_4ug_7_090509	homo sapiens	not available	not applicable	type 2 diabetes mellitus	1	Mito_OG6_4ug_7_090509	proteomic profiling by mass spectrometry	NT=Data-dependent acquisition;AC=PRIDE:0000627	NT=label free sample;AC=MS:1002038	NT=ltq ft;AC=MS:1000448	NT=Carbamidomethyl;AC=UNIMOD:4;TA=C;MT=Fixed	NT=Phospho;AC=UNIMOD:21;TA=S,T,Y;MT=Variable	NT=Oxidation;AC=UNIMOD:35;TA=M;MT=Variable	NT=Trypsin;AC=MS:1001251	NT=collision-induced dissociation;AC=MS:1000133	10 ppm	sds page	dithiothreitol (dtt)	iodoacetamide (iaa)	1	1	Mito_OG6_4ug_7_090509.RAW	ftp://ftp.pride.ebi.ac.uk/pride/data/archive/2018/10/PXD004312/Mito_OG6_4ug_7_090509.RAW	v1.1.0	NT=ms-proteomics;VV=v1.1.0	NT=clinical-metadata;VV=v1.0.0	manual curation	not available
muscle_mito_MD7_10ug_III_5_012311	homo sapiens	muscle	not applicable	type 2 diabetes mellitus	1	muscle_mito_MD7_10ug_III_5_012311	proteomic profiling by mass spectrometry	NT=Data-dependent acquisition;AC=PRIDE:0000627	NT=label free sample;AC=MS:1002038	NT=ltq ft;AC=MS:1000448	NT=Carbamidomethyl;AC=UNIMOD:4;TA=C;MT=Fixed	NT=Phospho;AC=UNIMOD:21;TA=S,T,Y;MT=Variable	NT=Oxidation;AC=UNIMOD:35;TA=M;MT=Variable	NT=Trypsin;AC=MS:1001251	NT=collision-induced dissociation;AC=MS:1000133	10 ppm	sds page	dithiothreitol (dtt)	iodoacetamide (iaa)	1	1	muscle_mito_MD7_10ug_III_5_012311.RAW	ftp://ftp.pride.ebi.ac.uk/pride/data/archive/2018/10/PXD004312/muscle_mito_MD7_10ug_III_5_012311.RAW	v1.1.0	NT=ms-proteomics;VV=v1.1.0	NT=clinical-metadata;VV=v1.0.0	manual curation	muscle
muscle_mito_MC1_10ug_II_7_011811	homo sapiens	muscle	not applicable	type 2 diabetes mellitus	1	muscle_mito_MC1_10ug_II_7_011811	proteomic profiling by mass spectrometry	NT=Data-dependent acquisition;AC=PRIDE:0000627	NT=label free sample;AC=MS:1002038	NT=ltq ft;AC=MS:1000448	NT=Carbamidomethyl;AC=UNIMOD:4;TA=C;MT=Fixed	NT=Phospho;AC=UNIMOD:21;TA=S,T,Y;MT=Variable	NT=Oxidation;AC=UNIMOD:35;TA=M;MT=Variable	NT=Trypsin;AC=MS:1001251	NT=collision-induced dissociation;AC=MS:1000133	10 ppm	sds page	dithiothreitol (dtt)	iodoacetamide (iaa)	1	1	muscle_mito_MC1_10ug_II_7_011811.RAW	ftp://ftp.pride.ebi.ac.uk/pride/data/archive/2018/10/PXD004312/muscle_mito_MC1_10ug_II_7_011811.RAW	v1.1.0	NT=ms-proteomics;VV=v1.1.0	NT=clinical-metadata;VV=v1.0.0	manual curation	muscle
muscle_mito_MC1_10ug_I_4_011811	homo sapiens	muscle	not applicable	type 2 diabetes mellitus	1	muscle_mito_MC1_10ug_I_4_011811	proteomic profiling by mass spectrometry	NT=Data-dependent acquisition;AC=PRIDE:0000627	NT=label free sample;AC=MS:1002038	NT=ltq ft;AC=MS:1000448	NT=Carbamidomethyl;AC=UNIMOD:4;TA=C;MT=Fixed	NT=Phospho;AC=UNIMOD:21;TA=S,T,Y;MT=Variable	NT=Oxidation;AC=UNIMOD:35;TA=M;MT=Variable	NT=Trypsin;AC=MS:1001251	NT=collision-induced dissociation;AC=MS:1000133	10 ppm	sds page	dithiothreitol (dtt)	iodoacetamide (iaa)	1	1	muscle_mito_MC1_10ug_I_4_011811.RAW	ftp://ftp.pride.ebi.ac.uk/pride/data/archive/2018/10/PXD004312/muscle_mito_MC1_10ug_I_4_011811.RAW	v1.1.0	NT=ms-proteomics;VV=v1.1.0	NT=clinical-metadata;VV=v1.0.0	manual curation	muscle
Mito_OG9_4ug_4_090609	homo sapiens	not available	not applicable	type 2 diabetes mellitus	1	Mito_OG9_4ug_4_090609	proteomic profiling by mass spectrometry	NT=Data-dependent acquisition;AC=PRIDE:0000627	NT=label free sample;AC=MS:1002038	NT=ltq ft;AC=MS:1000448	NT=Carbamidomethyl;AC=UNIMOD:4;TA=C;MT=Fixed	NT=Phospho;AC=UNIMOD:21;TA=S,T,Y;MT=Variable	NT=Oxidation;AC=UNIMOD:35;TA=M;MT=Variable	NT=Trypsin;AC=MS:1001251	NT=collision-induced dissociation;AC=MS:1000133	10 ppm	sds page	dithiothreitol (dtt)	iodoacetamide (iaa)	1	1	Mito_OG9_4ug_4_090609.RAW	ftp://ftp.pride.ebi.ac.uk/pride/data/archive/2018/10/PXD004312/Mito_OG9_4ug_4_090609.RAW	v1.1.0	NT=ms-proteomics;VV=v1.1.0	NT=clinical-metadata;VV=v1.0.0	manual curation	not available
muscle_mito_MD7_10ug_III_2_012311	homo sapiens	muscle	not applicable	type 2 diabetes mellitus	1	muscle_mito_MD7_10ug_III_2_012311	proteomic profiling by mass spectrometry	NT=Data-dependent acquisition;AC=PRIDE:0000627	NT=label free sample;AC=MS:1002038	NT=ltq ft;AC=MS:1000448	NT=Carbamidomethyl;AC=UNIMOD:4;TA=C;MT=Fixed	NT=Phospho;AC=UNIMOD:21;TA=S,T,Y;MT=Variable	NT=Oxidation;AC=UNIMOD:35;TA=M;MT=Variable	NT=Trypsin;AC=MS:1001251	NT=collision-induced dissociation;AC=MS:1000133	10 ppm	sds page	dithiothreitol (dtt)	iodoacetamide (iaa)	1	1	muscle_mito_MD7_10ug_III_2_012311.RAW	ftp://ftp.pride.ebi.ac.uk/pride/data/archive/2018/10/PXD004312/muscle_mito_MD7_10ug_III_2_012311.RAW	v1.1.0	NT=ms-proteomics;VV=v1.1.0	NT=clinical-metadata;VV=v1.0.0	manual curation	muscle
Mito_OG16_4ug_2_090809	homo sapiens	not available	not applicable	type 2 diabetes mellitus	1	Mito_OG16_4ug_2_090809	proteomic profiling by mass spectrometry	NT=Data-dependent acquisition;AC=PRIDE:0000627	NT=label free sample;AC=MS:1002038	NT=ltq ft;AC=MS:1000448	NT=Carbamidomethyl;AC=UNIMOD:4;TA=C;MT=Fixed	NT=Phospho;AC=UNIMOD:21;TA=S,T,Y;MT=Variable	NT=Oxidation;AC=UNIMOD:35;TA=M;MT=Variable	NT=Trypsin;AC=MS:1001251	NT=collision-induced dissociation;AC=MS:1000133	10 ppm	sds page	dithiothreitol (dtt)	iodoacetamide (iaa)	1	1	Mito_OG16_4ug_2_090809.RAW	ftp://ftp.pride.ebi.ac.uk/pride/data/archive/2018/10/PXD004312/Mito_OG16_4ug_2_090809.RAW	v1.1.0	NT=ms-proteomics;VV=v1.1.0	NT=clinical-metadata;VV=v1.0.0	manual curation	not available
muscle_mito_MD7_10ug_III_3_012311	homo sapiens	muscle	not applicable	type 2 diabetes mellitus	1	muscle_mito_MD7_10ug_III_3_012311	proteomic profiling by mass spectrometry	NT=Data-dependent acquisition;AC=PRIDE:0000627	NT=label free sample;AC=MS:1002038	NT=ltq ft;AC=MS:1000448	NT=Carbamidomethyl;AC=UNIMOD:4;TA=C;MT=Fixed	NT=Phospho;AC=UNIMOD:21;TA=S,T,Y;MT=Variable	NT=Oxidation;AC=UNIMOD:35;TA=M;MT=Variable	NT=Trypsin;AC=MS:1001251	NT=collision-induced dissociation;AC=MS:1000133	10 ppm	sds page	dithiothreitol (dtt)	iodoacetamide (iaa)	1	1	muscle_mito_MD7_10ug_III_3_012311.RAW	ftp://ftp.pride.ebi.ac.uk/pride/data/archive/2018/10/PXD004312/muscle_mito_MD7_10ug_III_3_012311.RAW	v1.1.0	NT=ms-proteomics;VV=v1.1.0	NT=clinical-metadata;VV=v1.0.0	manual curation	muscle
muscle_mito_FD1_10ug_III_1_013011	homo sapiens	muscle	not applicable	type 2 diabetes mellitus	1	muscle_mito_FD1_10ug_III_1_013011	proteomic profiling by mass spectrometry	NT=Data-dependent acquisition;AC=PRIDE:0000627	NT=label free sample;AC=MS:1002038	NT=ltq ft;AC=MS:1000448	NT=Carbamidomethyl;AC=UNIMOD:4;TA=C;MT=Fixed	NT=Phospho;AC=UNIMOD:21;TA=S,T,Y;MT=Variable	NT=Oxidation;AC=UNIMOD:35;TA=M;MT=Variable	NT=Trypsin;AC=MS:1001251	NT=collision-induced dissociation;AC=MS:1000133	10 ppm	sds page	dithiothreitol (dtt)	iodoacetamide (iaa)	1	1	muscle_mito_FD1_10ug_III_1_013011.RAW	ftp://ftp.pride.ebi.ac.uk/pride/data/archive/2018/10/PXD004312/muscle_mito_FD1_10ug_III_1_013011.RAW	v1.1.0	NT=ms-proteomics;VV=v1.1.0	NT=clinical-metadata;VV=v1.0.0	manual curation	muscle
muscle_mito_FD7_10ug_I_4_020211	homo sapiens	muscle	not applicable	type 2 diabetes mellitus	1	muscle_mito_FD7_10ug_I_4_020211	proteomic profiling by mass spectrometry	NT=Data-dependent acquisition;AC=PRIDE:0000627	NT=label free sample;AC=MS:1002038	NT=ltq ft;AC=MS:1000448	NT=Carbamidomethyl;AC=UNIMOD:4;TA=C;MT=Fixed	NT=Phospho;AC=UNIMOD:21;TA=S,T,Y;MT=Variable	NT=Oxidation;AC=UNIMOD:35;TA=M;MT=Variable	NT=Trypsin;AC=MS:1001251	NT=collision-induced dissociation;AC=MS:1000133	10 ppm	sds page	dithiothreitol (dtt)	iodoacetamide (iaa)	1	1	muscle_mito_FD7_10ug_I_4_020211.RAW	ftp://ftp.pride.ebi.ac.uk/pride/data/archive/2018/10/PXD004312/muscle_mito_FD7_10ug_I_4_020211.RAW	v1.1.0	NT=ms-proteomics;VV=v1.1.0	NT=clinical-metadata;VV=v1.0.0	manual curation	muscle
muscle_mito_FC2_10ug_III_7_012711	homo sapiens	muscle	not applicable	type 2 diabetes mellitus	1	muscle_mito_FC2_10ug_III_7_012711	proteomic profiling by mass spectrometry	NT=Data-dependent acquisition;AC=PRIDE:0000627	NT=label free sample;AC=MS:1002038	NT=ltq ft;AC=MS:1000448	NT=Carbamidomethyl;AC=UNIMOD:4;TA=C;MT=Fixed	NT=Phospho;AC=UNIMOD:21;TA=S,T,Y;MT=Variable	NT=Oxidation;AC=UNIMOD:35;TA=M;MT=Variable	NT=Trypsin;AC=MS:1001251	NT=collision-induced dissociation;AC=MS:1000133	10 ppm	sds page	dithiothreitol (dtt)	iodoacetamide (iaa)	1	1	muscle_mito_FC2_10ug_III_7_012711.RAW	ftp://ftp.pride.ebi.ac.uk/pride/data/archive/2018/10/PXD004312/muscle_mito_FC2_10ug_III_7_012711.RAW	v1.1.0	NT=ms-proteomics;VV=v1.1.0	NT=clinical-metadata;VV=v1.0.0	manual curation	muscle
muscle_mito_MD2_10ug_I_2_012211	homo sapiens	muscle	not applicable	type 2 diabetes mellitus	1	muscle_mito_MD2_10ug_I_2_012211	proteomic profiling by mass spectrometry	NT=Data-dependent acquisition;AC=PRIDE:0000627	NT=label free sample;AC=MS:1002038	NT=ltq ft;AC=MS:1000448	NT=Carbamidomethyl;AC=UNIMOD:4;TA=C;MT=Fixed	NT=Phospho;AC=UNIMOD:21;TA=S,T,Y;MT=Variable	NT=Oxidation;AC=UNIMOD:35;TA=M;MT=Variable	NT=Trypsin;AC=MS:1001251	NT=collision-induced dissociation;AC=MS:1000133	10 ppm	sds page	dithiothreitol (dtt)	iodoacetamide (iaa)	1	1	muscle_mito_MD2_10ug_I_2_012211.RAW	ftp://ftp.pride.ebi.ac.uk/pride/data/archive/2018/10/PXD004312/muscle_mito_MD2_10ug_I_2_012211.RAW	v1.1.0	NT=ms-proteomics;VV=v1.1.0	NT=clinical-metadata;VV=v1.0.0	manual curation	muscle
Mito_OG8_4ug_4_090609	homo sapiens	not available	not applicable	type 2 diabetes mellitus	1	Mito_OG8_4ug_4_090609	proteomic profiling by mass spectrometry	NT=Data-dependent acquisition;AC=PRIDE:0000627	NT=label free sample;AC=MS:1002038	NT=ltq ft;AC=MS:1000448	NT=Carbamidomethyl;AC=UNIMOD:4;TA=C;MT=Fixed	NT=Phospho;AC=UNIMOD:21;TA=S,T,Y;MT=Variable	NT=Oxidation;AC=UNIMOD:35;TA=M;MT=Variable	NT=Trypsin;AC=MS:1001251	NT=collision-induced dissociation;AC=MS:1000133	10 ppm	sds page	dithiothreitol (dtt)	iodoacetamide (iaa)	1	1	Mito_OG8_4ug_4_090609.RAW	ftp://ftp.pride.ebi.ac.uk/pride/data/archive/2018/10/PXD004312/Mito_OG8_4ug_4_090609.RAW	v1.1.0	NT=ms-proteomics;VV=v1.1.0	NT=clinical-metadata;VV=v1.0.0	manual curation	not available
muscle_mito_FD1_10ug_III_6_013011	homo sapiens	muscle	not applicable	type 2 diabetes mellitus	1	muscle_mito_FD1_10ug_III_6_013011	proteomic profiling by mass spectrometry	NT=Data-dependent acquisition;AC=PRIDE:0000627	NT=label free sample;AC=MS:1002038	NT=ltq ft;AC=MS:1000448	NT=Carbamidomethyl;AC=UNIMOD:4;TA=C;MT=Fixed	NT=Phospho;AC=UNIMOD:21;TA=S,T,Y;MT=Variable	NT=Oxidation;AC=UNIMOD:35;TA=M;MT=Variable	NT=Trypsin;AC=MS:1001251	NT=collision-induced dissociation;AC=MS:1000133	10 ppm	sds page	dithiothreitol (dtt)	iodoacetamide (iaa)	1	1	muscle_mito_FD1_10ug_III_6_013011.RAW	ftp://ftp.pride.ebi.ac.uk/pride/data/archive/2018/10/PXD004312/muscle_mito_FD1_10ug_III_6_013011.RAW	v1.1.0	NT=ms-proteomics;VV=v1.1.0	NT=clinical-metadata;VV=v1.0.0	manual curation	muscle
Mito_OG14_4ug_4_090709	homo sapiens	not available	not applicable	type 2 diabetes mellitus	1	Mito_OG14_4ug_4_090709	proteomic profiling by mass spectrometry	NT=Data-dependent acquisition;AC=PRIDE:0000627	NT=label free sample;AC=MS:1002038	NT=ltq ft;AC=MS:1000448	NT=Carbamidomethyl;AC=UNIMOD:4;TA=C;MT=Fixed	NT=Phospho;AC=UNIMOD:21;TA=S,T,Y;MT=Variable	NT=Oxidation;AC=UNIMOD:35;TA=M;MT=Variable	NT=Trypsin;AC=MS:1001251	NT=collision-induced dissociation;AC=MS:1000133	10 ppm	sds page	dithiothreitol (dtt)	iodoacetamide (iaa)	1	1	Mito_OG14_4ug_4_090709.RAW	ftp://ftp.pride.ebi.ac.uk/pride/data/archive/2018/10/PXD004312/Mito_OG14_4ug_4_090709.RAW	v1.1.0	NT=ms-proteomics;VV=v1.1.0	NT=clinical-metadata;VV=v1.0.0	manual curation	not available
Mito_OG10_4ug_3_090609	homo sapiens	not available	not applicable	type 2 diabetes mellitus	1	Mito_OG10_4ug_3_090609	proteomic profiling by mass spectrometry	NT=Data-dependent acquisition;AC=PRIDE:0000627	NT=label free sample;AC=MS:1002038	NT=ltq ft;AC=MS:1000448	NT=Carbamidomethyl;AC=UNIMOD:4;TA=C;MT=Fixed	NT=Phospho;AC=UNIMOD:21;TA=S,T,Y;MT=Variable	NT=Oxidation;AC=UNIMOD:35;TA=M;MT=Variable	NT=Trypsin;AC=MS:1001251	NT=collision-induced dissociation;AC=MS:1000133	10 ppm	sds page	dithiothreitol (dtt)	iodoacetamide (iaa)	1	1	Mito_OG10_4ug_3_090609.RAW	ftp://ftp.pride.ebi.ac.uk/pride/data/archive/2018/10/PXD004312/Mito_OG10_4ug_3_090609.RAW	v1.1.0	NT=ms-proteomics;VV=v1.1.0	NT=clinical-metadata;VV=v1.0.0	manual curation	not available
muscle_mito_FC2_10ug_III_2_012711	homo sapiens	muscle	not applicable	type 2 diabetes mellitus	1	muscle_mito_FC2_10ug_III_2_012711	proteomic profiling by mass spectrometry	NT=Data-dependent acquisition;AC=PRIDE:0000627	NT=label free sample;AC=MS:1002038	NT=ltq ft;AC=MS:1000448	NT=Carbamidomethyl;AC=UNIMOD:4;TA=C;MT=Fixed	NT=Phospho;AC=UNIMOD:21;TA=S,T,Y;MT=Variable	NT=Oxidation;AC=UNIMOD:35;TA=M;MT=Variable	NT=Trypsin;AC=MS:1001251	NT=collision-induced dissociation;AC=MS:1000133	10 ppm	sds page	dithiothreitol (dtt)	iodoacetamide (iaa)	1	1	muscle_mito_FC2_10ug_III_2_012711.RAW	ftp://ftp.pride.ebi.ac.uk/pride/data/archive/2018/10/PXD004312/muscle_mito_FC2_10ug_III_2_012711.RAW	v1.1.0	NT=ms-proteomics;VV=v1.1.0	NT=clinical-metadata;VV=v1.0.0	manual curation	muscle
muscle_mito_MC1_10ug_I_7_011811	homo sapiens	muscle	not applicable	type 2 diabetes mellitus	1	muscle_mito_MC1_10ug_I_7_011811	proteomic profiling by mass spectrometry	NT=Data-dependent acquisition;AC=PRIDE:0000627	NT=label free sample;AC=MS:1002038	NT=ltq ft;AC=MS:1000448	NT=Carbamidomethyl;AC=UNIMOD:4;TA=C;MT=Fixed	NT=Phospho;AC=UNIMOD:21;TA=S,T,Y;MT=Variable	NT=Oxidation;AC=UNIMOD:35;TA=M;MT=Variable	NT=Trypsin;AC=MS:1001251	NT=collision-induced dissociation;AC=MS:1000133	10 ppm	sds page	dithiothreitol (dtt)	iodoacetamide (iaa)	1	1	muscle_mito_MC1_10ug_I_7_011811.RAW	ftp://ftp.pride.ebi.ac.uk/pride/data/archive/2018/10/PXD004312/muscle_mito_MC1_10ug_I_7_011811.RAW	v1.1.0	NT=ms-proteomics;VV=v1.1.0	NT=clinical-metadata;VV=v1.0.0	manual curation	muscle
Mito_OG20_4ug_2_090909	homo sapiens	not available	not applicable	type 2 diabetes mellitus	1	Mito_OG20_4ug_2_090909	proteomic profiling by mass spectrometry	NT=Data-dependent acquisition;AC=PRIDE:0000627	NT=label free sample;AC=MS:1002038	NT=ltq ft;AC=MS:1000448	NT=Carbamidomethyl;AC=UNIMOD:4;TA=C;MT=Fixed	NT=Phospho;AC=UNIMOD:21;TA=S,T,Y;MT=Variable	NT=Oxidation;AC=UNIMOD:35;TA=M;MT=Variable	NT=Trypsin;AC=MS:1001251	NT=collision-induced dissociation;AC=MS:1000133	10 ppm	sds page	dithiothreitol (dtt)	iodoacetamide (iaa)	1	1	Mito_OG20_4ug_2_090909.RAW	ftp://ftp.pride.ebi.ac.uk/pride/data/archive/2018/10/PXD004312/Mito_OG20_4ug_2_090909.RAW	v1.1.0	NT=ms-proteomics;VV=v1.1.0	NT=clinical-metadata;VV=v1.0.0	manual curation	not available
muscle_mito_MC3_10ug_I_5_012011	homo sapiens	muscle	not applicable	type 2 diabetes mellitus	1	muscle_mito_MC3_10ug_I_5_012011	proteomic profiling by mass spectrometry	NT=Data-dependent acquisition;AC=PRIDE:0000627	NT=label free sample;AC=MS:1002038	NT=ltq ft;AC=MS:1000448	NT=Carbamidomethyl;AC=UNIMOD:4;TA=C;MT=Fixed	NT=Phospho;AC=UNIMOD:21;TA=S,T,Y;MT=Variable	NT=Oxidation;AC=UNIMOD:35;TA=M;MT=Variable	NT=Trypsin;AC=MS:1001251	NT=collision-induced dissociation;AC=MS:1000133	10 ppm	sds page	dithiothreitol (dtt)	iodoacetamide (iaa)	1	1	muscle_mito_MC3_10ug_I_5_012011.RAW	ftp://ftp.pride.ebi.ac.uk/pride/data/archive/2018/10/PXD004312/muscle_mito_MC3_10ug_I_5_012011.RAW	v1.1.0	NT=ms-proteomics;VV=v1.1.0	NT=clinical-metadata;VV=v1.0.0	manual curation	muscle
Mito_OG17_4ug_7_090809	homo sapiens	not available	not applicable	type 2 diabetes mellitus	1	Mito_OG17_4ug_7_090809	proteomic profiling by mass spectrometry	NT=Data-dependent acquisition;AC=PRIDE:0000627	NT=label free sample;AC=MS:1002038	NT=ltq ft;AC=MS:1000448	NT=Carbamidomethyl;AC=UNIMOD:4;TA=C;MT=Fixed	NT=Phospho;AC=UNIMOD:21;TA=S,T,Y;MT=Variable	NT=Oxidation;AC=UNIMOD:35;TA=M;MT=Variable	NT=Trypsin;AC=MS:1001251	NT=collision-induced dissociation;AC=MS:1000133	10 ppm	sds page	dithiothreitol (dtt)	iodoacetamide (iaa)	1	1	Mito_OG17_4ug_7_090809.RAW	ftp://ftp.pride.ebi.ac.uk/pride/data/archive/2018/10/PXD004312/Mito_OG17_4ug_7_090809.RAW	v1.1.0	NT=ms-proteomics;VV=v1.1.0	NT=clinical-metadata;VV=v1.0.0	manual curation	not available
Mito_OG14_4ug_7_090709	homo sapiens	not available	not applicable	type 2 diabetes mellitus	1	Mito_OG14_4ug_7_090709	proteomic profiling by mass spectrometry	NT=Data-dependent acquisition;AC=PRIDE:0000627	NT=label free sample;AC=MS:1002038	NT=ltq ft;AC=MS:1000448	NT=Carbamidomethyl;AC=UNIMOD:4;TA=C;MT=Fixed	NT=Phospho;AC=UNIMOD:21;TA=S,T,Y;MT=Variable	NT=Oxidation;AC=UNIMOD:35;TA=M;MT=Variable	NT=Trypsin;AC=MS:1001251	NT=collision-induced dissociation;AC=MS:1000133	10 ppm	sds page	dithiothreitol (dtt)	iodoacetamide (iaa)	1	1	Mito_OG14_4ug_7_090709.RAW	ftp://ftp.pride.ebi.ac.uk/pride/data/archive/2018/10/PXD004312/Mito_OG14_4ug_7_090709.RAW	v1.1.0	NT=ms-proteomics;VV=v1.1.0	NT=clinical-metadata;VV=v1.0.0	manual curation	not available
muscle_mito_FD1_10ug_I_2_013011	homo sapiens	muscle	not applicable	type 2 diabetes mellitus	1	muscle_mito_FD1_10ug_I_2_013011	proteomic profiling by mass spectrometry	NT=Data-dependent acquisition;AC=PRIDE:0000627	NT=label free sample;AC=MS:1002038	NT=ltq ft;AC=MS:1000448	NT=Carbamidomethyl;AC=UNIMOD:4;TA=C;MT=Fixed	NT=Phospho;AC=UNIMOD:21;TA=S,T,Y;MT=Variable	NT=Oxidation;AC=UNIMOD:35;TA=M;MT=Variable	NT=Trypsin;AC=MS:1001251	NT=collision-induced dissociation;AC=MS:1000133	10 ppm	sds page	dithiothreitol (dtt)	iodoacetamide (iaa)	1	1	muscle_mito_FD1_10ug_I_2_013011.RAW	ftp://ftp.pride.ebi.ac.uk/pride/data/archive/2018/10/PXD004312/muscle_mito_FD1_10ug_I_2_013011.RAW	v1.1.0	NT=ms-proteomics;VV=v1.1.0	NT=clinical-metadata;VV=v1.0.0	manual curation	muscle
muscle_mito_FD6_10ug_II_7_020111	homo sapiens	muscle	not applicable	type 2 diabetes mellitus	1	muscle_mito_FD6_10ug_II_7_020111	proteomic profiling by mass spectrometry	NT=Data-dependent acquisition;AC=PRIDE:0000627	NT=label free sample;AC=MS:1002038	NT=ltq ft;AC=MS:1000448	NT=Carbamidomethyl;AC=UNIMOD:4;TA=C;MT=Fixed	NT=Phospho;AC=UNIMOD:21;TA=S,T,Y;MT=Variable	NT=Oxidation;AC=UNIMOD:35;TA=M;MT=Variable	NT=Trypsin;AC=MS:1001251	NT=collision-induced dissociation;AC=MS:1000133	10 ppm	sds page	dithiothreitol (dtt)	iodoacetamide (iaa)	1	1	muscle_mito_FD6_10ug_II_7_020111.RAW	ftp://ftp.pride.ebi.ac.uk/pride/data/archive/2018/10/PXD004312/muscle_mito_FD6_10ug_II_7_020111.RAW	v1.1.0	NT=ms-proteomics;VV=v1.1.0	NT=clinical-metadata;VV=v1.0.0	manual curation	muscle
muscle_mito_MC1_10ug_II_6_011811	homo sapiens	muscle	not applicable	type 2 diabetes mellitus	1	muscle_mito_MC1_10ug_II_6_011811	proteomic profiling by mass spectrometry	NT=Data-dependent acquisition;AC=PRIDE:0000627	NT=label free sample;AC=MS:1002038	NT=ltq ft;AC=MS:1000448	NT=Carbamidomethyl;AC=UNIMOD:4;TA=C;MT=Fixed	NT=Phospho;AC=UNIMOD:21;TA=S,T,Y;MT=Variable	NT=Oxidation;AC=UNIMOD:35;TA=M;MT=Variable	NT=Trypsin;AC=MS:1001251	NT=collision-induced dissociation;AC=MS:1000133	10 ppm	sds page	dithiothreitol (dtt)	iodoacetamide (iaa)	1	1	muscle_mito_MC1_10ug_II_6_011811.RAW	ftp://ftp.pride.ebi.ac.uk/pride/data/archive/2018/10/PXD004312/muscle_mito_MC1_10ug_II_6_011811.RAW	v1.1.0	NT=ms-proteomics;VV=v1.1.0	NT=clinical-metadata;VV=v1.0.0	manual curation	muscle
muscle_mito_MC7_10ug_III_7_012211	homo sapiens	muscle	not applicable	type 2 diabetes mellitus	1	muscle_mito_MC7_10ug_III_7_012211	proteomic profiling by mass spectrometry	NT=Data-dependent acquisition;AC=PRIDE:0000627	NT=label free sample;AC=MS:1002038	NT=ltq ft;AC=MS:1000448	NT=Carbamidomethyl;AC=UNIMOD:4;TA=C;MT=Fixed	NT=Phospho;AC=UNIMOD:21;TA=S,T,Y;MT=Variable	NT=Oxidation;AC=UNIMOD:35;TA=M;MT=Variable	NT=Trypsin;AC=MS:1001251	NT=collision-induced dissociation;AC=MS:1000133	10 ppm	sds page	dithiothreitol (dtt)	iodoacetamide (iaa)	1	1	muscle_mito_MC7_10ug_III_7_012211.RAW	ftp://ftp.pride.ebi.ac.uk/pride/data/archive/2018/10/PXD004312/muscle_mito_MC7_10ug_III_7_012211.RAW	v1.1.0	NT=ms-proteomics;VV=v1.1.0	NT=clinical-metadata;VV=v1.0.0	manual curation	muscle
muscle_mito_MC1_10ug_II_4_011811	homo sapiens	muscle	not applicable	type 2 diabetes mellitus	1	muscle_mito_MC1_10ug_II_4_011811	proteomic profiling by mass spectrometry	NT=Data-dependent acquisition;AC=PRIDE:0000627	NT=label free sample;AC=MS:1002038	NT=ltq ft;AC=MS:1000448	NT=Carbamidomethyl;AC=UNIMOD:4;TA=C;MT=Fixed	NT=Phospho;AC=UNIMOD:21;TA=S,T,Y;MT=Variable	NT=Oxidation;AC=UNIMOD:35;TA=M;MT=Variable	NT=Trypsin;AC=MS:1001251	NT=collision-induced dissociation;AC=MS:1000133	10 ppm	sds page	dithiothreitol (dtt)	iodoacetamide (iaa)	1	1	muscle_mito_MC1_10ug_II_4_011811.RAW	ftp://ftp.pride.ebi.ac.uk/pride/data/archive/2018/10/PXD004312/muscle_mito_MC1_10ug_II_4_011811.RAW	v1.1.0	NT=ms-proteomics;VV=v1.1.0	NT=clinical-metadata;VV=v1.0.0	manual curation	muscle
Mito_OG24_4ug_3_091009	homo sapiens	not available	not applicable	type 2 diabetes mellitus	1	Mito_OG24_4ug_3_091009	proteomic profiling by mass spectrometry	NT=Data-dependent acquisition;AC=PRIDE:0000627	NT=label free sample;AC=MS:1002038	NT=ltq ft;AC=MS:1000448	NT=Carbamidomethyl;AC=UNIMOD:4;TA=C;MT=Fixed	NT=Phospho;AC=UNIMOD:21;TA=S,T,Y;MT=Variable	NT=Oxidation;AC=UNIMOD:35;TA=M;MT=Variable	NT=Trypsin;AC=MS:1001251	NT=collision-induced dissociation;AC=MS:1000133	10 ppm	sds page	dithiothreitol (dtt)	iodoacetamide (iaa)	1	1	Mito_OG24_4ug_3_091009.RAW	ftp://ftp.pride.ebi.ac.uk/pride/data/archive/2018/10/PXD004312/Mito_OG24_4ug_3_091009.RAW	v1.1.0	NT=ms-proteomics;VV=v1.1.0	NT=clinical-metadata;VV=v1.0.0	manual curation	not available
Mito_OG15_4ug_7_090809	homo sapiens	not available	not applicable	type 2 diabetes mellitus	1	Mito_OG15_4ug_7_090809	proteomic profiling by mass spectrometry	NT=Data-dependent acquisition;AC=PRIDE:0000627	NT=label free sample;AC=MS:1002038	NT=ltq ft;AC=MS:1000448	NT=Carbamidomethyl;AC=UNIMOD:4;TA=C;MT=Fixed	NT=Phospho;AC=UNIMOD:21;TA=S,T,Y;MT=Variable	NT=Oxidation;AC=UNIMOD:35;TA=M;MT=Variable	NT=Trypsin;AC=MS:1001251	NT=collision-induced dissociation;AC=MS:1000133	10 ppm	sds page	dithiothreitol (dtt)	iodoacetamide (iaa)	1	1	Mito_OG15_4ug_7_090809.RAW	ftp://ftp.pride.ebi.ac.uk/pride/data/archive/2018/10/PXD004312/Mito_OG15_4ug_7_090809.RAW	v1.1.0	NT=ms-proteomics;VV=v1.1.0	NT=clinical-metadata;VV=v1.0.0	manual curation	not available
muscle_mito_MC5_10ug_I_2_012211	homo sapiens	muscle	not applicable	type 2 diabetes mellitus	1	muscle_mito_MC5_10ug_I_2_012211	proteomic profiling by mass spectrometry	NT=Data-dependent acquisition;AC=PRIDE:0000627	NT=label free sample;AC=MS:1002038	NT=ltq ft;AC=MS:1000448	NT=Carbamidomethyl;AC=UNIMOD:4;TA=C;MT=Fixed	NT=Phospho;AC=UNIMOD:21;TA=S,T,Y;MT=Variable	NT=Oxidation;AC=UNIMOD:35;TA=M;MT=Variable	NT=Trypsin;AC=MS:1001251	NT=collision-induced dissociation;AC=MS:1000133	10 ppm	sds page	dithiothreitol (dtt)	iodoacetamide (iaa)	1	1	muscle_mito_MC5_10ug_I_2_012211.RAW	ftp://ftp.pride.ebi.ac.uk/pride/data/archive/2018/10/PXD004312/muscle_mito_MC5_10ug_I_2_012211.RAW	v1.1.0	NT=ms-proteomics;VV=v1.1.0	NT=clinical-metadata;VV=v1.0.0	manual curation	muscle
muscle_mito_MC3_10ug_III_7_012011	homo sapiens	muscle	not applicable	type 2 diabetes mellitus	1	muscle_mito_MC3_10ug_III_7_012011	proteomic profiling by mass spectrometry	NT=Data-dependent acquisition;AC=PRIDE:0000627	NT=label free sample;AC=MS:1002038	NT=ltq ft;AC=MS:1000448	NT=Carbamidomethyl;AC=UNIMOD:4;TA=C;MT=Fixed	NT=Phospho;AC=UNIMOD:21;TA=S,T,Y;MT=Variable	NT=Oxidation;AC=UNIMOD:35;TA=M;MT=Variable	NT=Trypsin;AC=MS:1001251	NT=collision-induced dissociation;AC=MS:1000133	10 ppm	sds page	dithiothreitol (dtt)	iodoacetamide (iaa)	1	1	muscle_mito_MC3_10ug_III_7_012011.RAW	ftp://ftp.pride.ebi.ac.uk/pride/data/archive/2018/10/PXD004312/muscle_mito_MC3_10ug_III_7_012011.RAW	v1.1.0	NT=ms-proteomics;VV=v1.1.0	NT=clinical-metadata;VV=v1.0.0	manual curation	muscle
Mito_OG19_4ug_7_090909	homo sapiens	not available	not applicable	type 2 diabetes mellitus	1	Mito_OG19_4ug_7_090909	proteomic profiling by mass spectrometry	NT=Data-dependent acquisition;AC=PRIDE:0000627	NT=label free sample;AC=MS:1002038	NT=ltq ft;AC=MS:1000448	NT=Carbamidomethyl;AC=UNIMOD:4;TA=C;MT=Fixed	NT=Phospho;AC=UNIMOD:21;TA=S,T,Y;MT=Variable	NT=Oxidation;AC=UNIMOD:35;TA=M;MT=Variable	NT=Trypsin;AC=MS:1001251	NT=collision-induced dissociation;AC=MS:1000133	10 ppm	sds page	dithiothreitol (dtt)	iodoacetamide (iaa)	1	1	Mito_OG19_4ug_7_090909.RAW	ftp://ftp.pride.ebi.ac.uk/pride/data/archive/2018/10/PXD004312/Mito_OG19_4ug_7_090909.RAW	v1.1.0	NT=ms-proteomics;VV=v1.1.0	NT=clinical-metadata;VV=v1.0.0	manual curation	not available
muscle_mito_MC7_10ug_I_3_012211	homo sapiens	muscle	not applicable	type 2 diabetes mellitus	1	muscle_mito_MC7_10ug_I_3_012211	proteomic profiling by mass spectrometry	NT=Data-dependent acquisition;AC=PRIDE:0000627	NT=label free sample;AC=MS:1002038	NT=ltq ft;AC=MS:1000448	NT=Carbamidomethyl;AC=UNIMOD:4;TA=C;MT=Fixed	NT=Phospho;AC=UNIMOD:21;TA=S,T,Y;MT=Variable	NT=Oxidation;AC=UNIMOD:35;TA=M;MT=Variable	NT=Trypsin;AC=MS:1001251	NT=collision-induced dissociation;AC=MS:1000133	10 ppm	sds page	dithiothreitol (dtt)	iodoacetamide (iaa)	1	1	muscle_mito_MC7_10ug_I_3_012211.RAW	ftp://ftp.pride.ebi.ac.uk/pride/data/archive/2018/10/PXD004312/muscle_mito_MC7_10ug_I_3_012211.RAW	v1.1.0	NT=ms-proteomics;VV=v1.1.0	NT=clinical-metadata;VV=v1.0.0	manual curation	muscle
muscle_mito_FC2_10ug_IV_6_012811	homo sapiens	muscle	not applicable	type 2 diabetes mellitus	1	muscle_mito_FC2_10ug_IV_6_012811	proteomic profiling by mass spectrometry	NT=Data-dependent acquisition;AC=PRIDE:0000627	NT=label free sample;AC=MS:1002038	NT=ltq ft;AC=MS:1000448	NT=Carbamidomethyl;AC=UNIMOD:4;TA=C;MT=Fixed	NT=Phospho;AC=UNIMOD:21;TA=S,T,Y;MT=Variable	NT=Oxidation;AC=UNIMOD:35;TA=M;MT=Variable	NT=Trypsin;AC=MS:1001251	NT=collision-induced dissociation;AC=MS:1000133	10 ppm	sds page	dithiothreitol (dtt)	iodoacetamide (iaa)	1	1	muscle_mito_FC2_10ug_IV_6_012811.RAW	ftp://ftp.pride.ebi.ac.uk/pride/data/archive/2018/10/PXD004312/muscle_mito_FC2_10ug_IV_6_012811.RAW	v1.1.0	NT=ms-proteomics;VV=v1.1.0	NT=clinical-metadata;VV=v1.0.0	manual curation	muscle
muscle_mito_MD3_10ug_III_4_012211	homo sapiens	muscle	not applicable	type 2 diabetes mellitus	1	muscle_mito_MD3_10ug_III_4_012211	proteomic profiling by mass spectrometry	NT=Data-dependent acquisition;AC=PRIDE:0000627	NT=label free sample;AC=MS:1002038	NT=ltq ft;AC=MS:1000448	NT=Carbamidomethyl;AC=UNIMOD:4;TA=C;MT=Fixed	NT=Phospho;AC=UNIMOD:21;TA=S,T,Y;MT=Variable	NT=Oxidation;AC=UNIMOD:35;TA=M;MT=Variable	NT=Trypsin;AC=MS:1001251	NT=collision-induced dissociation;AC=MS:1000133	10 ppm	sds page	dithiothreitol (dtt)	iodoacetamide (iaa)	1	1	muscle_mito_MD3_10ug_III_4_012211.RAW	ftp://ftp.pride.ebi.ac.uk/pride/data/archive/2018/10/PXD004312/muscle_mito_MD3_10ug_III_4_012211.RAW	v1.1.0	NT=ms-proteomics;VV=v1.1.0	NT=clinical-metadata;VV=v1.0.0	manual curation	muscle
muscle_mito_MD6_10ug_I_2_012311	homo sapiens	muscle	not applicable	type 2 diabetes mellitus	1	muscle_mito_MD6_10ug_I_2_012311	proteomic profiling by mass spectrometry	NT=Data-dependent acquisition;AC=PRIDE:0000627	NT=label free sample;AC=MS:1002038	NT=ltq ft;AC=MS:1000448	NT=Carbamidomethyl;AC=UNIMOD:4;TA=C;MT=Fixed	NT=Phospho;AC=UNIMOD:21;TA=S,T,Y;MT=Variable	NT=Oxidation;AC=UNIMOD:35;TA=M;MT=Variable	NT=Trypsin;AC=MS:1001251	NT=collision-induced dissociation;AC=MS:1000133	10 ppm	sds page	dithiothreitol (dtt)	iodoacetamide (iaa)	1	1	muscle_mito_MD6_10ug_I_2_012311.RAW	ftp://ftp.pride.ebi.ac.uk/pride/data/archive/2018/10/PXD004312/muscle_mito_MD6_10ug_I_2_012311.RAW	v1.1.0	NT=ms-proteomics;VV=v1.1.0	NT=clinical-metadata;VV=v1.0.0	manual curation	muscle
muscle_mito_FD6_10ug_III_4_020111	homo sapiens	muscle	not applicable	type 2 diabetes mellitus	1	muscle_mito_FD6_10ug_III_4_020111	proteomic profiling by mass spectrometry	NT=Data-dependent acquisition;AC=PRIDE:0000627	NT=label free sample;AC=MS:1002038	NT=ltq ft;AC=MS:1000448	NT=Carbamidomethyl;AC=UNIMOD:4;TA=C;MT=Fixed	NT=Phospho;AC=UNIMOD:21;TA=S,T,Y;MT=Variable	NT=Oxidation;AC=UNIMOD:35;TA=M;MT=Variable	NT=Trypsin;AC=MS:1001251	NT=collision-induced dissociation;AC=MS:1000133	10 ppm	sds page	dithiothreitol (dtt)	iodoacetamide (iaa)	1	1	muscle_mito_FD6_10ug_III_4_020111.RAW	ftp://ftp.pride.ebi.ac.uk/pride/data/archive/2018/10/PXD004312/muscle_mito_FD6_10ug_III_4_020111.RAW	v1.1.0	NT=ms-proteomics;VV=v1.1.0	NT=clinical-metadata;VV=v1.0.0	manual curation	muscle
Mito_OG21_4ug_3_090909	homo sapiens	not available	not applicable	type 2 diabetes mellitus	1	Mito_OG21_4ug_3_090909	proteomic profiling by mass spectrometry	NT=Data-dependent acquisition;AC=PRIDE:0000627	NT=label free sample;AC=MS:1002038	NT=ltq ft;AC=MS:1000448	NT=Carbamidomethyl;AC=UNIMOD:4;TA=C;MT=Fixed	NT=Phospho;AC=UNIMOD:21;TA=S,T,Y;MT=Variable	NT=Oxidation;AC=UNIMOD:35;TA=M;MT=Variable	NT=Trypsin;AC=MS:1001251	NT=collision-induced dissociation;AC=MS:1000133	10 ppm	sds page	dithiothreitol (dtt)	iodoacetamide (iaa)	1	1	Mito_OG21_4ug_3_090909.RAW	ftp://ftp.pride.ebi.ac.uk/pride/data/archive/2018/10/PXD004312/Mito_OG21_4ug_3_090909.RAW	v1.1.0	NT=ms-proteomics;VV=v1.1.0	NT=clinical-metadata;VV=v1.0.0	manual curation	not available
muscle_mito_FC3_10ug_III_7_012811	homo sapiens	muscle	not applicable	type 2 diabetes mellitus	1	muscle_mito_FC3_10ug_III_7_012811	proteomic profiling by mass spectrometry	NT=Data-dependent acquisition;AC=PRIDE:0000627	NT=label free sample;AC=MS:1002038	NT=ltq ft;AC=MS:1000448	NT=Carbamidomethyl;AC=UNIMOD:4;TA=C;MT=Fixed	NT=Phospho;AC=UNIMOD:21;TA=S,T,Y;MT=Variable	NT=Oxidation;AC=UNIMOD:35;TA=M;MT=Variable	NT=Trypsin;AC=MS:1001251	NT=collision-induced dissociation;AC=MS:1000133	10 ppm	sds page	dithiothreitol (dtt)	iodoacetamide (iaa)	1	1	muscle_mito_FC3_10ug_III_7_012811.RAW	ftp://ftp.pride.ebi.ac.uk/pride/data/archive/2018/10/PXD004312/muscle_mito_FC3_10ug_III_7_012811.RAW	v1.1.0	NT=ms-proteomics;VV=v1.1.0	NT=clinical-metadata;VV=v1.0.0	manual curation	muscle
Mito_OG23_4ug_7_091009	homo sapiens	not available	not applicable	type 2 diabetes mellitus	1	Mito_OG23_4ug_7_091009	proteomic profiling by mass spectrometry	NT=Data-dependent acquisition;AC=PRIDE:0000627	NT=label free sample;AC=MS:1002038	NT=ltq ft;AC=MS:1000448	NT=Carbamidomethyl;AC=UNIMOD:4;TA=C;MT=Fixed	NT=Phospho;AC=UNIMOD:21;TA=S,T,Y;MT=Variable	NT=Oxidation;AC=UNIMOD:35;TA=M;MT=Variable	NT=Trypsin;AC=MS:1001251	NT=collision-induced dissociation;AC=MS:1000133	10 ppm	sds page	dithiothreitol (dtt)	iodoacetamide (iaa)	1	1	Mito_OG23_4ug_7_091009.RAW	ftp://ftp.pride.ebi.ac.uk/pride/data/archive/2018/10/PXD004312/Mito_OG23_4ug_7_091009.RAW	v1.1.0	NT=ms-proteomics;VV=v1.1.0	NT=clinical-metadata;VV=v1.0.0	manual curation	not available
Mito_OG13_4ug_6_090709	homo sapiens	not available	not applicable	type 2 diabetes mellitus	1	Mito_OG13_4ug_6_090709	proteomic profiling by mass spectrometry	NT=Data-dependent acquisition;AC=PRIDE:0000627	NT=label free sample;AC=MS:1002038	NT=ltq ft;AC=MS:1000448	NT=Carbamidomethyl;AC=UNIMOD:4;TA=C;MT=Fixed	NT=Phospho;AC=UNIMOD:21;TA=S,T,Y;MT=Variable	NT=Oxidation;AC=UNIMOD:35;TA=M;MT=Variable	NT=Trypsin;AC=MS:1001251	NT=collision-induced dissociation;AC=MS:1000133	10 ppm	sds page	dithiothreitol (dtt)	iodoacetamide (iaa)	1	1	Mito_OG13_4ug_6_090709.RAW	ftp://ftp.pride.ebi.ac.uk/pride/data/archive/2018/10/PXD004312/Mito_OG13_4ug_6_090709.RAW	v1.1.0	NT=ms-proteomics;VV=v1.1.0	NT=clinical-metadata;VV=v1.0.0	manual curation	not available
muscle_mito_FC3_10ug_IV_4_012911	homo sapiens	muscle	not applicable	type 2 diabetes mellitus	1	muscle_mito_FC3_10ug_IV_4_012911	proteomic profiling by mass spectrometry	NT=Data-dependent acquisition;AC=PRIDE:0000627	NT=label free sample;AC=MS:1002038	NT=ltq ft;AC=MS:1000448	NT=Carbamidomethyl;AC=UNIMOD:4;TA=C;MT=Fixed	NT=Phospho;AC=UNIMOD:21;TA=S,T,Y;MT=Variable	NT=Oxidation;AC=UNIMOD:35;TA=M;MT=Variable	NT=Trypsin;AC=MS:1001251	NT=collision-induced dissociation;AC=MS:1000133	10 ppm	sds page	dithiothreitol (dtt)	iodoacetamide (iaa)	1	1	muscle_mito_FC3_10ug_IV_4_012911.RAW	ftp://ftp.pride.ebi.ac.uk/pride/data/archive/2018/10/PXD004312/muscle_mito_FC3_10ug_IV_4_012911.RAW	v1.1.0	NT=ms-proteomics;VV=v1.1.0	NT=clinical-metadata;VV=v1.0.0	manual curation	muscle
Mito_OG3_4ug_1_090309	homo sapiens	not available	not applicable	type 2 diabetes mellitus	1	Mito_OG3_4ug_1_090309	proteomic profiling by mass spectrometry	NT=Data-dependent acquisition;AC=PRIDE:0000627	NT=label free sample;AC=MS:1002038	NT=ltq ft;AC=MS:1000448	NT=Carbamidomethyl;AC=UNIMOD:4;TA=C;MT=Fixed	NT=Phospho;AC=UNIMOD:21;TA=S,T,Y;MT=Variable	NT=Oxidation;AC=UNIMOD:35;TA=M;MT=Variable	NT=Trypsin;AC=MS:1001251	NT=collision-induced dissociation;AC=MS:1000133	10 ppm	sds page	dithiothreitol (dtt)	iodoacetamide (iaa)	1	1	Mito_OG3_4ug_1_090309.RAW	ftp://ftp.pride.ebi.ac.uk/pride/data/archive/2018/10/PXD004312/Mito_OG3_4ug_1_090309.RAW	v1.1.0	NT=ms-proteomics;VV=v1.1.0	NT=clinical-metadata;VV=v1.0.0	manual curation	not available
muscle_mito_FD2_10ug_I_6_013011	homo sapiens	muscle	not applicable	type 2 diabetes mellitus	1	muscle_mito_FD2_10ug_I_6_013011	proteomic profiling by mass spectrometry	NT=Data-dependent acquisition;AC=PRIDE:0000627	NT=label free sample;AC=MS:1002038	NT=ltq ft;AC=MS:1000448	NT=Carbamidomethyl;AC=UNIMOD:4;TA=C;MT=Fixed	NT=Phospho;AC=UNIMOD:21;TA=S,T,Y;MT=Variable	NT=Oxidation;AC=UNIMOD:35;TA=M;MT=Variable	NT=Trypsin;AC=MS:1001251	NT=collision-induced dissociation;AC=MS:1000133	10 ppm	sds page	dithiothreitol (dtt)	iodoacetamide (iaa)	1	1	muscle_mito_FD2_10ug_I_6_013011.RAW	ftp://ftp.pride.ebi.ac.uk/pride/data/archive/2018/10/PXD004312/muscle_mito_FD2_10ug_I_6_013011.RAW	v1.1.0	NT=ms-proteomics;VV=v1.1.0	NT=clinical-metadata;VV=v1.0.0	manual curation	muscle
muscle_mito_FD1_10ug_III_5_013011	homo sapiens	muscle	not applicable	type 2 diabetes mellitus	1	muscle_mito_FD1_10ug_III_5_013011	proteomic profiling by mass spectrometry	NT=Data-dependent acquisition;AC=PRIDE:0000627	NT=label free sample;AC=MS:1002038	NT=ltq ft;AC=MS:1000448	NT=Carbamidomethyl;AC=UNIMOD:4;TA=C;MT=Fixed	NT=Phospho;AC=UNIMOD:21;TA=S,T,Y;MT=Variable	NT=Oxidation;AC=UNIMOD:35;TA=M;MT=Variable	NT=Trypsin;AC=MS:1001251	NT=collision-induced dissociation;AC=MS:1000133	10 ppm	sds page	dithiothreitol (dtt)	iodoacetamide (iaa)	1	1	muscle_mito_FD1_10ug_III_5_013011.RAW	ftp://ftp.pride.ebi.ac.uk/pride/data/archive/2018/10/PXD004312/muscle_mito_FD1_10ug_III_5_013011.RAW	v1.1.0	NT=ms-proteomics;VV=v1.1.0	NT=clinical-metadata;VV=v1.0.0	manual curation	muscle
muscle_mito_MC5_10ug_I_3_012211	homo sapiens	muscle	not applicable	type 2 diabetes mellitus	1	muscle_mito_MC5_10ug_I_3_012211	proteomic profiling by mass spectrometry	NT=Data-dependent acquisition;AC=PRIDE:0000627	NT=label free sample;AC=MS:1002038	NT=ltq ft;AC=MS:1000448	NT=Carbamidomethyl;AC=UNIMOD:4;TA=C;MT=Fixed	NT=Phospho;AC=UNIMOD:21;TA=S,T,Y;MT=Variable	NT=Oxidation;AC=UNIMOD:35;TA=M;MT=Variable	NT=Trypsin;AC=MS:1001251	NT=collision-induced dissociation;AC=MS:1000133	10 ppm	sds page	dithiothreitol (dtt)	iodoacetamide (iaa)	1	1	muscle_mito_MC5_10ug_I_3_012211.RAW	ftp://ftp.pride.ebi.ac.uk/pride/data/archive/2018/10/PXD004312/muscle_mito_MC5_10ug_I_3_012211.RAW	v1.1.0	NT=ms-proteomics;VV=v1.1.0	NT=clinical-metadata;VV=v1.0.0	manual curation	muscle
muscle_mito_MC2_10ug_III_6_011911	homo sapiens	muscle	not applicable	type 2 diabetes mellitus	1	muscle_mito_MC2_10ug_III_6_011911	proteomic profiling by mass spectrometry	NT=Data-dependent acquisition;AC=PRIDE:0000627	NT=label free sample;AC=MS:1002038	NT=ltq ft;AC=MS:1000448	NT=Carbamidomethyl;AC=UNIMOD:4;TA=C;MT=Fixed	NT=Phospho;AC=UNIMOD:21;TA=S,T,Y;MT=Variable	NT=Oxidation;AC=UNIMOD:35;TA=M;MT=Variable	NT=Trypsin;AC=MS:1001251	NT=collision-induced dissociation;AC=MS:1000133	10 ppm	sds page	dithiothreitol (dtt)	iodoacetamide (iaa)	1	1	muscle_mito_MC2_10ug_III_6_011911.RAW	ftp://ftp.pride.ebi.ac.uk/pride/data/archive/2018/10/PXD004312/muscle_mito_MC2_10ug_III_6_011911.RAW	v1.1.0	NT=ms-proteomics;VV=v1.1.0	NT=clinical-metadata;VV=v1.0.0	manual curation	muscle
muscle_mito_MC1_10ug_III_3_011811	homo sapiens	muscle	not applicable	type 2 diabetes mellitus	1	muscle_mito_MC1_10ug_III_3_011811	proteomic profiling by mass spectrometry	NT=Data-dependent acquisition;AC=PRIDE:0000627	NT=label free sample;AC=MS:1002038	NT=ltq ft;AC=MS:1000448	NT=Carbamidomethyl;AC=UNIMOD:4;TA=C;MT=Fixed	NT=Phospho;AC=UNIMOD:21;TA=S,T,Y;MT=Variable	NT=Oxidation;AC=UNIMOD:35;TA=M;MT=Variable	NT=Trypsin;AC=MS:1001251	NT=collision-induced dissociation;AC=MS:1000133	10 ppm	sds page	dithiothreitol (dtt)	iodoacetamide (iaa)	1	1	muscle_mito_MC1_10ug_III_3_011811.RAW	ftp://ftp.pride.ebi.ac.uk/pride/data/archive/2018/10/PXD004312/muscle_mito_MC1_10ug_III_3_011811.RAW	v1.1.0	NT=ms-proteomics;VV=v1.1.0	NT=clinical-metadata;VV=v1.0.0	manual curation	muscle
Mito_OG_4ug_1_090209	homo sapiens	not available	not applicable	type 2 diabetes mellitus	1	Mito_OG_4ug_1_090209	proteomic profiling by mass spectrometry	NT=Data-dependent acquisition;AC=PRIDE:0000627	NT=label free sample;AC=MS:1002038	NT=ltq ft;AC=MS:1000448	NT=Carbamidomethyl;AC=UNIMOD:4;TA=C;MT=Fixed	NT=Phospho;AC=UNIMOD:21;TA=S,T,Y;MT=Variable	NT=Oxidation;AC=UNIMOD:35;TA=M;MT=Variable	NT=Trypsin;AC=MS:1001251	NT=collision-induced dissociation;AC=MS:1000133	10 ppm	sds page	dithiothreitol (dtt)	iodoacetamide (iaa)	1	1	Mito_OG_4ug_1_090209.RAW	ftp://ftp.pride.ebi.ac.uk/pride/data/archive/2018/10/PXD004312/Mito_OG_4ug_1_090209.RAW	v1.1.0	NT=ms-proteomics;VV=v1.1.0	NT=clinical-metadata;VV=v1.0.0	manual curation	not available
muscle_mito_MD7_10ug_I_3_012511	homo sapiens	muscle	not applicable	type 2 diabetes mellitus	1	muscle_mito_MD7_10ug_I_3_012511	proteomic profiling by mass spectrometry	NT=Data-dependent acquisition;AC=PRIDE:0000627	NT=label free sample;AC=MS:1002038	NT=ltq ft;AC=MS:1000448	NT=Carbamidomethyl;AC=UNIMOD:4;TA=C;MT=Fixed	NT=Phospho;AC=UNIMOD:21;TA=S,T,Y;MT=Variable	NT=Oxidation;AC=UNIMOD:35;TA=M;MT=Variable	NT=Trypsin;AC=MS:1001251	NT=collision-induced dissociation;AC=MS:1000133	10 ppm	sds page	dithiothreitol (dtt)	iodoacetamide (iaa)	1	1	muscle_mito_MD7_10ug_I_3_012511.RAW	ftp://ftp.pride.ebi.ac.uk/pride/data/archive/2018/10/PXD004312/muscle_mito_MD7_10ug_I_3_012511.RAW	v1.1.0	NT=ms-proteomics;VV=v1.1.0	NT=clinical-metadata;VV=v1.0.0	manual curation	muscle
muscle_mito_FC1_10ug_III_1_012311	homo sapiens	muscle	not applicable	type 2 diabetes mellitus	1	muscle_mito_FC1_10ug_III_1_012311	proteomic profiling by mass spectrometry	NT=Data-dependent acquisition;AC=PRIDE:0000627	NT=label free sample;AC=MS:1002038	NT=ltq ft;AC=MS:1000448	NT=Carbamidomethyl;AC=UNIMOD:4;TA=C;MT=Fixed	NT=Phospho;AC=UNIMOD:21;TA=S,T,Y;MT=Variable	NT=Oxidation;AC=UNIMOD:35;TA=M;MT=Variable	NT=Trypsin;AC=MS:1001251	NT=collision-induced dissociation;AC=MS:1000133	10 ppm	sds page	dithiothreitol (dtt)	iodoacetamide (iaa)	1	1	muscle_mito_FC1_10ug_III_1_012311.RAW	ftp://ftp.pride.ebi.ac.uk/pride/data/archive/2018/10/PXD004312/muscle_mito_FC1_10ug_III_1_012311.RAW	v1.1.0	NT=ms-proteomics;VV=v1.1.0	NT=clinical-metadata;VV=v1.0.0	manual curation	muscle
Mito_OG4_4ug_7_090409	homo sapiens	not available	not applicable	type 2 diabetes mellitus	1	Mito_OG4_4ug_7_090409	proteomic profiling by mass spectrometry	NT=Data-dependent acquisition;AC=PRIDE:0000627	NT=label free sample;AC=MS:1002038	NT=ltq ft;AC=MS:1000448	NT=Carbamidomethyl;AC=UNIMOD:4;TA=C;MT=Fixed	NT=Phospho;AC=UNIMOD:21;TA=S,T,Y;MT=Variable	NT=Oxidation;AC=UNIMOD:35;TA=M;MT=Variable	NT=Trypsin;AC=MS:1001251	NT=collision-induced dissociation;AC=MS:1000133	10 ppm	sds page	dithiothreitol (dtt)	iodoacetamide (iaa)	1	1	Mito_OG4_4ug_7_090409.RAW	ftp://ftp.pride.ebi.ac.uk/pride/data/archive/2018/10/PXD004312/Mito_OG4_4ug_7_090409.RAW	v1.1.0	NT=ms-proteomics;VV=v1.1.0	NT=clinical-metadata;VV=v1.0.0	manual curation	not available
muscle_mito_FD4_10ug_III_7_020111	homo sapiens	muscle	not applicable	type 2 diabetes mellitus	1	muscle_mito_FD4_10ug_III_7_020111	proteomic profiling by mass spectrometry	NT=Data-dependent acquisition;AC=PRIDE:0000627	NT=label free sample;AC=MS:1002038	NT=ltq ft;AC=MS:1000448	NT=Carbamidomethyl;AC=UNIMOD:4;TA=C;MT=Fixed	NT=Phospho;AC=UNIMOD:21;TA=S,T,Y;MT=Variable	NT=Oxidation;AC=UNIMOD:35;TA=M;MT=Variable	NT=Trypsin;AC=MS:1001251	NT=collision-induced dissociation;AC=MS:1000133	10 ppm	sds page	dithiothreitol (dtt)	iodoacetamide (iaa)	1	1	muscle_mito_FD4_10ug_III_7_020111.RAW	ftp://ftp.pride.ebi.ac.uk/pride/data/archive/2018/10/PXD004312/muscle_mito_FD4_10ug_III_7_020111.RAW	v1.1.0	NT=ms-proteomics;VV=v1.1.0	NT=clinical-metadata;VV=v1.0.0	manual curation	muscle
muscle_mito_FC6_10ug_III_2_012911	homo sapiens	muscle	not applicable	type 2 diabetes mellitus	1	muscle_mito_FC6_10ug_III_2_012911	proteomic profiling by mass spectrometry	NT=Data-dependent acquisition;AC=PRIDE:0000627	NT=label free sample;AC=MS:1002038	NT=ltq ft;AC=MS:1000448	NT=Carbamidomethyl;AC=UNIMOD:4;TA=C;MT=Fixed	NT=Phospho;AC=UNIMOD:21;TA=S,T,Y;MT=Variable	NT=Oxidation;AC=UNIMOD:35;TA=M;MT=Variable	NT=Trypsin;AC=MS:1001251	NT=collision-induced dissociation;AC=MS:1000133	10 ppm	sds page	dithiothreitol (dtt)	iodoacetamide (iaa)	1	1	muscle_mito_FC6_10ug_III_2_012911.RAW	ftp://ftp.pride.ebi.ac.uk/pride/data/archive/2018/10/PXD004312/muscle_mito_FC6_10ug_III_2_012911.RAW	v1.1.0	NT=ms-proteomics;VV=v1.1.0	NT=clinical-metadata;VV=v1.0.0	manual curation	muscle
muscle_mito_FC3_10ug_IV_2_012911	homo sapiens	muscle	not applicable	type 2 diabetes mellitus	1	muscle_mito_FC3_10ug_IV_2_012911	proteomic profiling by mass spectrometry	NT=Data-dependent acquisition;AC=PRIDE:0000627	NT=label free sample;AC=MS:1002038	NT=ltq ft;AC=MS:1000448	NT=Carbamidomethyl;AC=UNIMOD:4;TA=C;MT=Fixed	NT=Phospho;AC=UNIMOD:21;TA=S,T,Y;MT=Variable	NT=Oxidation;AC=UNIMOD:35;TA=M;MT=Variable	NT=Trypsin;AC=MS:1001251	NT=collision-induced dissociation;AC=MS:1000133	10 ppm	sds page	dithiothreitol (dtt)	iodoacetamide (iaa)	1	1	muscle_mito_FC3_10ug_IV_2_012911.RAW	ftp://ftp.pride.ebi.ac.uk/pride/data/archive/2018/10/PXD004312/muscle_mito_FC3_10ug_IV_2_012911.RAW	v1.1.0	NT=ms-proteomics;VV=v1.1.0	NT=clinical-metadata;VV=v1.0.0	manual curation	muscle
muscle_mito_MD3_10ug_II_6_012111	homo sapiens	muscle	not applicable	type 2 diabetes mellitus	1	muscle_mito_MD3_10ug_II_6_012111	proteomic profiling by mass spectrometry	NT=Data-dependent acquisition;AC=PRIDE:0000627	NT=label free sample;AC=MS:1002038	NT=ltq ft;AC=MS:1000448	NT=Carbamidomethyl;AC=UNIMOD:4;TA=C;MT=Fixed	NT=Phospho;AC=UNIMOD:21;TA=S,T,Y;MT=Variable	NT=Oxidation;AC=UNIMOD:35;TA=M;MT=Variable	NT=Trypsin;AC=MS:1001251	NT=collision-induced dissociation;AC=MS:1000133	10 ppm	sds page	dithiothreitol (dtt)	iodoacetamide (iaa)	1	1	muscle_mito_MD3_10ug_II_6_012111.RAW	ftp://ftp.pride.ebi.ac.uk/pride/data/archive/2018/10/PXD004312/muscle_mito_MD3_10ug_II_6_012111.RAW	v1.1.0	NT=ms-proteomics;VV=v1.1.0	NT=clinical-metadata;VV=v1.0.0	manual curation	muscle
muscle_mito_MC7_10ug_III_2_012211	homo sapiens	muscle	not applicable	type 2 diabetes mellitus	1	muscle_mito_MC7_10ug_III_2_012211	proteomic profiling by mass spectrometry	NT=Data-dependent acquisition;AC=PRIDE:0000627	NT=label free sample;AC=MS:1002038	NT=ltq ft;AC=MS:1000448	NT=Carbamidomethyl;AC=UNIMOD:4;TA=C;MT=Fixed	NT=Phospho;AC=UNIMOD:21;TA=S,T,Y;MT=Variable	NT=Oxidation;AC=UNIMOD:35;TA=M;MT=Variable	NT=Trypsin;AC=MS:1001251	NT=collision-induced dissociation;AC=MS:1000133	10 ppm	sds page	dithiothreitol (dtt)	iodoacetamide (iaa)	1	1	muscle_mito_MC7_10ug_III_2_012211.RAW	ftp://ftp.pride.ebi.ac.uk/pride/data/archive/2018/10/PXD004312/muscle_mito_MC7_10ug_III_2_012211.RAW	v1.1.0	NT=ms-proteomics;VV=v1.1.0	NT=clinical-metadata;VV=v1.0.0	manual curation	muscle
muscle_mito_MD6_10ug_IV_3_012211	homo sapiens	muscle	not applicable	type 2 diabetes mellitus	1	muscle_mito_MD6_10ug_IV_3_012211	proteomic profiling by mass spectrometry	NT=Data-dependent acquisition;AC=PRIDE:0000627	NT=label free sample;AC=MS:1002038	NT=ltq ft;AC=MS:1000448	NT=Carbamidomethyl;AC=UNIMOD:4;TA=C;MT=Fixed	NT=Phospho;AC=UNIMOD:21;TA=S,T,Y;MT=Variable	NT=Oxidation;AC=UNIMOD:35;TA=M;MT=Variable	NT=Trypsin;AC=MS:1001251	NT=collision-induced dissociation;AC=MS:1000133	10 ppm	sds page	dithiothreitol (dtt)	iodoacetamide (iaa)	1	1	muscle_mito_MD6_10ug_IV_3_012211.RAW	ftp://ftp.pride.ebi.ac.uk/pride/data/archive/2018/10/PXD004312/muscle_mito_MD6_10ug_IV_3_012211.RAW	v1.1.0	NT=ms-proteomics;VV=v1.1.0	NT=clinical-metadata;VV=v1.0.0	manual curation	muscle
muscle_mito_FD4_10ug_I_5_020111	homo sapiens	muscle	not applicable	type 2 diabetes mellitus	1	muscle_mito_FD4_10ug_I_5_020111	proteomic profiling by mass spectrometry	NT=Data-dependent acquisition;AC=PRIDE:0000627	NT=label free sample;AC=MS:1002038	NT=ltq ft;AC=MS:1000448	NT=Carbamidomethyl;AC=UNIMOD:4;TA=C;MT=Fixed	NT=Phospho;AC=UNIMOD:21;TA=S,T,Y;MT=Variable	NT=Oxidation;AC=UNIMOD:35;TA=M;MT=Variable	NT=Trypsin;AC=MS:1001251	NT=collision-induced dissociation;AC=MS:1000133	10 ppm	sds page	dithiothreitol (dtt)	iodoacetamide (iaa)	1	1	muscle_mito_FD4_10ug_I_5_020111.RAW	ftp://ftp.pride.ebi.ac.uk/pride/data/archive/2018/10/PXD004312/muscle_mito_FD4_10ug_I_5_020111.RAW	v1.1.0	NT=ms-proteomics;VV=v1.1.0	NT=clinical-metadata;VV=v1.0.0	manual curation	muscle
muscle_mito_FD7_10ug_I_2_020211	homo sapiens	muscle	not applicable	type 2 diabetes mellitus	1	muscle_mito_FD7_10ug_I_2_020211	proteomic profiling by mass spectrometry	NT=Data-dependent acquisition;AC=PRIDE:0000627	NT=label free sample;AC=MS:1002038	NT=ltq ft;AC=MS:1000448	NT=Carbamidomethyl;AC=UNIMOD:4;TA=C;MT=Fixed	NT=Phospho;AC=UNIMOD:21;TA=S,T,Y;MT=Variable	NT=Oxidation;AC=UNIMOD:35;TA=M;MT=Variable	NT=Trypsin;AC=MS:1001251	NT=collision-induced dissociation;AC=MS:1000133	10 ppm	sds page	dithiothreitol (dtt)	iodoacetamide (iaa)	1	1	muscle_mito_FD7_10ug_I_2_020211.RAW	ftp://ftp.pride.ebi.ac.uk/pride/data/archive/2018/10/PXD004312/muscle_mito_FD7_10ug_I_2_020211.RAW	v1.1.0	NT=ms-proteomics;VV=v1.1.0	NT=clinical-metadata;VV=v1.0.0	manual curation	muscle
Mito_OG21_4ug_2_090909	homo sapiens	not available	not applicable	type 2 diabetes mellitus	1	Mito_OG21_4ug_2_090909	proteomic profiling by mass spectrometry	NT=Data-dependent acquisition;AC=PRIDE:0000627	NT=label free sample;AC=MS:1002038	NT=ltq ft;AC=MS:1000448	NT=Carbamidomethyl;AC=UNIMOD:4;TA=C;MT=Fixed	NT=Phospho;AC=UNIMOD:21;TA=S,T,Y;MT=Variable	NT=Oxidation;AC=UNIMOD:35;TA=M;MT=Variable	NT=Trypsin;AC=MS:1001251	NT=collision-induced dissociation;AC=MS:1000133	10 ppm	sds page	dithiothreitol (dtt)	iodoacetamide (iaa)	1	1	Mito_OG21_4ug_2_090909.RAW	ftp://ftp.pride.ebi.ac.uk/pride/data/archive/2018/10/PXD004312/Mito_OG21_4ug_2_090909.RAW	v1.1.0	NT=ms-proteomics;VV=v1.1.0	NT=clinical-metadata;VV=v1.0.0	manual curation	not available
muscle_mito_MC7_10ug_III_1_012211	homo sapiens	muscle	not applicable	type 2 diabetes mellitus	1	muscle_mito_MC7_10ug_III_1_012211	proteomic profiling by mass spectrometry	NT=Data-dependent acquisition;AC=PRIDE:0000627	NT=label free sample;AC=MS:1002038	NT=ltq ft;AC=MS:1000448	NT=Carbamidomethyl;AC=UNIMOD:4;TA=C;MT=Fixed	NT=Phospho;AC=UNIMOD:21;TA=S,T,Y;MT=Variable	NT=Oxidation;AC=UNIMOD:35;TA=M;MT=Variable	NT=Trypsin;AC=MS:1001251	NT=collision-induced dissociation;AC=MS:1000133	10 ppm	sds page	dithiothreitol (dtt)	iodoacetamide (iaa)	1	1	muscle_mito_MC7_10ug_III_1_012211.RAW	ftp://ftp.pride.ebi.ac.uk/pride/data/archive/2018/10/PXD004312/muscle_mito_MC7_10ug_III_1_012211.RAW	v1.1.0	NT=ms-proteomics;VV=v1.1.0	NT=clinical-metadata;VV=v1.0.0	manual curation	muscle
Mito_OG11_4ug_7_090709	homo sapiens	not available	not applicable	type 2 diabetes mellitus	1	Mito_OG11_4ug_7_090709	proteomic profiling by mass spectrometry	NT=Data-dependent acquisition;AC=PRIDE:0000627	NT=label free sample;AC=MS:1002038	NT=ltq ft;AC=MS:1000448	NT=Carbamidomethyl;AC=UNIMOD:4;TA=C;MT=Fixed	NT=Phospho;AC=UNIMOD:21;TA=S,T,Y;MT=Variable	NT=Oxidation;AC=UNIMOD:35;TA=M;MT=Variable	NT=Trypsin;AC=MS:1001251	NT=collision-induced dissociation;AC=MS:1000133	10 ppm	sds page	dithiothreitol (dtt)	iodoacetamide (iaa)	1	1	Mito_OG11_4ug_7_090709.RAW	ftp://ftp.pride.ebi.ac.uk/pride/data/archive/2018/10/PXD004312/Mito_OG11_4ug_7_090709.RAW	v1.1.0	NT=ms-proteomics;VV=v1.1.0	NT=clinical-metadata;VV=v1.0.0	manual curation	not available
muscle_mito_MC3_10ug_I_6_012011	homo sapiens	muscle	not applicable	type 2 diabetes mellitus	1	muscle_mito_MC3_10ug_I_6_012011	proteomic profiling by mass spectrometry	NT=Data-dependent acquisition;AC=PRIDE:0000627	NT=label free sample;AC=MS:1002038	NT=ltq ft;AC=MS:1000448	NT=Carbamidomethyl;AC=UNIMOD:4;TA=C;MT=Fixed	NT=Phospho;AC=UNIMOD:21;TA=S,T,Y;MT=Variable	NT=Oxidation;AC=UNIMOD:35;TA=M;MT=Variable	NT=Trypsin;AC=MS:1001251	NT=collision-induced dissociation;AC=MS:1000133	10 ppm	sds page	dithiothreitol (dtt)	iodoacetamide (iaa)	1	1	muscle_mito_MC3_10ug_I_6_012011.RAW	ftp://ftp.pride.ebi.ac.uk/pride/data/archive/2018/10/PXD004312/muscle_mito_MC3_10ug_I_6_012011.RAW	v1.1.0	NT=ms-proteomics;VV=v1.1.0	NT=clinical-metadata;VV=v1.0.0	manual curation	muscle
muscle_mito_MC2_10ug_I_1_011911	homo sapiens	muscle	not applicable	type 2 diabetes mellitus	1	muscle_mito_MC2_10ug_I_1_011911	proteomic profiling by mass spectrometry	NT=Data-dependent acquisition;AC=PRIDE:0000627	NT=label free sample;AC=MS:1002038	NT=ltq ft;AC=MS:1000448	NT=Carbamidomethyl;AC=UNIMOD:4;TA=C;MT=Fixed	NT=Phospho;AC=UNIMOD:21;TA=S,T,Y;MT=Variable	NT=Oxidation;AC=UNIMOD:35;TA=M;MT=Variable	NT=Trypsin;AC=MS:1001251	NT=collision-induced dissociation;AC=MS:1000133	10 ppm	sds page	dithiothreitol (dtt)	iodoacetamide (iaa)	1	1	muscle_mito_MC2_10ug_I_1_011911.RAW	ftp://ftp.pride.ebi.ac.uk/pride/data/archive/2018/10/PXD004312/muscle_mito_MC2_10ug_I_1_011911.RAW	v1.1.0	NT=ms-proteomics;VV=v1.1.0	NT=clinical-metadata;VV=v1.0.0	manual curation	muscle
muscle_mito_MC2_10ug_III_2_011911	homo sapiens	muscle	not applicable	type 2 diabetes mellitus	1	muscle_mito_MC2_10ug_III_2_011911	proteomic profiling by mass spectrometry	NT=Data-dependent acquisition;AC=PRIDE:0000627	NT=label free sample;AC=MS:1002038	NT=ltq ft;AC=MS:1000448	NT=Carbamidomethyl;AC=UNIMOD:4;TA=C;MT=Fixed	NT=Phospho;AC=UNIMOD:21;TA=S,T,Y;MT=Variable	NT=Oxidation;AC=UNIMOD:35;TA=M;MT=Variable	NT=Trypsin;AC=MS:1001251	NT=collision-induced dissociation;AC=MS:1000133	10 ppm	sds page	dithiothreitol (dtt)	iodoacetamide (iaa)	1	1	muscle_mito_MC2_10ug_III_2_011911.RAW	ftp://ftp.pride.ebi.ac.uk/pride/data/archive/2018/10/PXD004312/muscle_mito_MC2_10ug_III_2_011911.RAW	v1.1.0	NT=ms-proteomics;VV=v1.1.0	NT=clinical-metadata;VV=v1.0.0	manual curation	muscle
Mito_OG11_4ug_6_090709	homo sapiens	not available	not applicable	type 2 diabetes mellitus	1	Mito_OG11_4ug_6_090709	proteomic profiling by mass spectrometry	NT=Data-dependent acquisition;AC=PRIDE:0000627	NT=label free sample;AC=MS:1002038	NT=ltq ft;AC=MS:1000448	NT=Carbamidomethyl;AC=UNIMOD:4;TA=C;MT=Fixed	NT=Phospho;AC=UNIMOD:21;TA=S,T,Y;MT=Variable	NT=Oxidation;AC=UNIMOD:35;TA=M;MT=Variable	NT=Trypsin;AC=MS:1001251	NT=collision-induced dissociation;AC=MS:1000133	10 ppm	sds page	dithiothreitol (dtt)	iodoacetamide (iaa)	1	1	Mito_OG11_4ug_6_090709.RAW	ftp://ftp.pride.ebi.ac.uk/pride/data/archive/2018/10/PXD004312/Mito_OG11_4ug_6_090709.RAW	v1.1.0	NT=ms-proteomics;VV=v1.1.0	NT=clinical-metadata;VV=v1.0.0	manual curation	not available
Mito_OG17_4ug_3_090809	homo sapiens	not available	not applicable	type 2 diabetes mellitus	1	Mito_OG17_4ug_3_090809	proteomic profiling by mass spectrometry	NT=Data-dependent acquisition;AC=PRIDE:0000627	NT=label free sample;AC=MS:1002038	NT=ltq ft;AC=MS:1000448	NT=Carbamidomethyl;AC=UNIMOD:4;TA=C;MT=Fixed	NT=Phospho;AC=UNIMOD:21;TA=S,T,Y;MT=Variable	NT=Oxidation;AC=UNIMOD:35;TA=M;MT=Variable	NT=Trypsin;AC=MS:1001251	NT=collision-induced dissociation;AC=MS:1000133	10 ppm	sds page	dithiothreitol (dtt)	iodoacetamide (iaa)	1	1	Mito_OG17_4ug_3_090809.RAW	ftp://ftp.pride.ebi.ac.uk/pride/data/archive/2018/10/PXD004312/Mito_OG17_4ug_3_090809.RAW	v1.1.0	NT=ms-proteomics;VV=v1.1.0	NT=clinical-metadata;VV=v1.0.0	manual curation	not available
Mito_OG4_4ug_6_090409	homo sapiens	not available	not applicable	type 2 diabetes mellitus	1	Mito_OG4_4ug_6_090409	proteomic profiling by mass spectrometry	NT=Data-dependent acquisition;AC=PRIDE:0000627	NT=label free sample;AC=MS:1002038	NT=ltq ft;AC=MS:1000448	NT=Carbamidomethyl;AC=UNIMOD:4;TA=C;MT=Fixed	NT=Phospho;AC=UNIMOD:21;TA=S,T,Y;MT=Variable	NT=Oxidation;AC=UNIMOD:35;TA=M;MT=Variable	NT=Trypsin;AC=MS:1001251	NT=collision-induced dissociation;AC=MS:1000133	10 ppm	sds page	dithiothreitol (dtt)	iodoacetamide (iaa)	1	1	Mito_OG4_4ug_6_090409.RAW	ftp://ftp.pride.ebi.ac.uk/pride/data/archive/2018/10/PXD004312/Mito_OG4_4ug_6_090409.RAW	v1.1.0	NT=ms-proteomics;VV=v1.1.0	NT=clinical-metadata;VV=v1.0.0	manual curation	not available
muscle_mito_FC2_10ug_II_6_012711	homo sapiens	muscle	not applicable	type 2 diabetes mellitus	1	muscle_mito_FC2_10ug_II_6_012711	proteomic profiling by mass spectrometry	NT=Data-dependent acquisition;AC=PRIDE:0000627	NT=label free sample;AC=MS:1002038	NT=ltq ft;AC=MS:1000448	NT=Carbamidomethyl;AC=UNIMOD:4;TA=C;MT=Fixed	NT=Phospho;AC=UNIMOD:21;TA=S,T,Y;MT=Variable	NT=Oxidation;AC=UNIMOD:35;TA=M;MT=Variable	NT=Trypsin;AC=MS:1001251	NT=collision-induced dissociation;AC=MS:1000133	10 ppm	sds page	dithiothreitol (dtt)	iodoacetamide (iaa)	1	1	muscle_mito_FC2_10ug_II_6_012711.RAW	ftp://ftp.pride.ebi.ac.uk/pride/data/archive/2018/10/PXD004312/muscle_mito_FC2_10ug_II_6_012711.RAW	v1.1.0	NT=ms-proteomics;VV=v1.1.0	NT=clinical-metadata;VV=v1.0.0	manual curation	muscle
muscle_mito_MD7_10ug_I_5_012511	homo sapiens	muscle	not applicable	type 2 diabetes mellitus	1	muscle_mito_MD7_10ug_I_5_012511	proteomic profiling by mass spectrometry	NT=Data-dependent acquisition;AC=PRIDE:0000627	NT=label free sample;AC=MS:1002038	NT=ltq ft;AC=MS:1000448	NT=Carbamidomethyl;AC=UNIMOD:4;TA=C;MT=Fixed	NT=Phospho;AC=UNIMOD:21;TA=S,T,Y;MT=Variable	NT=Oxidation;AC=UNIMOD:35;TA=M;MT=Variable	NT=Trypsin;AC=MS:1001251	NT=collision-induced dissociation;AC=MS:1000133	10 ppm	sds page	dithiothreitol (dtt)	iodoacetamide (iaa)	1	1	muscle_mito_MD7_10ug_I_5_012511.RAW	ftp://ftp.pride.ebi.ac.uk/pride/data/archive/2018/10/PXD004312/muscle_mito_MD7_10ug_I_5_012511.RAW	v1.1.0	NT=ms-proteomics;VV=v1.1.0	NT=clinical-metadata;VV=v1.0.0	manual curation	muscle
Mito_OG8_4ug_2_090609	homo sapiens	not available	not applicable	type 2 diabetes mellitus	1	Mito_OG8_4ug_2_090609	proteomic profiling by mass spectrometry	NT=Data-dependent acquisition;AC=PRIDE:0000627	NT=label free sample;AC=MS:1002038	NT=ltq ft;AC=MS:1000448	NT=Carbamidomethyl;AC=UNIMOD:4;TA=C;MT=Fixed	NT=Phospho;AC=UNIMOD:21;TA=S,T,Y;MT=Variable	NT=Oxidation;AC=UNIMOD:35;TA=M;MT=Variable	NT=Trypsin;AC=MS:1001251	NT=collision-induced dissociation;AC=MS:1000133	10 ppm	sds page	dithiothreitol (dtt)	iodoacetamide (iaa)	1	1	Mito_OG8_4ug_2_090609.RAW	ftp://ftp.pride.ebi.ac.uk/pride/data/archive/2018/10/PXD004312/Mito_OG8_4ug_2_090609.RAW	v1.1.0	NT=ms-proteomics;VV=v1.1.0	NT=clinical-metadata;VV=v1.0.0	manual curation	not available
muscle_mito_MD6_10ug_IV_1_012211	homo sapiens	muscle	not applicable	type 2 diabetes mellitus	1	muscle_mito_MD6_10ug_IV_1_012211	proteomic profiling by mass spectrometry	NT=Data-dependent acquisition;AC=PRIDE:0000627	NT=label free sample;AC=MS:1002038	NT=ltq ft;AC=MS:1000448	NT=Carbamidomethyl;AC=UNIMOD:4;TA=C;MT=Fixed	NT=Phospho;AC=UNIMOD:21;TA=S,T,Y;MT=Variable	NT=Oxidation;AC=UNIMOD:35;TA=M;MT=Variable	NT=Trypsin;AC=MS:1001251	NT=collision-induced dissociation;AC=MS:1000133	10 ppm	sds page	dithiothreitol (dtt)	iodoacetamide (iaa)	1	1	muscle_mito_MD6_10ug_IV_1_012211.RAW	ftp://ftp.pride.ebi.ac.uk/pride/data/archive/2018/10/PXD004312/muscle_mito_MD6_10ug_IV_1_012211.RAW	v1.1.0	NT=ms-proteomics;VV=v1.1.0	NT=clinical-metadata;VV=v1.0.0	manual curation	muscle
muscle_mito_MC7_10ug_I_1_012211	homo sapiens	muscle	not applicable	type 2 diabetes mellitus	1	muscle_mito_MC7_10ug_I_1_012211	proteomic profiling by mass spectrometry	NT=Data-dependent acquisition;AC=PRIDE:0000627	NT=label free sample;AC=MS:1002038	NT=ltq ft;AC=MS:1000448	NT=Carbamidomethyl;AC=UNIMOD:4;TA=C;MT=Fixed	NT=Phospho;AC=UNIMOD:21;TA=S,T,Y;MT=Variable	NT=Oxidation;AC=UNIMOD:35;TA=M;MT=Variable	NT=Trypsin;AC=MS:1001251	NT=collision-induced dissociation;AC=MS:1000133	10 ppm	sds page	dithiothreitol (dtt)	iodoacetamide (iaa)	1	1	muscle_mito_MC7_10ug_I_1_012211.RAW	ftp://ftp.pride.ebi.ac.uk/pride/data/archive/2018/10/PXD004312/muscle_mito_MC7_10ug_I_1_012211.RAW	v1.1.0	NT=ms-proteomics;VV=v1.1.0	NT=clinical-metadata;VV=v1.0.0	manual curation	muscle
muscle_mito_MD7_10ug_II_4_012311	homo sapiens	muscle	not applicable	type 2 diabetes mellitus	1	muscle_mito_MD7_10ug_II_4_012311	proteomic profiling by mass spectrometry	NT=Data-dependent acquisition;AC=PRIDE:0000627	NT=label free sample;AC=MS:1002038	NT=ltq ft;AC=MS:1000448	NT=Carbamidomethyl;AC=UNIMOD:4;TA=C;MT=Fixed	NT=Phospho;AC=UNIMOD:21;TA=S,T,Y;MT=Variable	NT=Oxidation;AC=UNIMOD:35;TA=M;MT=Variable	NT=Trypsin;AC=MS:1001251	NT=collision-induced dissociation;AC=MS:1000133	10 ppm	sds page	dithiothreitol (dtt)	iodoacetamide (iaa)	1	1	muscle_mito_MD7_10ug_II_4_012311.RAW	ftp://ftp.pride.ebi.ac.uk/pride/data/archive/2018/10/PXD004312/muscle_mito_MD7_10ug_II_4_012311.RAW	v1.1.0	NT=ms-proteomics;VV=v1.1.0	NT=clinical-metadata;VV=v1.0.0	manual curation	muscle
muscle_mito_FC1_10ug_II_4_012311	homo sapiens	muscle	not applicable	type 2 diabetes mellitus	1	muscle_mito_FC1_10ug_II_4_012311	proteomic profiling by mass spectrometry	NT=Data-dependent acquisition;AC=PRIDE:0000627	NT=label free sample;AC=MS:1002038	NT=ltq ft;AC=MS:1000448	NT=Carbamidomethyl;AC=UNIMOD:4;TA=C;MT=Fixed	NT=Phospho;AC=UNIMOD:21;TA=S,T,Y;MT=Variable	NT=Oxidation;AC=UNIMOD:35;TA=M;MT=Variable	NT=Trypsin;AC=MS:1001251	NT=collision-induced dissociation;AC=MS:1000133	10 ppm	sds page	dithiothreitol (dtt)	iodoacetamide (iaa)	1	1	muscle_mito_FC1_10ug_II_4_012311.RAW	ftp://ftp.pride.ebi.ac.uk/pride/data/archive/2018/10/PXD004312/muscle_mito_FC1_10ug_II_4_012311.RAW	v1.1.0	NT=ms-proteomics;VV=v1.1.0	NT=clinical-metadata;VV=v1.0.0	manual curation	muscle
Mito_OG9_4ug_1_090609	homo sapiens	not available	not applicable	type 2 diabetes mellitus	1	Mito_OG9_4ug_1_090609	proteomic profiling by mass spectrometry	NT=Data-dependent acquisition;AC=PRIDE:0000627	NT=label free sample;AC=MS:1002038	NT=ltq ft;AC=MS:1000448	NT=Carbamidomethyl;AC=UNIMOD:4;TA=C;MT=Fixed	NT=Phospho;AC=UNIMOD:21;TA=S,T,Y;MT=Variable	NT=Oxidation;AC=UNIMOD:35;TA=M;MT=Variable	NT=Trypsin;AC=MS:1001251	NT=collision-induced dissociation;AC=MS:1000133	10 ppm	sds page	dithiothreitol (dtt)	iodoacetamide (iaa)	1	1	Mito_OG9_4ug_1_090609.RAW	ftp://ftp.pride.ebi.ac.uk/pride/data/archive/2018/10/PXD004312/Mito_OG9_4ug_1_090609.RAW	v1.1.0	NT=ms-proteomics;VV=v1.1.0	NT=clinical-metadata;VV=v1.0.0	manual curation	not available
Mito_OG6_4ug_2_090509	homo sapiens	not available	not applicable	type 2 diabetes mellitus	1	Mito_OG6_4ug_2_090509	proteomic profiling by mass spectrometry	NT=Data-dependent acquisition;AC=PRIDE:0000627	NT=label free sample;AC=MS:1002038	NT=ltq ft;AC=MS:1000448	NT=Carbamidomethyl;AC=UNIMOD:4;TA=C;MT=Fixed	NT=Phospho;AC=UNIMOD:21;TA=S,T,Y;MT=Variable	NT=Oxidation;AC=UNIMOD:35;TA=M;MT=Variable	NT=Trypsin;AC=MS:1001251	NT=collision-induced dissociation;AC=MS:1000133	10 ppm	sds page	dithiothreitol (dtt)	iodoacetamide (iaa)	1	1	Mito_OG6_4ug_2_090509.RAW	ftp://ftp.pride.ebi.ac.uk/pride/data/archive/2018/10/PXD004312/Mito_OG6_4ug_2_090509.RAW	v1.1.0	NT=ms-proteomics;VV=v1.1.0	NT=clinical-metadata;VV=v1.0.0	manual curation	not available
muscle_mito_FD2_10ug_II_3_013011	homo sapiens	muscle	not applicable	type 2 diabetes mellitus	1	muscle_mito_FD2_10ug_II_3_013011	proteomic profiling by mass spectrometry	NT=Data-dependent acquisition;AC=PRIDE:0000627	NT=label free sample;AC=MS:1002038	NT=ltq ft;AC=MS:1000448	NT=Carbamidomethyl;AC=UNIMOD:4;TA=C;MT=Fixed	NT=Phospho;AC=UNIMOD:21;TA=S,T,Y;MT=Variable	NT=Oxidation;AC=UNIMOD:35;TA=M;MT=Variable	NT=Trypsin;AC=MS:1001251	NT=collision-induced dissociation;AC=MS:1000133	10 ppm	sds page	dithiothreitol (dtt)	iodoacetamide (iaa)	1	1	muscle_mito_FD2_10ug_II_3_013011.RAW	ftp://ftp.pride.ebi.ac.uk/pride/data/archive/2018/10/PXD004312/muscle_mito_FD2_10ug_II_3_013011.RAW	v1.1.0	NT=ms-proteomics;VV=v1.1.0	NT=clinical-metadata;VV=v1.0.0	manual curation	muscle
muscle_mito_MD3_10ug_III_6_012211	homo sapiens	muscle	not applicable	type 2 diabetes mellitus	1	muscle_mito_MD3_10ug_III_6_012211	proteomic profiling by mass spectrometry	NT=Data-dependent acquisition;AC=PRIDE:0000627	NT=label free sample;AC=MS:1002038	NT=ltq ft;AC=MS:1000448	NT=Carbamidomethyl;AC=UNIMOD:4;TA=C;MT=Fixed	NT=Phospho;AC=UNIMOD:21;TA=S,T,Y;MT=Variable	NT=Oxidation;AC=UNIMOD:35;TA=M;MT=Variable	NT=Trypsin;AC=MS:1001251	NT=collision-induced dissociation;AC=MS:1000133	10 ppm	sds page	dithiothreitol (dtt)	iodoacetamide (iaa)	1	1	muscle_mito_MD3_10ug_III_6_012211.RAW	ftp://ftp.pride.ebi.ac.uk/pride/data/archive/2018/10/PXD004312/muscle_mito_MD3_10ug_III_6_012211.RAW	v1.1.0	NT=ms-proteomics;VV=v1.1.0	NT=clinical-metadata;VV=v1.0.0	manual curation	muscle
muscle_mito_MD2_10ug_III_1_012111	homo sapiens	muscle	not applicable	type 2 diabetes mellitus	1	muscle_mito_MD2_10ug_III_1_012111	proteomic profiling by mass spectrometry	NT=Data-dependent acquisition;AC=PRIDE:0000627	NT=label free sample;AC=MS:1002038	NT=ltq ft;AC=MS:1000448	NT=Carbamidomethyl;AC=UNIMOD:4;TA=C;MT=Fixed	NT=Phospho;AC=UNIMOD:21;TA=S,T,Y;MT=Variable	NT=Oxidation;AC=UNIMOD:35;TA=M;MT=Variable	NT=Trypsin;AC=MS:1001251	NT=collision-induced dissociation;AC=MS:1000133	10 ppm	sds page	dithiothreitol (dtt)	iodoacetamide (iaa)	1	1	muscle_mito_MD2_10ug_III_1_012111.RAW	ftp://ftp.pride.ebi.ac.uk/pride/data/archive/2018/10/PXD004312/muscle_mito_MD2_10ug_III_1_012111.RAW	v1.1.0	NT=ms-proteomics;VV=v1.1.0	NT=clinical-metadata;VV=v1.0.0	manual curation	muscle
Mito_OG13_4ug_3_090709	homo sapiens	not available	not applicable	type 2 diabetes mellitus	1	Mito_OG13_4ug_3_090709	proteomic profiling by mass spectrometry	NT=Data-dependent acquisition;AC=PRIDE:0000627	NT=label free sample;AC=MS:1002038	NT=ltq ft;AC=MS:1000448	NT=Carbamidomethyl;AC=UNIMOD:4;TA=C;MT=Fixed	NT=Phospho;AC=UNIMOD:21;TA=S,T,Y;MT=Variable	NT=Oxidation;AC=UNIMOD:35;TA=M;MT=Variable	NT=Trypsin;AC=MS:1001251	NT=collision-induced dissociation;AC=MS:1000133	10 ppm	sds page	dithiothreitol (dtt)	iodoacetamide (iaa)	1	1	Mito_OG13_4ug_3_090709.RAW	ftp://ftp.pride.ebi.ac.uk/pride/data/archive/2018/10/PXD004312/Mito_OG13_4ug_3_090709.RAW	v1.1.0	NT=ms-proteomics;VV=v1.1.0	NT=clinical-metadata;VV=v1.0.0	manual curation	not available
muscle_mito_MD7_10ug_I_6_012511	homo sapiens	muscle	not applicable	type 2 diabetes mellitus	1	muscle_mito_MD7_10ug_I_6_012511	proteomic profiling by mass spectrometry	NT=Data-dependent acquisition;AC=PRIDE:0000627	NT=label free sample;AC=MS:1002038	NT=ltq ft;AC=MS:1000448	NT=Carbamidomethyl;AC=UNIMOD:4;TA=C;MT=Fixed	NT=Phospho;AC=UNIMOD:21;TA=S,T,Y;MT=Variable	NT=Oxidation;AC=UNIMOD:35;TA=M;MT=Variable	NT=Trypsin;AC=MS:1001251	NT=collision-induced dissociation;AC=MS:1000133	10 ppm	sds page	dithiothreitol (dtt)	iodoacetamide (iaa)	1	1	muscle_mito_MD7_10ug_I_6_012511.RAW	ftp://ftp.pride.ebi.ac.uk/pride/data/archive/2018/10/PXD004312/muscle_mito_MD7_10ug_I_6_012511.RAW	v1.1.0	NT=ms-proteomics;VV=v1.1.0	NT=clinical-metadata;VV=v1.0.0	manual curation	muscle
muscle_mito_MD3_10ug_II_2_012111	homo sapiens	muscle	not applicable	type 2 diabetes mellitus	1	muscle_mito_MD3_10ug_II_2_012111	proteomic profiling by mass spectrometry	NT=Data-dependent acquisition;AC=PRIDE:0000627	NT=label free sample;AC=MS:1002038	NT=ltq ft;AC=MS:1000448	NT=Carbamidomethyl;AC=UNIMOD:4;TA=C;MT=Fixed	NT=Phospho;AC=UNIMOD:21;TA=S,T,Y;MT=Variable	NT=Oxidation;AC=UNIMOD:35;TA=M;MT=Variable	NT=Trypsin;AC=MS:1001251	NT=collision-induced dissociation;AC=MS:1000133	10 ppm	sds page	dithiothreitol (dtt)	iodoacetamide (iaa)	1	1	muscle_mito_MD3_10ug_II_2_012111.RAW	ftp://ftp.pride.ebi.ac.uk/pride/data/archive/2018/10/PXD004312/muscle_mito_MD3_10ug_II_2_012111.RAW	v1.1.0	NT=ms-proteomics;VV=v1.1.0	NT=clinical-metadata;VV=v1.0.0	manual curation	muscle
muscle_mito_FC1_10ug_I_5_012311	homo sapiens	muscle	not applicable	type 2 diabetes mellitus	1	muscle_mito_FC1_10ug_I_5_012311	proteomic profiling by mass spectrometry	NT=Data-dependent acquisition;AC=PRIDE:0000627	NT=label free sample;AC=MS:1002038	NT=ltq ft;AC=MS:1000448	NT=Carbamidomethyl;AC=UNIMOD:4;TA=C;MT=Fixed	NT=Phospho;AC=UNIMOD:21;TA=S,T,Y;MT=Variable	NT=Oxidation;AC=UNIMOD:35;TA=M;MT=Variable	NT=Trypsin;AC=MS:1001251	NT=collision-induced dissociation;AC=MS:1000133	10 ppm	sds page	dithiothreitol (dtt)	iodoacetamide (iaa)	1	1	muscle_mito_FC1_10ug_I_5_012311.RAW	ftp://ftp.pride.ebi.ac.uk/pride/data/archive/2018/10/PXD004312/muscle_mito_FC1_10ug_I_5_012311.RAW	v1.1.0	NT=ms-proteomics;VV=v1.1.0	NT=clinical-metadata;VV=v1.0.0	manual curation	muscle
muscle_mito_FD4_10ug_III_1_020111	homo sapiens	muscle	not applicable	type 2 diabetes mellitus	1	muscle_mito_FD4_10ug_III_1_020111	proteomic profiling by mass spectrometry	NT=Data-dependent acquisition;AC=PRIDE:0000627	NT=label free sample;AC=MS:1002038	NT=ltq ft;AC=MS:1000448	NT=Carbamidomethyl;AC=UNIMOD:4;TA=C;MT=Fixed	NT=Phospho;AC=UNIMOD:21;TA=S,T,Y;MT=Variable	NT=Oxidation;AC=UNIMOD:35;TA=M;MT=Variable	NT=Trypsin;AC=MS:1001251	NT=collision-induced dissociation;AC=MS:1000133	10 ppm	sds page	dithiothreitol (dtt)	iodoacetamide (iaa)	1	1	muscle_mito_FD4_10ug_III_1_020111.RAW	ftp://ftp.pride.ebi.ac.uk/pride/data/archive/2018/10/PXD004312/muscle_mito_FD4_10ug_III_1_020111.RAW	v1.1.0	NT=ms-proteomics;VV=v1.1.0	NT=clinical-metadata;VV=v1.0.0	manual curation	muscle
muscle_mito_MD6_10ug_I_6_012311	homo sapiens	muscle	not applicable	type 2 diabetes mellitus	1	muscle_mito_MD6_10ug_I_6_012311	proteomic profiling by mass spectrometry	NT=Data-dependent acquisition;AC=PRIDE:0000627	NT=label free sample;AC=MS:1002038	NT=ltq ft;AC=MS:1000448	NT=Carbamidomethyl;AC=UNIMOD:4;TA=C;MT=Fixed	NT=Phospho;AC=UNIMOD:21;TA=S,T,Y;MT=Variable	NT=Oxidation;AC=UNIMOD:35;TA=M;MT=Variable	NT=Trypsin;AC=MS:1001251	NT=collision-induced dissociation;AC=MS:1000133	10 ppm	sds page	dithiothreitol (dtt)	iodoacetamide (iaa)	1	1	muscle_mito_MD6_10ug_I_6_012311.RAW	ftp://ftp.pride.ebi.ac.uk/pride/data/archive/2018/10/PXD004312/muscle_mito_MD6_10ug_I_6_012311.RAW	v1.1.0	NT=ms-proteomics;VV=v1.1.0	NT=clinical-metadata;VV=v1.0.0	manual curation	muscle
muscle_mito_FD4_10ug_III_5_020111	homo sapiens	muscle	not applicable	type 2 diabetes mellitus	1	muscle_mito_FD4_10ug_III_5_020111	proteomic profiling by mass spectrometry	NT=Data-dependent acquisition;AC=PRIDE:0000627	NT=label free sample;AC=MS:1002038	NT=ltq ft;AC=MS:1000448	NT=Carbamidomethyl;AC=UNIMOD:4;TA=C;MT=Fixed	NT=Phospho;AC=UNIMOD:21;TA=S,T,Y;MT=Variable	NT=Oxidation;AC=UNIMOD:35;TA=M;MT=Variable	NT=Trypsin;AC=MS:1001251	NT=collision-induced dissociation;AC=MS:1000133	10 ppm	sds page	dithiothreitol (dtt)	iodoacetamide (iaa)	1	1	muscle_mito_FD4_10ug_III_5_020111.RAW	ftp://ftp.pride.ebi.ac.uk/pride/data/archive/2018/10/PXD004312/muscle_mito_FD4_10ug_III_5_020111.RAW	v1.1.0	NT=ms-proteomics;VV=v1.1.0	NT=clinical-metadata;VV=v1.0.0	manual curation	muscle
muscle_mito_MC7_10ug_III_6_012211	homo sapiens	muscle	not applicable	type 2 diabetes mellitus	1	muscle_mito_MC7_10ug_III_6_012211	proteomic profiling by mass spectrometry	NT=Data-dependent acquisition;AC=PRIDE:0000627	NT=label free sample;AC=MS:1002038	NT=ltq ft;AC=MS:1000448	NT=Carbamidomethyl;AC=UNIMOD:4;TA=C;MT=Fixed	NT=Phospho;AC=UNIMOD:21;TA=S,T,Y;MT=Variable	NT=Oxidation;AC=UNIMOD:35;TA=M;MT=Variable	NT=Trypsin;AC=MS:1001251	NT=collision-induced dissociation;AC=MS:1000133	10 ppm	sds page	dithiothreitol (dtt)	iodoacetamide (iaa)	1	1	muscle_mito_MC7_10ug_III_6_012211.RAW	ftp://ftp.pride.ebi.ac.uk/pride/data/archive/2018/10/PXD004312/muscle_mito_MC7_10ug_III_6_012211.RAW	v1.1.0	NT=ms-proteomics;VV=v1.1.0	NT=clinical-metadata;VV=v1.0.0	manual curation	muscle
muscle_mito_FC6_10ug_III_6_012911	homo sapiens	muscle	not applicable	type 2 diabetes mellitus	1	muscle_mito_FC6_10ug_III_6_012911	proteomic profiling by mass spectrometry	NT=Data-dependent acquisition;AC=PRIDE:0000627	NT=label free sample;AC=MS:1002038	NT=ltq ft;AC=MS:1000448	NT=Carbamidomethyl;AC=UNIMOD:4;TA=C;MT=Fixed	NT=Phospho;AC=UNIMOD:21;TA=S,T,Y;MT=Variable	NT=Oxidation;AC=UNIMOD:35;TA=M;MT=Variable	NT=Trypsin;AC=MS:1001251	NT=collision-induced dissociation;AC=MS:1000133	10 ppm	sds page	dithiothreitol (dtt)	iodoacetamide (iaa)	1	1	muscle_mito_FC6_10ug_III_6_012911.RAW	ftp://ftp.pride.ebi.ac.uk/pride/data/archive/2018/10/PXD004312/muscle_mito_FC6_10ug_III_6_012911.RAW	v1.1.0	NT=ms-proteomics;VV=v1.1.0	NT=clinical-metadata;VV=v1.0.0	manual curation	muscle
muscle_mito_MD3_10ug_II_1_012111	homo sapiens	muscle	not applicable	type 2 diabetes mellitus	1	muscle_mito_MD3_10ug_II_1_012111	proteomic profiling by mass spectrometry	NT=Data-dependent acquisition;AC=PRIDE:0000627	NT=label free sample;AC=MS:1002038	NT=ltq ft;AC=MS:1000448	NT=Carbamidomethyl;AC=UNIMOD:4;TA=C;MT=Fixed	NT=Phospho;AC=UNIMOD:21;TA=S,T,Y;MT=Variable	NT=Oxidation;AC=UNIMOD:35;TA=M;MT=Variable	NT=Trypsin;AC=MS:1001251	NT=collision-induced dissociation;AC=MS:1000133	10 ppm	sds page	dithiothreitol (dtt)	iodoacetamide (iaa)	1	1	muscle_mito_MD3_10ug_II_1_012111.RAW	ftp://ftp.pride.ebi.ac.uk/pride/data/archive/2018/10/PXD004312/muscle_mito_MD3_10ug_II_1_012111.RAW	v1.1.0	NT=ms-proteomics;VV=v1.1.0	NT=clinical-metadata;VV=v1.0.0	manual curation	muscle
Mito_OG21_4ug_5_090909	homo sapiens	not available	not applicable	type 2 diabetes mellitus	1	Mito_OG21_4ug_5_090909	proteomic profiling by mass spectrometry	NT=Data-dependent acquisition;AC=PRIDE:0000627	NT=label free sample;AC=MS:1002038	NT=ltq ft;AC=MS:1000448	NT=Carbamidomethyl;AC=UNIMOD:4;TA=C;MT=Fixed	NT=Phospho;AC=UNIMOD:21;TA=S,T,Y;MT=Variable	NT=Oxidation;AC=UNIMOD:35;TA=M;MT=Variable	NT=Trypsin;AC=MS:1001251	NT=collision-induced dissociation;AC=MS:1000133	10 ppm	sds page	dithiothreitol (dtt)	iodoacetamide (iaa)	1	1	Mito_OG21_4ug_5_090909.RAW	ftp://ftp.pride.ebi.ac.uk/pride/data/archive/2018/10/PXD004312/Mito_OG21_4ug_5_090909.RAW	v1.1.0	NT=ms-proteomics;VV=v1.1.0	NT=clinical-metadata;VV=v1.0.0	manual curation	not available
muscle_mito_FC3_10ug_II_1_012811	homo sapiens	muscle	not applicable	type 2 diabetes mellitus	1	muscle_mito_FC3_10ug_II_1_012811	proteomic profiling by mass spectrometry	NT=Data-dependent acquisition;AC=PRIDE:0000627	NT=label free sample;AC=MS:1002038	NT=ltq ft;AC=MS:1000448	NT=Carbamidomethyl;AC=UNIMOD:4;TA=C;MT=Fixed	NT=Phospho;AC=UNIMOD:21;TA=S,T,Y;MT=Variable	NT=Oxidation;AC=UNIMOD:35;TA=M;MT=Variable	NT=Trypsin;AC=MS:1001251	NT=collision-induced dissociation;AC=MS:1000133	10 ppm	sds page	dithiothreitol (dtt)	iodoacetamide (iaa)	1	1	muscle_mito_FC3_10ug_II_1_012811.RAW	ftp://ftp.pride.ebi.ac.uk/pride/data/archive/2018/10/PXD004312/muscle_mito_FC3_10ug_II_1_012811.RAW	v1.1.0	NT=ms-proteomics;VV=v1.1.0	NT=clinical-metadata;VV=v1.0.0	manual curation	muscle
muscle_mito_FD1_10ug_II_6_013011	homo sapiens	muscle	not applicable	type 2 diabetes mellitus	1	muscle_mito_FD1_10ug_II_6_013011	proteomic profiling by mass spectrometry	NT=Data-dependent acquisition;AC=PRIDE:0000627	NT=label free sample;AC=MS:1002038	NT=ltq ft;AC=MS:1000448	NT=Carbamidomethyl;AC=UNIMOD:4;TA=C;MT=Fixed	NT=Phospho;AC=UNIMOD:21;TA=S,T,Y;MT=Variable	NT=Oxidation;AC=UNIMOD:35;TA=M;MT=Variable	NT=Trypsin;AC=MS:1001251	NT=collision-induced dissociation;AC=MS:1000133	10 ppm	sds page	dithiothreitol (dtt)	iodoacetamide (iaa)	1	1	muscle_mito_FD1_10ug_II_6_013011.RAW	ftp://ftp.pride.ebi.ac.uk/pride/data/archive/2018/10/PXD004312/muscle_mito_FD1_10ug_II_6_013011.RAW	v1.1.0	NT=ms-proteomics;VV=v1.1.0	NT=clinical-metadata;VV=v1.0.0	manual curation	muscle
muscle_mito_MD6_10ug_I_1_012311	homo sapiens	muscle	not applicable	type 2 diabetes mellitus	1	muscle_mito_MD6_10ug_I_1_012311	proteomic profiling by mass spectrometry	NT=Data-dependent acquisition;AC=PRIDE:0000627	NT=label free sample;AC=MS:1002038	NT=ltq ft;AC=MS:1000448	NT=Carbamidomethyl;AC=UNIMOD:4;TA=C;MT=Fixed	NT=Phospho;AC=UNIMOD:21;TA=S,T,Y;MT=Variable	NT=Oxidation;AC=UNIMOD:35;TA=M;MT=Variable	NT=Trypsin;AC=MS:1001251	NT=collision-induced dissociation;AC=MS:1000133	10 ppm	sds page	dithiothreitol (dtt)	iodoacetamide (iaa)	1	1	muscle_mito_MD6_10ug_I_1_012311.RAW	ftp://ftp.pride.ebi.ac.uk/pride/data/archive/2018/10/PXD004312/muscle_mito_MD6_10ug_I_1_012311.RAW	v1.1.0	NT=ms-proteomics;VV=v1.1.0	NT=clinical-metadata;VV=v1.0.0	manual curation	muscle
Mito_OG12_4ug_1_090709	homo sapiens	not available	not applicable	type 2 diabetes mellitus	1	Mito_OG12_4ug_1_090709	proteomic profiling by mass spectrometry	NT=Data-dependent acquisition;AC=PRIDE:0000627	NT=label free sample;AC=MS:1002038	NT=ltq ft;AC=MS:1000448	NT=Carbamidomethyl;AC=UNIMOD:4;TA=C;MT=Fixed	NT=Phospho;AC=UNIMOD:21;TA=S,T,Y;MT=Variable	NT=Oxidation;AC=UNIMOD:35;TA=M;MT=Variable	NT=Trypsin;AC=MS:1001251	NT=collision-induced dissociation;AC=MS:1000133	10 ppm	sds page	dithiothreitol (dtt)	iodoacetamide (iaa)	1	1	Mito_OG12_4ug_1_090709.RAW	ftp://ftp.pride.ebi.ac.uk/pride/data/archive/2018/10/PXD004312/Mito_OG12_4ug_1_090709.RAW	v1.1.0	NT=ms-proteomics;VV=v1.1.0	NT=clinical-metadata;VV=v1.0.0	manual curation	not available
Mito_OG8_4ug_5_090609	homo sapiens	not available	not applicable	type 2 diabetes mellitus	1	Mito_OG8_4ug_5_090609	proteomic profiling by mass spectrometry	NT=Data-dependent acquisition;AC=PRIDE:0000627	NT=label free sample;AC=MS:1002038	NT=ltq ft;AC=MS:1000448	NT=Carbamidomethyl;AC=UNIMOD:4;TA=C;MT=Fixed	NT=Phospho;AC=UNIMOD:21;TA=S,T,Y;MT=Variable	NT=Oxidation;AC=UNIMOD:35;TA=M;MT=Variable	NT=Trypsin;AC=MS:1001251	NT=collision-induced dissociation;AC=MS:1000133	10 ppm	sds page	dithiothreitol (dtt)	iodoacetamide (iaa)	1	1	Mito_OG8_4ug_5_090609.RAW	ftp://ftp.pride.ebi.ac.uk/pride/data/archive/2018/10/PXD004312/Mito_OG8_4ug_5_090609.RAW	v1.1.0	NT=ms-proteomics;VV=v1.1.0	NT=clinical-metadata;VV=v1.0.0	manual curation	not available
muscle_mito_FD2_10ug_II_5_013011	homo sapiens	muscle	not applicable	type 2 diabetes mellitus	1	muscle_mito_FD2_10ug_II_5_013011	proteomic profiling by mass spectrometry	NT=Data-dependent acquisition;AC=PRIDE:0000627	NT=label free sample;AC=MS:1002038	NT=ltq ft;AC=MS:1000448	NT=Carbamidomethyl;AC=UNIMOD:4;TA=C;MT=Fixed	NT=Phospho;AC=UNIMOD:21;TA=S,T,Y;MT=Variable	NT=Oxidation;AC=UNIMOD:35;TA=M;MT=Variable	NT=Trypsin;AC=MS:1001251	NT=collision-induced dissociation;AC=MS:1000133	10 ppm	sds page	dithiothreitol (dtt)	iodoacetamide (iaa)	1	1	muscle_mito_FD2_10ug_II_5_013011.RAW	ftp://ftp.pride.ebi.ac.uk/pride/data/archive/2018/10/PXD004312/muscle_mito_FD2_10ug_II_5_013011.RAW	v1.1.0	NT=ms-proteomics;VV=v1.1.0	NT=clinical-metadata;VV=v1.0.0	manual curation	muscle
muscle_mito_FD6_10ug_II_5_020111	homo sapiens	muscle	not applicable	type 2 diabetes mellitus	1	muscle_mito_FD6_10ug_II_5_020111	proteomic profiling by mass spectrometry	NT=Data-dependent acquisition;AC=PRIDE:0000627	NT=label free sample;AC=MS:1002038	NT=ltq ft;AC=MS:1000448	NT=Carbamidomethyl;AC=UNIMOD:4;TA=C;MT=Fixed	NT=Phospho;AC=UNIMOD:21;TA=S,T,Y;MT=Variable	NT=Oxidation;AC=UNIMOD:35;TA=M;MT=Variable	NT=Trypsin;AC=MS:1001251	NT=collision-induced dissociation;AC=MS:1000133	10 ppm	sds page	dithiothreitol (dtt)	iodoacetamide (iaa)	1	1	muscle_mito_FD6_10ug_II_5_020111.RAW	ftp://ftp.pride.ebi.ac.uk/pride/data/archive/2018/10/PXD004312/muscle_mito_FD6_10ug_II_5_020111.RAW	v1.1.0	NT=ms-proteomics;VV=v1.1.0	NT=clinical-metadata;VV=v1.0.0	manual curation	muscle
muscle_mito_FC6_10ug_II_1_012911	homo sapiens	muscle	not applicable	type 2 diabetes mellitus	1	muscle_mito_FC6_10ug_II_1_012911	proteomic profiling by mass spectrometry	NT=Data-dependent acquisition;AC=PRIDE:0000627	NT=label free sample;AC=MS:1002038	NT=ltq ft;AC=MS:1000448	NT=Carbamidomethyl;AC=UNIMOD:4;TA=C;MT=Fixed	NT=Phospho;AC=UNIMOD:21;TA=S,T,Y;MT=Variable	NT=Oxidation;AC=UNIMOD:35;TA=M;MT=Variable	NT=Trypsin;AC=MS:1001251	NT=collision-induced dissociation;AC=MS:1000133	10 ppm	sds page	dithiothreitol (dtt)	iodoacetamide (iaa)	1	1	muscle_mito_FC6_10ug_II_1_012911.RAW	ftp://ftp.pride.ebi.ac.uk/pride/data/archive/2018/10/PXD004312/muscle_mito_FC6_10ug_II_1_012911.RAW	v1.1.0	NT=ms-proteomics;VV=v1.1.0	NT=clinical-metadata;VV=v1.0.0	manual curation	muscle
muscle_mito_MD7_10ug_II_2_012311	homo sapiens	muscle	not applicable	type 2 diabetes mellitus	1	muscle_mito_MD7_10ug_II_2_012311	proteomic profiling by mass spectrometry	NT=Data-dependent acquisition;AC=PRIDE:0000627	NT=label free sample;AC=MS:1002038	NT=ltq ft;AC=MS:1000448	NT=Carbamidomethyl;AC=UNIMOD:4;TA=C;MT=Fixed	NT=Phospho;AC=UNIMOD:21;TA=S,T,Y;MT=Variable	NT=Oxidation;AC=UNIMOD:35;TA=M;MT=Variable	NT=Trypsin;AC=MS:1001251	NT=collision-induced dissociation;AC=MS:1000133	10 ppm	sds page	dithiothreitol (dtt)	iodoacetamide (iaa)	1	1	muscle_mito_MD7_10ug_II_2_012311.RAW	ftp://ftp.pride.ebi.ac.uk/pride/data/archive/2018/10/PXD004312/muscle_mito_MD7_10ug_II_2_012311.RAW	v1.1.0	NT=ms-proteomics;VV=v1.1.0	NT=clinical-metadata;VV=v1.0.0	manual curation	muscle
muscle_mito_FD1_10ug_I_5_013011	homo sapiens	muscle	not applicable	type 2 diabetes mellitus	1	muscle_mito_FD1_10ug_I_5_013011	proteomic profiling by mass spectrometry	NT=Data-dependent acquisition;AC=PRIDE:0000627	NT=label free sample;AC=MS:1002038	NT=ltq ft;AC=MS:1000448	NT=Carbamidomethyl;AC=UNIMOD:4;TA=C;MT=Fixed	NT=Phospho;AC=UNIMOD:21;TA=S,T,Y;MT=Variable	NT=Oxidation;AC=UNIMOD:35;TA=M;MT=Variable	NT=Trypsin;AC=MS:1001251	NT=collision-induced dissociation;AC=MS:1000133	10 ppm	sds page	dithiothreitol (dtt)	iodoacetamide (iaa)	1	1	muscle_mito_FD1_10ug_I_5_013011.RAW	ftp://ftp.pride.ebi.ac.uk/pride/data/archive/2018/10/PXD004312/muscle_mito_FD1_10ug_I_5_013011.RAW	v1.1.0	NT=ms-proteomics;VV=v1.1.0	NT=clinical-metadata;VV=v1.0.0	manual curation	muscle
muscle_mito_FD4_10ug_I_3_020111	homo sapiens	muscle	not applicable	type 2 diabetes mellitus	1	muscle_mito_FD4_10ug_I_3_020111	proteomic profiling by mass spectrometry	NT=Data-dependent acquisition;AC=PRIDE:0000627	NT=label free sample;AC=MS:1002038	NT=ltq ft;AC=MS:1000448	NT=Carbamidomethyl;AC=UNIMOD:4;TA=C;MT=Fixed	NT=Phospho;AC=UNIMOD:21;TA=S,T,Y;MT=Variable	NT=Oxidation;AC=UNIMOD:35;TA=M;MT=Variable	NT=Trypsin;AC=MS:1001251	NT=collision-induced dissociation;AC=MS:1000133	10 ppm	sds page	dithiothreitol (dtt)	iodoacetamide (iaa)	1	1	muscle_mito_FD4_10ug_I_3_020111.RAW	ftp://ftp.pride.ebi.ac.uk/pride/data/archive/2018/10/PXD004312/muscle_mito_FD4_10ug_I_3_020111.RAW	v1.1.0	NT=ms-proteomics;VV=v1.1.0	NT=clinical-metadata;VV=v1.0.0	manual curation	muscle
Mito_OG4_4ug_4_090409	homo sapiens	not available	not applicable	type 2 diabetes mellitus	1	Mito_OG4_4ug_4_090409	proteomic profiling by mass spectrometry	NT=Data-dependent acquisition;AC=PRIDE:0000627	NT=label free sample;AC=MS:1002038	NT=ltq ft;AC=MS:1000448	NT=Carbamidomethyl;AC=UNIMOD:4;TA=C;MT=Fixed	NT=Phospho;AC=UNIMOD:21;TA=S,T,Y;MT=Variable	NT=Oxidation;AC=UNIMOD:35;TA=M;MT=Variable	NT=Trypsin;AC=MS:1001251	NT=collision-induced dissociation;AC=MS:1000133	10 ppm	sds page	dithiothreitol (dtt)	iodoacetamide (iaa)	1	1	Mito_OG4_4ug_4_090409.RAW	ftp://ftp.pride.ebi.ac.uk/pride/data/archive/2018/10/PXD004312/Mito_OG4_4ug_4_090409.RAW	v1.1.0	NT=ms-proteomics;VV=v1.1.0	NT=clinical-metadata;VV=v1.0.0	manual curation	not available
muscle_mito_FC1_10ug_I_3_012311	homo sapiens	muscle	not applicable	type 2 diabetes mellitus	1	muscle_mito_FC1_10ug_I_3_012311	proteomic profiling by mass spectrometry	NT=Data-dependent acquisition;AC=PRIDE:0000627	NT=label free sample;AC=MS:1002038	NT=ltq ft;AC=MS:1000448	NT=Carbamidomethyl;AC=UNIMOD:4;TA=C;MT=Fixed	NT=Phospho;AC=UNIMOD:21;TA=S,T,Y;MT=Variable	NT=Oxidation;AC=UNIMOD:35;TA=M;MT=Variable	NT=Trypsin;AC=MS:1001251	NT=collision-induced dissociation;AC=MS:1000133	10 ppm	sds page	dithiothreitol (dtt)	iodoacetamide (iaa)	1	1	muscle_mito_FC1_10ug_I_3_012311.RAW	ftp://ftp.pride.ebi.ac.uk/pride/data/archive/2018/10/PXD004312/muscle_mito_FC1_10ug_I_3_012311.RAW	v1.1.0	NT=ms-proteomics;VV=v1.1.0	NT=clinical-metadata;VV=v1.0.0	manual curation	muscle
muscle_mito_MD6_10ug_III_1_012311	homo sapiens	muscle	not applicable	type 2 diabetes mellitus	1	muscle_mito_MD6_10ug_III_1_012311	proteomic profiling by mass spectrometry	NT=Data-dependent acquisition;AC=PRIDE:0000627	NT=label free sample;AC=MS:1002038	NT=ltq ft;AC=MS:1000448	NT=Carbamidomethyl;AC=UNIMOD:4;TA=C;MT=Fixed	NT=Phospho;AC=UNIMOD:21;TA=S,T,Y;MT=Variable	NT=Oxidation;AC=UNIMOD:35;TA=M;MT=Variable	NT=Trypsin;AC=MS:1001251	NT=collision-induced dissociation;AC=MS:1000133	10 ppm	sds page	dithiothreitol (dtt)	iodoacetamide (iaa)	1	1	muscle_mito_MD6_10ug_III_1_012311.RAW	ftp://ftp.pride.ebi.ac.uk/pride/data/archive/2018/10/PXD004312/muscle_mito_MD6_10ug_III_1_012311.RAW	v1.1.0	NT=ms-proteomics;VV=v1.1.0	NT=clinical-metadata;VV=v1.0.0	manual curation	muscle
Mito_OG19_4ug_3_090909	homo sapiens	not available	not applicable	type 2 diabetes mellitus	1	Mito_OG19_4ug_3_090909	proteomic profiling by mass spectrometry	NT=Data-dependent acquisition;AC=PRIDE:0000627	NT=label free sample;AC=MS:1002038	NT=ltq ft;AC=MS:1000448	NT=Carbamidomethyl;AC=UNIMOD:4;TA=C;MT=Fixed	NT=Phospho;AC=UNIMOD:21;TA=S,T,Y;MT=Variable	NT=Oxidation;AC=UNIMOD:35;TA=M;MT=Variable	NT=Trypsin;AC=MS:1001251	NT=collision-induced dissociation;AC=MS:1000133	10 ppm	sds page	dithiothreitol (dtt)	iodoacetamide (iaa)	1	1	Mito_OG19_4ug_3_090909.RAW	ftp://ftp.pride.ebi.ac.uk/pride/data/archive/2018/10/PXD004312/Mito_OG19_4ug_3_090909.RAW	v1.1.0	NT=ms-proteomics;VV=v1.1.0	NT=clinical-metadata;VV=v1.0.0	manual curation	not available
muscle_mito_MC3_10ug_II_1_012011	homo sapiens	muscle	not applicable	type 2 diabetes mellitus	1	muscle_mito_MC3_10ug_II_1_012011	proteomic profiling by mass spectrometry	NT=Data-dependent acquisition;AC=PRIDE:0000627	NT=label free sample;AC=MS:1002038	NT=ltq ft;AC=MS:1000448	NT=Carbamidomethyl;AC=UNIMOD:4;TA=C;MT=Fixed	NT=Phospho;AC=UNIMOD:21;TA=S,T,Y;MT=Variable	NT=Oxidation;AC=UNIMOD:35;TA=M;MT=Variable	NT=Trypsin;AC=MS:1001251	NT=collision-induced dissociation;AC=MS:1000133	10 ppm	sds page	dithiothreitol (dtt)	iodoacetamide (iaa)	1	1	muscle_mito_MC3_10ug_II_1_012011.RAW	ftp://ftp.pride.ebi.ac.uk/pride/data/archive/2018/10/PXD004312/muscle_mito_MC3_10ug_II_1_012011.RAW	v1.1.0	NT=ms-proteomics;VV=v1.1.0	NT=clinical-metadata;VV=v1.0.0	manual curation	muscle
Mito_OG3_4ug_3_090309	homo sapiens	not available	not applicable	type 2 diabetes mellitus	1	Mito_OG3_4ug_3_090309	proteomic profiling by mass spectrometry	NT=Data-dependent acquisition;AC=PRIDE:0000627	NT=label free sample;AC=MS:1002038	NT=ltq ft;AC=MS:1000448	NT=Carbamidomethyl;AC=UNIMOD:4;TA=C;MT=Fixed	NT=Phospho;AC=UNIMOD:21;TA=S,T,Y;MT=Variable	NT=Oxidation;AC=UNIMOD:35;TA=M;MT=Variable	NT=Trypsin;AC=MS:1001251	NT=collision-induced dissociation;AC=MS:1000133	10 ppm	sds page	dithiothreitol (dtt)	iodoacetamide (iaa)	1	1	Mito_OG3_4ug_3_090309.RAW	ftp://ftp.pride.ebi.ac.uk/pride/data/archive/2018/10/PXD004312/Mito_OG3_4ug_3_090309.RAW	v1.1.0	NT=ms-proteomics;VV=v1.1.0	NT=clinical-metadata;VV=v1.0.0	manual curation	not available
muscle_mito_FD7_10ug_I_7_020211	homo sapiens	muscle	not applicable	type 2 diabetes mellitus	1	muscle_mito_FD7_10ug_I_7_020211	proteomic profiling by mass spectrometry	NT=Data-dependent acquisition;AC=PRIDE:0000627	NT=label free sample;AC=MS:1002038	NT=ltq ft;AC=MS:1000448	NT=Carbamidomethyl;AC=UNIMOD:4;TA=C;MT=Fixed	NT=Phospho;AC=UNIMOD:21;TA=S,T,Y;MT=Variable	NT=Oxidation;AC=UNIMOD:35;TA=M;MT=Variable	NT=Trypsin;AC=MS:1001251	NT=collision-induced dissociation;AC=MS:1000133	10 ppm	sds page	dithiothreitol (dtt)	iodoacetamide (iaa)	1	1	muscle_mito_FD7_10ug_I_7_020211.RAW	ftp://ftp.pride.ebi.ac.uk/pride/data/archive/2018/10/PXD004312/muscle_mito_FD7_10ug_I_7_020211.RAW	v1.1.0	NT=ms-proteomics;VV=v1.1.0	NT=clinical-metadata;VV=v1.0.0	manual curation	muscle
muscle_mito_FD7_10ug_III_2_020211	homo sapiens	muscle	not applicable	type 2 diabetes mellitus	1	muscle_mito_FD7_10ug_III_2_020211	proteomic profiling by mass spectrometry	NT=Data-dependent acquisition;AC=PRIDE:0000627	NT=label free sample;AC=MS:1002038	NT=ltq ft;AC=MS:1000448	NT=Carbamidomethyl;AC=UNIMOD:4;TA=C;MT=Fixed	NT=Phospho;AC=UNIMOD:21;TA=S,T,Y;MT=Variable	NT=Oxidation;AC=UNIMOD:35;TA=M;MT=Variable	NT=Trypsin;AC=MS:1001251	NT=collision-induced dissociation;AC=MS:1000133	10 ppm	sds page	dithiothreitol (dtt)	iodoacetamide (iaa)	1	1	muscle_mito_FD7_10ug_III_2_020211.RAW	ftp://ftp.pride.ebi.ac.uk/pride/data/archive/2018/10/PXD004312/muscle_mito_FD7_10ug_III_2_020211.RAW	v1.1.0	NT=ms-proteomics;VV=v1.1.0	NT=clinical-metadata;VV=v1.0.0	manual curation	muscle
muscle_mito_MD3_10ug_I_2_012111	homo sapiens	muscle	not applicable	type 2 diabetes mellitus	1	muscle_mito_MD3_10ug_I_2_012111	proteomic profiling by mass spectrometry	NT=Data-dependent acquisition;AC=PRIDE:0000627	NT=label free sample;AC=MS:1002038	NT=ltq ft;AC=MS:1000448	NT=Carbamidomethyl;AC=UNIMOD:4;TA=C;MT=Fixed	NT=Phospho;AC=UNIMOD:21;TA=S,T,Y;MT=Variable	NT=Oxidation;AC=UNIMOD:35;TA=M;MT=Variable	NT=Trypsin;AC=MS:1001251	NT=collision-induced dissociation;AC=MS:1000133	10 ppm	sds page	dithiothreitol (dtt)	iodoacetamide (iaa)	1	1	muscle_mito_MD3_10ug_I_2_012111.RAW	ftp://ftp.pride.ebi.ac.uk/pride/data/archive/2018/10/PXD004312/muscle_mito_MD3_10ug_I_2_012111.RAW	v1.1.0	NT=ms-proteomics;VV=v1.1.0	NT=clinical-metadata;VV=v1.0.0	manual curation	muscle
muscle_mito_MC3_10ug_I_1_012011	homo sapiens	muscle	not applicable	type 2 diabetes mellitus	1	muscle_mito_MC3_10ug_I_1_012011	proteomic profiling by mass spectrometry	NT=Data-dependent acquisition;AC=PRIDE:0000627	NT=label free sample;AC=MS:1002038	NT=ltq ft;AC=MS:1000448	NT=Carbamidomethyl;AC=UNIMOD:4;TA=C;MT=Fixed	NT=Phospho;AC=UNIMOD:21;TA=S,T,Y;MT=Variable	NT=Oxidation;AC=UNIMOD:35;TA=M;MT=Variable	NT=Trypsin;AC=MS:1001251	NT=collision-induced dissociation;AC=MS:1000133	10 ppm	sds page	dithiothreitol (dtt)	iodoacetamide (iaa)	1	1	muscle_mito_MC3_10ug_I_1_012011.RAW	ftp://ftp.pride.ebi.ac.uk/pride/data/archive/2018/10/PXD004312/muscle_mito_MC3_10ug_I_1_012011.RAW	v1.1.0	NT=ms-proteomics;VV=v1.1.0	NT=clinical-metadata;VV=v1.0.0	manual curation	muscle
Mito_OG24_4ug_7_091009	homo sapiens	not available	not applicable	type 2 diabetes mellitus	1	Mito_OG24_4ug_7_091009	proteomic profiling by mass spectrometry	NT=Data-dependent acquisition;AC=PRIDE:0000627	NT=label free sample;AC=MS:1002038	NT=ltq ft;AC=MS:1000448	NT=Carbamidomethyl;AC=UNIMOD:4;TA=C;MT=Fixed	NT=Phospho;AC=UNIMOD:21;TA=S,T,Y;MT=Variable	NT=Oxidation;AC=UNIMOD:35;TA=M;MT=Variable	NT=Trypsin;AC=MS:1001251	NT=collision-induced dissociation;AC=MS:1000133	10 ppm	sds page	dithiothreitol (dtt)	iodoacetamide (iaa)	1	1	Mito_OG24_4ug_7_091009.RAW	ftp://ftp.pride.ebi.ac.uk/pride/data/archive/2018/10/PXD004312/Mito_OG24_4ug_7_091009.RAW	v1.1.0	NT=ms-proteomics;VV=v1.1.0	NT=clinical-metadata;VV=v1.0.0	manual curation	not available
muscle_mito_MD3_10ug_I_6_012111	homo sapiens	muscle	not applicable	type 2 diabetes mellitus	1	muscle_mito_MD3_10ug_I_6_012111	proteomic profiling by mass spectrometry	NT=Data-dependent acquisition;AC=PRIDE:0000627	NT=label free sample;AC=MS:1002038	NT=ltq ft;AC=MS:1000448	NT=Carbamidomethyl;AC=UNIMOD:4;TA=C;MT=Fixed	NT=Phospho;AC=UNIMOD:21;TA=S,T,Y;MT=Variable	NT=Oxidation;AC=UNIMOD:35;TA=M;MT=Variable	NT=Trypsin;AC=MS:1001251	NT=collision-induced dissociation;AC=MS:1000133	10 ppm	sds page	dithiothreitol (dtt)	iodoacetamide (iaa)	1	1	muscle_mito_MD3_10ug_I_6_012111.RAW	ftp://ftp.pride.ebi.ac.uk/pride/data/archive/2018/10/PXD004312/muscle_mito_MD3_10ug_I_6_012111.RAW	v1.1.0	NT=ms-proteomics;VV=v1.1.0	NT=clinical-metadata;VV=v1.0.0	manual curation	muscle
muscle_mito_FC3_10ug_IV_3_012911	homo sapiens	muscle	not applicable	type 2 diabetes mellitus	1	muscle_mito_FC3_10ug_IV_3_012911	proteomic profiling by mass spectrometry	NT=Data-dependent acquisition;AC=PRIDE:0000627	NT=label free sample;AC=MS:1002038	NT=ltq ft;AC=MS:1000448	NT=Carbamidomethyl;AC=UNIMOD:4;TA=C;MT=Fixed	NT=Phospho;AC=UNIMOD:21;TA=S,T,Y;MT=Variable	NT=Oxidation;AC=UNIMOD:35;TA=M;MT=Variable	NT=Trypsin;AC=MS:1001251	NT=collision-induced dissociation;AC=MS:1000133	10 ppm	sds page	dithiothreitol (dtt)	iodoacetamide (iaa)	1	1	muscle_mito_FC3_10ug_IV_3_012911.RAW	ftp://ftp.pride.ebi.ac.uk/pride/data/archive/2018/10/PXD004312/muscle_mito_FC3_10ug_IV_3_012911.RAW	v1.1.0	NT=ms-proteomics;VV=v1.1.0	NT=clinical-metadata;VV=v1.0.0	manual curation	muscle
muscle_mito_MD6_10ug_III_2_012311	homo sapiens	muscle	not applicable	type 2 diabetes mellitus	1	muscle_mito_MD6_10ug_III_2_012311	proteomic profiling by mass spectrometry	NT=Data-dependent acquisition;AC=PRIDE:0000627	NT=label free sample;AC=MS:1002038	NT=ltq ft;AC=MS:1000448	NT=Carbamidomethyl;AC=UNIMOD:4;TA=C;MT=Fixed	NT=Phospho;AC=UNIMOD:21;TA=S,T,Y;MT=Variable	NT=Oxidation;AC=UNIMOD:35;TA=M;MT=Variable	NT=Trypsin;AC=MS:1001251	NT=collision-induced dissociation;AC=MS:1000133	10 ppm	sds page	dithiothreitol (dtt)	iodoacetamide (iaa)	1	1	muscle_mito_MD6_10ug_III_2_012311.RAW	ftp://ftp.pride.ebi.ac.uk/pride/data/archive/2018/10/PXD004312/muscle_mito_MD6_10ug_III_2_012311.RAW	v1.1.0	NT=ms-proteomics;VV=v1.1.0	NT=clinical-metadata;VV=v1.0.0	manual curation	muscle
muscle_mito_FC2_10ug_II_2_012711	homo sapiens	muscle	not applicable	type 2 diabetes mellitus	1	muscle_mito_FC2_10ug_II_2_012711	proteomic profiling by mass spectrometry	NT=Data-dependent acquisition;AC=PRIDE:0000627	NT=label free sample;AC=MS:1002038	NT=ltq ft;AC=MS:1000448	NT=Carbamidomethyl;AC=UNIMOD:4;TA=C;MT=Fixed	NT=Phospho;AC=UNIMOD:21;TA=S,T,Y;MT=Variable	NT=Oxidation;AC=UNIMOD:35;TA=M;MT=Variable	NT=Trypsin;AC=MS:1001251	NT=collision-induced dissociation;AC=MS:1000133	10 ppm	sds page	dithiothreitol (dtt)	iodoacetamide (iaa)	1	1	muscle_mito_FC2_10ug_II_2_012711.RAW	ftp://ftp.pride.ebi.ac.uk/pride/data/archive/2018/10/PXD004312/muscle_mito_FC2_10ug_II_2_012711.RAW	v1.1.0	NT=ms-proteomics;VV=v1.1.0	NT=clinical-metadata;VV=v1.0.0	manual curation	muscle
muscle_mito_FD1_10ug_II_4_013011	homo sapiens	muscle	not applicable	type 2 diabetes mellitus	1	muscle_mito_FD1_10ug_II_4_013011	proteomic profiling by mass spectrometry	NT=Data-dependent acquisition;AC=PRIDE:0000627	NT=label free sample;AC=MS:1002038	NT=ltq ft;AC=MS:1000448	NT=Carbamidomethyl;AC=UNIMOD:4;TA=C;MT=Fixed	NT=Phospho;AC=UNIMOD:21;TA=S,T,Y;MT=Variable	NT=Oxidation;AC=UNIMOD:35;TA=M;MT=Variable	NT=Trypsin;AC=MS:1001251	NT=collision-induced dissociation;AC=MS:1000133	10 ppm	sds page	dithiothreitol (dtt)	iodoacetamide (iaa)	1	1	muscle_mito_FD1_10ug_II_4_013011.RAW	ftp://ftp.pride.ebi.ac.uk/pride/data/archive/2018/10/PXD004312/muscle_mito_FD1_10ug_II_4_013011.RAW	v1.1.0	NT=ms-proteomics;VV=v1.1.0	NT=clinical-metadata;VV=v1.0.0	manual curation	muscle
muscle_mito_MC5_10ug_III_4_012211	homo sapiens	muscle	not applicable	type 2 diabetes mellitus	1	muscle_mito_MC5_10ug_III_4_012211	proteomic profiling by mass spectrometry	NT=Data-dependent acquisition;AC=PRIDE:0000627	NT=label free sample;AC=MS:1002038	NT=ltq ft;AC=MS:1000448	NT=Carbamidomethyl;AC=UNIMOD:4;TA=C;MT=Fixed	NT=Phospho;AC=UNIMOD:21;TA=S,T,Y;MT=Variable	NT=Oxidation;AC=UNIMOD:35;TA=M;MT=Variable	NT=Trypsin;AC=MS:1001251	NT=collision-induced dissociation;AC=MS:1000133	10 ppm	sds page	dithiothreitol (dtt)	iodoacetamide (iaa)	1	1	muscle_mito_MC5_10ug_III_4_012211.RAW	ftp://ftp.pride.ebi.ac.uk/pride/data/archive/2018/10/PXD004312/muscle_mito_MC5_10ug_III_4_012211.RAW	v1.1.0	NT=ms-proteomics;VV=v1.1.0	NT=clinical-metadata;VV=v1.0.0	manual curation	muscle
muscle_mito_MD2_10ug_II_6_012111	homo sapiens	muscle	not applicable	type 2 diabetes mellitus	1	muscle_mito_MD2_10ug_II_6_012111	proteomic profiling by mass spectrometry	NT=Data-dependent acquisition;AC=PRIDE:0000627	NT=label free sample;AC=MS:1002038	NT=ltq ft;AC=MS:1000448	NT=Carbamidomethyl;AC=UNIMOD:4;TA=C;MT=Fixed	NT=Phospho;AC=UNIMOD:21;TA=S,T,Y;MT=Variable	NT=Oxidation;AC=UNIMOD:35;TA=M;MT=Variable	NT=Trypsin;AC=MS:1001251	NT=collision-induced dissociation;AC=MS:1000133	10 ppm	sds page	dithiothreitol (dtt)	iodoacetamide (iaa)	1	1	muscle_mito_MD2_10ug_II_6_012111.RAW	ftp://ftp.pride.ebi.ac.uk/pride/data/archive/2018/10/PXD004312/muscle_mito_MD2_10ug_II_6_012111.RAW	v1.1.0	NT=ms-proteomics;VV=v1.1.0	NT=clinical-metadata;VV=v1.0.0	manual curation	muscle
muscle_mito_FC3_10ug_II_2_012811	homo sapiens	muscle	not applicable	type 2 diabetes mellitus	1	muscle_mito_FC3_10ug_II_2_012811	proteomic profiling by mass spectrometry	NT=Data-dependent acquisition;AC=PRIDE:0000627	NT=label free sample;AC=MS:1002038	NT=ltq ft;AC=MS:1000448	NT=Carbamidomethyl;AC=UNIMOD:4;TA=C;MT=Fixed	NT=Phospho;AC=UNIMOD:21;TA=S,T,Y;MT=Variable	NT=Oxidation;AC=UNIMOD:35;TA=M;MT=Variable	NT=Trypsin;AC=MS:1001251	NT=collision-induced dissociation;AC=MS:1000133	10 ppm	sds page	dithiothreitol (dtt)	iodoacetamide (iaa)	1	1	muscle_mito_FC3_10ug_II_2_012811.RAW	ftp://ftp.pride.ebi.ac.uk/pride/data/archive/2018/10/PXD004312/muscle_mito_FC3_10ug_II_2_012811.RAW	v1.1.0	NT=ms-proteomics;VV=v1.1.0	NT=clinical-metadata;VV=v1.0.0	manual curation	muscle
Mito_OG9_4ug_7_090609	homo sapiens	not available	not applicable	type 2 diabetes mellitus	1	Mito_OG9_4ug_7_090609	proteomic profiling by mass spectrometry	NT=Data-dependent acquisition;AC=PRIDE:0000627	NT=label free sample;AC=MS:1002038	NT=ltq ft;AC=MS:1000448	NT=Carbamidomethyl;AC=UNIMOD:4;TA=C;MT=Fixed	NT=Phospho;AC=UNIMOD:21;TA=S,T,Y;MT=Variable	NT=Oxidation;AC=UNIMOD:35;TA=M;MT=Variable	NT=Trypsin;AC=MS:1001251	NT=collision-induced dissociation;AC=MS:1000133	10 ppm	sds page	dithiothreitol (dtt)	iodoacetamide (iaa)	1	1	Mito_OG9_4ug_7_090609.RAW	ftp://ftp.pride.ebi.ac.uk/pride/data/archive/2018/10/PXD004312/Mito_OG9_4ug_7_090609.RAW	v1.1.0	NT=ms-proteomics;VV=v1.1.0	NT=clinical-metadata;VV=v1.0.0	manual curation	not available
muscle_mito_MD3_10ug_II_7_012111	homo sapiens	muscle	not applicable	type 2 diabetes mellitus	1	muscle_mito_MD3_10ug_II_7_012111	proteomic profiling by mass spectrometry	NT=Data-dependent acquisition;AC=PRIDE:0000627	NT=label free sample;AC=MS:1002038	NT=ltq ft;AC=MS:1000448	NT=Carbamidomethyl;AC=UNIMOD:4;TA=C;MT=Fixed	NT=Phospho;AC=UNIMOD:21;TA=S,T,Y;MT=Variable	NT=Oxidation;AC=UNIMOD:35;TA=M;MT=Variable	NT=Trypsin;AC=MS:1001251	NT=collision-induced dissociation;AC=MS:1000133	10 ppm	sds page	dithiothreitol (dtt)	iodoacetamide (iaa)	1	1	muscle_mito_MD3_10ug_II_7_012111.RAW	ftp://ftp.pride.ebi.ac.uk/pride/data/archive/2018/10/PXD004312/muscle_mito_MD3_10ug_II_7_012111.RAW	v1.1.0	NT=ms-proteomics;VV=v1.1.0	NT=clinical-metadata;VV=v1.0.0	manual curation	muscle
Mito_OG16_4ug_6_090809	homo sapiens	not available	not applicable	type 2 diabetes mellitus	1	Mito_OG16_4ug_6_090809	proteomic profiling by mass spectrometry	NT=Data-dependent acquisition;AC=PRIDE:0000627	NT=label free sample;AC=MS:1002038	NT=ltq ft;AC=MS:1000448	NT=Carbamidomethyl;AC=UNIMOD:4;TA=C;MT=Fixed	NT=Phospho;AC=UNIMOD:21;TA=S,T,Y;MT=Variable	NT=Oxidation;AC=UNIMOD:35;TA=M;MT=Variable	NT=Trypsin;AC=MS:1001251	NT=collision-induced dissociation;AC=MS:1000133	10 ppm	sds page	dithiothreitol (dtt)	iodoacetamide (iaa)	1	1	Mito_OG16_4ug_6_090809.RAW	ftp://ftp.pride.ebi.ac.uk/pride/data/archive/2018/10/PXD004312/Mito_OG16_4ug_6_090809.RAW	v1.1.0	NT=ms-proteomics;VV=v1.1.0	NT=clinical-metadata;VV=v1.0.0	manual curation	not available
Mito_OG19_4ug_1_090909	homo sapiens	not available	not applicable	type 2 diabetes mellitus	1	Mito_OG19_4ug_1_090909	proteomic profiling by mass spectrometry	NT=Data-dependent acquisition;AC=PRIDE:0000627	NT=label free sample;AC=MS:1002038	NT=ltq ft;AC=MS:1000448	NT=Carbamidomethyl;AC=UNIMOD:4;TA=C;MT=Fixed	NT=Phospho;AC=UNIMOD:21;TA=S,T,Y;MT=Variable	NT=Oxidation;AC=UNIMOD:35;TA=M;MT=Variable	NT=Trypsin;AC=MS:1001251	NT=collision-induced dissociation;AC=MS:1000133	10 ppm	sds page	dithiothreitol (dtt)	iodoacetamide (iaa)	1	1	Mito_OG19_4ug_1_090909.RAW	ftp://ftp.pride.ebi.ac.uk/pride/data/archive/2018/10/PXD004312/Mito_OG19_4ug_1_090909.RAW	v1.1.0	NT=ms-proteomics;VV=v1.1.0	NT=clinical-metadata;VV=v1.0.0	manual curation	not available
Mito_OG3_4ug_4_090309	homo sapiens	not available	not applicable	type 2 diabetes mellitus	1	Mito_OG3_4ug_4_090309	proteomic profiling by mass spectrometry	NT=Data-dependent acquisition;AC=PRIDE:0000627	NT=label free sample;AC=MS:1002038	NT=ltq ft;AC=MS:1000448	NT=Carbamidomethyl;AC=UNIMOD:4;TA=C;MT=Fixed	NT=Phospho;AC=UNIMOD:21;TA=S,T,Y;MT=Variable	NT=Oxidation;AC=UNIMOD:35;TA=M;MT=Variable	NT=Trypsin;AC=MS:1001251	NT=collision-induced dissociation;AC=MS:1000133	10 ppm	sds page	dithiothreitol (dtt)	iodoacetamide (iaa)	1	1	Mito_OG3_4ug_4_090309.RAW	ftp://ftp.pride.ebi.ac.uk/pride/data/archive/2018/10/PXD004312/Mito_OG3_4ug_4_090309.RAW	v1.1.0	NT=ms-proteomics;VV=v1.1.0	NT=clinical-metadata;VV=v1.0.0	manual curation	not available
Mito_OG2_4ug_4_090309	homo sapiens	not available	not applicable	type 2 diabetes mellitus	1	Mito_OG2_4ug_4_090309	proteomic profiling by mass spectrometry	NT=Data-dependent acquisition;AC=PRIDE:0000627	NT=label free sample;AC=MS:1002038	NT=ltq ft;AC=MS:1000448	NT=Carbamidomethyl;AC=UNIMOD:4;TA=C;MT=Fixed	NT=Phospho;AC=UNIMOD:21;TA=S,T,Y;MT=Variable	NT=Oxidation;AC=UNIMOD:35;TA=M;MT=Variable	NT=Trypsin;AC=MS:1001251	NT=collision-induced dissociation;AC=MS:1000133	10 ppm	sds page	dithiothreitol (dtt)	iodoacetamide (iaa)	1	1	Mito_OG2_4ug_4_090309.RAW	ftp://ftp.pride.ebi.ac.uk/pride/data/archive/2018/10/PXD004312/Mito_OG2_4ug_4_090309.RAW	v1.1.0	NT=ms-proteomics;VV=v1.1.0	NT=clinical-metadata;VV=v1.0.0	manual curation	not available
muscle_mito_MD7_10ug_II_1_012311	homo sapiens	muscle	not applicable	type 2 diabetes mellitus	1	muscle_mito_MD7_10ug_II_1_012311	proteomic profiling by mass spectrometry	NT=Data-dependent acquisition;AC=PRIDE:0000627	NT=label free sample;AC=MS:1002038	NT=ltq ft;AC=MS:1000448	NT=Carbamidomethyl;AC=UNIMOD:4;TA=C;MT=Fixed	NT=Phospho;AC=UNIMOD:21;TA=S,T,Y;MT=Variable	NT=Oxidation;AC=UNIMOD:35;TA=M;MT=Variable	NT=Trypsin;AC=MS:1001251	NT=collision-induced dissociation;AC=MS:1000133	10 ppm	sds page	dithiothreitol (dtt)	iodoacetamide (iaa)	1	1	muscle_mito_MD7_10ug_II_1_012311.RAW	ftp://ftp.pride.ebi.ac.uk/pride/data/archive/2018/10/PXD004312/muscle_mito_MD7_10ug_II_1_012311.RAW	v1.1.0	NT=ms-proteomics;VV=v1.1.0	NT=clinical-metadata;VV=v1.0.0	manual curation	muscle
muscle_mito_MC3_10ug_II_4_012011	homo sapiens	muscle	not applicable	type 2 diabetes mellitus	1	muscle_mito_MC3_10ug_II_4_012011	proteomic profiling by mass spectrometry	NT=Data-dependent acquisition;AC=PRIDE:0000627	NT=label free sample;AC=MS:1002038	NT=ltq ft;AC=MS:1000448	NT=Carbamidomethyl;AC=UNIMOD:4;TA=C;MT=Fixed	NT=Phospho;AC=UNIMOD:21;TA=S,T,Y;MT=Variable	NT=Oxidation;AC=UNIMOD:35;TA=M;MT=Variable	NT=Trypsin;AC=MS:1001251	NT=collision-induced dissociation;AC=MS:1000133	10 ppm	sds page	dithiothreitol (dtt)	iodoacetamide (iaa)	1	1	muscle_mito_MC3_10ug_II_4_012011.RAW	ftp://ftp.pride.ebi.ac.uk/pride/data/archive/2018/10/PXD004312/muscle_mito_MC3_10ug_II_4_012011.RAW	v1.1.0	NT=ms-proteomics;VV=v1.1.0	NT=clinical-metadata;VV=v1.0.0	manual curation	muscle
Mito_OG15_4ug_4_090809	homo sapiens	not available	not applicable	type 2 diabetes mellitus	1	Mito_OG15_4ug_4_090809	proteomic profiling by mass spectrometry	NT=Data-dependent acquisition;AC=PRIDE:0000627	NT=label free sample;AC=MS:1002038	NT=ltq ft;AC=MS:1000448	NT=Carbamidomethyl;AC=UNIMOD:4;TA=C;MT=Fixed	NT=Phospho;AC=UNIMOD:21;TA=S,T,Y;MT=Variable	NT=Oxidation;AC=UNIMOD:35;TA=M;MT=Variable	NT=Trypsin;AC=MS:1001251	NT=collision-induced dissociation;AC=MS:1000133	10 ppm	sds page	dithiothreitol (dtt)	iodoacetamide (iaa)	1	1	Mito_OG15_4ug_4_090809.RAW	ftp://ftp.pride.ebi.ac.uk/pride/data/archive/2018/10/PXD004312/Mito_OG15_4ug_4_090809.RAW	v1.1.0	NT=ms-proteomics;VV=v1.1.0	NT=clinical-metadata;VV=v1.0.0	manual curation	not available
muscle_mito_FC1_10ug_III_3_012311	homo sapiens	muscle	not applicable	type 2 diabetes mellitus	1	muscle_mito_FC1_10ug_III_3_012311	proteomic profiling by mass spectrometry	NT=Data-dependent acquisition;AC=PRIDE:0000627	NT=label free sample;AC=MS:1002038	NT=ltq ft;AC=MS:1000448	NT=Carbamidomethyl;AC=UNIMOD:4;TA=C;MT=Fixed	NT=Phospho;AC=UNIMOD:21;TA=S,T,Y;MT=Variable	NT=Oxidation;AC=UNIMOD:35;TA=M;MT=Variable	NT=Trypsin;AC=MS:1001251	NT=collision-induced dissociation;AC=MS:1000133	10 ppm	sds page	dithiothreitol (dtt)	iodoacetamide (iaa)	1	1	muscle_mito_FC1_10ug_III_3_012311.RAW	ftp://ftp.pride.ebi.ac.uk/pride/data/archive/2018/10/PXD004312/muscle_mito_FC1_10ug_III_3_012311.RAW	v1.1.0	NT=ms-proteomics;VV=v1.1.0	NT=clinical-metadata;VV=v1.0.0	manual curation	muscle
muscle_mito_FD7_10ug_III_7_020211	homo sapiens	muscle	not applicable	type 2 diabetes mellitus	1	muscle_mito_FD7_10ug_III_7_020211	proteomic profiling by mass spectrometry	NT=Data-dependent acquisition;AC=PRIDE:0000627	NT=label free sample;AC=MS:1002038	NT=ltq ft;AC=MS:1000448	NT=Carbamidomethyl;AC=UNIMOD:4;TA=C;MT=Fixed	NT=Phospho;AC=UNIMOD:21;TA=S,T,Y;MT=Variable	NT=Oxidation;AC=UNIMOD:35;TA=M;MT=Variable	NT=Trypsin;AC=MS:1001251	NT=collision-induced dissociation;AC=MS:1000133	10 ppm	sds page	dithiothreitol (dtt)	iodoacetamide (iaa)	1	1	muscle_mito_FD7_10ug_III_7_020211.RAW	ftp://ftp.pride.ebi.ac.uk/pride/data/archive/2018/10/PXD004312/muscle_mito_FD7_10ug_III_7_020211.RAW	v1.1.0	NT=ms-proteomics;VV=v1.1.0	NT=clinical-metadata;VV=v1.0.0	manual curation	muscle
muscle_mito_FC2_10ug_III_4_012711	homo sapiens	muscle	not applicable	type 2 diabetes mellitus	1	muscle_mito_FC2_10ug_III_4_012711	proteomic profiling by mass spectrometry	NT=Data-dependent acquisition;AC=PRIDE:0000627	NT=label free sample;AC=MS:1002038	NT=ltq ft;AC=MS:1000448	NT=Carbamidomethyl;AC=UNIMOD:4;TA=C;MT=Fixed	NT=Phospho;AC=UNIMOD:21;TA=S,T,Y;MT=Variable	NT=Oxidation;AC=UNIMOD:35;TA=M;MT=Variable	NT=Trypsin;AC=MS:1001251	NT=collision-induced dissociation;AC=MS:1000133	10 ppm	sds page	dithiothreitol (dtt)	iodoacetamide (iaa)	1	1	muscle_mito_FC2_10ug_III_4_012711.RAW	ftp://ftp.pride.ebi.ac.uk/pride/data/archive/2018/10/PXD004312/muscle_mito_FC2_10ug_III_4_012711.RAW	v1.1.0	NT=ms-proteomics;VV=v1.1.0	NT=clinical-metadata;VV=v1.0.0	manual curation	muscle
muscle_mito_MC2_10ug_I_4_011911	homo sapiens	muscle	not applicable	type 2 diabetes mellitus	1	muscle_mito_MC2_10ug_I_4_011911	proteomic profiling by mass spectrometry	NT=Data-dependent acquisition;AC=PRIDE:0000627	NT=label free sample;AC=MS:1002038	NT=ltq ft;AC=MS:1000448	NT=Carbamidomethyl;AC=UNIMOD:4;TA=C;MT=Fixed	NT=Phospho;AC=UNIMOD:21;TA=S,T,Y;MT=Variable	NT=Oxidation;AC=UNIMOD:35;TA=M;MT=Variable	NT=Trypsin;AC=MS:1001251	NT=collision-induced dissociation;AC=MS:1000133	10 ppm	sds page	dithiothreitol (dtt)	iodoacetamide (iaa)	1	1	muscle_mito_MC2_10ug_I_4_011911.RAW	ftp://ftp.pride.ebi.ac.uk/pride/data/archive/2018/10/PXD004312/muscle_mito_MC2_10ug_I_4_011911.RAW	v1.1.0	NT=ms-proteomics;VV=v1.1.0	NT=clinical-metadata;VV=v1.0.0	manual curation	muscle
Mito_OG2_4ug_7_090309	homo sapiens	not available	not applicable	type 2 diabetes mellitus	1	Mito_OG2_4ug_7_090309	proteomic profiling by mass spectrometry	NT=Data-dependent acquisition;AC=PRIDE:0000627	NT=label free sample;AC=MS:1002038	NT=ltq ft;AC=MS:1000448	NT=Carbamidomethyl;AC=UNIMOD:4;TA=C;MT=Fixed	NT=Phospho;AC=UNIMOD:21;TA=S,T,Y;MT=Variable	NT=Oxidation;AC=UNIMOD:35;TA=M;MT=Variable	NT=Trypsin;AC=MS:1001251	NT=collision-induced dissociation;AC=MS:1000133	10 ppm	sds page	dithiothreitol (dtt)	iodoacetamide (iaa)	1	1	Mito_OG2_4ug_7_090309.RAW	ftp://ftp.pride.ebi.ac.uk/pride/data/archive/2018/10/PXD004312/Mito_OG2_4ug_7_090309.RAW	v1.1.0	NT=ms-proteomics;VV=v1.1.0	NT=clinical-metadata;VV=v1.0.0	manual curation	not available
Mito_OG19_4ug_4_090909	homo sapiens	not available	not applicable	type 2 diabetes mellitus	1	Mito_OG19_4ug_4_090909	proteomic profiling by mass spectrometry	NT=Data-dependent acquisition;AC=PRIDE:0000627	NT=label free sample;AC=MS:1002038	NT=ltq ft;AC=MS:1000448	NT=Carbamidomethyl;AC=UNIMOD:4;TA=C;MT=Fixed	NT=Phospho;AC=UNIMOD:21;TA=S,T,Y;MT=Variable	NT=Oxidation;AC=UNIMOD:35;TA=M;MT=Variable	NT=Trypsin;AC=MS:1001251	NT=collision-induced dissociation;AC=MS:1000133	10 ppm	sds page	dithiothreitol (dtt)	iodoacetamide (iaa)	1	1	Mito_OG19_4ug_4_090909.RAW	ftp://ftp.pride.ebi.ac.uk/pride/data/archive/2018/10/PXD004312/Mito_OG19_4ug_4_090909.RAW	v1.1.0	NT=ms-proteomics;VV=v1.1.0	NT=clinical-metadata;VV=v1.0.0	manual curation	not available
muscle_mito_FC6_10ug_II_7_012911	homo sapiens	muscle	not applicable	type 2 diabetes mellitus	1	muscle_mito_FC6_10ug_II_7_012911	proteomic profiling by mass spectrometry	NT=Data-dependent acquisition;AC=PRIDE:0000627	NT=label free sample;AC=MS:1002038	NT=ltq ft;AC=MS:1000448	NT=Carbamidomethyl;AC=UNIMOD:4;TA=C;MT=Fixed	NT=Phospho;AC=UNIMOD:21;TA=S,T,Y;MT=Variable	NT=Oxidation;AC=UNIMOD:35;TA=M;MT=Variable	NT=Trypsin;AC=MS:1001251	NT=collision-induced dissociation;AC=MS:1000133	10 ppm	sds page	dithiothreitol (dtt)	iodoacetamide (iaa)	1	1	muscle_mito_FC6_10ug_II_7_012911.RAW	ftp://ftp.pride.ebi.ac.uk/pride/data/archive/2018/10/PXD004312/muscle_mito_FC6_10ug_II_7_012911.RAW	v1.1.0	NT=ms-proteomics;VV=v1.1.0	NT=clinical-metadata;VV=v1.0.0	manual curation	muscle
muscle_mito_FC6_10ug_I_3_012911	homo sapiens	muscle	not applicable	type 2 diabetes mellitus	1	muscle_mito_FC6_10ug_I_3_012911	proteomic profiling by mass spectrometry	NT=Data-dependent acquisition;AC=PRIDE:0000627	NT=label free sample;AC=MS:1002038	NT=ltq ft;AC=MS:1000448	NT=Carbamidomethyl;AC=UNIMOD:4;TA=C;MT=Fixed	NT=Phospho;AC=UNIMOD:21;TA=S,T,Y;MT=Variable	NT=Oxidation;AC=UNIMOD:35;TA=M;MT=Variable	NT=Trypsin;AC=MS:1001251	NT=collision-induced dissociation;AC=MS:1000133	10 ppm	sds page	dithiothreitol (dtt)	iodoacetamide (iaa)	1	1	muscle_mito_FC6_10ug_I_3_012911.RAW	ftp://ftp.pride.ebi.ac.uk/pride/data/archive/2018/10/PXD004312/muscle_mito_FC6_10ug_I_3_012911.RAW	v1.1.0	NT=ms-proteomics;VV=v1.1.0	NT=clinical-metadata;VV=v1.0.0	manual curation	muscle
Mito_OG6_4ug_3_090509	homo sapiens	not available	not applicable	type 2 diabetes mellitus	1	Mito_OG6_4ug_3_090509	proteomic profiling by mass spectrometry	NT=Data-dependent acquisition;AC=PRIDE:0000627	NT=label free sample;AC=MS:1002038	NT=ltq ft;AC=MS:1000448	NT=Carbamidomethyl;AC=UNIMOD:4;TA=C;MT=Fixed	NT=Phospho;AC=UNIMOD:21;TA=S,T,Y;MT=Variable	NT=Oxidation;AC=UNIMOD:35;TA=M;MT=Variable	NT=Trypsin;AC=MS:1001251	NT=collision-induced dissociation;AC=MS:1000133	10 ppm	sds page	dithiothreitol (dtt)	iodoacetamide (iaa)	1	1	Mito_OG6_4ug_3_090509.RAW	ftp://ftp.pride.ebi.ac.uk/pride/data/archive/2018/10/PXD004312/Mito_OG6_4ug_3_090509.RAW	v1.1.0	NT=ms-proteomics;VV=v1.1.0	NT=clinical-metadata;VV=v1.0.0	manual curation	not available
muscle_mito_FC6_10ug_I_2_012911	homo sapiens	muscle	not applicable	type 2 diabetes mellitus	1	muscle_mito_FC6_10ug_I_2_012911	proteomic profiling by mass spectrometry	NT=Data-dependent acquisition;AC=PRIDE:0000627	NT=label free sample;AC=MS:1002038	NT=ltq ft;AC=MS:1000448	NT=Carbamidomethyl;AC=UNIMOD:4;TA=C;MT=Fixed	NT=Phospho;AC=UNIMOD:21;TA=S,T,Y;MT=Variable	NT=Oxidation;AC=UNIMOD:35;TA=M;MT=Variable	NT=Trypsin;AC=MS:1001251	NT=collision-induced dissociation;AC=MS:1000133	10 ppm	sds page	dithiothreitol (dtt)	iodoacetamide (iaa)	1	1	muscle_mito_FC6_10ug_I_2_012911.RAW	ftp://ftp.pride.ebi.ac.uk/pride/data/archive/2018/10/PXD004312/muscle_mito_FC6_10ug_I_2_012911.RAW	v1.1.0	NT=ms-proteomics;VV=v1.1.0	NT=clinical-metadata;VV=v1.0.0	manual curation	muscle
Mito_OG16_4ug_1_090809	homo sapiens	not available	not applicable	type 2 diabetes mellitus	1	Mito_OG16_4ug_1_090809	proteomic profiling by mass spectrometry	NT=Data-dependent acquisition;AC=PRIDE:0000627	NT=label free sample;AC=MS:1002038	NT=ltq ft;AC=MS:1000448	NT=Carbamidomethyl;AC=UNIMOD:4;TA=C;MT=Fixed	NT=Phospho;AC=UNIMOD:21;TA=S,T,Y;MT=Variable	NT=Oxidation;AC=UNIMOD:35;TA=M;MT=Variable	NT=Trypsin;AC=MS:1001251	NT=collision-induced dissociation;AC=MS:1000133	10 ppm	sds page	dithiothreitol (dtt)	iodoacetamide (iaa)	1	1	Mito_OG16_4ug_1_090809.RAW	ftp://ftp.pride.ebi.ac.uk/pride/data/archive/2018/10/PXD004312/Mito_OG16_4ug_1_090809.RAW	v1.1.0	NT=ms-proteomics;VV=v1.1.0	NT=clinical-metadata;VV=v1.0.0	manual curation	not available
muscle_mito_MD2_10ug_I_6_012211	homo sapiens	muscle	not applicable	type 2 diabetes mellitus	1	muscle_mito_MD2_10ug_I_6_012211	proteomic profiling by mass spectrometry	NT=Data-dependent acquisition;AC=PRIDE:0000627	NT=label free sample;AC=MS:1002038	NT=ltq ft;AC=MS:1000448	NT=Carbamidomethyl;AC=UNIMOD:4;TA=C;MT=Fixed	NT=Phospho;AC=UNIMOD:21;TA=S,T,Y;MT=Variable	NT=Oxidation;AC=UNIMOD:35;TA=M;MT=Variable	NT=Trypsin;AC=MS:1001251	NT=collision-induced dissociation;AC=MS:1000133	10 ppm	sds page	dithiothreitol (dtt)	iodoacetamide (iaa)	1	1	muscle_mito_MD2_10ug_I_6_012211.RAW	ftp://ftp.pride.ebi.ac.uk/pride/data/archive/2018/10/PXD004312/muscle_mito_MD2_10ug_I_6_012211.RAW	v1.1.0	NT=ms-proteomics;VV=v1.1.0	NT=clinical-metadata;VV=v1.0.0	manual curation	muscle
Mito_OG13_4ug_5_090709	homo sapiens	not available	not applicable	type 2 diabetes mellitus	1	Mito_OG13_4ug_5_090709	proteomic profiling by mass spectrometry	NT=Data-dependent acquisition;AC=PRIDE:0000627	NT=label free sample;AC=MS:1002038	NT=ltq ft;AC=MS:1000448	NT=Carbamidomethyl;AC=UNIMOD:4;TA=C;MT=Fixed	NT=Phospho;AC=UNIMOD:21;TA=S,T,Y;MT=Variable	NT=Oxidation;AC=UNIMOD:35;TA=M;MT=Variable	NT=Trypsin;AC=MS:1001251	NT=collision-induced dissociation;AC=MS:1000133	10 ppm	sds page	dithiothreitol (dtt)	iodoacetamide (iaa)	1	1	Mito_OG13_4ug_5_090709.RAW	ftp://ftp.pride.ebi.ac.uk/pride/data/archive/2018/10/PXD004312/Mito_OG13_4ug_5_090709.RAW	v1.1.0	NT=ms-proteomics;VV=v1.1.0	NT=clinical-metadata;VV=v1.0.0	manual curation	not available
muscle_mito_FC1_10ug_I_4_012311	homo sapiens	muscle	not applicable	type 2 diabetes mellitus	1	muscle_mito_FC1_10ug_I_4_012311	proteomic profiling by mass spectrometry	NT=Data-dependent acquisition;AC=PRIDE:0000627	NT=label free sample;AC=MS:1002038	NT=ltq ft;AC=MS:1000448	NT=Carbamidomethyl;AC=UNIMOD:4;TA=C;MT=Fixed	NT=Phospho;AC=UNIMOD:21;TA=S,T,Y;MT=Variable	NT=Oxidation;AC=UNIMOD:35;TA=M;MT=Variable	NT=Trypsin;AC=MS:1001251	NT=collision-induced dissociation;AC=MS:1000133	10 ppm	sds page	dithiothreitol (dtt)	iodoacetamide (iaa)	1	1	muscle_mito_FC1_10ug_I_4_012311.RAW	ftp://ftp.pride.ebi.ac.uk/pride/data/archive/2018/10/PXD004312/muscle_mito_FC1_10ug_I_4_012311.RAW	v1.1.0	NT=ms-proteomics;VV=v1.1.0	NT=clinical-metadata;VV=v1.0.0	manual curation	muscle
muscle_mito_FD7_10ug_I_6_020211	homo sapiens	muscle	not applicable	type 2 diabetes mellitus	1	muscle_mito_FD7_10ug_I_6_020211	proteomic profiling by mass spectrometry	NT=Data-dependent acquisition;AC=PRIDE:0000627	NT=label free sample;AC=MS:1002038	NT=ltq ft;AC=MS:1000448	NT=Carbamidomethyl;AC=UNIMOD:4;TA=C;MT=Fixed	NT=Phospho;AC=UNIMOD:21;TA=S,T,Y;MT=Variable	NT=Oxidation;AC=UNIMOD:35;TA=M;MT=Variable	NT=Trypsin;AC=MS:1001251	NT=collision-induced dissociation;AC=MS:1000133	10 ppm	sds page	dithiothreitol (dtt)	iodoacetamide (iaa)	1	1	muscle_mito_FD7_10ug_I_6_020211.RAW	ftp://ftp.pride.ebi.ac.uk/pride/data/archive/2018/10/PXD004312/muscle_mito_FD7_10ug_I_6_020211.RAW	v1.1.0	NT=ms-proteomics;VV=v1.1.0	NT=clinical-metadata;VV=v1.0.0	manual curation	muscle
Mito_OG23_4ug_2_091009	homo sapiens	not available	not applicable	type 2 diabetes mellitus	1	Mito_OG23_4ug_2_091009	proteomic profiling by mass spectrometry	NT=Data-dependent acquisition;AC=PRIDE:0000627	NT=label free sample;AC=MS:1002038	NT=ltq ft;AC=MS:1000448	NT=Carbamidomethyl;AC=UNIMOD:4;TA=C;MT=Fixed	NT=Phospho;AC=UNIMOD:21;TA=S,T,Y;MT=Variable	NT=Oxidation;AC=UNIMOD:35;TA=M;MT=Variable	NT=Trypsin;AC=MS:1001251	NT=collision-induced dissociation;AC=MS:1000133	10 ppm	sds page	dithiothreitol (dtt)	iodoacetamide (iaa)	1	1	Mito_OG23_4ug_2_091009.RAW	ftp://ftp.pride.ebi.ac.uk/pride/data/archive/2018/10/PXD004312/Mito_OG23_4ug_2_091009.RAW	v1.1.0	NT=ms-proteomics;VV=v1.1.0	NT=clinical-metadata;VV=v1.0.0	manual curation	not available
Mito_OG21_4ug_1_090909	homo sapiens	not available	not applicable	type 2 diabetes mellitus	1	Mito_OG21_4ug_1_090909	proteomic profiling by mass spectrometry	NT=Data-dependent acquisition;AC=PRIDE:0000627	NT=label free sample;AC=MS:1002038	NT=ltq ft;AC=MS:1000448	NT=Carbamidomethyl;AC=UNIMOD:4;TA=C;MT=Fixed	NT=Phospho;AC=UNIMOD:21;TA=S,T,Y;MT=Variable	NT=Oxidation;AC=UNIMOD:35;TA=M;MT=Variable	NT=Trypsin;AC=MS:1001251	NT=collision-induced dissociation;AC=MS:1000133	10 ppm	sds page	dithiothreitol (dtt)	iodoacetamide (iaa)	1	1	Mito_OG21_4ug_1_090909.RAW	ftp://ftp.pride.ebi.ac.uk/pride/data/archive/2018/10/PXD004312/Mito_OG21_4ug_1_090909.RAW	v1.1.0	NT=ms-proteomics;VV=v1.1.0	NT=clinical-metadata;VV=v1.0.0	manual curation	not available
muscle_mito_FC2_10ug_IV_5_012811	homo sapiens	muscle	not applicable	type 2 diabetes mellitus	1	muscle_mito_FC2_10ug_IV_5_012811	proteomic profiling by mass spectrometry	NT=Data-dependent acquisition;AC=PRIDE:0000627	NT=label free sample;AC=MS:1002038	NT=ltq ft;AC=MS:1000448	NT=Carbamidomethyl;AC=UNIMOD:4;TA=C;MT=Fixed	NT=Phospho;AC=UNIMOD:21;TA=S,T,Y;MT=Variable	NT=Oxidation;AC=UNIMOD:35;TA=M;MT=Variable	NT=Trypsin;AC=MS:1001251	NT=collision-induced dissociation;AC=MS:1000133	10 ppm	sds page	dithiothreitol (dtt)	iodoacetamide (iaa)	1	1	muscle_mito_FC2_10ug_IV_5_012811.RAW	ftp://ftp.pride.ebi.ac.uk/pride/data/archive/2018/10/PXD004312/muscle_mito_FC2_10ug_IV_5_012811.RAW	v1.1.0	NT=ms-proteomics;VV=v1.1.0	NT=clinical-metadata;VV=v1.0.0	manual curation	muscle
muscle_mito_FC3_10ug_IV_7_012911	homo sapiens	muscle	not applicable	type 2 diabetes mellitus	1	muscle_mito_FC3_10ug_IV_7_012911	proteomic profiling by mass spectrometry	NT=Data-dependent acquisition;AC=PRIDE:0000627	NT=label free sample;AC=MS:1002038	NT=ltq ft;AC=MS:1000448	NT=Carbamidomethyl;AC=UNIMOD:4;TA=C;MT=Fixed	NT=Phospho;AC=UNIMOD:21;TA=S,T,Y;MT=Variable	NT=Oxidation;AC=UNIMOD:35;TA=M;MT=Variable	NT=Trypsin;AC=MS:1001251	NT=collision-induced dissociation;AC=MS:1000133	10 ppm	sds page	dithiothreitol (dtt)	iodoacetamide (iaa)	1	1	muscle_mito_FC3_10ug_IV_7_012911.RAW	ftp://ftp.pride.ebi.ac.uk/pride/data/archive/2018/10/PXD004312/muscle_mito_FC3_10ug_IV_7_012911.RAW	v1.1.0	NT=ms-proteomics;VV=v1.1.0	NT=clinical-metadata;VV=v1.0.0	manual curation	muscle
muscle_mito_MC7_10ug_IV_1_012211	homo sapiens	muscle	not applicable	type 2 diabetes mellitus	1	muscle_mito_MC7_10ug_IV_1_012211	proteomic profiling by mass spectrometry	NT=Data-dependent acquisition;AC=PRIDE:0000627	NT=label free sample;AC=MS:1002038	NT=ltq ft;AC=MS:1000448	NT=Carbamidomethyl;AC=UNIMOD:4;TA=C;MT=Fixed	NT=Phospho;AC=UNIMOD:21;TA=S,T,Y;MT=Variable	NT=Oxidation;AC=UNIMOD:35;TA=M;MT=Variable	NT=Trypsin;AC=MS:1001251	NT=collision-induced dissociation;AC=MS:1000133	10 ppm	sds page	dithiothreitol (dtt)	iodoacetamide (iaa)	1	1	muscle_mito_MC7_10ug_IV_1_012211.RAW	ftp://ftp.pride.ebi.ac.uk/pride/data/archive/2018/10/PXD004312/muscle_mito_MC7_10ug_IV_1_012211.RAW	v1.1.0	NT=ms-proteomics;VV=v1.1.0	NT=clinical-metadata;VV=v1.0.0	manual curation	muscle
muscle_mito_MD3_10ug_I_4_012111	homo sapiens	muscle	not applicable	type 2 diabetes mellitus	1	muscle_mito_MD3_10ug_I_4_012111	proteomic profiling by mass spectrometry	NT=Data-dependent acquisition;AC=PRIDE:0000627	NT=label free sample;AC=MS:1002038	NT=ltq ft;AC=MS:1000448	NT=Carbamidomethyl;AC=UNIMOD:4;TA=C;MT=Fixed	NT=Phospho;AC=UNIMOD:21;TA=S,T,Y;MT=Variable	NT=Oxidation;AC=UNIMOD:35;TA=M;MT=Variable	NT=Trypsin;AC=MS:1001251	NT=collision-induced dissociation;AC=MS:1000133	10 ppm	sds page	dithiothreitol (dtt)	iodoacetamide (iaa)	1	1	muscle_mito_MD3_10ug_I_4_012111.RAW	ftp://ftp.pride.ebi.ac.uk/pride/data/archive/2018/10/PXD004312/muscle_mito_MD3_10ug_I_4_012111.RAW	v1.1.0	NT=ms-proteomics;VV=v1.1.0	NT=clinical-metadata;VV=v1.0.0	manual curation	muscle
Mito_OG15_4ug_1_090809	homo sapiens	not available	not applicable	type 2 diabetes mellitus	1	Mito_OG15_4ug_1_090809	proteomic profiling by mass spectrometry	NT=Data-dependent acquisition;AC=PRIDE:0000627	NT=label free sample;AC=MS:1002038	NT=ltq ft;AC=MS:1000448	NT=Carbamidomethyl;AC=UNIMOD:4;TA=C;MT=Fixed	NT=Phospho;AC=UNIMOD:21;TA=S,T,Y;MT=Variable	NT=Oxidation;AC=UNIMOD:35;TA=M;MT=Variable	NT=Trypsin;AC=MS:1001251	NT=collision-induced dissociation;AC=MS:1000133	10 ppm	sds page	dithiothreitol (dtt)	iodoacetamide (iaa)	1	1	Mito_OG15_4ug_1_090809.RAW	ftp://ftp.pride.ebi.ac.uk/pride/data/archive/2018/10/PXD004312/Mito_OG15_4ug_1_090809.RAW	v1.1.0	NT=ms-proteomics;VV=v1.1.0	NT=clinical-metadata;VV=v1.0.0	manual curation	not available
Mito_OG5_4ug_7_090409	homo sapiens	not available	not applicable	type 2 diabetes mellitus	1	Mito_OG5_4ug_7_090409	proteomic profiling by mass spectrometry	NT=Data-dependent acquisition;AC=PRIDE:0000627	NT=label free sample;AC=MS:1002038	NT=ltq ft;AC=MS:1000448	NT=Carbamidomethyl;AC=UNIMOD:4;TA=C;MT=Fixed	NT=Phospho;AC=UNIMOD:21;TA=S,T,Y;MT=Variable	NT=Oxidation;AC=UNIMOD:35;TA=M;MT=Variable	NT=Trypsin;AC=MS:1001251	NT=collision-induced dissociation;AC=MS:1000133	10 ppm	sds page	dithiothreitol (dtt)	iodoacetamide (iaa)	1	1	Mito_OG5_4ug_7_090409.RAW	ftp://ftp.pride.ebi.ac.uk/pride/data/archive/2018/10/PXD004312/Mito_OG5_4ug_7_090409.RAW	v1.1.0	NT=ms-proteomics;VV=v1.1.0	NT=clinical-metadata;VV=v1.0.0	manual curation	not available
Mito_OG4_4ug_3_090409	homo sapiens	not available	not applicable	type 2 diabetes mellitus	1	Mito_OG4_4ug_3_090409	proteomic profiling by mass spectrometry	NT=Data-dependent acquisition;AC=PRIDE:0000627	NT=label free sample;AC=MS:1002038	NT=ltq ft;AC=MS:1000448	NT=Carbamidomethyl;AC=UNIMOD:4;TA=C;MT=Fixed	NT=Phospho;AC=UNIMOD:21;TA=S,T,Y;MT=Variable	NT=Oxidation;AC=UNIMOD:35;TA=M;MT=Variable	NT=Trypsin;AC=MS:1001251	NT=collision-induced dissociation;AC=MS:1000133	10 ppm	sds page	dithiothreitol (dtt)	iodoacetamide (iaa)	1	1	Mito_OG4_4ug_3_090409.RAW	ftp://ftp.pride.ebi.ac.uk/pride/data/archive/2018/10/PXD004312/Mito_OG4_4ug_3_090409.RAW	v1.1.0	NT=ms-proteomics;VV=v1.1.0	NT=clinical-metadata;VV=v1.0.0	manual curation	not available
Mito_OG25_4ug_4_091009	homo sapiens	not available	not applicable	type 2 diabetes mellitus	1	Mito_OG25_4ug_4_091009	proteomic profiling by mass spectrometry	NT=Data-dependent acquisition;AC=PRIDE:0000627	NT=label free sample;AC=MS:1002038	NT=ltq ft;AC=MS:1000448	NT=Carbamidomethyl;AC=UNIMOD:4;TA=C;MT=Fixed	NT=Phospho;AC=UNIMOD:21;TA=S,T,Y;MT=Variable	NT=Oxidation;AC=UNIMOD:35;TA=M;MT=Variable	NT=Trypsin;AC=MS:1001251	NT=collision-induced dissociation;AC=MS:1000133	10 ppm	sds page	dithiothreitol (dtt)	iodoacetamide (iaa)	1	1	Mito_OG25_4ug_4_091009.RAW	ftp://ftp.pride.ebi.ac.uk/pride/data/archive/2018/10/PXD004312/Mito_OG25_4ug_4_091009.RAW	v1.1.0	NT=ms-proteomics;VV=v1.1.0	NT=clinical-metadata;VV=v1.0.0	manual curation	not available
muscle_mito_FD2_10ug_III_5_013011	homo sapiens	muscle	not applicable	type 2 diabetes mellitus	1	muscle_mito_FD2_10ug_III_5_013011	proteomic profiling by mass spectrometry	NT=Data-dependent acquisition;AC=PRIDE:0000627	NT=label free sample;AC=MS:1002038	NT=ltq ft;AC=MS:1000448	NT=Carbamidomethyl;AC=UNIMOD:4;TA=C;MT=Fixed	NT=Phospho;AC=UNIMOD:21;TA=S,T,Y;MT=Variable	NT=Oxidation;AC=UNIMOD:35;TA=M;MT=Variable	NT=Trypsin;AC=MS:1001251	NT=collision-induced dissociation;AC=MS:1000133	10 ppm	sds page	dithiothreitol (dtt)	iodoacetamide (iaa)	1	1	muscle_mito_FD2_10ug_III_5_013011.RAW	ftp://ftp.pride.ebi.ac.uk/pride/data/archive/2018/10/PXD004312/muscle_mito_FD2_10ug_III_5_013011.RAW	v1.1.0	NT=ms-proteomics;VV=v1.1.0	NT=clinical-metadata;VV=v1.0.0	manual curation	muscle
muscle_mito_FD4_10ug_II_1_020111	homo sapiens	muscle	not applicable	type 2 diabetes mellitus	1	muscle_mito_FD4_10ug_II_1_020111	proteomic profiling by mass spectrometry	NT=Data-dependent acquisition;AC=PRIDE:0000627	NT=label free sample;AC=MS:1002038	NT=ltq ft;AC=MS:1000448	NT=Carbamidomethyl;AC=UNIMOD:4;TA=C;MT=Fixed	NT=Phospho;AC=UNIMOD:21;TA=S,T,Y;MT=Variable	NT=Oxidation;AC=UNIMOD:35;TA=M;MT=Variable	NT=Trypsin;AC=MS:1001251	NT=collision-induced dissociation;AC=MS:1000133	10 ppm	sds page	dithiothreitol (dtt)	iodoacetamide (iaa)	1	1	muscle_mito_FD4_10ug_II_1_020111.RAW	ftp://ftp.pride.ebi.ac.uk/pride/data/archive/2018/10/PXD004312/muscle_mito_FD4_10ug_II_1_020111.RAW	v1.1.0	NT=ms-proteomics;VV=v1.1.0	NT=clinical-metadata;VV=v1.0.0	manual curation	muscle
muscle_mito_MC3_10ug_III_6_012011	homo sapiens	muscle	not applicable	type 2 diabetes mellitus	1	muscle_mito_MC3_10ug_III_6_012011	proteomic profiling by mass spectrometry	NT=Data-dependent acquisition;AC=PRIDE:0000627	NT=label free sample;AC=MS:1002038	NT=ltq ft;AC=MS:1000448	NT=Carbamidomethyl;AC=UNIMOD:4;TA=C;MT=Fixed	NT=Phospho;AC=UNIMOD:21;TA=S,T,Y;MT=Variable	NT=Oxidation;AC=UNIMOD:35;TA=M;MT=Variable	NT=Trypsin;AC=MS:1001251	NT=collision-induced dissociation;AC=MS:1000133	10 ppm	sds page	dithiothreitol (dtt)	iodoacetamide (iaa)	1	1	muscle_mito_MC3_10ug_III_6_012011.RAW	ftp://ftp.pride.ebi.ac.uk/pride/data/archive/2018/10/PXD004312/muscle_mito_MC3_10ug_III_6_012011.RAW	v1.1.0	NT=ms-proteomics;VV=v1.1.0	NT=clinical-metadata;VV=v1.0.0	manual curation	muscle
muscle_mito_FD2_10ug_II_1_013011	homo sapiens	muscle	not applicable	type 2 diabetes mellitus	1	muscle_mito_FD2_10ug_II_1_013011	proteomic profiling by mass spectrometry	NT=Data-dependent acquisition;AC=PRIDE:0000627	NT=label free sample;AC=MS:1002038	NT=ltq ft;AC=MS:1000448	NT=Carbamidomethyl;AC=UNIMOD:4;TA=C;MT=Fixed	NT=Phospho;AC=UNIMOD:21;TA=S,T,Y;MT=Variable	NT=Oxidation;AC=UNIMOD:35;TA=M;MT=Variable	NT=Trypsin;AC=MS:1001251	NT=collision-induced dissociation;AC=MS:1000133	10 ppm	sds page	dithiothreitol (dtt)	iodoacetamide (iaa)	1	1	muscle_mito_FD2_10ug_II_1_013011.RAW	ftp://ftp.pride.ebi.ac.uk/pride/data/archive/2018/10/PXD004312/muscle_mito_FD2_10ug_II_1_013011.RAW	v1.1.0	NT=ms-proteomics;VV=v1.1.0	NT=clinical-metadata;VV=v1.0.0	manual curation	muscle
Mito_OG25_4ug_7_091009	homo sapiens	not available	not applicable	type 2 diabetes mellitus	1	Mito_OG25_4ug_7_091009	proteomic profiling by mass spectrometry	NT=Data-dependent acquisition;AC=PRIDE:0000627	NT=label free sample;AC=MS:1002038	NT=ltq ft;AC=MS:1000448	NT=Carbamidomethyl;AC=UNIMOD:4;TA=C;MT=Fixed	NT=Phospho;AC=UNIMOD:21;TA=S,T,Y;MT=Variable	NT=Oxidation;AC=UNIMOD:35;TA=M;MT=Variable	NT=Trypsin;AC=MS:1001251	NT=collision-induced dissociation;AC=MS:1000133	10 ppm	sds page	dithiothreitol (dtt)	iodoacetamide (iaa)	1	1	Mito_OG25_4ug_7_091009.RAW	ftp://ftp.pride.ebi.ac.uk/pride/data/archive/2018/10/PXD004312/Mito_OG25_4ug_7_091009.RAW	v1.1.0	NT=ms-proteomics;VV=v1.1.0	NT=clinical-metadata;VV=v1.0.0	manual curation	not available
Mito_OG6_4ug_5_090509	homo sapiens	not available	not applicable	type 2 diabetes mellitus	1	Mito_OG6_4ug_5_090509	proteomic profiling by mass spectrometry	NT=Data-dependent acquisition;AC=PRIDE:0000627	NT=label free sample;AC=MS:1002038	NT=ltq ft;AC=MS:1000448	NT=Carbamidomethyl;AC=UNIMOD:4;TA=C;MT=Fixed	NT=Phospho;AC=UNIMOD:21;TA=S,T,Y;MT=Variable	NT=Oxidation;AC=UNIMOD:35;TA=M;MT=Variable	NT=Trypsin;AC=MS:1001251	NT=collision-induced dissociation;AC=MS:1000133	10 ppm	sds page	dithiothreitol (dtt)	iodoacetamide (iaa)	1	1	Mito_OG6_4ug_5_090509.RAW	ftp://ftp.pride.ebi.ac.uk/pride/data/archive/2018/10/PXD004312/Mito_OG6_4ug_5_090509.RAW	v1.1.0	NT=ms-proteomics;VV=v1.1.0	NT=clinical-metadata;VV=v1.0.0	manual curation	not available
Mito_OG11_4ug_1_090709	homo sapiens	not available	not applicable	type 2 diabetes mellitus	1	Mito_OG11_4ug_1_090709	proteomic profiling by mass spectrometry	NT=Data-dependent acquisition;AC=PRIDE:0000627	NT=label free sample;AC=MS:1002038	NT=ltq ft;AC=MS:1000448	NT=Carbamidomethyl;AC=UNIMOD:4;TA=C;MT=Fixed	NT=Phospho;AC=UNIMOD:21;TA=S,T,Y;MT=Variable	NT=Oxidation;AC=UNIMOD:35;TA=M;MT=Variable	NT=Trypsin;AC=MS:1001251	NT=collision-induced dissociation;AC=MS:1000133	10 ppm	sds page	dithiothreitol (dtt)	iodoacetamide (iaa)	1	1	Mito_OG11_4ug_1_090709.RAW	ftp://ftp.pride.ebi.ac.uk/pride/data/archive/2018/10/PXD004312/Mito_OG11_4ug_1_090709.RAW	v1.1.0	NT=ms-proteomics;VV=v1.1.0	NT=clinical-metadata;VV=v1.0.0	manual curation	not available
muscle_mito_FC6_10ug_III_1_012911	homo sapiens	muscle	not applicable	type 2 diabetes mellitus	1	muscle_mito_FC6_10ug_III_1_012911	proteomic profiling by mass spectrometry	NT=Data-dependent acquisition;AC=PRIDE:0000627	NT=label free sample;AC=MS:1002038	NT=ltq ft;AC=MS:1000448	NT=Carbamidomethyl;AC=UNIMOD:4;TA=C;MT=Fixed	NT=Phospho;AC=UNIMOD:21;TA=S,T,Y;MT=Variable	NT=Oxidation;AC=UNIMOD:35;TA=M;MT=Variable	NT=Trypsin;AC=MS:1001251	NT=collision-induced dissociation;AC=MS:1000133	10 ppm	sds page	dithiothreitol (dtt)	iodoacetamide (iaa)	1	1	muscle_mito_FC6_10ug_III_1_012911.RAW	ftp://ftp.pride.ebi.ac.uk/pride/data/archive/2018/10/PXD004312/muscle_mito_FC6_10ug_III_1_012911.RAW	v1.1.0	NT=ms-proteomics;VV=v1.1.0	NT=clinical-metadata;VV=v1.0.0	manual curation	muscle
muscle_mito_MD3_10ug_III_7_012211	homo sapiens	muscle	not applicable	type 2 diabetes mellitus	1	muscle_mito_MD3_10ug_III_7_012211	proteomic profiling by mass spectrometry	NT=Data-dependent acquisition;AC=PRIDE:0000627	NT=label free sample;AC=MS:1002038	NT=ltq ft;AC=MS:1000448	NT=Carbamidomethyl;AC=UNIMOD:4;TA=C;MT=Fixed	NT=Phospho;AC=UNIMOD:21;TA=S,T,Y;MT=Variable	NT=Oxidation;AC=UNIMOD:35;TA=M;MT=Variable	NT=Trypsin;AC=MS:1001251	NT=collision-induced dissociation;AC=MS:1000133	10 ppm	sds page	dithiothreitol (dtt)	iodoacetamide (iaa)	1	1	muscle_mito_MD3_10ug_III_7_012211.RAW	ftp://ftp.pride.ebi.ac.uk/pride/data/archive/2018/10/PXD004312/muscle_mito_MD3_10ug_III_7_012211.RAW	v1.1.0	NT=ms-proteomics;VV=v1.1.0	NT=clinical-metadata;VV=v1.0.0	manual curation	muscle
muscle_mito_MD7_10ug_I_7_012511	homo sapiens	muscle	not applicable	type 2 diabetes mellitus	1	muscle_mito_MD7_10ug_I_7_012511	proteomic profiling by mass spectrometry	NT=Data-dependent acquisition;AC=PRIDE:0000627	NT=label free sample;AC=MS:1002038	NT=ltq ft;AC=MS:1000448	NT=Carbamidomethyl;AC=UNIMOD:4;TA=C;MT=Fixed	NT=Phospho;AC=UNIMOD:21;TA=S,T,Y;MT=Variable	NT=Oxidation;AC=UNIMOD:35;TA=M;MT=Variable	NT=Trypsin;AC=MS:1001251	NT=collision-induced dissociation;AC=MS:1000133	10 ppm	sds page	dithiothreitol (dtt)	iodoacetamide (iaa)	1	1	muscle_mito_MD7_10ug_I_7_012511.RAW	ftp://ftp.pride.ebi.ac.uk/pride/data/archive/2018/10/PXD004312/muscle_mito_MD7_10ug_I_7_012511.RAW	v1.1.0	NT=ms-proteomics;VV=v1.1.0	NT=clinical-metadata;VV=v1.0.0	manual curation	muscle
Mito_OG3_4ug_2_090309	homo sapiens	not available	not applicable	type 2 diabetes mellitus	1	Mito_OG3_4ug_2_090309	proteomic profiling by mass spectrometry	NT=Data-dependent acquisition;AC=PRIDE:0000627	NT=label free sample;AC=MS:1002038	NT=ltq ft;AC=MS:1000448	NT=Carbamidomethyl;AC=UNIMOD:4;TA=C;MT=Fixed	NT=Phospho;AC=UNIMOD:21;TA=S,T,Y;MT=Variable	NT=Oxidation;AC=UNIMOD:35;TA=M;MT=Variable	NT=Trypsin;AC=MS:1001251	NT=collision-induced dissociation;AC=MS:1000133	10 ppm	sds page	dithiothreitol (dtt)	iodoacetamide (iaa)	1	1	Mito_OG3_4ug_2_090309.RAW	ftp://ftp.pride.ebi.ac.uk/pride/data/archive/2018/10/PXD004312/Mito_OG3_4ug_2_090309.RAW	v1.1.0	NT=ms-proteomics;VV=v1.1.0	NT=clinical-metadata;VV=v1.0.0	manual curation	not available
Mito_OG3_4ug_6_090309	homo sapiens	not available	not applicable	type 2 diabetes mellitus	1	Mito_OG3_4ug_6_090309	proteomic profiling by mass spectrometry	NT=Data-dependent acquisition;AC=PRIDE:0000627	NT=label free sample;AC=MS:1002038	NT=ltq ft;AC=MS:1000448	NT=Carbamidomethyl;AC=UNIMOD:4;TA=C;MT=Fixed	NT=Phospho;AC=UNIMOD:21;TA=S,T,Y;MT=Variable	NT=Oxidation;AC=UNIMOD:35;TA=M;MT=Variable	NT=Trypsin;AC=MS:1001251	NT=collision-induced dissociation;AC=MS:1000133	10 ppm	sds page	dithiothreitol (dtt)	iodoacetamide (iaa)	1	1	Mito_OG3_4ug_6_090309.RAW	ftp://ftp.pride.ebi.ac.uk/pride/data/archive/2018/10/PXD004312/Mito_OG3_4ug_6_090309.RAW	v1.1.0	NT=ms-proteomics;VV=v1.1.0	NT=clinical-metadata;VV=v1.0.0	manual curation	not available
muscle_mito_MC2_10ug_III_3_011911	homo sapiens	muscle	not applicable	type 2 diabetes mellitus	1	muscle_mito_MC2_10ug_III_3_011911	proteomic profiling by mass spectrometry	NT=Data-dependent acquisition;AC=PRIDE:0000627	NT=label free sample;AC=MS:1002038	NT=ltq ft;AC=MS:1000448	NT=Carbamidomethyl;AC=UNIMOD:4;TA=C;MT=Fixed	NT=Phospho;AC=UNIMOD:21;TA=S,T,Y;MT=Variable	NT=Oxidation;AC=UNIMOD:35;TA=M;MT=Variable	NT=Trypsin;AC=MS:1001251	NT=collision-induced dissociation;AC=MS:1000133	10 ppm	sds page	dithiothreitol (dtt)	iodoacetamide (iaa)	1	1	muscle_mito_MC2_10ug_III_3_011911.RAW	ftp://ftp.pride.ebi.ac.uk/pride/data/archive/2018/10/PXD004312/muscle_mito_MC2_10ug_III_3_011911.RAW	v1.1.0	NT=ms-proteomics;VV=v1.1.0	NT=clinical-metadata;VV=v1.0.0	manual curation	muscle
muscle_mito_MC2_10ug_III_7_011911	homo sapiens	muscle	not applicable	type 2 diabetes mellitus	1	muscle_mito_MC2_10ug_III_7_011911	proteomic profiling by mass spectrometry	NT=Data-dependent acquisition;AC=PRIDE:0000627	NT=label free sample;AC=MS:1002038	NT=ltq ft;AC=MS:1000448	NT=Carbamidomethyl;AC=UNIMOD:4;TA=C;MT=Fixed	NT=Phospho;AC=UNIMOD:21;TA=S,T,Y;MT=Variable	NT=Oxidation;AC=UNIMOD:35;TA=M;MT=Variable	NT=Trypsin;AC=MS:1001251	NT=collision-induced dissociation;AC=MS:1000133	10 ppm	sds page	dithiothreitol (dtt)	iodoacetamide (iaa)	1	1	muscle_mito_MC2_10ug_III_7_011911.RAW	ftp://ftp.pride.ebi.ac.uk/pride/data/archive/2018/10/PXD004312/muscle_mito_MC2_10ug_III_7_011911.RAW	v1.1.0	NT=ms-proteomics;VV=v1.1.0	NT=clinical-metadata;VV=v1.0.0	manual curation	muscle
Mito_OG7_4ug_7_090509	homo sapiens	not available	not applicable	type 2 diabetes mellitus	1	Mito_OG7_4ug_7_090509	proteomic profiling by mass spectrometry	NT=Data-dependent acquisition;AC=PRIDE:0000627	NT=label free sample;AC=MS:1002038	NT=ltq ft;AC=MS:1000448	NT=Carbamidomethyl;AC=UNIMOD:4;TA=C;MT=Fixed	NT=Phospho;AC=UNIMOD:21;TA=S,T,Y;MT=Variable	NT=Oxidation;AC=UNIMOD:35;TA=M;MT=Variable	NT=Trypsin;AC=MS:1001251	NT=collision-induced dissociation;AC=MS:1000133	10 ppm	sds page	dithiothreitol (dtt)	iodoacetamide (iaa)	1	1	Mito_OG7_4ug_7_090509.RAW	ftp://ftp.pride.ebi.ac.uk/pride/data/archive/2018/10/PXD004312/Mito_OG7_4ug_7_090509.RAW	v1.1.0	NT=ms-proteomics;VV=v1.1.0	NT=clinical-metadata;VV=v1.0.0	manual curation	not available
muscle_mito_FD4_10ug_I_7_020111	homo sapiens	muscle	not applicable	type 2 diabetes mellitus	1	muscle_mito_FD4_10ug_I_7_020111	proteomic profiling by mass spectrometry	NT=Data-dependent acquisition;AC=PRIDE:0000627	NT=label free sample;AC=MS:1002038	NT=ltq ft;AC=MS:1000448	NT=Carbamidomethyl;AC=UNIMOD:4;TA=C;MT=Fixed	NT=Phospho;AC=UNIMOD:21;TA=S,T,Y;MT=Variable	NT=Oxidation;AC=UNIMOD:35;TA=M;MT=Variable	NT=Trypsin;AC=MS:1001251	NT=collision-induced dissociation;AC=MS:1000133	10 ppm	sds page	dithiothreitol (dtt)	iodoacetamide (iaa)	1	1	muscle_mito_FD4_10ug_I_7_020111.RAW	ftp://ftp.pride.ebi.ac.uk/pride/data/archive/2018/10/PXD004312/muscle_mito_FD4_10ug_I_7_020111.RAW	v1.1.0	NT=ms-proteomics;VV=v1.1.0	NT=clinical-metadata;VV=v1.0.0	manual curation	muscle
Mito_OG11_4ug_3_090709	homo sapiens	not available	not applicable	type 2 diabetes mellitus	1	Mito_OG11_4ug_3_090709	proteomic profiling by mass spectrometry	NT=Data-dependent acquisition;AC=PRIDE:0000627	NT=label free sample;AC=MS:1002038	NT=ltq ft;AC=MS:1000448	NT=Carbamidomethyl;AC=UNIMOD:4;TA=C;MT=Fixed	NT=Phospho;AC=UNIMOD:21;TA=S,T,Y;MT=Variable	NT=Oxidation;AC=UNIMOD:35;TA=M;MT=Variable	NT=Trypsin;AC=MS:1001251	NT=collision-induced dissociation;AC=MS:1000133	10 ppm	sds page	dithiothreitol (dtt)	iodoacetamide (iaa)	1	1	Mito_OG11_4ug_3_090709.RAW	ftp://ftp.pride.ebi.ac.uk/pride/data/archive/2018/10/PXD004312/Mito_OG11_4ug_3_090709.RAW	v1.1.0	NT=ms-proteomics;VV=v1.1.0	NT=clinical-metadata;VV=v1.0.0	manual curation	not available
muscle_mito_MC1_10ug_II_5_011811	homo sapiens	muscle	not applicable	type 2 diabetes mellitus	1	muscle_mito_MC1_10ug_II_5_011811	proteomic profiling by mass spectrometry	NT=Data-dependent acquisition;AC=PRIDE:0000627	NT=label free sample;AC=MS:1002038	NT=ltq ft;AC=MS:1000448	NT=Carbamidomethyl;AC=UNIMOD:4;TA=C;MT=Fixed	NT=Phospho;AC=UNIMOD:21;TA=S,T,Y;MT=Variable	NT=Oxidation;AC=UNIMOD:35;TA=M;MT=Variable	NT=Trypsin;AC=MS:1001251	NT=collision-induced dissociation;AC=MS:1000133	10 ppm	sds page	dithiothreitol (dtt)	iodoacetamide (iaa)	1	1	muscle_mito_MC1_10ug_II_5_011811.RAW	ftp://ftp.pride.ebi.ac.uk/pride/data/archive/2018/10/PXD004312/muscle_mito_MC1_10ug_II_5_011811.RAW	v1.1.0	NT=ms-proteomics;VV=v1.1.0	NT=clinical-metadata;VV=v1.0.0	manual curation	muscle
Mito_OG_4ug_5_090209	homo sapiens	not available	not applicable	type 2 diabetes mellitus	1	Mito_OG_4ug_5_090209	proteomic profiling by mass spectrometry	NT=Data-dependent acquisition;AC=PRIDE:0000627	NT=label free sample;AC=MS:1002038	NT=ltq ft;AC=MS:1000448	NT=Carbamidomethyl;AC=UNIMOD:4;TA=C;MT=Fixed	NT=Phospho;AC=UNIMOD:21;TA=S,T,Y;MT=Variable	NT=Oxidation;AC=UNIMOD:35;TA=M;MT=Variable	NT=Trypsin;AC=MS:1001251	NT=collision-induced dissociation;AC=MS:1000133	10 ppm	sds page	dithiothreitol (dtt)	iodoacetamide (iaa)	1	1	Mito_OG_4ug_5_090209.RAW	ftp://ftp.pride.ebi.ac.uk/pride/data/archive/2018/10/PXD004312/Mito_OG_4ug_5_090209.RAW	v1.1.0	NT=ms-proteomics;VV=v1.1.0	NT=clinical-metadata;VV=v1.0.0	manual curation	not available
muscle_mito_MD3_10ug_III_3_012211	homo sapiens	muscle	not applicable	type 2 diabetes mellitus	1	muscle_mito_MD3_10ug_III_3_012211	proteomic profiling by mass spectrometry	NT=Data-dependent acquisition;AC=PRIDE:0000627	NT=label free sample;AC=MS:1002038	NT=ltq ft;AC=MS:1000448	NT=Carbamidomethyl;AC=UNIMOD:4;TA=C;MT=Fixed	NT=Phospho;AC=UNIMOD:21;TA=S,T,Y;MT=Variable	NT=Oxidation;AC=UNIMOD:35;TA=M;MT=Variable	NT=Trypsin;AC=MS:1001251	NT=collision-induced dissociation;AC=MS:1000133	10 ppm	sds page	dithiothreitol (dtt)	iodoacetamide (iaa)	1	1	muscle_mito_MD3_10ug_III_3_012211.RAW	ftp://ftp.pride.ebi.ac.uk/pride/data/archive/2018/10/PXD004312/muscle_mito_MD3_10ug_III_3_012211.RAW	v1.1.0	NT=ms-proteomics;VV=v1.1.0	NT=clinical-metadata;VV=v1.0.0	manual curation	muscle
muscle_mito_MC5_10ug_I_1_012211	homo sapiens	muscle	not applicable	type 2 diabetes mellitus	1	muscle_mito_MC5_10ug_I_1_012211	proteomic profiling by mass spectrometry	NT=Data-dependent acquisition;AC=PRIDE:0000627	NT=label free sample;AC=MS:1002038	NT=ltq ft;AC=MS:1000448	NT=Carbamidomethyl;AC=UNIMOD:4;TA=C;MT=Fixed	NT=Phospho;AC=UNIMOD:21;TA=S,T,Y;MT=Variable	NT=Oxidation;AC=UNIMOD:35;TA=M;MT=Variable	NT=Trypsin;AC=MS:1001251	NT=collision-induced dissociation;AC=MS:1000133	10 ppm	sds page	dithiothreitol (dtt)	iodoacetamide (iaa)	1	1	muscle_mito_MC5_10ug_I_1_012211.RAW	ftp://ftp.pride.ebi.ac.uk/pride/data/archive/2018/10/PXD004312/muscle_mito_MC5_10ug_I_1_012211.RAW	v1.1.0	NT=ms-proteomics;VV=v1.1.0	NT=clinical-metadata;VV=v1.0.0	manual curation	muscle
muscle_mito_MD3_10ug_I_5_012111	homo sapiens	muscle	not applicable	type 2 diabetes mellitus	1	muscle_mito_MD3_10ug_I_5_012111	proteomic profiling by mass spectrometry	NT=Data-dependent acquisition;AC=PRIDE:0000627	NT=label free sample;AC=MS:1002038	NT=ltq ft;AC=MS:1000448	NT=Carbamidomethyl;AC=UNIMOD:4;TA=C;MT=Fixed	NT=Phospho;AC=UNIMOD:21;TA=S,T,Y;MT=Variable	NT=Oxidation;AC=UNIMOD:35;TA=M;MT=Variable	NT=Trypsin;AC=MS:1001251	NT=collision-induced dissociation;AC=MS:1000133	10 ppm	sds page	dithiothreitol (dtt)	iodoacetamide (iaa)	1	1	muscle_mito_MD3_10ug_I_5_012111.RAW	ftp://ftp.pride.ebi.ac.uk/pride/data/archive/2018/10/PXD004312/muscle_mito_MD3_10ug_I_5_012111.RAW	v1.1.0	NT=ms-proteomics;VV=v1.1.0	NT=clinical-metadata;VV=v1.0.0	manual curation	muscle
Mito_OG19_4ug_6_090909	homo sapiens	not available	not applicable	type 2 diabetes mellitus	1	Mito_OG19_4ug_6_090909	proteomic profiling by mass spectrometry	NT=Data-dependent acquisition;AC=PRIDE:0000627	NT=label free sample;AC=MS:1002038	NT=ltq ft;AC=MS:1000448	NT=Carbamidomethyl;AC=UNIMOD:4;TA=C;MT=Fixed	NT=Phospho;AC=UNIMOD:21;TA=S,T,Y;MT=Variable	NT=Oxidation;AC=UNIMOD:35;TA=M;MT=Variable	NT=Trypsin;AC=MS:1001251	NT=collision-induced dissociation;AC=MS:1000133	10 ppm	sds page	dithiothreitol (dtt)	iodoacetamide (iaa)	1	1	Mito_OG19_4ug_6_090909.RAW	ftp://ftp.pride.ebi.ac.uk/pride/data/archive/2018/10/PXD004312/Mito_OG19_4ug_6_090909.RAW	v1.1.0	NT=ms-proteomics;VV=v1.1.0	NT=clinical-metadata;VV=v1.0.0	manual curation	not available
Mito_OG25_4ug_1_091009	homo sapiens	not available	not applicable	type 2 diabetes mellitus	1	Mito_OG25_4ug_1_091009	proteomic profiling by mass spectrometry	NT=Data-dependent acquisition;AC=PRIDE:0000627	NT=label free sample;AC=MS:1002038	NT=ltq ft;AC=MS:1000448	NT=Carbamidomethyl;AC=UNIMOD:4;TA=C;MT=Fixed	NT=Phospho;AC=UNIMOD:21;TA=S,T,Y;MT=Variable	NT=Oxidation;AC=UNIMOD:35;TA=M;MT=Variable	NT=Trypsin;AC=MS:1001251	NT=collision-induced dissociation;AC=MS:1000133	10 ppm	sds page	dithiothreitol (dtt)	iodoacetamide (iaa)	1	1	Mito_OG25_4ug_1_091009.RAW	ftp://ftp.pride.ebi.ac.uk/pride/data/archive/2018/10/PXD004312/Mito_OG25_4ug_1_091009.RAW	v1.1.0	NT=ms-proteomics;VV=v1.1.0	NT=clinical-metadata;VV=v1.0.0	manual curation	not available
muscle_mito_FC3_10ug_IV_6_012911	homo sapiens	muscle	not applicable	type 2 diabetes mellitus	1	muscle_mito_FC3_10ug_IV_6_012911	proteomic profiling by mass spectrometry	NT=Data-dependent acquisition;AC=PRIDE:0000627	NT=label free sample;AC=MS:1002038	NT=ltq ft;AC=MS:1000448	NT=Carbamidomethyl;AC=UNIMOD:4;TA=C;MT=Fixed	NT=Phospho;AC=UNIMOD:21;TA=S,T,Y;MT=Variable	NT=Oxidation;AC=UNIMOD:35;TA=M;MT=Variable	NT=Trypsin;AC=MS:1001251	NT=collision-induced dissociation;AC=MS:1000133	10 ppm	sds page	dithiothreitol (dtt)	iodoacetamide (iaa)	1	1	muscle_mito_FC3_10ug_IV_6_012911.RAW	ftp://ftp.pride.ebi.ac.uk/pride/data/archive/2018/10/PXD004312/muscle_mito_FC3_10ug_IV_6_012911.RAW	v1.1.0	NT=ms-proteomics;VV=v1.1.0	NT=clinical-metadata;VV=v1.0.0	manual curation	muscle
muscle_mito_MC1_10ug_III_4_011811	homo sapiens	muscle	not applicable	type 2 diabetes mellitus	1	muscle_mito_MC1_10ug_III_4_011811	proteomic profiling by mass spectrometry	NT=Data-dependent acquisition;AC=PRIDE:0000627	NT=label free sample;AC=MS:1002038	NT=ltq ft;AC=MS:1000448	NT=Carbamidomethyl;AC=UNIMOD:4;TA=C;MT=Fixed	NT=Phospho;AC=UNIMOD:21;TA=S,T,Y;MT=Variable	NT=Oxidation;AC=UNIMOD:35;TA=M;MT=Variable	NT=Trypsin;AC=MS:1001251	NT=collision-induced dissociation;AC=MS:1000133	10 ppm	sds page	dithiothreitol (dtt)	iodoacetamide (iaa)	1	1	muscle_mito_MC1_10ug_III_4_011811.RAW	ftp://ftp.pride.ebi.ac.uk/pride/data/archive/2018/10/PXD004312/muscle_mito_MC1_10ug_III_4_011811.RAW	v1.1.0	NT=ms-proteomics;VV=v1.1.0	NT=clinical-metadata;VV=v1.0.0	manual curation	muscle
muscle_mito_FD2_10ug_III_7_013011	homo sapiens	muscle	not applicable	type 2 diabetes mellitus	1	muscle_mito_FD2_10ug_III_7_013011	proteomic profiling by mass spectrometry	NT=Data-dependent acquisition;AC=PRIDE:0000627	NT=label free sample;AC=MS:1002038	NT=ltq ft;AC=MS:1000448	NT=Carbamidomethyl;AC=UNIMOD:4;TA=C;MT=Fixed	NT=Phospho;AC=UNIMOD:21;TA=S,T,Y;MT=Variable	NT=Oxidation;AC=UNIMOD:35;TA=M;MT=Variable	NT=Trypsin;AC=MS:1001251	NT=collision-induced dissociation;AC=MS:1000133	10 ppm	sds page	dithiothreitol (dtt)	iodoacetamide (iaa)	1	1	muscle_mito_FD2_10ug_III_7_013011.RAW	ftp://ftp.pride.ebi.ac.uk/pride/data/archive/2018/10/PXD004312/muscle_mito_FD2_10ug_III_7_013011.RAW	v1.1.0	NT=ms-proteomics;VV=v1.1.0	NT=clinical-metadata;VV=v1.0.0	manual curation	muscle
Mito_OG12_4ug_6_090709	homo sapiens	not available	not applicable	type 2 diabetes mellitus	1	Mito_OG12_4ug_6_090709	proteomic profiling by mass spectrometry	NT=Data-dependent acquisition;AC=PRIDE:0000627	NT=label free sample;AC=MS:1002038	NT=ltq ft;AC=MS:1000448	NT=Carbamidomethyl;AC=UNIMOD:4;TA=C;MT=Fixed	NT=Phospho;AC=UNIMOD:21;TA=S,T,Y;MT=Variable	NT=Oxidation;AC=UNIMOD:35;TA=M;MT=Variable	NT=Trypsin;AC=MS:1001251	NT=collision-induced dissociation;AC=MS:1000133	10 ppm	sds page	dithiothreitol (dtt)	iodoacetamide (iaa)	1	1	Mito_OG12_4ug_6_090709.RAW	ftp://ftp.pride.ebi.ac.uk/pride/data/archive/2018/10/PXD004312/Mito_OG12_4ug_6_090709.RAW	v1.1.0	NT=ms-proteomics;VV=v1.1.0	NT=clinical-metadata;VV=v1.0.0	manual curation	not available
Mito_OG22_4ug_1_091009	homo sapiens	not available	not applicable	type 2 diabetes mellitus	1	Mito_OG22_4ug_1_091009	proteomic profiling by mass spectrometry	NT=Data-dependent acquisition;AC=PRIDE:0000627	NT=label free sample;AC=MS:1002038	NT=ltq ft;AC=MS:1000448	NT=Carbamidomethyl;AC=UNIMOD:4;TA=C;MT=Fixed	NT=Phospho;AC=UNIMOD:21;TA=S,T,Y;MT=Variable	NT=Oxidation;AC=UNIMOD:35;TA=M;MT=Variable	NT=Trypsin;AC=MS:1001251	NT=collision-induced dissociation;AC=MS:1000133	10 ppm	sds page	dithiothreitol (dtt)	iodoacetamide (iaa)	1	1	Mito_OG22_4ug_1_091009.RAW	ftp://ftp.pride.ebi.ac.uk/pride/data/archive/2018/10/PXD004312/Mito_OG22_4ug_1_091009.RAW	v1.1.0	NT=ms-proteomics;VV=v1.1.0	NT=clinical-metadata;VV=v1.0.0	manual curation	not available
Mito_OG15_4ug_2_090809	homo sapiens	not available	not applicable	type 2 diabetes mellitus	1	Mito_OG15_4ug_2_090809	proteomic profiling by mass spectrometry	NT=Data-dependent acquisition;AC=PRIDE:0000627	NT=label free sample;AC=MS:1002038	NT=ltq ft;AC=MS:1000448	NT=Carbamidomethyl;AC=UNIMOD:4;TA=C;MT=Fixed	NT=Phospho;AC=UNIMOD:21;TA=S,T,Y;MT=Variable	NT=Oxidation;AC=UNIMOD:35;TA=M;MT=Variable	NT=Trypsin;AC=MS:1001251	NT=collision-induced dissociation;AC=MS:1000133	10 ppm	sds page	dithiothreitol (dtt)	iodoacetamide (iaa)	1	1	Mito_OG15_4ug_2_090809.RAW	ftp://ftp.pride.ebi.ac.uk/pride/data/archive/2018/10/PXD004312/Mito_OG15_4ug_2_090809.RAW	v1.1.0	NT=ms-proteomics;VV=v1.1.0	NT=clinical-metadata;VV=v1.0.0	manual curation	not available
muscle_mito_FD6_10ug_IV_5_020111	homo sapiens	muscle	not applicable	type 2 diabetes mellitus	1	muscle_mito_FD6_10ug_IV_5_020111	proteomic profiling by mass spectrometry	NT=Data-dependent acquisition;AC=PRIDE:0000627	NT=label free sample;AC=MS:1002038	NT=ltq ft;AC=MS:1000448	NT=Carbamidomethyl;AC=UNIMOD:4;TA=C;MT=Fixed	NT=Phospho;AC=UNIMOD:21;TA=S,T,Y;MT=Variable	NT=Oxidation;AC=UNIMOD:35;TA=M;MT=Variable	NT=Trypsin;AC=MS:1001251	NT=collision-induced dissociation;AC=MS:1000133	10 ppm	sds page	dithiothreitol (dtt)	iodoacetamide (iaa)	1	1	muscle_mito_FD6_10ug_IV_5_020111.RAW	ftp://ftp.pride.ebi.ac.uk/pride/data/archive/2018/10/PXD004312/muscle_mito_FD6_10ug_IV_5_020111.RAW	v1.1.0	NT=ms-proteomics;VV=v1.1.0	NT=clinical-metadata;VV=v1.0.0	manual curation	muscle
muscle_mito_FD6_10ug_IV_6_020111	homo sapiens	muscle	not applicable	type 2 diabetes mellitus	1	muscle_mito_FD6_10ug_IV_6_020111	proteomic profiling by mass spectrometry	NT=Data-dependent acquisition;AC=PRIDE:0000627	NT=label free sample;AC=MS:1002038	NT=ltq ft;AC=MS:1000448	NT=Carbamidomethyl;AC=UNIMOD:4;TA=C;MT=Fixed	NT=Phospho;AC=UNIMOD:21;TA=S,T,Y;MT=Variable	NT=Oxidation;AC=UNIMOD:35;TA=M;MT=Variable	NT=Trypsin;AC=MS:1001251	NT=collision-induced dissociation;AC=MS:1000133	10 ppm	sds page	dithiothreitol (dtt)	iodoacetamide (iaa)	1	1	muscle_mito_FD6_10ug_IV_6_020111.RAW	ftp://ftp.pride.ebi.ac.uk/pride/data/archive/2018/10/PXD004312/muscle_mito_FD6_10ug_IV_6_020111.RAW	v1.1.0	NT=ms-proteomics;VV=v1.1.0	NT=clinical-metadata;VV=v1.0.0	manual curation	muscle
muscle_mito_FD7_10ug_III_4_020211	homo sapiens	muscle	not applicable	type 2 diabetes mellitus	1	muscle_mito_FD7_10ug_III_4_020211	proteomic profiling by mass spectrometry	NT=Data-dependent acquisition;AC=PRIDE:0000627	NT=label free sample;AC=MS:1002038	NT=ltq ft;AC=MS:1000448	NT=Carbamidomethyl;AC=UNIMOD:4;TA=C;MT=Fixed	NT=Phospho;AC=UNIMOD:21;TA=S,T,Y;MT=Variable	NT=Oxidation;AC=UNIMOD:35;TA=M;MT=Variable	NT=Trypsin;AC=MS:1001251	NT=collision-induced dissociation;AC=MS:1000133	10 ppm	sds page	dithiothreitol (dtt)	iodoacetamide (iaa)	1	1	muscle_mito_FD7_10ug_III_4_020211.RAW	ftp://ftp.pride.ebi.ac.uk/pride/data/archive/2018/10/PXD004312/muscle_mito_FD7_10ug_III_4_020211.RAW	v1.1.0	NT=ms-proteomics;VV=v1.1.0	NT=clinical-metadata;VV=v1.0.0	manual curation	muscle
Mito_OG_4ug_2_090209	homo sapiens	not available	not applicable	type 2 diabetes mellitus	1	Mito_OG_4ug_2_090209	proteomic profiling by mass spectrometry	NT=Data-dependent acquisition;AC=PRIDE:0000627	NT=label free sample;AC=MS:1002038	NT=ltq ft;AC=MS:1000448	NT=Carbamidomethyl;AC=UNIMOD:4;TA=C;MT=Fixed	NT=Phospho;AC=UNIMOD:21;TA=S,T,Y;MT=Variable	NT=Oxidation;AC=UNIMOD:35;TA=M;MT=Variable	NT=Trypsin;AC=MS:1001251	NT=collision-induced dissociation;AC=MS:1000133	10 ppm	sds page	dithiothreitol (dtt)	iodoacetamide (iaa)	1	1	Mito_OG_4ug_2_090209.RAW	ftp://ftp.pride.ebi.ac.uk/pride/data/archive/2018/10/PXD004312/Mito_OG_4ug_2_090209.RAW	v1.1.0	NT=ms-proteomics;VV=v1.1.0	NT=clinical-metadata;VV=v1.0.0	manual curation	not available
muscle_mito_FC2_10ug_IV_2_012811	homo sapiens	muscle	not applicable	type 2 diabetes mellitus	1	muscle_mito_FC2_10ug_IV_2_012811	proteomic profiling by mass spectrometry	NT=Data-dependent acquisition;AC=PRIDE:0000627	NT=label free sample;AC=MS:1002038	NT=ltq ft;AC=MS:1000448	NT=Carbamidomethyl;AC=UNIMOD:4;TA=C;MT=Fixed	NT=Phospho;AC=UNIMOD:21;TA=S,T,Y;MT=Variable	NT=Oxidation;AC=UNIMOD:35;TA=M;MT=Variable	NT=Trypsin;AC=MS:1001251	NT=collision-induced dissociation;AC=MS:1000133	10 ppm	sds page	dithiothreitol (dtt)	iodoacetamide (iaa)	1	1	muscle_mito_FC2_10ug_IV_2_012811.RAW	ftp://ftp.pride.ebi.ac.uk/pride/data/archive/2018/10/PXD004312/muscle_mito_FC2_10ug_IV_2_012811.RAW	v1.1.0	NT=ms-proteomics;VV=v1.1.0	NT=clinical-metadata;VV=v1.0.0	manual curation	muscle
muscle_mito_FD2_10ug_I_1_013011	homo sapiens	muscle	not applicable	type 2 diabetes mellitus	1	muscle_mito_FD2_10ug_I_1_013011	proteomic profiling by mass spectrometry	NT=Data-dependent acquisition;AC=PRIDE:0000627	NT=label free sample;AC=MS:1002038	NT=ltq ft;AC=MS:1000448	NT=Carbamidomethyl;AC=UNIMOD:4;TA=C;MT=Fixed	NT=Phospho;AC=UNIMOD:21;TA=S,T,Y;MT=Variable	NT=Oxidation;AC=UNIMOD:35;TA=M;MT=Variable	NT=Trypsin;AC=MS:1001251	NT=collision-induced dissociation;AC=MS:1000133	10 ppm	sds page	dithiothreitol (dtt)	iodoacetamide (iaa)	1	1	muscle_mito_FD2_10ug_I_1_013011.RAW	ftp://ftp.pride.ebi.ac.uk/pride/data/archive/2018/10/PXD004312/muscle_mito_FD2_10ug_I_1_013011.RAW	v1.1.0	NT=ms-proteomics;VV=v1.1.0	NT=clinical-metadata;VV=v1.0.0	manual curation	muscle
Mito_OG4_4ug_5_090409	homo sapiens	not available	not applicable	type 2 diabetes mellitus	1	Mito_OG4_4ug_5_090409	proteomic profiling by mass spectrometry	NT=Data-dependent acquisition;AC=PRIDE:0000627	NT=label free sample;AC=MS:1002038	NT=ltq ft;AC=MS:1000448	NT=Carbamidomethyl;AC=UNIMOD:4;TA=C;MT=Fixed	NT=Phospho;AC=UNIMOD:21;TA=S,T,Y;MT=Variable	NT=Oxidation;AC=UNIMOD:35;TA=M;MT=Variable	NT=Trypsin;AC=MS:1001251	NT=collision-induced dissociation;AC=MS:1000133	10 ppm	sds page	dithiothreitol (dtt)	iodoacetamide (iaa)	1	1	Mito_OG4_4ug_5_090409.RAW	ftp://ftp.pride.ebi.ac.uk/pride/data/archive/2018/10/PXD004312/Mito_OG4_4ug_5_090409.RAW	v1.1.0	NT=ms-proteomics;VV=v1.1.0	NT=clinical-metadata;VV=v1.0.0	manual curation	not available
Mito_OG18_4ug_3_090909	homo sapiens	not available	not applicable	type 2 diabetes mellitus	1	Mito_OG18_4ug_3_090909	proteomic profiling by mass spectrometry	NT=Data-dependent acquisition;AC=PRIDE:0000627	NT=label free sample;AC=MS:1002038	NT=ltq ft;AC=MS:1000448	NT=Carbamidomethyl;AC=UNIMOD:4;TA=C;MT=Fixed	NT=Phospho;AC=UNIMOD:21;TA=S,T,Y;MT=Variable	NT=Oxidation;AC=UNIMOD:35;TA=M;MT=Variable	NT=Trypsin;AC=MS:1001251	NT=collision-induced dissociation;AC=MS:1000133	10 ppm	sds page	dithiothreitol (dtt)	iodoacetamide (iaa)	1	1	Mito_OG18_4ug_3_090909.RAW	ftp://ftp.pride.ebi.ac.uk/pride/data/archive/2018/10/PXD004312/Mito_OG18_4ug_3_090909.RAW	v1.1.0	NT=ms-proteomics;VV=v1.1.0	NT=clinical-metadata;VV=v1.0.0	manual curation	not available
muscle_mito_MD3_10ug_III_1_012211	homo sapiens	muscle	not applicable	type 2 diabetes mellitus	1	muscle_mito_MD3_10ug_III_1_012211	proteomic profiling by mass spectrometry	NT=Data-dependent acquisition;AC=PRIDE:0000627	NT=label free sample;AC=MS:1002038	NT=ltq ft;AC=MS:1000448	NT=Carbamidomethyl;AC=UNIMOD:4;TA=C;MT=Fixed	NT=Phospho;AC=UNIMOD:21;TA=S,T,Y;MT=Variable	NT=Oxidation;AC=UNIMOD:35;TA=M;MT=Variable	NT=Trypsin;AC=MS:1001251	NT=collision-induced dissociation;AC=MS:1000133	10 ppm	sds page	dithiothreitol (dtt)	iodoacetamide (iaa)	1	1	muscle_mito_MD3_10ug_III_1_012211.RAW	ftp://ftp.pride.ebi.ac.uk/pride/data/archive/2018/10/PXD004312/muscle_mito_MD3_10ug_III_1_012211.RAW	v1.1.0	NT=ms-proteomics;VV=v1.1.0	NT=clinical-metadata;VV=v1.0.0	manual curation	muscle
muscle_mito_MD2_10ug_III_4_012111	homo sapiens	muscle	not applicable	type 2 diabetes mellitus	1	muscle_mito_MD2_10ug_III_4_012111	proteomic profiling by mass spectrometry	NT=Data-dependent acquisition;AC=PRIDE:0000627	NT=label free sample;AC=MS:1002038	NT=ltq ft;AC=MS:1000448	NT=Carbamidomethyl;AC=UNIMOD:4;TA=C;MT=Fixed	NT=Phospho;AC=UNIMOD:21;TA=S,T,Y;MT=Variable	NT=Oxidation;AC=UNIMOD:35;TA=M;MT=Variable	NT=Trypsin;AC=MS:1001251	NT=collision-induced dissociation;AC=MS:1000133	10 ppm	sds page	dithiothreitol (dtt)	iodoacetamide (iaa)	1	1	muscle_mito_MD2_10ug_III_4_012111.RAW	ftp://ftp.pride.ebi.ac.uk/pride/data/archive/2018/10/PXD004312/muscle_mito_MD2_10ug_III_4_012111.RAW	v1.1.0	NT=ms-proteomics;VV=v1.1.0	NT=clinical-metadata;VV=v1.0.0	manual curation	muscle
Mito_OG16_4ug_4_090809	homo sapiens	not available	not applicable	type 2 diabetes mellitus	1	Mito_OG16_4ug_4_090809	proteomic profiling by mass spectrometry	NT=Data-dependent acquisition;AC=PRIDE:0000627	NT=label free sample;AC=MS:1002038	NT=ltq ft;AC=MS:1000448	NT=Carbamidomethyl;AC=UNIMOD:4;TA=C;MT=Fixed	NT=Phospho;AC=UNIMOD:21;TA=S,T,Y;MT=Variable	NT=Oxidation;AC=UNIMOD:35;TA=M;MT=Variable	NT=Trypsin;AC=MS:1001251	NT=collision-induced dissociation;AC=MS:1000133	10 ppm	sds page	dithiothreitol (dtt)	iodoacetamide (iaa)	1	1	Mito_OG16_4ug_4_090809.RAW	ftp://ftp.pride.ebi.ac.uk/pride/data/archive/2018/10/PXD004312/Mito_OG16_4ug_4_090809.RAW	v1.1.0	NT=ms-proteomics;VV=v1.1.0	NT=clinical-metadata;VV=v1.0.0	manual curation	not available
muscle_mito_MC5_10ug_II_4_012211	homo sapiens	muscle	not applicable	type 2 diabetes mellitus	1	muscle_mito_MC5_10ug_II_4_012211	proteomic profiling by mass spectrometry	NT=Data-dependent acquisition;AC=PRIDE:0000627	NT=label free sample;AC=MS:1002038	NT=ltq ft;AC=MS:1000448	NT=Carbamidomethyl;AC=UNIMOD:4;TA=C;MT=Fixed	NT=Phospho;AC=UNIMOD:21;TA=S,T,Y;MT=Variable	NT=Oxidation;AC=UNIMOD:35;TA=M;MT=Variable	NT=Trypsin;AC=MS:1001251	NT=collision-induced dissociation;AC=MS:1000133	10 ppm	sds page	dithiothreitol (dtt)	iodoacetamide (iaa)	1	1	muscle_mito_MC5_10ug_II_4_012211.RAW	ftp://ftp.pride.ebi.ac.uk/pride/data/archive/2018/10/PXD004312/muscle_mito_MC5_10ug_II_4_012211.RAW	v1.1.0	NT=ms-proteomics;VV=v1.1.0	NT=clinical-metadata;VV=v1.0.0	manual curation	muscle
muscle_mito_FD1_10ug_III_3_013011	homo sapiens	muscle	not applicable	type 2 diabetes mellitus	1	muscle_mito_FD1_10ug_III_3_013011	proteomic profiling by mass spectrometry	NT=Data-dependent acquisition;AC=PRIDE:0000627	NT=label free sample;AC=MS:1002038	NT=ltq ft;AC=MS:1000448	NT=Carbamidomethyl;AC=UNIMOD:4;TA=C;MT=Fixed	NT=Phospho;AC=UNIMOD:21;TA=S,T,Y;MT=Variable	NT=Oxidation;AC=UNIMOD:35;TA=M;MT=Variable	NT=Trypsin;AC=MS:1001251	NT=collision-induced dissociation;AC=MS:1000133	10 ppm	sds page	dithiothreitol (dtt)	iodoacetamide (iaa)	1	1	muscle_mito_FD1_10ug_III_3_013011.RAW	ftp://ftp.pride.ebi.ac.uk/pride/data/archive/2018/10/PXD004312/muscle_mito_FD1_10ug_III_3_013011.RAW	v1.1.0	NT=ms-proteomics;VV=v1.1.0	NT=clinical-metadata;VV=v1.0.0	manual curation	muscle
muscle_mito_FC1_10ug_I_1_012311	homo sapiens	muscle	not applicable	type 2 diabetes mellitus	1	muscle_mito_FC1_10ug_I_1_012311	proteomic profiling by mass spectrometry	NT=Data-dependent acquisition;AC=PRIDE:0000627	NT=label free sample;AC=MS:1002038	NT=ltq ft;AC=MS:1000448	NT=Carbamidomethyl;AC=UNIMOD:4;TA=C;MT=Fixed	NT=Phospho;AC=UNIMOD:21;TA=S,T,Y;MT=Variable	NT=Oxidation;AC=UNIMOD:35;TA=M;MT=Variable	NT=Trypsin;AC=MS:1001251	NT=collision-induced dissociation;AC=MS:1000133	10 ppm	sds page	dithiothreitol (dtt)	iodoacetamide (iaa)	1	1	muscle_mito_FC1_10ug_I_1_012311.RAW	ftp://ftp.pride.ebi.ac.uk/pride/data/archive/2018/10/PXD004312/muscle_mito_FC1_10ug_I_1_012311.RAW	v1.1.0	NT=ms-proteomics;VV=v1.1.0	NT=clinical-metadata;VV=v1.0.0	manual curation	muscle
Mito_OG12_4ug_3_090709	homo sapiens	not available	not applicable	type 2 diabetes mellitus	1	Mito_OG12_4ug_3_090709	proteomic profiling by mass spectrometry	NT=Data-dependent acquisition;AC=PRIDE:0000627	NT=label free sample;AC=MS:1002038	NT=ltq ft;AC=MS:1000448	NT=Carbamidomethyl;AC=UNIMOD:4;TA=C;MT=Fixed	NT=Phospho;AC=UNIMOD:21;TA=S,T,Y;MT=Variable	NT=Oxidation;AC=UNIMOD:35;TA=M;MT=Variable	NT=Trypsin;AC=MS:1001251	NT=collision-induced dissociation;AC=MS:1000133	10 ppm	sds page	dithiothreitol (dtt)	iodoacetamide (iaa)	1	1	Mito_OG12_4ug_3_090709.RAW	ftp://ftp.pride.ebi.ac.uk/pride/data/archive/2018/10/PXD004312/Mito_OG12_4ug_3_090709.RAW	v1.1.0	NT=ms-proteomics;VV=v1.1.0	NT=clinical-metadata;VV=v1.0.0	manual curation	not available
muscle_mito_MD3_10ug_I_7_012111	homo sapiens	muscle	not applicable	type 2 diabetes mellitus	1	muscle_mito_MD3_10ug_I_7_012111	proteomic profiling by mass spectrometry	NT=Data-dependent acquisition;AC=PRIDE:0000627	NT=label free sample;AC=MS:1002038	NT=ltq ft;AC=MS:1000448	NT=Carbamidomethyl;AC=UNIMOD:4;TA=C;MT=Fixed	NT=Phospho;AC=UNIMOD:21;TA=S,T,Y;MT=Variable	NT=Oxidation;AC=UNIMOD:35;TA=M;MT=Variable	NT=Trypsin;AC=MS:1001251	NT=collision-induced dissociation;AC=MS:1000133	10 ppm	sds page	dithiothreitol (dtt)	iodoacetamide (iaa)	1	1	muscle_mito_MD3_10ug_I_7_012111.RAW	ftp://ftp.pride.ebi.ac.uk/pride/data/archive/2018/10/PXD004312/muscle_mito_MD3_10ug_I_7_012111.RAW	v1.1.0	NT=ms-proteomics;VV=v1.1.0	NT=clinical-metadata;VV=v1.0.0	manual curation	muscle
muscle_mito_MC7_10ug_IV_2_012211	homo sapiens	muscle	not applicable	type 2 diabetes mellitus	1	muscle_mito_MC7_10ug_IV_2_012211	proteomic profiling by mass spectrometry	NT=Data-dependent acquisition;AC=PRIDE:0000627	NT=label free sample;AC=MS:1002038	NT=ltq ft;AC=MS:1000448	NT=Carbamidomethyl;AC=UNIMOD:4;TA=C;MT=Fixed	NT=Phospho;AC=UNIMOD:21;TA=S,T,Y;MT=Variable	NT=Oxidation;AC=UNIMOD:35;TA=M;MT=Variable	NT=Trypsin;AC=MS:1001251	NT=collision-induced dissociation;AC=MS:1000133	10 ppm	sds page	dithiothreitol (dtt)	iodoacetamide (iaa)	1	1	muscle_mito_MC7_10ug_IV_2_012211.RAW	ftp://ftp.pride.ebi.ac.uk/pride/data/archive/2018/10/PXD004312/muscle_mito_MC7_10ug_IV_2_012211.RAW	v1.1.0	NT=ms-proteomics;VV=v1.1.0	NT=clinical-metadata;VV=v1.0.0	manual curation	muscle
Mito_OG0_4ug_2_091109	homo sapiens	not available	not applicable	type 2 diabetes mellitus	1	Mito_OG0_4ug_2_091109	proteomic profiling by mass spectrometry	NT=Data-dependent acquisition;AC=PRIDE:0000627	NT=label free sample;AC=MS:1002038	NT=ltq ft;AC=MS:1000448	NT=Carbamidomethyl;AC=UNIMOD:4;TA=C;MT=Fixed	NT=Phospho;AC=UNIMOD:21;TA=S,T,Y;MT=Variable	NT=Oxidation;AC=UNIMOD:35;TA=M;MT=Variable	NT=Trypsin;AC=MS:1001251	NT=collision-induced dissociation;AC=MS:1000133	10 ppm	sds page	dithiothreitol (dtt)	iodoacetamide (iaa)	1	1	Mito_OG0_4ug_2_091109.RAW	ftp://ftp.pride.ebi.ac.uk/pride/data/archive/2018/10/PXD004312/Mito_OG0_4ug_2_091109.RAW	v1.1.0	NT=ms-proteomics;VV=v1.1.0	NT=clinical-metadata;VV=v1.0.0	manual curation	not available
muscle_mito_MC7_10ug_IV_4_012211	homo sapiens	muscle	not applicable	type 2 diabetes mellitus	1	muscle_mito_MC7_10ug_IV_4_012211	proteomic profiling by mass spectrometry	NT=Data-dependent acquisition;AC=PRIDE:0000627	NT=label free sample;AC=MS:1002038	NT=ltq ft;AC=MS:1000448	NT=Carbamidomethyl;AC=UNIMOD:4;TA=C;MT=Fixed	NT=Phospho;AC=UNIMOD:21;TA=S,T,Y;MT=Variable	NT=Oxidation;AC=UNIMOD:35;TA=M;MT=Variable	NT=Trypsin;AC=MS:1001251	NT=collision-induced dissociation;AC=MS:1000133	10 ppm	sds page	dithiothreitol (dtt)	iodoacetamide (iaa)	1	1	muscle_mito_MC7_10ug_IV_4_012211.RAW	ftp://ftp.pride.ebi.ac.uk/pride/data/archive/2018/10/PXD004312/muscle_mito_MC7_10ug_IV_4_012211.RAW	v1.1.0	NT=ms-proteomics;VV=v1.1.0	NT=clinical-metadata;VV=v1.0.0	manual curation	muscle
Mito_OG4_4ug_2_090409	homo sapiens	not available	not applicable	type 2 diabetes mellitus	1	Mito_OG4_4ug_2_090409	proteomic profiling by mass spectrometry	NT=Data-dependent acquisition;AC=PRIDE:0000627	NT=label free sample;AC=MS:1002038	NT=ltq ft;AC=MS:1000448	NT=Carbamidomethyl;AC=UNIMOD:4;TA=C;MT=Fixed	NT=Phospho;AC=UNIMOD:21;TA=S,T,Y;MT=Variable	NT=Oxidation;AC=UNIMOD:35;TA=M;MT=Variable	NT=Trypsin;AC=MS:1001251	NT=collision-induced dissociation;AC=MS:1000133	10 ppm	sds page	dithiothreitol (dtt)	iodoacetamide (iaa)	1	1	Mito_OG4_4ug_2_090409.RAW	ftp://ftp.pride.ebi.ac.uk/pride/data/archive/2018/10/PXD004312/Mito_OG4_4ug_2_090409.RAW	v1.1.0	NT=ms-proteomics;VV=v1.1.0	NT=clinical-metadata;VV=v1.0.0	manual curation	not available
Mito_OG24_4ug_2_091009	homo sapiens	not available	not applicable	type 2 diabetes mellitus	1	Mito_OG24_4ug_2_091009	proteomic profiling by mass spectrometry	NT=Data-dependent acquisition;AC=PRIDE:0000627	NT=label free sample;AC=MS:1002038	NT=ltq ft;AC=MS:1000448	NT=Carbamidomethyl;AC=UNIMOD:4;TA=C;MT=Fixed	NT=Phospho;AC=UNIMOD:21;TA=S,T,Y;MT=Variable	NT=Oxidation;AC=UNIMOD:35;TA=M;MT=Variable	NT=Trypsin;AC=MS:1001251	NT=collision-induced dissociation;AC=MS:1000133	10 ppm	sds page	dithiothreitol (dtt)	iodoacetamide (iaa)	1	1	Mito_OG24_4ug_2_091009.RAW	ftp://ftp.pride.ebi.ac.uk/pride/data/archive/2018/10/PXD004312/Mito_OG24_4ug_2_091009.RAW	v1.1.0	NT=ms-proteomics;VV=v1.1.0	NT=clinical-metadata;VV=v1.0.0	manual curation	not available
Mito_OG5_4ug_1_090409	homo sapiens	not available	not applicable	type 2 diabetes mellitus	1	Mito_OG5_4ug_1_090409	proteomic profiling by mass spectrometry	NT=Data-dependent acquisition;AC=PRIDE:0000627	NT=label free sample;AC=MS:1002038	NT=ltq ft;AC=MS:1000448	NT=Carbamidomethyl;AC=UNIMOD:4;TA=C;MT=Fixed	NT=Phospho;AC=UNIMOD:21;TA=S,T,Y;MT=Variable	NT=Oxidation;AC=UNIMOD:35;TA=M;MT=Variable	NT=Trypsin;AC=MS:1001251	NT=collision-induced dissociation;AC=MS:1000133	10 ppm	sds page	dithiothreitol (dtt)	iodoacetamide (iaa)	1	1	Mito_OG5_4ug_1_090409.RAW	ftp://ftp.pride.ebi.ac.uk/pride/data/archive/2018/10/PXD004312/Mito_OG5_4ug_1_090409.RAW	v1.1.0	NT=ms-proteomics;VV=v1.1.0	NT=clinical-metadata;VV=v1.0.0	manual curation	not available
muscle_mito_FC2_10ug_II_3_012711	homo sapiens	muscle	not applicable	type 2 diabetes mellitus	1	muscle_mito_FC2_10ug_II_3_012711	proteomic profiling by mass spectrometry	NT=Data-dependent acquisition;AC=PRIDE:0000627	NT=label free sample;AC=MS:1002038	NT=ltq ft;AC=MS:1000448	NT=Carbamidomethyl;AC=UNIMOD:4;TA=C;MT=Fixed	NT=Phospho;AC=UNIMOD:21;TA=S,T,Y;MT=Variable	NT=Oxidation;AC=UNIMOD:35;TA=M;MT=Variable	NT=Trypsin;AC=MS:1001251	NT=collision-induced dissociation;AC=MS:1000133	10 ppm	sds page	dithiothreitol (dtt)	iodoacetamide (iaa)	1	1	muscle_mito_FC2_10ug_II_3_012711.RAW	ftp://ftp.pride.ebi.ac.uk/pride/data/archive/2018/10/PXD004312/muscle_mito_FC2_10ug_II_3_012711.RAW	v1.1.0	NT=ms-proteomics;VV=v1.1.0	NT=clinical-metadata;VV=v1.0.0	manual curation	muscle
muscle_mito_FC3_10ug_II_6_012811	homo sapiens	muscle	not applicable	type 2 diabetes mellitus	1	muscle_mito_FC3_10ug_II_6_012811	proteomic profiling by mass spectrometry	NT=Data-dependent acquisition;AC=PRIDE:0000627	NT=label free sample;AC=MS:1002038	NT=ltq ft;AC=MS:1000448	NT=Carbamidomethyl;AC=UNIMOD:4;TA=C;MT=Fixed	NT=Phospho;AC=UNIMOD:21;TA=S,T,Y;MT=Variable	NT=Oxidation;AC=UNIMOD:35;TA=M;MT=Variable	NT=Trypsin;AC=MS:1001251	NT=collision-induced dissociation;AC=MS:1000133	10 ppm	sds page	dithiothreitol (dtt)	iodoacetamide (iaa)	1	1	muscle_mito_FC3_10ug_II_6_012811.RAW	ftp://ftp.pride.ebi.ac.uk/pride/data/archive/2018/10/PXD004312/muscle_mito_FC3_10ug_II_6_012811.RAW	v1.1.0	NT=ms-proteomics;VV=v1.1.0	NT=clinical-metadata;VV=v1.0.0	manual curation	muscle
muscle_mito_FD4_10ug_I_2_020111	homo sapiens	muscle	not applicable	type 2 diabetes mellitus	1	muscle_mito_FD4_10ug_I_2_020111	proteomic profiling by mass spectrometry	NT=Data-dependent acquisition;AC=PRIDE:0000627	NT=label free sample;AC=MS:1002038	NT=ltq ft;AC=MS:1000448	NT=Carbamidomethyl;AC=UNIMOD:4;TA=C;MT=Fixed	NT=Phospho;AC=UNIMOD:21;TA=S,T,Y;MT=Variable	NT=Oxidation;AC=UNIMOD:35;TA=M;MT=Variable	NT=Trypsin;AC=MS:1001251	NT=collision-induced dissociation;AC=MS:1000133	10 ppm	sds page	dithiothreitol (dtt)	iodoacetamide (iaa)	1	1	muscle_mito_FD4_10ug_I_2_020111.RAW	ftp://ftp.pride.ebi.ac.uk/pride/data/archive/2018/10/PXD004312/muscle_mito_FD4_10ug_I_2_020111.RAW	v1.1.0	NT=ms-proteomics;VV=v1.1.0	NT=clinical-metadata;VV=v1.0.0	manual curation	muscle
muscle_mito_MD6_10ug_III_6_012311	homo sapiens	muscle	not applicable	type 2 diabetes mellitus	1	muscle_mito_MD6_10ug_III_6_012311	proteomic profiling by mass spectrometry	NT=Data-dependent acquisition;AC=PRIDE:0000627	NT=label free sample;AC=MS:1002038	NT=ltq ft;AC=MS:1000448	NT=Carbamidomethyl;AC=UNIMOD:4;TA=C;MT=Fixed	NT=Phospho;AC=UNIMOD:21;TA=S,T,Y;MT=Variable	NT=Oxidation;AC=UNIMOD:35;TA=M;MT=Variable	NT=Trypsin;AC=MS:1001251	NT=collision-induced dissociation;AC=MS:1000133	10 ppm	sds page	dithiothreitol (dtt)	iodoacetamide (iaa)	1	1	muscle_mito_MD6_10ug_III_6_012311.RAW	ftp://ftp.pride.ebi.ac.uk/pride/data/archive/2018/10/PXD004312/muscle_mito_MD6_10ug_III_6_012311.RAW	v1.1.0	NT=ms-proteomics;VV=v1.1.0	NT=clinical-metadata;VV=v1.0.0	manual curation	muscle
Mito_OG9_4ug_3_090609	homo sapiens	not available	not applicable	type 2 diabetes mellitus	1	Mito_OG9_4ug_3_090609	proteomic profiling by mass spectrometry	NT=Data-dependent acquisition;AC=PRIDE:0000627	NT=label free sample;AC=MS:1002038	NT=ltq ft;AC=MS:1000448	NT=Carbamidomethyl;AC=UNIMOD:4;TA=C;MT=Fixed	NT=Phospho;AC=UNIMOD:21;TA=S,T,Y;MT=Variable	NT=Oxidation;AC=UNIMOD:35;TA=M;MT=Variable	NT=Trypsin;AC=MS:1001251	NT=collision-induced dissociation;AC=MS:1000133	10 ppm	sds page	dithiothreitol (dtt)	iodoacetamide (iaa)	1	1	Mito_OG9_4ug_3_090609.RAW	ftp://ftp.pride.ebi.ac.uk/pride/data/archive/2018/10/PXD004312/Mito_OG9_4ug_3_090609.RAW	v1.1.0	NT=ms-proteomics;VV=v1.1.0	NT=clinical-metadata;VV=v1.0.0	manual curation	not available
Mito_OG2_4ug_5_090309	homo sapiens	not available	not applicable	type 2 diabetes mellitus	1	Mito_OG2_4ug_5_090309	proteomic profiling by mass spectrometry	NT=Data-dependent acquisition;AC=PRIDE:0000627	NT=label free sample;AC=MS:1002038	NT=ltq ft;AC=MS:1000448	NT=Carbamidomethyl;AC=UNIMOD:4;TA=C;MT=Fixed	NT=Phospho;AC=UNIMOD:21;TA=S,T,Y;MT=Variable	NT=Oxidation;AC=UNIMOD:35;TA=M;MT=Variable	NT=Trypsin;AC=MS:1001251	NT=collision-induced dissociation;AC=MS:1000133	10 ppm	sds page	dithiothreitol (dtt)	iodoacetamide (iaa)	1	1	Mito_OG2_4ug_5_090309.RAW	ftp://ftp.pride.ebi.ac.uk/pride/data/archive/2018/10/PXD004312/Mito_OG2_4ug_5_090309.RAW	v1.1.0	NT=ms-proteomics;VV=v1.1.0	NT=clinical-metadata;VV=v1.0.0	manual curation	not available
Mito_OG22_4ug_4_091009	homo sapiens	not available	not applicable	type 2 diabetes mellitus	1	Mito_OG22_4ug_4_091009	proteomic profiling by mass spectrometry	NT=Data-dependent acquisition;AC=PRIDE:0000627	NT=label free sample;AC=MS:1002038	NT=ltq ft;AC=MS:1000448	NT=Carbamidomethyl;AC=UNIMOD:4;TA=C;MT=Fixed	NT=Phospho;AC=UNIMOD:21;TA=S,T,Y;MT=Variable	NT=Oxidation;AC=UNIMOD:35;TA=M;MT=Variable	NT=Trypsin;AC=MS:1001251	NT=collision-induced dissociation;AC=MS:1000133	10 ppm	sds page	dithiothreitol (dtt)	iodoacetamide (iaa)	1	1	Mito_OG22_4ug_4_091009.RAW	ftp://ftp.pride.ebi.ac.uk/pride/data/archive/2018/10/PXD004312/Mito_OG22_4ug_4_091009.RAW	v1.1.0	NT=ms-proteomics;VV=v1.1.0	NT=clinical-metadata;VV=v1.0.0	manual curation	not available
muscle_mito_FC3_10ug_II_3_012811	homo sapiens	muscle	not applicable	type 2 diabetes mellitus	1	muscle_mito_FC3_10ug_II_3_012811	proteomic profiling by mass spectrometry	NT=Data-dependent acquisition;AC=PRIDE:0000627	NT=label free sample;AC=MS:1002038	NT=ltq ft;AC=MS:1000448	NT=Carbamidomethyl;AC=UNIMOD:4;TA=C;MT=Fixed	NT=Phospho;AC=UNIMOD:21;TA=S,T,Y;MT=Variable	NT=Oxidation;AC=UNIMOD:35;TA=M;MT=Variable	NT=Trypsin;AC=MS:1001251	NT=collision-induced dissociation;AC=MS:1000133	10 ppm	sds page	dithiothreitol (dtt)	iodoacetamide (iaa)	1	1	muscle_mito_FC3_10ug_II_3_012811.RAW	ftp://ftp.pride.ebi.ac.uk/pride/data/archive/2018/10/PXD004312/muscle_mito_FC3_10ug_II_3_012811.RAW	v1.1.0	NT=ms-proteomics;VV=v1.1.0	NT=clinical-metadata;VV=v1.0.0	manual curation	muscle
muscle_mito_MC5_10ug_III_6_012211	homo sapiens	muscle	not applicable	type 2 diabetes mellitus	1	muscle_mito_MC5_10ug_III_6_012211	proteomic profiling by mass spectrometry	NT=Data-dependent acquisition;AC=PRIDE:0000627	NT=label free sample;AC=MS:1002038	NT=ltq ft;AC=MS:1000448	NT=Carbamidomethyl;AC=UNIMOD:4;TA=C;MT=Fixed	NT=Phospho;AC=UNIMOD:21;TA=S,T,Y;MT=Variable	NT=Oxidation;AC=UNIMOD:35;TA=M;MT=Variable	NT=Trypsin;AC=MS:1001251	NT=collision-induced dissociation;AC=MS:1000133	10 ppm	sds page	dithiothreitol (dtt)	iodoacetamide (iaa)	1	1	muscle_mito_MC5_10ug_III_6_012211.RAW	ftp://ftp.pride.ebi.ac.uk/pride/data/archive/2018/10/PXD004312/muscle_mito_MC5_10ug_III_6_012211.RAW	v1.1.0	NT=ms-proteomics;VV=v1.1.0	NT=clinical-metadata;VV=v1.0.0	manual curation	muscle
muscle_mito_FD4_10ug_II_6_020111	homo sapiens	muscle	not applicable	type 2 diabetes mellitus	1	muscle_mito_FD4_10ug_II_6_020111	proteomic profiling by mass spectrometry	NT=Data-dependent acquisition;AC=PRIDE:0000627	NT=label free sample;AC=MS:1002038	NT=ltq ft;AC=MS:1000448	NT=Carbamidomethyl;AC=UNIMOD:4;TA=C;MT=Fixed	NT=Phospho;AC=UNIMOD:21;TA=S,T,Y;MT=Variable	NT=Oxidation;AC=UNIMOD:35;TA=M;MT=Variable	NT=Trypsin;AC=MS:1001251	NT=collision-induced dissociation;AC=MS:1000133	10 ppm	sds page	dithiothreitol (dtt)	iodoacetamide (iaa)	1	1	muscle_mito_FD4_10ug_II_6_020111.RAW	ftp://ftp.pride.ebi.ac.uk/pride/data/archive/2018/10/PXD004312/muscle_mito_FD4_10ug_II_6_020111.RAW	v1.1.0	NT=ms-proteomics;VV=v1.1.0	NT=clinical-metadata;VV=v1.0.0	manual curation	muscle
Mito_OG23_4ug_4_091009	homo sapiens	not available	not applicable	type 2 diabetes mellitus	1	Mito_OG23_4ug_4_091009	proteomic profiling by mass spectrometry	NT=Data-dependent acquisition;AC=PRIDE:0000627	NT=label free sample;AC=MS:1002038	NT=ltq ft;AC=MS:1000448	NT=Carbamidomethyl;AC=UNIMOD:4;TA=C;MT=Fixed	NT=Phospho;AC=UNIMOD:21;TA=S,T,Y;MT=Variable	NT=Oxidation;AC=UNIMOD:35;TA=M;MT=Variable	NT=Trypsin;AC=MS:1001251	NT=collision-induced dissociation;AC=MS:1000133	10 ppm	sds page	dithiothreitol (dtt)	iodoacetamide (iaa)	1	1	Mito_OG23_4ug_4_091009.RAW	ftp://ftp.pride.ebi.ac.uk/pride/data/archive/2018/10/PXD004312/Mito_OG23_4ug_4_091009.RAW	v1.1.0	NT=ms-proteomics;VV=v1.1.0	NT=clinical-metadata;VV=v1.0.0	manual curation	not available
muscle_mito_FD7_10ug_III_6_020211	homo sapiens	muscle	not applicable	type 2 diabetes mellitus	1	muscle_mito_FD7_10ug_III_6_020211	proteomic profiling by mass spectrometry	NT=Data-dependent acquisition;AC=PRIDE:0000627	NT=label free sample;AC=MS:1002038	NT=ltq ft;AC=MS:1000448	NT=Carbamidomethyl;AC=UNIMOD:4;TA=C;MT=Fixed	NT=Phospho;AC=UNIMOD:21;TA=S,T,Y;MT=Variable	NT=Oxidation;AC=UNIMOD:35;TA=M;MT=Variable	NT=Trypsin;AC=MS:1001251	NT=collision-induced dissociation;AC=MS:1000133	10 ppm	sds page	dithiothreitol (dtt)	iodoacetamide (iaa)	1	1	muscle_mito_FD7_10ug_III_6_020211.RAW	ftp://ftp.pride.ebi.ac.uk/pride/data/archive/2018/10/PXD004312/muscle_mito_FD7_10ug_III_6_020211.RAW	v1.1.0	NT=ms-proteomics;VV=v1.1.0	NT=clinical-metadata;VV=v1.0.0	manual curation	muscle
muscle_mito_MD2_10ug_III_2_012111	homo sapiens	muscle	not applicable	type 2 diabetes mellitus	1	muscle_mito_MD2_10ug_III_2_012111	proteomic profiling by mass spectrometry	NT=Data-dependent acquisition;AC=PRIDE:0000627	NT=label free sample;AC=MS:1002038	NT=ltq ft;AC=MS:1000448	NT=Carbamidomethyl;AC=UNIMOD:4;TA=C;MT=Fixed	NT=Phospho;AC=UNIMOD:21;TA=S,T,Y;MT=Variable	NT=Oxidation;AC=UNIMOD:35;TA=M;MT=Variable	NT=Trypsin;AC=MS:1001251	NT=collision-induced dissociation;AC=MS:1000133	10 ppm	sds page	dithiothreitol (dtt)	iodoacetamide (iaa)	1	1	muscle_mito_MD2_10ug_III_2_012111.RAW	ftp://ftp.pride.ebi.ac.uk/pride/data/archive/2018/10/PXD004312/muscle_mito_MD2_10ug_III_2_012111.RAW	v1.1.0	NT=ms-proteomics;VV=v1.1.0	NT=clinical-metadata;VV=v1.0.0	manual curation	muscle
muscle_mito_FC6_10ug_III_4_012911	homo sapiens	muscle	not applicable	type 2 diabetes mellitus	1	muscle_mito_FC6_10ug_III_4_012911	proteomic profiling by mass spectrometry	NT=Data-dependent acquisition;AC=PRIDE:0000627	NT=label free sample;AC=MS:1002038	NT=ltq ft;AC=MS:1000448	NT=Carbamidomethyl;AC=UNIMOD:4;TA=C;MT=Fixed	NT=Phospho;AC=UNIMOD:21;TA=S,T,Y;MT=Variable	NT=Oxidation;AC=UNIMOD:35;TA=M;MT=Variable	NT=Trypsin;AC=MS:1001251	NT=collision-induced dissociation;AC=MS:1000133	10 ppm	sds page	dithiothreitol (dtt)	iodoacetamide (iaa)	1	1	muscle_mito_FC6_10ug_III_4_012911.RAW	ftp://ftp.pride.ebi.ac.uk/pride/data/archive/2018/10/PXD004312/muscle_mito_FC6_10ug_III_4_012911.RAW	v1.1.0	NT=ms-proteomics;VV=v1.1.0	NT=clinical-metadata;VV=v1.0.0	manual curation	muscle
Mito_OG22_4ug_2_091009	homo sapiens	not available	not applicable	type 2 diabetes mellitus	1	Mito_OG22_4ug_2_091009	proteomic profiling by mass spectrometry	NT=Data-dependent acquisition;AC=PRIDE:0000627	NT=label free sample;AC=MS:1002038	NT=ltq ft;AC=MS:1000448	NT=Carbamidomethyl;AC=UNIMOD:4;TA=C;MT=Fixed	NT=Phospho;AC=UNIMOD:21;TA=S,T,Y;MT=Variable	NT=Oxidation;AC=UNIMOD:35;TA=M;MT=Variable	NT=Trypsin;AC=MS:1001251	NT=collision-induced dissociation;AC=MS:1000133	10 ppm	sds page	dithiothreitol (dtt)	iodoacetamide (iaa)	1	1	Mito_OG22_4ug_2_091009.RAW	ftp://ftp.pride.ebi.ac.uk/pride/data/archive/2018/10/PXD004312/Mito_OG22_4ug_2_091009.RAW	v1.1.0	NT=ms-proteomics;VV=v1.1.0	NT=clinical-metadata;VV=v1.0.0	manual curation	not available
muscle_mito_FC2_10ug_III_3_012711	homo sapiens	muscle	not applicable	type 2 diabetes mellitus	1	muscle_mito_FC2_10ug_III_3_012711	proteomic profiling by mass spectrometry	NT=Data-dependent acquisition;AC=PRIDE:0000627	NT=label free sample;AC=MS:1002038	NT=ltq ft;AC=MS:1000448	NT=Carbamidomethyl;AC=UNIMOD:4;TA=C;MT=Fixed	NT=Phospho;AC=UNIMOD:21;TA=S,T,Y;MT=Variable	NT=Oxidation;AC=UNIMOD:35;TA=M;MT=Variable	NT=Trypsin;AC=MS:1001251	NT=collision-induced dissociation;AC=MS:1000133	10 ppm	sds page	dithiothreitol (dtt)	iodoacetamide (iaa)	1	1	muscle_mito_FC2_10ug_III_3_012711.RAW	ftp://ftp.pride.ebi.ac.uk/pride/data/archive/2018/10/PXD004312/muscle_mito_FC2_10ug_III_3_012711.RAW	v1.1.0	NT=ms-proteomics;VV=v1.1.0	NT=clinical-metadata;VV=v1.0.0	manual curation	muscle
muscle_mito_FD6_10ug_II_4_020111	homo sapiens	muscle	not applicable	type 2 diabetes mellitus	1	muscle_mito_FD6_10ug_II_4_020111	proteomic profiling by mass spectrometry	NT=Data-dependent acquisition;AC=PRIDE:0000627	NT=label free sample;AC=MS:1002038	NT=ltq ft;AC=MS:1000448	NT=Carbamidomethyl;AC=UNIMOD:4;TA=C;MT=Fixed	NT=Phospho;AC=UNIMOD:21;TA=S,T,Y;MT=Variable	NT=Oxidation;AC=UNIMOD:35;TA=M;MT=Variable	NT=Trypsin;AC=MS:1001251	NT=collision-induced dissociation;AC=MS:1000133	10 ppm	sds page	dithiothreitol (dtt)	iodoacetamide (iaa)	1	1	muscle_mito_FD6_10ug_II_4_020111.RAW	ftp://ftp.pride.ebi.ac.uk/pride/data/archive/2018/10/PXD004312/muscle_mito_FD6_10ug_II_4_020111.RAW	v1.1.0	NT=ms-proteomics;VV=v1.1.0	NT=clinical-metadata;VV=v1.0.0	manual curation	muscle
muscle_mito_FC2_10ug_III_1_012711	homo sapiens	muscle	not applicable	type 2 diabetes mellitus	1	muscle_mito_FC2_10ug_III_1_012711	proteomic profiling by mass spectrometry	NT=Data-dependent acquisition;AC=PRIDE:0000627	NT=label free sample;AC=MS:1002038	NT=ltq ft;AC=MS:1000448	NT=Carbamidomethyl;AC=UNIMOD:4;TA=C;MT=Fixed	NT=Phospho;AC=UNIMOD:21;TA=S,T,Y;MT=Variable	NT=Oxidation;AC=UNIMOD:35;TA=M;MT=Variable	NT=Trypsin;AC=MS:1001251	NT=collision-induced dissociation;AC=MS:1000133	10 ppm	sds page	dithiothreitol (dtt)	iodoacetamide (iaa)	1	1	muscle_mito_FC2_10ug_III_1_012711.RAW	ftp://ftp.pride.ebi.ac.uk/pride/data/archive/2018/10/PXD004312/muscle_mito_FC2_10ug_III_1_012711.RAW	v1.1.0	NT=ms-proteomics;VV=v1.1.0	NT=clinical-metadata;VV=v1.0.0	manual curation	muscle
Mito_OG18_4ug_2_090909	homo sapiens	not available	not applicable	type 2 diabetes mellitus	1	Mito_OG18_4ug_2_090909	proteomic profiling by mass spectrometry	NT=Data-dependent acquisition;AC=PRIDE:0000627	NT=label free sample;AC=MS:1002038	NT=ltq ft;AC=MS:1000448	NT=Carbamidomethyl;AC=UNIMOD:4;TA=C;MT=Fixed	NT=Phospho;AC=UNIMOD:21;TA=S,T,Y;MT=Variable	NT=Oxidation;AC=UNIMOD:35;TA=M;MT=Variable	NT=Trypsin;AC=MS:1001251	NT=collision-induced dissociation;AC=MS:1000133	10 ppm	sds page	dithiothreitol (dtt)	iodoacetamide (iaa)	1	1	Mito_OG18_4ug_2_090909.RAW	ftp://ftp.pride.ebi.ac.uk/pride/data/archive/2018/10/PXD004312/Mito_OG18_4ug_2_090909.RAW	v1.1.0	NT=ms-proteomics;VV=v1.1.0	NT=clinical-metadata;VV=v1.0.0	manual curation	not available
Mito_OG7_4ug_5_090509	homo sapiens	not available	not applicable	type 2 diabetes mellitus	1	Mito_OG7_4ug_5_090509	proteomic profiling by mass spectrometry	NT=Data-dependent acquisition;AC=PRIDE:0000627	NT=label free sample;AC=MS:1002038	NT=ltq ft;AC=MS:1000448	NT=Carbamidomethyl;AC=UNIMOD:4;TA=C;MT=Fixed	NT=Phospho;AC=UNIMOD:21;TA=S,T,Y;MT=Variable	NT=Oxidation;AC=UNIMOD:35;TA=M;MT=Variable	NT=Trypsin;AC=MS:1001251	NT=collision-induced dissociation;AC=MS:1000133	10 ppm	sds page	dithiothreitol (dtt)	iodoacetamide (iaa)	1	1	Mito_OG7_4ug_5_090509.RAW	ftp://ftp.pride.ebi.ac.uk/pride/data/archive/2018/10/PXD004312/Mito_OG7_4ug_5_090509.RAW	v1.1.0	NT=ms-proteomics;VV=v1.1.0	NT=clinical-metadata;VV=v1.0.0	manual curation	not available
muscle_mito_FC6_10ug_I_7_012911	homo sapiens	muscle	not applicable	type 2 diabetes mellitus	1	muscle_mito_FC6_10ug_I_7_012911	proteomic profiling by mass spectrometry	NT=Data-dependent acquisition;AC=PRIDE:0000627	NT=label free sample;AC=MS:1002038	NT=ltq ft;AC=MS:1000448	NT=Carbamidomethyl;AC=UNIMOD:4;TA=C;MT=Fixed	NT=Phospho;AC=UNIMOD:21;TA=S,T,Y;MT=Variable	NT=Oxidation;AC=UNIMOD:35;TA=M;MT=Variable	NT=Trypsin;AC=MS:1001251	NT=collision-induced dissociation;AC=MS:1000133	10 ppm	sds page	dithiothreitol (dtt)	iodoacetamide (iaa)	1	1	muscle_mito_FC6_10ug_I_7_012911.RAW	ftp://ftp.pride.ebi.ac.uk/pride/data/archive/2018/10/PXD004312/muscle_mito_FC6_10ug_I_7_012911.RAW	v1.1.0	NT=ms-proteomics;VV=v1.1.0	NT=clinical-metadata;VV=v1.0.0	manual curation	muscle
muscle_mito_MC3_10ug_I_7_012011	homo sapiens	muscle	not applicable	type 2 diabetes mellitus	1	muscle_mito_MC3_10ug_I_7_012011	proteomic profiling by mass spectrometry	NT=Data-dependent acquisition;AC=PRIDE:0000627	NT=label free sample;AC=MS:1002038	NT=ltq ft;AC=MS:1000448	NT=Carbamidomethyl;AC=UNIMOD:4;TA=C;MT=Fixed	NT=Phospho;AC=UNIMOD:21;TA=S,T,Y;MT=Variable	NT=Oxidation;AC=UNIMOD:35;TA=M;MT=Variable	NT=Trypsin;AC=MS:1001251	NT=collision-induced dissociation;AC=MS:1000133	10 ppm	sds page	dithiothreitol (dtt)	iodoacetamide (iaa)	1	1	muscle_mito_MC3_10ug_I_7_012011.RAW	ftp://ftp.pride.ebi.ac.uk/pride/data/archive/2018/10/PXD004312/muscle_mito_MC3_10ug_I_7_012011.RAW	v1.1.0	NT=ms-proteomics;VV=v1.1.0	NT=clinical-metadata;VV=v1.0.0	manual curation	muscle
muscle_mito_FC1_10ug_II_7_012311	homo sapiens	muscle	not applicable	type 2 diabetes mellitus	1	muscle_mito_FC1_10ug_II_7_012311	proteomic profiling by mass spectrometry	NT=Data-dependent acquisition;AC=PRIDE:0000627	NT=label free sample;AC=MS:1002038	NT=ltq ft;AC=MS:1000448	NT=Carbamidomethyl;AC=UNIMOD:4;TA=C;MT=Fixed	NT=Phospho;AC=UNIMOD:21;TA=S,T,Y;MT=Variable	NT=Oxidation;AC=UNIMOD:35;TA=M;MT=Variable	NT=Trypsin;AC=MS:1001251	NT=collision-induced dissociation;AC=MS:1000133	10 ppm	sds page	dithiothreitol (dtt)	iodoacetamide (iaa)	1	1	muscle_mito_FC1_10ug_II_7_012311.RAW	ftp://ftp.pride.ebi.ac.uk/pride/data/archive/2018/10/PXD004312/muscle_mito_FC1_10ug_II_7_012311.RAW	v1.1.0	NT=ms-proteomics;VV=v1.1.0	NT=clinical-metadata;VV=v1.0.0	manual curation	muscle
muscle_mito_FC3_10ug_IV_1_012911	homo sapiens	muscle	not applicable	type 2 diabetes mellitus	1	muscle_mito_FC3_10ug_IV_1_012911	proteomic profiling by mass spectrometry	NT=Data-dependent acquisition;AC=PRIDE:0000627	NT=label free sample;AC=MS:1002038	NT=ltq ft;AC=MS:1000448	NT=Carbamidomethyl;AC=UNIMOD:4;TA=C;MT=Fixed	NT=Phospho;AC=UNIMOD:21;TA=S,T,Y;MT=Variable	NT=Oxidation;AC=UNIMOD:35;TA=M;MT=Variable	NT=Trypsin;AC=MS:1001251	NT=collision-induced dissociation;AC=MS:1000133	10 ppm	sds page	dithiothreitol (dtt)	iodoacetamide (iaa)	1	1	muscle_mito_FC3_10ug_IV_1_012911.RAW	ftp://ftp.pride.ebi.ac.uk/pride/data/archive/2018/10/PXD004312/muscle_mito_FC3_10ug_IV_1_012911.RAW	v1.1.0	NT=ms-proteomics;VV=v1.1.0	NT=clinical-metadata;VV=v1.0.0	manual curation	muscle
muscle_mito_FC1_10ug_II_1_012311	homo sapiens	muscle	not applicable	type 2 diabetes mellitus	1	muscle_mito_FC1_10ug_II_1_012311	proteomic profiling by mass spectrometry	NT=Data-dependent acquisition;AC=PRIDE:0000627	NT=label free sample;AC=MS:1002038	NT=ltq ft;AC=MS:1000448	NT=Carbamidomethyl;AC=UNIMOD:4;TA=C;MT=Fixed	NT=Phospho;AC=UNIMOD:21;TA=S,T,Y;MT=Variable	NT=Oxidation;AC=UNIMOD:35;TA=M;MT=Variable	NT=Trypsin;AC=MS:1001251	NT=collision-induced dissociation;AC=MS:1000133	10 ppm	sds page	dithiothreitol (dtt)	iodoacetamide (iaa)	1	1	muscle_mito_FC1_10ug_II_1_012311.RAW	ftp://ftp.pride.ebi.ac.uk/pride/data/archive/2018/10/PXD004312/muscle_mito_FC1_10ug_II_1_012311.RAW	v1.1.0	NT=ms-proteomics;VV=v1.1.0	NT=clinical-metadata;VV=v1.0.0	manual curation	muscle
muscle_mito_FD6_10ug_IV_2_020111	homo sapiens	muscle	not applicable	type 2 diabetes mellitus	1	muscle_mito_FD6_10ug_IV_2_020111	proteomic profiling by mass spectrometry	NT=Data-dependent acquisition;AC=PRIDE:0000627	NT=label free sample;AC=MS:1002038	NT=ltq ft;AC=MS:1000448	NT=Carbamidomethyl;AC=UNIMOD:4;TA=C;MT=Fixed	NT=Phospho;AC=UNIMOD:21;TA=S,T,Y;MT=Variable	NT=Oxidation;AC=UNIMOD:35;TA=M;MT=Variable	NT=Trypsin;AC=MS:1001251	NT=collision-induced dissociation;AC=MS:1000133	10 ppm	sds page	dithiothreitol (dtt)	iodoacetamide (iaa)	1	1	muscle_mito_FD6_10ug_IV_2_020111.RAW	ftp://ftp.pride.ebi.ac.uk/pride/data/archive/2018/10/PXD004312/muscle_mito_FD6_10ug_IV_2_020111.RAW	v1.1.0	NT=ms-proteomics;VV=v1.1.0	NT=clinical-metadata;VV=v1.0.0	manual curation	muscle
muscle_mito_MD7_10ug_III_6_012311	homo sapiens	muscle	not applicable	type 2 diabetes mellitus	1	muscle_mito_MD7_10ug_III_6_012311	proteomic profiling by mass spectrometry	NT=Data-dependent acquisition;AC=PRIDE:0000627	NT=label free sample;AC=MS:1002038	NT=ltq ft;AC=MS:1000448	NT=Carbamidomethyl;AC=UNIMOD:4;TA=C;MT=Fixed	NT=Phospho;AC=UNIMOD:21;TA=S,T,Y;MT=Variable	NT=Oxidation;AC=UNIMOD:35;TA=M;MT=Variable	NT=Trypsin;AC=MS:1001251	NT=collision-induced dissociation;AC=MS:1000133	10 ppm	sds page	dithiothreitol (dtt)	iodoacetamide (iaa)	1	1	muscle_mito_MD7_10ug_III_6_012311.RAW	ftp://ftp.pride.ebi.ac.uk/pride/data/archive/2018/10/PXD004312/muscle_mito_MD7_10ug_III_6_012311.RAW	v1.1.0	NT=ms-proteomics;VV=v1.1.0	NT=clinical-metadata;VV=v1.0.0	manual curation	muscle
muscle_mito_FC1_10ug_III_6_012311	homo sapiens	muscle	not applicable	type 2 diabetes mellitus	1	muscle_mito_FC1_10ug_III_6_012311	proteomic profiling by mass spectrometry	NT=Data-dependent acquisition;AC=PRIDE:0000627	NT=label free sample;AC=MS:1002038	NT=ltq ft;AC=MS:1000448	NT=Carbamidomethyl;AC=UNIMOD:4;TA=C;MT=Fixed	NT=Phospho;AC=UNIMOD:21;TA=S,T,Y;MT=Variable	NT=Oxidation;AC=UNIMOD:35;TA=M;MT=Variable	NT=Trypsin;AC=MS:1001251	NT=collision-induced dissociation;AC=MS:1000133	10 ppm	sds page	dithiothreitol (dtt)	iodoacetamide (iaa)	1	1	muscle_mito_FC1_10ug_III_6_012311.RAW	ftp://ftp.pride.ebi.ac.uk/pride/data/archive/2018/10/PXD004312/muscle_mito_FC1_10ug_III_6_012311.RAW	v1.1.0	NT=ms-proteomics;VV=v1.1.0	NT=clinical-metadata;VV=v1.0.0	manual curation	muscle
muscle_mito_MC7_10ug_I_7_012211	homo sapiens	muscle	not applicable	type 2 diabetes mellitus	1	muscle_mito_MC7_10ug_I_7_012211	proteomic profiling by mass spectrometry	NT=Data-dependent acquisition;AC=PRIDE:0000627	NT=label free sample;AC=MS:1002038	NT=ltq ft;AC=MS:1000448	NT=Carbamidomethyl;AC=UNIMOD:4;TA=C;MT=Fixed	NT=Phospho;AC=UNIMOD:21;TA=S,T,Y;MT=Variable	NT=Oxidation;AC=UNIMOD:35;TA=M;MT=Variable	NT=Trypsin;AC=MS:1001251	NT=collision-induced dissociation;AC=MS:1000133	10 ppm	sds page	dithiothreitol (dtt)	iodoacetamide (iaa)	1	1	muscle_mito_MC7_10ug_I_7_012211.RAW	ftp://ftp.pride.ebi.ac.uk/pride/data/archive/2018/10/PXD004312/muscle_mito_MC7_10ug_I_7_012211.RAW	v1.1.0	NT=ms-proteomics;VV=v1.1.0	NT=clinical-metadata;VV=v1.0.0	manual curation	muscle
muscle_mito_FC1_10ug_II_3_012311	homo sapiens	muscle	not applicable	type 2 diabetes mellitus	1	muscle_mito_FC1_10ug_II_3_012311	proteomic profiling by mass spectrometry	NT=Data-dependent acquisition;AC=PRIDE:0000627	NT=label free sample;AC=MS:1002038	NT=ltq ft;AC=MS:1000448	NT=Carbamidomethyl;AC=UNIMOD:4;TA=C;MT=Fixed	NT=Phospho;AC=UNIMOD:21;TA=S,T,Y;MT=Variable	NT=Oxidation;AC=UNIMOD:35;TA=M;MT=Variable	NT=Trypsin;AC=MS:1001251	NT=collision-induced dissociation;AC=MS:1000133	10 ppm	sds page	dithiothreitol (dtt)	iodoacetamide (iaa)	1	1	muscle_mito_FC1_10ug_II_3_012311.RAW	ftp://ftp.pride.ebi.ac.uk/pride/data/archive/2018/10/PXD004312/muscle_mito_FC1_10ug_II_3_012311.RAW	v1.1.0	NT=ms-proteomics;VV=v1.1.0	NT=clinical-metadata;VV=v1.0.0	manual curation	muscle
Mito_OG5_4ug_2_090409	homo sapiens	not available	not applicable	type 2 diabetes mellitus	1	Mito_OG5_4ug_2_090409	proteomic profiling by mass spectrometry	NT=Data-dependent acquisition;AC=PRIDE:0000627	NT=label free sample;AC=MS:1002038	NT=ltq ft;AC=MS:1000448	NT=Carbamidomethyl;AC=UNIMOD:4;TA=C;MT=Fixed	NT=Phospho;AC=UNIMOD:21;TA=S,T,Y;MT=Variable	NT=Oxidation;AC=UNIMOD:35;TA=M;MT=Variable	NT=Trypsin;AC=MS:1001251	NT=collision-induced dissociation;AC=MS:1000133	10 ppm	sds page	dithiothreitol (dtt)	iodoacetamide (iaa)	1	1	Mito_OG5_4ug_2_090409.RAW	ftp://ftp.pride.ebi.ac.uk/pride/data/archive/2018/10/PXD004312/Mito_OG5_4ug_2_090409.RAW	v1.1.0	NT=ms-proteomics;VV=v1.1.0	NT=clinical-metadata;VV=v1.0.0	manual curation	not available
muscle_mito_MC5_10ug_I_7_012211	homo sapiens	muscle	not applicable	type 2 diabetes mellitus	1	muscle_mito_MC5_10ug_I_7_012211	proteomic profiling by mass spectrometry	NT=Data-dependent acquisition;AC=PRIDE:0000627	NT=label free sample;AC=MS:1002038	NT=ltq ft;AC=MS:1000448	NT=Carbamidomethyl;AC=UNIMOD:4;TA=C;MT=Fixed	NT=Phospho;AC=UNIMOD:21;TA=S,T,Y;MT=Variable	NT=Oxidation;AC=UNIMOD:35;TA=M;MT=Variable	NT=Trypsin;AC=MS:1001251	NT=collision-induced dissociation;AC=MS:1000133	10 ppm	sds page	dithiothreitol (dtt)	iodoacetamide (iaa)	1	1	muscle_mito_MC5_10ug_I_7_012211.RAW	ftp://ftp.pride.ebi.ac.uk/pride/data/archive/2018/10/PXD004312/muscle_mito_MC5_10ug_I_7_012211.RAW	v1.1.0	NT=ms-proteomics;VV=v1.1.0	NT=clinical-metadata;VV=v1.0.0	manual curation	muscle
muscle_mito_MC5_10ug_I_6_012211	homo sapiens	muscle	not applicable	type 2 diabetes mellitus	1	muscle_mito_MC5_10ug_I_6_012211	proteomic profiling by mass spectrometry	NT=Data-dependent acquisition;AC=PRIDE:0000627	NT=label free sample;AC=MS:1002038	NT=ltq ft;AC=MS:1000448	NT=Carbamidomethyl;AC=UNIMOD:4;TA=C;MT=Fixed	NT=Phospho;AC=UNIMOD:21;TA=S,T,Y;MT=Variable	NT=Oxidation;AC=UNIMOD:35;TA=M;MT=Variable	NT=Trypsin;AC=MS:1001251	NT=collision-induced dissociation;AC=MS:1000133	10 ppm	sds page	dithiothreitol (dtt)	iodoacetamide (iaa)	1	1	muscle_mito_MC5_10ug_I_6_012211.RAW	ftp://ftp.pride.ebi.ac.uk/pride/data/archive/2018/10/PXD004312/muscle_mito_MC5_10ug_I_6_012211.RAW	v1.1.0	NT=ms-proteomics;VV=v1.1.0	NT=clinical-metadata;VV=v1.0.0	manual curation	muscle
muscle_mito_FC2_10ug_IV_4_012811	homo sapiens	muscle	not applicable	type 2 diabetes mellitus	1	muscle_mito_FC2_10ug_IV_4_012811	proteomic profiling by mass spectrometry	NT=Data-dependent acquisition;AC=PRIDE:0000627	NT=label free sample;AC=MS:1002038	NT=ltq ft;AC=MS:1000448	NT=Carbamidomethyl;AC=UNIMOD:4;TA=C;MT=Fixed	NT=Phospho;AC=UNIMOD:21;TA=S,T,Y;MT=Variable	NT=Oxidation;AC=UNIMOD:35;TA=M;MT=Variable	NT=Trypsin;AC=MS:1001251	NT=collision-induced dissociation;AC=MS:1000133	10 ppm	sds page	dithiothreitol (dtt)	iodoacetamide (iaa)	1	1	muscle_mito_FC2_10ug_IV_4_012811.RAW	ftp://ftp.pride.ebi.ac.uk/pride/data/archive/2018/10/PXD004312/muscle_mito_FC2_10ug_IV_4_012811.RAW	v1.1.0	NT=ms-proteomics;VV=v1.1.0	NT=clinical-metadata;VV=v1.0.0	manual curation	muscle
Mito_OG2_4ug_3_090309	homo sapiens	not available	not applicable	type 2 diabetes mellitus	1	Mito_OG2_4ug_3_090309	proteomic profiling by mass spectrometry	NT=Data-dependent acquisition;AC=PRIDE:0000627	NT=label free sample;AC=MS:1002038	NT=ltq ft;AC=MS:1000448	NT=Carbamidomethyl;AC=UNIMOD:4;TA=C;MT=Fixed	NT=Phospho;AC=UNIMOD:21;TA=S,T,Y;MT=Variable	NT=Oxidation;AC=UNIMOD:35;TA=M;MT=Variable	NT=Trypsin;AC=MS:1001251	NT=collision-induced dissociation;AC=MS:1000133	10 ppm	sds page	dithiothreitol (dtt)	iodoacetamide (iaa)	1	1	Mito_OG2_4ug_3_090309.RAW	ftp://ftp.pride.ebi.ac.uk/pride/data/archive/2018/10/PXD004312/Mito_OG2_4ug_3_090309.RAW	v1.1.0	NT=ms-proteomics;VV=v1.1.0	NT=clinical-metadata;VV=v1.0.0	manual curation	not available
muscle_mito_FD4_10ug_II_3_020111	homo sapiens	muscle	not applicable	type 2 diabetes mellitus	1	muscle_mito_FD4_10ug_II_3_020111	proteomic profiling by mass spectrometry	NT=Data-dependent acquisition;AC=PRIDE:0000627	NT=label free sample;AC=MS:1002038	NT=ltq ft;AC=MS:1000448	NT=Carbamidomethyl;AC=UNIMOD:4;TA=C;MT=Fixed	NT=Phospho;AC=UNIMOD:21;TA=S,T,Y;MT=Variable	NT=Oxidation;AC=UNIMOD:35;TA=M;MT=Variable	NT=Trypsin;AC=MS:1001251	NT=collision-induced dissociation;AC=MS:1000133	10 ppm	sds page	dithiothreitol (dtt)	iodoacetamide (iaa)	1	1	muscle_mito_FD4_10ug_II_3_020111.RAW	ftp://ftp.pride.ebi.ac.uk/pride/data/archive/2018/10/PXD004312/muscle_mito_FD4_10ug_II_3_020111.RAW	v1.1.0	NT=ms-proteomics;VV=v1.1.0	NT=clinical-metadata;VV=v1.0.0	manual curation	muscle
muscle_mito_MD7_10ug_III_7_012311	homo sapiens	muscle	not applicable	type 2 diabetes mellitus	1	muscle_mito_MD7_10ug_III_7_012311	proteomic profiling by mass spectrometry	NT=Data-dependent acquisition;AC=PRIDE:0000627	NT=label free sample;AC=MS:1002038	NT=ltq ft;AC=MS:1000448	NT=Carbamidomethyl;AC=UNIMOD:4;TA=C;MT=Fixed	NT=Phospho;AC=UNIMOD:21;TA=S,T,Y;MT=Variable	NT=Oxidation;AC=UNIMOD:35;TA=M;MT=Variable	NT=Trypsin;AC=MS:1001251	NT=collision-induced dissociation;AC=MS:1000133	10 ppm	sds page	dithiothreitol (dtt)	iodoacetamide (iaa)	1	1	muscle_mito_MD7_10ug_III_7_012311.RAW	ftp://ftp.pride.ebi.ac.uk/pride/data/archive/2018/10/PXD004312/muscle_mito_MD7_10ug_III_7_012311.RAW	v1.1.0	NT=ms-proteomics;VV=v1.1.0	NT=clinical-metadata;VV=v1.0.0	manual curation	muscle
muscle_mito_MC7_10ug_IV_3_012211	homo sapiens	muscle	not applicable	type 2 diabetes mellitus	1	muscle_mito_MC7_10ug_IV_3_012211	proteomic profiling by mass spectrometry	NT=Data-dependent acquisition;AC=PRIDE:0000627	NT=label free sample;AC=MS:1002038	NT=ltq ft;AC=MS:1000448	NT=Carbamidomethyl;AC=UNIMOD:4;TA=C;MT=Fixed	NT=Phospho;AC=UNIMOD:21;TA=S,T,Y;MT=Variable	NT=Oxidation;AC=UNIMOD:35;TA=M;MT=Variable	NT=Trypsin;AC=MS:1001251	NT=collision-induced dissociation;AC=MS:1000133	10 ppm	sds page	dithiothreitol (dtt)	iodoacetamide (iaa)	1	1	muscle_mito_MC7_10ug_IV_3_012211.RAW	ftp://ftp.pride.ebi.ac.uk/pride/data/archive/2018/10/PXD004312/muscle_mito_MC7_10ug_IV_3_012211.RAW	v1.1.0	NT=ms-proteomics;VV=v1.1.0	NT=clinical-metadata;VV=v1.0.0	manual curation	muscle
Mito_OG19_4ug_2_090909	homo sapiens	not available	not applicable	type 2 diabetes mellitus	1	Mito_OG19_4ug_2_090909	proteomic profiling by mass spectrometry	NT=Data-dependent acquisition;AC=PRIDE:0000627	NT=label free sample;AC=MS:1002038	NT=ltq ft;AC=MS:1000448	NT=Carbamidomethyl;AC=UNIMOD:4;TA=C;MT=Fixed	NT=Phospho;AC=UNIMOD:21;TA=S,T,Y;MT=Variable	NT=Oxidation;AC=UNIMOD:35;TA=M;MT=Variable	NT=Trypsin;AC=MS:1001251	NT=collision-induced dissociation;AC=MS:1000133	10 ppm	sds page	dithiothreitol (dtt)	iodoacetamide (iaa)	1	1	Mito_OG19_4ug_2_090909.RAW	ftp://ftp.pride.ebi.ac.uk/pride/data/archive/2018/10/PXD004312/Mito_OG19_4ug_2_090909.RAW	v1.1.0	NT=ms-proteomics;VV=v1.1.0	NT=clinical-metadata;VV=v1.0.0	manual curation	not available
muscle_mito_MD3_10ug_II_5_012111	homo sapiens	muscle	not applicable	type 2 diabetes mellitus	1	muscle_mito_MD3_10ug_II_5_012111	proteomic profiling by mass spectrometry	NT=Data-dependent acquisition;AC=PRIDE:0000627	NT=label free sample;AC=MS:1002038	NT=ltq ft;AC=MS:1000448	NT=Carbamidomethyl;AC=UNIMOD:4;TA=C;MT=Fixed	NT=Phospho;AC=UNIMOD:21;TA=S,T,Y;MT=Variable	NT=Oxidation;AC=UNIMOD:35;TA=M;MT=Variable	NT=Trypsin;AC=MS:1001251	NT=collision-induced dissociation;AC=MS:1000133	10 ppm	sds page	dithiothreitol (dtt)	iodoacetamide (iaa)	1	1	muscle_mito_MD3_10ug_II_5_012111.RAW	ftp://ftp.pride.ebi.ac.uk/pride/data/archive/2018/10/PXD004312/muscle_mito_MD3_10ug_II_5_012111.RAW	v1.1.0	NT=ms-proteomics;VV=v1.1.0	NT=clinical-metadata;VV=v1.0.0	manual curation	muscle
muscle_mito_MC1_10ug_III_6_011811	homo sapiens	muscle	not applicable	type 2 diabetes mellitus	1	muscle_mito_MC1_10ug_III_6_011811	proteomic profiling by mass spectrometry	NT=Data-dependent acquisition;AC=PRIDE:0000627	NT=label free sample;AC=MS:1002038	NT=ltq ft;AC=MS:1000448	NT=Carbamidomethyl;AC=UNIMOD:4;TA=C;MT=Fixed	NT=Phospho;AC=UNIMOD:21;TA=S,T,Y;MT=Variable	NT=Oxidation;AC=UNIMOD:35;TA=M;MT=Variable	NT=Trypsin;AC=MS:1001251	NT=collision-induced dissociation;AC=MS:1000133	10 ppm	sds page	dithiothreitol (dtt)	iodoacetamide (iaa)	1	1	muscle_mito_MC1_10ug_III_6_011811.RAW	ftp://ftp.pride.ebi.ac.uk/pride/data/archive/2018/10/PXD004312/muscle_mito_MC1_10ug_III_6_011811.RAW	v1.1.0	NT=ms-proteomics;VV=v1.1.0	NT=clinical-metadata;VV=v1.0.0	manual curation	muscle
muscle_mito_MC5_10ug_III_2_012211	homo sapiens	muscle	not applicable	type 2 diabetes mellitus	1	muscle_mito_MC5_10ug_III_2_012211	proteomic profiling by mass spectrometry	NT=Data-dependent acquisition;AC=PRIDE:0000627	NT=label free sample;AC=MS:1002038	NT=ltq ft;AC=MS:1000448	NT=Carbamidomethyl;AC=UNIMOD:4;TA=C;MT=Fixed	NT=Phospho;AC=UNIMOD:21;TA=S,T,Y;MT=Variable	NT=Oxidation;AC=UNIMOD:35;TA=M;MT=Variable	NT=Trypsin;AC=MS:1001251	NT=collision-induced dissociation;AC=MS:1000133	10 ppm	sds page	dithiothreitol (dtt)	iodoacetamide (iaa)	1	1	muscle_mito_MC5_10ug_III_2_012211.RAW	ftp://ftp.pride.ebi.ac.uk/pride/data/archive/2018/10/PXD004312/muscle_mito_MC5_10ug_III_2_012211.RAW	v1.1.0	NT=ms-proteomics;VV=v1.1.0	NT=clinical-metadata;VV=v1.0.0	manual curation	muscle
muscle_mito_FD7_10ug_II_2_020211	homo sapiens	muscle	not applicable	type 2 diabetes mellitus	1	muscle_mito_FD7_10ug_II_2_020211	proteomic profiling by mass spectrometry	NT=Data-dependent acquisition;AC=PRIDE:0000627	NT=label free sample;AC=MS:1002038	NT=ltq ft;AC=MS:1000448	NT=Carbamidomethyl;AC=UNIMOD:4;TA=C;MT=Fixed	NT=Phospho;AC=UNIMOD:21;TA=S,T,Y;MT=Variable	NT=Oxidation;AC=UNIMOD:35;TA=M;MT=Variable	NT=Trypsin;AC=MS:1001251	NT=collision-induced dissociation;AC=MS:1000133	10 ppm	sds page	dithiothreitol (dtt)	iodoacetamide (iaa)	1	1	muscle_mito_FD7_10ug_II_2_020211.RAW	ftp://ftp.pride.ebi.ac.uk/pride/data/archive/2018/10/PXD004312/muscle_mito_FD7_10ug_II_2_020211.RAW	v1.1.0	NT=ms-proteomics;VV=v1.1.0	NT=clinical-metadata;VV=v1.0.0	manual curation	muscle
muscle_mito_FD2_10ug_III_6_013011	homo sapiens	muscle	not applicable	type 2 diabetes mellitus	1	muscle_mito_FD2_10ug_III_6_013011	proteomic profiling by mass spectrometry	NT=Data-dependent acquisition;AC=PRIDE:0000627	NT=label free sample;AC=MS:1002038	NT=ltq ft;AC=MS:1000448	NT=Carbamidomethyl;AC=UNIMOD:4;TA=C;MT=Fixed	NT=Phospho;AC=UNIMOD:21;TA=S,T,Y;MT=Variable	NT=Oxidation;AC=UNIMOD:35;TA=M;MT=Variable	NT=Trypsin;AC=MS:1001251	NT=collision-induced dissociation;AC=MS:1000133	10 ppm	sds page	dithiothreitol (dtt)	iodoacetamide (iaa)	1	1	muscle_mito_FD2_10ug_III_6_013011.RAW	ftp://ftp.pride.ebi.ac.uk/pride/data/archive/2018/10/PXD004312/muscle_mito_FD2_10ug_III_6_013011.RAW	v1.1.0	NT=ms-proteomics;VV=v1.1.0	NT=clinical-metadata;VV=v1.0.0	manual curation	muscle
muscle_mito_FD7_10ug_I_3_020211	homo sapiens	muscle	not applicable	type 2 diabetes mellitus	1	muscle_mito_FD7_10ug_I_3_020211	proteomic profiling by mass spectrometry	NT=Data-dependent acquisition;AC=PRIDE:0000627	NT=label free sample;AC=MS:1002038	NT=ltq ft;AC=MS:1000448	NT=Carbamidomethyl;AC=UNIMOD:4;TA=C;MT=Fixed	NT=Phospho;AC=UNIMOD:21;TA=S,T,Y;MT=Variable	NT=Oxidation;AC=UNIMOD:35;TA=M;MT=Variable	NT=Trypsin;AC=MS:1001251	NT=collision-induced dissociation;AC=MS:1000133	10 ppm	sds page	dithiothreitol (dtt)	iodoacetamide (iaa)	1	1	muscle_mito_FD7_10ug_I_3_020211.RAW	ftp://ftp.pride.ebi.ac.uk/pride/data/archive/2018/10/PXD004312/muscle_mito_FD7_10ug_I_3_020211.RAW	v1.1.0	NT=ms-proteomics;VV=v1.1.0	NT=clinical-metadata;VV=v1.0.0	manual curation	muscle
muscle_mito_FD4_10ug_II_5_020111	homo sapiens	muscle	not applicable	type 2 diabetes mellitus	1	muscle_mito_FD4_10ug_II_5_020111	proteomic profiling by mass spectrometry	NT=Data-dependent acquisition;AC=PRIDE:0000627	NT=label free sample;AC=MS:1002038	NT=ltq ft;AC=MS:1000448	NT=Carbamidomethyl;AC=UNIMOD:4;TA=C;MT=Fixed	NT=Phospho;AC=UNIMOD:21;TA=S,T,Y;MT=Variable	NT=Oxidation;AC=UNIMOD:35;TA=M;MT=Variable	NT=Trypsin;AC=MS:1001251	NT=collision-induced dissociation;AC=MS:1000133	10 ppm	sds page	dithiothreitol (dtt)	iodoacetamide (iaa)	1	1	muscle_mito_FD4_10ug_II_5_020111.RAW	ftp://ftp.pride.ebi.ac.uk/pride/data/archive/2018/10/PXD004312/muscle_mito_FD4_10ug_II_5_020111.RAW	v1.1.0	NT=ms-proteomics;VV=v1.1.0	NT=clinical-metadata;VV=v1.0.0	manual curation	muscle
muscle_mito_FD6_10ug_IV_4_020111	homo sapiens	muscle	not applicable	type 2 diabetes mellitus	1	muscle_mito_FD6_10ug_IV_4_020111	proteomic profiling by mass spectrometry	NT=Data-dependent acquisition;AC=PRIDE:0000627	NT=label free sample;AC=MS:1002038	NT=ltq ft;AC=MS:1000448	NT=Carbamidomethyl;AC=UNIMOD:4;TA=C;MT=Fixed	NT=Phospho;AC=UNIMOD:21;TA=S,T,Y;MT=Variable	NT=Oxidation;AC=UNIMOD:35;TA=M;MT=Variable	NT=Trypsin;AC=MS:1001251	NT=collision-induced dissociation;AC=MS:1000133	10 ppm	sds page	dithiothreitol (dtt)	iodoacetamide (iaa)	1	1	muscle_mito_FD6_10ug_IV_4_020111.RAW	ftp://ftp.pride.ebi.ac.uk/pride/data/archive/2018/10/PXD004312/muscle_mito_FD6_10ug_IV_4_020111.RAW	v1.1.0	NT=ms-proteomics;VV=v1.1.0	NT=clinical-metadata;VV=v1.0.0	manual curation	muscle
Mito_OG0_4ug_1_091109	homo sapiens	not available	not applicable	type 2 diabetes mellitus	1	Mito_OG0_4ug_1_091109	proteomic profiling by mass spectrometry	NT=Data-dependent acquisition;AC=PRIDE:0000627	NT=label free sample;AC=MS:1002038	NT=ltq ft;AC=MS:1000448	NT=Carbamidomethyl;AC=UNIMOD:4;TA=C;MT=Fixed	NT=Phospho;AC=UNIMOD:21;TA=S,T,Y;MT=Variable	NT=Oxidation;AC=UNIMOD:35;TA=M;MT=Variable	NT=Trypsin;AC=MS:1001251	NT=collision-induced dissociation;AC=MS:1000133	10 ppm	sds page	dithiothreitol (dtt)	iodoacetamide (iaa)	1	1	Mito_OG0_4ug_1_091109.RAW	ftp://ftp.pride.ebi.ac.uk/pride/data/archive/2018/10/PXD004312/Mito_OG0_4ug_1_091109.RAW	v1.1.0	NT=ms-proteomics;VV=v1.1.0	NT=clinical-metadata;VV=v1.0.0	manual curation	not available
Mito_OG20_4ug_5_090909	homo sapiens	not available	not applicable	type 2 diabetes mellitus	1	Mito_OG20_4ug_5_090909	proteomic profiling by mass spectrometry	NT=Data-dependent acquisition;AC=PRIDE:0000627	NT=label free sample;AC=MS:1002038	NT=ltq ft;AC=MS:1000448	NT=Carbamidomethyl;AC=UNIMOD:4;TA=C;MT=Fixed	NT=Phospho;AC=UNIMOD:21;TA=S,T,Y;MT=Variable	NT=Oxidation;AC=UNIMOD:35;TA=M;MT=Variable	NT=Trypsin;AC=MS:1001251	NT=collision-induced dissociation;AC=MS:1000133	10 ppm	sds page	dithiothreitol (dtt)	iodoacetamide (iaa)	1	1	Mito_OG20_4ug_5_090909.RAW	ftp://ftp.pride.ebi.ac.uk/pride/data/archive/2018/10/PXD004312/Mito_OG20_4ug_5_090909.RAW	v1.1.0	NT=ms-proteomics;VV=v1.1.0	NT=clinical-metadata;VV=v1.0.0	manual curation	not available
muscle_mito_MD6_10ug_I_4_012311	homo sapiens	muscle	not applicable	type 2 diabetes mellitus	1	muscle_mito_MD6_10ug_I_4_012311	proteomic profiling by mass spectrometry	NT=Data-dependent acquisition;AC=PRIDE:0000627	NT=label free sample;AC=MS:1002038	NT=ltq ft;AC=MS:1000448	NT=Carbamidomethyl;AC=UNIMOD:4;TA=C;MT=Fixed	NT=Phospho;AC=UNIMOD:21;TA=S,T,Y;MT=Variable	NT=Oxidation;AC=UNIMOD:35;TA=M;MT=Variable	NT=Trypsin;AC=MS:1001251	NT=collision-induced dissociation;AC=MS:1000133	10 ppm	sds page	dithiothreitol (dtt)	iodoacetamide (iaa)	1	1	muscle_mito_MD6_10ug_I_4_012311.RAW	ftp://ftp.pride.ebi.ac.uk/pride/data/archive/2018/10/PXD004312/muscle_mito_MD6_10ug_I_4_012311.RAW	v1.1.0	NT=ms-proteomics;VV=v1.1.0	NT=clinical-metadata;VV=v1.0.0	manual curation	muscle
muscle_mito_FD1_10ug_III_2_013011	homo sapiens	muscle	not applicable	type 2 diabetes mellitus	1	muscle_mito_FD1_10ug_III_2_013011	proteomic profiling by mass spectrometry	NT=Data-dependent acquisition;AC=PRIDE:0000627	NT=label free sample;AC=MS:1002038	NT=ltq ft;AC=MS:1000448	NT=Carbamidomethyl;AC=UNIMOD:4;TA=C;MT=Fixed	NT=Phospho;AC=UNIMOD:21;TA=S,T,Y;MT=Variable	NT=Oxidation;AC=UNIMOD:35;TA=M;MT=Variable	NT=Trypsin;AC=MS:1001251	NT=collision-induced dissociation;AC=MS:1000133	10 ppm	sds page	dithiothreitol (dtt)	iodoacetamide (iaa)	1	1	muscle_mito_FD1_10ug_III_2_013011.RAW	ftp://ftp.pride.ebi.ac.uk/pride/data/archive/2018/10/PXD004312/muscle_mito_FD1_10ug_III_2_013011.RAW	v1.1.0	NT=ms-proteomics;VV=v1.1.0	NT=clinical-metadata;VV=v1.0.0	manual curation	muscle
muscle_mito_FD7_10ug_II_3_020211	homo sapiens	muscle	not applicable	type 2 diabetes mellitus	1	muscle_mito_FD7_10ug_II_3_020211	proteomic profiling by mass spectrometry	NT=Data-dependent acquisition;AC=PRIDE:0000627	NT=label free sample;AC=MS:1002038	NT=ltq ft;AC=MS:1000448	NT=Carbamidomethyl;AC=UNIMOD:4;TA=C;MT=Fixed	NT=Phospho;AC=UNIMOD:21;TA=S,T,Y;MT=Variable	NT=Oxidation;AC=UNIMOD:35;TA=M;MT=Variable	NT=Trypsin;AC=MS:1001251	NT=collision-induced dissociation;AC=MS:1000133	10 ppm	sds page	dithiothreitol (dtt)	iodoacetamide (iaa)	1	1	muscle_mito_FD7_10ug_II_3_020211.RAW	ftp://ftp.pride.ebi.ac.uk/pride/data/archive/2018/10/PXD004312/muscle_mito_FD7_10ug_II_3_020211.RAW	v1.1.0	NT=ms-proteomics;VV=v1.1.0	NT=clinical-metadata;VV=v1.0.0	manual curation	muscle
