source name	characteristics[organism]	characteristics[organism part]	characteristics[cell type]	characteristics[disease]	characteristics[biological replicate]	assay name	technology type	comment[proteomics data acquisition method]	comment[label]	comment[instrument]	comment[modification parameters]	comment[modification parameters]	comment[cleavage agent details]	comment[dissociation method]	comment[precursor mass tolerance]	comment[fragment mass tolerance]	comment[fractionation method]	comment[fraction identifier]	comment[technical replicate]	comment[data file]	comment[file uri]	comment[sdrf version]	comment[sdrf template]	comment[sdrf annotation tool]
20160524_1222_20	mus musculus	not available	not applicable	not available	20	20160524_1222_20	proteomic profiling by mass spectrometry	NT=Data-dependent acquisition;AC=PRIDE:0000627	NT=label free sample;AC=MS:1002038	NT=orbitrap elite;AC=MS:1001910	NT=Phospho;AC=UNIMOD:21;TA=S,T,Y;MT=Variable	NT=Oxidation;AC=UNIMOD:35;TA=M;MT=Variable	NT=Trypsin;AC=MS:1001251	NT=collision-induced dissociation;AC=MS:1000133	0.5 Da	0.5 Da	sds page	1	1	20160524_1222_20.raw	ftp://ftp.pride.ebi.ac.uk/pride/data/archive/2017/06/PXD003674/20160524_1222_20.raw	v1.1.0	NT=ms-proteomics;VV=v1.1.0	manual curation
20160927_3106_27	mus musculus	not available	not applicable	not available	27	20160927_3106_27	proteomic profiling by mass spectrometry	NT=Data-dependent acquisition;AC=PRIDE:0000627	NT=label free sample;AC=MS:1002038	NT=orbitrap elite;AC=MS:1001910	NT=Phospho;AC=UNIMOD:21;TA=S,T,Y;MT=Variable	NT=Oxidation;AC=UNIMOD:35;TA=M;MT=Variable	NT=Trypsin;AC=MS:1001251	NT=collision-induced dissociation;AC=MS:1000133	0.5 Da	0.5 Da	sds page	1	1	20160927_3106_27.raw	ftp://ftp.pride.ebi.ac.uk/pride/data/archive/2017/06/PXD003674/20160927_3106_27.raw	v1.1.0	NT=ms-proteomics;VV=v1.1.0	manual curation
20160426_3066_13	mus musculus	not available	not applicable	not available	13	20160426_3066_13	proteomic profiling by mass spectrometry	NT=Data-dependent acquisition;AC=PRIDE:0000627	NT=label free sample;AC=MS:1002038	NT=orbitrap elite;AC=MS:1001910	NT=Phospho;AC=UNIMOD:21;TA=S,T,Y;MT=Variable	NT=Oxidation;AC=UNIMOD:35;TA=M;MT=Variable	NT=Trypsin;AC=MS:1001251	NT=collision-induced dissociation;AC=MS:1000133	0.5 Da	0.5 Da	sds page	1	1	20160426_3066_13.raw	ftp://ftp.pride.ebi.ac.uk/pride/data/archive/2017/06/PXD003674/20160426_3066_13.raw	v1.1.0	NT=ms-proteomics;VV=v1.1.0	manual curation
20160523_1222_9	mus musculus	not available	not applicable	not available	9	20160523_1222_9	proteomic profiling by mass spectrometry	NT=Data-dependent acquisition;AC=PRIDE:0000627	NT=label free sample;AC=MS:1002038	NT=orbitrap elite;AC=MS:1001910	NT=Phospho;AC=UNIMOD:21;TA=S,T,Y;MT=Variable	NT=Oxidation;AC=UNIMOD:35;TA=M;MT=Variable	NT=Trypsin;AC=MS:1001251	NT=collision-induced dissociation;AC=MS:1000133	0.5 Da	0.5 Da	sds page	1	1	20160523_1222_9.raw	ftp://ftp.pride.ebi.ac.uk/pride/data/archive/2017/06/PXD003674/20160523_1222_9.raw	v1.1.0	NT=ms-proteomics;VV=v1.1.0	manual curation
20160603_3077_1	mus musculus	not available	not applicable	not available	1	20160603_3077_1	proteomic profiling by mass spectrometry	NT=Data-dependent acquisition;AC=PRIDE:0000627	NT=label free sample;AC=MS:1002038	NT=orbitrap elite;AC=MS:1001910	NT=Phospho;AC=UNIMOD:21;TA=S,T,Y;MT=Variable	NT=Oxidation;AC=UNIMOD:35;TA=M;MT=Variable	NT=Trypsin;AC=MS:1001251	NT=collision-induced dissociation;AC=MS:1000133	0.5 Da	0.5 Da	sds page	1	1	20160603_3077_1.raw	ftp://ftp.pride.ebi.ac.uk/pride/data/archive/2017/06/PXD003674/20160603_3077_1.raw	v1.1.0	NT=ms-proteomics;VV=v1.1.0	manual curation
20150514_CLASP2_1076_56	mus musculus	not available	not applicable	not available	56	20150514_CLASP2_1076_56	proteomic profiling by mass spectrometry	NT=Data-dependent acquisition;AC=PRIDE:0000627	NT=label free sample;AC=MS:1002038	NT=orbitrap elite;AC=MS:1001910	NT=Phospho;AC=UNIMOD:21;TA=S,T,Y;MT=Variable	NT=Oxidation;AC=UNIMOD:35;TA=M;MT=Variable	NT=Trypsin;AC=MS:1001251	NT=collision-induced dissociation;AC=MS:1000133	0.5 Da	0.5 Da	sds page	1	1	20150514_CLASP2_1076_56.raw	ftp://ftp.pride.ebi.ac.uk/pride/data/archive/2017/06/PXD003674/20150514_CLASP2_1076_56.raw	v1.1.0	NT=ms-proteomics;VV=v1.1.0	manual curation
20150506_22	mus musculus	not available	not applicable	not available	22	20150506_22	proteomic profiling by mass spectrometry	NT=Data-dependent acquisition;AC=PRIDE:0000627	NT=label free sample;AC=MS:1002038	NT=orbitrap elite;AC=MS:1001910	NT=Phospho;AC=UNIMOD:21;TA=S,T,Y;MT=Variable	NT=Oxidation;AC=UNIMOD:35;TA=M;MT=Variable	NT=Trypsin;AC=MS:1001251	NT=collision-induced dissociation;AC=MS:1000133	0.5 Da	0.5 Da	sds page	1	1	20150506_22.raw	ftp://ftp.pride.ebi.ac.uk/pride/data/archive/2017/06/PXD003674/20150506_22.raw	v1.1.0	NT=ms-proteomics;VV=v1.1.0	manual curation
20160528_Sample2	mus musculus	not available	not applicable	not available	1	20160528_Sample2	proteomic profiling by mass spectrometry	NT=Data-dependent acquisition;AC=PRIDE:0000627	NT=label free sample;AC=MS:1002038	NT=orbitrap elite;AC=MS:1001910	NT=Phospho;AC=UNIMOD:21;TA=S,T,Y;MT=Variable	NT=Oxidation;AC=UNIMOD:35;TA=M;MT=Variable	NT=Trypsin;AC=MS:1001251	NT=collision-induced dissociation;AC=MS:1000133	0.5 Da	0.5 Da	sds page	1	1	20160528_Sample2.raw	ftp://ftp.pride.ebi.ac.uk/pride/data/archive/2017/06/PXD003674/20160528_Sample2.raw	v1.1.0	NT=ms-proteomics;VV=v1.1.0	manual curation
20160314_3049_11_redo	mus musculus	not available	not applicable	not available	1	20160314_3049_11_redo	proteomic profiling by mass spectrometry	NT=Data-dependent acquisition;AC=PRIDE:0000627	NT=label free sample;AC=MS:1002038	NT=orbitrap elite;AC=MS:1001910	NT=Phospho;AC=UNIMOD:21;TA=S,T,Y;MT=Variable	NT=Oxidation;AC=UNIMOD:35;TA=M;MT=Variable	NT=Trypsin;AC=MS:1001251	NT=collision-induced dissociation;AC=MS:1000133	0.5 Da	0.5 Da	sds page	1	1	20160314_3049_11_redo.raw	ftp://ftp.pride.ebi.ac.uk/pride/data/archive/2017/06/PXD003674/20160314_3049_11_redo.raw	v1.1.0	NT=ms-proteomics;VV=v1.1.0	manual curation
20160309_3049_23	mus musculus	not available	not applicable	not available	23	20160309_3049_23	proteomic profiling by mass spectrometry	NT=Data-dependent acquisition;AC=PRIDE:0000627	NT=label free sample;AC=MS:1002038	NT=orbitrap elite;AC=MS:1001910	NT=Phospho;AC=UNIMOD:21;TA=S,T,Y;MT=Variable	NT=Oxidation;AC=UNIMOD:35;TA=M;MT=Variable	NT=Trypsin;AC=MS:1001251	NT=collision-induced dissociation;AC=MS:1000133	0.5 Da	0.5 Da	sds page	1	1	20160309_3049_23.raw	ftp://ftp.pride.ebi.ac.uk/pride/data/archive/2017/06/PXD003674/20160309_3049_23.raw	v1.1.0	NT=ms-proteomics;VV=v1.1.0	manual curation
20160407_3056_16	mus musculus	not available	not applicable	not available	16	20160407_3056_16	proteomic profiling by mass spectrometry	NT=Data-dependent acquisition;AC=PRIDE:0000627	NT=label free sample;AC=MS:1002038	NT=orbitrap elite;AC=MS:1001910	NT=Phospho;AC=UNIMOD:21;TA=S,T,Y;MT=Variable	NT=Oxidation;AC=UNIMOD:35;TA=M;MT=Variable	NT=Trypsin;AC=MS:1001251	NT=collision-induced dissociation;AC=MS:1000133	0.5 Da	0.5 Da	sds page	1	1	20160407_3056_16.raw	ftp://ftp.pride.ebi.ac.uk/pride/data/archive/2017/06/PXD003674/20160407_3056_16.raw	v1.1.0	NT=ms-proteomics;VV=v1.1.0	manual curation
20150506_9	mus musculus	not available	not applicable	not available	9	20150506_9	proteomic profiling by mass spectrometry	NT=Data-dependent acquisition;AC=PRIDE:0000627	NT=label free sample;AC=MS:1002038	NT=orbitrap elite;AC=MS:1001910	NT=Phospho;AC=UNIMOD:21;TA=S,T,Y;MT=Variable	NT=Oxidation;AC=UNIMOD:35;TA=M;MT=Variable	NT=Trypsin;AC=MS:1001251	NT=collision-induced dissociation;AC=MS:1000133	0.5 Da	0.5 Da	sds page	1	1	20150506_9.raw	ftp://ftp.pride.ebi.ac.uk/pride/data/archive/2017/06/PXD003674/20150506_9.raw	v1.1.0	NT=ms-proteomics;VV=v1.1.0	manual curation
20160425_3066_1	mus musculus	not available	not applicable	not available	1	20160425_3066_1	proteomic profiling by mass spectrometry	NT=Data-dependent acquisition;AC=PRIDE:0000627	NT=label free sample;AC=MS:1002038	NT=orbitrap elite;AC=MS:1001910	NT=Phospho;AC=UNIMOD:21;TA=S,T,Y;MT=Variable	NT=Oxidation;AC=UNIMOD:35;TA=M;MT=Variable	NT=Trypsin;AC=MS:1001251	NT=collision-induced dissociation;AC=MS:1000133	0.5 Da	0.5 Da	sds page	1	1	20160425_3066_1.raw	ftp://ftp.pride.ebi.ac.uk/pride/data/archive/2017/06/PXD003674/20160425_3066_1.raw	v1.1.0	NT=ms-proteomics;VV=v1.1.0	manual curation
20160407_3056_26	mus musculus	not available	not applicable	not available	26	20160407_3056_26	proteomic profiling by mass spectrometry	NT=Data-dependent acquisition;AC=PRIDE:0000627	NT=label free sample;AC=MS:1002038	NT=orbitrap elite;AC=MS:1001910	NT=Phospho;AC=UNIMOD:21;TA=S,T,Y;MT=Variable	NT=Oxidation;AC=UNIMOD:35;TA=M;MT=Variable	NT=Trypsin;AC=MS:1001251	NT=collision-induced dissociation;AC=MS:1000133	0.5 Da	0.5 Da	sds page	1	1	20160407_3056_26.raw	ftp://ftp.pride.ebi.ac.uk/pride/data/archive/2017/06/PXD003674/20160407_3056_26.raw	v1.1.0	NT=ms-proteomics;VV=v1.1.0	manual curation
20160401_3055_19	mus musculus	not available	not applicable	not available	19	20160401_3055_19	proteomic profiling by mass spectrometry	NT=Data-dependent acquisition;AC=PRIDE:0000627	NT=label free sample;AC=MS:1002038	NT=orbitrap elite;AC=MS:1001910	NT=Phospho;AC=UNIMOD:21;TA=S,T,Y;MT=Variable	NT=Oxidation;AC=UNIMOD:35;TA=M;MT=Variable	NT=Trypsin;AC=MS:1001251	NT=collision-induced dissociation;AC=MS:1000133	0.5 Da	0.5 Da	sds page	1	1	20160401_3055_19.raw	ftp://ftp.pride.ebi.ac.uk/pride/data/archive/2017/06/PXD003674/20160401_3055_19.raw	v1.1.0	NT=ms-proteomics;VV=v1.1.0	manual curation
20160219_CLASP2_HA_3029_24	mus musculus	not available	not applicable	not available	24	20160219_CLASP2_HA_3029_24	proteomic profiling by mass spectrometry	NT=Data-dependent acquisition;AC=PRIDE:0000627	NT=label free sample;AC=MS:1002038	NT=orbitrap elite;AC=MS:1001910	NT=Phospho;AC=UNIMOD:21;TA=S,T,Y;MT=Variable	NT=Oxidation;AC=UNIMOD:35;TA=M;MT=Variable	NT=Trypsin;AC=MS:1001251	NT=collision-induced dissociation;AC=MS:1000133	0.5 Da	0.5 Da	sds page	1	1	20160219_CLASP2_HA_3029_24.raw	ftp://ftp.pride.ebi.ac.uk/pride/data/archive/2017/06/PXD003674/20160219_CLASP2_HA_3029_24.raw	v1.1.0	NT=ms-proteomics;VV=v1.1.0	manual curation
20160603_3077_26	mus musculus	not available	not applicable	not available	26	20160603_3077_26	proteomic profiling by mass spectrometry	NT=Data-dependent acquisition;AC=PRIDE:0000627	NT=label free sample;AC=MS:1002038	NT=orbitrap elite;AC=MS:1001910	NT=Phospho;AC=UNIMOD:21;TA=S,T,Y;MT=Variable	NT=Oxidation;AC=UNIMOD:35;TA=M;MT=Variable	NT=Trypsin;AC=MS:1001251	NT=collision-induced dissociation;AC=MS:1000133	0.5 Da	0.5 Da	sds page	1	1	20160603_3077_26.raw	ftp://ftp.pride.ebi.ac.uk/pride/data/archive/2017/06/PXD003674/20160603_3077_26.raw	v1.1.0	NT=ms-proteomics;VV=v1.1.0	manual curation
20150506_50	mus musculus	not available	not applicable	not available	50	20150506_50	proteomic profiling by mass spectrometry	NT=Data-dependent acquisition;AC=PRIDE:0000627	NT=label free sample;AC=MS:1002038	NT=orbitrap elite;AC=MS:1001910	NT=Phospho;AC=UNIMOD:21;TA=S,T,Y;MT=Variable	NT=Oxidation;AC=UNIMOD:35;TA=M;MT=Variable	NT=Trypsin;AC=MS:1001251	NT=collision-induced dissociation;AC=MS:1000133	0.5 Da	0.5 Da	sds page	1	1	20150506_50.raw	ftp://ftp.pride.ebi.ac.uk/pride/data/archive/2017/06/PXD003674/20150506_50.raw	v1.1.0	NT=ms-proteomics;VV=v1.1.0	manual curation
20150511_CLASP2_1076_40	mus musculus	not available	not applicable	not available	40	20150511_CLASP2_1076_40	proteomic profiling by mass spectrometry	NT=Data-dependent acquisition;AC=PRIDE:0000627	NT=label free sample;AC=MS:1002038	NT=orbitrap elite;AC=MS:1001910	NT=Phospho;AC=UNIMOD:21;TA=S,T,Y;MT=Variable	NT=Oxidation;AC=UNIMOD:35;TA=M;MT=Variable	NT=Trypsin;AC=MS:1001251	NT=collision-induced dissociation;AC=MS:1000133	0.5 Da	0.5 Da	sds page	1	1	20150511_CLASP2_1076_40.raw	ftp://ftp.pride.ebi.ac.uk/pride/data/archive/2017/06/PXD003674/20150511_CLASP2_1076_40.raw	v1.1.0	NT=ms-proteomics;VV=v1.1.0	manual curation
20160401_3055_4	mus musculus	not available	not applicable	not available	4	20160401_3055_4	proteomic profiling by mass spectrometry	NT=Data-dependent acquisition;AC=PRIDE:0000627	NT=label free sample;AC=MS:1002038	NT=orbitrap elite;AC=MS:1001910	NT=Phospho;AC=UNIMOD:21;TA=S,T,Y;MT=Variable	NT=Oxidation;AC=UNIMOD:35;TA=M;MT=Variable	NT=Trypsin;AC=MS:1001251	NT=collision-induced dissociation;AC=MS:1000133	0.5 Da	0.5 Da	sds page	1	1	20160401_3055_4.raw	ftp://ftp.pride.ebi.ac.uk/pride/data/archive/2017/06/PXD003674/20160401_3055_4.raw	v1.1.0	NT=ms-proteomics;VV=v1.1.0	manual curation
20160106_CLASP2_HA_3022_32	mus musculus	not available	not applicable	not available	32	20160106_CLASP2_HA_3022_32	proteomic profiling by mass spectrometry	NT=Data-dependent acquisition;AC=PRIDE:0000627	NT=label free sample;AC=MS:1002038	NT=orbitrap elite;AC=MS:1001910	NT=Phospho;AC=UNIMOD:21;TA=S,T,Y;MT=Variable	NT=Oxidation;AC=UNIMOD:35;TA=M;MT=Variable	NT=Trypsin;AC=MS:1001251	NT=collision-induced dissociation;AC=MS:1000133	0.5 Da	0.5 Da	sds page	1	1	20160106_CLASP2_HA_3022_32.raw	ftp://ftp.pride.ebi.ac.uk/pride/data/archive/2017/06/PXD003674/20160106_CLASP2_HA_3022_32.raw	v1.1.0	NT=ms-proteomics;VV=v1.1.0	manual curation
20161007_3017_17	mus musculus	not available	not applicable	not available	17	20161007_3017_17	proteomic profiling by mass spectrometry	NT=Data-dependent acquisition;AC=PRIDE:0000627	NT=label free sample;AC=MS:1002038	NT=orbitrap elite;AC=MS:1001910	NT=Phospho;AC=UNIMOD:21;TA=S,T,Y;MT=Variable	NT=Oxidation;AC=UNIMOD:35;TA=M;MT=Variable	NT=Trypsin;AC=MS:1001251	NT=collision-induced dissociation;AC=MS:1000133	0.5 Da	0.5 Da	sds page	1	1	20161007_3017_17.raw	ftp://ftp.pride.ebi.ac.uk/pride/data/archive/2017/06/PXD003674/20161007_3017_17.raw	v1.1.0	NT=ms-proteomics;VV=v1.1.0	manual curation
20160224_CLASP2_3042_HA_8	mus musculus	not available	not applicable	not available	8	20160224_CLASP2_3042_HA_8	proteomic profiling by mass spectrometry	NT=Data-dependent acquisition;AC=PRIDE:0000627	NT=label free sample;AC=MS:1002038	NT=orbitrap elite;AC=MS:1001910	NT=Phospho;AC=UNIMOD:21;TA=S,T,Y;MT=Variable	NT=Oxidation;AC=UNIMOD:35;TA=M;MT=Variable	NT=Trypsin;AC=MS:1001251	NT=collision-induced dissociation;AC=MS:1000133	0.5 Da	0.5 Da	sds page	1	1	20160224_CLASP2_3042_HA_8.raw	ftp://ftp.pride.ebi.ac.uk/pride/data/archive/2017/06/PXD003674/20160224_CLASP2_3042_HA_8.raw	v1.1.0	NT=ms-proteomics;VV=v1.1.0	manual curation
20160219_CLASP2_HA_3029_8	mus musculus	not available	not applicable	not available	8	20160219_CLASP2_HA_3029_8	proteomic profiling by mass spectrometry	NT=Data-dependent acquisition;AC=PRIDE:0000627	NT=label free sample;AC=MS:1002038	NT=orbitrap elite;AC=MS:1001910	NT=Phospho;AC=UNIMOD:21;TA=S,T,Y;MT=Variable	NT=Oxidation;AC=UNIMOD:35;TA=M;MT=Variable	NT=Trypsin;AC=MS:1001251	NT=collision-induced dissociation;AC=MS:1000133	0.5 Da	0.5 Da	sds page	1	1	20160219_CLASP2_HA_3029_8.raw	ftp://ftp.pride.ebi.ac.uk/pride/data/archive/2017/06/PXD003674/20160219_CLASP2_HA_3029_8.raw	v1.1.0	NT=ms-proteomics;VV=v1.1.0	manual curation
20160429_3066_33	mus musculus	not available	not applicable	not available	33	20160429_3066_33	proteomic profiling by mass spectrometry	NT=Data-dependent acquisition;AC=PRIDE:0000627	NT=label free sample;AC=MS:1002038	NT=orbitrap elite;AC=MS:1001910	NT=Phospho;AC=UNIMOD:21;TA=S,T,Y;MT=Variable	NT=Oxidation;AC=UNIMOD:35;TA=M;MT=Variable	NT=Trypsin;AC=MS:1001251	NT=collision-induced dissociation;AC=MS:1000133	0.5 Da	0.5 Da	sds page	1	1	20160429_3066_33.raw	ftp://ftp.pride.ebi.ac.uk/pride/data/archive/2017/06/PXD003674/20160429_3066_33.raw	v1.1.0	NT=ms-proteomics;VV=v1.1.0	manual curation
20150410_24	mus musculus	not available	not applicable	not available	24	20150410_24	proteomic profiling by mass spectrometry	NT=Data-dependent acquisition;AC=PRIDE:0000627	NT=label free sample;AC=MS:1002038	NT=orbitrap elite;AC=MS:1001910	NT=Phospho;AC=UNIMOD:21;TA=S,T,Y;MT=Variable	NT=Oxidation;AC=UNIMOD:35;TA=M;MT=Variable	NT=Trypsin;AC=MS:1001251	NT=collision-induced dissociation;AC=MS:1000133	0.5 Da	0.5 Da	sds page	1	1	20150410_24.raw	ftp://ftp.pride.ebi.ac.uk/pride/data/archive/2017/06/PXD003674/20150410_24.raw	v1.1.0	NT=ms-proteomics;VV=v1.1.0	manual curation
20150410_17	mus musculus	not available	not applicable	not available	17	20150410_17	proteomic profiling by mass spectrometry	NT=Data-dependent acquisition;AC=PRIDE:0000627	NT=label free sample;AC=MS:1002038	NT=orbitrap elite;AC=MS:1001910	NT=Phospho;AC=UNIMOD:21;TA=S,T,Y;MT=Variable	NT=Oxidation;AC=UNIMOD:35;TA=M;MT=Variable	NT=Trypsin;AC=MS:1001251	NT=collision-induced dissociation;AC=MS:1000133	0.5 Da	0.5 Da	sds page	1	1	20150410_17.raw	ftp://ftp.pride.ebi.ac.uk/pride/data/archive/2017/06/PXD003674/20150410_17.raw	v1.1.0	NT=ms-proteomics;VV=v1.1.0	manual curation
20160603_3077_6	mus musculus	not available	not applicable	not available	6	20160603_3077_6	proteomic profiling by mass spectrometry	NT=Data-dependent acquisition;AC=PRIDE:0000627	NT=label free sample;AC=MS:1002038	NT=orbitrap elite;AC=MS:1001910	NT=Phospho;AC=UNIMOD:21;TA=S,T,Y;MT=Variable	NT=Oxidation;AC=UNIMOD:35;TA=M;MT=Variable	NT=Trypsin;AC=MS:1001251	NT=collision-induced dissociation;AC=MS:1000133	0.5 Da	0.5 Da	sds page	1	1	20160603_3077_6.raw	ftp://ftp.pride.ebi.ac.uk/pride/data/archive/2017/06/PXD003674/20160603_3077_6.raw	v1.1.0	NT=ms-proteomics;VV=v1.1.0	manual curation
20160927_3106_23	mus musculus	not available	not applicable	not available	23	20160927_3106_23	proteomic profiling by mass spectrometry	NT=Data-dependent acquisition;AC=PRIDE:0000627	NT=label free sample;AC=MS:1002038	NT=orbitrap elite;AC=MS:1001910	NT=Phospho;AC=UNIMOD:21;TA=S,T,Y;MT=Variable	NT=Oxidation;AC=UNIMOD:35;TA=M;MT=Variable	NT=Trypsin;AC=MS:1001251	NT=collision-induced dissociation;AC=MS:1000133	0.5 Da	0.5 Da	sds page	1	1	20160927_3106_23.raw	ftp://ftp.pride.ebi.ac.uk/pride/data/archive/2017/06/PXD003674/20160927_3106_23.raw	v1.1.0	NT=ms-proteomics;VV=v1.1.0	manual curation
20160927_3106_25	mus musculus	not available	not applicable	not available	25	20160927_3106_25	proteomic profiling by mass spectrometry	NT=Data-dependent acquisition;AC=PRIDE:0000627	NT=label free sample;AC=MS:1002038	NT=orbitrap elite;AC=MS:1001910	NT=Phospho;AC=UNIMOD:21;TA=S,T,Y;MT=Variable	NT=Oxidation;AC=UNIMOD:35;TA=M;MT=Variable	NT=Trypsin;AC=MS:1001251	NT=collision-induced dissociation;AC=MS:1000133	0.5 Da	0.5 Da	sds page	1	1	20160927_3106_25.raw	ftp://ftp.pride.ebi.ac.uk/pride/data/archive/2017/06/PXD003674/20160927_3106_25.raw	v1.1.0	NT=ms-proteomics;VV=v1.1.0	manual curation
20160502_3071_13	mus musculus	not available	not applicable	not available	13	20160502_3071_13	proteomic profiling by mass spectrometry	NT=Data-dependent acquisition;AC=PRIDE:0000627	NT=label free sample;AC=MS:1002038	NT=orbitrap elite;AC=MS:1001910	NT=Phospho;AC=UNIMOD:21;TA=S,T,Y;MT=Variable	NT=Oxidation;AC=UNIMOD:35;TA=M;MT=Variable	NT=Trypsin;AC=MS:1001251	NT=collision-induced dissociation;AC=MS:1000133	0.5 Da	0.5 Da	sds page	1	1	20160502_3071_13.raw	ftp://ftp.pride.ebi.ac.uk/pride/data/archive/2017/06/PXD003674/20160502_3071_13.raw	v1.1.0	NT=ms-proteomics;VV=v1.1.0	manual curation
20160520_3074_28	mus musculus	not available	not applicable	not available	28	20160520_3074_28	proteomic profiling by mass spectrometry	NT=Data-dependent acquisition;AC=PRIDE:0000627	NT=label free sample;AC=MS:1002038	NT=orbitrap elite;AC=MS:1001910	NT=Phospho;AC=UNIMOD:21;TA=S,T,Y;MT=Variable	NT=Oxidation;AC=UNIMOD:35;TA=M;MT=Variable	NT=Trypsin;AC=MS:1001251	NT=collision-induced dissociation;AC=MS:1000133	0.5 Da	0.5 Da	sds page	1	1	20160520_3074_28.raw	ftp://ftp.pride.ebi.ac.uk/pride/data/archive/2017/06/PXD003674/20160520_3074_28.raw	v1.1.0	NT=ms-proteomics;VV=v1.1.0	manual curation
20150511_CLASP2_1076_54	mus musculus	not available	not applicable	not available	54	20150511_CLASP2_1076_54	proteomic profiling by mass spectrometry	NT=Data-dependent acquisition;AC=PRIDE:0000627	NT=label free sample;AC=MS:1002038	NT=orbitrap elite;AC=MS:1001910	NT=Phospho;AC=UNIMOD:21;TA=S,T,Y;MT=Variable	NT=Oxidation;AC=UNIMOD:35;TA=M;MT=Variable	NT=Trypsin;AC=MS:1001251	NT=collision-induced dissociation;AC=MS:1000133	0.5 Da	0.5 Da	sds page	1	1	20150511_CLASP2_1076_54.raw	ftp://ftp.pride.ebi.ac.uk/pride/data/archive/2017/06/PXD003674/20150511_CLASP2_1076_54.raw	v1.1.0	NT=ms-proteomics;VV=v1.1.0	manual curation
20150410_8	mus musculus	not available	not applicable	not available	8	20150410_8	proteomic profiling by mass spectrometry	NT=Data-dependent acquisition;AC=PRIDE:0000627	NT=label free sample;AC=MS:1002038	NT=orbitrap elite;AC=MS:1001910	NT=Phospho;AC=UNIMOD:21;TA=S,T,Y;MT=Variable	NT=Oxidation;AC=UNIMOD:35;TA=M;MT=Variable	NT=Trypsin;AC=MS:1001251	NT=collision-induced dissociation;AC=MS:1000133	0.5 Da	0.5 Da	sds page	1	1	20150410_8.raw	ftp://ftp.pride.ebi.ac.uk/pride/data/archive/2017/06/PXD003674/20150410_8.raw	v1.1.0	NT=ms-proteomics;VV=v1.1.0	manual curation
20160416_3065_AGAP3_SOGA1_1	mus musculus	not available	not applicable	not available	1	20160416_3065_AGAP3_SOGA1_1	proteomic profiling by mass spectrometry	NT=Data-dependent acquisition;AC=PRIDE:0000627	NT=label free sample;AC=MS:1002038	NT=orbitrap elite;AC=MS:1001910	NT=Phospho;AC=UNIMOD:21;TA=S,T,Y;MT=Variable	NT=Oxidation;AC=UNIMOD:35;TA=M;MT=Variable	NT=Trypsin;AC=MS:1001251	NT=collision-induced dissociation;AC=MS:1000133	0.5 Da	0.5 Da	sds page	1	1	20160416_3065_AGAP3_SOGA1_1.raw	ftp://ftp.pride.ebi.ac.uk/pride/data/archive/2017/06/PXD003674/20160416_3065_AGAP3_SOGA1_1.raw	v1.1.0	NT=ms-proteomics;VV=v1.1.0	manual curation
20150514_CLASP2_1076_28	mus musculus	not available	not applicable	not available	28	20150514_CLASP2_1076_28	proteomic profiling by mass spectrometry	NT=Data-dependent acquisition;AC=PRIDE:0000627	NT=label free sample;AC=MS:1002038	NT=orbitrap elite;AC=MS:1001910	NT=Phospho;AC=UNIMOD:21;TA=S,T,Y;MT=Variable	NT=Oxidation;AC=UNIMOD:35;TA=M;MT=Variable	NT=Trypsin;AC=MS:1001251	NT=collision-induced dissociation;AC=MS:1000133	0.5 Da	0.5 Da	sds page	1	1	20150514_CLASP2_1076_28.raw	ftp://ftp.pride.ebi.ac.uk/pride/data/archive/2017/06/PXD003674/20150514_CLASP2_1076_28.raw	v1.1.0	NT=ms-proteomics;VV=v1.1.0	manual curation
20160416_3065_AGAP3_SOGA1_14	mus musculus	not available	not applicable	not available	14	20160416_3065_AGAP3_SOGA1_14	proteomic profiling by mass spectrometry	NT=Data-dependent acquisition;AC=PRIDE:0000627	NT=label free sample;AC=MS:1002038	NT=orbitrap elite;AC=MS:1001910	NT=Phospho;AC=UNIMOD:21;TA=S,T,Y;MT=Variable	NT=Oxidation;AC=UNIMOD:35;TA=M;MT=Variable	NT=Trypsin;AC=MS:1001251	NT=collision-induced dissociation;AC=MS:1000133	0.5 Da	0.5 Da	sds page	1	1	20160416_3065_AGAP3_SOGA1_14.raw	ftp://ftp.pride.ebi.ac.uk/pride/data/archive/2017/06/PXD003674/20160416_3065_AGAP3_SOGA1_14.raw	v1.1.0	NT=ms-proteomics;VV=v1.1.0	manual curation
20160927_3106_28	mus musculus	not available	not applicable	not available	28	20160927_3106_28	proteomic profiling by mass spectrometry	NT=Data-dependent acquisition;AC=PRIDE:0000627	NT=label free sample;AC=MS:1002038	NT=orbitrap elite;AC=MS:1001910	NT=Phospho;AC=UNIMOD:21;TA=S,T,Y;MT=Variable	NT=Oxidation;AC=UNIMOD:35;TA=M;MT=Variable	NT=Trypsin;AC=MS:1001251	NT=collision-induced dissociation;AC=MS:1000133	0.5 Da	0.5 Da	sds page	1	1	20160927_3106_28.raw	ftp://ftp.pride.ebi.ac.uk/pride/data/archive/2017/06/PXD003674/20160927_3106_28.raw	v1.1.0	NT=ms-proteomics;VV=v1.1.0	manual curation
20160426_3066_8	mus musculus	not available	not applicable	not available	8	20160426_3066_8	proteomic profiling by mass spectrometry	NT=Data-dependent acquisition;AC=PRIDE:0000627	NT=label free sample;AC=MS:1002038	NT=orbitrap elite;AC=MS:1001910	NT=Phospho;AC=UNIMOD:21;TA=S,T,Y;MT=Variable	NT=Oxidation;AC=UNIMOD:35;TA=M;MT=Variable	NT=Trypsin;AC=MS:1001251	NT=collision-induced dissociation;AC=MS:1000133	0.5 Da	0.5 Da	sds page	1	1	20160426_3066_8.raw	ftp://ftp.pride.ebi.ac.uk/pride/data/archive/2017/06/PXD003674/20160426_3066_8.raw	v1.1.0	NT=ms-proteomics;VV=v1.1.0	manual curation
20160219_CLASP2_HA_3029_3	mus musculus	not available	not applicable	not available	3	20160219_CLASP2_HA_3029_3	proteomic profiling by mass spectrometry	NT=Data-dependent acquisition;AC=PRIDE:0000627	NT=label free sample;AC=MS:1002038	NT=orbitrap elite;AC=MS:1001910	NT=Phospho;AC=UNIMOD:21;TA=S,T,Y;MT=Variable	NT=Oxidation;AC=UNIMOD:35;TA=M;MT=Variable	NT=Trypsin;AC=MS:1001251	NT=collision-induced dissociation;AC=MS:1000133	0.5 Da	0.5 Da	sds page	1	1	20160219_CLASP2_HA_3029_3.raw	ftp://ftp.pride.ebi.ac.uk/pride/data/archive/2017/06/PXD003674/20160219_CLASP2_HA_3029_3.raw	v1.1.0	NT=ms-proteomics;VV=v1.1.0	manual curation
20160219_CLASP2_HA_3029_6	mus musculus	not available	not applicable	not available	6	20160219_CLASP2_HA_3029_6	proteomic profiling by mass spectrometry	NT=Data-dependent acquisition;AC=PRIDE:0000627	NT=label free sample;AC=MS:1002038	NT=orbitrap elite;AC=MS:1001910	NT=Phospho;AC=UNIMOD:21;TA=S,T,Y;MT=Variable	NT=Oxidation;AC=UNIMOD:35;TA=M;MT=Variable	NT=Trypsin;AC=MS:1001251	NT=collision-induced dissociation;AC=MS:1000133	0.5 Da	0.5 Da	sds page	1	1	20160219_CLASP2_HA_3029_6.raw	ftp://ftp.pride.ebi.ac.uk/pride/data/archive/2017/06/PXD003674/20160219_CLASP2_HA_3029_6.raw	v1.1.0	NT=ms-proteomics;VV=v1.1.0	manual curation
20150511_CLASP2_1076_82	mus musculus	not available	not applicable	not available	82	20150511_CLASP2_1076_82	proteomic profiling by mass spectrometry	NT=Data-dependent acquisition;AC=PRIDE:0000627	NT=label free sample;AC=MS:1002038	NT=orbitrap elite;AC=MS:1001910	NT=Phospho;AC=UNIMOD:21;TA=S,T,Y;MT=Variable	NT=Oxidation;AC=UNIMOD:35;TA=M;MT=Variable	NT=Trypsin;AC=MS:1001251	NT=collision-induced dissociation;AC=MS:1000133	0.5 Da	0.5 Da	sds page	1	1	20150511_CLASP2_1076_82.raw	ftp://ftp.pride.ebi.ac.uk/pride/data/archive/2017/06/PXD003674/20150511_CLASP2_1076_82.raw	v1.1.0	NT=ms-proteomics;VV=v1.1.0	manual curation
20160519_3074_3	mus musculus	not available	not applicable	not available	3	20160519_3074_3	proteomic profiling by mass spectrometry	NT=Data-dependent acquisition;AC=PRIDE:0000627	NT=label free sample;AC=MS:1002038	NT=orbitrap elite;AC=MS:1001910	NT=Phospho;AC=UNIMOD:21;TA=S,T,Y;MT=Variable	NT=Oxidation;AC=UNIMOD:35;TA=M;MT=Variable	NT=Trypsin;AC=MS:1001251	NT=collision-induced dissociation;AC=MS:1000133	0.5 Da	0.5 Da	sds page	1	1	20160519_3074_3.raw	ftp://ftp.pride.ebi.ac.uk/pride/data/archive/2017/06/PXD003674/20160519_3074_3.raw	v1.1.0	NT=ms-proteomics;VV=v1.1.0	manual curation
20160106_CLASP2_HA_3022_7	mus musculus	not available	not applicable	not available	7	20160106_CLASP2_HA_3022_7	proteomic profiling by mass spectrometry	NT=Data-dependent acquisition;AC=PRIDE:0000627	NT=label free sample;AC=MS:1002038	NT=orbitrap elite;AC=MS:1001910	NT=Phospho;AC=UNIMOD:21;TA=S,T,Y;MT=Variable	NT=Oxidation;AC=UNIMOD:35;TA=M;MT=Variable	NT=Trypsin;AC=MS:1001251	NT=collision-induced dissociation;AC=MS:1000133	0.5 Da	0.5 Da	sds page	1	1	20160106_CLASP2_HA_3022_7.raw	ftp://ftp.pride.ebi.ac.uk/pride/data/archive/2017/06/PXD003674/20160106_CLASP2_HA_3022_7.raw	v1.1.0	NT=ms-proteomics;VV=v1.1.0	manual curation
20160416_3065_AGAP3_SOGA1_5	mus musculus	not available	not applicable	not available	5	20160416_3065_AGAP3_SOGA1_5	proteomic profiling by mass spectrometry	NT=Data-dependent acquisition;AC=PRIDE:0000627	NT=label free sample;AC=MS:1002038	NT=orbitrap elite;AC=MS:1001910	NT=Phospho;AC=UNIMOD:21;TA=S,T,Y;MT=Variable	NT=Oxidation;AC=UNIMOD:35;TA=M;MT=Variable	NT=Trypsin;AC=MS:1001251	NT=collision-induced dissociation;AC=MS:1000133	0.5 Da	0.5 Da	sds page	1	1	20160416_3065_AGAP3_SOGA1_5.raw	ftp://ftp.pride.ebi.ac.uk/pride/data/archive/2017/06/PXD003674/20160416_3065_AGAP3_SOGA1_5.raw	v1.1.0	NT=ms-proteomics;VV=v1.1.0	manual curation
20160318_3053_CLASP2_ABT263_11	mus musculus	not available	not applicable	not available	11	20160318_3053_CLASP2_ABT263_11	proteomic profiling by mass spectrometry	NT=Data-dependent acquisition;AC=PRIDE:0000627	NT=label free sample;AC=MS:1002038	NT=orbitrap elite;AC=MS:1001910	NT=Phospho;AC=UNIMOD:21;TA=S,T,Y;MT=Variable	NT=Oxidation;AC=UNIMOD:35;TA=M;MT=Variable	NT=Trypsin;AC=MS:1001251	NT=collision-induced dissociation;AC=MS:1000133	0.5 Da	0.5 Da	sds page	1	1	20160318_3053_CLASP2_ABT263_11.raw	ftp://ftp.pride.ebi.ac.uk/pride/data/archive/2017/06/PXD003674/20160318_3053_CLASP2_ABT263_11.raw	v1.1.0	NT=ms-proteomics;VV=v1.1.0	manual curation
20150511_CLASP2_1076_25	mus musculus	not available	not applicable	not available	25	20150511_CLASP2_1076_25	proteomic profiling by mass spectrometry	NT=Data-dependent acquisition;AC=PRIDE:0000627	NT=label free sample;AC=MS:1002038	NT=orbitrap elite;AC=MS:1001910	NT=Phospho;AC=UNIMOD:21;TA=S,T,Y;MT=Variable	NT=Oxidation;AC=UNIMOD:35;TA=M;MT=Variable	NT=Trypsin;AC=MS:1001251	NT=collision-induced dissociation;AC=MS:1000133	0.5 Da	0.5 Da	sds page	1	1	20150511_CLASP2_1076_25.raw	ftp://ftp.pride.ebi.ac.uk/pride/data/archive/2017/06/PXD003674/20150511_CLASP2_1076_25.raw	v1.1.0	NT=ms-proteomics;VV=v1.1.0	manual curation
20161007_3017_16	mus musculus	not available	not applicable	not available	16	20161007_3017_16	proteomic profiling by mass spectrometry	NT=Data-dependent acquisition;AC=PRIDE:0000627	NT=label free sample;AC=MS:1002038	NT=orbitrap elite;AC=MS:1001910	NT=Phospho;AC=UNIMOD:21;TA=S,T,Y;MT=Variable	NT=Oxidation;AC=UNIMOD:35;TA=M;MT=Variable	NT=Trypsin;AC=MS:1001251	NT=collision-induced dissociation;AC=MS:1000133	0.5 Da	0.5 Da	sds page	1	1	20161007_3017_16.raw	ftp://ftp.pride.ebi.ac.uk/pride/data/archive/2017/06/PXD003674/20161007_3017_16.raw	v1.1.0	NT=ms-proteomics;VV=v1.1.0	manual curation
20161007_3017_10	mus musculus	not available	not applicable	not available	10	20161007_3017_10	proteomic profiling by mass spectrometry	NT=Data-dependent acquisition;AC=PRIDE:0000627	NT=label free sample;AC=MS:1002038	NT=orbitrap elite;AC=MS:1001910	NT=Phospho;AC=UNIMOD:21;TA=S,T,Y;MT=Variable	NT=Oxidation;AC=UNIMOD:35;TA=M;MT=Variable	NT=Trypsin;AC=MS:1001251	NT=collision-induced dissociation;AC=MS:1000133	0.5 Da	0.5 Da	sds page	1	1	20161007_3017_10.raw	ftp://ftp.pride.ebi.ac.uk/pride/data/archive/2017/06/PXD003674/20161007_3017_10.raw	v1.1.0	NT=ms-proteomics;VV=v1.1.0	manual curation
20160531_3076_26	mus musculus	not available	not applicable	not available	26	20160531_3076_26	proteomic profiling by mass spectrometry	NT=Data-dependent acquisition;AC=PRIDE:0000627	NT=label free sample;AC=MS:1002038	NT=orbitrap elite;AC=MS:1001910	NT=Phospho;AC=UNIMOD:21;TA=S,T,Y;MT=Variable	NT=Oxidation;AC=UNIMOD:35;TA=M;MT=Variable	NT=Trypsin;AC=MS:1001251	NT=collision-induced dissociation;AC=MS:1000133	0.5 Da	0.5 Da	sds page	1	1	20160531_3076_26.raw	ftp://ftp.pride.ebi.ac.uk/pride/data/archive/2017/06/PXD003674/20160531_3076_26.raw	v1.1.0	NT=ms-proteomics;VV=v1.1.0	manual curation
20161007_3017_26	mus musculus	not available	not applicable	not available	26	20161007_3017_26	proteomic profiling by mass spectrometry	NT=Data-dependent acquisition;AC=PRIDE:0000627	NT=label free sample;AC=MS:1002038	NT=orbitrap elite;AC=MS:1001910	NT=Phospho;AC=UNIMOD:21;TA=S,T,Y;MT=Variable	NT=Oxidation;AC=UNIMOD:35;TA=M;MT=Variable	NT=Trypsin;AC=MS:1001251	NT=collision-induced dissociation;AC=MS:1000133	0.5 Da	0.5 Da	sds page	1	1	20161007_3017_26.raw	ftp://ftp.pride.ebi.ac.uk/pride/data/archive/2017/06/PXD003674/20161007_3017_26.raw	v1.1.0	NT=ms-proteomics;VV=v1.1.0	manual curation
20161007_3017_24	mus musculus	not available	not applicable	not available	24	20161007_3017_24	proteomic profiling by mass spectrometry	NT=Data-dependent acquisition;AC=PRIDE:0000627	NT=label free sample;AC=MS:1002038	NT=orbitrap elite;AC=MS:1001910	NT=Phospho;AC=UNIMOD:21;TA=S,T,Y;MT=Variable	NT=Oxidation;AC=UNIMOD:35;TA=M;MT=Variable	NT=Trypsin;AC=MS:1001251	NT=collision-induced dissociation;AC=MS:1000133	0.5 Da	0.5 Da	sds page	1	1	20161007_3017_24.raw	ftp://ftp.pride.ebi.ac.uk/pride/data/archive/2017/06/PXD003674/20161007_3017_24.raw	v1.1.0	NT=ms-proteomics;VV=v1.1.0	manual curation
20160519_3074_7	mus musculus	not available	not applicable	not available	7	20160519_3074_7	proteomic profiling by mass spectrometry	NT=Data-dependent acquisition;AC=PRIDE:0000627	NT=label free sample;AC=MS:1002038	NT=orbitrap elite;AC=MS:1001910	NT=Phospho;AC=UNIMOD:21;TA=S,T,Y;MT=Variable	NT=Oxidation;AC=UNIMOD:35;TA=M;MT=Variable	NT=Trypsin;AC=MS:1001251	NT=collision-induced dissociation;AC=MS:1000133	0.5 Da	0.5 Da	sds page	1	1	20160519_3074_7.raw	ftp://ftp.pride.ebi.ac.uk/pride/data/archive/2017/06/PXD003674/20160519_3074_7.raw	v1.1.0	NT=ms-proteomics;VV=v1.1.0	manual curation
20150410_7	mus musculus	not available	not applicable	not available	7	20150410_7	proteomic profiling by mass spectrometry	NT=Data-dependent acquisition;AC=PRIDE:0000627	NT=label free sample;AC=MS:1002038	NT=orbitrap elite;AC=MS:1001910	NT=Phospho;AC=UNIMOD:21;TA=S,T,Y;MT=Variable	NT=Oxidation;AC=UNIMOD:35;TA=M;MT=Variable	NT=Trypsin;AC=MS:1001251	NT=collision-induced dissociation;AC=MS:1000133	0.5 Da	0.5 Da	sds page	1	1	20150410_7.raw	ftp://ftp.pride.ebi.ac.uk/pride/data/archive/2017/06/PXD003674/20150410_7.raw	v1.1.0	NT=ms-proteomics;VV=v1.1.0	manual curation
20150511_CLASP2_1076_95	mus musculus	not available	not applicable	not available	95	20150511_CLASP2_1076_95	proteomic profiling by mass spectrometry	NT=Data-dependent acquisition;AC=PRIDE:0000627	NT=label free sample;AC=MS:1002038	NT=orbitrap elite;AC=MS:1001910	NT=Phospho;AC=UNIMOD:21;TA=S,T,Y;MT=Variable	NT=Oxidation;AC=UNIMOD:35;TA=M;MT=Variable	NT=Trypsin;AC=MS:1001251	NT=collision-induced dissociation;AC=MS:1000133	0.5 Da	0.5 Da	sds page	1	1	20150511_CLASP2_1076_95.raw	ftp://ftp.pride.ebi.ac.uk/pride/data/archive/2017/06/PXD003674/20150511_CLASP2_1076_95.raw	v1.1.0	NT=ms-proteomics;VV=v1.1.0	manual curation
20160505_3071_37	mus musculus	not available	not applicable	not available	37	20160505_3071_37	proteomic profiling by mass spectrometry	NT=Data-dependent acquisition;AC=PRIDE:0000627	NT=label free sample;AC=MS:1002038	NT=orbitrap elite;AC=MS:1001910	NT=Phospho;AC=UNIMOD:21;TA=S,T,Y;MT=Variable	NT=Oxidation;AC=UNIMOD:35;TA=M;MT=Variable	NT=Trypsin;AC=MS:1001251	NT=collision-induced dissociation;AC=MS:1000133	0.5 Da	0.5 Da	sds page	1	1	20160505_3071_37.raw	ftp://ftp.pride.ebi.ac.uk/pride/data/archive/2017/06/PXD003674/20160505_3071_37.raw	v1.1.0	NT=ms-proteomics;VV=v1.1.0	manual curation
20150514_CLASP2_1076_42	mus musculus	not available	not applicable	not available	42	20150514_CLASP2_1076_42	proteomic profiling by mass spectrometry	NT=Data-dependent acquisition;AC=PRIDE:0000627	NT=label free sample;AC=MS:1002038	NT=orbitrap elite;AC=MS:1001910	NT=Phospho;AC=UNIMOD:21;TA=S,T,Y;MT=Variable	NT=Oxidation;AC=UNIMOD:35;TA=M;MT=Variable	NT=Trypsin;AC=MS:1001251	NT=collision-induced dissociation;AC=MS:1000133	0.5 Da	0.5 Da	sds page	1	1	20150514_CLASP2_1076_42.raw	ftp://ftp.pride.ebi.ac.uk/pride/data/archive/2017/06/PXD003674/20150514_CLASP2_1076_42.raw	v1.1.0	NT=ms-proteomics;VV=v1.1.0	manual curation
20160408_3056_5	mus musculus	not available	not applicable	not available	5	20160408_3056_5	proteomic profiling by mass spectrometry	NT=Data-dependent acquisition;AC=PRIDE:0000627	NT=label free sample;AC=MS:1002038	NT=orbitrap elite;AC=MS:1001910	NT=Phospho;AC=UNIMOD:21;TA=S,T,Y;MT=Variable	NT=Oxidation;AC=UNIMOD:35;TA=M;MT=Variable	NT=Trypsin;AC=MS:1001251	NT=collision-induced dissociation;AC=MS:1000133	0.5 Da	0.5 Da	sds page	1	1	20160408_3056_5.raw	ftp://ftp.pride.ebi.ac.uk/pride/data/archive/2017/06/PXD003674/20160408_3056_5.raw	v1.1.0	NT=ms-proteomics;VV=v1.1.0	manual curation
20150410_19	mus musculus	not available	not applicable	not available	19	20150410_19	proteomic profiling by mass spectrometry	NT=Data-dependent acquisition;AC=PRIDE:0000627	NT=label free sample;AC=MS:1002038	NT=orbitrap elite;AC=MS:1001910	NT=Phospho;AC=UNIMOD:21;TA=S,T,Y;MT=Variable	NT=Oxidation;AC=UNIMOD:35;TA=M;MT=Variable	NT=Trypsin;AC=MS:1001251	NT=collision-induced dissociation;AC=MS:1000133	0.5 Da	0.5 Da	sds page	1	1	20150410_19.raw	ftp://ftp.pride.ebi.ac.uk/pride/data/archive/2017/06/PXD003674/20150410_19.raw	v1.1.0	NT=ms-proteomics;VV=v1.1.0	manual curation
20160106_CLASP2_HA_3022_1	mus musculus	not available	not applicable	not available	1	20160106_CLASP2_HA_3022_1	proteomic profiling by mass spectrometry	NT=Data-dependent acquisition;AC=PRIDE:0000627	NT=label free sample;AC=MS:1002038	NT=orbitrap elite;AC=MS:1001910	NT=Phospho;AC=UNIMOD:21;TA=S,T,Y;MT=Variable	NT=Oxidation;AC=UNIMOD:35;TA=M;MT=Variable	NT=Trypsin;AC=MS:1001251	NT=collision-induced dissociation;AC=MS:1000133	0.5 Da	0.5 Da	sds page	1	1	20160106_CLASP2_HA_3022_1.raw	ftp://ftp.pride.ebi.ac.uk/pride/data/archive/2017/06/PXD003674/20160106_CLASP2_HA_3022_1.raw	v1.1.0	NT=ms-proteomics;VV=v1.1.0	manual curation
20160106_CLASP2_HA_3022_5	mus musculus	not available	not applicable	not available	5	20160106_CLASP2_HA_3022_5	proteomic profiling by mass spectrometry	NT=Data-dependent acquisition;AC=PRIDE:0000627	NT=label free sample;AC=MS:1002038	NT=orbitrap elite;AC=MS:1001910	NT=Phospho;AC=UNIMOD:21;TA=S,T,Y;MT=Variable	NT=Oxidation;AC=UNIMOD:35;TA=M;MT=Variable	NT=Trypsin;AC=MS:1001251	NT=collision-induced dissociation;AC=MS:1000133	0.5 Da	0.5 Da	sds page	1	1	20160106_CLASP2_HA_3022_5.raw	ftp://ftp.pride.ebi.ac.uk/pride/data/archive/2017/06/PXD003674/20160106_CLASP2_HA_3022_5.raw	v1.1.0	NT=ms-proteomics;VV=v1.1.0	manual curation
20160603_3077_8	mus musculus	not available	not applicable	not available	8	20160603_3077_8	proteomic profiling by mass spectrometry	NT=Data-dependent acquisition;AC=PRIDE:0000627	NT=label free sample;AC=MS:1002038	NT=orbitrap elite;AC=MS:1001910	NT=Phospho;AC=UNIMOD:21;TA=S,T,Y;MT=Variable	NT=Oxidation;AC=UNIMOD:35;TA=M;MT=Variable	NT=Trypsin;AC=MS:1001251	NT=collision-induced dissociation;AC=MS:1000133	0.5 Da	0.5 Da	sds page	1	1	20160603_3077_8.raw	ftp://ftp.pride.ebi.ac.uk/pride/data/archive/2017/06/PXD003674/20160603_3077_8.raw	v1.1.0	NT=ms-proteomics;VV=v1.1.0	manual curation
20160425_3066_4	mus musculus	not available	not applicable	not available	4	20160425_3066_4	proteomic profiling by mass spectrometry	NT=Data-dependent acquisition;AC=PRIDE:0000627	NT=label free sample;AC=MS:1002038	NT=orbitrap elite;AC=MS:1001910	NT=Phospho;AC=UNIMOD:21;TA=S,T,Y;MT=Variable	NT=Oxidation;AC=UNIMOD:35;TA=M;MT=Variable	NT=Trypsin;AC=MS:1001251	NT=collision-induced dissociation;AC=MS:1000133	0.5 Da	0.5 Da	sds page	1	1	20160425_3066_4.raw	ftp://ftp.pride.ebi.ac.uk/pride/data/archive/2017/06/PXD003674/20160425_3066_4.raw	v1.1.0	NT=ms-proteomics;VV=v1.1.0	manual curation
20160927_3106_22	mus musculus	not available	not applicable	not available	22	20160927_3106_22	proteomic profiling by mass spectrometry	NT=Data-dependent acquisition;AC=PRIDE:0000627	NT=label free sample;AC=MS:1002038	NT=orbitrap elite;AC=MS:1001910	NT=Phospho;AC=UNIMOD:21;TA=S,T,Y;MT=Variable	NT=Oxidation;AC=UNIMOD:35;TA=M;MT=Variable	NT=Trypsin;AC=MS:1001251	NT=collision-induced dissociation;AC=MS:1000133	0.5 Da	0.5 Da	sds page	1	1	20160927_3106_22.raw	ftp://ftp.pride.ebi.ac.uk/pride/data/archive/2017/06/PXD003674/20160927_3106_22.raw	v1.1.0	NT=ms-proteomics;VV=v1.1.0	manual curation
20150508_CLASP2_1076_59	mus musculus	not available	not applicable	not available	59	20150508_CLASP2_1076_59	proteomic profiling by mass spectrometry	NT=Data-dependent acquisition;AC=PRIDE:0000627	NT=label free sample;AC=MS:1002038	NT=orbitrap elite;AC=MS:1001910	NT=Phospho;AC=UNIMOD:21;TA=S,T,Y;MT=Variable	NT=Oxidation;AC=UNIMOD:35;TA=M;MT=Variable	NT=Trypsin;AC=MS:1001251	NT=collision-induced dissociation;AC=MS:1000133	0.5 Da	0.5 Da	sds page	1	1	20150508_CLASP2_1076_59.raw	ftp://ftp.pride.ebi.ac.uk/pride/data/archive/2017/06/PXD003674/20150508_CLASP2_1076_59.raw	v1.1.0	NT=ms-proteomics;VV=v1.1.0	manual curation
20160219_CLASP2_HA_3029_28	mus musculus	not available	not applicable	not available	28	20160219_CLASP2_HA_3029_28	proteomic profiling by mass spectrometry	NT=Data-dependent acquisition;AC=PRIDE:0000627	NT=label free sample;AC=MS:1002038	NT=orbitrap elite;AC=MS:1001910	NT=Phospho;AC=UNIMOD:21;TA=S,T,Y;MT=Variable	NT=Oxidation;AC=UNIMOD:35;TA=M;MT=Variable	NT=Trypsin;AC=MS:1001251	NT=collision-induced dissociation;AC=MS:1000133	0.5 Da	0.5 Da	sds page	1	1	20160219_CLASP2_HA_3029_28.raw	ftp://ftp.pride.ebi.ac.uk/pride/data/archive/2017/06/PXD003674/20160219_CLASP2_HA_3029_28.raw	v1.1.0	NT=ms-proteomics;VV=v1.1.0	manual curation
20160106_CLASP2_HA_3022_29	mus musculus	not available	not applicable	not available	29	20160106_CLASP2_HA_3022_29	proteomic profiling by mass spectrometry	NT=Data-dependent acquisition;AC=PRIDE:0000627	NT=label free sample;AC=MS:1002038	NT=orbitrap elite;AC=MS:1001910	NT=Phospho;AC=UNIMOD:21;TA=S,T,Y;MT=Variable	NT=Oxidation;AC=UNIMOD:35;TA=M;MT=Variable	NT=Trypsin;AC=MS:1001251	NT=collision-induced dissociation;AC=MS:1000133	0.5 Da	0.5 Da	sds page	1	1	20160106_CLASP2_HA_3022_29.raw	ftp://ftp.pride.ebi.ac.uk/pride/data/archive/2017/06/PXD003674/20160106_CLASP2_HA_3022_29.raw	v1.1.0	NT=ms-proteomics;VV=v1.1.0	manual curation
20150508_CLASP2_1076_80	mus musculus	not available	not applicable	not available	80	20150508_CLASP2_1076_80	proteomic profiling by mass spectrometry	NT=Data-dependent acquisition;AC=PRIDE:0000627	NT=label free sample;AC=MS:1002038	NT=orbitrap elite;AC=MS:1001910	NT=Phospho;AC=UNIMOD:21;TA=S,T,Y;MT=Variable	NT=Oxidation;AC=UNIMOD:35;TA=M;MT=Variable	NT=Trypsin;AC=MS:1001251	NT=collision-induced dissociation;AC=MS:1000133	0.5 Da	0.5 Da	sds page	1	1	20150508_CLASP2_1076_80.raw	ftp://ftp.pride.ebi.ac.uk/pride/data/archive/2017/06/PXD003674/20150508_CLASP2_1076_80.raw	v1.1.0	NT=ms-proteomics;VV=v1.1.0	manual curation
20160309_3049_16	mus musculus	not available	not applicable	not available	16	20160309_3049_16	proteomic profiling by mass spectrometry	NT=Data-dependent acquisition;AC=PRIDE:0000627	NT=label free sample;AC=MS:1002038	NT=orbitrap elite;AC=MS:1001910	NT=Phospho;AC=UNIMOD:21;TA=S,T,Y;MT=Variable	NT=Oxidation;AC=UNIMOD:35;TA=M;MT=Variable	NT=Trypsin;AC=MS:1001251	NT=collision-induced dissociation;AC=MS:1000133	0.5 Da	0.5 Da	sds page	1	1	20160309_3049_16.raw	ftp://ftp.pride.ebi.ac.uk/pride/data/archive/2017/06/PXD003674/20160309_3049_16.raw	v1.1.0	NT=ms-proteomics;VV=v1.1.0	manual curation
20160504_3071_31	mus musculus	not available	not applicable	not available	31	20160504_3071_31	proteomic profiling by mass spectrometry	NT=Data-dependent acquisition;AC=PRIDE:0000627	NT=label free sample;AC=MS:1002038	NT=orbitrap elite;AC=MS:1001910	NT=Phospho;AC=UNIMOD:21;TA=S,T,Y;MT=Variable	NT=Oxidation;AC=UNIMOD:35;TA=M;MT=Variable	NT=Trypsin;AC=MS:1001251	NT=collision-induced dissociation;AC=MS:1000133	0.5 Da	0.5 Da	sds page	1	1	20160504_3071_31.raw	ftp://ftp.pride.ebi.ac.uk/pride/data/archive/2017/06/PXD003674/20160504_3071_31.raw	v1.1.0	NT=ms-proteomics;VV=v1.1.0	manual curation
20160106_CLASP2_HA_3022_6	mus musculus	not available	not applicable	not available	6	20160106_CLASP2_HA_3022_6	proteomic profiling by mass spectrometry	NT=Data-dependent acquisition;AC=PRIDE:0000627	NT=label free sample;AC=MS:1002038	NT=orbitrap elite;AC=MS:1001910	NT=Phospho;AC=UNIMOD:21;TA=S,T,Y;MT=Variable	NT=Oxidation;AC=UNIMOD:35;TA=M;MT=Variable	NT=Trypsin;AC=MS:1001251	NT=collision-induced dissociation;AC=MS:1000133	0.5 Da	0.5 Da	sds page	1	1	20160106_CLASP2_HA_3022_6.raw	ftp://ftp.pride.ebi.ac.uk/pride/data/archive/2017/06/PXD003674/20160106_CLASP2_HA_3022_6.raw	v1.1.0	NT=ms-proteomics;VV=v1.1.0	manual curation
20150514_CLASP2_1076_14	mus musculus	not available	not applicable	not available	14	20150514_CLASP2_1076_14	proteomic profiling by mass spectrometry	NT=Data-dependent acquisition;AC=PRIDE:0000627	NT=label free sample;AC=MS:1002038	NT=orbitrap elite;AC=MS:1001910	NT=Phospho;AC=UNIMOD:21;TA=S,T,Y;MT=Variable	NT=Oxidation;AC=UNIMOD:35;TA=M;MT=Variable	NT=Trypsin;AC=MS:1001251	NT=collision-induced dissociation;AC=MS:1000133	0.5 Da	0.5 Da	sds page	1	1	20150514_CLASP2_1076_14.raw	ftp://ftp.pride.ebi.ac.uk/pride/data/archive/2017/06/PXD003674/20150514_CLASP2_1076_14.raw	v1.1.0	NT=ms-proteomics;VV=v1.1.0	manual curation
20150513_CLASP2_1076_62	mus musculus	not available	not applicable	not available	62	20150513_CLASP2_1076_62	proteomic profiling by mass spectrometry	NT=Data-dependent acquisition;AC=PRIDE:0000627	NT=label free sample;AC=MS:1002038	NT=orbitrap elite;AC=MS:1001910	NT=Phospho;AC=UNIMOD:21;TA=S,T,Y;MT=Variable	NT=Oxidation;AC=UNIMOD:35;TA=M;MT=Variable	NT=Trypsin;AC=MS:1001251	NT=collision-induced dissociation;AC=MS:1000133	0.5 Da	0.5 Da	sds page	1	1	20150513_CLASP2_1076_62.raw	ftp://ftp.pride.ebi.ac.uk/pride/data/archive/2017/06/PXD003674/20150513_CLASP2_1076_62.raw	v1.1.0	NT=ms-proteomics;VV=v1.1.0	manual curation
20160408_3056_6	mus musculus	not available	not applicable	not available	6	20160408_3056_6	proteomic profiling by mass spectrometry	NT=Data-dependent acquisition;AC=PRIDE:0000627	NT=label free sample;AC=MS:1002038	NT=orbitrap elite;AC=MS:1001910	NT=Phospho;AC=UNIMOD:21;TA=S,T,Y;MT=Variable	NT=Oxidation;AC=UNIMOD:35;TA=M;MT=Variable	NT=Trypsin;AC=MS:1001251	NT=collision-induced dissociation;AC=MS:1000133	0.5 Da	0.5 Da	sds page	1	1	20160408_3056_6.raw	ftp://ftp.pride.ebi.ac.uk/pride/data/archive/2017/06/PXD003674/20160408_3056_6.raw	v1.1.0	NT=ms-proteomics;VV=v1.1.0	manual curation
20160927_3106_19	mus musculus	not available	not applicable	not available	19	20160927_3106_19	proteomic profiling by mass spectrometry	NT=Data-dependent acquisition;AC=PRIDE:0000627	NT=label free sample;AC=MS:1002038	NT=orbitrap elite;AC=MS:1001910	NT=Phospho;AC=UNIMOD:21;TA=S,T,Y;MT=Variable	NT=Oxidation;AC=UNIMOD:35;TA=M;MT=Variable	NT=Trypsin;AC=MS:1001251	NT=collision-induced dissociation;AC=MS:1000133	0.5 Da	0.5 Da	sds page	1	1	20160927_3106_19.raw	ftp://ftp.pride.ebi.ac.uk/pride/data/archive/2017/06/PXD003674/20160927_3106_19.raw	v1.1.0	NT=ms-proteomics;VV=v1.1.0	manual curation
20160224_CLASP2_HA_18	mus musculus	not available	not applicable	not available	18	20160224_CLASP2_HA_18	proteomic profiling by mass spectrometry	NT=Data-dependent acquisition;AC=PRIDE:0000627	NT=label free sample;AC=MS:1002038	NT=orbitrap elite;AC=MS:1001910	NT=Phospho;AC=UNIMOD:21;TA=S,T,Y;MT=Variable	NT=Oxidation;AC=UNIMOD:35;TA=M;MT=Variable	NT=Trypsin;AC=MS:1001251	NT=collision-induced dissociation;AC=MS:1000133	0.5 Da	0.5 Da	sds page	1	1	20160224_CLASP2_HA_18.raw	ftp://ftp.pride.ebi.ac.uk/pride/data/archive/2017/06/PXD003674/20160224_CLASP2_HA_18.raw	v1.1.0	NT=ms-proteomics;VV=v1.1.0	manual curation
20160603_3077_11	mus musculus	not available	not applicable	not available	11	20160603_3077_11	proteomic profiling by mass spectrometry	NT=Data-dependent acquisition;AC=PRIDE:0000627	NT=label free sample;AC=MS:1002038	NT=orbitrap elite;AC=MS:1001910	NT=Phospho;AC=UNIMOD:21;TA=S,T,Y;MT=Variable	NT=Oxidation;AC=UNIMOD:35;TA=M;MT=Variable	NT=Trypsin;AC=MS:1001251	NT=collision-induced dissociation;AC=MS:1000133	0.5 Da	0.5 Da	sds page	1	1	20160603_3077_11.raw	ftp://ftp.pride.ebi.ac.uk/pride/data/archive/2017/06/PXD003674/20160603_3077_11.raw	v1.1.0	NT=ms-proteomics;VV=v1.1.0	manual curation
20160408_3056_7	mus musculus	not available	not applicable	not available	7	20160408_3056_7	proteomic profiling by mass spectrometry	NT=Data-dependent acquisition;AC=PRIDE:0000627	NT=label free sample;AC=MS:1002038	NT=orbitrap elite;AC=MS:1001910	NT=Phospho;AC=UNIMOD:21;TA=S,T,Y;MT=Variable	NT=Oxidation;AC=UNIMOD:35;TA=M;MT=Variable	NT=Trypsin;AC=MS:1001251	NT=collision-induced dissociation;AC=MS:1000133	0.5 Da	0.5 Da	sds page	1	1	20160408_3056_7.raw	ftp://ftp.pride.ebi.ac.uk/pride/data/archive/2017/06/PXD003674/20160408_3056_7.raw	v1.1.0	NT=ms-proteomics;VV=v1.1.0	manual curation
20160522_1222_4	mus musculus	not available	not applicable	not available	4	20160522_1222_4	proteomic profiling by mass spectrometry	NT=Data-dependent acquisition;AC=PRIDE:0000627	NT=label free sample;AC=MS:1002038	NT=orbitrap elite;AC=MS:1001910	NT=Phospho;AC=UNIMOD:21;TA=S,T,Y;MT=Variable	NT=Oxidation;AC=UNIMOD:35;TA=M;MT=Variable	NT=Trypsin;AC=MS:1001251	NT=collision-induced dissociation;AC=MS:1000133	0.5 Da	0.5 Da	sds page	1	1	20160522_1222_4.raw	ftp://ftp.pride.ebi.ac.uk/pride/data/archive/2017/06/PXD003674/20160522_1222_4.raw	v1.1.0	NT=ms-proteomics;VV=v1.1.0	manual curation
20160503_3071_22	mus musculus	not available	not applicable	not available	22	20160503_3071_22	proteomic profiling by mass spectrometry	NT=Data-dependent acquisition;AC=PRIDE:0000627	NT=label free sample;AC=MS:1002038	NT=orbitrap elite;AC=MS:1001910	NT=Phospho;AC=UNIMOD:21;TA=S,T,Y;MT=Variable	NT=Oxidation;AC=UNIMOD:35;TA=M;MT=Variable	NT=Trypsin;AC=MS:1001251	NT=collision-induced dissociation;AC=MS:1000133	0.5 Da	0.5 Da	sds page	1	1	20160503_3071_22.raw	ftp://ftp.pride.ebi.ac.uk/pride/data/archive/2017/06/PXD003674/20160503_3071_22.raw	v1.1.0	NT=ms-proteomics;VV=v1.1.0	manual curation
20150511_CLASP2_1076_26	mus musculus	not available	not applicable	not available	26	20150511_CLASP2_1076_26	proteomic profiling by mass spectrometry	NT=Data-dependent acquisition;AC=PRIDE:0000627	NT=label free sample;AC=MS:1002038	NT=orbitrap elite;AC=MS:1001910	NT=Phospho;AC=UNIMOD:21;TA=S,T,Y;MT=Variable	NT=Oxidation;AC=UNIMOD:35;TA=M;MT=Variable	NT=Trypsin;AC=MS:1001251	NT=collision-induced dissociation;AC=MS:1000133	0.5 Da	0.5 Da	sds page	1	1	20150511_CLASP2_1076_26.raw	ftp://ftp.pride.ebi.ac.uk/pride/data/archive/2017/06/PXD003674/20150511_CLASP2_1076_26.raw	v1.1.0	NT=ms-proteomics;VV=v1.1.0	manual curation
20160401_3055_15	mus musculus	not available	not applicable	not available	15	20160401_3055_15	proteomic profiling by mass spectrometry	NT=Data-dependent acquisition;AC=PRIDE:0000627	NT=label free sample;AC=MS:1002038	NT=orbitrap elite;AC=MS:1001910	NT=Phospho;AC=UNIMOD:21;TA=S,T,Y;MT=Variable	NT=Oxidation;AC=UNIMOD:35;TA=M;MT=Variable	NT=Trypsin;AC=MS:1001251	NT=collision-induced dissociation;AC=MS:1000133	0.5 Da	0.5 Da	sds page	1	1	20160401_3055_15.raw	ftp://ftp.pride.ebi.ac.uk/pride/data/archive/2017/06/PXD003674/20160401_3055_15.raw	v1.1.0	NT=ms-proteomics;VV=v1.1.0	manual curation
20160317_3053_CLASP2_ABT263_17	mus musculus	not available	not applicable	not available	17	20160317_3053_CLASP2_ABT263_17	proteomic profiling by mass spectrometry	NT=Data-dependent acquisition;AC=PRIDE:0000627	NT=label free sample;AC=MS:1002038	NT=orbitrap elite;AC=MS:1001910	NT=Phospho;AC=UNIMOD:21;TA=S,T,Y;MT=Variable	NT=Oxidation;AC=UNIMOD:35;TA=M;MT=Variable	NT=Trypsin;AC=MS:1001251	NT=collision-induced dissociation;AC=MS:1000133	0.5 Da	0.5 Da	sds page	1	1	20160317_3053_CLASP2_ABT263_17.raw	ftp://ftp.pride.ebi.ac.uk/pride/data/archive/2017/06/PXD003674/20160317_3053_CLASP2_ABT263_17.raw	v1.1.0	NT=ms-proteomics;VV=v1.1.0	manual curation
20160106_CLASP2_HA_3022_3	mus musculus	not available	not applicable	not available	3	20160106_CLASP2_HA_3022_3	proteomic profiling by mass spectrometry	NT=Data-dependent acquisition;AC=PRIDE:0000627	NT=label free sample;AC=MS:1002038	NT=orbitrap elite;AC=MS:1001910	NT=Phospho;AC=UNIMOD:21;TA=S,T,Y;MT=Variable	NT=Oxidation;AC=UNIMOD:35;TA=M;MT=Variable	NT=Trypsin;AC=MS:1001251	NT=collision-induced dissociation;AC=MS:1000133	0.5 Da	0.5 Da	sds page	1	1	20160106_CLASP2_HA_3022_3.raw	ftp://ftp.pride.ebi.ac.uk/pride/data/archive/2017/06/PXD003674/20160106_CLASP2_HA_3022_3.raw	v1.1.0	NT=ms-proteomics;VV=v1.1.0	manual curation
20160408_3056_11	mus musculus	not available	not applicable	not available	11	20160408_3056_11	proteomic profiling by mass spectrometry	NT=Data-dependent acquisition;AC=PRIDE:0000627	NT=label free sample;AC=MS:1002038	NT=orbitrap elite;AC=MS:1001910	NT=Phospho;AC=UNIMOD:21;TA=S,T,Y;MT=Variable	NT=Oxidation;AC=UNIMOD:35;TA=M;MT=Variable	NT=Trypsin;AC=MS:1001251	NT=collision-induced dissociation;AC=MS:1000133	0.5 Da	0.5 Da	sds page	1	1	20160408_3056_11.raw	ftp://ftp.pride.ebi.ac.uk/pride/data/archive/2017/06/PXD003674/20160408_3056_11.raw	v1.1.0	NT=ms-proteomics;VV=v1.1.0	manual curation
20160224_CLASP2_HA_17	mus musculus	not available	not applicable	not available	17	20160224_CLASP2_HA_17	proteomic profiling by mass spectrometry	NT=Data-dependent acquisition;AC=PRIDE:0000627	NT=label free sample;AC=MS:1002038	NT=orbitrap elite;AC=MS:1001910	NT=Phospho;AC=UNIMOD:21;TA=S,T,Y;MT=Variable	NT=Oxidation;AC=UNIMOD:35;TA=M;MT=Variable	NT=Trypsin;AC=MS:1001251	NT=collision-induced dissociation;AC=MS:1000133	0.5 Da	0.5 Da	sds page	1	1	20160224_CLASP2_HA_17.raw	ftp://ftp.pride.ebi.ac.uk/pride/data/archive/2017/06/PXD003674/20160224_CLASP2_HA_17.raw	v1.1.0	NT=ms-proteomics;VV=v1.1.0	manual curation
20160603_3077_12	mus musculus	not available	not applicable	not available	12	20160603_3077_12	proteomic profiling by mass spectrometry	NT=Data-dependent acquisition;AC=PRIDE:0000627	NT=label free sample;AC=MS:1002038	NT=orbitrap elite;AC=MS:1001910	NT=Phospho;AC=UNIMOD:21;TA=S,T,Y;MT=Variable	NT=Oxidation;AC=UNIMOD:35;TA=M;MT=Variable	NT=Trypsin;AC=MS:1001251	NT=collision-induced dissociation;AC=MS:1000133	0.5 Da	0.5 Da	sds page	1	1	20160603_3077_12.raw	ftp://ftp.pride.ebi.ac.uk/pride/data/archive/2017/06/PXD003674/20160603_3077_12.raw	v1.1.0	NT=ms-proteomics;VV=v1.1.0	manual curation
20160603_3077_24	mus musculus	not available	not applicable	not available	24	20160603_3077_24	proteomic profiling by mass spectrometry	NT=Data-dependent acquisition;AC=PRIDE:0000627	NT=label free sample;AC=MS:1002038	NT=orbitrap elite;AC=MS:1001910	NT=Phospho;AC=UNIMOD:21;TA=S,T,Y;MT=Variable	NT=Oxidation;AC=UNIMOD:35;TA=M;MT=Variable	NT=Trypsin;AC=MS:1001251	NT=collision-induced dissociation;AC=MS:1000133	0.5 Da	0.5 Da	sds page	1	1	20160603_3077_24.raw	ftp://ftp.pride.ebi.ac.uk/pride/data/archive/2017/06/PXD003674/20160603_3077_24.raw	v1.1.0	NT=ms-proteomics;VV=v1.1.0	manual curation
20160106_CLASP2_HA_3022_11	mus musculus	not available	not applicable	not available	11	20160106_CLASP2_HA_3022_11	proteomic profiling by mass spectrometry	NT=Data-dependent acquisition;AC=PRIDE:0000627	NT=label free sample;AC=MS:1002038	NT=orbitrap elite;AC=MS:1001910	NT=Phospho;AC=UNIMOD:21;TA=S,T,Y;MT=Variable	NT=Oxidation;AC=UNIMOD:35;TA=M;MT=Variable	NT=Trypsin;AC=MS:1001251	NT=collision-induced dissociation;AC=MS:1000133	0.5 Da	0.5 Da	sds page	1	1	20160106_CLASP2_HA_3022_11.raw	ftp://ftp.pride.ebi.ac.uk/pride/data/archive/2017/06/PXD003674/20160106_CLASP2_HA_3022_11.raw	v1.1.0	NT=ms-proteomics;VV=v1.1.0	manual curation
20160106_CLASP2_HA_3022_12	mus musculus	not available	not applicable	not available	12	20160106_CLASP2_HA_3022_12	proteomic profiling by mass spectrometry	NT=Data-dependent acquisition;AC=PRIDE:0000627	NT=label free sample;AC=MS:1002038	NT=orbitrap elite;AC=MS:1001910	NT=Phospho;AC=UNIMOD:21;TA=S,T,Y;MT=Variable	NT=Oxidation;AC=UNIMOD:35;TA=M;MT=Variable	NT=Trypsin;AC=MS:1001251	NT=collision-induced dissociation;AC=MS:1000133	0.5 Da	0.5 Da	sds page	1	1	20160106_CLASP2_HA_3022_12.raw	ftp://ftp.pride.ebi.ac.uk/pride/data/archive/2017/06/PXD003674/20160106_CLASP2_HA_3022_12.raw	v1.1.0	NT=ms-proteomics;VV=v1.1.0	manual curation
20160401_3055_23	mus musculus	not available	not applicable	not available	23	20160401_3055_23	proteomic profiling by mass spectrometry	NT=Data-dependent acquisition;AC=PRIDE:0000627	NT=label free sample;AC=MS:1002038	NT=orbitrap elite;AC=MS:1001910	NT=Phospho;AC=UNIMOD:21;TA=S,T,Y;MT=Variable	NT=Oxidation;AC=UNIMOD:35;TA=M;MT=Variable	NT=Trypsin;AC=MS:1001251	NT=collision-induced dissociation;AC=MS:1000133	0.5 Da	0.5 Da	sds page	1	1	20160401_3055_23.raw	ftp://ftp.pride.ebi.ac.uk/pride/data/archive/2017/06/PXD003674/20160401_3055_23.raw	v1.1.0	NT=ms-proteomics;VV=v1.1.0	manual curation
20150511_CLASP2_1076_75	mus musculus	not available	not applicable	not available	75	20150511_CLASP2_1076_75	proteomic profiling by mass spectrometry	NT=Data-dependent acquisition;AC=PRIDE:0000627	NT=label free sample;AC=MS:1002038	NT=orbitrap elite;AC=MS:1001910	NT=Phospho;AC=UNIMOD:21;TA=S,T,Y;MT=Variable	NT=Oxidation;AC=UNIMOD:35;TA=M;MT=Variable	NT=Trypsin;AC=MS:1001251	NT=collision-induced dissociation;AC=MS:1000133	0.5 Da	0.5 Da	sds page	1	1	20150511_CLASP2_1076_75.raw	ftp://ftp.pride.ebi.ac.uk/pride/data/archive/2017/06/PXD003674/20150511_CLASP2_1076_75.raw	v1.1.0	NT=ms-proteomics;VV=v1.1.0	manual curation
20150513_CLASP2_1076_27	mus musculus	not available	not applicable	not available	27	20150513_CLASP2_1076_27	proteomic profiling by mass spectrometry	NT=Data-dependent acquisition;AC=PRIDE:0000627	NT=label free sample;AC=MS:1002038	NT=orbitrap elite;AC=MS:1001910	NT=Phospho;AC=UNIMOD:21;TA=S,T,Y;MT=Variable	NT=Oxidation;AC=UNIMOD:35;TA=M;MT=Variable	NT=Trypsin;AC=MS:1001251	NT=collision-induced dissociation;AC=MS:1000133	0.5 Da	0.5 Da	sds page	1	1	20150513_CLASP2_1076_27.raw	ftp://ftp.pride.ebi.ac.uk/pride/data/archive/2017/06/PXD003674/20150513_CLASP2_1076_27.raw	v1.1.0	NT=ms-proteomics;VV=v1.1.0	manual curation
20160219_CLASP2_HA_3029_15	mus musculus	not available	not applicable	not available	15	20160219_CLASP2_HA_3029_15	proteomic profiling by mass spectrometry	NT=Data-dependent acquisition;AC=PRIDE:0000627	NT=label free sample;AC=MS:1002038	NT=orbitrap elite;AC=MS:1001910	NT=Phospho;AC=UNIMOD:21;TA=S,T,Y;MT=Variable	NT=Oxidation;AC=UNIMOD:35;TA=M;MT=Variable	NT=Trypsin;AC=MS:1001251	NT=collision-induced dissociation;AC=MS:1000133	0.5 Da	0.5 Da	sds page	1	1	20160219_CLASP2_HA_3029_15.raw	ftp://ftp.pride.ebi.ac.uk/pride/data/archive/2017/06/PXD003674/20160219_CLASP2_HA_3029_15.raw	v1.1.0	NT=ms-proteomics;VV=v1.1.0	manual curation
20150506_37	mus musculus	not available	not applicable	not available	37	20150506_37	proteomic profiling by mass spectrometry	NT=Data-dependent acquisition;AC=PRIDE:0000627	NT=label free sample;AC=MS:1002038	NT=orbitrap elite;AC=MS:1001910	NT=Phospho;AC=UNIMOD:21;TA=S,T,Y;MT=Variable	NT=Oxidation;AC=UNIMOD:35;TA=M;MT=Variable	NT=Trypsin;AC=MS:1001251	NT=collision-induced dissociation;AC=MS:1000133	0.5 Da	0.5 Da	sds page	1	1	20150506_37.raw	ftp://ftp.pride.ebi.ac.uk/pride/data/archive/2017/06/PXD003674/20150506_37.raw	v1.1.0	NT=ms-proteomics;VV=v1.1.0	manual curation
20150514_CLASP2_1076_98	mus musculus	not available	not applicable	not available	98	20150514_CLASP2_1076_98	proteomic profiling by mass spectrometry	NT=Data-dependent acquisition;AC=PRIDE:0000627	NT=label free sample;AC=MS:1002038	NT=orbitrap elite;AC=MS:1001910	NT=Phospho;AC=UNIMOD:21;TA=S,T,Y;MT=Variable	NT=Oxidation;AC=UNIMOD:35;TA=M;MT=Variable	NT=Trypsin;AC=MS:1001251	NT=collision-induced dissociation;AC=MS:1000133	0.5 Da	0.5 Da	sds page	1	1	20150514_CLASP2_1076_98.raw	ftp://ftp.pride.ebi.ac.uk/pride/data/archive/2017/06/PXD003674/20150514_CLASP2_1076_98.raw	v1.1.0	NT=ms-proteomics;VV=v1.1.0	manual curation
20160502_3071_11	mus musculus	not available	not applicable	not available	11	20160502_3071_11	proteomic profiling by mass spectrometry	NT=Data-dependent acquisition;AC=PRIDE:0000627	NT=label free sample;AC=MS:1002038	NT=orbitrap elite;AC=MS:1001910	NT=Phospho;AC=UNIMOD:21;TA=S,T,Y;MT=Variable	NT=Oxidation;AC=UNIMOD:35;TA=M;MT=Variable	NT=Trypsin;AC=MS:1001251	NT=collision-induced dissociation;AC=MS:1000133	0.5 Da	0.5 Da	sds page	1	1	20160502_3071_11.raw	ftp://ftp.pride.ebi.ac.uk/pride/data/archive/2017/06/PXD003674/20160502_3071_11.raw	v1.1.0	NT=ms-proteomics;VV=v1.1.0	manual curation
20160520_3074_23	mus musculus	not available	not applicable	not available	23	20160520_3074_23	proteomic profiling by mass spectrometry	NT=Data-dependent acquisition;AC=PRIDE:0000627	NT=label free sample;AC=MS:1002038	NT=orbitrap elite;AC=MS:1001910	NT=Phospho;AC=UNIMOD:21;TA=S,T,Y;MT=Variable	NT=Oxidation;AC=UNIMOD:35;TA=M;MT=Variable	NT=Trypsin;AC=MS:1001251	NT=collision-induced dissociation;AC=MS:1000133	0.5 Da	0.5 Da	sds page	1	1	20160520_3074_23.raw	ftp://ftp.pride.ebi.ac.uk/pride/data/archive/2017/06/PXD003674/20160520_3074_23.raw	v1.1.0	NT=ms-proteomics;VV=v1.1.0	manual curation
20160603_3077_17	mus musculus	not available	not applicable	not available	17	20160603_3077_17	proteomic profiling by mass spectrometry	NT=Data-dependent acquisition;AC=PRIDE:0000627	NT=label free sample;AC=MS:1002038	NT=orbitrap elite;AC=MS:1001910	NT=Phospho;AC=UNIMOD:21;TA=S,T,Y;MT=Variable	NT=Oxidation;AC=UNIMOD:35;TA=M;MT=Variable	NT=Trypsin;AC=MS:1001251	NT=collision-induced dissociation;AC=MS:1000133	0.5 Da	0.5 Da	sds page	1	1	20160603_3077_17.raw	ftp://ftp.pride.ebi.ac.uk/pride/data/archive/2017/06/PXD003674/20160603_3077_17.raw	v1.1.0	NT=ms-proteomics;VV=v1.1.0	manual curation
20160224_CLASP2_3042_HA_10	mus musculus	not available	not applicable	not available	10	20160224_CLASP2_3042_HA_10	proteomic profiling by mass spectrometry	NT=Data-dependent acquisition;AC=PRIDE:0000627	NT=label free sample;AC=MS:1002038	NT=orbitrap elite;AC=MS:1001910	NT=Phospho;AC=UNIMOD:21;TA=S,T,Y;MT=Variable	NT=Oxidation;AC=UNIMOD:35;TA=M;MT=Variable	NT=Trypsin;AC=MS:1001251	NT=collision-induced dissociation;AC=MS:1000133	0.5 Da	0.5 Da	sds page	1	1	20160224_CLASP2_3042_HA_10.raw	ftp://ftp.pride.ebi.ac.uk/pride/data/archive/2017/06/PXD003674/20160224_CLASP2_3042_HA_10.raw	v1.1.0	NT=ms-proteomics;VV=v1.1.0	manual curation
20160224_CLASP2_HA_26	mus musculus	not available	not applicable	not available	26	20160224_CLASP2_HA_26	proteomic profiling by mass spectrometry	NT=Data-dependent acquisition;AC=PRIDE:0000627	NT=label free sample;AC=MS:1002038	NT=orbitrap elite;AC=MS:1001910	NT=Phospho;AC=UNIMOD:21;TA=S,T,Y;MT=Variable	NT=Oxidation;AC=UNIMOD:35;TA=M;MT=Variable	NT=Trypsin;AC=MS:1001251	NT=collision-induced dissociation;AC=MS:1000133	0.5 Da	0.5 Da	sds page	1	1	20160224_CLASP2_HA_26.raw	ftp://ftp.pride.ebi.ac.uk/pride/data/archive/2017/06/PXD003674/20160224_CLASP2_HA_26.raw	v1.1.0	NT=ms-proteomics;VV=v1.1.0	manual curation
20160528_Sample14	mus musculus	not available	not applicable	not available	1	20160528_Sample14	proteomic profiling by mass spectrometry	NT=Data-dependent acquisition;AC=PRIDE:0000627	NT=label free sample;AC=MS:1002038	NT=orbitrap elite;AC=MS:1001910	NT=Phospho;AC=UNIMOD:21;TA=S,T,Y;MT=Variable	NT=Oxidation;AC=UNIMOD:35;TA=M;MT=Variable	NT=Trypsin;AC=MS:1001251	NT=collision-induced dissociation;AC=MS:1000133	0.5 Da	0.5 Da	sds page	1	1	20160528_Sample14.raw	ftp://ftp.pride.ebi.ac.uk/pride/data/archive/2017/06/PXD003674/20160528_Sample14.raw	v1.1.0	NT=ms-proteomics;VV=v1.1.0	manual curation
20160219_CLASP2_HA_3029_26	mus musculus	not available	not applicable	not available	26	20160219_CLASP2_HA_3029_26	proteomic profiling by mass spectrometry	NT=Data-dependent acquisition;AC=PRIDE:0000627	NT=label free sample;AC=MS:1002038	NT=orbitrap elite;AC=MS:1001910	NT=Phospho;AC=UNIMOD:21;TA=S,T,Y;MT=Variable	NT=Oxidation;AC=UNIMOD:35;TA=M;MT=Variable	NT=Trypsin;AC=MS:1001251	NT=collision-induced dissociation;AC=MS:1000133	0.5 Da	0.5 Da	sds page	1	1	20160219_CLASP2_HA_3029_26.raw	ftp://ftp.pride.ebi.ac.uk/pride/data/archive/2017/06/PXD003674/20160219_CLASP2_HA_3029_26.raw	v1.1.0	NT=ms-proteomics;VV=v1.1.0	manual curation
20150410_13	mus musculus	not available	not applicable	not available	13	20150410_13	proteomic profiling by mass spectrometry	NT=Data-dependent acquisition;AC=PRIDE:0000627	NT=label free sample;AC=MS:1002038	NT=orbitrap elite;AC=MS:1001910	NT=Phospho;AC=UNIMOD:21;TA=S,T,Y;MT=Variable	NT=Oxidation;AC=UNIMOD:35;TA=M;MT=Variable	NT=Trypsin;AC=MS:1001251	NT=collision-induced dissociation;AC=MS:1000133	0.5 Da	0.5 Da	sds page	1	1	20150410_13.raw	ftp://ftp.pride.ebi.ac.uk/pride/data/archive/2017/06/PXD003674/20150410_13.raw	v1.1.0	NT=ms-proteomics;VV=v1.1.0	manual curation
20160528_Sample4	mus musculus	not available	not applicable	not available	1	20160528_Sample4	proteomic profiling by mass spectrometry	NT=Data-dependent acquisition;AC=PRIDE:0000627	NT=label free sample;AC=MS:1002038	NT=orbitrap elite;AC=MS:1001910	NT=Phospho;AC=UNIMOD:21;TA=S,T,Y;MT=Variable	NT=Oxidation;AC=UNIMOD:35;TA=M;MT=Variable	NT=Trypsin;AC=MS:1001251	NT=collision-induced dissociation;AC=MS:1000133	0.5 Da	0.5 Da	sds page	1	1	20160528_Sample4.raw	ftp://ftp.pride.ebi.ac.uk/pride/data/archive/2017/06/PXD003674/20160528_Sample4.raw	v1.1.0	NT=ms-proteomics;VV=v1.1.0	manual curation
20160401_3055_24	mus musculus	not available	not applicable	not available	24	20160401_3055_24	proteomic profiling by mass spectrometry	NT=Data-dependent acquisition;AC=PRIDE:0000627	NT=label free sample;AC=MS:1002038	NT=orbitrap elite;AC=MS:1001910	NT=Phospho;AC=UNIMOD:21;TA=S,T,Y;MT=Variable	NT=Oxidation;AC=UNIMOD:35;TA=M;MT=Variable	NT=Trypsin;AC=MS:1001251	NT=collision-induced dissociation;AC=MS:1000133	0.5 Da	0.5 Da	sds page	1	1	20160401_3055_24.raw	ftp://ftp.pride.ebi.ac.uk/pride/data/archive/2017/06/PXD003674/20160401_3055_24.raw	v1.1.0	NT=ms-proteomics;VV=v1.1.0	manual curation
20160314_3049_13	mus musculus	not available	not applicable	not available	13	20160314_3049_13	proteomic profiling by mass spectrometry	NT=Data-dependent acquisition;AC=PRIDE:0000627	NT=label free sample;AC=MS:1002038	NT=orbitrap elite;AC=MS:1001910	NT=Phospho;AC=UNIMOD:21;TA=S,T,Y;MT=Variable	NT=Oxidation;AC=UNIMOD:35;TA=M;MT=Variable	NT=Trypsin;AC=MS:1001251	NT=collision-induced dissociation;AC=MS:1000133	0.5 Da	0.5 Da	sds page	1	1	20160314_3049_13.raw	ftp://ftp.pride.ebi.ac.uk/pride/data/archive/2017/06/PXD003674/20160314_3049_13.raw	v1.1.0	NT=ms-proteomics;VV=v1.1.0	manual curation
20160318_3053_CLASP2_ABT263_5	mus musculus	not available	not applicable	not available	5	20160318_3053_CLASP2_ABT263_5	proteomic profiling by mass spectrometry	NT=Data-dependent acquisition;AC=PRIDE:0000627	NT=label free sample;AC=MS:1002038	NT=orbitrap elite;AC=MS:1001910	NT=Phospho;AC=UNIMOD:21;TA=S,T,Y;MT=Variable	NT=Oxidation;AC=UNIMOD:35;TA=M;MT=Variable	NT=Trypsin;AC=MS:1001251	NT=collision-induced dissociation;AC=MS:1000133	0.5 Da	0.5 Da	sds page	1	1	20160318_3053_CLASP2_ABT263_5.raw	ftp://ftp.pride.ebi.ac.uk/pride/data/archive/2017/06/PXD003674/20160318_3053_CLASP2_ABT263_5.raw	v1.1.0	NT=ms-proteomics;VV=v1.1.0	manual curation
20160224_CLASP2_3042_HA_5	mus musculus	not available	not applicable	not available	5	20160224_CLASP2_3042_HA_5	proteomic profiling by mass spectrometry	NT=Data-dependent acquisition;AC=PRIDE:0000627	NT=label free sample;AC=MS:1002038	NT=orbitrap elite;AC=MS:1001910	NT=Phospho;AC=UNIMOD:21;TA=S,T,Y;MT=Variable	NT=Oxidation;AC=UNIMOD:35;TA=M;MT=Variable	NT=Trypsin;AC=MS:1001251	NT=collision-induced dissociation;AC=MS:1000133	0.5 Da	0.5 Da	sds page	1	1	20160224_CLASP2_3042_HA_5.raw	ftp://ftp.pride.ebi.ac.uk/pride/data/archive/2017/06/PXD003674/20160224_CLASP2_3042_HA_5.raw	v1.1.0	NT=ms-proteomics;VV=v1.1.0	manual curation
20160413_3065_AGAP3_SOGA1_24	mus musculus	not available	not applicable	not available	24	20160413_3065_AGAP3_SOGA1_24	proteomic profiling by mass spectrometry	NT=Data-dependent acquisition;AC=PRIDE:0000627	NT=label free sample;AC=MS:1002038	NT=orbitrap elite;AC=MS:1001910	NT=Phospho;AC=UNIMOD:21;TA=S,T,Y;MT=Variable	NT=Oxidation;AC=UNIMOD:35;TA=M;MT=Variable	NT=Trypsin;AC=MS:1001251	NT=collision-induced dissociation;AC=MS:1000133	0.5 Da	0.5 Da	sds page	1	1	20160413_3065_AGAP3_SOGA1_24.raw	ftp://ftp.pride.ebi.ac.uk/pride/data/archive/2017/06/PXD003674/20160413_3065_AGAP3_SOGA1_24.raw	v1.1.0	NT=ms-proteomics;VV=v1.1.0	manual curation
20160309_3049_2	mus musculus	not available	not applicable	not available	2	20160309_3049_2	proteomic profiling by mass spectrometry	NT=Data-dependent acquisition;AC=PRIDE:0000627	NT=label free sample;AC=MS:1002038	NT=orbitrap elite;AC=MS:1001910	NT=Phospho;AC=UNIMOD:21;TA=S,T,Y;MT=Variable	NT=Oxidation;AC=UNIMOD:35;TA=M;MT=Variable	NT=Trypsin;AC=MS:1001251	NT=collision-induced dissociation;AC=MS:1000133	0.5 Da	0.5 Da	sds page	1	1	20160309_3049_2.raw	ftp://ftp.pride.ebi.ac.uk/pride/data/archive/2017/06/PXD003674/20160309_3049_2.raw	v1.1.0	NT=ms-proteomics;VV=v1.1.0	manual curation
20150511_CLASP2_1076_67	mus musculus	not available	not applicable	not available	67	20150511_CLASP2_1076_67	proteomic profiling by mass spectrometry	NT=Data-dependent acquisition;AC=PRIDE:0000627	NT=label free sample;AC=MS:1002038	NT=orbitrap elite;AC=MS:1001910	NT=Phospho;AC=UNIMOD:21;TA=S,T,Y;MT=Variable	NT=Oxidation;AC=UNIMOD:35;TA=M;MT=Variable	NT=Trypsin;AC=MS:1001251	NT=collision-induced dissociation;AC=MS:1000133	0.5 Da	0.5 Da	sds page	1	1	20150511_CLASP2_1076_67.raw	ftp://ftp.pride.ebi.ac.uk/pride/data/archive/2017/06/PXD003674/20150511_CLASP2_1076_67.raw	v1.1.0	NT=ms-proteomics;VV=v1.1.0	manual curation
20150506_2	mus musculus	not available	not applicable	not available	2	20150506_2	proteomic profiling by mass spectrometry	NT=Data-dependent acquisition;AC=PRIDE:0000627	NT=label free sample;AC=MS:1002038	NT=orbitrap elite;AC=MS:1001910	NT=Phospho;AC=UNIMOD:21;TA=S,T,Y;MT=Variable	NT=Oxidation;AC=UNIMOD:35;TA=M;MT=Variable	NT=Trypsin;AC=MS:1001251	NT=collision-induced dissociation;AC=MS:1000133	0.5 Da	0.5 Da	sds page	1	1	20150506_2.raw	ftp://ftp.pride.ebi.ac.uk/pride/data/archive/2017/06/PXD003674/20150506_2.raw	v1.1.0	NT=ms-proteomics;VV=v1.1.0	manual curation
20160219_CLASP2_HA_3029_14	mus musculus	not available	not applicable	not available	14	20160219_CLASP2_HA_3029_14	proteomic profiling by mass spectrometry	NT=Data-dependent acquisition;AC=PRIDE:0000627	NT=label free sample;AC=MS:1002038	NT=orbitrap elite;AC=MS:1001910	NT=Phospho;AC=UNIMOD:21;TA=S,T,Y;MT=Variable	NT=Oxidation;AC=UNIMOD:35;TA=M;MT=Variable	NT=Trypsin;AC=MS:1001251	NT=collision-induced dissociation;AC=MS:1000133	0.5 Da	0.5 Da	sds page	1	1	20160219_CLASP2_HA_3029_14.raw	ftp://ftp.pride.ebi.ac.uk/pride/data/archive/2017/06/PXD003674/20160219_CLASP2_HA_3029_14.raw	v1.1.0	NT=ms-proteomics;VV=v1.1.0	manual curation
20160603_3077_7	mus musculus	not available	not applicable	not available	7	20160603_3077_7	proteomic profiling by mass spectrometry	NT=Data-dependent acquisition;AC=PRIDE:0000627	NT=label free sample;AC=MS:1002038	NT=orbitrap elite;AC=MS:1001910	NT=Phospho;AC=UNIMOD:21;TA=S,T,Y;MT=Variable	NT=Oxidation;AC=UNIMOD:35;TA=M;MT=Variable	NT=Trypsin;AC=MS:1001251	NT=collision-induced dissociation;AC=MS:1000133	0.5 Da	0.5 Da	sds page	1	1	20160603_3077_7.raw	ftp://ftp.pride.ebi.ac.uk/pride/data/archive/2017/06/PXD003674/20160603_3077_7.raw	v1.1.0	NT=ms-proteomics;VV=v1.1.0	manual curation
20160927_3106_24	mus musculus	not available	not applicable	not available	24	20160927_3106_24	proteomic profiling by mass spectrometry	NT=Data-dependent acquisition;AC=PRIDE:0000627	NT=label free sample;AC=MS:1002038	NT=orbitrap elite;AC=MS:1001910	NT=Phospho;AC=UNIMOD:21;TA=S,T,Y;MT=Variable	NT=Oxidation;AC=UNIMOD:35;TA=M;MT=Variable	NT=Trypsin;AC=MS:1001251	NT=collision-induced dissociation;AC=MS:1000133	0.5 Da	0.5 Da	sds page	1	1	20160927_3106_24.raw	ftp://ftp.pride.ebi.ac.uk/pride/data/archive/2017/06/PXD003674/20160927_3106_24.raw	v1.1.0	NT=ms-proteomics;VV=v1.1.0	manual curation
20160407_3056_20	mus musculus	not available	not applicable	not available	20	20160407_3056_20	proteomic profiling by mass spectrometry	NT=Data-dependent acquisition;AC=PRIDE:0000627	NT=label free sample;AC=MS:1002038	NT=orbitrap elite;AC=MS:1001910	NT=Phospho;AC=UNIMOD:21;TA=S,T,Y;MT=Variable	NT=Oxidation;AC=UNIMOD:35;TA=M;MT=Variable	NT=Trypsin;AC=MS:1001251	NT=collision-induced dissociation;AC=MS:1000133	0.5 Da	0.5 Da	sds page	1	1	20160407_3056_20.raw	ftp://ftp.pride.ebi.ac.uk/pride/data/archive/2017/06/PXD003674/20160407_3056_20.raw	v1.1.0	NT=ms-proteomics;VV=v1.1.0	manual curation
20160224_CLASP2_HA_21	mus musculus	not available	not applicable	not available	21	20160224_CLASP2_HA_21	proteomic profiling by mass spectrometry	NT=Data-dependent acquisition;AC=PRIDE:0000627	NT=label free sample;AC=MS:1002038	NT=orbitrap elite;AC=MS:1001910	NT=Phospho;AC=UNIMOD:21;TA=S,T,Y;MT=Variable	NT=Oxidation;AC=UNIMOD:35;TA=M;MT=Variable	NT=Trypsin;AC=MS:1001251	NT=collision-induced dissociation;AC=MS:1000133	0.5 Da	0.5 Da	sds page	1	1	20160224_CLASP2_HA_21.raw	ftp://ftp.pride.ebi.ac.uk/pride/data/archive/2017/06/PXD003674/20160224_CLASP2_HA_21.raw	v1.1.0	NT=ms-proteomics;VV=v1.1.0	manual curation
20160106_CLASP2_HA_3022_30	mus musculus	not available	not applicable	not available	30	20160106_CLASP2_HA_3022_30	proteomic profiling by mass spectrometry	NT=Data-dependent acquisition;AC=PRIDE:0000627	NT=label free sample;AC=MS:1002038	NT=orbitrap elite;AC=MS:1001910	NT=Phospho;AC=UNIMOD:21;TA=S,T,Y;MT=Variable	NT=Oxidation;AC=UNIMOD:35;TA=M;MT=Variable	NT=Trypsin;AC=MS:1001251	NT=collision-induced dissociation;AC=MS:1000133	0.5 Da	0.5 Da	sds page	1	1	20160106_CLASP2_HA_3022_30.raw	ftp://ftp.pride.ebi.ac.uk/pride/data/archive/2017/06/PXD003674/20160106_CLASP2_HA_3022_30.raw	v1.1.0	NT=ms-proteomics;VV=v1.1.0	manual curation
20160219_CLASP2_HA_3029_25	mus musculus	not available	not applicable	not available	25	20160219_CLASP2_HA_3029_25	proteomic profiling by mass spectrometry	NT=Data-dependent acquisition;AC=PRIDE:0000627	NT=label free sample;AC=MS:1002038	NT=orbitrap elite;AC=MS:1001910	NT=Phospho;AC=UNIMOD:21;TA=S,T,Y;MT=Variable	NT=Oxidation;AC=UNIMOD:35;TA=M;MT=Variable	NT=Trypsin;AC=MS:1001251	NT=collision-induced dissociation;AC=MS:1000133	0.5 Da	0.5 Da	sds page	1	1	20160219_CLASP2_HA_3029_25.raw	ftp://ftp.pride.ebi.ac.uk/pride/data/archive/2017/06/PXD003674/20160219_CLASP2_HA_3029_25.raw	v1.1.0	NT=ms-proteomics;VV=v1.1.0	manual curation
20160502_3071_12	mus musculus	not available	not applicable	not available	12	20160502_3071_12	proteomic profiling by mass spectrometry	NT=Data-dependent acquisition;AC=PRIDE:0000627	NT=label free sample;AC=MS:1002038	NT=orbitrap elite;AC=MS:1001910	NT=Phospho;AC=UNIMOD:21;TA=S,T,Y;MT=Variable	NT=Oxidation;AC=UNIMOD:35;TA=M;MT=Variable	NT=Trypsin;AC=MS:1001251	NT=collision-induced dissociation;AC=MS:1000133	0.5 Da	0.5 Da	sds page	1	1	20160502_3071_12.raw	ftp://ftp.pride.ebi.ac.uk/pride/data/archive/2017/06/PXD003674/20160502_3071_12.raw	v1.1.0	NT=ms-proteomics;VV=v1.1.0	manual curation
20160413_3065_AGAP3_SOGA1_26	mus musculus	not available	not applicable	not available	26	20160413_3065_AGAP3_SOGA1_26	proteomic profiling by mass spectrometry	NT=Data-dependent acquisition;AC=PRIDE:0000627	NT=label free sample;AC=MS:1002038	NT=orbitrap elite;AC=MS:1001910	NT=Phospho;AC=UNIMOD:21;TA=S,T,Y;MT=Variable	NT=Oxidation;AC=UNIMOD:35;TA=M;MT=Variable	NT=Trypsin;AC=MS:1001251	NT=collision-induced dissociation;AC=MS:1000133	0.5 Da	0.5 Da	sds page	1	1	20160413_3065_AGAP3_SOGA1_26.raw	ftp://ftp.pride.ebi.ac.uk/pride/data/archive/2017/06/PXD003674/20160413_3065_AGAP3_SOGA1_26.raw	v1.1.0	NT=ms-proteomics;VV=v1.1.0	manual curation
20160219_CLASP2_HA_3029_2	mus musculus	not available	not applicable	not available	2	20160219_CLASP2_HA_3029_2	proteomic profiling by mass spectrometry	NT=Data-dependent acquisition;AC=PRIDE:0000627	NT=label free sample;AC=MS:1002038	NT=orbitrap elite;AC=MS:1001910	NT=Phospho;AC=UNIMOD:21;TA=S,T,Y;MT=Variable	NT=Oxidation;AC=UNIMOD:35;TA=M;MT=Variable	NT=Trypsin;AC=MS:1001251	NT=collision-induced dissociation;AC=MS:1000133	0.5 Da	0.5 Da	sds page	1	1	20160219_CLASP2_HA_3029_2.raw	ftp://ftp.pride.ebi.ac.uk/pride/data/archive/2017/06/PXD003674/20160219_CLASP2_HA_3029_2.raw	v1.1.0	NT=ms-proteomics;VV=v1.1.0	manual curation
20160224_CLASP2_HA_30	mus musculus	not available	not applicable	not available	30	20160224_CLASP2_HA_30	proteomic profiling by mass spectrometry	NT=Data-dependent acquisition;AC=PRIDE:0000627	NT=label free sample;AC=MS:1002038	NT=orbitrap elite;AC=MS:1001910	NT=Phospho;AC=UNIMOD:21;TA=S,T,Y;MT=Variable	NT=Oxidation;AC=UNIMOD:35;TA=M;MT=Variable	NT=Trypsin;AC=MS:1001251	NT=collision-induced dissociation;AC=MS:1000133	0.5 Da	0.5 Da	sds page	1	1	20160224_CLASP2_HA_30.raw	ftp://ftp.pride.ebi.ac.uk/pride/data/archive/2017/06/PXD003674/20160224_CLASP2_HA_30.raw	v1.1.0	NT=ms-proteomics;VV=v1.1.0	manual curation
20160318_3053_CLASP2_ABT263_3	mus musculus	not available	not applicable	not available	3	20160318_3053_CLASP2_ABT263_3	proteomic profiling by mass spectrometry	NT=Data-dependent acquisition;AC=PRIDE:0000627	NT=label free sample;AC=MS:1002038	NT=orbitrap elite;AC=MS:1001910	NT=Phospho;AC=UNIMOD:21;TA=S,T,Y;MT=Variable	NT=Oxidation;AC=UNIMOD:35;TA=M;MT=Variable	NT=Trypsin;AC=MS:1001251	NT=collision-induced dissociation;AC=MS:1000133	0.5 Da	0.5 Da	sds page	1	1	20160318_3053_CLASP2_ABT263_3.raw	ftp://ftp.pride.ebi.ac.uk/pride/data/archive/2017/06/PXD003674/20160318_3053_CLASP2_ABT263_3.raw	v1.1.0	NT=ms-proteomics;VV=v1.1.0	manual curation
20150513_CLASP2_1076_34	mus musculus	not available	not applicable	not available	34	20150513_CLASP2_1076_34	proteomic profiling by mass spectrometry	NT=Data-dependent acquisition;AC=PRIDE:0000627	NT=label free sample;AC=MS:1002038	NT=orbitrap elite;AC=MS:1001910	NT=Phospho;AC=UNIMOD:21;TA=S,T,Y;MT=Variable	NT=Oxidation;AC=UNIMOD:35;TA=M;MT=Variable	NT=Trypsin;AC=MS:1001251	NT=collision-induced dissociation;AC=MS:1000133	0.5 Da	0.5 Da	sds page	1	1	20150513_CLASP2_1076_34.raw	ftp://ftp.pride.ebi.ac.uk/pride/data/archive/2017/06/PXD003674/20150513_CLASP2_1076_34.raw	v1.1.0	NT=ms-proteomics;VV=v1.1.0	manual curation
20160309_3049_6	mus musculus	not available	not applicable	not available	6	20160309_3049_6	proteomic profiling by mass spectrometry	NT=Data-dependent acquisition;AC=PRIDE:0000627	NT=label free sample;AC=MS:1002038	NT=orbitrap elite;AC=MS:1001910	NT=Phospho;AC=UNIMOD:21;TA=S,T,Y;MT=Variable	NT=Oxidation;AC=UNIMOD:35;TA=M;MT=Variable	NT=Trypsin;AC=MS:1001251	NT=collision-induced dissociation;AC=MS:1000133	0.5 Da	0.5 Da	sds page	1	1	20160309_3049_6.raw	ftp://ftp.pride.ebi.ac.uk/pride/data/archive/2017/06/PXD003674/20160309_3049_6.raw	v1.1.0	NT=ms-proteomics;VV=v1.1.0	manual curation
20160416_3065_AGAP3_SOGA1_4	mus musculus	not available	not applicable	not available	4	20160416_3065_AGAP3_SOGA1_4	proteomic profiling by mass spectrometry	NT=Data-dependent acquisition;AC=PRIDE:0000627	NT=label free sample;AC=MS:1002038	NT=orbitrap elite;AC=MS:1001910	NT=Phospho;AC=UNIMOD:21;TA=S,T,Y;MT=Variable	NT=Oxidation;AC=UNIMOD:35;TA=M;MT=Variable	NT=Trypsin;AC=MS:1001251	NT=collision-induced dissociation;AC=MS:1000133	0.5 Da	0.5 Da	sds page	1	1	20160416_3065_AGAP3_SOGA1_4.raw	ftp://ftp.pride.ebi.ac.uk/pride/data/archive/2017/06/PXD003674/20160416_3065_AGAP3_SOGA1_4.raw	v1.1.0	NT=ms-proteomics;VV=v1.1.0	manual curation
20160502_3071_18	mus musculus	not available	not applicable	not available	18	20160502_3071_18	proteomic profiling by mass spectrometry	NT=Data-dependent acquisition;AC=PRIDE:0000627	NT=label free sample;AC=MS:1002038	NT=orbitrap elite;AC=MS:1001910	NT=Phospho;AC=UNIMOD:21;TA=S,T,Y;MT=Variable	NT=Oxidation;AC=UNIMOD:35;TA=M;MT=Variable	NT=Trypsin;AC=MS:1001251	NT=collision-induced dissociation;AC=MS:1000133	0.5 Da	0.5 Da	sds page	1	1	20160502_3071_18.raw	ftp://ftp.pride.ebi.ac.uk/pride/data/archive/2017/06/PXD003674/20160502_3071_18.raw	v1.1.0	NT=ms-proteomics;VV=v1.1.0	manual curation
20160930_3106_13	mus musculus	not available	not applicable	not available	13	20160930_3106_13	proteomic profiling by mass spectrometry	NT=Data-dependent acquisition;AC=PRIDE:0000627	NT=label free sample;AC=MS:1002038	NT=orbitrap elite;AC=MS:1001910	NT=Phospho;AC=UNIMOD:21;TA=S,T,Y;MT=Variable	NT=Oxidation;AC=UNIMOD:35;TA=M;MT=Variable	NT=Trypsin;AC=MS:1001251	NT=collision-induced dissociation;AC=MS:1000133	0.5 Da	0.5 Da	sds page	1	1	20160930_3106_13.raw	ftp://ftp.pride.ebi.ac.uk/pride/data/archive/2017/06/PXD003674/20160930_3106_13.raw	v1.1.0	NT=ms-proteomics;VV=v1.1.0	manual curation
20150410_26	mus musculus	not available	not applicable	not available	26	20150410_26	proteomic profiling by mass spectrometry	NT=Data-dependent acquisition;AC=PRIDE:0000627	NT=label free sample;AC=MS:1002038	NT=orbitrap elite;AC=MS:1001910	NT=Phospho;AC=UNIMOD:21;TA=S,T,Y;MT=Variable	NT=Oxidation;AC=UNIMOD:35;TA=M;MT=Variable	NT=Trypsin;AC=MS:1001251	NT=collision-induced dissociation;AC=MS:1000133	0.5 Da	0.5 Da	sds page	1	1	20150410_26.raw	ftp://ftp.pride.ebi.ac.uk/pride/data/archive/2017/06/PXD003674/20150410_26.raw	v1.1.0	NT=ms-proteomics;VV=v1.1.0	manual curation
20160219_CLASP2_HA_3029_23	mus musculus	not available	not applicable	not available	23	20160219_CLASP2_HA_3029_23	proteomic profiling by mass spectrometry	NT=Data-dependent acquisition;AC=PRIDE:0000627	NT=label free sample;AC=MS:1002038	NT=orbitrap elite;AC=MS:1001910	NT=Phospho;AC=UNIMOD:21;TA=S,T,Y;MT=Variable	NT=Oxidation;AC=UNIMOD:35;TA=M;MT=Variable	NT=Trypsin;AC=MS:1001251	NT=collision-induced dissociation;AC=MS:1000133	0.5 Da	0.5 Da	sds page	1	1	20160219_CLASP2_HA_3029_23.raw	ftp://ftp.pride.ebi.ac.uk/pride/data/archive/2017/06/PXD003674/20160219_CLASP2_HA_3029_23.raw	v1.1.0	NT=ms-proteomics;VV=v1.1.0	manual curation
20160413_3065_AGAP3_SOGA1_19	mus musculus	not available	not applicable	not available	19	20160413_3065_AGAP3_SOGA1_19	proteomic profiling by mass spectrometry	NT=Data-dependent acquisition;AC=PRIDE:0000627	NT=label free sample;AC=MS:1002038	NT=orbitrap elite;AC=MS:1001910	NT=Phospho;AC=UNIMOD:21;TA=S,T,Y;MT=Variable	NT=Oxidation;AC=UNIMOD:35;TA=M;MT=Variable	NT=Trypsin;AC=MS:1001251	NT=collision-induced dissociation;AC=MS:1000133	0.5 Da	0.5 Da	sds page	1	1	20160413_3065_AGAP3_SOGA1_19.raw	ftp://ftp.pride.ebi.ac.uk/pride/data/archive/2017/06/PXD003674/20160413_3065_AGAP3_SOGA1_19.raw	v1.1.0	NT=ms-proteomics;VV=v1.1.0	manual curation
20160219_CLASP2_HA_3029_10	mus musculus	not available	not applicable	not available	10	20160219_CLASP2_HA_3029_10	proteomic profiling by mass spectrometry	NT=Data-dependent acquisition;AC=PRIDE:0000627	NT=label free sample;AC=MS:1002038	NT=orbitrap elite;AC=MS:1001910	NT=Phospho;AC=UNIMOD:21;TA=S,T,Y;MT=Variable	NT=Oxidation;AC=UNIMOD:35;TA=M;MT=Variable	NT=Trypsin;AC=MS:1001251	NT=collision-induced dissociation;AC=MS:1000133	0.5 Da	0.5 Da	sds page	1	1	20160219_CLASP2_HA_3029_10.raw	ftp://ftp.pride.ebi.ac.uk/pride/data/archive/2017/06/PXD003674/20160219_CLASP2_HA_3029_10.raw	v1.1.0	NT=ms-proteomics;VV=v1.1.0	manual curation
20160927_3106_26	mus musculus	not available	not applicable	not available	26	20160927_3106_26	proteomic profiling by mass spectrometry	NT=Data-dependent acquisition;AC=PRIDE:0000627	NT=label free sample;AC=MS:1002038	NT=orbitrap elite;AC=MS:1001910	NT=Phospho;AC=UNIMOD:21;TA=S,T,Y;MT=Variable	NT=Oxidation;AC=UNIMOD:35;TA=M;MT=Variable	NT=Trypsin;AC=MS:1001251	NT=collision-induced dissociation;AC=MS:1000133	0.5 Da	0.5 Da	sds page	1	1	20160927_3106_26.raw	ftp://ftp.pride.ebi.ac.uk/pride/data/archive/2017/06/PXD003674/20160927_3106_26.raw	v1.1.0	NT=ms-proteomics;VV=v1.1.0	manual curation
20160426_3066_12	mus musculus	not available	not applicable	not available	12	20160426_3066_12	proteomic profiling by mass spectrometry	NT=Data-dependent acquisition;AC=PRIDE:0000627	NT=label free sample;AC=MS:1002038	NT=orbitrap elite;AC=MS:1001910	NT=Phospho;AC=UNIMOD:21;TA=S,T,Y;MT=Variable	NT=Oxidation;AC=UNIMOD:35;TA=M;MT=Variable	NT=Trypsin;AC=MS:1001251	NT=collision-induced dissociation;AC=MS:1000133	0.5 Da	0.5 Da	sds page	1	1	20160426_3066_12.raw	ftp://ftp.pride.ebi.ac.uk/pride/data/archive/2017/06/PXD003674/20160426_3066_12.raw	v1.1.0	NT=ms-proteomics;VV=v1.1.0	manual curation
20160317_3053_CLASP2_ABT263_24	mus musculus	not available	not applicable	not available	24	20160317_3053_CLASP2_ABT263_24	proteomic profiling by mass spectrometry	NT=Data-dependent acquisition;AC=PRIDE:0000627	NT=label free sample;AC=MS:1002038	NT=orbitrap elite;AC=MS:1001910	NT=Phospho;AC=UNIMOD:21;TA=S,T,Y;MT=Variable	NT=Oxidation;AC=UNIMOD:35;TA=M;MT=Variable	NT=Trypsin;AC=MS:1001251	NT=collision-induced dissociation;AC=MS:1000133	0.5 Da	0.5 Da	sds page	1	1	20160317_3053_CLASP2_ABT263_24.raw	ftp://ftp.pride.ebi.ac.uk/pride/data/archive/2017/06/PXD003674/20160317_3053_CLASP2_ABT263_24.raw	v1.1.0	NT=ms-proteomics;VV=v1.1.0	manual curation
20160401_3055_27	mus musculus	not available	not applicable	not available	27	20160401_3055_27	proteomic profiling by mass spectrometry	NT=Data-dependent acquisition;AC=PRIDE:0000627	NT=label free sample;AC=MS:1002038	NT=orbitrap elite;AC=MS:1001910	NT=Phospho;AC=UNIMOD:21;TA=S,T,Y;MT=Variable	NT=Oxidation;AC=UNIMOD:35;TA=M;MT=Variable	NT=Trypsin;AC=MS:1001251	NT=collision-induced dissociation;AC=MS:1000133	0.5 Da	0.5 Da	sds page	1	1	20160401_3055_27.raw	ftp://ftp.pride.ebi.ac.uk/pride/data/archive/2017/06/PXD003674/20160401_3055_27.raw	v1.1.0	NT=ms-proteomics;VV=v1.1.0	manual curation
20150508_CLASP2_1076_52	mus musculus	not available	not applicable	not available	52	20150508_CLASP2_1076_52	proteomic profiling by mass spectrometry	NT=Data-dependent acquisition;AC=PRIDE:0000627	NT=label free sample;AC=MS:1002038	NT=orbitrap elite;AC=MS:1001910	NT=Phospho;AC=UNIMOD:21;TA=S,T,Y;MT=Variable	NT=Oxidation;AC=UNIMOD:35;TA=M;MT=Variable	NT=Trypsin;AC=MS:1001251	NT=collision-induced dissociation;AC=MS:1000133	0.5 Da	0.5 Da	sds page	1	1	20150508_CLASP2_1076_52.raw	ftp://ftp.pride.ebi.ac.uk/pride/data/archive/2017/06/PXD003674/20150508_CLASP2_1076_52.raw	v1.1.0	NT=ms-proteomics;VV=v1.1.0	manual curation
20160504_3071_30	mus musculus	not available	not applicable	not available	30	20160504_3071_30	proteomic profiling by mass spectrometry	NT=Data-dependent acquisition;AC=PRIDE:0000627	NT=label free sample;AC=MS:1002038	NT=orbitrap elite;AC=MS:1001910	NT=Phospho;AC=UNIMOD:21;TA=S,T,Y;MT=Variable	NT=Oxidation;AC=UNIMOD:35;TA=M;MT=Variable	NT=Trypsin;AC=MS:1001251	NT=collision-induced dissociation;AC=MS:1000133	0.5 Da	0.5 Da	sds page	1	1	20160504_3071_30.raw	ftp://ftp.pride.ebi.ac.uk/pride/data/archive/2017/06/PXD003674/20160504_3071_30.raw	v1.1.0	NT=ms-proteomics;VV=v1.1.0	manual curation
20160502_3071_8_redo	mus musculus	not available	not applicable	not available	1	20160502_3071_8_redo	proteomic profiling by mass spectrometry	NT=Data-dependent acquisition;AC=PRIDE:0000627	NT=label free sample;AC=MS:1002038	NT=orbitrap elite;AC=MS:1001910	NT=Phospho;AC=UNIMOD:21;TA=S,T,Y;MT=Variable	NT=Oxidation;AC=UNIMOD:35;TA=M;MT=Variable	NT=Trypsin;AC=MS:1001251	NT=collision-induced dissociation;AC=MS:1000133	0.5 Da	0.5 Da	sds page	1	1	20160502_3071_8_redo.raw	ftp://ftp.pride.ebi.ac.uk/pride/data/archive/2017/06/PXD003674/20160502_3071_8_redo.raw	v1.1.0	NT=ms-proteomics;VV=v1.1.0	manual curation
20160502_3071_17	mus musculus	not available	not applicable	not available	17	20160502_3071_17	proteomic profiling by mass spectrometry	NT=Data-dependent acquisition;AC=PRIDE:0000627	NT=label free sample;AC=MS:1002038	NT=orbitrap elite;AC=MS:1001910	NT=Phospho;AC=UNIMOD:21;TA=S,T,Y;MT=Variable	NT=Oxidation;AC=UNIMOD:35;TA=M;MT=Variable	NT=Trypsin;AC=MS:1001251	NT=collision-induced dissociation;AC=MS:1000133	0.5 Da	0.5 Da	sds page	1	1	20160502_3071_17.raw	ftp://ftp.pride.ebi.ac.uk/pride/data/archive/2017/06/PXD003674/20160502_3071_17.raw	v1.1.0	NT=ms-proteomics;VV=v1.1.0	manual curation
20160525_1222_23	mus musculus	not available	not applicable	not available	23	20160525_1222_23	proteomic profiling by mass spectrometry	NT=Data-dependent acquisition;AC=PRIDE:0000627	NT=label free sample;AC=MS:1002038	NT=orbitrap elite;AC=MS:1001910	NT=Phospho;AC=UNIMOD:21;TA=S,T,Y;MT=Variable	NT=Oxidation;AC=UNIMOD:35;TA=M;MT=Variable	NT=Trypsin;AC=MS:1001251	NT=collision-induced dissociation;AC=MS:1000133	0.5 Da	0.5 Da	sds page	1	1	20160525_1222_23.raw	ftp://ftp.pride.ebi.ac.uk/pride/data/archive/2017/06/PXD003674/20160525_1222_23.raw	v1.1.0	NT=ms-proteomics;VV=v1.1.0	manual curation
20160317_3053_CLASP2_ABT263_16	mus musculus	not available	not applicable	not available	16	20160317_3053_CLASP2_ABT263_16	proteomic profiling by mass spectrometry	NT=Data-dependent acquisition;AC=PRIDE:0000627	NT=label free sample;AC=MS:1002038	NT=orbitrap elite;AC=MS:1001910	NT=Phospho;AC=UNIMOD:21;TA=S,T,Y;MT=Variable	NT=Oxidation;AC=UNIMOD:35;TA=M;MT=Variable	NT=Trypsin;AC=MS:1001251	NT=collision-induced dissociation;AC=MS:1000133	0.5 Da	0.5 Da	sds page	1	1	20160317_3053_CLASP2_ABT263_16.raw	ftp://ftp.pride.ebi.ac.uk/pride/data/archive/2017/06/PXD003674/20160317_3053_CLASP2_ABT263_16.raw	v1.1.0	NT=ms-proteomics;VV=v1.1.0	manual curation
20160407_3056_25	mus musculus	not available	not applicable	not available	25	20160407_3056_25	proteomic profiling by mass spectrometry	NT=Data-dependent acquisition;AC=PRIDE:0000627	NT=label free sample;AC=MS:1002038	NT=orbitrap elite;AC=MS:1001910	NT=Phospho;AC=UNIMOD:21;TA=S,T,Y;MT=Variable	NT=Oxidation;AC=UNIMOD:35;TA=M;MT=Variable	NT=Trypsin;AC=MS:1001251	NT=collision-induced dissociation;AC=MS:1000133	0.5 Da	0.5 Da	sds page	1	1	20160407_3056_25.raw	ftp://ftp.pride.ebi.ac.uk/pride/data/archive/2017/06/PXD003674/20160407_3056_25.raw	v1.1.0	NT=ms-proteomics;VV=v1.1.0	manual curation
20160408_3056_1	mus musculus	not available	not applicable	not available	1	20160408_3056_1	proteomic profiling by mass spectrometry	NT=Data-dependent acquisition;AC=PRIDE:0000627	NT=label free sample;AC=MS:1002038	NT=orbitrap elite;AC=MS:1001910	NT=Phospho;AC=UNIMOD:21;TA=S,T,Y;MT=Variable	NT=Oxidation;AC=UNIMOD:35;TA=M;MT=Variable	NT=Trypsin;AC=MS:1001251	NT=collision-induced dissociation;AC=MS:1000133	0.5 Da	0.5 Da	sds page	1	1	20160408_3056_1.raw	ftp://ftp.pride.ebi.ac.uk/pride/data/archive/2017/06/PXD003674/20160408_3056_1.raw	v1.1.0	NT=ms-proteomics;VV=v1.1.0	manual curation
20160318_3053_CLASP2_ABT263_8	mus musculus	not available	not applicable	not available	8	20160318_3053_CLASP2_ABT263_8	proteomic profiling by mass spectrometry	NT=Data-dependent acquisition;AC=PRIDE:0000627	NT=label free sample;AC=MS:1002038	NT=orbitrap elite;AC=MS:1001910	NT=Phospho;AC=UNIMOD:21;TA=S,T,Y;MT=Variable	NT=Oxidation;AC=UNIMOD:35;TA=M;MT=Variable	NT=Trypsin;AC=MS:1001251	NT=collision-induced dissociation;AC=MS:1000133	0.5 Da	0.5 Da	sds page	1	1	20160318_3053_CLASP2_ABT263_8.raw	ftp://ftp.pride.ebi.ac.uk/pride/data/archive/2017/06/PXD003674/20160318_3053_CLASP2_ABT263_8.raw	v1.1.0	NT=ms-proteomics;VV=v1.1.0	manual curation
20160429_3066_38	mus musculus	not available	not applicable	not available	38	20160429_3066_38	proteomic profiling by mass spectrometry	NT=Data-dependent acquisition;AC=PRIDE:0000627	NT=label free sample;AC=MS:1002038	NT=orbitrap elite;AC=MS:1001910	NT=Phospho;AC=UNIMOD:21;TA=S,T,Y;MT=Variable	NT=Oxidation;AC=UNIMOD:35;TA=M;MT=Variable	NT=Trypsin;AC=MS:1001251	NT=collision-induced dissociation;AC=MS:1000133	0.5 Da	0.5 Da	sds page	1	1	20160429_3066_38.raw	ftp://ftp.pride.ebi.ac.uk/pride/data/archive/2017/06/PXD003674/20160429_3066_38.raw	v1.1.0	NT=ms-proteomics;VV=v1.1.0	manual curation
20160505_3071_38	mus musculus	not available	not applicable	not available	38	20160505_3071_38	proteomic profiling by mass spectrometry	NT=Data-dependent acquisition;AC=PRIDE:0000627	NT=label free sample;AC=MS:1002038	NT=orbitrap elite;AC=MS:1001910	NT=Phospho;AC=UNIMOD:21;TA=S,T,Y;MT=Variable	NT=Oxidation;AC=UNIMOD:35;TA=M;MT=Variable	NT=Trypsin;AC=MS:1001251	NT=collision-induced dissociation;AC=MS:1000133	0.5 Da	0.5 Da	sds page	1	1	20160505_3071_38.raw	ftp://ftp.pride.ebi.ac.uk/pride/data/archive/2017/06/PXD003674/20160505_3071_38.raw	v1.1.0	NT=ms-proteomics;VV=v1.1.0	manual curation
20150506_51	mus musculus	not available	not applicable	not available	51	20150506_51	proteomic profiling by mass spectrometry	NT=Data-dependent acquisition;AC=PRIDE:0000627	NT=label free sample;AC=MS:1002038	NT=orbitrap elite;AC=MS:1001910	NT=Phospho;AC=UNIMOD:21;TA=S,T,Y;MT=Variable	NT=Oxidation;AC=UNIMOD:35;TA=M;MT=Variable	NT=Trypsin;AC=MS:1001251	NT=collision-induced dissociation;AC=MS:1000133	0.5 Da	0.5 Da	sds page	1	1	20150506_51.raw	ftp://ftp.pride.ebi.ac.uk/pride/data/archive/2017/06/PXD003674/20150506_51.raw	v1.1.0	NT=ms-proteomics;VV=v1.1.0	manual curation
20150513_CLASP2_1076_76	mus musculus	not available	not applicable	not available	76	20150513_CLASP2_1076_76	proteomic profiling by mass spectrometry	NT=Data-dependent acquisition;AC=PRIDE:0000627	NT=label free sample;AC=MS:1002038	NT=orbitrap elite;AC=MS:1001910	NT=Phospho;AC=UNIMOD:21;TA=S,T,Y;MT=Variable	NT=Oxidation;AC=UNIMOD:35;TA=M;MT=Variable	NT=Trypsin;AC=MS:1001251	NT=collision-induced dissociation;AC=MS:1000133	0.5 Da	0.5 Da	sds page	1	1	20150513_CLASP2_1076_76.raw	ftp://ftp.pride.ebi.ac.uk/pride/data/archive/2017/06/PXD003674/20150513_CLASP2_1076_76.raw	v1.1.0	NT=ms-proteomics;VV=v1.1.0	manual curation
20160426_3066_14	mus musculus	not available	not applicable	not available	14	20160426_3066_14	proteomic profiling by mass spectrometry	NT=Data-dependent acquisition;AC=PRIDE:0000627	NT=label free sample;AC=MS:1002038	NT=orbitrap elite;AC=MS:1001910	NT=Phospho;AC=UNIMOD:21;TA=S,T,Y;MT=Variable	NT=Oxidation;AC=UNIMOD:35;TA=M;MT=Variable	NT=Trypsin;AC=MS:1001251	NT=collision-induced dissociation;AC=MS:1000133	0.5 Da	0.5 Da	sds page	1	1	20160426_3066_14.raw	ftp://ftp.pride.ebi.ac.uk/pride/data/archive/2017/06/PXD003674/20160426_3066_14.raw	v1.1.0	NT=ms-proteomics;VV=v1.1.0	manual curation
20160219_CLASP2_HA_3029_30	mus musculus	not available	not applicable	not available	30	20160219_CLASP2_HA_3029_30	proteomic profiling by mass spectrometry	NT=Data-dependent acquisition;AC=PRIDE:0000627	NT=label free sample;AC=MS:1002038	NT=orbitrap elite;AC=MS:1001910	NT=Phospho;AC=UNIMOD:21;TA=S,T,Y;MT=Variable	NT=Oxidation;AC=UNIMOD:35;TA=M;MT=Variable	NT=Trypsin;AC=MS:1001251	NT=collision-induced dissociation;AC=MS:1000133	0.5 Da	0.5 Da	sds page	1	1	20160219_CLASP2_HA_3029_30.raw	ftp://ftp.pride.ebi.ac.uk/pride/data/archive/2017/06/PXD003674/20160219_CLASP2_HA_3029_30.raw	v1.1.0	NT=ms-proteomics;VV=v1.1.0	manual curation
20150506_93	mus musculus	not available	not applicable	not available	93	20150506_93	proteomic profiling by mass spectrometry	NT=Data-dependent acquisition;AC=PRIDE:0000627	NT=label free sample;AC=MS:1002038	NT=orbitrap elite;AC=MS:1001910	NT=Phospho;AC=UNIMOD:21;TA=S,T,Y;MT=Variable	NT=Oxidation;AC=UNIMOD:35;TA=M;MT=Variable	NT=Trypsin;AC=MS:1001251	NT=collision-induced dissociation;AC=MS:1000133	0.5 Da	0.5 Da	sds page	1	1	20150506_93.raw	ftp://ftp.pride.ebi.ac.uk/pride/data/archive/2017/06/PXD003674/20150506_93.raw	v1.1.0	NT=ms-proteomics;VV=v1.1.0	manual curation
20150410_21	mus musculus	not available	not applicable	not available	21	20150410_21	proteomic profiling by mass spectrometry	NT=Data-dependent acquisition;AC=PRIDE:0000627	NT=label free sample;AC=MS:1002038	NT=orbitrap elite;AC=MS:1001910	NT=Phospho;AC=UNIMOD:21;TA=S,T,Y;MT=Variable	NT=Oxidation;AC=UNIMOD:35;TA=M;MT=Variable	NT=Trypsin;AC=MS:1001251	NT=collision-induced dissociation;AC=MS:1000133	0.5 Da	0.5 Da	sds page	1	1	20150410_21.raw	ftp://ftp.pride.ebi.ac.uk/pride/data/archive/2017/06/PXD003674/20150410_21.raw	v1.1.0	NT=ms-proteomics;VV=v1.1.0	manual curation
20160520_3074_17	mus musculus	not available	not applicable	not available	17	20160520_3074_17	proteomic profiling by mass spectrometry	NT=Data-dependent acquisition;AC=PRIDE:0000627	NT=label free sample;AC=MS:1002038	NT=orbitrap elite;AC=MS:1001910	NT=Phospho;AC=UNIMOD:21;TA=S,T,Y;MT=Variable	NT=Oxidation;AC=UNIMOD:35;TA=M;MT=Variable	NT=Trypsin;AC=MS:1001251	NT=collision-induced dissociation;AC=MS:1000133	0.5 Da	0.5 Da	sds page	1	1	20160520_3074_17.raw	ftp://ftp.pride.ebi.ac.uk/pride/data/archive/2017/06/PXD003674/20160520_3074_17.raw	v1.1.0	NT=ms-proteomics;VV=v1.1.0	manual curation
20160224_CLASP2_3042_HA_1	mus musculus	not available	not applicable	not available	1	20160224_CLASP2_3042_HA_1	proteomic profiling by mass spectrometry	NT=Data-dependent acquisition;AC=PRIDE:0000627	NT=label free sample;AC=MS:1002038	NT=orbitrap elite;AC=MS:1001910	NT=Phospho;AC=UNIMOD:21;TA=S,T,Y;MT=Variable	NT=Oxidation;AC=UNIMOD:35;TA=M;MT=Variable	NT=Trypsin;AC=MS:1001251	NT=collision-induced dissociation;AC=MS:1000133	0.5 Da	0.5 Da	sds page	1	1	20160224_CLASP2_3042_HA_1.raw	ftp://ftp.pride.ebi.ac.uk/pride/data/archive/2017/06/PXD003674/20160224_CLASP2_3042_HA_1.raw	v1.1.0	NT=ms-proteomics;VV=v1.1.0	manual curation
20150508_CLASP2_1076_73	mus musculus	not available	not applicable	not available	73	20150508_CLASP2_1076_73	proteomic profiling by mass spectrometry	NT=Data-dependent acquisition;AC=PRIDE:0000627	NT=label free sample;AC=MS:1002038	NT=orbitrap elite;AC=MS:1001910	NT=Phospho;AC=UNIMOD:21;TA=S,T,Y;MT=Variable	NT=Oxidation;AC=UNIMOD:35;TA=M;MT=Variable	NT=Trypsin;AC=MS:1001251	NT=collision-induced dissociation;AC=MS:1000133	0.5 Da	0.5 Da	sds page	1	1	20150508_CLASP2_1076_73.raw	ftp://ftp.pride.ebi.ac.uk/pride/data/archive/2017/06/PXD003674/20150508_CLASP2_1076_73.raw	v1.1.0	NT=ms-proteomics;VV=v1.1.0	manual curation
20150511_CLASP2_1076_39	mus musculus	not available	not applicable	not available	39	20150511_CLASP2_1076_39	proteomic profiling by mass spectrometry	NT=Data-dependent acquisition;AC=PRIDE:0000627	NT=label free sample;AC=MS:1002038	NT=orbitrap elite;AC=MS:1001910	NT=Phospho;AC=UNIMOD:21;TA=S,T,Y;MT=Variable	NT=Oxidation;AC=UNIMOD:35;TA=M;MT=Variable	NT=Trypsin;AC=MS:1001251	NT=collision-induced dissociation;AC=MS:1000133	0.5 Da	0.5 Da	sds page	1	1	20150511_CLASP2_1076_39.raw	ftp://ftp.pride.ebi.ac.uk/pride/data/archive/2017/06/PXD003674/20150511_CLASP2_1076_39.raw	v1.1.0	NT=ms-proteomics;VV=v1.1.0	manual curation
20150410_23	mus musculus	not available	not applicable	not available	23	20150410_23	proteomic profiling by mass spectrometry	NT=Data-dependent acquisition;AC=PRIDE:0000627	NT=label free sample;AC=MS:1002038	NT=orbitrap elite;AC=MS:1001910	NT=Phospho;AC=UNIMOD:21;TA=S,T,Y;MT=Variable	NT=Oxidation;AC=UNIMOD:35;TA=M;MT=Variable	NT=Trypsin;AC=MS:1001251	NT=collision-induced dissociation;AC=MS:1000133	0.5 Da	0.5 Da	sds page	1	1	20150410_23.raw	ftp://ftp.pride.ebi.ac.uk/pride/data/archive/2017/06/PXD003674/20150410_23.raw	v1.1.0	NT=ms-proteomics;VV=v1.1.0	manual curation
20150511_CLASP2_1076_74	mus musculus	not available	not applicable	not available	74	20150511_CLASP2_1076_74	proteomic profiling by mass spectrometry	NT=Data-dependent acquisition;AC=PRIDE:0000627	NT=label free sample;AC=MS:1002038	NT=orbitrap elite;AC=MS:1001910	NT=Phospho;AC=UNIMOD:21;TA=S,T,Y;MT=Variable	NT=Oxidation;AC=UNIMOD:35;TA=M;MT=Variable	NT=Trypsin;AC=MS:1001251	NT=collision-induced dissociation;AC=MS:1000133	0.5 Da	0.5 Da	sds page	1	1	20150511_CLASP2_1076_74.raw	ftp://ftp.pride.ebi.ac.uk/pride/data/archive/2017/06/PXD003674/20150511_CLASP2_1076_74.raw	v1.1.0	NT=ms-proteomics;VV=v1.1.0	manual curation
20150410_3	mus musculus	not available	not applicable	not available	3	20150410_3	proteomic profiling by mass spectrometry	NT=Data-dependent acquisition;AC=PRIDE:0000627	NT=label free sample;AC=MS:1002038	NT=orbitrap elite;AC=MS:1001910	NT=Phospho;AC=UNIMOD:21;TA=S,T,Y;MT=Variable	NT=Oxidation;AC=UNIMOD:35;TA=M;MT=Variable	NT=Trypsin;AC=MS:1001251	NT=collision-induced dissociation;AC=MS:1000133	0.5 Da	0.5 Da	sds page	1	1	20150410_3.raw	ftp://ftp.pride.ebi.ac.uk/pride/data/archive/2017/06/PXD003674/20150410_3.raw	v1.1.0	NT=ms-proteomics;VV=v1.1.0	manual curation
20150506_72	mus musculus	not available	not applicable	not available	72	20150506_72	proteomic profiling by mass spectrometry	NT=Data-dependent acquisition;AC=PRIDE:0000627	NT=label free sample;AC=MS:1002038	NT=orbitrap elite;AC=MS:1001910	NT=Phospho;AC=UNIMOD:21;TA=S,T,Y;MT=Variable	NT=Oxidation;AC=UNIMOD:35;TA=M;MT=Variable	NT=Trypsin;AC=MS:1001251	NT=collision-induced dissociation;AC=MS:1000133	0.5 Da	0.5 Da	sds page	1	1	20150506_72.raw	ftp://ftp.pride.ebi.ac.uk/pride/data/archive/2017/06/PXD003674/20150506_72.raw	v1.1.0	NT=ms-proteomics;VV=v1.1.0	manual curation
20160408_3056_8	mus musculus	not available	not applicable	not available	8	20160408_3056_8	proteomic profiling by mass spectrometry	NT=Data-dependent acquisition;AC=PRIDE:0000627	NT=label free sample;AC=MS:1002038	NT=orbitrap elite;AC=MS:1001910	NT=Phospho;AC=UNIMOD:21;TA=S,T,Y;MT=Variable	NT=Oxidation;AC=UNIMOD:35;TA=M;MT=Variable	NT=Trypsin;AC=MS:1001251	NT=collision-induced dissociation;AC=MS:1000133	0.5 Da	0.5 Da	sds page	1	1	20160408_3056_8.raw	ftp://ftp.pride.ebi.ac.uk/pride/data/archive/2017/06/PXD003674/20160408_3056_8.raw	v1.1.0	NT=ms-proteomics;VV=v1.1.0	manual curation
20160530_3076_19	mus musculus	not available	not applicable	not available	19	20160530_3076_19	proteomic profiling by mass spectrometry	NT=Data-dependent acquisition;AC=PRIDE:0000627	NT=label free sample;AC=MS:1002038	NT=orbitrap elite;AC=MS:1001910	NT=Phospho;AC=UNIMOD:21;TA=S,T,Y;MT=Variable	NT=Oxidation;AC=UNIMOD:35;TA=M;MT=Variable	NT=Trypsin;AC=MS:1001251	NT=collision-induced dissociation;AC=MS:1000133	0.5 Da	0.5 Da	sds page	1	1	20160530_3076_19.raw	ftp://ftp.pride.ebi.ac.uk/pride/data/archive/2017/06/PXD003674/20160530_3076_19.raw	v1.1.0	NT=ms-proteomics;VV=v1.1.0	manual curation
20161007_3017_28	mus musculus	not available	not applicable	not available	28	20161007_3017_28	proteomic profiling by mass spectrometry	NT=Data-dependent acquisition;AC=PRIDE:0000627	NT=label free sample;AC=MS:1002038	NT=orbitrap elite;AC=MS:1001910	NT=Phospho;AC=UNIMOD:21;TA=S,T,Y;MT=Variable	NT=Oxidation;AC=UNIMOD:35;TA=M;MT=Variable	NT=Trypsin;AC=MS:1001251	NT=collision-induced dissociation;AC=MS:1000133	0.5 Da	0.5 Da	sds page	1	1	20161007_3017_28.raw	ftp://ftp.pride.ebi.ac.uk/pride/data/archive/2017/06/PXD003674/20161007_3017_28.raw	v1.1.0	NT=ms-proteomics;VV=v1.1.0	manual curation
20160928_3106_1	mus musculus	not available	not applicable	not available	1	20160928_3106_1	proteomic profiling by mass spectrometry	NT=Data-dependent acquisition;AC=PRIDE:0000627	NT=label free sample;AC=MS:1002038	NT=orbitrap elite;AC=MS:1001910	NT=Phospho;AC=UNIMOD:21;TA=S,T,Y;MT=Variable	NT=Oxidation;AC=UNIMOD:35;TA=M;MT=Variable	NT=Trypsin;AC=MS:1001251	NT=collision-induced dissociation;AC=MS:1000133	0.5 Da	0.5 Da	sds page	1	1	20160928_3106_1.raw	ftp://ftp.pride.ebi.ac.uk/pride/data/archive/2017/06/PXD003674/20160928_3106_1.raw	v1.1.0	NT=ms-proteomics;VV=v1.1.0	manual curation
20160524_1222_15	mus musculus	not available	not applicable	not available	15	20160524_1222_15	proteomic profiling by mass spectrometry	NT=Data-dependent acquisition;AC=PRIDE:0000627	NT=label free sample;AC=MS:1002038	NT=orbitrap elite;AC=MS:1001910	NT=Phospho;AC=UNIMOD:21;TA=S,T,Y;MT=Variable	NT=Oxidation;AC=UNIMOD:35;TA=M;MT=Variable	NT=Trypsin;AC=MS:1001251	NT=collision-induced dissociation;AC=MS:1000133	0.5 Da	0.5 Da	sds page	1	1	20160524_1222_15.raw	ftp://ftp.pride.ebi.ac.uk/pride/data/archive/2017/06/PXD003674/20160524_1222_15.raw	v1.1.0	NT=ms-proteomics;VV=v1.1.0	manual curation
20160224_CLASP2_3042_HA_6	mus musculus	not available	not applicable	not available	6	20160224_CLASP2_3042_HA_6	proteomic profiling by mass spectrometry	NT=Data-dependent acquisition;AC=PRIDE:0000627	NT=label free sample;AC=MS:1002038	NT=orbitrap elite;AC=MS:1001910	NT=Phospho;AC=UNIMOD:21;TA=S,T,Y;MT=Variable	NT=Oxidation;AC=UNIMOD:35;TA=M;MT=Variable	NT=Trypsin;AC=MS:1001251	NT=collision-induced dissociation;AC=MS:1000133	0.5 Da	0.5 Da	sds page	1	1	20160224_CLASP2_3042_HA_6.raw	ftp://ftp.pride.ebi.ac.uk/pride/data/archive/2017/06/PXD003674/20160224_CLASP2_3042_HA_6.raw	v1.1.0	NT=ms-proteomics;VV=v1.1.0	manual curation
20160224_CLASP2_HA_28	mus musculus	not available	not applicable	not available	28	20160224_CLASP2_HA_28	proteomic profiling by mass spectrometry	NT=Data-dependent acquisition;AC=PRIDE:0000627	NT=label free sample;AC=MS:1002038	NT=orbitrap elite;AC=MS:1001910	NT=Phospho;AC=UNIMOD:21;TA=S,T,Y;MT=Variable	NT=Oxidation;AC=UNIMOD:35;TA=M;MT=Variable	NT=Trypsin;AC=MS:1001251	NT=collision-induced dissociation;AC=MS:1000133	0.5 Da	0.5 Da	sds page	1	1	20160224_CLASP2_HA_28.raw	ftp://ftp.pride.ebi.ac.uk/pride/data/archive/2017/06/PXD003674/20160224_CLASP2_HA_28.raw	v1.1.0	NT=ms-proteomics;VV=v1.1.0	manual curation
20160503_3071_25	mus musculus	not available	not applicable	not available	25	20160503_3071_25	proteomic profiling by mass spectrometry	NT=Data-dependent acquisition;AC=PRIDE:0000627	NT=label free sample;AC=MS:1002038	NT=orbitrap elite;AC=MS:1001910	NT=Phospho;AC=UNIMOD:21;TA=S,T,Y;MT=Variable	NT=Oxidation;AC=UNIMOD:35;TA=M;MT=Variable	NT=Trypsin;AC=MS:1001251	NT=collision-induced dissociation;AC=MS:1000133	0.5 Da	0.5 Da	sds page	1	1	20160503_3071_25.raw	ftp://ftp.pride.ebi.ac.uk/pride/data/archive/2017/06/PXD003674/20160503_3071_25.raw	v1.1.0	NT=ms-proteomics;VV=v1.1.0	manual curation
20150511_CLASP2_1076_96	mus musculus	not available	not applicable	not available	96	20150511_CLASP2_1076_96	proteomic profiling by mass spectrometry	NT=Data-dependent acquisition;AC=PRIDE:0000627	NT=label free sample;AC=MS:1002038	NT=orbitrap elite;AC=MS:1001910	NT=Phospho;AC=UNIMOD:21;TA=S,T,Y;MT=Variable	NT=Oxidation;AC=UNIMOD:35;TA=M;MT=Variable	NT=Trypsin;AC=MS:1001251	NT=collision-induced dissociation;AC=MS:1000133	0.5 Da	0.5 Da	sds page	1	1	20150511_CLASP2_1076_96.raw	ftp://ftp.pride.ebi.ac.uk/pride/data/archive/2017/06/PXD003674/20150511_CLASP2_1076_96.raw	v1.1.0	NT=ms-proteomics;VV=v1.1.0	manual curation
20160413_3065_AGAP3_SOGA1_22	mus musculus	not available	not applicable	not available	22	20160413_3065_AGAP3_SOGA1_22	proteomic profiling by mass spectrometry	NT=Data-dependent acquisition;AC=PRIDE:0000627	NT=label free sample;AC=MS:1002038	NT=orbitrap elite;AC=MS:1001910	NT=Phospho;AC=UNIMOD:21;TA=S,T,Y;MT=Variable	NT=Oxidation;AC=UNIMOD:35;TA=M;MT=Variable	NT=Trypsin;AC=MS:1001251	NT=collision-induced dissociation;AC=MS:1000133	0.5 Da	0.5 Da	sds page	1	1	20160413_3065_AGAP3_SOGA1_22.raw	ftp://ftp.pride.ebi.ac.uk/pride/data/archive/2017/06/PXD003674/20160413_3065_AGAP3_SOGA1_22.raw	v1.1.0	NT=ms-proteomics;VV=v1.1.0	manual curation
20160520_3074_15	mus musculus	not available	not applicable	not available	15	20160520_3074_15	proteomic profiling by mass spectrometry	NT=Data-dependent acquisition;AC=PRIDE:0000627	NT=label free sample;AC=MS:1002038	NT=orbitrap elite;AC=MS:1001910	NT=Phospho;AC=UNIMOD:21;TA=S,T,Y;MT=Variable	NT=Oxidation;AC=UNIMOD:35;TA=M;MT=Variable	NT=Trypsin;AC=MS:1001251	NT=collision-induced dissociation;AC=MS:1000133	0.5 Da	0.5 Da	sds page	1	1	20160520_3074_15.raw	ftp://ftp.pride.ebi.ac.uk/pride/data/archive/2017/06/PXD003674/20160520_3074_15.raw	v1.1.0	NT=ms-proteomics;VV=v1.1.0	manual curation
20160425_3066_6	mus musculus	not available	not applicable	not available	6	20160425_3066_6	proteomic profiling by mass spectrometry	NT=Data-dependent acquisition;AC=PRIDE:0000627	NT=label free sample;AC=MS:1002038	NT=orbitrap elite;AC=MS:1001910	NT=Phospho;AC=UNIMOD:21;TA=S,T,Y;MT=Variable	NT=Oxidation;AC=UNIMOD:35;TA=M;MT=Variable	NT=Trypsin;AC=MS:1001251	NT=collision-induced dissociation;AC=MS:1000133	0.5 Da	0.5 Da	sds page	1	1	20160425_3066_6.raw	ftp://ftp.pride.ebi.ac.uk/pride/data/archive/2017/06/PXD003674/20160425_3066_6.raw	v1.1.0	NT=ms-proteomics;VV=v1.1.0	manual curation
20160520_3074_27	mus musculus	not available	not applicable	not available	27	20160520_3074_27	proteomic profiling by mass spectrometry	NT=Data-dependent acquisition;AC=PRIDE:0000627	NT=label free sample;AC=MS:1002038	NT=orbitrap elite;AC=MS:1001910	NT=Phospho;AC=UNIMOD:21;TA=S,T,Y;MT=Variable	NT=Oxidation;AC=UNIMOD:35;TA=M;MT=Variable	NT=Trypsin;AC=MS:1001251	NT=collision-induced dissociation;AC=MS:1000133	0.5 Da	0.5 Da	sds page	1	1	20160520_3074_27.raw	ftp://ftp.pride.ebi.ac.uk/pride/data/archive/2017/06/PXD003674/20160520_3074_27.raw	v1.1.0	NT=ms-proteomics;VV=v1.1.0	manual curation
20160317_3053_CLASP2_ABT263_22	mus musculus	not available	not applicable	not available	22	20160317_3053_CLASP2_ABT263_22	proteomic profiling by mass spectrometry	NT=Data-dependent acquisition;AC=PRIDE:0000627	NT=label free sample;AC=MS:1002038	NT=orbitrap elite;AC=MS:1001910	NT=Phospho;AC=UNIMOD:21;TA=S,T,Y;MT=Variable	NT=Oxidation;AC=UNIMOD:35;TA=M;MT=Variable	NT=Trypsin;AC=MS:1001251	NT=collision-induced dissociation;AC=MS:1000133	0.5 Da	0.5 Da	sds page	1	1	20160317_3053_CLASP2_ABT263_22.raw	ftp://ftp.pride.ebi.ac.uk/pride/data/archive/2017/06/PXD003674/20160317_3053_CLASP2_ABT263_22.raw	v1.1.0	NT=ms-proteomics;VV=v1.1.0	manual curation
20160318_3053_CLASP2_ABT263_14	mus musculus	not available	not applicable	not available	14	20160318_3053_CLASP2_ABT263_14	proteomic profiling by mass spectrometry	NT=Data-dependent acquisition;AC=PRIDE:0000627	NT=label free sample;AC=MS:1002038	NT=orbitrap elite;AC=MS:1001910	NT=Phospho;AC=UNIMOD:21;TA=S,T,Y;MT=Variable	NT=Oxidation;AC=UNIMOD:35;TA=M;MT=Variable	NT=Trypsin;AC=MS:1001251	NT=collision-induced dissociation;AC=MS:1000133	0.5 Da	0.5 Da	sds page	1	1	20160318_3053_CLASP2_ABT263_14.raw	ftp://ftp.pride.ebi.ac.uk/pride/data/archive/2017/06/PXD003674/20160318_3053_CLASP2_ABT263_14.raw	v1.1.0	NT=ms-proteomics;VV=v1.1.0	manual curation
20160224_CLASP2_HA_23	mus musculus	not available	not applicable	not available	23	20160224_CLASP2_HA_23	proteomic profiling by mass spectrometry	NT=Data-dependent acquisition;AC=PRIDE:0000627	NT=label free sample;AC=MS:1002038	NT=orbitrap elite;AC=MS:1001910	NT=Phospho;AC=UNIMOD:21;TA=S,T,Y;MT=Variable	NT=Oxidation;AC=UNIMOD:35;TA=M;MT=Variable	NT=Trypsin;AC=MS:1001251	NT=collision-induced dissociation;AC=MS:1000133	0.5 Da	0.5 Da	sds page	1	1	20160224_CLASP2_HA_23.raw	ftp://ftp.pride.ebi.ac.uk/pride/data/archive/2017/06/PXD003674/20160224_CLASP2_HA_23.raw	v1.1.0	NT=ms-proteomics;VV=v1.1.0	manual curation
20160309_3049_28	mus musculus	not available	not applicable	not available	28	20160309_3049_28	proteomic profiling by mass spectrometry	NT=Data-dependent acquisition;AC=PRIDE:0000627	NT=label free sample;AC=MS:1002038	NT=orbitrap elite;AC=MS:1001910	NT=Phospho;AC=UNIMOD:21;TA=S,T,Y;MT=Variable	NT=Oxidation;AC=UNIMOD:35;TA=M;MT=Variable	NT=Trypsin;AC=MS:1001251	NT=collision-induced dissociation;AC=MS:1000133	0.5 Da	0.5 Da	sds page	1	1	20160309_3049_28.raw	ftp://ftp.pride.ebi.ac.uk/pride/data/archive/2017/06/PXD003674/20160309_3049_28.raw	v1.1.0	NT=ms-proteomics;VV=v1.1.0	manual curation
20161007_3017_25	mus musculus	not available	not applicable	not available	25	20161007_3017_25	proteomic profiling by mass spectrometry	NT=Data-dependent acquisition;AC=PRIDE:0000627	NT=label free sample;AC=MS:1002038	NT=orbitrap elite;AC=MS:1001910	NT=Phospho;AC=UNIMOD:21;TA=S,T,Y;MT=Variable	NT=Oxidation;AC=UNIMOD:35;TA=M;MT=Variable	NT=Trypsin;AC=MS:1001251	NT=collision-induced dissociation;AC=MS:1000133	0.5 Da	0.5 Da	sds page	1	1	20161007_3017_25.raw	ftp://ftp.pride.ebi.ac.uk/pride/data/archive/2017/06/PXD003674/20161007_3017_25.raw	v1.1.0	NT=ms-proteomics;VV=v1.1.0	manual curation
20160224_CLASP2_HA_20	mus musculus	not available	not applicable	not available	20	20160224_CLASP2_HA_20	proteomic profiling by mass spectrometry	NT=Data-dependent acquisition;AC=PRIDE:0000627	NT=label free sample;AC=MS:1002038	NT=orbitrap elite;AC=MS:1001910	NT=Phospho;AC=UNIMOD:21;TA=S,T,Y;MT=Variable	NT=Oxidation;AC=UNIMOD:35;TA=M;MT=Variable	NT=Trypsin;AC=MS:1001251	NT=collision-induced dissociation;AC=MS:1000133	0.5 Da	0.5 Da	sds page	1	1	20160224_CLASP2_HA_20.raw	ftp://ftp.pride.ebi.ac.uk/pride/data/archive/2017/06/PXD003674/20160224_CLASP2_HA_20.raw	v1.1.0	NT=ms-proteomics;VV=v1.1.0	manual curation
20150506_79	mus musculus	not available	not applicable	not available	79	20150506_79	proteomic profiling by mass spectrometry	NT=Data-dependent acquisition;AC=PRIDE:0000627	NT=label free sample;AC=MS:1002038	NT=orbitrap elite;AC=MS:1001910	NT=Phospho;AC=UNIMOD:21;TA=S,T,Y;MT=Variable	NT=Oxidation;AC=UNIMOD:35;TA=M;MT=Variable	NT=Trypsin;AC=MS:1001251	NT=collision-induced dissociation;AC=MS:1000133	0.5 Da	0.5 Da	sds page	1	1	20150506_79.raw	ftp://ftp.pride.ebi.ac.uk/pride/data/archive/2017/06/PXD003674/20150506_79.raw	v1.1.0	NT=ms-proteomics;VV=v1.1.0	manual curation
20160106_CLASP2_HA_3022_16	mus musculus	not available	not applicable	not available	16	20160106_CLASP2_HA_3022_16	proteomic profiling by mass spectrometry	NT=Data-dependent acquisition;AC=PRIDE:0000627	NT=label free sample;AC=MS:1002038	NT=orbitrap elite;AC=MS:1001910	NT=Phospho;AC=UNIMOD:21;TA=S,T,Y;MT=Variable	NT=Oxidation;AC=UNIMOD:35;TA=M;MT=Variable	NT=Trypsin;AC=MS:1001251	NT=collision-induced dissociation;AC=MS:1000133	0.5 Da	0.5 Da	sds page	1	1	20160106_CLASP2_HA_3022_16.raw	ftp://ftp.pride.ebi.ac.uk/pride/data/archive/2017/06/PXD003674/20160106_CLASP2_HA_3022_16.raw	v1.1.0	NT=ms-proteomics;VV=v1.1.0	manual curation
20160519_3074_13	mus musculus	not available	not applicable	not available	13	20160519_3074_13	proteomic profiling by mass spectrometry	NT=Data-dependent acquisition;AC=PRIDE:0000627	NT=label free sample;AC=MS:1002038	NT=orbitrap elite;AC=MS:1001910	NT=Phospho;AC=UNIMOD:21;TA=S,T,Y;MT=Variable	NT=Oxidation;AC=UNIMOD:35;TA=M;MT=Variable	NT=Trypsin;AC=MS:1001251	NT=collision-induced dissociation;AC=MS:1000133	0.5 Da	0.5 Da	sds page	1	1	20160519_3074_13.raw	ftp://ftp.pride.ebi.ac.uk/pride/data/archive/2017/06/PXD003674/20160519_3074_13.raw	v1.1.0	NT=ms-proteomics;VV=v1.1.0	manual curation
20160528_Sample12	mus musculus	not available	not applicable	not available	1	20160528_Sample12	proteomic profiling by mass spectrometry	NT=Data-dependent acquisition;AC=PRIDE:0000627	NT=label free sample;AC=MS:1002038	NT=orbitrap elite;AC=MS:1001910	NT=Phospho;AC=UNIMOD:21;TA=S,T,Y;MT=Variable	NT=Oxidation;AC=UNIMOD:35;TA=M;MT=Variable	NT=Trypsin;AC=MS:1001251	NT=collision-induced dissociation;AC=MS:1000133	0.5 Da	0.5 Da	sds page	1	1	20160528_Sample12.raw	ftp://ftp.pride.ebi.ac.uk/pride/data/archive/2017/06/PXD003674/20160528_Sample12.raw	v1.1.0	NT=ms-proteomics;VV=v1.1.0	manual curation
20160523_1222_10	mus musculus	not available	not applicable	not available	10	20160523_1222_10	proteomic profiling by mass spectrometry	NT=Data-dependent acquisition;AC=PRIDE:0000627	NT=label free sample;AC=MS:1002038	NT=orbitrap elite;AC=MS:1001910	NT=Phospho;AC=UNIMOD:21;TA=S,T,Y;MT=Variable	NT=Oxidation;AC=UNIMOD:35;TA=M;MT=Variable	NT=Trypsin;AC=MS:1001251	NT=collision-induced dissociation;AC=MS:1000133	0.5 Da	0.5 Da	sds page	1	1	20160523_1222_10.raw	ftp://ftp.pride.ebi.ac.uk/pride/data/archive/2017/06/PXD003674/20160523_1222_10.raw	v1.1.0	NT=ms-proteomics;VV=v1.1.0	manual curation
20160528_Sample1	mus musculus	not available	not applicable	not available	1	20160528_Sample1	proteomic profiling by mass spectrometry	NT=Data-dependent acquisition;AC=PRIDE:0000627	NT=label free sample;AC=MS:1002038	NT=orbitrap elite;AC=MS:1001910	NT=Phospho;AC=UNIMOD:21;TA=S,T,Y;MT=Variable	NT=Oxidation;AC=UNIMOD:35;TA=M;MT=Variable	NT=Trypsin;AC=MS:1001251	NT=collision-induced dissociation;AC=MS:1000133	0.5 Da	0.5 Da	sds page	1	1	20160528_Sample1.raw	ftp://ftp.pride.ebi.ac.uk/pride/data/archive/2017/06/PXD003674/20160528_Sample1.raw	v1.1.0	NT=ms-proteomics;VV=v1.1.0	manual curation
20160504_3071_33	mus musculus	not available	not applicable	not available	33	20160504_3071_33	proteomic profiling by mass spectrometry	NT=Data-dependent acquisition;AC=PRIDE:0000627	NT=label free sample;AC=MS:1002038	NT=orbitrap elite;AC=MS:1001910	NT=Phospho;AC=UNIMOD:21;TA=S,T,Y;MT=Variable	NT=Oxidation;AC=UNIMOD:35;TA=M;MT=Variable	NT=Trypsin;AC=MS:1001251	NT=collision-induced dissociation;AC=MS:1000133	0.5 Da	0.5 Da	sds page	1	1	20160504_3071_33.raw	ftp://ftp.pride.ebi.ac.uk/pride/data/archive/2017/06/PXD003674/20160504_3071_33.raw	v1.1.0	NT=ms-proteomics;VV=v1.1.0	manual curation
20160413_3065_AGAP3_SOGA1_25	mus musculus	not available	not applicable	not available	25	20160413_3065_AGAP3_SOGA1_25	proteomic profiling by mass spectrometry	NT=Data-dependent acquisition;AC=PRIDE:0000627	NT=label free sample;AC=MS:1002038	NT=orbitrap elite;AC=MS:1001910	NT=Phospho;AC=UNIMOD:21;TA=S,T,Y;MT=Variable	NT=Oxidation;AC=UNIMOD:35;TA=M;MT=Variable	NT=Trypsin;AC=MS:1001251	NT=collision-induced dissociation;AC=MS:1000133	0.5 Da	0.5 Da	sds page	1	1	20160413_3065_AGAP3_SOGA1_25.raw	ftp://ftp.pride.ebi.ac.uk/pride/data/archive/2017/06/PXD003674/20160413_3065_AGAP3_SOGA1_25.raw	v1.1.0	NT=ms-proteomics;VV=v1.1.0	manual curation
20160927_3106_20	mus musculus	not available	not applicable	not available	20	20160927_3106_20	proteomic profiling by mass spectrometry	NT=Data-dependent acquisition;AC=PRIDE:0000627	NT=label free sample;AC=MS:1002038	NT=orbitrap elite;AC=MS:1001910	NT=Phospho;AC=UNIMOD:21;TA=S,T,Y;MT=Variable	NT=Oxidation;AC=UNIMOD:35;TA=M;MT=Variable	NT=Trypsin;AC=MS:1001251	NT=collision-induced dissociation;AC=MS:1000133	0.5 Da	0.5 Da	sds page	1	1	20160927_3106_20.raw	ftp://ftp.pride.ebi.ac.uk/pride/data/archive/2017/06/PXD003674/20160927_3106_20.raw	v1.1.0	NT=ms-proteomics;VV=v1.1.0	manual curation
20160401_3055_25	mus musculus	not available	not applicable	not available	25	20160401_3055_25	proteomic profiling by mass spectrometry	NT=Data-dependent acquisition;AC=PRIDE:0000627	NT=label free sample;AC=MS:1002038	NT=orbitrap elite;AC=MS:1001910	NT=Phospho;AC=UNIMOD:21;TA=S,T,Y;MT=Variable	NT=Oxidation;AC=UNIMOD:35;TA=M;MT=Variable	NT=Trypsin;AC=MS:1001251	NT=collision-induced dissociation;AC=MS:1000133	0.5 Da	0.5 Da	sds page	1	1	20160401_3055_25.raw	ftp://ftp.pride.ebi.ac.uk/pride/data/archive/2017/06/PXD003674/20160401_3055_25.raw	v1.1.0	NT=ms-proteomics;VV=v1.1.0	manual curation
20150506_64	mus musculus	not available	not applicable	not available	64	20150506_64	proteomic profiling by mass spectrometry	NT=Data-dependent acquisition;AC=PRIDE:0000627	NT=label free sample;AC=MS:1002038	NT=orbitrap elite;AC=MS:1001910	NT=Phospho;AC=UNIMOD:21;TA=S,T,Y;MT=Variable	NT=Oxidation;AC=UNIMOD:35;TA=M;MT=Variable	NT=Trypsin;AC=MS:1001251	NT=collision-induced dissociation;AC=MS:1000133	0.5 Da	0.5 Da	sds page	1	1	20150506_64.raw	ftp://ftp.pride.ebi.ac.uk/pride/data/archive/2017/06/PXD003674/20150506_64.raw	v1.1.0	NT=ms-proteomics;VV=v1.1.0	manual curation
20160429_3066_39	mus musculus	not available	not applicable	not available	39	20160429_3066_39	proteomic profiling by mass spectrometry	NT=Data-dependent acquisition;AC=PRIDE:0000627	NT=label free sample;AC=MS:1002038	NT=orbitrap elite;AC=MS:1001910	NT=Phospho;AC=UNIMOD:21;TA=S,T,Y;MT=Variable	NT=Oxidation;AC=UNIMOD:35;TA=M;MT=Variable	NT=Trypsin;AC=MS:1001251	NT=collision-induced dissociation;AC=MS:1000133	0.5 Da	0.5 Da	sds page	1	1	20160429_3066_39.raw	ftp://ftp.pride.ebi.ac.uk/pride/data/archive/2017/06/PXD003674/20160429_3066_39.raw	v1.1.0	NT=ms-proteomics;VV=v1.1.0	manual curation
20160425_3066_2	mus musculus	not available	not applicable	not available	2	20160425_3066_2	proteomic profiling by mass spectrometry	NT=Data-dependent acquisition;AC=PRIDE:0000627	NT=label free sample;AC=MS:1002038	NT=orbitrap elite;AC=MS:1001910	NT=Phospho;AC=UNIMOD:21;TA=S,T,Y;MT=Variable	NT=Oxidation;AC=UNIMOD:35;TA=M;MT=Variable	NT=Trypsin;AC=MS:1001251	NT=collision-induced dissociation;AC=MS:1000133	0.5 Da	0.5 Da	sds page	1	1	20160425_3066_2.raw	ftp://ftp.pride.ebi.ac.uk/pride/data/archive/2017/06/PXD003674/20160425_3066_2.raw	v1.1.0	NT=ms-proteomics;VV=v1.1.0	manual curation
20161007_3017_2	mus musculus	not available	not applicable	not available	2	20161007_3017_2	proteomic profiling by mass spectrometry	NT=Data-dependent acquisition;AC=PRIDE:0000627	NT=label free sample;AC=MS:1002038	NT=orbitrap elite;AC=MS:1001910	NT=Phospho;AC=UNIMOD:21;TA=S,T,Y;MT=Variable	NT=Oxidation;AC=UNIMOD:35;TA=M;MT=Variable	NT=Trypsin;AC=MS:1001251	NT=collision-induced dissociation;AC=MS:1000133	0.5 Da	0.5 Da	sds page	1	1	20161007_3017_2.raw	ftp://ftp.pride.ebi.ac.uk/pride/data/archive/2017/06/PXD003674/20161007_3017_2.raw	v1.1.0	NT=ms-proteomics;VV=v1.1.0	manual curation
20160317_3053_CLASP2_ABT263_18	mus musculus	not available	not applicable	not available	18	20160317_3053_CLASP2_ABT263_18	proteomic profiling by mass spectrometry	NT=Data-dependent acquisition;AC=PRIDE:0000627	NT=label free sample;AC=MS:1002038	NT=orbitrap elite;AC=MS:1001910	NT=Phospho;AC=UNIMOD:21;TA=S,T,Y;MT=Variable	NT=Oxidation;AC=UNIMOD:35;TA=M;MT=Variable	NT=Trypsin;AC=MS:1001251	NT=collision-induced dissociation;AC=MS:1000133	0.5 Da	0.5 Da	sds page	1	1	20160317_3053_CLASP2_ABT263_18.raw	ftp://ftp.pride.ebi.ac.uk/pride/data/archive/2017/06/PXD003674/20160317_3053_CLASP2_ABT263_18.raw	v1.1.0	NT=ms-proteomics;VV=v1.1.0	manual curation
20160603_3077_5	mus musculus	not available	not applicable	not available	5	20160603_3077_5	proteomic profiling by mass spectrometry	NT=Data-dependent acquisition;AC=PRIDE:0000627	NT=label free sample;AC=MS:1002038	NT=orbitrap elite;AC=MS:1001910	NT=Phospho;AC=UNIMOD:21;TA=S,T,Y;MT=Variable	NT=Oxidation;AC=UNIMOD:35;TA=M;MT=Variable	NT=Trypsin;AC=MS:1001251	NT=collision-induced dissociation;AC=MS:1000133	0.5 Da	0.5 Da	sds page	1	1	20160603_3077_5.raw	ftp://ftp.pride.ebi.ac.uk/pride/data/archive/2017/06/PXD003674/20160603_3077_5.raw	v1.1.0	NT=ms-proteomics;VV=v1.1.0	manual curation
20161007_3017_9	mus musculus	not available	not applicable	not available	9	20161007_3017_9	proteomic profiling by mass spectrometry	NT=Data-dependent acquisition;AC=PRIDE:0000627	NT=label free sample;AC=MS:1002038	NT=orbitrap elite;AC=MS:1001910	NT=Phospho;AC=UNIMOD:21;TA=S,T,Y;MT=Variable	NT=Oxidation;AC=UNIMOD:35;TA=M;MT=Variable	NT=Trypsin;AC=MS:1001251	NT=collision-induced dissociation;AC=MS:1000133	0.5 Da	0.5 Da	sds page	1	1	20161007_3017_9.raw	ftp://ftp.pride.ebi.ac.uk/pride/data/archive/2017/06/PXD003674/20161007_3017_9.raw	v1.1.0	NT=ms-proteomics;VV=v1.1.0	manual curation
20160930_3106_8	mus musculus	not available	not applicable	not available	8	20160930_3106_8	proteomic profiling by mass spectrometry	NT=Data-dependent acquisition;AC=PRIDE:0000627	NT=label free sample;AC=MS:1002038	NT=orbitrap elite;AC=MS:1001910	NT=Phospho;AC=UNIMOD:21;TA=S,T,Y;MT=Variable	NT=Oxidation;AC=UNIMOD:35;TA=M;MT=Variable	NT=Trypsin;AC=MS:1001251	NT=collision-induced dissociation;AC=MS:1000133	0.5 Da	0.5 Da	sds page	1	1	20160930_3106_8.raw	ftp://ftp.pride.ebi.ac.uk/pride/data/archive/2017/06/PXD003674/20160930_3106_8.raw	v1.1.0	NT=ms-proteomics;VV=v1.1.0	manual curation
20160318_3053_CLASP2_ABT263_7	mus musculus	not available	not applicable	not available	7	20160318_3053_CLASP2_ABT263_7	proteomic profiling by mass spectrometry	NT=Data-dependent acquisition;AC=PRIDE:0000627	NT=label free sample;AC=MS:1002038	NT=orbitrap elite;AC=MS:1001910	NT=Phospho;AC=UNIMOD:21;TA=S,T,Y;MT=Variable	NT=Oxidation;AC=UNIMOD:35;TA=M;MT=Variable	NT=Trypsin;AC=MS:1001251	NT=collision-induced dissociation;AC=MS:1000133	0.5 Da	0.5 Da	sds page	1	1	20160318_3053_CLASP2_ABT263_7.raw	ftp://ftp.pride.ebi.ac.uk/pride/data/archive/2017/06/PXD003674/20160318_3053_CLASP2_ABT263_7.raw	v1.1.0	NT=ms-proteomics;VV=v1.1.0	manual curation
20160416_3065_AGAP3_SOGA1_6	mus musculus	not available	not applicable	not available	6	20160416_3065_AGAP3_SOGA1_6	proteomic profiling by mass spectrometry	NT=Data-dependent acquisition;AC=PRIDE:0000627	NT=label free sample;AC=MS:1002038	NT=orbitrap elite;AC=MS:1001910	NT=Phospho;AC=UNIMOD:21;TA=S,T,Y;MT=Variable	NT=Oxidation;AC=UNIMOD:35;TA=M;MT=Variable	NT=Trypsin;AC=MS:1001251	NT=collision-induced dissociation;AC=MS:1000133	0.5 Da	0.5 Da	sds page	1	1	20160416_3065_AGAP3_SOGA1_6.raw	ftp://ftp.pride.ebi.ac.uk/pride/data/archive/2017/06/PXD003674/20160416_3065_AGAP3_SOGA1_6.raw	v1.1.0	NT=ms-proteomics;VV=v1.1.0	manual curation
20160407_3056_17	mus musculus	not available	not applicable	not available	17	20160407_3056_17	proteomic profiling by mass spectrometry	NT=Data-dependent acquisition;AC=PRIDE:0000627	NT=label free sample;AC=MS:1002038	NT=orbitrap elite;AC=MS:1001910	NT=Phospho;AC=UNIMOD:21;TA=S,T,Y;MT=Variable	NT=Oxidation;AC=UNIMOD:35;TA=M;MT=Variable	NT=Trypsin;AC=MS:1001251	NT=collision-induced dissociation;AC=MS:1000133	0.5 Da	0.5 Da	sds page	1	1	20160407_3056_17.raw	ftp://ftp.pride.ebi.ac.uk/pride/data/archive/2017/06/PXD003674/20160407_3056_17.raw	v1.1.0	NT=ms-proteomics;VV=v1.1.0	manual curation
20160525_1222_22	mus musculus	not available	not applicable	not available	22	20160525_1222_22	proteomic profiling by mass spectrometry	NT=Data-dependent acquisition;AC=PRIDE:0000627	NT=label free sample;AC=MS:1002038	NT=orbitrap elite;AC=MS:1001910	NT=Phospho;AC=UNIMOD:21;TA=S,T,Y;MT=Variable	NT=Oxidation;AC=UNIMOD:35;TA=M;MT=Variable	NT=Trypsin;AC=MS:1001251	NT=collision-induced dissociation;AC=MS:1000133	0.5 Da	0.5 Da	sds page	1	1	20160525_1222_22.raw	ftp://ftp.pride.ebi.ac.uk/pride/data/archive/2017/06/PXD003674/20160525_1222_22.raw	v1.1.0	NT=ms-proteomics;VV=v1.1.0	manual curation
20160603_3077_28	mus musculus	not available	not applicable	not available	28	20160603_3077_28	proteomic profiling by mass spectrometry	NT=Data-dependent acquisition;AC=PRIDE:0000627	NT=label free sample;AC=MS:1002038	NT=orbitrap elite;AC=MS:1001910	NT=Phospho;AC=UNIMOD:21;TA=S,T,Y;MT=Variable	NT=Oxidation;AC=UNIMOD:35;TA=M;MT=Variable	NT=Trypsin;AC=MS:1001251	NT=collision-induced dissociation;AC=MS:1000133	0.5 Da	0.5 Da	sds page	1	1	20160603_3077_28.raw	ftp://ftp.pride.ebi.ac.uk/pride/data/archive/2017/06/PXD003674/20160603_3077_28.raw	v1.1.0	NT=ms-proteomics;VV=v1.1.0	manual curation
20160219_CLASP2_HA_3029_13	mus musculus	not available	not applicable	not available	13	20160219_CLASP2_HA_3029_13	proteomic profiling by mass spectrometry	NT=Data-dependent acquisition;AC=PRIDE:0000627	NT=label free sample;AC=MS:1002038	NT=orbitrap elite;AC=MS:1001910	NT=Phospho;AC=UNIMOD:21;TA=S,T,Y;MT=Variable	NT=Oxidation;AC=UNIMOD:35;TA=M;MT=Variable	NT=Trypsin;AC=MS:1001251	NT=collision-induced dissociation;AC=MS:1000133	0.5 Da	0.5 Da	sds page	1	1	20160219_CLASP2_HA_3029_13.raw	ftp://ftp.pride.ebi.ac.uk/pride/data/archive/2017/06/PXD003674/20160219_CLASP2_HA_3029_13.raw	v1.1.0	NT=ms-proteomics;VV=v1.1.0	manual curation
20150511_CLASP2_1076_19	mus musculus	not available	not applicable	not available	19	20150511_CLASP2_1076_19	proteomic profiling by mass spectrometry	NT=Data-dependent acquisition;AC=PRIDE:0000627	NT=label free sample;AC=MS:1002038	NT=orbitrap elite;AC=MS:1001910	NT=Phospho;AC=UNIMOD:21;TA=S,T,Y;MT=Variable	NT=Oxidation;AC=UNIMOD:35;TA=M;MT=Variable	NT=Trypsin;AC=MS:1001251	NT=collision-induced dissociation;AC=MS:1000133	0.5 Da	0.5 Da	sds page	1	1	20150511_CLASP2_1076_19.raw	ftp://ftp.pride.ebi.ac.uk/pride/data/archive/2017/06/PXD003674/20150511_CLASP2_1076_19.raw	v1.1.0	NT=ms-proteomics;VV=v1.1.0	manual curation
20160429_3071_5	mus musculus	not available	not applicable	not available	5	20160429_3071_5	proteomic profiling by mass spectrometry	NT=Data-dependent acquisition;AC=PRIDE:0000627	NT=label free sample;AC=MS:1002038	NT=orbitrap elite;AC=MS:1001910	NT=Phospho;AC=UNIMOD:21;TA=S,T,Y;MT=Variable	NT=Oxidation;AC=UNIMOD:35;TA=M;MT=Variable	NT=Trypsin;AC=MS:1001251	NT=collision-induced dissociation;AC=MS:1000133	0.5 Da	0.5 Da	sds page	1	1	20160429_3071_5.raw	ftp://ftp.pride.ebi.ac.uk/pride/data/archive/2017/06/PXD003674/20160429_3071_5.raw	v1.1.0	NT=ms-proteomics;VV=v1.1.0	manual curation
20160416_3065_AGAP3_SOGA1_10	mus musculus	not available	not applicable	not available	10	20160416_3065_AGAP3_SOGA1_10	proteomic profiling by mass spectrometry	NT=Data-dependent acquisition;AC=PRIDE:0000627	NT=label free sample;AC=MS:1002038	NT=orbitrap elite;AC=MS:1001910	NT=Phospho;AC=UNIMOD:21;TA=S,T,Y;MT=Variable	NT=Oxidation;AC=UNIMOD:35;TA=M;MT=Variable	NT=Trypsin;AC=MS:1001251	NT=collision-induced dissociation;AC=MS:1000133	0.5 Da	0.5 Da	sds page	1	1	20160416_3065_AGAP3_SOGA1_10.raw	ftp://ftp.pride.ebi.ac.uk/pride/data/archive/2017/06/PXD003674/20160416_3065_AGAP3_SOGA1_10.raw	v1.1.0	NT=ms-proteomics;VV=v1.1.0	manual curation
20150410_9	mus musculus	not available	not applicable	not available	9	20150410_9	proteomic profiling by mass spectrometry	NT=Data-dependent acquisition;AC=PRIDE:0000627	NT=label free sample;AC=MS:1002038	NT=orbitrap elite;AC=MS:1001910	NT=Phospho;AC=UNIMOD:21;TA=S,T,Y;MT=Variable	NT=Oxidation;AC=UNIMOD:35;TA=M;MT=Variable	NT=Trypsin;AC=MS:1001251	NT=collision-induced dissociation;AC=MS:1000133	0.5 Da	0.5 Da	sds page	1	1	20150410_9.raw	ftp://ftp.pride.ebi.ac.uk/pride/data/archive/2017/06/PXD003674/20150410_9.raw	v1.1.0	NT=ms-proteomics;VV=v1.1.0	manual curation
20150514_CLASP2_1076_84	mus musculus	not available	not applicable	not available	84	20150514_CLASP2_1076_84	proteomic profiling by mass spectrometry	NT=Data-dependent acquisition;AC=PRIDE:0000627	NT=label free sample;AC=MS:1002038	NT=orbitrap elite;AC=MS:1001910	NT=Phospho;AC=UNIMOD:21;TA=S,T,Y;MT=Variable	NT=Oxidation;AC=UNIMOD:35;TA=M;MT=Variable	NT=Trypsin;AC=MS:1001251	NT=collision-induced dissociation;AC=MS:1000133	0.5 Da	0.5 Da	sds page	1	1	20150514_CLASP2_1076_84.raw	ftp://ftp.pride.ebi.ac.uk/pride/data/archive/2017/06/PXD003674/20150514_CLASP2_1076_84.raw	v1.1.0	NT=ms-proteomics;VV=v1.1.0	manual curation
20160309_3049_17	mus musculus	not available	not applicable	not available	17	20160309_3049_17	proteomic profiling by mass spectrometry	NT=Data-dependent acquisition;AC=PRIDE:0000627	NT=label free sample;AC=MS:1002038	NT=orbitrap elite;AC=MS:1001910	NT=Phospho;AC=UNIMOD:21;TA=S,T,Y;MT=Variable	NT=Oxidation;AC=UNIMOD:35;TA=M;MT=Variable	NT=Trypsin;AC=MS:1001251	NT=collision-induced dissociation;AC=MS:1000133	0.5 Da	0.5 Da	sds page	1	1	20160309_3049_17.raw	ftp://ftp.pride.ebi.ac.uk/pride/data/archive/2017/06/PXD003674/20160309_3049_17.raw	v1.1.0	NT=ms-proteomics;VV=v1.1.0	manual curation
20150508_CLASP2_1076_87	mus musculus	not available	not applicable	not available	87	20150508_CLASP2_1076_87	proteomic profiling by mass spectrometry	NT=Data-dependent acquisition;AC=PRIDE:0000627	NT=label free sample;AC=MS:1002038	NT=orbitrap elite;AC=MS:1001910	NT=Phospho;AC=UNIMOD:21;TA=S,T,Y;MT=Variable	NT=Oxidation;AC=UNIMOD:35;TA=M;MT=Variable	NT=Trypsin;AC=MS:1001251	NT=collision-induced dissociation;AC=MS:1000133	0.5 Da	0.5 Da	sds page	1	1	20150508_CLASP2_1076_87.raw	ftp://ftp.pride.ebi.ac.uk/pride/data/archive/2017/06/PXD003674/20150508_CLASP2_1076_87.raw	v1.1.0	NT=ms-proteomics;VV=v1.1.0	manual curation
20160502_3071_20	mus musculus	not available	not applicable	not available	20	20160502_3071_20	proteomic profiling by mass spectrometry	NT=Data-dependent acquisition;AC=PRIDE:0000627	NT=label free sample;AC=MS:1002038	NT=orbitrap elite;AC=MS:1001910	NT=Phospho;AC=UNIMOD:21;TA=S,T,Y;MT=Variable	NT=Oxidation;AC=UNIMOD:35;TA=M;MT=Variable	NT=Trypsin;AC=MS:1001251	NT=collision-induced dissociation;AC=MS:1000133	0.5 Da	0.5 Da	sds page	1	1	20160502_3071_20.raw	ftp://ftp.pride.ebi.ac.uk/pride/data/archive/2017/06/PXD003674/20160502_3071_20.raw	v1.1.0	NT=ms-proteomics;VV=v1.1.0	manual curation
20160429_3066_32	mus musculus	not available	not applicable	not available	32	20160429_3066_32	proteomic profiling by mass spectrometry	NT=Data-dependent acquisition;AC=PRIDE:0000627	NT=label free sample;AC=MS:1002038	NT=orbitrap elite;AC=MS:1001910	NT=Phospho;AC=UNIMOD:21;TA=S,T,Y;MT=Variable	NT=Oxidation;AC=UNIMOD:35;TA=M;MT=Variable	NT=Trypsin;AC=MS:1001251	NT=collision-induced dissociation;AC=MS:1000133	0.5 Da	0.5 Da	sds page	1	1	20160429_3066_32.raw	ftp://ftp.pride.ebi.ac.uk/pride/data/archive/2017/06/PXD003674/20160429_3066_32.raw	v1.1.0	NT=ms-proteomics;VV=v1.1.0	manual curation
20160523_1222_14	mus musculus	not available	not applicable	not available	14	20160523_1222_14	proteomic profiling by mass spectrometry	NT=Data-dependent acquisition;AC=PRIDE:0000627	NT=label free sample;AC=MS:1002038	NT=orbitrap elite;AC=MS:1001910	NT=Phospho;AC=UNIMOD:21;TA=S,T,Y;MT=Variable	NT=Oxidation;AC=UNIMOD:35;TA=M;MT=Variable	NT=Trypsin;AC=MS:1001251	NT=collision-induced dissociation;AC=MS:1000133	0.5 Da	0.5 Da	sds page	1	1	20160523_1222_14.raw	ftp://ftp.pride.ebi.ac.uk/pride/data/archive/2017/06/PXD003674/20160523_1222_14.raw	v1.1.0	NT=ms-proteomics;VV=v1.1.0	manual curation
20160106_CLASP2_HA_3022_17	mus musculus	not available	not applicable	not available	17	20160106_CLASP2_HA_3022_17	proteomic profiling by mass spectrometry	NT=Data-dependent acquisition;AC=PRIDE:0000627	NT=label free sample;AC=MS:1002038	NT=orbitrap elite;AC=MS:1001910	NT=Phospho;AC=UNIMOD:21;TA=S,T,Y;MT=Variable	NT=Oxidation;AC=UNIMOD:35;TA=M;MT=Variable	NT=Trypsin;AC=MS:1001251	NT=collision-induced dissociation;AC=MS:1000133	0.5 Da	0.5 Da	sds page	1	1	20160106_CLASP2_HA_3022_17.raw	ftp://ftp.pride.ebi.ac.uk/pride/data/archive/2017/06/PXD003674/20160106_CLASP2_HA_3022_17.raw	v1.1.0	NT=ms-proteomics;VV=v1.1.0	manual curation
20160309_3049_15	mus musculus	not available	not applicable	not available	15	20160309_3049_15	proteomic profiling by mass spectrometry	NT=Data-dependent acquisition;AC=PRIDE:0000627	NT=label free sample;AC=MS:1002038	NT=orbitrap elite;AC=MS:1001910	NT=Phospho;AC=UNIMOD:21;TA=S,T,Y;MT=Variable	NT=Oxidation;AC=UNIMOD:35;TA=M;MT=Variable	NT=Trypsin;AC=MS:1001251	NT=collision-induced dissociation;AC=MS:1000133	0.5 Da	0.5 Da	sds page	1	1	20160309_3049_15.raw	ftp://ftp.pride.ebi.ac.uk/pride/data/archive/2017/06/PXD003674/20160309_3049_15.raw	v1.1.0	NT=ms-proteomics;VV=v1.1.0	manual curation
20160317_3053_CLASP2_ABT263_20	mus musculus	not available	not applicable	not available	20	20160317_3053_CLASP2_ABT263_20	proteomic profiling by mass spectrometry	NT=Data-dependent acquisition;AC=PRIDE:0000627	NT=label free sample;AC=MS:1002038	NT=orbitrap elite;AC=MS:1001910	NT=Phospho;AC=UNIMOD:21;TA=S,T,Y;MT=Variable	NT=Oxidation;AC=UNIMOD:35;TA=M;MT=Variable	NT=Trypsin;AC=MS:1001251	NT=collision-induced dissociation;AC=MS:1000133	0.5 Da	0.5 Da	sds page	1	1	20160317_3053_CLASP2_ABT263_20.raw	ftp://ftp.pride.ebi.ac.uk/pride/data/archive/2017/06/PXD003674/20160317_3053_CLASP2_ABT263_20.raw	v1.1.0	NT=ms-proteomics;VV=v1.1.0	manual curation
20160503_3071_26	mus musculus	not available	not applicable	not available	26	20160503_3071_26	proteomic profiling by mass spectrometry	NT=Data-dependent acquisition;AC=PRIDE:0000627	NT=label free sample;AC=MS:1002038	NT=orbitrap elite;AC=MS:1001910	NT=Phospho;AC=UNIMOD:21;TA=S,T,Y;MT=Variable	NT=Oxidation;AC=UNIMOD:35;TA=M;MT=Variable	NT=Trypsin;AC=MS:1001251	NT=collision-induced dissociation;AC=MS:1000133	0.5 Da	0.5 Da	sds page	1	1	20160503_3071_26.raw	ftp://ftp.pride.ebi.ac.uk/pride/data/archive/2017/06/PXD003674/20160503_3071_26.raw	v1.1.0	NT=ms-proteomics;VV=v1.1.0	manual curation
20160219_CLASP2_HA_3029_9	mus musculus	not available	not applicable	not available	9	20160219_CLASP2_HA_3029_9	proteomic profiling by mass spectrometry	NT=Data-dependent acquisition;AC=PRIDE:0000627	NT=label free sample;AC=MS:1002038	NT=orbitrap elite;AC=MS:1001910	NT=Phospho;AC=UNIMOD:21;TA=S,T,Y;MT=Variable	NT=Oxidation;AC=UNIMOD:35;TA=M;MT=Variable	NT=Trypsin;AC=MS:1001251	NT=collision-induced dissociation;AC=MS:1000133	0.5 Da	0.5 Da	sds page	1	1	20160219_CLASP2_HA_3029_9.raw	ftp://ftp.pride.ebi.ac.uk/pride/data/archive/2017/06/PXD003674/20160219_CLASP2_HA_3029_9.raw	v1.1.0	NT=ms-proteomics;VV=v1.1.0	manual curation
20160413_3065_AGAP3_SOGA1_28	mus musculus	not available	not applicable	not available	28	20160413_3065_AGAP3_SOGA1_28	proteomic profiling by mass spectrometry	NT=Data-dependent acquisition;AC=PRIDE:0000627	NT=label free sample;AC=MS:1002038	NT=orbitrap elite;AC=MS:1001910	NT=Phospho;AC=UNIMOD:21;TA=S,T,Y;MT=Variable	NT=Oxidation;AC=UNIMOD:35;TA=M;MT=Variable	NT=Trypsin;AC=MS:1001251	NT=collision-induced dissociation;AC=MS:1000133	0.5 Da	0.5 Da	sds page	1	1	20160413_3065_AGAP3_SOGA1_28.raw	ftp://ftp.pride.ebi.ac.uk/pride/data/archive/2017/06/PXD003674/20160413_3065_AGAP3_SOGA1_28.raw	v1.1.0	NT=ms-proteomics;VV=v1.1.0	manual curation
20150410_25	mus musculus	not available	not applicable	not available	25	20150410_25	proteomic profiling by mass spectrometry	NT=Data-dependent acquisition;AC=PRIDE:0000627	NT=label free sample;AC=MS:1002038	NT=orbitrap elite;AC=MS:1001910	NT=Phospho;AC=UNIMOD:21;TA=S,T,Y;MT=Variable	NT=Oxidation;AC=UNIMOD:35;TA=M;MT=Variable	NT=Trypsin;AC=MS:1001251	NT=collision-induced dissociation;AC=MS:1000133	0.5 Da	0.5 Da	sds page	1	1	20150410_25.raw	ftp://ftp.pride.ebi.ac.uk/pride/data/archive/2017/06/PXD003674/20150410_25.raw	v1.1.0	NT=ms-proteomics;VV=v1.1.0	manual curation
20160531_3076_28	mus musculus	not available	not applicable	not available	28	20160531_3076_28	proteomic profiling by mass spectrometry	NT=Data-dependent acquisition;AC=PRIDE:0000627	NT=label free sample;AC=MS:1002038	NT=orbitrap elite;AC=MS:1001910	NT=Phospho;AC=UNIMOD:21;TA=S,T,Y;MT=Variable	NT=Oxidation;AC=UNIMOD:35;TA=M;MT=Variable	NT=Trypsin;AC=MS:1001251	NT=collision-induced dissociation;AC=MS:1000133	0.5 Da	0.5 Da	sds page	1	1	20160531_3076_28.raw	ftp://ftp.pride.ebi.ac.uk/pride/data/archive/2017/06/PXD003674/20160531_3076_28.raw	v1.1.0	NT=ms-proteomics;VV=v1.1.0	manual curation
20160520_3074_21	mus musculus	not available	not applicable	not available	21	20160520_3074_21	proteomic profiling by mass spectrometry	NT=Data-dependent acquisition;AC=PRIDE:0000627	NT=label free sample;AC=MS:1002038	NT=orbitrap elite;AC=MS:1001910	NT=Phospho;AC=UNIMOD:21;TA=S,T,Y;MT=Variable	NT=Oxidation;AC=UNIMOD:35;TA=M;MT=Variable	NT=Trypsin;AC=MS:1001251	NT=collision-induced dissociation;AC=MS:1000133	0.5 Da	0.5 Da	sds page	1	1	20160520_3074_21.raw	ftp://ftp.pride.ebi.ac.uk/pride/data/archive/2017/06/PXD003674/20160520_3074_21.raw	v1.1.0	NT=ms-proteomics;VV=v1.1.0	manual curation
20150410_27	mus musculus	not available	not applicable	not available	27	20150410_27	proteomic profiling by mass spectrometry	NT=Data-dependent acquisition;AC=PRIDE:0000627	NT=label free sample;AC=MS:1002038	NT=orbitrap elite;AC=MS:1001910	NT=Phospho;AC=UNIMOD:21;TA=S,T,Y;MT=Variable	NT=Oxidation;AC=UNIMOD:35;TA=M;MT=Variable	NT=Trypsin;AC=MS:1001251	NT=collision-induced dissociation;AC=MS:1000133	0.5 Da	0.5 Da	sds page	1	1	20150410_27.raw	ftp://ftp.pride.ebi.ac.uk/pride/data/archive/2017/06/PXD003674/20150410_27.raw	v1.1.0	NT=ms-proteomics;VV=v1.1.0	manual curation
20160407_3056_21	mus musculus	not available	not applicable	not available	21	20160407_3056_21	proteomic profiling by mass spectrometry	NT=Data-dependent acquisition;AC=PRIDE:0000627	NT=label free sample;AC=MS:1002038	NT=orbitrap elite;AC=MS:1001910	NT=Phospho;AC=UNIMOD:21;TA=S,T,Y;MT=Variable	NT=Oxidation;AC=UNIMOD:35;TA=M;MT=Variable	NT=Trypsin;AC=MS:1001251	NT=collision-induced dissociation;AC=MS:1000133	0.5 Da	0.5 Da	sds page	1	1	20160407_3056_21.raw	ftp://ftp.pride.ebi.ac.uk/pride/data/archive/2017/06/PXD003674/20160407_3056_21.raw	v1.1.0	NT=ms-proteomics;VV=v1.1.0	manual curation
20161007_3017_1	mus musculus	not available	not applicable	not available	1	20161007_3017_1	proteomic profiling by mass spectrometry	NT=Data-dependent acquisition;AC=PRIDE:0000627	NT=label free sample;AC=MS:1002038	NT=orbitrap elite;AC=MS:1001910	NT=Phospho;AC=UNIMOD:21;TA=S,T,Y;MT=Variable	NT=Oxidation;AC=UNIMOD:35;TA=M;MT=Variable	NT=Trypsin;AC=MS:1001251	NT=collision-induced dissociation;AC=MS:1000133	0.5 Da	0.5 Da	sds page	1	1	20161007_3017_1.raw	ftp://ftp.pride.ebi.ac.uk/pride/data/archive/2017/06/PXD003674/20161007_3017_1.raw	v1.1.0	NT=ms-proteomics;VV=v1.1.0	manual curation
20160219_CLASP2_HA_3029_21	mus musculus	not available	not applicable	not available	21	20160219_CLASP2_HA_3029_21	proteomic profiling by mass spectrometry	NT=Data-dependent acquisition;AC=PRIDE:0000627	NT=label free sample;AC=MS:1002038	NT=orbitrap elite;AC=MS:1001910	NT=Phospho;AC=UNIMOD:21;TA=S,T,Y;MT=Variable	NT=Oxidation;AC=UNIMOD:35;TA=M;MT=Variable	NT=Trypsin;AC=MS:1001251	NT=collision-induced dissociation;AC=MS:1000133	0.5 Da	0.5 Da	sds page	1	1	20160219_CLASP2_HA_3029_21.raw	ftp://ftp.pride.ebi.ac.uk/pride/data/archive/2017/06/PXD003674/20160219_CLASP2_HA_3029_21.raw	v1.1.0	NT=ms-proteomics;VV=v1.1.0	manual curation
20160505_3071_41	mus musculus	not available	not applicable	not available	41	20160505_3071_41	proteomic profiling by mass spectrometry	NT=Data-dependent acquisition;AC=PRIDE:0000627	NT=label free sample;AC=MS:1002038	NT=orbitrap elite;AC=MS:1001910	NT=Phospho;AC=UNIMOD:21;TA=S,T,Y;MT=Variable	NT=Oxidation;AC=UNIMOD:35;TA=M;MT=Variable	NT=Trypsin;AC=MS:1001251	NT=collision-induced dissociation;AC=MS:1000133	0.5 Da	0.5 Da	sds page	1	1	20160505_3071_41.raw	ftp://ftp.pride.ebi.ac.uk/pride/data/archive/2017/06/PXD003674/20160505_3071_41.raw	v1.1.0	NT=ms-proteomics;VV=v1.1.0	manual curation
20160106_CLASP2_HA_3022_24	mus musculus	not available	not applicable	not available	24	20160106_CLASP2_HA_3022_24	proteomic profiling by mass spectrometry	NT=Data-dependent acquisition;AC=PRIDE:0000627	NT=label free sample;AC=MS:1002038	NT=orbitrap elite;AC=MS:1001910	NT=Phospho;AC=UNIMOD:21;TA=S,T,Y;MT=Variable	NT=Oxidation;AC=UNIMOD:35;TA=M;MT=Variable	NT=Trypsin;AC=MS:1001251	NT=collision-induced dissociation;AC=MS:1000133	0.5 Da	0.5 Da	sds page	1	1	20160106_CLASP2_HA_3022_24.raw	ftp://ftp.pride.ebi.ac.uk/pride/data/archive/2017/06/PXD003674/20160106_CLASP2_HA_3022_24.raw	v1.1.0	NT=ms-proteomics;VV=v1.1.0	manual curation
20160224_CLASP2_HA_29	mus musculus	not available	not applicable	not available	29	20160224_CLASP2_HA_29	proteomic profiling by mass spectrometry	NT=Data-dependent acquisition;AC=PRIDE:0000627	NT=label free sample;AC=MS:1002038	NT=orbitrap elite;AC=MS:1001910	NT=Phospho;AC=UNIMOD:21;TA=S,T,Y;MT=Variable	NT=Oxidation;AC=UNIMOD:35;TA=M;MT=Variable	NT=Trypsin;AC=MS:1001251	NT=collision-induced dissociation;AC=MS:1000133	0.5 Da	0.5 Da	sds page	1	1	20160224_CLASP2_HA_29.raw	ftp://ftp.pride.ebi.ac.uk/pride/data/archive/2017/06/PXD003674/20160224_CLASP2_HA_29.raw	v1.1.0	NT=ms-proteomics;VV=v1.1.0	manual curation
20160927_3106_18	mus musculus	not available	not applicable	not available	18	20160927_3106_18	proteomic profiling by mass spectrometry	NT=Data-dependent acquisition;AC=PRIDE:0000627	NT=label free sample;AC=MS:1002038	NT=orbitrap elite;AC=MS:1001910	NT=Phospho;AC=UNIMOD:21;TA=S,T,Y;MT=Variable	NT=Oxidation;AC=UNIMOD:35;TA=M;MT=Variable	NT=Trypsin;AC=MS:1001251	NT=collision-induced dissociation;AC=MS:1000133	0.5 Da	0.5 Da	sds page	1	1	20160927_3106_18.raw	ftp://ftp.pride.ebi.ac.uk/pride/data/archive/2017/06/PXD003674/20160927_3106_18.raw	v1.1.0	NT=ms-proteomics;VV=v1.1.0	manual curation
20160309_3049_21	mus musculus	not available	not applicable	not available	21	20160309_3049_21	proteomic profiling by mass spectrometry	NT=Data-dependent acquisition;AC=PRIDE:0000627	NT=label free sample;AC=MS:1002038	NT=orbitrap elite;AC=MS:1001910	NT=Phospho;AC=UNIMOD:21;TA=S,T,Y;MT=Variable	NT=Oxidation;AC=UNIMOD:35;TA=M;MT=Variable	NT=Trypsin;AC=MS:1001251	NT=collision-induced dissociation;AC=MS:1000133	0.5 Da	0.5 Da	sds page	1	1	20160309_3049_21.raw	ftp://ftp.pride.ebi.ac.uk/pride/data/archive/2017/06/PXD003674/20160309_3049_21.raw	v1.1.0	NT=ms-proteomics;VV=v1.1.0	manual curation
20160401_3055_5	mus musculus	not available	not applicable	not available	5	20160401_3055_5	proteomic profiling by mass spectrometry	NT=Data-dependent acquisition;AC=PRIDE:0000627	NT=label free sample;AC=MS:1002038	NT=orbitrap elite;AC=MS:1001910	NT=Phospho;AC=UNIMOD:21;TA=S,T,Y;MT=Variable	NT=Oxidation;AC=UNIMOD:35;TA=M;MT=Variable	NT=Trypsin;AC=MS:1001251	NT=collision-induced dissociation;AC=MS:1000133	0.5 Da	0.5 Da	sds page	1	1	20160401_3055_5.raw	ftp://ftp.pride.ebi.ac.uk/pride/data/archive/2017/06/PXD003674/20160401_3055_5.raw	v1.1.0	NT=ms-proteomics;VV=v1.1.0	manual curation
20160219_CLASP2_HA_3029_11	mus musculus	not available	not applicable	not available	11	20160219_CLASP2_HA_3029_11	proteomic profiling by mass spectrometry	NT=Data-dependent acquisition;AC=PRIDE:0000627	NT=label free sample;AC=MS:1002038	NT=orbitrap elite;AC=MS:1001910	NT=Phospho;AC=UNIMOD:21;TA=S,T,Y;MT=Variable	NT=Oxidation;AC=UNIMOD:35;TA=M;MT=Variable	NT=Trypsin;AC=MS:1001251	NT=collision-induced dissociation;AC=MS:1000133	0.5 Da	0.5 Da	sds page	1	1	20160219_CLASP2_HA_3029_11.raw	ftp://ftp.pride.ebi.ac.uk/pride/data/archive/2017/06/PXD003674/20160219_CLASP2_HA_3029_11.raw	v1.1.0	NT=ms-proteomics;VV=v1.1.0	manual curation
20160413_3065_AGAP3_SOGA1_15	mus musculus	not available	not applicable	not available	15	20160413_3065_AGAP3_SOGA1_15	proteomic profiling by mass spectrometry	NT=Data-dependent acquisition;AC=PRIDE:0000627	NT=label free sample;AC=MS:1002038	NT=orbitrap elite;AC=MS:1001910	NT=Phospho;AC=UNIMOD:21;TA=S,T,Y;MT=Variable	NT=Oxidation;AC=UNIMOD:35;TA=M;MT=Variable	NT=Trypsin;AC=MS:1001251	NT=collision-induced dissociation;AC=MS:1000133	0.5 Da	0.5 Da	sds page	1	1	20160413_3065_AGAP3_SOGA1_15.raw	ftp://ftp.pride.ebi.ac.uk/pride/data/archive/2017/06/PXD003674/20160413_3065_AGAP3_SOGA1_15.raw	v1.1.0	NT=ms-proteomics;VV=v1.1.0	manual curation
20160224_CLASP2_HA_19	mus musculus	not available	not applicable	not available	19	20160224_CLASP2_HA_19	proteomic profiling by mass spectrometry	NT=Data-dependent acquisition;AC=PRIDE:0000627	NT=label free sample;AC=MS:1002038	NT=orbitrap elite;AC=MS:1001910	NT=Phospho;AC=UNIMOD:21;TA=S,T,Y;MT=Variable	NT=Oxidation;AC=UNIMOD:35;TA=M;MT=Variable	NT=Trypsin;AC=MS:1001251	NT=collision-induced dissociation;AC=MS:1000133	0.5 Da	0.5 Da	sds page	1	1	20160224_CLASP2_HA_19.raw	ftp://ftp.pride.ebi.ac.uk/pride/data/archive/2017/06/PXD003674/20160224_CLASP2_HA_19.raw	v1.1.0	NT=ms-proteomics;VV=v1.1.0	manual curation
20160413_3065_AGAP3_SOGA1_20	mus musculus	not available	not applicable	not available	20	20160413_3065_AGAP3_SOGA1_20	proteomic profiling by mass spectrometry	NT=Data-dependent acquisition;AC=PRIDE:0000627	NT=label free sample;AC=MS:1002038	NT=orbitrap elite;AC=MS:1001910	NT=Phospho;AC=UNIMOD:21;TA=S,T,Y;MT=Variable	NT=Oxidation;AC=UNIMOD:35;TA=M;MT=Variable	NT=Trypsin;AC=MS:1001251	NT=collision-induced dissociation;AC=MS:1000133	0.5 Da	0.5 Da	sds page	1	1	20160413_3065_AGAP3_SOGA1_20.raw	ftp://ftp.pride.ebi.ac.uk/pride/data/archive/2017/06/PXD003674/20160413_3065_AGAP3_SOGA1_20.raw	v1.1.0	NT=ms-proteomics;VV=v1.1.0	manual curation
20150410_14	mus musculus	not available	not applicable	not available	14	20150410_14	proteomic profiling by mass spectrometry	NT=Data-dependent acquisition;AC=PRIDE:0000627	NT=label free sample;AC=MS:1002038	NT=orbitrap elite;AC=MS:1001910	NT=Phospho;AC=UNIMOD:21;TA=S,T,Y;MT=Variable	NT=Oxidation;AC=UNIMOD:35;TA=M;MT=Variable	NT=Trypsin;AC=MS:1001251	NT=collision-induced dissociation;AC=MS:1000133	0.5 Da	0.5 Da	sds page	1	1	20150410_14.raw	ftp://ftp.pride.ebi.ac.uk/pride/data/archive/2017/06/PXD003674/20150410_14.raw	v1.1.0	NT=ms-proteomics;VV=v1.1.0	manual curation
20150511_CLASP2_1076_61	mus musculus	not available	not applicable	not available	61	20150511_CLASP2_1076_61	proteomic profiling by mass spectrometry	NT=Data-dependent acquisition;AC=PRIDE:0000627	NT=label free sample;AC=MS:1002038	NT=orbitrap elite;AC=MS:1001910	NT=Phospho;AC=UNIMOD:21;TA=S,T,Y;MT=Variable	NT=Oxidation;AC=UNIMOD:35;TA=M;MT=Variable	NT=Trypsin;AC=MS:1001251	NT=collision-induced dissociation;AC=MS:1000133	0.5 Da	0.5 Da	sds page	1	1	20150511_CLASP2_1076_61.raw	ftp://ftp.pride.ebi.ac.uk/pride/data/archive/2017/06/PXD003674/20150511_CLASP2_1076_61.raw	v1.1.0	NT=ms-proteomics;VV=v1.1.0	manual curation
20150410_10	mus musculus	not available	not applicable	not available	10	20150410_10	proteomic profiling by mass spectrometry	NT=Data-dependent acquisition;AC=PRIDE:0000627	NT=label free sample;AC=MS:1002038	NT=orbitrap elite;AC=MS:1001910	NT=Phospho;AC=UNIMOD:21;TA=S,T,Y;MT=Variable	NT=Oxidation;AC=UNIMOD:35;TA=M;MT=Variable	NT=Trypsin;AC=MS:1001251	NT=collision-induced dissociation;AC=MS:1000133	0.5 Da	0.5 Da	sds page	1	1	20150410_10.raw	ftp://ftp.pride.ebi.ac.uk/pride/data/archive/2017/06/PXD003674/20150410_10.raw	v1.1.0	NT=ms-proteomics;VV=v1.1.0	manual curation
20160106_CLASP2_HA_3022_10	mus musculus	not available	not applicable	not available	10	20160106_CLASP2_HA_3022_10	proteomic profiling by mass spectrometry	NT=Data-dependent acquisition;AC=PRIDE:0000627	NT=label free sample;AC=MS:1002038	NT=orbitrap elite;AC=MS:1001910	NT=Phospho;AC=UNIMOD:21;TA=S,T,Y;MT=Variable	NT=Oxidation;AC=UNIMOD:35;TA=M;MT=Variable	NT=Trypsin;AC=MS:1001251	NT=collision-induced dissociation;AC=MS:1000133	0.5 Da	0.5 Da	sds page	1	1	20160106_CLASP2_HA_3022_10.raw	ftp://ftp.pride.ebi.ac.uk/pride/data/archive/2017/06/PXD003674/20160106_CLASP2_HA_3022_10.raw	v1.1.0	NT=ms-proteomics;VV=v1.1.0	manual curation
20160429_3066_36	mus musculus	not available	not applicable	not available	36	20160429_3066_36	proteomic profiling by mass spectrometry	NT=Data-dependent acquisition;AC=PRIDE:0000627	NT=label free sample;AC=MS:1002038	NT=orbitrap elite;AC=MS:1001910	NT=Phospho;AC=UNIMOD:21;TA=S,T,Y;MT=Variable	NT=Oxidation;AC=UNIMOD:35;TA=M;MT=Variable	NT=Trypsin;AC=MS:1001251	NT=collision-induced dissociation;AC=MS:1000133	0.5 Da	0.5 Da	sds page	1	1	20160429_3066_36.raw	ftp://ftp.pride.ebi.ac.uk/pride/data/archive/2017/06/PXD003674/20160429_3066_36.raw	v1.1.0	NT=ms-proteomics;VV=v1.1.0	manual curation
20160309_3049_19	mus musculus	not available	not applicable	not available	19	20160309_3049_19	proteomic profiling by mass spectrometry	NT=Data-dependent acquisition;AC=PRIDE:0000627	NT=label free sample;AC=MS:1002038	NT=orbitrap elite;AC=MS:1001910	NT=Phospho;AC=UNIMOD:21;TA=S,T,Y;MT=Variable	NT=Oxidation;AC=UNIMOD:35;TA=M;MT=Variable	NT=Trypsin;AC=MS:1001251	NT=collision-induced dissociation;AC=MS:1000133	0.5 Da	0.5 Da	sds page	1	1	20160309_3049_19.raw	ftp://ftp.pride.ebi.ac.uk/pride/data/archive/2017/06/PXD003674/20160309_3049_19.raw	v1.1.0	NT=ms-proteomics;VV=v1.1.0	manual curation
20160309_3049_1	mus musculus	not available	not applicable	not available	1	20160309_3049_1	proteomic profiling by mass spectrometry	NT=Data-dependent acquisition;AC=PRIDE:0000627	NT=label free sample;AC=MS:1002038	NT=orbitrap elite;AC=MS:1001910	NT=Phospho;AC=UNIMOD:21;TA=S,T,Y;MT=Variable	NT=Oxidation;AC=UNIMOD:35;TA=M;MT=Variable	NT=Trypsin;AC=MS:1001251	NT=collision-induced dissociation;AC=MS:1000133	0.5 Da	0.5 Da	sds page	1	1	20160309_3049_1.raw	ftp://ftp.pride.ebi.ac.uk/pride/data/archive/2017/06/PXD003674/20160309_3049_1.raw	v1.1.0	NT=ms-proteomics;VV=v1.1.0	manual curation
20150508_CLASP2_1076_94	mus musculus	not available	not applicable	not available	94	20150508_CLASP2_1076_94	proteomic profiling by mass spectrometry	NT=Data-dependent acquisition;AC=PRIDE:0000627	NT=label free sample;AC=MS:1002038	NT=orbitrap elite;AC=MS:1001910	NT=Phospho;AC=UNIMOD:21;TA=S,T,Y;MT=Variable	NT=Oxidation;AC=UNIMOD:35;TA=M;MT=Variable	NT=Trypsin;AC=MS:1001251	NT=collision-induced dissociation;AC=MS:1000133	0.5 Da	0.5 Da	sds page	1	1	20150508_CLASP2_1076_94.raw	ftp://ftp.pride.ebi.ac.uk/pride/data/archive/2017/06/PXD003674/20150508_CLASP2_1076_94.raw	v1.1.0	NT=ms-proteomics;VV=v1.1.0	manual curation
20160525_1222_24	mus musculus	not available	not applicable	not available	24	20160525_1222_24	proteomic profiling by mass spectrometry	NT=Data-dependent acquisition;AC=PRIDE:0000627	NT=label free sample;AC=MS:1002038	NT=orbitrap elite;AC=MS:1001910	NT=Phospho;AC=UNIMOD:21;TA=S,T,Y;MT=Variable	NT=Oxidation;AC=UNIMOD:35;TA=M;MT=Variable	NT=Trypsin;AC=MS:1001251	NT=collision-induced dissociation;AC=MS:1000133	0.5 Da	0.5 Da	sds page	1	1	20160525_1222_24.raw	ftp://ftp.pride.ebi.ac.uk/pride/data/archive/2017/06/PXD003674/20160525_1222_24.raw	v1.1.0	NT=ms-proteomics;VV=v1.1.0	manual curation
20160408_3056_9	mus musculus	not available	not applicable	not available	9	20160408_3056_9	proteomic profiling by mass spectrometry	NT=Data-dependent acquisition;AC=PRIDE:0000627	NT=label free sample;AC=MS:1002038	NT=orbitrap elite;AC=MS:1001910	NT=Phospho;AC=UNIMOD:21;TA=S,T,Y;MT=Variable	NT=Oxidation;AC=UNIMOD:35;TA=M;MT=Variable	NT=Trypsin;AC=MS:1001251	NT=collision-induced dissociation;AC=MS:1000133	0.5 Da	0.5 Da	sds page	1	1	20160408_3056_9.raw	ftp://ftp.pride.ebi.ac.uk/pride/data/archive/2017/06/PXD003674/20160408_3056_9.raw	v1.1.0	NT=ms-proteomics;VV=v1.1.0	manual curation
20150410_16	mus musculus	not available	not applicable	not available	16	20150410_16	proteomic profiling by mass spectrometry	NT=Data-dependent acquisition;AC=PRIDE:0000627	NT=label free sample;AC=MS:1002038	NT=orbitrap elite;AC=MS:1001910	NT=Phospho;AC=UNIMOD:21;TA=S,T,Y;MT=Variable	NT=Oxidation;AC=UNIMOD:35;TA=M;MT=Variable	NT=Trypsin;AC=MS:1001251	NT=collision-induced dissociation;AC=MS:1000133	0.5 Da	0.5 Da	sds page	1	1	20150410_16.raw	ftp://ftp.pride.ebi.ac.uk/pride/data/archive/2017/06/PXD003674/20150410_16.raw	v1.1.0	NT=ms-proteomics;VV=v1.1.0	manual curation
20150410_28	mus musculus	not available	not applicable	not available	28	20150410_28	proteomic profiling by mass spectrometry	NT=Data-dependent acquisition;AC=PRIDE:0000627	NT=label free sample;AC=MS:1002038	NT=orbitrap elite;AC=MS:1001910	NT=Phospho;AC=UNIMOD:21;TA=S,T,Y;MT=Variable	NT=Oxidation;AC=UNIMOD:35;TA=M;MT=Variable	NT=Trypsin;AC=MS:1001251	NT=collision-induced dissociation;AC=MS:1000133	0.5 Da	0.5 Da	sds page	1	1	20150410_28.raw	ftp://ftp.pride.ebi.ac.uk/pride/data/archive/2017/06/PXD003674/20150410_28.raw	v1.1.0	NT=ms-proteomics;VV=v1.1.0	manual curation
20160524_1222_17	mus musculus	not available	not applicable	not available	17	20160524_1222_17	proteomic profiling by mass spectrometry	NT=Data-dependent acquisition;AC=PRIDE:0000627	NT=label free sample;AC=MS:1002038	NT=orbitrap elite;AC=MS:1001910	NT=Phospho;AC=UNIMOD:21;TA=S,T,Y;MT=Variable	NT=Oxidation;AC=UNIMOD:35;TA=M;MT=Variable	NT=Trypsin;AC=MS:1001251	NT=collision-induced dissociation;AC=MS:1000133	0.5 Da	0.5 Da	sds page	1	1	20160524_1222_17.raw	ftp://ftp.pride.ebi.ac.uk/pride/data/archive/2017/06/PXD003674/20160524_1222_17.raw	v1.1.0	NT=ms-proteomics;VV=v1.1.0	manual curation
20160309_3049_8	mus musculus	not available	not applicable	not available	8	20160309_3049_8	proteomic profiling by mass spectrometry	NT=Data-dependent acquisition;AC=PRIDE:0000627	NT=label free sample;AC=MS:1002038	NT=orbitrap elite;AC=MS:1001910	NT=Phospho;AC=UNIMOD:21;TA=S,T,Y;MT=Variable	NT=Oxidation;AC=UNIMOD:35;TA=M;MT=Variable	NT=Trypsin;AC=MS:1001251	NT=collision-induced dissociation;AC=MS:1000133	0.5 Da	0.5 Da	sds page	1	1	20160309_3049_8.raw	ftp://ftp.pride.ebi.ac.uk/pride/data/archive/2017/06/PXD003674/20160309_3049_8.raw	v1.1.0	NT=ms-proteomics;VV=v1.1.0	manual curation
20150513_CLASP2_1076_48	mus musculus	not available	not applicable	not available	48	20150513_CLASP2_1076_48	proteomic profiling by mass spectrometry	NT=Data-dependent acquisition;AC=PRIDE:0000627	NT=label free sample;AC=MS:1002038	NT=orbitrap elite;AC=MS:1001910	NT=Phospho;AC=UNIMOD:21;TA=S,T,Y;MT=Variable	NT=Oxidation;AC=UNIMOD:35;TA=M;MT=Variable	NT=Trypsin;AC=MS:1001251	NT=collision-induced dissociation;AC=MS:1000133	0.5 Da	0.5 Da	sds page	1	1	20150513_CLASP2_1076_48.raw	ftp://ftp.pride.ebi.ac.uk/pride/data/archive/2017/06/PXD003674/20150513_CLASP2_1076_48.raw	v1.1.0	NT=ms-proteomics;VV=v1.1.0	manual curation
20160525_1222_28	mus musculus	not available	not applicable	not available	28	20160525_1222_28	proteomic profiling by mass spectrometry	NT=Data-dependent acquisition;AC=PRIDE:0000627	NT=label free sample;AC=MS:1002038	NT=orbitrap elite;AC=MS:1001910	NT=Phospho;AC=UNIMOD:21;TA=S,T,Y;MT=Variable	NT=Oxidation;AC=UNIMOD:35;TA=M;MT=Variable	NT=Trypsin;AC=MS:1001251	NT=collision-induced dissociation;AC=MS:1000133	0.5 Da	0.5 Da	sds page	1	1	20160525_1222_28.raw	ftp://ftp.pride.ebi.ac.uk/pride/data/archive/2017/06/PXD003674/20160525_1222_28.raw	v1.1.0	NT=ms-proteomics;VV=v1.1.0	manual curation
20160524_1222_19	mus musculus	not available	not applicable	not available	19	20160524_1222_19	proteomic profiling by mass spectrometry	NT=Data-dependent acquisition;AC=PRIDE:0000627	NT=label free sample;AC=MS:1002038	NT=orbitrap elite;AC=MS:1001910	NT=Phospho;AC=UNIMOD:21;TA=S,T,Y;MT=Variable	NT=Oxidation;AC=UNIMOD:35;TA=M;MT=Variable	NT=Trypsin;AC=MS:1001251	NT=collision-induced dissociation;AC=MS:1000133	0.5 Da	0.5 Da	sds page	1	1	20160524_1222_19.raw	ftp://ftp.pride.ebi.ac.uk/pride/data/archive/2017/06/PXD003674/20160524_1222_19.raw	v1.1.0	NT=ms-proteomics;VV=v1.1.0	manual curation
20150513_CLASP2_1076_97	mus musculus	not available	not applicable	not available	97	20150513_CLASP2_1076_97	proteomic profiling by mass spectrometry	NT=Data-dependent acquisition;AC=PRIDE:0000627	NT=label free sample;AC=MS:1002038	NT=orbitrap elite;AC=MS:1001910	NT=Phospho;AC=UNIMOD:21;TA=S,T,Y;MT=Variable	NT=Oxidation;AC=UNIMOD:35;TA=M;MT=Variable	NT=Trypsin;AC=MS:1001251	NT=collision-induced dissociation;AC=MS:1000133	0.5 Da	0.5 Da	sds page	1	1	20150513_CLASP2_1076_97.raw	ftp://ftp.pride.ebi.ac.uk/pride/data/archive/2017/06/PXD003674/20150513_CLASP2_1076_97.raw	v1.1.0	NT=ms-proteomics;VV=v1.1.0	manual curation
20150514_CLASP2_1076_21	mus musculus	not available	not applicable	not available	21	20150514_CLASP2_1076_21	proteomic profiling by mass spectrometry	NT=Data-dependent acquisition;AC=PRIDE:0000627	NT=label free sample;AC=MS:1002038	NT=orbitrap elite;AC=MS:1001910	NT=Phospho;AC=UNIMOD:21;TA=S,T,Y;MT=Variable	NT=Oxidation;AC=UNIMOD:35;TA=M;MT=Variable	NT=Trypsin;AC=MS:1001251	NT=collision-induced dissociation;AC=MS:1000133	0.5 Da	0.5 Da	sds page	1	1	20150514_CLASP2_1076_21.raw	ftp://ftp.pride.ebi.ac.uk/pride/data/archive/2017/06/PXD003674/20150514_CLASP2_1076_21.raw	v1.1.0	NT=ms-proteomics;VV=v1.1.0	manual curation
20150508_CLASP2_1076_17	mus musculus	not available	not applicable	not available	17	20150508_CLASP2_1076_17	proteomic profiling by mass spectrometry	NT=Data-dependent acquisition;AC=PRIDE:0000627	NT=label free sample;AC=MS:1002038	NT=orbitrap elite;AC=MS:1001910	NT=Phospho;AC=UNIMOD:21;TA=S,T,Y;MT=Variable	NT=Oxidation;AC=UNIMOD:35;TA=M;MT=Variable	NT=Trypsin;AC=MS:1001251	NT=collision-induced dissociation;AC=MS:1000133	0.5 Da	0.5 Da	sds page	1	1	20150508_CLASP2_1076_17.raw	ftp://ftp.pride.ebi.ac.uk/pride/data/archive/2017/06/PXD003674/20150508_CLASP2_1076_17.raw	v1.1.0	NT=ms-proteomics;VV=v1.1.0	manual curation
20150410_6	mus musculus	not available	not applicable	not available	6	20150410_6	proteomic profiling by mass spectrometry	NT=Data-dependent acquisition;AC=PRIDE:0000627	NT=label free sample;AC=MS:1002038	NT=orbitrap elite;AC=MS:1001910	NT=Phospho;AC=UNIMOD:21;TA=S,T,Y;MT=Variable	NT=Oxidation;AC=UNIMOD:35;TA=M;MT=Variable	NT=Trypsin;AC=MS:1001251	NT=collision-induced dissociation;AC=MS:1000133	0.5 Da	0.5 Da	sds page	1	1	20150410_6.raw	ftp://ftp.pride.ebi.ac.uk/pride/data/archive/2017/06/PXD003674/20150410_6.raw	v1.1.0	NT=ms-proteomics;VV=v1.1.0	manual curation
20150514_CLASP2_1076_63	mus musculus	not available	not applicable	not available	63	20150514_CLASP2_1076_63	proteomic profiling by mass spectrometry	NT=Data-dependent acquisition;AC=PRIDE:0000627	NT=label free sample;AC=MS:1002038	NT=orbitrap elite;AC=MS:1001910	NT=Phospho;AC=UNIMOD:21;TA=S,T,Y;MT=Variable	NT=Oxidation;AC=UNIMOD:35;TA=M;MT=Variable	NT=Trypsin;AC=MS:1001251	NT=collision-induced dissociation;AC=MS:1000133	0.5 Da	0.5 Da	sds page	1	1	20150514_CLASP2_1076_63.raw	ftp://ftp.pride.ebi.ac.uk/pride/data/archive/2017/06/PXD003674/20150514_CLASP2_1076_63.raw	v1.1.0	NT=ms-proteomics;VV=v1.1.0	manual curation
20150506_78	mus musculus	not available	not applicable	not available	78	20150506_78	proteomic profiling by mass spectrometry	NT=Data-dependent acquisition;AC=PRIDE:0000627	NT=label free sample;AC=MS:1002038	NT=orbitrap elite;AC=MS:1001910	NT=Phospho;AC=UNIMOD:21;TA=S,T,Y;MT=Variable	NT=Oxidation;AC=UNIMOD:35;TA=M;MT=Variable	NT=Trypsin;AC=MS:1001251	NT=collision-induced dissociation;AC=MS:1000133	0.5 Da	0.5 Da	sds page	1	1	20150506_78.raw	ftp://ftp.pride.ebi.ac.uk/pride/data/archive/2017/06/PXD003674/20150506_78.raw	v1.1.0	NT=ms-proteomics;VV=v1.1.0	manual curation
20160429_3071_3	mus musculus	not available	not applicable	not available	3	20160429_3071_3	proteomic profiling by mass spectrometry	NT=Data-dependent acquisition;AC=PRIDE:0000627	NT=label free sample;AC=MS:1002038	NT=orbitrap elite;AC=MS:1001910	NT=Phospho;AC=UNIMOD:21;TA=S,T,Y;MT=Variable	NT=Oxidation;AC=UNIMOD:35;TA=M;MT=Variable	NT=Trypsin;AC=MS:1001251	NT=collision-induced dissociation;AC=MS:1000133	0.5 Da	0.5 Da	sds page	1	1	20160429_3071_3.raw	ftp://ftp.pride.ebi.ac.uk/pride/data/archive/2017/06/PXD003674/20160429_3071_3.raw	v1.1.0	NT=ms-proteomics;VV=v1.1.0	manual curation
20150506_86	mus musculus	not available	not applicable	not available	86	20150506_86	proteomic profiling by mass spectrometry	NT=Data-dependent acquisition;AC=PRIDE:0000627	NT=label free sample;AC=MS:1002038	NT=orbitrap elite;AC=MS:1001910	NT=Phospho;AC=UNIMOD:21;TA=S,T,Y;MT=Variable	NT=Oxidation;AC=UNIMOD:35;TA=M;MT=Variable	NT=Trypsin;AC=MS:1001251	NT=collision-induced dissociation;AC=MS:1000133	0.5 Da	0.5 Da	sds page	1	1	20150506_86.raw	ftp://ftp.pride.ebi.ac.uk/pride/data/archive/2017/06/PXD003674/20150506_86.raw	v1.1.0	NT=ms-proteomics;VV=v1.1.0	manual curation
20160106_CLASP2_HA_3022_15	mus musculus	not available	not applicable	not available	15	20160106_CLASP2_HA_3022_15	proteomic profiling by mass spectrometry	NT=Data-dependent acquisition;AC=PRIDE:0000627	NT=label free sample;AC=MS:1002038	NT=orbitrap elite;AC=MS:1001910	NT=Phospho;AC=UNIMOD:21;TA=S,T,Y;MT=Variable	NT=Oxidation;AC=UNIMOD:35;TA=M;MT=Variable	NT=Trypsin;AC=MS:1001251	NT=collision-induced dissociation;AC=MS:1000133	0.5 Da	0.5 Da	sds page	1	1	20160106_CLASP2_HA_3022_15.raw	ftp://ftp.pride.ebi.ac.uk/pride/data/archive/2017/06/PXD003674/20160106_CLASP2_HA_3022_15.raw	v1.1.0	NT=ms-proteomics;VV=v1.1.0	manual curation
20160219_CLASP2_HA_3029_22	mus musculus	not available	not applicable	not available	22	20160219_CLASP2_HA_3029_22	proteomic profiling by mass spectrometry	NT=Data-dependent acquisition;AC=PRIDE:0000627	NT=label free sample;AC=MS:1002038	NT=orbitrap elite;AC=MS:1001910	NT=Phospho;AC=UNIMOD:21;TA=S,T,Y;MT=Variable	NT=Oxidation;AC=UNIMOD:35;TA=M;MT=Variable	NT=Trypsin;AC=MS:1001251	NT=collision-induced dissociation;AC=MS:1000133	0.5 Da	0.5 Da	sds page	1	1	20160219_CLASP2_HA_3029_22.raw	ftp://ftp.pride.ebi.ac.uk/pride/data/archive/2017/06/PXD003674/20160219_CLASP2_HA_3029_22.raw	v1.1.0	NT=ms-proteomics;VV=v1.1.0	manual curation
20160317_3053_CLASP2_ABT263_28	mus musculus	not available	not applicable	not available	28	20160317_3053_CLASP2_ABT263_28	proteomic profiling by mass spectrometry	NT=Data-dependent acquisition;AC=PRIDE:0000627	NT=label free sample;AC=MS:1002038	NT=orbitrap elite;AC=MS:1001910	NT=Phospho;AC=UNIMOD:21;TA=S,T,Y;MT=Variable	NT=Oxidation;AC=UNIMOD:35;TA=M;MT=Variable	NT=Trypsin;AC=MS:1001251	NT=collision-induced dissociation;AC=MS:1000133	0.5 Da	0.5 Da	sds page	1	1	20160317_3053_CLASP2_ABT263_28.raw	ftp://ftp.pride.ebi.ac.uk/pride/data/archive/2017/06/PXD003674/20160317_3053_CLASP2_ABT263_28.raw	v1.1.0	NT=ms-proteomics;VV=v1.1.0	manual curation
20150410_18	mus musculus	not available	not applicable	not available	18	20150410_18	proteomic profiling by mass spectrometry	NT=Data-dependent acquisition;AC=PRIDE:0000627	NT=label free sample;AC=MS:1002038	NT=orbitrap elite;AC=MS:1001910	NT=Phospho;AC=UNIMOD:21;TA=S,T,Y;MT=Variable	NT=Oxidation;AC=UNIMOD:35;TA=M;MT=Variable	NT=Trypsin;AC=MS:1001251	NT=collision-induced dissociation;AC=MS:1000133	0.5 Da	0.5 Da	sds page	1	1	20150410_18.raw	ftp://ftp.pride.ebi.ac.uk/pride/data/archive/2017/06/PXD003674/20150410_18.raw	v1.1.0	NT=ms-proteomics;VV=v1.1.0	manual curation
20160219_CLASP2_HA_3029_7	mus musculus	not available	not applicable	not available	7	20160219_CLASP2_HA_3029_7	proteomic profiling by mass spectrometry	NT=Data-dependent acquisition;AC=PRIDE:0000627	NT=label free sample;AC=MS:1002038	NT=orbitrap elite;AC=MS:1001910	NT=Phospho;AC=UNIMOD:21;TA=S,T,Y;MT=Variable	NT=Oxidation;AC=UNIMOD:35;TA=M;MT=Variable	NT=Trypsin;AC=MS:1001251	NT=collision-induced dissociation;AC=MS:1000133	0.5 Da	0.5 Da	sds page	1	1	20160219_CLASP2_HA_3029_7.raw	ftp://ftp.pride.ebi.ac.uk/pride/data/archive/2017/06/PXD003674/20160219_CLASP2_HA_3029_7.raw	v1.1.0	NT=ms-proteomics;VV=v1.1.0	manual curation
20160309_3049_4	mus musculus	not available	not applicable	not available	4	20160309_3049_4	proteomic profiling by mass spectrometry	NT=Data-dependent acquisition;AC=PRIDE:0000627	NT=label free sample;AC=MS:1002038	NT=orbitrap elite;AC=MS:1001910	NT=Phospho;AC=UNIMOD:21;TA=S,T,Y;MT=Variable	NT=Oxidation;AC=UNIMOD:35;TA=M;MT=Variable	NT=Trypsin;AC=MS:1001251	NT=collision-induced dissociation;AC=MS:1000133	0.5 Da	0.5 Da	sds page	1	1	20160309_3049_4.raw	ftp://ftp.pride.ebi.ac.uk/pride/data/archive/2017/06/PXD003674/20160309_3049_4.raw	v1.1.0	NT=ms-proteomics;VV=v1.1.0	manual curation
20160502_3071_16	mus musculus	not available	not applicable	not available	16	20160502_3071_16	proteomic profiling by mass spectrometry	NT=Data-dependent acquisition;AC=PRIDE:0000627	NT=label free sample;AC=MS:1002038	NT=orbitrap elite;AC=MS:1001910	NT=Phospho;AC=UNIMOD:21;TA=S,T,Y;MT=Variable	NT=Oxidation;AC=UNIMOD:35;TA=M;MT=Variable	NT=Trypsin;AC=MS:1001251	NT=collision-induced dissociation;AC=MS:1000133	0.5 Da	0.5 Da	sds page	1	1	20160502_3071_16.raw	ftp://ftp.pride.ebi.ac.uk/pride/data/archive/2017/06/PXD003674/20160502_3071_16.raw	v1.1.0	NT=ms-proteomics;VV=v1.1.0	manual curation
20160106_CLASP2_HA_3022_4	mus musculus	not available	not applicable	not available	4	20160106_CLASP2_HA_3022_4	proteomic profiling by mass spectrometry	NT=Data-dependent acquisition;AC=PRIDE:0000627	NT=label free sample;AC=MS:1002038	NT=orbitrap elite;AC=MS:1001910	NT=Phospho;AC=UNIMOD:21;TA=S,T,Y;MT=Variable	NT=Oxidation;AC=UNIMOD:35;TA=M;MT=Variable	NT=Trypsin;AC=MS:1001251	NT=collision-induced dissociation;AC=MS:1000133	0.5 Da	0.5 Da	sds page	1	1	20160106_CLASP2_HA_3022_4.raw	ftp://ftp.pride.ebi.ac.uk/pride/data/archive/2017/06/PXD003674/20160106_CLASP2_HA_3022_4.raw	v1.1.0	NT=ms-proteomics;VV=v1.1.0	manual curation
20150410_2	mus musculus	not available	not applicable	not available	2	20150410_2	proteomic profiling by mass spectrometry	NT=Data-dependent acquisition;AC=PRIDE:0000627	NT=label free sample;AC=MS:1002038	NT=orbitrap elite;AC=MS:1001910	NT=Phospho;AC=UNIMOD:21;TA=S,T,Y;MT=Variable	NT=Oxidation;AC=UNIMOD:35;TA=M;MT=Variable	NT=Trypsin;AC=MS:1001251	NT=collision-induced dissociation;AC=MS:1000133	0.5 Da	0.5 Da	sds page	1	1	20150410_2.raw	ftp://ftp.pride.ebi.ac.uk/pride/data/archive/2017/06/PXD003674/20150410_2.raw	v1.1.0	NT=ms-proteomics;VV=v1.1.0	manual curation
20160106_CLASP2_HA_3022_13	mus musculus	not available	not applicable	not available	13	20160106_CLASP2_HA_3022_13	proteomic profiling by mass spectrometry	NT=Data-dependent acquisition;AC=PRIDE:0000627	NT=label free sample;AC=MS:1002038	NT=orbitrap elite;AC=MS:1001910	NT=Phospho;AC=UNIMOD:21;TA=S,T,Y;MT=Variable	NT=Oxidation;AC=UNIMOD:35;TA=M;MT=Variable	NT=Trypsin;AC=MS:1001251	NT=collision-induced dissociation;AC=MS:1000133	0.5 Da	0.5 Da	sds page	1	1	20160106_CLASP2_HA_3022_13.raw	ftp://ftp.pride.ebi.ac.uk/pride/data/archive/2017/06/PXD003674/20160106_CLASP2_HA_3022_13.raw	v1.1.0	NT=ms-proteomics;VV=v1.1.0	manual curation
20160407_3056_23	mus musculus	not available	not applicable	not available	23	20160407_3056_23	proteomic profiling by mass spectrometry	NT=Data-dependent acquisition;AC=PRIDE:0000627	NT=label free sample;AC=MS:1002038	NT=orbitrap elite;AC=MS:1001910	NT=Phospho;AC=UNIMOD:21;TA=S,T,Y;MT=Variable	NT=Oxidation;AC=UNIMOD:35;TA=M;MT=Variable	NT=Trypsin;AC=MS:1001251	NT=collision-induced dissociation;AC=MS:1000133	0.5 Da	0.5 Da	sds page	1	1	20160407_3056_23.raw	ftp://ftp.pride.ebi.ac.uk/pride/data/archive/2017/06/PXD003674/20160407_3056_23.raw	v1.1.0	NT=ms-proteomics;VV=v1.1.0	manual curation
20150506_65	mus musculus	not available	not applicable	not available	65	20150506_65	proteomic profiling by mass spectrometry	NT=Data-dependent acquisition;AC=PRIDE:0000627	NT=label free sample;AC=MS:1002038	NT=orbitrap elite;AC=MS:1001910	NT=Phospho;AC=UNIMOD:21;TA=S,T,Y;MT=Variable	NT=Oxidation;AC=UNIMOD:35;TA=M;MT=Variable	NT=Trypsin;AC=MS:1001251	NT=collision-induced dissociation;AC=MS:1000133	0.5 Da	0.5 Da	sds page	1	1	20150506_65.raw	ftp://ftp.pride.ebi.ac.uk/pride/data/archive/2017/06/PXD003674/20150506_65.raw	v1.1.0	NT=ms-proteomics;VV=v1.1.0	manual curation
20160219_CLASP2_HA_3029_27	mus musculus	not available	not applicable	not available	27	20160219_CLASP2_HA_3029_27	proteomic profiling by mass spectrometry	NT=Data-dependent acquisition;AC=PRIDE:0000627	NT=label free sample;AC=MS:1002038	NT=orbitrap elite;AC=MS:1001910	NT=Phospho;AC=UNIMOD:21;TA=S,T,Y;MT=Variable	NT=Oxidation;AC=UNIMOD:35;TA=M;MT=Variable	NT=Trypsin;AC=MS:1001251	NT=collision-induced dissociation;AC=MS:1000133	0.5 Da	0.5 Da	sds page	1	1	20160219_CLASP2_HA_3029_27.raw	ftp://ftp.pride.ebi.ac.uk/pride/data/archive/2017/06/PXD003674/20160219_CLASP2_HA_3029_27.raw	v1.1.0	NT=ms-proteomics;VV=v1.1.0	manual curation
20161007_3017_15	mus musculus	not available	not applicable	not available	15	20161007_3017_15	proteomic profiling by mass spectrometry	NT=Data-dependent acquisition;AC=PRIDE:0000627	NT=label free sample;AC=MS:1002038	NT=orbitrap elite;AC=MS:1001910	NT=Phospho;AC=UNIMOD:21;TA=S,T,Y;MT=Variable	NT=Oxidation;AC=UNIMOD:35;TA=M;MT=Variable	NT=Trypsin;AC=MS:1001251	NT=collision-induced dissociation;AC=MS:1000133	0.5 Da	0.5 Da	sds page	1	1	20161007_3017_15.raw	ftp://ftp.pride.ebi.ac.uk/pride/data/archive/2017/06/PXD003674/20161007_3017_15.raw	v1.1.0	NT=ms-proteomics;VV=v1.1.0	manual curation
20161007_3017_27	mus musculus	not available	not applicable	not available	27	20161007_3017_27	proteomic profiling by mass spectrometry	NT=Data-dependent acquisition;AC=PRIDE:0000627	NT=label free sample;AC=MS:1002038	NT=orbitrap elite;AC=MS:1001910	NT=Phospho;AC=UNIMOD:21;TA=S,T,Y;MT=Variable	NT=Oxidation;AC=UNIMOD:35;TA=M;MT=Variable	NT=Trypsin;AC=MS:1001251	NT=collision-induced dissociation;AC=MS:1000133	0.5 Da	0.5 Da	sds page	1	1	20161007_3017_27.raw	ftp://ftp.pride.ebi.ac.uk/pride/data/archive/2017/06/PXD003674/20161007_3017_27.raw	v1.1.0	NT=ms-proteomics;VV=v1.1.0	manual curation
20160219_CLASP2_HA_3029_17	mus musculus	not available	not applicable	not available	17	20160219_CLASP2_HA_3029_17	proteomic profiling by mass spectrometry	NT=Data-dependent acquisition;AC=PRIDE:0000627	NT=label free sample;AC=MS:1002038	NT=orbitrap elite;AC=MS:1001910	NT=Phospho;AC=UNIMOD:21;TA=S,T,Y;MT=Variable	NT=Oxidation;AC=UNIMOD:35;TA=M;MT=Variable	NT=Trypsin;AC=MS:1001251	NT=collision-induced dissociation;AC=MS:1000133	0.5 Da	0.5 Da	sds page	1	1	20160219_CLASP2_HA_3029_17.raw	ftp://ftp.pride.ebi.ac.uk/pride/data/archive/2017/06/PXD003674/20160219_CLASP2_HA_3029_17.raw	v1.1.0	NT=ms-proteomics;VV=v1.1.0	manual curation
20150511_CLASP2_1076_11	mus musculus	not available	not applicable	not available	11	20150511_CLASP2_1076_11	proteomic profiling by mass spectrometry	NT=Data-dependent acquisition;AC=PRIDE:0000627	NT=label free sample;AC=MS:1002038	NT=orbitrap elite;AC=MS:1001910	NT=Phospho;AC=UNIMOD:21;TA=S,T,Y;MT=Variable	NT=Oxidation;AC=UNIMOD:35;TA=M;MT=Variable	NT=Trypsin;AC=MS:1001251	NT=collision-induced dissociation;AC=MS:1000133	0.5 Da	0.5 Da	sds page	1	1	20150511_CLASP2_1076_11.raw	ftp://ftp.pride.ebi.ac.uk/pride/data/archive/2017/06/PXD003674/20150511_CLASP2_1076_11.raw	v1.1.0	NT=ms-proteomics;VV=v1.1.0	manual curation
20161007_3017_22	mus musculus	not available	not applicable	not available	22	20161007_3017_22	proteomic profiling by mass spectrometry	NT=Data-dependent acquisition;AC=PRIDE:0000627	NT=label free sample;AC=MS:1002038	NT=orbitrap elite;AC=MS:1001910	NT=Phospho;AC=UNIMOD:21;TA=S,T,Y;MT=Variable	NT=Oxidation;AC=UNIMOD:35;TA=M;MT=Variable	NT=Trypsin;AC=MS:1001251	NT=collision-induced dissociation;AC=MS:1000133	0.5 Da	0.5 Da	sds page	1	1	20161007_3017_22.raw	ftp://ftp.pride.ebi.ac.uk/pride/data/archive/2017/06/PXD003674/20161007_3017_22.raw	v1.1.0	NT=ms-proteomics;VV=v1.1.0	manual curation
20160927_3106_16	mus musculus	not available	not applicable	not available	16	20160927_3106_16	proteomic profiling by mass spectrometry	NT=Data-dependent acquisition;AC=PRIDE:0000627	NT=label free sample;AC=MS:1002038	NT=orbitrap elite;AC=MS:1001910	NT=Phospho;AC=UNIMOD:21;TA=S,T,Y;MT=Variable	NT=Oxidation;AC=UNIMOD:35;TA=M;MT=Variable	NT=Trypsin;AC=MS:1001251	NT=collision-induced dissociation;AC=MS:1000133	0.5 Da	0.5 Da	sds page	1	1	20160927_3106_16.raw	ftp://ftp.pride.ebi.ac.uk/pride/data/archive/2017/06/PXD003674/20160927_3106_16.raw	v1.1.0	NT=ms-proteomics;VV=v1.1.0	manual curation
20160519_3074_5	mus musculus	not available	not applicable	not available	5	20160519_3074_5	proteomic profiling by mass spectrometry	NT=Data-dependent acquisition;AC=PRIDE:0000627	NT=label free sample;AC=MS:1002038	NT=orbitrap elite;AC=MS:1001910	NT=Phospho;AC=UNIMOD:21;TA=S,T,Y;MT=Variable	NT=Oxidation;AC=UNIMOD:35;TA=M;MT=Variable	NT=Trypsin;AC=MS:1001251	NT=collision-induced dissociation;AC=MS:1000133	0.5 Da	0.5 Da	sds page	1	1	20160519_3074_5.raw	ftp://ftp.pride.ebi.ac.uk/pride/data/archive/2017/06/PXD003674/20160519_3074_5.raw	v1.1.0	NT=ms-proteomics;VV=v1.1.0	manual curation
20150410_5	mus musculus	not available	not applicable	not available	5	20150410_5	proteomic profiling by mass spectrometry	NT=Data-dependent acquisition;AC=PRIDE:0000627	NT=label free sample;AC=MS:1002038	NT=orbitrap elite;AC=MS:1001910	NT=Phospho;AC=UNIMOD:21;TA=S,T,Y;MT=Variable	NT=Oxidation;AC=UNIMOD:35;TA=M;MT=Variable	NT=Trypsin;AC=MS:1001251	NT=collision-induced dissociation;AC=MS:1000133	0.5 Da	0.5 Da	sds page	1	1	20150410_5.raw	ftp://ftp.pride.ebi.ac.uk/pride/data/archive/2017/06/PXD003674/20150410_5.raw	v1.1.0	NT=ms-proteomics;VV=v1.1.0	manual curation
20160106_CLASP2_HA_3022_25	mus musculus	not available	not applicable	not available	25	20160106_CLASP2_HA_3022_25	proteomic profiling by mass spectrometry	NT=Data-dependent acquisition;AC=PRIDE:0000627	NT=label free sample;AC=MS:1002038	NT=orbitrap elite;AC=MS:1001910	NT=Phospho;AC=UNIMOD:21;TA=S,T,Y;MT=Variable	NT=Oxidation;AC=UNIMOD:35;TA=M;MT=Variable	NT=Trypsin;AC=MS:1001251	NT=collision-induced dissociation;AC=MS:1000133	0.5 Da	0.5 Da	sds page	1	1	20160106_CLASP2_HA_3022_25.raw	ftp://ftp.pride.ebi.ac.uk/pride/data/archive/2017/06/PXD003674/20160106_CLASP2_HA_3022_25.raw	v1.1.0	NT=ms-proteomics;VV=v1.1.0	manual curation
20160309_3049_22	mus musculus	not available	not applicable	not available	22	20160309_3049_22	proteomic profiling by mass spectrometry	NT=Data-dependent acquisition;AC=PRIDE:0000627	NT=label free sample;AC=MS:1002038	NT=orbitrap elite;AC=MS:1001910	NT=Phospho;AC=UNIMOD:21;TA=S,T,Y;MT=Variable	NT=Oxidation;AC=UNIMOD:35;TA=M;MT=Variable	NT=Trypsin;AC=MS:1001251	NT=collision-induced dissociation;AC=MS:1000133	0.5 Da	0.5 Da	sds page	1	1	20160309_3049_22.raw	ftp://ftp.pride.ebi.ac.uk/pride/data/archive/2017/06/PXD003674/20160309_3049_22.raw	v1.1.0	NT=ms-proteomics;VV=v1.1.0	manual curation
20150410_1	mus musculus	not available	not applicable	not available	1	20150410_1	proteomic profiling by mass spectrometry	NT=Data-dependent acquisition;AC=PRIDE:0000627	NT=label free sample;AC=MS:1002038	NT=orbitrap elite;AC=MS:1001910	NT=Phospho;AC=UNIMOD:21;TA=S,T,Y;MT=Variable	NT=Oxidation;AC=UNIMOD:35;TA=M;MT=Variable	NT=Trypsin;AC=MS:1001251	NT=collision-induced dissociation;AC=MS:1000133	0.5 Da	0.5 Da	sds page	1	1	20150410_1.raw	ftp://ftp.pride.ebi.ac.uk/pride/data/archive/2017/06/PXD003674/20150410_1.raw	v1.1.0	NT=ms-proteomics;VV=v1.1.0	manual curation
20160530_3076_16	mus musculus	not available	not applicable	not available	16	20160530_3076_16	proteomic profiling by mass spectrometry	NT=Data-dependent acquisition;AC=PRIDE:0000627	NT=label free sample;AC=MS:1002038	NT=orbitrap elite;AC=MS:1001910	NT=Phospho;AC=UNIMOD:21;TA=S,T,Y;MT=Variable	NT=Oxidation;AC=UNIMOD:35;TA=M;MT=Variable	NT=Trypsin;AC=MS:1001251	NT=collision-induced dissociation;AC=MS:1000133	0.5 Da	0.5 Da	sds page	1	1	20160530_3076_16.raw	ftp://ftp.pride.ebi.ac.uk/pride/data/archive/2017/06/PXD003674/20160530_3076_16.raw	v1.1.0	NT=ms-proteomics;VV=v1.1.0	manual curation
20160401_3055_2	mus musculus	not available	not applicable	not available	2	20160401_3055_2	proteomic profiling by mass spectrometry	NT=Data-dependent acquisition;AC=PRIDE:0000627	NT=label free sample;AC=MS:1002038	NT=orbitrap elite;AC=MS:1001910	NT=Phospho;AC=UNIMOD:21;TA=S,T,Y;MT=Variable	NT=Oxidation;AC=UNIMOD:35;TA=M;MT=Variable	NT=Trypsin;AC=MS:1001251	NT=collision-induced dissociation;AC=MS:1000133	0.5 Da	0.5 Da	sds page	1	1	20160401_3055_2.raw	ftp://ftp.pride.ebi.ac.uk/pride/data/archive/2017/06/PXD003674/20160401_3055_2.raw	v1.1.0	NT=ms-proteomics;VV=v1.1.0	manual curation
20160603_3077_3	mus musculus	not available	not applicable	not available	3	20160603_3077_3	proteomic profiling by mass spectrometry	NT=Data-dependent acquisition;AC=PRIDE:0000627	NT=label free sample;AC=MS:1002038	NT=orbitrap elite;AC=MS:1001910	NT=Phospho;AC=UNIMOD:21;TA=S,T,Y;MT=Variable	NT=Oxidation;AC=UNIMOD:35;TA=M;MT=Variable	NT=Trypsin;AC=MS:1001251	NT=collision-induced dissociation;AC=MS:1000133	0.5 Da	0.5 Da	sds page	1	1	20160603_3077_3.raw	ftp://ftp.pride.ebi.ac.uk/pride/data/archive/2017/06/PXD003674/20160603_3077_3.raw	v1.1.0	NT=ms-proteomics;VV=v1.1.0	manual curation
20150511_CLASP2_1076_33	mus musculus	not available	not applicable	not available	33	20150511_CLASP2_1076_33	proteomic profiling by mass spectrometry	NT=Data-dependent acquisition;AC=PRIDE:0000627	NT=label free sample;AC=MS:1002038	NT=orbitrap elite;AC=MS:1001910	NT=Phospho;AC=UNIMOD:21;TA=S,T,Y;MT=Variable	NT=Oxidation;AC=UNIMOD:35;TA=M;MT=Variable	NT=Trypsin;AC=MS:1001251	NT=collision-induced dissociation;AC=MS:1000133	0.5 Da	0.5 Da	sds page	1	1	20150511_CLASP2_1076_33.raw	ftp://ftp.pride.ebi.ac.uk/pride/data/archive/2017/06/PXD003674/20150511_CLASP2_1076_33.raw	v1.1.0	NT=ms-proteomics;VV=v1.1.0	manual curation
20160522_1222_2	mus musculus	not available	not applicable	not available	2	20160522_1222_2	proteomic profiling by mass spectrometry	NT=Data-dependent acquisition;AC=PRIDE:0000627	NT=label free sample;AC=MS:1002038	NT=orbitrap elite;AC=MS:1001910	NT=Phospho;AC=UNIMOD:21;TA=S,T,Y;MT=Variable	NT=Oxidation;AC=UNIMOD:35;TA=M;MT=Variable	NT=Trypsin;AC=MS:1001251	NT=collision-induced dissociation;AC=MS:1000133	0.5 Da	0.5 Da	sds page	1	1	20160522_1222_2.raw	ftp://ftp.pride.ebi.ac.uk/pride/data/archive/2017/06/PXD003674/20160522_1222_2.raw	v1.1.0	NT=ms-proteomics;VV=v1.1.0	manual curation
20160309_3049_25	mus musculus	not available	not applicable	not available	25	20160309_3049_25	proteomic profiling by mass spectrometry	NT=Data-dependent acquisition;AC=PRIDE:0000627	NT=label free sample;AC=MS:1002038	NT=orbitrap elite;AC=MS:1001910	NT=Phospho;AC=UNIMOD:21;TA=S,T,Y;MT=Variable	NT=Oxidation;AC=UNIMOD:35;TA=M;MT=Variable	NT=Trypsin;AC=MS:1001251	NT=collision-induced dissociation;AC=MS:1000133	0.5 Da	0.5 Da	sds page	1	1	20160309_3049_25.raw	ftp://ftp.pride.ebi.ac.uk/pride/data/archive/2017/06/PXD003674/20160309_3049_25.raw	v1.1.0	NT=ms-proteomics;VV=v1.1.0	manual curation
20160519_3074_9	mus musculus	not available	not applicable	not available	9	20160519_3074_9	proteomic profiling by mass spectrometry	NT=Data-dependent acquisition;AC=PRIDE:0000627	NT=label free sample;AC=MS:1002038	NT=orbitrap elite;AC=MS:1001910	NT=Phospho;AC=UNIMOD:21;TA=S,T,Y;MT=Variable	NT=Oxidation;AC=UNIMOD:35;TA=M;MT=Variable	NT=Trypsin;AC=MS:1001251	NT=collision-induced dissociation;AC=MS:1000133	0.5 Da	0.5 Da	sds page	1	1	20160519_3074_9.raw	ftp://ftp.pride.ebi.ac.uk/pride/data/archive/2017/06/PXD003674/20160519_3074_9.raw	v1.1.0	NT=ms-proteomics;VV=v1.1.0	manual curation
20150511_CLASP2_1076_5	mus musculus	not available	not applicable	not available	5	20150511_CLASP2_1076_5	proteomic profiling by mass spectrometry	NT=Data-dependent acquisition;AC=PRIDE:0000627	NT=label free sample;AC=MS:1002038	NT=orbitrap elite;AC=MS:1001910	NT=Phospho;AC=UNIMOD:21;TA=S,T,Y;MT=Variable	NT=Oxidation;AC=UNIMOD:35;TA=M;MT=Variable	NT=Trypsin;AC=MS:1001251	NT=collision-induced dissociation;AC=MS:1000133	0.5 Da	0.5 Da	sds page	1	1	20150511_CLASP2_1076_5.raw	ftp://ftp.pride.ebi.ac.uk/pride/data/archive/2017/06/PXD003674/20150511_CLASP2_1076_5.raw	v1.1.0	NT=ms-proteomics;VV=v1.1.0	manual curation
20160224_CLASP2_HA_24	mus musculus	not available	not applicable	not available	24	20160224_CLASP2_HA_24	proteomic profiling by mass spectrometry	NT=Data-dependent acquisition;AC=PRIDE:0000627	NT=label free sample;AC=MS:1002038	NT=orbitrap elite;AC=MS:1001910	NT=Phospho;AC=UNIMOD:21;TA=S,T,Y;MT=Variable	NT=Oxidation;AC=UNIMOD:35;TA=M;MT=Variable	NT=Trypsin;AC=MS:1001251	NT=collision-induced dissociation;AC=MS:1000133	0.5 Da	0.5 Da	sds page	1	1	20160224_CLASP2_HA_24.raw	ftp://ftp.pride.ebi.ac.uk/pride/data/archive/2017/06/PXD003674/20160224_CLASP2_HA_24.raw	v1.1.0	NT=ms-proteomics;VV=v1.1.0	manual curation
20160503_3071_27	mus musculus	not available	not applicable	not available	27	20160503_3071_27	proteomic profiling by mass spectrometry	NT=Data-dependent acquisition;AC=PRIDE:0000627	NT=label free sample;AC=MS:1002038	NT=orbitrap elite;AC=MS:1001910	NT=Phospho;AC=UNIMOD:21;TA=S,T,Y;MT=Variable	NT=Oxidation;AC=UNIMOD:35;TA=M;MT=Variable	NT=Trypsin;AC=MS:1001251	NT=collision-induced dissociation;AC=MS:1000133	0.5 Da	0.5 Da	sds page	1	1	20160503_3071_27.raw	ftp://ftp.pride.ebi.ac.uk/pride/data/archive/2017/06/PXD003674/20160503_3071_27.raw	v1.1.0	NT=ms-proteomics;VV=v1.1.0	manual curation
20160525_1222_27	mus musculus	not available	not applicable	not available	27	20160525_1222_27	proteomic profiling by mass spectrometry	NT=Data-dependent acquisition;AC=PRIDE:0000627	NT=label free sample;AC=MS:1002038	NT=orbitrap elite;AC=MS:1001910	NT=Phospho;AC=UNIMOD:21;TA=S,T,Y;MT=Variable	NT=Oxidation;AC=UNIMOD:35;TA=M;MT=Variable	NT=Trypsin;AC=MS:1001251	NT=collision-induced dissociation;AC=MS:1000133	0.5 Da	0.5 Da	sds page	1	1	20160525_1222_27.raw	ftp://ftp.pride.ebi.ac.uk/pride/data/archive/2017/06/PXD003674/20160525_1222_27.raw	v1.1.0	NT=ms-proteomics;VV=v1.1.0	manual curation
20160106_CLASP2_HA_3022_23	mus musculus	not available	not applicable	not available	23	20160106_CLASP2_HA_3022_23	proteomic profiling by mass spectrometry	NT=Data-dependent acquisition;AC=PRIDE:0000627	NT=label free sample;AC=MS:1002038	NT=orbitrap elite;AC=MS:1001910	NT=Phospho;AC=UNIMOD:21;TA=S,T,Y;MT=Variable	NT=Oxidation;AC=UNIMOD:35;TA=M;MT=Variable	NT=Trypsin;AC=MS:1001251	NT=collision-induced dissociation;AC=MS:1000133	0.5 Da	0.5 Da	sds page	1	1	20160106_CLASP2_HA_3022_23.raw	ftp://ftp.pride.ebi.ac.uk/pride/data/archive/2017/06/PXD003674/20160106_CLASP2_HA_3022_23.raw	v1.1.0	NT=ms-proteomics;VV=v1.1.0	manual curation
20160309_3049_24	mus musculus	not available	not applicable	not available	24	20160309_3049_24	proteomic profiling by mass spectrometry	NT=Data-dependent acquisition;AC=PRIDE:0000627	NT=label free sample;AC=MS:1002038	NT=orbitrap elite;AC=MS:1001910	NT=Phospho;AC=UNIMOD:21;TA=S,T,Y;MT=Variable	NT=Oxidation;AC=UNIMOD:35;TA=M;MT=Variable	NT=Trypsin;AC=MS:1001251	NT=collision-induced dissociation;AC=MS:1000133	0.5 Da	0.5 Da	sds page	1	1	20160309_3049_24.raw	ftp://ftp.pride.ebi.ac.uk/pride/data/archive/2017/06/PXD003674/20160309_3049_24.raw	v1.1.0	NT=ms-proteomics;VV=v1.1.0	manual curation
20160205_3071_9	mus musculus	not available	not applicable	not available	9	20160205_3071_9	proteomic profiling by mass spectrometry	NT=Data-dependent acquisition;AC=PRIDE:0000627	NT=label free sample;AC=MS:1002038	NT=orbitrap elite;AC=MS:1001910	NT=Phospho;AC=UNIMOD:21;TA=S,T,Y;MT=Variable	NT=Oxidation;AC=UNIMOD:35;TA=M;MT=Variable	NT=Trypsin;AC=MS:1001251	NT=collision-induced dissociation;AC=MS:1000133	0.5 Da	0.5 Da	sds page	1	1	20160205_3071_9.raw	ftp://ftp.pride.ebi.ac.uk/pride/data/archive/2017/06/PXD003674/20160205_3071_9.raw	v1.1.0	NT=ms-proteomics;VV=v1.1.0	manual curation
20160407_3056_18	mus musculus	not available	not applicable	not available	18	20160407_3056_18	proteomic profiling by mass spectrometry	NT=Data-dependent acquisition;AC=PRIDE:0000627	NT=label free sample;AC=MS:1002038	NT=orbitrap elite;AC=MS:1001910	NT=Phospho;AC=UNIMOD:21;TA=S,T,Y;MT=Variable	NT=Oxidation;AC=UNIMOD:35;TA=M;MT=Variable	NT=Trypsin;AC=MS:1001251	NT=collision-induced dissociation;AC=MS:1000133	0.5 Da	0.5 Da	sds page	1	1	20160407_3056_18.raw	ftp://ftp.pride.ebi.ac.uk/pride/data/archive/2017/06/PXD003674/20160407_3056_18.raw	v1.1.0	NT=ms-proteomics;VV=v1.1.0	manual curation
20161007_3017_8	mus musculus	not available	not applicable	not available	8	20161007_3017_8	proteomic profiling by mass spectrometry	NT=Data-dependent acquisition;AC=PRIDE:0000627	NT=label free sample;AC=MS:1002038	NT=orbitrap elite;AC=MS:1001910	NT=Phospho;AC=UNIMOD:21;TA=S,T,Y;MT=Variable	NT=Oxidation;AC=UNIMOD:35;TA=M;MT=Variable	NT=Trypsin;AC=MS:1001251	NT=collision-induced dissociation;AC=MS:1000133	0.5 Da	0.5 Da	sds page	1	1	20161007_3017_8.raw	ftp://ftp.pride.ebi.ac.uk/pride/data/archive/2017/06/PXD003674/20161007_3017_8.raw	v1.1.0	NT=ms-proteomics;VV=v1.1.0	manual curation
20160429_3066_30	mus musculus	not available	not applicable	not available	30	20160429_3066_30	proteomic profiling by mass spectrometry	NT=Data-dependent acquisition;AC=PRIDE:0000627	NT=label free sample;AC=MS:1002038	NT=orbitrap elite;AC=MS:1001910	NT=Phospho;AC=UNIMOD:21;TA=S,T,Y;MT=Variable	NT=Oxidation;AC=UNIMOD:35;TA=M;MT=Variable	NT=Trypsin;AC=MS:1001251	NT=collision-induced dissociation;AC=MS:1000133	0.5 Da	0.5 Da	sds page	1	1	20160429_3066_30.raw	ftp://ftp.pride.ebi.ac.uk/pride/data/archive/2017/06/PXD003674/20160429_3066_30.raw	v1.1.0	NT=ms-proteomics;VV=v1.1.0	manual curation
20160318_3053_CLASP2_ABT263_4	mus musculus	not available	not applicable	not available	4	20160318_3053_CLASP2_ABT263_4	proteomic profiling by mass spectrometry	NT=Data-dependent acquisition;AC=PRIDE:0000627	NT=label free sample;AC=MS:1002038	NT=orbitrap elite;AC=MS:1001910	NT=Phospho;AC=UNIMOD:21;TA=S,T,Y;MT=Variable	NT=Oxidation;AC=UNIMOD:35;TA=M;MT=Variable	NT=Trypsin;AC=MS:1001251	NT=collision-induced dissociation;AC=MS:1000133	0.5 Da	0.5 Da	sds page	1	1	20160318_3053_CLASP2_ABT263_4.raw	ftp://ftp.pride.ebi.ac.uk/pride/data/archive/2017/06/PXD003674/20160318_3053_CLASP2_ABT263_4.raw	v1.1.0	NT=ms-proteomics;VV=v1.1.0	manual curation
20150410_15	mus musculus	not available	not applicable	not available	15	20150410_15	proteomic profiling by mass spectrometry	NT=Data-dependent acquisition;AC=PRIDE:0000627	NT=label free sample;AC=MS:1002038	NT=orbitrap elite;AC=MS:1001910	NT=Phospho;AC=UNIMOD:21;TA=S,T,Y;MT=Variable	NT=Oxidation;AC=UNIMOD:35;TA=M;MT=Variable	NT=Trypsin;AC=MS:1001251	NT=collision-induced dissociation;AC=MS:1000133	0.5 Da	0.5 Da	sds page	1	1	20150410_15.raw	ftp://ftp.pride.ebi.ac.uk/pride/data/archive/2017/06/PXD003674/20150410_15.raw	v1.1.0	NT=ms-proteomics;VV=v1.1.0	manual curation
20150506_85	mus musculus	not available	not applicable	not available	85	20150506_85	proteomic profiling by mass spectrometry	NT=Data-dependent acquisition;AC=PRIDE:0000627	NT=label free sample;AC=MS:1002038	NT=orbitrap elite;AC=MS:1001910	NT=Phospho;AC=UNIMOD:21;TA=S,T,Y;MT=Variable	NT=Oxidation;AC=UNIMOD:35;TA=M;MT=Variable	NT=Trypsin;AC=MS:1001251	NT=collision-induced dissociation;AC=MS:1000133	0.5 Da	0.5 Da	sds page	1	1	20150506_85.raw	ftp://ftp.pride.ebi.ac.uk/pride/data/archive/2017/06/PXD003674/20150506_85.raw	v1.1.0	NT=ms-proteomics;VV=v1.1.0	manual curation
20160519_3074_2	mus musculus	not available	not applicable	not available	2	20160519_3074_2	proteomic profiling by mass spectrometry	NT=Data-dependent acquisition;AC=PRIDE:0000627	NT=label free sample;AC=MS:1002038	NT=orbitrap elite;AC=MS:1001910	NT=Phospho;AC=UNIMOD:21;TA=S,T,Y;MT=Variable	NT=Oxidation;AC=UNIMOD:35;TA=M;MT=Variable	NT=Trypsin;AC=MS:1001251	NT=collision-induced dissociation;AC=MS:1000133	0.5 Da	0.5 Da	sds page	1	1	20160519_3074_2.raw	ftp://ftp.pride.ebi.ac.uk/pride/data/archive/2017/06/PXD003674/20160519_3074_2.raw	v1.1.0	NT=ms-proteomics;VV=v1.1.0	manual curation
20160401_3055_1	mus musculus	not available	not applicable	not available	1	20160401_3055_1	proteomic profiling by mass spectrometry	NT=Data-dependent acquisition;AC=PRIDE:0000627	NT=label free sample;AC=MS:1002038	NT=orbitrap elite;AC=MS:1001910	NT=Phospho;AC=UNIMOD:21;TA=S,T,Y;MT=Variable	NT=Oxidation;AC=UNIMOD:35;TA=M;MT=Variable	NT=Trypsin;AC=MS:1001251	NT=collision-induced dissociation;AC=MS:1000133	0.5 Da	0.5 Da	sds page	1	1	20160401_3055_1.raw	ftp://ftp.pride.ebi.ac.uk/pride/data/archive/2017/06/PXD003674/20160401_3055_1.raw	v1.1.0	NT=ms-proteomics;VV=v1.1.0	manual curation
20160413_3065_AGAP3_SOGA1_21	mus musculus	not available	not applicable	not available	21	20160413_3065_AGAP3_SOGA1_21	proteomic profiling by mass spectrometry	NT=Data-dependent acquisition;AC=PRIDE:0000627	NT=label free sample;AC=MS:1002038	NT=orbitrap elite;AC=MS:1001910	NT=Phospho;AC=UNIMOD:21;TA=S,T,Y;MT=Variable	NT=Oxidation;AC=UNIMOD:35;TA=M;MT=Variable	NT=Trypsin;AC=MS:1001251	NT=collision-induced dissociation;AC=MS:1000133	0.5 Da	0.5 Da	sds page	1	1	20160413_3065_AGAP3_SOGA1_21.raw	ftp://ftp.pride.ebi.ac.uk/pride/data/archive/2017/06/PXD003674/20160413_3065_AGAP3_SOGA1_21.raw	v1.1.0	NT=ms-proteomics;VV=v1.1.0	manual curation
20160106_CLASP2_HA_3022_21	mus musculus	not available	not applicable	not available	21	20160106_CLASP2_HA_3022_21	proteomic profiling by mass spectrometry	NT=Data-dependent acquisition;AC=PRIDE:0000627	NT=label free sample;AC=MS:1002038	NT=orbitrap elite;AC=MS:1001910	NT=Phospho;AC=UNIMOD:21;TA=S,T,Y;MT=Variable	NT=Oxidation;AC=UNIMOD:35;TA=M;MT=Variable	NT=Trypsin;AC=MS:1001251	NT=collision-induced dissociation;AC=MS:1000133	0.5 Da	0.5 Da	sds page	1	1	20160106_CLASP2_HA_3022_21.raw	ftp://ftp.pride.ebi.ac.uk/pride/data/archive/2017/06/PXD003674/20160106_CLASP2_HA_3022_21.raw	v1.1.0	NT=ms-proteomics;VV=v1.1.0	manual curation
20160530_3076_17	mus musculus	not available	not applicable	not available	17	20160530_3076_17	proteomic profiling by mass spectrometry	NT=Data-dependent acquisition;AC=PRIDE:0000627	NT=label free sample;AC=MS:1002038	NT=orbitrap elite;AC=MS:1001910	NT=Phospho;AC=UNIMOD:21;TA=S,T,Y;MT=Variable	NT=Oxidation;AC=UNIMOD:35;TA=M;MT=Variable	NT=Trypsin;AC=MS:1001251	NT=collision-induced dissociation;AC=MS:1000133	0.5 Da	0.5 Da	sds page	1	1	20160530_3076_17.raw	ftp://ftp.pride.ebi.ac.uk/pride/data/archive/2017/06/PXD003674/20160530_3076_17.raw	v1.1.0	NT=ms-proteomics;VV=v1.1.0	manual curation
20160503_3071_28	mus musculus	not available	not applicable	not available	28	20160503_3071_28	proteomic profiling by mass spectrometry	NT=Data-dependent acquisition;AC=PRIDE:0000627	NT=label free sample;AC=MS:1002038	NT=orbitrap elite;AC=MS:1001910	NT=Phospho;AC=UNIMOD:21;TA=S,T,Y;MT=Variable	NT=Oxidation;AC=UNIMOD:35;TA=M;MT=Variable	NT=Trypsin;AC=MS:1001251	NT=collision-induced dissociation;AC=MS:1000133	0.5 Da	0.5 Da	sds page	1	1	20160503_3071_28.raw	ftp://ftp.pride.ebi.ac.uk/pride/data/archive/2017/06/PXD003674/20160503_3071_28.raw	v1.1.0	NT=ms-proteomics;VV=v1.1.0	manual curation
20150506_92	mus musculus	not available	not applicable	not available	92	20150506_92	proteomic profiling by mass spectrometry	NT=Data-dependent acquisition;AC=PRIDE:0000627	NT=label free sample;AC=MS:1002038	NT=orbitrap elite;AC=MS:1001910	NT=Phospho;AC=UNIMOD:21;TA=S,T,Y;MT=Variable	NT=Oxidation;AC=UNIMOD:35;TA=M;MT=Variable	NT=Trypsin;AC=MS:1001251	NT=collision-induced dissociation;AC=MS:1000133	0.5 Da	0.5 Da	sds page	1	1	20150506_92.raw	ftp://ftp.pride.ebi.ac.uk/pride/data/archive/2017/06/PXD003674/20150506_92.raw	v1.1.0	NT=ms-proteomics;VV=v1.1.0	manual curation
20160426_3066_9	mus musculus	not available	not applicable	not available	9	20160426_3066_9	proteomic profiling by mass spectrometry	NT=Data-dependent acquisition;AC=PRIDE:0000627	NT=label free sample;AC=MS:1002038	NT=orbitrap elite;AC=MS:1001910	NT=Phospho;AC=UNIMOD:21;TA=S,T,Y;MT=Variable	NT=Oxidation;AC=UNIMOD:35;TA=M;MT=Variable	NT=Trypsin;AC=MS:1001251	NT=collision-induced dissociation;AC=MS:1000133	0.5 Da	0.5 Da	sds page	1	1	20160426_3066_9.raw	ftp://ftp.pride.ebi.ac.uk/pride/data/archive/2017/06/PXD003674/20160426_3066_9.raw	v1.1.0	NT=ms-proteomics;VV=v1.1.0	manual curation
20160106_CLASP2_HA_3022_9	mus musculus	not available	not applicable	not available	9	20160106_CLASP2_HA_3022_9	proteomic profiling by mass spectrometry	NT=Data-dependent acquisition;AC=PRIDE:0000627	NT=label free sample;AC=MS:1002038	NT=orbitrap elite;AC=MS:1001910	NT=Phospho;AC=UNIMOD:21;TA=S,T,Y;MT=Variable	NT=Oxidation;AC=UNIMOD:35;TA=M;MT=Variable	NT=Trypsin;AC=MS:1001251	NT=collision-induced dissociation;AC=MS:1000133	0.5 Da	0.5 Da	sds page	1	1	20160106_CLASP2_HA_3022_9.raw	ftp://ftp.pride.ebi.ac.uk/pride/data/archive/2017/06/PXD003674/20160106_CLASP2_HA_3022_9.raw	v1.1.0	NT=ms-proteomics;VV=v1.1.0	manual curation
20160106_CLASP2_HA_3022_2	mus musculus	not available	not applicable	not available	2	20160106_CLASP2_HA_3022_2	proteomic profiling by mass spectrometry	NT=Data-dependent acquisition;AC=PRIDE:0000627	NT=label free sample;AC=MS:1002038	NT=orbitrap elite;AC=MS:1001910	NT=Phospho;AC=UNIMOD:21;TA=S,T,Y;MT=Variable	NT=Oxidation;AC=UNIMOD:35;TA=M;MT=Variable	NT=Trypsin;AC=MS:1001251	NT=collision-induced dissociation;AC=MS:1000133	0.5 Da	0.5 Da	sds page	1	1	20160106_CLASP2_HA_3022_2.raw	ftp://ftp.pride.ebi.ac.uk/pride/data/archive/2017/06/PXD003674/20160106_CLASP2_HA_3022_2.raw	v1.1.0	NT=ms-proteomics;VV=v1.1.0	manual curation
20160408_3056_4	mus musculus	not available	not applicable	not available	4	20160408_3056_4	proteomic profiling by mass spectrometry	NT=Data-dependent acquisition;AC=PRIDE:0000627	NT=label free sample;AC=MS:1002038	NT=orbitrap elite;AC=MS:1001910	NT=Phospho;AC=UNIMOD:21;TA=S,T,Y;MT=Variable	NT=Oxidation;AC=UNIMOD:35;TA=M;MT=Variable	NT=Trypsin;AC=MS:1001251	NT=collision-induced dissociation;AC=MS:1000133	0.5 Da	0.5 Da	sds page	1	1	20160408_3056_4.raw	ftp://ftp.pride.ebi.ac.uk/pride/data/archive/2017/06/PXD003674/20160408_3056_4.raw	v1.1.0	NT=ms-proteomics;VV=v1.1.0	manual curation
20160309_3049_18	mus musculus	not available	not applicable	not available	18	20160309_3049_18	proteomic profiling by mass spectrometry	NT=Data-dependent acquisition;AC=PRIDE:0000627	NT=label free sample;AC=MS:1002038	NT=orbitrap elite;AC=MS:1001910	NT=Phospho;AC=UNIMOD:21;TA=S,T,Y;MT=Variable	NT=Oxidation;AC=UNIMOD:35;TA=M;MT=Variable	NT=Trypsin;AC=MS:1001251	NT=collision-induced dissociation;AC=MS:1000133	0.5 Da	0.5 Da	sds page	1	1	20160309_3049_18.raw	ftp://ftp.pride.ebi.ac.uk/pride/data/archive/2017/06/PXD003674/20160309_3049_18.raw	v1.1.0	NT=ms-proteomics;VV=v1.1.0	manual curation
20160523_1222_13	mus musculus	not available	not applicable	not available	13	20160523_1222_13	proteomic profiling by mass spectrometry	NT=Data-dependent acquisition;AC=PRIDE:0000627	NT=label free sample;AC=MS:1002038	NT=orbitrap elite;AC=MS:1001910	NT=Phospho;AC=UNIMOD:21;TA=S,T,Y;MT=Variable	NT=Oxidation;AC=UNIMOD:35;TA=M;MT=Variable	NT=Trypsin;AC=MS:1001251	NT=collision-induced dissociation;AC=MS:1000133	0.5 Da	0.5 Da	sds page	1	1	20160523_1222_13.raw	ftp://ftp.pride.ebi.ac.uk/pride/data/archive/2017/06/PXD003674/20160523_1222_13.raw	v1.1.0	NT=ms-proteomics;VV=v1.1.0	manual curation
20160416_3065_AGAP3_SOGA1_13	mus musculus	not available	not applicable	not available	13	20160416_3065_AGAP3_SOGA1_13	proteomic profiling by mass spectrometry	NT=Data-dependent acquisition;AC=PRIDE:0000627	NT=label free sample;AC=MS:1002038	NT=orbitrap elite;AC=MS:1001910	NT=Phospho;AC=UNIMOD:21;TA=S,T,Y;MT=Variable	NT=Oxidation;AC=UNIMOD:35;TA=M;MT=Variable	NT=Trypsin;AC=MS:1001251	NT=collision-induced dissociation;AC=MS:1000133	0.5 Da	0.5 Da	sds page	1	1	20160416_3065_AGAP3_SOGA1_13.raw	ftp://ftp.pride.ebi.ac.uk/pride/data/archive/2017/06/PXD003674/20160416_3065_AGAP3_SOGA1_13.raw	v1.1.0	NT=ms-proteomics;VV=v1.1.0	manual curation
20160224_CLASP2_HA_25	mus musculus	not available	not applicable	not available	25	20160224_CLASP2_HA_25	proteomic profiling by mass spectrometry	NT=Data-dependent acquisition;AC=PRIDE:0000627	NT=label free sample;AC=MS:1002038	NT=orbitrap elite;AC=MS:1001910	NT=Phospho;AC=UNIMOD:21;TA=S,T,Y;MT=Variable	NT=Oxidation;AC=UNIMOD:35;TA=M;MT=Variable	NT=Trypsin;AC=MS:1001251	NT=collision-induced dissociation;AC=MS:1000133	0.5 Da	0.5 Da	sds page	1	1	20160224_CLASP2_HA_25.raw	ftp://ftp.pride.ebi.ac.uk/pride/data/archive/2017/06/PXD003674/20160224_CLASP2_HA_25.raw	v1.1.0	NT=ms-proteomics;VV=v1.1.0	manual curation
20150506_15	mus musculus	not available	not applicable	not available	15	20150506_15	proteomic profiling by mass spectrometry	NT=Data-dependent acquisition;AC=PRIDE:0000627	NT=label free sample;AC=MS:1002038	NT=orbitrap elite;AC=MS:1001910	NT=Phospho;AC=UNIMOD:21;TA=S,T,Y;MT=Variable	NT=Oxidation;AC=UNIMOD:35;TA=M;MT=Variable	NT=Trypsin;AC=MS:1001251	NT=collision-induced dissociation;AC=MS:1000133	0.5 Da	0.5 Da	sds page	1	1	20150506_15.raw	ftp://ftp.pride.ebi.ac.uk/pride/data/archive/2017/06/PXD003674/20150506_15.raw	v1.1.0	NT=ms-proteomics;VV=v1.1.0	manual curation
20160106_CLASP2_HA_3022_22	mus musculus	not available	not applicable	not available	22	20160106_CLASP2_HA_3022_22	proteomic profiling by mass spectrometry	NT=Data-dependent acquisition;AC=PRIDE:0000627	NT=label free sample;AC=MS:1002038	NT=orbitrap elite;AC=MS:1001910	NT=Phospho;AC=UNIMOD:21;TA=S,T,Y;MT=Variable	NT=Oxidation;AC=UNIMOD:35;TA=M;MT=Variable	NT=Trypsin;AC=MS:1001251	NT=collision-induced dissociation;AC=MS:1000133	0.5 Da	0.5 Da	sds page	1	1	20160106_CLASP2_HA_3022_22.raw	ftp://ftp.pride.ebi.ac.uk/pride/data/archive/2017/06/PXD003674/20160106_CLASP2_HA_3022_22.raw	v1.1.0	NT=ms-proteomics;VV=v1.1.0	manual curation
20160408_3056_12	mus musculus	not available	not applicable	not available	12	20160408_3056_12	proteomic profiling by mass spectrometry	NT=Data-dependent acquisition;AC=PRIDE:0000627	NT=label free sample;AC=MS:1002038	NT=orbitrap elite;AC=MS:1001910	NT=Phospho;AC=UNIMOD:21;TA=S,T,Y;MT=Variable	NT=Oxidation;AC=UNIMOD:35;TA=M;MT=Variable	NT=Trypsin;AC=MS:1001251	NT=collision-induced dissociation;AC=MS:1000133	0.5 Da	0.5 Da	sds page	1	1	20160408_3056_12.raw	ftp://ftp.pride.ebi.ac.uk/pride/data/archive/2017/06/PXD003674/20160408_3056_12.raw	v1.1.0	NT=ms-proteomics;VV=v1.1.0	manual curation
20160429_3071_2	mus musculus	not available	not applicable	not available	2	20160429_3071_2	proteomic profiling by mass spectrometry	NT=Data-dependent acquisition;AC=PRIDE:0000627	NT=label free sample;AC=MS:1002038	NT=orbitrap elite;AC=MS:1001910	NT=Phospho;AC=UNIMOD:21;TA=S,T,Y;MT=Variable	NT=Oxidation;AC=UNIMOD:35;TA=M;MT=Variable	NT=Trypsin;AC=MS:1001251	NT=collision-induced dissociation;AC=MS:1000133	0.5 Da	0.5 Da	sds page	1	1	20160429_3071_2.raw	ftp://ftp.pride.ebi.ac.uk/pride/data/archive/2017/06/PXD003674/20160429_3071_2.raw	v1.1.0	NT=ms-proteomics;VV=v1.1.0	manual curation
20160317_3053_CLASP2_ABT263_21	mus musculus	not available	not applicable	not available	21	20160317_3053_CLASP2_ABT263_21	proteomic profiling by mass spectrometry	NT=Data-dependent acquisition;AC=PRIDE:0000627	NT=label free sample;AC=MS:1002038	NT=orbitrap elite;AC=MS:1001910	NT=Phospho;AC=UNIMOD:21;TA=S,T,Y;MT=Variable	NT=Oxidation;AC=UNIMOD:35;TA=M;MT=Variable	NT=Trypsin;AC=MS:1001251	NT=collision-induced dissociation;AC=MS:1000133	0.5 Da	0.5 Da	sds page	1	1	20160317_3053_CLASP2_ABT263_21.raw	ftp://ftp.pride.ebi.ac.uk/pride/data/archive/2017/06/PXD003674/20160317_3053_CLASP2_ABT263_21.raw	v1.1.0	NT=ms-proteomics;VV=v1.1.0	manual curation
20150511_CLASP2_1076_12	mus musculus	not available	not applicable	not available	12	20150511_CLASP2_1076_12	proteomic profiling by mass spectrometry	NT=Data-dependent acquisition;AC=PRIDE:0000627	NT=label free sample;AC=MS:1002038	NT=orbitrap elite;AC=MS:1001910	NT=Phospho;AC=UNIMOD:21;TA=S,T,Y;MT=Variable	NT=Oxidation;AC=UNIMOD:35;TA=M;MT=Variable	NT=Trypsin;AC=MS:1001251	NT=collision-induced dissociation;AC=MS:1000133	0.5 Da	0.5 Da	sds page	1	1	20150511_CLASP2_1076_12.raw	ftp://ftp.pride.ebi.ac.uk/pride/data/archive/2017/06/PXD003674/20150511_CLASP2_1076_12.raw	v1.1.0	NT=ms-proteomics;VV=v1.1.0	manual curation
20160603_3077_2	mus musculus	not available	not applicable	not available	2	20160603_3077_2	proteomic profiling by mass spectrometry	NT=Data-dependent acquisition;AC=PRIDE:0000627	NT=label free sample;AC=MS:1002038	NT=orbitrap elite;AC=MS:1001910	NT=Phospho;AC=UNIMOD:21;TA=S,T,Y;MT=Variable	NT=Oxidation;AC=UNIMOD:35;TA=M;MT=Variable	NT=Trypsin;AC=MS:1001251	NT=collision-induced dissociation;AC=MS:1000133	0.5 Da	0.5 Da	sds page	1	1	20160603_3077_2.raw	ftp://ftp.pride.ebi.ac.uk/pride/data/archive/2017/06/PXD003674/20160603_3077_2.raw	v1.1.0	NT=ms-proteomics;VV=v1.1.0	manual curation
20150511_CLASP2_1076_18	mus musculus	not available	not applicable	not available	18	20150511_CLASP2_1076_18	proteomic profiling by mass spectrometry	NT=Data-dependent acquisition;AC=PRIDE:0000627	NT=label free sample;AC=MS:1002038	NT=orbitrap elite;AC=MS:1001910	NT=Phospho;AC=UNIMOD:21;TA=S,T,Y;MT=Variable	NT=Oxidation;AC=UNIMOD:35;TA=M;MT=Variable	NT=Trypsin;AC=MS:1001251	NT=collision-induced dissociation;AC=MS:1000133	0.5 Da	0.5 Da	sds page	1	1	20150511_CLASP2_1076_18.raw	ftp://ftp.pride.ebi.ac.uk/pride/data/archive/2017/06/PXD003674/20150511_CLASP2_1076_18.raw	v1.1.0	NT=ms-proteomics;VV=v1.1.0	manual curation
20160224_CLASP2_3042_HA_12	mus musculus	not available	not applicable	not available	12	20160224_CLASP2_3042_HA_12	proteomic profiling by mass spectrometry	NT=Data-dependent acquisition;AC=PRIDE:0000627	NT=label free sample;AC=MS:1002038	NT=orbitrap elite;AC=MS:1001910	NT=Phospho;AC=UNIMOD:21;TA=S,T,Y;MT=Variable	NT=Oxidation;AC=UNIMOD:35;TA=M;MT=Variable	NT=Trypsin;AC=MS:1001251	NT=collision-induced dissociation;AC=MS:1000133	0.5 Da	0.5 Da	sds page	1	1	20160224_CLASP2_3042_HA_12.raw	ftp://ftp.pride.ebi.ac.uk/pride/data/archive/2017/06/PXD003674/20160224_CLASP2_3042_HA_12.raw	v1.1.0	NT=ms-proteomics;VV=v1.1.0	manual curation
20160603_3077_10	mus musculus	not available	not applicable	not available	10	20160603_3077_10	proteomic profiling by mass spectrometry	NT=Data-dependent acquisition;AC=PRIDE:0000627	NT=label free sample;AC=MS:1002038	NT=orbitrap elite;AC=MS:1001910	NT=Phospho;AC=UNIMOD:21;TA=S,T,Y;MT=Variable	NT=Oxidation;AC=UNIMOD:35;TA=M;MT=Variable	NT=Trypsin;AC=MS:1001251	NT=collision-induced dissociation;AC=MS:1000133	0.5 Da	0.5 Da	sds page	1	1	20160603_3077_10.raw	ftp://ftp.pride.ebi.ac.uk/pride/data/archive/2017/06/PXD003674/20160603_3077_10.raw	v1.1.0	NT=ms-proteomics;VV=v1.1.0	manual curation
20160401_3055_7	mus musculus	not available	not applicable	not available	7	20160401_3055_7	proteomic profiling by mass spectrometry	NT=Data-dependent acquisition;AC=PRIDE:0000627	NT=label free sample;AC=MS:1002038	NT=orbitrap elite;AC=MS:1001910	NT=Phospho;AC=UNIMOD:21;TA=S,T,Y;MT=Variable	NT=Oxidation;AC=UNIMOD:35;TA=M;MT=Variable	NT=Trypsin;AC=MS:1001251	NT=collision-induced dissociation;AC=MS:1000133	0.5 Da	0.5 Da	sds page	1	1	20160401_3055_7.raw	ftp://ftp.pride.ebi.ac.uk/pride/data/archive/2017/06/PXD003674/20160401_3055_7.raw	v1.1.0	NT=ms-proteomics;VV=v1.1.0	manual curation
20160519_3074_10	mus musculus	not available	not applicable	not available	10	20160519_3074_10	proteomic profiling by mass spectrometry	NT=Data-dependent acquisition;AC=PRIDE:0000627	NT=label free sample;AC=MS:1002038	NT=orbitrap elite;AC=MS:1001910	NT=Phospho;AC=UNIMOD:21;TA=S,T,Y;MT=Variable	NT=Oxidation;AC=UNIMOD:35;TA=M;MT=Variable	NT=Trypsin;AC=MS:1001251	NT=collision-induced dissociation;AC=MS:1000133	0.5 Da	0.5 Da	sds page	1	1	20160519_3074_10.raw	ftp://ftp.pride.ebi.ac.uk/pride/data/archive/2017/06/PXD003674/20160519_3074_10.raw	v1.1.0	NT=ms-proteomics;VV=v1.1.0	manual curation
20160522_1222_5	mus musculus	not available	not applicable	not available	5	20160522_1222_5	proteomic profiling by mass spectrometry	NT=Data-dependent acquisition;AC=PRIDE:0000627	NT=label free sample;AC=MS:1002038	NT=orbitrap elite;AC=MS:1001910	NT=Phospho;AC=UNIMOD:21;TA=S,T,Y;MT=Variable	NT=Oxidation;AC=UNIMOD:35;TA=M;MT=Variable	NT=Trypsin;AC=MS:1001251	NT=collision-induced dissociation;AC=MS:1000133	0.5 Da	0.5 Da	sds page	1	1	20160522_1222_5.raw	ftp://ftp.pride.ebi.ac.uk/pride/data/archive/2017/06/PXD003674/20160522_1222_5.raw	v1.1.0	NT=ms-proteomics;VV=v1.1.0	manual curation
20160309_3049_3	mus musculus	not available	not applicable	not available	3	20160309_3049_3	proteomic profiling by mass spectrometry	NT=Data-dependent acquisition;AC=PRIDE:0000627	NT=label free sample;AC=MS:1002038	NT=orbitrap elite;AC=MS:1001910	NT=Phospho;AC=UNIMOD:21;TA=S,T,Y;MT=Variable	NT=Oxidation;AC=UNIMOD:35;TA=M;MT=Variable	NT=Trypsin;AC=MS:1001251	NT=collision-induced dissociation;AC=MS:1000133	0.5 Da	0.5 Da	sds page	1	1	20160309_3049_3.raw	ftp://ftp.pride.ebi.ac.uk/pride/data/archive/2017/06/PXD003674/20160309_3049_3.raw	v1.1.0	NT=ms-proteomics;VV=v1.1.0	manual curation
20160219_CLASP2_HA_3029_16	mus musculus	not available	not applicable	not available	16	20160219_CLASP2_HA_3029_16	proteomic profiling by mass spectrometry	NT=Data-dependent acquisition;AC=PRIDE:0000627	NT=label free sample;AC=MS:1002038	NT=orbitrap elite;AC=MS:1001910	NT=Phospho;AC=UNIMOD:21;TA=S,T,Y;MT=Variable	NT=Oxidation;AC=UNIMOD:35;TA=M;MT=Variable	NT=Trypsin;AC=MS:1001251	NT=collision-induced dissociation;AC=MS:1000133	0.5 Da	0.5 Da	sds page	1	1	20160219_CLASP2_HA_3029_16.raw	ftp://ftp.pride.ebi.ac.uk/pride/data/archive/2017/06/PXD003674/20160219_CLASP2_HA_3029_16.raw	v1.1.0	NT=ms-proteomics;VV=v1.1.0	manual curation
20160224_CLASP2_3042_HA_13	mus musculus	not available	not applicable	not available	13	20160224_CLASP2_3042_HA_13	proteomic profiling by mass spectrometry	NT=Data-dependent acquisition;AC=PRIDE:0000627	NT=label free sample;AC=MS:1002038	NT=orbitrap elite;AC=MS:1001910	NT=Phospho;AC=UNIMOD:21;TA=S,T,Y;MT=Variable	NT=Oxidation;AC=UNIMOD:35;TA=M;MT=Variable	NT=Trypsin;AC=MS:1001251	NT=collision-induced dissociation;AC=MS:1000133	0.5 Da	0.5 Da	sds page	1	1	20160224_CLASP2_3042_HA_13.raw	ftp://ftp.pride.ebi.ac.uk/pride/data/archive/2017/06/PXD003674/20160224_CLASP2_3042_HA_13.raw	v1.1.0	NT=ms-proteomics;VV=v1.1.0	manual curation
20160224_CLASP2_HA_22	mus musculus	not available	not applicable	not available	22	20160224_CLASP2_HA_22	proteomic profiling by mass spectrometry	NT=Data-dependent acquisition;AC=PRIDE:0000627	NT=label free sample;AC=MS:1002038	NT=orbitrap elite;AC=MS:1001910	NT=Phospho;AC=UNIMOD:21;TA=S,T,Y;MT=Variable	NT=Oxidation;AC=UNIMOD:35;TA=M;MT=Variable	NT=Trypsin;AC=MS:1001251	NT=collision-induced dissociation;AC=MS:1000133	0.5 Da	0.5 Da	sds page	1	1	20160224_CLASP2_HA_22.raw	ftp://ftp.pride.ebi.ac.uk/pride/data/archive/2017/06/PXD003674/20160224_CLASP2_HA_22.raw	v1.1.0	NT=ms-proteomics;VV=v1.1.0	manual curation
20160429_3066_40	mus musculus	not available	not applicable	not available	40	20160429_3066_40	proteomic profiling by mass spectrometry	NT=Data-dependent acquisition;AC=PRIDE:0000627	NT=label free sample;AC=MS:1002038	NT=orbitrap elite;AC=MS:1001910	NT=Phospho;AC=UNIMOD:21;TA=S,T,Y;MT=Variable	NT=Oxidation;AC=UNIMOD:35;TA=M;MT=Variable	NT=Trypsin;AC=MS:1001251	NT=collision-induced dissociation;AC=MS:1000133	0.5 Da	0.5 Da	sds page	1	1	20160429_3066_40.raw	ftp://ftp.pride.ebi.ac.uk/pride/data/archive/2017/06/PXD003674/20160429_3066_40.raw	v1.1.0	NT=ms-proteomics;VV=v1.1.0	manual curation
20160429_3066_34	mus musculus	not available	not applicable	not available	34	20160429_3066_34	proteomic profiling by mass spectrometry	NT=Data-dependent acquisition;AC=PRIDE:0000627	NT=label free sample;AC=MS:1002038	NT=orbitrap elite;AC=MS:1001910	NT=Phospho;AC=UNIMOD:21;TA=S,T,Y;MT=Variable	NT=Oxidation;AC=UNIMOD:35;TA=M;MT=Variable	NT=Trypsin;AC=MS:1001251	NT=collision-induced dissociation;AC=MS:1000133	0.5 Da	0.5 Da	sds page	1	1	20160429_3066_34.raw	ftp://ftp.pride.ebi.ac.uk/pride/data/archive/2017/06/PXD003674/20160429_3066_34.raw	v1.1.0	NT=ms-proteomics;VV=v1.1.0	manual curation
20160106_CLASP2_HA_3022_27	mus musculus	not available	not applicable	not available	27	20160106_CLASP2_HA_3022_27	proteomic profiling by mass spectrometry	NT=Data-dependent acquisition;AC=PRIDE:0000627	NT=label free sample;AC=MS:1002038	NT=orbitrap elite;AC=MS:1001910	NT=Phospho;AC=UNIMOD:21;TA=S,T,Y;MT=Variable	NT=Oxidation;AC=UNIMOD:35;TA=M;MT=Variable	NT=Trypsin;AC=MS:1001251	NT=collision-induced dissociation;AC=MS:1000133	0.5 Da	0.5 Da	sds page	1	1	20160106_CLASP2_HA_3022_27.raw	ftp://ftp.pride.ebi.ac.uk/pride/data/archive/2017/06/PXD003674/20160106_CLASP2_HA_3022_27.raw	v1.1.0	NT=ms-proteomics;VV=v1.1.0	manual curation
20160927_3106_15	mus musculus	not available	not applicable	not available	15	20160927_3106_15	proteomic profiling by mass spectrometry	NT=Data-dependent acquisition;AC=PRIDE:0000627	NT=label free sample;AC=MS:1002038	NT=orbitrap elite;AC=MS:1001910	NT=Phospho;AC=UNIMOD:21;TA=S,T,Y;MT=Variable	NT=Oxidation;AC=UNIMOD:35;TA=M;MT=Variable	NT=Trypsin;AC=MS:1001251	NT=collision-induced dissociation;AC=MS:1000133	0.5 Da	0.5 Da	sds page	1	1	20160927_3106_15.raw	ftp://ftp.pride.ebi.ac.uk/pride/data/archive/2017/06/PXD003674/20160927_3106_15.raw	v1.1.0	NT=ms-proteomics;VV=v1.1.0	manual curation
20160224_CLASP2_3042_HA_14	mus musculus	not available	not applicable	not available	14	20160224_CLASP2_3042_HA_14	proteomic profiling by mass spectrometry	NT=Data-dependent acquisition;AC=PRIDE:0000627	NT=label free sample;AC=MS:1002038	NT=orbitrap elite;AC=MS:1001910	NT=Phospho;AC=UNIMOD:21;TA=S,T,Y;MT=Variable	NT=Oxidation;AC=UNIMOD:35;TA=M;MT=Variable	NT=Trypsin;AC=MS:1001251	NT=collision-induced dissociation;AC=MS:1000133	0.5 Da	0.5 Da	sds page	1	1	20160224_CLASP2_3042_HA_14.raw	ftp://ftp.pride.ebi.ac.uk/pride/data/archive/2017/06/PXD003674/20160224_CLASP2_3042_HA_14.raw	v1.1.0	NT=ms-proteomics;VV=v1.1.0	manual curation
20160502_3071_14	mus musculus	not available	not applicable	not available	14	20160502_3071_14	proteomic profiling by mass spectrometry	NT=Data-dependent acquisition;AC=PRIDE:0000627	NT=label free sample;AC=MS:1002038	NT=orbitrap elite;AC=MS:1001910	NT=Phospho;AC=UNIMOD:21;TA=S,T,Y;MT=Variable	NT=Oxidation;AC=UNIMOD:35;TA=M;MT=Variable	NT=Trypsin;AC=MS:1001251	NT=collision-induced dissociation;AC=MS:1000133	0.5 Da	0.5 Da	sds page	1	1	20160502_3071_14.raw	ftp://ftp.pride.ebi.ac.uk/pride/data/archive/2017/06/PXD003674/20160502_3071_14.raw	v1.1.0	NT=ms-proteomics;VV=v1.1.0	manual curation
20150511_CLASP2_1076_88	mus musculus	not available	not applicable	not available	88	20150511_CLASP2_1076_88	proteomic profiling by mass spectrometry	NT=Data-dependent acquisition;AC=PRIDE:0000627	NT=label free sample;AC=MS:1002038	NT=orbitrap elite;AC=MS:1001910	NT=Phospho;AC=UNIMOD:21;TA=S,T,Y;MT=Variable	NT=Oxidation;AC=UNIMOD:35;TA=M;MT=Variable	NT=Trypsin;AC=MS:1001251	NT=collision-induced dissociation;AC=MS:1000133	0.5 Da	0.5 Da	sds page	1	1	20150511_CLASP2_1076_88.raw	ftp://ftp.pride.ebi.ac.uk/pride/data/archive/2017/06/PXD003674/20150511_CLASP2_1076_88.raw	v1.1.0	NT=ms-proteomics;VV=v1.1.0	manual curation
20160401_3055_20	mus musculus	not available	not applicable	not available	20	20160401_3055_20	proteomic profiling by mass spectrometry	NT=Data-dependent acquisition;AC=PRIDE:0000627	NT=label free sample;AC=MS:1002038	NT=orbitrap elite;AC=MS:1001910	NT=Phospho;AC=UNIMOD:21;TA=S,T,Y;MT=Variable	NT=Oxidation;AC=UNIMOD:35;TA=M;MT=Variable	NT=Trypsin;AC=MS:1001251	NT=collision-induced dissociation;AC=MS:1000133	0.5 Da	0.5 Da	sds page	1	1	20160401_3055_20.raw	ftp://ftp.pride.ebi.ac.uk/pride/data/archive/2017/06/PXD003674/20160401_3055_20.raw	v1.1.0	NT=ms-proteomics;VV=v1.1.0	manual curation
20160502_3071_19	mus musculus	not available	not applicable	not available	19	20160502_3071_19	proteomic profiling by mass spectrometry	NT=Data-dependent acquisition;AC=PRIDE:0000627	NT=label free sample;AC=MS:1002038	NT=orbitrap elite;AC=MS:1001910	NT=Phospho;AC=UNIMOD:21;TA=S,T,Y;MT=Variable	NT=Oxidation;AC=UNIMOD:35;TA=M;MT=Variable	NT=Trypsin;AC=MS:1001251	NT=collision-induced dissociation;AC=MS:1000133	0.5 Da	0.5 Da	sds page	1	1	20160502_3071_19.raw	ftp://ftp.pride.ebi.ac.uk/pride/data/archive/2017/06/PXD003674/20160502_3071_19.raw	v1.1.0	NT=ms-proteomics;VV=v1.1.0	manual curation
20160318_3053_CLASP2_ABT263_2	mus musculus	not available	not applicable	not available	2	20160318_3053_CLASP2_ABT263_2	proteomic profiling by mass spectrometry	NT=Data-dependent acquisition;AC=PRIDE:0000627	NT=label free sample;AC=MS:1002038	NT=orbitrap elite;AC=MS:1001910	NT=Phospho;AC=UNIMOD:21;TA=S,T,Y;MT=Variable	NT=Oxidation;AC=UNIMOD:35;TA=M;MT=Variable	NT=Trypsin;AC=MS:1001251	NT=collision-induced dissociation;AC=MS:1000133	0.5 Da	0.5 Da	sds page	1	1	20160318_3053_CLASP2_ABT263_2.raw	ftp://ftp.pride.ebi.ac.uk/pride/data/archive/2017/06/PXD003674/20160318_3053_CLASP2_ABT263_2.raw	v1.1.0	NT=ms-proteomics;VV=v1.1.0	manual curation
20150506_44	mus musculus	not available	not applicable	not available	44	20150506_44	proteomic profiling by mass spectrometry	NT=Data-dependent acquisition;AC=PRIDE:0000627	NT=label free sample;AC=MS:1002038	NT=orbitrap elite;AC=MS:1001910	NT=Phospho;AC=UNIMOD:21;TA=S,T,Y;MT=Variable	NT=Oxidation;AC=UNIMOD:35;TA=M;MT=Variable	NT=Trypsin;AC=MS:1001251	NT=collision-induced dissociation;AC=MS:1000133	0.5 Da	0.5 Da	sds page	1	1	20150506_44.raw	ftp://ftp.pride.ebi.ac.uk/pride/data/archive/2017/06/PXD003674/20150506_44.raw	v1.1.0	NT=ms-proteomics;VV=v1.1.0	manual curation
20160429_3071_4	mus musculus	not available	not applicable	not available	4	20160429_3071_4	proteomic profiling by mass spectrometry	NT=Data-dependent acquisition;AC=PRIDE:0000627	NT=label free sample;AC=MS:1002038	NT=orbitrap elite;AC=MS:1001910	NT=Phospho;AC=UNIMOD:21;TA=S,T,Y;MT=Variable	NT=Oxidation;AC=UNIMOD:35;TA=M;MT=Variable	NT=Trypsin;AC=MS:1001251	NT=collision-induced dissociation;AC=MS:1000133	0.5 Da	0.5 Da	sds page	1	1	20160429_3071_4.raw	ftp://ftp.pride.ebi.ac.uk/pride/data/archive/2017/06/PXD003674/20160429_3071_4.raw	v1.1.0	NT=ms-proteomics;VV=v1.1.0	manual curation
20160401_3055_21	mus musculus	not available	not applicable	not available	21	20160401_3055_21	proteomic profiling by mass spectrometry	NT=Data-dependent acquisition;AC=PRIDE:0000627	NT=label free sample;AC=MS:1002038	NT=orbitrap elite;AC=MS:1001910	NT=Phospho;AC=UNIMOD:21;TA=S,T,Y;MT=Variable	NT=Oxidation;AC=UNIMOD:35;TA=M;MT=Variable	NT=Trypsin;AC=MS:1001251	NT=collision-induced dissociation;AC=MS:1000133	0.5 Da	0.5 Da	sds page	1	1	20160401_3055_21.raw	ftp://ftp.pride.ebi.ac.uk/pride/data/archive/2017/06/PXD003674/20160401_3055_21.raw	v1.1.0	NT=ms-proteomics;VV=v1.1.0	manual curation
20160309_3049_20	mus musculus	not available	not applicable	not available	20	20160309_3049_20	proteomic profiling by mass spectrometry	NT=Data-dependent acquisition;AC=PRIDE:0000627	NT=label free sample;AC=MS:1002038	NT=orbitrap elite;AC=MS:1001910	NT=Phospho;AC=UNIMOD:21;TA=S,T,Y;MT=Variable	NT=Oxidation;AC=UNIMOD:35;TA=M;MT=Variable	NT=Trypsin;AC=MS:1001251	NT=collision-induced dissociation;AC=MS:1000133	0.5 Da	0.5 Da	sds page	1	1	20160309_3049_20.raw	ftp://ftp.pride.ebi.ac.uk/pride/data/archive/2017/06/PXD003674/20160309_3049_20.raw	v1.1.0	NT=ms-proteomics;VV=v1.1.0	manual curation
20160524_1222_21	mus musculus	not available	not applicable	not available	21	20160524_1222_21	proteomic profiling by mass spectrometry	NT=Data-dependent acquisition;AC=PRIDE:0000627	NT=label free sample;AC=MS:1002038	NT=orbitrap elite;AC=MS:1001910	NT=Phospho;AC=UNIMOD:21;TA=S,T,Y;MT=Variable	NT=Oxidation;AC=UNIMOD:35;TA=M;MT=Variable	NT=Trypsin;AC=MS:1001251	NT=collision-induced dissociation;AC=MS:1000133	0.5 Da	0.5 Da	sds page	1	1	20160524_1222_21.raw	ftp://ftp.pride.ebi.ac.uk/pride/data/archive/2017/06/PXD003674/20160524_1222_21.raw	v1.1.0	NT=ms-proteomics;VV=v1.1.0	manual curation
20160928_3106_5	mus musculus	not available	not applicable	not available	5	20160928_3106_5	proteomic profiling by mass spectrometry	NT=Data-dependent acquisition;AC=PRIDE:0000627	NT=label free sample;AC=MS:1002038	NT=orbitrap elite;AC=MS:1001910	NT=Phospho;AC=UNIMOD:21;TA=S,T,Y;MT=Variable	NT=Oxidation;AC=UNIMOD:35;TA=M;MT=Variable	NT=Trypsin;AC=MS:1001251	NT=collision-induced dissociation;AC=MS:1000133	0.5 Da	0.5 Da	sds page	1	1	20160928_3106_5.raw	ftp://ftp.pride.ebi.ac.uk/pride/data/archive/2017/06/PXD003674/20160928_3106_5.raw	v1.1.0	NT=ms-proteomics;VV=v1.1.0	manual curation
20160416_3065_AGAP3_SOGA1_8	mus musculus	not available	not applicable	not available	8	20160416_3065_AGAP3_SOGA1_8	proteomic profiling by mass spectrometry	NT=Data-dependent acquisition;AC=PRIDE:0000627	NT=label free sample;AC=MS:1002038	NT=orbitrap elite;AC=MS:1001910	NT=Phospho;AC=UNIMOD:21;TA=S,T,Y;MT=Variable	NT=Oxidation;AC=UNIMOD:35;TA=M;MT=Variable	NT=Trypsin;AC=MS:1001251	NT=collision-induced dissociation;AC=MS:1000133	0.5 Da	0.5 Da	sds page	1	1	20160416_3065_AGAP3_SOGA1_8.raw	ftp://ftp.pride.ebi.ac.uk/pride/data/archive/2017/06/PXD003674/20160416_3065_AGAP3_SOGA1_8.raw	v1.1.0	NT=ms-proteomics;VV=v1.1.0	manual curation
20150508_CLASP2_1076_31	mus musculus	not available	not applicable	not available	31	20150508_CLASP2_1076_31	proteomic profiling by mass spectrometry	NT=Data-dependent acquisition;AC=PRIDE:0000627	NT=label free sample;AC=MS:1002038	NT=orbitrap elite;AC=MS:1001910	NT=Phospho;AC=UNIMOD:21;TA=S,T,Y;MT=Variable	NT=Oxidation;AC=UNIMOD:35;TA=M;MT=Variable	NT=Trypsin;AC=MS:1001251	NT=collision-induced dissociation;AC=MS:1000133	0.5 Da	0.5 Da	sds page	1	1	20150508_CLASP2_1076_31.raw	ftp://ftp.pride.ebi.ac.uk/pride/data/archive/2017/06/PXD003674/20150508_CLASP2_1076_31.raw	v1.1.0	NT=ms-proteomics;VV=v1.1.0	manual curation
20160928_3106_3	mus musculus	not available	not applicable	not available	3	20160928_3106_3	proteomic profiling by mass spectrometry	NT=Data-dependent acquisition;AC=PRIDE:0000627	NT=label free sample;AC=MS:1002038	NT=orbitrap elite;AC=MS:1001910	NT=Phospho;AC=UNIMOD:21;TA=S,T,Y;MT=Variable	NT=Oxidation;AC=UNIMOD:35;TA=M;MT=Variable	NT=Trypsin;AC=MS:1001251	NT=collision-induced dissociation;AC=MS:1000133	0.5 Da	0.5 Da	sds page	1	1	20160928_3106_3.raw	ftp://ftp.pride.ebi.ac.uk/pride/data/archive/2017/06/PXD003674/20160928_3106_3.raw	v1.1.0	NT=ms-proteomics;VV=v1.1.0	manual curation
20150506_57	mus musculus	not available	not applicable	not available	57	20150506_57	proteomic profiling by mass spectrometry	NT=Data-dependent acquisition;AC=PRIDE:0000627	NT=label free sample;AC=MS:1002038	NT=orbitrap elite;AC=MS:1001910	NT=Phospho;AC=UNIMOD:21;TA=S,T,Y;MT=Variable	NT=Oxidation;AC=UNIMOD:35;TA=M;MT=Variable	NT=Trypsin;AC=MS:1001251	NT=collision-induced dissociation;AC=MS:1000133	0.5 Da	0.5 Da	sds page	1	1	20150506_57.raw	ftp://ftp.pride.ebi.ac.uk/pride/data/archive/2017/06/PXD003674/20150506_57.raw	v1.1.0	NT=ms-proteomics;VV=v1.1.0	manual curation
20160425_3066_5	mus musculus	not available	not applicable	not available	5	20160425_3066_5	proteomic profiling by mass spectrometry	NT=Data-dependent acquisition;AC=PRIDE:0000627	NT=label free sample;AC=MS:1002038	NT=orbitrap elite;AC=MS:1001910	NT=Phospho;AC=UNIMOD:21;TA=S,T,Y;MT=Variable	NT=Oxidation;AC=UNIMOD:35;TA=M;MT=Variable	NT=Trypsin;AC=MS:1001251	NT=collision-induced dissociation;AC=MS:1000133	0.5 Da	0.5 Da	sds page	1	1	20160425_3066_5.raw	ftp://ftp.pride.ebi.ac.uk/pride/data/archive/2017/06/PXD003674/20160425_3066_5.raw	v1.1.0	NT=ms-proteomics;VV=v1.1.0	manual curation
20160401_3055_9	mus musculus	not available	not applicable	not available	9	20160401_3055_9	proteomic profiling by mass spectrometry	NT=Data-dependent acquisition;AC=PRIDE:0000627	NT=label free sample;AC=MS:1002038	NT=orbitrap elite;AC=MS:1001910	NT=Phospho;AC=UNIMOD:21;TA=S,T,Y;MT=Variable	NT=Oxidation;AC=UNIMOD:35;TA=M;MT=Variable	NT=Trypsin;AC=MS:1001251	NT=collision-induced dissociation;AC=MS:1000133	0.5 Da	0.5 Da	sds page	1	1	20160401_3055_9.raw	ftp://ftp.pride.ebi.ac.uk/pride/data/archive/2017/06/PXD003674/20160401_3055_9.raw	v1.1.0	NT=ms-proteomics;VV=v1.1.0	manual curation
20160106_CLASP2_HA_3022_14	mus musculus	not available	not applicable	not available	14	20160106_CLASP2_HA_3022_14	proteomic profiling by mass spectrometry	NT=Data-dependent acquisition;AC=PRIDE:0000627	NT=label free sample;AC=MS:1002038	NT=orbitrap elite;AC=MS:1001910	NT=Phospho;AC=UNIMOD:21;TA=S,T,Y;MT=Variable	NT=Oxidation;AC=UNIMOD:35;TA=M;MT=Variable	NT=Trypsin;AC=MS:1001251	NT=collision-induced dissociation;AC=MS:1000133	0.5 Da	0.5 Da	sds page	1	1	20160106_CLASP2_HA_3022_14.raw	ftp://ftp.pride.ebi.ac.uk/pride/data/archive/2017/06/PXD003674/20160106_CLASP2_HA_3022_14.raw	v1.1.0	NT=ms-proteomics;VV=v1.1.0	manual curation
20160429_3071_7	mus musculus	not available	not applicable	not available	7	20160429_3071_7	proteomic profiling by mass spectrometry	NT=Data-dependent acquisition;AC=PRIDE:0000627	NT=label free sample;AC=MS:1002038	NT=orbitrap elite;AC=MS:1001910	NT=Phospho;AC=UNIMOD:21;TA=S,T,Y;MT=Variable	NT=Oxidation;AC=UNIMOD:35;TA=M;MT=Variable	NT=Trypsin;AC=MS:1001251	NT=collision-induced dissociation;AC=MS:1000133	0.5 Da	0.5 Da	sds page	1	1	20160429_3071_7.raw	ftp://ftp.pride.ebi.ac.uk/pride/data/archive/2017/06/PXD003674/20160429_3071_7.raw	v1.1.0	NT=ms-proteomics;VV=v1.1.0	manual curation
20160519_3074_11	mus musculus	not available	not applicable	not available	11	20160519_3074_11	proteomic profiling by mass spectrometry	NT=Data-dependent acquisition;AC=PRIDE:0000627	NT=label free sample;AC=MS:1002038	NT=orbitrap elite;AC=MS:1001910	NT=Phospho;AC=UNIMOD:21;TA=S,T,Y;MT=Variable	NT=Oxidation;AC=UNIMOD:35;TA=M;MT=Variable	NT=Trypsin;AC=MS:1001251	NT=collision-induced dissociation;AC=MS:1000133	0.5 Da	0.5 Da	sds page	1	1	20160519_3074_11.raw	ftp://ftp.pride.ebi.ac.uk/pride/data/archive/2017/06/PXD003674/20160519_3074_11.raw	v1.1.0	NT=ms-proteomics;VV=v1.1.0	manual curation
20160525_1222_25	mus musculus	not available	not applicable	not available	25	20160525_1222_25	proteomic profiling by mass spectrometry	NT=Data-dependent acquisition;AC=PRIDE:0000627	NT=label free sample;AC=MS:1002038	NT=orbitrap elite;AC=MS:1001910	NT=Phospho;AC=UNIMOD:21;TA=S,T,Y;MT=Variable	NT=Oxidation;AC=UNIMOD:35;TA=M;MT=Variable	NT=Trypsin;AC=MS:1001251	NT=collision-induced dissociation;AC=MS:1000133	0.5 Da	0.5 Da	sds page	1	1	20160525_1222_25.raw	ftp://ftp.pride.ebi.ac.uk/pride/data/archive/2017/06/PXD003674/20160525_1222_25.raw	v1.1.0	NT=ms-proteomics;VV=v1.1.0	manual curation
20160318_3053_CLASP2_ABT263_10	mus musculus	not available	not applicable	not available	10	20160318_3053_CLASP2_ABT263_10	proteomic profiling by mass spectrometry	NT=Data-dependent acquisition;AC=PRIDE:0000627	NT=label free sample;AC=MS:1002038	NT=orbitrap elite;AC=MS:1001910	NT=Phospho;AC=UNIMOD:21;TA=S,T,Y;MT=Variable	NT=Oxidation;AC=UNIMOD:35;TA=M;MT=Variable	NT=Trypsin;AC=MS:1001251	NT=collision-induced dissociation;AC=MS:1000133	0.5 Da	0.5 Da	sds page	1	1	20160318_3053_CLASP2_ABT263_10.raw	ftp://ftp.pride.ebi.ac.uk/pride/data/archive/2017/06/PXD003674/20160318_3053_CLASP2_ABT263_10.raw	v1.1.0	NT=ms-proteomics;VV=v1.1.0	manual curation
20161007_3017_12	mus musculus	not available	not applicable	not available	12	20161007_3017_12	proteomic profiling by mass spectrometry	NT=Data-dependent acquisition;AC=PRIDE:0000627	NT=label free sample;AC=MS:1002038	NT=orbitrap elite;AC=MS:1001910	NT=Phospho;AC=UNIMOD:21;TA=S,T,Y;MT=Variable	NT=Oxidation;AC=UNIMOD:35;TA=M;MT=Variable	NT=Trypsin;AC=MS:1001251	NT=collision-induced dissociation;AC=MS:1000133	0.5 Da	0.5 Da	sds page	1	1	20161007_3017_12.raw	ftp://ftp.pride.ebi.ac.uk/pride/data/archive/2017/06/PXD003674/20161007_3017_12.raw	v1.1.0	NT=ms-proteomics;VV=v1.1.0	manual curation
20160930_3106_10	mus musculus	not available	not applicable	not available	10	20160930_3106_10	proteomic profiling by mass spectrometry	NT=Data-dependent acquisition;AC=PRIDE:0000627	NT=label free sample;AC=MS:1002038	NT=orbitrap elite;AC=MS:1001910	NT=Phospho;AC=UNIMOD:21;TA=S,T,Y;MT=Variable	NT=Oxidation;AC=UNIMOD:35;TA=M;MT=Variable	NT=Trypsin;AC=MS:1001251	NT=collision-induced dissociation;AC=MS:1000133	0.5 Da	0.5 Da	sds page	1	1	20160930_3106_10.raw	ftp://ftp.pride.ebi.ac.uk/pride/data/archive/2017/06/PXD003674/20160930_3106_10.raw	v1.1.0	NT=ms-proteomics;VV=v1.1.0	manual curation
20160528_Sample10	mus musculus	not available	not applicable	not available	1	20160528_Sample10	proteomic profiling by mass spectrometry	NT=Data-dependent acquisition;AC=PRIDE:0000627	NT=label free sample;AC=MS:1002038	NT=orbitrap elite;AC=MS:1001910	NT=Phospho;AC=UNIMOD:21;TA=S,T,Y;MT=Variable	NT=Oxidation;AC=UNIMOD:35;TA=M;MT=Variable	NT=Trypsin;AC=MS:1001251	NT=collision-induced dissociation;AC=MS:1000133	0.5 Da	0.5 Da	sds page	1	1	20160528_Sample10.raw	ftp://ftp.pride.ebi.ac.uk/pride/data/archive/2017/06/PXD003674/20160528_Sample10.raw	v1.1.0	NT=ms-proteomics;VV=v1.1.0	manual curation
20160519_3074_14	mus musculus	not available	not applicable	not available	14	20160519_3074_14	proteomic profiling by mass spectrometry	NT=Data-dependent acquisition;AC=PRIDE:0000627	NT=label free sample;AC=MS:1002038	NT=orbitrap elite;AC=MS:1001910	NT=Phospho;AC=UNIMOD:21;TA=S,T,Y;MT=Variable	NT=Oxidation;AC=UNIMOD:35;TA=M;MT=Variable	NT=Trypsin;AC=MS:1001251	NT=collision-induced dissociation;AC=MS:1000133	0.5 Da	0.5 Da	sds page	1	1	20160519_3074_14.raw	ftp://ftp.pride.ebi.ac.uk/pride/data/archive/2017/06/PXD003674/20160519_3074_14.raw	v1.1.0	NT=ms-proteomics;VV=v1.1.0	manual curation
20150511_CLASP2_1076_46	mus musculus	not available	not applicable	not available	46	20150511_CLASP2_1076_46	proteomic profiling by mass spectrometry	NT=Data-dependent acquisition;AC=PRIDE:0000627	NT=label free sample;AC=MS:1002038	NT=orbitrap elite;AC=MS:1001910	NT=Phospho;AC=UNIMOD:21;TA=S,T,Y;MT=Variable	NT=Oxidation;AC=UNIMOD:35;TA=M;MT=Variable	NT=Trypsin;AC=MS:1001251	NT=collision-induced dissociation;AC=MS:1000133	0.5 Da	0.5 Da	sds page	1	1	20150511_CLASP2_1076_46.raw	ftp://ftp.pride.ebi.ac.uk/pride/data/archive/2017/06/PXD003674/20150511_CLASP2_1076_46.raw	v1.1.0	NT=ms-proteomics;VV=v1.1.0	manual curation
20161007_3017_19	mus musculus	not available	not applicable	not available	19	20161007_3017_19	proteomic profiling by mass spectrometry	NT=Data-dependent acquisition;AC=PRIDE:0000627	NT=label free sample;AC=MS:1002038	NT=orbitrap elite;AC=MS:1001910	NT=Phospho;AC=UNIMOD:21;TA=S,T,Y;MT=Variable	NT=Oxidation;AC=UNIMOD:35;TA=M;MT=Variable	NT=Trypsin;AC=MS:1001251	NT=collision-induced dissociation;AC=MS:1000133	0.5 Da	0.5 Da	sds page	1	1	20161007_3017_19.raw	ftp://ftp.pride.ebi.ac.uk/pride/data/archive/2017/06/PXD003674/20161007_3017_19.raw	v1.1.0	NT=ms-proteomics;VV=v1.1.0	manual curation
20160603_3077_4	mus musculus	not available	not applicable	not available	4	20160603_3077_4	proteomic profiling by mass spectrometry	NT=Data-dependent acquisition;AC=PRIDE:0000627	NT=label free sample;AC=MS:1002038	NT=orbitrap elite;AC=MS:1001910	NT=Phospho;AC=UNIMOD:21;TA=S,T,Y;MT=Variable	NT=Oxidation;AC=UNIMOD:35;TA=M;MT=Variable	NT=Trypsin;AC=MS:1001251	NT=collision-induced dissociation;AC=MS:1000133	0.5 Da	0.5 Da	sds page	1	1	20160603_3077_4.raw	ftp://ftp.pride.ebi.ac.uk/pride/data/archive/2017/06/PXD003674/20160603_3077_4.raw	v1.1.0	NT=ms-proteomics;VV=v1.1.0	manual curation
20150410_12	mus musculus	not available	not applicable	not available	12	20150410_12	proteomic profiling by mass spectrometry	NT=Data-dependent acquisition;AC=PRIDE:0000627	NT=label free sample;AC=MS:1002038	NT=orbitrap elite;AC=MS:1001910	NT=Phospho;AC=UNIMOD:21;TA=S,T,Y;MT=Variable	NT=Oxidation;AC=UNIMOD:35;TA=M;MT=Variable	NT=Trypsin;AC=MS:1001251	NT=collision-induced dissociation;AC=MS:1000133	0.5 Da	0.5 Da	sds page	1	1	20150410_12.raw	ftp://ftp.pride.ebi.ac.uk/pride/data/archive/2017/06/PXD003674/20150410_12.raw	v1.1.0	NT=ms-proteomics;VV=v1.1.0	manual curation
20150410_20	mus musculus	not available	not applicable	not available	20	20150410_20	proteomic profiling by mass spectrometry	NT=Data-dependent acquisition;AC=PRIDE:0000627	NT=label free sample;AC=MS:1002038	NT=orbitrap elite;AC=MS:1001910	NT=Phospho;AC=UNIMOD:21;TA=S,T,Y;MT=Variable	NT=Oxidation;AC=UNIMOD:35;TA=M;MT=Variable	NT=Trypsin;AC=MS:1001251	NT=collision-induced dissociation;AC=MS:1000133	0.5 Da	0.5 Da	sds page	1	1	20150410_20.raw	ftp://ftp.pride.ebi.ac.uk/pride/data/archive/2017/06/PXD003674/20150410_20.raw	v1.1.0	NT=ms-proteomics;VV=v1.1.0	manual curation
20160530_3076_15	mus musculus	not available	not applicable	not available	15	20160530_3076_15	proteomic profiling by mass spectrometry	NT=Data-dependent acquisition;AC=PRIDE:0000627	NT=label free sample;AC=MS:1002038	NT=orbitrap elite;AC=MS:1001910	NT=Phospho;AC=UNIMOD:21;TA=S,T,Y;MT=Variable	NT=Oxidation;AC=UNIMOD:35;TA=M;MT=Variable	NT=Trypsin;AC=MS:1001251	NT=collision-induced dissociation;AC=MS:1000133	0.5 Da	0.5 Da	sds page	1	1	20160530_3076_15.raw	ftp://ftp.pride.ebi.ac.uk/pride/data/archive/2017/06/PXD003674/20160530_3076_15.raw	v1.1.0	NT=ms-proteomics;VV=v1.1.0	manual curation
20160928_3106_2	mus musculus	not available	not applicable	not available	2	20160928_3106_2	proteomic profiling by mass spectrometry	NT=Data-dependent acquisition;AC=PRIDE:0000627	NT=label free sample;AC=MS:1002038	NT=orbitrap elite;AC=MS:1001910	NT=Phospho;AC=UNIMOD:21;TA=S,T,Y;MT=Variable	NT=Oxidation;AC=UNIMOD:35;TA=M;MT=Variable	NT=Trypsin;AC=MS:1001251	NT=collision-induced dissociation;AC=MS:1000133	0.5 Da	0.5 Da	sds page	1	1	20160928_3106_2.raw	ftp://ftp.pride.ebi.ac.uk/pride/data/archive/2017/06/PXD003674/20160928_3106_2.raw	v1.1.0	NT=ms-proteomics;VV=v1.1.0	manual curation
20160603_3077_13	mus musculus	not available	not applicable	not available	13	20160603_3077_13	proteomic profiling by mass spectrometry	NT=Data-dependent acquisition;AC=PRIDE:0000627	NT=label free sample;AC=MS:1002038	NT=orbitrap elite;AC=MS:1001910	NT=Phospho;AC=UNIMOD:21;TA=S,T,Y;MT=Variable	NT=Oxidation;AC=UNIMOD:35;TA=M;MT=Variable	NT=Trypsin;AC=MS:1001251	NT=collision-induced dissociation;AC=MS:1000133	0.5 Da	0.5 Da	sds page	1	1	20160603_3077_13.raw	ftp://ftp.pride.ebi.ac.uk/pride/data/archive/2017/06/PXD003674/20160603_3077_13.raw	v1.1.0	NT=ms-proteomics;VV=v1.1.0	manual curation
20160520_3074_16	mus musculus	not available	not applicable	not available	16	20160520_3074_16	proteomic profiling by mass spectrometry	NT=Data-dependent acquisition;AC=PRIDE:0000627	NT=label free sample;AC=MS:1002038	NT=orbitrap elite;AC=MS:1001910	NT=Phospho;AC=UNIMOD:21;TA=S,T,Y;MT=Variable	NT=Oxidation;AC=UNIMOD:35;TA=M;MT=Variable	NT=Trypsin;AC=MS:1001251	NT=collision-induced dissociation;AC=MS:1000133	0.5 Da	0.5 Da	sds page	1	1	20160520_3074_16.raw	ftp://ftp.pride.ebi.ac.uk/pride/data/archive/2017/06/PXD003674/20160520_3074_16.raw	v1.1.0	NT=ms-proteomics;VV=v1.1.0	manual curation
20160401_3055_6	mus musculus	not available	not applicable	not available	6	20160401_3055_6	proteomic profiling by mass spectrometry	NT=Data-dependent acquisition;AC=PRIDE:0000627	NT=label free sample;AC=MS:1002038	NT=orbitrap elite;AC=MS:1001910	NT=Phospho;AC=UNIMOD:21;TA=S,T,Y;MT=Variable	NT=Oxidation;AC=UNIMOD:35;TA=M;MT=Variable	NT=Trypsin;AC=MS:1001251	NT=collision-induced dissociation;AC=MS:1000133	0.5 Da	0.5 Da	sds page	1	1	20160401_3055_6.raw	ftp://ftp.pride.ebi.ac.uk/pride/data/archive/2017/06/PXD003674/20160401_3055_6.raw	v1.1.0	NT=ms-proteomics;VV=v1.1.0	manual curation
20160930_3106_14	mus musculus	not available	not applicable	not available	14	20160930_3106_14	proteomic profiling by mass spectrometry	NT=Data-dependent acquisition;AC=PRIDE:0000627	NT=label free sample;AC=MS:1002038	NT=orbitrap elite;AC=MS:1001910	NT=Phospho;AC=UNIMOD:21;TA=S,T,Y;MT=Variable	NT=Oxidation;AC=UNIMOD:35;TA=M;MT=Variable	NT=Trypsin;AC=MS:1001251	NT=collision-induced dissociation;AC=MS:1000133	0.5 Da	0.5 Da	sds page	1	1	20160930_3106_14.raw	ftp://ftp.pride.ebi.ac.uk/pride/data/archive/2017/06/PXD003674/20160930_3106_14.raw	v1.1.0	NT=ms-proteomics;VV=v1.1.0	manual curation
20160317_3053_CLASP2_ABT263_27	mus musculus	not available	not applicable	not available	27	20160317_3053_CLASP2_ABT263_27	proteomic profiling by mass spectrometry	NT=Data-dependent acquisition;AC=PRIDE:0000627	NT=label free sample;AC=MS:1002038	NT=orbitrap elite;AC=MS:1001910	NT=Phospho;AC=UNIMOD:21;TA=S,T,Y;MT=Variable	NT=Oxidation;AC=UNIMOD:35;TA=M;MT=Variable	NT=Trypsin;AC=MS:1001251	NT=collision-induced dissociation;AC=MS:1000133	0.5 Da	0.5 Da	sds page	1	1	20160317_3053_CLASP2_ABT263_27.raw	ftp://ftp.pride.ebi.ac.uk/pride/data/archive/2017/06/PXD003674/20160317_3053_CLASP2_ABT263_27.raw	v1.1.0	NT=ms-proteomics;VV=v1.1.0	manual curation
20160416_3065_AGAP3_SOGA1_7	mus musculus	not available	not applicable	not available	7	20160416_3065_AGAP3_SOGA1_7	proteomic profiling by mass spectrometry	NT=Data-dependent acquisition;AC=PRIDE:0000627	NT=label free sample;AC=MS:1002038	NT=orbitrap elite;AC=MS:1001910	NT=Phospho;AC=UNIMOD:21;TA=S,T,Y;MT=Variable	NT=Oxidation;AC=UNIMOD:35;TA=M;MT=Variable	NT=Trypsin;AC=MS:1001251	NT=collision-induced dissociation;AC=MS:1000133	0.5 Da	0.5 Da	sds page	1	1	20160416_3065_AGAP3_SOGA1_7.raw	ftp://ftp.pride.ebi.ac.uk/pride/data/archive/2017/06/PXD003674/20160416_3065_AGAP3_SOGA1_7.raw	v1.1.0	NT=ms-proteomics;VV=v1.1.0	manual curation
20160603_3077_20	mus musculus	not available	not applicable	not available	20	20160603_3077_20	proteomic profiling by mass spectrometry	NT=Data-dependent acquisition;AC=PRIDE:0000627	NT=label free sample;AC=MS:1002038	NT=orbitrap elite;AC=MS:1001910	NT=Phospho;AC=UNIMOD:21;TA=S,T,Y;MT=Variable	NT=Oxidation;AC=UNIMOD:35;TA=M;MT=Variable	NT=Trypsin;AC=MS:1001251	NT=collision-induced dissociation;AC=MS:1000133	0.5 Da	0.5 Da	sds page	1	1	20160603_3077_20.raw	ftp://ftp.pride.ebi.ac.uk/pride/data/archive/2017/06/PXD003674/20160603_3077_20.raw	v1.1.0	NT=ms-proteomics;VV=v1.1.0	manual curation
20150508_CLASP2_1076_66	mus musculus	not available	not applicable	not available	66	20150508_CLASP2_1076_66	proteomic profiling by mass spectrometry	NT=Data-dependent acquisition;AC=PRIDE:0000627	NT=label free sample;AC=MS:1002038	NT=orbitrap elite;AC=MS:1001910	NT=Phospho;AC=UNIMOD:21;TA=S,T,Y;MT=Variable	NT=Oxidation;AC=UNIMOD:35;TA=M;MT=Variable	NT=Trypsin;AC=MS:1001251	NT=collision-induced dissociation;AC=MS:1000133	0.5 Da	0.5 Da	sds page	1	1	20150508_CLASP2_1076_66.raw	ftp://ftp.pride.ebi.ac.uk/pride/data/archive/2017/06/PXD003674/20150508_CLASP2_1076_66.raw	v1.1.0	NT=ms-proteomics;VV=v1.1.0	manual curation
20160219_CLASP2_HA_3029_4	mus musculus	not available	not applicable	not available	4	20160219_CLASP2_HA_3029_4	proteomic profiling by mass spectrometry	NT=Data-dependent acquisition;AC=PRIDE:0000627	NT=label free sample;AC=MS:1002038	NT=orbitrap elite;AC=MS:1001910	NT=Phospho;AC=UNIMOD:21;TA=S,T,Y;MT=Variable	NT=Oxidation;AC=UNIMOD:35;TA=M;MT=Variable	NT=Trypsin;AC=MS:1001251	NT=collision-induced dissociation;AC=MS:1000133	0.5 Da	0.5 Da	sds page	1	1	20160219_CLASP2_HA_3029_4.raw	ftp://ftp.pride.ebi.ac.uk/pride/data/archive/2017/06/PXD003674/20160219_CLASP2_HA_3029_4.raw	v1.1.0	NT=ms-proteomics;VV=v1.1.0	manual curation
20160503_3071_23	mus musculus	not available	not applicable	not available	23	20160503_3071_23	proteomic profiling by mass spectrometry	NT=Data-dependent acquisition;AC=PRIDE:0000627	NT=label free sample;AC=MS:1002038	NT=orbitrap elite;AC=MS:1001910	NT=Phospho;AC=UNIMOD:21;TA=S,T,Y;MT=Variable	NT=Oxidation;AC=UNIMOD:35;TA=M;MT=Variable	NT=Trypsin;AC=MS:1001251	NT=collision-induced dissociation;AC=MS:1000133	0.5 Da	0.5 Da	sds page	1	1	20160503_3071_23.raw	ftp://ftp.pride.ebi.ac.uk/pride/data/archive/2017/06/PXD003674/20160503_3071_23.raw	v1.1.0	NT=ms-proteomics;VV=v1.1.0	manual curation
20150508_CLASP2_1076_38	mus musculus	not available	not applicable	not available	38	20150508_CLASP2_1076_38	proteomic profiling by mass spectrometry	NT=Data-dependent acquisition;AC=PRIDE:0000627	NT=label free sample;AC=MS:1002038	NT=orbitrap elite;AC=MS:1001910	NT=Phospho;AC=UNIMOD:21;TA=S,T,Y;MT=Variable	NT=Oxidation;AC=UNIMOD:35;TA=M;MT=Variable	NT=Trypsin;AC=MS:1001251	NT=collision-induced dissociation;AC=MS:1000133	0.5 Da	0.5 Da	sds page	1	1	20150508_CLASP2_1076_38.raw	ftp://ftp.pride.ebi.ac.uk/pride/data/archive/2017/06/PXD003674/20150508_CLASP2_1076_38.raw	v1.1.0	NT=ms-proteomics;VV=v1.1.0	manual curation
20160318_3053_CLASP2_ABT263_13	mus musculus	not available	not applicable	not available	13	20160318_3053_CLASP2_ABT263_13	proteomic profiling by mass spectrometry	NT=Data-dependent acquisition;AC=PRIDE:0000627	NT=label free sample;AC=MS:1002038	NT=orbitrap elite;AC=MS:1001910	NT=Phospho;AC=UNIMOD:21;TA=S,T,Y;MT=Variable	NT=Oxidation;AC=UNIMOD:35;TA=M;MT=Variable	NT=Trypsin;AC=MS:1001251	NT=collision-induced dissociation;AC=MS:1000133	0.5 Da	0.5 Da	sds page	1	1	20160318_3053_CLASP2_ABT263_13.raw	ftp://ftp.pride.ebi.ac.uk/pride/data/archive/2017/06/PXD003674/20160318_3053_CLASP2_ABT263_13.raw	v1.1.0	NT=ms-proteomics;VV=v1.1.0	manual curation
20160429_3066_42	mus musculus	not available	not applicable	not available	42	20160429_3066_42	proteomic profiling by mass spectrometry	NT=Data-dependent acquisition;AC=PRIDE:0000627	NT=label free sample;AC=MS:1002038	NT=orbitrap elite;AC=MS:1001910	NT=Phospho;AC=UNIMOD:21;TA=S,T,Y;MT=Variable	NT=Oxidation;AC=UNIMOD:35;TA=M;MT=Variable	NT=Trypsin;AC=MS:1001251	NT=collision-induced dissociation;AC=MS:1000133	0.5 Da	0.5 Da	sds page	1	1	20160429_3066_42.raw	ftp://ftp.pride.ebi.ac.uk/pride/data/archive/2017/06/PXD003674/20160429_3066_42.raw	v1.1.0	NT=ms-proteomics;VV=v1.1.0	manual curation
20161007_3017_6	mus musculus	not available	not applicable	not available	6	20161007_3017_6	proteomic profiling by mass spectrometry	NT=Data-dependent acquisition;AC=PRIDE:0000627	NT=label free sample;AC=MS:1002038	NT=orbitrap elite;AC=MS:1001910	NT=Phospho;AC=UNIMOD:21;TA=S,T,Y;MT=Variable	NT=Oxidation;AC=UNIMOD:35;TA=M;MT=Variable	NT=Trypsin;AC=MS:1001251	NT=collision-induced dissociation;AC=MS:1000133	0.5 Da	0.5 Da	sds page	1	1	20161007_3017_6.raw	ftp://ftp.pride.ebi.ac.uk/pride/data/archive/2017/06/PXD003674/20161007_3017_6.raw	v1.1.0	NT=ms-proteomics;VV=v1.1.0	manual curation
20150506_8	mus musculus	not available	not applicable	not available	8	20150506_8	proteomic profiling by mass spectrometry	NT=Data-dependent acquisition;AC=PRIDE:0000627	NT=label free sample;AC=MS:1002038	NT=orbitrap elite;AC=MS:1001910	NT=Phospho;AC=UNIMOD:21;TA=S,T,Y;MT=Variable	NT=Oxidation;AC=UNIMOD:35;TA=M;MT=Variable	NT=Trypsin;AC=MS:1001251	NT=collision-induced dissociation;AC=MS:1000133	0.5 Da	0.5 Da	sds page	1	1	20150506_8.raw	ftp://ftp.pride.ebi.ac.uk/pride/data/archive/2017/06/PXD003674/20150506_8.raw	v1.1.0	NT=ms-proteomics;VV=v1.1.0	manual curation
20160429_3071_1	mus musculus	not available	not applicable	not available	1	20160429_3071_1	proteomic profiling by mass spectrometry	NT=Data-dependent acquisition;AC=PRIDE:0000627	NT=label free sample;AC=MS:1002038	NT=orbitrap elite;AC=MS:1001910	NT=Phospho;AC=UNIMOD:21;TA=S,T,Y;MT=Variable	NT=Oxidation;AC=UNIMOD:35;TA=M;MT=Variable	NT=Trypsin;AC=MS:1001251	NT=collision-induced dissociation;AC=MS:1000133	0.5 Da	0.5 Da	sds page	1	1	20160429_3071_1.raw	ftp://ftp.pride.ebi.ac.uk/pride/data/archive/2017/06/PXD003674/20160429_3071_1.raw	v1.1.0	NT=ms-proteomics;VV=v1.1.0	manual curation
20160519_3074_8	mus musculus	not available	not applicable	not available	8	20160519_3074_8	proteomic profiling by mass spectrometry	NT=Data-dependent acquisition;AC=PRIDE:0000627	NT=label free sample;AC=MS:1002038	NT=orbitrap elite;AC=MS:1001910	NT=Phospho;AC=UNIMOD:21;TA=S,T,Y;MT=Variable	NT=Oxidation;AC=UNIMOD:35;TA=M;MT=Variable	NT=Trypsin;AC=MS:1001251	NT=collision-induced dissociation;AC=MS:1000133	0.5 Da	0.5 Da	sds page	1	1	20160519_3074_8.raw	ftp://ftp.pride.ebi.ac.uk/pride/data/archive/2017/06/PXD003674/20160519_3074_8.raw	v1.1.0	NT=ms-proteomics;VV=v1.1.0	manual curation
20160523_1222_11	mus musculus	not available	not applicable	not available	11	20160523_1222_11	proteomic profiling by mass spectrometry	NT=Data-dependent acquisition;AC=PRIDE:0000627	NT=label free sample;AC=MS:1002038	NT=orbitrap elite;AC=MS:1001910	NT=Phospho;AC=UNIMOD:21;TA=S,T,Y;MT=Variable	NT=Oxidation;AC=UNIMOD:35;TA=M;MT=Variable	NT=Trypsin;AC=MS:1001251	NT=collision-induced dissociation;AC=MS:1000133	0.5 Da	0.5 Da	sds page	1	1	20160523_1222_11.raw	ftp://ftp.pride.ebi.ac.uk/pride/data/archive/2017/06/PXD003674/20160523_1222_11.raw	v1.1.0	NT=ms-proteomics;VV=v1.1.0	manual curation
20160930_3106_11	mus musculus	not available	not applicable	not available	11	20160930_3106_11	proteomic profiling by mass spectrometry	NT=Data-dependent acquisition;AC=PRIDE:0000627	NT=label free sample;AC=MS:1002038	NT=orbitrap elite;AC=MS:1001910	NT=Phospho;AC=UNIMOD:21;TA=S,T,Y;MT=Variable	NT=Oxidation;AC=UNIMOD:35;TA=M;MT=Variable	NT=Trypsin;AC=MS:1001251	NT=collision-induced dissociation;AC=MS:1000133	0.5 Da	0.5 Da	sds page	1	1	20160930_3106_11.raw	ftp://ftp.pride.ebi.ac.uk/pride/data/archive/2017/06/PXD003674/20160930_3106_11.raw	v1.1.0	NT=ms-proteomics;VV=v1.1.0	manual curation
20160309_3049_26	mus musculus	not available	not applicable	not available	26	20160309_3049_26	proteomic profiling by mass spectrometry	NT=Data-dependent acquisition;AC=PRIDE:0000627	NT=label free sample;AC=MS:1002038	NT=orbitrap elite;AC=MS:1001910	NT=Phospho;AC=UNIMOD:21;TA=S,T,Y;MT=Variable	NT=Oxidation;AC=UNIMOD:35;TA=M;MT=Variable	NT=Trypsin;AC=MS:1001251	NT=collision-induced dissociation;AC=MS:1000133	0.5 Da	0.5 Da	sds page	1	1	20160309_3049_26.raw	ftp://ftp.pride.ebi.ac.uk/pride/data/archive/2017/06/PXD003674/20160309_3049_26.raw	v1.1.0	NT=ms-proteomics;VV=v1.1.0	manual curation
20160309_3049_5	mus musculus	not available	not applicable	not available	5	20160309_3049_5	proteomic profiling by mass spectrometry	NT=Data-dependent acquisition;AC=PRIDE:0000627	NT=label free sample;AC=MS:1002038	NT=orbitrap elite;AC=MS:1001910	NT=Phospho;AC=UNIMOD:21;TA=S,T,Y;MT=Variable	NT=Oxidation;AC=UNIMOD:35;TA=M;MT=Variable	NT=Trypsin;AC=MS:1001251	NT=collision-induced dissociation;AC=MS:1000133	0.5 Da	0.5 Da	sds page	1	1	20160309_3049_5.raw	ftp://ftp.pride.ebi.ac.uk/pride/data/archive/2017/06/PXD003674/20160309_3049_5.raw	v1.1.0	NT=ms-proteomics;VV=v1.1.0	manual curation
20160401_3055_17	mus musculus	not available	not applicable	not available	17	20160401_3055_17	proteomic profiling by mass spectrometry	NT=Data-dependent acquisition;AC=PRIDE:0000627	NT=label free sample;AC=MS:1002038	NT=orbitrap elite;AC=MS:1001910	NT=Phospho;AC=UNIMOD:21;TA=S,T,Y;MT=Variable	NT=Oxidation;AC=UNIMOD:35;TA=M;MT=Variable	NT=Trypsin;AC=MS:1001251	NT=collision-induced dissociation;AC=MS:1000133	0.5 Da	0.5 Da	sds page	1	1	20160401_3055_17.raw	ftp://ftp.pride.ebi.ac.uk/pride/data/archive/2017/06/PXD003674/20160401_3055_17.raw	v1.1.0	NT=ms-proteomics;VV=v1.1.0	manual curation
20161007_3017_20	mus musculus	not available	not applicable	not available	20	20161007_3017_20	proteomic profiling by mass spectrometry	NT=Data-dependent acquisition;AC=PRIDE:0000627	NT=label free sample;AC=MS:1002038	NT=orbitrap elite;AC=MS:1001910	NT=Phospho;AC=UNIMOD:21;TA=S,T,Y;MT=Variable	NT=Oxidation;AC=UNIMOD:35;TA=M;MT=Variable	NT=Trypsin;AC=MS:1001251	NT=collision-induced dissociation;AC=MS:1000133	0.5 Da	0.5 Da	sds page	1	1	20161007_3017_20.raw	ftp://ftp.pride.ebi.ac.uk/pride/data/archive/2017/06/PXD003674/20161007_3017_20.raw	v1.1.0	NT=ms-proteomics;VV=v1.1.0	manual curation
20160928_3106_4	mus musculus	not available	not applicable	not available	4	20160928_3106_4	proteomic profiling by mass spectrometry	NT=Data-dependent acquisition;AC=PRIDE:0000627	NT=label free sample;AC=MS:1002038	NT=orbitrap elite;AC=MS:1001910	NT=Phospho;AC=UNIMOD:21;TA=S,T,Y;MT=Variable	NT=Oxidation;AC=UNIMOD:35;TA=M;MT=Variable	NT=Trypsin;AC=MS:1001251	NT=collision-induced dissociation;AC=MS:1000133	0.5 Da	0.5 Da	sds page	1	1	20160928_3106_4.raw	ftp://ftp.pride.ebi.ac.uk/pride/data/archive/2017/06/PXD003674/20160928_3106_4.raw	v1.1.0	NT=ms-proteomics;VV=v1.1.0	manual curation
20160927_3106_21	mus musculus	not available	not applicable	not available	21	20160927_3106_21	proteomic profiling by mass spectrometry	NT=Data-dependent acquisition;AC=PRIDE:0000627	NT=label free sample;AC=MS:1002038	NT=orbitrap elite;AC=MS:1001910	NT=Phospho;AC=UNIMOD:21;TA=S,T,Y;MT=Variable	NT=Oxidation;AC=UNIMOD:35;TA=M;MT=Variable	NT=Trypsin;AC=MS:1001251	NT=collision-induced dissociation;AC=MS:1000133	0.5 Da	0.5 Da	sds page	1	1	20160927_3106_21.raw	ftp://ftp.pride.ebi.ac.uk/pride/data/archive/2017/06/PXD003674/20160927_3106_21.raw	v1.1.0	NT=ms-proteomics;VV=v1.1.0	manual curation
20160528_Sample7	mus musculus	not available	not applicable	not available	1	20160528_Sample7	proteomic profiling by mass spectrometry	NT=Data-dependent acquisition;AC=PRIDE:0000627	NT=label free sample;AC=MS:1002038	NT=orbitrap elite;AC=MS:1001910	NT=Phospho;AC=UNIMOD:21;TA=S,T,Y;MT=Variable	NT=Oxidation;AC=UNIMOD:35;TA=M;MT=Variable	NT=Trypsin;AC=MS:1001251	NT=collision-induced dissociation;AC=MS:1000133	0.5 Da	0.5 Da	sds page	1	1	20160528_Sample7.raw	ftp://ftp.pride.ebi.ac.uk/pride/data/archive/2017/06/PXD003674/20160528_Sample7.raw	v1.1.0	NT=ms-proteomics;VV=v1.1.0	manual curation
20150513_CLASP2_1076_6	mus musculus	not available	not applicable	not available	6	20150513_CLASP2_1076_6	proteomic profiling by mass spectrometry	NT=Data-dependent acquisition;AC=PRIDE:0000627	NT=label free sample;AC=MS:1002038	NT=orbitrap elite;AC=MS:1001910	NT=Phospho;AC=UNIMOD:21;TA=S,T,Y;MT=Variable	NT=Oxidation;AC=UNIMOD:35;TA=M;MT=Variable	NT=Trypsin;AC=MS:1001251	NT=collision-induced dissociation;AC=MS:1000133	0.5 Da	0.5 Da	sds page	1	1	20150513_CLASP2_1076_6.raw	ftp://ftp.pride.ebi.ac.uk/pride/data/archive/2017/06/PXD003674/20150513_CLASP2_1076_6.raw	v1.1.0	NT=ms-proteomics;VV=v1.1.0	manual curation
20160520_3074_20	mus musculus	not available	not applicable	not available	20	20160520_3074_20	proteomic profiling by mass spectrometry	NT=Data-dependent acquisition;AC=PRIDE:0000627	NT=label free sample;AC=MS:1002038	NT=orbitrap elite;AC=MS:1001910	NT=Phospho;AC=UNIMOD:21;TA=S,T,Y;MT=Variable	NT=Oxidation;AC=UNIMOD:35;TA=M;MT=Variable	NT=Trypsin;AC=MS:1001251	NT=collision-induced dissociation;AC=MS:1000133	0.5 Da	0.5 Da	sds page	1	1	20160520_3074_20.raw	ftp://ftp.pride.ebi.ac.uk/pride/data/archive/2017/06/PXD003674/20160520_3074_20.raw	v1.1.0	NT=ms-proteomics;VV=v1.1.0	manual curation
20160603_3077_18	mus musculus	not available	not applicable	not available	18	20160603_3077_18	proteomic profiling by mass spectrometry	NT=Data-dependent acquisition;AC=PRIDE:0000627	NT=label free sample;AC=MS:1002038	NT=orbitrap elite;AC=MS:1001910	NT=Phospho;AC=UNIMOD:21;TA=S,T,Y;MT=Variable	NT=Oxidation;AC=UNIMOD:35;TA=M;MT=Variable	NT=Trypsin;AC=MS:1001251	NT=collision-induced dissociation;AC=MS:1000133	0.5 Da	0.5 Da	sds page	1	1	20160603_3077_18.raw	ftp://ftp.pride.ebi.ac.uk/pride/data/archive/2017/06/PXD003674/20160603_3077_18.raw	v1.1.0	NT=ms-proteomics;VV=v1.1.0	manual curation
20160401_3055_8	mus musculus	not available	not applicable	not available	8	20160401_3055_8	proteomic profiling by mass spectrometry	NT=Data-dependent acquisition;AC=PRIDE:0000627	NT=label free sample;AC=MS:1002038	NT=orbitrap elite;AC=MS:1001910	NT=Phospho;AC=UNIMOD:21;TA=S,T,Y;MT=Variable	NT=Oxidation;AC=UNIMOD:35;TA=M;MT=Variable	NT=Trypsin;AC=MS:1001251	NT=collision-induced dissociation;AC=MS:1000133	0.5 Da	0.5 Da	sds page	1	1	20160401_3055_8.raw	ftp://ftp.pride.ebi.ac.uk/pride/data/archive/2017/06/PXD003674/20160401_3055_8.raw	v1.1.0	NT=ms-proteomics;VV=v1.1.0	manual curation
20160224_CLASP2_3042_HA_11	mus musculus	not available	not applicable	not available	11	20160224_CLASP2_3042_HA_11	proteomic profiling by mass spectrometry	NT=Data-dependent acquisition;AC=PRIDE:0000627	NT=label free sample;AC=MS:1002038	NT=orbitrap elite;AC=MS:1001910	NT=Phospho;AC=UNIMOD:21;TA=S,T,Y;MT=Variable	NT=Oxidation;AC=UNIMOD:35;TA=M;MT=Variable	NT=Trypsin;AC=MS:1001251	NT=collision-induced dissociation;AC=MS:1000133	0.5 Da	0.5 Da	sds page	1	1	20160224_CLASP2_3042_HA_11.raw	ftp://ftp.pride.ebi.ac.uk/pride/data/archive/2017/06/PXD003674/20160224_CLASP2_3042_HA_11.raw	v1.1.0	NT=ms-proteomics;VV=v1.1.0	manual curation
20150511_CLASP2_1076_60	mus musculus	not available	not applicable	not available	60	20150511_CLASP2_1076_60	proteomic profiling by mass spectrometry	NT=Data-dependent acquisition;AC=PRIDE:0000627	NT=label free sample;AC=MS:1002038	NT=orbitrap elite;AC=MS:1001910	NT=Phospho;AC=UNIMOD:21;TA=S,T,Y;MT=Variable	NT=Oxidation;AC=UNIMOD:35;TA=M;MT=Variable	NT=Trypsin;AC=MS:1001251	NT=collision-induced dissociation;AC=MS:1000133	0.5 Da	0.5 Da	sds page	1	1	20150511_CLASP2_1076_60.raw	ftp://ftp.pride.ebi.ac.uk/pride/data/archive/2017/06/PXD003674/20150511_CLASP2_1076_60.raw	v1.1.0	NT=ms-proteomics;VV=v1.1.0	manual curation
20160224_CLASP2_3042_HA_3	mus musculus	not available	not applicable	not available	3	20160224_CLASP2_3042_HA_3	proteomic profiling by mass spectrometry	NT=Data-dependent acquisition;AC=PRIDE:0000627	NT=label free sample;AC=MS:1002038	NT=orbitrap elite;AC=MS:1001910	NT=Phospho;AC=UNIMOD:21;TA=S,T,Y;MT=Variable	NT=Oxidation;AC=UNIMOD:35;TA=M;MT=Variable	NT=Trypsin;AC=MS:1001251	NT=collision-induced dissociation;AC=MS:1000133	0.5 Da	0.5 Da	sds page	1	1	20160224_CLASP2_3042_HA_3.raw	ftp://ftp.pride.ebi.ac.uk/pride/data/archive/2017/06/PXD003674/20160224_CLASP2_3042_HA_3.raw	v1.1.0	NT=ms-proteomics;VV=v1.1.0	manual curation
20160603_3077_25	mus musculus	not available	not applicable	not available	25	20160603_3077_25	proteomic profiling by mass spectrometry	NT=Data-dependent acquisition;AC=PRIDE:0000627	NT=label free sample;AC=MS:1002038	NT=orbitrap elite;AC=MS:1001910	NT=Phospho;AC=UNIMOD:21;TA=S,T,Y;MT=Variable	NT=Oxidation;AC=UNIMOD:35;TA=M;MT=Variable	NT=Trypsin;AC=MS:1001251	NT=collision-induced dissociation;AC=MS:1000133	0.5 Da	0.5 Da	sds page	1	1	20160603_3077_25.raw	ftp://ftp.pride.ebi.ac.uk/pride/data/archive/2017/06/PXD003674/20160603_3077_25.raw	v1.1.0	NT=ms-proteomics;VV=v1.1.0	manual curation
20160426_3066_11	mus musculus	not available	not applicable	not available	11	20160426_3066_11	proteomic profiling by mass spectrometry	NT=Data-dependent acquisition;AC=PRIDE:0000627	NT=label free sample;AC=MS:1002038	NT=orbitrap elite;AC=MS:1001910	NT=Phospho;AC=UNIMOD:21;TA=S,T,Y;MT=Variable	NT=Oxidation;AC=UNIMOD:35;TA=M;MT=Variable	NT=Trypsin;AC=MS:1001251	NT=collision-induced dissociation;AC=MS:1000133	0.5 Da	0.5 Da	sds page	1	1	20160426_3066_11.raw	ftp://ftp.pride.ebi.ac.uk/pride/data/archive/2017/06/PXD003674/20160426_3066_11.raw	v1.1.0	NT=ms-proteomics;VV=v1.1.0	manual curation
20160504_3071_29	mus musculus	not available	not applicable	not available	29	20160504_3071_29	proteomic profiling by mass spectrometry	NT=Data-dependent acquisition;AC=PRIDE:0000627	NT=label free sample;AC=MS:1002038	NT=orbitrap elite;AC=MS:1001910	NT=Phospho;AC=UNIMOD:21;TA=S,T,Y;MT=Variable	NT=Oxidation;AC=UNIMOD:35;TA=M;MT=Variable	NT=Trypsin;AC=MS:1001251	NT=collision-induced dissociation;AC=MS:1000133	0.5 Da	0.5 Da	sds page	1	1	20160504_3071_29.raw	ftp://ftp.pride.ebi.ac.uk/pride/data/archive/2017/06/PXD003674/20160504_3071_29.raw	v1.1.0	NT=ms-proteomics;VV=v1.1.0	manual curation
20150511_CLASP2_1076_89	mus musculus	not available	not applicable	not available	89	20150511_CLASP2_1076_89	proteomic profiling by mass spectrometry	NT=Data-dependent acquisition;AC=PRIDE:0000627	NT=label free sample;AC=MS:1002038	NT=orbitrap elite;AC=MS:1001910	NT=Phospho;AC=UNIMOD:21;TA=S,T,Y;MT=Variable	NT=Oxidation;AC=UNIMOD:35;TA=M;MT=Variable	NT=Trypsin;AC=MS:1001251	NT=collision-induced dissociation;AC=MS:1000133	0.5 Da	0.5 Da	sds page	1	1	20150511_CLASP2_1076_89.raw	ftp://ftp.pride.ebi.ac.uk/pride/data/archive/2017/06/PXD003674/20150511_CLASP2_1076_89.raw	v1.1.0	NT=ms-proteomics;VV=v1.1.0	manual curation
20150511_CLASP2_1076_68	mus musculus	not available	not applicable	not available	68	20150511_CLASP2_1076_68	proteomic profiling by mass spectrometry	NT=Data-dependent acquisition;AC=PRIDE:0000627	NT=label free sample;AC=MS:1002038	NT=orbitrap elite;AC=MS:1001910	NT=Phospho;AC=UNIMOD:21;TA=S,T,Y;MT=Variable	NT=Oxidation;AC=UNIMOD:35;TA=M;MT=Variable	NT=Trypsin;AC=MS:1001251	NT=collision-induced dissociation;AC=MS:1000133	0.5 Da	0.5 Da	sds page	1	1	20150511_CLASP2_1076_68.raw	ftp://ftp.pride.ebi.ac.uk/pride/data/archive/2017/06/PXD003674/20150511_CLASP2_1076_68.raw	v1.1.0	NT=ms-proteomics;VV=v1.1.0	manual curation
20160531_3076_22	mus musculus	not available	not applicable	not available	22	20160531_3076_22	proteomic profiling by mass spectrometry	NT=Data-dependent acquisition;AC=PRIDE:0000627	NT=label free sample;AC=MS:1002038	NT=orbitrap elite;AC=MS:1001910	NT=Phospho;AC=UNIMOD:21;TA=S,T,Y;MT=Variable	NT=Oxidation;AC=UNIMOD:35;TA=M;MT=Variable	NT=Trypsin;AC=MS:1001251	NT=collision-induced dissociation;AC=MS:1000133	0.5 Da	0.5 Da	sds page	1	1	20160531_3076_22.raw	ftp://ftp.pride.ebi.ac.uk/pride/data/archive/2017/06/PXD003674/20160531_3076_22.raw	v1.1.0	NT=ms-proteomics;VV=v1.1.0	manual curation
20150514_CLASP2_1076_35	mus musculus	not available	not applicable	not available	35	20150514_CLASP2_1076_35	proteomic profiling by mass spectrometry	NT=Data-dependent acquisition;AC=PRIDE:0000627	NT=label free sample;AC=MS:1002038	NT=orbitrap elite;AC=MS:1001910	NT=Phospho;AC=UNIMOD:21;TA=S,T,Y;MT=Variable	NT=Oxidation;AC=UNIMOD:35;TA=M;MT=Variable	NT=Trypsin;AC=MS:1001251	NT=collision-induced dissociation;AC=MS:1000133	0.5 Da	0.5 Da	sds page	1	1	20150514_CLASP2_1076_35.raw	ftp://ftp.pride.ebi.ac.uk/pride/data/archive/2017/06/PXD003674/20150514_CLASP2_1076_35.raw	v1.1.0	NT=ms-proteomics;VV=v1.1.0	manual curation
20160408_3056_2	mus musculus	not available	not applicable	not available	2	20160408_3056_2	proteomic profiling by mass spectrometry	NT=Data-dependent acquisition;AC=PRIDE:0000627	NT=label free sample;AC=MS:1002038	NT=orbitrap elite;AC=MS:1001910	NT=Phospho;AC=UNIMOD:21;TA=S,T,Y;MT=Variable	NT=Oxidation;AC=UNIMOD:35;TA=M;MT=Variable	NT=Trypsin;AC=MS:1001251	NT=collision-induced dissociation;AC=MS:1000133	0.5 Da	0.5 Da	sds page	1	1	20160408_3056_2.raw	ftp://ftp.pride.ebi.ac.uk/pride/data/archive/2017/06/PXD003674/20160408_3056_2.raw	v1.1.0	NT=ms-proteomics;VV=v1.1.0	manual curation
20160219_CLASP2_HA_3029_19	mus musculus	not available	not applicable	not available	19	20160219_CLASP2_HA_3029_19	proteomic profiling by mass spectrometry	NT=Data-dependent acquisition;AC=PRIDE:0000627	NT=label free sample;AC=MS:1002038	NT=orbitrap elite;AC=MS:1001910	NT=Phospho;AC=UNIMOD:21;TA=S,T,Y;MT=Variable	NT=Oxidation;AC=UNIMOD:35;TA=M;MT=Variable	NT=Trypsin;AC=MS:1001251	NT=collision-induced dissociation;AC=MS:1000133	0.5 Da	0.5 Da	sds page	1	1	20160219_CLASP2_HA_3029_19.raw	ftp://ftp.pride.ebi.ac.uk/pride/data/archive/2017/06/PXD003674/20160219_CLASP2_HA_3029_19.raw	v1.1.0	NT=ms-proteomics;VV=v1.1.0	manual curation
20160317_3053_CLASP2_ABT263_26	mus musculus	not available	not applicable	not available	26	20160317_3053_CLASP2_ABT263_26	proteomic profiling by mass spectrometry	NT=Data-dependent acquisition;AC=PRIDE:0000627	NT=label free sample;AC=MS:1002038	NT=orbitrap elite;AC=MS:1001910	NT=Phospho;AC=UNIMOD:21;TA=S,T,Y;MT=Variable	NT=Oxidation;AC=UNIMOD:35;TA=M;MT=Variable	NT=Trypsin;AC=MS:1001251	NT=collision-induced dissociation;AC=MS:1000133	0.5 Da	0.5 Da	sds page	1	1	20160317_3053_CLASP2_ABT263_26.raw	ftp://ftp.pride.ebi.ac.uk/pride/data/archive/2017/06/PXD003674/20160317_3053_CLASP2_ABT263_26.raw	v1.1.0	NT=ms-proteomics;VV=v1.1.0	manual curation
20160603_3077_19	mus musculus	not available	not applicable	not available	19	20160603_3077_19	proteomic profiling by mass spectrometry	NT=Data-dependent acquisition;AC=PRIDE:0000627	NT=label free sample;AC=MS:1002038	NT=orbitrap elite;AC=MS:1001910	NT=Phospho;AC=UNIMOD:21;TA=S,T,Y;MT=Variable	NT=Oxidation;AC=UNIMOD:35;TA=M;MT=Variable	NT=Trypsin;AC=MS:1001251	NT=collision-induced dissociation;AC=MS:1000133	0.5 Da	0.5 Da	sds page	1	1	20160603_3077_19.raw	ftp://ftp.pride.ebi.ac.uk/pride/data/archive/2017/06/PXD003674/20160603_3077_19.raw	v1.1.0	NT=ms-proteomics;VV=v1.1.0	manual curation
20160219_CLASP2_HA_3029_5	mus musculus	not available	not applicable	not available	5	20160219_CLASP2_HA_3029_5	proteomic profiling by mass spectrometry	NT=Data-dependent acquisition;AC=PRIDE:0000627	NT=label free sample;AC=MS:1002038	NT=orbitrap elite;AC=MS:1001910	NT=Phospho;AC=UNIMOD:21;TA=S,T,Y;MT=Variable	NT=Oxidation;AC=UNIMOD:35;TA=M;MT=Variable	NT=Trypsin;AC=MS:1001251	NT=collision-induced dissociation;AC=MS:1000133	0.5 Da	0.5 Da	sds page	1	1	20160219_CLASP2_HA_3029_5.raw	ftp://ftp.pride.ebi.ac.uk/pride/data/archive/2017/06/PXD003674/20160219_CLASP2_HA_3029_5.raw	v1.1.0	NT=ms-proteomics;VV=v1.1.0	manual curation
20160309_3049_10	mus musculus	not available	not applicable	not available	10	20160309_3049_10	proteomic profiling by mass spectrometry	NT=Data-dependent acquisition;AC=PRIDE:0000627	NT=label free sample;AC=MS:1002038	NT=orbitrap elite;AC=MS:1001910	NT=Phospho;AC=UNIMOD:21;TA=S,T,Y;MT=Variable	NT=Oxidation;AC=UNIMOD:35;TA=M;MT=Variable	NT=Trypsin;AC=MS:1001251	NT=collision-induced dissociation;AC=MS:1000133	0.5 Da	0.5 Da	sds page	1	1	20160309_3049_10.raw	ftp://ftp.pride.ebi.ac.uk/pride/data/archive/2017/06/PXD003674/20160309_3049_10.raw	v1.1.0	NT=ms-proteomics;VV=v1.1.0	manual curation
20160219_CLASP2_HA_3029_20	mus musculus	not available	not applicable	not available	20	20160219_CLASP2_HA_3029_20	proteomic profiling by mass spectrometry	NT=Data-dependent acquisition;AC=PRIDE:0000627	NT=label free sample;AC=MS:1002038	NT=orbitrap elite;AC=MS:1001910	NT=Phospho;AC=UNIMOD:21;TA=S,T,Y;MT=Variable	NT=Oxidation;AC=UNIMOD:35;TA=M;MT=Variable	NT=Trypsin;AC=MS:1001251	NT=collision-induced dissociation;AC=MS:1000133	0.5 Da	0.5 Da	sds page	1	1	20160219_CLASP2_HA_3029_20.raw	ftp://ftp.pride.ebi.ac.uk/pride/data/archive/2017/06/PXD003674/20160219_CLASP2_HA_3029_20.raw	v1.1.0	NT=ms-proteomics;VV=v1.1.0	manual curation
20160531_3076_25	mus musculus	not available	not applicable	not available	25	20160531_3076_25	proteomic profiling by mass spectrometry	NT=Data-dependent acquisition;AC=PRIDE:0000627	NT=label free sample;AC=MS:1002038	NT=orbitrap elite;AC=MS:1001910	NT=Phospho;AC=UNIMOD:21;TA=S,T,Y;MT=Variable	NT=Oxidation;AC=UNIMOD:35;TA=M;MT=Variable	NT=Trypsin;AC=MS:1001251	NT=collision-induced dissociation;AC=MS:1000133	0.5 Da	0.5 Da	sds page	1	1	20160531_3076_25.raw	ftp://ftp.pride.ebi.ac.uk/pride/data/archive/2017/06/PXD003674/20160531_3076_25.raw	v1.1.0	NT=ms-proteomics;VV=v1.1.0	manual curation
20160309_3049_7	mus musculus	not available	not applicable	not available	7	20160309_3049_7	proteomic profiling by mass spectrometry	NT=Data-dependent acquisition;AC=PRIDE:0000627	NT=label free sample;AC=MS:1002038	NT=orbitrap elite;AC=MS:1001910	NT=Phospho;AC=UNIMOD:21;TA=S,T,Y;MT=Variable	NT=Oxidation;AC=UNIMOD:35;TA=M;MT=Variable	NT=Trypsin;AC=MS:1001251	NT=collision-induced dissociation;AC=MS:1000133	0.5 Da	0.5 Da	sds page	1	1	20160309_3049_7.raw	ftp://ftp.pride.ebi.ac.uk/pride/data/archive/2017/06/PXD003674/20160309_3049_7.raw	v1.1.0	NT=ms-proteomics;VV=v1.1.0	manual curation
20160413_3065_AGAP3_SOGA1_23	mus musculus	not available	not applicable	not available	23	20160413_3065_AGAP3_SOGA1_23	proteomic profiling by mass spectrometry	NT=Data-dependent acquisition;AC=PRIDE:0000627	NT=label free sample;AC=MS:1002038	NT=orbitrap elite;AC=MS:1001910	NT=Phospho;AC=UNIMOD:21;TA=S,T,Y;MT=Variable	NT=Oxidation;AC=UNIMOD:35;TA=M;MT=Variable	NT=Trypsin;AC=MS:1001251	NT=collision-induced dissociation;AC=MS:1000133	0.5 Da	0.5 Da	sds page	1	1	20160413_3065_AGAP3_SOGA1_23.raw	ftp://ftp.pride.ebi.ac.uk/pride/data/archive/2017/06/PXD003674/20160413_3065_AGAP3_SOGA1_23.raw	v1.1.0	NT=ms-proteomics;VV=v1.1.0	manual curation
20160106_CLASP2_HA_3022_19	mus musculus	not available	not applicable	not available	19	20160106_CLASP2_HA_3022_19	proteomic profiling by mass spectrometry	NT=Data-dependent acquisition;AC=PRIDE:0000627	NT=label free sample;AC=MS:1002038	NT=orbitrap elite;AC=MS:1001910	NT=Phospho;AC=UNIMOD:21;TA=S,T,Y;MT=Variable	NT=Oxidation;AC=UNIMOD:35;TA=M;MT=Variable	NT=Trypsin;AC=MS:1001251	NT=collision-induced dissociation;AC=MS:1000133	0.5 Da	0.5 Da	sds page	1	1	20160106_CLASP2_HA_3022_19.raw	ftp://ftp.pride.ebi.ac.uk/pride/data/archive/2017/06/PXD003674/20160106_CLASP2_HA_3022_19.raw	v1.1.0	NT=ms-proteomics;VV=v1.1.0	manual curation
20160522_1222_3	mus musculus	not available	not applicable	not available	3	20160522_1222_3	proteomic profiling by mass spectrometry	NT=Data-dependent acquisition;AC=PRIDE:0000627	NT=label free sample;AC=MS:1002038	NT=orbitrap elite;AC=MS:1001910	NT=Phospho;AC=UNIMOD:21;TA=S,T,Y;MT=Variable	NT=Oxidation;AC=UNIMOD:35;TA=M;MT=Variable	NT=Trypsin;AC=MS:1001251	NT=collision-induced dissociation;AC=MS:1000133	0.5 Da	0.5 Da	sds page	1	1	20160522_1222_3.raw	ftp://ftp.pride.ebi.ac.uk/pride/data/archive/2017/06/PXD003674/20160522_1222_3.raw	v1.1.0	NT=ms-proteomics;VV=v1.1.0	manual curation
20160401_3055_3	mus musculus	not available	not applicable	not available	3	20160401_3055_3	proteomic profiling by mass spectrometry	NT=Data-dependent acquisition;AC=PRIDE:0000627	NT=label free sample;AC=MS:1002038	NT=orbitrap elite;AC=MS:1001910	NT=Phospho;AC=UNIMOD:21;TA=S,T,Y;MT=Variable	NT=Oxidation;AC=UNIMOD:35;TA=M;MT=Variable	NT=Trypsin;AC=MS:1001251	NT=collision-induced dissociation;AC=MS:1000133	0.5 Da	0.5 Da	sds page	1	1	20160401_3055_3.raw	ftp://ftp.pride.ebi.ac.uk/pride/data/archive/2017/06/PXD003674/20160401_3055_3.raw	v1.1.0	NT=ms-proteomics;VV=v1.1.0	manual curation
20160309_3049_9	mus musculus	not available	not applicable	not available	9	20160309_3049_9	proteomic profiling by mass spectrometry	NT=Data-dependent acquisition;AC=PRIDE:0000627	NT=label free sample;AC=MS:1002038	NT=orbitrap elite;AC=MS:1001910	NT=Phospho;AC=UNIMOD:21;TA=S,T,Y;MT=Variable	NT=Oxidation;AC=UNIMOD:35;TA=M;MT=Variable	NT=Trypsin;AC=MS:1001251	NT=collision-induced dissociation;AC=MS:1000133	0.5 Da	0.5 Da	sds page	1	1	20160309_3049_9.raw	ftp://ftp.pride.ebi.ac.uk/pride/data/archive/2017/06/PXD003674/20160309_3049_9.raw	v1.1.0	NT=ms-proteomics;VV=v1.1.0	manual curation
20150506_1	mus musculus	not available	not applicable	not available	1	20150506_1	proteomic profiling by mass spectrometry	NT=Data-dependent acquisition;AC=PRIDE:0000627	NT=label free sample;AC=MS:1002038	NT=orbitrap elite;AC=MS:1001910	NT=Phospho;AC=UNIMOD:21;TA=S,T,Y;MT=Variable	NT=Oxidation;AC=UNIMOD:35;TA=M;MT=Variable	NT=Trypsin;AC=MS:1001251	NT=collision-induced dissociation;AC=MS:1000133	0.5 Da	0.5 Da	sds page	1	1	20150506_1.raw	ftp://ftp.pride.ebi.ac.uk/pride/data/archive/2017/06/PXD003674/20150506_1.raw	v1.1.0	NT=ms-proteomics;VV=v1.1.0	manual curation
20160426_3066_10	mus musculus	not available	not applicable	not available	10	20160426_3066_10	proteomic profiling by mass spectrometry	NT=Data-dependent acquisition;AC=PRIDE:0000627	NT=label free sample;AC=MS:1002038	NT=orbitrap elite;AC=MS:1001910	NT=Phospho;AC=UNIMOD:21;TA=S,T,Y;MT=Variable	NT=Oxidation;AC=UNIMOD:35;TA=M;MT=Variable	NT=Trypsin;AC=MS:1001251	NT=collision-induced dissociation;AC=MS:1000133	0.5 Da	0.5 Da	sds page	1	1	20160426_3066_10.raw	ftp://ftp.pride.ebi.ac.uk/pride/data/archive/2017/06/PXD003674/20160426_3066_10.raw	v1.1.0	NT=ms-proteomics;VV=v1.1.0	manual curation
20150508_CLASP2_1076_45	mus musculus	not available	not applicable	not available	45	20150508_CLASP2_1076_45	proteomic profiling by mass spectrometry	NT=Data-dependent acquisition;AC=PRIDE:0000627	NT=label free sample;AC=MS:1002038	NT=orbitrap elite;AC=MS:1001910	NT=Phospho;AC=UNIMOD:21;TA=S,T,Y;MT=Variable	NT=Oxidation;AC=UNIMOD:35;TA=M;MT=Variable	NT=Trypsin;AC=MS:1001251	NT=collision-induced dissociation;AC=MS:1000133	0.5 Da	0.5 Da	sds page	1	1	20150508_CLASP2_1076_45.raw	ftp://ftp.pride.ebi.ac.uk/pride/data/archive/2017/06/PXD003674/20150508_CLASP2_1076_45.raw	v1.1.0	NT=ms-proteomics;VV=v1.1.0	manual curation
20160522_1222_7	mus musculus	not available	not applicable	not available	7	20160522_1222_7	proteomic profiling by mass spectrometry	NT=Data-dependent acquisition;AC=PRIDE:0000627	NT=label free sample;AC=MS:1002038	NT=orbitrap elite;AC=MS:1001910	NT=Phospho;AC=UNIMOD:21;TA=S,T,Y;MT=Variable	NT=Oxidation;AC=UNIMOD:35;TA=M;MT=Variable	NT=Trypsin;AC=MS:1001251	NT=collision-induced dissociation;AC=MS:1000133	0.5 Da	0.5 Da	sds page	1	1	20160522_1222_7.raw	ftp://ftp.pride.ebi.ac.uk/pride/data/archive/2017/06/PXD003674/20160522_1222_7.raw	v1.1.0	NT=ms-proteomics;VV=v1.1.0	manual curation
20160318_3053_CLASP2_ABT263_6	mus musculus	not available	not applicable	not available	6	20160318_3053_CLASP2_ABT263_6	proteomic profiling by mass spectrometry	NT=Data-dependent acquisition;AC=PRIDE:0000627	NT=label free sample;AC=MS:1002038	NT=orbitrap elite;AC=MS:1001910	NT=Phospho;AC=UNIMOD:21;TA=S,T,Y;MT=Variable	NT=Oxidation;AC=UNIMOD:35;TA=M;MT=Variable	NT=Trypsin;AC=MS:1001251	NT=collision-induced dissociation;AC=MS:1000133	0.5 Da	0.5 Da	sds page	1	1	20160318_3053_CLASP2_ABT263_6.raw	ftp://ftp.pride.ebi.ac.uk/pride/data/archive/2017/06/PXD003674/20160318_3053_CLASP2_ABT263_6.raw	v1.1.0	NT=ms-proteomics;VV=v1.1.0	manual curation
20160106_CLASP2_HA_3022_31	mus musculus	not available	not applicable	not available	31	20160106_CLASP2_HA_3022_31	proteomic profiling by mass spectrometry	NT=Data-dependent acquisition;AC=PRIDE:0000627	NT=label free sample;AC=MS:1002038	NT=orbitrap elite;AC=MS:1001910	NT=Phospho;AC=UNIMOD:21;TA=S,T,Y;MT=Variable	NT=Oxidation;AC=UNIMOD:35;TA=M;MT=Variable	NT=Trypsin;AC=MS:1001251	NT=collision-induced dissociation;AC=MS:1000133	0.5 Da	0.5 Da	sds page	1	1	20160106_CLASP2_HA_3022_31.raw	ftp://ftp.pride.ebi.ac.uk/pride/data/archive/2017/06/PXD003674/20160106_CLASP2_HA_3022_31.raw	v1.1.0	NT=ms-proteomics;VV=v1.1.0	manual curation
20160317_3053_CLASP2_ABT263_15	mus musculus	not available	not applicable	not available	15	20160317_3053_CLASP2_ABT263_15	proteomic profiling by mass spectrometry	NT=Data-dependent acquisition;AC=PRIDE:0000627	NT=label free sample;AC=MS:1002038	NT=orbitrap elite;AC=MS:1001910	NT=Phospho;AC=UNIMOD:21;TA=S,T,Y;MT=Variable	NT=Oxidation;AC=UNIMOD:35;TA=M;MT=Variable	NT=Trypsin;AC=MS:1001251	NT=collision-induced dissociation;AC=MS:1000133	0.5 Da	0.5 Da	sds page	1	1	20160317_3053_CLASP2_ABT263_15.raw	ftp://ftp.pride.ebi.ac.uk/pride/data/archive/2017/06/PXD003674/20160317_3053_CLASP2_ABT263_15.raw	v1.1.0	NT=ms-proteomics;VV=v1.1.0	manual curation
20150513_CLASP2_1076_69	mus musculus	not available	not applicable	not available	69	20150513_CLASP2_1076_69	proteomic profiling by mass spectrometry	NT=Data-dependent acquisition;AC=PRIDE:0000627	NT=label free sample;AC=MS:1002038	NT=orbitrap elite;AC=MS:1001910	NT=Phospho;AC=UNIMOD:21;TA=S,T,Y;MT=Variable	NT=Oxidation;AC=UNIMOD:35;TA=M;MT=Variable	NT=Trypsin;AC=MS:1001251	NT=collision-induced dissociation;AC=MS:1000133	0.5 Da	0.5 Da	sds page	1	1	20150513_CLASP2_1076_69.raw	ftp://ftp.pride.ebi.ac.uk/pride/data/archive/2017/06/PXD003674/20150513_CLASP2_1076_69.raw	v1.1.0	NT=ms-proteomics;VV=v1.1.0	manual curation
20160106_CLASP2_HA_3022_18	mus musculus	not available	not applicable	not available	18	20160106_CLASP2_HA_3022_18	proteomic profiling by mass spectrometry	NT=Data-dependent acquisition;AC=PRIDE:0000627	NT=label free sample;AC=MS:1002038	NT=orbitrap elite;AC=MS:1001910	NT=Phospho;AC=UNIMOD:21;TA=S,T,Y;MT=Variable	NT=Oxidation;AC=UNIMOD:35;TA=M;MT=Variable	NT=Trypsin;AC=MS:1001251	NT=collision-induced dissociation;AC=MS:1000133	0.5 Da	0.5 Da	sds page	1	1	20160106_CLASP2_HA_3022_18.raw	ftp://ftp.pride.ebi.ac.uk/pride/data/archive/2017/06/PXD003674/20160106_CLASP2_HA_3022_18.raw	v1.1.0	NT=ms-proteomics;VV=v1.1.0	manual curation
20150508_CLASP2_1076_3	mus musculus	not available	not applicable	not available	3	20150508_CLASP2_1076_3	proteomic profiling by mass spectrometry	NT=Data-dependent acquisition;AC=PRIDE:0000627	NT=label free sample;AC=MS:1002038	NT=orbitrap elite;AC=MS:1001910	NT=Phospho;AC=UNIMOD:21;TA=S,T,Y;MT=Variable	NT=Oxidation;AC=UNIMOD:35;TA=M;MT=Variable	NT=Trypsin;AC=MS:1001251	NT=collision-induced dissociation;AC=MS:1000133	0.5 Da	0.5 Da	sds page	1	1	20150508_CLASP2_1076_3.raw	ftp://ftp.pride.ebi.ac.uk/pride/data/archive/2017/06/PXD003674/20150508_CLASP2_1076_3.raw	v1.1.0	NT=ms-proteomics;VV=v1.1.0	manual curation
20160413_3065_AGAP3_SOGA1_16	mus musculus	not available	not applicable	not available	16	20160413_3065_AGAP3_SOGA1_16	proteomic profiling by mass spectrometry	NT=Data-dependent acquisition;AC=PRIDE:0000627	NT=label free sample;AC=MS:1002038	NT=orbitrap elite;AC=MS:1001910	NT=Phospho;AC=UNIMOD:21;TA=S,T,Y;MT=Variable	NT=Oxidation;AC=UNIMOD:35;TA=M;MT=Variable	NT=Trypsin;AC=MS:1001251	NT=collision-induced dissociation;AC=MS:1000133	0.5 Da	0.5 Da	sds page	1	1	20160413_3065_AGAP3_SOGA1_16.raw	ftp://ftp.pride.ebi.ac.uk/pride/data/archive/2017/06/PXD003674/20160413_3065_AGAP3_SOGA1_16.raw	v1.1.0	NT=ms-proteomics;VV=v1.1.0	manual curation
20160429_3066_29	mus musculus	not available	not applicable	not available	29	20160429_3066_29	proteomic profiling by mass spectrometry	NT=Data-dependent acquisition;AC=PRIDE:0000627	NT=label free sample;AC=MS:1002038	NT=orbitrap elite;AC=MS:1001910	NT=Phospho;AC=UNIMOD:21;TA=S,T,Y;MT=Variable	NT=Oxidation;AC=UNIMOD:35;TA=M;MT=Variable	NT=Trypsin;AC=MS:1001251	NT=collision-induced dissociation;AC=MS:1000133	0.5 Da	0.5 Da	sds page	1	1	20160429_3066_29.raw	ftp://ftp.pride.ebi.ac.uk/pride/data/archive/2017/06/PXD003674/20160429_3066_29.raw	v1.1.0	NT=ms-proteomics;VV=v1.1.0	manual curation
20150514_CLASP2_1076_70	mus musculus	not available	not applicable	not available	70	20150514_CLASP2_1076_70	proteomic profiling by mass spectrometry	NT=Data-dependent acquisition;AC=PRIDE:0000627	NT=label free sample;AC=MS:1002038	NT=orbitrap elite;AC=MS:1001910	NT=Phospho;AC=UNIMOD:21;TA=S,T,Y;MT=Variable	NT=Oxidation;AC=UNIMOD:35;TA=M;MT=Variable	NT=Trypsin;AC=MS:1001251	NT=collision-induced dissociation;AC=MS:1000133	0.5 Da	0.5 Da	sds page	1	1	20150514_CLASP2_1076_70.raw	ftp://ftp.pride.ebi.ac.uk/pride/data/archive/2017/06/PXD003674/20150514_CLASP2_1076_70.raw	v1.1.0	NT=ms-proteomics;VV=v1.1.0	manual curation
20160520_3074_22	mus musculus	not available	not applicable	not available	22	20160520_3074_22	proteomic profiling by mass spectrometry	NT=Data-dependent acquisition;AC=PRIDE:0000627	NT=label free sample;AC=MS:1002038	NT=orbitrap elite;AC=MS:1001910	NT=Phospho;AC=UNIMOD:21;TA=S,T,Y;MT=Variable	NT=Oxidation;AC=UNIMOD:35;TA=M;MT=Variable	NT=Trypsin;AC=MS:1001251	NT=collision-induced dissociation;AC=MS:1000133	0.5 Da	0.5 Da	sds page	1	1	20160520_3074_22.raw	ftp://ftp.pride.ebi.ac.uk/pride/data/archive/2017/06/PXD003674/20160520_3074_22.raw	v1.1.0	NT=ms-proteomics;VV=v1.1.0	manual curation
20160502_3071_10	mus musculus	not available	not applicable	not available	10	20160502_3071_10	proteomic profiling by mass spectrometry	NT=Data-dependent acquisition;AC=PRIDE:0000627	NT=label free sample;AC=MS:1002038	NT=orbitrap elite;AC=MS:1001910	NT=Phospho;AC=UNIMOD:21;TA=S,T,Y;MT=Variable	NT=Oxidation;AC=UNIMOD:35;TA=M;MT=Variable	NT=Trypsin;AC=MS:1001251	NT=collision-induced dissociation;AC=MS:1000133	0.5 Da	0.5 Da	sds page	1	1	20160502_3071_10.raw	ftp://ftp.pride.ebi.ac.uk/pride/data/archive/2017/06/PXD003674/20160502_3071_10.raw	v1.1.0	NT=ms-proteomics;VV=v1.1.0	manual curation
20160524_1222_18	mus musculus	not available	not applicable	not available	18	20160524_1222_18	proteomic profiling by mass spectrometry	NT=Data-dependent acquisition;AC=PRIDE:0000627	NT=label free sample;AC=MS:1002038	NT=orbitrap elite;AC=MS:1001910	NT=Phospho;AC=UNIMOD:21;TA=S,T,Y;MT=Variable	NT=Oxidation;AC=UNIMOD:35;TA=M;MT=Variable	NT=Trypsin;AC=MS:1001251	NT=collision-induced dissociation;AC=MS:1000133	0.5 Da	0.5 Da	sds page	1	1	20160524_1222_18.raw	ftp://ftp.pride.ebi.ac.uk/pride/data/archive/2017/06/PXD003674/20160524_1222_18.raw	v1.1.0	NT=ms-proteomics;VV=v1.1.0	manual curation
20160531_3076_24	mus musculus	not available	not applicable	not available	24	20160531_3076_24	proteomic profiling by mass spectrometry	NT=Data-dependent acquisition;AC=PRIDE:0000627	NT=label free sample;AC=MS:1002038	NT=orbitrap elite;AC=MS:1001910	NT=Phospho;AC=UNIMOD:21;TA=S,T,Y;MT=Variable	NT=Oxidation;AC=UNIMOD:35;TA=M;MT=Variable	NT=Trypsin;AC=MS:1001251	NT=collision-induced dissociation;AC=MS:1000133	0.5 Da	0.5 Da	sds page	1	1	20160531_3076_24.raw	ftp://ftp.pride.ebi.ac.uk/pride/data/archive/2017/06/PXD003674/20160531_3076_24.raw	v1.1.0	NT=ms-proteomics;VV=v1.1.0	manual curation
20160502_3071_21	mus musculus	not available	not applicable	not available	21	20160502_3071_21	proteomic profiling by mass spectrometry	NT=Data-dependent acquisition;AC=PRIDE:0000627	NT=label free sample;AC=MS:1002038	NT=orbitrap elite;AC=MS:1001910	NT=Phospho;AC=UNIMOD:21;TA=S,T,Y;MT=Variable	NT=Oxidation;AC=UNIMOD:35;TA=M;MT=Variable	NT=Trypsin;AC=MS:1001251	NT=collision-induced dissociation;AC=MS:1000133	0.5 Da	0.5 Da	sds page	1	1	20160502_3071_21.raw	ftp://ftp.pride.ebi.ac.uk/pride/data/archive/2017/06/PXD003674/20160502_3071_21.raw	v1.1.0	NT=ms-proteomics;VV=v1.1.0	manual curation
20160531_3076_23	mus musculus	not available	not applicable	not available	23	20160531_3076_23	proteomic profiling by mass spectrometry	NT=Data-dependent acquisition;AC=PRIDE:0000627	NT=label free sample;AC=MS:1002038	NT=orbitrap elite;AC=MS:1001910	NT=Phospho;AC=UNIMOD:21;TA=S,T,Y;MT=Variable	NT=Oxidation;AC=UNIMOD:35;TA=M;MT=Variable	NT=Trypsin;AC=MS:1001251	NT=collision-induced dissociation;AC=MS:1000133	0.5 Da	0.5 Da	sds page	1	1	20160531_3076_23.raw	ftp://ftp.pride.ebi.ac.uk/pride/data/archive/2017/06/PXD003674/20160531_3076_23.raw	v1.1.0	NT=ms-proteomics;VV=v1.1.0	manual curation
20150514_CLASP2_1076_7	mus musculus	not available	not applicable	not available	7	20150514_CLASP2_1076_7	proteomic profiling by mass spectrometry	NT=Data-dependent acquisition;AC=PRIDE:0000627	NT=label free sample;AC=MS:1002038	NT=orbitrap elite;AC=MS:1001910	NT=Phospho;AC=UNIMOD:21;TA=S,T,Y;MT=Variable	NT=Oxidation;AC=UNIMOD:35;TA=M;MT=Variable	NT=Trypsin;AC=MS:1001251	NT=collision-induced dissociation;AC=MS:1000133	0.5 Da	0.5 Da	sds page	1	1	20150514_CLASP2_1076_7.raw	ftp://ftp.pride.ebi.ac.uk/pride/data/archive/2017/06/PXD003674/20150514_CLASP2_1076_7.raw	v1.1.0	NT=ms-proteomics;VV=v1.1.0	manual curation
20150513_CLASP2_1076_83	mus musculus	not available	not applicable	not available	83	20150513_CLASP2_1076_83	proteomic profiling by mass spectrometry	NT=Data-dependent acquisition;AC=PRIDE:0000627	NT=label free sample;AC=MS:1002038	NT=orbitrap elite;AC=MS:1001910	NT=Phospho;AC=UNIMOD:21;TA=S,T,Y;MT=Variable	NT=Oxidation;AC=UNIMOD:35;TA=M;MT=Variable	NT=Trypsin;AC=MS:1001251	NT=collision-induced dissociation;AC=MS:1000133	0.5 Da	0.5 Da	sds page	1	1	20150513_CLASP2_1076_83.raw	ftp://ftp.pride.ebi.ac.uk/pride/data/archive/2017/06/PXD003674/20150513_CLASP2_1076_83.raw	v1.1.0	NT=ms-proteomics;VV=v1.1.0	manual curation
20150506_30	mus musculus	not available	not applicable	not available	30	20150506_30	proteomic profiling by mass spectrometry	NT=Data-dependent acquisition;AC=PRIDE:0000627	NT=label free sample;AC=MS:1002038	NT=orbitrap elite;AC=MS:1001910	NT=Phospho;AC=UNIMOD:21;TA=S,T,Y;MT=Variable	NT=Oxidation;AC=UNIMOD:35;TA=M;MT=Variable	NT=Trypsin;AC=MS:1001251	NT=collision-induced dissociation;AC=MS:1000133	0.5 Da	0.5 Da	sds page	1	1	20150506_30.raw	ftp://ftp.pride.ebi.ac.uk/pride/data/archive/2017/06/PXD003674/20150506_30.raw	v1.1.0	NT=ms-proteomics;VV=v1.1.0	manual curation
20160224_CLASP2_3042_HA_15	mus musculus	not available	not applicable	not available	15	20160224_CLASP2_3042_HA_15	proteomic profiling by mass spectrometry	NT=Data-dependent acquisition;AC=PRIDE:0000627	NT=label free sample;AC=MS:1002038	NT=orbitrap elite;AC=MS:1001910	NT=Phospho;AC=UNIMOD:21;TA=S,T,Y;MT=Variable	NT=Oxidation;AC=UNIMOD:35;TA=M;MT=Variable	NT=Trypsin;AC=MS:1001251	NT=collision-induced dissociation;AC=MS:1000133	0.5 Da	0.5 Da	sds page	1	1	20160224_CLASP2_3042_HA_15.raw	ftp://ftp.pride.ebi.ac.uk/pride/data/archive/2017/06/PXD003674/20160224_CLASP2_3042_HA_15.raw	v1.1.0	NT=ms-proteomics;VV=v1.1.0	manual curation
20160106_CLASP2_HA_3022_28	mus musculus	not available	not applicable	not available	28	20160106_CLASP2_HA_3022_28	proteomic profiling by mass spectrometry	NT=Data-dependent acquisition;AC=PRIDE:0000627	NT=label free sample;AC=MS:1002038	NT=orbitrap elite;AC=MS:1001910	NT=Phospho;AC=UNIMOD:21;TA=S,T,Y;MT=Variable	NT=Oxidation;AC=UNIMOD:35;TA=M;MT=Variable	NT=Trypsin;AC=MS:1001251	NT=collision-induced dissociation;AC=MS:1000133	0.5 Da	0.5 Da	sds page	1	1	20160106_CLASP2_HA_3022_28.raw	ftp://ftp.pride.ebi.ac.uk/pride/data/archive/2017/06/PXD003674/20160106_CLASP2_HA_3022_28.raw	v1.1.0	NT=ms-proteomics;VV=v1.1.0	manual curation
20160224_CLASP2_3042_HA_16	mus musculus	not available	not applicable	not available	16	20160224_CLASP2_3042_HA_16	proteomic profiling by mass spectrometry	NT=Data-dependent acquisition;AC=PRIDE:0000627	NT=label free sample;AC=MS:1002038	NT=orbitrap elite;AC=MS:1001910	NT=Phospho;AC=UNIMOD:21;TA=S,T,Y;MT=Variable	NT=Oxidation;AC=UNIMOD:35;TA=M;MT=Variable	NT=Trypsin;AC=MS:1001251	NT=collision-induced dissociation;AC=MS:1000133	0.5 Da	0.5 Da	sds page	1	1	20160224_CLASP2_3042_HA_16.raw	ftp://ftp.pride.ebi.ac.uk/pride/data/archive/2017/06/PXD003674/20160224_CLASP2_3042_HA_16.raw	v1.1.0	NT=ms-proteomics;VV=v1.1.0	manual curation
20160429_3071_6	mus musculus	not available	not applicable	not available	6	20160429_3071_6	proteomic profiling by mass spectrometry	NT=Data-dependent acquisition;AC=PRIDE:0000627	NT=label free sample;AC=MS:1002038	NT=orbitrap elite;AC=MS:1001910	NT=Phospho;AC=UNIMOD:21;TA=S,T,Y;MT=Variable	NT=Oxidation;AC=UNIMOD:35;TA=M;MT=Variable	NT=Trypsin;AC=MS:1001251	NT=collision-induced dissociation;AC=MS:1000133	0.5 Da	0.5 Da	sds page	1	1	20160429_3071_6.raw	ftp://ftp.pride.ebi.ac.uk/pride/data/archive/2017/06/PXD003674/20160429_3071_6.raw	v1.1.0	NT=ms-proteomics;VV=v1.1.0	manual curation
20161007_3017_23	mus musculus	not available	not applicable	not available	23	20161007_3017_23	proteomic profiling by mass spectrometry	NT=Data-dependent acquisition;AC=PRIDE:0000627	NT=label free sample;AC=MS:1002038	NT=orbitrap elite;AC=MS:1001910	NT=Phospho;AC=UNIMOD:21;TA=S,T,Y;MT=Variable	NT=Oxidation;AC=UNIMOD:35;TA=M;MT=Variable	NT=Trypsin;AC=MS:1001251	NT=collision-induced dissociation;AC=MS:1000133	0.5 Da	0.5 Da	sds page	1	1	20161007_3017_23.raw	ftp://ftp.pride.ebi.ac.uk/pride/data/archive/2017/06/PXD003674/20161007_3017_23.raw	v1.1.0	NT=ms-proteomics;VV=v1.1.0	manual curation
20160106_CLASP2_HA_3022_8	mus musculus	not available	not applicable	not available	8	20160106_CLASP2_HA_3022_8	proteomic profiling by mass spectrometry	NT=Data-dependent acquisition;AC=PRIDE:0000627	NT=label free sample;AC=MS:1002038	NT=orbitrap elite;AC=MS:1001910	NT=Phospho;AC=UNIMOD:21;TA=S,T,Y;MT=Variable	NT=Oxidation;AC=UNIMOD:35;TA=M;MT=Variable	NT=Trypsin;AC=MS:1001251	NT=collision-induced dissociation;AC=MS:1000133	0.5 Da	0.5 Da	sds page	1	1	20160106_CLASP2_HA_3022_8.raw	ftp://ftp.pride.ebi.ac.uk/pride/data/archive/2017/06/PXD003674/20160106_CLASP2_HA_3022_8.raw	v1.1.0	NT=ms-proteomics;VV=v1.1.0	manual curation
20160519_3074_12	mus musculus	not available	not applicable	not available	12	20160519_3074_12	proteomic profiling by mass spectrometry	NT=Data-dependent acquisition;AC=PRIDE:0000627	NT=label free sample;AC=MS:1002038	NT=orbitrap elite;AC=MS:1001910	NT=Phospho;AC=UNIMOD:21;TA=S,T,Y;MT=Variable	NT=Oxidation;AC=UNIMOD:35;TA=M;MT=Variable	NT=Trypsin;AC=MS:1001251	NT=collision-induced dissociation;AC=MS:1000133	0.5 Da	0.5 Da	sds page	1	1	20160519_3074_12.raw	ftp://ftp.pride.ebi.ac.uk/pride/data/archive/2017/06/PXD003674/20160519_3074_12.raw	v1.1.0	NT=ms-proteomics;VV=v1.1.0	manual curation
20160219_CLASP2_HA_3029_18	mus musculus	not available	not applicable	not available	18	20160219_CLASP2_HA_3029_18	proteomic profiling by mass spectrometry	NT=Data-dependent acquisition;AC=PRIDE:0000627	NT=label free sample;AC=MS:1002038	NT=orbitrap elite;AC=MS:1001910	NT=Phospho;AC=UNIMOD:21;TA=S,T,Y;MT=Variable	NT=Oxidation;AC=UNIMOD:35;TA=M;MT=Variable	NT=Trypsin;AC=MS:1001251	NT=collision-induced dissociation;AC=MS:1000133	0.5 Da	0.5 Da	sds page	1	1	20160219_CLASP2_HA_3029_18.raw	ftp://ftp.pride.ebi.ac.uk/pride/data/archive/2017/06/PXD003674/20160219_CLASP2_HA_3029_18.raw	v1.1.0	NT=ms-proteomics;VV=v1.1.0	manual curation
20160528_Sample9	mus musculus	not available	not applicable	not available	1	20160528_Sample9	proteomic profiling by mass spectrometry	NT=Data-dependent acquisition;AC=PRIDE:0000627	NT=label free sample;AC=MS:1002038	NT=orbitrap elite;AC=MS:1001910	NT=Phospho;AC=UNIMOD:21;TA=S,T,Y;MT=Variable	NT=Oxidation;AC=UNIMOD:35;TA=M;MT=Variable	NT=Trypsin;AC=MS:1001251	NT=collision-induced dissociation;AC=MS:1000133	0.5 Da	0.5 Da	sds page	1	1	20160528_Sample9.raw	ftp://ftp.pride.ebi.ac.uk/pride/data/archive/2017/06/PXD003674/20160528_Sample9.raw	v1.1.0	NT=ms-proteomics;VV=v1.1.0	manual curation
20160219_CLASP2_HA_3029_12	mus musculus	not available	not applicable	not available	12	20160219_CLASP2_HA_3029_12	proteomic profiling by mass spectrometry	NT=Data-dependent acquisition;AC=PRIDE:0000627	NT=label free sample;AC=MS:1002038	NT=orbitrap elite;AC=MS:1001910	NT=Phospho;AC=UNIMOD:21;TA=S,T,Y;MT=Variable	NT=Oxidation;AC=UNIMOD:35;TA=M;MT=Variable	NT=Trypsin;AC=MS:1001251	NT=collision-induced dissociation;AC=MS:1000133	0.5 Da	0.5 Da	sds page	1	1	20160219_CLASP2_HA_3029_12.raw	ftp://ftp.pride.ebi.ac.uk/pride/data/archive/2017/06/PXD003674/20160219_CLASP2_HA_3029_12.raw	v1.1.0	NT=ms-proteomics;VV=v1.1.0	manual curation
20150513_CLASP2_1076_41	mus musculus	not available	not applicable	not available	41	20150513_CLASP2_1076_41	proteomic profiling by mass spectrometry	NT=Data-dependent acquisition;AC=PRIDE:0000627	NT=label free sample;AC=MS:1002038	NT=orbitrap elite;AC=MS:1001910	NT=Phospho;AC=UNIMOD:21;TA=S,T,Y;MT=Variable	NT=Oxidation;AC=UNIMOD:35;TA=M;MT=Variable	NT=Trypsin;AC=MS:1001251	NT=collision-induced dissociation;AC=MS:1000133	0.5 Da	0.5 Da	sds page	1	1	20150513_CLASP2_1076_41.raw	ftp://ftp.pride.ebi.ac.uk/pride/data/archive/2017/06/PXD003674/20150513_CLASP2_1076_41.raw	v1.1.0	NT=ms-proteomics;VV=v1.1.0	manual curation
20150513_CLASP2_1076_55	mus musculus	not available	not applicable	not available	55	20150513_CLASP2_1076_55	proteomic profiling by mass spectrometry	NT=Data-dependent acquisition;AC=PRIDE:0000627	NT=label free sample;AC=MS:1002038	NT=orbitrap elite;AC=MS:1001910	NT=Phospho;AC=UNIMOD:21;TA=S,T,Y;MT=Variable	NT=Oxidation;AC=UNIMOD:35;TA=M;MT=Variable	NT=Trypsin;AC=MS:1001251	NT=collision-induced dissociation;AC=MS:1000133	0.5 Da	0.5 Da	sds page	1	1	20150513_CLASP2_1076_55.raw	ftp://ftp.pride.ebi.ac.uk/pride/data/archive/2017/06/PXD003674/20150513_CLASP2_1076_55.raw	v1.1.0	NT=ms-proteomics;VV=v1.1.0	manual curation
20160505_3071_40	mus musculus	not available	not applicable	not available	40	20160505_3071_40	proteomic profiling by mass spectrometry	NT=Data-dependent acquisition;AC=PRIDE:0000627	NT=label free sample;AC=MS:1002038	NT=orbitrap elite;AC=MS:1001910	NT=Phospho;AC=UNIMOD:21;TA=S,T,Y;MT=Variable	NT=Oxidation;AC=UNIMOD:35;TA=M;MT=Variable	NT=Trypsin;AC=MS:1001251	NT=collision-induced dissociation;AC=MS:1000133	0.5 Da	0.5 Da	sds page	1	1	20160505_3071_40.raw	ftp://ftp.pride.ebi.ac.uk/pride/data/archive/2017/06/PXD003674/20160505_3071_40.raw	v1.1.0	NT=ms-proteomics;VV=v1.1.0	manual curation
20160408_3056_14	mus musculus	not available	not applicable	not available	14	20160408_3056_14	proteomic profiling by mass spectrometry	NT=Data-dependent acquisition;AC=PRIDE:0000627	NT=label free sample;AC=MS:1002038	NT=orbitrap elite;AC=MS:1001910	NT=Phospho;AC=UNIMOD:21;TA=S,T,Y;MT=Variable	NT=Oxidation;AC=UNIMOD:35;TA=M;MT=Variable	NT=Trypsin;AC=MS:1001251	NT=collision-induced dissociation;AC=MS:1000133	0.5 Da	0.5 Da	sds page	1	1	20160408_3056_14.raw	ftp://ftp.pride.ebi.ac.uk/pride/data/archive/2017/06/PXD003674/20160408_3056_14.raw	v1.1.0	NT=ms-proteomics;VV=v1.1.0	manual curation
20160528_Sample5	mus musculus	not available	not applicable	not available	1	20160528_Sample5	proteomic profiling by mass spectrometry	NT=Data-dependent acquisition;AC=PRIDE:0000627	NT=label free sample;AC=MS:1002038	NT=orbitrap elite;AC=MS:1001910	NT=Phospho;AC=UNIMOD:21;TA=S,T,Y;MT=Variable	NT=Oxidation;AC=UNIMOD:35;TA=M;MT=Variable	NT=Trypsin;AC=MS:1001251	NT=collision-induced dissociation;AC=MS:1000133	0.5 Da	0.5 Da	sds page	1	1	20160528_Sample5.raw	ftp://ftp.pride.ebi.ac.uk/pride/data/archive/2017/06/PXD003674/20160528_Sample5.raw	v1.1.0	NT=ms-proteomics;VV=v1.1.0	manual curation
20160401_3055_16	mus musculus	not available	not applicable	not available	16	20160401_3055_16	proteomic profiling by mass spectrometry	NT=Data-dependent acquisition;AC=PRIDE:0000627	NT=label free sample;AC=MS:1002038	NT=orbitrap elite;AC=MS:1001910	NT=Phospho;AC=UNIMOD:21;TA=S,T,Y;MT=Variable	NT=Oxidation;AC=UNIMOD:35;TA=M;MT=Variable	NT=Trypsin;AC=MS:1001251	NT=collision-induced dissociation;AC=MS:1000133	0.5 Da	0.5 Da	sds page	1	1	20160401_3055_16.raw	ftp://ftp.pride.ebi.ac.uk/pride/data/archive/2017/06/PXD003674/20160401_3055_16.raw	v1.1.0	NT=ms-proteomics;VV=v1.1.0	manual curation
20160520_3074_19	mus musculus	not available	not applicable	not available	19	20160520_3074_19	proteomic profiling by mass spectrometry	NT=Data-dependent acquisition;AC=PRIDE:0000627	NT=label free sample;AC=MS:1002038	NT=orbitrap elite;AC=MS:1001910	NT=Phospho;AC=UNIMOD:21;TA=S,T,Y;MT=Variable	NT=Oxidation;AC=UNIMOD:35;TA=M;MT=Variable	NT=Trypsin;AC=MS:1001251	NT=collision-induced dissociation;AC=MS:1000133	0.5 Da	0.5 Da	sds page	1	1	20160520_3074_19.raw	ftp://ftp.pride.ebi.ac.uk/pride/data/archive/2017/06/PXD003674/20160520_3074_19.raw	v1.1.0	NT=ms-proteomics;VV=v1.1.0	manual curation
20161007_3017_11	mus musculus	not available	not applicable	not available	11	20161007_3017_11	proteomic profiling by mass spectrometry	NT=Data-dependent acquisition;AC=PRIDE:0000627	NT=label free sample;AC=MS:1002038	NT=orbitrap elite;AC=MS:1001910	NT=Phospho;AC=UNIMOD:21;TA=S,T,Y;MT=Variable	NT=Oxidation;AC=UNIMOD:35;TA=M;MT=Variable	NT=Trypsin;AC=MS:1001251	NT=collision-induced dissociation;AC=MS:1000133	0.5 Da	0.5 Da	sds page	1	1	20161007_3017_11.raw	ftp://ftp.pride.ebi.ac.uk/pride/data/archive/2017/06/PXD003674/20161007_3017_11.raw	v1.1.0	NT=ms-proteomics;VV=v1.1.0	manual curation
20150511_CLASP2_1076_32	mus musculus	not available	not applicable	not available	32	20150511_CLASP2_1076_32	proteomic profiling by mass spectrometry	NT=Data-dependent acquisition;AC=PRIDE:0000627	NT=label free sample;AC=MS:1002038	NT=orbitrap elite;AC=MS:1001910	NT=Phospho;AC=UNIMOD:21;TA=S,T,Y;MT=Variable	NT=Oxidation;AC=UNIMOD:35;TA=M;MT=Variable	NT=Trypsin;AC=MS:1001251	NT=collision-induced dissociation;AC=MS:1000133	0.5 Da	0.5 Da	sds page	1	1	20150511_CLASP2_1076_32.raw	ftp://ftp.pride.ebi.ac.uk/pride/data/archive/2017/06/PXD003674/20150511_CLASP2_1076_32.raw	v1.1.0	NT=ms-proteomics;VV=v1.1.0	manual curation
20161007_3017_14	mus musculus	not available	not applicable	not available	14	20161007_3017_14	proteomic profiling by mass spectrometry	NT=Data-dependent acquisition;AC=PRIDE:0000627	NT=label free sample;AC=MS:1002038	NT=orbitrap elite;AC=MS:1001910	NT=Phospho;AC=UNIMOD:21;TA=S,T,Y;MT=Variable	NT=Oxidation;AC=UNIMOD:35;TA=M;MT=Variable	NT=Trypsin;AC=MS:1001251	NT=collision-induced dissociation;AC=MS:1000133	0.5 Da	0.5 Da	sds page	1	1	20161007_3017_14.raw	ftp://ftp.pride.ebi.ac.uk/pride/data/archive/2017/06/PXD003674/20161007_3017_14.raw	v1.1.0	NT=ms-proteomics;VV=v1.1.0	manual curation
20161007_3017_5	mus musculus	not available	not applicable	not available	5	20161007_3017_5	proteomic profiling by mass spectrometry	NT=Data-dependent acquisition;AC=PRIDE:0000627	NT=label free sample;AC=MS:1002038	NT=orbitrap elite;AC=MS:1001910	NT=Phospho;AC=UNIMOD:21;TA=S,T,Y;MT=Variable	NT=Oxidation;AC=UNIMOD:35;TA=M;MT=Variable	NT=Trypsin;AC=MS:1001251	NT=collision-induced dissociation;AC=MS:1000133	0.5 Da	0.5 Da	sds page	1	1	20161007_3017_5.raw	ftp://ftp.pride.ebi.ac.uk/pride/data/archive/2017/06/PXD003674/20161007_3017_5.raw	v1.1.0	NT=ms-proteomics;VV=v1.1.0	manual curation
20160603_3077_27	mus musculus	not available	not applicable	not available	27	20160603_3077_27	proteomic profiling by mass spectrometry	NT=Data-dependent acquisition;AC=PRIDE:0000627	NT=label free sample;AC=MS:1002038	NT=orbitrap elite;AC=MS:1001910	NT=Phospho;AC=UNIMOD:21;TA=S,T,Y;MT=Variable	NT=Oxidation;AC=UNIMOD:35;TA=M;MT=Variable	NT=Trypsin;AC=MS:1001251	NT=collision-induced dissociation;AC=MS:1000133	0.5 Da	0.5 Da	sds page	1	1	20160603_3077_27.raw	ftp://ftp.pride.ebi.ac.uk/pride/data/archive/2017/06/PXD003674/20160603_3077_27.raw	v1.1.0	NT=ms-proteomics;VV=v1.1.0	manual curation
20160528_Sample3	mus musculus	not available	not applicable	not available	1	20160528_Sample3	proteomic profiling by mass spectrometry	NT=Data-dependent acquisition;AC=PRIDE:0000627	NT=label free sample;AC=MS:1002038	NT=orbitrap elite;AC=MS:1001910	NT=Phospho;AC=UNIMOD:21;TA=S,T,Y;MT=Variable	NT=Oxidation;AC=UNIMOD:35;TA=M;MT=Variable	NT=Trypsin;AC=MS:1001251	NT=collision-induced dissociation;AC=MS:1000133	0.5 Da	0.5 Da	sds page	1	1	20160528_Sample3.raw	ftp://ftp.pride.ebi.ac.uk/pride/data/archive/2017/06/PXD003674/20160528_Sample3.raw	v1.1.0	NT=ms-proteomics;VV=v1.1.0	manual curation
20160407_3056_27	mus musculus	not available	not applicable	not available	27	20160407_3056_27	proteomic profiling by mass spectrometry	NT=Data-dependent acquisition;AC=PRIDE:0000627	NT=label free sample;AC=MS:1002038	NT=orbitrap elite;AC=MS:1001910	NT=Phospho;AC=UNIMOD:21;TA=S,T,Y;MT=Variable	NT=Oxidation;AC=UNIMOD:35;TA=M;MT=Variable	NT=Trypsin;AC=MS:1001251	NT=collision-induced dissociation;AC=MS:1000133	0.5 Da	0.5 Da	sds page	1	1	20160407_3056_27.raw	ftp://ftp.pride.ebi.ac.uk/pride/data/archive/2017/06/PXD003674/20160407_3056_27.raw	v1.1.0	NT=ms-proteomics;VV=v1.1.0	manual curation
20150410_22	mus musculus	not available	not applicable	not available	22	20150410_22	proteomic profiling by mass spectrometry	NT=Data-dependent acquisition;AC=PRIDE:0000627	NT=label free sample;AC=MS:1002038	NT=orbitrap elite;AC=MS:1001910	NT=Phospho;AC=UNIMOD:21;TA=S,T,Y;MT=Variable	NT=Oxidation;AC=UNIMOD:35;TA=M;MT=Variable	NT=Trypsin;AC=MS:1001251	NT=collision-induced dissociation;AC=MS:1000133	0.5 Da	0.5 Da	sds page	1	1	20150410_22.raw	ftp://ftp.pride.ebi.ac.uk/pride/data/archive/2017/06/PXD003674/20150410_22.raw	v1.1.0	NT=ms-proteomics;VV=v1.1.0	manual curation
20160318_3053_CLASP2_ABT263_1	mus musculus	not available	not applicable	not available	1	20160318_3053_CLASP2_ABT263_1	proteomic profiling by mass spectrometry	NT=Data-dependent acquisition;AC=PRIDE:0000627	NT=label free sample;AC=MS:1002038	NT=orbitrap elite;AC=MS:1001910	NT=Phospho;AC=UNIMOD:21;TA=S,T,Y;MT=Variable	NT=Oxidation;AC=UNIMOD:35;TA=M;MT=Variable	NT=Trypsin;AC=MS:1001251	NT=collision-induced dissociation;AC=MS:1000133	0.5 Da	0.5 Da	sds page	1	1	20160318_3053_CLASP2_ABT263_1.raw	ftp://ftp.pride.ebi.ac.uk/pride/data/archive/2017/06/PXD003674/20160318_3053_CLASP2_ABT263_1.raw	v1.1.0	NT=ms-proteomics;VV=v1.1.0	manual curation
20160416_3065_AGAP3_SOGA1_3	mus musculus	not available	not applicable	not available	3	20160416_3065_AGAP3_SOGA1_3	proteomic profiling by mass spectrometry	NT=Data-dependent acquisition;AC=PRIDE:0000627	NT=label free sample;AC=MS:1002038	NT=orbitrap elite;AC=MS:1001910	NT=Phospho;AC=UNIMOD:21;TA=S,T,Y;MT=Variable	NT=Oxidation;AC=UNIMOD:35;TA=M;MT=Variable	NT=Trypsin;AC=MS:1001251	NT=collision-induced dissociation;AC=MS:1000133	0.5 Da	0.5 Da	sds page	1	1	20160416_3065_AGAP3_SOGA1_3.raw	ftp://ftp.pride.ebi.ac.uk/pride/data/archive/2017/06/PXD003674/20160416_3065_AGAP3_SOGA1_3.raw	v1.1.0	NT=ms-proteomics;VV=v1.1.0	manual curation
20160425_3066_7	mus musculus	not available	not applicable	not available	7	20160425_3066_7	proteomic profiling by mass spectrometry	NT=Data-dependent acquisition;AC=PRIDE:0000627	NT=label free sample;AC=MS:1002038	NT=orbitrap elite;AC=MS:1001910	NT=Phospho;AC=UNIMOD:21;TA=S,T,Y;MT=Variable	NT=Oxidation;AC=UNIMOD:35;TA=M;MT=Variable	NT=Trypsin;AC=MS:1001251	NT=collision-induced dissociation;AC=MS:1000133	0.5 Da	0.5 Da	sds page	1	1	20160425_3066_7.raw	ftp://ftp.pride.ebi.ac.uk/pride/data/archive/2017/06/PXD003674/20160425_3066_7.raw	v1.1.0	NT=ms-proteomics;VV=v1.1.0	manual curation
20161007_3017_3	mus musculus	not available	not applicable	not available	3	20161007_3017_3	proteomic profiling by mass spectrometry	NT=Data-dependent acquisition;AC=PRIDE:0000627	NT=label free sample;AC=MS:1002038	NT=orbitrap elite;AC=MS:1001910	NT=Phospho;AC=UNIMOD:21;TA=S,T,Y;MT=Variable	NT=Oxidation;AC=UNIMOD:35;TA=M;MT=Variable	NT=Trypsin;AC=MS:1001251	NT=collision-induced dissociation;AC=MS:1000133	0.5 Da	0.5 Da	sds page	1	1	20161007_3017_3.raw	ftp://ftp.pride.ebi.ac.uk/pride/data/archive/2017/06/PXD003674/20161007_3017_3.raw	v1.1.0	NT=ms-proteomics;VV=v1.1.0	manual curation
20160407_3056_19	mus musculus	not available	not applicable	not available	19	20160407_3056_19	proteomic profiling by mass spectrometry	NT=Data-dependent acquisition;AC=PRIDE:0000627	NT=label free sample;AC=MS:1002038	NT=orbitrap elite;AC=MS:1001910	NT=Phospho;AC=UNIMOD:21;TA=S,T,Y;MT=Variable	NT=Oxidation;AC=UNIMOD:35;TA=M;MT=Variable	NT=Trypsin;AC=MS:1001251	NT=collision-induced dissociation;AC=MS:1000133	0.5 Da	0.5 Da	sds page	1	1	20160407_3056_19.raw	ftp://ftp.pride.ebi.ac.uk/pride/data/archive/2017/06/PXD003674/20160407_3056_19.raw	v1.1.0	NT=ms-proteomics;VV=v1.1.0	manual curation
20160523_1222_12	mus musculus	not available	not applicable	not available	12	20160523_1222_12	proteomic profiling by mass spectrometry	NT=Data-dependent acquisition;AC=PRIDE:0000627	NT=label free sample;AC=MS:1002038	NT=orbitrap elite;AC=MS:1001910	NT=Phospho;AC=UNIMOD:21;TA=S,T,Y;MT=Variable	NT=Oxidation;AC=UNIMOD:35;TA=M;MT=Variable	NT=Trypsin;AC=MS:1001251	NT=collision-induced dissociation;AC=MS:1000133	0.5 Da	0.5 Da	sds page	1	1	20160523_1222_12.raw	ftp://ftp.pride.ebi.ac.uk/pride/data/archive/2017/06/PXD003674/20160523_1222_12.raw	v1.1.0	NT=ms-proteomics;VV=v1.1.0	manual curation
20160520_3074_24	mus musculus	not available	not applicable	not available	24	20160520_3074_24	proteomic profiling by mass spectrometry	NT=Data-dependent acquisition;AC=PRIDE:0000627	NT=label free sample;AC=MS:1002038	NT=orbitrap elite;AC=MS:1001910	NT=Phospho;AC=UNIMOD:21;TA=S,T,Y;MT=Variable	NT=Oxidation;AC=UNIMOD:35;TA=M;MT=Variable	NT=Trypsin;AC=MS:1001251	NT=collision-induced dissociation;AC=MS:1000133	0.5 Da	0.5 Da	sds page	1	1	20160520_3074_24.raw	ftp://ftp.pride.ebi.ac.uk/pride/data/archive/2017/06/PXD003674/20160520_3074_24.raw	v1.1.0	NT=ms-proteomics;VV=v1.1.0	manual curation
20160219_CLASP2_HA_3029_31	mus musculus	not available	not applicable	not available	31	20160219_CLASP2_HA_3029_31	proteomic profiling by mass spectrometry	NT=Data-dependent acquisition;AC=PRIDE:0000627	NT=label free sample;AC=MS:1002038	NT=orbitrap elite;AC=MS:1001910	NT=Phospho;AC=UNIMOD:21;TA=S,T,Y;MT=Variable	NT=Oxidation;AC=UNIMOD:35;TA=M;MT=Variable	NT=Trypsin;AC=MS:1001251	NT=collision-induced dissociation;AC=MS:1000133	0.5 Da	0.5 Da	sds page	1	1	20160219_CLASP2_HA_3029_31.raw	ftp://ftp.pride.ebi.ac.uk/pride/data/archive/2017/06/PXD003674/20160219_CLASP2_HA_3029_31.raw	v1.1.0	NT=ms-proteomics;VV=v1.1.0	manual curation
20160603_3077_14	mus musculus	not available	not applicable	not available	14	20160603_3077_14	proteomic profiling by mass spectrometry	NT=Data-dependent acquisition;AC=PRIDE:0000627	NT=label free sample;AC=MS:1002038	NT=orbitrap elite;AC=MS:1001910	NT=Phospho;AC=UNIMOD:21;TA=S,T,Y;MT=Variable	NT=Oxidation;AC=UNIMOD:35;TA=M;MT=Variable	NT=Trypsin;AC=MS:1001251	NT=collision-induced dissociation;AC=MS:1000133	0.5 Da	0.5 Da	sds page	1	1	20160603_3077_14.raw	ftp://ftp.pride.ebi.ac.uk/pride/data/archive/2017/06/PXD003674/20160603_3077_14.raw	v1.1.0	NT=ms-proteomics;VV=v1.1.0	manual curation
20150506_23	mus musculus	not available	not applicable	not available	23	20150506_23	proteomic profiling by mass spectrometry	NT=Data-dependent acquisition;AC=PRIDE:0000627	NT=label free sample;AC=MS:1002038	NT=orbitrap elite;AC=MS:1001910	NT=Phospho;AC=UNIMOD:21;TA=S,T,Y;MT=Variable	NT=Oxidation;AC=UNIMOD:35;TA=M;MT=Variable	NT=Trypsin;AC=MS:1001251	NT=collision-induced dissociation;AC=MS:1000133	0.5 Da	0.5 Da	sds page	1	1	20150506_23.raw	ftp://ftp.pride.ebi.ac.uk/pride/data/archive/2017/06/PXD003674/20150506_23.raw	v1.1.0	NT=ms-proteomics;VV=v1.1.0	manual curation
20150513_CLASP2_1076_13	mus musculus	not available	not applicable	not available	13	20150513_CLASP2_1076_13	proteomic profiling by mass spectrometry	NT=Data-dependent acquisition;AC=PRIDE:0000627	NT=label free sample;AC=MS:1002038	NT=orbitrap elite;AC=MS:1001910	NT=Phospho;AC=UNIMOD:21;TA=S,T,Y;MT=Variable	NT=Oxidation;AC=UNIMOD:35;TA=M;MT=Variable	NT=Trypsin;AC=MS:1001251	NT=collision-induced dissociation;AC=MS:1000133	0.5 Da	0.5 Da	sds page	1	1	20150513_CLASP2_1076_13.raw	ftp://ftp.pride.ebi.ac.uk/pride/data/archive/2017/06/PXD003674/20150513_CLASP2_1076_13.raw	v1.1.0	NT=ms-proteomics;VV=v1.1.0	manual curation
20160530_3076_20	mus musculus	not available	not applicable	not available	20	20160530_3076_20	proteomic profiling by mass spectrometry	NT=Data-dependent acquisition;AC=PRIDE:0000627	NT=label free sample;AC=MS:1002038	NT=orbitrap elite;AC=MS:1001910	NT=Phospho;AC=UNIMOD:21;TA=S,T,Y;MT=Variable	NT=Oxidation;AC=UNIMOD:35;TA=M;MT=Variable	NT=Trypsin;AC=MS:1001251	NT=collision-induced dissociation;AC=MS:1000133	0.5 Da	0.5 Da	sds page	1	1	20160530_3076_20.raw	ftp://ftp.pride.ebi.ac.uk/pride/data/archive/2017/06/PXD003674/20160530_3076_20.raw	v1.1.0	NT=ms-proteomics;VV=v1.1.0	manual curation
20160416_3065_AGAP3_SOGA1_2	mus musculus	not available	not applicable	not available	2	20160416_3065_AGAP3_SOGA1_2	proteomic profiling by mass spectrometry	NT=Data-dependent acquisition;AC=PRIDE:0000627	NT=label free sample;AC=MS:1002038	NT=orbitrap elite;AC=MS:1001910	NT=Phospho;AC=UNIMOD:21;TA=S,T,Y;MT=Variable	NT=Oxidation;AC=UNIMOD:35;TA=M;MT=Variable	NT=Trypsin;AC=MS:1001251	NT=collision-induced dissociation;AC=MS:1000133	0.5 Da	0.5 Da	sds page	1	1	20160416_3065_AGAP3_SOGA1_2.raw	ftp://ftp.pride.ebi.ac.uk/pride/data/archive/2017/06/PXD003674/20160416_3065_AGAP3_SOGA1_2.raw	v1.1.0	NT=ms-proteomics;VV=v1.1.0	manual curation
20160928_3106_6	mus musculus	not available	not applicable	not available	6	20160928_3106_6	proteomic profiling by mass spectrometry	NT=Data-dependent acquisition;AC=PRIDE:0000627	NT=label free sample;AC=MS:1002038	NT=orbitrap elite;AC=MS:1001910	NT=Phospho;AC=UNIMOD:21;TA=S,T,Y;MT=Variable	NT=Oxidation;AC=UNIMOD:35;TA=M;MT=Variable	NT=Trypsin;AC=MS:1001251	NT=collision-induced dissociation;AC=MS:1000133	0.5 Da	0.5 Da	sds page	1	1	20160928_3106_6.raw	ftp://ftp.pride.ebi.ac.uk/pride/data/archive/2017/06/PXD003674/20160928_3106_6.raw	v1.1.0	NT=ms-proteomics;VV=v1.1.0	manual curation
20160429_3066_31	mus musculus	not available	not applicable	not available	31	20160429_3066_31	proteomic profiling by mass spectrometry	NT=Data-dependent acquisition;AC=PRIDE:0000627	NT=label free sample;AC=MS:1002038	NT=orbitrap elite;AC=MS:1001910	NT=Phospho;AC=UNIMOD:21;TA=S,T,Y;MT=Variable	NT=Oxidation;AC=UNIMOD:35;TA=M;MT=Variable	NT=Trypsin;AC=MS:1001251	NT=collision-induced dissociation;AC=MS:1000133	0.5 Da	0.5 Da	sds page	1	1	20160429_3066_31.raw	ftp://ftp.pride.ebi.ac.uk/pride/data/archive/2017/06/PXD003674/20160429_3066_31.raw	v1.1.0	NT=ms-proteomics;VV=v1.1.0	manual curation
20150511_CLASP2_1076_53	mus musculus	not available	not applicable	not available	53	20150511_CLASP2_1076_53	proteomic profiling by mass spectrometry	NT=Data-dependent acquisition;AC=PRIDE:0000627	NT=label free sample;AC=MS:1002038	NT=orbitrap elite;AC=MS:1001910	NT=Phospho;AC=UNIMOD:21;TA=S,T,Y;MT=Variable	NT=Oxidation;AC=UNIMOD:35;TA=M;MT=Variable	NT=Trypsin;AC=MS:1001251	NT=collision-induced dissociation;AC=MS:1000133	0.5 Da	0.5 Da	sds page	1	1	20150511_CLASP2_1076_53.raw	ftp://ftp.pride.ebi.ac.uk/pride/data/archive/2017/06/PXD003674/20150511_CLASP2_1076_53.raw	v1.1.0	NT=ms-proteomics;VV=v1.1.0	manual curation
20160317_3053_CLASP2_ABT263_19	mus musculus	not available	not applicable	not available	19	20160317_3053_CLASP2_ABT263_19	proteomic profiling by mass spectrometry	NT=Data-dependent acquisition;AC=PRIDE:0000627	NT=label free sample;AC=MS:1002038	NT=orbitrap elite;AC=MS:1001910	NT=Phospho;AC=UNIMOD:21;TA=S,T,Y;MT=Variable	NT=Oxidation;AC=UNIMOD:35;TA=M;MT=Variable	NT=Trypsin;AC=MS:1001251	NT=collision-induced dissociation;AC=MS:1000133	0.5 Da	0.5 Da	sds page	1	1	20160317_3053_CLASP2_ABT263_19.raw	ftp://ftp.pride.ebi.ac.uk/pride/data/archive/2017/06/PXD003674/20160317_3053_CLASP2_ABT263_19.raw	v1.1.0	NT=ms-proteomics;VV=v1.1.0	manual curation
20160401_3055_13	mus musculus	not available	not applicable	not available	13	20160401_3055_13	proteomic profiling by mass spectrometry	NT=Data-dependent acquisition;AC=PRIDE:0000627	NT=label free sample;AC=MS:1002038	NT=orbitrap elite;AC=MS:1001910	NT=Phospho;AC=UNIMOD:21;TA=S,T,Y;MT=Variable	NT=Oxidation;AC=UNIMOD:35;TA=M;MT=Variable	NT=Trypsin;AC=MS:1001251	NT=collision-induced dissociation;AC=MS:1000133	0.5 Da	0.5 Da	sds page	1	1	20160401_3055_13.raw	ftp://ftp.pride.ebi.ac.uk/pride/data/archive/2017/06/PXD003674/20160401_3055_13.raw	v1.1.0	NT=ms-proteomics;VV=v1.1.0	manual curation
20160401_3055_12	mus musculus	not available	not applicable	not available	12	20160401_3055_12	proteomic profiling by mass spectrometry	NT=Data-dependent acquisition;AC=PRIDE:0000627	NT=label free sample;AC=MS:1002038	NT=orbitrap elite;AC=MS:1001910	NT=Phospho;AC=UNIMOD:21;TA=S,T,Y;MT=Variable	NT=Oxidation;AC=UNIMOD:35;TA=M;MT=Variable	NT=Trypsin;AC=MS:1001251	NT=collision-induced dissociation;AC=MS:1000133	0.5 Da	0.5 Da	sds page	1	1	20160401_3055_12.raw	ftp://ftp.pride.ebi.ac.uk/pride/data/archive/2017/06/PXD003674/20160401_3055_12.raw	v1.1.0	NT=ms-proteomics;VV=v1.1.0	manual curation
20150513_CLASP2_1076_20	mus musculus	not available	not applicable	not available	20	20150513_CLASP2_1076_20	proteomic profiling by mass spectrometry	NT=Data-dependent acquisition;AC=PRIDE:0000627	NT=label free sample;AC=MS:1002038	NT=orbitrap elite;AC=MS:1001910	NT=Phospho;AC=UNIMOD:21;TA=S,T,Y;MT=Variable	NT=Oxidation;AC=UNIMOD:35;TA=M;MT=Variable	NT=Trypsin;AC=MS:1001251	NT=collision-induced dissociation;AC=MS:1000133	0.5 Da	0.5 Da	sds page	1	1	20150513_CLASP2_1076_20.raw	ftp://ftp.pride.ebi.ac.uk/pride/data/archive/2017/06/PXD003674/20150513_CLASP2_1076_20.raw	v1.1.0	NT=ms-proteomics;VV=v1.1.0	manual curation
20160603_3077_22	mus musculus	not available	not applicable	not available	22	20160603_3077_22	proteomic profiling by mass spectrometry	NT=Data-dependent acquisition;AC=PRIDE:0000627	NT=label free sample;AC=MS:1002038	NT=orbitrap elite;AC=MS:1001910	NT=Phospho;AC=UNIMOD:21;TA=S,T,Y;MT=Variable	NT=Oxidation;AC=UNIMOD:35;TA=M;MT=Variable	NT=Trypsin;AC=MS:1001251	NT=collision-induced dissociation;AC=MS:1000133	0.5 Da	0.5 Da	sds page	1	1	20160603_3077_22.raw	ftp://ftp.pride.ebi.ac.uk/pride/data/archive/2017/06/PXD003674/20160603_3077_22.raw	v1.1.0	NT=ms-proteomics;VV=v1.1.0	manual curation
20160530_3076_18	mus musculus	not available	not applicable	not available	18	20160530_3076_18	proteomic profiling by mass spectrometry	NT=Data-dependent acquisition;AC=PRIDE:0000627	NT=label free sample;AC=MS:1002038	NT=orbitrap elite;AC=MS:1001910	NT=Phospho;AC=UNIMOD:21;TA=S,T,Y;MT=Variable	NT=Oxidation;AC=UNIMOD:35;TA=M;MT=Variable	NT=Trypsin;AC=MS:1001251	NT=collision-induced dissociation;AC=MS:1000133	0.5 Da	0.5 Da	sds page	1	1	20160530_3076_18.raw	ftp://ftp.pride.ebi.ac.uk/pride/data/archive/2017/06/PXD003674/20160530_3076_18.raw	v1.1.0	NT=ms-proteomics;VV=v1.1.0	manual curation
20160603_3077_15	mus musculus	not available	not applicable	not available	15	20160603_3077_15	proteomic profiling by mass spectrometry	NT=Data-dependent acquisition;AC=PRIDE:0000627	NT=label free sample;AC=MS:1002038	NT=orbitrap elite;AC=MS:1001910	NT=Phospho;AC=UNIMOD:21;TA=S,T,Y;MT=Variable	NT=Oxidation;AC=UNIMOD:35;TA=M;MT=Variable	NT=Trypsin;AC=MS:1001251	NT=collision-induced dissociation;AC=MS:1000133	0.5 Da	0.5 Da	sds page	1	1	20160603_3077_15.raw	ftp://ftp.pride.ebi.ac.uk/pride/data/archive/2017/06/PXD003674/20160603_3077_15.raw	v1.1.0	NT=ms-proteomics;VV=v1.1.0	manual curation
20160603_3077_16	mus musculus	not available	not applicable	not available	16	20160603_3077_16	proteomic profiling by mass spectrometry	NT=Data-dependent acquisition;AC=PRIDE:0000627	NT=label free sample;AC=MS:1002038	NT=orbitrap elite;AC=MS:1001910	NT=Phospho;AC=UNIMOD:21;TA=S,T,Y;MT=Variable	NT=Oxidation;AC=UNIMOD:35;TA=M;MT=Variable	NT=Trypsin;AC=MS:1001251	NT=collision-induced dissociation;AC=MS:1000133	0.5 Da	0.5 Da	sds page	1	1	20160603_3077_16.raw	ftp://ftp.pride.ebi.ac.uk/pride/data/archive/2017/06/PXD003674/20160603_3077_16.raw	v1.1.0	NT=ms-proteomics;VV=v1.1.0	manual curation
20160401_3055_10	mus musculus	not available	not applicable	not available	10	20160401_3055_10	proteomic profiling by mass spectrometry	NT=Data-dependent acquisition;AC=PRIDE:0000627	NT=label free sample;AC=MS:1002038	NT=orbitrap elite;AC=MS:1001910	NT=Phospho;AC=UNIMOD:21;TA=S,T,Y;MT=Variable	NT=Oxidation;AC=UNIMOD:35;TA=M;MT=Variable	NT=Trypsin;AC=MS:1001251	NT=collision-induced dissociation;AC=MS:1000133	0.5 Da	0.5 Da	sds page	1	1	20160401_3055_10.raw	ftp://ftp.pride.ebi.ac.uk/pride/data/archive/2017/06/PXD003674/20160401_3055_10.raw	v1.1.0	NT=ms-proteomics;VV=v1.1.0	manual curation
20160106_CLASP2_HA_3022_20	mus musculus	not available	not applicable	not available	20	20160106_CLASP2_HA_3022_20	proteomic profiling by mass spectrometry	NT=Data-dependent acquisition;AC=PRIDE:0000627	NT=label free sample;AC=MS:1002038	NT=orbitrap elite;AC=MS:1001910	NT=Phospho;AC=UNIMOD:21;TA=S,T,Y;MT=Variable	NT=Oxidation;AC=UNIMOD:35;TA=M;MT=Variable	NT=Trypsin;AC=MS:1001251	NT=collision-induced dissociation;AC=MS:1000133	0.5 Da	0.5 Da	sds page	1	1	20160106_CLASP2_HA_3022_20.raw	ftp://ftp.pride.ebi.ac.uk/pride/data/archive/2017/06/PXD003674/20160106_CLASP2_HA_3022_20.raw	v1.1.0	NT=ms-proteomics;VV=v1.1.0	manual curation
20160502_3071_15	mus musculus	not available	not applicable	not available	15	20160502_3071_15	proteomic profiling by mass spectrometry	NT=Data-dependent acquisition;AC=PRIDE:0000627	NT=label free sample;AC=MS:1002038	NT=orbitrap elite;AC=MS:1001910	NT=Phospho;AC=UNIMOD:21;TA=S,T,Y;MT=Variable	NT=Oxidation;AC=UNIMOD:35;TA=M;MT=Variable	NT=Trypsin;AC=MS:1001251	NT=collision-induced dissociation;AC=MS:1000133	0.5 Da	0.5 Da	sds page	1	1	20160502_3071_15.raw	ftp://ftp.pride.ebi.ac.uk/pride/data/archive/2017/06/PXD003674/20160502_3071_15.raw	v1.1.0	NT=ms-proteomics;VV=v1.1.0	manual curation
20160603_3077_21	mus musculus	not available	not applicable	not available	21	20160603_3077_21	proteomic profiling by mass spectrometry	NT=Data-dependent acquisition;AC=PRIDE:0000627	NT=label free sample;AC=MS:1002038	NT=orbitrap elite;AC=MS:1001910	NT=Phospho;AC=UNIMOD:21;TA=S,T,Y;MT=Variable	NT=Oxidation;AC=UNIMOD:35;TA=M;MT=Variable	NT=Trypsin;AC=MS:1001251	NT=collision-induced dissociation;AC=MS:1000133	0.5 Da	0.5 Da	sds page	1	1	20160603_3077_21.raw	ftp://ftp.pride.ebi.ac.uk/pride/data/archive/2017/06/PXD003674/20160603_3077_21.raw	v1.1.0	NT=ms-proteomics;VV=v1.1.0	manual curation
20160603_3077_9	mus musculus	not available	not applicable	not available	9	20160603_3077_9	proteomic profiling by mass spectrometry	NT=Data-dependent acquisition;AC=PRIDE:0000627	NT=label free sample;AC=MS:1002038	NT=orbitrap elite;AC=MS:1001910	NT=Phospho;AC=UNIMOD:21;TA=S,T,Y;MT=Variable	NT=Oxidation;AC=UNIMOD:35;TA=M;MT=Variable	NT=Trypsin;AC=MS:1001251	NT=collision-induced dissociation;AC=MS:1000133	0.5 Da	0.5 Da	sds page	1	1	20160603_3077_9.raw	ftp://ftp.pride.ebi.ac.uk/pride/data/archive/2017/06/PXD003674/20160603_3077_9.raw	v1.1.0	NT=ms-proteomics;VV=v1.1.0	manual curation
20150410_4	mus musculus	not available	not applicable	not available	4	20150410_4	proteomic profiling by mass spectrometry	NT=Data-dependent acquisition;AC=PRIDE:0000627	NT=label free sample;AC=MS:1002038	NT=orbitrap elite;AC=MS:1001910	NT=Phospho;AC=UNIMOD:21;TA=S,T,Y;MT=Variable	NT=Oxidation;AC=UNIMOD:35;TA=M;MT=Variable	NT=Trypsin;AC=MS:1001251	NT=collision-induced dissociation;AC=MS:1000133	0.5 Da	0.5 Da	sds page	1	1	20150410_4.raw	ftp://ftp.pride.ebi.ac.uk/pride/data/archive/2017/06/PXD003674/20150410_4.raw	v1.1.0	NT=ms-proteomics;VV=v1.1.0	manual curation
20160401_3055_18	mus musculus	not available	not applicable	not available	18	20160401_3055_18	proteomic profiling by mass spectrometry	NT=Data-dependent acquisition;AC=PRIDE:0000627	NT=label free sample;AC=MS:1002038	NT=orbitrap elite;AC=MS:1001910	NT=Phospho;AC=UNIMOD:21;TA=S,T,Y;MT=Variable	NT=Oxidation;AC=UNIMOD:35;TA=M;MT=Variable	NT=Trypsin;AC=MS:1001251	NT=collision-induced dissociation;AC=MS:1000133	0.5 Da	0.5 Da	sds page	1	1	20160401_3055_18.raw	ftp://ftp.pride.ebi.ac.uk/pride/data/archive/2017/06/PXD003674/20160401_3055_18.raw	v1.1.0	NT=ms-proteomics;VV=v1.1.0	manual curation
20160401_3055_11	mus musculus	not available	not applicable	not available	11	20160401_3055_11	proteomic profiling by mass spectrometry	NT=Data-dependent acquisition;AC=PRIDE:0000627	NT=label free sample;AC=MS:1002038	NT=orbitrap elite;AC=MS:1001910	NT=Phospho;AC=UNIMOD:21;TA=S,T,Y;MT=Variable	NT=Oxidation;AC=UNIMOD:35;TA=M;MT=Variable	NT=Trypsin;AC=MS:1001251	NT=collision-induced dissociation;AC=MS:1000133	0.5 Da	0.5 Da	sds page	1	1	20160401_3055_11.raw	ftp://ftp.pride.ebi.ac.uk/pride/data/archive/2017/06/PXD003674/20160401_3055_11.raw	v1.1.0	NT=ms-proteomics;VV=v1.1.0	manual curation
20160219_CLASP2_HA_3029_1	mus musculus	not available	not applicable	not available	1	20160219_CLASP2_HA_3029_1	proteomic profiling by mass spectrometry	NT=Data-dependent acquisition;AC=PRIDE:0000627	NT=label free sample;AC=MS:1002038	NT=orbitrap elite;AC=MS:1001910	NT=Phospho;AC=UNIMOD:21;TA=S,T,Y;MT=Variable	NT=Oxidation;AC=UNIMOD:35;TA=M;MT=Variable	NT=Trypsin;AC=MS:1001251	NT=collision-induced dissociation;AC=MS:1000133	0.5 Da	0.5 Da	sds page	1	1	20160219_CLASP2_HA_3029_1.raw	ftp://ftp.pride.ebi.ac.uk/pride/data/archive/2017/06/PXD003674/20160219_CLASP2_HA_3029_1.raw	v1.1.0	NT=ms-proteomics;VV=v1.1.0	manual curation
20160401_3055_28	mus musculus	not available	not applicable	not available	28	20160401_3055_28	proteomic profiling by mass spectrometry	NT=Data-dependent acquisition;AC=PRIDE:0000627	NT=label free sample;AC=MS:1002038	NT=orbitrap elite;AC=MS:1001910	NT=Phospho;AC=UNIMOD:21;TA=S,T,Y;MT=Variable	NT=Oxidation;AC=UNIMOD:35;TA=M;MT=Variable	NT=Trypsin;AC=MS:1001251	NT=collision-induced dissociation;AC=MS:1000133	0.5 Da	0.5 Da	sds page	1	1	20160401_3055_28.raw	ftp://ftp.pride.ebi.ac.uk/pride/data/archive/2017/06/PXD003674/20160401_3055_28.raw	v1.1.0	NT=ms-proteomics;VV=v1.1.0	manual curation
20160408_3056_10	mus musculus	not available	not applicable	not available	10	20160408_3056_10	proteomic profiling by mass spectrometry	NT=Data-dependent acquisition;AC=PRIDE:0000627	NT=label free sample;AC=MS:1002038	NT=orbitrap elite;AC=MS:1001910	NT=Phospho;AC=UNIMOD:21;TA=S,T,Y;MT=Variable	NT=Oxidation;AC=UNIMOD:35;TA=M;MT=Variable	NT=Trypsin;AC=MS:1001251	NT=collision-induced dissociation;AC=MS:1000133	0.5 Da	0.5 Da	sds page	1	1	20160408_3056_10.raw	ftp://ftp.pride.ebi.ac.uk/pride/data/archive/2017/06/PXD003674/20160408_3056_10.raw	v1.1.0	NT=ms-proteomics;VV=v1.1.0	manual curation
20160219_CLASP2_HA_3029_32	mus musculus	not available	not applicable	not available	32	20160219_CLASP2_HA_3029_32	proteomic profiling by mass spectrometry	NT=Data-dependent acquisition;AC=PRIDE:0000627	NT=label free sample;AC=MS:1002038	NT=orbitrap elite;AC=MS:1001910	NT=Phospho;AC=UNIMOD:21;TA=S,T,Y;MT=Variable	NT=Oxidation;AC=UNIMOD:35;TA=M;MT=Variable	NT=Trypsin;AC=MS:1001251	NT=collision-induced dissociation;AC=MS:1000133	0.5 Da	0.5 Da	sds page	1	1	20160219_CLASP2_HA_3029_32.raw	ftp://ftp.pride.ebi.ac.uk/pride/data/archive/2017/06/PXD003674/20160219_CLASP2_HA_3029_32.raw	v1.1.0	NT=ms-proteomics;VV=v1.1.0	manual curation
20160314_3049_14	mus musculus	not available	not applicable	not available	14	20160314_3049_14	proteomic profiling by mass spectrometry	NT=Data-dependent acquisition;AC=PRIDE:0000627	NT=label free sample;AC=MS:1002038	NT=orbitrap elite;AC=MS:1001910	NT=Phospho;AC=UNIMOD:21;TA=S,T,Y;MT=Variable	NT=Oxidation;AC=UNIMOD:35;TA=M;MT=Variable	NT=Trypsin;AC=MS:1001251	NT=collision-induced dissociation;AC=MS:1000133	0.5 Da	0.5 Da	sds page	1	1	20160314_3049_14.raw	ftp://ftp.pride.ebi.ac.uk/pride/data/archive/2017/06/PXD003674/20160314_3049_14.raw	v1.1.0	NT=ms-proteomics;VV=v1.1.0	manual curation
20150511_CLASP2_1076_4	mus musculus	not available	not applicable	not available	4	20150511_CLASP2_1076_4	proteomic profiling by mass spectrometry	NT=Data-dependent acquisition;AC=PRIDE:0000627	NT=label free sample;AC=MS:1002038	NT=orbitrap elite;AC=MS:1001910	NT=Phospho;AC=UNIMOD:21;TA=S,T,Y;MT=Variable	NT=Oxidation;AC=UNIMOD:35;TA=M;MT=Variable	NT=Trypsin;AC=MS:1001251	NT=collision-induced dissociation;AC=MS:1000133	0.5 Da	0.5 Da	sds page	1	1	20150511_CLASP2_1076_4.raw	ftp://ftp.pride.ebi.ac.uk/pride/data/archive/2017/06/PXD003674/20150511_CLASP2_1076_4.raw	v1.1.0	NT=ms-proteomics;VV=v1.1.0	manual curation
20161007_3017_7	mus musculus	not available	not applicable	not available	7	20161007_3017_7	proteomic profiling by mass spectrometry	NT=Data-dependent acquisition;AC=PRIDE:0000627	NT=label free sample;AC=MS:1002038	NT=orbitrap elite;AC=MS:1001910	NT=Phospho;AC=UNIMOD:21;TA=S,T,Y;MT=Variable	NT=Oxidation;AC=UNIMOD:35;TA=M;MT=Variable	NT=Trypsin;AC=MS:1001251	NT=collision-induced dissociation;AC=MS:1000133	0.5 Da	0.5 Da	sds page	1	1	20161007_3017_7.raw	ftp://ftp.pride.ebi.ac.uk/pride/data/archive/2017/06/PXD003674/20161007_3017_7.raw	v1.1.0	NT=ms-proteomics;VV=v1.1.0	manual curation
20160425_3066_3	mus musculus	not available	not applicable	not available	3	20160425_3066_3	proteomic profiling by mass spectrometry	NT=Data-dependent acquisition;AC=PRIDE:0000627	NT=label free sample;AC=MS:1002038	NT=orbitrap elite;AC=MS:1001910	NT=Phospho;AC=UNIMOD:21;TA=S,T,Y;MT=Variable	NT=Oxidation;AC=UNIMOD:35;TA=M;MT=Variable	NT=Trypsin;AC=MS:1001251	NT=collision-induced dissociation;AC=MS:1000133	0.5 Da	0.5 Da	sds page	1	1	20160425_3066_3.raw	ftp://ftp.pride.ebi.ac.uk/pride/data/archive/2017/06/PXD003674/20160425_3066_3.raw	v1.1.0	NT=ms-proteomics;VV=v1.1.0	manual curation
20150508_CLASP2_1076_24	mus musculus	not available	not applicable	not available	24	20150508_CLASP2_1076_24	proteomic profiling by mass spectrometry	NT=Data-dependent acquisition;AC=PRIDE:0000627	NT=label free sample;AC=MS:1002038	NT=orbitrap elite;AC=MS:1001910	NT=Phospho;AC=UNIMOD:21;TA=S,T,Y;MT=Variable	NT=Oxidation;AC=UNIMOD:35;TA=M;MT=Variable	NT=Trypsin;AC=MS:1001251	NT=collision-induced dissociation;AC=MS:1000133	0.5 Da	0.5 Da	sds page	1	1	20150508_CLASP2_1076_24.raw	ftp://ftp.pride.ebi.ac.uk/pride/data/archive/2017/06/PXD003674/20150508_CLASP2_1076_24.raw	v1.1.0	NT=ms-proteomics;VV=v1.1.0	manual curation
20160401_3055_14	mus musculus	not available	not applicable	not available	14	20160401_3055_14	proteomic profiling by mass spectrometry	NT=Data-dependent acquisition;AC=PRIDE:0000627	NT=label free sample;AC=MS:1002038	NT=orbitrap elite;AC=MS:1001910	NT=Phospho;AC=UNIMOD:21;TA=S,T,Y;MT=Variable	NT=Oxidation;AC=UNIMOD:35;TA=M;MT=Variable	NT=Trypsin;AC=MS:1001251	NT=collision-induced dissociation;AC=MS:1000133	0.5 Da	0.5 Da	sds page	1	1	20160401_3055_14.raw	ftp://ftp.pride.ebi.ac.uk/pride/data/archive/2017/06/PXD003674/20160401_3055_14.raw	v1.1.0	NT=ms-proteomics;VV=v1.1.0	manual curation
20150506_29	mus musculus	not available	not applicable	not available	29	20150506_29	proteomic profiling by mass spectrometry	NT=Data-dependent acquisition;AC=PRIDE:0000627	NT=label free sample;AC=MS:1002038	NT=orbitrap elite;AC=MS:1001910	NT=Phospho;AC=UNIMOD:21;TA=S,T,Y;MT=Variable	NT=Oxidation;AC=UNIMOD:35;TA=M;MT=Variable	NT=Trypsin;AC=MS:1001251	NT=collision-induced dissociation;AC=MS:1000133	0.5 Da	0.5 Da	sds page	1	1	20150506_29.raw	ftp://ftp.pride.ebi.ac.uk/pride/data/archive/2017/06/PXD003674/20150506_29.raw	v1.1.0	NT=ms-proteomics;VV=v1.1.0	manual curation
20150511_CLASP2_1076_81	mus musculus	not available	not applicable	not available	81	20150511_CLASP2_1076_81	proteomic profiling by mass spectrometry	NT=Data-dependent acquisition;AC=PRIDE:0000627	NT=label free sample;AC=MS:1002038	NT=orbitrap elite;AC=MS:1001910	NT=Phospho;AC=UNIMOD:21;TA=S,T,Y;MT=Variable	NT=Oxidation;AC=UNIMOD:35;TA=M;MT=Variable	NT=Trypsin;AC=MS:1001251	NT=collision-induced dissociation;AC=MS:1000133	0.5 Da	0.5 Da	sds page	1	1	20150511_CLASP2_1076_81.raw	ftp://ftp.pride.ebi.ac.uk/pride/data/archive/2017/06/PXD003674/20150511_CLASP2_1076_81.raw	v1.1.0	NT=ms-proteomics;VV=v1.1.0	manual curation
20160519_3074_6	mus musculus	not available	not applicable	not available	6	20160519_3074_6	proteomic profiling by mass spectrometry	NT=Data-dependent acquisition;AC=PRIDE:0000627	NT=label free sample;AC=MS:1002038	NT=orbitrap elite;AC=MS:1001910	NT=Phospho;AC=UNIMOD:21;TA=S,T,Y;MT=Variable	NT=Oxidation;AC=UNIMOD:35;TA=M;MT=Variable	NT=Trypsin;AC=MS:1001251	NT=collision-induced dissociation;AC=MS:1000133	0.5 Da	0.5 Da	sds page	1	1	20160519_3074_6.raw	ftp://ftp.pride.ebi.ac.uk/pride/data/archive/2017/06/PXD003674/20160519_3074_6.raw	v1.1.0	NT=ms-proteomics;VV=v1.1.0	manual curation
20160528_Sample11	mus musculus	not available	not applicable	not available	1	20160528_Sample11	proteomic profiling by mass spectrometry	NT=Data-dependent acquisition;AC=PRIDE:0000627	NT=label free sample;AC=MS:1002038	NT=orbitrap elite;AC=MS:1001910	NT=Phospho;AC=UNIMOD:21;TA=S,T,Y;MT=Variable	NT=Oxidation;AC=UNIMOD:35;TA=M;MT=Variable	NT=Trypsin;AC=MS:1001251	NT=collision-induced dissociation;AC=MS:1000133	0.5 Da	0.5 Da	sds page	1	1	20160528_Sample11.raw	ftp://ftp.pride.ebi.ac.uk/pride/data/archive/2017/06/PXD003674/20160528_Sample11.raw	v1.1.0	NT=ms-proteomics;VV=v1.1.0	manual curation
20160309_3049_27	mus musculus	not available	not applicable	not available	27	20160309_3049_27	proteomic profiling by mass spectrometry	NT=Data-dependent acquisition;AC=PRIDE:0000627	NT=label free sample;AC=MS:1002038	NT=orbitrap elite;AC=MS:1001910	NT=Phospho;AC=UNIMOD:21;TA=S,T,Y;MT=Variable	NT=Oxidation;AC=UNIMOD:35;TA=M;MT=Variable	NT=Trypsin;AC=MS:1001251	NT=collision-induced dissociation;AC=MS:1000133	0.5 Da	0.5 Da	sds page	1	1	20160309_3049_27.raw	ftp://ftp.pride.ebi.ac.uk/pride/data/archive/2017/06/PXD003674/20160309_3049_27.raw	v1.1.0	NT=ms-proteomics;VV=v1.1.0	manual curation
20160224_CLASP2_3042_HA_9	mus musculus	not available	not applicable	not available	9	20160224_CLASP2_3042_HA_9	proteomic profiling by mass spectrometry	NT=Data-dependent acquisition;AC=PRIDE:0000627	NT=label free sample;AC=MS:1002038	NT=orbitrap elite;AC=MS:1001910	NT=Phospho;AC=UNIMOD:21;TA=S,T,Y;MT=Variable	NT=Oxidation;AC=UNIMOD:35;TA=M;MT=Variable	NT=Trypsin;AC=MS:1001251	NT=collision-induced dissociation;AC=MS:1000133	0.5 Da	0.5 Da	sds page	1	1	20160224_CLASP2_3042_HA_9.raw	ftp://ftp.pride.ebi.ac.uk/pride/data/archive/2017/06/PXD003674/20160224_CLASP2_3042_HA_9.raw	v1.1.0	NT=ms-proteomics;VV=v1.1.0	manual curation
20160413_3065_AGAP3_SOGA1_18	mus musculus	not available	not applicable	not available	18	20160413_3065_AGAP3_SOGA1_18	proteomic profiling by mass spectrometry	NT=Data-dependent acquisition;AC=PRIDE:0000627	NT=label free sample;AC=MS:1002038	NT=orbitrap elite;AC=MS:1001910	NT=Phospho;AC=UNIMOD:21;TA=S,T,Y;MT=Variable	NT=Oxidation;AC=UNIMOD:35;TA=M;MT=Variable	NT=Trypsin;AC=MS:1001251	NT=collision-induced dissociation;AC=MS:1000133	0.5 Da	0.5 Da	sds page	1	1	20160413_3065_AGAP3_SOGA1_18.raw	ftp://ftp.pride.ebi.ac.uk/pride/data/archive/2017/06/PXD003674/20160413_3065_AGAP3_SOGA1_18.raw	v1.1.0	NT=ms-proteomics;VV=v1.1.0	manual curation
20160525_1222_26	mus musculus	not available	not applicable	not available	26	20160525_1222_26	proteomic profiling by mass spectrometry	NT=Data-dependent acquisition;AC=PRIDE:0000627	NT=label free sample;AC=MS:1002038	NT=orbitrap elite;AC=MS:1001910	NT=Phospho;AC=UNIMOD:21;TA=S,T,Y;MT=Variable	NT=Oxidation;AC=UNIMOD:35;TA=M;MT=Variable	NT=Trypsin;AC=MS:1001251	NT=collision-induced dissociation;AC=MS:1000133	0.5 Da	0.5 Da	sds page	1	1	20160525_1222_26.raw	ftp://ftp.pride.ebi.ac.uk/pride/data/archive/2017/06/PXD003674/20160525_1222_26.raw	v1.1.0	NT=ms-proteomics;VV=v1.1.0	manual curation
20160528_Sample13	mus musculus	not available	not applicable	not available	1	20160528_Sample13	proteomic profiling by mass spectrometry	NT=Data-dependent acquisition;AC=PRIDE:0000627	NT=label free sample;AC=MS:1002038	NT=orbitrap elite;AC=MS:1001910	NT=Phospho;AC=UNIMOD:21;TA=S,T,Y;MT=Variable	NT=Oxidation;AC=UNIMOD:35;TA=M;MT=Variable	NT=Trypsin;AC=MS:1001251	NT=collision-induced dissociation;AC=MS:1000133	0.5 Da	0.5 Da	sds page	1	1	20160528_Sample13.raw	ftp://ftp.pride.ebi.ac.uk/pride/data/archive/2017/06/PXD003674/20160528_Sample13.raw	v1.1.0	NT=ms-proteomics;VV=v1.1.0	manual curation
20150506_36	mus musculus	not available	not applicable	not available	36	20150506_36	proteomic profiling by mass spectrometry	NT=Data-dependent acquisition;AC=PRIDE:0000627	NT=label free sample;AC=MS:1002038	NT=orbitrap elite;AC=MS:1001910	NT=Phospho;AC=UNIMOD:21;TA=S,T,Y;MT=Variable	NT=Oxidation;AC=UNIMOD:35;TA=M;MT=Variable	NT=Trypsin;AC=MS:1001251	NT=collision-induced dissociation;AC=MS:1000133	0.5 Da	0.5 Da	sds page	1	1	20150506_36.raw	ftp://ftp.pride.ebi.ac.uk/pride/data/archive/2017/06/PXD003674/20150506_36.raw	v1.1.0	NT=ms-proteomics;VV=v1.1.0	manual curation
20160528_Sample6	mus musculus	not available	not applicable	not available	1	20160528_Sample6	proteomic profiling by mass spectrometry	NT=Data-dependent acquisition;AC=PRIDE:0000627	NT=label free sample;AC=MS:1002038	NT=orbitrap elite;AC=MS:1001910	NT=Phospho;AC=UNIMOD:21;TA=S,T,Y;MT=Variable	NT=Oxidation;AC=UNIMOD:35;TA=M;MT=Variable	NT=Trypsin;AC=MS:1001251	NT=collision-induced dissociation;AC=MS:1000133	0.5 Da	0.5 Da	sds page	1	1	20160528_Sample6.raw	ftp://ftp.pride.ebi.ac.uk/pride/data/archive/2017/06/PXD003674/20160528_Sample6.raw	v1.1.0	NT=ms-proteomics;VV=v1.1.0	manual curation
20160603_3077_23	mus musculus	not available	not applicable	not available	23	20160603_3077_23	proteomic profiling by mass spectrometry	NT=Data-dependent acquisition;AC=PRIDE:0000627	NT=label free sample;AC=MS:1002038	NT=orbitrap elite;AC=MS:1001910	NT=Phospho;AC=UNIMOD:21;TA=S,T,Y;MT=Variable	NT=Oxidation;AC=UNIMOD:35;TA=M;MT=Variable	NT=Trypsin;AC=MS:1001251	NT=collision-induced dissociation;AC=MS:1000133	0.5 Da	0.5 Da	sds page	1	1	20160603_3077_23.raw	ftp://ftp.pride.ebi.ac.uk/pride/data/archive/2017/06/PXD003674/20160603_3077_23.raw	v1.1.0	NT=ms-proteomics;VV=v1.1.0	manual curation
20160224_CLASP2_3042_HA_4	mus musculus	not available	not applicable	not available	4	20160224_CLASP2_3042_HA_4	proteomic profiling by mass spectrometry	NT=Data-dependent acquisition;AC=PRIDE:0000627	NT=label free sample;AC=MS:1002038	NT=orbitrap elite;AC=MS:1001910	NT=Phospho;AC=UNIMOD:21;TA=S,T,Y;MT=Variable	NT=Oxidation;AC=UNIMOD:35;TA=M;MT=Variable	NT=Trypsin;AC=MS:1001251	NT=collision-induced dissociation;AC=MS:1000133	0.5 Da	0.5 Da	sds page	1	1	20160224_CLASP2_3042_HA_4.raw	ftp://ftp.pride.ebi.ac.uk/pride/data/archive/2017/06/PXD003674/20160224_CLASP2_3042_HA_4.raw	v1.1.0	NT=ms-proteomics;VV=v1.1.0	manual curation
20160318_3053_CLASP2_ABT263_12	mus musculus	not available	not applicable	not available	12	20160318_3053_CLASP2_ABT263_12	proteomic profiling by mass spectrometry	NT=Data-dependent acquisition;AC=PRIDE:0000627	NT=label free sample;AC=MS:1002038	NT=orbitrap elite;AC=MS:1001910	NT=Phospho;AC=UNIMOD:21;TA=S,T,Y;MT=Variable	NT=Oxidation;AC=UNIMOD:35;TA=M;MT=Variable	NT=Trypsin;AC=MS:1001251	NT=collision-induced dissociation;AC=MS:1000133	0.5 Da	0.5 Da	sds page	1	1	20160318_3053_CLASP2_ABT263_12.raw	ftp://ftp.pride.ebi.ac.uk/pride/data/archive/2017/06/PXD003674/20160318_3053_CLASP2_ABT263_12.raw	v1.1.0	NT=ms-proteomics;VV=v1.1.0	manual curation
20160524_1222_16	mus musculus	not available	not applicable	not available	16	20160524_1222_16	proteomic profiling by mass spectrometry	NT=Data-dependent acquisition;AC=PRIDE:0000627	NT=label free sample;AC=MS:1002038	NT=orbitrap elite;AC=MS:1001910	NT=Phospho;AC=UNIMOD:21;TA=S,T,Y;MT=Variable	NT=Oxidation;AC=UNIMOD:35;TA=M;MT=Variable	NT=Trypsin;AC=MS:1001251	NT=collision-induced dissociation;AC=MS:1000133	0.5 Da	0.5 Da	sds page	1	1	20160524_1222_16.raw	ftp://ftp.pride.ebi.ac.uk/pride/data/archive/2017/06/PXD003674/20160524_1222_16.raw	v1.1.0	NT=ms-proteomics;VV=v1.1.0	manual curation
20160522_1222_6	mus musculus	not available	not applicable	not available	6	20160522_1222_6	proteomic profiling by mass spectrometry	NT=Data-dependent acquisition;AC=PRIDE:0000627	NT=label free sample;AC=MS:1002038	NT=orbitrap elite;AC=MS:1001910	NT=Phospho;AC=UNIMOD:21;TA=S,T,Y;MT=Variable	NT=Oxidation;AC=UNIMOD:35;TA=M;MT=Variable	NT=Trypsin;AC=MS:1001251	NT=collision-induced dissociation;AC=MS:1000133	0.5 Da	0.5 Da	sds page	1	1	20160522_1222_6.raw	ftp://ftp.pride.ebi.ac.uk/pride/data/archive/2017/06/PXD003674/20160522_1222_6.raw	v1.1.0	NT=ms-proteomics;VV=v1.1.0	manual curation
20160318_3053_CLASP2_ABT263_9	mus musculus	not available	not applicable	not available	9	20160318_3053_CLASP2_ABT263_9	proteomic profiling by mass spectrometry	NT=Data-dependent acquisition;AC=PRIDE:0000627	NT=label free sample;AC=MS:1002038	NT=orbitrap elite;AC=MS:1001910	NT=Phospho;AC=UNIMOD:21;TA=S,T,Y;MT=Variable	NT=Oxidation;AC=UNIMOD:35;TA=M;MT=Variable	NT=Trypsin;AC=MS:1001251	NT=collision-induced dissociation;AC=MS:1000133	0.5 Da	0.5 Da	sds page	1	1	20160318_3053_CLASP2_ABT263_9.raw	ftp://ftp.pride.ebi.ac.uk/pride/data/archive/2017/06/PXD003674/20160318_3053_CLASP2_ABT263_9.raw	v1.1.0	NT=ms-proteomics;VV=v1.1.0	manual curation
20160504_3071_32	mus musculus	not available	not applicable	not available	32	20160504_3071_32	proteomic profiling by mass spectrometry	NT=Data-dependent acquisition;AC=PRIDE:0000627	NT=label free sample;AC=MS:1002038	NT=orbitrap elite;AC=MS:1001910	NT=Phospho;AC=UNIMOD:21;TA=S,T,Y;MT=Variable	NT=Oxidation;AC=UNIMOD:35;TA=M;MT=Variable	NT=Trypsin;AC=MS:1001251	NT=collision-induced dissociation;AC=MS:1000133	0.5 Da	0.5 Da	sds page	1	1	20160504_3071_32.raw	ftp://ftp.pride.ebi.ac.uk/pride/data/archive/2017/06/PXD003674/20160504_3071_32.raw	v1.1.0	NT=ms-proteomics;VV=v1.1.0	manual curation
20160522_1222_1	mus musculus	not available	not applicable	not available	1	20160522_1222_1	proteomic profiling by mass spectrometry	NT=Data-dependent acquisition;AC=PRIDE:0000627	NT=label free sample;AC=MS:1002038	NT=orbitrap elite;AC=MS:1001910	NT=Phospho;AC=UNIMOD:21;TA=S,T,Y;MT=Variable	NT=Oxidation;AC=UNIMOD:35;TA=M;MT=Variable	NT=Trypsin;AC=MS:1001251	NT=collision-induced dissociation;AC=MS:1000133	0.5 Da	0.5 Da	sds page	1	1	20160522_1222_1.raw	ftp://ftp.pride.ebi.ac.uk/pride/data/archive/2017/06/PXD003674/20160522_1222_1.raw	v1.1.0	NT=ms-proteomics;VV=v1.1.0	manual curation
20160416_3065_AGAP3_SOGA1_9	mus musculus	not available	not applicable	not available	9	20160416_3065_AGAP3_SOGA1_9	proteomic profiling by mass spectrometry	NT=Data-dependent acquisition;AC=PRIDE:0000627	NT=label free sample;AC=MS:1002038	NT=orbitrap elite;AC=MS:1001910	NT=Phospho;AC=UNIMOD:21;TA=S,T,Y;MT=Variable	NT=Oxidation;AC=UNIMOD:35;TA=M;MT=Variable	NT=Trypsin;AC=MS:1001251	NT=collision-induced dissociation;AC=MS:1000133	0.5 Da	0.5 Da	sds page	1	1	20160416_3065_AGAP3_SOGA1_9.raw	ftp://ftp.pride.ebi.ac.uk/pride/data/archive/2017/06/PXD003674/20160416_3065_AGAP3_SOGA1_9.raw	v1.1.0	NT=ms-proteomics;VV=v1.1.0	manual curation
20160413_3065_AGAP3_SOGA1_27	mus musculus	not available	not applicable	not available	27	20160413_3065_AGAP3_SOGA1_27	proteomic profiling by mass spectrometry	NT=Data-dependent acquisition;AC=PRIDE:0000627	NT=label free sample;AC=MS:1002038	NT=orbitrap elite;AC=MS:1001910	NT=Phospho;AC=UNIMOD:21;TA=S,T,Y;MT=Variable	NT=Oxidation;AC=UNIMOD:35;TA=M;MT=Variable	NT=Trypsin;AC=MS:1001251	NT=collision-induced dissociation;AC=MS:1000133	0.5 Da	0.5 Da	sds page	1	1	20160413_3065_AGAP3_SOGA1_27.raw	ftp://ftp.pride.ebi.ac.uk/pride/data/archive/2017/06/PXD003674/20160413_3065_AGAP3_SOGA1_27.raw	v1.1.0	NT=ms-proteomics;VV=v1.1.0	manual curation
20160408_3056_3	mus musculus	not available	not applicable	not available	3	20160408_3056_3	proteomic profiling by mass spectrometry	NT=Data-dependent acquisition;AC=PRIDE:0000627	NT=label free sample;AC=MS:1002038	NT=orbitrap elite;AC=MS:1001910	NT=Phospho;AC=UNIMOD:21;TA=S,T,Y;MT=Variable	NT=Oxidation;AC=UNIMOD:35;TA=M;MT=Variable	NT=Trypsin;AC=MS:1001251	NT=collision-induced dissociation;AC=MS:1000133	0.5 Da	0.5 Da	sds page	1	1	20160408_3056_3.raw	ftp://ftp.pride.ebi.ac.uk/pride/data/archive/2017/06/PXD003674/20160408_3056_3.raw	v1.1.0	NT=ms-proteomics;VV=v1.1.0	manual curation
20150410_11	mus musculus	not available	not applicable	not available	11	20150410_11	proteomic profiling by mass spectrometry	NT=Data-dependent acquisition;AC=PRIDE:0000627	NT=label free sample;AC=MS:1002038	NT=orbitrap elite;AC=MS:1001910	NT=Phospho;AC=UNIMOD:21;TA=S,T,Y;MT=Variable	NT=Oxidation;AC=UNIMOD:35;TA=M;MT=Variable	NT=Trypsin;AC=MS:1001251	NT=collision-induced dissociation;AC=MS:1000133	0.5 Da	0.5 Da	sds page	1	1	20150410_11.raw	ftp://ftp.pride.ebi.ac.uk/pride/data/archive/2017/06/PXD003674/20150410_11.raw	v1.1.0	NT=ms-proteomics;VV=v1.1.0	manual curation
20160407_3056_28	mus musculus	not available	not applicable	not available	28	20160407_3056_28	proteomic profiling by mass spectrometry	NT=Data-dependent acquisition;AC=PRIDE:0000627	NT=label free sample;AC=MS:1002038	NT=orbitrap elite;AC=MS:1001910	NT=Phospho;AC=UNIMOD:21;TA=S,T,Y;MT=Variable	NT=Oxidation;AC=UNIMOD:35;TA=M;MT=Variable	NT=Trypsin;AC=MS:1001251	NT=collision-induced dissociation;AC=MS:1000133	0.5 Da	0.5 Da	sds page	1	1	20160407_3056_28.raw	ftp://ftp.pride.ebi.ac.uk/pride/data/archive/2017/06/PXD003674/20160407_3056_28.raw	v1.1.0	NT=ms-proteomics;VV=v1.1.0	manual curation
20161007_3017_21	mus musculus	not available	not applicable	not available	21	20161007_3017_21	proteomic profiling by mass spectrometry	NT=Data-dependent acquisition;AC=PRIDE:0000627	NT=label free sample;AC=MS:1002038	NT=orbitrap elite;AC=MS:1001910	NT=Phospho;AC=UNIMOD:21;TA=S,T,Y;MT=Variable	NT=Oxidation;AC=UNIMOD:35;TA=M;MT=Variable	NT=Trypsin;AC=MS:1001251	NT=collision-induced dissociation;AC=MS:1000133	0.5 Da	0.5 Da	sds page	1	1	20161007_3017_21.raw	ftp://ftp.pride.ebi.ac.uk/pride/data/archive/2017/06/PXD003674/20161007_3017_21.raw	v1.1.0	NT=ms-proteomics;VV=v1.1.0	manual curation
20160224_CLASP2_3042_HA_2	mus musculus	not available	not applicable	not available	2	20160224_CLASP2_3042_HA_2	proteomic profiling by mass spectrometry	NT=Data-dependent acquisition;AC=PRIDE:0000627	NT=label free sample;AC=MS:1002038	NT=orbitrap elite;AC=MS:1001910	NT=Phospho;AC=UNIMOD:21;TA=S,T,Y;MT=Variable	NT=Oxidation;AC=UNIMOD:35;TA=M;MT=Variable	NT=Trypsin;AC=MS:1001251	NT=collision-induced dissociation;AC=MS:1000133	0.5 Da	0.5 Da	sds page	1	1	20160224_CLASP2_3042_HA_2.raw	ftp://ftp.pride.ebi.ac.uk/pride/data/archive/2017/06/PXD003674/20160224_CLASP2_3042_HA_2.raw	v1.1.0	NT=ms-proteomics;VV=v1.1.0	manual curation
20160520_3074_18	mus musculus	not available	not applicable	not available	18	20160520_3074_18	proteomic profiling by mass spectrometry	NT=Data-dependent acquisition;AC=PRIDE:0000627	NT=label free sample;AC=MS:1002038	NT=orbitrap elite;AC=MS:1001910	NT=Phospho;AC=UNIMOD:21;TA=S,T,Y;MT=Variable	NT=Oxidation;AC=UNIMOD:35;TA=M;MT=Variable	NT=Trypsin;AC=MS:1001251	NT=collision-induced dissociation;AC=MS:1000133	0.5 Da	0.5 Da	sds page	1	1	20160520_3074_18.raw	ftp://ftp.pride.ebi.ac.uk/pride/data/archive/2017/06/PXD003674/20160520_3074_18.raw	v1.1.0	NT=ms-proteomics;VV=v1.1.0	manual curation
20160927_3106_17	mus musculus	not available	not applicable	not available	17	20160927_3106_17	proteomic profiling by mass spectrometry	NT=Data-dependent acquisition;AC=PRIDE:0000627	NT=label free sample;AC=MS:1002038	NT=orbitrap elite;AC=MS:1001910	NT=Phospho;AC=UNIMOD:21;TA=S,T,Y;MT=Variable	NT=Oxidation;AC=UNIMOD:35;TA=M;MT=Variable	NT=Trypsin;AC=MS:1001251	NT=collision-induced dissociation;AC=MS:1000133	0.5 Da	0.5 Da	sds page	1	1	20160927_3106_17.raw	ftp://ftp.pride.ebi.ac.uk/pride/data/archive/2017/06/PXD003674/20160927_3106_17.raw	v1.1.0	NT=ms-proteomics;VV=v1.1.0	manual curation
20160505_3071_42	mus musculus	not available	not applicable	not available	42	20160505_3071_42	proteomic profiling by mass spectrometry	NT=Data-dependent acquisition;AC=PRIDE:0000627	NT=label free sample;AC=MS:1002038	NT=orbitrap elite;AC=MS:1001910	NT=Phospho;AC=UNIMOD:21;TA=S,T,Y;MT=Variable	NT=Oxidation;AC=UNIMOD:35;TA=M;MT=Variable	NT=Trypsin;AC=MS:1001251	NT=collision-induced dissociation;AC=MS:1000133	0.5 Da	0.5 Da	sds page	1	1	20160505_3071_42.raw	ftp://ftp.pride.ebi.ac.uk/pride/data/archive/2017/06/PXD003674/20160505_3071_42.raw	v1.1.0	NT=ms-proteomics;VV=v1.1.0	manual curation
20160407_3056_15	mus musculus	not available	not applicable	not available	15	20160407_3056_15	proteomic profiling by mass spectrometry	NT=Data-dependent acquisition;AC=PRIDE:0000627	NT=label free sample;AC=MS:1002038	NT=orbitrap elite;AC=MS:1001910	NT=Phospho;AC=UNIMOD:21;TA=S,T,Y;MT=Variable	NT=Oxidation;AC=UNIMOD:35;TA=M;MT=Variable	NT=Trypsin;AC=MS:1001251	NT=collision-induced dissociation;AC=MS:1000133	0.5 Da	0.5 Da	sds page	1	1	20160407_3056_15.raw	ftp://ftp.pride.ebi.ac.uk/pride/data/archive/2017/06/PXD003674/20160407_3056_15.raw	v1.1.0	NT=ms-proteomics;VV=v1.1.0	manual curation
20160930_3106_9	mus musculus	not available	not applicable	not available	9	20160930_3106_9	proteomic profiling by mass spectrometry	NT=Data-dependent acquisition;AC=PRIDE:0000627	NT=label free sample;AC=MS:1002038	NT=orbitrap elite;AC=MS:1001910	NT=Phospho;AC=UNIMOD:21;TA=S,T,Y;MT=Variable	NT=Oxidation;AC=UNIMOD:35;TA=M;MT=Variable	NT=Trypsin;AC=MS:1001251	NT=collision-induced dissociation;AC=MS:1000133	0.5 Da	0.5 Da	sds page	1	1	20160930_3106_9.raw	ftp://ftp.pride.ebi.ac.uk/pride/data/archive/2017/06/PXD003674/20160930_3106_9.raw	v1.1.0	NT=ms-proteomics;VV=v1.1.0	manual curation
20160523_1222_8	mus musculus	not available	not applicable	not available	8	20160523_1222_8	proteomic profiling by mass spectrometry	NT=Data-dependent acquisition;AC=PRIDE:0000627	NT=label free sample;AC=MS:1002038	NT=orbitrap elite;AC=MS:1001910	NT=Phospho;AC=UNIMOD:21;TA=S,T,Y;MT=Variable	NT=Oxidation;AC=UNIMOD:35;TA=M;MT=Variable	NT=Trypsin;AC=MS:1001251	NT=collision-induced dissociation;AC=MS:1000133	0.5 Da	0.5 Da	sds page	1	1	20160523_1222_8.raw	ftp://ftp.pride.ebi.ac.uk/pride/data/archive/2017/06/PXD003674/20160523_1222_8.raw	v1.1.0	NT=ms-proteomics;VV=v1.1.0	manual curation
20160504_3071_35	mus musculus	not available	not applicable	not available	35	20160504_3071_35	proteomic profiling by mass spectrometry	NT=Data-dependent acquisition;AC=PRIDE:0000627	NT=label free sample;AC=MS:1002038	NT=orbitrap elite;AC=MS:1001910	NT=Phospho;AC=UNIMOD:21;TA=S,T,Y;MT=Variable	NT=Oxidation;AC=UNIMOD:35;TA=M;MT=Variable	NT=Trypsin;AC=MS:1001251	NT=collision-induced dissociation;AC=MS:1000133	0.5 Da	0.5 Da	sds page	1	1	20160504_3071_35.raw	ftp://ftp.pride.ebi.ac.uk/pride/data/archive/2017/06/PXD003674/20160504_3071_35.raw	v1.1.0	NT=ms-proteomics;VV=v1.1.0	manual curation
20160928_3106_7	mus musculus	not available	not applicable	not available	7	20160928_3106_7	proteomic profiling by mass spectrometry	NT=Data-dependent acquisition;AC=PRIDE:0000627	NT=label free sample;AC=MS:1002038	NT=orbitrap elite;AC=MS:1001910	NT=Phospho;AC=UNIMOD:21;TA=S,T,Y;MT=Variable	NT=Oxidation;AC=UNIMOD:35;TA=M;MT=Variable	NT=Trypsin;AC=MS:1001251	NT=collision-induced dissociation;AC=MS:1000133	0.5 Da	0.5 Da	sds page	1	1	20160928_3106_7.raw	ftp://ftp.pride.ebi.ac.uk/pride/data/archive/2017/06/PXD003674/20160928_3106_7.raw	v1.1.0	NT=ms-proteomics;VV=v1.1.0	manual curation
20160504_3071_34	mus musculus	not available	not applicable	not available	34	20160504_3071_34	proteomic profiling by mass spectrometry	NT=Data-dependent acquisition;AC=PRIDE:0000627	NT=label free sample;AC=MS:1002038	NT=orbitrap elite;AC=MS:1001910	NT=Phospho;AC=UNIMOD:21;TA=S,T,Y;MT=Variable	NT=Oxidation;AC=UNIMOD:35;TA=M;MT=Variable	NT=Trypsin;AC=MS:1001251	NT=collision-induced dissociation;AC=MS:1000133	0.5 Da	0.5 Da	sds page	1	1	20160504_3071_34.raw	ftp://ftp.pride.ebi.ac.uk/pride/data/archive/2017/06/PXD003674/20160504_3071_34.raw	v1.1.0	NT=ms-proteomics;VV=v1.1.0	manual curation
20160429_3066_41	mus musculus	not available	not applicable	not available	41	20160429_3066_41	proteomic profiling by mass spectrometry	NT=Data-dependent acquisition;AC=PRIDE:0000627	NT=label free sample;AC=MS:1002038	NT=orbitrap elite;AC=MS:1001910	NT=Phospho;AC=UNIMOD:21;TA=S,T,Y;MT=Variable	NT=Oxidation;AC=UNIMOD:35;TA=M;MT=Variable	NT=Trypsin;AC=MS:1001251	NT=collision-induced dissociation;AC=MS:1000133	0.5 Da	0.5 Da	sds page	1	1	20160429_3066_41.raw	ftp://ftp.pride.ebi.ac.uk/pride/data/archive/2017/06/PXD003674/20160429_3066_41.raw	v1.1.0	NT=ms-proteomics;VV=v1.1.0	manual curation
20161007_3017_4	mus musculus	not available	not applicable	not available	4	20161007_3017_4	proteomic profiling by mass spectrometry	NT=Data-dependent acquisition;AC=PRIDE:0000627	NT=label free sample;AC=MS:1002038	NT=orbitrap elite;AC=MS:1001910	NT=Phospho;AC=UNIMOD:21;TA=S,T,Y;MT=Variable	NT=Oxidation;AC=UNIMOD:35;TA=M;MT=Variable	NT=Trypsin;AC=MS:1001251	NT=collision-induced dissociation;AC=MS:1000133	0.5 Da	0.5 Da	sds page	1	1	20161007_3017_4.raw	ftp://ftp.pride.ebi.ac.uk/pride/data/archive/2017/06/PXD003674/20161007_3017_4.raw	v1.1.0	NT=ms-proteomics;VV=v1.1.0	manual curation
20160224_CLASP2_HA_32	mus musculus	not available	not applicable	not available	32	20160224_CLASP2_HA_32	proteomic profiling by mass spectrometry	NT=Data-dependent acquisition;AC=PRIDE:0000627	NT=label free sample;AC=MS:1002038	NT=orbitrap elite;AC=MS:1001910	NT=Phospho;AC=UNIMOD:21;TA=S,T,Y;MT=Variable	NT=Oxidation;AC=UNIMOD:35;TA=M;MT=Variable	NT=Trypsin;AC=MS:1001251	NT=collision-induced dissociation;AC=MS:1000133	0.5 Da	0.5 Da	sds page	1	1	20160224_CLASP2_HA_32.raw	ftp://ftp.pride.ebi.ac.uk/pride/data/archive/2017/06/PXD003674/20160224_CLASP2_HA_32.raw	v1.1.0	NT=ms-proteomics;VV=v1.1.0	manual curation
20161007_3017_18	mus musculus	not available	not applicable	not available	18	20161007_3017_18	proteomic profiling by mass spectrometry	NT=Data-dependent acquisition;AC=PRIDE:0000627	NT=label free sample;AC=MS:1002038	NT=orbitrap elite;AC=MS:1001910	NT=Phospho;AC=UNIMOD:21;TA=S,T,Y;MT=Variable	NT=Oxidation;AC=UNIMOD:35;TA=M;MT=Variable	NT=Trypsin;AC=MS:1001251	NT=collision-induced dissociation;AC=MS:1000133	0.5 Da	0.5 Da	sds page	1	1	20161007_3017_18.raw	ftp://ftp.pride.ebi.ac.uk/pride/data/archive/2017/06/PXD003674/20161007_3017_18.raw	v1.1.0	NT=ms-proteomics;VV=v1.1.0	manual curation
20160528_Sample8	mus musculus	not available	not applicable	not available	1	20160528_Sample8	proteomic profiling by mass spectrometry	NT=Data-dependent acquisition;AC=PRIDE:0000627	NT=label free sample;AC=MS:1002038	NT=orbitrap elite;AC=MS:1001910	NT=Phospho;AC=UNIMOD:21;TA=S,T,Y;MT=Variable	NT=Oxidation;AC=UNIMOD:35;TA=M;MT=Variable	NT=Trypsin;AC=MS:1001251	NT=collision-induced dissociation;AC=MS:1000133	0.5 Da	0.5 Da	sds page	1	1	20160528_Sample8.raw	ftp://ftp.pride.ebi.ac.uk/pride/data/archive/2017/06/PXD003674/20160528_Sample8.raw	v1.1.0	NT=ms-proteomics;VV=v1.1.0	manual curation
20160503_3071_24	mus musculus	not available	not applicable	not available	24	20160503_3071_24	proteomic profiling by mass spectrometry	NT=Data-dependent acquisition;AC=PRIDE:0000627	NT=label free sample;AC=MS:1002038	NT=orbitrap elite;AC=MS:1001910	NT=Phospho;AC=UNIMOD:21;TA=S,T,Y;MT=Variable	NT=Oxidation;AC=UNIMOD:35;TA=M;MT=Variable	NT=Trypsin;AC=MS:1001251	NT=collision-induced dissociation;AC=MS:1000133	0.5 Da	0.5 Da	sds page	1	1	20160503_3071_24.raw	ftp://ftp.pride.ebi.ac.uk/pride/data/archive/2017/06/PXD003674/20160503_3071_24.raw	v1.1.0	NT=ms-proteomics;VV=v1.1.0	manual curation
20160317_3053_CLASP2_ABT263_25	mus musculus	not available	not applicable	not available	25	20160317_3053_CLASP2_ABT263_25	proteomic profiling by mass spectrometry	NT=Data-dependent acquisition;AC=PRIDE:0000627	NT=label free sample;AC=MS:1002038	NT=orbitrap elite;AC=MS:1001910	NT=Phospho;AC=UNIMOD:21;TA=S,T,Y;MT=Variable	NT=Oxidation;AC=UNIMOD:35;TA=M;MT=Variable	NT=Trypsin;AC=MS:1001251	NT=collision-induced dissociation;AC=MS:1000133	0.5 Da	0.5 Da	sds page	1	1	20160317_3053_CLASP2_ABT263_25.raw	ftp://ftp.pride.ebi.ac.uk/pride/data/archive/2017/06/PXD003674/20160317_3053_CLASP2_ABT263_25.raw	v1.1.0	NT=ms-proteomics;VV=v1.1.0	manual curation
20160930_3106_12	mus musculus	not available	not applicable	not available	12	20160930_3106_12	proteomic profiling by mass spectrometry	NT=Data-dependent acquisition;AC=PRIDE:0000627	NT=label free sample;AC=MS:1002038	NT=orbitrap elite;AC=MS:1001910	NT=Phospho;AC=UNIMOD:21;TA=S,T,Y;MT=Variable	NT=Oxidation;AC=UNIMOD:35;TA=M;MT=Variable	NT=Trypsin;AC=MS:1001251	NT=collision-induced dissociation;AC=MS:1000133	0.5 Da	0.5 Da	sds page	1	1	20160930_3106_12.raw	ftp://ftp.pride.ebi.ac.uk/pride/data/archive/2017/06/PXD003674/20160930_3106_12.raw	v1.1.0	NT=ms-proteomics;VV=v1.1.0	manual curation
20160224_CLASP2_HA_27	mus musculus	not available	not applicable	not available	27	20160224_CLASP2_HA_27	proteomic profiling by mass spectrometry	NT=Data-dependent acquisition;AC=PRIDE:0000627	NT=label free sample;AC=MS:1002038	NT=orbitrap elite;AC=MS:1001910	NT=Phospho;AC=UNIMOD:21;TA=S,T,Y;MT=Variable	NT=Oxidation;AC=UNIMOD:35;TA=M;MT=Variable	NT=Trypsin;AC=MS:1001251	NT=collision-induced dissociation;AC=MS:1000133	0.5 Da	0.5 Da	sds page	1	1	20160224_CLASP2_HA_27.raw	ftp://ftp.pride.ebi.ac.uk/pride/data/archive/2017/06/PXD003674/20160224_CLASP2_HA_27.raw	v1.1.0	NT=ms-proteomics;VV=v1.1.0	manual curation
20160224_CLASP2_HA_31	mus musculus	not available	not applicable	not available	31	20160224_CLASP2_HA_31	proteomic profiling by mass spectrometry	NT=Data-dependent acquisition;AC=PRIDE:0000627	NT=label free sample;AC=MS:1002038	NT=orbitrap elite;AC=MS:1001910	NT=Phospho;AC=UNIMOD:21;TA=S,T,Y;MT=Variable	NT=Oxidation;AC=UNIMOD:35;TA=M;MT=Variable	NT=Trypsin;AC=MS:1001251	NT=collision-induced dissociation;AC=MS:1000133	0.5 Da	0.5 Da	sds page	1	1	20160224_CLASP2_HA_31.raw	ftp://ftp.pride.ebi.ac.uk/pride/data/archive/2017/06/PXD003674/20160224_CLASP2_HA_31.raw	v1.1.0	NT=ms-proteomics;VV=v1.1.0	manual curation
20160429_3066_35	mus musculus	not available	not applicable	not available	35	20160429_3066_35	proteomic profiling by mass spectrometry	NT=Data-dependent acquisition;AC=PRIDE:0000627	NT=label free sample;AC=MS:1002038	NT=orbitrap elite;AC=MS:1001910	NT=Phospho;AC=UNIMOD:21;TA=S,T,Y;MT=Variable	NT=Oxidation;AC=UNIMOD:35;TA=M;MT=Variable	NT=Trypsin;AC=MS:1001251	NT=collision-induced dissociation;AC=MS:1000133	0.5 Da	0.5 Da	sds page	1	1	20160429_3066_35.raw	ftp://ftp.pride.ebi.ac.uk/pride/data/archive/2017/06/PXD003674/20160429_3066_35.raw	v1.1.0	NT=ms-proteomics;VV=v1.1.0	manual curation
20160224_CLASP2_3042_HA_7	mus musculus	not available	not applicable	not available	7	20160224_CLASP2_3042_HA_7	proteomic profiling by mass spectrometry	NT=Data-dependent acquisition;AC=PRIDE:0000627	NT=label free sample;AC=MS:1002038	NT=orbitrap elite;AC=MS:1001910	NT=Phospho;AC=UNIMOD:21;TA=S,T,Y;MT=Variable	NT=Oxidation;AC=UNIMOD:35;TA=M;MT=Variable	NT=Trypsin;AC=MS:1001251	NT=collision-induced dissociation;AC=MS:1000133	0.5 Da	0.5 Da	sds page	1	1	20160224_CLASP2_3042_HA_7.raw	ftp://ftp.pride.ebi.ac.uk/pride/data/archive/2017/06/PXD003674/20160224_CLASP2_3042_HA_7.raw	v1.1.0	NT=ms-proteomics;VV=v1.1.0	manual curation
20150513_CLASP2_1076_90	mus musculus	not available	not applicable	not available	90	20150513_CLASP2_1076_90	proteomic profiling by mass spectrometry	NT=Data-dependent acquisition;AC=PRIDE:0000627	NT=label free sample;AC=MS:1002038	NT=orbitrap elite;AC=MS:1001910	NT=Phospho;AC=UNIMOD:21;TA=S,T,Y;MT=Variable	NT=Oxidation;AC=UNIMOD:35;TA=M;MT=Variable	NT=Trypsin;AC=MS:1001251	NT=collision-induced dissociation;AC=MS:1000133	0.5 Da	0.5 Da	sds page	1	1	20150513_CLASP2_1076_90.raw	ftp://ftp.pride.ebi.ac.uk/pride/data/archive/2017/06/PXD003674/20150513_CLASP2_1076_90.raw	v1.1.0	NT=ms-proteomics;VV=v1.1.0	manual curation
20160413_3065_AGAP3_SOGA1_17	mus musculus	not available	not applicable	not available	17	20160413_3065_AGAP3_SOGA1_17	proteomic profiling by mass spectrometry	NT=Data-dependent acquisition;AC=PRIDE:0000627	NT=label free sample;AC=MS:1002038	NT=orbitrap elite;AC=MS:1001910	NT=Phospho;AC=UNIMOD:21;TA=S,T,Y;MT=Variable	NT=Oxidation;AC=UNIMOD:35;TA=M;MT=Variable	NT=Trypsin;AC=MS:1001251	NT=collision-induced dissociation;AC=MS:1000133	0.5 Da	0.5 Da	sds page	1	1	20160413_3065_AGAP3_SOGA1_17.raw	ftp://ftp.pride.ebi.ac.uk/pride/data/archive/2017/06/PXD003674/20160413_3065_AGAP3_SOGA1_17.raw	v1.1.0	NT=ms-proteomics;VV=v1.1.0	manual curation
20150506_71	mus musculus	not available	not applicable	not available	71	20150506_71	proteomic profiling by mass spectrometry	NT=Data-dependent acquisition;AC=PRIDE:0000627	NT=label free sample;AC=MS:1002038	NT=orbitrap elite;AC=MS:1001910	NT=Phospho;AC=UNIMOD:21;TA=S,T,Y;MT=Variable	NT=Oxidation;AC=UNIMOD:35;TA=M;MT=Variable	NT=Trypsin;AC=MS:1001251	NT=collision-induced dissociation;AC=MS:1000133	0.5 Da	0.5 Da	sds page	1	1	20150506_71.raw	ftp://ftp.pride.ebi.ac.uk/pride/data/archive/2017/06/PXD003674/20150506_71.raw	v1.1.0	NT=ms-proteomics;VV=v1.1.0	manual curation
20150511_CLASP2_1076_47	mus musculus	not available	not applicable	not available	47	20150511_CLASP2_1076_47	proteomic profiling by mass spectrometry	NT=Data-dependent acquisition;AC=PRIDE:0000627	NT=label free sample;AC=MS:1002038	NT=orbitrap elite;AC=MS:1001910	NT=Phospho;AC=UNIMOD:21;TA=S,T,Y;MT=Variable	NT=Oxidation;AC=UNIMOD:35;TA=M;MT=Variable	NT=Trypsin;AC=MS:1001251	NT=collision-induced dissociation;AC=MS:1000133	0.5 Da	0.5 Da	sds page	1	1	20150511_CLASP2_1076_47.raw	ftp://ftp.pride.ebi.ac.uk/pride/data/archive/2017/06/PXD003674/20150511_CLASP2_1076_47.raw	v1.1.0	NT=ms-proteomics;VV=v1.1.0	manual curation
20160416_3065_AGAP3_SOGA1_11	mus musculus	not available	not applicable	not available	11	20160416_3065_AGAP3_SOGA1_11	proteomic profiling by mass spectrometry	NT=Data-dependent acquisition;AC=PRIDE:0000627	NT=label free sample;AC=MS:1002038	NT=orbitrap elite;AC=MS:1001910	NT=Phospho;AC=UNIMOD:21;TA=S,T,Y;MT=Variable	NT=Oxidation;AC=UNIMOD:35;TA=M;MT=Variable	NT=Trypsin;AC=MS:1001251	NT=collision-induced dissociation;AC=MS:1000133	0.5 Da	0.5 Da	sds page	1	1	20160416_3065_AGAP3_SOGA1_11.raw	ftp://ftp.pride.ebi.ac.uk/pride/data/archive/2017/06/PXD003674/20160416_3065_AGAP3_SOGA1_11.raw	v1.1.0	NT=ms-proteomics;VV=v1.1.0	manual curation
20160401_3055_26	mus musculus	not available	not applicable	not available	26	20160401_3055_26	proteomic profiling by mass spectrometry	NT=Data-dependent acquisition;AC=PRIDE:0000627	NT=label free sample;AC=MS:1002038	NT=orbitrap elite;AC=MS:1001910	NT=Phospho;AC=UNIMOD:21;TA=S,T,Y;MT=Variable	NT=Oxidation;AC=UNIMOD:35;TA=M;MT=Variable	NT=Trypsin;AC=MS:1001251	NT=collision-induced dissociation;AC=MS:1000133	0.5 Da	0.5 Da	sds page	1	1	20160401_3055_26.raw	ftp://ftp.pride.ebi.ac.uk/pride/data/archive/2017/06/PXD003674/20160401_3055_26.raw	v1.1.0	NT=ms-proteomics;VV=v1.1.0	manual curation
20160106_CLASP2_HA_3022_26	mus musculus	not available	not applicable	not available	26	20160106_CLASP2_HA_3022_26	proteomic profiling by mass spectrometry	NT=Data-dependent acquisition;AC=PRIDE:0000627	NT=label free sample;AC=MS:1002038	NT=orbitrap elite;AC=MS:1001910	NT=Phospho;AC=UNIMOD:21;TA=S,T,Y;MT=Variable	NT=Oxidation;AC=UNIMOD:35;TA=M;MT=Variable	NT=Trypsin;AC=MS:1001251	NT=collision-induced dissociation;AC=MS:1000133	0.5 Da	0.5 Da	sds page	1	1	20160106_CLASP2_HA_3022_26.raw	ftp://ftp.pride.ebi.ac.uk/pride/data/archive/2017/06/PXD003674/20160106_CLASP2_HA_3022_26.raw	v1.1.0	NT=ms-proteomics;VV=v1.1.0	manual curation
20160520_3074_26	mus musculus	not available	not applicable	not available	26	20160520_3074_26	proteomic profiling by mass spectrometry	NT=Data-dependent acquisition;AC=PRIDE:0000627	NT=label free sample;AC=MS:1002038	NT=orbitrap elite;AC=MS:1001910	NT=Phospho;AC=UNIMOD:21;TA=S,T,Y;MT=Variable	NT=Oxidation;AC=UNIMOD:35;TA=M;MT=Variable	NT=Trypsin;AC=MS:1001251	NT=collision-induced dissociation;AC=MS:1000133	0.5 Da	0.5 Da	sds page	1	1	20160520_3074_26.raw	ftp://ftp.pride.ebi.ac.uk/pride/data/archive/2017/06/PXD003674/20160520_3074_26.raw	v1.1.0	NT=ms-proteomics;VV=v1.1.0	manual curation
20150506_16	mus musculus	not available	not applicable	not available	16	20150506_16	proteomic profiling by mass spectrometry	NT=Data-dependent acquisition;AC=PRIDE:0000627	NT=label free sample;AC=MS:1002038	NT=orbitrap elite;AC=MS:1001910	NT=Phospho;AC=UNIMOD:21;TA=S,T,Y;MT=Variable	NT=Oxidation;AC=UNIMOD:35;TA=M;MT=Variable	NT=Trypsin;AC=MS:1001251	NT=collision-induced dissociation;AC=MS:1000133	0.5 Da	0.5 Da	sds page	1	1	20150506_16.raw	ftp://ftp.pride.ebi.ac.uk/pride/data/archive/2017/06/PXD003674/20150506_16.raw	v1.1.0	NT=ms-proteomics;VV=v1.1.0	manual curation
20150514_CLASP2_1076_49	mus musculus	not available	not applicable	not available	49	20150514_CLASP2_1076_49	proteomic profiling by mass spectrometry	NT=Data-dependent acquisition;AC=PRIDE:0000627	NT=label free sample;AC=MS:1002038	NT=orbitrap elite;AC=MS:1001910	NT=Phospho;AC=UNIMOD:21;TA=S,T,Y;MT=Variable	NT=Oxidation;AC=UNIMOD:35;TA=M;MT=Variable	NT=Trypsin;AC=MS:1001251	NT=collision-induced dissociation;AC=MS:1000133	0.5 Da	0.5 Da	sds page	1	1	20150514_CLASP2_1076_49.raw	ftp://ftp.pride.ebi.ac.uk/pride/data/archive/2017/06/PXD003674/20150514_CLASP2_1076_49.raw	v1.1.0	NT=ms-proteomics;VV=v1.1.0	manual curation
20161007_3017_13	mus musculus	not available	not applicable	not available	13	20161007_3017_13	proteomic profiling by mass spectrometry	NT=Data-dependent acquisition;AC=PRIDE:0000627	NT=label free sample;AC=MS:1002038	NT=orbitrap elite;AC=MS:1001910	NT=Phospho;AC=UNIMOD:21;TA=S,T,Y;MT=Variable	NT=Oxidation;AC=UNIMOD:35;TA=M;MT=Variable	NT=Trypsin;AC=MS:1001251	NT=collision-induced dissociation;AC=MS:1000133	0.5 Da	0.5 Da	sds page	1	1	20161007_3017_13.raw	ftp://ftp.pride.ebi.ac.uk/pride/data/archive/2017/06/PXD003674/20161007_3017_13.raw	v1.1.0	NT=ms-proteomics;VV=v1.1.0	manual curation
20160401_3055_22	mus musculus	not available	not applicable	not available	22	20160401_3055_22	proteomic profiling by mass spectrometry	NT=Data-dependent acquisition;AC=PRIDE:0000627	NT=label free sample;AC=MS:1002038	NT=orbitrap elite;AC=MS:1001910	NT=Phospho;AC=UNIMOD:21;TA=S,T,Y;MT=Variable	NT=Oxidation;AC=UNIMOD:35;TA=M;MT=Variable	NT=Trypsin;AC=MS:1001251	NT=collision-induced dissociation;AC=MS:1000133	0.5 Da	0.5 Da	sds page	1	1	20160401_3055_22.raw	ftp://ftp.pride.ebi.ac.uk/pride/data/archive/2017/06/PXD003674/20160401_3055_22.raw	v1.1.0	NT=ms-proteomics;VV=v1.1.0	manual curation
20160407_3056_22	mus musculus	not available	not applicable	not available	22	20160407_3056_22	proteomic profiling by mass spectrometry	NT=Data-dependent acquisition;AC=PRIDE:0000627	NT=label free sample;AC=MS:1002038	NT=orbitrap elite;AC=MS:1001910	NT=Phospho;AC=UNIMOD:21;TA=S,T,Y;MT=Variable	NT=Oxidation;AC=UNIMOD:35;TA=M;MT=Variable	NT=Trypsin;AC=MS:1001251	NT=collision-induced dissociation;AC=MS:1000133	0.5 Da	0.5 Da	sds page	1	1	20160407_3056_22.raw	ftp://ftp.pride.ebi.ac.uk/pride/data/archive/2017/06/PXD003674/20160407_3056_22.raw	v1.1.0	NT=ms-proteomics;VV=v1.1.0	manual curation
20160407_3056_24	mus musculus	not available	not applicable	not available	24	20160407_3056_24	proteomic profiling by mass spectrometry	NT=Data-dependent acquisition;AC=PRIDE:0000627	NT=label free sample;AC=MS:1002038	NT=orbitrap elite;AC=MS:1001910	NT=Phospho;AC=UNIMOD:21;TA=S,T,Y;MT=Variable	NT=Oxidation;AC=UNIMOD:35;TA=M;MT=Variable	NT=Trypsin;AC=MS:1001251	NT=collision-induced dissociation;AC=MS:1000133	0.5 Da	0.5 Da	sds page	1	1	20160407_3056_24.raw	ftp://ftp.pride.ebi.ac.uk/pride/data/archive/2017/06/PXD003674/20160407_3056_24.raw	v1.1.0	NT=ms-proteomics;VV=v1.1.0	manual curation
20160219_CLASP2_HA_3029_29	mus musculus	not available	not applicable	not available	29	20160219_CLASP2_HA_3029_29	proteomic profiling by mass spectrometry	NT=Data-dependent acquisition;AC=PRIDE:0000627	NT=label free sample;AC=MS:1002038	NT=orbitrap elite;AC=MS:1001910	NT=Phospho;AC=UNIMOD:21;TA=S,T,Y;MT=Variable	NT=Oxidation;AC=UNIMOD:35;TA=M;MT=Variable	NT=Trypsin;AC=MS:1001251	NT=collision-induced dissociation;AC=MS:1000133	0.5 Da	0.5 Da	sds page	1	1	20160219_CLASP2_HA_3029_29.raw	ftp://ftp.pride.ebi.ac.uk/pride/data/archive/2017/06/PXD003674/20160219_CLASP2_HA_3029_29.raw	v1.1.0	NT=ms-proteomics;VV=v1.1.0	manual curation
20160317_3053_CLASP2_ABT263_23	mus musculus	not available	not applicable	not available	23	20160317_3053_CLASP2_ABT263_23	proteomic profiling by mass spectrometry	NT=Data-dependent acquisition;AC=PRIDE:0000627	NT=label free sample;AC=MS:1002038	NT=orbitrap elite;AC=MS:1001910	NT=Phospho;AC=UNIMOD:21;TA=S,T,Y;MT=Variable	NT=Oxidation;AC=UNIMOD:35;TA=M;MT=Variable	NT=Trypsin;AC=MS:1001251	NT=collision-induced dissociation;AC=MS:1000133	0.5 Da	0.5 Da	sds page	1	1	20160317_3053_CLASP2_ABT263_23.raw	ftp://ftp.pride.ebi.ac.uk/pride/data/archive/2017/06/PXD003674/20160317_3053_CLASP2_ABT263_23.raw	v1.1.0	NT=ms-proteomics;VV=v1.1.0	manual curation
20160505_3071_39	mus musculus	not available	not applicable	not available	39	20160505_3071_39	proteomic profiling by mass spectrometry	NT=Data-dependent acquisition;AC=PRIDE:0000627	NT=label free sample;AC=MS:1002038	NT=orbitrap elite;AC=MS:1001910	NT=Phospho;AC=UNIMOD:21;TA=S,T,Y;MT=Variable	NT=Oxidation;AC=UNIMOD:35;TA=M;MT=Variable	NT=Trypsin;AC=MS:1001251	NT=collision-induced dissociation;AC=MS:1000133	0.5 Da	0.5 Da	sds page	1	1	20160505_3071_39.raw	ftp://ftp.pride.ebi.ac.uk/pride/data/archive/2017/06/PXD003674/20160505_3071_39.raw	v1.1.0	NT=ms-proteomics;VV=v1.1.0	manual curation
20160519_3074_4	mus musculus	not available	not applicable	not available	4	20160519_3074_4	proteomic profiling by mass spectrometry	NT=Data-dependent acquisition;AC=PRIDE:0000627	NT=label free sample;AC=MS:1002038	NT=orbitrap elite;AC=MS:1001910	NT=Phospho;AC=UNIMOD:21;TA=S,T,Y;MT=Variable	NT=Oxidation;AC=UNIMOD:35;TA=M;MT=Variable	NT=Trypsin;AC=MS:1001251	NT=collision-induced dissociation;AC=MS:1000133	0.5 Da	0.5 Da	sds page	1	1	20160519_3074_4.raw	ftp://ftp.pride.ebi.ac.uk/pride/data/archive/2017/06/PXD003674/20160519_3074_4.raw	v1.1.0	NT=ms-proteomics;VV=v1.1.0	manual curation
20160314_3049_12	mus musculus	not available	not applicable	not available	12	20160314_3049_12	proteomic profiling by mass spectrometry	NT=Data-dependent acquisition;AC=PRIDE:0000627	NT=label free sample;AC=MS:1002038	NT=orbitrap elite;AC=MS:1001910	NT=Phospho;AC=UNIMOD:21;TA=S,T,Y;MT=Variable	NT=Oxidation;AC=UNIMOD:35;TA=M;MT=Variable	NT=Trypsin;AC=MS:1001251	NT=collision-induced dissociation;AC=MS:1000133	0.5 Da	0.5 Da	sds page	1	1	20160314_3049_12.raw	ftp://ftp.pride.ebi.ac.uk/pride/data/archive/2017/06/PXD003674/20160314_3049_12.raw	v1.1.0	NT=ms-proteomics;VV=v1.1.0	manual curation
20160416_3065_AGAP3_SOGA1_12	mus musculus	not available	not applicable	not available	12	20160416_3065_AGAP3_SOGA1_12	proteomic profiling by mass spectrometry	NT=Data-dependent acquisition;AC=PRIDE:0000627	NT=label free sample;AC=MS:1002038	NT=orbitrap elite;AC=MS:1001910	NT=Phospho;AC=UNIMOD:21;TA=S,T,Y;MT=Variable	NT=Oxidation;AC=UNIMOD:35;TA=M;MT=Variable	NT=Trypsin;AC=MS:1001251	NT=collision-induced dissociation;AC=MS:1000133	0.5 Da	0.5 Da	sds page	1	1	20160416_3065_AGAP3_SOGA1_12.raw	ftp://ftp.pride.ebi.ac.uk/pride/data/archive/2017/06/PXD003674/20160416_3065_AGAP3_SOGA1_12.raw	v1.1.0	NT=ms-proteomics;VV=v1.1.0	manual curation
20160408_3056_13	mus musculus	not available	not applicable	not available	13	20160408_3056_13	proteomic profiling by mass spectrometry	NT=Data-dependent acquisition;AC=PRIDE:0000627	NT=label free sample;AC=MS:1002038	NT=orbitrap elite;AC=MS:1001910	NT=Phospho;AC=UNIMOD:21;TA=S,T,Y;MT=Variable	NT=Oxidation;AC=UNIMOD:35;TA=M;MT=Variable	NT=Trypsin;AC=MS:1001251	NT=collision-induced dissociation;AC=MS:1000133	0.5 Da	0.5 Da	sds page	1	1	20160408_3056_13.raw	ftp://ftp.pride.ebi.ac.uk/pride/data/archive/2017/06/PXD003674/20160408_3056_13.raw	v1.1.0	NT=ms-proteomics;VV=v1.1.0	manual curation
20160520_3074_25	mus musculus	not available	not applicable	not available	25	20160520_3074_25	proteomic profiling by mass spectrometry	NT=Data-dependent acquisition;AC=PRIDE:0000627	NT=label free sample;AC=MS:1002038	NT=orbitrap elite;AC=MS:1001910	NT=Phospho;AC=UNIMOD:21;TA=S,T,Y;MT=Variable	NT=Oxidation;AC=UNIMOD:35;TA=M;MT=Variable	NT=Trypsin;AC=MS:1001251	NT=collision-induced dissociation;AC=MS:1000133	0.5 Da	0.5 Da	sds page	1	1	20160520_3074_25.raw	ftp://ftp.pride.ebi.ac.uk/pride/data/archive/2017/06/PXD003674/20160520_3074_25.raw	v1.1.0	NT=ms-proteomics;VV=v1.1.0	manual curation
20160429_3066_37	mus musculus	not available	not applicable	not available	37	20160429_3066_37	proteomic profiling by mass spectrometry	NT=Data-dependent acquisition;AC=PRIDE:0000627	NT=label free sample;AC=MS:1002038	NT=orbitrap elite;AC=MS:1001910	NT=Phospho;AC=UNIMOD:21;TA=S,T,Y;MT=Variable	NT=Oxidation;AC=UNIMOD:35;TA=M;MT=Variable	NT=Trypsin;AC=MS:1001251	NT=collision-induced dissociation;AC=MS:1000133	0.5 Da	0.5 Da	sds page	1	1	20160429_3066_37.raw	ftp://ftp.pride.ebi.ac.uk/pride/data/archive/2017/06/PXD003674/20160429_3066_37.raw	v1.1.0	NT=ms-proteomics;VV=v1.1.0	manual curation
20150514_CLASP2_1076_77	mus musculus	not available	not applicable	not available	77	20150514_CLASP2_1076_77	proteomic profiling by mass spectrometry	NT=Data-dependent acquisition;AC=PRIDE:0000627	NT=label free sample;AC=MS:1002038	NT=orbitrap elite;AC=MS:1001910	NT=Phospho;AC=UNIMOD:21;TA=S,T,Y;MT=Variable	NT=Oxidation;AC=UNIMOD:35;TA=M;MT=Variable	NT=Trypsin;AC=MS:1001251	NT=collision-induced dissociation;AC=MS:1000133	0.5 Da	0.5 Da	sds page	1	1	20150514_CLASP2_1076_77.raw	ftp://ftp.pride.ebi.ac.uk/pride/data/archive/2017/06/PXD003674/20150514_CLASP2_1076_77.raw	v1.1.0	NT=ms-proteomics;VV=v1.1.0	manual curation
20150506_43	mus musculus	not available	not applicable	not available	43	20150506_43	proteomic profiling by mass spectrometry	NT=Data-dependent acquisition;AC=PRIDE:0000627	NT=label free sample;AC=MS:1002038	NT=orbitrap elite;AC=MS:1001910	NT=Phospho;AC=UNIMOD:21;TA=S,T,Y;MT=Variable	NT=Oxidation;AC=UNIMOD:35;TA=M;MT=Variable	NT=Trypsin;AC=MS:1001251	NT=collision-induced dissociation;AC=MS:1000133	0.5 Da	0.5 Da	sds page	1	1	20150506_43.raw	ftp://ftp.pride.ebi.ac.uk/pride/data/archive/2017/06/PXD003674/20150506_43.raw	v1.1.0	NT=ms-proteomics;VV=v1.1.0	manual curation
20150508_CLASP2_1076_10	mus musculus	not available	not applicable	not available	10	20150508_CLASP2_1076_10	proteomic profiling by mass spectrometry	NT=Data-dependent acquisition;AC=PRIDE:0000627	NT=label free sample;AC=MS:1002038	NT=orbitrap elite;AC=MS:1001910	NT=Phospho;AC=UNIMOD:21;TA=S,T,Y;MT=Variable	NT=Oxidation;AC=UNIMOD:35;TA=M;MT=Variable	NT=Trypsin;AC=MS:1001251	NT=collision-induced dissociation;AC=MS:1000133	0.5 Da	0.5 Da	sds page	1	1	20150508_CLASP2_1076_10.raw	ftp://ftp.pride.ebi.ac.uk/pride/data/archive/2017/06/PXD003674/20150508_CLASP2_1076_10.raw	v1.1.0	NT=ms-proteomics;VV=v1.1.0	manual curation
20160519_3074_1	mus musculus	not available	not applicable	not available	1	20160519_3074_1	proteomic profiling by mass spectrometry	NT=Data-dependent acquisition;AC=PRIDE:0000627	NT=label free sample;AC=MS:1002038	NT=orbitrap elite;AC=MS:1001910	NT=Phospho;AC=UNIMOD:21;TA=S,T,Y;MT=Variable	NT=Oxidation;AC=UNIMOD:35;TA=M;MT=Variable	NT=Trypsin;AC=MS:1001251	NT=collision-induced dissociation;AC=MS:1000133	0.5 Da	0.5 Da	sds page	1	1	20160519_3074_1.raw	ftp://ftp.pride.ebi.ac.uk/pride/data/archive/2017/06/PXD003674/20160519_3074_1.raw	v1.1.0	NT=ms-proteomics;VV=v1.1.0	manual curation
20150514_CLASP2_1076_91	mus musculus	not available	not applicable	not available	91	20150514_CLASP2_1076_91	proteomic profiling by mass spectrometry	NT=Data-dependent acquisition;AC=PRIDE:0000627	NT=label free sample;AC=MS:1002038	NT=orbitrap elite;AC=MS:1001910	NT=Phospho;AC=UNIMOD:21;TA=S,T,Y;MT=Variable	NT=Oxidation;AC=UNIMOD:35;TA=M;MT=Variable	NT=Trypsin;AC=MS:1001251	NT=collision-induced dissociation;AC=MS:1000133	0.5 Da	0.5 Da	sds page	1	1	20150514_CLASP2_1076_91.raw	ftp://ftp.pride.ebi.ac.uk/pride/data/archive/2017/06/PXD003674/20150514_CLASP2_1076_91.raw	v1.1.0	NT=ms-proteomics;VV=v1.1.0	manual curation
20160505_3071_36	mus musculus	not available	not applicable	not available	36	20160505_3071_36	proteomic profiling by mass spectrometry	NT=Data-dependent acquisition;AC=PRIDE:0000627	NT=label free sample;AC=MS:1002038	NT=orbitrap elite;AC=MS:1001910	NT=Phospho;AC=UNIMOD:21;TA=S,T,Y;MT=Variable	NT=Oxidation;AC=UNIMOD:35;TA=M;MT=Variable	NT=Trypsin;AC=MS:1001251	NT=collision-induced dissociation;AC=MS:1000133	0.5 Da	0.5 Da	sds page	1	1	20160505_3071_36.raw	ftp://ftp.pride.ebi.ac.uk/pride/data/archive/2017/06/PXD003674/20160505_3071_36.raw	v1.1.0	NT=ms-proteomics;VV=v1.1.0	manual curation
20150506_58	mus musculus	not available	not applicable	not available	58	20150506_58	proteomic profiling by mass spectrometry	NT=Data-dependent acquisition;AC=PRIDE:0000627	NT=label free sample;AC=MS:1002038	NT=orbitrap elite;AC=MS:1001910	NT=Phospho;AC=UNIMOD:21;TA=S,T,Y;MT=Variable	NT=Oxidation;AC=UNIMOD:35;TA=M;MT=Variable	NT=Trypsin;AC=MS:1001251	NT=collision-induced dissociation;AC=MS:1000133	0.5 Da	0.5 Da	sds page	1	1	20150506_58.raw	ftp://ftp.pride.ebi.ac.uk/pride/data/archive/2017/06/PXD003674/20150506_58.raw	v1.1.0	NT=ms-proteomics;VV=v1.1.0	manual curation
20160530_3076_21	mus musculus	not available	not applicable	not available	21	20160530_3076_21	proteomic profiling by mass spectrometry	NT=Data-dependent acquisition;AC=PRIDE:0000627	NT=label free sample;AC=MS:1002038	NT=orbitrap elite;AC=MS:1001910	NT=Phospho;AC=UNIMOD:21;TA=S,T,Y;MT=Variable	NT=Oxidation;AC=UNIMOD:35;TA=M;MT=Variable	NT=Trypsin;AC=MS:1001251	NT=collision-induced dissociation;AC=MS:1000133	0.5 Da	0.5 Da	sds page	1	1	20160530_3076_21.raw	ftp://ftp.pride.ebi.ac.uk/pride/data/archive/2017/06/PXD003674/20160530_3076_21.raw	v1.1.0	NT=ms-proteomics;VV=v1.1.0	manual curation
20160531_3076_27	mus musculus	not available	not applicable	not available	27	20160531_3076_27	proteomic profiling by mass spectrometry	NT=Data-dependent acquisition;AC=PRIDE:0000627	NT=label free sample;AC=MS:1002038	NT=orbitrap elite;AC=MS:1001910	NT=Phospho;AC=UNIMOD:21;TA=S,T,Y;MT=Variable	NT=Oxidation;AC=UNIMOD:35;TA=M;MT=Variable	NT=Trypsin;AC=MS:1001251	NT=collision-induced dissociation;AC=MS:1000133	0.5 Da	0.5 Da	sds page	1	1	20160531_3076_27.raw	ftp://ftp.pride.ebi.ac.uk/pride/data/archive/2017/06/PXD003674/20160531_3076_27.raw	v1.1.0	NT=ms-proteomics;VV=v1.1.0	manual curation
