source name	characteristics[organism]	characteristics[organism part]	characteristics[cell type]	characteristics[disease]	characteristics[biological replicate]	assay name	technology type	comment[proteomics data acquisition method]	comment[label]	comment[instrument]	comment[modification parameters]	comment[cleavage agent details]	comment[dissociation method]	comment[precursor mass tolerance]	comment[fragment mass tolerance]	comment[reduction reagent]	comment[alkylation reagent]	comment[fraction identifier]	comment[technical replicate]	comment[data file]	comment[file uri]	comment[sdrf version]	comment[sdrf template]	comment[sdrf template]	comment[sdrf annotation tool]	factor value[organism part]
F1806_fuerschj_507	homo sapiens	serum	not applicable	not available	1	F1806_fuerschj_507	proteomic profiling by mass spectrometry	NT=Data-dependent acquisition;AC=PRIDE:0000627	NT=label free sample;AC=MS:1002038	NT=orbitrap fusion;AC=MS:1002416	NT=Carbamidomethyl;AC=UNIMOD:4;TA=C;MT=Fixed	NT=Trypsin;AC=MS:1001251	not available	10 ppm	0.2 Da	dithiothreitol (dtt)	iodoacetamide (iaa)	1	1	F1806_fuerschj_507.raw	ftp://ftp.pride.ebi.ac.uk/pride/data/archive/2021/10/PXD021114/F1806_fuerschj_507.raw	v1.1.0	NT=ms-proteomics;VV=v1.1.0	NT=oncology-metadata;VV=v1.0.0	manual curation	serum
F1806_fuerschj_515	homo sapiens	serum	not applicable	not available	1	F1806_fuerschj_515	proteomic profiling by mass spectrometry	NT=Data-dependent acquisition;AC=PRIDE:0000627	NT=label free sample;AC=MS:1002038	NT=orbitrap fusion;AC=MS:1002416	NT=Carbamidomethyl;AC=UNIMOD:4;TA=C;MT=Fixed	NT=Trypsin;AC=MS:1001251	not available	10 ppm	0.2 Da	dithiothreitol (dtt)	iodoacetamide (iaa)	1	1	F1806_fuerschj_515.raw	ftp://ftp.pride.ebi.ac.uk/pride/data/archive/2021/10/PXD021114/F1806_fuerschj_515.raw	v1.1.0	NT=ms-proteomics;VV=v1.1.0	NT=oncology-metadata;VV=v1.0.0	manual curation	serum
F1804_fuerschj_372	homo sapiens	serum	not applicable	not available	1	F1804_fuerschj_372	proteomic profiling by mass spectrometry	NT=Data-dependent acquisition;AC=PRIDE:0000627	NT=label free sample;AC=MS:1002038	NT=orbitrap fusion;AC=MS:1002416	NT=Carbamidomethyl;AC=UNIMOD:4;TA=C;MT=Fixed	NT=Trypsin;AC=MS:1001251	not available	10 ppm	0.2 Da	dithiothreitol (dtt)	iodoacetamide (iaa)	1	1	F1804_fuerschj_372.raw	ftp://ftp.pride.ebi.ac.uk/pride/data/archive/2021/10/PXD021114/F1804_fuerschj_372.raw	v1.1.0	NT=ms-proteomics;VV=v1.1.0	NT=oncology-metadata;VV=v1.0.0	manual curation	serum
F1806_fuerschj_626	homo sapiens	serum	not applicable	not available	1	F1806_fuerschj_626	proteomic profiling by mass spectrometry	NT=Data-dependent acquisition;AC=PRIDE:0000627	NT=label free sample;AC=MS:1002038	NT=orbitrap fusion;AC=MS:1002416	NT=Carbamidomethyl;AC=UNIMOD:4;TA=C;MT=Fixed	NT=Trypsin;AC=MS:1001251	not available	10 ppm	0.2 Da	dithiothreitol (dtt)	iodoacetamide (iaa)	1	1	F1806_fuerschj_626.raw	ftp://ftp.pride.ebi.ac.uk/pride/data/archive/2021/10/PXD021114/F1806_fuerschj_626.raw	v1.1.0	NT=ms-proteomics;VV=v1.1.0	NT=oncology-metadata;VV=v1.0.0	manual curation	serum
F1806_fuerschj_460	homo sapiens	serum	not applicable	not available	1	F1806_fuerschj_460	proteomic profiling by mass spectrometry	NT=Data-dependent acquisition;AC=PRIDE:0000627	NT=label free sample;AC=MS:1002038	NT=orbitrap fusion;AC=MS:1002416	NT=Carbamidomethyl;AC=UNIMOD:4;TA=C;MT=Fixed	NT=Trypsin;AC=MS:1001251	not available	10 ppm	0.2 Da	dithiothreitol (dtt)	iodoacetamide (iaa)	1	1	F1806_fuerschj_460.raw	ftp://ftp.pride.ebi.ac.uk/pride/data/archive/2021/10/PXD021114/F1806_fuerschj_460.raw	v1.1.0	NT=ms-proteomics;VV=v1.1.0	NT=oncology-metadata;VV=v1.0.0	manual curation	serum
F1806_fuerschj_610	homo sapiens	serum	not applicable	not available	1	F1806_fuerschj_610	proteomic profiling by mass spectrometry	NT=Data-dependent acquisition;AC=PRIDE:0000627	NT=label free sample;AC=MS:1002038	NT=orbitrap fusion;AC=MS:1002416	NT=Carbamidomethyl;AC=UNIMOD:4;TA=C;MT=Fixed	NT=Trypsin;AC=MS:1001251	not available	10 ppm	0.2 Da	dithiothreitol (dtt)	iodoacetamide (iaa)	1	1	F1806_fuerschj_610.raw	ftp://ftp.pride.ebi.ac.uk/pride/data/archive/2021/10/PXD021114/F1806_fuerschj_610.raw	v1.1.0	NT=ms-proteomics;VV=v1.1.0	NT=oncology-metadata;VV=v1.0.0	manual curation	serum
F1806_fuerschj_469	homo sapiens	serum	not applicable	not available	1	F1806_fuerschj_469	proteomic profiling by mass spectrometry	NT=Data-dependent acquisition;AC=PRIDE:0000627	NT=label free sample;AC=MS:1002038	NT=orbitrap fusion;AC=MS:1002416	NT=Carbamidomethyl;AC=UNIMOD:4;TA=C;MT=Fixed	NT=Trypsin;AC=MS:1001251	not available	10 ppm	0.2 Da	dithiothreitol (dtt)	iodoacetamide (iaa)	1	1	F1806_fuerschj_469.raw	ftp://ftp.pride.ebi.ac.uk/pride/data/archive/2021/10/PXD021114/F1806_fuerschj_469.raw	v1.1.0	NT=ms-proteomics;VV=v1.1.0	NT=oncology-metadata;VV=v1.0.0	manual curation	serum
F1806_fuerschj_404	homo sapiens	serum	not applicable	not available	1	F1806_fuerschj_404	proteomic profiling by mass spectrometry	NT=Data-dependent acquisition;AC=PRIDE:0000627	NT=label free sample;AC=MS:1002038	NT=orbitrap fusion;AC=MS:1002416	NT=Carbamidomethyl;AC=UNIMOD:4;TA=C;MT=Fixed	NT=Trypsin;AC=MS:1001251	not available	10 ppm	0.2 Da	dithiothreitol (dtt)	iodoacetamide (iaa)	1	1	F1806_fuerschj_404.raw	ftp://ftp.pride.ebi.ac.uk/pride/data/archive/2021/10/PXD021114/F1806_fuerschj_404.raw	v1.1.0	NT=ms-proteomics;VV=v1.1.0	NT=oncology-metadata;VV=v1.0.0	manual curation	serum
F1804_fuerschj_256	homo sapiens	serum	not applicable	not available	1	F1804_fuerschj_256	proteomic profiling by mass spectrometry	NT=Data-dependent acquisition;AC=PRIDE:0000627	NT=label free sample;AC=MS:1002038	NT=orbitrap fusion;AC=MS:1002416	NT=Carbamidomethyl;AC=UNIMOD:4;TA=C;MT=Fixed	NT=Trypsin;AC=MS:1001251	not available	10 ppm	0.2 Da	dithiothreitol (dtt)	iodoacetamide (iaa)	1	1	F1804_fuerschj_256.raw	ftp://ftp.pride.ebi.ac.uk/pride/data/archive/2021/10/PXD021114/F1804_fuerschj_256.raw	v1.1.0	NT=ms-proteomics;VV=v1.1.0	NT=oncology-metadata;VV=v1.0.0	manual curation	serum
F1804_fuerschj_337	homo sapiens	serum	not applicable	not available	1	F1804_fuerschj_337	proteomic profiling by mass spectrometry	NT=Data-dependent acquisition;AC=PRIDE:0000627	NT=label free sample;AC=MS:1002038	NT=orbitrap fusion;AC=MS:1002416	NT=Carbamidomethyl;AC=UNIMOD:4;TA=C;MT=Fixed	NT=Trypsin;AC=MS:1001251	not available	10 ppm	0.2 Da	dithiothreitol (dtt)	iodoacetamide (iaa)	1	1	F1804_fuerschj_337.raw	ftp://ftp.pride.ebi.ac.uk/pride/data/archive/2021/10/PXD021114/F1804_fuerschj_337.raw	v1.1.0	NT=ms-proteomics;VV=v1.1.0	NT=oncology-metadata;VV=v1.0.0	manual curation	serum
F1912_fuerschj_474	homo sapiens	serum	not applicable	not available	1	F1912_fuerschj_474	proteomic profiling by mass spectrometry	NT=Data-dependent acquisition;AC=PRIDE:0000627	NT=label free sample;AC=MS:1002038	NT=orbitrap fusion;AC=MS:1002416	NT=Carbamidomethyl;AC=UNIMOD:4;TA=C;MT=Fixed	NT=Trypsin;AC=MS:1001251	not available	10 ppm	0.2 Da	dithiothreitol (dtt)	iodoacetamide (iaa)	1	1	F1912_fuerschj_474.raw	ftp://ftp.pride.ebi.ac.uk/pride/data/archive/2021/10/PXD021114/F1912_fuerschj_474.raw	v1.1.0	NT=ms-proteomics;VV=v1.1.0	NT=oncology-metadata;VV=v1.0.0	manual curation	serum
F1804_fuerschj_360	homo sapiens	serum	not applicable	not available	1	F1804_fuerschj_360	proteomic profiling by mass spectrometry	NT=Data-dependent acquisition;AC=PRIDE:0000627	NT=label free sample;AC=MS:1002038	NT=orbitrap fusion;AC=MS:1002416	NT=Carbamidomethyl;AC=UNIMOD:4;TA=C;MT=Fixed	NT=Trypsin;AC=MS:1001251	not available	10 ppm	0.2 Da	dithiothreitol (dtt)	iodoacetamide (iaa)	1	1	F1804_fuerschj_360.raw	ftp://ftp.pride.ebi.ac.uk/pride/data/archive/2021/10/PXD021114/F1804_fuerschj_360.raw	v1.1.0	NT=ms-proteomics;VV=v1.1.0	NT=oncology-metadata;VV=v1.0.0	manual curation	serum
F1907_fuerschj_314	homo sapiens	serum	not applicable	not available	1	F1907_fuerschj_314	proteomic profiling by mass spectrometry	NT=Data-dependent acquisition;AC=PRIDE:0000627	NT=label free sample;AC=MS:1002038	NT=orbitrap fusion;AC=MS:1002416	NT=Carbamidomethyl;AC=UNIMOD:4;TA=C;MT=Fixed	NT=Trypsin;AC=MS:1001251	not available	10 ppm	0.2 Da	dithiothreitol (dtt)	iodoacetamide (iaa)	1	1	F1907_fuerschj_314.raw	ftp://ftp.pride.ebi.ac.uk/pride/data/archive/2021/10/PXD021114/F1907_fuerschj_314.raw	v1.1.0	NT=ms-proteomics;VV=v1.1.0	NT=oncology-metadata;VV=v1.0.0	manual curation	serum
F1806_fuerschj_635	homo sapiens	serum	not applicable	not available	1	F1806_fuerschj_635	proteomic profiling by mass spectrometry	NT=Data-dependent acquisition;AC=PRIDE:0000627	NT=label free sample;AC=MS:1002038	NT=orbitrap fusion;AC=MS:1002416	NT=Carbamidomethyl;AC=UNIMOD:4;TA=C;MT=Fixed	NT=Trypsin;AC=MS:1001251	not available	10 ppm	0.2 Da	dithiothreitol (dtt)	iodoacetamide (iaa)	1	1	F1806_fuerschj_635.raw	ftp://ftp.pride.ebi.ac.uk/pride/data/archive/2021/10/PXD021114/F1806_fuerschj_635.raw	v1.1.0	NT=ms-proteomics;VV=v1.1.0	NT=oncology-metadata;VV=v1.0.0	manual curation	serum
F1804_fuerschj_275	homo sapiens	serum	not applicable	not available	1	F1804_fuerschj_275	proteomic profiling by mass spectrometry	NT=Data-dependent acquisition;AC=PRIDE:0000627	NT=label free sample;AC=MS:1002038	NT=orbitrap fusion;AC=MS:1002416	NT=Carbamidomethyl;AC=UNIMOD:4;TA=C;MT=Fixed	NT=Trypsin;AC=MS:1001251	not available	10 ppm	0.2 Da	dithiothreitol (dtt)	iodoacetamide (iaa)	1	1	F1804_fuerschj_275.raw	ftp://ftp.pride.ebi.ac.uk/pride/data/archive/2021/10/PXD021114/F1804_fuerschj_275.raw	v1.1.0	NT=ms-proteomics;VV=v1.1.0	NT=oncology-metadata;VV=v1.0.0	manual curation	serum
F1806_fuerschj_543	homo sapiens	serum	not applicable	not available	1	F1806_fuerschj_543	proteomic profiling by mass spectrometry	NT=Data-dependent acquisition;AC=PRIDE:0000627	NT=label free sample;AC=MS:1002038	NT=orbitrap fusion;AC=MS:1002416	NT=Carbamidomethyl;AC=UNIMOD:4;TA=C;MT=Fixed	NT=Trypsin;AC=MS:1001251	not available	10 ppm	0.2 Da	dithiothreitol (dtt)	iodoacetamide (iaa)	1	1	F1806_fuerschj_543.raw	ftp://ftp.pride.ebi.ac.uk/pride/data/archive/2021/10/PXD021114/F1806_fuerschj_543.raw	v1.1.0	NT=ms-proteomics;VV=v1.1.0	NT=oncology-metadata;VV=v1.0.0	manual curation	serum
F1907_fuerschj_311	homo sapiens	serum	not applicable	not available	1	F1907_fuerschj_311	proteomic profiling by mass spectrometry	NT=Data-dependent acquisition;AC=PRIDE:0000627	NT=label free sample;AC=MS:1002038	NT=orbitrap fusion;AC=MS:1002416	NT=Carbamidomethyl;AC=UNIMOD:4;TA=C;MT=Fixed	NT=Trypsin;AC=MS:1001251	not available	10 ppm	0.2 Da	dithiothreitol (dtt)	iodoacetamide (iaa)	1	1	F1907_fuerschj_311.raw	ftp://ftp.pride.ebi.ac.uk/pride/data/archive/2021/10/PXD021114/F1907_fuerschj_311.raw	v1.1.0	NT=ms-proteomics;VV=v1.1.0	NT=oncology-metadata;VV=v1.0.0	manual curation	serum
F1806_fuerschj_417	homo sapiens	serum	not applicable	not available	1	F1806_fuerschj_417	proteomic profiling by mass spectrometry	NT=Data-dependent acquisition;AC=PRIDE:0000627	NT=label free sample;AC=MS:1002038	NT=orbitrap fusion;AC=MS:1002416	NT=Carbamidomethyl;AC=UNIMOD:4;TA=C;MT=Fixed	NT=Trypsin;AC=MS:1001251	not available	10 ppm	0.2 Da	dithiothreitol (dtt)	iodoacetamide (iaa)	1	1	F1806_fuerschj_417.raw	ftp://ftp.pride.ebi.ac.uk/pride/data/archive/2021/10/PXD021114/F1806_fuerschj_417.raw	v1.1.0	NT=ms-proteomics;VV=v1.1.0	NT=oncology-metadata;VV=v1.0.0	manual curation	serum
F1911_fuerschj_219	homo sapiens	serum	not applicable	not available	1	F1911_fuerschj_219	proteomic profiling by mass spectrometry	NT=Data-dependent acquisition;AC=PRIDE:0000627	NT=label free sample;AC=MS:1002038	NT=orbitrap fusion;AC=MS:1002416	NT=Carbamidomethyl;AC=UNIMOD:4;TA=C;MT=Fixed	NT=Trypsin;AC=MS:1001251	not available	10 ppm	0.2 Da	dithiothreitol (dtt)	iodoacetamide (iaa)	1	1	F1911_fuerschj_219.raw	ftp://ftp.pride.ebi.ac.uk/pride/data/archive/2021/10/PXD021114/F1911_fuerschj_219.raw	v1.1.0	NT=ms-proteomics;VV=v1.1.0	NT=oncology-metadata;VV=v1.0.0	manual curation	serum
F1804_fuerschj_299	homo sapiens	serum	not applicable	not available	1	F1804_fuerschj_299	proteomic profiling by mass spectrometry	NT=Data-dependent acquisition;AC=PRIDE:0000627	NT=label free sample;AC=MS:1002038	NT=orbitrap fusion;AC=MS:1002416	NT=Carbamidomethyl;AC=UNIMOD:4;TA=C;MT=Fixed	NT=Trypsin;AC=MS:1001251	not available	10 ppm	0.2 Da	dithiothreitol (dtt)	iodoacetamide (iaa)	1	1	F1804_fuerschj_299.raw	ftp://ftp.pride.ebi.ac.uk/pride/data/archive/2021/10/PXD021114/F1804_fuerschj_299.raw	v1.1.0	NT=ms-proteomics;VV=v1.1.0	NT=oncology-metadata;VV=v1.0.0	manual curation	serum
F1907_fuerschj_297	homo sapiens	serum	not applicable	not available	1	F1907_fuerschj_297	proteomic profiling by mass spectrometry	NT=Data-dependent acquisition;AC=PRIDE:0000627	NT=label free sample;AC=MS:1002038	NT=orbitrap fusion;AC=MS:1002416	NT=Carbamidomethyl;AC=UNIMOD:4;TA=C;MT=Fixed	NT=Trypsin;AC=MS:1001251	not available	10 ppm	0.2 Da	dithiothreitol (dtt)	iodoacetamide (iaa)	1	1	F1907_fuerschj_297.raw	ftp://ftp.pride.ebi.ac.uk/pride/data/archive/2021/10/PXD021114/F1907_fuerschj_297.raw	v1.1.0	NT=ms-proteomics;VV=v1.1.0	NT=oncology-metadata;VV=v1.0.0	manual curation	serum
F1912_fuerschj_441	homo sapiens	serum	not applicable	not available	1	F1912_fuerschj_441	proteomic profiling by mass spectrometry	NT=Data-dependent acquisition;AC=PRIDE:0000627	NT=label free sample;AC=MS:1002038	NT=orbitrap fusion;AC=MS:1002416	NT=Carbamidomethyl;AC=UNIMOD:4;TA=C;MT=Fixed	NT=Trypsin;AC=MS:1001251	not available	10 ppm	0.2 Da	dithiothreitol (dtt)	iodoacetamide (iaa)	1	1	F1912_fuerschj_441.raw	ftp://ftp.pride.ebi.ac.uk/pride/data/archive/2021/10/PXD021114/F1912_fuerschj_441.raw	v1.1.0	NT=ms-proteomics;VV=v1.1.0	NT=oncology-metadata;VV=v1.0.0	manual curation	serum
F1912_fuerschj_477	homo sapiens	serum	not applicable	not available	1	F1912_fuerschj_477	proteomic profiling by mass spectrometry	NT=Data-dependent acquisition;AC=PRIDE:0000627	NT=label free sample;AC=MS:1002038	NT=orbitrap fusion;AC=MS:1002416	NT=Carbamidomethyl;AC=UNIMOD:4;TA=C;MT=Fixed	NT=Trypsin;AC=MS:1001251	not available	10 ppm	0.2 Da	dithiothreitol (dtt)	iodoacetamide (iaa)	1	1	F1912_fuerschj_477.raw	ftp://ftp.pride.ebi.ac.uk/pride/data/archive/2021/10/PXD021114/F1912_fuerschj_477.raw	v1.1.0	NT=ms-proteomics;VV=v1.1.0	NT=oncology-metadata;VV=v1.0.0	manual curation	serum
F1911_fuerschj_209	homo sapiens	serum	not applicable	not available	1	F1911_fuerschj_209	proteomic profiling by mass spectrometry	NT=Data-dependent acquisition;AC=PRIDE:0000627	NT=label free sample;AC=MS:1002038	NT=orbitrap fusion;AC=MS:1002416	NT=Carbamidomethyl;AC=UNIMOD:4;TA=C;MT=Fixed	NT=Trypsin;AC=MS:1001251	not available	10 ppm	0.2 Da	dithiothreitol (dtt)	iodoacetamide (iaa)	1	1	F1911_fuerschj_209.raw	ftp://ftp.pride.ebi.ac.uk/pride/data/archive/2021/10/PXD021114/F1911_fuerschj_209.raw	v1.1.0	NT=ms-proteomics;VV=v1.1.0	NT=oncology-metadata;VV=v1.0.0	manual curation	serum
F1804_fuerschj_362	homo sapiens	serum	not applicable	not available	1	F1804_fuerschj_362	proteomic profiling by mass spectrometry	NT=Data-dependent acquisition;AC=PRIDE:0000627	NT=label free sample;AC=MS:1002038	NT=orbitrap fusion;AC=MS:1002416	NT=Carbamidomethyl;AC=UNIMOD:4;TA=C;MT=Fixed	NT=Trypsin;AC=MS:1001251	not available	10 ppm	0.2 Da	dithiothreitol (dtt)	iodoacetamide (iaa)	1	1	F1804_fuerschj_362.raw	ftp://ftp.pride.ebi.ac.uk/pride/data/archive/2021/10/PXD021114/F1804_fuerschj_362.raw	v1.1.0	NT=ms-proteomics;VV=v1.1.0	NT=oncology-metadata;VV=v1.0.0	manual curation	serum
F1806_fuerschj_472	homo sapiens	serum	not applicable	not available	1	F1806_fuerschj_472	proteomic profiling by mass spectrometry	NT=Data-dependent acquisition;AC=PRIDE:0000627	NT=label free sample;AC=MS:1002038	NT=orbitrap fusion;AC=MS:1002416	NT=Carbamidomethyl;AC=UNIMOD:4;TA=C;MT=Fixed	NT=Trypsin;AC=MS:1001251	not available	10 ppm	0.2 Da	dithiothreitol (dtt)	iodoacetamide (iaa)	1	1	F1806_fuerschj_472.raw	ftp://ftp.pride.ebi.ac.uk/pride/data/archive/2021/10/PXD021114/F1806_fuerschj_472.raw	v1.1.0	NT=ms-proteomics;VV=v1.1.0	NT=oncology-metadata;VV=v1.0.0	manual curation	serum
F1806_fuerschj_517	homo sapiens	serum	not applicable	not available	1	F1806_fuerschj_517	proteomic profiling by mass spectrometry	NT=Data-dependent acquisition;AC=PRIDE:0000627	NT=label free sample;AC=MS:1002038	NT=orbitrap fusion;AC=MS:1002416	NT=Carbamidomethyl;AC=UNIMOD:4;TA=C;MT=Fixed	NT=Trypsin;AC=MS:1001251	not available	10 ppm	0.2 Da	dithiothreitol (dtt)	iodoacetamide (iaa)	1	1	F1806_fuerschj_517.raw	ftp://ftp.pride.ebi.ac.uk/pride/data/archive/2021/10/PXD021114/F1806_fuerschj_517.raw	v1.1.0	NT=ms-proteomics;VV=v1.1.0	NT=oncology-metadata;VV=v1.0.0	manual curation	serum
F1806_fuerschj_674	homo sapiens	serum	not applicable	not available	1	F1806_fuerschj_674	proteomic profiling by mass spectrometry	NT=Data-dependent acquisition;AC=PRIDE:0000627	NT=label free sample;AC=MS:1002038	NT=orbitrap fusion;AC=MS:1002416	NT=Carbamidomethyl;AC=UNIMOD:4;TA=C;MT=Fixed	NT=Trypsin;AC=MS:1001251	not available	10 ppm	0.2 Da	dithiothreitol (dtt)	iodoacetamide (iaa)	1	1	F1806_fuerschj_674.raw	ftp://ftp.pride.ebi.ac.uk/pride/data/archive/2021/10/PXD021114/F1806_fuerschj_674.raw	v1.1.0	NT=ms-proteomics;VV=v1.1.0	NT=oncology-metadata;VV=v1.0.0	manual curation	serum
F1912_fuerschj_484	homo sapiens	serum	not applicable	not available	1	F1912_fuerschj_484	proteomic profiling by mass spectrometry	NT=Data-dependent acquisition;AC=PRIDE:0000627	NT=label free sample;AC=MS:1002038	NT=orbitrap fusion;AC=MS:1002416	NT=Carbamidomethyl;AC=UNIMOD:4;TA=C;MT=Fixed	NT=Trypsin;AC=MS:1001251	not available	10 ppm	0.2 Da	dithiothreitol (dtt)	iodoacetamide (iaa)	1	1	F1912_fuerschj_484.raw	ftp://ftp.pride.ebi.ac.uk/pride/data/archive/2021/10/PXD021114/F1912_fuerschj_484.raw	v1.1.0	NT=ms-proteomics;VV=v1.1.0	NT=oncology-metadata;VV=v1.0.0	manual curation	serum
F1912_fuerschj_410	homo sapiens	serum	not applicable	not available	1	F1912_fuerschj_410	proteomic profiling by mass spectrometry	NT=Data-dependent acquisition;AC=PRIDE:0000627	NT=label free sample;AC=MS:1002038	NT=orbitrap fusion;AC=MS:1002416	NT=Carbamidomethyl;AC=UNIMOD:4;TA=C;MT=Fixed	NT=Trypsin;AC=MS:1001251	not available	10 ppm	0.2 Da	dithiothreitol (dtt)	iodoacetamide (iaa)	1	1	F1912_fuerschj_410.raw	ftp://ftp.pride.ebi.ac.uk/pride/data/archive/2021/10/PXD021114/F1912_fuerschj_410.raw	v1.1.0	NT=ms-proteomics;VV=v1.1.0	NT=oncology-metadata;VV=v1.0.0	manual curation	serum
F1912_fuerschj_422	homo sapiens	serum	not applicable	not available	1	F1912_fuerschj_422	proteomic profiling by mass spectrometry	NT=Data-dependent acquisition;AC=PRIDE:0000627	NT=label free sample;AC=MS:1002038	NT=orbitrap fusion;AC=MS:1002416	NT=Carbamidomethyl;AC=UNIMOD:4;TA=C;MT=Fixed	NT=Trypsin;AC=MS:1001251	not available	10 ppm	0.2 Da	dithiothreitol (dtt)	iodoacetamide (iaa)	1	1	F1912_fuerschj_422.raw	ftp://ftp.pride.ebi.ac.uk/pride/data/archive/2021/10/PXD021114/F1912_fuerschj_422.raw	v1.1.0	NT=ms-proteomics;VV=v1.1.0	NT=oncology-metadata;VV=v1.0.0	manual curation	serum
F1804_fuerschj_316	homo sapiens	serum	not applicable	not available	1	F1804_fuerschj_316	proteomic profiling by mass spectrometry	NT=Data-dependent acquisition;AC=PRIDE:0000627	NT=label free sample;AC=MS:1002038	NT=orbitrap fusion;AC=MS:1002416	NT=Carbamidomethyl;AC=UNIMOD:4;TA=C;MT=Fixed	NT=Trypsin;AC=MS:1001251	not available	10 ppm	0.2 Da	dithiothreitol (dtt)	iodoacetamide (iaa)	1	1	F1804_fuerschj_316.raw	ftp://ftp.pride.ebi.ac.uk/pride/data/archive/2021/10/PXD021114/F1804_fuerschj_316.raw	v1.1.0	NT=ms-proteomics;VV=v1.1.0	NT=oncology-metadata;VV=v1.0.0	manual curation	serum
F1806_fuerschj_708	homo sapiens	serum	not applicable	not available	1	F1806_fuerschj_708	proteomic profiling by mass spectrometry	NT=Data-dependent acquisition;AC=PRIDE:0000627	NT=label free sample;AC=MS:1002038	NT=orbitrap fusion;AC=MS:1002416	NT=Carbamidomethyl;AC=UNIMOD:4;TA=C;MT=Fixed	NT=Trypsin;AC=MS:1001251	not available	10 ppm	0.2 Da	dithiothreitol (dtt)	iodoacetamide (iaa)	1	1	F1806_fuerschj_708.raw	ftp://ftp.pride.ebi.ac.uk/pride/data/archive/2021/10/PXD021114/F1806_fuerschj_708.raw	v1.1.0	NT=ms-proteomics;VV=v1.1.0	NT=oncology-metadata;VV=v1.0.0	manual curation	serum
F1804_fuerschj_350	homo sapiens	serum	not applicable	not available	1	F1804_fuerschj_350	proteomic profiling by mass spectrometry	NT=Data-dependent acquisition;AC=PRIDE:0000627	NT=label free sample;AC=MS:1002038	NT=orbitrap fusion;AC=MS:1002416	NT=Carbamidomethyl;AC=UNIMOD:4;TA=C;MT=Fixed	NT=Trypsin;AC=MS:1001251	not available	10 ppm	0.2 Da	dithiothreitol (dtt)	iodoacetamide (iaa)	1	1	F1804_fuerschj_350.raw	ftp://ftp.pride.ebi.ac.uk/pride/data/archive/2021/10/PXD021114/F1804_fuerschj_350.raw	v1.1.0	NT=ms-proteomics;VV=v1.1.0	NT=oncology-metadata;VV=v1.0.0	manual curation	serum
F1806_fuerschj_494	homo sapiens	serum	not applicable	not available	1	F1806_fuerschj_494	proteomic profiling by mass spectrometry	NT=Data-dependent acquisition;AC=PRIDE:0000627	NT=label free sample;AC=MS:1002038	NT=orbitrap fusion;AC=MS:1002416	NT=Carbamidomethyl;AC=UNIMOD:4;TA=C;MT=Fixed	NT=Trypsin;AC=MS:1001251	not available	10 ppm	0.2 Da	dithiothreitol (dtt)	iodoacetamide (iaa)	1	1	F1806_fuerschj_494.raw	ftp://ftp.pride.ebi.ac.uk/pride/data/archive/2021/10/PXD021114/F1806_fuerschj_494.raw	v1.1.0	NT=ms-proteomics;VV=v1.1.0	NT=oncology-metadata;VV=v1.0.0	manual curation	serum
F1806_fuerschj_530	homo sapiens	serum	not applicable	not available	1	F1806_fuerschj_530	proteomic profiling by mass spectrometry	NT=Data-dependent acquisition;AC=PRIDE:0000627	NT=label free sample;AC=MS:1002038	NT=orbitrap fusion;AC=MS:1002416	NT=Carbamidomethyl;AC=UNIMOD:4;TA=C;MT=Fixed	NT=Trypsin;AC=MS:1001251	not available	10 ppm	0.2 Da	dithiothreitol (dtt)	iodoacetamide (iaa)	1	1	F1806_fuerschj_530.raw	ftp://ftp.pride.ebi.ac.uk/pride/data/archive/2021/10/PXD021114/F1806_fuerschj_530.raw	v1.1.0	NT=ms-proteomics;VV=v1.1.0	NT=oncology-metadata;VV=v1.0.0	manual curation	serum
F1806_fuerschj_502	homo sapiens	serum	not applicable	not available	1	F1806_fuerschj_502	proteomic profiling by mass spectrometry	NT=Data-dependent acquisition;AC=PRIDE:0000627	NT=label free sample;AC=MS:1002038	NT=orbitrap fusion;AC=MS:1002416	NT=Carbamidomethyl;AC=UNIMOD:4;TA=C;MT=Fixed	NT=Trypsin;AC=MS:1001251	not available	10 ppm	0.2 Da	dithiothreitol (dtt)	iodoacetamide (iaa)	1	1	F1806_fuerschj_502.raw	ftp://ftp.pride.ebi.ac.uk/pride/data/archive/2021/10/PXD021114/F1806_fuerschj_502.raw	v1.1.0	NT=ms-proteomics;VV=v1.1.0	NT=oncology-metadata;VV=v1.0.0	manual curation	serum
F1804_fuerschj_309	homo sapiens	serum	not applicable	not available	1	F1804_fuerschj_309	proteomic profiling by mass spectrometry	NT=Data-dependent acquisition;AC=PRIDE:0000627	NT=label free sample;AC=MS:1002038	NT=orbitrap fusion;AC=MS:1002416	NT=Carbamidomethyl;AC=UNIMOD:4;TA=C;MT=Fixed	NT=Trypsin;AC=MS:1001251	not available	10 ppm	0.2 Da	dithiothreitol (dtt)	iodoacetamide (iaa)	1	1	F1804_fuerschj_309.raw	ftp://ftp.pride.ebi.ac.uk/pride/data/archive/2021/10/PXD021114/F1804_fuerschj_309.raw	v1.1.0	NT=ms-proteomics;VV=v1.1.0	NT=oncology-metadata;VV=v1.0.0	manual curation	serum
F1912_fuerschj_404	homo sapiens	serum	not applicable	not available	1	F1912_fuerschj_404	proteomic profiling by mass spectrometry	NT=Data-dependent acquisition;AC=PRIDE:0000627	NT=label free sample;AC=MS:1002038	NT=orbitrap fusion;AC=MS:1002416	NT=Carbamidomethyl;AC=UNIMOD:4;TA=C;MT=Fixed	NT=Trypsin;AC=MS:1001251	not available	10 ppm	0.2 Da	dithiothreitol (dtt)	iodoacetamide (iaa)	1	1	F1912_fuerschj_404.raw	ftp://ftp.pride.ebi.ac.uk/pride/data/archive/2021/10/PXD021114/F1912_fuerschj_404.raw	v1.1.0	NT=ms-proteomics;VV=v1.1.0	NT=oncology-metadata;VV=v1.0.0	manual curation	serum
F1804_fuerschj_266	homo sapiens	serum	not applicable	not available	1	F1804_fuerschj_266	proteomic profiling by mass spectrometry	NT=Data-dependent acquisition;AC=PRIDE:0000627	NT=label free sample;AC=MS:1002038	NT=orbitrap fusion;AC=MS:1002416	NT=Carbamidomethyl;AC=UNIMOD:4;TA=C;MT=Fixed	NT=Trypsin;AC=MS:1001251	not available	10 ppm	0.2 Da	dithiothreitol (dtt)	iodoacetamide (iaa)	1	1	F1804_fuerschj_266.raw	ftp://ftp.pride.ebi.ac.uk/pride/data/archive/2021/10/PXD021114/F1804_fuerschj_266.raw	v1.1.0	NT=ms-proteomics;VV=v1.1.0	NT=oncology-metadata;VV=v1.0.0	manual curation	serum
F1806_fuerschj_414	homo sapiens	serum	not applicable	not available	1	F1806_fuerschj_414	proteomic profiling by mass spectrometry	NT=Data-dependent acquisition;AC=PRIDE:0000627	NT=label free sample;AC=MS:1002038	NT=orbitrap fusion;AC=MS:1002416	NT=Carbamidomethyl;AC=UNIMOD:4;TA=C;MT=Fixed	NT=Trypsin;AC=MS:1001251	not available	10 ppm	0.2 Da	dithiothreitol (dtt)	iodoacetamide (iaa)	1	1	F1806_fuerschj_414.raw	ftp://ftp.pride.ebi.ac.uk/pride/data/archive/2021/10/PXD021114/F1806_fuerschj_414.raw	v1.1.0	NT=ms-proteomics;VV=v1.1.0	NT=oncology-metadata;VV=v1.0.0	manual curation	serum
F1806_fuerschj_699	homo sapiens	serum	not applicable	not available	1	F1806_fuerschj_699	proteomic profiling by mass spectrometry	NT=Data-dependent acquisition;AC=PRIDE:0000627	NT=label free sample;AC=MS:1002038	NT=orbitrap fusion;AC=MS:1002416	NT=Carbamidomethyl;AC=UNIMOD:4;TA=C;MT=Fixed	NT=Trypsin;AC=MS:1001251	not available	10 ppm	0.2 Da	dithiothreitol (dtt)	iodoacetamide (iaa)	1	1	F1806_fuerschj_699.raw	ftp://ftp.pride.ebi.ac.uk/pride/data/archive/2021/10/PXD021114/F1806_fuerschj_699.raw	v1.1.0	NT=ms-proteomics;VV=v1.1.0	NT=oncology-metadata;VV=v1.0.0	manual curation	serum
F1912_fuerschj_469	homo sapiens	serum	not applicable	not available	1	F1912_fuerschj_469	proteomic profiling by mass spectrometry	NT=Data-dependent acquisition;AC=PRIDE:0000627	NT=label free sample;AC=MS:1002038	NT=orbitrap fusion;AC=MS:1002416	NT=Carbamidomethyl;AC=UNIMOD:4;TA=C;MT=Fixed	NT=Trypsin;AC=MS:1001251	not available	10 ppm	0.2 Da	dithiothreitol (dtt)	iodoacetamide (iaa)	1	1	F1912_fuerschj_469.raw	ftp://ftp.pride.ebi.ac.uk/pride/data/archive/2021/10/PXD021114/F1912_fuerschj_469.raw	v1.1.0	NT=ms-proteomics;VV=v1.1.0	NT=oncology-metadata;VV=v1.0.0	manual curation	serum
F1901_fuerschj_047	homo sapiens	serum	not applicable	not available	1	F1901_fuerschj_047	proteomic profiling by mass spectrometry	NT=Data-dependent acquisition;AC=PRIDE:0000627	NT=label free sample;AC=MS:1002038	NT=orbitrap fusion;AC=MS:1002416	NT=Carbamidomethyl;AC=UNIMOD:4;TA=C;MT=Fixed	NT=Trypsin;AC=MS:1001251	not available	10 ppm	0.2 Da	dithiothreitol (dtt)	iodoacetamide (iaa)	1	1	F1901_fuerschj_047.raw	ftp://ftp.pride.ebi.ac.uk/pride/data/archive/2021/10/PXD021114/F1901_fuerschj_047.raw	v1.1.0	NT=ms-proteomics;VV=v1.1.0	NT=oncology-metadata;VV=v1.0.0	manual curation	serum
F1806_fuerschj_643	homo sapiens	serum	not applicable	not available	1	F1806_fuerschj_643	proteomic profiling by mass spectrometry	NT=Data-dependent acquisition;AC=PRIDE:0000627	NT=label free sample;AC=MS:1002038	NT=orbitrap fusion;AC=MS:1002416	NT=Carbamidomethyl;AC=UNIMOD:4;TA=C;MT=Fixed	NT=Trypsin;AC=MS:1001251	not available	10 ppm	0.2 Da	dithiothreitol (dtt)	iodoacetamide (iaa)	1	1	F1806_fuerschj_643.raw	ftp://ftp.pride.ebi.ac.uk/pride/data/archive/2021/10/PXD021114/F1806_fuerschj_643.raw	v1.1.0	NT=ms-proteomics;VV=v1.1.0	NT=oncology-metadata;VV=v1.0.0	manual curation	serum
F1804_fuerschj_332	homo sapiens	serum	not applicable	not available	1	F1804_fuerschj_332	proteomic profiling by mass spectrometry	NT=Data-dependent acquisition;AC=PRIDE:0000627	NT=label free sample;AC=MS:1002038	NT=orbitrap fusion;AC=MS:1002416	NT=Carbamidomethyl;AC=UNIMOD:4;TA=C;MT=Fixed	NT=Trypsin;AC=MS:1001251	not available	10 ppm	0.2 Da	dithiothreitol (dtt)	iodoacetamide (iaa)	1	1	F1804_fuerschj_332.raw	ftp://ftp.pride.ebi.ac.uk/pride/data/archive/2021/10/PXD021114/F1804_fuerschj_332.raw	v1.1.0	NT=ms-proteomics;VV=v1.1.0	NT=oncology-metadata;VV=v1.0.0	manual curation	serum
F1911_fuerschj_278	homo sapiens	serum	not applicable	not available	1	F1911_fuerschj_278	proteomic profiling by mass spectrometry	NT=Data-dependent acquisition;AC=PRIDE:0000627	NT=label free sample;AC=MS:1002038	NT=orbitrap fusion;AC=MS:1002416	NT=Carbamidomethyl;AC=UNIMOD:4;TA=C;MT=Fixed	NT=Trypsin;AC=MS:1001251	not available	10 ppm	0.2 Da	dithiothreitol (dtt)	iodoacetamide (iaa)	1	1	F1911_fuerschj_278.raw	ftp://ftp.pride.ebi.ac.uk/pride/data/archive/2021/10/PXD021114/F1911_fuerschj_278.raw	v1.1.0	NT=ms-proteomics;VV=v1.1.0	NT=oncology-metadata;VV=v1.0.0	manual curation	serum
F1806_fuerschj_694	homo sapiens	serum	not applicable	not available	1	F1806_fuerschj_694	proteomic profiling by mass spectrometry	NT=Data-dependent acquisition;AC=PRIDE:0000627	NT=label free sample;AC=MS:1002038	NT=orbitrap fusion;AC=MS:1002416	NT=Carbamidomethyl;AC=UNIMOD:4;TA=C;MT=Fixed	NT=Trypsin;AC=MS:1001251	not available	10 ppm	0.2 Da	dithiothreitol (dtt)	iodoacetamide (iaa)	1	1	F1806_fuerschj_694.raw	ftp://ftp.pride.ebi.ac.uk/pride/data/archive/2021/10/PXD021114/F1806_fuerschj_694.raw	v1.1.0	NT=ms-proteomics;VV=v1.1.0	NT=oncology-metadata;VV=v1.0.0	manual curation	serum
F1804_fuerschj_267	homo sapiens	serum	not applicable	not available	1	F1804_fuerschj_267	proteomic profiling by mass spectrometry	NT=Data-dependent acquisition;AC=PRIDE:0000627	NT=label free sample;AC=MS:1002038	NT=orbitrap fusion;AC=MS:1002416	NT=Carbamidomethyl;AC=UNIMOD:4;TA=C;MT=Fixed	NT=Trypsin;AC=MS:1001251	not available	10 ppm	0.2 Da	dithiothreitol (dtt)	iodoacetamide (iaa)	1	1	F1804_fuerschj_267.raw	ftp://ftp.pride.ebi.ac.uk/pride/data/archive/2021/10/PXD021114/F1804_fuerschj_267.raw	v1.1.0	NT=ms-proteomics;VV=v1.1.0	NT=oncology-metadata;VV=v1.0.0	manual curation	serum
F1911_fuerschj_232	homo sapiens	serum	not applicable	not available	1	F1911_fuerschj_232	proteomic profiling by mass spectrometry	NT=Data-dependent acquisition;AC=PRIDE:0000627	NT=label free sample;AC=MS:1002038	NT=orbitrap fusion;AC=MS:1002416	NT=Carbamidomethyl;AC=UNIMOD:4;TA=C;MT=Fixed	NT=Trypsin;AC=MS:1001251	not available	10 ppm	0.2 Da	dithiothreitol (dtt)	iodoacetamide (iaa)	1	1	F1911_fuerschj_232.raw	ftp://ftp.pride.ebi.ac.uk/pride/data/archive/2021/10/PXD021114/F1911_fuerschj_232.raw	v1.1.0	NT=ms-proteomics;VV=v1.1.0	NT=oncology-metadata;VV=v1.0.0	manual curation	serum
F1804_fuerschj_292	homo sapiens	serum	not applicable	not available	1	F1804_fuerschj_292	proteomic profiling by mass spectrometry	NT=Data-dependent acquisition;AC=PRIDE:0000627	NT=label free sample;AC=MS:1002038	NT=orbitrap fusion;AC=MS:1002416	NT=Carbamidomethyl;AC=UNIMOD:4;TA=C;MT=Fixed	NT=Trypsin;AC=MS:1001251	not available	10 ppm	0.2 Da	dithiothreitol (dtt)	iodoacetamide (iaa)	1	1	F1804_fuerschj_292.raw	ftp://ftp.pride.ebi.ac.uk/pride/data/archive/2021/10/PXD021114/F1804_fuerschj_292.raw	v1.1.0	NT=ms-proteomics;VV=v1.1.0	NT=oncology-metadata;VV=v1.0.0	manual curation	serum
F1806_fuerschj_526	homo sapiens	serum	not applicable	not available	1	F1806_fuerschj_526	proteomic profiling by mass spectrometry	NT=Data-dependent acquisition;AC=PRIDE:0000627	NT=label free sample;AC=MS:1002038	NT=orbitrap fusion;AC=MS:1002416	NT=Carbamidomethyl;AC=UNIMOD:4;TA=C;MT=Fixed	NT=Trypsin;AC=MS:1001251	not available	10 ppm	0.2 Da	dithiothreitol (dtt)	iodoacetamide (iaa)	1	1	F1806_fuerschj_526.raw	ftp://ftp.pride.ebi.ac.uk/pride/data/archive/2021/10/PXD021114/F1806_fuerschj_526.raw	v1.1.0	NT=ms-proteomics;VV=v1.1.0	NT=oncology-metadata;VV=v1.0.0	manual curation	serum
F1806_fuerschj_687	homo sapiens	serum	not applicable	not available	1	F1806_fuerschj_687	proteomic profiling by mass spectrometry	NT=Data-dependent acquisition;AC=PRIDE:0000627	NT=label free sample;AC=MS:1002038	NT=orbitrap fusion;AC=MS:1002416	NT=Carbamidomethyl;AC=UNIMOD:4;TA=C;MT=Fixed	NT=Trypsin;AC=MS:1001251	not available	10 ppm	0.2 Da	dithiothreitol (dtt)	iodoacetamide (iaa)	1	1	F1806_fuerschj_687.raw	ftp://ftp.pride.ebi.ac.uk/pride/data/archive/2021/10/PXD021114/F1806_fuerschj_687.raw	v1.1.0	NT=ms-proteomics;VV=v1.1.0	NT=oncology-metadata;VV=v1.0.0	manual curation	serum
F1804_fuerschj_324	homo sapiens	serum	not applicable	not available	1	F1804_fuerschj_324	proteomic profiling by mass spectrometry	NT=Data-dependent acquisition;AC=PRIDE:0000627	NT=label free sample;AC=MS:1002038	NT=orbitrap fusion;AC=MS:1002416	NT=Carbamidomethyl;AC=UNIMOD:4;TA=C;MT=Fixed	NT=Trypsin;AC=MS:1001251	not available	10 ppm	0.2 Da	dithiothreitol (dtt)	iodoacetamide (iaa)	1	1	F1804_fuerschj_324.raw	ftp://ftp.pride.ebi.ac.uk/pride/data/archive/2021/10/PXD021114/F1804_fuerschj_324.raw	v1.1.0	NT=ms-proteomics;VV=v1.1.0	NT=oncology-metadata;VV=v1.0.0	manual curation	serum
F1804_fuerschj_327	homo sapiens	serum	not applicable	not available	1	F1804_fuerschj_327	proteomic profiling by mass spectrometry	NT=Data-dependent acquisition;AC=PRIDE:0000627	NT=label free sample;AC=MS:1002038	NT=orbitrap fusion;AC=MS:1002416	NT=Carbamidomethyl;AC=UNIMOD:4;TA=C;MT=Fixed	NT=Trypsin;AC=MS:1001251	not available	10 ppm	0.2 Da	dithiothreitol (dtt)	iodoacetamide (iaa)	1	1	F1804_fuerschj_327.raw	ftp://ftp.pride.ebi.ac.uk/pride/data/archive/2021/10/PXD021114/F1804_fuerschj_327.raw	v1.1.0	NT=ms-proteomics;VV=v1.1.0	NT=oncology-metadata;VV=v1.0.0	manual curation	serum
F1806_fuerschj_503	homo sapiens	serum	not applicable	not available	1	F1806_fuerschj_503	proteomic profiling by mass spectrometry	NT=Data-dependent acquisition;AC=PRIDE:0000627	NT=label free sample;AC=MS:1002038	NT=orbitrap fusion;AC=MS:1002416	NT=Carbamidomethyl;AC=UNIMOD:4;TA=C;MT=Fixed	NT=Trypsin;AC=MS:1001251	not available	10 ppm	0.2 Da	dithiothreitol (dtt)	iodoacetamide (iaa)	1	1	F1806_fuerschj_503.raw	ftp://ftp.pride.ebi.ac.uk/pride/data/archive/2021/10/PXD021114/F1806_fuerschj_503.raw	v1.1.0	NT=ms-proteomics;VV=v1.1.0	NT=oncology-metadata;VV=v1.0.0	manual curation	serum
F1806_fuerschj_470	homo sapiens	serum	not applicable	not available	1	F1806_fuerschj_470	proteomic profiling by mass spectrometry	NT=Data-dependent acquisition;AC=PRIDE:0000627	NT=label free sample;AC=MS:1002038	NT=orbitrap fusion;AC=MS:1002416	NT=Carbamidomethyl;AC=UNIMOD:4;TA=C;MT=Fixed	NT=Trypsin;AC=MS:1001251	not available	10 ppm	0.2 Da	dithiothreitol (dtt)	iodoacetamide (iaa)	1	1	F1806_fuerschj_470.raw	ftp://ftp.pride.ebi.ac.uk/pride/data/archive/2021/10/PXD021114/F1806_fuerschj_470.raw	v1.1.0	NT=ms-proteomics;VV=v1.1.0	NT=oncology-metadata;VV=v1.0.0	manual curation	serum
F1911_fuerschj_288	homo sapiens	serum	not applicable	not available	1	F1911_fuerschj_288	proteomic profiling by mass spectrometry	NT=Data-dependent acquisition;AC=PRIDE:0000627	NT=label free sample;AC=MS:1002038	NT=orbitrap fusion;AC=MS:1002416	NT=Carbamidomethyl;AC=UNIMOD:4;TA=C;MT=Fixed	NT=Trypsin;AC=MS:1001251	not available	10 ppm	0.2 Da	dithiothreitol (dtt)	iodoacetamide (iaa)	1	1	F1911_fuerschj_288.raw	ftp://ftp.pride.ebi.ac.uk/pride/data/archive/2021/10/PXD021114/F1911_fuerschj_288.raw	v1.1.0	NT=ms-proteomics;VV=v1.1.0	NT=oncology-metadata;VV=v1.0.0	manual curation	serum
F1806_fuerschj_605	homo sapiens	serum	not applicable	not available	1	F1806_fuerschj_605	proteomic profiling by mass spectrometry	NT=Data-dependent acquisition;AC=PRIDE:0000627	NT=label free sample;AC=MS:1002038	NT=orbitrap fusion;AC=MS:1002416	NT=Carbamidomethyl;AC=UNIMOD:4;TA=C;MT=Fixed	NT=Trypsin;AC=MS:1001251	not available	10 ppm	0.2 Da	dithiothreitol (dtt)	iodoacetamide (iaa)	1	1	F1806_fuerschj_605.raw	ftp://ftp.pride.ebi.ac.uk/pride/data/archive/2021/10/PXD021114/F1806_fuerschj_605.raw	v1.1.0	NT=ms-proteomics;VV=v1.1.0	NT=oncology-metadata;VV=v1.0.0	manual curation	serum
F1806_fuerschj_541	homo sapiens	serum	not applicable	not available	1	F1806_fuerschj_541	proteomic profiling by mass spectrometry	NT=Data-dependent acquisition;AC=PRIDE:0000627	NT=label free sample;AC=MS:1002038	NT=orbitrap fusion;AC=MS:1002416	NT=Carbamidomethyl;AC=UNIMOD:4;TA=C;MT=Fixed	NT=Trypsin;AC=MS:1001251	not available	10 ppm	0.2 Da	dithiothreitol (dtt)	iodoacetamide (iaa)	1	1	F1806_fuerschj_541.raw	ftp://ftp.pride.ebi.ac.uk/pride/data/archive/2021/10/PXD021114/F1806_fuerschj_541.raw	v1.1.0	NT=ms-proteomics;VV=v1.1.0	NT=oncology-metadata;VV=v1.0.0	manual curation	serum
F1806_fuerschj_706	homo sapiens	serum	not applicable	not available	1	F1806_fuerschj_706	proteomic profiling by mass spectrometry	NT=Data-dependent acquisition;AC=PRIDE:0000627	NT=label free sample;AC=MS:1002038	NT=orbitrap fusion;AC=MS:1002416	NT=Carbamidomethyl;AC=UNIMOD:4;TA=C;MT=Fixed	NT=Trypsin;AC=MS:1001251	not available	10 ppm	0.2 Da	dithiothreitol (dtt)	iodoacetamide (iaa)	1	1	F1806_fuerschj_706.raw	ftp://ftp.pride.ebi.ac.uk/pride/data/archive/2021/10/PXD021114/F1806_fuerschj_706.raw	v1.1.0	NT=ms-proteomics;VV=v1.1.0	NT=oncology-metadata;VV=v1.0.0	manual curation	serum
F1806_fuerschj_504	homo sapiens	serum	not applicable	not available	1	F1806_fuerschj_504	proteomic profiling by mass spectrometry	NT=Data-dependent acquisition;AC=PRIDE:0000627	NT=label free sample;AC=MS:1002038	NT=orbitrap fusion;AC=MS:1002416	NT=Carbamidomethyl;AC=UNIMOD:4;TA=C;MT=Fixed	NT=Trypsin;AC=MS:1001251	not available	10 ppm	0.2 Da	dithiothreitol (dtt)	iodoacetamide (iaa)	1	1	F1806_fuerschj_504.raw	ftp://ftp.pride.ebi.ac.uk/pride/data/archive/2021/10/PXD021114/F1806_fuerschj_504.raw	v1.1.0	NT=ms-proteomics;VV=v1.1.0	NT=oncology-metadata;VV=v1.0.0	manual curation	serum
F1907_fuerschj_303	homo sapiens	serum	not applicable	not available	1	F1907_fuerschj_303	proteomic profiling by mass spectrometry	NT=Data-dependent acquisition;AC=PRIDE:0000627	NT=label free sample;AC=MS:1002038	NT=orbitrap fusion;AC=MS:1002416	NT=Carbamidomethyl;AC=UNIMOD:4;TA=C;MT=Fixed	NT=Trypsin;AC=MS:1001251	not available	10 ppm	0.2 Da	dithiothreitol (dtt)	iodoacetamide (iaa)	1	1	F1907_fuerschj_303.raw	ftp://ftp.pride.ebi.ac.uk/pride/data/archive/2021/10/PXD021114/F1907_fuerschj_303.raw	v1.1.0	NT=ms-proteomics;VV=v1.1.0	NT=oncology-metadata;VV=v1.0.0	manual curation	serum
F1907_fuerschj_307	homo sapiens	serum	not applicable	not available	1	F1907_fuerschj_307	proteomic profiling by mass spectrometry	NT=Data-dependent acquisition;AC=PRIDE:0000627	NT=label free sample;AC=MS:1002038	NT=orbitrap fusion;AC=MS:1002416	NT=Carbamidomethyl;AC=UNIMOD:4;TA=C;MT=Fixed	NT=Trypsin;AC=MS:1001251	not available	10 ppm	0.2 Da	dithiothreitol (dtt)	iodoacetamide (iaa)	1	1	F1907_fuerschj_307.raw	ftp://ftp.pride.ebi.ac.uk/pride/data/archive/2021/10/PXD021114/F1907_fuerschj_307.raw	v1.1.0	NT=ms-proteomics;VV=v1.1.0	NT=oncology-metadata;VV=v1.0.0	manual curation	serum
F1806_fuerschj_511	homo sapiens	serum	not applicable	not available	1	F1806_fuerschj_511	proteomic profiling by mass spectrometry	NT=Data-dependent acquisition;AC=PRIDE:0000627	NT=label free sample;AC=MS:1002038	NT=orbitrap fusion;AC=MS:1002416	NT=Carbamidomethyl;AC=UNIMOD:4;TA=C;MT=Fixed	NT=Trypsin;AC=MS:1001251	not available	10 ppm	0.2 Da	dithiothreitol (dtt)	iodoacetamide (iaa)	1	1	F1806_fuerschj_511.raw	ftp://ftp.pride.ebi.ac.uk/pride/data/archive/2021/10/PXD021114/F1806_fuerschj_511.raw	v1.1.0	NT=ms-proteomics;VV=v1.1.0	NT=oncology-metadata;VV=v1.0.0	manual curation	serum
F1806_fuerschj_633	homo sapiens	serum	not applicable	not available	1	F1806_fuerschj_633	proteomic profiling by mass spectrometry	NT=Data-dependent acquisition;AC=PRIDE:0000627	NT=label free sample;AC=MS:1002038	NT=orbitrap fusion;AC=MS:1002416	NT=Carbamidomethyl;AC=UNIMOD:4;TA=C;MT=Fixed	NT=Trypsin;AC=MS:1001251	not available	10 ppm	0.2 Da	dithiothreitol (dtt)	iodoacetamide (iaa)	1	1	F1806_fuerschj_633.raw	ftp://ftp.pride.ebi.ac.uk/pride/data/archive/2021/10/PXD021114/F1806_fuerschj_633.raw	v1.1.0	NT=ms-proteomics;VV=v1.1.0	NT=oncology-metadata;VV=v1.0.0	manual curation	serum
F1912_fuerschj_481	homo sapiens	serum	not applicable	not available	1	F1912_fuerschj_481	proteomic profiling by mass spectrometry	NT=Data-dependent acquisition;AC=PRIDE:0000627	NT=label free sample;AC=MS:1002038	NT=orbitrap fusion;AC=MS:1002416	NT=Carbamidomethyl;AC=UNIMOD:4;TA=C;MT=Fixed	NT=Trypsin;AC=MS:1001251	not available	10 ppm	0.2 Da	dithiothreitol (dtt)	iodoacetamide (iaa)	1	1	F1912_fuerschj_481.raw	ftp://ftp.pride.ebi.ac.uk/pride/data/archive/2021/10/PXD021114/F1912_fuerschj_481.raw	v1.1.0	NT=ms-proteomics;VV=v1.1.0	NT=oncology-metadata;VV=v1.0.0	manual curation	serum
F1912_fuerschj_430	homo sapiens	serum	not applicable	not available	1	F1912_fuerschj_430	proteomic profiling by mass spectrometry	NT=Data-dependent acquisition;AC=PRIDE:0000627	NT=label free sample;AC=MS:1002038	NT=orbitrap fusion;AC=MS:1002416	NT=Carbamidomethyl;AC=UNIMOD:4;TA=C;MT=Fixed	NT=Trypsin;AC=MS:1001251	not available	10 ppm	0.2 Da	dithiothreitol (dtt)	iodoacetamide (iaa)	1	1	F1912_fuerschj_430.raw	ftp://ftp.pride.ebi.ac.uk/pride/data/archive/2021/10/PXD021114/F1912_fuerschj_430.raw	v1.1.0	NT=ms-proteomics;VV=v1.1.0	NT=oncology-metadata;VV=v1.0.0	manual curation	serum
F1911_fuerschj_222	homo sapiens	serum	not applicable	not available	1	F1911_fuerschj_222	proteomic profiling by mass spectrometry	NT=Data-dependent acquisition;AC=PRIDE:0000627	NT=label free sample;AC=MS:1002038	NT=orbitrap fusion;AC=MS:1002416	NT=Carbamidomethyl;AC=UNIMOD:4;TA=C;MT=Fixed	NT=Trypsin;AC=MS:1001251	not available	10 ppm	0.2 Da	dithiothreitol (dtt)	iodoacetamide (iaa)	1	1	F1911_fuerschj_222.raw	ftp://ftp.pride.ebi.ac.uk/pride/data/archive/2021/10/PXD021114/F1911_fuerschj_222.raw	v1.1.0	NT=ms-proteomics;VV=v1.1.0	NT=oncology-metadata;VV=v1.0.0	manual curation	serum
F1804_fuerschj_340	homo sapiens	serum	not applicable	not available	1	F1804_fuerschj_340	proteomic profiling by mass spectrometry	NT=Data-dependent acquisition;AC=PRIDE:0000627	NT=label free sample;AC=MS:1002038	NT=orbitrap fusion;AC=MS:1002416	NT=Carbamidomethyl;AC=UNIMOD:4;TA=C;MT=Fixed	NT=Trypsin;AC=MS:1001251	not available	10 ppm	0.2 Da	dithiothreitol (dtt)	iodoacetamide (iaa)	1	1	F1804_fuerschj_340.raw	ftp://ftp.pride.ebi.ac.uk/pride/data/archive/2021/10/PXD021114/F1804_fuerschj_340.raw	v1.1.0	NT=ms-proteomics;VV=v1.1.0	NT=oncology-metadata;VV=v1.0.0	manual curation	serum
F1806_fuerschj_423	homo sapiens	serum	not applicable	not available	1	F1806_fuerschj_423	proteomic profiling by mass spectrometry	NT=Data-dependent acquisition;AC=PRIDE:0000627	NT=label free sample;AC=MS:1002038	NT=orbitrap fusion;AC=MS:1002416	NT=Carbamidomethyl;AC=UNIMOD:4;TA=C;MT=Fixed	NT=Trypsin;AC=MS:1001251	not available	10 ppm	0.2 Da	dithiothreitol (dtt)	iodoacetamide (iaa)	1	1	F1806_fuerschj_423.raw	ftp://ftp.pride.ebi.ac.uk/pride/data/archive/2021/10/PXD021114/F1806_fuerschj_423.raw	v1.1.0	NT=ms-proteomics;VV=v1.1.0	NT=oncology-metadata;VV=v1.0.0	manual curation	serum
F1806_fuerschj_634	homo sapiens	serum	not applicable	not available	1	F1806_fuerschj_634	proteomic profiling by mass spectrometry	NT=Data-dependent acquisition;AC=PRIDE:0000627	NT=label free sample;AC=MS:1002038	NT=orbitrap fusion;AC=MS:1002416	NT=Carbamidomethyl;AC=UNIMOD:4;TA=C;MT=Fixed	NT=Trypsin;AC=MS:1001251	not available	10 ppm	0.2 Da	dithiothreitol (dtt)	iodoacetamide (iaa)	1	1	F1806_fuerschj_634.raw	ftp://ftp.pride.ebi.ac.uk/pride/data/archive/2021/10/PXD021114/F1806_fuerschj_634.raw	v1.1.0	NT=ms-proteomics;VV=v1.1.0	NT=oncology-metadata;VV=v1.0.0	manual curation	serum
F1806_fuerschj_514	homo sapiens	serum	not applicable	not available	1	F1806_fuerschj_514	proteomic profiling by mass spectrometry	NT=Data-dependent acquisition;AC=PRIDE:0000627	NT=label free sample;AC=MS:1002038	NT=orbitrap fusion;AC=MS:1002416	NT=Carbamidomethyl;AC=UNIMOD:4;TA=C;MT=Fixed	NT=Trypsin;AC=MS:1001251	not available	10 ppm	0.2 Da	dithiothreitol (dtt)	iodoacetamide (iaa)	1	1	F1806_fuerschj_514.raw	ftp://ftp.pride.ebi.ac.uk/pride/data/archive/2021/10/PXD021114/F1806_fuerschj_514.raw	v1.1.0	NT=ms-proteomics;VV=v1.1.0	NT=oncology-metadata;VV=v1.0.0	manual curation	serum
F1901_fuerschj_027	homo sapiens	serum	not applicable	not available	1	F1901_fuerschj_027	proteomic profiling by mass spectrometry	NT=Data-dependent acquisition;AC=PRIDE:0000627	NT=label free sample;AC=MS:1002038	NT=orbitrap fusion;AC=MS:1002416	NT=Carbamidomethyl;AC=UNIMOD:4;TA=C;MT=Fixed	NT=Trypsin;AC=MS:1001251	not available	10 ppm	0.2 Da	dithiothreitol (dtt)	iodoacetamide (iaa)	1	1	F1901_fuerschj_027.raw	ftp://ftp.pride.ebi.ac.uk/pride/data/archive/2021/10/PXD021114/F1901_fuerschj_027.raw	v1.1.0	NT=ms-proteomics;VV=v1.1.0	NT=oncology-metadata;VV=v1.0.0	manual curation	serum
F1901_fuerschj_025	homo sapiens	serum	not applicable	not available	1	F1901_fuerschj_025	proteomic profiling by mass spectrometry	NT=Data-dependent acquisition;AC=PRIDE:0000627	NT=label free sample;AC=MS:1002038	NT=orbitrap fusion;AC=MS:1002416	NT=Carbamidomethyl;AC=UNIMOD:4;TA=C;MT=Fixed	NT=Trypsin;AC=MS:1001251	not available	10 ppm	0.2 Da	dithiothreitol (dtt)	iodoacetamide (iaa)	1	1	F1901_fuerschj_025.raw	ftp://ftp.pride.ebi.ac.uk/pride/data/archive/2021/10/PXD021114/F1901_fuerschj_025.raw	v1.1.0	NT=ms-proteomics;VV=v1.1.0	NT=oncology-metadata;VV=v1.0.0	manual curation	serum
F1907_fuerschj_301	homo sapiens	serum	not applicable	not available	1	F1907_fuerschj_301	proteomic profiling by mass spectrometry	NT=Data-dependent acquisition;AC=PRIDE:0000627	NT=label free sample;AC=MS:1002038	NT=orbitrap fusion;AC=MS:1002416	NT=Carbamidomethyl;AC=UNIMOD:4;TA=C;MT=Fixed	NT=Trypsin;AC=MS:1001251	not available	10 ppm	0.2 Da	dithiothreitol (dtt)	iodoacetamide (iaa)	1	1	F1907_fuerschj_301.raw	ftp://ftp.pride.ebi.ac.uk/pride/data/archive/2021/10/PXD021114/F1907_fuerschj_301.raw	v1.1.0	NT=ms-proteomics;VV=v1.1.0	NT=oncology-metadata;VV=v1.0.0	manual curation	serum
F1911_fuerschj_238	homo sapiens	serum	not applicable	not available	1	F1911_fuerschj_238	proteomic profiling by mass spectrometry	NT=Data-dependent acquisition;AC=PRIDE:0000627	NT=label free sample;AC=MS:1002038	NT=orbitrap fusion;AC=MS:1002416	NT=Carbamidomethyl;AC=UNIMOD:4;TA=C;MT=Fixed	NT=Trypsin;AC=MS:1001251	not available	10 ppm	0.2 Da	dithiothreitol (dtt)	iodoacetamide (iaa)	1	1	F1911_fuerschj_238.raw	ftp://ftp.pride.ebi.ac.uk/pride/data/archive/2021/10/PXD021114/F1911_fuerschj_238.raw	v1.1.0	NT=ms-proteomics;VV=v1.1.0	NT=oncology-metadata;VV=v1.0.0	manual curation	serum
F1806_fuerschj_403	homo sapiens	serum	not applicable	not available	1	F1806_fuerschj_403	proteomic profiling by mass spectrometry	NT=Data-dependent acquisition;AC=PRIDE:0000627	NT=label free sample;AC=MS:1002038	NT=orbitrap fusion;AC=MS:1002416	NT=Carbamidomethyl;AC=UNIMOD:4;TA=C;MT=Fixed	NT=Trypsin;AC=MS:1001251	not available	10 ppm	0.2 Da	dithiothreitol (dtt)	iodoacetamide (iaa)	1	1	F1806_fuerschj_403.raw	ftp://ftp.pride.ebi.ac.uk/pride/data/archive/2021/10/PXD021114/F1806_fuerschj_403.raw	v1.1.0	NT=ms-proteomics;VV=v1.1.0	NT=oncology-metadata;VV=v1.0.0	manual curation	serum
F1804_fuerschj_331	homo sapiens	serum	not applicable	not available	1	F1804_fuerschj_331	proteomic profiling by mass spectrometry	NT=Data-dependent acquisition;AC=PRIDE:0000627	NT=label free sample;AC=MS:1002038	NT=orbitrap fusion;AC=MS:1002416	NT=Carbamidomethyl;AC=UNIMOD:4;TA=C;MT=Fixed	NT=Trypsin;AC=MS:1001251	not available	10 ppm	0.2 Da	dithiothreitol (dtt)	iodoacetamide (iaa)	1	1	F1804_fuerschj_331.raw	ftp://ftp.pride.ebi.ac.uk/pride/data/archive/2021/10/PXD021114/F1804_fuerschj_331.raw	v1.1.0	NT=ms-proteomics;VV=v1.1.0	NT=oncology-metadata;VV=v1.0.0	manual curation	serum
F1901_fuerschj_050	homo sapiens	serum	not applicable	not available	1	F1901_fuerschj_050	proteomic profiling by mass spectrometry	NT=Data-dependent acquisition;AC=PRIDE:0000627	NT=label free sample;AC=MS:1002038	NT=orbitrap fusion;AC=MS:1002416	NT=Carbamidomethyl;AC=UNIMOD:4;TA=C;MT=Fixed	NT=Trypsin;AC=MS:1001251	not available	10 ppm	0.2 Da	dithiothreitol (dtt)	iodoacetamide (iaa)	1	1	F1901_fuerschj_050.raw	ftp://ftp.pride.ebi.ac.uk/pride/data/archive/2021/10/PXD021114/F1901_fuerschj_050.raw	v1.1.0	NT=ms-proteomics;VV=v1.1.0	NT=oncology-metadata;VV=v1.0.0	manual curation	serum
F1806_fuerschj_495	homo sapiens	serum	not applicable	not available	1	F1806_fuerschj_495	proteomic profiling by mass spectrometry	NT=Data-dependent acquisition;AC=PRIDE:0000627	NT=label free sample;AC=MS:1002038	NT=orbitrap fusion;AC=MS:1002416	NT=Carbamidomethyl;AC=UNIMOD:4;TA=C;MT=Fixed	NT=Trypsin;AC=MS:1001251	not available	10 ppm	0.2 Da	dithiothreitol (dtt)	iodoacetamide (iaa)	1	1	F1806_fuerschj_495.raw	ftp://ftp.pride.ebi.ac.uk/pride/data/archive/2021/10/PXD021114/F1806_fuerschj_495.raw	v1.1.0	NT=ms-proteomics;VV=v1.1.0	NT=oncology-metadata;VV=v1.0.0	manual curation	serum
F1901_fuerschj_041	homo sapiens	serum	not applicable	not available	1	F1901_fuerschj_041	proteomic profiling by mass spectrometry	NT=Data-dependent acquisition;AC=PRIDE:0000627	NT=label free sample;AC=MS:1002038	NT=orbitrap fusion;AC=MS:1002416	NT=Carbamidomethyl;AC=UNIMOD:4;TA=C;MT=Fixed	NT=Trypsin;AC=MS:1001251	not available	10 ppm	0.2 Da	dithiothreitol (dtt)	iodoacetamide (iaa)	1	1	F1901_fuerschj_041.raw	ftp://ftp.pride.ebi.ac.uk/pride/data/archive/2021/10/PXD021114/F1901_fuerschj_041.raw	v1.1.0	NT=ms-proteomics;VV=v1.1.0	NT=oncology-metadata;VV=v1.0.0	manual curation	serum
F1806_fuerschj_603	homo sapiens	serum	not applicable	not available	1	F1806_fuerschj_603	proteomic profiling by mass spectrometry	NT=Data-dependent acquisition;AC=PRIDE:0000627	NT=label free sample;AC=MS:1002038	NT=orbitrap fusion;AC=MS:1002416	NT=Carbamidomethyl;AC=UNIMOD:4;TA=C;MT=Fixed	NT=Trypsin;AC=MS:1001251	not available	10 ppm	0.2 Da	dithiothreitol (dtt)	iodoacetamide (iaa)	1	1	F1806_fuerschj_603.raw	ftp://ftp.pride.ebi.ac.uk/pride/data/archive/2021/10/PXD021114/F1806_fuerschj_603.raw	v1.1.0	NT=ms-proteomics;VV=v1.1.0	NT=oncology-metadata;VV=v1.0.0	manual curation	serum
F1901_fuerschj_036	homo sapiens	serum	not applicable	not available	1	F1901_fuerschj_036	proteomic profiling by mass spectrometry	NT=Data-dependent acquisition;AC=PRIDE:0000627	NT=label free sample;AC=MS:1002038	NT=orbitrap fusion;AC=MS:1002416	NT=Carbamidomethyl;AC=UNIMOD:4;TA=C;MT=Fixed	NT=Trypsin;AC=MS:1001251	not available	10 ppm	0.2 Da	dithiothreitol (dtt)	iodoacetamide (iaa)	1	1	F1901_fuerschj_036.raw	ftp://ftp.pride.ebi.ac.uk/pride/data/archive/2021/10/PXD021114/F1901_fuerschj_036.raw	v1.1.0	NT=ms-proteomics;VV=v1.1.0	NT=oncology-metadata;VV=v1.0.0	manual curation	serum
F1804_fuerschj_382	homo sapiens	serum	not applicable	not available	1	F1804_fuerschj_382	proteomic profiling by mass spectrometry	NT=Data-dependent acquisition;AC=PRIDE:0000627	NT=label free sample;AC=MS:1002038	NT=orbitrap fusion;AC=MS:1002416	NT=Carbamidomethyl;AC=UNIMOD:4;TA=C;MT=Fixed	NT=Trypsin;AC=MS:1001251	not available	10 ppm	0.2 Da	dithiothreitol (dtt)	iodoacetamide (iaa)	1	1	F1804_fuerschj_382.raw	ftp://ftp.pride.ebi.ac.uk/pride/data/archive/2021/10/PXD021114/F1804_fuerschj_382.raw	v1.1.0	NT=ms-proteomics;VV=v1.1.0	NT=oncology-metadata;VV=v1.0.0	manual curation	serum
F1911_fuerschj_292	homo sapiens	serum	not applicable	not available	1	F1911_fuerschj_292	proteomic profiling by mass spectrometry	NT=Data-dependent acquisition;AC=PRIDE:0000627	NT=label free sample;AC=MS:1002038	NT=orbitrap fusion;AC=MS:1002416	NT=Carbamidomethyl;AC=UNIMOD:4;TA=C;MT=Fixed	NT=Trypsin;AC=MS:1001251	not available	10 ppm	0.2 Da	dithiothreitol (dtt)	iodoacetamide (iaa)	1	1	F1911_fuerschj_292.raw	ftp://ftp.pride.ebi.ac.uk/pride/data/archive/2021/10/PXD021114/F1911_fuerschj_292.raw	v1.1.0	NT=ms-proteomics;VV=v1.1.0	NT=oncology-metadata;VV=v1.0.0	manual curation	serum
F1806_fuerschj_644	homo sapiens	serum	not applicable	not available	1	F1806_fuerschj_644	proteomic profiling by mass spectrometry	NT=Data-dependent acquisition;AC=PRIDE:0000627	NT=label free sample;AC=MS:1002038	NT=orbitrap fusion;AC=MS:1002416	NT=Carbamidomethyl;AC=UNIMOD:4;TA=C;MT=Fixed	NT=Trypsin;AC=MS:1001251	not available	10 ppm	0.2 Da	dithiothreitol (dtt)	iodoacetamide (iaa)	1	1	F1806_fuerschj_644.raw	ftp://ftp.pride.ebi.ac.uk/pride/data/archive/2021/10/PXD021114/F1806_fuerschj_644.raw	v1.1.0	NT=ms-proteomics;VV=v1.1.0	NT=oncology-metadata;VV=v1.0.0	manual curation	serum
F1804_fuerschj_251	homo sapiens	serum	not applicable	not available	1	F1804_fuerschj_251	proteomic profiling by mass spectrometry	NT=Data-dependent acquisition;AC=PRIDE:0000627	NT=label free sample;AC=MS:1002038	NT=orbitrap fusion;AC=MS:1002416	NT=Carbamidomethyl;AC=UNIMOD:4;TA=C;MT=Fixed	NT=Trypsin;AC=MS:1001251	not available	10 ppm	0.2 Da	dithiothreitol (dtt)	iodoacetamide (iaa)	1	1	F1804_fuerschj_251.raw	ftp://ftp.pride.ebi.ac.uk/pride/data/archive/2021/10/PXD021114/F1804_fuerschj_251.raw	v1.1.0	NT=ms-proteomics;VV=v1.1.0	NT=oncology-metadata;VV=v1.0.0	manual curation	serum
F1806_fuerschj_677	homo sapiens	serum	not applicable	not available	1	F1806_fuerschj_677	proteomic profiling by mass spectrometry	NT=Data-dependent acquisition;AC=PRIDE:0000627	NT=label free sample;AC=MS:1002038	NT=orbitrap fusion;AC=MS:1002416	NT=Carbamidomethyl;AC=UNIMOD:4;TA=C;MT=Fixed	NT=Trypsin;AC=MS:1001251	not available	10 ppm	0.2 Da	dithiothreitol (dtt)	iodoacetamide (iaa)	1	1	F1806_fuerschj_677.raw	ftp://ftp.pride.ebi.ac.uk/pride/data/archive/2021/10/PXD021114/F1806_fuerschj_677.raw	v1.1.0	NT=ms-proteomics;VV=v1.1.0	NT=oncology-metadata;VV=v1.0.0	manual curation	serum
F1901_fuerschj_037	homo sapiens	serum	not applicable	not available	1	F1901_fuerschj_037	proteomic profiling by mass spectrometry	NT=Data-dependent acquisition;AC=PRIDE:0000627	NT=label free sample;AC=MS:1002038	NT=orbitrap fusion;AC=MS:1002416	NT=Carbamidomethyl;AC=UNIMOD:4;TA=C;MT=Fixed	NT=Trypsin;AC=MS:1001251	not available	10 ppm	0.2 Da	dithiothreitol (dtt)	iodoacetamide (iaa)	1	1	F1901_fuerschj_037.raw	ftp://ftp.pride.ebi.ac.uk/pride/data/archive/2021/10/PXD021114/F1901_fuerschj_037.raw	v1.1.0	NT=ms-proteomics;VV=v1.1.0	NT=oncology-metadata;VV=v1.0.0	manual curation	serum
F1804_fuerschj_353	homo sapiens	serum	not applicable	not available	1	F1804_fuerschj_353	proteomic profiling by mass spectrometry	NT=Data-dependent acquisition;AC=PRIDE:0000627	NT=label free sample;AC=MS:1002038	NT=orbitrap fusion;AC=MS:1002416	NT=Carbamidomethyl;AC=UNIMOD:4;TA=C;MT=Fixed	NT=Trypsin;AC=MS:1001251	not available	10 ppm	0.2 Da	dithiothreitol (dtt)	iodoacetamide (iaa)	1	1	F1804_fuerschj_353.raw	ftp://ftp.pride.ebi.ac.uk/pride/data/archive/2021/10/PXD021114/F1804_fuerschj_353.raw	v1.1.0	NT=ms-proteomics;VV=v1.1.0	NT=oncology-metadata;VV=v1.0.0	manual curation	serum
F1901_fuerschj_059	homo sapiens	serum	not applicable	not available	1	F1901_fuerschj_059	proteomic profiling by mass spectrometry	NT=Data-dependent acquisition;AC=PRIDE:0000627	NT=label free sample;AC=MS:1002038	NT=orbitrap fusion;AC=MS:1002416	NT=Carbamidomethyl;AC=UNIMOD:4;TA=C;MT=Fixed	NT=Trypsin;AC=MS:1001251	not available	10 ppm	0.2 Da	dithiothreitol (dtt)	iodoacetamide (iaa)	1	1	F1901_fuerschj_059.raw	ftp://ftp.pride.ebi.ac.uk/pride/data/archive/2021/10/PXD021114/F1901_fuerschj_059.raw	v1.1.0	NT=ms-proteomics;VV=v1.1.0	NT=oncology-metadata;VV=v1.0.0	manual curation	serum
F1806_fuerschj_701	homo sapiens	serum	not applicable	not available	1	F1806_fuerschj_701	proteomic profiling by mass spectrometry	NT=Data-dependent acquisition;AC=PRIDE:0000627	NT=label free sample;AC=MS:1002038	NT=orbitrap fusion;AC=MS:1002416	NT=Carbamidomethyl;AC=UNIMOD:4;TA=C;MT=Fixed	NT=Trypsin;AC=MS:1001251	not available	10 ppm	0.2 Da	dithiothreitol (dtt)	iodoacetamide (iaa)	1	1	F1806_fuerschj_701.raw	ftp://ftp.pride.ebi.ac.uk/pride/data/archive/2021/10/PXD021114/F1806_fuerschj_701.raw	v1.1.0	NT=ms-proteomics;VV=v1.1.0	NT=oncology-metadata;VV=v1.0.0	manual curation	serum
F1806_fuerschj_700	homo sapiens	serum	not applicable	not available	1	F1806_fuerschj_700	proteomic profiling by mass spectrometry	NT=Data-dependent acquisition;AC=PRIDE:0000627	NT=label free sample;AC=MS:1002038	NT=orbitrap fusion;AC=MS:1002416	NT=Carbamidomethyl;AC=UNIMOD:4;TA=C;MT=Fixed	NT=Trypsin;AC=MS:1001251	not available	10 ppm	0.2 Da	dithiothreitol (dtt)	iodoacetamide (iaa)	1	1	F1806_fuerschj_700.raw	ftp://ftp.pride.ebi.ac.uk/pride/data/archive/2021/10/PXD021114/F1806_fuerschj_700.raw	v1.1.0	NT=ms-proteomics;VV=v1.1.0	NT=oncology-metadata;VV=v1.0.0	manual curation	serum
F1804_fuerschj_386	homo sapiens	serum	not applicable	not available	1	F1804_fuerschj_386	proteomic profiling by mass spectrometry	NT=Data-dependent acquisition;AC=PRIDE:0000627	NT=label free sample;AC=MS:1002038	NT=orbitrap fusion;AC=MS:1002416	NT=Carbamidomethyl;AC=UNIMOD:4;TA=C;MT=Fixed	NT=Trypsin;AC=MS:1001251	not available	10 ppm	0.2 Da	dithiothreitol (dtt)	iodoacetamide (iaa)	1	1	F1804_fuerschj_386.raw	ftp://ftp.pride.ebi.ac.uk/pride/data/archive/2021/10/PXD021114/F1804_fuerschj_386.raw	v1.1.0	NT=ms-proteomics;VV=v1.1.0	NT=oncology-metadata;VV=v1.0.0	manual curation	serum
F1911_fuerschj_240	homo sapiens	serum	not applicable	not available	1	F1911_fuerschj_240	proteomic profiling by mass spectrometry	NT=Data-dependent acquisition;AC=PRIDE:0000627	NT=label free sample;AC=MS:1002038	NT=orbitrap fusion;AC=MS:1002416	NT=Carbamidomethyl;AC=UNIMOD:4;TA=C;MT=Fixed	NT=Trypsin;AC=MS:1001251	not available	10 ppm	0.2 Da	dithiothreitol (dtt)	iodoacetamide (iaa)	1	1	F1911_fuerschj_240.raw	ftp://ftp.pride.ebi.ac.uk/pride/data/archive/2021/10/PXD021114/F1911_fuerschj_240.raw	v1.1.0	NT=ms-proteomics;VV=v1.1.0	NT=oncology-metadata;VV=v1.0.0	manual curation	serum
F1901_fuerschj_030	homo sapiens	serum	not applicable	not available	1	F1901_fuerschj_030	proteomic profiling by mass spectrometry	NT=Data-dependent acquisition;AC=PRIDE:0000627	NT=label free sample;AC=MS:1002038	NT=orbitrap fusion;AC=MS:1002416	NT=Carbamidomethyl;AC=UNIMOD:4;TA=C;MT=Fixed	NT=Trypsin;AC=MS:1001251	not available	10 ppm	0.2 Da	dithiothreitol (dtt)	iodoacetamide (iaa)	1	1	F1901_fuerschj_030.raw	ftp://ftp.pride.ebi.ac.uk/pride/data/archive/2021/10/PXD021114/F1901_fuerschj_030.raw	v1.1.0	NT=ms-proteomics;VV=v1.1.0	NT=oncology-metadata;VV=v1.0.0	manual curation	serum
F1806_fuerschj_447	homo sapiens	serum	not applicable	not available	1	F1806_fuerschj_447	proteomic profiling by mass spectrometry	NT=Data-dependent acquisition;AC=PRIDE:0000627	NT=label free sample;AC=MS:1002038	NT=orbitrap fusion;AC=MS:1002416	NT=Carbamidomethyl;AC=UNIMOD:4;TA=C;MT=Fixed	NT=Trypsin;AC=MS:1001251	not available	10 ppm	0.2 Da	dithiothreitol (dtt)	iodoacetamide (iaa)	1	1	F1806_fuerschj_447.raw	ftp://ftp.pride.ebi.ac.uk/pride/data/archive/2021/10/PXD021114/F1806_fuerschj_447.raw	v1.1.0	NT=ms-proteomics;VV=v1.1.0	NT=oncology-metadata;VV=v1.0.0	manual curation	serum
F1912_fuerschj_429	homo sapiens	serum	not applicable	not available	1	F1912_fuerschj_429	proteomic profiling by mass spectrometry	NT=Data-dependent acquisition;AC=PRIDE:0000627	NT=label free sample;AC=MS:1002038	NT=orbitrap fusion;AC=MS:1002416	NT=Carbamidomethyl;AC=UNIMOD:4;TA=C;MT=Fixed	NT=Trypsin;AC=MS:1001251	not available	10 ppm	0.2 Da	dithiothreitol (dtt)	iodoacetamide (iaa)	1	1	F1912_fuerschj_429.raw	ftp://ftp.pride.ebi.ac.uk/pride/data/archive/2021/10/PXD021114/F1912_fuerschj_429.raw	v1.1.0	NT=ms-proteomics;VV=v1.1.0	NT=oncology-metadata;VV=v1.0.0	manual curation	serum
F1806_fuerschj_493	homo sapiens	serum	not applicable	not available	1	F1806_fuerschj_493	proteomic profiling by mass spectrometry	NT=Data-dependent acquisition;AC=PRIDE:0000627	NT=label free sample;AC=MS:1002038	NT=orbitrap fusion;AC=MS:1002416	NT=Carbamidomethyl;AC=UNIMOD:4;TA=C;MT=Fixed	NT=Trypsin;AC=MS:1001251	not available	10 ppm	0.2 Da	dithiothreitol (dtt)	iodoacetamide (iaa)	1	1	F1806_fuerschj_493.raw	ftp://ftp.pride.ebi.ac.uk/pride/data/archive/2021/10/PXD021114/F1806_fuerschj_493.raw	v1.1.0	NT=ms-proteomics;VV=v1.1.0	NT=oncology-metadata;VV=v1.0.0	manual curation	serum
F1806_fuerschj_553	homo sapiens	serum	not applicable	not available	1	F1806_fuerschj_553	proteomic profiling by mass spectrometry	NT=Data-dependent acquisition;AC=PRIDE:0000627	NT=label free sample;AC=MS:1002038	NT=orbitrap fusion;AC=MS:1002416	NT=Carbamidomethyl;AC=UNIMOD:4;TA=C;MT=Fixed	NT=Trypsin;AC=MS:1001251	not available	10 ppm	0.2 Da	dithiothreitol (dtt)	iodoacetamide (iaa)	1	1	F1806_fuerschj_553.raw	ftp://ftp.pride.ebi.ac.uk/pride/data/archive/2021/10/PXD021114/F1806_fuerschj_553.raw	v1.1.0	NT=ms-proteomics;VV=v1.1.0	NT=oncology-metadata;VV=v1.0.0	manual curation	serum
F1806_fuerschj_595	homo sapiens	serum	not applicable	not available	1	F1806_fuerschj_595	proteomic profiling by mass spectrometry	NT=Data-dependent acquisition;AC=PRIDE:0000627	NT=label free sample;AC=MS:1002038	NT=orbitrap fusion;AC=MS:1002416	NT=Carbamidomethyl;AC=UNIMOD:4;TA=C;MT=Fixed	NT=Trypsin;AC=MS:1001251	not available	10 ppm	0.2 Da	dithiothreitol (dtt)	iodoacetamide (iaa)	1	1	F1806_fuerschj_595.raw	ftp://ftp.pride.ebi.ac.uk/pride/data/archive/2021/10/PXD021114/F1806_fuerschj_595.raw	v1.1.0	NT=ms-proteomics;VV=v1.1.0	NT=oncology-metadata;VV=v1.0.0	manual curation	serum
F1804_fuerschj_381	homo sapiens	serum	not applicable	not available	1	F1804_fuerschj_381	proteomic profiling by mass spectrometry	NT=Data-dependent acquisition;AC=PRIDE:0000627	NT=label free sample;AC=MS:1002038	NT=orbitrap fusion;AC=MS:1002416	NT=Carbamidomethyl;AC=UNIMOD:4;TA=C;MT=Fixed	NT=Trypsin;AC=MS:1001251	not available	10 ppm	0.2 Da	dithiothreitol (dtt)	iodoacetamide (iaa)	1	1	F1804_fuerschj_381.raw	ftp://ftp.pride.ebi.ac.uk/pride/data/archive/2021/10/PXD021114/F1804_fuerschj_381.raw	v1.1.0	NT=ms-proteomics;VV=v1.1.0	NT=oncology-metadata;VV=v1.0.0	manual curation	serum
F1804_fuerschj_269	homo sapiens	serum	not applicable	not available	1	F1804_fuerschj_269	proteomic profiling by mass spectrometry	NT=Data-dependent acquisition;AC=PRIDE:0000627	NT=label free sample;AC=MS:1002038	NT=orbitrap fusion;AC=MS:1002416	NT=Carbamidomethyl;AC=UNIMOD:4;TA=C;MT=Fixed	NT=Trypsin;AC=MS:1001251	not available	10 ppm	0.2 Da	dithiothreitol (dtt)	iodoacetamide (iaa)	1	1	F1804_fuerschj_269.raw	ftp://ftp.pride.ebi.ac.uk/pride/data/archive/2021/10/PXD021114/F1804_fuerschj_269.raw	v1.1.0	NT=ms-proteomics;VV=v1.1.0	NT=oncology-metadata;VV=v1.0.0	manual curation	serum
F1806_fuerschj_413	homo sapiens	serum	not applicable	not available	1	F1806_fuerschj_413	proteomic profiling by mass spectrometry	NT=Data-dependent acquisition;AC=PRIDE:0000627	NT=label free sample;AC=MS:1002038	NT=orbitrap fusion;AC=MS:1002416	NT=Carbamidomethyl;AC=UNIMOD:4;TA=C;MT=Fixed	NT=Trypsin;AC=MS:1001251	not available	10 ppm	0.2 Da	dithiothreitol (dtt)	iodoacetamide (iaa)	1	1	F1806_fuerschj_413.raw	ftp://ftp.pride.ebi.ac.uk/pride/data/archive/2021/10/PXD021114/F1806_fuerschj_413.raw	v1.1.0	NT=ms-proteomics;VV=v1.1.0	NT=oncology-metadata;VV=v1.0.0	manual curation	serum
F1806_fuerschj_613	homo sapiens	serum	not applicable	not available	1	F1806_fuerschj_613	proteomic profiling by mass spectrometry	NT=Data-dependent acquisition;AC=PRIDE:0000627	NT=label free sample;AC=MS:1002038	NT=orbitrap fusion;AC=MS:1002416	NT=Carbamidomethyl;AC=UNIMOD:4;TA=C;MT=Fixed	NT=Trypsin;AC=MS:1001251	not available	10 ppm	0.2 Da	dithiothreitol (dtt)	iodoacetamide (iaa)	1	1	F1806_fuerschj_613.raw	ftp://ftp.pride.ebi.ac.uk/pride/data/archive/2021/10/PXD021114/F1806_fuerschj_613.raw	v1.1.0	NT=ms-proteomics;VV=v1.1.0	NT=oncology-metadata;VV=v1.0.0	manual curation	serum
F1806_fuerschj_458	homo sapiens	serum	not applicable	not available	1	F1806_fuerschj_458	proteomic profiling by mass spectrometry	NT=Data-dependent acquisition;AC=PRIDE:0000627	NT=label free sample;AC=MS:1002038	NT=orbitrap fusion;AC=MS:1002416	NT=Carbamidomethyl;AC=UNIMOD:4;TA=C;MT=Fixed	NT=Trypsin;AC=MS:1001251	not available	10 ppm	0.2 Da	dithiothreitol (dtt)	iodoacetamide (iaa)	1	1	F1806_fuerschj_458.raw	ftp://ftp.pride.ebi.ac.uk/pride/data/archive/2021/10/PXD021114/F1806_fuerschj_458.raw	v1.1.0	NT=ms-proteomics;VV=v1.1.0	NT=oncology-metadata;VV=v1.0.0	manual curation	serum
F1806_fuerschj_437	homo sapiens	serum	not applicable	not available	1	F1806_fuerschj_437	proteomic profiling by mass spectrometry	NT=Data-dependent acquisition;AC=PRIDE:0000627	NT=label free sample;AC=MS:1002038	NT=orbitrap fusion;AC=MS:1002416	NT=Carbamidomethyl;AC=UNIMOD:4;TA=C;MT=Fixed	NT=Trypsin;AC=MS:1001251	not available	10 ppm	0.2 Da	dithiothreitol (dtt)	iodoacetamide (iaa)	1	1	F1806_fuerschj_437.raw	ftp://ftp.pride.ebi.ac.uk/pride/data/archive/2021/10/PXD021114/F1806_fuerschj_437.raw	v1.1.0	NT=ms-proteomics;VV=v1.1.0	NT=oncology-metadata;VV=v1.0.0	manual curation	serum
F1806_fuerschj_637	homo sapiens	serum	not applicable	not available	1	F1806_fuerschj_637	proteomic profiling by mass spectrometry	NT=Data-dependent acquisition;AC=PRIDE:0000627	NT=label free sample;AC=MS:1002038	NT=orbitrap fusion;AC=MS:1002416	NT=Carbamidomethyl;AC=UNIMOD:4;TA=C;MT=Fixed	NT=Trypsin;AC=MS:1001251	not available	10 ppm	0.2 Da	dithiothreitol (dtt)	iodoacetamide (iaa)	1	1	F1806_fuerschj_637.raw	ftp://ftp.pride.ebi.ac.uk/pride/data/archive/2021/10/PXD021114/F1806_fuerschj_637.raw	v1.1.0	NT=ms-proteomics;VV=v1.1.0	NT=oncology-metadata;VV=v1.0.0	manual curation	serum
F1806_fuerschj_551	homo sapiens	serum	not applicable	not available	1	F1806_fuerschj_551	proteomic profiling by mass spectrometry	NT=Data-dependent acquisition;AC=PRIDE:0000627	NT=label free sample;AC=MS:1002038	NT=orbitrap fusion;AC=MS:1002416	NT=Carbamidomethyl;AC=UNIMOD:4;TA=C;MT=Fixed	NT=Trypsin;AC=MS:1001251	not available	10 ppm	0.2 Da	dithiothreitol (dtt)	iodoacetamide (iaa)	1	1	F1806_fuerschj_551.raw	ftp://ftp.pride.ebi.ac.uk/pride/data/archive/2021/10/PXD021114/F1806_fuerschj_551.raw	v1.1.0	NT=ms-proteomics;VV=v1.1.0	NT=oncology-metadata;VV=v1.0.0	manual curation	serum
F1804_fuerschj_359	homo sapiens	serum	not applicable	not available	1	F1804_fuerschj_359	proteomic profiling by mass spectrometry	NT=Data-dependent acquisition;AC=PRIDE:0000627	NT=label free sample;AC=MS:1002038	NT=orbitrap fusion;AC=MS:1002416	NT=Carbamidomethyl;AC=UNIMOD:4;TA=C;MT=Fixed	NT=Trypsin;AC=MS:1001251	not available	10 ppm	0.2 Da	dithiothreitol (dtt)	iodoacetamide (iaa)	1	1	F1804_fuerschj_359.raw	ftp://ftp.pride.ebi.ac.uk/pride/data/archive/2021/10/PXD021114/F1804_fuerschj_359.raw	v1.1.0	NT=ms-proteomics;VV=v1.1.0	NT=oncology-metadata;VV=v1.0.0	manual curation	serum
F1901_fuerschj_063	homo sapiens	serum	not applicable	not available	1	F1901_fuerschj_063	proteomic profiling by mass spectrometry	NT=Data-dependent acquisition;AC=PRIDE:0000627	NT=label free sample;AC=MS:1002038	NT=orbitrap fusion;AC=MS:1002416	NT=Carbamidomethyl;AC=UNIMOD:4;TA=C;MT=Fixed	NT=Trypsin;AC=MS:1001251	not available	10 ppm	0.2 Da	dithiothreitol (dtt)	iodoacetamide (iaa)	1	1	F1901_fuerschj_063.raw	ftp://ftp.pride.ebi.ac.uk/pride/data/archive/2021/10/PXD021114/F1901_fuerschj_063.raw	v1.1.0	NT=ms-proteomics;VV=v1.1.0	NT=oncology-metadata;VV=v1.0.0	manual curation	serum
F1804_fuerschj_274	homo sapiens	serum	not applicable	not available	1	F1804_fuerschj_274	proteomic profiling by mass spectrometry	NT=Data-dependent acquisition;AC=PRIDE:0000627	NT=label free sample;AC=MS:1002038	NT=orbitrap fusion;AC=MS:1002416	NT=Carbamidomethyl;AC=UNIMOD:4;TA=C;MT=Fixed	NT=Trypsin;AC=MS:1001251	not available	10 ppm	0.2 Da	dithiothreitol (dtt)	iodoacetamide (iaa)	1	1	F1804_fuerschj_274.raw	ftp://ftp.pride.ebi.ac.uk/pride/data/archive/2021/10/PXD021114/F1804_fuerschj_274.raw	v1.1.0	NT=ms-proteomics;VV=v1.1.0	NT=oncology-metadata;VV=v1.0.0	manual curation	serum
F1806_fuerschj_581	homo sapiens	serum	not applicable	not available	1	F1806_fuerschj_581	proteomic profiling by mass spectrometry	NT=Data-dependent acquisition;AC=PRIDE:0000627	NT=label free sample;AC=MS:1002038	NT=orbitrap fusion;AC=MS:1002416	NT=Carbamidomethyl;AC=UNIMOD:4;TA=C;MT=Fixed	NT=Trypsin;AC=MS:1001251	not available	10 ppm	0.2 Da	dithiothreitol (dtt)	iodoacetamide (iaa)	1	1	F1806_fuerschj_581.raw	ftp://ftp.pride.ebi.ac.uk/pride/data/archive/2021/10/PXD021114/F1806_fuerschj_581.raw	v1.1.0	NT=ms-proteomics;VV=v1.1.0	NT=oncology-metadata;VV=v1.0.0	manual curation	serum
F1912_fuerschj_408	homo sapiens	serum	not applicable	not available	1	F1912_fuerschj_408	proteomic profiling by mass spectrometry	NT=Data-dependent acquisition;AC=PRIDE:0000627	NT=label free sample;AC=MS:1002038	NT=orbitrap fusion;AC=MS:1002416	NT=Carbamidomethyl;AC=UNIMOD:4;TA=C;MT=Fixed	NT=Trypsin;AC=MS:1001251	not available	10 ppm	0.2 Da	dithiothreitol (dtt)	iodoacetamide (iaa)	1	1	F1912_fuerschj_408.raw	ftp://ftp.pride.ebi.ac.uk/pride/data/archive/2021/10/PXD021114/F1912_fuerschj_408.raw	v1.1.0	NT=ms-proteomics;VV=v1.1.0	NT=oncology-metadata;VV=v1.0.0	manual curation	serum
F1806_fuerschj_591	homo sapiens	serum	not applicable	not available	1	F1806_fuerschj_591	proteomic profiling by mass spectrometry	NT=Data-dependent acquisition;AC=PRIDE:0000627	NT=label free sample;AC=MS:1002038	NT=orbitrap fusion;AC=MS:1002416	NT=Carbamidomethyl;AC=UNIMOD:4;TA=C;MT=Fixed	NT=Trypsin;AC=MS:1001251	not available	10 ppm	0.2 Da	dithiothreitol (dtt)	iodoacetamide (iaa)	1	1	F1806_fuerschj_591.raw	ftp://ftp.pride.ebi.ac.uk/pride/data/archive/2021/10/PXD021114/F1806_fuerschj_591.raw	v1.1.0	NT=ms-proteomics;VV=v1.1.0	NT=oncology-metadata;VV=v1.0.0	manual curation	serum
F1912_fuerschj_457	homo sapiens	serum	not applicable	not available	1	F1912_fuerschj_457	proteomic profiling by mass spectrometry	NT=Data-dependent acquisition;AC=PRIDE:0000627	NT=label free sample;AC=MS:1002038	NT=orbitrap fusion;AC=MS:1002416	NT=Carbamidomethyl;AC=UNIMOD:4;TA=C;MT=Fixed	NT=Trypsin;AC=MS:1001251	not available	10 ppm	0.2 Da	dithiothreitol (dtt)	iodoacetamide (iaa)	1	1	F1912_fuerschj_457.raw	ftp://ftp.pride.ebi.ac.uk/pride/data/archive/2021/10/PXD021114/F1912_fuerschj_457.raw	v1.1.0	NT=ms-proteomics;VV=v1.1.0	NT=oncology-metadata;VV=v1.0.0	manual curation	serum
F1911_fuerschj_248	homo sapiens	serum	not applicable	not available	1	F1911_fuerschj_248	proteomic profiling by mass spectrometry	NT=Data-dependent acquisition;AC=PRIDE:0000627	NT=label free sample;AC=MS:1002038	NT=orbitrap fusion;AC=MS:1002416	NT=Carbamidomethyl;AC=UNIMOD:4;TA=C;MT=Fixed	NT=Trypsin;AC=MS:1001251	not available	10 ppm	0.2 Da	dithiothreitol (dtt)	iodoacetamide (iaa)	1	1	F1911_fuerschj_248.raw	ftp://ftp.pride.ebi.ac.uk/pride/data/archive/2021/10/PXD021114/F1911_fuerschj_248.raw	v1.1.0	NT=ms-proteomics;VV=v1.1.0	NT=oncology-metadata;VV=v1.0.0	manual curation	serum
F1806_fuerschj_693	homo sapiens	serum	not applicable	not available	1	F1806_fuerschj_693	proteomic profiling by mass spectrometry	NT=Data-dependent acquisition;AC=PRIDE:0000627	NT=label free sample;AC=MS:1002038	NT=orbitrap fusion;AC=MS:1002416	NT=Carbamidomethyl;AC=UNIMOD:4;TA=C;MT=Fixed	NT=Trypsin;AC=MS:1001251	not available	10 ppm	0.2 Da	dithiothreitol (dtt)	iodoacetamide (iaa)	1	1	F1806_fuerschj_693.raw	ftp://ftp.pride.ebi.ac.uk/pride/data/archive/2021/10/PXD021114/F1806_fuerschj_693.raw	v1.1.0	NT=ms-proteomics;VV=v1.1.0	NT=oncology-metadata;VV=v1.0.0	manual curation	serum
F1901_fuerschj_056	homo sapiens	serum	not applicable	not available	1	F1901_fuerschj_056	proteomic profiling by mass spectrometry	NT=Data-dependent acquisition;AC=PRIDE:0000627	NT=label free sample;AC=MS:1002038	NT=orbitrap fusion;AC=MS:1002416	NT=Carbamidomethyl;AC=UNIMOD:4;TA=C;MT=Fixed	NT=Trypsin;AC=MS:1001251	not available	10 ppm	0.2 Da	dithiothreitol (dtt)	iodoacetamide (iaa)	1	1	F1901_fuerschj_056.raw	ftp://ftp.pride.ebi.ac.uk/pride/data/archive/2021/10/PXD021114/F1901_fuerschj_056.raw	v1.1.0	NT=ms-proteomics;VV=v1.1.0	NT=oncology-metadata;VV=v1.0.0	manual curation	serum
F1708_fuerschj_066	homo sapiens	serum	not applicable	not available	1	F1708_fuerschj_066	proteomic profiling by mass spectrometry	NT=Data-dependent acquisition;AC=PRIDE:0000627	NT=label free sample;AC=MS:1002038	NT=orbitrap fusion;AC=MS:1002416	NT=Carbamidomethyl;AC=UNIMOD:4;TA=C;MT=Fixed	NT=Trypsin;AC=MS:1001251	not available	10 ppm	0.2 Da	dithiothreitol (dtt)	iodoacetamide (iaa)	1	1	F1708_fuerschj_066.raw	ftp://ftp.pride.ebi.ac.uk/pride/data/archive/2021/10/PXD021114/F1708_fuerschj_066.raw	v1.1.0	NT=ms-proteomics;VV=v1.1.0	NT=oncology-metadata;VV=v1.0.0	manual curation	serum
F1901_fuerschj_055	homo sapiens	serum	not applicable	not available	1	F1901_fuerschj_055	proteomic profiling by mass spectrometry	NT=Data-dependent acquisition;AC=PRIDE:0000627	NT=label free sample;AC=MS:1002038	NT=orbitrap fusion;AC=MS:1002416	NT=Carbamidomethyl;AC=UNIMOD:4;TA=C;MT=Fixed	NT=Trypsin;AC=MS:1001251	not available	10 ppm	0.2 Da	dithiothreitol (dtt)	iodoacetamide (iaa)	1	1	F1901_fuerschj_055.raw	ftp://ftp.pride.ebi.ac.uk/pride/data/archive/2021/10/PXD021114/F1901_fuerschj_055.raw	v1.1.0	NT=ms-proteomics;VV=v1.1.0	NT=oncology-metadata;VV=v1.0.0	manual curation	serum
F1804_fuerschj_265	homo sapiens	serum	not applicable	not available	1	F1804_fuerschj_265	proteomic profiling by mass spectrometry	NT=Data-dependent acquisition;AC=PRIDE:0000627	NT=label free sample;AC=MS:1002038	NT=orbitrap fusion;AC=MS:1002416	NT=Carbamidomethyl;AC=UNIMOD:4;TA=C;MT=Fixed	NT=Trypsin;AC=MS:1001251	not available	10 ppm	0.2 Da	dithiothreitol (dtt)	iodoacetamide (iaa)	1	1	F1804_fuerschj_265.raw	ftp://ftp.pride.ebi.ac.uk/pride/data/archive/2021/10/PXD021114/F1804_fuerschj_265.raw	v1.1.0	NT=ms-proteomics;VV=v1.1.0	NT=oncology-metadata;VV=v1.0.0	manual curation	serum
F1806_fuerschj_422	homo sapiens	serum	not applicable	not available	1	F1806_fuerschj_422	proteomic profiling by mass spectrometry	NT=Data-dependent acquisition;AC=PRIDE:0000627	NT=label free sample;AC=MS:1002038	NT=orbitrap fusion;AC=MS:1002416	NT=Carbamidomethyl;AC=UNIMOD:4;TA=C;MT=Fixed	NT=Trypsin;AC=MS:1001251	not available	10 ppm	0.2 Da	dithiothreitol (dtt)	iodoacetamide (iaa)	1	1	F1806_fuerschj_422.raw	ftp://ftp.pride.ebi.ac.uk/pride/data/archive/2021/10/PXD021114/F1806_fuerschj_422.raw	v1.1.0	NT=ms-proteomics;VV=v1.1.0	NT=oncology-metadata;VV=v1.0.0	manual curation	serum
F1804_fuerschj_339	homo sapiens	serum	not applicable	not available	1	F1804_fuerschj_339	proteomic profiling by mass spectrometry	NT=Data-dependent acquisition;AC=PRIDE:0000627	NT=label free sample;AC=MS:1002038	NT=orbitrap fusion;AC=MS:1002416	NT=Carbamidomethyl;AC=UNIMOD:4;TA=C;MT=Fixed	NT=Trypsin;AC=MS:1001251	not available	10 ppm	0.2 Da	dithiothreitol (dtt)	iodoacetamide (iaa)	1	1	F1804_fuerschj_339.raw	ftp://ftp.pride.ebi.ac.uk/pride/data/archive/2021/10/PXD021114/F1804_fuerschj_339.raw	v1.1.0	NT=ms-proteomics;VV=v1.1.0	NT=oncology-metadata;VV=v1.0.0	manual curation	serum
F1804_fuerschj_361	homo sapiens	serum	not applicable	not available	1	F1804_fuerschj_361	proteomic profiling by mass spectrometry	NT=Data-dependent acquisition;AC=PRIDE:0000627	NT=label free sample;AC=MS:1002038	NT=orbitrap fusion;AC=MS:1002416	NT=Carbamidomethyl;AC=UNIMOD:4;TA=C;MT=Fixed	NT=Trypsin;AC=MS:1001251	not available	10 ppm	0.2 Da	dithiothreitol (dtt)	iodoacetamide (iaa)	1	1	F1804_fuerschj_361.raw	ftp://ftp.pride.ebi.ac.uk/pride/data/archive/2021/10/PXD021114/F1804_fuerschj_361.raw	v1.1.0	NT=ms-proteomics;VV=v1.1.0	NT=oncology-metadata;VV=v1.0.0	manual curation	serum
F1806_fuerschj_538	homo sapiens	serum	not applicable	not available	1	F1806_fuerschj_538	proteomic profiling by mass spectrometry	NT=Data-dependent acquisition;AC=PRIDE:0000627	NT=label free sample;AC=MS:1002038	NT=orbitrap fusion;AC=MS:1002416	NT=Carbamidomethyl;AC=UNIMOD:4;TA=C;MT=Fixed	NT=Trypsin;AC=MS:1001251	not available	10 ppm	0.2 Da	dithiothreitol (dtt)	iodoacetamide (iaa)	1	1	F1806_fuerschj_538.raw	ftp://ftp.pride.ebi.ac.uk/pride/data/archive/2021/10/PXD021114/F1806_fuerschj_538.raw	v1.1.0	NT=ms-proteomics;VV=v1.1.0	NT=oncology-metadata;VV=v1.0.0	manual curation	serum
F1804_fuerschj_311	homo sapiens	serum	not applicable	not available	1	F1804_fuerschj_311	proteomic profiling by mass spectrometry	NT=Data-dependent acquisition;AC=PRIDE:0000627	NT=label free sample;AC=MS:1002038	NT=orbitrap fusion;AC=MS:1002416	NT=Carbamidomethyl;AC=UNIMOD:4;TA=C;MT=Fixed	NT=Trypsin;AC=MS:1001251	not available	10 ppm	0.2 Da	dithiothreitol (dtt)	iodoacetamide (iaa)	1	1	F1804_fuerschj_311.raw	ftp://ftp.pride.ebi.ac.uk/pride/data/archive/2021/10/PXD021114/F1804_fuerschj_311.raw	v1.1.0	NT=ms-proteomics;VV=v1.1.0	NT=oncology-metadata;VV=v1.0.0	manual curation	serum
F1806_fuerschj_695	homo sapiens	serum	not applicable	not available	1	F1806_fuerschj_695	proteomic profiling by mass spectrometry	NT=Data-dependent acquisition;AC=PRIDE:0000627	NT=label free sample;AC=MS:1002038	NT=orbitrap fusion;AC=MS:1002416	NT=Carbamidomethyl;AC=UNIMOD:4;TA=C;MT=Fixed	NT=Trypsin;AC=MS:1001251	not available	10 ppm	0.2 Da	dithiothreitol (dtt)	iodoacetamide (iaa)	1	1	F1806_fuerschj_695.raw	ftp://ftp.pride.ebi.ac.uk/pride/data/archive/2021/10/PXD021114/F1806_fuerschj_695.raw	v1.1.0	NT=ms-proteomics;VV=v1.1.0	NT=oncology-metadata;VV=v1.0.0	manual curation	serum
F1806_fuerschj_552	homo sapiens	serum	not applicable	not available	1	F1806_fuerschj_552	proteomic profiling by mass spectrometry	NT=Data-dependent acquisition;AC=PRIDE:0000627	NT=label free sample;AC=MS:1002038	NT=orbitrap fusion;AC=MS:1002416	NT=Carbamidomethyl;AC=UNIMOD:4;TA=C;MT=Fixed	NT=Trypsin;AC=MS:1001251	not available	10 ppm	0.2 Da	dithiothreitol (dtt)	iodoacetamide (iaa)	1	1	F1806_fuerschj_552.raw	ftp://ftp.pride.ebi.ac.uk/pride/data/archive/2021/10/PXD021114/F1806_fuerschj_552.raw	v1.1.0	NT=ms-proteomics;VV=v1.1.0	NT=oncology-metadata;VV=v1.0.0	manual curation	serum
F1806_fuerschj_642	homo sapiens	serum	not applicable	not available	1	F1806_fuerschj_642	proteomic profiling by mass spectrometry	NT=Data-dependent acquisition;AC=PRIDE:0000627	NT=label free sample;AC=MS:1002038	NT=orbitrap fusion;AC=MS:1002416	NT=Carbamidomethyl;AC=UNIMOD:4;TA=C;MT=Fixed	NT=Trypsin;AC=MS:1001251	not available	10 ppm	0.2 Da	dithiothreitol (dtt)	iodoacetamide (iaa)	1	1	F1806_fuerschj_642.raw	ftp://ftp.pride.ebi.ac.uk/pride/data/archive/2021/10/PXD021114/F1806_fuerschj_642.raw	v1.1.0	NT=ms-proteomics;VV=v1.1.0	NT=oncology-metadata;VV=v1.0.0	manual curation	serum
F1912_fuerschj_460	homo sapiens	serum	not applicable	not available	1	F1912_fuerschj_460	proteomic profiling by mass spectrometry	NT=Data-dependent acquisition;AC=PRIDE:0000627	NT=label free sample;AC=MS:1002038	NT=orbitrap fusion;AC=MS:1002416	NT=Carbamidomethyl;AC=UNIMOD:4;TA=C;MT=Fixed	NT=Trypsin;AC=MS:1001251	not available	10 ppm	0.2 Da	dithiothreitol (dtt)	iodoacetamide (iaa)	1	1	F1912_fuerschj_460.raw	ftp://ftp.pride.ebi.ac.uk/pride/data/archive/2021/10/PXD021114/F1912_fuerschj_460.raw	v1.1.0	NT=ms-proteomics;VV=v1.1.0	NT=oncology-metadata;VV=v1.0.0	manual curation	serum
F1804_fuerschj_263	homo sapiens	serum	not applicable	not available	1	F1804_fuerschj_263	proteomic profiling by mass spectrometry	NT=Data-dependent acquisition;AC=PRIDE:0000627	NT=label free sample;AC=MS:1002038	NT=orbitrap fusion;AC=MS:1002416	NT=Carbamidomethyl;AC=UNIMOD:4;TA=C;MT=Fixed	NT=Trypsin;AC=MS:1001251	not available	10 ppm	0.2 Da	dithiothreitol (dtt)	iodoacetamide (iaa)	1	1	F1804_fuerschj_263.raw	ftp://ftp.pride.ebi.ac.uk/pride/data/archive/2021/10/PXD021114/F1804_fuerschj_263.raw	v1.1.0	NT=ms-proteomics;VV=v1.1.0	NT=oncology-metadata;VV=v1.0.0	manual curation	serum
F1912_fuerschj_467	homo sapiens	serum	not applicable	not available	1	F1912_fuerschj_467	proteomic profiling by mass spectrometry	NT=Data-dependent acquisition;AC=PRIDE:0000627	NT=label free sample;AC=MS:1002038	NT=orbitrap fusion;AC=MS:1002416	NT=Carbamidomethyl;AC=UNIMOD:4;TA=C;MT=Fixed	NT=Trypsin;AC=MS:1001251	not available	10 ppm	0.2 Da	dithiothreitol (dtt)	iodoacetamide (iaa)	1	1	F1912_fuerschj_467.raw	ftp://ftp.pride.ebi.ac.uk/pride/data/archive/2021/10/PXD021114/F1912_fuerschj_467.raw	v1.1.0	NT=ms-proteomics;VV=v1.1.0	NT=oncology-metadata;VV=v1.0.0	manual curation	serum
F1912_fuerschj_453	homo sapiens	serum	not applicable	not available	1	F1912_fuerschj_453	proteomic profiling by mass spectrometry	NT=Data-dependent acquisition;AC=PRIDE:0000627	NT=label free sample;AC=MS:1002038	NT=orbitrap fusion;AC=MS:1002416	NT=Carbamidomethyl;AC=UNIMOD:4;TA=C;MT=Fixed	NT=Trypsin;AC=MS:1001251	not available	10 ppm	0.2 Da	dithiothreitol (dtt)	iodoacetamide (iaa)	1	1	F1912_fuerschj_453.raw	ftp://ftp.pride.ebi.ac.uk/pride/data/archive/2021/10/PXD021114/F1912_fuerschj_453.raw	v1.1.0	NT=ms-proteomics;VV=v1.1.0	NT=oncology-metadata;VV=v1.0.0	manual curation	serum
F1806_fuerschj_692	homo sapiens	serum	not applicable	not available	1	F1806_fuerschj_692	proteomic profiling by mass spectrometry	NT=Data-dependent acquisition;AC=PRIDE:0000627	NT=label free sample;AC=MS:1002038	NT=orbitrap fusion;AC=MS:1002416	NT=Carbamidomethyl;AC=UNIMOD:4;TA=C;MT=Fixed	NT=Trypsin;AC=MS:1001251	not available	10 ppm	0.2 Da	dithiothreitol (dtt)	iodoacetamide (iaa)	1	1	F1806_fuerschj_692.raw	ftp://ftp.pride.ebi.ac.uk/pride/data/archive/2021/10/PXD021114/F1806_fuerschj_692.raw	v1.1.0	NT=ms-proteomics;VV=v1.1.0	NT=oncology-metadata;VV=v1.0.0	manual curation	serum
F1806_fuerschj_696	homo sapiens	serum	not applicable	not available	1	F1806_fuerschj_696	proteomic profiling by mass spectrometry	NT=Data-dependent acquisition;AC=PRIDE:0000627	NT=label free sample;AC=MS:1002038	NT=orbitrap fusion;AC=MS:1002416	NT=Carbamidomethyl;AC=UNIMOD:4;TA=C;MT=Fixed	NT=Trypsin;AC=MS:1001251	not available	10 ppm	0.2 Da	dithiothreitol (dtt)	iodoacetamide (iaa)	1	1	F1806_fuerschj_696.raw	ftp://ftp.pride.ebi.ac.uk/pride/data/archive/2021/10/PXD021114/F1806_fuerschj_696.raw	v1.1.0	NT=ms-proteomics;VV=v1.1.0	NT=oncology-metadata;VV=v1.0.0	manual curation	serum
F1806_fuerschj_484	homo sapiens	serum	not applicable	not available	1	F1806_fuerschj_484	proteomic profiling by mass spectrometry	NT=Data-dependent acquisition;AC=PRIDE:0000627	NT=label free sample;AC=MS:1002038	NT=orbitrap fusion;AC=MS:1002416	NT=Carbamidomethyl;AC=UNIMOD:4;TA=C;MT=Fixed	NT=Trypsin;AC=MS:1001251	not available	10 ppm	0.2 Da	dithiothreitol (dtt)	iodoacetamide (iaa)	1	1	F1806_fuerschj_484.raw	ftp://ftp.pride.ebi.ac.uk/pride/data/archive/2021/10/PXD021114/F1806_fuerschj_484.raw	v1.1.0	NT=ms-proteomics;VV=v1.1.0	NT=oncology-metadata;VV=v1.0.0	manual curation	serum
F1907_fuerschj_283	homo sapiens	serum	not applicable	not available	1	F1907_fuerschj_283	proteomic profiling by mass spectrometry	NT=Data-dependent acquisition;AC=PRIDE:0000627	NT=label free sample;AC=MS:1002038	NT=orbitrap fusion;AC=MS:1002416	NT=Carbamidomethyl;AC=UNIMOD:4;TA=C;MT=Fixed	NT=Trypsin;AC=MS:1001251	not available	10 ppm	0.2 Da	dithiothreitol (dtt)	iodoacetamide (iaa)	1	1	F1907_fuerschj_283.raw	ftp://ftp.pride.ebi.ac.uk/pride/data/archive/2021/10/PXD021114/F1907_fuerschj_283.raw	v1.1.0	NT=ms-proteomics;VV=v1.1.0	NT=oncology-metadata;VV=v1.0.0	manual curation	serum
F1806_fuerschj_621	homo sapiens	serum	not applicable	not available	1	F1806_fuerschj_621	proteomic profiling by mass spectrometry	NT=Data-dependent acquisition;AC=PRIDE:0000627	NT=label free sample;AC=MS:1002038	NT=orbitrap fusion;AC=MS:1002416	NT=Carbamidomethyl;AC=UNIMOD:4;TA=C;MT=Fixed	NT=Trypsin;AC=MS:1001251	not available	10 ppm	0.2 Da	dithiothreitol (dtt)	iodoacetamide (iaa)	1	1	F1806_fuerschj_621.raw	ftp://ftp.pride.ebi.ac.uk/pride/data/archive/2021/10/PXD021114/F1806_fuerschj_621.raw	v1.1.0	NT=ms-proteomics;VV=v1.1.0	NT=oncology-metadata;VV=v1.0.0	manual curation	serum
F1806_fuerschj_627	homo sapiens	serum	not applicable	not available	1	F1806_fuerschj_627	proteomic profiling by mass spectrometry	NT=Data-dependent acquisition;AC=PRIDE:0000627	NT=label free sample;AC=MS:1002038	NT=orbitrap fusion;AC=MS:1002416	NT=Carbamidomethyl;AC=UNIMOD:4;TA=C;MT=Fixed	NT=Trypsin;AC=MS:1001251	not available	10 ppm	0.2 Da	dithiothreitol (dtt)	iodoacetamide (iaa)	1	1	F1806_fuerschj_627.raw	ftp://ftp.pride.ebi.ac.uk/pride/data/archive/2021/10/PXD021114/F1806_fuerschj_627.raw	v1.1.0	NT=ms-proteomics;VV=v1.1.0	NT=oncology-metadata;VV=v1.0.0	manual curation	serum
F1911_fuerschj_281	homo sapiens	serum	not applicable	not available	1	F1911_fuerschj_281	proteomic profiling by mass spectrometry	NT=Data-dependent acquisition;AC=PRIDE:0000627	NT=label free sample;AC=MS:1002038	NT=orbitrap fusion;AC=MS:1002416	NT=Carbamidomethyl;AC=UNIMOD:4;TA=C;MT=Fixed	NT=Trypsin;AC=MS:1001251	not available	10 ppm	0.2 Da	dithiothreitol (dtt)	iodoacetamide (iaa)	1	1	F1911_fuerschj_281.raw	ftp://ftp.pride.ebi.ac.uk/pride/data/archive/2021/10/PXD021114/F1911_fuerschj_281.raw	v1.1.0	NT=ms-proteomics;VV=v1.1.0	NT=oncology-metadata;VV=v1.0.0	manual curation	serum
F1911_fuerschj_227	homo sapiens	serum	not applicable	not available	1	F1911_fuerschj_227	proteomic profiling by mass spectrometry	NT=Data-dependent acquisition;AC=PRIDE:0000627	NT=label free sample;AC=MS:1002038	NT=orbitrap fusion;AC=MS:1002416	NT=Carbamidomethyl;AC=UNIMOD:4;TA=C;MT=Fixed	NT=Trypsin;AC=MS:1001251	not available	10 ppm	0.2 Da	dithiothreitol (dtt)	iodoacetamide (iaa)	1	1	F1911_fuerschj_227.raw	ftp://ftp.pride.ebi.ac.uk/pride/data/archive/2021/10/PXD021114/F1911_fuerschj_227.raw	v1.1.0	NT=ms-proteomics;VV=v1.1.0	NT=oncology-metadata;VV=v1.0.0	manual curation	serum
F1806_fuerschj_620	homo sapiens	serum	not applicable	not available	1	F1806_fuerschj_620	proteomic profiling by mass spectrometry	NT=Data-dependent acquisition;AC=PRIDE:0000627	NT=label free sample;AC=MS:1002038	NT=orbitrap fusion;AC=MS:1002416	NT=Carbamidomethyl;AC=UNIMOD:4;TA=C;MT=Fixed	NT=Trypsin;AC=MS:1001251	not available	10 ppm	0.2 Da	dithiothreitol (dtt)	iodoacetamide (iaa)	1	1	F1806_fuerschj_620.raw	ftp://ftp.pride.ebi.ac.uk/pride/data/archive/2021/10/PXD021114/F1806_fuerschj_620.raw	v1.1.0	NT=ms-proteomics;VV=v1.1.0	NT=oncology-metadata;VV=v1.0.0	manual curation	serum
F1804_fuerschj_300	homo sapiens	serum	not applicable	not available	1	F1804_fuerschj_300	proteomic profiling by mass spectrometry	NT=Data-dependent acquisition;AC=PRIDE:0000627	NT=label free sample;AC=MS:1002038	NT=orbitrap fusion;AC=MS:1002416	NT=Carbamidomethyl;AC=UNIMOD:4;TA=C;MT=Fixed	NT=Trypsin;AC=MS:1001251	not available	10 ppm	0.2 Da	dithiothreitol (dtt)	iodoacetamide (iaa)	1	1	F1804_fuerschj_300.raw	ftp://ftp.pride.ebi.ac.uk/pride/data/archive/2021/10/PXD021114/F1804_fuerschj_300.raw	v1.1.0	NT=ms-proteomics;VV=v1.1.0	NT=oncology-metadata;VV=v1.0.0	manual curation	serum
F1806_fuerschj_496	homo sapiens	serum	not applicable	not available	1	F1806_fuerschj_496	proteomic profiling by mass spectrometry	NT=Data-dependent acquisition;AC=PRIDE:0000627	NT=label free sample;AC=MS:1002038	NT=orbitrap fusion;AC=MS:1002416	NT=Carbamidomethyl;AC=UNIMOD:4;TA=C;MT=Fixed	NT=Trypsin;AC=MS:1001251	not available	10 ppm	0.2 Da	dithiothreitol (dtt)	iodoacetamide (iaa)	1	1	F1806_fuerschj_496.raw	ftp://ftp.pride.ebi.ac.uk/pride/data/archive/2021/10/PXD021114/F1806_fuerschj_496.raw	v1.1.0	NT=ms-proteomics;VV=v1.1.0	NT=oncology-metadata;VV=v1.0.0	manual curation	serum
F1912_fuerschj_420	homo sapiens	serum	not applicable	not available	1	F1912_fuerschj_420	proteomic profiling by mass spectrometry	NT=Data-dependent acquisition;AC=PRIDE:0000627	NT=label free sample;AC=MS:1002038	NT=orbitrap fusion;AC=MS:1002416	NT=Carbamidomethyl;AC=UNIMOD:4;TA=C;MT=Fixed	NT=Trypsin;AC=MS:1001251	not available	10 ppm	0.2 Da	dithiothreitol (dtt)	iodoacetamide (iaa)	1	1	F1912_fuerschj_420.raw	ftp://ftp.pride.ebi.ac.uk/pride/data/archive/2021/10/PXD021114/F1912_fuerschj_420.raw	v1.1.0	NT=ms-proteomics;VV=v1.1.0	NT=oncology-metadata;VV=v1.0.0	manual curation	serum
F1708_fuerschj_075	homo sapiens	serum	not applicable	not available	1	F1708_fuerschj_075	proteomic profiling by mass spectrometry	NT=Data-dependent acquisition;AC=PRIDE:0000627	NT=label free sample;AC=MS:1002038	NT=orbitrap fusion;AC=MS:1002416	NT=Carbamidomethyl;AC=UNIMOD:4;TA=C;MT=Fixed	NT=Trypsin;AC=MS:1001251	not available	10 ppm	0.2 Da	dithiothreitol (dtt)	iodoacetamide (iaa)	1	1	F1708_fuerschj_075.raw	ftp://ftp.pride.ebi.ac.uk/pride/data/archive/2021/10/PXD021114/F1708_fuerschj_075.raw	v1.1.0	NT=ms-proteomics;VV=v1.1.0	NT=oncology-metadata;VV=v1.0.0	manual curation	serum
F1806_fuerschj_465	homo sapiens	serum	not applicable	not available	1	F1806_fuerschj_465	proteomic profiling by mass spectrometry	NT=Data-dependent acquisition;AC=PRIDE:0000627	NT=label free sample;AC=MS:1002038	NT=orbitrap fusion;AC=MS:1002416	NT=Carbamidomethyl;AC=UNIMOD:4;TA=C;MT=Fixed	NT=Trypsin;AC=MS:1001251	not available	10 ppm	0.2 Da	dithiothreitol (dtt)	iodoacetamide (iaa)	1	1	F1806_fuerschj_465.raw	ftp://ftp.pride.ebi.ac.uk/pride/data/archive/2021/10/PXD021114/F1806_fuerschj_465.raw	v1.1.0	NT=ms-proteomics;VV=v1.1.0	NT=oncology-metadata;VV=v1.0.0	manual curation	serum
F1804_fuerschj_290	homo sapiens	serum	not applicable	not available	1	F1804_fuerschj_290	proteomic profiling by mass spectrometry	NT=Data-dependent acquisition;AC=PRIDE:0000627	NT=label free sample;AC=MS:1002038	NT=orbitrap fusion;AC=MS:1002416	NT=Carbamidomethyl;AC=UNIMOD:4;TA=C;MT=Fixed	NT=Trypsin;AC=MS:1001251	not available	10 ppm	0.2 Da	dithiothreitol (dtt)	iodoacetamide (iaa)	1	1	F1804_fuerschj_290.raw	ftp://ftp.pride.ebi.ac.uk/pride/data/archive/2021/10/PXD021114/F1804_fuerschj_290.raw	v1.1.0	NT=ms-proteomics;VV=v1.1.0	NT=oncology-metadata;VV=v1.0.0	manual curation	serum
F1804_fuerschj_326	homo sapiens	serum	not applicable	not available	1	F1804_fuerschj_326	proteomic profiling by mass spectrometry	NT=Data-dependent acquisition;AC=PRIDE:0000627	NT=label free sample;AC=MS:1002038	NT=orbitrap fusion;AC=MS:1002416	NT=Carbamidomethyl;AC=UNIMOD:4;TA=C;MT=Fixed	NT=Trypsin;AC=MS:1001251	not available	10 ppm	0.2 Da	dithiothreitol (dtt)	iodoacetamide (iaa)	1	1	F1804_fuerschj_326.raw	ftp://ftp.pride.ebi.ac.uk/pride/data/archive/2021/10/PXD021114/F1804_fuerschj_326.raw	v1.1.0	NT=ms-proteomics;VV=v1.1.0	NT=oncology-metadata;VV=v1.0.0	manual curation	serum
F1912_fuerschj_488	homo sapiens	serum	not applicable	not available	1	F1912_fuerschj_488	proteomic profiling by mass spectrometry	NT=Data-dependent acquisition;AC=PRIDE:0000627	NT=label free sample;AC=MS:1002038	NT=orbitrap fusion;AC=MS:1002416	NT=Carbamidomethyl;AC=UNIMOD:4;TA=C;MT=Fixed	NT=Trypsin;AC=MS:1001251	not available	10 ppm	0.2 Da	dithiothreitol (dtt)	iodoacetamide (iaa)	1	1	F1912_fuerschj_488.raw	ftp://ftp.pride.ebi.ac.uk/pride/data/archive/2021/10/PXD021114/F1912_fuerschj_488.raw	v1.1.0	NT=ms-proteomics;VV=v1.1.0	NT=oncology-metadata;VV=v1.0.0	manual curation	serum
F1804_fuerschj_323	homo sapiens	serum	not applicable	not available	1	F1804_fuerschj_323	proteomic profiling by mass spectrometry	NT=Data-dependent acquisition;AC=PRIDE:0000627	NT=label free sample;AC=MS:1002038	NT=orbitrap fusion;AC=MS:1002416	NT=Carbamidomethyl;AC=UNIMOD:4;TA=C;MT=Fixed	NT=Trypsin;AC=MS:1001251	not available	10 ppm	0.2 Da	dithiothreitol (dtt)	iodoacetamide (iaa)	1	1	F1804_fuerschj_323.raw	ftp://ftp.pride.ebi.ac.uk/pride/data/archive/2021/10/PXD021114/F1804_fuerschj_323.raw	v1.1.0	NT=ms-proteomics;VV=v1.1.0	NT=oncology-metadata;VV=v1.0.0	manual curation	serum
F1911_fuerschj_280	homo sapiens	serum	not applicable	not available	1	F1911_fuerschj_280	proteomic profiling by mass spectrometry	NT=Data-dependent acquisition;AC=PRIDE:0000627	NT=label free sample;AC=MS:1002038	NT=orbitrap fusion;AC=MS:1002416	NT=Carbamidomethyl;AC=UNIMOD:4;TA=C;MT=Fixed	NT=Trypsin;AC=MS:1001251	not available	10 ppm	0.2 Da	dithiothreitol (dtt)	iodoacetamide (iaa)	1	1	F1911_fuerschj_280.raw	ftp://ftp.pride.ebi.ac.uk/pride/data/archive/2021/10/PXD021114/F1911_fuerschj_280.raw	v1.1.0	NT=ms-proteomics;VV=v1.1.0	NT=oncology-metadata;VV=v1.0.0	manual curation	serum
F1912_fuerschj_475	homo sapiens	serum	not applicable	not available	1	F1912_fuerschj_475	proteomic profiling by mass spectrometry	NT=Data-dependent acquisition;AC=PRIDE:0000627	NT=label free sample;AC=MS:1002038	NT=orbitrap fusion;AC=MS:1002416	NT=Carbamidomethyl;AC=UNIMOD:4;TA=C;MT=Fixed	NT=Trypsin;AC=MS:1001251	not available	10 ppm	0.2 Da	dithiothreitol (dtt)	iodoacetamide (iaa)	1	1	F1912_fuerschj_475.raw	ftp://ftp.pride.ebi.ac.uk/pride/data/archive/2021/10/PXD021114/F1912_fuerschj_475.raw	v1.1.0	NT=ms-proteomics;VV=v1.1.0	NT=oncology-metadata;VV=v1.0.0	manual curation	serum
F1911_fuerschj_204	homo sapiens	serum	not applicable	not available	1	F1911_fuerschj_204	proteomic profiling by mass spectrometry	NT=Data-dependent acquisition;AC=PRIDE:0000627	NT=label free sample;AC=MS:1002038	NT=orbitrap fusion;AC=MS:1002416	NT=Carbamidomethyl;AC=UNIMOD:4;TA=C;MT=Fixed	NT=Trypsin;AC=MS:1001251	not available	10 ppm	0.2 Da	dithiothreitol (dtt)	iodoacetamide (iaa)	1	1	F1911_fuerschj_204.raw	ftp://ftp.pride.ebi.ac.uk/pride/data/archive/2021/10/PXD021114/F1911_fuerschj_204.raw	v1.1.0	NT=ms-proteomics;VV=v1.1.0	NT=oncology-metadata;VV=v1.0.0	manual curation	serum
F1806_fuerschj_596	homo sapiens	serum	not applicable	not available	1	F1806_fuerschj_596	proteomic profiling by mass spectrometry	NT=Data-dependent acquisition;AC=PRIDE:0000627	NT=label free sample;AC=MS:1002038	NT=orbitrap fusion;AC=MS:1002416	NT=Carbamidomethyl;AC=UNIMOD:4;TA=C;MT=Fixed	NT=Trypsin;AC=MS:1001251	not available	10 ppm	0.2 Da	dithiothreitol (dtt)	iodoacetamide (iaa)	1	1	F1806_fuerschj_596.raw	ftp://ftp.pride.ebi.ac.uk/pride/data/archive/2021/10/PXD021114/F1806_fuerschj_596.raw	v1.1.0	NT=ms-proteomics;VV=v1.1.0	NT=oncology-metadata;VV=v1.0.0	manual curation	serum
F1806_fuerschj_509	homo sapiens	serum	not applicable	not available	1	F1806_fuerschj_509	proteomic profiling by mass spectrometry	NT=Data-dependent acquisition;AC=PRIDE:0000627	NT=label free sample;AC=MS:1002038	NT=orbitrap fusion;AC=MS:1002416	NT=Carbamidomethyl;AC=UNIMOD:4;TA=C;MT=Fixed	NT=Trypsin;AC=MS:1001251	not available	10 ppm	0.2 Da	dithiothreitol (dtt)	iodoacetamide (iaa)	1	1	F1806_fuerschj_509.raw	ftp://ftp.pride.ebi.ac.uk/pride/data/archive/2021/10/PXD021114/F1806_fuerschj_509.raw	v1.1.0	NT=ms-proteomics;VV=v1.1.0	NT=oncology-metadata;VV=v1.0.0	manual curation	serum
F1911_fuerschj_273	homo sapiens	serum	not applicable	not available	1	F1911_fuerschj_273	proteomic profiling by mass spectrometry	NT=Data-dependent acquisition;AC=PRIDE:0000627	NT=label free sample;AC=MS:1002038	NT=orbitrap fusion;AC=MS:1002416	NT=Carbamidomethyl;AC=UNIMOD:4;TA=C;MT=Fixed	NT=Trypsin;AC=MS:1001251	not available	10 ppm	0.2 Da	dithiothreitol (dtt)	iodoacetamide (iaa)	1	1	F1911_fuerschj_273.raw	ftp://ftp.pride.ebi.ac.uk/pride/data/archive/2021/10/PXD021114/F1911_fuerschj_273.raw	v1.1.0	NT=ms-proteomics;VV=v1.1.0	NT=oncology-metadata;VV=v1.0.0	manual curation	serum
F1911_fuerschj_282	homo sapiens	serum	not applicable	not available	1	F1911_fuerschj_282	proteomic profiling by mass spectrometry	NT=Data-dependent acquisition;AC=PRIDE:0000627	NT=label free sample;AC=MS:1002038	NT=orbitrap fusion;AC=MS:1002416	NT=Carbamidomethyl;AC=UNIMOD:4;TA=C;MT=Fixed	NT=Trypsin;AC=MS:1001251	not available	10 ppm	0.2 Da	dithiothreitol (dtt)	iodoacetamide (iaa)	1	1	F1911_fuerschj_282.raw	ftp://ftp.pride.ebi.ac.uk/pride/data/archive/2021/10/PXD021114/F1911_fuerschj_282.raw	v1.1.0	NT=ms-proteomics;VV=v1.1.0	NT=oncology-metadata;VV=v1.0.0	manual curation	serum
F1806_fuerschj_408	homo sapiens	serum	not applicable	not available	1	F1806_fuerschj_408	proteomic profiling by mass spectrometry	NT=Data-dependent acquisition;AC=PRIDE:0000627	NT=label free sample;AC=MS:1002038	NT=orbitrap fusion;AC=MS:1002416	NT=Carbamidomethyl;AC=UNIMOD:4;TA=C;MT=Fixed	NT=Trypsin;AC=MS:1001251	not available	10 ppm	0.2 Da	dithiothreitol (dtt)	iodoacetamide (iaa)	1	1	F1806_fuerschj_408.raw	ftp://ftp.pride.ebi.ac.uk/pride/data/archive/2021/10/PXD021114/F1806_fuerschj_408.raw	v1.1.0	NT=ms-proteomics;VV=v1.1.0	NT=oncology-metadata;VV=v1.0.0	manual curation	serum
F1806_fuerschj_702	homo sapiens	serum	not applicable	not available	1	F1806_fuerschj_702	proteomic profiling by mass spectrometry	NT=Data-dependent acquisition;AC=PRIDE:0000627	NT=label free sample;AC=MS:1002038	NT=orbitrap fusion;AC=MS:1002416	NT=Carbamidomethyl;AC=UNIMOD:4;TA=C;MT=Fixed	NT=Trypsin;AC=MS:1001251	not available	10 ppm	0.2 Da	dithiothreitol (dtt)	iodoacetamide (iaa)	1	1	F1806_fuerschj_702.raw	ftp://ftp.pride.ebi.ac.uk/pride/data/archive/2021/10/PXD021114/F1806_fuerschj_702.raw	v1.1.0	NT=ms-proteomics;VV=v1.1.0	NT=oncology-metadata;VV=v1.0.0	manual curation	serum
F1804_fuerschj_295	homo sapiens	serum	not applicable	not available	1	F1804_fuerschj_295	proteomic profiling by mass spectrometry	NT=Data-dependent acquisition;AC=PRIDE:0000627	NT=label free sample;AC=MS:1002038	NT=orbitrap fusion;AC=MS:1002416	NT=Carbamidomethyl;AC=UNIMOD:4;TA=C;MT=Fixed	NT=Trypsin;AC=MS:1001251	not available	10 ppm	0.2 Da	dithiothreitol (dtt)	iodoacetamide (iaa)	1	1	F1804_fuerschj_295.raw	ftp://ftp.pride.ebi.ac.uk/pride/data/archive/2021/10/PXD021114/F1804_fuerschj_295.raw	v1.1.0	NT=ms-proteomics;VV=v1.1.0	NT=oncology-metadata;VV=v1.0.0	manual curation	serum
F1806_fuerschj_500	homo sapiens	serum	not applicable	not available	1	F1806_fuerschj_500	proteomic profiling by mass spectrometry	NT=Data-dependent acquisition;AC=PRIDE:0000627	NT=label free sample;AC=MS:1002038	NT=orbitrap fusion;AC=MS:1002416	NT=Carbamidomethyl;AC=UNIMOD:4;TA=C;MT=Fixed	NT=Trypsin;AC=MS:1001251	not available	10 ppm	0.2 Da	dithiothreitol (dtt)	iodoacetamide (iaa)	1	1	F1806_fuerschj_500.raw	ftp://ftp.pride.ebi.ac.uk/pride/data/archive/2021/10/PXD021114/F1806_fuerschj_500.raw	v1.1.0	NT=ms-proteomics;VV=v1.1.0	NT=oncology-metadata;VV=v1.0.0	manual curation	serum
F1806_fuerschj_508	homo sapiens	serum	not applicable	not available	1	F1806_fuerschj_508	proteomic profiling by mass spectrometry	NT=Data-dependent acquisition;AC=PRIDE:0000627	NT=label free sample;AC=MS:1002038	NT=orbitrap fusion;AC=MS:1002416	NT=Carbamidomethyl;AC=UNIMOD:4;TA=C;MT=Fixed	NT=Trypsin;AC=MS:1001251	not available	10 ppm	0.2 Da	dithiothreitol (dtt)	iodoacetamide (iaa)	1	1	F1806_fuerschj_508.raw	ftp://ftp.pride.ebi.ac.uk/pride/data/archive/2021/10/PXD021114/F1806_fuerschj_508.raw	v1.1.0	NT=ms-proteomics;VV=v1.1.0	NT=oncology-metadata;VV=v1.0.0	manual curation	serum
F1804_fuerschj_273	homo sapiens	serum	not applicable	not available	1	F1804_fuerschj_273	proteomic profiling by mass spectrometry	NT=Data-dependent acquisition;AC=PRIDE:0000627	NT=label free sample;AC=MS:1002038	NT=orbitrap fusion;AC=MS:1002416	NT=Carbamidomethyl;AC=UNIMOD:4;TA=C;MT=Fixed	NT=Trypsin;AC=MS:1001251	not available	10 ppm	0.2 Da	dithiothreitol (dtt)	iodoacetamide (iaa)	1	1	F1804_fuerschj_273.raw	ftp://ftp.pride.ebi.ac.uk/pride/data/archive/2021/10/PXD021114/F1804_fuerschj_273.raw	v1.1.0	NT=ms-proteomics;VV=v1.1.0	NT=oncology-metadata;VV=v1.0.0	manual curation	serum
F1901_fuerschj_026	homo sapiens	serum	not applicable	not available	1	F1901_fuerschj_026	proteomic profiling by mass spectrometry	NT=Data-dependent acquisition;AC=PRIDE:0000627	NT=label free sample;AC=MS:1002038	NT=orbitrap fusion;AC=MS:1002416	NT=Carbamidomethyl;AC=UNIMOD:4;TA=C;MT=Fixed	NT=Trypsin;AC=MS:1001251	not available	10 ppm	0.2 Da	dithiothreitol (dtt)	iodoacetamide (iaa)	1	1	F1901_fuerschj_026.raw	ftp://ftp.pride.ebi.ac.uk/pride/data/archive/2021/10/PXD021114/F1901_fuerschj_026.raw	v1.1.0	NT=ms-proteomics;VV=v1.1.0	NT=oncology-metadata;VV=v1.0.0	manual curation	serum
F1806_fuerschj_612	homo sapiens	serum	not applicable	not available	1	F1806_fuerschj_612	proteomic profiling by mass spectrometry	NT=Data-dependent acquisition;AC=PRIDE:0000627	NT=label free sample;AC=MS:1002038	NT=orbitrap fusion;AC=MS:1002416	NT=Carbamidomethyl;AC=UNIMOD:4;TA=C;MT=Fixed	NT=Trypsin;AC=MS:1001251	not available	10 ppm	0.2 Da	dithiothreitol (dtt)	iodoacetamide (iaa)	1	1	F1806_fuerschj_612.raw	ftp://ftp.pride.ebi.ac.uk/pride/data/archive/2021/10/PXD021114/F1806_fuerschj_612.raw	v1.1.0	NT=ms-proteomics;VV=v1.1.0	NT=oncology-metadata;VV=v1.0.0	manual curation	serum
F1806_fuerschj_421	homo sapiens	serum	not applicable	not available	1	F1806_fuerschj_421	proteomic profiling by mass spectrometry	NT=Data-dependent acquisition;AC=PRIDE:0000627	NT=label free sample;AC=MS:1002038	NT=orbitrap fusion;AC=MS:1002416	NT=Carbamidomethyl;AC=UNIMOD:4;TA=C;MT=Fixed	NT=Trypsin;AC=MS:1001251	not available	10 ppm	0.2 Da	dithiothreitol (dtt)	iodoacetamide (iaa)	1	1	F1806_fuerschj_421.raw	ftp://ftp.pride.ebi.ac.uk/pride/data/archive/2021/10/PXD021114/F1806_fuerschj_421.raw	v1.1.0	NT=ms-proteomics;VV=v1.1.0	NT=oncology-metadata;VV=v1.0.0	manual curation	serum
F1806_fuerschj_475	homo sapiens	serum	not applicable	not available	1	F1806_fuerschj_475	proteomic profiling by mass spectrometry	NT=Data-dependent acquisition;AC=PRIDE:0000627	NT=label free sample;AC=MS:1002038	NT=orbitrap fusion;AC=MS:1002416	NT=Carbamidomethyl;AC=UNIMOD:4;TA=C;MT=Fixed	NT=Trypsin;AC=MS:1001251	not available	10 ppm	0.2 Da	dithiothreitol (dtt)	iodoacetamide (iaa)	1	1	F1806_fuerschj_475.raw	ftp://ftp.pride.ebi.ac.uk/pride/data/archive/2021/10/PXD021114/F1806_fuerschj_475.raw	v1.1.0	NT=ms-proteomics;VV=v1.1.0	NT=oncology-metadata;VV=v1.0.0	manual curation	serum
F1804_fuerschj_296	homo sapiens	serum	not applicable	not available	1	F1804_fuerschj_296	proteomic profiling by mass spectrometry	NT=Data-dependent acquisition;AC=PRIDE:0000627	NT=label free sample;AC=MS:1002038	NT=orbitrap fusion;AC=MS:1002416	NT=Carbamidomethyl;AC=UNIMOD:4;TA=C;MT=Fixed	NT=Trypsin;AC=MS:1001251	not available	10 ppm	0.2 Da	dithiothreitol (dtt)	iodoacetamide (iaa)	1	1	F1804_fuerschj_296.raw	ftp://ftp.pride.ebi.ac.uk/pride/data/archive/2021/10/PXD021114/F1804_fuerschj_296.raw	v1.1.0	NT=ms-proteomics;VV=v1.1.0	NT=oncology-metadata;VV=v1.0.0	manual curation	serum
F1804_fuerschj_384	homo sapiens	serum	not applicable	not available	1	F1804_fuerschj_384	proteomic profiling by mass spectrometry	NT=Data-dependent acquisition;AC=PRIDE:0000627	NT=label free sample;AC=MS:1002038	NT=orbitrap fusion;AC=MS:1002416	NT=Carbamidomethyl;AC=UNIMOD:4;TA=C;MT=Fixed	NT=Trypsin;AC=MS:1001251	not available	10 ppm	0.2 Da	dithiothreitol (dtt)	iodoacetamide (iaa)	1	1	F1804_fuerschj_384.raw	ftp://ftp.pride.ebi.ac.uk/pride/data/archive/2021/10/PXD021114/F1804_fuerschj_384.raw	v1.1.0	NT=ms-proteomics;VV=v1.1.0	NT=oncology-metadata;VV=v1.0.0	manual curation	serum
F1806_fuerschj_438	homo sapiens	serum	not applicable	not available	1	F1806_fuerschj_438	proteomic profiling by mass spectrometry	NT=Data-dependent acquisition;AC=PRIDE:0000627	NT=label free sample;AC=MS:1002038	NT=orbitrap fusion;AC=MS:1002416	NT=Carbamidomethyl;AC=UNIMOD:4;TA=C;MT=Fixed	NT=Trypsin;AC=MS:1001251	not available	10 ppm	0.2 Da	dithiothreitol (dtt)	iodoacetamide (iaa)	1	1	F1806_fuerschj_438.raw	ftp://ftp.pride.ebi.ac.uk/pride/data/archive/2021/10/PXD021114/F1806_fuerschj_438.raw	v1.1.0	NT=ms-proteomics;VV=v1.1.0	NT=oncology-metadata;VV=v1.0.0	manual curation	serum
F1912_fuerschj_426	homo sapiens	serum	not applicable	not available	1	F1912_fuerschj_426	proteomic profiling by mass spectrometry	NT=Data-dependent acquisition;AC=PRIDE:0000627	NT=label free sample;AC=MS:1002038	NT=orbitrap fusion;AC=MS:1002416	NT=Carbamidomethyl;AC=UNIMOD:4;TA=C;MT=Fixed	NT=Trypsin;AC=MS:1001251	not available	10 ppm	0.2 Da	dithiothreitol (dtt)	iodoacetamide (iaa)	1	1	F1912_fuerschj_426.raw	ftp://ftp.pride.ebi.ac.uk/pride/data/archive/2021/10/PXD021114/F1912_fuerschj_426.raw	v1.1.0	NT=ms-proteomics;VV=v1.1.0	NT=oncology-metadata;VV=v1.0.0	manual curation	serum
F1911_fuerschj_203	homo sapiens	serum	not applicable	not available	1	F1911_fuerschj_203	proteomic profiling by mass spectrometry	NT=Data-dependent acquisition;AC=PRIDE:0000627	NT=label free sample;AC=MS:1002038	NT=orbitrap fusion;AC=MS:1002416	NT=Carbamidomethyl;AC=UNIMOD:4;TA=C;MT=Fixed	NT=Trypsin;AC=MS:1001251	not available	10 ppm	0.2 Da	dithiothreitol (dtt)	iodoacetamide (iaa)	1	1	F1911_fuerschj_203.raw	ftp://ftp.pride.ebi.ac.uk/pride/data/archive/2021/10/PXD021114/F1911_fuerschj_203.raw	v1.1.0	NT=ms-proteomics;VV=v1.1.0	NT=oncology-metadata;VV=v1.0.0	manual curation	serum
F1806_fuerschj_424	homo sapiens	serum	not applicable	not available	1	F1806_fuerschj_424	proteomic profiling by mass spectrometry	NT=Data-dependent acquisition;AC=PRIDE:0000627	NT=label free sample;AC=MS:1002038	NT=orbitrap fusion;AC=MS:1002416	NT=Carbamidomethyl;AC=UNIMOD:4;TA=C;MT=Fixed	NT=Trypsin;AC=MS:1001251	not available	10 ppm	0.2 Da	dithiothreitol (dtt)	iodoacetamide (iaa)	1	1	F1806_fuerschj_424.raw	ftp://ftp.pride.ebi.ac.uk/pride/data/archive/2021/10/PXD021114/F1806_fuerschj_424.raw	v1.1.0	NT=ms-proteomics;VV=v1.1.0	NT=oncology-metadata;VV=v1.0.0	manual curation	serum
F1806_fuerschj_518	homo sapiens	serum	not applicable	not available	1	F1806_fuerschj_518	proteomic profiling by mass spectrometry	NT=Data-dependent acquisition;AC=PRIDE:0000627	NT=label free sample;AC=MS:1002038	NT=orbitrap fusion;AC=MS:1002416	NT=Carbamidomethyl;AC=UNIMOD:4;TA=C;MT=Fixed	NT=Trypsin;AC=MS:1001251	not available	10 ppm	0.2 Da	dithiothreitol (dtt)	iodoacetamide (iaa)	1	1	F1806_fuerschj_518.raw	ftp://ftp.pride.ebi.ac.uk/pride/data/archive/2021/10/PXD021114/F1806_fuerschj_518.raw	v1.1.0	NT=ms-proteomics;VV=v1.1.0	NT=oncology-metadata;VV=v1.0.0	manual curation	serum
F1806_fuerschj_406	homo sapiens	serum	not applicable	not available	1	F1806_fuerschj_406	proteomic profiling by mass spectrometry	NT=Data-dependent acquisition;AC=PRIDE:0000627	NT=label free sample;AC=MS:1002038	NT=orbitrap fusion;AC=MS:1002416	NT=Carbamidomethyl;AC=UNIMOD:4;TA=C;MT=Fixed	NT=Trypsin;AC=MS:1001251	not available	10 ppm	0.2 Da	dithiothreitol (dtt)	iodoacetamide (iaa)	1	1	F1806_fuerschj_406.raw	ftp://ftp.pride.ebi.ac.uk/pride/data/archive/2021/10/PXD021114/F1806_fuerschj_406.raw	v1.1.0	NT=ms-proteomics;VV=v1.1.0	NT=oncology-metadata;VV=v1.0.0	manual curation	serum
F1912_fuerschj_489	homo sapiens	serum	not applicable	not available	1	F1912_fuerschj_489	proteomic profiling by mass spectrometry	NT=Data-dependent acquisition;AC=PRIDE:0000627	NT=label free sample;AC=MS:1002038	NT=orbitrap fusion;AC=MS:1002416	NT=Carbamidomethyl;AC=UNIMOD:4;TA=C;MT=Fixed	NT=Trypsin;AC=MS:1001251	not available	10 ppm	0.2 Da	dithiothreitol (dtt)	iodoacetamide (iaa)	1	1	F1912_fuerschj_489.raw	ftp://ftp.pride.ebi.ac.uk/pride/data/archive/2021/10/PXD021114/F1912_fuerschj_489.raw	v1.1.0	NT=ms-proteomics;VV=v1.1.0	NT=oncology-metadata;VV=v1.0.0	manual curation	serum
F1911_fuerschj_275	homo sapiens	serum	not applicable	not available	1	F1911_fuerschj_275	proteomic profiling by mass spectrometry	NT=Data-dependent acquisition;AC=PRIDE:0000627	NT=label free sample;AC=MS:1002038	NT=orbitrap fusion;AC=MS:1002416	NT=Carbamidomethyl;AC=UNIMOD:4;TA=C;MT=Fixed	NT=Trypsin;AC=MS:1001251	not available	10 ppm	0.2 Da	dithiothreitol (dtt)	iodoacetamide (iaa)	1	1	F1911_fuerschj_275.raw	ftp://ftp.pride.ebi.ac.uk/pride/data/archive/2021/10/PXD021114/F1911_fuerschj_275.raw	v1.1.0	NT=ms-proteomics;VV=v1.1.0	NT=oncology-metadata;VV=v1.0.0	manual curation	serum
F1804_fuerschj_268	homo sapiens	serum	not applicable	not available	1	F1804_fuerschj_268	proteomic profiling by mass spectrometry	NT=Data-dependent acquisition;AC=PRIDE:0000627	NT=label free sample;AC=MS:1002038	NT=orbitrap fusion;AC=MS:1002416	NT=Carbamidomethyl;AC=UNIMOD:4;TA=C;MT=Fixed	NT=Trypsin;AC=MS:1001251	not available	10 ppm	0.2 Da	dithiothreitol (dtt)	iodoacetamide (iaa)	1	1	F1804_fuerschj_268.raw	ftp://ftp.pride.ebi.ac.uk/pride/data/archive/2021/10/PXD021114/F1804_fuerschj_268.raw	v1.1.0	NT=ms-proteomics;VV=v1.1.0	NT=oncology-metadata;VV=v1.0.0	manual curation	serum
F1911_fuerschj_200	homo sapiens	serum	not applicable	not available	1	F1911_fuerschj_200	proteomic profiling by mass spectrometry	NT=Data-dependent acquisition;AC=PRIDE:0000627	NT=label free sample;AC=MS:1002038	NT=orbitrap fusion;AC=MS:1002416	NT=Carbamidomethyl;AC=UNIMOD:4;TA=C;MT=Fixed	NT=Trypsin;AC=MS:1001251	not available	10 ppm	0.2 Da	dithiothreitol (dtt)	iodoacetamide (iaa)	1	1	F1911_fuerschj_200.raw	ftp://ftp.pride.ebi.ac.uk/pride/data/archive/2021/10/PXD021114/F1911_fuerschj_200.raw	v1.1.0	NT=ms-proteomics;VV=v1.1.0	NT=oncology-metadata;VV=v1.0.0	manual curation	serum
F1806_fuerschj_710	homo sapiens	serum	not applicable	not available	1	F1806_fuerschj_710	proteomic profiling by mass spectrometry	NT=Data-dependent acquisition;AC=PRIDE:0000627	NT=label free sample;AC=MS:1002038	NT=orbitrap fusion;AC=MS:1002416	NT=Carbamidomethyl;AC=UNIMOD:4;TA=C;MT=Fixed	NT=Trypsin;AC=MS:1001251	not available	10 ppm	0.2 Da	dithiothreitol (dtt)	iodoacetamide (iaa)	1	1	F1806_fuerschj_710.raw	ftp://ftp.pride.ebi.ac.uk/pride/data/archive/2021/10/PXD021114/F1806_fuerschj_710.raw	v1.1.0	NT=ms-proteomics;VV=v1.1.0	NT=oncology-metadata;VV=v1.0.0	manual curation	serum
F1806_fuerschj_405	homo sapiens	serum	not applicable	not available	1	F1806_fuerschj_405	proteomic profiling by mass spectrometry	NT=Data-dependent acquisition;AC=PRIDE:0000627	NT=label free sample;AC=MS:1002038	NT=orbitrap fusion;AC=MS:1002416	NT=Carbamidomethyl;AC=UNIMOD:4;TA=C;MT=Fixed	NT=Trypsin;AC=MS:1001251	not available	10 ppm	0.2 Da	dithiothreitol (dtt)	iodoacetamide (iaa)	1	1	F1806_fuerschj_405.raw	ftp://ftp.pride.ebi.ac.uk/pride/data/archive/2021/10/PXD021114/F1806_fuerschj_405.raw	v1.1.0	NT=ms-proteomics;VV=v1.1.0	NT=oncology-metadata;VV=v1.0.0	manual curation	serum
F1901_fuerschj_043	homo sapiens	serum	not applicable	not available	1	F1901_fuerschj_043	proteomic profiling by mass spectrometry	NT=Data-dependent acquisition;AC=PRIDE:0000627	NT=label free sample;AC=MS:1002038	NT=orbitrap fusion;AC=MS:1002416	NT=Carbamidomethyl;AC=UNIMOD:4;TA=C;MT=Fixed	NT=Trypsin;AC=MS:1001251	not available	10 ppm	0.2 Da	dithiothreitol (dtt)	iodoacetamide (iaa)	1	1	F1901_fuerschj_043.raw	ftp://ftp.pride.ebi.ac.uk/pride/data/archive/2021/10/PXD021114/F1901_fuerschj_043.raw	v1.1.0	NT=ms-proteomics;VV=v1.1.0	NT=oncology-metadata;VV=v1.0.0	manual curation	serum
F1907_fuerschj_282	homo sapiens	serum	not applicable	not available	1	F1907_fuerschj_282	proteomic profiling by mass spectrometry	NT=Data-dependent acquisition;AC=PRIDE:0000627	NT=label free sample;AC=MS:1002038	NT=orbitrap fusion;AC=MS:1002416	NT=Carbamidomethyl;AC=UNIMOD:4;TA=C;MT=Fixed	NT=Trypsin;AC=MS:1001251	not available	10 ppm	0.2 Da	dithiothreitol (dtt)	iodoacetamide (iaa)	1	1	F1907_fuerschj_282.raw	ftp://ftp.pride.ebi.ac.uk/pride/data/archive/2021/10/PXD021114/F1907_fuerschj_282.raw	v1.1.0	NT=ms-proteomics;VV=v1.1.0	NT=oncology-metadata;VV=v1.0.0	manual curation	serum
F1806_fuerschj_539	homo sapiens	serum	not applicable	not available	1	F1806_fuerschj_539	proteomic profiling by mass spectrometry	NT=Data-dependent acquisition;AC=PRIDE:0000627	NT=label free sample;AC=MS:1002038	NT=orbitrap fusion;AC=MS:1002416	NT=Carbamidomethyl;AC=UNIMOD:4;TA=C;MT=Fixed	NT=Trypsin;AC=MS:1001251	not available	10 ppm	0.2 Da	dithiothreitol (dtt)	iodoacetamide (iaa)	1	1	F1806_fuerschj_539.raw	ftp://ftp.pride.ebi.ac.uk/pride/data/archive/2021/10/PXD021114/F1806_fuerschj_539.raw	v1.1.0	NT=ms-proteomics;VV=v1.1.0	NT=oncology-metadata;VV=v1.0.0	manual curation	serum
F1901_fuerschj_062	homo sapiens	serum	not applicable	not available	1	F1901_fuerschj_062	proteomic profiling by mass spectrometry	NT=Data-dependent acquisition;AC=PRIDE:0000627	NT=label free sample;AC=MS:1002038	NT=orbitrap fusion;AC=MS:1002416	NT=Carbamidomethyl;AC=UNIMOD:4;TA=C;MT=Fixed	NT=Trypsin;AC=MS:1001251	not available	10 ppm	0.2 Da	dithiothreitol (dtt)	iodoacetamide (iaa)	1	1	F1901_fuerschj_062.raw	ftp://ftp.pride.ebi.ac.uk/pride/data/archive/2021/10/PXD021114/F1901_fuerschj_062.raw	v1.1.0	NT=ms-proteomics;VV=v1.1.0	NT=oncology-metadata;VV=v1.0.0	manual curation	serum
F1806_fuerschj_445	homo sapiens	serum	not applicable	not available	1	F1806_fuerschj_445	proteomic profiling by mass spectrometry	NT=Data-dependent acquisition;AC=PRIDE:0000627	NT=label free sample;AC=MS:1002038	NT=orbitrap fusion;AC=MS:1002416	NT=Carbamidomethyl;AC=UNIMOD:4;TA=C;MT=Fixed	NT=Trypsin;AC=MS:1001251	not available	10 ppm	0.2 Da	dithiothreitol (dtt)	iodoacetamide (iaa)	1	1	F1806_fuerschj_445.raw	ftp://ftp.pride.ebi.ac.uk/pride/data/archive/2021/10/PXD021114/F1806_fuerschj_445.raw	v1.1.0	NT=ms-proteomics;VV=v1.1.0	NT=oncology-metadata;VV=v1.0.0	manual curation	serum
F1804_fuerschj_368	homo sapiens	serum	not applicable	not available	1	F1804_fuerschj_368	proteomic profiling by mass spectrometry	NT=Data-dependent acquisition;AC=PRIDE:0000627	NT=label free sample;AC=MS:1002038	NT=orbitrap fusion;AC=MS:1002416	NT=Carbamidomethyl;AC=UNIMOD:4;TA=C;MT=Fixed	NT=Trypsin;AC=MS:1001251	not available	10 ppm	0.2 Da	dithiothreitol (dtt)	iodoacetamide (iaa)	1	1	F1804_fuerschj_368.raw	ftp://ftp.pride.ebi.ac.uk/pride/data/archive/2021/10/PXD021114/F1804_fuerschj_368.raw	v1.1.0	NT=ms-proteomics;VV=v1.1.0	NT=oncology-metadata;VV=v1.0.0	manual curation	serum
F1901_fuerschj_052	homo sapiens	serum	not applicable	not available	1	F1901_fuerschj_052	proteomic profiling by mass spectrometry	NT=Data-dependent acquisition;AC=PRIDE:0000627	NT=label free sample;AC=MS:1002038	NT=orbitrap fusion;AC=MS:1002416	NT=Carbamidomethyl;AC=UNIMOD:4;TA=C;MT=Fixed	NT=Trypsin;AC=MS:1001251	not available	10 ppm	0.2 Da	dithiothreitol (dtt)	iodoacetamide (iaa)	1	1	F1901_fuerschj_052.raw	ftp://ftp.pride.ebi.ac.uk/pride/data/archive/2021/10/PXD021114/F1901_fuerschj_052.raw	v1.1.0	NT=ms-proteomics;VV=v1.1.0	NT=oncology-metadata;VV=v1.0.0	manual curation	serum
F1911_fuerschj_228	homo sapiens	serum	not applicable	not available	1	F1911_fuerschj_228	proteomic profiling by mass spectrometry	NT=Data-dependent acquisition;AC=PRIDE:0000627	NT=label free sample;AC=MS:1002038	NT=orbitrap fusion;AC=MS:1002416	NT=Carbamidomethyl;AC=UNIMOD:4;TA=C;MT=Fixed	NT=Trypsin;AC=MS:1001251	not available	10 ppm	0.2 Da	dithiothreitol (dtt)	iodoacetamide (iaa)	1	1	F1911_fuerschj_228.raw	ftp://ftp.pride.ebi.ac.uk/pride/data/archive/2021/10/PXD021114/F1911_fuerschj_228.raw	v1.1.0	NT=ms-proteomics;VV=v1.1.0	NT=oncology-metadata;VV=v1.0.0	manual curation	serum
F1901_fuerschj_032	homo sapiens	serum	not applicable	not available	1	F1901_fuerschj_032	proteomic profiling by mass spectrometry	NT=Data-dependent acquisition;AC=PRIDE:0000627	NT=label free sample;AC=MS:1002038	NT=orbitrap fusion;AC=MS:1002416	NT=Carbamidomethyl;AC=UNIMOD:4;TA=C;MT=Fixed	NT=Trypsin;AC=MS:1001251	not available	10 ppm	0.2 Da	dithiothreitol (dtt)	iodoacetamide (iaa)	1	1	F1901_fuerschj_032.raw	ftp://ftp.pride.ebi.ac.uk/pride/data/archive/2021/10/PXD021114/F1901_fuerschj_032.raw	v1.1.0	NT=ms-proteomics;VV=v1.1.0	NT=oncology-metadata;VV=v1.0.0	manual curation	serum
F1912_fuerschj_442	homo sapiens	serum	not applicable	not available	1	F1912_fuerschj_442	proteomic profiling by mass spectrometry	NT=Data-dependent acquisition;AC=PRIDE:0000627	NT=label free sample;AC=MS:1002038	NT=orbitrap fusion;AC=MS:1002416	NT=Carbamidomethyl;AC=UNIMOD:4;TA=C;MT=Fixed	NT=Trypsin;AC=MS:1001251	not available	10 ppm	0.2 Da	dithiothreitol (dtt)	iodoacetamide (iaa)	1	1	F1912_fuerschj_442.raw	ftp://ftp.pride.ebi.ac.uk/pride/data/archive/2021/10/PXD021114/F1912_fuerschj_442.raw	v1.1.0	NT=ms-proteomics;VV=v1.1.0	NT=oncology-metadata;VV=v1.0.0	manual curation	serum
F1912_fuerschj_411	homo sapiens	serum	not applicable	not available	1	F1912_fuerschj_411	proteomic profiling by mass spectrometry	NT=Data-dependent acquisition;AC=PRIDE:0000627	NT=label free sample;AC=MS:1002038	NT=orbitrap fusion;AC=MS:1002416	NT=Carbamidomethyl;AC=UNIMOD:4;TA=C;MT=Fixed	NT=Trypsin;AC=MS:1001251	not available	10 ppm	0.2 Da	dithiothreitol (dtt)	iodoacetamide (iaa)	1	1	F1912_fuerschj_411.raw	ftp://ftp.pride.ebi.ac.uk/pride/data/archive/2021/10/PXD021114/F1912_fuerschj_411.raw	v1.1.0	NT=ms-proteomics;VV=v1.1.0	NT=oncology-metadata;VV=v1.0.0	manual curation	serum
F1806_fuerschj_476	homo sapiens	serum	not applicable	not available	1	F1806_fuerschj_476	proteomic profiling by mass spectrometry	NT=Data-dependent acquisition;AC=PRIDE:0000627	NT=label free sample;AC=MS:1002038	NT=orbitrap fusion;AC=MS:1002416	NT=Carbamidomethyl;AC=UNIMOD:4;TA=C;MT=Fixed	NT=Trypsin;AC=MS:1001251	not available	10 ppm	0.2 Da	dithiothreitol (dtt)	iodoacetamide (iaa)	1	1	F1806_fuerschj_476.raw	ftp://ftp.pride.ebi.ac.uk/pride/data/archive/2021/10/PXD021114/F1806_fuerschj_476.raw	v1.1.0	NT=ms-proteomics;VV=v1.1.0	NT=oncology-metadata;VV=v1.0.0	manual curation	serum
F1901_fuerschj_029	homo sapiens	serum	not applicable	not available	1	F1901_fuerschj_029	proteomic profiling by mass spectrometry	NT=Data-dependent acquisition;AC=PRIDE:0000627	NT=label free sample;AC=MS:1002038	NT=orbitrap fusion;AC=MS:1002416	NT=Carbamidomethyl;AC=UNIMOD:4;TA=C;MT=Fixed	NT=Trypsin;AC=MS:1001251	not available	10 ppm	0.2 Da	dithiothreitol (dtt)	iodoacetamide (iaa)	1	1	F1901_fuerschj_029.raw	ftp://ftp.pride.ebi.ac.uk/pride/data/archive/2021/10/PXD021114/F1901_fuerschj_029.raw	v1.1.0	NT=ms-proteomics;VV=v1.1.0	NT=oncology-metadata;VV=v1.0.0	manual curation	serum
F1912_fuerschj_427	homo sapiens	serum	not applicable	not available	1	F1912_fuerschj_427	proteomic profiling by mass spectrometry	NT=Data-dependent acquisition;AC=PRIDE:0000627	NT=label free sample;AC=MS:1002038	NT=orbitrap fusion;AC=MS:1002416	NT=Carbamidomethyl;AC=UNIMOD:4;TA=C;MT=Fixed	NT=Trypsin;AC=MS:1001251	not available	10 ppm	0.2 Da	dithiothreitol (dtt)	iodoacetamide (iaa)	1	1	F1912_fuerschj_427.raw	ftp://ftp.pride.ebi.ac.uk/pride/data/archive/2021/10/PXD021114/F1912_fuerschj_427.raw	v1.1.0	NT=ms-proteomics;VV=v1.1.0	NT=oncology-metadata;VV=v1.0.0	manual curation	serum
F1806_fuerschj_582	homo sapiens	serum	not applicable	not available	1	F1806_fuerschj_582	proteomic profiling by mass spectrometry	NT=Data-dependent acquisition;AC=PRIDE:0000627	NT=label free sample;AC=MS:1002038	NT=orbitrap fusion;AC=MS:1002416	NT=Carbamidomethyl;AC=UNIMOD:4;TA=C;MT=Fixed	NT=Trypsin;AC=MS:1001251	not available	10 ppm	0.2 Da	dithiothreitol (dtt)	iodoacetamide (iaa)	1	1	F1806_fuerschj_582.raw	ftp://ftp.pride.ebi.ac.uk/pride/data/archive/2021/10/PXD021114/F1806_fuerschj_582.raw	v1.1.0	NT=ms-proteomics;VV=v1.1.0	NT=oncology-metadata;VV=v1.0.0	manual curation	serum
F1911_fuerschj_201	homo sapiens	serum	not applicable	not available	1	F1911_fuerschj_201	proteomic profiling by mass spectrometry	NT=Data-dependent acquisition;AC=PRIDE:0000627	NT=label free sample;AC=MS:1002038	NT=orbitrap fusion;AC=MS:1002416	NT=Carbamidomethyl;AC=UNIMOD:4;TA=C;MT=Fixed	NT=Trypsin;AC=MS:1001251	not available	10 ppm	0.2 Da	dithiothreitol (dtt)	iodoacetamide (iaa)	1	1	F1911_fuerschj_201.raw	ftp://ftp.pride.ebi.ac.uk/pride/data/archive/2021/10/PXD021114/F1911_fuerschj_201.raw	v1.1.0	NT=ms-proteomics;VV=v1.1.0	NT=oncology-metadata;VV=v1.0.0	manual curation	serum
F1804_fuerschj_356	homo sapiens	serum	not applicable	not available	1	F1804_fuerschj_356	proteomic profiling by mass spectrometry	NT=Data-dependent acquisition;AC=PRIDE:0000627	NT=label free sample;AC=MS:1002038	NT=orbitrap fusion;AC=MS:1002416	NT=Carbamidomethyl;AC=UNIMOD:4;TA=C;MT=Fixed	NT=Trypsin;AC=MS:1001251	not available	10 ppm	0.2 Da	dithiothreitol (dtt)	iodoacetamide (iaa)	1	1	F1804_fuerschj_356.raw	ftp://ftp.pride.ebi.ac.uk/pride/data/archive/2021/10/PXD021114/F1804_fuerschj_356.raw	v1.1.0	NT=ms-proteomics;VV=v1.1.0	NT=oncology-metadata;VV=v1.0.0	manual curation	serum
F1912_fuerschj_403	homo sapiens	serum	not applicable	not available	1	F1912_fuerschj_403	proteomic profiling by mass spectrometry	NT=Data-dependent acquisition;AC=PRIDE:0000627	NT=label free sample;AC=MS:1002038	NT=orbitrap fusion;AC=MS:1002416	NT=Carbamidomethyl;AC=UNIMOD:4;TA=C;MT=Fixed	NT=Trypsin;AC=MS:1001251	not available	10 ppm	0.2 Da	dithiothreitol (dtt)	iodoacetamide (iaa)	1	1	F1912_fuerschj_403.raw	ftp://ftp.pride.ebi.ac.uk/pride/data/archive/2021/10/PXD021114/F1912_fuerschj_403.raw	v1.1.0	NT=ms-proteomics;VV=v1.1.0	NT=oncology-metadata;VV=v1.0.0	manual curation	serum
F1806_fuerschj_599	homo sapiens	serum	not applicable	not available	1	F1806_fuerschj_599	proteomic profiling by mass spectrometry	NT=Data-dependent acquisition;AC=PRIDE:0000627	NT=label free sample;AC=MS:1002038	NT=orbitrap fusion;AC=MS:1002416	NT=Carbamidomethyl;AC=UNIMOD:4;TA=C;MT=Fixed	NT=Trypsin;AC=MS:1001251	not available	10 ppm	0.2 Da	dithiothreitol (dtt)	iodoacetamide (iaa)	1	1	F1806_fuerschj_599.raw	ftp://ftp.pride.ebi.ac.uk/pride/data/archive/2021/10/PXD021114/F1806_fuerschj_599.raw	v1.1.0	NT=ms-proteomics;VV=v1.1.0	NT=oncology-metadata;VV=v1.0.0	manual curation	serum
F1806_fuerschj_636	homo sapiens	serum	not applicable	not available	1	F1806_fuerschj_636	proteomic profiling by mass spectrometry	NT=Data-dependent acquisition;AC=PRIDE:0000627	NT=label free sample;AC=MS:1002038	NT=orbitrap fusion;AC=MS:1002416	NT=Carbamidomethyl;AC=UNIMOD:4;TA=C;MT=Fixed	NT=Trypsin;AC=MS:1001251	not available	10 ppm	0.2 Da	dithiothreitol (dtt)	iodoacetamide (iaa)	1	1	F1806_fuerschj_636.raw	ftp://ftp.pride.ebi.ac.uk/pride/data/archive/2021/10/PXD021114/F1806_fuerschj_636.raw	v1.1.0	NT=ms-proteomics;VV=v1.1.0	NT=oncology-metadata;VV=v1.0.0	manual curation	serum
F1907_fuerschj_293	homo sapiens	serum	not applicable	not available	1	F1907_fuerschj_293	proteomic profiling by mass spectrometry	NT=Data-dependent acquisition;AC=PRIDE:0000627	NT=label free sample;AC=MS:1002038	NT=orbitrap fusion;AC=MS:1002416	NT=Carbamidomethyl;AC=UNIMOD:4;TA=C;MT=Fixed	NT=Trypsin;AC=MS:1001251	not available	10 ppm	0.2 Da	dithiothreitol (dtt)	iodoacetamide (iaa)	1	1	F1907_fuerschj_293.raw	ftp://ftp.pride.ebi.ac.uk/pride/data/archive/2021/10/PXD021114/F1907_fuerschj_293.raw	v1.1.0	NT=ms-proteomics;VV=v1.1.0	NT=oncology-metadata;VV=v1.0.0	manual curation	serum
F1912_fuerschj_439	homo sapiens	serum	not applicable	not available	1	F1912_fuerschj_439	proteomic profiling by mass spectrometry	NT=Data-dependent acquisition;AC=PRIDE:0000627	NT=label free sample;AC=MS:1002038	NT=orbitrap fusion;AC=MS:1002416	NT=Carbamidomethyl;AC=UNIMOD:4;TA=C;MT=Fixed	NT=Trypsin;AC=MS:1001251	not available	10 ppm	0.2 Da	dithiothreitol (dtt)	iodoacetamide (iaa)	1	1	F1912_fuerschj_439.raw	ftp://ftp.pride.ebi.ac.uk/pride/data/archive/2021/10/PXD021114/F1912_fuerschj_439.raw	v1.1.0	NT=ms-proteomics;VV=v1.1.0	NT=oncology-metadata;VV=v1.0.0	manual curation	serum
F1804_fuerschj_364	homo sapiens	serum	not applicable	not available	1	F1804_fuerschj_364	proteomic profiling by mass spectrometry	NT=Data-dependent acquisition;AC=PRIDE:0000627	NT=label free sample;AC=MS:1002038	NT=orbitrap fusion;AC=MS:1002416	NT=Carbamidomethyl;AC=UNIMOD:4;TA=C;MT=Fixed	NT=Trypsin;AC=MS:1001251	not available	10 ppm	0.2 Da	dithiothreitol (dtt)	iodoacetamide (iaa)	1	1	F1804_fuerschj_364.raw	ftp://ftp.pride.ebi.ac.uk/pride/data/archive/2021/10/PXD021114/F1804_fuerschj_364.raw	v1.1.0	NT=ms-proteomics;VV=v1.1.0	NT=oncology-metadata;VV=v1.0.0	manual curation	serum
F1806_fuerschj_703	homo sapiens	serum	not applicable	not available	1	F1806_fuerschj_703	proteomic profiling by mass spectrometry	NT=Data-dependent acquisition;AC=PRIDE:0000627	NT=label free sample;AC=MS:1002038	NT=orbitrap fusion;AC=MS:1002416	NT=Carbamidomethyl;AC=UNIMOD:4;TA=C;MT=Fixed	NT=Trypsin;AC=MS:1001251	not available	10 ppm	0.2 Da	dithiothreitol (dtt)	iodoacetamide (iaa)	1	1	F1806_fuerschj_703.raw	ftp://ftp.pride.ebi.ac.uk/pride/data/archive/2021/10/PXD021114/F1806_fuerschj_703.raw	v1.1.0	NT=ms-proteomics;VV=v1.1.0	NT=oncology-metadata;VV=v1.0.0	manual curation	serum
F1804_fuerschj_281	homo sapiens	serum	not applicable	not available	1	F1804_fuerschj_281	proteomic profiling by mass spectrometry	NT=Data-dependent acquisition;AC=PRIDE:0000627	NT=label free sample;AC=MS:1002038	NT=orbitrap fusion;AC=MS:1002416	NT=Carbamidomethyl;AC=UNIMOD:4;TA=C;MT=Fixed	NT=Trypsin;AC=MS:1001251	not available	10 ppm	0.2 Da	dithiothreitol (dtt)	iodoacetamide (iaa)	1	1	F1804_fuerschj_281.raw	ftp://ftp.pride.ebi.ac.uk/pride/data/archive/2021/10/PXD021114/F1804_fuerschj_281.raw	v1.1.0	NT=ms-proteomics;VV=v1.1.0	NT=oncology-metadata;VV=v1.0.0	manual curation	serum
F1806_fuerschj_536	homo sapiens	serum	not applicable	not available	1	F1806_fuerschj_536	proteomic profiling by mass spectrometry	NT=Data-dependent acquisition;AC=PRIDE:0000627	NT=label free sample;AC=MS:1002038	NT=orbitrap fusion;AC=MS:1002416	NT=Carbamidomethyl;AC=UNIMOD:4;TA=C;MT=Fixed	NT=Trypsin;AC=MS:1001251	not available	10 ppm	0.2 Da	dithiothreitol (dtt)	iodoacetamide (iaa)	1	1	F1806_fuerschj_536.raw	ftp://ftp.pride.ebi.ac.uk/pride/data/archive/2021/10/PXD021114/F1806_fuerschj_536.raw	v1.1.0	NT=ms-proteomics;VV=v1.1.0	NT=oncology-metadata;VV=v1.0.0	manual curation	serum
F1912_fuerschj_418	homo sapiens	serum	not applicable	not available	1	F1912_fuerschj_418	proteomic profiling by mass spectrometry	NT=Data-dependent acquisition;AC=PRIDE:0000627	NT=label free sample;AC=MS:1002038	NT=orbitrap fusion;AC=MS:1002416	NT=Carbamidomethyl;AC=UNIMOD:4;TA=C;MT=Fixed	NT=Trypsin;AC=MS:1001251	not available	10 ppm	0.2 Da	dithiothreitol (dtt)	iodoacetamide (iaa)	1	1	F1912_fuerschj_418.raw	ftp://ftp.pride.ebi.ac.uk/pride/data/archive/2021/10/PXD021114/F1912_fuerschj_418.raw	v1.1.0	NT=ms-proteomics;VV=v1.1.0	NT=oncology-metadata;VV=v1.0.0	manual curation	serum
F1806_fuerschj_524	homo sapiens	serum	not applicable	not available	1	F1806_fuerschj_524	proteomic profiling by mass spectrometry	NT=Data-dependent acquisition;AC=PRIDE:0000627	NT=label free sample;AC=MS:1002038	NT=orbitrap fusion;AC=MS:1002416	NT=Carbamidomethyl;AC=UNIMOD:4;TA=C;MT=Fixed	NT=Trypsin;AC=MS:1001251	not available	10 ppm	0.2 Da	dithiothreitol (dtt)	iodoacetamide (iaa)	1	1	F1806_fuerschj_524.raw	ftp://ftp.pride.ebi.ac.uk/pride/data/archive/2021/10/PXD021114/F1806_fuerschj_524.raw	v1.1.0	NT=ms-proteomics;VV=v1.1.0	NT=oncology-metadata;VV=v1.0.0	manual curation	serum
F1907_fuerschj_287	homo sapiens	serum	not applicable	not available	1	F1907_fuerschj_287	proteomic profiling by mass spectrometry	NT=Data-dependent acquisition;AC=PRIDE:0000627	NT=label free sample;AC=MS:1002038	NT=orbitrap fusion;AC=MS:1002416	NT=Carbamidomethyl;AC=UNIMOD:4;TA=C;MT=Fixed	NT=Trypsin;AC=MS:1001251	not available	10 ppm	0.2 Da	dithiothreitol (dtt)	iodoacetamide (iaa)	1	1	F1907_fuerschj_287.raw	ftp://ftp.pride.ebi.ac.uk/pride/data/archive/2021/10/PXD021114/F1907_fuerschj_287.raw	v1.1.0	NT=ms-proteomics;VV=v1.1.0	NT=oncology-metadata;VV=v1.0.0	manual curation	serum
F1912_fuerschj_466	homo sapiens	serum	not applicable	not available	1	F1912_fuerschj_466	proteomic profiling by mass spectrometry	NT=Data-dependent acquisition;AC=PRIDE:0000627	NT=label free sample;AC=MS:1002038	NT=orbitrap fusion;AC=MS:1002416	NT=Carbamidomethyl;AC=UNIMOD:4;TA=C;MT=Fixed	NT=Trypsin;AC=MS:1001251	not available	10 ppm	0.2 Da	dithiothreitol (dtt)	iodoacetamide (iaa)	1	1	F1912_fuerschj_466.raw	ftp://ftp.pride.ebi.ac.uk/pride/data/archive/2021/10/PXD021114/F1912_fuerschj_466.raw	v1.1.0	NT=ms-proteomics;VV=v1.1.0	NT=oncology-metadata;VV=v1.0.0	manual curation	serum
F1806_fuerschj_492	homo sapiens	serum	not applicable	not available	1	F1806_fuerschj_492	proteomic profiling by mass spectrometry	NT=Data-dependent acquisition;AC=PRIDE:0000627	NT=label free sample;AC=MS:1002038	NT=orbitrap fusion;AC=MS:1002416	NT=Carbamidomethyl;AC=UNIMOD:4;TA=C;MT=Fixed	NT=Trypsin;AC=MS:1001251	not available	10 ppm	0.2 Da	dithiothreitol (dtt)	iodoacetamide (iaa)	1	1	F1806_fuerschj_492.raw	ftp://ftp.pride.ebi.ac.uk/pride/data/archive/2021/10/PXD021114/F1806_fuerschj_492.raw	v1.1.0	NT=ms-proteomics;VV=v1.1.0	NT=oncology-metadata;VV=v1.0.0	manual curation	serum
F1901_fuerschj_033	homo sapiens	serum	not applicable	not available	1	F1901_fuerschj_033	proteomic profiling by mass spectrometry	NT=Data-dependent acquisition;AC=PRIDE:0000627	NT=label free sample;AC=MS:1002038	NT=orbitrap fusion;AC=MS:1002416	NT=Carbamidomethyl;AC=UNIMOD:4;TA=C;MT=Fixed	NT=Trypsin;AC=MS:1001251	not available	10 ppm	0.2 Da	dithiothreitol (dtt)	iodoacetamide (iaa)	1	1	F1901_fuerschj_033.raw	ftp://ftp.pride.ebi.ac.uk/pride/data/archive/2021/10/PXD021114/F1901_fuerschj_033.raw	v1.1.0	NT=ms-proteomics;VV=v1.1.0	NT=oncology-metadata;VV=v1.0.0	manual curation	serum
F1912_fuerschj_461	homo sapiens	serum	not applicable	not available	1	F1912_fuerschj_461	proteomic profiling by mass spectrometry	NT=Data-dependent acquisition;AC=PRIDE:0000627	NT=label free sample;AC=MS:1002038	NT=orbitrap fusion;AC=MS:1002416	NT=Carbamidomethyl;AC=UNIMOD:4;TA=C;MT=Fixed	NT=Trypsin;AC=MS:1001251	not available	10 ppm	0.2 Da	dithiothreitol (dtt)	iodoacetamide (iaa)	1	1	F1912_fuerschj_461.raw	ftp://ftp.pride.ebi.ac.uk/pride/data/archive/2021/10/PXD021114/F1912_fuerschj_461.raw	v1.1.0	NT=ms-proteomics;VV=v1.1.0	NT=oncology-metadata;VV=v1.0.0	manual curation	serum
F1806_fuerschj_640	homo sapiens	serum	not applicable	not available	1	F1806_fuerschj_640	proteomic profiling by mass spectrometry	NT=Data-dependent acquisition;AC=PRIDE:0000627	NT=label free sample;AC=MS:1002038	NT=orbitrap fusion;AC=MS:1002416	NT=Carbamidomethyl;AC=UNIMOD:4;TA=C;MT=Fixed	NT=Trypsin;AC=MS:1001251	not available	10 ppm	0.2 Da	dithiothreitol (dtt)	iodoacetamide (iaa)	1	1	F1806_fuerschj_640.raw	ftp://ftp.pride.ebi.ac.uk/pride/data/archive/2021/10/PXD021114/F1806_fuerschj_640.raw	v1.1.0	NT=ms-proteomics;VV=v1.1.0	NT=oncology-metadata;VV=v1.0.0	manual curation	serum
F1907_fuerschj_286	homo sapiens	serum	not applicable	not available	1	F1907_fuerschj_286	proteomic profiling by mass spectrometry	NT=Data-dependent acquisition;AC=PRIDE:0000627	NT=label free sample;AC=MS:1002038	NT=orbitrap fusion;AC=MS:1002416	NT=Carbamidomethyl;AC=UNIMOD:4;TA=C;MT=Fixed	NT=Trypsin;AC=MS:1001251	not available	10 ppm	0.2 Da	dithiothreitol (dtt)	iodoacetamide (iaa)	1	1	F1907_fuerschj_286.raw	ftp://ftp.pride.ebi.ac.uk/pride/data/archive/2021/10/PXD021114/F1907_fuerschj_286.raw	v1.1.0	NT=ms-proteomics;VV=v1.1.0	NT=oncology-metadata;VV=v1.0.0	manual curation	serum
F1912_fuerschj_415	homo sapiens	serum	not applicable	not available	1	F1912_fuerschj_415	proteomic profiling by mass spectrometry	NT=Data-dependent acquisition;AC=PRIDE:0000627	NT=label free sample;AC=MS:1002038	NT=orbitrap fusion;AC=MS:1002416	NT=Carbamidomethyl;AC=UNIMOD:4;TA=C;MT=Fixed	NT=Trypsin;AC=MS:1001251	not available	10 ppm	0.2 Da	dithiothreitol (dtt)	iodoacetamide (iaa)	1	1	F1912_fuerschj_415.raw	ftp://ftp.pride.ebi.ac.uk/pride/data/archive/2021/10/PXD021114/F1912_fuerschj_415.raw	v1.1.0	NT=ms-proteomics;VV=v1.1.0	NT=oncology-metadata;VV=v1.0.0	manual curation	serum
F1806_fuerschj_670	homo sapiens	serum	not applicable	not available	1	F1806_fuerschj_670	proteomic profiling by mass spectrometry	NT=Data-dependent acquisition;AC=PRIDE:0000627	NT=label free sample;AC=MS:1002038	NT=orbitrap fusion;AC=MS:1002416	NT=Carbamidomethyl;AC=UNIMOD:4;TA=C;MT=Fixed	NT=Trypsin;AC=MS:1001251	not available	10 ppm	0.2 Da	dithiothreitol (dtt)	iodoacetamide (iaa)	1	1	F1806_fuerschj_670.raw	ftp://ftp.pride.ebi.ac.uk/pride/data/archive/2021/10/PXD021114/F1806_fuerschj_670.raw	v1.1.0	NT=ms-proteomics;VV=v1.1.0	NT=oncology-metadata;VV=v1.0.0	manual curation	serum
F1708_fuerschj_061	homo sapiens	serum	not applicable	not available	1	F1708_fuerschj_061	proteomic profiling by mass spectrometry	NT=Data-dependent acquisition;AC=PRIDE:0000627	NT=label free sample;AC=MS:1002038	NT=orbitrap fusion;AC=MS:1002416	NT=Carbamidomethyl;AC=UNIMOD:4;TA=C;MT=Fixed	NT=Trypsin;AC=MS:1001251	not available	10 ppm	0.2 Da	dithiothreitol (dtt)	iodoacetamide (iaa)	1	1	F1708_fuerschj_061.raw	ftp://ftp.pride.ebi.ac.uk/pride/data/archive/2021/10/PXD021114/F1708_fuerschj_061.raw	v1.1.0	NT=ms-proteomics;VV=v1.1.0	NT=oncology-metadata;VV=v1.0.0	manual curation	serum
F1804_fuerschj_354	homo sapiens	serum	not applicable	not available	1	F1804_fuerschj_354	proteomic profiling by mass spectrometry	NT=Data-dependent acquisition;AC=PRIDE:0000627	NT=label free sample;AC=MS:1002038	NT=orbitrap fusion;AC=MS:1002416	NT=Carbamidomethyl;AC=UNIMOD:4;TA=C;MT=Fixed	NT=Trypsin;AC=MS:1001251	not available	10 ppm	0.2 Da	dithiothreitol (dtt)	iodoacetamide (iaa)	1	1	F1804_fuerschj_354.raw	ftp://ftp.pride.ebi.ac.uk/pride/data/archive/2021/10/PXD021114/F1804_fuerschj_354.raw	v1.1.0	NT=ms-proteomics;VV=v1.1.0	NT=oncology-metadata;VV=v1.0.0	manual curation	serum
F1806_fuerschj_455	homo sapiens	serum	not applicable	not available	1	F1806_fuerschj_455	proteomic profiling by mass spectrometry	NT=Data-dependent acquisition;AC=PRIDE:0000627	NT=label free sample;AC=MS:1002038	NT=orbitrap fusion;AC=MS:1002416	NT=Carbamidomethyl;AC=UNIMOD:4;TA=C;MT=Fixed	NT=Trypsin;AC=MS:1001251	not available	10 ppm	0.2 Da	dithiothreitol (dtt)	iodoacetamide (iaa)	1	1	F1806_fuerschj_455.raw	ftp://ftp.pride.ebi.ac.uk/pride/data/archive/2021/10/PXD021114/F1806_fuerschj_455.raw	v1.1.0	NT=ms-proteomics;VV=v1.1.0	NT=oncology-metadata;VV=v1.0.0	manual curation	serum
F1806_fuerschj_426	homo sapiens	serum	not applicable	not available	1	F1806_fuerschj_426	proteomic profiling by mass spectrometry	NT=Data-dependent acquisition;AC=PRIDE:0000627	NT=label free sample;AC=MS:1002038	NT=orbitrap fusion;AC=MS:1002416	NT=Carbamidomethyl;AC=UNIMOD:4;TA=C;MT=Fixed	NT=Trypsin;AC=MS:1001251	not available	10 ppm	0.2 Da	dithiothreitol (dtt)	iodoacetamide (iaa)	1	1	F1806_fuerschj_426.raw	ftp://ftp.pride.ebi.ac.uk/pride/data/archive/2021/10/PXD021114/F1806_fuerschj_426.raw	v1.1.0	NT=ms-proteomics;VV=v1.1.0	NT=oncology-metadata;VV=v1.0.0	manual curation	serum
F1901_fuerschj_044	homo sapiens	serum	not applicable	not available	1	F1901_fuerschj_044	proteomic profiling by mass spectrometry	NT=Data-dependent acquisition;AC=PRIDE:0000627	NT=label free sample;AC=MS:1002038	NT=orbitrap fusion;AC=MS:1002416	NT=Carbamidomethyl;AC=UNIMOD:4;TA=C;MT=Fixed	NT=Trypsin;AC=MS:1001251	not available	10 ppm	0.2 Da	dithiothreitol (dtt)	iodoacetamide (iaa)	1	1	F1901_fuerschj_044.raw	ftp://ftp.pride.ebi.ac.uk/pride/data/archive/2021/10/PXD021114/F1901_fuerschj_044.raw	v1.1.0	NT=ms-proteomics;VV=v1.1.0	NT=oncology-metadata;VV=v1.0.0	manual curation	serum
F1804_fuerschj_288	homo sapiens	serum	not applicable	not available	1	F1804_fuerschj_288	proteomic profiling by mass spectrometry	NT=Data-dependent acquisition;AC=PRIDE:0000627	NT=label free sample;AC=MS:1002038	NT=orbitrap fusion;AC=MS:1002416	NT=Carbamidomethyl;AC=UNIMOD:4;TA=C;MT=Fixed	NT=Trypsin;AC=MS:1001251	not available	10 ppm	0.2 Da	dithiothreitol (dtt)	iodoacetamide (iaa)	1	1	F1804_fuerschj_288.raw	ftp://ftp.pride.ebi.ac.uk/pride/data/archive/2021/10/PXD021114/F1804_fuerschj_288.raw	v1.1.0	NT=ms-proteomics;VV=v1.1.0	NT=oncology-metadata;VV=v1.0.0	manual curation	serum
F1901_fuerschj_058	homo sapiens	serum	not applicable	not available	1	F1901_fuerschj_058	proteomic profiling by mass spectrometry	NT=Data-dependent acquisition;AC=PRIDE:0000627	NT=label free sample;AC=MS:1002038	NT=orbitrap fusion;AC=MS:1002416	NT=Carbamidomethyl;AC=UNIMOD:4;TA=C;MT=Fixed	NT=Trypsin;AC=MS:1001251	not available	10 ppm	0.2 Da	dithiothreitol (dtt)	iodoacetamide (iaa)	1	1	F1901_fuerschj_058.raw	ftp://ftp.pride.ebi.ac.uk/pride/data/archive/2021/10/PXD021114/F1901_fuerschj_058.raw	v1.1.0	NT=ms-proteomics;VV=v1.1.0	NT=oncology-metadata;VV=v1.0.0	manual curation	serum
F1804_fuerschj_270	homo sapiens	serum	not applicable	not available	1	F1804_fuerschj_270	proteomic profiling by mass spectrometry	NT=Data-dependent acquisition;AC=PRIDE:0000627	NT=label free sample;AC=MS:1002038	NT=orbitrap fusion;AC=MS:1002416	NT=Carbamidomethyl;AC=UNIMOD:4;TA=C;MT=Fixed	NT=Trypsin;AC=MS:1001251	not available	10 ppm	0.2 Da	dithiothreitol (dtt)	iodoacetamide (iaa)	1	1	F1804_fuerschj_270.raw	ftp://ftp.pride.ebi.ac.uk/pride/data/archive/2021/10/PXD021114/F1804_fuerschj_270.raw	v1.1.0	NT=ms-proteomics;VV=v1.1.0	NT=oncology-metadata;VV=v1.0.0	manual curation	serum
F1901_fuerschj_034	homo sapiens	serum	not applicable	not available	1	F1901_fuerschj_034	proteomic profiling by mass spectrometry	NT=Data-dependent acquisition;AC=PRIDE:0000627	NT=label free sample;AC=MS:1002038	NT=orbitrap fusion;AC=MS:1002416	NT=Carbamidomethyl;AC=UNIMOD:4;TA=C;MT=Fixed	NT=Trypsin;AC=MS:1001251	not available	10 ppm	0.2 Da	dithiothreitol (dtt)	iodoacetamide (iaa)	1	1	F1901_fuerschj_034.raw	ftp://ftp.pride.ebi.ac.uk/pride/data/archive/2021/10/PXD021114/F1901_fuerschj_034.raw	v1.1.0	NT=ms-proteomics;VV=v1.1.0	NT=oncology-metadata;VV=v1.0.0	manual curation	serum
F1806_fuerschj_709	homo sapiens	serum	not applicable	not available	1	F1806_fuerschj_709	proteomic profiling by mass spectrometry	NT=Data-dependent acquisition;AC=PRIDE:0000627	NT=label free sample;AC=MS:1002038	NT=orbitrap fusion;AC=MS:1002416	NT=Carbamidomethyl;AC=UNIMOD:4;TA=C;MT=Fixed	NT=Trypsin;AC=MS:1001251	not available	10 ppm	0.2 Da	dithiothreitol (dtt)	iodoacetamide (iaa)	1	1	F1806_fuerschj_709.raw	ftp://ftp.pride.ebi.ac.uk/pride/data/archive/2021/10/PXD021114/F1806_fuerschj_709.raw	v1.1.0	NT=ms-proteomics;VV=v1.1.0	NT=oncology-metadata;VV=v1.0.0	manual curation	serum
F1806_fuerschj_679	homo sapiens	serum	not applicable	not available	1	F1806_fuerschj_679	proteomic profiling by mass spectrometry	NT=Data-dependent acquisition;AC=PRIDE:0000627	NT=label free sample;AC=MS:1002038	NT=orbitrap fusion;AC=MS:1002416	NT=Carbamidomethyl;AC=UNIMOD:4;TA=C;MT=Fixed	NT=Trypsin;AC=MS:1001251	not available	10 ppm	0.2 Da	dithiothreitol (dtt)	iodoacetamide (iaa)	1	1	F1806_fuerschj_679.raw	ftp://ftp.pride.ebi.ac.uk/pride/data/archive/2021/10/PXD021114/F1806_fuerschj_679.raw	v1.1.0	NT=ms-proteomics;VV=v1.1.0	NT=oncology-metadata;VV=v1.0.0	manual curation	serum
F1708_fuerschj_070	homo sapiens	serum	not applicable	not available	1	F1708_fuerschj_070	proteomic profiling by mass spectrometry	NT=Data-dependent acquisition;AC=PRIDE:0000627	NT=label free sample;AC=MS:1002038	NT=orbitrap fusion;AC=MS:1002416	NT=Carbamidomethyl;AC=UNIMOD:4;TA=C;MT=Fixed	NT=Trypsin;AC=MS:1001251	not available	10 ppm	0.2 Da	dithiothreitol (dtt)	iodoacetamide (iaa)	1	1	F1708_fuerschj_070.raw	ftp://ftp.pride.ebi.ac.uk/pride/data/archive/2021/10/PXD021114/F1708_fuerschj_070.raw	v1.1.0	NT=ms-proteomics;VV=v1.1.0	NT=oncology-metadata;VV=v1.0.0	manual curation	serum
F1806_fuerschj_547	homo sapiens	serum	not applicable	not available	1	F1806_fuerschj_547	proteomic profiling by mass spectrometry	NT=Data-dependent acquisition;AC=PRIDE:0000627	NT=label free sample;AC=MS:1002038	NT=orbitrap fusion;AC=MS:1002416	NT=Carbamidomethyl;AC=UNIMOD:4;TA=C;MT=Fixed	NT=Trypsin;AC=MS:1001251	not available	10 ppm	0.2 Da	dithiothreitol (dtt)	iodoacetamide (iaa)	1	1	F1806_fuerschj_547.raw	ftp://ftp.pride.ebi.ac.uk/pride/data/archive/2021/10/PXD021114/F1806_fuerschj_547.raw	v1.1.0	NT=ms-proteomics;VV=v1.1.0	NT=oncology-metadata;VV=v1.0.0	manual curation	serum
F1901_fuerschj_061	homo sapiens	serum	not applicable	not available	1	F1901_fuerschj_061	proteomic profiling by mass spectrometry	NT=Data-dependent acquisition;AC=PRIDE:0000627	NT=label free sample;AC=MS:1002038	NT=orbitrap fusion;AC=MS:1002416	NT=Carbamidomethyl;AC=UNIMOD:4;TA=C;MT=Fixed	NT=Trypsin;AC=MS:1001251	not available	10 ppm	0.2 Da	dithiothreitol (dtt)	iodoacetamide (iaa)	1	1	F1901_fuerschj_061.raw	ftp://ftp.pride.ebi.ac.uk/pride/data/archive/2021/10/PXD021114/F1901_fuerschj_061.raw	v1.1.0	NT=ms-proteomics;VV=v1.1.0	NT=oncology-metadata;VV=v1.0.0	manual curation	serum
F1806_fuerschj_434	homo sapiens	serum	not applicable	not available	1	F1806_fuerschj_434	proteomic profiling by mass spectrometry	NT=Data-dependent acquisition;AC=PRIDE:0000627	NT=label free sample;AC=MS:1002038	NT=orbitrap fusion;AC=MS:1002416	NT=Carbamidomethyl;AC=UNIMOD:4;TA=C;MT=Fixed	NT=Trypsin;AC=MS:1001251	not available	10 ppm	0.2 Da	dithiothreitol (dtt)	iodoacetamide (iaa)	1	1	F1806_fuerschj_434.raw	ftp://ftp.pride.ebi.ac.uk/pride/data/archive/2021/10/PXD021114/F1806_fuerschj_434.raw	v1.1.0	NT=ms-proteomics;VV=v1.1.0	NT=oncology-metadata;VV=v1.0.0	manual curation	serum
F1806_fuerschj_436	homo sapiens	serum	not applicable	not available	1	F1806_fuerschj_436	proteomic profiling by mass spectrometry	NT=Data-dependent acquisition;AC=PRIDE:0000627	NT=label free sample;AC=MS:1002038	NT=orbitrap fusion;AC=MS:1002416	NT=Carbamidomethyl;AC=UNIMOD:4;TA=C;MT=Fixed	NT=Trypsin;AC=MS:1001251	not available	10 ppm	0.2 Da	dithiothreitol (dtt)	iodoacetamide (iaa)	1	1	F1806_fuerschj_436.raw	ftp://ftp.pride.ebi.ac.uk/pride/data/archive/2021/10/PXD021114/F1806_fuerschj_436.raw	v1.1.0	NT=ms-proteomics;VV=v1.1.0	NT=oncology-metadata;VV=v1.0.0	manual curation	serum
F1912_fuerschj_462	homo sapiens	serum	not applicable	not available	1	F1912_fuerschj_462	proteomic profiling by mass spectrometry	NT=Data-dependent acquisition;AC=PRIDE:0000627	NT=label free sample;AC=MS:1002038	NT=orbitrap fusion;AC=MS:1002416	NT=Carbamidomethyl;AC=UNIMOD:4;TA=C;MT=Fixed	NT=Trypsin;AC=MS:1001251	not available	10 ppm	0.2 Da	dithiothreitol (dtt)	iodoacetamide (iaa)	1	1	F1912_fuerschj_462.raw	ftp://ftp.pride.ebi.ac.uk/pride/data/archive/2021/10/PXD021114/F1912_fuerschj_462.raw	v1.1.0	NT=ms-proteomics;VV=v1.1.0	NT=oncology-metadata;VV=v1.0.0	manual curation	serum
F1806_fuerschj_425	homo sapiens	serum	not applicable	not available	1	F1806_fuerschj_425	proteomic profiling by mass spectrometry	NT=Data-dependent acquisition;AC=PRIDE:0000627	NT=label free sample;AC=MS:1002038	NT=orbitrap fusion;AC=MS:1002416	NT=Carbamidomethyl;AC=UNIMOD:4;TA=C;MT=Fixed	NT=Trypsin;AC=MS:1001251	not available	10 ppm	0.2 Da	dithiothreitol (dtt)	iodoacetamide (iaa)	1	1	F1806_fuerschj_425.raw	ftp://ftp.pride.ebi.ac.uk/pride/data/archive/2021/10/PXD021114/F1806_fuerschj_425.raw	v1.1.0	NT=ms-proteomics;VV=v1.1.0	NT=oncology-metadata;VV=v1.0.0	manual curation	serum
F1907_fuerschj_312	homo sapiens	serum	not applicable	not available	1	F1907_fuerschj_312	proteomic profiling by mass spectrometry	NT=Data-dependent acquisition;AC=PRIDE:0000627	NT=label free sample;AC=MS:1002038	NT=orbitrap fusion;AC=MS:1002416	NT=Carbamidomethyl;AC=UNIMOD:4;TA=C;MT=Fixed	NT=Trypsin;AC=MS:1001251	not available	10 ppm	0.2 Da	dithiothreitol (dtt)	iodoacetamide (iaa)	1	1	F1907_fuerschj_312.raw	ftp://ftp.pride.ebi.ac.uk/pride/data/archive/2021/10/PXD021114/F1907_fuerschj_312.raw	v1.1.0	NT=ms-proteomics;VV=v1.1.0	NT=oncology-metadata;VV=v1.0.0	manual curation	serum
F1806_fuerschj_676	homo sapiens	serum	not applicable	not available	1	F1806_fuerschj_676	proteomic profiling by mass spectrometry	NT=Data-dependent acquisition;AC=PRIDE:0000627	NT=label free sample;AC=MS:1002038	NT=orbitrap fusion;AC=MS:1002416	NT=Carbamidomethyl;AC=UNIMOD:4;TA=C;MT=Fixed	NT=Trypsin;AC=MS:1001251	not available	10 ppm	0.2 Da	dithiothreitol (dtt)	iodoacetamide (iaa)	1	1	F1806_fuerschj_676.raw	ftp://ftp.pride.ebi.ac.uk/pride/data/archive/2021/10/PXD021114/F1806_fuerschj_676.raw	v1.1.0	NT=ms-proteomics;VV=v1.1.0	NT=oncology-metadata;VV=v1.0.0	manual curation	serum
F1911_fuerschj_243	homo sapiens	serum	not applicable	not available	1	F1911_fuerschj_243	proteomic profiling by mass spectrometry	NT=Data-dependent acquisition;AC=PRIDE:0000627	NT=label free sample;AC=MS:1002038	NT=orbitrap fusion;AC=MS:1002416	NT=Carbamidomethyl;AC=UNIMOD:4;TA=C;MT=Fixed	NT=Trypsin;AC=MS:1001251	not available	10 ppm	0.2 Da	dithiothreitol (dtt)	iodoacetamide (iaa)	1	1	F1911_fuerschj_243.raw	ftp://ftp.pride.ebi.ac.uk/pride/data/archive/2021/10/PXD021114/F1911_fuerschj_243.raw	v1.1.0	NT=ms-proteomics;VV=v1.1.0	NT=oncology-metadata;VV=v1.0.0	manual curation	serum
F1912_fuerschj_483	homo sapiens	serum	not applicable	not available	1	F1912_fuerschj_483	proteomic profiling by mass spectrometry	NT=Data-dependent acquisition;AC=PRIDE:0000627	NT=label free sample;AC=MS:1002038	NT=orbitrap fusion;AC=MS:1002416	NT=Carbamidomethyl;AC=UNIMOD:4;TA=C;MT=Fixed	NT=Trypsin;AC=MS:1001251	not available	10 ppm	0.2 Da	dithiothreitol (dtt)	iodoacetamide (iaa)	1	1	F1912_fuerschj_483.raw	ftp://ftp.pride.ebi.ac.uk/pride/data/archive/2021/10/PXD021114/F1912_fuerschj_483.raw	v1.1.0	NT=ms-proteomics;VV=v1.1.0	NT=oncology-metadata;VV=v1.0.0	manual curation	serum
F1804_fuerschj_333	homo sapiens	serum	not applicable	not available	1	F1804_fuerschj_333	proteomic profiling by mass spectrometry	NT=Data-dependent acquisition;AC=PRIDE:0000627	NT=label free sample;AC=MS:1002038	NT=orbitrap fusion;AC=MS:1002416	NT=Carbamidomethyl;AC=UNIMOD:4;TA=C;MT=Fixed	NT=Trypsin;AC=MS:1001251	not available	10 ppm	0.2 Da	dithiothreitol (dtt)	iodoacetamide (iaa)	1	1	F1804_fuerschj_333.raw	ftp://ftp.pride.ebi.ac.uk/pride/data/archive/2021/10/PXD021114/F1804_fuerschj_333.raw	v1.1.0	NT=ms-proteomics;VV=v1.1.0	NT=oncology-metadata;VV=v1.0.0	manual curation	serum
F1804_fuerschj_348	homo sapiens	serum	not applicable	not available	1	F1804_fuerschj_348	proteomic profiling by mass spectrometry	NT=Data-dependent acquisition;AC=PRIDE:0000627	NT=label free sample;AC=MS:1002038	NT=orbitrap fusion;AC=MS:1002416	NT=Carbamidomethyl;AC=UNIMOD:4;TA=C;MT=Fixed	NT=Trypsin;AC=MS:1001251	not available	10 ppm	0.2 Da	dithiothreitol (dtt)	iodoacetamide (iaa)	1	1	F1804_fuerschj_348.raw	ftp://ftp.pride.ebi.ac.uk/pride/data/archive/2021/10/PXD021114/F1804_fuerschj_348.raw	v1.1.0	NT=ms-proteomics;VV=v1.1.0	NT=oncology-metadata;VV=v1.0.0	manual curation	serum
F1907_fuerschj_305	homo sapiens	serum	not applicable	not available	1	F1907_fuerschj_305	proteomic profiling by mass spectrometry	NT=Data-dependent acquisition;AC=PRIDE:0000627	NT=label free sample;AC=MS:1002038	NT=orbitrap fusion;AC=MS:1002416	NT=Carbamidomethyl;AC=UNIMOD:4;TA=C;MT=Fixed	NT=Trypsin;AC=MS:1001251	not available	10 ppm	0.2 Da	dithiothreitol (dtt)	iodoacetamide (iaa)	1	1	F1907_fuerschj_305.raw	ftp://ftp.pride.ebi.ac.uk/pride/data/archive/2021/10/PXD021114/F1907_fuerschj_305.raw	v1.1.0	NT=ms-proteomics;VV=v1.1.0	NT=oncology-metadata;VV=v1.0.0	manual curation	serum
F1804_fuerschj_282	homo sapiens	serum	not applicable	not available	1	F1804_fuerschj_282	proteomic profiling by mass spectrometry	NT=Data-dependent acquisition;AC=PRIDE:0000627	NT=label free sample;AC=MS:1002038	NT=orbitrap fusion;AC=MS:1002416	NT=Carbamidomethyl;AC=UNIMOD:4;TA=C;MT=Fixed	NT=Trypsin;AC=MS:1001251	not available	10 ppm	0.2 Da	dithiothreitol (dtt)	iodoacetamide (iaa)	1	1	F1804_fuerschj_282.raw	ftp://ftp.pride.ebi.ac.uk/pride/data/archive/2021/10/PXD021114/F1804_fuerschj_282.raw	v1.1.0	NT=ms-proteomics;VV=v1.1.0	NT=oncology-metadata;VV=v1.0.0	manual curation	serum
F1907_fuerschj_302	homo sapiens	serum	not applicable	not available	1	F1907_fuerschj_302	proteomic profiling by mass spectrometry	NT=Data-dependent acquisition;AC=PRIDE:0000627	NT=label free sample;AC=MS:1002038	NT=orbitrap fusion;AC=MS:1002416	NT=Carbamidomethyl;AC=UNIMOD:4;TA=C;MT=Fixed	NT=Trypsin;AC=MS:1001251	not available	10 ppm	0.2 Da	dithiothreitol (dtt)	iodoacetamide (iaa)	1	1	F1907_fuerschj_302.raw	ftp://ftp.pride.ebi.ac.uk/pride/data/archive/2021/10/PXD021114/F1907_fuerschj_302.raw	v1.1.0	NT=ms-proteomics;VV=v1.1.0	NT=oncology-metadata;VV=v1.0.0	manual curation	serum
F1804_fuerschj_285	homo sapiens	serum	not applicable	not available	1	F1804_fuerschj_285	proteomic profiling by mass spectrometry	NT=Data-dependent acquisition;AC=PRIDE:0000627	NT=label free sample;AC=MS:1002038	NT=orbitrap fusion;AC=MS:1002416	NT=Carbamidomethyl;AC=UNIMOD:4;TA=C;MT=Fixed	NT=Trypsin;AC=MS:1001251	not available	10 ppm	0.2 Da	dithiothreitol (dtt)	iodoacetamide (iaa)	1	1	F1804_fuerschj_285.raw	ftp://ftp.pride.ebi.ac.uk/pride/data/archive/2021/10/PXD021114/F1804_fuerschj_285.raw	v1.1.0	NT=ms-proteomics;VV=v1.1.0	NT=oncology-metadata;VV=v1.0.0	manual curation	serum
F1804_fuerschj_259	homo sapiens	serum	not applicable	not available	1	F1804_fuerschj_259	proteomic profiling by mass spectrometry	NT=Data-dependent acquisition;AC=PRIDE:0000627	NT=label free sample;AC=MS:1002038	NT=orbitrap fusion;AC=MS:1002416	NT=Carbamidomethyl;AC=UNIMOD:4;TA=C;MT=Fixed	NT=Trypsin;AC=MS:1001251	not available	10 ppm	0.2 Da	dithiothreitol (dtt)	iodoacetamide (iaa)	1	1	F1804_fuerschj_259.raw	ftp://ftp.pride.ebi.ac.uk/pride/data/archive/2021/10/PXD021114/F1804_fuerschj_259.raw	v1.1.0	NT=ms-proteomics;VV=v1.1.0	NT=oncology-metadata;VV=v1.0.0	manual curation	serum
F1806_fuerschj_629	homo sapiens	serum	not applicable	not available	1	F1806_fuerschj_629	proteomic profiling by mass spectrometry	NT=Data-dependent acquisition;AC=PRIDE:0000627	NT=label free sample;AC=MS:1002038	NT=orbitrap fusion;AC=MS:1002416	NT=Carbamidomethyl;AC=UNIMOD:4;TA=C;MT=Fixed	NT=Trypsin;AC=MS:1001251	not available	10 ppm	0.2 Da	dithiothreitol (dtt)	iodoacetamide (iaa)	1	1	F1806_fuerschj_629.raw	ftp://ftp.pride.ebi.ac.uk/pride/data/archive/2021/10/PXD021114/F1806_fuerschj_629.raw	v1.1.0	NT=ms-proteomics;VV=v1.1.0	NT=oncology-metadata;VV=v1.0.0	manual curation	serum
F1911_fuerschj_247	homo sapiens	serum	not applicable	not available	1	F1911_fuerschj_247	proteomic profiling by mass spectrometry	NT=Data-dependent acquisition;AC=PRIDE:0000627	NT=label free sample;AC=MS:1002038	NT=orbitrap fusion;AC=MS:1002416	NT=Carbamidomethyl;AC=UNIMOD:4;TA=C;MT=Fixed	NT=Trypsin;AC=MS:1001251	not available	10 ppm	0.2 Da	dithiothreitol (dtt)	iodoacetamide (iaa)	1	1	F1911_fuerschj_247.raw	ftp://ftp.pride.ebi.ac.uk/pride/data/archive/2021/10/PXD021114/F1911_fuerschj_247.raw	v1.1.0	NT=ms-proteomics;VV=v1.1.0	NT=oncology-metadata;VV=v1.0.0	manual curation	serum
F1911_fuerschj_244	homo sapiens	serum	not applicable	not available	1	F1911_fuerschj_244	proteomic profiling by mass spectrometry	NT=Data-dependent acquisition;AC=PRIDE:0000627	NT=label free sample;AC=MS:1002038	NT=orbitrap fusion;AC=MS:1002416	NT=Carbamidomethyl;AC=UNIMOD:4;TA=C;MT=Fixed	NT=Trypsin;AC=MS:1001251	not available	10 ppm	0.2 Da	dithiothreitol (dtt)	iodoacetamide (iaa)	1	1	F1911_fuerschj_244.raw	ftp://ftp.pride.ebi.ac.uk/pride/data/archive/2021/10/PXD021114/F1911_fuerschj_244.raw	v1.1.0	NT=ms-proteomics;VV=v1.1.0	NT=oncology-metadata;VV=v1.0.0	manual curation	serum
F1901_fuerschj_051	homo sapiens	serum	not applicable	not available	1	F1901_fuerschj_051	proteomic profiling by mass spectrometry	NT=Data-dependent acquisition;AC=PRIDE:0000627	NT=label free sample;AC=MS:1002038	NT=orbitrap fusion;AC=MS:1002416	NT=Carbamidomethyl;AC=UNIMOD:4;TA=C;MT=Fixed	NT=Trypsin;AC=MS:1001251	not available	10 ppm	0.2 Da	dithiothreitol (dtt)	iodoacetamide (iaa)	1	1	F1901_fuerschj_051.raw	ftp://ftp.pride.ebi.ac.uk/pride/data/archive/2021/10/PXD021114/F1901_fuerschj_051.raw	v1.1.0	NT=ms-proteomics;VV=v1.1.0	NT=oncology-metadata;VV=v1.0.0	manual curation	serum
F1804_fuerschj_317	homo sapiens	serum	not applicable	not available	1	F1804_fuerschj_317	proteomic profiling by mass spectrometry	NT=Data-dependent acquisition;AC=PRIDE:0000627	NT=label free sample;AC=MS:1002038	NT=orbitrap fusion;AC=MS:1002416	NT=Carbamidomethyl;AC=UNIMOD:4;TA=C;MT=Fixed	NT=Trypsin;AC=MS:1001251	not available	10 ppm	0.2 Da	dithiothreitol (dtt)	iodoacetamide (iaa)	1	1	F1804_fuerschj_317.raw	ftp://ftp.pride.ebi.ac.uk/pride/data/archive/2021/10/PXD021114/F1804_fuerschj_317.raw	v1.1.0	NT=ms-proteomics;VV=v1.1.0	NT=oncology-metadata;VV=v1.0.0	manual curation	serum
F1806_fuerschj_604	homo sapiens	serum	not applicable	not available	1	F1806_fuerschj_604	proteomic profiling by mass spectrometry	NT=Data-dependent acquisition;AC=PRIDE:0000627	NT=label free sample;AC=MS:1002038	NT=orbitrap fusion;AC=MS:1002416	NT=Carbamidomethyl;AC=UNIMOD:4;TA=C;MT=Fixed	NT=Trypsin;AC=MS:1001251	not available	10 ppm	0.2 Da	dithiothreitol (dtt)	iodoacetamide (iaa)	1	1	F1806_fuerschj_604.raw	ftp://ftp.pride.ebi.ac.uk/pride/data/archive/2021/10/PXD021114/F1806_fuerschj_604.raw	v1.1.0	NT=ms-proteomics;VV=v1.1.0	NT=oncology-metadata;VV=v1.0.0	manual curation	serum
F1912_fuerschj_406	homo sapiens	serum	not applicable	not available	1	F1912_fuerschj_406	proteomic profiling by mass spectrometry	NT=Data-dependent acquisition;AC=PRIDE:0000627	NT=label free sample;AC=MS:1002038	NT=orbitrap fusion;AC=MS:1002416	NT=Carbamidomethyl;AC=UNIMOD:4;TA=C;MT=Fixed	NT=Trypsin;AC=MS:1001251	not available	10 ppm	0.2 Da	dithiothreitol (dtt)	iodoacetamide (iaa)	1	1	F1912_fuerschj_406.raw	ftp://ftp.pride.ebi.ac.uk/pride/data/archive/2021/10/PXD021114/F1912_fuerschj_406.raw	v1.1.0	NT=ms-proteomics;VV=v1.1.0	NT=oncology-metadata;VV=v1.0.0	manual curation	serum
F1912_fuerschj_491	homo sapiens	serum	not applicable	not available	1	F1912_fuerschj_491	proteomic profiling by mass spectrometry	NT=Data-dependent acquisition;AC=PRIDE:0000627	NT=label free sample;AC=MS:1002038	NT=orbitrap fusion;AC=MS:1002416	NT=Carbamidomethyl;AC=UNIMOD:4;TA=C;MT=Fixed	NT=Trypsin;AC=MS:1001251	not available	10 ppm	0.2 Da	dithiothreitol (dtt)	iodoacetamide (iaa)	1	1	F1912_fuerschj_491.raw	ftp://ftp.pride.ebi.ac.uk/pride/data/archive/2021/10/PXD021114/F1912_fuerschj_491.raw	v1.1.0	NT=ms-proteomics;VV=v1.1.0	NT=oncology-metadata;VV=v1.0.0	manual curation	serum
F1804_fuerschj_345	homo sapiens	serum	not applicable	not available	1	F1804_fuerschj_345	proteomic profiling by mass spectrometry	NT=Data-dependent acquisition;AC=PRIDE:0000627	NT=label free sample;AC=MS:1002038	NT=orbitrap fusion;AC=MS:1002416	NT=Carbamidomethyl;AC=UNIMOD:4;TA=C;MT=Fixed	NT=Trypsin;AC=MS:1001251	not available	10 ppm	0.2 Da	dithiothreitol (dtt)	iodoacetamide (iaa)	1	1	F1804_fuerschj_345.raw	ftp://ftp.pride.ebi.ac.uk/pride/data/archive/2021/10/PXD021114/F1804_fuerschj_345.raw	v1.1.0	NT=ms-proteomics;VV=v1.1.0	NT=oncology-metadata;VV=v1.0.0	manual curation	serum
F1806_fuerschj_672	homo sapiens	serum	not applicable	not available	1	F1806_fuerschj_672	proteomic profiling by mass spectrometry	NT=Data-dependent acquisition;AC=PRIDE:0000627	NT=label free sample;AC=MS:1002038	NT=orbitrap fusion;AC=MS:1002416	NT=Carbamidomethyl;AC=UNIMOD:4;TA=C;MT=Fixed	NT=Trypsin;AC=MS:1001251	not available	10 ppm	0.2 Da	dithiothreitol (dtt)	iodoacetamide (iaa)	1	1	F1806_fuerschj_672.raw	ftp://ftp.pride.ebi.ac.uk/pride/data/archive/2021/10/PXD021114/F1806_fuerschj_672.raw	v1.1.0	NT=ms-proteomics;VV=v1.1.0	NT=oncology-metadata;VV=v1.0.0	manual curation	serum
F1806_fuerschj_525	homo sapiens	serum	not applicable	not available	1	F1806_fuerschj_525	proteomic profiling by mass spectrometry	NT=Data-dependent acquisition;AC=PRIDE:0000627	NT=label free sample;AC=MS:1002038	NT=orbitrap fusion;AC=MS:1002416	NT=Carbamidomethyl;AC=UNIMOD:4;TA=C;MT=Fixed	NT=Trypsin;AC=MS:1001251	not available	10 ppm	0.2 Da	dithiothreitol (dtt)	iodoacetamide (iaa)	1	1	F1806_fuerschj_525.raw	ftp://ftp.pride.ebi.ac.uk/pride/data/archive/2021/10/PXD021114/F1806_fuerschj_525.raw	v1.1.0	NT=ms-proteomics;VV=v1.1.0	NT=oncology-metadata;VV=v1.0.0	manual curation	serum
F1806_fuerschj_684	homo sapiens	serum	not applicable	not available	1	F1806_fuerschj_684	proteomic profiling by mass spectrometry	NT=Data-dependent acquisition;AC=PRIDE:0000627	NT=label free sample;AC=MS:1002038	NT=orbitrap fusion;AC=MS:1002416	NT=Carbamidomethyl;AC=UNIMOD:4;TA=C;MT=Fixed	NT=Trypsin;AC=MS:1001251	not available	10 ppm	0.2 Da	dithiothreitol (dtt)	iodoacetamide (iaa)	1	1	F1806_fuerschj_684.raw	ftp://ftp.pride.ebi.ac.uk/pride/data/archive/2021/10/PXD021114/F1806_fuerschj_684.raw	v1.1.0	NT=ms-proteomics;VV=v1.1.0	NT=oncology-metadata;VV=v1.0.0	manual curation	serum
F1907_fuerschj_288	homo sapiens	serum	not applicable	not available	1	F1907_fuerschj_288	proteomic profiling by mass spectrometry	NT=Data-dependent acquisition;AC=PRIDE:0000627	NT=label free sample;AC=MS:1002038	NT=orbitrap fusion;AC=MS:1002416	NT=Carbamidomethyl;AC=UNIMOD:4;TA=C;MT=Fixed	NT=Trypsin;AC=MS:1001251	not available	10 ppm	0.2 Da	dithiothreitol (dtt)	iodoacetamide (iaa)	1	1	F1907_fuerschj_288.raw	ftp://ftp.pride.ebi.ac.uk/pride/data/archive/2021/10/PXD021114/F1907_fuerschj_288.raw	v1.1.0	NT=ms-proteomics;VV=v1.1.0	NT=oncology-metadata;VV=v1.0.0	manual curation	serum
F1907_fuerschj_308	homo sapiens	serum	not applicable	not available	1	F1907_fuerschj_308	proteomic profiling by mass spectrometry	NT=Data-dependent acquisition;AC=PRIDE:0000627	NT=label free sample;AC=MS:1002038	NT=orbitrap fusion;AC=MS:1002416	NT=Carbamidomethyl;AC=UNIMOD:4;TA=C;MT=Fixed	NT=Trypsin;AC=MS:1001251	not available	10 ppm	0.2 Da	dithiothreitol (dtt)	iodoacetamide (iaa)	1	1	F1907_fuerschj_308.raw	ftp://ftp.pride.ebi.ac.uk/pride/data/archive/2021/10/PXD021114/F1907_fuerschj_308.raw	v1.1.0	NT=ms-proteomics;VV=v1.1.0	NT=oncology-metadata;VV=v1.0.0	manual curation	serum
F1901_fuerschj_040	homo sapiens	serum	not applicable	not available	1	F1901_fuerschj_040	proteomic profiling by mass spectrometry	NT=Data-dependent acquisition;AC=PRIDE:0000627	NT=label free sample;AC=MS:1002038	NT=orbitrap fusion;AC=MS:1002416	NT=Carbamidomethyl;AC=UNIMOD:4;TA=C;MT=Fixed	NT=Trypsin;AC=MS:1001251	not available	10 ppm	0.2 Da	dithiothreitol (dtt)	iodoacetamide (iaa)	1	1	F1901_fuerschj_040.raw	ftp://ftp.pride.ebi.ac.uk/pride/data/archive/2021/10/PXD021114/F1901_fuerschj_040.raw	v1.1.0	NT=ms-proteomics;VV=v1.1.0	NT=oncology-metadata;VV=v1.0.0	manual curation	serum
F1806_fuerschj_590	homo sapiens	serum	not applicable	not available	1	F1806_fuerschj_590	proteomic profiling by mass spectrometry	NT=Data-dependent acquisition;AC=PRIDE:0000627	NT=label free sample;AC=MS:1002038	NT=orbitrap fusion;AC=MS:1002416	NT=Carbamidomethyl;AC=UNIMOD:4;TA=C;MT=Fixed	NT=Trypsin;AC=MS:1001251	not available	10 ppm	0.2 Da	dithiothreitol (dtt)	iodoacetamide (iaa)	1	1	F1806_fuerschj_590.raw	ftp://ftp.pride.ebi.ac.uk/pride/data/archive/2021/10/PXD021114/F1806_fuerschj_590.raw	v1.1.0	NT=ms-proteomics;VV=v1.1.0	NT=oncology-metadata;VV=v1.0.0	manual curation	serum
F1804_fuerschj_260	homo sapiens	serum	not applicable	not available	1	F1804_fuerschj_260	proteomic profiling by mass spectrometry	NT=Data-dependent acquisition;AC=PRIDE:0000627	NT=label free sample;AC=MS:1002038	NT=orbitrap fusion;AC=MS:1002416	NT=Carbamidomethyl;AC=UNIMOD:4;TA=C;MT=Fixed	NT=Trypsin;AC=MS:1001251	not available	10 ppm	0.2 Da	dithiothreitol (dtt)	iodoacetamide (iaa)	1	1	F1804_fuerschj_260.raw	ftp://ftp.pride.ebi.ac.uk/pride/data/archive/2021/10/PXD021114/F1804_fuerschj_260.raw	v1.1.0	NT=ms-proteomics;VV=v1.1.0	NT=oncology-metadata;VV=v1.0.0	manual curation	serum
F1806_fuerschj_691	homo sapiens	serum	not applicable	not available	1	F1806_fuerschj_691	proteomic profiling by mass spectrometry	NT=Data-dependent acquisition;AC=PRIDE:0000627	NT=label free sample;AC=MS:1002038	NT=orbitrap fusion;AC=MS:1002416	NT=Carbamidomethyl;AC=UNIMOD:4;TA=C;MT=Fixed	NT=Trypsin;AC=MS:1001251	not available	10 ppm	0.2 Da	dithiothreitol (dtt)	iodoacetamide (iaa)	1	1	F1806_fuerschj_691.raw	ftp://ftp.pride.ebi.ac.uk/pride/data/archive/2021/10/PXD021114/F1806_fuerschj_691.raw	v1.1.0	NT=ms-proteomics;VV=v1.1.0	NT=oncology-metadata;VV=v1.0.0	manual curation	serum
F1804_fuerschj_320	homo sapiens	serum	not applicable	not available	1	F1804_fuerschj_320	proteomic profiling by mass spectrometry	NT=Data-dependent acquisition;AC=PRIDE:0000627	NT=label free sample;AC=MS:1002038	NT=orbitrap fusion;AC=MS:1002416	NT=Carbamidomethyl;AC=UNIMOD:4;TA=C;MT=Fixed	NT=Trypsin;AC=MS:1001251	not available	10 ppm	0.2 Da	dithiothreitol (dtt)	iodoacetamide (iaa)	1	1	F1804_fuerschj_320.raw	ftp://ftp.pride.ebi.ac.uk/pride/data/archive/2021/10/PXD021114/F1804_fuerschj_320.raw	v1.1.0	NT=ms-proteomics;VV=v1.1.0	NT=oncology-metadata;VV=v1.0.0	manual curation	serum
F1901_fuerschj_057	homo sapiens	serum	not applicable	not available	1	F1901_fuerschj_057	proteomic profiling by mass spectrometry	NT=Data-dependent acquisition;AC=PRIDE:0000627	NT=label free sample;AC=MS:1002038	NT=orbitrap fusion;AC=MS:1002416	NT=Carbamidomethyl;AC=UNIMOD:4;TA=C;MT=Fixed	NT=Trypsin;AC=MS:1001251	not available	10 ppm	0.2 Da	dithiothreitol (dtt)	iodoacetamide (iaa)	1	1	F1901_fuerschj_057.raw	ftp://ftp.pride.ebi.ac.uk/pride/data/archive/2021/10/PXD021114/F1901_fuerschj_057.raw	v1.1.0	NT=ms-proteomics;VV=v1.1.0	NT=oncology-metadata;VV=v1.0.0	manual curation	serum
F1806_fuerschj_532	homo sapiens	serum	not applicable	not available	1	F1806_fuerschj_532	proteomic profiling by mass spectrometry	NT=Data-dependent acquisition;AC=PRIDE:0000627	NT=label free sample;AC=MS:1002038	NT=orbitrap fusion;AC=MS:1002416	NT=Carbamidomethyl;AC=UNIMOD:4;TA=C;MT=Fixed	NT=Trypsin;AC=MS:1001251	not available	10 ppm	0.2 Da	dithiothreitol (dtt)	iodoacetamide (iaa)	1	1	F1806_fuerschj_532.raw	ftp://ftp.pride.ebi.ac.uk/pride/data/archive/2021/10/PXD021114/F1806_fuerschj_532.raw	v1.1.0	NT=ms-proteomics;VV=v1.1.0	NT=oncology-metadata;VV=v1.0.0	manual curation	serum
F1912_fuerschj_471	homo sapiens	serum	not applicable	not available	1	F1912_fuerschj_471	proteomic profiling by mass spectrometry	NT=Data-dependent acquisition;AC=PRIDE:0000627	NT=label free sample;AC=MS:1002038	NT=orbitrap fusion;AC=MS:1002416	NT=Carbamidomethyl;AC=UNIMOD:4;TA=C;MT=Fixed	NT=Trypsin;AC=MS:1001251	not available	10 ppm	0.2 Da	dithiothreitol (dtt)	iodoacetamide (iaa)	1	1	F1912_fuerschj_471.raw	ftp://ftp.pride.ebi.ac.uk/pride/data/archive/2021/10/PXD021114/F1912_fuerschj_471.raw	v1.1.0	NT=ms-proteomics;VV=v1.1.0	NT=oncology-metadata;VV=v1.0.0	manual curation	serum
F1708_fuerschj_073	homo sapiens	serum	not applicable	not available	1	F1708_fuerschj_073	proteomic profiling by mass spectrometry	NT=Data-dependent acquisition;AC=PRIDE:0000627	NT=label free sample;AC=MS:1002038	NT=orbitrap fusion;AC=MS:1002416	NT=Carbamidomethyl;AC=UNIMOD:4;TA=C;MT=Fixed	NT=Trypsin;AC=MS:1001251	not available	10 ppm	0.2 Da	dithiothreitol (dtt)	iodoacetamide (iaa)	1	1	F1708_fuerschj_073.raw	ftp://ftp.pride.ebi.ac.uk/pride/data/archive/2021/10/PXD021114/F1708_fuerschj_073.raw	v1.1.0	NT=ms-proteomics;VV=v1.1.0	NT=oncology-metadata;VV=v1.0.0	manual curation	serum
F1806_fuerschj_678	homo sapiens	serum	not applicable	not available	1	F1806_fuerschj_678	proteomic profiling by mass spectrometry	NT=Data-dependent acquisition;AC=PRIDE:0000627	NT=label free sample;AC=MS:1002038	NT=orbitrap fusion;AC=MS:1002416	NT=Carbamidomethyl;AC=UNIMOD:4;TA=C;MT=Fixed	NT=Trypsin;AC=MS:1001251	not available	10 ppm	0.2 Da	dithiothreitol (dtt)	iodoacetamide (iaa)	1	1	F1806_fuerschj_678.raw	ftp://ftp.pride.ebi.ac.uk/pride/data/archive/2021/10/PXD021114/F1806_fuerschj_678.raw	v1.1.0	NT=ms-proteomics;VV=v1.1.0	NT=oncology-metadata;VV=v1.0.0	manual curation	serum
F1912_fuerschj_479	homo sapiens	serum	not applicable	not available	1	F1912_fuerschj_479	proteomic profiling by mass spectrometry	NT=Data-dependent acquisition;AC=PRIDE:0000627	NT=label free sample;AC=MS:1002038	NT=orbitrap fusion;AC=MS:1002416	NT=Carbamidomethyl;AC=UNIMOD:4;TA=C;MT=Fixed	NT=Trypsin;AC=MS:1001251	not available	10 ppm	0.2 Da	dithiothreitol (dtt)	iodoacetamide (iaa)	1	1	F1912_fuerschj_479.raw	ftp://ftp.pride.ebi.ac.uk/pride/data/archive/2021/10/PXD021114/F1912_fuerschj_479.raw	v1.1.0	NT=ms-proteomics;VV=v1.1.0	NT=oncology-metadata;VV=v1.0.0	manual curation	serum
F1806_fuerschj_555	homo sapiens	serum	not applicable	not available	1	F1806_fuerschj_555	proteomic profiling by mass spectrometry	NT=Data-dependent acquisition;AC=PRIDE:0000627	NT=label free sample;AC=MS:1002038	NT=orbitrap fusion;AC=MS:1002416	NT=Carbamidomethyl;AC=UNIMOD:4;TA=C;MT=Fixed	NT=Trypsin;AC=MS:1001251	not available	10 ppm	0.2 Da	dithiothreitol (dtt)	iodoacetamide (iaa)	1	1	F1806_fuerschj_555.raw	ftp://ftp.pride.ebi.ac.uk/pride/data/archive/2021/10/PXD021114/F1806_fuerschj_555.raw	v1.1.0	NT=ms-proteomics;VV=v1.1.0	NT=oncology-metadata;VV=v1.0.0	manual curation	serum
F1708_fuerschj_068	homo sapiens	serum	not applicable	not available	1	F1708_fuerschj_068	proteomic profiling by mass spectrometry	NT=Data-dependent acquisition;AC=PRIDE:0000627	NT=label free sample;AC=MS:1002038	NT=orbitrap fusion;AC=MS:1002416	NT=Carbamidomethyl;AC=UNIMOD:4;TA=C;MT=Fixed	NT=Trypsin;AC=MS:1001251	not available	10 ppm	0.2 Da	dithiothreitol (dtt)	iodoacetamide (iaa)	1	1	F1708_fuerschj_068.raw	ftp://ftp.pride.ebi.ac.uk/pride/data/archive/2021/10/PXD021114/F1708_fuerschj_068.raw	v1.1.0	NT=ms-proteomics;VV=v1.1.0	NT=oncology-metadata;VV=v1.0.0	manual curation	serum
F1911_fuerschj_213	homo sapiens	serum	not applicable	not available	1	F1911_fuerschj_213	proteomic profiling by mass spectrometry	NT=Data-dependent acquisition;AC=PRIDE:0000627	NT=label free sample;AC=MS:1002038	NT=orbitrap fusion;AC=MS:1002416	NT=Carbamidomethyl;AC=UNIMOD:4;TA=C;MT=Fixed	NT=Trypsin;AC=MS:1001251	not available	10 ppm	0.2 Da	dithiothreitol (dtt)	iodoacetamide (iaa)	1	1	F1911_fuerschj_213.raw	ftp://ftp.pride.ebi.ac.uk/pride/data/archive/2021/10/PXD021114/F1911_fuerschj_213.raw	v1.1.0	NT=ms-proteomics;VV=v1.1.0	NT=oncology-metadata;VV=v1.0.0	manual curation	serum
F1911_fuerschj_289	homo sapiens	serum	not applicable	not available	1	F1911_fuerschj_289	proteomic profiling by mass spectrometry	NT=Data-dependent acquisition;AC=PRIDE:0000627	NT=label free sample;AC=MS:1002038	NT=orbitrap fusion;AC=MS:1002416	NT=Carbamidomethyl;AC=UNIMOD:4;TA=C;MT=Fixed	NT=Trypsin;AC=MS:1001251	not available	10 ppm	0.2 Da	dithiothreitol (dtt)	iodoacetamide (iaa)	1	1	F1911_fuerschj_289.raw	ftp://ftp.pride.ebi.ac.uk/pride/data/archive/2021/10/PXD021114/F1911_fuerschj_289.raw	v1.1.0	NT=ms-proteomics;VV=v1.1.0	NT=oncology-metadata;VV=v1.0.0	manual curation	serum
F1907_fuerschj_310	homo sapiens	serum	not applicable	not available	1	F1907_fuerschj_310	proteomic profiling by mass spectrometry	NT=Data-dependent acquisition;AC=PRIDE:0000627	NT=label free sample;AC=MS:1002038	NT=orbitrap fusion;AC=MS:1002416	NT=Carbamidomethyl;AC=UNIMOD:4;TA=C;MT=Fixed	NT=Trypsin;AC=MS:1001251	not available	10 ppm	0.2 Da	dithiothreitol (dtt)	iodoacetamide (iaa)	1	1	F1907_fuerschj_310.raw	ftp://ftp.pride.ebi.ac.uk/pride/data/archive/2021/10/PXD021114/F1907_fuerschj_310.raw	v1.1.0	NT=ms-proteomics;VV=v1.1.0	NT=oncology-metadata;VV=v1.0.0	manual curation	serum
F1907_fuerschj_309	homo sapiens	serum	not applicable	not available	1	F1907_fuerschj_309	proteomic profiling by mass spectrometry	NT=Data-dependent acquisition;AC=PRIDE:0000627	NT=label free sample;AC=MS:1002038	NT=orbitrap fusion;AC=MS:1002416	NT=Carbamidomethyl;AC=UNIMOD:4;TA=C;MT=Fixed	NT=Trypsin;AC=MS:1001251	not available	10 ppm	0.2 Da	dithiothreitol (dtt)	iodoacetamide (iaa)	1	1	F1907_fuerschj_309.raw	ftp://ftp.pride.ebi.ac.uk/pride/data/archive/2021/10/PXD021114/F1907_fuerschj_309.raw	v1.1.0	NT=ms-proteomics;VV=v1.1.0	NT=oncology-metadata;VV=v1.0.0	manual curation	serum
F1907_fuerschj_296	homo sapiens	serum	not applicable	not available	1	F1907_fuerschj_296	proteomic profiling by mass spectrometry	NT=Data-dependent acquisition;AC=PRIDE:0000627	NT=label free sample;AC=MS:1002038	NT=orbitrap fusion;AC=MS:1002416	NT=Carbamidomethyl;AC=UNIMOD:4;TA=C;MT=Fixed	NT=Trypsin;AC=MS:1001251	not available	10 ppm	0.2 Da	dithiothreitol (dtt)	iodoacetamide (iaa)	1	1	F1907_fuerschj_296.raw	ftp://ftp.pride.ebi.ac.uk/pride/data/archive/2021/10/PXD021114/F1907_fuerschj_296.raw	v1.1.0	NT=ms-proteomics;VV=v1.1.0	NT=oncology-metadata;VV=v1.0.0	manual curation	serum
F1911_fuerschj_287	homo sapiens	serum	not applicable	not available	1	F1911_fuerschj_287	proteomic profiling by mass spectrometry	NT=Data-dependent acquisition;AC=PRIDE:0000627	NT=label free sample;AC=MS:1002038	NT=orbitrap fusion;AC=MS:1002416	NT=Carbamidomethyl;AC=UNIMOD:4;TA=C;MT=Fixed	NT=Trypsin;AC=MS:1001251	not available	10 ppm	0.2 Da	dithiothreitol (dtt)	iodoacetamide (iaa)	1	1	F1911_fuerschj_287.raw	ftp://ftp.pride.ebi.ac.uk/pride/data/archive/2021/10/PXD021114/F1911_fuerschj_287.raw	v1.1.0	NT=ms-proteomics;VV=v1.1.0	NT=oncology-metadata;VV=v1.0.0	manual curation	serum
F1806_fuerschj_506	homo sapiens	serum	not applicable	not available	1	F1806_fuerschj_506	proteomic profiling by mass spectrometry	NT=Data-dependent acquisition;AC=PRIDE:0000627	NT=label free sample;AC=MS:1002038	NT=orbitrap fusion;AC=MS:1002416	NT=Carbamidomethyl;AC=UNIMOD:4;TA=C;MT=Fixed	NT=Trypsin;AC=MS:1001251	not available	10 ppm	0.2 Da	dithiothreitol (dtt)	iodoacetamide (iaa)	1	1	F1806_fuerschj_506.raw	ftp://ftp.pride.ebi.ac.uk/pride/data/archive/2021/10/PXD021114/F1806_fuerschj_506.raw	v1.1.0	NT=ms-proteomics;VV=v1.1.0	NT=oncology-metadata;VV=v1.0.0	manual curation	serum
F1806_fuerschj_473	homo sapiens	serum	not applicable	not available	1	F1806_fuerschj_473	proteomic profiling by mass spectrometry	NT=Data-dependent acquisition;AC=PRIDE:0000627	NT=label free sample;AC=MS:1002038	NT=orbitrap fusion;AC=MS:1002416	NT=Carbamidomethyl;AC=UNIMOD:4;TA=C;MT=Fixed	NT=Trypsin;AC=MS:1001251	not available	10 ppm	0.2 Da	dithiothreitol (dtt)	iodoacetamide (iaa)	1	1	F1806_fuerschj_473.raw	ftp://ftp.pride.ebi.ac.uk/pride/data/archive/2021/10/PXD021114/F1806_fuerschj_473.raw	v1.1.0	NT=ms-proteomics;VV=v1.1.0	NT=oncology-metadata;VV=v1.0.0	manual curation	serum
F1804_fuerschj_355	homo sapiens	serum	not applicable	not available	1	F1804_fuerschj_355	proteomic profiling by mass spectrometry	NT=Data-dependent acquisition;AC=PRIDE:0000627	NT=label free sample;AC=MS:1002038	NT=orbitrap fusion;AC=MS:1002416	NT=Carbamidomethyl;AC=UNIMOD:4;TA=C;MT=Fixed	NT=Trypsin;AC=MS:1001251	not available	10 ppm	0.2 Da	dithiothreitol (dtt)	iodoacetamide (iaa)	1	1	F1804_fuerschj_355.raw	ftp://ftp.pride.ebi.ac.uk/pride/data/archive/2021/10/PXD021114/F1804_fuerschj_355.raw	v1.1.0	NT=ms-proteomics;VV=v1.1.0	NT=oncology-metadata;VV=v1.0.0	manual curation	serum
F1912_fuerschj_446	homo sapiens	serum	not applicable	not available	1	F1912_fuerschj_446	proteomic profiling by mass spectrometry	NT=Data-dependent acquisition;AC=PRIDE:0000627	NT=label free sample;AC=MS:1002038	NT=orbitrap fusion;AC=MS:1002416	NT=Carbamidomethyl;AC=UNIMOD:4;TA=C;MT=Fixed	NT=Trypsin;AC=MS:1001251	not available	10 ppm	0.2 Da	dithiothreitol (dtt)	iodoacetamide (iaa)	1	1	F1912_fuerschj_446.raw	ftp://ftp.pride.ebi.ac.uk/pride/data/archive/2021/10/PXD021114/F1912_fuerschj_446.raw	v1.1.0	NT=ms-proteomics;VV=v1.1.0	NT=oncology-metadata;VV=v1.0.0	manual curation	serum
F1911_fuerschj_239	homo sapiens	serum	not applicable	not available	1	F1911_fuerschj_239	proteomic profiling by mass spectrometry	NT=Data-dependent acquisition;AC=PRIDE:0000627	NT=label free sample;AC=MS:1002038	NT=orbitrap fusion;AC=MS:1002416	NT=Carbamidomethyl;AC=UNIMOD:4;TA=C;MT=Fixed	NT=Trypsin;AC=MS:1001251	not available	10 ppm	0.2 Da	dithiothreitol (dtt)	iodoacetamide (iaa)	1	1	F1911_fuerschj_239.raw	ftp://ftp.pride.ebi.ac.uk/pride/data/archive/2021/10/PXD021114/F1911_fuerschj_239.raw	v1.1.0	NT=ms-proteomics;VV=v1.1.0	NT=oncology-metadata;VV=v1.0.0	manual curation	serum
F1804_fuerschj_253	homo sapiens	serum	not applicable	not available	1	F1804_fuerschj_253	proteomic profiling by mass spectrometry	NT=Data-dependent acquisition;AC=PRIDE:0000627	NT=label free sample;AC=MS:1002038	NT=orbitrap fusion;AC=MS:1002416	NT=Carbamidomethyl;AC=UNIMOD:4;TA=C;MT=Fixed	NT=Trypsin;AC=MS:1001251	not available	10 ppm	0.2 Da	dithiothreitol (dtt)	iodoacetamide (iaa)	1	1	F1804_fuerschj_253.raw	ftp://ftp.pride.ebi.ac.uk/pride/data/archive/2021/10/PXD021114/F1804_fuerschj_253.raw	v1.1.0	NT=ms-proteomics;VV=v1.1.0	NT=oncology-metadata;VV=v1.0.0	manual curation	serum
F1804_fuerschj_312	homo sapiens	serum	not applicable	not available	1	F1804_fuerschj_312	proteomic profiling by mass spectrometry	NT=Data-dependent acquisition;AC=PRIDE:0000627	NT=label free sample;AC=MS:1002038	NT=orbitrap fusion;AC=MS:1002416	NT=Carbamidomethyl;AC=UNIMOD:4;TA=C;MT=Fixed	NT=Trypsin;AC=MS:1001251	not available	10 ppm	0.2 Da	dithiothreitol (dtt)	iodoacetamide (iaa)	1	1	F1804_fuerschj_312.raw	ftp://ftp.pride.ebi.ac.uk/pride/data/archive/2021/10/PXD021114/F1804_fuerschj_312.raw	v1.1.0	NT=ms-proteomics;VV=v1.1.0	NT=oncology-metadata;VV=v1.0.0	manual curation	serum
F1901_fuerschj_042	homo sapiens	serum	not applicable	not available	1	F1901_fuerschj_042	proteomic profiling by mass spectrometry	NT=Data-dependent acquisition;AC=PRIDE:0000627	NT=label free sample;AC=MS:1002038	NT=orbitrap fusion;AC=MS:1002416	NT=Carbamidomethyl;AC=UNIMOD:4;TA=C;MT=Fixed	NT=Trypsin;AC=MS:1001251	not available	10 ppm	0.2 Da	dithiothreitol (dtt)	iodoacetamide (iaa)	1	1	F1901_fuerschj_042.raw	ftp://ftp.pride.ebi.ac.uk/pride/data/archive/2021/10/PXD021114/F1901_fuerschj_042.raw	v1.1.0	NT=ms-proteomics;VV=v1.1.0	NT=oncology-metadata;VV=v1.0.0	manual curation	serum
F1901_fuerschj_054	homo sapiens	serum	not applicable	not available	1	F1901_fuerschj_054	proteomic profiling by mass spectrometry	NT=Data-dependent acquisition;AC=PRIDE:0000627	NT=label free sample;AC=MS:1002038	NT=orbitrap fusion;AC=MS:1002416	NT=Carbamidomethyl;AC=UNIMOD:4;TA=C;MT=Fixed	NT=Trypsin;AC=MS:1001251	not available	10 ppm	0.2 Da	dithiothreitol (dtt)	iodoacetamide (iaa)	1	1	F1901_fuerschj_054.raw	ftp://ftp.pride.ebi.ac.uk/pride/data/archive/2021/10/PXD021114/F1901_fuerschj_054.raw	v1.1.0	NT=ms-proteomics;VV=v1.1.0	NT=oncology-metadata;VV=v1.0.0	manual curation	serum
F1806_fuerschj_611	homo sapiens	serum	not applicable	not available	1	F1806_fuerschj_611	proteomic profiling by mass spectrometry	NT=Data-dependent acquisition;AC=PRIDE:0000627	NT=label free sample;AC=MS:1002038	NT=orbitrap fusion;AC=MS:1002416	NT=Carbamidomethyl;AC=UNIMOD:4;TA=C;MT=Fixed	NT=Trypsin;AC=MS:1001251	not available	10 ppm	0.2 Da	dithiothreitol (dtt)	iodoacetamide (iaa)	1	1	F1806_fuerschj_611.raw	ftp://ftp.pride.ebi.ac.uk/pride/data/archive/2021/10/PXD021114/F1806_fuerschj_611.raw	v1.1.0	NT=ms-proteomics;VV=v1.1.0	NT=oncology-metadata;VV=v1.0.0	manual curation	serum
F1806_fuerschj_609	homo sapiens	serum	not applicable	not available	1	F1806_fuerschj_609	proteomic profiling by mass spectrometry	NT=Data-dependent acquisition;AC=PRIDE:0000627	NT=label free sample;AC=MS:1002038	NT=orbitrap fusion;AC=MS:1002416	NT=Carbamidomethyl;AC=UNIMOD:4;TA=C;MT=Fixed	NT=Trypsin;AC=MS:1001251	not available	10 ppm	0.2 Da	dithiothreitol (dtt)	iodoacetamide (iaa)	1	1	F1806_fuerschj_609.raw	ftp://ftp.pride.ebi.ac.uk/pride/data/archive/2021/10/PXD021114/F1806_fuerschj_609.raw	v1.1.0	NT=ms-proteomics;VV=v1.1.0	NT=oncology-metadata;VV=v1.0.0	manual curation	serum
F1806_fuerschj_444	homo sapiens	serum	not applicable	not available	1	F1806_fuerschj_444	proteomic profiling by mass spectrometry	NT=Data-dependent acquisition;AC=PRIDE:0000627	NT=label free sample;AC=MS:1002038	NT=orbitrap fusion;AC=MS:1002416	NT=Carbamidomethyl;AC=UNIMOD:4;TA=C;MT=Fixed	NT=Trypsin;AC=MS:1001251	not available	10 ppm	0.2 Da	dithiothreitol (dtt)	iodoacetamide (iaa)	1	1	F1806_fuerschj_444.raw	ftp://ftp.pride.ebi.ac.uk/pride/data/archive/2021/10/PXD021114/F1806_fuerschj_444.raw	v1.1.0	NT=ms-proteomics;VV=v1.1.0	NT=oncology-metadata;VV=v1.0.0	manual curation	serum
F1806_fuerschj_592	homo sapiens	serum	not applicable	not available	1	F1806_fuerschj_592	proteomic profiling by mass spectrometry	NT=Data-dependent acquisition;AC=PRIDE:0000627	NT=label free sample;AC=MS:1002038	NT=orbitrap fusion;AC=MS:1002416	NT=Carbamidomethyl;AC=UNIMOD:4;TA=C;MT=Fixed	NT=Trypsin;AC=MS:1001251	not available	10 ppm	0.2 Da	dithiothreitol (dtt)	iodoacetamide (iaa)	1	1	F1806_fuerschj_592.raw	ftp://ftp.pride.ebi.ac.uk/pride/data/archive/2021/10/PXD021114/F1806_fuerschj_592.raw	v1.1.0	NT=ms-proteomics;VV=v1.1.0	NT=oncology-metadata;VV=v1.0.0	manual curation	serum
F1804_fuerschj_349	homo sapiens	serum	not applicable	not available	1	F1804_fuerschj_349	proteomic profiling by mass spectrometry	NT=Data-dependent acquisition;AC=PRIDE:0000627	NT=label free sample;AC=MS:1002038	NT=orbitrap fusion;AC=MS:1002416	NT=Carbamidomethyl;AC=UNIMOD:4;TA=C;MT=Fixed	NT=Trypsin;AC=MS:1001251	not available	10 ppm	0.2 Da	dithiothreitol (dtt)	iodoacetamide (iaa)	1	1	F1804_fuerschj_349.raw	ftp://ftp.pride.ebi.ac.uk/pride/data/archive/2021/10/PXD021114/F1804_fuerschj_349.raw	v1.1.0	NT=ms-proteomics;VV=v1.1.0	NT=oncology-metadata;VV=v1.0.0	manual curation	serum
F1806_fuerschj_477	homo sapiens	serum	not applicable	not available	1	F1806_fuerschj_477	proteomic profiling by mass spectrometry	NT=Data-dependent acquisition;AC=PRIDE:0000627	NT=label free sample;AC=MS:1002038	NT=orbitrap fusion;AC=MS:1002416	NT=Carbamidomethyl;AC=UNIMOD:4;TA=C;MT=Fixed	NT=Trypsin;AC=MS:1001251	not available	10 ppm	0.2 Da	dithiothreitol (dtt)	iodoacetamide (iaa)	1	1	F1806_fuerschj_477.raw	ftp://ftp.pride.ebi.ac.uk/pride/data/archive/2021/10/PXD021114/F1806_fuerschj_477.raw	v1.1.0	NT=ms-proteomics;VV=v1.1.0	NT=oncology-metadata;VV=v1.0.0	manual curation	serum
F1806_fuerschj_641	homo sapiens	serum	not applicable	not available	1	F1806_fuerschj_641	proteomic profiling by mass spectrometry	NT=Data-dependent acquisition;AC=PRIDE:0000627	NT=label free sample;AC=MS:1002038	NT=orbitrap fusion;AC=MS:1002416	NT=Carbamidomethyl;AC=UNIMOD:4;TA=C;MT=Fixed	NT=Trypsin;AC=MS:1001251	not available	10 ppm	0.2 Da	dithiothreitol (dtt)	iodoacetamide (iaa)	1	1	F1806_fuerschj_641.raw	ftp://ftp.pride.ebi.ac.uk/pride/data/archive/2021/10/PXD021114/F1806_fuerschj_641.raw	v1.1.0	NT=ms-proteomics;VV=v1.1.0	NT=oncology-metadata;VV=v1.0.0	manual curation	serum
F1907_fuerschj_290	homo sapiens	serum	not applicable	not available	1	F1907_fuerschj_290	proteomic profiling by mass spectrometry	NT=Data-dependent acquisition;AC=PRIDE:0000627	NT=label free sample;AC=MS:1002038	NT=orbitrap fusion;AC=MS:1002416	NT=Carbamidomethyl;AC=UNIMOD:4;TA=C;MT=Fixed	NT=Trypsin;AC=MS:1001251	not available	10 ppm	0.2 Da	dithiothreitol (dtt)	iodoacetamide (iaa)	1	1	F1907_fuerschj_290.raw	ftp://ftp.pride.ebi.ac.uk/pride/data/archive/2021/10/PXD021114/F1907_fuerschj_290.raw	v1.1.0	NT=ms-proteomics;VV=v1.1.0	NT=oncology-metadata;VV=v1.0.0	manual curation	serum
F1912_fuerschj_433	homo sapiens	serum	not applicable	not available	1	F1912_fuerschj_433	proteomic profiling by mass spectrometry	NT=Data-dependent acquisition;AC=PRIDE:0000627	NT=label free sample;AC=MS:1002038	NT=orbitrap fusion;AC=MS:1002416	NT=Carbamidomethyl;AC=UNIMOD:4;TA=C;MT=Fixed	NT=Trypsin;AC=MS:1001251	not available	10 ppm	0.2 Da	dithiothreitol (dtt)	iodoacetamide (iaa)	1	1	F1912_fuerschj_433.raw	ftp://ftp.pride.ebi.ac.uk/pride/data/archive/2021/10/PXD021114/F1912_fuerschj_433.raw	v1.1.0	NT=ms-proteomics;VV=v1.1.0	NT=oncology-metadata;VV=v1.0.0	manual curation	serum
F1804_fuerschj_346	homo sapiens	serum	not applicable	not available	1	F1804_fuerschj_346	proteomic profiling by mass spectrometry	NT=Data-dependent acquisition;AC=PRIDE:0000627	NT=label free sample;AC=MS:1002038	NT=orbitrap fusion;AC=MS:1002416	NT=Carbamidomethyl;AC=UNIMOD:4;TA=C;MT=Fixed	NT=Trypsin;AC=MS:1001251	not available	10 ppm	0.2 Da	dithiothreitol (dtt)	iodoacetamide (iaa)	1	1	F1804_fuerschj_346.raw	ftp://ftp.pride.ebi.ac.uk/pride/data/archive/2021/10/PXD021114/F1804_fuerschj_346.raw	v1.1.0	NT=ms-proteomics;VV=v1.1.0	NT=oncology-metadata;VV=v1.0.0	manual curation	serum
F1911_fuerschj_291	homo sapiens	serum	not applicable	not available	1	F1911_fuerschj_291	proteomic profiling by mass spectrometry	NT=Data-dependent acquisition;AC=PRIDE:0000627	NT=label free sample;AC=MS:1002038	NT=orbitrap fusion;AC=MS:1002416	NT=Carbamidomethyl;AC=UNIMOD:4;TA=C;MT=Fixed	NT=Trypsin;AC=MS:1001251	not available	10 ppm	0.2 Da	dithiothreitol (dtt)	iodoacetamide (iaa)	1	1	F1911_fuerschj_291.raw	ftp://ftp.pride.ebi.ac.uk/pride/data/archive/2021/10/PXD021114/F1911_fuerschj_291.raw	v1.1.0	NT=ms-proteomics;VV=v1.1.0	NT=oncology-metadata;VV=v1.0.0	manual curation	serum
F1907_fuerschj_318	homo sapiens	serum	not applicable	not available	1	F1907_fuerschj_318	proteomic profiling by mass spectrometry	NT=Data-dependent acquisition;AC=PRIDE:0000627	NT=label free sample;AC=MS:1002038	NT=orbitrap fusion;AC=MS:1002416	NT=Carbamidomethyl;AC=UNIMOD:4;TA=C;MT=Fixed	NT=Trypsin;AC=MS:1001251	not available	10 ppm	0.2 Da	dithiothreitol (dtt)	iodoacetamide (iaa)	1	1	F1907_fuerschj_318.raw	ftp://ftp.pride.ebi.ac.uk/pride/data/archive/2021/10/PXD021114/F1907_fuerschj_318.raw	v1.1.0	NT=ms-proteomics;VV=v1.1.0	NT=oncology-metadata;VV=v1.0.0	manual curation	serum
F1806_fuerschj_680	homo sapiens	serum	not applicable	not available	1	F1806_fuerschj_680	proteomic profiling by mass spectrometry	NT=Data-dependent acquisition;AC=PRIDE:0000627	NT=label free sample;AC=MS:1002038	NT=orbitrap fusion;AC=MS:1002416	NT=Carbamidomethyl;AC=UNIMOD:4;TA=C;MT=Fixed	NT=Trypsin;AC=MS:1001251	not available	10 ppm	0.2 Da	dithiothreitol (dtt)	iodoacetamide (iaa)	1	1	F1806_fuerschj_680.raw	ftp://ftp.pride.ebi.ac.uk/pride/data/archive/2021/10/PXD021114/F1806_fuerschj_680.raw	v1.1.0	NT=ms-proteomics;VV=v1.1.0	NT=oncology-metadata;VV=v1.0.0	manual curation	serum
F1912_fuerschj_470	homo sapiens	serum	not applicable	not available	1	F1912_fuerschj_470	proteomic profiling by mass spectrometry	NT=Data-dependent acquisition;AC=PRIDE:0000627	NT=label free sample;AC=MS:1002038	NT=orbitrap fusion;AC=MS:1002416	NT=Carbamidomethyl;AC=UNIMOD:4;TA=C;MT=Fixed	NT=Trypsin;AC=MS:1001251	not available	10 ppm	0.2 Da	dithiothreitol (dtt)	iodoacetamide (iaa)	1	1	F1912_fuerschj_470.raw	ftp://ftp.pride.ebi.ac.uk/pride/data/archive/2021/10/PXD021114/F1912_fuerschj_470.raw	v1.1.0	NT=ms-proteomics;VV=v1.1.0	NT=oncology-metadata;VV=v1.0.0	manual curation	serum
F1806_fuerschj_537	homo sapiens	serum	not applicable	not available	1	F1806_fuerschj_537	proteomic profiling by mass spectrometry	NT=Data-dependent acquisition;AC=PRIDE:0000627	NT=label free sample;AC=MS:1002038	NT=orbitrap fusion;AC=MS:1002416	NT=Carbamidomethyl;AC=UNIMOD:4;TA=C;MT=Fixed	NT=Trypsin;AC=MS:1001251	not available	10 ppm	0.2 Da	dithiothreitol (dtt)	iodoacetamide (iaa)	1	1	F1806_fuerschj_537.raw	ftp://ftp.pride.ebi.ac.uk/pride/data/archive/2021/10/PXD021114/F1806_fuerschj_537.raw	v1.1.0	NT=ms-proteomics;VV=v1.1.0	NT=oncology-metadata;VV=v1.0.0	manual curation	serum
F1804_fuerschj_278	homo sapiens	serum	not applicable	not available	1	F1804_fuerschj_278	proteomic profiling by mass spectrometry	NT=Data-dependent acquisition;AC=PRIDE:0000627	NT=label free sample;AC=MS:1002038	NT=orbitrap fusion;AC=MS:1002416	NT=Carbamidomethyl;AC=UNIMOD:4;TA=C;MT=Fixed	NT=Trypsin;AC=MS:1001251	not available	10 ppm	0.2 Da	dithiothreitol (dtt)	iodoacetamide (iaa)	1	1	F1804_fuerschj_278.raw	ftp://ftp.pride.ebi.ac.uk/pride/data/archive/2021/10/PXD021114/F1804_fuerschj_278.raw	v1.1.0	NT=ms-proteomics;VV=v1.1.0	NT=oncology-metadata;VV=v1.0.0	manual curation	serum
F1804_fuerschj_374	homo sapiens	serum	not applicable	not available	1	F1804_fuerschj_374	proteomic profiling by mass spectrometry	NT=Data-dependent acquisition;AC=PRIDE:0000627	NT=label free sample;AC=MS:1002038	NT=orbitrap fusion;AC=MS:1002416	NT=Carbamidomethyl;AC=UNIMOD:4;TA=C;MT=Fixed	NT=Trypsin;AC=MS:1001251	not available	10 ppm	0.2 Da	dithiothreitol (dtt)	iodoacetamide (iaa)	1	1	F1804_fuerschj_374.raw	ftp://ftp.pride.ebi.ac.uk/pride/data/archive/2021/10/PXD021114/F1804_fuerschj_374.raw	v1.1.0	NT=ms-proteomics;VV=v1.1.0	NT=oncology-metadata;VV=v1.0.0	manual curation	serum
F1806_fuerschj_618	homo sapiens	serum	not applicable	not available	1	F1806_fuerschj_618	proteomic profiling by mass spectrometry	NT=Data-dependent acquisition;AC=PRIDE:0000627	NT=label free sample;AC=MS:1002038	NT=orbitrap fusion;AC=MS:1002416	NT=Carbamidomethyl;AC=UNIMOD:4;TA=C;MT=Fixed	NT=Trypsin;AC=MS:1001251	not available	10 ppm	0.2 Da	dithiothreitol (dtt)	iodoacetamide (iaa)	1	1	F1806_fuerschj_618.raw	ftp://ftp.pride.ebi.ac.uk/pride/data/archive/2021/10/PXD021114/F1806_fuerschj_618.raw	v1.1.0	NT=ms-proteomics;VV=v1.1.0	NT=oncology-metadata;VV=v1.0.0	manual curation	serum
F1806_fuerschj_707	homo sapiens	serum	not applicable	not available	1	F1806_fuerschj_707	proteomic profiling by mass spectrometry	NT=Data-dependent acquisition;AC=PRIDE:0000627	NT=label free sample;AC=MS:1002038	NT=orbitrap fusion;AC=MS:1002416	NT=Carbamidomethyl;AC=UNIMOD:4;TA=C;MT=Fixed	NT=Trypsin;AC=MS:1001251	not available	10 ppm	0.2 Da	dithiothreitol (dtt)	iodoacetamide (iaa)	1	1	F1806_fuerschj_707.raw	ftp://ftp.pride.ebi.ac.uk/pride/data/archive/2021/10/PXD021114/F1806_fuerschj_707.raw	v1.1.0	NT=ms-proteomics;VV=v1.1.0	NT=oncology-metadata;VV=v1.0.0	manual curation	serum
F1806_fuerschj_597	homo sapiens	serum	not applicable	not available	1	F1806_fuerschj_597	proteomic profiling by mass spectrometry	NT=Data-dependent acquisition;AC=PRIDE:0000627	NT=label free sample;AC=MS:1002038	NT=orbitrap fusion;AC=MS:1002416	NT=Carbamidomethyl;AC=UNIMOD:4;TA=C;MT=Fixed	NT=Trypsin;AC=MS:1001251	not available	10 ppm	0.2 Da	dithiothreitol (dtt)	iodoacetamide (iaa)	1	1	F1806_fuerschj_597.raw	ftp://ftp.pride.ebi.ac.uk/pride/data/archive/2021/10/PXD021114/F1806_fuerschj_597.raw	v1.1.0	NT=ms-proteomics;VV=v1.1.0	NT=oncology-metadata;VV=v1.0.0	manual curation	serum
F1804_fuerschj_357	homo sapiens	serum	not applicable	not available	1	F1804_fuerschj_357	proteomic profiling by mass spectrometry	NT=Data-dependent acquisition;AC=PRIDE:0000627	NT=label free sample;AC=MS:1002038	NT=orbitrap fusion;AC=MS:1002416	NT=Carbamidomethyl;AC=UNIMOD:4;TA=C;MT=Fixed	NT=Trypsin;AC=MS:1001251	not available	10 ppm	0.2 Da	dithiothreitol (dtt)	iodoacetamide (iaa)	1	1	F1804_fuerschj_357.raw	ftp://ftp.pride.ebi.ac.uk/pride/data/archive/2021/10/PXD021114/F1804_fuerschj_357.raw	v1.1.0	NT=ms-proteomics;VV=v1.1.0	NT=oncology-metadata;VV=v1.0.0	manual curation	serum
F1907_fuerschj_292	homo sapiens	serum	not applicable	not available	1	F1907_fuerschj_292	proteomic profiling by mass spectrometry	NT=Data-dependent acquisition;AC=PRIDE:0000627	NT=label free sample;AC=MS:1002038	NT=orbitrap fusion;AC=MS:1002416	NT=Carbamidomethyl;AC=UNIMOD:4;TA=C;MT=Fixed	NT=Trypsin;AC=MS:1001251	not available	10 ppm	0.2 Da	dithiothreitol (dtt)	iodoacetamide (iaa)	1	1	F1907_fuerschj_292.raw	ftp://ftp.pride.ebi.ac.uk/pride/data/archive/2021/10/PXD021114/F1907_fuerschj_292.raw	v1.1.0	NT=ms-proteomics;VV=v1.1.0	NT=oncology-metadata;VV=v1.0.0	manual curation	serum
F1912_fuerschj_492	homo sapiens	serum	not applicable	not available	1	F1912_fuerschj_492	proteomic profiling by mass spectrometry	NT=Data-dependent acquisition;AC=PRIDE:0000627	NT=label free sample;AC=MS:1002038	NT=orbitrap fusion;AC=MS:1002416	NT=Carbamidomethyl;AC=UNIMOD:4;TA=C;MT=Fixed	NT=Trypsin;AC=MS:1001251	not available	10 ppm	0.2 Da	dithiothreitol (dtt)	iodoacetamide (iaa)	1	1	F1912_fuerschj_492.raw	ftp://ftp.pride.ebi.ac.uk/pride/data/archive/2021/10/PXD021114/F1912_fuerschj_492.raw	v1.1.0	NT=ms-proteomics;VV=v1.1.0	NT=oncology-metadata;VV=v1.0.0	manual curation	serum
F1806_fuerschj_466	homo sapiens	serum	not applicable	not available	1	F1806_fuerschj_466	proteomic profiling by mass spectrometry	NT=Data-dependent acquisition;AC=PRIDE:0000627	NT=label free sample;AC=MS:1002038	NT=orbitrap fusion;AC=MS:1002416	NT=Carbamidomethyl;AC=UNIMOD:4;TA=C;MT=Fixed	NT=Trypsin;AC=MS:1001251	not available	10 ppm	0.2 Da	dithiothreitol (dtt)	iodoacetamide (iaa)	1	1	F1806_fuerschj_466.raw	ftp://ftp.pride.ebi.ac.uk/pride/data/archive/2021/10/PXD021114/F1806_fuerschj_466.raw	v1.1.0	NT=ms-proteomics;VV=v1.1.0	NT=oncology-metadata;VV=v1.0.0	manual curation	serum
F1806_fuerschj_587	homo sapiens	serum	not applicable	not available	1	F1806_fuerschj_587	proteomic profiling by mass spectrometry	NT=Data-dependent acquisition;AC=PRIDE:0000627	NT=label free sample;AC=MS:1002038	NT=orbitrap fusion;AC=MS:1002416	NT=Carbamidomethyl;AC=UNIMOD:4;TA=C;MT=Fixed	NT=Trypsin;AC=MS:1001251	not available	10 ppm	0.2 Da	dithiothreitol (dtt)	iodoacetamide (iaa)	1	1	F1806_fuerschj_587.raw	ftp://ftp.pride.ebi.ac.uk/pride/data/archive/2021/10/PXD021114/F1806_fuerschj_587.raw	v1.1.0	NT=ms-proteomics;VV=v1.1.0	NT=oncology-metadata;VV=v1.0.0	manual curation	serum
F1912_fuerschj_454	homo sapiens	serum	not applicable	not available	1	F1912_fuerschj_454	proteomic profiling by mass spectrometry	NT=Data-dependent acquisition;AC=PRIDE:0000627	NT=label free sample;AC=MS:1002038	NT=orbitrap fusion;AC=MS:1002416	NT=Carbamidomethyl;AC=UNIMOD:4;TA=C;MT=Fixed	NT=Trypsin;AC=MS:1001251	not available	10 ppm	0.2 Da	dithiothreitol (dtt)	iodoacetamide (iaa)	1	1	F1912_fuerschj_454.raw	ftp://ftp.pride.ebi.ac.uk/pride/data/archive/2021/10/PXD021114/F1912_fuerschj_454.raw	v1.1.0	NT=ms-proteomics;VV=v1.1.0	NT=oncology-metadata;VV=v1.0.0	manual curation	serum
F1911_fuerschj_245	homo sapiens	serum	not applicable	not available	1	F1911_fuerschj_245	proteomic profiling by mass spectrometry	NT=Data-dependent acquisition;AC=PRIDE:0000627	NT=label free sample;AC=MS:1002038	NT=orbitrap fusion;AC=MS:1002416	NT=Carbamidomethyl;AC=UNIMOD:4;TA=C;MT=Fixed	NT=Trypsin;AC=MS:1001251	not available	10 ppm	0.2 Da	dithiothreitol (dtt)	iodoacetamide (iaa)	1	1	F1911_fuerschj_245.raw	ftp://ftp.pride.ebi.ac.uk/pride/data/archive/2021/10/PXD021114/F1911_fuerschj_245.raw	v1.1.0	NT=ms-proteomics;VV=v1.1.0	NT=oncology-metadata;VV=v1.0.0	manual curation	serum
F1804_fuerschj_341	homo sapiens	serum	not applicable	not available	1	F1804_fuerschj_341	proteomic profiling by mass spectrometry	NT=Data-dependent acquisition;AC=PRIDE:0000627	NT=label free sample;AC=MS:1002038	NT=orbitrap fusion;AC=MS:1002416	NT=Carbamidomethyl;AC=UNIMOD:4;TA=C;MT=Fixed	NT=Trypsin;AC=MS:1001251	not available	10 ppm	0.2 Da	dithiothreitol (dtt)	iodoacetamide (iaa)	1	1	F1804_fuerschj_341.raw	ftp://ftp.pride.ebi.ac.uk/pride/data/archive/2021/10/PXD021114/F1804_fuerschj_341.raw	v1.1.0	NT=ms-proteomics;VV=v1.1.0	NT=oncology-metadata;VV=v1.0.0	manual curation	serum
F1806_fuerschj_589	homo sapiens	serum	not applicable	not available	1	F1806_fuerschj_589	proteomic profiling by mass spectrometry	NT=Data-dependent acquisition;AC=PRIDE:0000627	NT=label free sample;AC=MS:1002038	NT=orbitrap fusion;AC=MS:1002416	NT=Carbamidomethyl;AC=UNIMOD:4;TA=C;MT=Fixed	NT=Trypsin;AC=MS:1001251	not available	10 ppm	0.2 Da	dithiothreitol (dtt)	iodoacetamide (iaa)	1	1	F1806_fuerschj_589.raw	ftp://ftp.pride.ebi.ac.uk/pride/data/archive/2021/10/PXD021114/F1806_fuerschj_589.raw	v1.1.0	NT=ms-proteomics;VV=v1.1.0	NT=oncology-metadata;VV=v1.0.0	manual curation	serum
F1911_fuerschj_208	homo sapiens	serum	not applicable	not available	1	F1911_fuerschj_208	proteomic profiling by mass spectrometry	NT=Data-dependent acquisition;AC=PRIDE:0000627	NT=label free sample;AC=MS:1002038	NT=orbitrap fusion;AC=MS:1002416	NT=Carbamidomethyl;AC=UNIMOD:4;TA=C;MT=Fixed	NT=Trypsin;AC=MS:1001251	not available	10 ppm	0.2 Da	dithiothreitol (dtt)	iodoacetamide (iaa)	1	1	F1911_fuerschj_208.raw	ftp://ftp.pride.ebi.ac.uk/pride/data/archive/2021/10/PXD021114/F1911_fuerschj_208.raw	v1.1.0	NT=ms-proteomics;VV=v1.1.0	NT=oncology-metadata;VV=v1.0.0	manual curation	serum
F1804_fuerschj_315	homo sapiens	serum	not applicable	not available	1	F1804_fuerschj_315	proteomic profiling by mass spectrometry	NT=Data-dependent acquisition;AC=PRIDE:0000627	NT=label free sample;AC=MS:1002038	NT=orbitrap fusion;AC=MS:1002416	NT=Carbamidomethyl;AC=UNIMOD:4;TA=C;MT=Fixed	NT=Trypsin;AC=MS:1001251	not available	10 ppm	0.2 Da	dithiothreitol (dtt)	iodoacetamide (iaa)	1	1	F1804_fuerschj_315.raw	ftp://ftp.pride.ebi.ac.uk/pride/data/archive/2021/10/PXD021114/F1804_fuerschj_315.raw	v1.1.0	NT=ms-proteomics;VV=v1.1.0	NT=oncology-metadata;VV=v1.0.0	manual curation	serum
F1912_fuerschj_493	homo sapiens	serum	not applicable	not available	1	F1912_fuerschj_493	proteomic profiling by mass spectrometry	NT=Data-dependent acquisition;AC=PRIDE:0000627	NT=label free sample;AC=MS:1002038	NT=orbitrap fusion;AC=MS:1002416	NT=Carbamidomethyl;AC=UNIMOD:4;TA=C;MT=Fixed	NT=Trypsin;AC=MS:1001251	not available	10 ppm	0.2 Da	dithiothreitol (dtt)	iodoacetamide (iaa)	1	1	F1912_fuerschj_493.raw	ftp://ftp.pride.ebi.ac.uk/pride/data/archive/2021/10/PXD021114/F1912_fuerschj_493.raw	v1.1.0	NT=ms-proteomics;VV=v1.1.0	NT=oncology-metadata;VV=v1.0.0	manual curation	serum
F1806_fuerschj_632	homo sapiens	serum	not applicable	not available	1	F1806_fuerschj_632	proteomic profiling by mass spectrometry	NT=Data-dependent acquisition;AC=PRIDE:0000627	NT=label free sample;AC=MS:1002038	NT=orbitrap fusion;AC=MS:1002416	NT=Carbamidomethyl;AC=UNIMOD:4;TA=C;MT=Fixed	NT=Trypsin;AC=MS:1001251	not available	10 ppm	0.2 Da	dithiothreitol (dtt)	iodoacetamide (iaa)	1	1	F1806_fuerschj_632.raw	ftp://ftp.pride.ebi.ac.uk/pride/data/archive/2021/10/PXD021114/F1806_fuerschj_632.raw	v1.1.0	NT=ms-proteomics;VV=v1.1.0	NT=oncology-metadata;VV=v1.0.0	manual curation	serum
F1912_fuerschj_452	homo sapiens	serum	not applicable	not available	1	F1912_fuerschj_452	proteomic profiling by mass spectrometry	NT=Data-dependent acquisition;AC=PRIDE:0000627	NT=label free sample;AC=MS:1002038	NT=orbitrap fusion;AC=MS:1002416	NT=Carbamidomethyl;AC=UNIMOD:4;TA=C;MT=Fixed	NT=Trypsin;AC=MS:1001251	not available	10 ppm	0.2 Da	dithiothreitol (dtt)	iodoacetamide (iaa)	1	1	F1912_fuerschj_452.raw	ftp://ftp.pride.ebi.ac.uk/pride/data/archive/2021/10/PXD021114/F1912_fuerschj_452.raw	v1.1.0	NT=ms-proteomics;VV=v1.1.0	NT=oncology-metadata;VV=v1.0.0	manual curation	serum
F1806_fuerschj_614	homo sapiens	serum	not applicable	not available	1	F1806_fuerschj_614	proteomic profiling by mass spectrometry	NT=Data-dependent acquisition;AC=PRIDE:0000627	NT=label free sample;AC=MS:1002038	NT=orbitrap fusion;AC=MS:1002416	NT=Carbamidomethyl;AC=UNIMOD:4;TA=C;MT=Fixed	NT=Trypsin;AC=MS:1001251	not available	10 ppm	0.2 Da	dithiothreitol (dtt)	iodoacetamide (iaa)	1	1	F1806_fuerschj_614.raw	ftp://ftp.pride.ebi.ac.uk/pride/data/archive/2021/10/PXD021114/F1806_fuerschj_614.raw	v1.1.0	NT=ms-proteomics;VV=v1.1.0	NT=oncology-metadata;VV=v1.0.0	manual curation	serum
F1806_fuerschj_416	homo sapiens	serum	not applicable	not available	1	F1806_fuerschj_416	proteomic profiling by mass spectrometry	NT=Data-dependent acquisition;AC=PRIDE:0000627	NT=label free sample;AC=MS:1002038	NT=orbitrap fusion;AC=MS:1002416	NT=Carbamidomethyl;AC=UNIMOD:4;TA=C;MT=Fixed	NT=Trypsin;AC=MS:1001251	not available	10 ppm	0.2 Da	dithiothreitol (dtt)	iodoacetamide (iaa)	1	1	F1806_fuerschj_416.raw	ftp://ftp.pride.ebi.ac.uk/pride/data/archive/2021/10/PXD021114/F1806_fuerschj_416.raw	v1.1.0	NT=ms-proteomics;VV=v1.1.0	NT=oncology-metadata;VV=v1.0.0	manual curation	serum
F1806_fuerschj_486	homo sapiens	serum	not applicable	not available	1	F1806_fuerschj_486	proteomic profiling by mass spectrometry	NT=Data-dependent acquisition;AC=PRIDE:0000627	NT=label free sample;AC=MS:1002038	NT=orbitrap fusion;AC=MS:1002416	NT=Carbamidomethyl;AC=UNIMOD:4;TA=C;MT=Fixed	NT=Trypsin;AC=MS:1001251	not available	10 ppm	0.2 Da	dithiothreitol (dtt)	iodoacetamide (iaa)	1	1	F1806_fuerschj_486.raw	ftp://ftp.pride.ebi.ac.uk/pride/data/archive/2021/10/PXD021114/F1806_fuerschj_486.raw	v1.1.0	NT=ms-proteomics;VV=v1.1.0	NT=oncology-metadata;VV=v1.0.0	manual curation	serum
F1804_fuerschj_254	homo sapiens	serum	not applicable	not available	1	F1804_fuerschj_254	proteomic profiling by mass spectrometry	NT=Data-dependent acquisition;AC=PRIDE:0000627	NT=label free sample;AC=MS:1002038	NT=orbitrap fusion;AC=MS:1002416	NT=Carbamidomethyl;AC=UNIMOD:4;TA=C;MT=Fixed	NT=Trypsin;AC=MS:1001251	not available	10 ppm	0.2 Da	dithiothreitol (dtt)	iodoacetamide (iaa)	1	1	F1804_fuerschj_254.raw	ftp://ftp.pride.ebi.ac.uk/pride/data/archive/2021/10/PXD021114/F1804_fuerschj_254.raw	v1.1.0	NT=ms-proteomics;VV=v1.1.0	NT=oncology-metadata;VV=v1.0.0	manual curation	serum
F1804_fuerschj_310	homo sapiens	serum	not applicable	not available	1	F1804_fuerschj_310	proteomic profiling by mass spectrometry	NT=Data-dependent acquisition;AC=PRIDE:0000627	NT=label free sample;AC=MS:1002038	NT=orbitrap fusion;AC=MS:1002416	NT=Carbamidomethyl;AC=UNIMOD:4;TA=C;MT=Fixed	NT=Trypsin;AC=MS:1001251	not available	10 ppm	0.2 Da	dithiothreitol (dtt)	iodoacetamide (iaa)	1	1	F1804_fuerschj_310.raw	ftp://ftp.pride.ebi.ac.uk/pride/data/archive/2021/10/PXD021114/F1804_fuerschj_310.raw	v1.1.0	NT=ms-proteomics;VV=v1.1.0	NT=oncology-metadata;VV=v1.0.0	manual curation	serum
F1901_fuerschj_035	homo sapiens	serum	not applicable	not available	1	F1901_fuerschj_035	proteomic profiling by mass spectrometry	NT=Data-dependent acquisition;AC=PRIDE:0000627	NT=label free sample;AC=MS:1002038	NT=orbitrap fusion;AC=MS:1002416	NT=Carbamidomethyl;AC=UNIMOD:4;TA=C;MT=Fixed	NT=Trypsin;AC=MS:1001251	not available	10 ppm	0.2 Da	dithiothreitol (dtt)	iodoacetamide (iaa)	1	1	F1901_fuerschj_035.raw	ftp://ftp.pride.ebi.ac.uk/pride/data/archive/2021/10/PXD021114/F1901_fuerschj_035.raw	v1.1.0	NT=ms-proteomics;VV=v1.1.0	NT=oncology-metadata;VV=v1.0.0	manual curation	serum
F1907_fuerschj_319	homo sapiens	serum	not applicable	not available	1	F1907_fuerschj_319	proteomic profiling by mass spectrometry	NT=Data-dependent acquisition;AC=PRIDE:0000627	NT=label free sample;AC=MS:1002038	NT=orbitrap fusion;AC=MS:1002416	NT=Carbamidomethyl;AC=UNIMOD:4;TA=C;MT=Fixed	NT=Trypsin;AC=MS:1001251	not available	10 ppm	0.2 Da	dithiothreitol (dtt)	iodoacetamide (iaa)	1	1	F1907_fuerschj_319.raw	ftp://ftp.pride.ebi.ac.uk/pride/data/archive/2021/10/PXD021114/F1907_fuerschj_319.raw	v1.1.0	NT=ms-proteomics;VV=v1.1.0	NT=oncology-metadata;VV=v1.0.0	manual curation	serum
F1804_fuerschj_262	homo sapiens	serum	not applicable	not available	1	F1804_fuerschj_262	proteomic profiling by mass spectrometry	NT=Data-dependent acquisition;AC=PRIDE:0000627	NT=label free sample;AC=MS:1002038	NT=orbitrap fusion;AC=MS:1002416	NT=Carbamidomethyl;AC=UNIMOD:4;TA=C;MT=Fixed	NT=Trypsin;AC=MS:1001251	not available	10 ppm	0.2 Da	dithiothreitol (dtt)	iodoacetamide (iaa)	1	1	F1804_fuerschj_262.raw	ftp://ftp.pride.ebi.ac.uk/pride/data/archive/2021/10/PXD021114/F1804_fuerschj_262.raw	v1.1.0	NT=ms-proteomics;VV=v1.1.0	NT=oncology-metadata;VV=v1.0.0	manual curation	serum
F1708_fuerschj_074	homo sapiens	serum	not applicable	not available	1	F1708_fuerschj_074	proteomic profiling by mass spectrometry	NT=Data-dependent acquisition;AC=PRIDE:0000627	NT=label free sample;AC=MS:1002038	NT=orbitrap fusion;AC=MS:1002416	NT=Carbamidomethyl;AC=UNIMOD:4;TA=C;MT=Fixed	NT=Trypsin;AC=MS:1001251	not available	10 ppm	0.2 Da	dithiothreitol (dtt)	iodoacetamide (iaa)	1	1	F1708_fuerschj_074.raw	ftp://ftp.pride.ebi.ac.uk/pride/data/archive/2021/10/PXD021114/F1708_fuerschj_074.raw	v1.1.0	NT=ms-proteomics;VV=v1.1.0	NT=oncology-metadata;VV=v1.0.0	manual curation	serum
F1912_fuerschj_434	homo sapiens	serum	not applicable	not available	1	F1912_fuerschj_434	proteomic profiling by mass spectrometry	NT=Data-dependent acquisition;AC=PRIDE:0000627	NT=label free sample;AC=MS:1002038	NT=orbitrap fusion;AC=MS:1002416	NT=Carbamidomethyl;AC=UNIMOD:4;TA=C;MT=Fixed	NT=Trypsin;AC=MS:1001251	not available	10 ppm	0.2 Da	dithiothreitol (dtt)	iodoacetamide (iaa)	1	1	F1912_fuerschj_434.raw	ftp://ftp.pride.ebi.ac.uk/pride/data/archive/2021/10/PXD021114/F1912_fuerschj_434.raw	v1.1.0	NT=ms-proteomics;VV=v1.1.0	NT=oncology-metadata;VV=v1.0.0	manual curation	serum
F1804_fuerschj_363	homo sapiens	serum	not applicable	not available	1	F1804_fuerschj_363	proteomic profiling by mass spectrometry	NT=Data-dependent acquisition;AC=PRIDE:0000627	NT=label free sample;AC=MS:1002038	NT=orbitrap fusion;AC=MS:1002416	NT=Carbamidomethyl;AC=UNIMOD:4;TA=C;MT=Fixed	NT=Trypsin;AC=MS:1001251	not available	10 ppm	0.2 Da	dithiothreitol (dtt)	iodoacetamide (iaa)	1	1	F1804_fuerschj_363.raw	ftp://ftp.pride.ebi.ac.uk/pride/data/archive/2021/10/PXD021114/F1804_fuerschj_363.raw	v1.1.0	NT=ms-proteomics;VV=v1.1.0	NT=oncology-metadata;VV=v1.0.0	manual curation	serum
F1708_fuerschj_076	homo sapiens	serum	not applicable	not available	1	F1708_fuerschj_076	proteomic profiling by mass spectrometry	NT=Data-dependent acquisition;AC=PRIDE:0000627	NT=label free sample;AC=MS:1002038	NT=orbitrap fusion;AC=MS:1002416	NT=Carbamidomethyl;AC=UNIMOD:4;TA=C;MT=Fixed	NT=Trypsin;AC=MS:1001251	not available	10 ppm	0.2 Da	dithiothreitol (dtt)	iodoacetamide (iaa)	1	1	F1708_fuerschj_076.raw	ftp://ftp.pride.ebi.ac.uk/pride/data/archive/2021/10/PXD021114/F1708_fuerschj_076.raw	v1.1.0	NT=ms-proteomics;VV=v1.1.0	NT=oncology-metadata;VV=v1.0.0	manual curation	serum
F1806_fuerschj_545	homo sapiens	serum	not applicable	not available	1	F1806_fuerschj_545	proteomic profiling by mass spectrometry	NT=Data-dependent acquisition;AC=PRIDE:0000627	NT=label free sample;AC=MS:1002038	NT=orbitrap fusion;AC=MS:1002416	NT=Carbamidomethyl;AC=UNIMOD:4;TA=C;MT=Fixed	NT=Trypsin;AC=MS:1001251	not available	10 ppm	0.2 Da	dithiothreitol (dtt)	iodoacetamide (iaa)	1	1	F1806_fuerschj_545.raw	ftp://ftp.pride.ebi.ac.uk/pride/data/archive/2021/10/PXD021114/F1806_fuerschj_545.raw	v1.1.0	NT=ms-proteomics;VV=v1.1.0	NT=oncology-metadata;VV=v1.0.0	manual curation	serum
F1804_fuerschj_280	homo sapiens	serum	not applicable	not available	1	F1804_fuerschj_280	proteomic profiling by mass spectrometry	NT=Data-dependent acquisition;AC=PRIDE:0000627	NT=label free sample;AC=MS:1002038	NT=orbitrap fusion;AC=MS:1002416	NT=Carbamidomethyl;AC=UNIMOD:4;TA=C;MT=Fixed	NT=Trypsin;AC=MS:1001251	not available	10 ppm	0.2 Da	dithiothreitol (dtt)	iodoacetamide (iaa)	1	1	F1804_fuerschj_280.raw	ftp://ftp.pride.ebi.ac.uk/pride/data/archive/2021/10/PXD021114/F1804_fuerschj_280.raw	v1.1.0	NT=ms-proteomics;VV=v1.1.0	NT=oncology-metadata;VV=v1.0.0	manual curation	serum
F1804_fuerschj_319	homo sapiens	serum	not applicable	not available	1	F1804_fuerschj_319	proteomic profiling by mass spectrometry	NT=Data-dependent acquisition;AC=PRIDE:0000627	NT=label free sample;AC=MS:1002038	NT=orbitrap fusion;AC=MS:1002416	NT=Carbamidomethyl;AC=UNIMOD:4;TA=C;MT=Fixed	NT=Trypsin;AC=MS:1001251	not available	10 ppm	0.2 Da	dithiothreitol (dtt)	iodoacetamide (iaa)	1	1	F1804_fuerschj_319.raw	ftp://ftp.pride.ebi.ac.uk/pride/data/archive/2021/10/PXD021114/F1804_fuerschj_319.raw	v1.1.0	NT=ms-proteomics;VV=v1.1.0	NT=oncology-metadata;VV=v1.0.0	manual curation	serum
F1912_fuerschj_419	homo sapiens	serum	not applicable	not available	1	F1912_fuerschj_419	proteomic profiling by mass spectrometry	NT=Data-dependent acquisition;AC=PRIDE:0000627	NT=label free sample;AC=MS:1002038	NT=orbitrap fusion;AC=MS:1002416	NT=Carbamidomethyl;AC=UNIMOD:4;TA=C;MT=Fixed	NT=Trypsin;AC=MS:1001251	not available	10 ppm	0.2 Da	dithiothreitol (dtt)	iodoacetamide (iaa)	1	1	F1912_fuerschj_419.raw	ftp://ftp.pride.ebi.ac.uk/pride/data/archive/2021/10/PXD021114/F1912_fuerschj_419.raw	v1.1.0	NT=ms-proteomics;VV=v1.1.0	NT=oncology-metadata;VV=v1.0.0	manual curation	serum
F1806_fuerschj_510	homo sapiens	serum	not applicable	not available	1	F1806_fuerschj_510	proteomic profiling by mass spectrometry	NT=Data-dependent acquisition;AC=PRIDE:0000627	NT=label free sample;AC=MS:1002038	NT=orbitrap fusion;AC=MS:1002416	NT=Carbamidomethyl;AC=UNIMOD:4;TA=C;MT=Fixed	NT=Trypsin;AC=MS:1001251	not available	10 ppm	0.2 Da	dithiothreitol (dtt)	iodoacetamide (iaa)	1	1	F1806_fuerschj_510.raw	ftp://ftp.pride.ebi.ac.uk/pride/data/archive/2021/10/PXD021114/F1806_fuerschj_510.raw	v1.1.0	NT=ms-proteomics;VV=v1.1.0	NT=oncology-metadata;VV=v1.0.0	manual curation	serum
F1708_fuerschj_069	homo sapiens	serum	not applicable	not available	1	F1708_fuerschj_069	proteomic profiling by mass spectrometry	NT=Data-dependent acquisition;AC=PRIDE:0000627	NT=label free sample;AC=MS:1002038	NT=orbitrap fusion;AC=MS:1002416	NT=Carbamidomethyl;AC=UNIMOD:4;TA=C;MT=Fixed	NT=Trypsin;AC=MS:1001251	not available	10 ppm	0.2 Da	dithiothreitol (dtt)	iodoacetamide (iaa)	1	1	F1708_fuerschj_069.raw	ftp://ftp.pride.ebi.ac.uk/pride/data/archive/2021/10/PXD021114/F1708_fuerschj_069.raw	v1.1.0	NT=ms-proteomics;VV=v1.1.0	NT=oncology-metadata;VV=v1.0.0	manual curation	serum
F1806_fuerschj_519	homo sapiens	serum	not applicable	not available	1	F1806_fuerschj_519	proteomic profiling by mass spectrometry	NT=Data-dependent acquisition;AC=PRIDE:0000627	NT=label free sample;AC=MS:1002038	NT=orbitrap fusion;AC=MS:1002416	NT=Carbamidomethyl;AC=UNIMOD:4;TA=C;MT=Fixed	NT=Trypsin;AC=MS:1001251	not available	10 ppm	0.2 Da	dithiothreitol (dtt)	iodoacetamide (iaa)	1	1	F1806_fuerschj_519.raw	ftp://ftp.pride.ebi.ac.uk/pride/data/archive/2021/10/PXD021114/F1806_fuerschj_519.raw	v1.1.0	NT=ms-proteomics;VV=v1.1.0	NT=oncology-metadata;VV=v1.0.0	manual curation	serum
F1804_fuerschj_297	homo sapiens	serum	not applicable	not available	1	F1804_fuerschj_297	proteomic profiling by mass spectrometry	NT=Data-dependent acquisition;AC=PRIDE:0000627	NT=label free sample;AC=MS:1002038	NT=orbitrap fusion;AC=MS:1002416	NT=Carbamidomethyl;AC=UNIMOD:4;TA=C;MT=Fixed	NT=Trypsin;AC=MS:1001251	not available	10 ppm	0.2 Da	dithiothreitol (dtt)	iodoacetamide (iaa)	1	1	F1804_fuerschj_297.raw	ftp://ftp.pride.ebi.ac.uk/pride/data/archive/2021/10/PXD021114/F1804_fuerschj_297.raw	v1.1.0	NT=ms-proteomics;VV=v1.1.0	NT=oncology-metadata;VV=v1.0.0	manual curation	serum
F1907_fuerschj_281	homo sapiens	serum	not applicable	not available	1	F1907_fuerschj_281	proteomic profiling by mass spectrometry	NT=Data-dependent acquisition;AC=PRIDE:0000627	NT=label free sample;AC=MS:1002038	NT=orbitrap fusion;AC=MS:1002416	NT=Carbamidomethyl;AC=UNIMOD:4;TA=C;MT=Fixed	NT=Trypsin;AC=MS:1001251	not available	10 ppm	0.2 Da	dithiothreitol (dtt)	iodoacetamide (iaa)	1	1	F1907_fuerschj_281.raw	ftp://ftp.pride.ebi.ac.uk/pride/data/archive/2021/10/PXD021114/F1907_fuerschj_281.raw	v1.1.0	NT=ms-proteomics;VV=v1.1.0	NT=oncology-metadata;VV=v1.0.0	manual curation	serum
F1911_fuerschj_202	homo sapiens	serum	not applicable	not available	1	F1911_fuerschj_202	proteomic profiling by mass spectrometry	NT=Data-dependent acquisition;AC=PRIDE:0000627	NT=label free sample;AC=MS:1002038	NT=orbitrap fusion;AC=MS:1002416	NT=Carbamidomethyl;AC=UNIMOD:4;TA=C;MT=Fixed	NT=Trypsin;AC=MS:1001251	not available	10 ppm	0.2 Da	dithiothreitol (dtt)	iodoacetamide (iaa)	1	1	F1911_fuerschj_202.raw	ftp://ftp.pride.ebi.ac.uk/pride/data/archive/2021/10/PXD021114/F1911_fuerschj_202.raw	v1.1.0	NT=ms-proteomics;VV=v1.1.0	NT=oncology-metadata;VV=v1.0.0	manual curation	serum
F1806_fuerschj_602	homo sapiens	serum	not applicable	not available	1	F1806_fuerschj_602	proteomic profiling by mass spectrometry	NT=Data-dependent acquisition;AC=PRIDE:0000627	NT=label free sample;AC=MS:1002038	NT=orbitrap fusion;AC=MS:1002416	NT=Carbamidomethyl;AC=UNIMOD:4;TA=C;MT=Fixed	NT=Trypsin;AC=MS:1001251	not available	10 ppm	0.2 Da	dithiothreitol (dtt)	iodoacetamide (iaa)	1	1	F1806_fuerschj_602.raw	ftp://ftp.pride.ebi.ac.uk/pride/data/archive/2021/10/PXD021114/F1806_fuerschj_602.raw	v1.1.0	NT=ms-proteomics;VV=v1.1.0	NT=oncology-metadata;VV=v1.0.0	manual curation	serum
F1708_fuerschj_071	homo sapiens	serum	not applicable	not available	1	F1708_fuerschj_071	proteomic profiling by mass spectrometry	NT=Data-dependent acquisition;AC=PRIDE:0000627	NT=label free sample;AC=MS:1002038	NT=orbitrap fusion;AC=MS:1002416	NT=Carbamidomethyl;AC=UNIMOD:4;TA=C;MT=Fixed	NT=Trypsin;AC=MS:1001251	not available	10 ppm	0.2 Da	dithiothreitol (dtt)	iodoacetamide (iaa)	1	1	F1708_fuerschj_071.raw	ftp://ftp.pride.ebi.ac.uk/pride/data/archive/2021/10/PXD021114/F1708_fuerschj_071.raw	v1.1.0	NT=ms-proteomics;VV=v1.1.0	NT=oncology-metadata;VV=v1.0.0	manual curation	serum
F1911_fuerschj_231	homo sapiens	serum	not applicable	not available	1	F1911_fuerschj_231	proteomic profiling by mass spectrometry	NT=Data-dependent acquisition;AC=PRIDE:0000627	NT=label free sample;AC=MS:1002038	NT=orbitrap fusion;AC=MS:1002416	NT=Carbamidomethyl;AC=UNIMOD:4;TA=C;MT=Fixed	NT=Trypsin;AC=MS:1001251	not available	10 ppm	0.2 Da	dithiothreitol (dtt)	iodoacetamide (iaa)	1	1	F1911_fuerschj_231.raw	ftp://ftp.pride.ebi.ac.uk/pride/data/archive/2021/10/PXD021114/F1911_fuerschj_231.raw	v1.1.0	NT=ms-proteomics;VV=v1.1.0	NT=oncology-metadata;VV=v1.0.0	manual curation	serum
F1806_fuerschj_554	homo sapiens	serum	not applicable	not available	1	F1806_fuerschj_554	proteomic profiling by mass spectrometry	NT=Data-dependent acquisition;AC=PRIDE:0000627	NT=label free sample;AC=MS:1002038	NT=orbitrap fusion;AC=MS:1002416	NT=Carbamidomethyl;AC=UNIMOD:4;TA=C;MT=Fixed	NT=Trypsin;AC=MS:1001251	not available	10 ppm	0.2 Da	dithiothreitol (dtt)	iodoacetamide (iaa)	1	1	F1806_fuerschj_554.raw	ftp://ftp.pride.ebi.ac.uk/pride/data/archive/2021/10/PXD021114/F1806_fuerschj_554.raw	v1.1.0	NT=ms-proteomics;VV=v1.1.0	NT=oncology-metadata;VV=v1.0.0	manual curation	serum
F1804_fuerschj_276	homo sapiens	serum	not applicable	not available	1	F1804_fuerschj_276	proteomic profiling by mass spectrometry	NT=Data-dependent acquisition;AC=PRIDE:0000627	NT=label free sample;AC=MS:1002038	NT=orbitrap fusion;AC=MS:1002416	NT=Carbamidomethyl;AC=UNIMOD:4;TA=C;MT=Fixed	NT=Trypsin;AC=MS:1001251	not available	10 ppm	0.2 Da	dithiothreitol (dtt)	iodoacetamide (iaa)	1	1	F1804_fuerschj_276.raw	ftp://ftp.pride.ebi.ac.uk/pride/data/archive/2021/10/PXD021114/F1804_fuerschj_276.raw	v1.1.0	NT=ms-proteomics;VV=v1.1.0	NT=oncology-metadata;VV=v1.0.0	manual curation	serum
F1806_fuerschj_491	homo sapiens	serum	not applicable	not available	1	F1806_fuerschj_491	proteomic profiling by mass spectrometry	NT=Data-dependent acquisition;AC=PRIDE:0000627	NT=label free sample;AC=MS:1002038	NT=orbitrap fusion;AC=MS:1002416	NT=Carbamidomethyl;AC=UNIMOD:4;TA=C;MT=Fixed	NT=Trypsin;AC=MS:1001251	not available	10 ppm	0.2 Da	dithiothreitol (dtt)	iodoacetamide (iaa)	1	1	F1806_fuerschj_491.raw	ftp://ftp.pride.ebi.ac.uk/pride/data/archive/2021/10/PXD021114/F1806_fuerschj_491.raw	v1.1.0	NT=ms-proteomics;VV=v1.1.0	NT=oncology-metadata;VV=v1.0.0	manual curation	serum
F1804_fuerschj_325	homo sapiens	serum	not applicable	not available	1	F1804_fuerschj_325	proteomic profiling by mass spectrometry	NT=Data-dependent acquisition;AC=PRIDE:0000627	NT=label free sample;AC=MS:1002038	NT=orbitrap fusion;AC=MS:1002416	NT=Carbamidomethyl;AC=UNIMOD:4;TA=C;MT=Fixed	NT=Trypsin;AC=MS:1001251	not available	10 ppm	0.2 Da	dithiothreitol (dtt)	iodoacetamide (iaa)	1	1	F1804_fuerschj_325.raw	ftp://ftp.pride.ebi.ac.uk/pride/data/archive/2021/10/PXD021114/F1804_fuerschj_325.raw	v1.1.0	NT=ms-proteomics;VV=v1.1.0	NT=oncology-metadata;VV=v1.0.0	manual curation	serum
F1806_fuerschj_499	homo sapiens	serum	not applicable	not available	1	F1806_fuerschj_499	proteomic profiling by mass spectrometry	NT=Data-dependent acquisition;AC=PRIDE:0000627	NT=label free sample;AC=MS:1002038	NT=orbitrap fusion;AC=MS:1002416	NT=Carbamidomethyl;AC=UNIMOD:4;TA=C;MT=Fixed	NT=Trypsin;AC=MS:1001251	not available	10 ppm	0.2 Da	dithiothreitol (dtt)	iodoacetamide (iaa)	1	1	F1806_fuerschj_499.raw	ftp://ftp.pride.ebi.ac.uk/pride/data/archive/2021/10/PXD021114/F1806_fuerschj_499.raw	v1.1.0	NT=ms-proteomics;VV=v1.1.0	NT=oncology-metadata;VV=v1.0.0	manual curation	serum
F1806_fuerschj_544	homo sapiens	serum	not applicable	not available	1	F1806_fuerschj_544	proteomic profiling by mass spectrometry	NT=Data-dependent acquisition;AC=PRIDE:0000627	NT=label free sample;AC=MS:1002038	NT=orbitrap fusion;AC=MS:1002416	NT=Carbamidomethyl;AC=UNIMOD:4;TA=C;MT=Fixed	NT=Trypsin;AC=MS:1001251	not available	10 ppm	0.2 Da	dithiothreitol (dtt)	iodoacetamide (iaa)	1	1	F1806_fuerschj_544.raw	ftp://ftp.pride.ebi.ac.uk/pride/data/archive/2021/10/PXD021114/F1806_fuerschj_544.raw	v1.1.0	NT=ms-proteomics;VV=v1.1.0	NT=oncology-metadata;VV=v1.0.0	manual curation	serum
F1912_fuerschj_482	homo sapiens	serum	not applicable	not available	1	F1912_fuerschj_482	proteomic profiling by mass spectrometry	NT=Data-dependent acquisition;AC=PRIDE:0000627	NT=label free sample;AC=MS:1002038	NT=orbitrap fusion;AC=MS:1002416	NT=Carbamidomethyl;AC=UNIMOD:4;TA=C;MT=Fixed	NT=Trypsin;AC=MS:1001251	not available	10 ppm	0.2 Da	dithiothreitol (dtt)	iodoacetamide (iaa)	1	1	F1912_fuerschj_482.raw	ftp://ftp.pride.ebi.ac.uk/pride/data/archive/2021/10/PXD021114/F1912_fuerschj_482.raw	v1.1.0	NT=ms-proteomics;VV=v1.1.0	NT=oncology-metadata;VV=v1.0.0	manual curation	serum
F1911_fuerschj_221	homo sapiens	serum	not applicable	not available	1	F1911_fuerschj_221	proteomic profiling by mass spectrometry	NT=Data-dependent acquisition;AC=PRIDE:0000627	NT=label free sample;AC=MS:1002038	NT=orbitrap fusion;AC=MS:1002416	NT=Carbamidomethyl;AC=UNIMOD:4;TA=C;MT=Fixed	NT=Trypsin;AC=MS:1001251	not available	10 ppm	0.2 Da	dithiothreitol (dtt)	iodoacetamide (iaa)	1	1	F1911_fuerschj_221.raw	ftp://ftp.pride.ebi.ac.uk/pride/data/archive/2021/10/PXD021114/F1911_fuerschj_221.raw	v1.1.0	NT=ms-proteomics;VV=v1.1.0	NT=oncology-metadata;VV=v1.0.0	manual curation	serum
F1806_fuerschj_467	homo sapiens	serum	not applicable	not available	1	F1806_fuerschj_467	proteomic profiling by mass spectrometry	NT=Data-dependent acquisition;AC=PRIDE:0000627	NT=label free sample;AC=MS:1002038	NT=orbitrap fusion;AC=MS:1002416	NT=Carbamidomethyl;AC=UNIMOD:4;TA=C;MT=Fixed	NT=Trypsin;AC=MS:1001251	not available	10 ppm	0.2 Da	dithiothreitol (dtt)	iodoacetamide (iaa)	1	1	F1806_fuerschj_467.raw	ftp://ftp.pride.ebi.ac.uk/pride/data/archive/2021/10/PXD021114/F1806_fuerschj_467.raw	v1.1.0	NT=ms-proteomics;VV=v1.1.0	NT=oncology-metadata;VV=v1.0.0	manual curation	serum
F1806_fuerschj_598	homo sapiens	serum	not applicable	not available	1	F1806_fuerschj_598	proteomic profiling by mass spectrometry	NT=Data-dependent acquisition;AC=PRIDE:0000627	NT=label free sample;AC=MS:1002038	NT=orbitrap fusion;AC=MS:1002416	NT=Carbamidomethyl;AC=UNIMOD:4;TA=C;MT=Fixed	NT=Trypsin;AC=MS:1001251	not available	10 ppm	0.2 Da	dithiothreitol (dtt)	iodoacetamide (iaa)	1	1	F1806_fuerschj_598.raw	ftp://ftp.pride.ebi.ac.uk/pride/data/archive/2021/10/PXD021114/F1806_fuerschj_598.raw	v1.1.0	NT=ms-proteomics;VV=v1.1.0	NT=oncology-metadata;VV=v1.0.0	manual curation	serum
F1912_fuerschj_425	homo sapiens	serum	not applicable	not available	1	F1912_fuerschj_425	proteomic profiling by mass spectrometry	NT=Data-dependent acquisition;AC=PRIDE:0000627	NT=label free sample;AC=MS:1002038	NT=orbitrap fusion;AC=MS:1002416	NT=Carbamidomethyl;AC=UNIMOD:4;TA=C;MT=Fixed	NT=Trypsin;AC=MS:1001251	not available	10 ppm	0.2 Da	dithiothreitol (dtt)	iodoacetamide (iaa)	1	1	F1912_fuerschj_425.raw	ftp://ftp.pride.ebi.ac.uk/pride/data/archive/2021/10/PXD021114/F1912_fuerschj_425.raw	v1.1.0	NT=ms-proteomics;VV=v1.1.0	NT=oncology-metadata;VV=v1.0.0	manual curation	serum
F1912_fuerschj_435	homo sapiens	serum	not applicable	not available	1	F1912_fuerschj_435	proteomic profiling by mass spectrometry	NT=Data-dependent acquisition;AC=PRIDE:0000627	NT=label free sample;AC=MS:1002038	NT=orbitrap fusion;AC=MS:1002416	NT=Carbamidomethyl;AC=UNIMOD:4;TA=C;MT=Fixed	NT=Trypsin;AC=MS:1001251	not available	10 ppm	0.2 Da	dithiothreitol (dtt)	iodoacetamide (iaa)	1	1	F1912_fuerschj_435.raw	ftp://ftp.pride.ebi.ac.uk/pride/data/archive/2021/10/PXD021114/F1912_fuerschj_435.raw	v1.1.0	NT=ms-proteomics;VV=v1.1.0	NT=oncology-metadata;VV=v1.0.0	manual curation	serum
F1806_fuerschj_521	homo sapiens	serum	not applicable	not available	1	F1806_fuerschj_521	proteomic profiling by mass spectrometry	NT=Data-dependent acquisition;AC=PRIDE:0000627	NT=label free sample;AC=MS:1002038	NT=orbitrap fusion;AC=MS:1002416	NT=Carbamidomethyl;AC=UNIMOD:4;TA=C;MT=Fixed	NT=Trypsin;AC=MS:1001251	not available	10 ppm	0.2 Da	dithiothreitol (dtt)	iodoacetamide (iaa)	1	1	F1806_fuerschj_521.raw	ftp://ftp.pride.ebi.ac.uk/pride/data/archive/2021/10/PXD021114/F1806_fuerschj_521.raw	v1.1.0	NT=ms-proteomics;VV=v1.1.0	NT=oncology-metadata;VV=v1.0.0	manual curation	serum
F1804_fuerschj_375	homo sapiens	serum	not applicable	not available	1	F1804_fuerschj_375	proteomic profiling by mass spectrometry	NT=Data-dependent acquisition;AC=PRIDE:0000627	NT=label free sample;AC=MS:1002038	NT=orbitrap fusion;AC=MS:1002416	NT=Carbamidomethyl;AC=UNIMOD:4;TA=C;MT=Fixed	NT=Trypsin;AC=MS:1001251	not available	10 ppm	0.2 Da	dithiothreitol (dtt)	iodoacetamide (iaa)	1	1	F1804_fuerschj_375.raw	ftp://ftp.pride.ebi.ac.uk/pride/data/archive/2021/10/PXD021114/F1804_fuerschj_375.raw	v1.1.0	NT=ms-proteomics;VV=v1.1.0	NT=oncology-metadata;VV=v1.0.0	manual curation	serum
F1912_fuerschj_463	homo sapiens	serum	not applicable	not available	1	F1912_fuerschj_463	proteomic profiling by mass spectrometry	NT=Data-dependent acquisition;AC=PRIDE:0000627	NT=label free sample;AC=MS:1002038	NT=orbitrap fusion;AC=MS:1002416	NT=Carbamidomethyl;AC=UNIMOD:4;TA=C;MT=Fixed	NT=Trypsin;AC=MS:1001251	not available	10 ppm	0.2 Da	dithiothreitol (dtt)	iodoacetamide (iaa)	1	1	F1912_fuerschj_463.raw	ftp://ftp.pride.ebi.ac.uk/pride/data/archive/2021/10/PXD021114/F1912_fuerschj_463.raw	v1.1.0	NT=ms-proteomics;VV=v1.1.0	NT=oncology-metadata;VV=v1.0.0	manual curation	serum
F1804_fuerschj_308	homo sapiens	serum	not applicable	not available	1	F1804_fuerschj_308	proteomic profiling by mass spectrometry	NT=Data-dependent acquisition;AC=PRIDE:0000627	NT=label free sample;AC=MS:1002038	NT=orbitrap fusion;AC=MS:1002416	NT=Carbamidomethyl;AC=UNIMOD:4;TA=C;MT=Fixed	NT=Trypsin;AC=MS:1001251	not available	10 ppm	0.2 Da	dithiothreitol (dtt)	iodoacetamide (iaa)	1	1	F1804_fuerschj_308.raw	ftp://ftp.pride.ebi.ac.uk/pride/data/archive/2021/10/PXD021114/F1804_fuerschj_308.raw	v1.1.0	NT=ms-proteomics;VV=v1.1.0	NT=oncology-metadata;VV=v1.0.0	manual curation	serum
F1806_fuerschj_606	homo sapiens	serum	not applicable	not available	1	F1806_fuerschj_606	proteomic profiling by mass spectrometry	NT=Data-dependent acquisition;AC=PRIDE:0000627	NT=label free sample;AC=MS:1002038	NT=orbitrap fusion;AC=MS:1002416	NT=Carbamidomethyl;AC=UNIMOD:4;TA=C;MT=Fixed	NT=Trypsin;AC=MS:1001251	not available	10 ppm	0.2 Da	dithiothreitol (dtt)	iodoacetamide (iaa)	1	1	F1806_fuerschj_606.raw	ftp://ftp.pride.ebi.ac.uk/pride/data/archive/2021/10/PXD021114/F1806_fuerschj_606.raw	v1.1.0	NT=ms-proteomics;VV=v1.1.0	NT=oncology-metadata;VV=v1.0.0	manual curation	serum
F1804_fuerschj_252	homo sapiens	serum	not applicable	not available	1	F1804_fuerschj_252	proteomic profiling by mass spectrometry	NT=Data-dependent acquisition;AC=PRIDE:0000627	NT=label free sample;AC=MS:1002038	NT=orbitrap fusion;AC=MS:1002416	NT=Carbamidomethyl;AC=UNIMOD:4;TA=C;MT=Fixed	NT=Trypsin;AC=MS:1001251	not available	10 ppm	0.2 Da	dithiothreitol (dtt)	iodoacetamide (iaa)	1	1	F1804_fuerschj_252.raw	ftp://ftp.pride.ebi.ac.uk/pride/data/archive/2021/10/PXD021114/F1804_fuerschj_252.raw	v1.1.0	NT=ms-proteomics;VV=v1.1.0	NT=oncology-metadata;VV=v1.0.0	manual curation	serum
F1806_fuerschj_528	homo sapiens	serum	not applicable	not available	1	F1806_fuerschj_528	proteomic profiling by mass spectrometry	NT=Data-dependent acquisition;AC=PRIDE:0000627	NT=label free sample;AC=MS:1002038	NT=orbitrap fusion;AC=MS:1002416	NT=Carbamidomethyl;AC=UNIMOD:4;TA=C;MT=Fixed	NT=Trypsin;AC=MS:1001251	not available	10 ppm	0.2 Da	dithiothreitol (dtt)	iodoacetamide (iaa)	1	1	F1806_fuerschj_528.raw	ftp://ftp.pride.ebi.ac.uk/pride/data/archive/2021/10/PXD021114/F1806_fuerschj_528.raw	v1.1.0	NT=ms-proteomics;VV=v1.1.0	NT=oncology-metadata;VV=v1.0.0	manual curation	serum
F1901_fuerschj_028	homo sapiens	serum	not applicable	not available	1	F1901_fuerschj_028	proteomic profiling by mass spectrometry	NT=Data-dependent acquisition;AC=PRIDE:0000627	NT=label free sample;AC=MS:1002038	NT=orbitrap fusion;AC=MS:1002416	NT=Carbamidomethyl;AC=UNIMOD:4;TA=C;MT=Fixed	NT=Trypsin;AC=MS:1001251	not available	10 ppm	0.2 Da	dithiothreitol (dtt)	iodoacetamide (iaa)	1	1	F1901_fuerschj_028.raw	ftp://ftp.pride.ebi.ac.uk/pride/data/archive/2021/10/PXD021114/F1901_fuerschj_028.raw	v1.1.0	NT=ms-proteomics;VV=v1.1.0	NT=oncology-metadata;VV=v1.0.0	manual curation	serum
F1911_fuerschj_236	homo sapiens	serum	not applicable	not available	1	F1911_fuerschj_236	proteomic profiling by mass spectrometry	NT=Data-dependent acquisition;AC=PRIDE:0000627	NT=label free sample;AC=MS:1002038	NT=orbitrap fusion;AC=MS:1002416	NT=Carbamidomethyl;AC=UNIMOD:4;TA=C;MT=Fixed	NT=Trypsin;AC=MS:1001251	not available	10 ppm	0.2 Da	dithiothreitol (dtt)	iodoacetamide (iaa)	1	1	F1911_fuerschj_236.raw	ftp://ftp.pride.ebi.ac.uk/pride/data/archive/2021/10/PXD021114/F1911_fuerschj_236.raw	v1.1.0	NT=ms-proteomics;VV=v1.1.0	NT=oncology-metadata;VV=v1.0.0	manual curation	serum
F1806_fuerschj_407	homo sapiens	serum	not applicable	not available	1	F1806_fuerschj_407	proteomic profiling by mass spectrometry	NT=Data-dependent acquisition;AC=PRIDE:0000627	NT=label free sample;AC=MS:1002038	NT=orbitrap fusion;AC=MS:1002416	NT=Carbamidomethyl;AC=UNIMOD:4;TA=C;MT=Fixed	NT=Trypsin;AC=MS:1001251	not available	10 ppm	0.2 Da	dithiothreitol (dtt)	iodoacetamide (iaa)	1	1	F1806_fuerschj_407.raw	ftp://ftp.pride.ebi.ac.uk/pride/data/archive/2021/10/PXD021114/F1806_fuerschj_407.raw	v1.1.0	NT=ms-proteomics;VV=v1.1.0	NT=oncology-metadata;VV=v1.0.0	manual curation	serum
F1806_fuerschj_485	homo sapiens	serum	not applicable	not available	1	F1806_fuerschj_485	proteomic profiling by mass spectrometry	NT=Data-dependent acquisition;AC=PRIDE:0000627	NT=label free sample;AC=MS:1002038	NT=orbitrap fusion;AC=MS:1002416	NT=Carbamidomethyl;AC=UNIMOD:4;TA=C;MT=Fixed	NT=Trypsin;AC=MS:1001251	not available	10 ppm	0.2 Da	dithiothreitol (dtt)	iodoacetamide (iaa)	1	1	F1806_fuerschj_485.raw	ftp://ftp.pride.ebi.ac.uk/pride/data/archive/2021/10/PXD021114/F1806_fuerschj_485.raw	v1.1.0	NT=ms-proteomics;VV=v1.1.0	NT=oncology-metadata;VV=v1.0.0	manual curation	serum
F1907_fuerschj_317	homo sapiens	serum	not applicable	not available	1	F1907_fuerschj_317	proteomic profiling by mass spectrometry	NT=Data-dependent acquisition;AC=PRIDE:0000627	NT=label free sample;AC=MS:1002038	NT=orbitrap fusion;AC=MS:1002416	NT=Carbamidomethyl;AC=UNIMOD:4;TA=C;MT=Fixed	NT=Trypsin;AC=MS:1001251	not available	10 ppm	0.2 Da	dithiothreitol (dtt)	iodoacetamide (iaa)	1	1	F1907_fuerschj_317.raw	ftp://ftp.pride.ebi.ac.uk/pride/data/archive/2021/10/PXD021114/F1907_fuerschj_317.raw	v1.1.0	NT=ms-proteomics;VV=v1.1.0	NT=oncology-metadata;VV=v1.0.0	manual curation	serum
F1901_fuerschj_064	homo sapiens	serum	not applicable	not available	1	F1901_fuerschj_064	proteomic profiling by mass spectrometry	NT=Data-dependent acquisition;AC=PRIDE:0000627	NT=label free sample;AC=MS:1002038	NT=orbitrap fusion;AC=MS:1002416	NT=Carbamidomethyl;AC=UNIMOD:4;TA=C;MT=Fixed	NT=Trypsin;AC=MS:1001251	not available	10 ppm	0.2 Da	dithiothreitol (dtt)	iodoacetamide (iaa)	1	1	F1901_fuerschj_064.raw	ftp://ftp.pride.ebi.ac.uk/pride/data/archive/2021/10/PXD021114/F1901_fuerschj_064.raw	v1.1.0	NT=ms-proteomics;VV=v1.1.0	NT=oncology-metadata;VV=v1.0.0	manual curation	serum
F1804_fuerschj_289	homo sapiens	serum	not applicable	not available	1	F1804_fuerschj_289	proteomic profiling by mass spectrometry	NT=Data-dependent acquisition;AC=PRIDE:0000627	NT=label free sample;AC=MS:1002038	NT=orbitrap fusion;AC=MS:1002416	NT=Carbamidomethyl;AC=UNIMOD:4;TA=C;MT=Fixed	NT=Trypsin;AC=MS:1001251	not available	10 ppm	0.2 Da	dithiothreitol (dtt)	iodoacetamide (iaa)	1	1	F1804_fuerschj_289.raw	ftp://ftp.pride.ebi.ac.uk/pride/data/archive/2021/10/PXD021114/F1804_fuerschj_289.raw	v1.1.0	NT=ms-proteomics;VV=v1.1.0	NT=oncology-metadata;VV=v1.0.0	manual curation	serum
F1804_fuerschj_342	homo sapiens	serum	not applicable	not available	1	F1804_fuerschj_342	proteomic profiling by mass spectrometry	NT=Data-dependent acquisition;AC=PRIDE:0000627	NT=label free sample;AC=MS:1002038	NT=orbitrap fusion;AC=MS:1002416	NT=Carbamidomethyl;AC=UNIMOD:4;TA=C;MT=Fixed	NT=Trypsin;AC=MS:1001251	not available	10 ppm	0.2 Da	dithiothreitol (dtt)	iodoacetamide (iaa)	1	1	F1804_fuerschj_342.raw	ftp://ftp.pride.ebi.ac.uk/pride/data/archive/2021/10/PXD021114/F1804_fuerschj_342.raw	v1.1.0	NT=ms-proteomics;VV=v1.1.0	NT=oncology-metadata;VV=v1.0.0	manual curation	serum
F1804_fuerschj_347	homo sapiens	serum	not applicable	not available	1	F1804_fuerschj_347	proteomic profiling by mass spectrometry	NT=Data-dependent acquisition;AC=PRIDE:0000627	NT=label free sample;AC=MS:1002038	NT=orbitrap fusion;AC=MS:1002416	NT=Carbamidomethyl;AC=UNIMOD:4;TA=C;MT=Fixed	NT=Trypsin;AC=MS:1001251	not available	10 ppm	0.2 Da	dithiothreitol (dtt)	iodoacetamide (iaa)	1	1	F1804_fuerschj_347.raw	ftp://ftp.pride.ebi.ac.uk/pride/data/archive/2021/10/PXD021114/F1804_fuerschj_347.raw	v1.1.0	NT=ms-proteomics;VV=v1.1.0	NT=oncology-metadata;VV=v1.0.0	manual curation	serum
F1911_fuerschj_283	homo sapiens	serum	not applicable	not available	1	F1911_fuerschj_283	proteomic profiling by mass spectrometry	NT=Data-dependent acquisition;AC=PRIDE:0000627	NT=label free sample;AC=MS:1002038	NT=orbitrap fusion;AC=MS:1002416	NT=Carbamidomethyl;AC=UNIMOD:4;TA=C;MT=Fixed	NT=Trypsin;AC=MS:1001251	not available	10 ppm	0.2 Da	dithiothreitol (dtt)	iodoacetamide (iaa)	1	1	F1911_fuerschj_283.raw	ftp://ftp.pride.ebi.ac.uk/pride/data/archive/2021/10/PXD021114/F1911_fuerschj_283.raw	v1.1.0	NT=ms-proteomics;VV=v1.1.0	NT=oncology-metadata;VV=v1.0.0	manual curation	serum
F1806_fuerschj_523	homo sapiens	serum	not applicable	not available	1	F1806_fuerschj_523	proteomic profiling by mass spectrometry	NT=Data-dependent acquisition;AC=PRIDE:0000627	NT=label free sample;AC=MS:1002038	NT=orbitrap fusion;AC=MS:1002416	NT=Carbamidomethyl;AC=UNIMOD:4;TA=C;MT=Fixed	NT=Trypsin;AC=MS:1001251	not available	10 ppm	0.2 Da	dithiothreitol (dtt)	iodoacetamide (iaa)	1	1	F1806_fuerschj_523.raw	ftp://ftp.pride.ebi.ac.uk/pride/data/archive/2021/10/PXD021114/F1806_fuerschj_523.raw	v1.1.0	NT=ms-proteomics;VV=v1.1.0	NT=oncology-metadata;VV=v1.0.0	manual curation	serum
F1806_fuerschj_550	homo sapiens	serum	not applicable	not available	1	F1806_fuerschj_550	proteomic profiling by mass spectrometry	NT=Data-dependent acquisition;AC=PRIDE:0000627	NT=label free sample;AC=MS:1002038	NT=orbitrap fusion;AC=MS:1002416	NT=Carbamidomethyl;AC=UNIMOD:4;TA=C;MT=Fixed	NT=Trypsin;AC=MS:1001251	not available	10 ppm	0.2 Da	dithiothreitol (dtt)	iodoacetamide (iaa)	1	1	F1806_fuerschj_550.raw	ftp://ftp.pride.ebi.ac.uk/pride/data/archive/2021/10/PXD021114/F1806_fuerschj_550.raw	v1.1.0	NT=ms-proteomics;VV=v1.1.0	NT=oncology-metadata;VV=v1.0.0	manual curation	serum
F1912_fuerschj_468	homo sapiens	serum	not applicable	not available	1	F1912_fuerschj_468	proteomic profiling by mass spectrometry	NT=Data-dependent acquisition;AC=PRIDE:0000627	NT=label free sample;AC=MS:1002038	NT=orbitrap fusion;AC=MS:1002416	NT=Carbamidomethyl;AC=UNIMOD:4;TA=C;MT=Fixed	NT=Trypsin;AC=MS:1001251	not available	10 ppm	0.2 Da	dithiothreitol (dtt)	iodoacetamide (iaa)	1	1	F1912_fuerschj_468.raw	ftp://ftp.pride.ebi.ac.uk/pride/data/archive/2021/10/PXD021114/F1912_fuerschj_468.raw	v1.1.0	NT=ms-proteomics;VV=v1.1.0	NT=oncology-metadata;VV=v1.0.0	manual curation	serum
F1907_fuerschj_279	homo sapiens	serum	not applicable	not available	1	F1907_fuerschj_279	proteomic profiling by mass spectrometry	NT=Data-dependent acquisition;AC=PRIDE:0000627	NT=label free sample;AC=MS:1002038	NT=orbitrap fusion;AC=MS:1002416	NT=Carbamidomethyl;AC=UNIMOD:4;TA=C;MT=Fixed	NT=Trypsin;AC=MS:1001251	not available	10 ppm	0.2 Da	dithiothreitol (dtt)	iodoacetamide (iaa)	1	1	F1907_fuerschj_279.raw	ftp://ftp.pride.ebi.ac.uk/pride/data/archive/2021/10/PXD021114/F1907_fuerschj_279.raw	v1.1.0	NT=ms-proteomics;VV=v1.1.0	NT=oncology-metadata;VV=v1.0.0	manual curation	serum
F1804_fuerschj_334	homo sapiens	serum	not applicable	not available	1	F1804_fuerschj_334	proteomic profiling by mass spectrometry	NT=Data-dependent acquisition;AC=PRIDE:0000627	NT=label free sample;AC=MS:1002038	NT=orbitrap fusion;AC=MS:1002416	NT=Carbamidomethyl;AC=UNIMOD:4;TA=C;MT=Fixed	NT=Trypsin;AC=MS:1001251	not available	10 ppm	0.2 Da	dithiothreitol (dtt)	iodoacetamide (iaa)	1	1	F1804_fuerschj_334.raw	ftp://ftp.pride.ebi.ac.uk/pride/data/archive/2021/10/PXD021114/F1804_fuerschj_334.raw	v1.1.0	NT=ms-proteomics;VV=v1.1.0	NT=oncology-metadata;VV=v1.0.0	manual curation	serum
F1804_fuerschj_371	homo sapiens	serum	not applicable	not available	1	F1804_fuerschj_371	proteomic profiling by mass spectrometry	NT=Data-dependent acquisition;AC=PRIDE:0000627	NT=label free sample;AC=MS:1002038	NT=orbitrap fusion;AC=MS:1002416	NT=Carbamidomethyl;AC=UNIMOD:4;TA=C;MT=Fixed	NT=Trypsin;AC=MS:1001251	not available	10 ppm	0.2 Da	dithiothreitol (dtt)	iodoacetamide (iaa)	1	1	F1804_fuerschj_371.raw	ftp://ftp.pride.ebi.ac.uk/pride/data/archive/2021/10/PXD021114/F1804_fuerschj_371.raw	v1.1.0	NT=ms-proteomics;VV=v1.1.0	NT=oncology-metadata;VV=v1.0.0	manual curation	serum
F1912_fuerschj_428	homo sapiens	serum	not applicable	not available	1	F1912_fuerschj_428	proteomic profiling by mass spectrometry	NT=Data-dependent acquisition;AC=PRIDE:0000627	NT=label free sample;AC=MS:1002038	NT=orbitrap fusion;AC=MS:1002416	NT=Carbamidomethyl;AC=UNIMOD:4;TA=C;MT=Fixed	NT=Trypsin;AC=MS:1001251	not available	10 ppm	0.2 Da	dithiothreitol (dtt)	iodoacetamide (iaa)	1	1	F1912_fuerschj_428.raw	ftp://ftp.pride.ebi.ac.uk/pride/data/archive/2021/10/PXD021114/F1912_fuerschj_428.raw	v1.1.0	NT=ms-proteomics;VV=v1.1.0	NT=oncology-metadata;VV=v1.0.0	manual curation	serum
F1804_fuerschj_258	homo sapiens	serum	not applicable	not available	1	F1804_fuerschj_258	proteomic profiling by mass spectrometry	NT=Data-dependent acquisition;AC=PRIDE:0000627	NT=label free sample;AC=MS:1002038	NT=orbitrap fusion;AC=MS:1002416	NT=Carbamidomethyl;AC=UNIMOD:4;TA=C;MT=Fixed	NT=Trypsin;AC=MS:1001251	not available	10 ppm	0.2 Da	dithiothreitol (dtt)	iodoacetamide (iaa)	1	1	F1804_fuerschj_258.raw	ftp://ftp.pride.ebi.ac.uk/pride/data/archive/2021/10/PXD021114/F1804_fuerschj_258.raw	v1.1.0	NT=ms-proteomics;VV=v1.1.0	NT=oncology-metadata;VV=v1.0.0	manual curation	serum
F1806_fuerschj_548	homo sapiens	serum	not applicable	not available	1	F1806_fuerschj_548	proteomic profiling by mass spectrometry	NT=Data-dependent acquisition;AC=PRIDE:0000627	NT=label free sample;AC=MS:1002038	NT=orbitrap fusion;AC=MS:1002416	NT=Carbamidomethyl;AC=UNIMOD:4;TA=C;MT=Fixed	NT=Trypsin;AC=MS:1001251	not available	10 ppm	0.2 Da	dithiothreitol (dtt)	iodoacetamide (iaa)	1	1	F1806_fuerschj_548.raw	ftp://ftp.pride.ebi.ac.uk/pride/data/archive/2021/10/PXD021114/F1806_fuerschj_548.raw	v1.1.0	NT=ms-proteomics;VV=v1.1.0	NT=oncology-metadata;VV=v1.0.0	manual curation	serum
F1804_fuerschj_313	homo sapiens	serum	not applicable	not available	1	F1804_fuerschj_313	proteomic profiling by mass spectrometry	NT=Data-dependent acquisition;AC=PRIDE:0000627	NT=label free sample;AC=MS:1002038	NT=orbitrap fusion;AC=MS:1002416	NT=Carbamidomethyl;AC=UNIMOD:4;TA=C;MT=Fixed	NT=Trypsin;AC=MS:1001251	not available	10 ppm	0.2 Da	dithiothreitol (dtt)	iodoacetamide (iaa)	1	1	F1804_fuerschj_313.raw	ftp://ftp.pride.ebi.ac.uk/pride/data/archive/2021/10/PXD021114/F1804_fuerschj_313.raw	v1.1.0	NT=ms-proteomics;VV=v1.1.0	NT=oncology-metadata;VV=v1.0.0	manual curation	serum
F1911_fuerschj_229	homo sapiens	serum	not applicable	not available	1	F1911_fuerschj_229	proteomic profiling by mass spectrometry	NT=Data-dependent acquisition;AC=PRIDE:0000627	NT=label free sample;AC=MS:1002038	NT=orbitrap fusion;AC=MS:1002416	NT=Carbamidomethyl;AC=UNIMOD:4;TA=C;MT=Fixed	NT=Trypsin;AC=MS:1001251	not available	10 ppm	0.2 Da	dithiothreitol (dtt)	iodoacetamide (iaa)	1	1	F1911_fuerschj_229.raw	ftp://ftp.pride.ebi.ac.uk/pride/data/archive/2021/10/PXD021114/F1911_fuerschj_229.raw	v1.1.0	NT=ms-proteomics;VV=v1.1.0	NT=oncology-metadata;VV=v1.0.0	manual curation	serum
F1911_fuerschj_285	homo sapiens	serum	not applicable	not available	1	F1911_fuerschj_285	proteomic profiling by mass spectrometry	NT=Data-dependent acquisition;AC=PRIDE:0000627	NT=label free sample;AC=MS:1002038	NT=orbitrap fusion;AC=MS:1002416	NT=Carbamidomethyl;AC=UNIMOD:4;TA=C;MT=Fixed	NT=Trypsin;AC=MS:1001251	not available	10 ppm	0.2 Da	dithiothreitol (dtt)	iodoacetamide (iaa)	1	1	F1911_fuerschj_285.raw	ftp://ftp.pride.ebi.ac.uk/pride/data/archive/2021/10/PXD021114/F1911_fuerschj_285.raw	v1.1.0	NT=ms-proteomics;VV=v1.1.0	NT=oncology-metadata;VV=v1.0.0	manual curation	serum
F1806_fuerschj_673	homo sapiens	serum	not applicable	not available	1	F1806_fuerschj_673	proteomic profiling by mass spectrometry	NT=Data-dependent acquisition;AC=PRIDE:0000627	NT=label free sample;AC=MS:1002038	NT=orbitrap fusion;AC=MS:1002416	NT=Carbamidomethyl;AC=UNIMOD:4;TA=C;MT=Fixed	NT=Trypsin;AC=MS:1001251	not available	10 ppm	0.2 Da	dithiothreitol (dtt)	iodoacetamide (iaa)	1	1	F1806_fuerschj_673.raw	ftp://ftp.pride.ebi.ac.uk/pride/data/archive/2021/10/PXD021114/F1806_fuerschj_673.raw	v1.1.0	NT=ms-proteomics;VV=v1.1.0	NT=oncology-metadata;VV=v1.0.0	manual curation	serum
F1907_fuerschj_294	homo sapiens	serum	not applicable	not available	1	F1907_fuerschj_294	proteomic profiling by mass spectrometry	NT=Data-dependent acquisition;AC=PRIDE:0000627	NT=label free sample;AC=MS:1002038	NT=orbitrap fusion;AC=MS:1002416	NT=Carbamidomethyl;AC=UNIMOD:4;TA=C;MT=Fixed	NT=Trypsin;AC=MS:1001251	not available	10 ppm	0.2 Da	dithiothreitol (dtt)	iodoacetamide (iaa)	1	1	F1907_fuerschj_294.raw	ftp://ftp.pride.ebi.ac.uk/pride/data/archive/2021/10/PXD021114/F1907_fuerschj_294.raw	v1.1.0	NT=ms-proteomics;VV=v1.1.0	NT=oncology-metadata;VV=v1.0.0	manual curation	serum
F1804_fuerschj_352	homo sapiens	serum	not applicable	not available	1	F1804_fuerschj_352	proteomic profiling by mass spectrometry	NT=Data-dependent acquisition;AC=PRIDE:0000627	NT=label free sample;AC=MS:1002038	NT=orbitrap fusion;AC=MS:1002416	NT=Carbamidomethyl;AC=UNIMOD:4;TA=C;MT=Fixed	NT=Trypsin;AC=MS:1001251	not available	10 ppm	0.2 Da	dithiothreitol (dtt)	iodoacetamide (iaa)	1	1	F1804_fuerschj_352.raw	ftp://ftp.pride.ebi.ac.uk/pride/data/archive/2021/10/PXD021114/F1804_fuerschj_352.raw	v1.1.0	NT=ms-proteomics;VV=v1.1.0	NT=oncology-metadata;VV=v1.0.0	manual curation	serum
F1806_fuerschj_531	homo sapiens	serum	not applicable	not available	1	F1806_fuerschj_531	proteomic profiling by mass spectrometry	NT=Data-dependent acquisition;AC=PRIDE:0000627	NT=label free sample;AC=MS:1002038	NT=orbitrap fusion;AC=MS:1002416	NT=Carbamidomethyl;AC=UNIMOD:4;TA=C;MT=Fixed	NT=Trypsin;AC=MS:1001251	not available	10 ppm	0.2 Da	dithiothreitol (dtt)	iodoacetamide (iaa)	1	1	F1806_fuerschj_531.raw	ftp://ftp.pride.ebi.ac.uk/pride/data/archive/2021/10/PXD021114/F1806_fuerschj_531.raw	v1.1.0	NT=ms-proteomics;VV=v1.1.0	NT=oncology-metadata;VV=v1.0.0	manual curation	serum
F1912_fuerschj_485	homo sapiens	serum	not applicable	not available	1	F1912_fuerschj_485	proteomic profiling by mass spectrometry	NT=Data-dependent acquisition;AC=PRIDE:0000627	NT=label free sample;AC=MS:1002038	NT=orbitrap fusion;AC=MS:1002416	NT=Carbamidomethyl;AC=UNIMOD:4;TA=C;MT=Fixed	NT=Trypsin;AC=MS:1001251	not available	10 ppm	0.2 Da	dithiothreitol (dtt)	iodoacetamide (iaa)	1	1	F1912_fuerschj_485.raw	ftp://ftp.pride.ebi.ac.uk/pride/data/archive/2021/10/PXD021114/F1912_fuerschj_485.raw	v1.1.0	NT=ms-proteomics;VV=v1.1.0	NT=oncology-metadata;VV=v1.0.0	manual curation	serum
F1806_fuerschj_594	homo sapiens	serum	not applicable	not available	1	F1806_fuerschj_594	proteomic profiling by mass spectrometry	NT=Data-dependent acquisition;AC=PRIDE:0000627	NT=label free sample;AC=MS:1002038	NT=orbitrap fusion;AC=MS:1002416	NT=Carbamidomethyl;AC=UNIMOD:4;TA=C;MT=Fixed	NT=Trypsin;AC=MS:1001251	not available	10 ppm	0.2 Da	dithiothreitol (dtt)	iodoacetamide (iaa)	1	1	F1806_fuerschj_594.raw	ftp://ftp.pride.ebi.ac.uk/pride/data/archive/2021/10/PXD021114/F1806_fuerschj_594.raw	v1.1.0	NT=ms-proteomics;VV=v1.1.0	NT=oncology-metadata;VV=v1.0.0	manual curation	serum
F1804_fuerschj_338	homo sapiens	serum	not applicable	not available	1	F1804_fuerschj_338	proteomic profiling by mass spectrometry	NT=Data-dependent acquisition;AC=PRIDE:0000627	NT=label free sample;AC=MS:1002038	NT=orbitrap fusion;AC=MS:1002416	NT=Carbamidomethyl;AC=UNIMOD:4;TA=C;MT=Fixed	NT=Trypsin;AC=MS:1001251	not available	10 ppm	0.2 Da	dithiothreitol (dtt)	iodoacetamide (iaa)	1	1	F1804_fuerschj_338.raw	ftp://ftp.pride.ebi.ac.uk/pride/data/archive/2021/10/PXD021114/F1804_fuerschj_338.raw	v1.1.0	NT=ms-proteomics;VV=v1.1.0	NT=oncology-metadata;VV=v1.0.0	manual curation	serum
F1912_fuerschj_444	homo sapiens	serum	not applicable	not available	1	F1912_fuerschj_444	proteomic profiling by mass spectrometry	NT=Data-dependent acquisition;AC=PRIDE:0000627	NT=label free sample;AC=MS:1002038	NT=orbitrap fusion;AC=MS:1002416	NT=Carbamidomethyl;AC=UNIMOD:4;TA=C;MT=Fixed	NT=Trypsin;AC=MS:1001251	not available	10 ppm	0.2 Da	dithiothreitol (dtt)	iodoacetamide (iaa)	1	1	F1912_fuerschj_444.raw	ftp://ftp.pride.ebi.ac.uk/pride/data/archive/2021/10/PXD021114/F1912_fuerschj_444.raw	v1.1.0	NT=ms-proteomics;VV=v1.1.0	NT=oncology-metadata;VV=v1.0.0	manual curation	serum
F1806_fuerschj_617	homo sapiens	serum	not applicable	not available	1	F1806_fuerschj_617	proteomic profiling by mass spectrometry	NT=Data-dependent acquisition;AC=PRIDE:0000627	NT=label free sample;AC=MS:1002038	NT=orbitrap fusion;AC=MS:1002416	NT=Carbamidomethyl;AC=UNIMOD:4;TA=C;MT=Fixed	NT=Trypsin;AC=MS:1001251	not available	10 ppm	0.2 Da	dithiothreitol (dtt)	iodoacetamide (iaa)	1	1	F1806_fuerschj_617.raw	ftp://ftp.pride.ebi.ac.uk/pride/data/archive/2021/10/PXD021114/F1806_fuerschj_617.raw	v1.1.0	NT=ms-proteomics;VV=v1.1.0	NT=oncology-metadata;VV=v1.0.0	manual curation	serum
F1804_fuerschj_378	homo sapiens	serum	not applicable	not available	1	F1804_fuerschj_378	proteomic profiling by mass spectrometry	NT=Data-dependent acquisition;AC=PRIDE:0000627	NT=label free sample;AC=MS:1002038	NT=orbitrap fusion;AC=MS:1002416	NT=Carbamidomethyl;AC=UNIMOD:4;TA=C;MT=Fixed	NT=Trypsin;AC=MS:1001251	not available	10 ppm	0.2 Da	dithiothreitol (dtt)	iodoacetamide (iaa)	1	1	F1804_fuerschj_378.raw	ftp://ftp.pride.ebi.ac.uk/pride/data/archive/2021/10/PXD021114/F1804_fuerschj_378.raw	v1.1.0	NT=ms-proteomics;VV=v1.1.0	NT=oncology-metadata;VV=v1.0.0	manual curation	serum
F1912_fuerschj_436	homo sapiens	serum	not applicable	not available	1	F1912_fuerschj_436	proteomic profiling by mass spectrometry	NT=Data-dependent acquisition;AC=PRIDE:0000627	NT=label free sample;AC=MS:1002038	NT=orbitrap fusion;AC=MS:1002416	NT=Carbamidomethyl;AC=UNIMOD:4;TA=C;MT=Fixed	NT=Trypsin;AC=MS:1001251	not available	10 ppm	0.2 Da	dithiothreitol (dtt)	iodoacetamide (iaa)	1	1	F1912_fuerschj_436.raw	ftp://ftp.pride.ebi.ac.uk/pride/data/archive/2021/10/PXD021114/F1912_fuerschj_436.raw	v1.1.0	NT=ms-proteomics;VV=v1.1.0	NT=oncology-metadata;VV=v1.0.0	manual curation	serum
F1804_fuerschj_370	homo sapiens	serum	not applicable	not available	1	F1804_fuerschj_370	proteomic profiling by mass spectrometry	NT=Data-dependent acquisition;AC=PRIDE:0000627	NT=label free sample;AC=MS:1002038	NT=orbitrap fusion;AC=MS:1002416	NT=Carbamidomethyl;AC=UNIMOD:4;TA=C;MT=Fixed	NT=Trypsin;AC=MS:1001251	not available	10 ppm	0.2 Da	dithiothreitol (dtt)	iodoacetamide (iaa)	1	1	F1804_fuerschj_370.raw	ftp://ftp.pride.ebi.ac.uk/pride/data/archive/2021/10/PXD021114/F1804_fuerschj_370.raw	v1.1.0	NT=ms-proteomics;VV=v1.1.0	NT=oncology-metadata;VV=v1.0.0	manual curation	serum
F1912_fuerschj_455	homo sapiens	serum	not applicable	not available	1	F1912_fuerschj_455	proteomic profiling by mass spectrometry	NT=Data-dependent acquisition;AC=PRIDE:0000627	NT=label free sample;AC=MS:1002038	NT=orbitrap fusion;AC=MS:1002416	NT=Carbamidomethyl;AC=UNIMOD:4;TA=C;MT=Fixed	NT=Trypsin;AC=MS:1001251	not available	10 ppm	0.2 Da	dithiothreitol (dtt)	iodoacetamide (iaa)	1	1	F1912_fuerschj_455.raw	ftp://ftp.pride.ebi.ac.uk/pride/data/archive/2021/10/PXD021114/F1912_fuerschj_455.raw	v1.1.0	NT=ms-proteomics;VV=v1.1.0	NT=oncology-metadata;VV=v1.0.0	manual curation	serum
F1912_fuerschj_464	homo sapiens	serum	not applicable	not available	1	F1912_fuerschj_464	proteomic profiling by mass spectrometry	NT=Data-dependent acquisition;AC=PRIDE:0000627	NT=label free sample;AC=MS:1002038	NT=orbitrap fusion;AC=MS:1002416	NT=Carbamidomethyl;AC=UNIMOD:4;TA=C;MT=Fixed	NT=Trypsin;AC=MS:1001251	not available	10 ppm	0.2 Da	dithiothreitol (dtt)	iodoacetamide (iaa)	1	1	F1912_fuerschj_464.raw	ftp://ftp.pride.ebi.ac.uk/pride/data/archive/2021/10/PXD021114/F1912_fuerschj_464.raw	v1.1.0	NT=ms-proteomics;VV=v1.1.0	NT=oncology-metadata;VV=v1.0.0	manual curation	serum
F1806_fuerschj_607	homo sapiens	serum	not applicable	not available	1	F1806_fuerschj_607	proteomic profiling by mass spectrometry	NT=Data-dependent acquisition;AC=PRIDE:0000627	NT=label free sample;AC=MS:1002038	NT=orbitrap fusion;AC=MS:1002416	NT=Carbamidomethyl;AC=UNIMOD:4;TA=C;MT=Fixed	NT=Trypsin;AC=MS:1001251	not available	10 ppm	0.2 Da	dithiothreitol (dtt)	iodoacetamide (iaa)	1	1	F1806_fuerschj_607.raw	ftp://ftp.pride.ebi.ac.uk/pride/data/archive/2021/10/PXD021114/F1806_fuerschj_607.raw	v1.1.0	NT=ms-proteomics;VV=v1.1.0	NT=oncology-metadata;VV=v1.0.0	manual curation	serum
F1806_fuerschj_628	homo sapiens	serum	not applicable	not available	1	F1806_fuerschj_628	proteomic profiling by mass spectrometry	NT=Data-dependent acquisition;AC=PRIDE:0000627	NT=label free sample;AC=MS:1002038	NT=orbitrap fusion;AC=MS:1002416	NT=Carbamidomethyl;AC=UNIMOD:4;TA=C;MT=Fixed	NT=Trypsin;AC=MS:1001251	not available	10 ppm	0.2 Da	dithiothreitol (dtt)	iodoacetamide (iaa)	1	1	F1806_fuerschj_628.raw	ftp://ftp.pride.ebi.ac.uk/pride/data/archive/2021/10/PXD021114/F1806_fuerschj_628.raw	v1.1.0	NT=ms-proteomics;VV=v1.1.0	NT=oncology-metadata;VV=v1.0.0	manual curation	serum
F1806_fuerschj_686	homo sapiens	serum	not applicable	not available	1	F1806_fuerschj_686	proteomic profiling by mass spectrometry	NT=Data-dependent acquisition;AC=PRIDE:0000627	NT=label free sample;AC=MS:1002038	NT=orbitrap fusion;AC=MS:1002416	NT=Carbamidomethyl;AC=UNIMOD:4;TA=C;MT=Fixed	NT=Trypsin;AC=MS:1001251	not available	10 ppm	0.2 Da	dithiothreitol (dtt)	iodoacetamide (iaa)	1	1	F1806_fuerschj_686.raw	ftp://ftp.pride.ebi.ac.uk/pride/data/archive/2021/10/PXD021114/F1806_fuerschj_686.raw	v1.1.0	NT=ms-proteomics;VV=v1.1.0	NT=oncology-metadata;VV=v1.0.0	manual curation	serum
F1907_fuerschj_300	homo sapiens	serum	not applicable	not available	1	F1907_fuerschj_300	proteomic profiling by mass spectrometry	NT=Data-dependent acquisition;AC=PRIDE:0000627	NT=label free sample;AC=MS:1002038	NT=orbitrap fusion;AC=MS:1002416	NT=Carbamidomethyl;AC=UNIMOD:4;TA=C;MT=Fixed	NT=Trypsin;AC=MS:1001251	not available	10 ppm	0.2 Da	dithiothreitol (dtt)	iodoacetamide (iaa)	1	1	F1907_fuerschj_300.raw	ftp://ftp.pride.ebi.ac.uk/pride/data/archive/2021/10/PXD021114/F1907_fuerschj_300.raw	v1.1.0	NT=ms-proteomics;VV=v1.1.0	NT=oncology-metadata;VV=v1.0.0	manual curation	serum
F1806_fuerschj_533	homo sapiens	serum	not applicable	not available	1	F1806_fuerschj_533	proteomic profiling by mass spectrometry	NT=Data-dependent acquisition;AC=PRIDE:0000627	NT=label free sample;AC=MS:1002038	NT=orbitrap fusion;AC=MS:1002416	NT=Carbamidomethyl;AC=UNIMOD:4;TA=C;MT=Fixed	NT=Trypsin;AC=MS:1001251	not available	10 ppm	0.2 Da	dithiothreitol (dtt)	iodoacetamide (iaa)	1	1	F1806_fuerschj_533.raw	ftp://ftp.pride.ebi.ac.uk/pride/data/archive/2021/10/PXD021114/F1806_fuerschj_533.raw	v1.1.0	NT=ms-proteomics;VV=v1.1.0	NT=oncology-metadata;VV=v1.0.0	manual curation	serum
F1912_fuerschj_459	homo sapiens	serum	not applicable	not available	1	F1912_fuerschj_459	proteomic profiling by mass spectrometry	NT=Data-dependent acquisition;AC=PRIDE:0000627	NT=label free sample;AC=MS:1002038	NT=orbitrap fusion;AC=MS:1002416	NT=Carbamidomethyl;AC=UNIMOD:4;TA=C;MT=Fixed	NT=Trypsin;AC=MS:1001251	not available	10 ppm	0.2 Da	dithiothreitol (dtt)	iodoacetamide (iaa)	1	1	F1912_fuerschj_459.raw	ftp://ftp.pride.ebi.ac.uk/pride/data/archive/2021/10/PXD021114/F1912_fuerschj_459.raw	v1.1.0	NT=ms-proteomics;VV=v1.1.0	NT=oncology-metadata;VV=v1.0.0	manual curation	serum
F1912_fuerschj_417	homo sapiens	serum	not applicable	not available	1	F1912_fuerschj_417	proteomic profiling by mass spectrometry	NT=Data-dependent acquisition;AC=PRIDE:0000627	NT=label free sample;AC=MS:1002038	NT=orbitrap fusion;AC=MS:1002416	NT=Carbamidomethyl;AC=UNIMOD:4;TA=C;MT=Fixed	NT=Trypsin;AC=MS:1001251	not available	10 ppm	0.2 Da	dithiothreitol (dtt)	iodoacetamide (iaa)	1	1	F1912_fuerschj_417.raw	ftp://ftp.pride.ebi.ac.uk/pride/data/archive/2021/10/PXD021114/F1912_fuerschj_417.raw	v1.1.0	NT=ms-proteomics;VV=v1.1.0	NT=oncology-metadata;VV=v1.0.0	manual curation	serum
F1907_fuerschj_316	homo sapiens	serum	not applicable	not available	1	F1907_fuerschj_316	proteomic profiling by mass spectrometry	NT=Data-dependent acquisition;AC=PRIDE:0000627	NT=label free sample;AC=MS:1002038	NT=orbitrap fusion;AC=MS:1002416	NT=Carbamidomethyl;AC=UNIMOD:4;TA=C;MT=Fixed	NT=Trypsin;AC=MS:1001251	not available	10 ppm	0.2 Da	dithiothreitol (dtt)	iodoacetamide (iaa)	1	1	F1907_fuerschj_316.raw	ftp://ftp.pride.ebi.ac.uk/pride/data/archive/2021/10/PXD021114/F1907_fuerschj_316.raw	v1.1.0	NT=ms-proteomics;VV=v1.1.0	NT=oncology-metadata;VV=v1.0.0	manual curation	serum
F1806_fuerschj_456	homo sapiens	serum	not applicable	not available	1	F1806_fuerschj_456	proteomic profiling by mass spectrometry	NT=Data-dependent acquisition;AC=PRIDE:0000627	NT=label free sample;AC=MS:1002038	NT=orbitrap fusion;AC=MS:1002416	NT=Carbamidomethyl;AC=UNIMOD:4;TA=C;MT=Fixed	NT=Trypsin;AC=MS:1001251	not available	10 ppm	0.2 Da	dithiothreitol (dtt)	iodoacetamide (iaa)	1	1	F1806_fuerschj_456.raw	ftp://ftp.pride.ebi.ac.uk/pride/data/archive/2021/10/PXD021114/F1806_fuerschj_456.raw	v1.1.0	NT=ms-proteomics;VV=v1.1.0	NT=oncology-metadata;VV=v1.0.0	manual curation	serum
F1806_fuerschj_584	homo sapiens	serum	not applicable	not available	1	F1806_fuerschj_584	proteomic profiling by mass spectrometry	NT=Data-dependent acquisition;AC=PRIDE:0000627	NT=label free sample;AC=MS:1002038	NT=orbitrap fusion;AC=MS:1002416	NT=Carbamidomethyl;AC=UNIMOD:4;TA=C;MT=Fixed	NT=Trypsin;AC=MS:1001251	not available	10 ppm	0.2 Da	dithiothreitol (dtt)	iodoacetamide (iaa)	1	1	F1806_fuerschj_584.raw	ftp://ftp.pride.ebi.ac.uk/pride/data/archive/2021/10/PXD021114/F1806_fuerschj_584.raw	v1.1.0	NT=ms-proteomics;VV=v1.1.0	NT=oncology-metadata;VV=v1.0.0	manual curation	serum
F1806_fuerschj_415	homo sapiens	serum	not applicable	not available	1	F1806_fuerschj_415	proteomic profiling by mass spectrometry	NT=Data-dependent acquisition;AC=PRIDE:0000627	NT=label free sample;AC=MS:1002038	NT=orbitrap fusion;AC=MS:1002416	NT=Carbamidomethyl;AC=UNIMOD:4;TA=C;MT=Fixed	NT=Trypsin;AC=MS:1001251	not available	10 ppm	0.2 Da	dithiothreitol (dtt)	iodoacetamide (iaa)	1	1	F1806_fuerschj_415.raw	ftp://ftp.pride.ebi.ac.uk/pride/data/archive/2021/10/PXD021114/F1806_fuerschj_415.raw	v1.1.0	NT=ms-proteomics;VV=v1.1.0	NT=oncology-metadata;VV=v1.0.0	manual curation	serum
F1804_fuerschj_328	homo sapiens	serum	not applicable	not available	1	F1804_fuerschj_328	proteomic profiling by mass spectrometry	NT=Data-dependent acquisition;AC=PRIDE:0000627	NT=label free sample;AC=MS:1002038	NT=orbitrap fusion;AC=MS:1002416	NT=Carbamidomethyl;AC=UNIMOD:4;TA=C;MT=Fixed	NT=Trypsin;AC=MS:1001251	not available	10 ppm	0.2 Da	dithiothreitol (dtt)	iodoacetamide (iaa)	1	1	F1804_fuerschj_328.raw	ftp://ftp.pride.ebi.ac.uk/pride/data/archive/2021/10/PXD021114/F1804_fuerschj_328.raw	v1.1.0	NT=ms-proteomics;VV=v1.1.0	NT=oncology-metadata;VV=v1.0.0	manual curation	serum
F1804_fuerschj_383	homo sapiens	serum	not applicable	not available	1	F1804_fuerschj_383	proteomic profiling by mass spectrometry	NT=Data-dependent acquisition;AC=PRIDE:0000627	NT=label free sample;AC=MS:1002038	NT=orbitrap fusion;AC=MS:1002416	NT=Carbamidomethyl;AC=UNIMOD:4;TA=C;MT=Fixed	NT=Trypsin;AC=MS:1001251	not available	10 ppm	0.2 Da	dithiothreitol (dtt)	iodoacetamide (iaa)	1	1	F1804_fuerschj_383.raw	ftp://ftp.pride.ebi.ac.uk/pride/data/archive/2021/10/PXD021114/F1804_fuerschj_383.raw	v1.1.0	NT=ms-proteomics;VV=v1.1.0	NT=oncology-metadata;VV=v1.0.0	manual curation	serum
F1804_fuerschj_287	homo sapiens	serum	not applicable	not available	1	F1804_fuerschj_287	proteomic profiling by mass spectrometry	NT=Data-dependent acquisition;AC=PRIDE:0000627	NT=label free sample;AC=MS:1002038	NT=orbitrap fusion;AC=MS:1002416	NT=Carbamidomethyl;AC=UNIMOD:4;TA=C;MT=Fixed	NT=Trypsin;AC=MS:1001251	not available	10 ppm	0.2 Da	dithiothreitol (dtt)	iodoacetamide (iaa)	1	1	F1804_fuerschj_287.raw	ftp://ftp.pride.ebi.ac.uk/pride/data/archive/2021/10/PXD021114/F1804_fuerschj_287.raw	v1.1.0	NT=ms-proteomics;VV=v1.1.0	NT=oncology-metadata;VV=v1.0.0	manual curation	serum
F1806_fuerschj_435	homo sapiens	serum	not applicable	not available	1	F1806_fuerschj_435	proteomic profiling by mass spectrometry	NT=Data-dependent acquisition;AC=PRIDE:0000627	NT=label free sample;AC=MS:1002038	NT=orbitrap fusion;AC=MS:1002416	NT=Carbamidomethyl;AC=UNIMOD:4;TA=C;MT=Fixed	NT=Trypsin;AC=MS:1001251	not available	10 ppm	0.2 Da	dithiothreitol (dtt)	iodoacetamide (iaa)	1	1	F1806_fuerschj_435.raw	ftp://ftp.pride.ebi.ac.uk/pride/data/archive/2021/10/PXD021114/F1806_fuerschj_435.raw	v1.1.0	NT=ms-proteomics;VV=v1.1.0	NT=oncology-metadata;VV=v1.0.0	manual curation	serum
F1912_fuerschj_443	homo sapiens	serum	not applicable	not available	1	F1912_fuerschj_443	proteomic profiling by mass spectrometry	NT=Data-dependent acquisition;AC=PRIDE:0000627	NT=label free sample;AC=MS:1002038	NT=orbitrap fusion;AC=MS:1002416	NT=Carbamidomethyl;AC=UNIMOD:4;TA=C;MT=Fixed	NT=Trypsin;AC=MS:1001251	not available	10 ppm	0.2 Da	dithiothreitol (dtt)	iodoacetamide (iaa)	1	1	F1912_fuerschj_443.raw	ftp://ftp.pride.ebi.ac.uk/pride/data/archive/2021/10/PXD021114/F1912_fuerschj_443.raw	v1.1.0	NT=ms-proteomics;VV=v1.1.0	NT=oncology-metadata;VV=v1.0.0	manual curation	serum
F1911_fuerschj_212	homo sapiens	serum	not applicable	not available	1	F1911_fuerschj_212	proteomic profiling by mass spectrometry	NT=Data-dependent acquisition;AC=PRIDE:0000627	NT=label free sample;AC=MS:1002038	NT=orbitrap fusion;AC=MS:1002416	NT=Carbamidomethyl;AC=UNIMOD:4;TA=C;MT=Fixed	NT=Trypsin;AC=MS:1001251	not available	10 ppm	0.2 Da	dithiothreitol (dtt)	iodoacetamide (iaa)	1	1	F1911_fuerschj_212.raw	ftp://ftp.pride.ebi.ac.uk/pride/data/archive/2021/10/PXD021114/F1911_fuerschj_212.raw	v1.1.0	NT=ms-proteomics;VV=v1.1.0	NT=oncology-metadata;VV=v1.0.0	manual curation	serum
F1806_fuerschj_669	homo sapiens	serum	not applicable	not available	1	F1806_fuerschj_669	proteomic profiling by mass spectrometry	NT=Data-dependent acquisition;AC=PRIDE:0000627	NT=label free sample;AC=MS:1002038	NT=orbitrap fusion;AC=MS:1002416	NT=Carbamidomethyl;AC=UNIMOD:4;TA=C;MT=Fixed	NT=Trypsin;AC=MS:1001251	not available	10 ppm	0.2 Da	dithiothreitol (dtt)	iodoacetamide (iaa)	1	1	F1806_fuerschj_669.raw	ftp://ftp.pride.ebi.ac.uk/pride/data/archive/2021/10/PXD021114/F1806_fuerschj_669.raw	v1.1.0	NT=ms-proteomics;VV=v1.1.0	NT=oncology-metadata;VV=v1.0.0	manual curation	serum
F1907_fuerschj_315	homo sapiens	serum	not applicable	not available	1	F1907_fuerschj_315	proteomic profiling by mass spectrometry	NT=Data-dependent acquisition;AC=PRIDE:0000627	NT=label free sample;AC=MS:1002038	NT=orbitrap fusion;AC=MS:1002416	NT=Carbamidomethyl;AC=UNIMOD:4;TA=C;MT=Fixed	NT=Trypsin;AC=MS:1001251	not available	10 ppm	0.2 Da	dithiothreitol (dtt)	iodoacetamide (iaa)	1	1	F1907_fuerschj_315.raw	ftp://ftp.pride.ebi.ac.uk/pride/data/archive/2021/10/PXD021114/F1907_fuerschj_315.raw	v1.1.0	NT=ms-proteomics;VV=v1.1.0	NT=oncology-metadata;VV=v1.0.0	manual curation	serum
F1806_fuerschj_522	homo sapiens	serum	not applicable	not available	1	F1806_fuerschj_522	proteomic profiling by mass spectrometry	NT=Data-dependent acquisition;AC=PRIDE:0000627	NT=label free sample;AC=MS:1002038	NT=orbitrap fusion;AC=MS:1002416	NT=Carbamidomethyl;AC=UNIMOD:4;TA=C;MT=Fixed	NT=Trypsin;AC=MS:1001251	not available	10 ppm	0.2 Da	dithiothreitol (dtt)	iodoacetamide (iaa)	1	1	F1806_fuerschj_522.raw	ftp://ftp.pride.ebi.ac.uk/pride/data/archive/2021/10/PXD021114/F1806_fuerschj_522.raw	v1.1.0	NT=ms-proteomics;VV=v1.1.0	NT=oncology-metadata;VV=v1.0.0	manual curation	serum
F1806_fuerschj_616	homo sapiens	serum	not applicable	not available	1	F1806_fuerschj_616	proteomic profiling by mass spectrometry	NT=Data-dependent acquisition;AC=PRIDE:0000627	NT=label free sample;AC=MS:1002038	NT=orbitrap fusion;AC=MS:1002416	NT=Carbamidomethyl;AC=UNIMOD:4;TA=C;MT=Fixed	NT=Trypsin;AC=MS:1001251	not available	10 ppm	0.2 Da	dithiothreitol (dtt)	iodoacetamide (iaa)	1	1	F1806_fuerschj_616.raw	ftp://ftp.pride.ebi.ac.uk/pride/data/archive/2021/10/PXD021114/F1806_fuerschj_616.raw	v1.1.0	NT=ms-proteomics;VV=v1.1.0	NT=oncology-metadata;VV=v1.0.0	manual curation	serum
F1708_fuerschj_065	homo sapiens	serum	not applicable	not available	1	F1708_fuerschj_065	proteomic profiling by mass spectrometry	NT=Data-dependent acquisition;AC=PRIDE:0000627	NT=label free sample;AC=MS:1002038	NT=orbitrap fusion;AC=MS:1002416	NT=Carbamidomethyl;AC=UNIMOD:4;TA=C;MT=Fixed	NT=Trypsin;AC=MS:1001251	not available	10 ppm	0.2 Da	dithiothreitol (dtt)	iodoacetamide (iaa)	1	1	F1708_fuerschj_065.raw	ftp://ftp.pride.ebi.ac.uk/pride/data/archive/2021/10/PXD021114/F1708_fuerschj_065.raw	v1.1.0	NT=ms-proteomics;VV=v1.1.0	NT=oncology-metadata;VV=v1.0.0	manual curation	serum
F1804_fuerschj_335	homo sapiens	serum	not applicable	not available	1	F1804_fuerschj_335	proteomic profiling by mass spectrometry	NT=Data-dependent acquisition;AC=PRIDE:0000627	NT=label free sample;AC=MS:1002038	NT=orbitrap fusion;AC=MS:1002416	NT=Carbamidomethyl;AC=UNIMOD:4;TA=C;MT=Fixed	NT=Trypsin;AC=MS:1001251	not available	10 ppm	0.2 Da	dithiothreitol (dtt)	iodoacetamide (iaa)	1	1	F1804_fuerschj_335.raw	ftp://ftp.pride.ebi.ac.uk/pride/data/archive/2021/10/PXD021114/F1804_fuerschj_335.raw	v1.1.0	NT=ms-proteomics;VV=v1.1.0	NT=oncology-metadata;VV=v1.0.0	manual curation	serum
F1907_fuerschj_278	homo sapiens	serum	not applicable	not available	1	F1907_fuerschj_278	proteomic profiling by mass spectrometry	NT=Data-dependent acquisition;AC=PRIDE:0000627	NT=label free sample;AC=MS:1002038	NT=orbitrap fusion;AC=MS:1002416	NT=Carbamidomethyl;AC=UNIMOD:4;TA=C;MT=Fixed	NT=Trypsin;AC=MS:1001251	not available	10 ppm	0.2 Da	dithiothreitol (dtt)	iodoacetamide (iaa)	1	1	F1907_fuerschj_278.raw	ftp://ftp.pride.ebi.ac.uk/pride/data/archive/2021/10/PXD021114/F1907_fuerschj_278.raw	v1.1.0	NT=ms-proteomics;VV=v1.1.0	NT=oncology-metadata;VV=v1.0.0	manual curation	serum
F1912_fuerschj_421	homo sapiens	serum	not applicable	not available	1	F1912_fuerschj_421	proteomic profiling by mass spectrometry	NT=Data-dependent acquisition;AC=PRIDE:0000627	NT=label free sample;AC=MS:1002038	NT=orbitrap fusion;AC=MS:1002416	NT=Carbamidomethyl;AC=UNIMOD:4;TA=C;MT=Fixed	NT=Trypsin;AC=MS:1001251	not available	10 ppm	0.2 Da	dithiothreitol (dtt)	iodoacetamide (iaa)	1	1	F1912_fuerschj_421.raw	ftp://ftp.pride.ebi.ac.uk/pride/data/archive/2021/10/PXD021114/F1912_fuerschj_421.raw	v1.1.0	NT=ms-proteomics;VV=v1.1.0	NT=oncology-metadata;VV=v1.0.0	manual curation	serum
F1911_fuerschj_210	homo sapiens	serum	not applicable	not available	1	F1911_fuerschj_210	proteomic profiling by mass spectrometry	NT=Data-dependent acquisition;AC=PRIDE:0000627	NT=label free sample;AC=MS:1002038	NT=orbitrap fusion;AC=MS:1002416	NT=Carbamidomethyl;AC=UNIMOD:4;TA=C;MT=Fixed	NT=Trypsin;AC=MS:1001251	not available	10 ppm	0.2 Da	dithiothreitol (dtt)	iodoacetamide (iaa)	1	1	F1911_fuerschj_210.raw	ftp://ftp.pride.ebi.ac.uk/pride/data/archive/2021/10/PXD021114/F1911_fuerschj_210.raw	v1.1.0	NT=ms-proteomics;VV=v1.1.0	NT=oncology-metadata;VV=v1.0.0	manual curation	serum
F1806_fuerschj_698	homo sapiens	serum	not applicable	not available	1	F1806_fuerschj_698	proteomic profiling by mass spectrometry	NT=Data-dependent acquisition;AC=PRIDE:0000627	NT=label free sample;AC=MS:1002038	NT=orbitrap fusion;AC=MS:1002416	NT=Carbamidomethyl;AC=UNIMOD:4;TA=C;MT=Fixed	NT=Trypsin;AC=MS:1001251	not available	10 ppm	0.2 Da	dithiothreitol (dtt)	iodoacetamide (iaa)	1	1	F1806_fuerschj_698.raw	ftp://ftp.pride.ebi.ac.uk/pride/data/archive/2021/10/PXD021114/F1806_fuerschj_698.raw	v1.1.0	NT=ms-proteomics;VV=v1.1.0	NT=oncology-metadata;VV=v1.0.0	manual curation	serum
F1804_fuerschj_298	homo sapiens	serum	not applicable	not available	1	F1804_fuerschj_298	proteomic profiling by mass spectrometry	NT=Data-dependent acquisition;AC=PRIDE:0000627	NT=label free sample;AC=MS:1002038	NT=orbitrap fusion;AC=MS:1002416	NT=Carbamidomethyl;AC=UNIMOD:4;TA=C;MT=Fixed	NT=Trypsin;AC=MS:1001251	not available	10 ppm	0.2 Da	dithiothreitol (dtt)	iodoacetamide (iaa)	1	1	F1804_fuerschj_298.raw	ftp://ftp.pride.ebi.ac.uk/pride/data/archive/2021/10/PXD021114/F1804_fuerschj_298.raw	v1.1.0	NT=ms-proteomics;VV=v1.1.0	NT=oncology-metadata;VV=v1.0.0	manual curation	serum
F1806_fuerschj_688	homo sapiens	serum	not applicable	not available	1	F1806_fuerschj_688	proteomic profiling by mass spectrometry	NT=Data-dependent acquisition;AC=PRIDE:0000627	NT=label free sample;AC=MS:1002038	NT=orbitrap fusion;AC=MS:1002416	NT=Carbamidomethyl;AC=UNIMOD:4;TA=C;MT=Fixed	NT=Trypsin;AC=MS:1001251	not available	10 ppm	0.2 Da	dithiothreitol (dtt)	iodoacetamide (iaa)	1	1	F1806_fuerschj_688.raw	ftp://ftp.pride.ebi.ac.uk/pride/data/archive/2021/10/PXD021114/F1806_fuerschj_688.raw	v1.1.0	NT=ms-proteomics;VV=v1.1.0	NT=oncology-metadata;VV=v1.0.0	manual curation	serum
F1804_fuerschj_277	homo sapiens	serum	not applicable	not available	1	F1804_fuerschj_277	proteomic profiling by mass spectrometry	NT=Data-dependent acquisition;AC=PRIDE:0000627	NT=label free sample;AC=MS:1002038	NT=orbitrap fusion;AC=MS:1002416	NT=Carbamidomethyl;AC=UNIMOD:4;TA=C;MT=Fixed	NT=Trypsin;AC=MS:1001251	not available	10 ppm	0.2 Da	dithiothreitol (dtt)	iodoacetamide (iaa)	1	1	F1804_fuerschj_277.raw	ftp://ftp.pride.ebi.ac.uk/pride/data/archive/2021/10/PXD021114/F1804_fuerschj_277.raw	v1.1.0	NT=ms-proteomics;VV=v1.1.0	NT=oncology-metadata;VV=v1.0.0	manual curation	serum
F1806_fuerschj_446	homo sapiens	serum	not applicable	not available	1	F1806_fuerschj_446	proteomic profiling by mass spectrometry	NT=Data-dependent acquisition;AC=PRIDE:0000627	NT=label free sample;AC=MS:1002038	NT=orbitrap fusion;AC=MS:1002416	NT=Carbamidomethyl;AC=UNIMOD:4;TA=C;MT=Fixed	NT=Trypsin;AC=MS:1001251	not available	10 ppm	0.2 Da	dithiothreitol (dtt)	iodoacetamide (iaa)	1	1	F1806_fuerschj_446.raw	ftp://ftp.pride.ebi.ac.uk/pride/data/archive/2021/10/PXD021114/F1806_fuerschj_446.raw	v1.1.0	NT=ms-proteomics;VV=v1.1.0	NT=oncology-metadata;VV=v1.0.0	manual curation	serum
F1806_fuerschj_457	homo sapiens	serum	not applicable	not available	1	F1806_fuerschj_457	proteomic profiling by mass spectrometry	NT=Data-dependent acquisition;AC=PRIDE:0000627	NT=label free sample;AC=MS:1002038	NT=orbitrap fusion;AC=MS:1002416	NT=Carbamidomethyl;AC=UNIMOD:4;TA=C;MT=Fixed	NT=Trypsin;AC=MS:1001251	not available	10 ppm	0.2 Da	dithiothreitol (dtt)	iodoacetamide (iaa)	1	1	F1806_fuerschj_457.raw	ftp://ftp.pride.ebi.ac.uk/pride/data/archive/2021/10/PXD021114/F1806_fuerschj_457.raw	v1.1.0	NT=ms-proteomics;VV=v1.1.0	NT=oncology-metadata;VV=v1.0.0	manual curation	serum
F1806_fuerschj_630	homo sapiens	serum	not applicable	not available	1	F1806_fuerschj_630	proteomic profiling by mass spectrometry	NT=Data-dependent acquisition;AC=PRIDE:0000627	NT=label free sample;AC=MS:1002038	NT=orbitrap fusion;AC=MS:1002416	NT=Carbamidomethyl;AC=UNIMOD:4;TA=C;MT=Fixed	NT=Trypsin;AC=MS:1001251	not available	10 ppm	0.2 Da	dithiothreitol (dtt)	iodoacetamide (iaa)	1	1	F1806_fuerschj_630.raw	ftp://ftp.pride.ebi.ac.uk/pride/data/archive/2021/10/PXD021114/F1806_fuerschj_630.raw	v1.1.0	NT=ms-proteomics;VV=v1.1.0	NT=oncology-metadata;VV=v1.0.0	manual curation	serum
F1901_fuerschj_065	homo sapiens	serum	not applicable	not available	1	F1901_fuerschj_065	proteomic profiling by mass spectrometry	NT=Data-dependent acquisition;AC=PRIDE:0000627	NT=label free sample;AC=MS:1002038	NT=orbitrap fusion;AC=MS:1002416	NT=Carbamidomethyl;AC=UNIMOD:4;TA=C;MT=Fixed	NT=Trypsin;AC=MS:1001251	not available	10 ppm	0.2 Da	dithiothreitol (dtt)	iodoacetamide (iaa)	1	1	F1901_fuerschj_065.raw	ftp://ftp.pride.ebi.ac.uk/pride/data/archive/2021/10/PXD021114/F1901_fuerschj_065.raw	v1.1.0	NT=ms-proteomics;VV=v1.1.0	NT=oncology-metadata;VV=v1.0.0	manual curation	serum
F1912_fuerschj_478	homo sapiens	serum	not applicable	not available	1	F1912_fuerschj_478	proteomic profiling by mass spectrometry	NT=Data-dependent acquisition;AC=PRIDE:0000627	NT=label free sample;AC=MS:1002038	NT=orbitrap fusion;AC=MS:1002416	NT=Carbamidomethyl;AC=UNIMOD:4;TA=C;MT=Fixed	NT=Trypsin;AC=MS:1001251	not available	10 ppm	0.2 Da	dithiothreitol (dtt)	iodoacetamide (iaa)	1	1	F1912_fuerschj_478.raw	ftp://ftp.pride.ebi.ac.uk/pride/data/archive/2021/10/PXD021114/F1912_fuerschj_478.raw	v1.1.0	NT=ms-proteomics;VV=v1.1.0	NT=oncology-metadata;VV=v1.0.0	manual curation	serum
F1912_fuerschj_405	homo sapiens	serum	not applicable	not available	1	F1912_fuerschj_405	proteomic profiling by mass spectrometry	NT=Data-dependent acquisition;AC=PRIDE:0000627	NT=label free sample;AC=MS:1002038	NT=orbitrap fusion;AC=MS:1002416	NT=Carbamidomethyl;AC=UNIMOD:4;TA=C;MT=Fixed	NT=Trypsin;AC=MS:1001251	not available	10 ppm	0.2 Da	dithiothreitol (dtt)	iodoacetamide (iaa)	1	1	F1912_fuerschj_405.raw	ftp://ftp.pride.ebi.ac.uk/pride/data/archive/2021/10/PXD021114/F1912_fuerschj_405.raw	v1.1.0	NT=ms-proteomics;VV=v1.1.0	NT=oncology-metadata;VV=v1.0.0	manual curation	serum
F1911_fuerschj_241	homo sapiens	serum	not applicable	not available	1	F1911_fuerschj_241	proteomic profiling by mass spectrometry	NT=Data-dependent acquisition;AC=PRIDE:0000627	NT=label free sample;AC=MS:1002038	NT=orbitrap fusion;AC=MS:1002416	NT=Carbamidomethyl;AC=UNIMOD:4;TA=C;MT=Fixed	NT=Trypsin;AC=MS:1001251	not available	10 ppm	0.2 Da	dithiothreitol (dtt)	iodoacetamide (iaa)	1	1	F1911_fuerschj_241.raw	ftp://ftp.pride.ebi.ac.uk/pride/data/archive/2021/10/PXD021114/F1911_fuerschj_241.raw	v1.1.0	NT=ms-proteomics;VV=v1.1.0	NT=oncology-metadata;VV=v1.0.0	manual curation	serum
F1806_fuerschj_546	homo sapiens	serum	not applicable	not available	1	F1806_fuerschj_546	proteomic profiling by mass spectrometry	NT=Data-dependent acquisition;AC=PRIDE:0000627	NT=label free sample;AC=MS:1002038	NT=orbitrap fusion;AC=MS:1002416	NT=Carbamidomethyl;AC=UNIMOD:4;TA=C;MT=Fixed	NT=Trypsin;AC=MS:1001251	not available	10 ppm	0.2 Da	dithiothreitol (dtt)	iodoacetamide (iaa)	1	1	F1806_fuerschj_546.raw	ftp://ftp.pride.ebi.ac.uk/pride/data/archive/2021/10/PXD021114/F1806_fuerschj_546.raw	v1.1.0	NT=ms-proteomics;VV=v1.1.0	NT=oncology-metadata;VV=v1.0.0	manual curation	serum
F1907_fuerschj_295	homo sapiens	serum	not applicable	not available	1	F1907_fuerschj_295	proteomic profiling by mass spectrometry	NT=Data-dependent acquisition;AC=PRIDE:0000627	NT=label free sample;AC=MS:1002038	NT=orbitrap fusion;AC=MS:1002416	NT=Carbamidomethyl;AC=UNIMOD:4;TA=C;MT=Fixed	NT=Trypsin;AC=MS:1001251	not available	10 ppm	0.2 Da	dithiothreitol (dtt)	iodoacetamide (iaa)	1	1	F1907_fuerschj_295.raw	ftp://ftp.pride.ebi.ac.uk/pride/data/archive/2021/10/PXD021114/F1907_fuerschj_295.raw	v1.1.0	NT=ms-proteomics;VV=v1.1.0	NT=oncology-metadata;VV=v1.0.0	manual curation	serum
F1912_fuerschj_490	homo sapiens	serum	not applicable	not available	1	F1912_fuerschj_490	proteomic profiling by mass spectrometry	NT=Data-dependent acquisition;AC=PRIDE:0000627	NT=label free sample;AC=MS:1002038	NT=orbitrap fusion;AC=MS:1002416	NT=Carbamidomethyl;AC=UNIMOD:4;TA=C;MT=Fixed	NT=Trypsin;AC=MS:1001251	not available	10 ppm	0.2 Da	dithiothreitol (dtt)	iodoacetamide (iaa)	1	1	F1912_fuerschj_490.raw	ftp://ftp.pride.ebi.ac.uk/pride/data/archive/2021/10/PXD021114/F1912_fuerschj_490.raw	v1.1.0	NT=ms-proteomics;VV=v1.1.0	NT=oncology-metadata;VV=v1.0.0	manual curation	serum
F1806_fuerschj_516	homo sapiens	serum	not applicable	not available	1	F1806_fuerschj_516	proteomic profiling by mass spectrometry	NT=Data-dependent acquisition;AC=PRIDE:0000627	NT=label free sample;AC=MS:1002038	NT=orbitrap fusion;AC=MS:1002416	NT=Carbamidomethyl;AC=UNIMOD:4;TA=C;MT=Fixed	NT=Trypsin;AC=MS:1001251	not available	10 ppm	0.2 Da	dithiothreitol (dtt)	iodoacetamide (iaa)	1	1	F1806_fuerschj_516.raw	ftp://ftp.pride.ebi.ac.uk/pride/data/archive/2021/10/PXD021114/F1806_fuerschj_516.raw	v1.1.0	NT=ms-proteomics;VV=v1.1.0	NT=oncology-metadata;VV=v1.0.0	manual curation	serum
F1804_fuerschj_284	homo sapiens	serum	not applicable	not available	1	F1804_fuerschj_284	proteomic profiling by mass spectrometry	NT=Data-dependent acquisition;AC=PRIDE:0000627	NT=label free sample;AC=MS:1002038	NT=orbitrap fusion;AC=MS:1002416	NT=Carbamidomethyl;AC=UNIMOD:4;TA=C;MT=Fixed	NT=Trypsin;AC=MS:1001251	not available	10 ppm	0.2 Da	dithiothreitol (dtt)	iodoacetamide (iaa)	1	1	F1804_fuerschj_284.raw	ftp://ftp.pride.ebi.ac.uk/pride/data/archive/2021/10/PXD021114/F1804_fuerschj_284.raw	v1.1.0	NT=ms-proteomics;VV=v1.1.0	NT=oncology-metadata;VV=v1.0.0	manual curation	serum
F1901_fuerschj_049	homo sapiens	serum	not applicable	not available	1	F1901_fuerschj_049	proteomic profiling by mass spectrometry	NT=Data-dependent acquisition;AC=PRIDE:0000627	NT=label free sample;AC=MS:1002038	NT=orbitrap fusion;AC=MS:1002416	NT=Carbamidomethyl;AC=UNIMOD:4;TA=C;MT=Fixed	NT=Trypsin;AC=MS:1001251	not available	10 ppm	0.2 Da	dithiothreitol (dtt)	iodoacetamide (iaa)	1	1	F1901_fuerschj_049.raw	ftp://ftp.pride.ebi.ac.uk/pride/data/archive/2021/10/PXD021114/F1901_fuerschj_049.raw	v1.1.0	NT=ms-proteomics;VV=v1.1.0	NT=oncology-metadata;VV=v1.0.0	manual curation	serum
F1806_fuerschj_529	homo sapiens	serum	not applicable	not available	1	F1806_fuerschj_529	proteomic profiling by mass spectrometry	NT=Data-dependent acquisition;AC=PRIDE:0000627	NT=label free sample;AC=MS:1002038	NT=orbitrap fusion;AC=MS:1002416	NT=Carbamidomethyl;AC=UNIMOD:4;TA=C;MT=Fixed	NT=Trypsin;AC=MS:1001251	not available	10 ppm	0.2 Da	dithiothreitol (dtt)	iodoacetamide (iaa)	1	1	F1806_fuerschj_529.raw	ftp://ftp.pride.ebi.ac.uk/pride/data/archive/2021/10/PXD021114/F1806_fuerschj_529.raw	v1.1.0	NT=ms-proteomics;VV=v1.1.0	NT=oncology-metadata;VV=v1.0.0	manual curation	serum
F1804_fuerschj_291	homo sapiens	serum	not applicable	not available	1	F1804_fuerschj_291	proteomic profiling by mass spectrometry	NT=Data-dependent acquisition;AC=PRIDE:0000627	NT=label free sample;AC=MS:1002038	NT=orbitrap fusion;AC=MS:1002416	NT=Carbamidomethyl;AC=UNIMOD:4;TA=C;MT=Fixed	NT=Trypsin;AC=MS:1001251	not available	10 ppm	0.2 Da	dithiothreitol (dtt)	iodoacetamide (iaa)	1	1	F1804_fuerschj_291.raw	ftp://ftp.pride.ebi.ac.uk/pride/data/archive/2021/10/PXD021114/F1804_fuerschj_291.raw	v1.1.0	NT=ms-proteomics;VV=v1.1.0	NT=oncology-metadata;VV=v1.0.0	manual curation	serum
F1804_fuerschj_318	homo sapiens	serum	not applicable	not available	1	F1804_fuerschj_318	proteomic profiling by mass spectrometry	NT=Data-dependent acquisition;AC=PRIDE:0000627	NT=label free sample;AC=MS:1002038	NT=orbitrap fusion;AC=MS:1002416	NT=Carbamidomethyl;AC=UNIMOD:4;TA=C;MT=Fixed	NT=Trypsin;AC=MS:1001251	not available	10 ppm	0.2 Da	dithiothreitol (dtt)	iodoacetamide (iaa)	1	1	F1804_fuerschj_318.raw	ftp://ftp.pride.ebi.ac.uk/pride/data/archive/2021/10/PXD021114/F1804_fuerschj_318.raw	v1.1.0	NT=ms-proteomics;VV=v1.1.0	NT=oncology-metadata;VV=v1.0.0	manual curation	serum
F1804_fuerschj_369	homo sapiens	serum	not applicable	not available	1	F1804_fuerschj_369	proteomic profiling by mass spectrometry	NT=Data-dependent acquisition;AC=PRIDE:0000627	NT=label free sample;AC=MS:1002038	NT=orbitrap fusion;AC=MS:1002416	NT=Carbamidomethyl;AC=UNIMOD:4;TA=C;MT=Fixed	NT=Trypsin;AC=MS:1001251	not available	10 ppm	0.2 Da	dithiothreitol (dtt)	iodoacetamide (iaa)	1	1	F1804_fuerschj_369.raw	ftp://ftp.pride.ebi.ac.uk/pride/data/archive/2021/10/PXD021114/F1804_fuerschj_369.raw	v1.1.0	NT=ms-proteomics;VV=v1.1.0	NT=oncology-metadata;VV=v1.0.0	manual curation	serum
F1901_fuerschj_048	homo sapiens	serum	not applicable	not available	1	F1901_fuerschj_048	proteomic profiling by mass spectrometry	NT=Data-dependent acquisition;AC=PRIDE:0000627	NT=label free sample;AC=MS:1002038	NT=orbitrap fusion;AC=MS:1002416	NT=Carbamidomethyl;AC=UNIMOD:4;TA=C;MT=Fixed	NT=Trypsin;AC=MS:1001251	not available	10 ppm	0.2 Da	dithiothreitol (dtt)	iodoacetamide (iaa)	1	1	F1901_fuerschj_048.raw	ftp://ftp.pride.ebi.ac.uk/pride/data/archive/2021/10/PXD021114/F1901_fuerschj_048.raw	v1.1.0	NT=ms-proteomics;VV=v1.1.0	NT=oncology-metadata;VV=v1.0.0	manual curation	serum
F1911_fuerschj_199	homo sapiens	serum	not applicable	not available	1	F1911_fuerschj_199	proteomic profiling by mass spectrometry	NT=Data-dependent acquisition;AC=PRIDE:0000627	NT=label free sample;AC=MS:1002038	NT=orbitrap fusion;AC=MS:1002416	NT=Carbamidomethyl;AC=UNIMOD:4;TA=C;MT=Fixed	NT=Trypsin;AC=MS:1001251	not available	10 ppm	0.2 Da	dithiothreitol (dtt)	iodoacetamide (iaa)	1	1	F1911_fuerschj_199.raw	ftp://ftp.pride.ebi.ac.uk/pride/data/archive/2021/10/PXD021114/F1911_fuerschj_199.raw	v1.1.0	NT=ms-proteomics;VV=v1.1.0	NT=oncology-metadata;VV=v1.0.0	manual curation	serum
F1708_fuerschj_063	homo sapiens	serum	not applicable	not available	1	F1708_fuerschj_063	proteomic profiling by mass spectrometry	NT=Data-dependent acquisition;AC=PRIDE:0000627	NT=label free sample;AC=MS:1002038	NT=orbitrap fusion;AC=MS:1002416	NT=Carbamidomethyl;AC=UNIMOD:4;TA=C;MT=Fixed	NT=Trypsin;AC=MS:1001251	not available	10 ppm	0.2 Da	dithiothreitol (dtt)	iodoacetamide (iaa)	1	1	F1708_fuerschj_063.raw	ftp://ftp.pride.ebi.ac.uk/pride/data/archive/2021/10/PXD021114/F1708_fuerschj_063.raw	v1.1.0	NT=ms-proteomics;VV=v1.1.0	NT=oncology-metadata;VV=v1.0.0	manual curation	serum
F1806_fuerschj_412	homo sapiens	serum	not applicable	not available	1	F1806_fuerschj_412	proteomic profiling by mass spectrometry	NT=Data-dependent acquisition;AC=PRIDE:0000627	NT=label free sample;AC=MS:1002038	NT=orbitrap fusion;AC=MS:1002416	NT=Carbamidomethyl;AC=UNIMOD:4;TA=C;MT=Fixed	NT=Trypsin;AC=MS:1001251	not available	10 ppm	0.2 Da	dithiothreitol (dtt)	iodoacetamide (iaa)	1	1	F1806_fuerschj_412.raw	ftp://ftp.pride.ebi.ac.uk/pride/data/archive/2021/10/PXD021114/F1806_fuerschj_412.raw	v1.1.0	NT=ms-proteomics;VV=v1.1.0	NT=oncology-metadata;VV=v1.0.0	manual curation	serum
F1806_fuerschj_580	homo sapiens	serum	not applicable	not available	1	F1806_fuerschj_580	proteomic profiling by mass spectrometry	NT=Data-dependent acquisition;AC=PRIDE:0000627	NT=label free sample;AC=MS:1002038	NT=orbitrap fusion;AC=MS:1002416	NT=Carbamidomethyl;AC=UNIMOD:4;TA=C;MT=Fixed	NT=Trypsin;AC=MS:1001251	not available	10 ppm	0.2 Da	dithiothreitol (dtt)	iodoacetamide (iaa)	1	1	F1806_fuerschj_580.raw	ftp://ftp.pride.ebi.ac.uk/pride/data/archive/2021/10/PXD021114/F1806_fuerschj_580.raw	v1.1.0	NT=ms-proteomics;VV=v1.1.0	NT=oncology-metadata;VV=v1.0.0	manual curation	serum
F1806_fuerschj_585	homo sapiens	serum	not applicable	not available	1	F1806_fuerschj_585	proteomic profiling by mass spectrometry	NT=Data-dependent acquisition;AC=PRIDE:0000627	NT=label free sample;AC=MS:1002038	NT=orbitrap fusion;AC=MS:1002416	NT=Carbamidomethyl;AC=UNIMOD:4;TA=C;MT=Fixed	NT=Trypsin;AC=MS:1001251	not available	10 ppm	0.2 Da	dithiothreitol (dtt)	iodoacetamide (iaa)	1	1	F1806_fuerschj_585.raw	ftp://ftp.pride.ebi.ac.uk/pride/data/archive/2021/10/PXD021114/F1806_fuerschj_585.raw	v1.1.0	NT=ms-proteomics;VV=v1.1.0	NT=oncology-metadata;VV=v1.0.0	manual curation	serum
F1806_fuerschj_540	homo sapiens	serum	not applicable	not available	1	F1806_fuerschj_540	proteomic profiling by mass spectrometry	NT=Data-dependent acquisition;AC=PRIDE:0000627	NT=label free sample;AC=MS:1002038	NT=orbitrap fusion;AC=MS:1002416	NT=Carbamidomethyl;AC=UNIMOD:4;TA=C;MT=Fixed	NT=Trypsin;AC=MS:1001251	not available	10 ppm	0.2 Da	dithiothreitol (dtt)	iodoacetamide (iaa)	1	1	F1806_fuerschj_540.raw	ftp://ftp.pride.ebi.ac.uk/pride/data/archive/2021/10/PXD021114/F1806_fuerschj_540.raw	v1.1.0	NT=ms-proteomics;VV=v1.1.0	NT=oncology-metadata;VV=v1.0.0	manual curation	serum
F1806_fuerschj_639	homo sapiens	serum	not applicable	not available	1	F1806_fuerschj_639	proteomic profiling by mass spectrometry	NT=Data-dependent acquisition;AC=PRIDE:0000627	NT=label free sample;AC=MS:1002038	NT=orbitrap fusion;AC=MS:1002416	NT=Carbamidomethyl;AC=UNIMOD:4;TA=C;MT=Fixed	NT=Trypsin;AC=MS:1001251	not available	10 ppm	0.2 Da	dithiothreitol (dtt)	iodoacetamide (iaa)	1	1	F1806_fuerschj_639.raw	ftp://ftp.pride.ebi.ac.uk/pride/data/archive/2021/10/PXD021114/F1806_fuerschj_639.raw	v1.1.0	NT=ms-proteomics;VV=v1.1.0	NT=oncology-metadata;VV=v1.0.0	manual curation	serum
F1911_fuerschj_218	homo sapiens	serum	not applicable	not available	1	F1911_fuerschj_218	proteomic profiling by mass spectrometry	NT=Data-dependent acquisition;AC=PRIDE:0000627	NT=label free sample;AC=MS:1002038	NT=orbitrap fusion;AC=MS:1002416	NT=Carbamidomethyl;AC=UNIMOD:4;TA=C;MT=Fixed	NT=Trypsin;AC=MS:1001251	not available	10 ppm	0.2 Da	dithiothreitol (dtt)	iodoacetamide (iaa)	1	1	F1911_fuerschj_218.raw	ftp://ftp.pride.ebi.ac.uk/pride/data/archive/2021/10/PXD021114/F1911_fuerschj_218.raw	v1.1.0	NT=ms-proteomics;VV=v1.1.0	NT=oncology-metadata;VV=v1.0.0	manual curation	serum
F1804_fuerschj_330	homo sapiens	serum	not applicable	not available	1	F1804_fuerschj_330	proteomic profiling by mass spectrometry	NT=Data-dependent acquisition;AC=PRIDE:0000627	NT=label free sample;AC=MS:1002038	NT=orbitrap fusion;AC=MS:1002416	NT=Carbamidomethyl;AC=UNIMOD:4;TA=C;MT=Fixed	NT=Trypsin;AC=MS:1001251	not available	10 ppm	0.2 Da	dithiothreitol (dtt)	iodoacetamide (iaa)	1	1	F1804_fuerschj_330.raw	ftp://ftp.pride.ebi.ac.uk/pride/data/archive/2021/10/PXD021114/F1804_fuerschj_330.raw	v1.1.0	NT=ms-proteomics;VV=v1.1.0	NT=oncology-metadata;VV=v1.0.0	manual curation	serum
F1806_fuerschj_482	homo sapiens	serum	not applicable	not available	1	F1806_fuerschj_482	proteomic profiling by mass spectrometry	NT=Data-dependent acquisition;AC=PRIDE:0000627	NT=label free sample;AC=MS:1002038	NT=orbitrap fusion;AC=MS:1002416	NT=Carbamidomethyl;AC=UNIMOD:4;TA=C;MT=Fixed	NT=Trypsin;AC=MS:1001251	not available	10 ppm	0.2 Da	dithiothreitol (dtt)	iodoacetamide (iaa)	1	1	F1806_fuerschj_482.raw	ftp://ftp.pride.ebi.ac.uk/pride/data/archive/2021/10/PXD021114/F1806_fuerschj_482.raw	v1.1.0	NT=ms-proteomics;VV=v1.1.0	NT=oncology-metadata;VV=v1.0.0	manual curation	serum
F1806_fuerschj_671	homo sapiens	serum	not applicable	not available	1	F1806_fuerschj_671	proteomic profiling by mass spectrometry	NT=Data-dependent acquisition;AC=PRIDE:0000627	NT=label free sample;AC=MS:1002038	NT=orbitrap fusion;AC=MS:1002416	NT=Carbamidomethyl;AC=UNIMOD:4;TA=C;MT=Fixed	NT=Trypsin;AC=MS:1001251	not available	10 ppm	0.2 Da	dithiothreitol (dtt)	iodoacetamide (iaa)	1	1	F1806_fuerschj_671.raw	ftp://ftp.pride.ebi.ac.uk/pride/data/archive/2021/10/PXD021114/F1806_fuerschj_671.raw	v1.1.0	NT=ms-proteomics;VV=v1.1.0	NT=oncology-metadata;VV=v1.0.0	manual curation	serum
F1912_fuerschj_476	homo sapiens	serum	not applicable	not available	1	F1912_fuerschj_476	proteomic profiling by mass spectrometry	NT=Data-dependent acquisition;AC=PRIDE:0000627	NT=label free sample;AC=MS:1002038	NT=orbitrap fusion;AC=MS:1002416	NT=Carbamidomethyl;AC=UNIMOD:4;TA=C;MT=Fixed	NT=Trypsin;AC=MS:1001251	not available	10 ppm	0.2 Da	dithiothreitol (dtt)	iodoacetamide (iaa)	1	1	F1912_fuerschj_476.raw	ftp://ftp.pride.ebi.ac.uk/pride/data/archive/2021/10/PXD021114/F1912_fuerschj_476.raw	v1.1.0	NT=ms-proteomics;VV=v1.1.0	NT=oncology-metadata;VV=v1.0.0	manual curation	serum
F1912_fuerschj_413	homo sapiens	serum	not applicable	not available	1	F1912_fuerschj_413	proteomic profiling by mass spectrometry	NT=Data-dependent acquisition;AC=PRIDE:0000627	NT=label free sample;AC=MS:1002038	NT=orbitrap fusion;AC=MS:1002416	NT=Carbamidomethyl;AC=UNIMOD:4;TA=C;MT=Fixed	NT=Trypsin;AC=MS:1001251	not available	10 ppm	0.2 Da	dithiothreitol (dtt)	iodoacetamide (iaa)	1	1	F1912_fuerschj_413.raw	ftp://ftp.pride.ebi.ac.uk/pride/data/archive/2021/10/PXD021114/F1912_fuerschj_413.raw	v1.1.0	NT=ms-proteomics;VV=v1.1.0	NT=oncology-metadata;VV=v1.0.0	manual curation	serum
F1804_fuerschj_283	homo sapiens	serum	not applicable	not available	1	F1804_fuerschj_283	proteomic profiling by mass spectrometry	NT=Data-dependent acquisition;AC=PRIDE:0000627	NT=label free sample;AC=MS:1002038	NT=orbitrap fusion;AC=MS:1002416	NT=Carbamidomethyl;AC=UNIMOD:4;TA=C;MT=Fixed	NT=Trypsin;AC=MS:1001251	not available	10 ppm	0.2 Da	dithiothreitol (dtt)	iodoacetamide (iaa)	1	1	F1804_fuerschj_283.raw	ftp://ftp.pride.ebi.ac.uk/pride/data/archive/2021/10/PXD021114/F1804_fuerschj_283.raw	v1.1.0	NT=ms-proteomics;VV=v1.1.0	NT=oncology-metadata;VV=v1.0.0	manual curation	serum
F1804_fuerschj_385	homo sapiens	serum	not applicable	not available	1	F1804_fuerschj_385	proteomic profiling by mass spectrometry	NT=Data-dependent acquisition;AC=PRIDE:0000627	NT=label free sample;AC=MS:1002038	NT=orbitrap fusion;AC=MS:1002416	NT=Carbamidomethyl;AC=UNIMOD:4;TA=C;MT=Fixed	NT=Trypsin;AC=MS:1001251	not available	10 ppm	0.2 Da	dithiothreitol (dtt)	iodoacetamide (iaa)	1	1	F1804_fuerschj_385.raw	ftp://ftp.pride.ebi.ac.uk/pride/data/archive/2021/10/PXD021114/F1804_fuerschj_385.raw	v1.1.0	NT=ms-proteomics;VV=v1.1.0	NT=oncology-metadata;VV=v1.0.0	manual curation	serum
F1911_fuerschj_290	homo sapiens	serum	not applicable	not available	1	F1911_fuerschj_290	proteomic profiling by mass spectrometry	NT=Data-dependent acquisition;AC=PRIDE:0000627	NT=label free sample;AC=MS:1002038	NT=orbitrap fusion;AC=MS:1002416	NT=Carbamidomethyl;AC=UNIMOD:4;TA=C;MT=Fixed	NT=Trypsin;AC=MS:1001251	not available	10 ppm	0.2 Da	dithiothreitol (dtt)	iodoacetamide (iaa)	1	1	F1911_fuerschj_290.raw	ftp://ftp.pride.ebi.ac.uk/pride/data/archive/2021/10/PXD021114/F1911_fuerschj_290.raw	v1.1.0	NT=ms-proteomics;VV=v1.1.0	NT=oncology-metadata;VV=v1.0.0	manual curation	serum
F1912_fuerschj_414	homo sapiens	serum	not applicable	not available	1	F1912_fuerschj_414	proteomic profiling by mass spectrometry	NT=Data-dependent acquisition;AC=PRIDE:0000627	NT=label free sample;AC=MS:1002038	NT=orbitrap fusion;AC=MS:1002416	NT=Carbamidomethyl;AC=UNIMOD:4;TA=C;MT=Fixed	NT=Trypsin;AC=MS:1001251	not available	10 ppm	0.2 Da	dithiothreitol (dtt)	iodoacetamide (iaa)	1	1	F1912_fuerschj_414.raw	ftp://ftp.pride.ebi.ac.uk/pride/data/archive/2021/10/PXD021114/F1912_fuerschj_414.raw	v1.1.0	NT=ms-proteomics;VV=v1.1.0	NT=oncology-metadata;VV=v1.0.0	manual curation	serum
F1806_fuerschj_481	homo sapiens	serum	not applicable	not available	1	F1806_fuerschj_481	proteomic profiling by mass spectrometry	NT=Data-dependent acquisition;AC=PRIDE:0000627	NT=label free sample;AC=MS:1002038	NT=orbitrap fusion;AC=MS:1002416	NT=Carbamidomethyl;AC=UNIMOD:4;TA=C;MT=Fixed	NT=Trypsin;AC=MS:1001251	not available	10 ppm	0.2 Da	dithiothreitol (dtt)	iodoacetamide (iaa)	1	1	F1806_fuerschj_481.raw	ftp://ftp.pride.ebi.ac.uk/pride/data/archive/2021/10/PXD021114/F1806_fuerschj_481.raw	v1.1.0	NT=ms-proteomics;VV=v1.1.0	NT=oncology-metadata;VV=v1.0.0	manual curation	serum
F1804_fuerschj_379	homo sapiens	serum	not applicable	not available	1	F1804_fuerschj_379	proteomic profiling by mass spectrometry	NT=Data-dependent acquisition;AC=PRIDE:0000627	NT=label free sample;AC=MS:1002038	NT=orbitrap fusion;AC=MS:1002416	NT=Carbamidomethyl;AC=UNIMOD:4;TA=C;MT=Fixed	NT=Trypsin;AC=MS:1001251	not available	10 ppm	0.2 Da	dithiothreitol (dtt)	iodoacetamide (iaa)	1	1	F1804_fuerschj_379.raw	ftp://ftp.pride.ebi.ac.uk/pride/data/archive/2021/10/PXD021114/F1804_fuerschj_379.raw	v1.1.0	NT=ms-proteomics;VV=v1.1.0	NT=oncology-metadata;VV=v1.0.0	manual curation	serum
F1911_fuerschj_284	homo sapiens	serum	not applicable	not available	1	F1911_fuerschj_284	proteomic profiling by mass spectrometry	NT=Data-dependent acquisition;AC=PRIDE:0000627	NT=label free sample;AC=MS:1002038	NT=orbitrap fusion;AC=MS:1002416	NT=Carbamidomethyl;AC=UNIMOD:4;TA=C;MT=Fixed	NT=Trypsin;AC=MS:1001251	not available	10 ppm	0.2 Da	dithiothreitol (dtt)	iodoacetamide (iaa)	1	1	F1911_fuerschj_284.raw	ftp://ftp.pride.ebi.ac.uk/pride/data/archive/2021/10/PXD021114/F1911_fuerschj_284.raw	v1.1.0	NT=ms-proteomics;VV=v1.1.0	NT=oncology-metadata;VV=v1.0.0	manual curation	serum
F1806_fuerschj_583	homo sapiens	serum	not applicable	not available	1	F1806_fuerschj_583	proteomic profiling by mass spectrometry	NT=Data-dependent acquisition;AC=PRIDE:0000627	NT=label free sample;AC=MS:1002038	NT=orbitrap fusion;AC=MS:1002416	NT=Carbamidomethyl;AC=UNIMOD:4;TA=C;MT=Fixed	NT=Trypsin;AC=MS:1001251	not available	10 ppm	0.2 Da	dithiothreitol (dtt)	iodoacetamide (iaa)	1	1	F1806_fuerschj_583.raw	ftp://ftp.pride.ebi.ac.uk/pride/data/archive/2021/10/PXD021114/F1806_fuerschj_583.raw	v1.1.0	NT=ms-proteomics;VV=v1.1.0	NT=oncology-metadata;VV=v1.0.0	manual curation	serum
F1907_fuerschj_280	homo sapiens	serum	not applicable	not available	1	F1907_fuerschj_280	proteomic profiling by mass spectrometry	NT=Data-dependent acquisition;AC=PRIDE:0000627	NT=label free sample;AC=MS:1002038	NT=orbitrap fusion;AC=MS:1002416	NT=Carbamidomethyl;AC=UNIMOD:4;TA=C;MT=Fixed	NT=Trypsin;AC=MS:1001251	not available	10 ppm	0.2 Da	dithiothreitol (dtt)	iodoacetamide (iaa)	1	1	F1907_fuerschj_280.raw	ftp://ftp.pride.ebi.ac.uk/pride/data/archive/2021/10/PXD021114/F1907_fuerschj_280.raw	v1.1.0	NT=ms-proteomics;VV=v1.1.0	NT=oncology-metadata;VV=v1.0.0	manual curation	serum
F1907_fuerschj_285	homo sapiens	serum	not applicable	not available	1	F1907_fuerschj_285	proteomic profiling by mass spectrometry	NT=Data-dependent acquisition;AC=PRIDE:0000627	NT=label free sample;AC=MS:1002038	NT=orbitrap fusion;AC=MS:1002416	NT=Carbamidomethyl;AC=UNIMOD:4;TA=C;MT=Fixed	NT=Trypsin;AC=MS:1001251	not available	10 ppm	0.2 Da	dithiothreitol (dtt)	iodoacetamide (iaa)	1	1	F1907_fuerschj_285.raw	ftp://ftp.pride.ebi.ac.uk/pride/data/archive/2021/10/PXD021114/F1907_fuerschj_285.raw	v1.1.0	NT=ms-proteomics;VV=v1.1.0	NT=oncology-metadata;VV=v1.0.0	manual curation	serum
F1907_fuerschj_304	homo sapiens	serum	not applicable	not available	1	F1907_fuerschj_304	proteomic profiling by mass spectrometry	NT=Data-dependent acquisition;AC=PRIDE:0000627	NT=label free sample;AC=MS:1002038	NT=orbitrap fusion;AC=MS:1002416	NT=Carbamidomethyl;AC=UNIMOD:4;TA=C;MT=Fixed	NT=Trypsin;AC=MS:1001251	not available	10 ppm	0.2 Da	dithiothreitol (dtt)	iodoacetamide (iaa)	1	1	F1907_fuerschj_304.raw	ftp://ftp.pride.ebi.ac.uk/pride/data/archive/2021/10/PXD021114/F1907_fuerschj_304.raw	v1.1.0	NT=ms-proteomics;VV=v1.1.0	NT=oncology-metadata;VV=v1.0.0	manual curation	serum
F1806_fuerschj_448	homo sapiens	serum	not applicable	not available	1	F1806_fuerschj_448	proteomic profiling by mass spectrometry	NT=Data-dependent acquisition;AC=PRIDE:0000627	NT=label free sample;AC=MS:1002038	NT=orbitrap fusion;AC=MS:1002416	NT=Carbamidomethyl;AC=UNIMOD:4;TA=C;MT=Fixed	NT=Trypsin;AC=MS:1001251	not available	10 ppm	0.2 Da	dithiothreitol (dtt)	iodoacetamide (iaa)	1	1	F1806_fuerschj_448.raw	ftp://ftp.pride.ebi.ac.uk/pride/data/archive/2021/10/PXD021114/F1806_fuerschj_448.raw	v1.1.0	NT=ms-proteomics;VV=v1.1.0	NT=oncology-metadata;VV=v1.0.0	manual curation	serum
F1911_fuerschj_217	homo sapiens	serum	not applicable	not available	1	F1911_fuerschj_217	proteomic profiling by mass spectrometry	NT=Data-dependent acquisition;AC=PRIDE:0000627	NT=label free sample;AC=MS:1002038	NT=orbitrap fusion;AC=MS:1002416	NT=Carbamidomethyl;AC=UNIMOD:4;TA=C;MT=Fixed	NT=Trypsin;AC=MS:1001251	not available	10 ppm	0.2 Da	dithiothreitol (dtt)	iodoacetamide (iaa)	1	1	F1911_fuerschj_217.raw	ftp://ftp.pride.ebi.ac.uk/pride/data/archive/2021/10/PXD021114/F1911_fuerschj_217.raw	v1.1.0	NT=ms-proteomics;VV=v1.1.0	NT=oncology-metadata;VV=v1.0.0	manual curation	serum
F1804_fuerschj_261	homo sapiens	serum	not applicable	not available	1	F1804_fuerschj_261	proteomic profiling by mass spectrometry	NT=Data-dependent acquisition;AC=PRIDE:0000627	NT=label free sample;AC=MS:1002038	NT=orbitrap fusion;AC=MS:1002416	NT=Carbamidomethyl;AC=UNIMOD:4;TA=C;MT=Fixed	NT=Trypsin;AC=MS:1001251	not available	10 ppm	0.2 Da	dithiothreitol (dtt)	iodoacetamide (iaa)	1	1	F1804_fuerschj_261.raw	ftp://ftp.pride.ebi.ac.uk/pride/data/archive/2021/10/PXD021114/F1804_fuerschj_261.raw	v1.1.0	NT=ms-proteomics;VV=v1.1.0	NT=oncology-metadata;VV=v1.0.0	manual curation	serum
F1912_fuerschj_440	homo sapiens	serum	not applicable	not available	1	F1912_fuerschj_440	proteomic profiling by mass spectrometry	NT=Data-dependent acquisition;AC=PRIDE:0000627	NT=label free sample;AC=MS:1002038	NT=orbitrap fusion;AC=MS:1002416	NT=Carbamidomethyl;AC=UNIMOD:4;TA=C;MT=Fixed	NT=Trypsin;AC=MS:1001251	not available	10 ppm	0.2 Da	dithiothreitol (dtt)	iodoacetamide (iaa)	1	1	F1912_fuerschj_440.raw	ftp://ftp.pride.ebi.ac.uk/pride/data/archive/2021/10/PXD021114/F1912_fuerschj_440.raw	v1.1.0	NT=ms-proteomics;VV=v1.1.0	NT=oncology-metadata;VV=v1.0.0	manual curation	serum
F1912_fuerschj_432	homo sapiens	serum	not applicable	not available	1	F1912_fuerschj_432	proteomic profiling by mass spectrometry	NT=Data-dependent acquisition;AC=PRIDE:0000627	NT=label free sample;AC=MS:1002038	NT=orbitrap fusion;AC=MS:1002416	NT=Carbamidomethyl;AC=UNIMOD:4;TA=C;MT=Fixed	NT=Trypsin;AC=MS:1001251	not available	10 ppm	0.2 Da	dithiothreitol (dtt)	iodoacetamide (iaa)	1	1	F1912_fuerschj_432.raw	ftp://ftp.pride.ebi.ac.uk/pride/data/archive/2021/10/PXD021114/F1912_fuerschj_432.raw	v1.1.0	NT=ms-proteomics;VV=v1.1.0	NT=oncology-metadata;VV=v1.0.0	manual curation	serum
F1911_fuerschj_246	homo sapiens	serum	not applicable	not available	1	F1911_fuerschj_246	proteomic profiling by mass spectrometry	NT=Data-dependent acquisition;AC=PRIDE:0000627	NT=label free sample;AC=MS:1002038	NT=orbitrap fusion;AC=MS:1002416	NT=Carbamidomethyl;AC=UNIMOD:4;TA=C;MT=Fixed	NT=Trypsin;AC=MS:1001251	not available	10 ppm	0.2 Da	dithiothreitol (dtt)	iodoacetamide (iaa)	1	1	F1911_fuerschj_246.raw	ftp://ftp.pride.ebi.ac.uk/pride/data/archive/2021/10/PXD021114/F1911_fuerschj_246.raw	v1.1.0	NT=ms-proteomics;VV=v1.1.0	NT=oncology-metadata;VV=v1.0.0	manual curation	serum
F1806_fuerschj_449	homo sapiens	serum	not applicable	not available	1	F1806_fuerschj_449	proteomic profiling by mass spectrometry	NT=Data-dependent acquisition;AC=PRIDE:0000627	NT=label free sample;AC=MS:1002038	NT=orbitrap fusion;AC=MS:1002416	NT=Carbamidomethyl;AC=UNIMOD:4;TA=C;MT=Fixed	NT=Trypsin;AC=MS:1001251	not available	10 ppm	0.2 Da	dithiothreitol (dtt)	iodoacetamide (iaa)	1	1	F1806_fuerschj_449.raw	ftp://ftp.pride.ebi.ac.uk/pride/data/archive/2021/10/PXD021114/F1806_fuerschj_449.raw	v1.1.0	NT=ms-proteomics;VV=v1.1.0	NT=oncology-metadata;VV=v1.0.0	manual curation	serum
F1806_fuerschj_433	homo sapiens	serum	not applicable	not available	1	F1806_fuerschj_433	proteomic profiling by mass spectrometry	NT=Data-dependent acquisition;AC=PRIDE:0000627	NT=label free sample;AC=MS:1002038	NT=orbitrap fusion;AC=MS:1002416	NT=Carbamidomethyl;AC=UNIMOD:4;TA=C;MT=Fixed	NT=Trypsin;AC=MS:1001251	not available	10 ppm	0.2 Da	dithiothreitol (dtt)	iodoacetamide (iaa)	1	1	F1806_fuerschj_433.raw	ftp://ftp.pride.ebi.ac.uk/pride/data/archive/2021/10/PXD021114/F1806_fuerschj_433.raw	v1.1.0	NT=ms-proteomics;VV=v1.1.0	NT=oncology-metadata;VV=v1.0.0	manual curation	serum
F1901_fuerschj_039	homo sapiens	serum	not applicable	not available	1	F1901_fuerschj_039	proteomic profiling by mass spectrometry	NT=Data-dependent acquisition;AC=PRIDE:0000627	NT=label free sample;AC=MS:1002038	NT=orbitrap fusion;AC=MS:1002416	NT=Carbamidomethyl;AC=UNIMOD:4;TA=C;MT=Fixed	NT=Trypsin;AC=MS:1001251	not available	10 ppm	0.2 Da	dithiothreitol (dtt)	iodoacetamide (iaa)	1	1	F1901_fuerschj_039.raw	ftp://ftp.pride.ebi.ac.uk/pride/data/archive/2021/10/PXD021114/F1901_fuerschj_039.raw	v1.1.0	NT=ms-proteomics;VV=v1.1.0	NT=oncology-metadata;VV=v1.0.0	manual curation	serum
F1911_fuerschj_237	homo sapiens	serum	not applicable	not available	1	F1911_fuerschj_237	proteomic profiling by mass spectrometry	NT=Data-dependent acquisition;AC=PRIDE:0000627	NT=label free sample;AC=MS:1002038	NT=orbitrap fusion;AC=MS:1002416	NT=Carbamidomethyl;AC=UNIMOD:4;TA=C;MT=Fixed	NT=Trypsin;AC=MS:1001251	not available	10 ppm	0.2 Da	dithiothreitol (dtt)	iodoacetamide (iaa)	1	1	F1911_fuerschj_237.raw	ftp://ftp.pride.ebi.ac.uk/pride/data/archive/2021/10/PXD021114/F1911_fuerschj_237.raw	v1.1.0	NT=ms-proteomics;VV=v1.1.0	NT=oncology-metadata;VV=v1.0.0	manual curation	serum
F1804_fuerschj_377	homo sapiens	serum	not applicable	not available	1	F1804_fuerschj_377	proteomic profiling by mass spectrometry	NT=Data-dependent acquisition;AC=PRIDE:0000627	NT=label free sample;AC=MS:1002038	NT=orbitrap fusion;AC=MS:1002416	NT=Carbamidomethyl;AC=UNIMOD:4;TA=C;MT=Fixed	NT=Trypsin;AC=MS:1001251	not available	10 ppm	0.2 Da	dithiothreitol (dtt)	iodoacetamide (iaa)	1	1	F1804_fuerschj_377.raw	ftp://ftp.pride.ebi.ac.uk/pride/data/archive/2021/10/PXD021114/F1804_fuerschj_377.raw	v1.1.0	NT=ms-proteomics;VV=v1.1.0	NT=oncology-metadata;VV=v1.0.0	manual curation	serum
F1911_fuerschj_220	homo sapiens	serum	not applicable	not available	1	F1911_fuerschj_220	proteomic profiling by mass spectrometry	NT=Data-dependent acquisition;AC=PRIDE:0000627	NT=label free sample;AC=MS:1002038	NT=orbitrap fusion;AC=MS:1002416	NT=Carbamidomethyl;AC=UNIMOD:4;TA=C;MT=Fixed	NT=Trypsin;AC=MS:1001251	not available	10 ppm	0.2 Da	dithiothreitol (dtt)	iodoacetamide (iaa)	1	1	F1911_fuerschj_220.raw	ftp://ftp.pride.ebi.ac.uk/pride/data/archive/2021/10/PXD021114/F1911_fuerschj_220.raw	v1.1.0	NT=ms-proteomics;VV=v1.1.0	NT=oncology-metadata;VV=v1.0.0	manual curation	serum
F1912_fuerschj_412	homo sapiens	serum	not applicable	not available	1	F1912_fuerschj_412	proteomic profiling by mass spectrometry	NT=Data-dependent acquisition;AC=PRIDE:0000627	NT=label free sample;AC=MS:1002038	NT=orbitrap fusion;AC=MS:1002416	NT=Carbamidomethyl;AC=UNIMOD:4;TA=C;MT=Fixed	NT=Trypsin;AC=MS:1001251	not available	10 ppm	0.2 Da	dithiothreitol (dtt)	iodoacetamide (iaa)	1	1	F1912_fuerschj_412.raw	ftp://ftp.pride.ebi.ac.uk/pride/data/archive/2021/10/PXD021114/F1912_fuerschj_412.raw	v1.1.0	NT=ms-proteomics;VV=v1.1.0	NT=oncology-metadata;VV=v1.0.0	manual curation	serum
F1911_fuerschj_276	homo sapiens	serum	not applicable	not available	1	F1911_fuerschj_276	proteomic profiling by mass spectrometry	NT=Data-dependent acquisition;AC=PRIDE:0000627	NT=label free sample;AC=MS:1002038	NT=orbitrap fusion;AC=MS:1002416	NT=Carbamidomethyl;AC=UNIMOD:4;TA=C;MT=Fixed	NT=Trypsin;AC=MS:1001251	not available	10 ppm	0.2 Da	dithiothreitol (dtt)	iodoacetamide (iaa)	1	1	F1911_fuerschj_276.raw	ftp://ftp.pride.ebi.ac.uk/pride/data/archive/2021/10/PXD021114/F1911_fuerschj_276.raw	v1.1.0	NT=ms-proteomics;VV=v1.1.0	NT=oncology-metadata;VV=v1.0.0	manual curation	serum
F1806_fuerschj_625	homo sapiens	serum	not applicable	not available	1	F1806_fuerschj_625	proteomic profiling by mass spectrometry	NT=Data-dependent acquisition;AC=PRIDE:0000627	NT=label free sample;AC=MS:1002038	NT=orbitrap fusion;AC=MS:1002416	NT=Carbamidomethyl;AC=UNIMOD:4;TA=C;MT=Fixed	NT=Trypsin;AC=MS:1001251	not available	10 ppm	0.2 Da	dithiothreitol (dtt)	iodoacetamide (iaa)	1	1	F1806_fuerschj_625.raw	ftp://ftp.pride.ebi.ac.uk/pride/data/archive/2021/10/PXD021114/F1806_fuerschj_625.raw	v1.1.0	NT=ms-proteomics;VV=v1.1.0	NT=oncology-metadata;VV=v1.0.0	manual curation	serum
F1911_fuerschj_211	homo sapiens	serum	not applicable	not available	1	F1911_fuerschj_211	proteomic profiling by mass spectrometry	NT=Data-dependent acquisition;AC=PRIDE:0000627	NT=label free sample;AC=MS:1002038	NT=orbitrap fusion;AC=MS:1002416	NT=Carbamidomethyl;AC=UNIMOD:4;TA=C;MT=Fixed	NT=Trypsin;AC=MS:1001251	not available	10 ppm	0.2 Da	dithiothreitol (dtt)	iodoacetamide (iaa)	1	1	F1911_fuerschj_211.raw	ftp://ftp.pride.ebi.ac.uk/pride/data/archive/2021/10/PXD021114/F1911_fuerschj_211.raw	v1.1.0	NT=ms-proteomics;VV=v1.1.0	NT=oncology-metadata;VV=v1.0.0	manual curation	serum
F1806_fuerschj_474	homo sapiens	serum	not applicable	not available	1	F1806_fuerschj_474	proteomic profiling by mass spectrometry	NT=Data-dependent acquisition;AC=PRIDE:0000627	NT=label free sample;AC=MS:1002038	NT=orbitrap fusion;AC=MS:1002416	NT=Carbamidomethyl;AC=UNIMOD:4;TA=C;MT=Fixed	NT=Trypsin;AC=MS:1001251	not available	10 ppm	0.2 Da	dithiothreitol (dtt)	iodoacetamide (iaa)	1	1	F1806_fuerschj_474.raw	ftp://ftp.pride.ebi.ac.uk/pride/data/archive/2021/10/PXD021114/F1806_fuerschj_474.raw	v1.1.0	NT=ms-proteomics;VV=v1.1.0	NT=oncology-metadata;VV=v1.0.0	manual curation	serum
F1806_fuerschj_483	homo sapiens	serum	not applicable	not available	1	F1806_fuerschj_483	proteomic profiling by mass spectrometry	NT=Data-dependent acquisition;AC=PRIDE:0000627	NT=label free sample;AC=MS:1002038	NT=orbitrap fusion;AC=MS:1002416	NT=Carbamidomethyl;AC=UNIMOD:4;TA=C;MT=Fixed	NT=Trypsin;AC=MS:1001251	not available	10 ppm	0.2 Da	dithiothreitol (dtt)	iodoacetamide (iaa)	1	1	F1806_fuerschj_483.raw	ftp://ftp.pride.ebi.ac.uk/pride/data/archive/2021/10/PXD021114/F1806_fuerschj_483.raw	v1.1.0	NT=ms-proteomics;VV=v1.1.0	NT=oncology-metadata;VV=v1.0.0	manual curation	serum
F1901_fuerschj_066	homo sapiens	serum	not applicable	not available	1	F1901_fuerschj_066	proteomic profiling by mass spectrometry	NT=Data-dependent acquisition;AC=PRIDE:0000627	NT=label free sample;AC=MS:1002038	NT=orbitrap fusion;AC=MS:1002416	NT=Carbamidomethyl;AC=UNIMOD:4;TA=C;MT=Fixed	NT=Trypsin;AC=MS:1001251	not available	10 ppm	0.2 Da	dithiothreitol (dtt)	iodoacetamide (iaa)	1	1	F1901_fuerschj_066.raw	ftp://ftp.pride.ebi.ac.uk/pride/data/archive/2021/10/PXD021114/F1901_fuerschj_066.raw	v1.1.0	NT=ms-proteomics;VV=v1.1.0	NT=oncology-metadata;VV=v1.0.0	manual curation	serum
F1912_fuerschj_437	homo sapiens	serum	not applicable	not available	1	F1912_fuerschj_437	proteomic profiling by mass spectrometry	NT=Data-dependent acquisition;AC=PRIDE:0000627	NT=label free sample;AC=MS:1002038	NT=orbitrap fusion;AC=MS:1002416	NT=Carbamidomethyl;AC=UNIMOD:4;TA=C;MT=Fixed	NT=Trypsin;AC=MS:1001251	not available	10 ppm	0.2 Da	dithiothreitol (dtt)	iodoacetamide (iaa)	1	1	F1912_fuerschj_437.raw	ftp://ftp.pride.ebi.ac.uk/pride/data/archive/2021/10/PXD021114/F1912_fuerschj_437.raw	v1.1.0	NT=ms-proteomics;VV=v1.1.0	NT=oncology-metadata;VV=v1.0.0	manual curation	serum
F1804_fuerschj_376	homo sapiens	serum	not applicable	not available	1	F1804_fuerschj_376	proteomic profiling by mass spectrometry	NT=Data-dependent acquisition;AC=PRIDE:0000627	NT=label free sample;AC=MS:1002038	NT=orbitrap fusion;AC=MS:1002416	NT=Carbamidomethyl;AC=UNIMOD:4;TA=C;MT=Fixed	NT=Trypsin;AC=MS:1001251	not available	10 ppm	0.2 Da	dithiothreitol (dtt)	iodoacetamide (iaa)	1	1	F1804_fuerschj_376.raw	ftp://ftp.pride.ebi.ac.uk/pride/data/archive/2021/10/PXD021114/F1804_fuerschj_376.raw	v1.1.0	NT=ms-proteomics;VV=v1.1.0	NT=oncology-metadata;VV=v1.0.0	manual curation	serum
F1806_fuerschj_685	homo sapiens	serum	not applicable	not available	1	F1806_fuerschj_685	proteomic profiling by mass spectrometry	NT=Data-dependent acquisition;AC=PRIDE:0000627	NT=label free sample;AC=MS:1002038	NT=orbitrap fusion;AC=MS:1002416	NT=Carbamidomethyl;AC=UNIMOD:4;TA=C;MT=Fixed	NT=Trypsin;AC=MS:1001251	not available	10 ppm	0.2 Da	dithiothreitol (dtt)	iodoacetamide (iaa)	1	1	F1806_fuerschj_685.raw	ftp://ftp.pride.ebi.ac.uk/pride/data/archive/2021/10/PXD021114/F1806_fuerschj_685.raw	v1.1.0	NT=ms-proteomics;VV=v1.1.0	NT=oncology-metadata;VV=v1.0.0	manual curation	serum
F1806_fuerschj_588	homo sapiens	serum	not applicable	not available	1	F1806_fuerschj_588	proteomic profiling by mass spectrometry	NT=Data-dependent acquisition;AC=PRIDE:0000627	NT=label free sample;AC=MS:1002038	NT=orbitrap fusion;AC=MS:1002416	NT=Carbamidomethyl;AC=UNIMOD:4;TA=C;MT=Fixed	NT=Trypsin;AC=MS:1001251	not available	10 ppm	0.2 Da	dithiothreitol (dtt)	iodoacetamide (iaa)	1	1	F1806_fuerschj_588.raw	ftp://ftp.pride.ebi.ac.uk/pride/data/archive/2021/10/PXD021114/F1806_fuerschj_588.raw	v1.1.0	NT=ms-proteomics;VV=v1.1.0	NT=oncology-metadata;VV=v1.0.0	manual curation	serum
F1806_fuerschj_683	homo sapiens	serum	not applicable	not available	1	F1806_fuerschj_683	proteomic profiling by mass spectrometry	NT=Data-dependent acquisition;AC=PRIDE:0000627	NT=label free sample;AC=MS:1002038	NT=orbitrap fusion;AC=MS:1002416	NT=Carbamidomethyl;AC=UNIMOD:4;TA=C;MT=Fixed	NT=Trypsin;AC=MS:1001251	not available	10 ppm	0.2 Da	dithiothreitol (dtt)	iodoacetamide (iaa)	1	1	F1806_fuerschj_683.raw	ftp://ftp.pride.ebi.ac.uk/pride/data/archive/2021/10/PXD021114/F1806_fuerschj_683.raw	v1.1.0	NT=ms-proteomics;VV=v1.1.0	NT=oncology-metadata;VV=v1.0.0	manual curation	serum
F1912_fuerschj_486	homo sapiens	serum	not applicable	not available	1	F1912_fuerschj_486	proteomic profiling by mass spectrometry	NT=Data-dependent acquisition;AC=PRIDE:0000627	NT=label free sample;AC=MS:1002038	NT=orbitrap fusion;AC=MS:1002416	NT=Carbamidomethyl;AC=UNIMOD:4;TA=C;MT=Fixed	NT=Trypsin;AC=MS:1001251	not available	10 ppm	0.2 Da	dithiothreitol (dtt)	iodoacetamide (iaa)	1	1	F1912_fuerschj_486.raw	ftp://ftp.pride.ebi.ac.uk/pride/data/archive/2021/10/PXD021114/F1912_fuerschj_486.raw	v1.1.0	NT=ms-proteomics;VV=v1.1.0	NT=oncology-metadata;VV=v1.0.0	manual curation	serum
F1804_fuerschj_255	homo sapiens	serum	not applicable	not available	1	F1804_fuerschj_255	proteomic profiling by mass spectrometry	NT=Data-dependent acquisition;AC=PRIDE:0000627	NT=label free sample;AC=MS:1002038	NT=orbitrap fusion;AC=MS:1002416	NT=Carbamidomethyl;AC=UNIMOD:4;TA=C;MT=Fixed	NT=Trypsin;AC=MS:1001251	not available	10 ppm	0.2 Da	dithiothreitol (dtt)	iodoacetamide (iaa)	1	1	F1804_fuerschj_255.raw	ftp://ftp.pride.ebi.ac.uk/pride/data/archive/2021/10/PXD021114/F1804_fuerschj_255.raw	v1.1.0	NT=ms-proteomics;VV=v1.1.0	NT=oncology-metadata;VV=v1.0.0	manual curation	serum
F1907_fuerschj_289	homo sapiens	serum	not applicable	not available	1	F1907_fuerschj_289	proteomic profiling by mass spectrometry	NT=Data-dependent acquisition;AC=PRIDE:0000627	NT=label free sample;AC=MS:1002038	NT=orbitrap fusion;AC=MS:1002416	NT=Carbamidomethyl;AC=UNIMOD:4;TA=C;MT=Fixed	NT=Trypsin;AC=MS:1001251	not available	10 ppm	0.2 Da	dithiothreitol (dtt)	iodoacetamide (iaa)	1	1	F1907_fuerschj_289.raw	ftp://ftp.pride.ebi.ac.uk/pride/data/archive/2021/10/PXD021114/F1907_fuerschj_289.raw	v1.1.0	NT=ms-proteomics;VV=v1.1.0	NT=oncology-metadata;VV=v1.0.0	manual curation	serum
F1912_fuerschj_456	homo sapiens	serum	not applicable	not available	1	F1912_fuerschj_456	proteomic profiling by mass spectrometry	NT=Data-dependent acquisition;AC=PRIDE:0000627	NT=label free sample;AC=MS:1002038	NT=orbitrap fusion;AC=MS:1002416	NT=Carbamidomethyl;AC=UNIMOD:4;TA=C;MT=Fixed	NT=Trypsin;AC=MS:1001251	not available	10 ppm	0.2 Da	dithiothreitol (dtt)	iodoacetamide (iaa)	1	1	F1912_fuerschj_456.raw	ftp://ftp.pride.ebi.ac.uk/pride/data/archive/2021/10/PXD021114/F1912_fuerschj_456.raw	v1.1.0	NT=ms-proteomics;VV=v1.1.0	NT=oncology-metadata;VV=v1.0.0	manual curation	serum
F1804_fuerschj_367	homo sapiens	serum	not applicable	not available	1	F1804_fuerschj_367	proteomic profiling by mass spectrometry	NT=Data-dependent acquisition;AC=PRIDE:0000627	NT=label free sample;AC=MS:1002038	NT=orbitrap fusion;AC=MS:1002416	NT=Carbamidomethyl;AC=UNIMOD:4;TA=C;MT=Fixed	NT=Trypsin;AC=MS:1001251	not available	10 ppm	0.2 Da	dithiothreitol (dtt)	iodoacetamide (iaa)	1	1	F1804_fuerschj_367.raw	ftp://ftp.pride.ebi.ac.uk/pride/data/archive/2021/10/PXD021114/F1804_fuerschj_367.raw	v1.1.0	NT=ms-proteomics;VV=v1.1.0	NT=oncology-metadata;VV=v1.0.0	manual curation	serum
F1912_fuerschj_407	homo sapiens	serum	not applicable	not available	1	F1912_fuerschj_407	proteomic profiling by mass spectrometry	NT=Data-dependent acquisition;AC=PRIDE:0000627	NT=label free sample;AC=MS:1002038	NT=orbitrap fusion;AC=MS:1002416	NT=Carbamidomethyl;AC=UNIMOD:4;TA=C;MT=Fixed	NT=Trypsin;AC=MS:1001251	not available	10 ppm	0.2 Da	dithiothreitol (dtt)	iodoacetamide (iaa)	1	1	F1912_fuerschj_407.raw	ftp://ftp.pride.ebi.ac.uk/pride/data/archive/2021/10/PXD021114/F1912_fuerschj_407.raw	v1.1.0	NT=ms-proteomics;VV=v1.1.0	NT=oncology-metadata;VV=v1.0.0	manual curation	serum
F1911_fuerschj_230	homo sapiens	serum	not applicable	not available	1	F1911_fuerschj_230	proteomic profiling by mass spectrometry	NT=Data-dependent acquisition;AC=PRIDE:0000627	NT=label free sample;AC=MS:1002038	NT=orbitrap fusion;AC=MS:1002416	NT=Carbamidomethyl;AC=UNIMOD:4;TA=C;MT=Fixed	NT=Trypsin;AC=MS:1001251	not available	10 ppm	0.2 Da	dithiothreitol (dtt)	iodoacetamide (iaa)	1	1	F1911_fuerschj_230.raw	ftp://ftp.pride.ebi.ac.uk/pride/data/archive/2021/10/PXD021114/F1911_fuerschj_230.raw	v1.1.0	NT=ms-proteomics;VV=v1.1.0	NT=oncology-metadata;VV=v1.0.0	manual curation	serum
F1806_fuerschj_468	homo sapiens	serum	not applicable	not available	1	F1806_fuerschj_468	proteomic profiling by mass spectrometry	NT=Data-dependent acquisition;AC=PRIDE:0000627	NT=label free sample;AC=MS:1002038	NT=orbitrap fusion;AC=MS:1002416	NT=Carbamidomethyl;AC=UNIMOD:4;TA=C;MT=Fixed	NT=Trypsin;AC=MS:1001251	not available	10 ppm	0.2 Da	dithiothreitol (dtt)	iodoacetamide (iaa)	1	1	F1806_fuerschj_468.raw	ftp://ftp.pride.ebi.ac.uk/pride/data/archive/2021/10/PXD021114/F1806_fuerschj_468.raw	v1.1.0	NT=ms-proteomics;VV=v1.1.0	NT=oncology-metadata;VV=v1.0.0	manual curation	serum
F1806_fuerschj_619	homo sapiens	serum	not applicable	not available	1	F1806_fuerschj_619	proteomic profiling by mass spectrometry	NT=Data-dependent acquisition;AC=PRIDE:0000627	NT=label free sample;AC=MS:1002038	NT=orbitrap fusion;AC=MS:1002416	NT=Carbamidomethyl;AC=UNIMOD:4;TA=C;MT=Fixed	NT=Trypsin;AC=MS:1001251	not available	10 ppm	0.2 Da	dithiothreitol (dtt)	iodoacetamide (iaa)	1	1	F1806_fuerschj_619.raw	ftp://ftp.pride.ebi.ac.uk/pride/data/archive/2021/10/PXD021114/F1806_fuerschj_619.raw	v1.1.0	NT=ms-proteomics;VV=v1.1.0	NT=oncology-metadata;VV=v1.0.0	manual curation	serum
F1911_fuerschj_274	homo sapiens	serum	not applicable	not available	1	F1911_fuerschj_274	proteomic profiling by mass spectrometry	NT=Data-dependent acquisition;AC=PRIDE:0000627	NT=label free sample;AC=MS:1002038	NT=orbitrap fusion;AC=MS:1002416	NT=Carbamidomethyl;AC=UNIMOD:4;TA=C;MT=Fixed	NT=Trypsin;AC=MS:1001251	not available	10 ppm	0.2 Da	dithiothreitol (dtt)	iodoacetamide (iaa)	1	1	F1911_fuerschj_274.raw	ftp://ftp.pride.ebi.ac.uk/pride/data/archive/2021/10/PXD021114/F1911_fuerschj_274.raw	v1.1.0	NT=ms-proteomics;VV=v1.1.0	NT=oncology-metadata;VV=v1.0.0	manual curation	serum
F1806_fuerschj_681	homo sapiens	serum	not applicable	not available	1	F1806_fuerschj_681	proteomic profiling by mass spectrometry	NT=Data-dependent acquisition;AC=PRIDE:0000627	NT=label free sample;AC=MS:1002038	NT=orbitrap fusion;AC=MS:1002416	NT=Carbamidomethyl;AC=UNIMOD:4;TA=C;MT=Fixed	NT=Trypsin;AC=MS:1001251	not available	10 ppm	0.2 Da	dithiothreitol (dtt)	iodoacetamide (iaa)	1	1	F1806_fuerschj_681.raw	ftp://ftp.pride.ebi.ac.uk/pride/data/archive/2021/10/PXD021114/F1806_fuerschj_681.raw	v1.1.0	NT=ms-proteomics;VV=v1.1.0	NT=oncology-metadata;VV=v1.0.0	manual curation	serum
F1806_fuerschj_459	homo sapiens	serum	not applicable	not available	1	F1806_fuerschj_459	proteomic profiling by mass spectrometry	NT=Data-dependent acquisition;AC=PRIDE:0000627	NT=label free sample;AC=MS:1002038	NT=orbitrap fusion;AC=MS:1002416	NT=Carbamidomethyl;AC=UNIMOD:4;TA=C;MT=Fixed	NT=Trypsin;AC=MS:1001251	not available	10 ppm	0.2 Da	dithiothreitol (dtt)	iodoacetamide (iaa)	1	1	F1806_fuerschj_459.raw	ftp://ftp.pride.ebi.ac.uk/pride/data/archive/2021/10/PXD021114/F1806_fuerschj_459.raw	v1.1.0	NT=ms-proteomics;VV=v1.1.0	NT=oncology-metadata;VV=v1.0.0	manual curation	serum
F1806_fuerschj_501	homo sapiens	serum	not applicable	not available	1	F1806_fuerschj_501	proteomic profiling by mass spectrometry	NT=Data-dependent acquisition;AC=PRIDE:0000627	NT=label free sample;AC=MS:1002038	NT=orbitrap fusion;AC=MS:1002416	NT=Carbamidomethyl;AC=UNIMOD:4;TA=C;MT=Fixed	NT=Trypsin;AC=MS:1001251	not available	10 ppm	0.2 Da	dithiothreitol (dtt)	iodoacetamide (iaa)	1	1	F1806_fuerschj_501.raw	ftp://ftp.pride.ebi.ac.uk/pride/data/archive/2021/10/PXD021114/F1806_fuerschj_501.raw	v1.1.0	NT=ms-proteomics;VV=v1.1.0	NT=oncology-metadata;VV=v1.0.0	manual curation	serum
F1806_fuerschj_705	homo sapiens	serum	not applicable	not available	1	F1806_fuerschj_705	proteomic profiling by mass spectrometry	NT=Data-dependent acquisition;AC=PRIDE:0000627	NT=label free sample;AC=MS:1002038	NT=orbitrap fusion;AC=MS:1002416	NT=Carbamidomethyl;AC=UNIMOD:4;TA=C;MT=Fixed	NT=Trypsin;AC=MS:1001251	not available	10 ppm	0.2 Da	dithiothreitol (dtt)	iodoacetamide (iaa)	1	1	F1806_fuerschj_705.raw	ftp://ftp.pride.ebi.ac.uk/pride/data/archive/2021/10/PXD021114/F1806_fuerschj_705.raw	v1.1.0	NT=ms-proteomics;VV=v1.1.0	NT=oncology-metadata;VV=v1.0.0	manual curation	serum
F1911_fuerschj_277	homo sapiens	serum	not applicable	not available	1	F1911_fuerschj_277	proteomic profiling by mass spectrometry	NT=Data-dependent acquisition;AC=PRIDE:0000627	NT=label free sample;AC=MS:1002038	NT=orbitrap fusion;AC=MS:1002416	NT=Carbamidomethyl;AC=UNIMOD:4;TA=C;MT=Fixed	NT=Trypsin;AC=MS:1001251	not available	10 ppm	0.2 Da	dithiothreitol (dtt)	iodoacetamide (iaa)	1	1	F1911_fuerschj_277.raw	ftp://ftp.pride.ebi.ac.uk/pride/data/archive/2021/10/PXD021114/F1911_fuerschj_277.raw	v1.1.0	NT=ms-proteomics;VV=v1.1.0	NT=oncology-metadata;VV=v1.0.0	manual curation	serum
