source name	characteristics[organism]	characteristics[organism part]	characteristics[cell type]	characteristics[disease]	characteristics[biological replicate]	assay name	technology type	comment[proteomics data acquisition method]	comment[label]	comment[instrument]	comment[modification parameters]	comment[cleavage agent details]	comment[dissociation method]	comment[reduction reagent]	comment[fraction identifier]	comment[technical replicate]	comment[data file]	comment[file uri]	comment[sdrf version]	comment[sdrf template]	comment[sdrf annotation tool]	factor value[organism part]
Q517H_RIGI_apo_0_20201214_003449	homo sapiens	Fibroblast	not applicable	syndrome	1	Q517H_RIGI_apo_0_20201214_003449	proteomic profiling by mass spectrometry	NT=Data-dependent acquisition;AC=PRIDE:0000627	NT=label free sample;AC=MS:1002038	NT=orbitrap fusion;AC=MS:1002416	NT=Phospho;AC=UNIMOD:21;TA=S,T,Y;MT=Variable	not applicable	not available	dithiothreitol (dtt)	1	1	Q517H_RIGI_apo_0_20201214_003449.raw	ftp://ftp.pride.ebi.ac.uk/pride/data/archive/2022/08/PXD031831/Q517H_RIGI_apo_0_20201214_003449.raw	v1.1.0	NT=ms-proteomics;VV=v1.1.0	manual curation	Fibroblast
Q517H_RIGI_0_20210517_070621	homo sapiens	Fibroblast	not applicable	syndrome	1	Q517H_RIGI_0_20210517_070621	proteomic profiling by mass spectrometry	NT=Data-dependent acquisition;AC=PRIDE:0000627	NT=label free sample;AC=MS:1002038	NT=orbitrap fusion;AC=MS:1002416	NT=Phospho;AC=UNIMOD:21;TA=S,T,Y;MT=Variable	not applicable	not available	dithiothreitol (dtt)	1	1	Q517H_RIGI_0_20210517_070621.raw	ftp://ftp.pride.ebi.ac.uk/pride/data/archive/2022/08/PXD031831/Q517H_RIGI_0_20210517_070621.raw	v1.1.0	NT=ms-proteomics;VV=v1.1.0	manual curation	Fibroblast
Q517H_RIGI_900_20210517_134834	homo sapiens	Fibroblast	not applicable	syndrome	1	Q517H_RIGI_900_20210517_134834	proteomic profiling by mass spectrometry	NT=Data-dependent acquisition;AC=PRIDE:0000627	NT=label free sample;AC=MS:1002038	NT=orbitrap fusion;AC=MS:1002416	NT=Phospho;AC=UNIMOD:21;TA=S,T,Y;MT=Variable	not applicable	not available	dithiothreitol (dtt)	1	1	Q517H_RIGI_900_20210517_134834.raw	ftp://ftp.pride.ebi.ac.uk/pride/data/archive/2022/08/PXD031831/Q517H_RIGI_900_20210517_134834.raw	v1.1.0	NT=ms-proteomics;VV=v1.1.0	manual curation	Fibroblast
Q517H_RIGI_3p10l_Ub10_60_20201214_180606	homo sapiens	Fibroblast	not applicable	syndrome	1	Q517H_RIGI_3p10l_Ub10_60_20201214_180606	proteomic profiling by mass spectrometry	NT=Data-dependent acquisition;AC=PRIDE:0000627	NT=label free sample;AC=MS:1002038	NT=orbitrap fusion;AC=MS:1002416	NT=Phospho;AC=UNIMOD:21;TA=S,T,Y;MT=Variable	not applicable	not available	dithiothreitol (dtt)	1	1	Q517H_RIGI_3p10l_Ub10_60_20201214_180606.raw	ftp://ftp.pride.ebi.ac.uk/pride/data/archive/2022/08/PXD031831/Q517H_RIGI_3p10l_Ub10_60_20201214_180606.raw	v1.1.0	NT=ms-proteomics;VV=v1.1.0	manual curation	Fibroblast
E510V_Cap2_60_20210410_055715	homo sapiens	Fibroblast	not applicable	syndrome	1	E510V_Cap2_60_20210410_055715	proteomic profiling by mass spectrometry	NT=Data-dependent acquisition;AC=PRIDE:0000627	NT=label free sample;AC=MS:1002038	NT=orbitrap fusion;AC=MS:1002416	NT=Phospho;AC=UNIMOD:21;TA=S,T,Y;MT=Variable	not applicable	not available	dithiothreitol (dtt)	1	1	E510V_Cap2_60_20210410_055715.raw	ftp://ftp.pride.ebi.ac.uk/pride/data/archive/2022/08/PXD031831/E510V_Cap2_60_20210410_055715.raw	v1.1.0	NT=ms-proteomics;VV=v1.1.0	manual curation	Fibroblast
E510V_3p10l_900_20210410_041345	homo sapiens	Fibroblast	not applicable	syndrome	1	E510V_3p10l_900_20210410_041345	proteomic profiling by mass spectrometry	NT=Data-dependent acquisition;AC=PRIDE:0000627	NT=label free sample;AC=MS:1002038	NT=orbitrap fusion;AC=MS:1002416	NT=Phospho;AC=UNIMOD:21;TA=S,T,Y;MT=Variable	not applicable	not available	dithiothreitol (dtt)	1	1	E510V_3p10l_900_20210410_041345.raw	ftp://ftp.pride.ebi.ac.uk/pride/data/archive/2022/08/PXD031831/E510V_3p10l_900_20210410_041345.raw	v1.1.0	NT=ms-proteomics;VV=v1.1.0	manual curation	Fibroblast
E510V_0_20210409_031601	homo sapiens	Fibroblast	not applicable	syndrome	1	E510V_0_20210409_031601	proteomic profiling by mass spectrometry	NT=Data-dependent acquisition;AC=PRIDE:0000627	NT=label free sample;AC=MS:1002038	NT=orbitrap fusion;AC=MS:1002416	NT=Phospho;AC=UNIMOD:21;TA=S,T,Y;MT=Variable	not applicable	not available	dithiothreitol (dtt)	1	1	E510V_0_20210409_031601.raw	ftp://ftp.pride.ebi.ac.uk/pride/data/archive/2022/08/PXD031831/E510V_0_20210409_031601.raw	v1.1.0	NT=ms-proteomics;VV=v1.1.0	manual curation	Fibroblast
E510V_RIGI_10_20210517_154506	homo sapiens	Fibroblast	not applicable	syndrome	1	E510V_RIGI_10_20210517_154506	proteomic profiling by mass spectrometry	NT=Data-dependent acquisition;AC=PRIDE:0000627	NT=label free sample;AC=MS:1002038	NT=orbitrap fusion;AC=MS:1002416	NT=Phospho;AC=UNIMOD:21;TA=S,T,Y;MT=Variable	not applicable	not available	dithiothreitol (dtt)	1	1	E510V_RIGI_10_20210517_154506.raw	ftp://ftp.pride.ebi.ac.uk/pride/data/archive/2022/08/PXD031831/E510V_RIGI_10_20210517_154506.raw	v1.1.0	NT=ms-proteomics;VV=v1.1.0	manual curation	Fibroblast
WT_RIGI_apo_300_20201222_213714	homo sapiens	Fibroblast	not applicable	syndrome	1	WT_RIGI_apo_300_20201222_213714	proteomic profiling by mass spectrometry	NT=Data-dependent acquisition;AC=PRIDE:0000627	NT=label free sample;AC=MS:1002038	NT=orbitrap fusion;AC=MS:1002416	NT=Phospho;AC=UNIMOD:21;TA=S,T,Y;MT=Variable	not applicable	not available	dithiothreitol (dtt)	1	1	WT_RIGI_apo_300_20201222_213714.raw	ftp://ftp.pride.ebi.ac.uk/pride/data/archive/2022/08/PXD031831/WT_RIGI_apo_300_20201222_213714.raw	v1.1.0	NT=ms-proteomics;VV=v1.1.0	manual curation	Fibroblast
WT_RIGI_300_20210517_025713	homo sapiens	Fibroblast	not applicable	syndrome	1	WT_RIGI_300_20210517_025713	proteomic profiling by mass spectrometry	NT=Data-dependent acquisition;AC=PRIDE:0000627	NT=label free sample;AC=MS:1002038	NT=orbitrap fusion;AC=MS:1002416	NT=Phospho;AC=UNIMOD:21;TA=S,T,Y;MT=Variable	not applicable	not available	dithiothreitol (dtt)	1	1	WT_RIGI_300_20210517_025713.raw	ftp://ftp.pride.ebi.ac.uk/pride/data/archive/2022/08/PXD031831/WT_RIGI_300_20210517_025713.raw	v1.1.0	NT=ms-proteomics;VV=v1.1.0	manual curation	Fibroblast
E510V_RIGI_300_20210517_175244	homo sapiens	Fibroblast	not applicable	syndrome	1	E510V_RIGI_300_20210517_175244	proteomic profiling by mass spectrometry	NT=Data-dependent acquisition;AC=PRIDE:0000627	NT=label free sample;AC=MS:1002038	NT=orbitrap fusion;AC=MS:1002416	NT=Phospho;AC=UNIMOD:21;TA=S,T,Y;MT=Variable	not applicable	not available	dithiothreitol (dtt)	1	1	E510V_RIGI_300_20210517_175244.raw	ftp://ftp.pride.ebi.ac.uk/pride/data/archive/2022/08/PXD031831/E510V_RIGI_300_20210517_175244.raw	v1.1.0	NT=ms-proteomics;VV=v1.1.0	manual curation	Fibroblast
WT_RIGI_3p10l_Ub10_60_20201223_112708	homo sapiens	Fibroblast	not applicable	syndrome	1	WT_RIGI_3p10l_Ub10_60_20201223_112708	proteomic profiling by mass spectrometry	NT=Data-dependent acquisition;AC=PRIDE:0000627	NT=label free sample;AC=MS:1002038	NT=orbitrap fusion;AC=MS:1002416	NT=Phospho;AC=UNIMOD:21;TA=S,T,Y;MT=Variable	not applicable	not available	dithiothreitol (dtt)	1	1	WT_RIGI_3p10l_Ub10_60_20201223_112708.raw	ftp://ftp.pride.ebi.ac.uk/pride/data/archive/2022/08/PXD031831/WT_RIGI_3p10l_Ub10_60_20201223_112708.raw	v1.1.0	NT=ms-proteomics;VV=v1.1.0	manual curation	Fibroblast
WT_RIGI_apo_900_20201222_230653	homo sapiens	Fibroblast	not applicable	syndrome	1	WT_RIGI_apo_900_20201222_230653	proteomic profiling by mass spectrometry	NT=Data-dependent acquisition;AC=PRIDE:0000627	NT=label free sample;AC=MS:1002038	NT=orbitrap fusion;AC=MS:1002416	NT=Phospho;AC=UNIMOD:21;TA=S,T,Y;MT=Variable	not applicable	not available	dithiothreitol (dtt)	1	1	WT_RIGI_apo_900_20201222_230653.raw	ftp://ftp.pride.ebi.ac.uk/pride/data/archive/2022/08/PXD031831/WT_RIGI_apo_900_20201222_230653.raw	v1.1.0	NT=ms-proteomics;VV=v1.1.0	manual curation	Fibroblast
WT_RIGI_Cap210l_900_20201223_090227	homo sapiens	Fibroblast	not applicable	syndrome	1	WT_RIGI_Cap210l_900_20201223_090227	proteomic profiling by mass spectrometry	NT=Data-dependent acquisition;AC=PRIDE:0000627	NT=label free sample;AC=MS:1002038	NT=orbitrap fusion;AC=MS:1002416	NT=Phospho;AC=UNIMOD:21;TA=S,T,Y;MT=Variable	not applicable	not available	dithiothreitol (dtt)	1	1	WT_RIGI_Cap210l_900_20201223_090227.raw	ftp://ftp.pride.ebi.ac.uk/pride/data/archive/2022/08/PXD031831/WT_RIGI_Cap210l_900_20201223_090227.raw	v1.1.0	NT=ms-proteomics;VV=v1.1.0	manual curation	Fibroblast
E510V_3p_Ub9_10_20210410_094730	homo sapiens	Fibroblast	not applicable	syndrome	1	E510V_3p_Ub9_10_20210410_094730	proteomic profiling by mass spectrometry	NT=Data-dependent acquisition;AC=PRIDE:0000627	NT=label free sample;AC=MS:1002038	NT=orbitrap fusion;AC=MS:1002416	NT=Phospho;AC=UNIMOD:21;TA=S,T,Y;MT=Variable	not applicable	not available	dithiothreitol (dtt)	1	1	E510V_3p_Ub9_10_20210410_094730.raw	ftp://ftp.pride.ebi.ac.uk/pride/data/archive/2022/08/PXD031831/E510V_3p_Ub9_10_20210410_094730.raw	v1.1.0	NT=ms-proteomics;VV=v1.1.0	manual curation	Fibroblast
Q517H_RIGI_3p10l_900_20201214_102021	homo sapiens	Fibroblast	not applicable	syndrome	1	Q517H_RIGI_3p10l_900_20201214_102021	proteomic profiling by mass spectrometry	NT=Data-dependent acquisition;AC=PRIDE:0000627	NT=label free sample;AC=MS:1002038	NT=orbitrap fusion;AC=MS:1002416	NT=Phospho;AC=UNIMOD:21;TA=S,T,Y;MT=Variable	not applicable	not available	dithiothreitol (dtt)	1	1	Q517H_RIGI_3p10l_900_20201214_102021.raw	ftp://ftp.pride.ebi.ac.uk/pride/data/archive/2022/08/PXD031831/Q517H_RIGI_3p10l_900_20201214_102021.raw	v1.1.0	NT=ms-proteomics;VV=v1.1.0	manual curation	Fibroblast
Q517H_RIGI_3p10l_Ub10_10_20201214_172552	homo sapiens	Fibroblast	not applicable	syndrome	1	Q517H_RIGI_3p10l_Ub10_10_20201214_172552	proteomic profiling by mass spectrometry	NT=Data-dependent acquisition;AC=PRIDE:0000627	NT=label free sample;AC=MS:1002038	NT=orbitrap fusion;AC=MS:1002416	NT=Phospho;AC=UNIMOD:21;TA=S,T,Y;MT=Variable	not applicable	not available	dithiothreitol (dtt)	1	1	Q517H_RIGI_3p10l_Ub10_10_20201214_172552.raw	ftp://ftp.pride.ebi.ac.uk/pride/data/archive/2022/08/PXD031831/Q517H_RIGI_3p10l_Ub10_10_20201214_172552.raw	v1.1.0	NT=ms-proteomics;VV=v1.1.0	manual curation	Fibroblast
Q517H_RIGI_apo_60_20201214_023148	homo sapiens	Fibroblast	not applicable	syndrome	1	Q517H_RIGI_apo_60_20201214_023148	proteomic profiling by mass spectrometry	NT=Data-dependent acquisition;AC=PRIDE:0000627	NT=label free sample;AC=MS:1002038	NT=orbitrap fusion;AC=MS:1002416	NT=Phospho;AC=UNIMOD:21;TA=S,T,Y;MT=Variable	not applicable	not available	dithiothreitol (dtt)	1	1	Q517H_RIGI_apo_60_20201214_023148.raw	ftp://ftp.pride.ebi.ac.uk/pride/data/archive/2022/08/PXD031831/Q517H_RIGI_apo_60_20201214_023148.raw	v1.1.0	NT=ms-proteomics;VV=v1.1.0	manual curation	Fibroblast
Q517H_RIGI_apo_10_20201214_013246	homo sapiens	Fibroblast	not applicable	syndrome	1	Q517H_RIGI_apo_10_20201214_013246	proteomic profiling by mass spectrometry	NT=Data-dependent acquisition;AC=PRIDE:0000627	NT=label free sample;AC=MS:1002038	NT=orbitrap fusion;AC=MS:1002416	NT=Phospho;AC=UNIMOD:21;TA=S,T,Y;MT=Variable	not applicable	not available	dithiothreitol (dtt)	1	1	Q517H_RIGI_apo_10_20201214_013246.raw	ftp://ftp.pride.ebi.ac.uk/pride/data/archive/2022/08/PXD031831/Q517H_RIGI_apo_10_20201214_013246.raw	v1.1.0	NT=ms-proteomics;VV=v1.1.0	manual curation	Fibroblast
WT_RIGI_3p10l_Ub10_60_20201223_110659	homo sapiens	Fibroblast	not applicable	syndrome	1	WT_RIGI_3p10l_Ub10_60_20201223_110659	proteomic profiling by mass spectrometry	NT=Data-dependent acquisition;AC=PRIDE:0000627	NT=label free sample;AC=MS:1002038	NT=orbitrap fusion;AC=MS:1002416	NT=Phospho;AC=UNIMOD:21;TA=S,T,Y;MT=Variable	not applicable	not available	dithiothreitol (dtt)	1	1	WT_RIGI_3p10l_Ub10_60_20201223_110659.raw	ftp://ftp.pride.ebi.ac.uk/pride/data/archive/2022/08/PXD031831/WT_RIGI_3p10l_Ub10_60_20201223_110659.raw	v1.1.0	NT=ms-proteomics;VV=v1.1.0	manual curation	Fibroblast
WT_RIGI_Cap210l_60_20201223_054009	homo sapiens	Fibroblast	not applicable	syndrome	1	WT_RIGI_Cap210l_60_20201223_054009	proteomic profiling by mass spectrometry	NT=Data-dependent acquisition;AC=PRIDE:0000627	NT=label free sample;AC=MS:1002038	NT=orbitrap fusion;AC=MS:1002416	NT=Phospho;AC=UNIMOD:21;TA=S,T,Y;MT=Variable	not applicable	not available	dithiothreitol (dtt)	1	1	WT_RIGI_Cap210l_60_20201223_054009.raw	ftp://ftp.pride.ebi.ac.uk/pride/data/archive/2022/08/PXD031831/WT_RIGI_Cap210l_60_20201223_054009.raw	v1.1.0	NT=ms-proteomics;VV=v1.1.0	manual curation	Fibroblast
E510V_3p_Ub9_10_20210410_102002	homo sapiens	Fibroblast	not applicable	syndrome	1	E510V_3p_Ub9_10_20210410_102002	proteomic profiling by mass spectrometry	NT=Data-dependent acquisition;AC=PRIDE:0000627	NT=label free sample;AC=MS:1002038	NT=orbitrap fusion;AC=MS:1002416	NT=Phospho;AC=UNIMOD:21;TA=S,T,Y;MT=Variable	not applicable	not available	dithiothreitol (dtt)	1	1	E510V_3p_Ub9_10_20210410_102002.raw	ftp://ftp.pride.ebi.ac.uk/pride/data/archive/2022/08/PXD031831/E510V_3p_Ub9_10_20210410_102002.raw	v1.1.0	NT=ms-proteomics;VV=v1.1.0	manual curation	Fibroblast
WT_RIGI_3p10l_900_20201223_035451	homo sapiens	Fibroblast	not applicable	syndrome	1	WT_RIGI_3p10l_900_20201223_035451	proteomic profiling by mass spectrometry	NT=Data-dependent acquisition;AC=PRIDE:0000627	NT=label free sample;AC=MS:1002038	NT=orbitrap fusion;AC=MS:1002416	NT=Phospho;AC=UNIMOD:21;TA=S,T,Y;MT=Variable	not applicable	not available	dithiothreitol (dtt)	1	1	WT_RIGI_3p10l_900_20201223_035451.raw	ftp://ftp.pride.ebi.ac.uk/pride/data/archive/2022/08/PXD031831/WT_RIGI_3p10l_900_20201223_035451.raw	v1.1.0	NT=ms-proteomics;VV=v1.1.0	manual curation	Fibroblast
Q517H_RIGI_3p10l_Ub10_900_20201214_201920	homo sapiens	Fibroblast	not applicable	syndrome	1	Q517H_RIGI_3p10l_Ub10_900_20201214_201920	proteomic profiling by mass spectrometry	NT=Data-dependent acquisition;AC=PRIDE:0000627	NT=label free sample;AC=MS:1002038	NT=orbitrap fusion;AC=MS:1002416	NT=Phospho;AC=UNIMOD:21;TA=S,T,Y;MT=Variable	not applicable	not available	dithiothreitol (dtt)	1	1	Q517H_RIGI_3p10l_Ub10_900_20201214_201920.raw	ftp://ftp.pride.ebi.ac.uk/pride/data/archive/2022/08/PXD031831/Q517H_RIGI_3p10l_Ub10_900_20201214_201920.raw	v1.1.0	NT=ms-proteomics;VV=v1.1.0	manual curation	Fibroblast
E510V_3p_Ub9_900_20210410_133312	homo sapiens	Fibroblast	not applicable	syndrome	1	E510V_3p_Ub9_900_20210410_133312	proteomic profiling by mass spectrometry	NT=Data-dependent acquisition;AC=PRIDE:0000627	NT=label free sample;AC=MS:1002038	NT=orbitrap fusion;AC=MS:1002416	NT=Phospho;AC=UNIMOD:21;TA=S,T,Y;MT=Variable	not applicable	not available	dithiothreitol (dtt)	1	1	E510V_3p_Ub9_900_20210410_133312.raw	ftp://ftp.pride.ebi.ac.uk/pride/data/archive/2022/08/PXD031831/E510V_3p_Ub9_900_20210410_133312.raw	v1.1.0	NT=ms-proteomics;VV=v1.1.0	manual curation	Fibroblast
Q517H_RIGI_Cap210l_60_20201214_123309	homo sapiens	Fibroblast	not applicable	syndrome	1	Q517H_RIGI_Cap210l_60_20201214_123309	proteomic profiling by mass spectrometry	NT=Data-dependent acquisition;AC=PRIDE:0000627	NT=label free sample;AC=MS:1002038	NT=orbitrap fusion;AC=MS:1002416	NT=Phospho;AC=UNIMOD:21;TA=S,T,Y;MT=Variable	not applicable	not available	dithiothreitol (dtt)	1	1	Q517H_RIGI_Cap210l_60_20201214_123309.raw	ftp://ftp.pride.ebi.ac.uk/pride/data/archive/2022/08/PXD031831/Q517H_RIGI_Cap210l_60_20201214_123309.raw	v1.1.0	NT=ms-proteomics;VV=v1.1.0	manual curation	Fibroblast
E510V_3p_Ub9_300_20210410_121432	homo sapiens	Fibroblast	not applicable	syndrome	1	E510V_3p_Ub9_300_20210410_121432	proteomic profiling by mass spectrometry	NT=Data-dependent acquisition;AC=PRIDE:0000627	NT=label free sample;AC=MS:1002038	NT=orbitrap fusion;AC=MS:1002416	NT=Phospho;AC=UNIMOD:21;TA=S,T,Y;MT=Variable	not applicable	not available	dithiothreitol (dtt)	1	1	E510V_3p_Ub9_300_20210410_121432.raw	ftp://ftp.pride.ebi.ac.uk/pride/data/archive/2022/08/PXD031831/E510V_3p_Ub9_300_20210410_121432.raw	v1.1.0	NT=ms-proteomics;VV=v1.1.0	manual curation	Fibroblast
Q517H_RIGI_3p10l_Ub10_300_20201214_191434	homo sapiens	Fibroblast	not applicable	syndrome	1	Q517H_RIGI_3p10l_Ub10_300_20201214_191434	proteomic profiling by mass spectrometry	NT=Data-dependent acquisition;AC=PRIDE:0000627	NT=label free sample;AC=MS:1002038	NT=orbitrap fusion;AC=MS:1002416	NT=Phospho;AC=UNIMOD:21;TA=S,T,Y;MT=Variable	not applicable	not available	dithiothreitol (dtt)	1	1	Q517H_RIGI_3p10l_Ub10_300_20201214_191434.raw	ftp://ftp.pride.ebi.ac.uk/pride/data/archive/2022/08/PXD031831/Q517H_RIGI_3p10l_Ub10_300_20201214_191434.raw	v1.1.0	NT=ms-proteomics;VV=v1.1.0	manual curation	Fibroblast
Q517H_RIGI_Cap210l_60_20201214_131314	homo sapiens	Fibroblast	not applicable	syndrome	1	Q517H_RIGI_Cap210l_60_20201214_131314	proteomic profiling by mass spectrometry	NT=Data-dependent acquisition;AC=PRIDE:0000627	NT=label free sample;AC=MS:1002038	NT=orbitrap fusion;AC=MS:1002416	NT=Phospho;AC=UNIMOD:21;TA=S,T,Y;MT=Variable	not applicable	not available	dithiothreitol (dtt)	1	1	Q517H_RIGI_Cap210l_60_20201214_131314.raw	ftp://ftp.pride.ebi.ac.uk/pride/data/archive/2022/08/PXD031831/Q517H_RIGI_Cap210l_60_20201214_131314.raw	v1.1.0	NT=ms-proteomics;VV=v1.1.0	manual curation	Fibroblast
WT_RIGI_900_20210517_052119	homo sapiens	Fibroblast	not applicable	syndrome	1	WT_RIGI_900_20210517_052119	proteomic profiling by mass spectrometry	NT=Data-dependent acquisition;AC=PRIDE:0000627	NT=label free sample;AC=MS:1002038	NT=orbitrap fusion;AC=MS:1002416	NT=Phospho;AC=UNIMOD:21;TA=S,T,Y;MT=Variable	not applicable	not available	dithiothreitol (dtt)	1	1	WT_RIGI_900_20210517_052119.raw	ftp://ftp.pride.ebi.ac.uk/pride/data/archive/2022/08/PXD031831/WT_RIGI_900_20210517_052119.raw	v1.1.0	NT=ms-proteomics;VV=v1.1.0	manual curation	Fibroblast
E510V_RIGI_60_20210517_163630	homo sapiens	Fibroblast	not applicable	syndrome	1	E510V_RIGI_60_20210517_163630	proteomic profiling by mass spectrometry	NT=Data-dependent acquisition;AC=PRIDE:0000627	NT=label free sample;AC=MS:1002038	NT=orbitrap fusion;AC=MS:1002416	NT=Phospho;AC=UNIMOD:21;TA=S,T,Y;MT=Variable	not applicable	not available	dithiothreitol (dtt)	1	1	E510V_RIGI_60_20210517_163630.raw	ftp://ftp.pride.ebi.ac.uk/pride/data/archive/2022/08/PXD031831/E510V_RIGI_60_20210517_163630.raw	v1.1.0	NT=ms-proteomics;VV=v1.1.0	manual curation	Fibroblast
Q517H_RIGI_60_20210517_090148	homo sapiens	Fibroblast	not applicable	syndrome	1	Q517H_RIGI_60_20210517_090148	proteomic profiling by mass spectrometry	NT=Data-dependent acquisition;AC=PRIDE:0000627	NT=label free sample;AC=MS:1002038	NT=orbitrap fusion;AC=MS:1002416	NT=Phospho;AC=UNIMOD:21;TA=S,T,Y;MT=Variable	not applicable	not available	dithiothreitol (dtt)	1	1	Q517H_RIGI_60_20210517_090148.raw	ftp://ftp.pride.ebi.ac.uk/pride/data/archive/2022/08/PXD031831/Q517H_RIGI_60_20210517_090148.raw	v1.1.0	NT=ms-proteomics;VV=v1.1.0	manual curation	Fibroblast
WT_RIGI_Cap210l_Ub10_300_20201224_042226	homo sapiens	Fibroblast	not applicable	syndrome	1	WT_RIGI_Cap210l_Ub10_300_20201224_042226	proteomic profiling by mass spectrometry	NT=Data-dependent acquisition;AC=PRIDE:0000627	NT=label free sample;AC=MS:1002038	NT=orbitrap fusion;AC=MS:1002416	NT=Phospho;AC=UNIMOD:21;TA=S,T,Y;MT=Variable	not applicable	not available	dithiothreitol (dtt)	1	1	WT_RIGI_Cap210l_Ub10_300_20201224_042226.raw	ftp://ftp.pride.ebi.ac.uk/pride/data/archive/2022/08/PXD031831/WT_RIGI_Cap210l_Ub10_300_20201224_042226.raw	v1.1.0	NT=ms-proteomics;VV=v1.1.0	manual curation	Fibroblast
WT_RIGI_3p10l_Ub10_10_20201223_094812	homo sapiens	Fibroblast	not applicable	syndrome	1	WT_RIGI_3p10l_Ub10_10_20201223_094812	proteomic profiling by mass spectrometry	NT=Data-dependent acquisition;AC=PRIDE:0000627	NT=label free sample;AC=MS:1002038	NT=orbitrap fusion;AC=MS:1002416	NT=Phospho;AC=UNIMOD:21;TA=S,T,Y;MT=Variable	not applicable	not available	dithiothreitol (dtt)	1	1	WT_RIGI_3p10l_Ub10_10_20201223_094812.raw	ftp://ftp.pride.ebi.ac.uk/pride/data/archive/2022/08/PXD031831/WT_RIGI_3p10l_Ub10_10_20201223_094812.raw	v1.1.0	NT=ms-proteomics;VV=v1.1.0	manual curation	Fibroblast
WT_RIGI_apo_300_20201222_204220	homo sapiens	Fibroblast	not applicable	syndrome	1	WT_RIGI_apo_300_20201222_204220	proteomic profiling by mass spectrometry	NT=Data-dependent acquisition;AC=PRIDE:0000627	NT=label free sample;AC=MS:1002038	NT=orbitrap fusion;AC=MS:1002416	NT=Phospho;AC=UNIMOD:21;TA=S,T,Y;MT=Variable	not applicable	not available	dithiothreitol (dtt)	1	1	WT_RIGI_apo_300_20201222_204220.raw	ftp://ftp.pride.ebi.ac.uk/pride/data/archive/2022/08/PXD031831/WT_RIGI_apo_300_20201222_204220.raw	v1.1.0	NT=ms-proteomics;VV=v1.1.0	manual curation	Fibroblast
WT_RIGI_3p10l_60_20201223_002549	homo sapiens	Fibroblast	not applicable	syndrome	1	WT_RIGI_3p10l_60_20201223_002549	proteomic profiling by mass spectrometry	NT=Data-dependent acquisition;AC=PRIDE:0000627	NT=label free sample;AC=MS:1002038	NT=orbitrap fusion;AC=MS:1002416	NT=Phospho;AC=UNIMOD:21;TA=S,T,Y;MT=Variable	not applicable	not available	dithiothreitol (dtt)	1	1	WT_RIGI_3p10l_60_20201223_002549.raw	ftp://ftp.pride.ebi.ac.uk/pride/data/archive/2022/08/PXD031831/WT_RIGI_3p10l_60_20201223_002549.raw	v1.1.0	NT=ms-proteomics;VV=v1.1.0	manual curation	Fibroblast
WT_RIGI_3p10l_Ub10_300_20201223_123930	homo sapiens	Fibroblast	not applicable	syndrome	1	WT_RIGI_3p10l_Ub10_300_20201223_123930	proteomic profiling by mass spectrometry	NT=Data-dependent acquisition;AC=PRIDE:0000627	NT=label free sample;AC=MS:1002038	NT=orbitrap fusion;AC=MS:1002416	NT=Phospho;AC=UNIMOD:21;TA=S,T,Y;MT=Variable	not applicable	not available	dithiothreitol (dtt)	1	1	WT_RIGI_3p10l_Ub10_300_20201223_123930.raw	ftp://ftp.pride.ebi.ac.uk/pride/data/archive/2022/08/PXD031831/WT_RIGI_3p10l_Ub10_300_20201223_123930.raw	v1.1.0	NT=ms-proteomics;VV=v1.1.0	manual curation	Fibroblast
E510V_RIGI_300_20210517_183414	homo sapiens	Fibroblast	not applicable	syndrome	1	E510V_RIGI_300_20210517_183414	proteomic profiling by mass spectrometry	NT=Data-dependent acquisition;AC=PRIDE:0000627	NT=label free sample;AC=MS:1002038	NT=orbitrap fusion;AC=MS:1002416	NT=Phospho;AC=UNIMOD:21;TA=S,T,Y;MT=Variable	not applicable	not available	dithiothreitol (dtt)	1	1	E510V_RIGI_300_20210517_183414.raw	ftp://ftp.pride.ebi.ac.uk/pride/data/archive/2022/08/PXD031831/E510V_RIGI_300_20210517_183414.raw	v1.1.0	NT=ms-proteomics;VV=v1.1.0	manual curation	Fibroblast
Q517H_RIGI_Cap210l_60_20201214_125310	homo sapiens	Fibroblast	not applicable	syndrome	1	Q517H_RIGI_Cap210l_60_20201214_125310	proteomic profiling by mass spectrometry	NT=Data-dependent acquisition;AC=PRIDE:0000627	NT=label free sample;AC=MS:1002038	NT=orbitrap fusion;AC=MS:1002416	NT=Phospho;AC=UNIMOD:21;TA=S,T,Y;MT=Variable	not applicable	not available	dithiothreitol (dtt)	1	1	Q517H_RIGI_Cap210l_60_20201214_125310.raw	ftp://ftp.pride.ebi.ac.uk/pride/data/archive/2022/08/PXD031831/Q517H_RIGI_Cap210l_60_20201214_125310.raw	v1.1.0	NT=ms-proteomics;VV=v1.1.0	manual curation	Fibroblast
Q517H_RIGI_apo_0_20201214_005405	homo sapiens	Fibroblast	not applicable	syndrome	1	Q517H_RIGI_apo_0_20201214_005405	proteomic profiling by mass spectrometry	NT=Data-dependent acquisition;AC=PRIDE:0000627	NT=label free sample;AC=MS:1002038	NT=orbitrap fusion;AC=MS:1002416	NT=Phospho;AC=UNIMOD:21;TA=S,T,Y;MT=Variable	not applicable	not available	dithiothreitol (dtt)	1	1	Q517H_RIGI_apo_0_20201214_005405.raw	ftp://ftp.pride.ebi.ac.uk/pride/data/archive/2022/08/PXD031831/Q517H_RIGI_apo_0_20201214_005405.raw	v1.1.0	NT=ms-proteomics;VV=v1.1.0	manual curation	Fibroblast
E510V_Cap2_60_20210410_061418	homo sapiens	Fibroblast	not applicable	syndrome	1	E510V_Cap2_60_20210410_061418	proteomic profiling by mass spectrometry	NT=Data-dependent acquisition;AC=PRIDE:0000627	NT=label free sample;AC=MS:1002038	NT=orbitrap fusion;AC=MS:1002416	NT=Phospho;AC=UNIMOD:21;TA=S,T,Y;MT=Variable	not applicable	not available	dithiothreitol (dtt)	1	1	E510V_Cap2_60_20210410_061418.raw	ftp://ftp.pride.ebi.ac.uk/pride/data/archive/2022/08/PXD031831/E510V_Cap2_60_20210410_061418.raw	v1.1.0	NT=ms-proteomics;VV=v1.1.0	manual curation	Fibroblast
E510V_3p10l_300_20210410_023359	homo sapiens	Fibroblast	not applicable	syndrome	1	E510V_3p10l_300_20210410_023359	proteomic profiling by mass spectrometry	NT=Data-dependent acquisition;AC=PRIDE:0000627	NT=label free sample;AC=MS:1002038	NT=orbitrap fusion;AC=MS:1002416	NT=Phospho;AC=UNIMOD:21;TA=S,T,Y;MT=Variable	not applicable	not available	dithiothreitol (dtt)	1	1	E510V_3p10l_300_20210410_023359.raw	ftp://ftp.pride.ebi.ac.uk/pride/data/archive/2022/08/PXD031831/E510V_3p10l_300_20210410_023359.raw	v1.1.0	NT=ms-proteomics;VV=v1.1.0	manual curation	Fibroblast
Q517H_RIGI_900_20210517_123850	homo sapiens	Fibroblast	not applicable	syndrome	1	Q517H_RIGI_900_20210517_123850	proteomic profiling by mass spectrometry	NT=Data-dependent acquisition;AC=PRIDE:0000627	NT=label free sample;AC=MS:1002038	NT=orbitrap fusion;AC=MS:1002416	NT=Phospho;AC=UNIMOD:21;TA=S,T,Y;MT=Variable	not applicable	not available	dithiothreitol (dtt)	1	1	Q517H_RIGI_900_20210517_123850.raw	ftp://ftp.pride.ebi.ac.uk/pride/data/archive/2022/08/PXD031831/Q517H_RIGI_900_20210517_123850.raw	v1.1.0	NT=ms-proteomics;VV=v1.1.0	manual curation	Fibroblast
E510V_RIGI_10_20210517_152844	homo sapiens	Fibroblast	not applicable	syndrome	1	E510V_RIGI_10_20210517_152844	proteomic profiling by mass spectrometry	NT=Data-dependent acquisition;AC=PRIDE:0000627	NT=label free sample;AC=MS:1002038	NT=orbitrap fusion;AC=MS:1002416	NT=Phospho;AC=UNIMOD:21;TA=S,T,Y;MT=Variable	not applicable	not available	dithiothreitol (dtt)	1	1	E510V_RIGI_10_20210517_152844.raw	ftp://ftp.pride.ebi.ac.uk/pride/data/archive/2022/08/PXD031831/E510V_RIGI_10_20210517_152844.raw	v1.1.0	NT=ms-proteomics;VV=v1.1.0	manual curation	Fibroblast
Q517H_RIGI_3p10l_10_20201214_063938	homo sapiens	Fibroblast	not applicable	syndrome	1	Q517H_RIGI_3p10l_10_20201214_063938	proteomic profiling by mass spectrometry	NT=Data-dependent acquisition;AC=PRIDE:0000627	NT=label free sample;AC=MS:1002038	NT=orbitrap fusion;AC=MS:1002416	NT=Phospho;AC=UNIMOD:21;TA=S,T,Y;MT=Variable	not applicable	not available	dithiothreitol (dtt)	1	1	Q517H_RIGI_3p10l_10_20201214_063938.raw	ftp://ftp.pride.ebi.ac.uk/pride/data/archive/2022/08/PXD031831/Q517H_RIGI_3p10l_10_20201214_063938.raw	v1.1.0	NT=ms-proteomics;VV=v1.1.0	manual curation	Fibroblast
E510V_Cap2_10_20210410_052358	homo sapiens	Fibroblast	not applicable	syndrome	1	E510V_Cap2_10_20210410_052358	proteomic profiling by mass spectrometry	NT=Data-dependent acquisition;AC=PRIDE:0000627	NT=label free sample;AC=MS:1002038	NT=orbitrap fusion;AC=MS:1002416	NT=Phospho;AC=UNIMOD:21;TA=S,T,Y;MT=Variable	not applicable	not available	dithiothreitol (dtt)	1	1	E510V_Cap2_10_20210410_052358.raw	ftp://ftp.pride.ebi.ac.uk/pride/data/archive/2022/08/PXD031831/E510V_Cap2_10_20210410_052358.raw	v1.1.0	NT=ms-proteomics;VV=v1.1.0	manual curation	Fibroblast
E510V_RIGI_60_20210517_160209	homo sapiens	Fibroblast	not applicable	syndrome	1	E510V_RIGI_60_20210517_160209	proteomic profiling by mass spectrometry	NT=Data-dependent acquisition;AC=PRIDE:0000627	NT=label free sample;AC=MS:1002038	NT=orbitrap fusion;AC=MS:1002416	NT=Phospho;AC=UNIMOD:21;TA=S,T,Y;MT=Variable	not applicable	not available	dithiothreitol (dtt)	1	1	E510V_RIGI_60_20210517_160209.raw	ftp://ftp.pride.ebi.ac.uk/pride/data/archive/2022/08/PXD031831/E510V_RIGI_60_20210517_160209.raw	v1.1.0	NT=ms-proteomics;VV=v1.1.0	manual curation	Fibroblast
WT_RIGI_Cap210l_900_20201223_083425	homo sapiens	Fibroblast	not applicable	syndrome	1	WT_RIGI_Cap210l_900_20201223_083425	proteomic profiling by mass spectrometry	NT=Data-dependent acquisition;AC=PRIDE:0000627	NT=label free sample;AC=MS:1002038	NT=orbitrap fusion;AC=MS:1002416	NT=Phospho;AC=UNIMOD:21;TA=S,T,Y;MT=Variable	not applicable	not available	dithiothreitol (dtt)	1	1	WT_RIGI_Cap210l_900_20201223_083425.raw	ftp://ftp.pride.ebi.ac.uk/pride/data/archive/2022/08/PXD031831/WT_RIGI_Cap210l_900_20201223_083425.raw	v1.1.0	NT=ms-proteomics;VV=v1.1.0	manual curation	Fibroblast
E510V_300_20210409_053756	homo sapiens	Fibroblast	not applicable	syndrome	1	E510V_300_20210409_053756	proteomic profiling by mass spectrometry	NT=Data-dependent acquisition;AC=PRIDE:0000627	NT=label free sample;AC=MS:1002038	NT=orbitrap fusion;AC=MS:1002416	NT=Phospho;AC=UNIMOD:21;TA=S,T,Y;MT=Variable	not applicable	not available	dithiothreitol (dtt)	1	1	E510V_300_20210409_053756.raw	ftp://ftp.pride.ebi.ac.uk/pride/data/archive/2022/08/PXD031831/E510V_300_20210409_053756.raw	v1.1.0	NT=ms-proteomics;VV=v1.1.0	manual curation	Fibroblast
WT_RIGI_3p10l_Ub10_900_20201223_141604	homo sapiens	Fibroblast	not applicable	syndrome	1	WT_RIGI_3p10l_Ub10_900_20201223_141604	proteomic profiling by mass spectrometry	NT=Data-dependent acquisition;AC=PRIDE:0000627	NT=label free sample;AC=MS:1002038	NT=orbitrap fusion;AC=MS:1002416	NT=Phospho;AC=UNIMOD:21;TA=S,T,Y;MT=Variable	not applicable	not available	dithiothreitol (dtt)	1	1	WT_RIGI_3p10l_Ub10_900_20201223_141604.raw	ftp://ftp.pride.ebi.ac.uk/pride/data/archive/2022/08/PXD031831/WT_RIGI_3p10l_Ub10_900_20201223_141604.raw	v1.1.0	NT=ms-proteomics;VV=v1.1.0	manual curation	Fibroblast
WT_RIGI_0_20210516_224224	homo sapiens	Fibroblast	not applicable	syndrome	1	WT_RIGI_0_20210516_224224	proteomic profiling by mass spectrometry	NT=Data-dependent acquisition;AC=PRIDE:0000627	NT=label free sample;AC=MS:1002038	NT=orbitrap fusion;AC=MS:1002416	NT=Phospho;AC=UNIMOD:21;TA=S,T,Y;MT=Variable	not applicable	not available	dithiothreitol (dtt)	1	1	WT_RIGI_0_20210516_224224.raw	ftp://ftp.pride.ebi.ac.uk/pride/data/archive/2022/08/PXD031831/WT_RIGI_0_20210516_224224.raw	v1.1.0	NT=ms-proteomics;VV=v1.1.0	manual curation	Fibroblast
WT_RIGI_apo_900_20201222_221111	homo sapiens	Fibroblast	not applicable	syndrome	1	WT_RIGI_apo_900_20201222_221111	proteomic profiling by mass spectrometry	NT=Data-dependent acquisition;AC=PRIDE:0000627	NT=label free sample;AC=MS:1002038	NT=orbitrap fusion;AC=MS:1002416	NT=Phospho;AC=UNIMOD:21;TA=S,T,Y;MT=Variable	not applicable	not available	dithiothreitol (dtt)	1	1	WT_RIGI_apo_900_20201222_221111.raw	ftp://ftp.pride.ebi.ac.uk/pride/data/archive/2022/08/PXD031831/WT_RIGI_apo_900_20201222_221111.raw	v1.1.0	NT=ms-proteomics;VV=v1.1.0	manual curation	Fibroblast
WT_RIGI_10_20210516_233100	homo sapiens	Fibroblast	not applicable	syndrome	1	WT_RIGI_10_20210516_233100	proteomic profiling by mass spectrometry	NT=Data-dependent acquisition;AC=PRIDE:0000627	NT=label free sample;AC=MS:1002038	NT=orbitrap fusion;AC=MS:1002416	NT=Phospho;AC=UNIMOD:21;TA=S,T,Y;MT=Variable	not applicable	not available	dithiothreitol (dtt)	1	1	WT_RIGI_10_20210516_233100.raw	ftp://ftp.pride.ebi.ac.uk/pride/data/archive/2022/08/PXD031831/WT_RIGI_10_20210516_233100.raw	v1.1.0	NT=ms-proteomics;VV=v1.1.0	manual curation	Fibroblast
E510V_3p10l_900_20210410_045136	homo sapiens	Fibroblast	not applicable	syndrome	1	E510V_3p10l_900_20210410_045136	proteomic profiling by mass spectrometry	NT=Data-dependent acquisition;AC=PRIDE:0000627	NT=label free sample;AC=MS:1002038	NT=orbitrap fusion;AC=MS:1002416	NT=Phospho;AC=UNIMOD:21;TA=S,T,Y;MT=Variable	not applicable	not available	dithiothreitol (dtt)	1	1	E510V_3p10l_900_20210410_045136.raw	ftp://ftp.pride.ebi.ac.uk/pride/data/archive/2022/08/PXD031831/E510V_3p10l_900_20210410_045136.raw	v1.1.0	NT=ms-proteomics;VV=v1.1.0	manual curation	Fibroblast
WT_RIGI_60_20210517_003752	homo sapiens	Fibroblast	not applicable	syndrome	1	WT_RIGI_60_20210517_003752	proteomic profiling by mass spectrometry	NT=Data-dependent acquisition;AC=PRIDE:0000627	NT=label free sample;AC=MS:1002038	NT=orbitrap fusion;AC=MS:1002416	NT=Phospho;AC=UNIMOD:21;TA=S,T,Y;MT=Variable	not applicable	not available	dithiothreitol (dtt)	1	1	WT_RIGI_60_20210517_003752.raw	ftp://ftp.pride.ebi.ac.uk/pride/data/archive/2022/08/PXD031831/WT_RIGI_60_20210517_003752.raw	v1.1.0	NT=ms-proteomics;VV=v1.1.0	manual curation	Fibroblast
E510V_Cap2_900_20210410_093117	homo sapiens	Fibroblast	not applicable	syndrome	1	E510V_Cap2_900_20210410_093117	proteomic profiling by mass spectrometry	NT=Data-dependent acquisition;AC=PRIDE:0000627	NT=label free sample;AC=MS:1002038	NT=orbitrap fusion;AC=MS:1002416	NT=Phospho;AC=UNIMOD:21;TA=S,T,Y;MT=Variable	not applicable	not available	dithiothreitol (dtt)	1	1	E510V_Cap2_900_20210410_093117.raw	ftp://ftp.pride.ebi.ac.uk/pride/data/archive/2022/08/PXD031831/E510V_Cap2_900_20210410_093117.raw	v1.1.0	NT=ms-proteomics;VV=v1.1.0	manual curation	Fibroblast
E510V_3p_Ub9_900_20210410_141109	homo sapiens	Fibroblast	not applicable	syndrome	1	E510V_3p_Ub9_900_20210410_141109	proteomic profiling by mass spectrometry	NT=Data-dependent acquisition;AC=PRIDE:0000627	NT=label free sample;AC=MS:1002038	NT=orbitrap fusion;AC=MS:1002416	NT=Phospho;AC=UNIMOD:21;TA=S,T,Y;MT=Variable	not applicable	not available	dithiothreitol (dtt)	1	1	E510V_3p_Ub9_900_20210410_141109.raw	ftp://ftp.pride.ebi.ac.uk/pride/data/archive/2022/08/PXD031831/E510V_3p_Ub9_900_20210410_141109.raw	v1.1.0	NT=ms-proteomics;VV=v1.1.0	manual curation	Fibroblast
E510V_3p_Ub9_10_20210410_100344	homo sapiens	Fibroblast	not applicable	syndrome	1	E510V_3p_Ub9_10_20210410_100344	proteomic profiling by mass spectrometry	NT=Data-dependent acquisition;AC=PRIDE:0000627	NT=label free sample;AC=MS:1002038	NT=orbitrap fusion;AC=MS:1002416	NT=Phospho;AC=UNIMOD:21;TA=S,T,Y;MT=Variable	not applicable	not available	dithiothreitol (dtt)	1	1	E510V_3p_Ub9_10_20210410_100344.raw	ftp://ftp.pride.ebi.ac.uk/pride/data/archive/2022/08/PXD031831/E510V_3p_Ub9_10_20210410_100344.raw	v1.1.0	NT=ms-proteomics;VV=v1.1.0	manual curation	Fibroblast
E510V_60_20210409_045553	homo sapiens	Fibroblast	not applicable	syndrome	1	E510V_60_20210409_045553	proteomic profiling by mass spectrometry	NT=Data-dependent acquisition;AC=PRIDE:0000627	NT=label free sample;AC=MS:1002038	NT=orbitrap fusion;AC=MS:1002416	NT=Phospho;AC=UNIMOD:21;TA=S,T,Y;MT=Variable	not applicable	not available	dithiothreitol (dtt)	1	1	E510V_60_20210409_045553.raw	ftp://ftp.pride.ebi.ac.uk/pride/data/archive/2022/08/PXD031831/E510V_60_20210409_045553.raw	v1.1.0	NT=ms-proteomics;VV=v1.1.0	manual curation	Fibroblast
E510V_3p_Ub9_300_20210410_115322	homo sapiens	Fibroblast	not applicable	syndrome	1	E510V_3p_Ub9_300_20210410_115322	proteomic profiling by mass spectrometry	NT=Data-dependent acquisition;AC=PRIDE:0000627	NT=label free sample;AC=MS:1002038	NT=orbitrap fusion;AC=MS:1002416	NT=Phospho;AC=UNIMOD:21;TA=S,T,Y;MT=Variable	not applicable	not available	dithiothreitol (dtt)	1	1	E510V_3p_Ub9_300_20210410_115322.raw	ftp://ftp.pride.ebi.ac.uk/pride/data/archive/2022/08/PXD031831/E510V_3p_Ub9_300_20210410_115322.raw	v1.1.0	NT=ms-proteomics;VV=v1.1.0	manual curation	Fibroblast
WT_RIGI_3p10l_10_20201223_000530	homo sapiens	Fibroblast	not applicable	syndrome	1	WT_RIGI_3p10l_10_20201223_000530	proteomic profiling by mass spectrometry	NT=Data-dependent acquisition;AC=PRIDE:0000627	NT=label free sample;AC=MS:1002038	NT=orbitrap fusion;AC=MS:1002416	NT=Phospho;AC=UNIMOD:21;TA=S,T,Y;MT=Variable	not applicable	not available	dithiothreitol (dtt)	1	1	WT_RIGI_3p10l_10_20201223_000530.raw	ftp://ftp.pride.ebi.ac.uk/pride/data/archive/2022/08/PXD031831/WT_RIGI_3p10l_10_20201223_000530.raw	v1.1.0	NT=ms-proteomics;VV=v1.1.0	manual curation	Fibroblast
Q517H_RIGI_3p10l_Ub10_300_20201214_185025	homo sapiens	Fibroblast	not applicable	syndrome	1	Q517H_RIGI_3p10l_Ub10_300_20201214_185025	proteomic profiling by mass spectrometry	NT=Data-dependent acquisition;AC=PRIDE:0000627	NT=label free sample;AC=MS:1002038	NT=orbitrap fusion;AC=MS:1002416	NT=Phospho;AC=UNIMOD:21;TA=S,T,Y;MT=Variable	not applicable	not available	dithiothreitol (dtt)	1	1	Q517H_RIGI_3p10l_Ub10_300_20201214_185025.raw	ftp://ftp.pride.ebi.ac.uk/pride/data/archive/2022/08/PXD031831/Q517H_RIGI_3p10l_Ub10_300_20201214_185025.raw	v1.1.0	NT=ms-proteomics;VV=v1.1.0	manual curation	Fibroblast
WT_RIGI_Cap210l_Ub10_300_20201224_033441	homo sapiens	Fibroblast	not applicable	syndrome	1	WT_RIGI_Cap210l_Ub10_300_20201224_033441	proteomic profiling by mass spectrometry	NT=Data-dependent acquisition;AC=PRIDE:0000627	NT=label free sample;AC=MS:1002038	NT=orbitrap fusion;AC=MS:1002416	NT=Phospho;AC=UNIMOD:21;TA=S,T,Y;MT=Variable	not applicable	not available	dithiothreitol (dtt)	1	1	WT_RIGI_Cap210l_Ub10_300_20201224_033441.raw	ftp://ftp.pride.ebi.ac.uk/pride/data/archive/2022/08/PXD031831/WT_RIGI_Cap210l_Ub10_300_20201224_033441.raw	v1.1.0	NT=ms-proteomics;VV=v1.1.0	manual curation	Fibroblast
WT_RIGI_10_20210516_231446	homo sapiens	Fibroblast	not applicable	syndrome	1	WT_RIGI_10_20210516_231446	proteomic profiling by mass spectrometry	NT=Data-dependent acquisition;AC=PRIDE:0000627	NT=label free sample;AC=MS:1002038	NT=orbitrap fusion;AC=MS:1002416	NT=Phospho;AC=UNIMOD:21;TA=S,T,Y;MT=Variable	not applicable	not available	dithiothreitol (dtt)	1	1	WT_RIGI_10_20210516_231446.raw	ftp://ftp.pride.ebi.ac.uk/pride/data/archive/2022/08/PXD031831/WT_RIGI_10_20210516_231446.raw	v1.1.0	NT=ms-proteomics;VV=v1.1.0	manual curation	Fibroblast
E510V_Cap2_Ub9_900_20210410_153045	homo sapiens	Fibroblast	not applicable	syndrome	1	E510V_Cap2_Ub9_900_20210410_153045	proteomic profiling by mass spectrometry	NT=Data-dependent acquisition;AC=PRIDE:0000627	NT=label free sample;AC=MS:1002038	NT=orbitrap fusion;AC=MS:1002416	NT=Phospho;AC=UNIMOD:21;TA=S,T,Y;MT=Variable	not applicable	not available	dithiothreitol (dtt)	1	1	E510V_Cap2_Ub9_900_20210410_153045.raw	ftp://ftp.pride.ebi.ac.uk/pride/data/archive/2022/08/PXD031831/E510V_Cap2_Ub9_900_20210410_153045.raw	v1.1.0	NT=ms-proteomics;VV=v1.1.0	manual curation	Fibroblast
E510V_3p10l_300_20210410_021257	homo sapiens	Fibroblast	not applicable	syndrome	1	E510V_3p10l_300_20210410_021257	proteomic profiling by mass spectrometry	NT=Data-dependent acquisition;AC=PRIDE:0000627	NT=label free sample;AC=MS:1002038	NT=orbitrap fusion;AC=MS:1002416	NT=Phospho;AC=UNIMOD:21;TA=S,T,Y;MT=Variable	not applicable	not available	dithiothreitol (dtt)	1	1	E510V_3p10l_300_20210410_021257.raw	ftp://ftp.pride.ebi.ac.uk/pride/data/archive/2022/08/PXD031831/E510V_3p10l_300_20210410_021257.raw	v1.1.0	NT=ms-proteomics;VV=v1.1.0	manual curation	Fibroblast
E510V_Cap2_900_20210410_085321	homo sapiens	Fibroblast	not applicable	syndrome	1	E510V_Cap2_900_20210410_085321	proteomic profiling by mass spectrometry	NT=Data-dependent acquisition;AC=PRIDE:0000627	NT=label free sample;AC=MS:1002038	NT=orbitrap fusion;AC=MS:1002416	NT=Phospho;AC=UNIMOD:21;TA=S,T,Y;MT=Variable	not applicable	not available	dithiothreitol (dtt)	1	1	E510V_Cap2_900_20210410_085321.raw	ftp://ftp.pride.ebi.ac.uk/pride/data/archive/2022/08/PXD031831/E510V_Cap2_900_20210410_085321.raw	v1.1.0	NT=ms-proteomics;VV=v1.1.0	manual curation	Fibroblast
E510V_10_20210409_034827	homo sapiens	Fibroblast	not applicable	syndrome	1	E510V_10_20210409_034827	proteomic profiling by mass spectrometry	NT=Data-dependent acquisition;AC=PRIDE:0000627	NT=label free sample;AC=MS:1002038	NT=orbitrap fusion;AC=MS:1002416	NT=Phospho;AC=UNIMOD:21;TA=S,T,Y;MT=Variable	not applicable	not available	dithiothreitol (dtt)	1	1	E510V_10_20210409_034827.raw	ftp://ftp.pride.ebi.ac.uk/pride/data/archive/2022/08/PXD031831/E510V_10_20210409_034827.raw	v1.1.0	NT=ms-proteomics;VV=v1.1.0	manual curation	Fibroblast
WT_RIGI_3p10l_Ub10_900_20201223_134817	homo sapiens	Fibroblast	not applicable	syndrome	1	WT_RIGI_3p10l_Ub10_900_20201223_134817	proteomic profiling by mass spectrometry	NT=Data-dependent acquisition;AC=PRIDE:0000627	NT=label free sample;AC=MS:1002038	NT=orbitrap fusion;AC=MS:1002416	NT=Phospho;AC=UNIMOD:21;TA=S,T,Y;MT=Variable	not applicable	not available	dithiothreitol (dtt)	1	1	WT_RIGI_3p10l_Ub10_900_20201223_134817.raw	ftp://ftp.pride.ebi.ac.uk/pride/data/archive/2022/08/PXD031831/WT_RIGI_3p10l_Ub10_900_20201223_134817.raw	v1.1.0	NT=ms-proteomics;VV=v1.1.0	manual curation	Fibroblast
Q517H_RIGI_apo_0_20201214_011324	homo sapiens	Fibroblast	not applicable	syndrome	1	Q517H_RIGI_apo_0_20201214_011324	proteomic profiling by mass spectrometry	NT=Data-dependent acquisition;AC=PRIDE:0000627	NT=label free sample;AC=MS:1002038	NT=orbitrap fusion;AC=MS:1002416	NT=Phospho;AC=UNIMOD:21;TA=S,T,Y;MT=Variable	not applicable	not available	dithiothreitol (dtt)	1	1	Q517H_RIGI_apo_0_20201214_011324.raw	ftp://ftp.pride.ebi.ac.uk/pride/data/archive/2022/08/PXD031831/Q517H_RIGI_apo_0_20201214_011324.raw	v1.1.0	NT=ms-proteomics;VV=v1.1.0	manual curation	Fibroblast
Q517H_RIGI_3p10l_900_20201214_095216	homo sapiens	Fibroblast	not applicable	syndrome	1	Q517H_RIGI_3p10l_900_20201214_095216	proteomic profiling by mass spectrometry	NT=Data-dependent acquisition;AC=PRIDE:0000627	NT=label free sample;AC=MS:1002038	NT=orbitrap fusion;AC=MS:1002416	NT=Phospho;AC=UNIMOD:21;TA=S,T,Y;MT=Variable	not applicable	not available	dithiothreitol (dtt)	1	1	Q517H_RIGI_3p10l_900_20201214_095216.raw	ftp://ftp.pride.ebi.ac.uk/pride/data/archive/2022/08/PXD031831/Q517H_RIGI_3p10l_900_20201214_095216.raw	v1.1.0	NT=ms-proteomics;VV=v1.1.0	manual curation	Fibroblast
Q517H_RIGI_3p10l_Ub10_300_20201214_194529	homo sapiens	Fibroblast	not applicable	syndrome	1	Q517H_RIGI_3p10l_Ub10_300_20201214_194529	proteomic profiling by mass spectrometry	NT=Data-dependent acquisition;AC=PRIDE:0000627	NT=label free sample;AC=MS:1002038	NT=orbitrap fusion;AC=MS:1002416	NT=Phospho;AC=UNIMOD:21;TA=S,T,Y;MT=Variable	not applicable	not available	dithiothreitol (dtt)	1	1	Q517H_RIGI_3p10l_Ub10_300_20201214_194529.raw	ftp://ftp.pride.ebi.ac.uk/pride/data/archive/2022/08/PXD031831/Q517H_RIGI_3p10l_Ub10_300_20201214_194529.raw	v1.1.0	NT=ms-proteomics;VV=v1.1.0	manual curation	Fibroblast
E510V_3p10l_60_20210410_013457	homo sapiens	Fibroblast	not applicable	syndrome	1	E510V_3p10l_60_20210410_013457	proteomic profiling by mass spectrometry	NT=Data-dependent acquisition;AC=PRIDE:0000627	NT=label free sample;AC=MS:1002038	NT=orbitrap fusion;AC=MS:1002416	NT=Phospho;AC=UNIMOD:21;TA=S,T,Y;MT=Variable	not applicable	not available	dithiothreitol (dtt)	1	1	E510V_3p10l_60_20210410_013457.raw	ftp://ftp.pride.ebi.ac.uk/pride/data/archive/2022/08/PXD031831/E510V_3p10l_60_20210410_013457.raw	v1.1.0	NT=ms-proteomics;VV=v1.1.0	manual curation	Fibroblast
WT_RIGI_3p10l_Ub10_10_20201223_102652	homo sapiens	Fibroblast	not applicable	syndrome	1	WT_RIGI_3p10l_Ub10_10_20201223_102652	proteomic profiling by mass spectrometry	NT=Data-dependent acquisition;AC=PRIDE:0000627	NT=label free sample;AC=MS:1002038	NT=orbitrap fusion;AC=MS:1002416	NT=Phospho;AC=UNIMOD:21;TA=S,T,Y;MT=Variable	not applicable	not available	dithiothreitol (dtt)	1	1	WT_RIGI_3p10l_Ub10_10_20201223_102652.raw	ftp://ftp.pride.ebi.ac.uk/pride/data/archive/2022/08/PXD031831/WT_RIGI_3p10l_Ub10_10_20201223_102652.raw	v1.1.0	NT=ms-proteomics;VV=v1.1.0	manual curation	Fibroblast
WT_RIGI_Cap210l_Ub10_60_20201223_163441	homo sapiens	Fibroblast	not applicable	syndrome	1	WT_RIGI_Cap210l_Ub10_60_20201223_163441	proteomic profiling by mass spectrometry	NT=Data-dependent acquisition;AC=PRIDE:0000627	NT=label free sample;AC=MS:1002038	NT=orbitrap fusion;AC=MS:1002416	NT=Phospho;AC=UNIMOD:21;TA=S,T,Y;MT=Variable	not applicable	not available	dithiothreitol (dtt)	1	1	WT_RIGI_Cap210l_Ub10_60_20201223_163441.raw	ftp://ftp.pride.ebi.ac.uk/pride/data/archive/2022/08/PXD031831/WT_RIGI_Cap210l_Ub10_60_20201223_163441.raw	v1.1.0	NT=ms-proteomics;VV=v1.1.0	manual curation	Fibroblast
Q517H_RIGI_apo_900_20201214_060031	homo sapiens	Fibroblast	not applicable	syndrome	1	Q517H_RIGI_apo_900_20201214_060031	proteomic profiling by mass spectrometry	NT=Data-dependent acquisition;AC=PRIDE:0000627	NT=label free sample;AC=MS:1002038	NT=orbitrap fusion;AC=MS:1002416	NT=Phospho;AC=UNIMOD:21;TA=S,T,Y;MT=Variable	not applicable	not available	dithiothreitol (dtt)	1	1	Q517H_RIGI_apo_900_20201214_060031.raw	ftp://ftp.pride.ebi.ac.uk/pride/data/archive/2022/08/PXD031831/Q517H_RIGI_apo_900_20201214_060031.raw	v1.1.0	NT=ms-proteomics;VV=v1.1.0	manual curation	Fibroblast
Q517H_RIGI_3p10l_Ub10_60_20201214_182618	homo sapiens	Fibroblast	not applicable	syndrome	1	Q517H_RIGI_3p10l_Ub10_60_20201214_182618	proteomic profiling by mass spectrometry	NT=Data-dependent acquisition;AC=PRIDE:0000627	NT=label free sample;AC=MS:1002038	NT=orbitrap fusion;AC=MS:1002416	NT=Phospho;AC=UNIMOD:21;TA=S,T,Y;MT=Variable	not applicable	not available	dithiothreitol (dtt)	1	1	Q517H_RIGI_3p10l_Ub10_60_20201214_182618.raw	ftp://ftp.pride.ebi.ac.uk/pride/data/archive/2022/08/PXD031831/Q517H_RIGI_3p10l_Ub10_60_20201214_182618.raw	v1.1.0	NT=ms-proteomics;VV=v1.1.0	manual curation	Fibroblast
WT_RIGI_3p10l_300_20201223_022500	homo sapiens	Fibroblast	not applicable	syndrome	1	WT_RIGI_3p10l_300_20201223_022500	proteomic profiling by mass spectrometry	NT=Data-dependent acquisition;AC=PRIDE:0000627	NT=label free sample;AC=MS:1002038	NT=orbitrap fusion;AC=MS:1002416	NT=Phospho;AC=UNIMOD:21;TA=S,T,Y;MT=Variable	not applicable	not available	dithiothreitol (dtt)	1	1	WT_RIGI_3p10l_300_20201223_022500.raw	ftp://ftp.pride.ebi.ac.uk/pride/data/archive/2022/08/PXD031831/WT_RIGI_3p10l_300_20201223_022500.raw	v1.1.0	NT=ms-proteomics;VV=v1.1.0	manual curation	Fibroblast
Q517H_RIGI_apo_300_20201214_040706	homo sapiens	Fibroblast	not applicable	syndrome	1	Q517H_RIGI_apo_300_20201214_040706	proteomic profiling by mass spectrometry	NT=Data-dependent acquisition;AC=PRIDE:0000627	NT=label free sample;AC=MS:1002038	NT=orbitrap fusion;AC=MS:1002416	NT=Phospho;AC=UNIMOD:21;TA=S,T,Y;MT=Variable	not applicable	not available	dithiothreitol (dtt)	1	1	Q517H_RIGI_apo_300_20201214_040706.raw	ftp://ftp.pride.ebi.ac.uk/pride/data/archive/2022/08/PXD031831/Q517H_RIGI_apo_300_20201214_040706.raw	v1.1.0	NT=ms-proteomics;VV=v1.1.0	manual curation	Fibroblast
Q517H_RIGI_300_20210517_111648	homo sapiens	Fibroblast	not applicable	syndrome	1	Q517H_RIGI_300_20210517_111648	proteomic profiling by mass spectrometry	NT=Data-dependent acquisition;AC=PRIDE:0000627	NT=label free sample;AC=MS:1002038	NT=orbitrap fusion;AC=MS:1002416	NT=Phospho;AC=UNIMOD:21;TA=S,T,Y;MT=Variable	not applicable	not available	dithiothreitol (dtt)	1	1	Q517H_RIGI_300_20210517_111648.raw	ftp://ftp.pride.ebi.ac.uk/pride/data/archive/2022/08/PXD031831/Q517H_RIGI_300_20210517_111648.raw	v1.1.0	NT=ms-proteomics;VV=v1.1.0	manual curation	Fibroblast
Q517H_RIGI_900_20210517_120359	homo sapiens	Fibroblast	not applicable	syndrome	1	Q517H_RIGI_900_20210517_120359	proteomic profiling by mass spectrometry	NT=Data-dependent acquisition;AC=PRIDE:0000627	NT=label free sample;AC=MS:1002038	NT=orbitrap fusion;AC=MS:1002416	NT=Phospho;AC=UNIMOD:21;TA=S,T,Y;MT=Variable	not applicable	not available	dithiothreitol (dtt)	1	1	Q517H_RIGI_900_20210517_120359.raw	ftp://ftp.pride.ebi.ac.uk/pride/data/archive/2022/08/PXD031831/Q517H_RIGI_900_20210517_120359.raw	v1.1.0	NT=ms-proteomics;VV=v1.1.0	manual curation	Fibroblast
Q517H_RIGI_10_20210517_075501	homo sapiens	Fibroblast	not applicable	syndrome	1	Q517H_RIGI_10_20210517_075501	proteomic profiling by mass spectrometry	NT=Data-dependent acquisition;AC=PRIDE:0000627	NT=label free sample;AC=MS:1002038	NT=orbitrap fusion;AC=MS:1002416	NT=Phospho;AC=UNIMOD:21;TA=S,T,Y;MT=Variable	not applicable	not available	dithiothreitol (dtt)	1	1	Q517H_RIGI_10_20210517_075501.raw	ftp://ftp.pride.ebi.ac.uk/pride/data/archive/2022/08/PXD031831/Q517H_RIGI_10_20210517_075501.raw	v1.1.0	NT=ms-proteomics;VV=v1.1.0	manual curation	Fibroblast
E510V_Cap2_Ub9_60_20210410_160455	homo sapiens	Fibroblast	not applicable	syndrome	1	E510V_Cap2_Ub9_60_20210410_160455	proteomic profiling by mass spectrometry	NT=Data-dependent acquisition;AC=PRIDE:0000627	NT=label free sample;AC=MS:1002038	NT=orbitrap fusion;AC=MS:1002416	NT=Phospho;AC=UNIMOD:21;TA=S,T,Y;MT=Variable	not applicable	not available	dithiothreitol (dtt)	1	1	E510V_Cap2_Ub9_60_20210410_160455.raw	ftp://ftp.pride.ebi.ac.uk/pride/data/archive/2022/08/PXD031831/E510V_Cap2_Ub9_60_20210410_160455.raw	v1.1.0	NT=ms-proteomics;VV=v1.1.0	manual curation	Fibroblast
E510V_Cap2_Ub9_10_20210410_144335	homo sapiens	Fibroblast	not applicable	syndrome	1	E510V_Cap2_Ub9_10_20210410_144335	proteomic profiling by mass spectrometry	NT=Data-dependent acquisition;AC=PRIDE:0000627	NT=label free sample;AC=MS:1002038	NT=orbitrap fusion;AC=MS:1002416	NT=Phospho;AC=UNIMOD:21;TA=S,T,Y;MT=Variable	not applicable	not available	dithiothreitol (dtt)	1	1	E510V_Cap2_Ub9_10_20210410_144335.raw	ftp://ftp.pride.ebi.ac.uk/pride/data/archive/2022/08/PXD031831/E510V_Cap2_Ub9_10_20210410_144335.raw	v1.1.0	NT=ms-proteomics;VV=v1.1.0	manual curation	Fibroblast
Q517H_RIGI_3p10l_Ub10_10_20201214_164708	homo sapiens	Fibroblast	not applicable	syndrome	1	Q517H_RIGI_3p10l_Ub10_10_20201214_164708	proteomic profiling by mass spectrometry	NT=Data-dependent acquisition;AC=PRIDE:0000627	NT=label free sample;AC=MS:1002038	NT=orbitrap fusion;AC=MS:1002416	NT=Phospho;AC=UNIMOD:21;TA=S,T,Y;MT=Variable	not applicable	not available	dithiothreitol (dtt)	1	1	Q517H_RIGI_3p10l_Ub10_10_20201214_164708.raw	ftp://ftp.pride.ebi.ac.uk/pride/data/archive/2022/08/PXD031831/Q517H_RIGI_3p10l_Ub10_10_20201214_164708.raw	v1.1.0	NT=ms-proteomics;VV=v1.1.0	manual curation	Fibroblast
Q517H_RIGI_Cap210l_900_20201214_145933	homo sapiens	Fibroblast	not applicable	syndrome	1	Q517H_RIGI_Cap210l_900_20201214_145933	proteomic profiling by mass spectrometry	NT=Data-dependent acquisition;AC=PRIDE:0000627	NT=label free sample;AC=MS:1002038	NT=orbitrap fusion;AC=MS:1002416	NT=Phospho;AC=UNIMOD:21;TA=S,T,Y;MT=Variable	not applicable	not available	dithiothreitol (dtt)	1	1	Q517H_RIGI_Cap210l_900_20201214_145933.raw	ftp://ftp.pride.ebi.ac.uk/pride/data/archive/2022/08/PXD031831/Q517H_RIGI_Cap210l_900_20201214_145933.raw	v1.1.0	NT=ms-proteomics;VV=v1.1.0	manual curation	Fibroblast
E510V_3p10l_10_20210410_010054	homo sapiens	Fibroblast	not applicable	syndrome	1	E510V_3p10l_10_20210410_010054	proteomic profiling by mass spectrometry	NT=Data-dependent acquisition;AC=PRIDE:0000627	NT=label free sample;AC=MS:1002038	NT=orbitrap fusion;AC=MS:1002416	NT=Phospho;AC=UNIMOD:21;TA=S,T,Y;MT=Variable	not applicable	not available	dithiothreitol (dtt)	1	1	E510V_3p10l_10_20210410_010054.raw	ftp://ftp.pride.ebi.ac.uk/pride/data/archive/2022/08/PXD031831/E510V_3p10l_10_20210410_010054.raw	v1.1.0	NT=ms-proteomics;VV=v1.1.0	manual curation	Fibroblast
Q517H_RIGI_10_20210517_081119	homo sapiens	Fibroblast	not applicable	syndrome	1	Q517H_RIGI_10_20210517_081119	proteomic profiling by mass spectrometry	NT=Data-dependent acquisition;AC=PRIDE:0000627	NT=label free sample;AC=MS:1002038	NT=orbitrap fusion;AC=MS:1002416	NT=Phospho;AC=UNIMOD:21;TA=S,T,Y;MT=Variable	not applicable	not available	dithiothreitol (dtt)	1	1	Q517H_RIGI_10_20210517_081119.raw	ftp://ftp.pride.ebi.ac.uk/pride/data/archive/2022/08/PXD031831/Q517H_RIGI_10_20210517_081119.raw	v1.1.0	NT=ms-proteomics;VV=v1.1.0	manual curation	Fibroblast
E510V_RIGI_900_20210517_205346	homo sapiens	Fibroblast	not applicable	syndrome	1	E510V_RIGI_900_20210517_205346	proteomic profiling by mass spectrometry	NT=Data-dependent acquisition;AC=PRIDE:0000627	NT=label free sample;AC=MS:1002038	NT=orbitrap fusion;AC=MS:1002416	NT=Phospho;AC=UNIMOD:21;TA=S,T,Y;MT=Variable	not applicable	not available	dithiothreitol (dtt)	1	1	E510V_RIGI_900_20210517_205346.raw	ftp://ftp.pride.ebi.ac.uk/pride/data/archive/2022/08/PXD031831/E510V_RIGI_900_20210517_205346.raw	v1.1.0	NT=ms-proteomics;VV=v1.1.0	manual curation	Fibroblast
Q517H_RIGI_60_20210517_093621	homo sapiens	Fibroblast	not applicable	syndrome	1	Q517H_RIGI_60_20210517_093621	proteomic profiling by mass spectrometry	NT=Data-dependent acquisition;AC=PRIDE:0000627	NT=label free sample;AC=MS:1002038	NT=orbitrap fusion;AC=MS:1002416	NT=Phospho;AC=UNIMOD:21;TA=S,T,Y;MT=Variable	not applicable	not available	dithiothreitol (dtt)	1	1	Q517H_RIGI_60_20210517_093621.raw	ftp://ftp.pride.ebi.ac.uk/pride/data/archive/2022/08/PXD031831/Q517H_RIGI_60_20210517_093621.raw	v1.1.0	NT=ms-proteomics;VV=v1.1.0	manual curation	Fibroblast
WT_RIGI_Cap210l_Ub10_10_20201223_145451	homo sapiens	Fibroblast	not applicable	syndrome	1	WT_RIGI_Cap210l_Ub10_10_20201223_145451	proteomic profiling by mass spectrometry	NT=Data-dependent acquisition;AC=PRIDE:0000627	NT=label free sample;AC=MS:1002038	NT=orbitrap fusion;AC=MS:1002416	NT=Phospho;AC=UNIMOD:21;TA=S,T,Y;MT=Variable	not applicable	not available	dithiothreitol (dtt)	1	1	WT_RIGI_Cap210l_Ub10_10_20201223_145451.raw	ftp://ftp.pride.ebi.ac.uk/pride/data/archive/2022/08/PXD031831/WT_RIGI_Cap210l_Ub10_10_20201223_145451.raw	v1.1.0	NT=ms-proteomics;VV=v1.1.0	manual curation	Fibroblast
WT_RIGI_3p10l_Ub10_60_20201223_104655	homo sapiens	Fibroblast	not applicable	syndrome	1	WT_RIGI_3p10l_Ub10_60_20201223_104655	proteomic profiling by mass spectrometry	NT=Data-dependent acquisition;AC=PRIDE:0000627	NT=label free sample;AC=MS:1002038	NT=orbitrap fusion;AC=MS:1002416	NT=Phospho;AC=UNIMOD:21;TA=S,T,Y;MT=Variable	not applicable	not available	dithiothreitol (dtt)	1	1	WT_RIGI_3p10l_Ub10_60_20201223_104655.raw	ftp://ftp.pride.ebi.ac.uk/pride/data/archive/2022/08/PXD031831/WT_RIGI_3p10l_Ub10_60_20201223_104655.raw	v1.1.0	NT=ms-proteomics;VV=v1.1.0	manual curation	Fibroblast
WT_RIGI_300_20210517_033835	homo sapiens	Fibroblast	not applicable	syndrome	1	WT_RIGI_300_20210517_033835	proteomic profiling by mass spectrometry	NT=Data-dependent acquisition;AC=PRIDE:0000627	NT=label free sample;AC=MS:1002038	NT=orbitrap fusion;AC=MS:1002416	NT=Phospho;AC=UNIMOD:21;TA=S,T,Y;MT=Variable	not applicable	not available	dithiothreitol (dtt)	1	1	WT_RIGI_300_20210517_033835.raw	ftp://ftp.pride.ebi.ac.uk/pride/data/archive/2022/08/PXD031831/WT_RIGI_300_20210517_033835.raw	v1.1.0	NT=ms-proteomics;VV=v1.1.0	manual curation	Fibroblast
Q517H_RIGI_Cap210l_Ub10_10_20201214_221317	homo sapiens	Fibroblast	not applicable	syndrome	1	Q517H_RIGI_Cap210l_Ub10_10_20201214_221317	proteomic profiling by mass spectrometry	NT=Data-dependent acquisition;AC=PRIDE:0000627	NT=label free sample;AC=MS:1002038	NT=orbitrap fusion;AC=MS:1002416	NT=Phospho;AC=UNIMOD:21;TA=S,T,Y;MT=Variable	not applicable	not available	dithiothreitol (dtt)	1	1	Q517H_RIGI_Cap210l_Ub10_10_20201214_221317.raw	ftp://ftp.pride.ebi.ac.uk/pride/data/archive/2022/08/PXD031831/Q517H_RIGI_Cap210l_Ub10_10_20201214_221317.raw	v1.1.0	NT=ms-proteomics;VV=v1.1.0	manual curation	Fibroblast
WT_RIGI_900_20210517_055610	homo sapiens	Fibroblast	not applicable	syndrome	1	WT_RIGI_900_20210517_055610	proteomic profiling by mass spectrometry	NT=Data-dependent acquisition;AC=PRIDE:0000627	NT=label free sample;AC=MS:1002038	NT=orbitrap fusion;AC=MS:1002416	NT=Phospho;AC=UNIMOD:21;TA=S,T,Y;MT=Variable	not applicable	not available	dithiothreitol (dtt)	1	1	WT_RIGI_900_20210517_055610.raw	ftp://ftp.pride.ebi.ac.uk/pride/data/archive/2022/08/PXD031831/WT_RIGI_900_20210517_055610.raw	v1.1.0	NT=ms-proteomics;VV=v1.1.0	manual curation	Fibroblast
WT_RIGI_apo_10_20201222_191726	homo sapiens	Fibroblast	not applicable	syndrome	1	WT_RIGI_apo_10_20201222_191726	proteomic profiling by mass spectrometry	NT=Data-dependent acquisition;AC=PRIDE:0000627	NT=label free sample;AC=MS:1002038	NT=orbitrap fusion;AC=MS:1002416	NT=Phospho;AC=UNIMOD:21;TA=S,T,Y;MT=Variable	not applicable	not available	dithiothreitol (dtt)	1	1	WT_RIGI_apo_10_20201222_191726.raw	ftp://ftp.pride.ebi.ac.uk/pride/data/archive/2022/08/PXD031831/WT_RIGI_apo_10_20201222_191726.raw	v1.1.0	NT=ms-proteomics;VV=v1.1.0	manual curation	Fibroblast
E510V_RIGI_60_20210517_161918	homo sapiens	Fibroblast	not applicable	syndrome	1	E510V_RIGI_60_20210517_161918	proteomic profiling by mass spectrometry	NT=Data-dependent acquisition;AC=PRIDE:0000627	NT=label free sample;AC=MS:1002038	NT=orbitrap fusion;AC=MS:1002416	NT=Phospho;AC=UNIMOD:21;TA=S,T,Y;MT=Variable	not applicable	not available	dithiothreitol (dtt)	1	1	E510V_RIGI_60_20210517_161918.raw	ftp://ftp.pride.ebi.ac.uk/pride/data/archive/2022/08/PXD031831/E510V_RIGI_60_20210517_161918.raw	v1.1.0	NT=ms-proteomics;VV=v1.1.0	manual curation	Fibroblast
WT_RIGI_60_20210517_005514	homo sapiens	Fibroblast	not applicable	syndrome	1	WT_RIGI_60_20210517_005514	proteomic profiling by mass spectrometry	NT=Data-dependent acquisition;AC=PRIDE:0000627	NT=label free sample;AC=MS:1002038	NT=orbitrap fusion;AC=MS:1002416	NT=Phospho;AC=UNIMOD:21;TA=S,T,Y;MT=Variable	not applicable	not available	dithiothreitol (dtt)	1	1	WT_RIGI_60_20210517_005514.raw	ftp://ftp.pride.ebi.ac.uk/pride/data/archive/2022/08/PXD031831/WT_RIGI_60_20210517_005514.raw	v1.1.0	NT=ms-proteomics;VV=v1.1.0	manual curation	Fibroblast
Q517H_RIGI_Cap210l_Ub10_60_20201214_225311	homo sapiens	Fibroblast	not applicable	syndrome	1	Q517H_RIGI_Cap210l_Ub10_60_20201214_225311	proteomic profiling by mass spectrometry	NT=Data-dependent acquisition;AC=PRIDE:0000627	NT=label free sample;AC=MS:1002038	NT=orbitrap fusion;AC=MS:1002416	NT=Phospho;AC=UNIMOD:21;TA=S,T,Y;MT=Variable	not applicable	not available	dithiothreitol (dtt)	1	1	Q517H_RIGI_Cap210l_Ub10_60_20201214_225311.raw	ftp://ftp.pride.ebi.ac.uk/pride/data/archive/2022/08/PXD031831/Q517H_RIGI_Cap210l_Ub10_60_20201214_225311.raw	v1.1.0	NT=ms-proteomics;VV=v1.1.0	manual curation	Fibroblast
Q517H_RIGI_Cap210l_300_20201214_133711	homo sapiens	Fibroblast	not applicable	syndrome	1	Q517H_RIGI_Cap210l_300_20201214_133711	proteomic profiling by mass spectrometry	NT=Data-dependent acquisition;AC=PRIDE:0000627	NT=label free sample;AC=MS:1002038	NT=orbitrap fusion;AC=MS:1002416	NT=Phospho;AC=UNIMOD:21;TA=S,T,Y;MT=Variable	not applicable	not available	dithiothreitol (dtt)	1	1	Q517H_RIGI_Cap210l_300_20201214_133711.raw	ftp://ftp.pride.ebi.ac.uk/pride/data/archive/2022/08/PXD031831/Q517H_RIGI_Cap210l_300_20201214_133711.raw	v1.1.0	NT=ms-proteomics;VV=v1.1.0	manual curation	Fibroblast
WT_RIGI_900_20210517_044629	homo sapiens	Fibroblast	not applicable	syndrome	1	WT_RIGI_900_20210517_044629	proteomic profiling by mass spectrometry	NT=Data-dependent acquisition;AC=PRIDE:0000627	NT=label free sample;AC=MS:1002038	NT=orbitrap fusion;AC=MS:1002416	NT=Phospho;AC=UNIMOD:21;TA=S,T,Y;MT=Variable	not applicable	not available	dithiothreitol (dtt)	1	1	WT_RIGI_900_20210517_044629.raw	ftp://ftp.pride.ebi.ac.uk/pride/data/archive/2022/08/PXD031831/WT_RIGI_900_20210517_044629.raw	v1.1.0	NT=ms-proteomics;VV=v1.1.0	manual curation	Fibroblast
E510V_3p_Ub9_60_20210410_105410	homo sapiens	Fibroblast	not applicable	syndrome	1	E510V_3p_Ub9_60_20210410_105410	proteomic profiling by mass spectrometry	NT=Data-dependent acquisition;AC=PRIDE:0000627	NT=label free sample;AC=MS:1002038	NT=orbitrap fusion;AC=MS:1002416	NT=Phospho;AC=UNIMOD:21;TA=S,T,Y;MT=Variable	not applicable	not available	dithiothreitol (dtt)	1	1	E510V_3p_Ub9_60_20210410_105410.raw	ftp://ftp.pride.ebi.ac.uk/pride/data/archive/2022/08/PXD031831/E510V_3p_Ub9_60_20210410_105410.raw	v1.1.0	NT=ms-proteomics;VV=v1.1.0	manual curation	Fibroblast
WT_RIGI_Cap210l_10_20201223_043401	homo sapiens	Fibroblast	not applicable	syndrome	1	WT_RIGI_Cap210l_10_20201223_043401	proteomic profiling by mass spectrometry	NT=Data-dependent acquisition;AC=PRIDE:0000627	NT=label free sample;AC=MS:1002038	NT=orbitrap fusion;AC=MS:1002416	NT=Phospho;AC=UNIMOD:21;TA=S,T,Y;MT=Variable	not applicable	not available	dithiothreitol (dtt)	1	1	WT_RIGI_Cap210l_10_20201223_043401.raw	ftp://ftp.pride.ebi.ac.uk/pride/data/archive/2022/08/PXD031831/WT_RIGI_Cap210l_10_20201223_043401.raw	v1.1.0	NT=ms-proteomics;VV=v1.1.0	manual curation	Fibroblast
WT_RIGI_300_20210517_031753	homo sapiens	Fibroblast	not applicable	syndrome	1	WT_RIGI_300_20210517_031753	proteomic profiling by mass spectrometry	NT=Data-dependent acquisition;AC=PRIDE:0000627	NT=label free sample;AC=MS:1002038	NT=orbitrap fusion;AC=MS:1002416	NT=Phospho;AC=UNIMOD:21;TA=S,T,Y;MT=Variable	not applicable	not available	dithiothreitol (dtt)	1	1	WT_RIGI_300_20210517_031753.raw	ftp://ftp.pride.ebi.ac.uk/pride/data/archive/2022/08/PXD031831/WT_RIGI_300_20210517_031753.raw	v1.1.0	NT=ms-proteomics;VV=v1.1.0	manual curation	Fibroblast
WT_RIGI_3p10l_10_20201222_234555	homo sapiens	Fibroblast	not applicable	syndrome	1	WT_RIGI_3p10l_10_20201222_234555	proteomic profiling by mass spectrometry	NT=Data-dependent acquisition;AC=PRIDE:0000627	NT=label free sample;AC=MS:1002038	NT=orbitrap fusion;AC=MS:1002416	NT=Phospho;AC=UNIMOD:21;TA=S,T,Y;MT=Variable	not applicable	not available	dithiothreitol (dtt)	1	1	WT_RIGI_3p10l_10_20201222_234555.raw	ftp://ftp.pride.ebi.ac.uk/pride/data/archive/2022/08/PXD031831/WT_RIGI_3p10l_10_20201222_234555.raw	v1.1.0	NT=ms-proteomics;VV=v1.1.0	manual curation	Fibroblast
Q517H_RIGI_apo_900_20201214_053243	homo sapiens	Fibroblast	not applicable	syndrome	1	Q517H_RIGI_apo_900_20201214_053243	proteomic profiling by mass spectrometry	NT=Data-dependent acquisition;AC=PRIDE:0000627	NT=label free sample;AC=MS:1002038	NT=orbitrap fusion;AC=MS:1002416	NT=Phospho;AC=UNIMOD:21;TA=S,T,Y;MT=Variable	not applicable	not available	dithiothreitol (dtt)	1	1	Q517H_RIGI_apo_900_20201214_053243.raw	ftp://ftp.pride.ebi.ac.uk/pride/data/archive/2022/08/PXD031831/Q517H_RIGI_apo_900_20201214_053243.raw	v1.1.0	NT=ms-proteomics;VV=v1.1.0	manual curation	Fibroblast
WT_RIGI_3p10l_Ub10_300_20201223_115112	homo sapiens	Fibroblast	not applicable	syndrome	1	WT_RIGI_3p10l_Ub10_300_20201223_115112	proteomic profiling by mass spectrometry	NT=Data-dependent acquisition;AC=PRIDE:0000627	NT=label free sample;AC=MS:1002038	NT=orbitrap fusion;AC=MS:1002416	NT=Phospho;AC=UNIMOD:21;TA=S,T,Y;MT=Variable	not applicable	not available	dithiothreitol (dtt)	1	1	WT_RIGI_3p10l_Ub10_300_20201223_115112.raw	ftp://ftp.pride.ebi.ac.uk/pride/data/archive/2022/08/PXD031831/WT_RIGI_3p10l_Ub10_300_20201223_115112.raw	v1.1.0	NT=ms-proteomics;VV=v1.1.0	manual curation	Fibroblast
E510V_10_20210409_040444	homo sapiens	Fibroblast	not applicable	syndrome	1	E510V_10_20210409_040444	proteomic profiling by mass spectrometry	NT=Data-dependent acquisition;AC=PRIDE:0000627	NT=label free sample;AC=MS:1002038	NT=orbitrap fusion;AC=MS:1002416	NT=Phospho;AC=UNIMOD:21;TA=S,T,Y;MT=Variable	not applicable	not available	dithiothreitol (dtt)	1	1	E510V_10_20210409_040444.raw	ftp://ftp.pride.ebi.ac.uk/pride/data/archive/2022/08/PXD031831/E510V_10_20210409_040444.raw	v1.1.0	NT=ms-proteomics;VV=v1.1.0	manual curation	Fibroblast
WT_RIGI_Cap210l_300_20201223_070807	homo sapiens	Fibroblast	not applicable	syndrome	1	WT_RIGI_Cap210l_300_20201223_070807	proteomic profiling by mass spectrometry	NT=Data-dependent acquisition;AC=PRIDE:0000627	NT=label free sample;AC=MS:1002038	NT=orbitrap fusion;AC=MS:1002416	NT=Phospho;AC=UNIMOD:21;TA=S,T,Y;MT=Variable	not applicable	not available	dithiothreitol (dtt)	1	1	WT_RIGI_Cap210l_300_20201223_070807.raw	ftp://ftp.pride.ebi.ac.uk/pride/data/archive/2022/08/PXD031831/WT_RIGI_Cap210l_300_20201223_070807.raw	v1.1.0	NT=ms-proteomics;VV=v1.1.0	manual curation	Fibroblast
E510V_3p_Ub9_60_20210410_111118	homo sapiens	Fibroblast	not applicable	syndrome	1	E510V_3p_Ub9_60_20210410_111118	proteomic profiling by mass spectrometry	NT=Data-dependent acquisition;AC=PRIDE:0000627	NT=label free sample;AC=MS:1002038	NT=orbitrap fusion;AC=MS:1002416	NT=Phospho;AC=UNIMOD:21;TA=S,T,Y;MT=Variable	not applicable	not available	dithiothreitol (dtt)	1	1	E510V_3p_Ub9_60_20210410_111118.raw	ftp://ftp.pride.ebi.ac.uk/pride/data/archive/2022/08/PXD031831/E510V_3p_Ub9_60_20210410_111118.raw	v1.1.0	NT=ms-proteomics;VV=v1.1.0	manual curation	Fibroblast
E510V_3p10l_10_20210410_002826	homo sapiens	Fibroblast	not applicable	syndrome	1	E510V_3p10l_10_20210410_002826	proteomic profiling by mass spectrometry	NT=Data-dependent acquisition;AC=PRIDE:0000627	NT=label free sample;AC=MS:1002038	NT=orbitrap fusion;AC=MS:1002416	NT=Phospho;AC=UNIMOD:21;TA=S,T,Y;MT=Variable	not applicable	not available	dithiothreitol (dtt)	1	1	E510V_3p10l_10_20210410_002826.raw	ftp://ftp.pride.ebi.ac.uk/pride/data/archive/2022/08/PXD031831/E510V_3p10l_10_20210410_002826.raw	v1.1.0	NT=ms-proteomics;VV=v1.1.0	manual curation	Fibroblast
E510V_3p10l_60_20210410_011752	homo sapiens	Fibroblast	not applicable	syndrome	1	E510V_3p10l_60_20210410_011752	proteomic profiling by mass spectrometry	NT=Data-dependent acquisition;AC=PRIDE:0000627	NT=label free sample;AC=MS:1002038	NT=orbitrap fusion;AC=MS:1002416	NT=Phospho;AC=UNIMOD:21;TA=S,T,Y;MT=Variable	not applicable	not available	dithiothreitol (dtt)	1	1	E510V_3p10l_60_20210410_011752.raw	ftp://ftp.pride.ebi.ac.uk/pride/data/archive/2022/08/PXD031831/E510V_3p10l_60_20210410_011752.raw	v1.1.0	NT=ms-proteomics;VV=v1.1.0	manual curation	Fibroblast
WT_RIGI_Cap210l_Ub10_60_20201223_161419	homo sapiens	Fibroblast	not applicable	syndrome	1	WT_RIGI_Cap210l_Ub10_60_20201223_161419	proteomic profiling by mass spectrometry	NT=Data-dependent acquisition;AC=PRIDE:0000627	NT=label free sample;AC=MS:1002038	NT=orbitrap fusion;AC=MS:1002416	NT=Phospho;AC=UNIMOD:21;TA=S,T,Y;MT=Variable	not applicable	not available	dithiothreitol (dtt)	1	1	WT_RIGI_Cap210l_Ub10_60_20201223_161419.raw	ftp://ftp.pride.ebi.ac.uk/pride/data/archive/2022/08/PXD031831/WT_RIGI_Cap210l_Ub10_60_20201223_161419.raw	v1.1.0	NT=ms-proteomics;VV=v1.1.0	manual curation	Fibroblast
WT_RIGI_3p10l_Ub10_900_20201223_132026	homo sapiens	Fibroblast	not applicable	syndrome	1	WT_RIGI_3p10l_Ub10_900_20201223_132026	proteomic profiling by mass spectrometry	NT=Data-dependent acquisition;AC=PRIDE:0000627	NT=label free sample;AC=MS:1002038	NT=orbitrap fusion;AC=MS:1002416	NT=Phospho;AC=UNIMOD:21;TA=S,T,Y;MT=Variable	not applicable	not available	dithiothreitol (dtt)	1	1	WT_RIGI_3p10l_Ub10_900_20201223_132026.raw	ftp://ftp.pride.ebi.ac.uk/pride/data/archive/2022/08/PXD031831/WT_RIGI_3p10l_Ub10_900_20201223_132026.raw	v1.1.0	NT=ms-proteomics;VV=v1.1.0	manual curation	Fibroblast
E510V_Cap2_300_20210410_073446	homo sapiens	Fibroblast	not applicable	syndrome	1	E510V_Cap2_300_20210410_073446	proteomic profiling by mass spectrometry	NT=Data-dependent acquisition;AC=PRIDE:0000627	NT=label free sample;AC=MS:1002038	NT=orbitrap fusion;AC=MS:1002416	NT=Phospho;AC=UNIMOD:21;TA=S,T,Y;MT=Variable	not applicable	not available	dithiothreitol (dtt)	1	1	E510V_Cap2_300_20210410_073446.raw	ftp://ftp.pride.ebi.ac.uk/pride/data/archive/2022/08/PXD031831/E510V_Cap2_300_20210410_073446.raw	v1.1.0	NT=ms-proteomics;VV=v1.1.0	manual curation	Fibroblast
Q517H_RIGI_apo_60_20201214_025202	homo sapiens	Fibroblast	not applicable	syndrome	1	Q517H_RIGI_apo_60_20201214_025202	proteomic profiling by mass spectrometry	NT=Data-dependent acquisition;AC=PRIDE:0000627	NT=label free sample;AC=MS:1002038	NT=orbitrap fusion;AC=MS:1002416	NT=Phospho;AC=UNIMOD:21;TA=S,T,Y;MT=Variable	not applicable	not available	dithiothreitol (dtt)	1	1	Q517H_RIGI_apo_60_20201214_025202.raw	ftp://ftp.pride.ebi.ac.uk/pride/data/archive/2022/08/PXD031831/Q517H_RIGI_apo_60_20201214_025202.raw	v1.1.0	NT=ms-proteomics;VV=v1.1.0	manual curation	Fibroblast
Q517H_RIGI_Cap210l_Ub10_900_20201215_022113	homo sapiens	Fibroblast	not applicable	syndrome	1	Q517H_RIGI_Cap210l_Ub10_900_20201215_022113	proteomic profiling by mass spectrometry	NT=Data-dependent acquisition;AC=PRIDE:0000627	NT=label free sample;AC=MS:1002038	NT=orbitrap fusion;AC=MS:1002416	NT=Phospho;AC=UNIMOD:21;TA=S,T,Y;MT=Variable	not applicable	not available	dithiothreitol (dtt)	1	1	Q517H_RIGI_Cap210l_Ub10_900_20201215_022113.raw	ftp://ftp.pride.ebi.ac.uk/pride/data/archive/2022/08/PXD031831/Q517H_RIGI_Cap210l_Ub10_900_20201215_022113.raw	v1.1.0	NT=ms-proteomics;VV=v1.1.0	manual curation	Fibroblast
WT_RIGI_10_20210516_234718	homo sapiens	Fibroblast	not applicable	syndrome	1	WT_RIGI_10_20210516_234718	proteomic profiling by mass spectrometry	NT=Data-dependent acquisition;AC=PRIDE:0000627	NT=label free sample;AC=MS:1002038	NT=orbitrap fusion;AC=MS:1002416	NT=Phospho;AC=UNIMOD:21;TA=S,T,Y;MT=Variable	not applicable	not available	dithiothreitol (dtt)	1	1	WT_RIGI_10_20210516_234718.raw	ftp://ftp.pride.ebi.ac.uk/pride/data/archive/2022/08/PXD031831/WT_RIGI_10_20210516_234718.raw	v1.1.0	NT=ms-proteomics;VV=v1.1.0	manual curation	Fibroblast
E510V_Cap2_300_20210410_071336	homo sapiens	Fibroblast	not applicable	syndrome	1	E510V_Cap2_300_20210410_071336	proteomic profiling by mass spectrometry	NT=Data-dependent acquisition;AC=PRIDE:0000627	NT=label free sample;AC=MS:1002038	NT=orbitrap fusion;AC=MS:1002416	NT=Phospho;AC=UNIMOD:21;TA=S,T,Y;MT=Variable	not applicable	not available	dithiothreitol (dtt)	1	1	E510V_Cap2_300_20210410_071336.raw	ftp://ftp.pride.ebi.ac.uk/pride/data/archive/2022/08/PXD031831/E510V_Cap2_300_20210410_071336.raw	v1.1.0	NT=ms-proteomics;VV=v1.1.0	manual curation	Fibroblast
Q517H_RIGI_Cap210l_Ub10_10_20201214_223252	homo sapiens	Fibroblast	not applicable	syndrome	1	Q517H_RIGI_Cap210l_Ub10_10_20201214_223252	proteomic profiling by mass spectrometry	NT=Data-dependent acquisition;AC=PRIDE:0000627	NT=label free sample;AC=MS:1002038	NT=orbitrap fusion;AC=MS:1002416	NT=Phospho;AC=UNIMOD:21;TA=S,T,Y;MT=Variable	not applicable	not available	dithiothreitol (dtt)	1	1	Q517H_RIGI_Cap210l_Ub10_10_20201214_223252.raw	ftp://ftp.pride.ebi.ac.uk/pride/data/archive/2022/08/PXD031831/Q517H_RIGI_Cap210l_Ub10_10_20201214_223252.raw	v1.1.0	NT=ms-proteomics;VV=v1.1.0	manual curation	Fibroblast
Q517H_RIGI_3p10l_10_20201214_062002	homo sapiens	Fibroblast	not applicable	syndrome	1	Q517H_RIGI_3p10l_10_20201214_062002	proteomic profiling by mass spectrometry	NT=Data-dependent acquisition;AC=PRIDE:0000627	NT=label free sample;AC=MS:1002038	NT=orbitrap fusion;AC=MS:1002416	NT=Phospho;AC=UNIMOD:21;TA=S,T,Y;MT=Variable	not applicable	not available	dithiothreitol (dtt)	1	1	Q517H_RIGI_3p10l_10_20201214_062002.raw	ftp://ftp.pride.ebi.ac.uk/pride/data/archive/2022/08/PXD031831/Q517H_RIGI_3p10l_10_20201214_062002.raw	v1.1.0	NT=ms-proteomics;VV=v1.1.0	manual curation	Fibroblast
WT_RIGI_Cap210l_60_20201223_060009	homo sapiens	Fibroblast	not applicable	syndrome	1	WT_RIGI_Cap210l_60_20201223_060009	proteomic profiling by mass spectrometry	NT=Data-dependent acquisition;AC=PRIDE:0000627	NT=label free sample;AC=MS:1002038	NT=orbitrap fusion;AC=MS:1002416	NT=Phospho;AC=UNIMOD:21;TA=S,T,Y;MT=Variable	not applicable	not available	dithiothreitol (dtt)	1	1	WT_RIGI_Cap210l_60_20201223_060009.raw	ftp://ftp.pride.ebi.ac.uk/pride/data/archive/2022/08/PXD031831/WT_RIGI_Cap210l_60_20201223_060009.raw	v1.1.0	NT=ms-proteomics;VV=v1.1.0	manual curation	Fibroblast
Q517H_RIGI_Cap210l_Ub10_60_20201214_231332	homo sapiens	Fibroblast	not applicable	syndrome	1	Q517H_RIGI_Cap210l_Ub10_60_20201214_231332	proteomic profiling by mass spectrometry	NT=Data-dependent acquisition;AC=PRIDE:0000627	NT=label free sample;AC=MS:1002038	NT=orbitrap fusion;AC=MS:1002416	NT=Phospho;AC=UNIMOD:21;TA=S,T,Y;MT=Variable	not applicable	not available	dithiothreitol (dtt)	1	1	Q517H_RIGI_Cap210l_Ub10_60_20201214_231332.raw	ftp://ftp.pride.ebi.ac.uk/pride/data/archive/2022/08/PXD031831/Q517H_RIGI_Cap210l_Ub10_60_20201214_231332.raw	v1.1.0	NT=ms-proteomics;VV=v1.1.0	manual curation	Fibroblast
WT_RIGI_Cap210l_Ub10_300_20201224_035833	homo sapiens	Fibroblast	not applicable	syndrome	1	WT_RIGI_Cap210l_Ub10_300_20201224_035833	proteomic profiling by mass spectrometry	NT=Data-dependent acquisition;AC=PRIDE:0000627	NT=label free sample;AC=MS:1002038	NT=orbitrap fusion;AC=MS:1002416	NT=Phospho;AC=UNIMOD:21;TA=S,T,Y;MT=Variable	not applicable	not available	dithiothreitol (dtt)	1	1	WT_RIGI_Cap210l_Ub10_300_20201224_035833.raw	ftp://ftp.pride.ebi.ac.uk/pride/data/archive/2022/08/PXD031831/WT_RIGI_Cap210l_Ub10_300_20201224_035833.raw	v1.1.0	NT=ms-proteomics;VV=v1.1.0	manual curation	Fibroblast
WT_RIGI_Cap210l_300_20201223_073208	homo sapiens	Fibroblast	not applicable	syndrome	1	WT_RIGI_Cap210l_300_20201223_073208	proteomic profiling by mass spectrometry	NT=Data-dependent acquisition;AC=PRIDE:0000627	NT=label free sample;AC=MS:1002038	NT=orbitrap fusion;AC=MS:1002416	NT=Phospho;AC=UNIMOD:21;TA=S,T,Y;MT=Variable	not applicable	not available	dithiothreitol (dtt)	1	1	WT_RIGI_Cap210l_300_20201223_073208.raw	ftp://ftp.pride.ebi.ac.uk/pride/data/archive/2022/08/PXD031831/WT_RIGI_Cap210l_300_20201223_073208.raw	v1.1.0	NT=ms-proteomics;VV=v1.1.0	manual curation	Fibroblast
WT_RIGI_apo_0_20201222_175946	homo sapiens	Fibroblast	not applicable	syndrome	1	WT_RIGI_apo_0_20201222_175946	proteomic profiling by mass spectrometry	NT=Data-dependent acquisition;AC=PRIDE:0000627	NT=label free sample;AC=MS:1002038	NT=orbitrap fusion;AC=MS:1002416	NT=Phospho;AC=UNIMOD:21;TA=S,T,Y;MT=Variable	not applicable	not available	dithiothreitol (dtt)	1	1	WT_RIGI_apo_0_20201222_175946.raw	ftp://ftp.pride.ebi.ac.uk/pride/data/archive/2022/08/PXD031831/WT_RIGI_apo_0_20201222_175946.raw	v1.1.0	NT=ms-proteomics;VV=v1.1.0	manual curation	Fibroblast
Q517H_RIGI_Cap210l_Ub10_300_20201215_005117	homo sapiens	Fibroblast	not applicable	syndrome	1	Q517H_RIGI_Cap210l_Ub10_300_20201215_005117	proteomic profiling by mass spectrometry	NT=Data-dependent acquisition;AC=PRIDE:0000627	NT=label free sample;AC=MS:1002038	NT=orbitrap fusion;AC=MS:1002416	NT=Phospho;AC=UNIMOD:21;TA=S,T,Y;MT=Variable	not applicable	not available	dithiothreitol (dtt)	1	1	Q517H_RIGI_Cap210l_Ub10_300_20201215_005117.raw	ftp://ftp.pride.ebi.ac.uk/pride/data/archive/2022/08/PXD031831/Q517H_RIGI_Cap210l_Ub10_300_20201215_005117.raw	v1.1.0	NT=ms-proteomics;VV=v1.1.0	manual curation	Fibroblast
WT_RIGI_apo_10_20201222_185751	homo sapiens	Fibroblast	not applicable	syndrome	1	WT_RIGI_apo_10_20201222_185751	proteomic profiling by mass spectrometry	NT=Data-dependent acquisition;AC=PRIDE:0000627	NT=label free sample;AC=MS:1002038	NT=orbitrap fusion;AC=MS:1002416	NT=Phospho;AC=UNIMOD:21;TA=S,T,Y;MT=Variable	not applicable	not available	dithiothreitol (dtt)	1	1	WT_RIGI_apo_10_20201222_185751.raw	ftp://ftp.pride.ebi.ac.uk/pride/data/archive/2022/08/PXD031831/WT_RIGI_apo_10_20201222_185751.raw	v1.1.0	NT=ms-proteomics;VV=v1.1.0	manual curation	Fibroblast
Q517H_RIGI_apo_300_20201214_043056	homo sapiens	Fibroblast	not applicable	syndrome	1	Q517H_RIGI_apo_300_20201214_043056	proteomic profiling by mass spectrometry	NT=Data-dependent acquisition;AC=PRIDE:0000627	NT=label free sample;AC=MS:1002038	NT=orbitrap fusion;AC=MS:1002416	NT=Phospho;AC=UNIMOD:21;TA=S,T,Y;MT=Variable	not applicable	not available	dithiothreitol (dtt)	1	1	Q517H_RIGI_apo_300_20201214_043056.raw	ftp://ftp.pride.ebi.ac.uk/pride/data/archive/2022/08/PXD031831/Q517H_RIGI_apo_300_20201214_043056.raw	v1.1.0	NT=ms-proteomics;VV=v1.1.0	manual curation	Fibroblast
E510V_Cap2_Ub9_900_20210410_184407	homo sapiens	Fibroblast	not applicable	syndrome	1	E510V_Cap2_Ub9_900_20210410_184407	proteomic profiling by mass spectrometry	NT=Data-dependent acquisition;AC=PRIDE:0000627	NT=label free sample;AC=MS:1002038	NT=orbitrap fusion;AC=MS:1002416	NT=Phospho;AC=UNIMOD:21;TA=S,T,Y;MT=Variable	not applicable	not available	dithiothreitol (dtt)	1	1	E510V_Cap2_Ub9_900_20210410_184407.raw	ftp://ftp.pride.ebi.ac.uk/pride/data/archive/2022/08/PXD031831/E510V_Cap2_Ub9_900_20210410_184407.raw	v1.1.0	NT=ms-proteomics;VV=v1.1.0	manual curation	Fibroblast
Q517H_RIGI_apo_10_20201214_021138	homo sapiens	Fibroblast	not applicable	syndrome	1	Q517H_RIGI_apo_10_20201214_021138	proteomic profiling by mass spectrometry	NT=Data-dependent acquisition;AC=PRIDE:0000627	NT=label free sample;AC=MS:1002038	NT=orbitrap fusion;AC=MS:1002416	NT=Phospho;AC=UNIMOD:21;TA=S,T,Y;MT=Variable	not applicable	not available	dithiothreitol (dtt)	1	1	Q517H_RIGI_apo_10_20201214_021138.raw	ftp://ftp.pride.ebi.ac.uk/pride/data/archive/2022/08/PXD031831/Q517H_RIGI_apo_10_20201214_021138.raw	v1.1.0	NT=ms-proteomics;VV=v1.1.0	manual curation	Fibroblast
E510V_Cap2_Ub9_300_20210410_181322	homo sapiens	Fibroblast	not applicable	syndrome	1	E510V_Cap2_Ub9_300_20210410_181322	proteomic profiling by mass spectrometry	NT=Data-dependent acquisition;AC=PRIDE:0000627	NT=label free sample;AC=MS:1002038	NT=orbitrap fusion;AC=MS:1002416	NT=Phospho;AC=UNIMOD:21;TA=S,T,Y;MT=Variable	not applicable	not available	dithiothreitol (dtt)	1	1	E510V_Cap2_Ub9_300_20210410_181322.raw	ftp://ftp.pride.ebi.ac.uk/pride/data/archive/2022/08/PXD031831/E510V_Cap2_Ub9_300_20210410_181322.raw	v1.1.0	NT=ms-proteomics;VV=v1.1.0	manual curation	Fibroblast
Q517H_RIGI_3p10l_Ub10_900_20201214_211455	homo sapiens	Fibroblast	not applicable	syndrome	1	Q517H_RIGI_3p10l_Ub10_900_20201214_211455	proteomic profiling by mass spectrometry	NT=Data-dependent acquisition;AC=PRIDE:0000627	NT=label free sample;AC=MS:1002038	NT=orbitrap fusion;AC=MS:1002416	NT=Phospho;AC=UNIMOD:21;TA=S,T,Y;MT=Variable	not applicable	not available	dithiothreitol (dtt)	1	1	Q517H_RIGI_3p10l_Ub10_900_20201214_211455.raw	ftp://ftp.pride.ebi.ac.uk/pride/data/archive/2022/08/PXD031831/Q517H_RIGI_3p10l_Ub10_900_20201214_211455.raw	v1.1.0	NT=ms-proteomics;VV=v1.1.0	manual curation	Fibroblast
Q517H_RIGI_Cap210l_300_20201214_142517	homo sapiens	Fibroblast	not applicable	syndrome	1	Q517H_RIGI_Cap210l_300_20201214_142517	proteomic profiling by mass spectrometry	NT=Data-dependent acquisition;AC=PRIDE:0000627	NT=label free sample;AC=MS:1002038	NT=orbitrap fusion;AC=MS:1002416	NT=Phospho;AC=UNIMOD:21;TA=S,T,Y;MT=Variable	not applicable	not available	dithiothreitol (dtt)	1	1	Q517H_RIGI_Cap210l_300_20201214_142517.raw	ftp://ftp.pride.ebi.ac.uk/pride/data/archive/2022/08/PXD031831/Q517H_RIGI_Cap210l_300_20201214_142517.raw	v1.1.0	NT=ms-proteomics;VV=v1.1.0	manual curation	Fibroblast
WT_RIGI_Cap210l_Ub10_10_20201223_153349	homo sapiens	Fibroblast	not applicable	syndrome	1	WT_RIGI_Cap210l_Ub10_10_20201223_153349	proteomic profiling by mass spectrometry	NT=Data-dependent acquisition;AC=PRIDE:0000627	NT=label free sample;AC=MS:1002038	NT=orbitrap fusion;AC=MS:1002416	NT=Phospho;AC=UNIMOD:21;TA=S,T,Y;MT=Variable	not applicable	not available	dithiothreitol (dtt)	1	1	WT_RIGI_Cap210l_Ub10_10_20201223_153349.raw	ftp://ftp.pride.ebi.ac.uk/pride/data/archive/2022/08/PXD031831/WT_RIGI_Cap210l_Ub10_10_20201223_153349.raw	v1.1.0	NT=ms-proteomics;VV=v1.1.0	manual curation	Fibroblast
Q517H_RIGI_3p10l_60_20201214_074641	homo sapiens	Fibroblast	not applicable	syndrome	1	Q517H_RIGI_3p10l_60_20201214_074641	proteomic profiling by mass spectrometry	NT=Data-dependent acquisition;AC=PRIDE:0000627	NT=label free sample;AC=MS:1002038	NT=orbitrap fusion;AC=MS:1002416	NT=Phospho;AC=UNIMOD:21;TA=S,T,Y;MT=Variable	not applicable	not available	dithiothreitol (dtt)	1	1	Q517H_RIGI_3p10l_60_20201214_074641.raw	ftp://ftp.pride.ebi.ac.uk/pride/data/archive/2022/08/PXD031831/Q517H_RIGI_3p10l_60_20201214_074641.raw	v1.1.0	NT=ms-proteomics;VV=v1.1.0	manual curation	Fibroblast
Q517H_RIGI_300_20210517_101438	homo sapiens	Fibroblast	not applicable	syndrome	1	Q517H_RIGI_300_20210517_101438	proteomic profiling by mass spectrometry	NT=Data-dependent acquisition;AC=PRIDE:0000627	NT=label free sample;AC=MS:1002038	NT=orbitrap fusion;AC=MS:1002416	NT=Phospho;AC=UNIMOD:21;TA=S,T,Y;MT=Variable	not applicable	not available	dithiothreitol (dtt)	1	1	Q517H_RIGI_300_20210517_101438.raw	ftp://ftp.pride.ebi.ac.uk/pride/data/archive/2022/08/PXD031831/Q517H_RIGI_300_20210517_101438.raw	v1.1.0	NT=ms-proteomics;VV=v1.1.0	manual curation	Fibroblast
Q517H_RIGI_3p10l_60_20201214_080639	homo sapiens	Fibroblast	not applicable	syndrome	1	Q517H_RIGI_3p10l_60_20201214_080639	proteomic profiling by mass spectrometry	NT=Data-dependent acquisition;AC=PRIDE:0000627	NT=label free sample;AC=MS:1002038	NT=orbitrap fusion;AC=MS:1002416	NT=Phospho;AC=UNIMOD:21;TA=S,T,Y;MT=Variable	not applicable	not available	dithiothreitol (dtt)	1	1	Q517H_RIGI_3p10l_60_20201214_080639.raw	ftp://ftp.pride.ebi.ac.uk/pride/data/archive/2022/08/PXD031831/Q517H_RIGI_3p10l_60_20201214_080639.raw	v1.1.0	NT=ms-proteomics;VV=v1.1.0	manual curation	Fibroblast
WT_RIGI_apo_60_20201222_195747	homo sapiens	Fibroblast	not applicable	syndrome	1	WT_RIGI_apo_60_20201222_195747	proteomic profiling by mass spectrometry	NT=Data-dependent acquisition;AC=PRIDE:0000627	NT=label free sample;AC=MS:1002038	NT=orbitrap fusion;AC=MS:1002416	NT=Phospho;AC=UNIMOD:21;TA=S,T,Y;MT=Variable	not applicable	not available	dithiothreitol (dtt)	1	1	WT_RIGI_apo_60_20201222_195747.raw	ftp://ftp.pride.ebi.ac.uk/pride/data/archive/2022/08/PXD031831/WT_RIGI_apo_60_20201222_195747.raw	v1.1.0	NT=ms-proteomics;VV=v1.1.0	manual curation	Fibroblast
WT_RIGI_3p10l_Ub10_10_20201223_100733	homo sapiens	Fibroblast	not applicable	syndrome	1	WT_RIGI_3p10l_Ub10_10_20201223_100733	proteomic profiling by mass spectrometry	NT=Data-dependent acquisition;AC=PRIDE:0000627	NT=label free sample;AC=MS:1002038	NT=orbitrap fusion;AC=MS:1002416	NT=Phospho;AC=UNIMOD:21;TA=S,T,Y;MT=Variable	not applicable	not available	dithiothreitol (dtt)	1	1	WT_RIGI_3p10l_Ub10_10_20201223_100733.raw	ftp://ftp.pride.ebi.ac.uk/pride/data/archive/2022/08/PXD031831/WT_RIGI_3p10l_Ub10_10_20201223_100733.raw	v1.1.0	NT=ms-proteomics;VV=v1.1.0	manual curation	Fibroblast
WT_RIGI_Cap210l_900_20201223_080620	homo sapiens	Fibroblast	not applicable	syndrome	1	WT_RIGI_Cap210l_900_20201223_080620	proteomic profiling by mass spectrometry	NT=Data-dependent acquisition;AC=PRIDE:0000627	NT=label free sample;AC=MS:1002038	NT=orbitrap fusion;AC=MS:1002416	NT=Phospho;AC=UNIMOD:21;TA=S,T,Y;MT=Variable	not applicable	not available	dithiothreitol (dtt)	1	1	WT_RIGI_Cap210l_900_20201223_080620.raw	ftp://ftp.pride.ebi.ac.uk/pride/data/archive/2022/08/PXD031831/WT_RIGI_Cap210l_900_20201223_080620.raw	v1.1.0	NT=ms-proteomics;VV=v1.1.0	manual curation	Fibroblast
Q517H_RIGI_Cap210l_Ub10_60_20201214_233941	homo sapiens	Fibroblast	not applicable	syndrome	1	Q517H_RIGI_Cap210l_Ub10_60_20201214_233941	proteomic profiling by mass spectrometry	NT=Data-dependent acquisition;AC=PRIDE:0000627	NT=label free sample;AC=MS:1002038	NT=orbitrap fusion;AC=MS:1002416	NT=Phospho;AC=UNIMOD:21;TA=S,T,Y;MT=Variable	not applicable	not available	dithiothreitol (dtt)	1	1	Q517H_RIGI_Cap210l_Ub10_60_20201214_233941.raw	ftp://ftp.pride.ebi.ac.uk/pride/data/archive/2022/08/PXD031831/Q517H_RIGI_Cap210l_Ub10_60_20201214_233941.raw	v1.1.0	NT=ms-proteomics;VV=v1.1.0	manual curation	Fibroblast
E510V_Cap2_60_20210410_063129	homo sapiens	Fibroblast	not applicable	syndrome	1	E510V_Cap2_60_20210410_063129	proteomic profiling by mass spectrometry	NT=Data-dependent acquisition;AC=PRIDE:0000627	NT=label free sample;AC=MS:1002038	NT=orbitrap fusion;AC=MS:1002416	NT=Phospho;AC=UNIMOD:21;TA=S,T,Y;MT=Variable	not applicable	not available	dithiothreitol (dtt)	1	1	E510V_Cap2_60_20210410_063129.raw	ftp://ftp.pride.ebi.ac.uk/pride/data/archive/2022/08/PXD031831/E510V_Cap2_60_20210410_063129.raw	v1.1.0	NT=ms-proteomics;VV=v1.1.0	manual curation	Fibroblast
Q517H_RIGI_Cap210l_300_20201214_140112	homo sapiens	Fibroblast	not applicable	syndrome	1	Q517H_RIGI_Cap210l_300_20201214_140112	proteomic profiling by mass spectrometry	NT=Data-dependent acquisition;AC=PRIDE:0000627	NT=label free sample;AC=MS:1002038	NT=orbitrap fusion;AC=MS:1002416	NT=Phospho;AC=UNIMOD:21;TA=S,T,Y;MT=Variable	not applicable	not available	dithiothreitol (dtt)	1	1	Q517H_RIGI_Cap210l_300_20201214_140112.raw	ftp://ftp.pride.ebi.ac.uk/pride/data/archive/2022/08/PXD031831/Q517H_RIGI_Cap210l_300_20201214_140112.raw	v1.1.0	NT=ms-proteomics;VV=v1.1.0	manual curation	Fibroblast
Q517H_RIGI_300_20210517_103522	homo sapiens	Fibroblast	not applicable	syndrome	1	Q517H_RIGI_300_20210517_103522	proteomic profiling by mass spectrometry	NT=Data-dependent acquisition;AC=PRIDE:0000627	NT=label free sample;AC=MS:1002038	NT=orbitrap fusion;AC=MS:1002416	NT=Phospho;AC=UNIMOD:21;TA=S,T,Y;MT=Variable	not applicable	not available	dithiothreitol (dtt)	1	1	Q517H_RIGI_300_20210517_103522.raw	ftp://ftp.pride.ebi.ac.uk/pride/data/archive/2022/08/PXD031831/Q517H_RIGI_300_20210517_103522.raw	v1.1.0	NT=ms-proteomics;VV=v1.1.0	manual curation	Fibroblast
WT_RIGI_60_20210517_011238	homo sapiens	Fibroblast	not applicable	syndrome	1	WT_RIGI_60_20210517_011238	proteomic profiling by mass spectrometry	NT=Data-dependent acquisition;AC=PRIDE:0000627	NT=label free sample;AC=MS:1002038	NT=orbitrap fusion;AC=MS:1002416	NT=Phospho;AC=UNIMOD:21;TA=S,T,Y;MT=Variable	not applicable	not available	dithiothreitol (dtt)	1	1	WT_RIGI_60_20210517_011238.raw	ftp://ftp.pride.ebi.ac.uk/pride/data/archive/2022/08/PXD031831/WT_RIGI_60_20210517_011238.raw	v1.1.0	NT=ms-proteomics;VV=v1.1.0	manual curation	Fibroblast
WT_RIGI_Cap210l_Ub10_900_20201224_055214	homo sapiens	Fibroblast	not applicable	syndrome	1	WT_RIGI_Cap210l_Ub10_900_20201224_055214	proteomic profiling by mass spectrometry	NT=Data-dependent acquisition;AC=PRIDE:0000627	NT=label free sample;AC=MS:1002038	NT=orbitrap fusion;AC=MS:1002416	NT=Phospho;AC=UNIMOD:21;TA=S,T,Y;MT=Variable	not applicable	not available	dithiothreitol (dtt)	1	1	WT_RIGI_Cap210l_Ub10_900_20201224_055214.raw	ftp://ftp.pride.ebi.ac.uk/pride/data/archive/2022/08/PXD031831/WT_RIGI_Cap210l_Ub10_900_20201224_055214.raw	v1.1.0	NT=ms-proteomics;VV=v1.1.0	manual curation	Fibroblast
Q517H_RIGI_Cap210l_Ub10_900_20201215_015316	homo sapiens	Fibroblast	not applicable	syndrome	1	Q517H_RIGI_Cap210l_Ub10_900_20201215_015316	proteomic profiling by mass spectrometry	NT=Data-dependent acquisition;AC=PRIDE:0000627	NT=label free sample;AC=MS:1002038	NT=orbitrap fusion;AC=MS:1002416	NT=Phospho;AC=UNIMOD:21;TA=S,T,Y;MT=Variable	not applicable	not available	dithiothreitol (dtt)	1	1	Q517H_RIGI_Cap210l_Ub10_900_20201215_015316.raw	ftp://ftp.pride.ebi.ac.uk/pride/data/archive/2022/08/PXD031831/Q517H_RIGI_Cap210l_Ub10_900_20201215_015316.raw	v1.1.0	NT=ms-proteomics;VV=v1.1.0	manual curation	Fibroblast
Q517H_RIGI_900_20210517_131343	homo sapiens	Fibroblast	not applicable	syndrome	1	Q517H_RIGI_900_20210517_131343	proteomic profiling by mass spectrometry	NT=Data-dependent acquisition;AC=PRIDE:0000627	NT=label free sample;AC=MS:1002038	NT=orbitrap fusion;AC=MS:1002416	NT=Phospho;AC=UNIMOD:21;TA=S,T,Y;MT=Variable	not applicable	not available	dithiothreitol (dtt)	1	1	Q517H_RIGI_900_20210517_131343.raw	ftp://ftp.pride.ebi.ac.uk/pride/data/archive/2022/08/PXD031831/Q517H_RIGI_900_20210517_131343.raw	v1.1.0	NT=ms-proteomics;VV=v1.1.0	manual curation	Fibroblast
E510V_RIGI_10_20210517_151226	homo sapiens	Fibroblast	not applicable	syndrome	1	E510V_RIGI_10_20210517_151226	proteomic profiling by mass spectrometry	NT=Data-dependent acquisition;AC=PRIDE:0000627	NT=label free sample;AC=MS:1002038	NT=orbitrap fusion;AC=MS:1002416	NT=Phospho;AC=UNIMOD:21;TA=S,T,Y;MT=Variable	not applicable	not available	dithiothreitol (dtt)	1	1	E510V_RIGI_10_20210517_151226.raw	ftp://ftp.pride.ebi.ac.uk/pride/data/archive/2022/08/PXD031831/E510V_RIGI_10_20210517_151226.raw	v1.1.0	NT=ms-proteomics;VV=v1.1.0	manual curation	Fibroblast
E510V_RIGI_900_20210517_190909	homo sapiens	Fibroblast	not applicable	syndrome	1	E510V_RIGI_900_20210517_190909	proteomic profiling by mass spectrometry	NT=Data-dependent acquisition;AC=PRIDE:0000627	NT=label free sample;AC=MS:1002038	NT=orbitrap fusion;AC=MS:1002416	NT=Phospho;AC=UNIMOD:21;TA=S,T,Y;MT=Variable	not applicable	not available	dithiothreitol (dtt)	1	1	E510V_RIGI_900_20210517_190909.raw	ftp://ftp.pride.ebi.ac.uk/pride/data/archive/2022/08/PXD031831/E510V_RIGI_900_20210517_190909.raw	v1.1.0	NT=ms-proteomics;VV=v1.1.0	manual curation	Fibroblast
E510V_0_20210409_025951	homo sapiens	Fibroblast	not applicable	syndrome	1	E510V_0_20210409_025951	proteomic profiling by mass spectrometry	NT=Data-dependent acquisition;AC=PRIDE:0000627	NT=label free sample;AC=MS:1002038	NT=orbitrap fusion;AC=MS:1002416	NT=Phospho;AC=UNIMOD:21;TA=S,T,Y;MT=Variable	not applicable	not available	dithiothreitol (dtt)	1	1	E510V_0_20210409_025951.raw	ftp://ftp.pride.ebi.ac.uk/pride/data/archive/2022/08/PXD031831/E510V_0_20210409_025951.raw	v1.1.0	NT=ms-proteomics;VV=v1.1.0	manual curation	Fibroblast
WT_RIGI_apo_0_20201222_181904	homo sapiens	Fibroblast	not applicable	syndrome	1	WT_RIGI_apo_0_20201222_181904	proteomic profiling by mass spectrometry	NT=Data-dependent acquisition;AC=PRIDE:0000627	NT=label free sample;AC=MS:1002038	NT=orbitrap fusion;AC=MS:1002416	NT=Phospho;AC=UNIMOD:21;TA=S,T,Y;MT=Variable	not applicable	not available	dithiothreitol (dtt)	1	1	WT_RIGI_apo_0_20201222_181904.raw	ftp://ftp.pride.ebi.ac.uk/pride/data/archive/2022/08/PXD031831/WT_RIGI_apo_0_20201222_181904.raw	v1.1.0	NT=ms-proteomics;VV=v1.1.0	manual curation	Fibroblast
WT_RIGI_3p10l_10_20201222_232624	homo sapiens	Fibroblast	not applicable	syndrome	1	WT_RIGI_3p10l_10_20201222_232624	proteomic profiling by mass spectrometry	NT=Data-dependent acquisition;AC=PRIDE:0000627	NT=label free sample;AC=MS:1002038	NT=orbitrap fusion;AC=MS:1002416	NT=Phospho;AC=UNIMOD:21;TA=S,T,Y;MT=Variable	not applicable	not available	dithiothreitol (dtt)	1	1	WT_RIGI_3p10l_10_20201222_232624.raw	ftp://ftp.pride.ebi.ac.uk/pride/data/archive/2022/08/PXD031831/WT_RIGI_3p10l_10_20201222_232624.raw	v1.1.0	NT=ms-proteomics;VV=v1.1.0	manual curation	Fibroblast
E510V_3p10l_60_20210410_015201	homo sapiens	Fibroblast	not applicable	syndrome	1	E510V_3p10l_60_20210410_015201	proteomic profiling by mass spectrometry	NT=Data-dependent acquisition;AC=PRIDE:0000627	NT=label free sample;AC=MS:1002038	NT=orbitrap fusion;AC=MS:1002416	NT=Phospho;AC=UNIMOD:21;TA=S,T,Y;MT=Variable	not applicable	not available	dithiothreitol (dtt)	1	1	E510V_3p10l_60_20210410_015201.raw	ftp://ftp.pride.ebi.ac.uk/pride/data/archive/2022/08/PXD031831/E510V_3p10l_60_20210410_015201.raw	v1.1.0	NT=ms-proteomics;VV=v1.1.0	manual curation	Fibroblast
E510V_RIGI_0_20210517_142353	homo sapiens	Fibroblast	not applicable	syndrome	1	E510V_RIGI_0_20210517_142353	proteomic profiling by mass spectrometry	NT=Data-dependent acquisition;AC=PRIDE:0000627	NT=label free sample;AC=MS:1002038	NT=orbitrap fusion;AC=MS:1002416	NT=Phospho;AC=UNIMOD:21;TA=S,T,Y;MT=Variable	not applicable	not available	dithiothreitol (dtt)	1	1	E510V_RIGI_0_20210517_142353.raw	ftp://ftp.pride.ebi.ac.uk/pride/data/archive/2022/08/PXD031831/E510V_RIGI_0_20210517_142353.raw	v1.1.0	NT=ms-proteomics;VV=v1.1.0	manual curation	Fibroblast
Q517H_RIGI_3p10l_10_20201214_065915	homo sapiens	Fibroblast	not applicable	syndrome	1	Q517H_RIGI_3p10l_10_20201214_065915	proteomic profiling by mass spectrometry	NT=Data-dependent acquisition;AC=PRIDE:0000627	NT=label free sample;AC=MS:1002038	NT=orbitrap fusion;AC=MS:1002416	NT=Phospho;AC=UNIMOD:21;TA=S,T,Y;MT=Variable	not applicable	not available	dithiothreitol (dtt)	1	1	Q517H_RIGI_3p10l_10_20201214_065915.raw	ftp://ftp.pride.ebi.ac.uk/pride/data/archive/2022/08/PXD031831/Q517H_RIGI_3p10l_10_20201214_065915.raw	v1.1.0	NT=ms-proteomics;VV=v1.1.0	manual curation	Fibroblast
E510V_Cap2_Ub9_60_20210410_154748	homo sapiens	Fibroblast	not applicable	syndrome	1	E510V_Cap2_Ub9_60_20210410_154748	proteomic profiling by mass spectrometry	NT=Data-dependent acquisition;AC=PRIDE:0000627	NT=label free sample;AC=MS:1002038	NT=orbitrap fusion;AC=MS:1002416	NT=Phospho;AC=UNIMOD:21;TA=S,T,Y;MT=Variable	not applicable	not available	dithiothreitol (dtt)	1	1	E510V_Cap2_Ub9_60_20210410_154748.raw	ftp://ftp.pride.ebi.ac.uk/pride/data/archive/2022/08/PXD031831/E510V_Cap2_Ub9_60_20210410_154748.raw	v1.1.0	NT=ms-proteomics;VV=v1.1.0	manual curation	Fibroblast
E510V_Cap2_Ub9_10_20210410_142722	homo sapiens	Fibroblast	not applicable	syndrome	1	E510V_Cap2_Ub9_10_20210410_142722	proteomic profiling by mass spectrometry	NT=Data-dependent acquisition;AC=PRIDE:0000627	NT=label free sample;AC=MS:1002038	NT=orbitrap fusion;AC=MS:1002416	NT=Phospho;AC=UNIMOD:21;TA=S,T,Y;MT=Variable	not applicable	not available	dithiothreitol (dtt)	1	1	E510V_Cap2_Ub9_10_20210410_142722.raw	ftp://ftp.pride.ebi.ac.uk/pride/data/archive/2022/08/PXD031831/E510V_Cap2_Ub9_10_20210410_142722.raw	v1.1.0	NT=ms-proteomics;VV=v1.1.0	manual curation	Fibroblast
Q517H_RIGI_Cap210l_10_20201214_115357	homo sapiens	Fibroblast	not applicable	syndrome	1	Q517H_RIGI_Cap210l_10_20201214_115357	proteomic profiling by mass spectrometry	NT=Data-dependent acquisition;AC=PRIDE:0000627	NT=label free sample;AC=MS:1002038	NT=orbitrap fusion;AC=MS:1002416	NT=Phospho;AC=UNIMOD:21;TA=S,T,Y;MT=Variable	not applicable	not available	dithiothreitol (dtt)	1	1	Q517H_RIGI_Cap210l_10_20201214_115357.raw	ftp://ftp.pride.ebi.ac.uk/pride/data/archive/2022/08/PXD031831/Q517H_RIGI_Cap210l_10_20201214_115357.raw	v1.1.0	NT=ms-proteomics;VV=v1.1.0	manual curation	Fibroblast
Q517H_RIGI_10_20210517_073845	homo sapiens	Fibroblast	not applicable	syndrome	1	Q517H_RIGI_10_20210517_073845	proteomic profiling by mass spectrometry	NT=Data-dependent acquisition;AC=PRIDE:0000627	NT=label free sample;AC=MS:1002038	NT=orbitrap fusion;AC=MS:1002416	NT=Phospho;AC=UNIMOD:21;TA=S,T,Y;MT=Variable	not applicable	not available	dithiothreitol (dtt)	1	1	Q517H_RIGI_10_20210517_073845.raw	ftp://ftp.pride.ebi.ac.uk/pride/data/archive/2022/08/PXD031831/Q517H_RIGI_10_20210517_073845.raw	v1.1.0	NT=ms-proteomics;VV=v1.1.0	manual curation	Fibroblast
WT_RIGI_Cap210l_Ub10_60_20201223_155402	homo sapiens	Fibroblast	not applicable	syndrome	1	WT_RIGI_Cap210l_Ub10_60_20201223_155402	proteomic profiling by mass spectrometry	NT=Data-dependent acquisition;AC=PRIDE:0000627	NT=label free sample;AC=MS:1002038	NT=orbitrap fusion;AC=MS:1002416	NT=Phospho;AC=UNIMOD:21;TA=S,T,Y;MT=Variable	not applicable	not available	dithiothreitol (dtt)	1	1	WT_RIGI_Cap210l_Ub10_60_20201223_155402.raw	ftp://ftp.pride.ebi.ac.uk/pride/data/archive/2022/08/PXD031831/WT_RIGI_Cap210l_Ub10_60_20201223_155402.raw	v1.1.0	NT=ms-proteomics;VV=v1.1.0	manual curation	Fibroblast
WT_RIGI_3p10l_60_20201223_011319	homo sapiens	Fibroblast	not applicable	syndrome	1	WT_RIGI_3p10l_60_20201223_011319	proteomic profiling by mass spectrometry	NT=Data-dependent acquisition;AC=PRIDE:0000627	NT=label free sample;AC=MS:1002038	NT=orbitrap fusion;AC=MS:1002416	NT=Phospho;AC=UNIMOD:21;TA=S,T,Y;MT=Variable	not applicable	not available	dithiothreitol (dtt)	1	1	WT_RIGI_3p10l_60_20201223_011319.raw	ftp://ftp.pride.ebi.ac.uk/pride/data/archive/2022/08/PXD031831/WT_RIGI_3p10l_60_20201223_011319.raw	v1.1.0	NT=ms-proteomics;VV=v1.1.0	manual curation	Fibroblast
WT_RIGI_60_20210517_002042	homo sapiens	Fibroblast	not applicable	syndrome	1	WT_RIGI_60_20210517_002042	proteomic profiling by mass spectrometry	NT=Data-dependent acquisition;AC=PRIDE:0000627	NT=label free sample;AC=MS:1002038	NT=orbitrap fusion;AC=MS:1002416	NT=Phospho;AC=UNIMOD:21;TA=S,T,Y;MT=Variable	not applicable	not available	dithiothreitol (dtt)	1	1	WT_RIGI_60_20210517_002042.raw	ftp://ftp.pride.ebi.ac.uk/pride/data/archive/2022/08/PXD031831/WT_RIGI_60_20210517_002042.raw	v1.1.0	NT=ms-proteomics;VV=v1.1.0	manual curation	Fibroblast
Q517H_RIGI_3p10l_Ub10_900_20201214_204708	homo sapiens	Fibroblast	not applicable	syndrome	1	Q517H_RIGI_3p10l_Ub10_900_20201214_204708	proteomic profiling by mass spectrometry	NT=Data-dependent acquisition;AC=PRIDE:0000627	NT=label free sample;AC=MS:1002038	NT=orbitrap fusion;AC=MS:1002416	NT=Phospho;AC=UNIMOD:21;TA=S,T,Y;MT=Variable	not applicable	not available	dithiothreitol (dtt)	1	1	Q517H_RIGI_3p10l_Ub10_900_20201214_204708.raw	ftp://ftp.pride.ebi.ac.uk/pride/data/archive/2022/08/PXD031831/Q517H_RIGI_3p10l_Ub10_900_20201214_204708.raw	v1.1.0	NT=ms-proteomics;VV=v1.1.0	manual curation	Fibroblast
WT_RIGI_3p10l_60_20201223_004615	homo sapiens	Fibroblast	not applicable	syndrome	1	WT_RIGI_3p10l_60_20201223_004615	proteomic profiling by mass spectrometry	NT=Data-dependent acquisition;AC=PRIDE:0000627	NT=label free sample;AC=MS:1002038	NT=orbitrap fusion;AC=MS:1002416	NT=Phospho;AC=UNIMOD:21;TA=S,T,Y;MT=Variable	not applicable	not available	dithiothreitol (dtt)	1	1	WT_RIGI_3p10l_60_20201223_004615.raw	ftp://ftp.pride.ebi.ac.uk/pride/data/archive/2022/08/PXD031831/WT_RIGI_3p10l_60_20201223_004615.raw	v1.1.0	NT=ms-proteomics;VV=v1.1.0	manual curation	Fibroblast
E510V_Cap2_10_20210410_050748	homo sapiens	Fibroblast	not applicable	syndrome	1	E510V_Cap2_10_20210410_050748	proteomic profiling by mass spectrometry	NT=Data-dependent acquisition;AC=PRIDE:0000627	NT=label free sample;AC=MS:1002038	NT=orbitrap fusion;AC=MS:1002416	NT=Phospho;AC=UNIMOD:21;TA=S,T,Y;MT=Variable	not applicable	not available	dithiothreitol (dtt)	1	1	E510V_Cap2_10_20210410_050748.raw	ftp://ftp.pride.ebi.ac.uk/pride/data/archive/2022/08/PXD031831/E510V_Cap2_10_20210410_050748.raw	v1.1.0	NT=ms-proteomics;VV=v1.1.0	manual curation	Fibroblast
E510V_Cap2_10_20210410_054015	homo sapiens	Fibroblast	not applicable	syndrome	1	E510V_Cap2_10_20210410_054015	proteomic profiling by mass spectrometry	NT=Data-dependent acquisition;AC=PRIDE:0000627	NT=label free sample;AC=MS:1002038	NT=orbitrap fusion;AC=MS:1002416	NT=Phospho;AC=UNIMOD:21;TA=S,T,Y;MT=Variable	not applicable	not available	dithiothreitol (dtt)	1	1	E510V_Cap2_10_20210410_054015.raw	ftp://ftp.pride.ebi.ac.uk/pride/data/archive/2022/08/PXD031831/E510V_Cap2_10_20210410_054015.raw	v1.1.0	NT=ms-proteomics;VV=v1.1.0	manual curation	Fibroblast
WT_RIGI_10_20210517_000337	homo sapiens	Fibroblast	not applicable	syndrome	1	WT_RIGI_10_20210517_000337	proteomic profiling by mass spectrometry	NT=Data-dependent acquisition;AC=PRIDE:0000627	NT=label free sample;AC=MS:1002038	NT=orbitrap fusion;AC=MS:1002416	NT=Phospho;AC=UNIMOD:21;TA=S,T,Y;MT=Variable	not applicable	not available	dithiothreitol (dtt)	1	1	WT_RIGI_10_20210517_000337.raw	ftp://ftp.pride.ebi.ac.uk/pride/data/archive/2022/08/PXD031831/WT_RIGI_10_20210517_000337.raw	v1.1.0	NT=ms-proteomics;VV=v1.1.0	manual curation	Fibroblast
Q517H_RIGI_3p10l_Ub10_60_20201214_174559	homo sapiens	Fibroblast	not applicable	syndrome	1	Q517H_RIGI_3p10l_Ub10_60_20201214_174559	proteomic profiling by mass spectrometry	NT=Data-dependent acquisition;AC=PRIDE:0000627	NT=label free sample;AC=MS:1002038	NT=orbitrap fusion;AC=MS:1002416	NT=Phospho;AC=UNIMOD:21;TA=S,T,Y;MT=Variable	not applicable	not available	dithiothreitol (dtt)	1	1	Q517H_RIGI_3p10l_Ub10_60_20201214_174559.raw	ftp://ftp.pride.ebi.ac.uk/pride/data/archive/2022/08/PXD031831/Q517H_RIGI_3p10l_Ub10_60_20201214_174559.raw	v1.1.0	NT=ms-proteomics;VV=v1.1.0	manual curation	Fibroblast
Q517H_RIGI_apo_300_20201214_034316	homo sapiens	Fibroblast	not applicable	syndrome	1	Q517H_RIGI_apo_300_20201214_034316	proteomic profiling by mass spectrometry	NT=Data-dependent acquisition;AC=PRIDE:0000627	NT=label free sample;AC=MS:1002038	NT=orbitrap fusion;AC=MS:1002416	NT=Phospho;AC=UNIMOD:21;TA=S,T,Y;MT=Variable	not applicable	not available	dithiothreitol (dtt)	1	1	Q517H_RIGI_apo_300_20201214_034316.raw	ftp://ftp.pride.ebi.ac.uk/pride/data/archive/2022/08/PXD031831/Q517H_RIGI_apo_300_20201214_034316.raw	v1.1.0	NT=ms-proteomics;VV=v1.1.0	manual curation	Fibroblast
WT_RIGI_Cap210l_10_20201223_052008	homo sapiens	Fibroblast	not applicable	syndrome	1	WT_RIGI_Cap210l_10_20201223_052008	proteomic profiling by mass spectrometry	NT=Data-dependent acquisition;AC=PRIDE:0000627	NT=label free sample;AC=MS:1002038	NT=orbitrap fusion;AC=MS:1002416	NT=Phospho;AC=UNIMOD:21;TA=S,T,Y;MT=Variable	not applicable	not available	dithiothreitol (dtt)	1	1	WT_RIGI_Cap210l_10_20201223_052008.raw	ftp://ftp.pride.ebi.ac.uk/pride/data/archive/2022/08/PXD031831/WT_RIGI_Cap210l_10_20201223_052008.raw	v1.1.0	NT=ms-proteomics;VV=v1.1.0	manual curation	Fibroblast
Q517H_RIGI_0_20210517_072233	homo sapiens	Fibroblast	not applicable	syndrome	1	Q517H_RIGI_0_20210517_072233	proteomic profiling by mass spectrometry	NT=Data-dependent acquisition;AC=PRIDE:0000627	NT=label free sample;AC=MS:1002038	NT=orbitrap fusion;AC=MS:1002416	NT=Phospho;AC=UNIMOD:21;TA=S,T,Y;MT=Variable	not applicable	not available	dithiothreitol (dtt)	1	1	Q517H_RIGI_0_20210517_072233.raw	ftp://ftp.pride.ebi.ac.uk/pride/data/archive/2022/08/PXD031831/Q517H_RIGI_0_20210517_072233.raw	v1.1.0	NT=ms-proteomics;VV=v1.1.0	manual curation	Fibroblast
E510V_RIGI_300_20210517_173201	homo sapiens	Fibroblast	not applicable	syndrome	1	E510V_RIGI_300_20210517_173201	proteomic profiling by mass spectrometry	NT=Data-dependent acquisition;AC=PRIDE:0000627	NT=label free sample;AC=MS:1002038	NT=orbitrap fusion;AC=MS:1002416	NT=Phospho;AC=UNIMOD:21;TA=S,T,Y;MT=Variable	not applicable	not available	dithiothreitol (dtt)	1	1	E510V_RIGI_300_20210517_173201.raw	ftp://ftp.pride.ebi.ac.uk/pride/data/archive/2022/08/PXD031831/E510V_RIGI_300_20210517_173201.raw	v1.1.0	NT=ms-proteomics;VV=v1.1.0	manual curation	Fibroblast
Q517H_RIGI_apo_60_20201214_031221	homo sapiens	Fibroblast	not applicable	syndrome	1	Q517H_RIGI_apo_60_20201214_031221	proteomic profiling by mass spectrometry	NT=Data-dependent acquisition;AC=PRIDE:0000627	NT=label free sample;AC=MS:1002038	NT=orbitrap fusion;AC=MS:1002416	NT=Phospho;AC=UNIMOD:21;TA=S,T,Y;MT=Variable	not applicable	not available	dithiothreitol (dtt)	1	1	Q517H_RIGI_apo_60_20201214_031221.raw	ftp://ftp.pride.ebi.ac.uk/pride/data/archive/2022/08/PXD031831/Q517H_RIGI_apo_60_20201214_031221.raw	v1.1.0	NT=ms-proteomics;VV=v1.1.0	manual curation	Fibroblast
E510V_3p10l_900_20210410_032620	homo sapiens	Fibroblast	not applicable	syndrome	1	E510V_3p10l_900_20210410_032620	proteomic profiling by mass spectrometry	NT=Data-dependent acquisition;AC=PRIDE:0000627	NT=label free sample;AC=MS:1002038	NT=orbitrap fusion;AC=MS:1002416	NT=Phospho;AC=UNIMOD:21;TA=S,T,Y;MT=Variable	not applicable	not available	dithiothreitol (dtt)	1	1	E510V_3p10l_900_20210410_032620.raw	ftp://ftp.pride.ebi.ac.uk/pride/data/archive/2022/08/PXD031831/E510V_3p10l_900_20210410_032620.raw	v1.1.0	NT=ms-proteomics;VV=v1.1.0	manual curation	Fibroblast
E510V_300_20210409_051653	homo sapiens	Fibroblast	not applicable	syndrome	1	E510V_300_20210409_051653	proteomic profiling by mass spectrometry	NT=Data-dependent acquisition;AC=PRIDE:0000627	NT=label free sample;AC=MS:1002038	NT=orbitrap fusion;AC=MS:1002416	NT=Phospho;AC=UNIMOD:21;TA=S,T,Y;MT=Variable	not applicable	not available	dithiothreitol (dtt)	1	1	E510V_300_20210409_051653.raw	ftp://ftp.pride.ebi.ac.uk/pride/data/archive/2022/08/PXD031831/E510V_300_20210409_051653.raw	v1.1.0	NT=ms-proteomics;VV=v1.1.0	manual curation	Fibroblast
WT_RIGI_3p10l_Ub10_300_20201223_121518	homo sapiens	Fibroblast	not applicable	syndrome	1	WT_RIGI_3p10l_Ub10_300_20201223_121518	proteomic profiling by mass spectrometry	NT=Data-dependent acquisition;AC=PRIDE:0000627	NT=label free sample;AC=MS:1002038	NT=orbitrap fusion;AC=MS:1002416	NT=Phospho;AC=UNIMOD:21;TA=S,T,Y;MT=Variable	not applicable	not available	dithiothreitol (dtt)	1	1	WT_RIGI_3p10l_Ub10_300_20201223_121518.raw	ftp://ftp.pride.ebi.ac.uk/pride/data/archive/2022/08/PXD031831/WT_RIGI_3p10l_Ub10_300_20201223_121518.raw	v1.1.0	NT=ms-proteomics;VV=v1.1.0	manual curation	Fibroblast
WT_RIGI_900_20210517_063103	homo sapiens	Fibroblast	not applicable	syndrome	1	WT_RIGI_900_20210517_063103	proteomic profiling by mass spectrometry	NT=Data-dependent acquisition;AC=PRIDE:0000627	NT=label free sample;AC=MS:1002038	NT=orbitrap fusion;AC=MS:1002416	NT=Phospho;AC=UNIMOD:21;TA=S,T,Y;MT=Variable	not applicable	not available	dithiothreitol (dtt)	1	1	WT_RIGI_900_20210517_063103.raw	ftp://ftp.pride.ebi.ac.uk/pride/data/archive/2022/08/PXD031831/WT_RIGI_900_20210517_063103.raw	v1.1.0	NT=ms-proteomics;VV=v1.1.0	manual curation	Fibroblast
Q517H_RIGI_300_20210517_105601	homo sapiens	Fibroblast	not applicable	syndrome	1	Q517H_RIGI_300_20210517_105601	proteomic profiling by mass spectrometry	NT=Data-dependent acquisition;AC=PRIDE:0000627	NT=label free sample;AC=MS:1002038	NT=orbitrap fusion;AC=MS:1002416	NT=Phospho;AC=UNIMOD:21;TA=S,T,Y;MT=Variable	not applicable	not available	dithiothreitol (dtt)	1	1	Q517H_RIGI_300_20210517_105601.raw	ftp://ftp.pride.ebi.ac.uk/pride/data/archive/2022/08/PXD031831/Q517H_RIGI_300_20210517_105601.raw	v1.1.0	NT=ms-proteomics;VV=v1.1.0	manual curation	Fibroblast
E510V_RIGI_900_20210517_194400	homo sapiens	Fibroblast	not applicable	syndrome	1	E510V_RIGI_900_20210517_194400	proteomic profiling by mass spectrometry	NT=Data-dependent acquisition;AC=PRIDE:0000627	NT=label free sample;AC=MS:1002038	NT=orbitrap fusion;AC=MS:1002416	NT=Phospho;AC=UNIMOD:21;TA=S,T,Y;MT=Variable	not applicable	not available	dithiothreitol (dtt)	1	1	E510V_RIGI_900_20210517_194400.raw	ftp://ftp.pride.ebi.ac.uk/pride/data/archive/2022/08/PXD031831/E510V_RIGI_900_20210517_194400.raw	v1.1.0	NT=ms-proteomics;VV=v1.1.0	manual curation	Fibroblast
WT_RIGI_0_20210516_225834	homo sapiens	Fibroblast	not applicable	syndrome	1	WT_RIGI_0_20210516_225834	proteomic profiling by mass spectrometry	NT=Data-dependent acquisition;AC=PRIDE:0000627	NT=label free sample;AC=MS:1002038	NT=orbitrap fusion;AC=MS:1002416	NT=Phospho;AC=UNIMOD:21;TA=S,T,Y;MT=Variable	not applicable	not available	dithiothreitol (dtt)	1	1	WT_RIGI_0_20210516_225834.raw	ftp://ftp.pride.ebi.ac.uk/pride/data/archive/2022/08/PXD031831/WT_RIGI_0_20210516_225834.raw	v1.1.0	NT=ms-proteomics;VV=v1.1.0	manual curation	Fibroblast
WT_RIGI_apo_60_20201222_201804	homo sapiens	Fibroblast	not applicable	syndrome	1	WT_RIGI_apo_60_20201222_201804	proteomic profiling by mass spectrometry	NT=Data-dependent acquisition;AC=PRIDE:0000627	NT=label free sample;AC=MS:1002038	NT=orbitrap fusion;AC=MS:1002416	NT=Phospho;AC=UNIMOD:21;TA=S,T,Y;MT=Variable	not applicable	not available	dithiothreitol (dtt)	1	1	WT_RIGI_apo_60_20201222_201804.raw	ftp://ftp.pride.ebi.ac.uk/pride/data/archive/2022/08/PXD031831/WT_RIGI_apo_60_20201222_201804.raw	v1.1.0	NT=ms-proteomics;VV=v1.1.0	manual curation	Fibroblast
WT_RIGI_3p10l_900_20201223_032656	homo sapiens	Fibroblast	not applicable	syndrome	1	WT_RIGI_3p10l_900_20201223_032656	proteomic profiling by mass spectrometry	NT=Data-dependent acquisition;AC=PRIDE:0000627	NT=label free sample;AC=MS:1002038	NT=orbitrap fusion;AC=MS:1002416	NT=Phospho;AC=UNIMOD:21;TA=S,T,Y;MT=Variable	not applicable	not available	dithiothreitol (dtt)	1	1	WT_RIGI_3p10l_900_20201223_032656.raw	ftp://ftp.pride.ebi.ac.uk/pride/data/archive/2022/08/PXD031831/WT_RIGI_3p10l_900_20201223_032656.raw	v1.1.0	NT=ms-proteomics;VV=v1.1.0	manual curation	Fibroblast
E510V_Cap2_Ub9_300_20210410_173538	homo sapiens	Fibroblast	not applicable	syndrome	1	E510V_Cap2_Ub9_300_20210410_173538	proteomic profiling by mass spectrometry	NT=Data-dependent acquisition;AC=PRIDE:0000627	NT=label free sample;AC=MS:1002038	NT=orbitrap fusion;AC=MS:1002416	NT=Phospho;AC=UNIMOD:21;TA=S,T,Y;MT=Variable	not applicable	not available	dithiothreitol (dtt)	1	1	E510V_Cap2_Ub9_300_20210410_173538.raw	ftp://ftp.pride.ebi.ac.uk/pride/data/archive/2022/08/PXD031831/E510V_Cap2_Ub9_300_20210410_173538.raw	v1.1.0	NT=ms-proteomics;VV=v1.1.0	manual curation	Fibroblast
E510V_60_20210409_042144	homo sapiens	Fibroblast	not applicable	syndrome	1	E510V_60_20210409_042144	proteomic profiling by mass spectrometry	NT=Data-dependent acquisition;AC=PRIDE:0000627	NT=label free sample;AC=MS:1002038	NT=orbitrap fusion;AC=MS:1002416	NT=Phospho;AC=UNIMOD:21;TA=S,T,Y;MT=Variable	not applicable	not available	dithiothreitol (dtt)	1	1	E510V_60_20210409_042144.raw	ftp://ftp.pride.ebi.ac.uk/pride/data/archive/2022/08/PXD031831/E510V_60_20210409_042144.raw	v1.1.0	NT=ms-proteomics;VV=v1.1.0	manual curation	Fibroblast
E510V_3p10l_10_20210410_004438	homo sapiens	Fibroblast	not applicable	syndrome	1	E510V_3p10l_10_20210410_004438	proteomic profiling by mass spectrometry	NT=Data-dependent acquisition;AC=PRIDE:0000627	NT=label free sample;AC=MS:1002038	NT=orbitrap fusion;AC=MS:1002416	NT=Phospho;AC=UNIMOD:21;TA=S,T,Y;MT=Variable	not applicable	not available	dithiothreitol (dtt)	1	1	E510V_3p10l_10_20210410_004438.raw	ftp://ftp.pride.ebi.ac.uk/pride/data/archive/2022/08/PXD031831/E510V_3p10l_10_20210410_004438.raw	v1.1.0	NT=ms-proteomics;VV=v1.1.0	manual curation	Fibroblast
Q517H_RIGI_Cap210l_900_20201214_160833	homo sapiens	Fibroblast	not applicable	syndrome	1	Q517H_RIGI_Cap210l_900_20201214_160833	proteomic profiling by mass spectrometry	NT=Data-dependent acquisition;AC=PRIDE:0000627	NT=label free sample;AC=MS:1002038	NT=orbitrap fusion;AC=MS:1002416	NT=Phospho;AC=UNIMOD:21;TA=S,T,Y;MT=Variable	not applicable	not available	dithiothreitol (dtt)	1	1	Q517H_RIGI_Cap210l_900_20201214_160833.raw	ftp://ftp.pride.ebi.ac.uk/pride/data/archive/2022/08/PXD031831/Q517H_RIGI_Cap210l_900_20201214_160833.raw	v1.1.0	NT=ms-proteomics;VV=v1.1.0	manual curation	Fibroblast
E510V_Cap2_Ub9_60_20210410_162211	homo sapiens	Fibroblast	not applicable	syndrome	1	E510V_Cap2_Ub9_60_20210410_162211	proteomic profiling by mass spectrometry	NT=Data-dependent acquisition;AC=PRIDE:0000627	NT=label free sample;AC=MS:1002038	NT=orbitrap fusion;AC=MS:1002416	NT=Phospho;AC=UNIMOD:21;TA=S,T,Y;MT=Variable	not applicable	not available	dithiothreitol (dtt)	1	1	E510V_Cap2_Ub9_60_20210410_162211.raw	ftp://ftp.pride.ebi.ac.uk/pride/data/archive/2022/08/PXD031831/E510V_Cap2_Ub9_60_20210410_162211.raw	v1.1.0	NT=ms-proteomics;VV=v1.1.0	manual curation	Fibroblast
E510V_300_20210409_061759	homo sapiens	Fibroblast	not applicable	syndrome	1	E510V_300_20210409_061759	proteomic profiling by mass spectrometry	NT=Data-dependent acquisition;AC=PRIDE:0000627	NT=label free sample;AC=MS:1002038	NT=orbitrap fusion;AC=MS:1002416	NT=Phospho;AC=UNIMOD:21;TA=S,T,Y;MT=Variable	not applicable	not available	dithiothreitol (dtt)	1	1	E510V_300_20210409_061759.raw	ftp://ftp.pride.ebi.ac.uk/pride/data/archive/2022/08/PXD031831/E510V_300_20210409_061759.raw	v1.1.0	NT=ms-proteomics;VV=v1.1.0	manual curation	Fibroblast
Q517H_RIGI_3p10l_60_20201214_071939	homo sapiens	Fibroblast	not applicable	syndrome	1	Q517H_RIGI_3p10l_60_20201214_071939	proteomic profiling by mass spectrometry	NT=Data-dependent acquisition;AC=PRIDE:0000627	NT=label free sample;AC=MS:1002038	NT=orbitrap fusion;AC=MS:1002416	NT=Phospho;AC=UNIMOD:21;TA=S,T,Y;MT=Variable	not applicable	not available	dithiothreitol (dtt)	1	1	Q517H_RIGI_3p10l_60_20201214_071939.raw	ftp://ftp.pride.ebi.ac.uk/pride/data/archive/2022/08/PXD031831/Q517H_RIGI_3p10l_60_20201214_071939.raw	v1.1.0	NT=ms-proteomics;VV=v1.1.0	manual curation	Fibroblast
Q517H_RIGI_3p10l_900_20201214_104818	homo sapiens	Fibroblast	not applicable	syndrome	1	Q517H_RIGI_3p10l_900_20201214_104818	proteomic profiling by mass spectrometry	NT=Data-dependent acquisition;AC=PRIDE:0000627	NT=label free sample;AC=MS:1002038	NT=orbitrap fusion;AC=MS:1002416	NT=Phospho;AC=UNIMOD:21;TA=S,T,Y;MT=Variable	not applicable	not available	dithiothreitol (dtt)	1	1	Q517H_RIGI_3p10l_900_20201214_104818.raw	ftp://ftp.pride.ebi.ac.uk/pride/data/archive/2022/08/PXD031831/Q517H_RIGI_3p10l_900_20201214_104818.raw	v1.1.0	NT=ms-proteomics;VV=v1.1.0	manual curation	Fibroblast
WT_RIGI_Cap210l_10_20201223_045344	homo sapiens	Fibroblast	not applicable	syndrome	1	WT_RIGI_Cap210l_10_20201223_045344	proteomic profiling by mass spectrometry	NT=Data-dependent acquisition;AC=PRIDE:0000627	NT=label free sample;AC=MS:1002038	NT=orbitrap fusion;AC=MS:1002416	NT=Phospho;AC=UNIMOD:21;TA=S,T,Y;MT=Variable	not applicable	not available	dithiothreitol (dtt)	1	1	WT_RIGI_Cap210l_10_20201223_045344.raw	ftp://ftp.pride.ebi.ac.uk/pride/data/archive/2022/08/PXD031831/WT_RIGI_Cap210l_10_20201223_045344.raw	v1.1.0	NT=ms-proteomics;VV=v1.1.0	manual curation	Fibroblast
WT_RIGI_apo_900_20201222_223902	homo sapiens	Fibroblast	not applicable	syndrome	1	WT_RIGI_apo_900_20201222_223902	proteomic profiling by mass spectrometry	NT=Data-dependent acquisition;AC=PRIDE:0000627	NT=label free sample;AC=MS:1002038	NT=orbitrap fusion;AC=MS:1002416	NT=Phospho;AC=UNIMOD:21;TA=S,T,Y;MT=Variable	not applicable	not available	dithiothreitol (dtt)	1	1	WT_RIGI_apo_900_20201222_223902.raw	ftp://ftp.pride.ebi.ac.uk/pride/data/archive/2022/08/PXD031831/WT_RIGI_apo_900_20201222_223902.raw	v1.1.0	NT=ms-proteomics;VV=v1.1.0	manual curation	Fibroblast
Q517H_RIGI_Cap210l_10_20201214_112733	homo sapiens	Fibroblast	not applicable	syndrome	1	Q517H_RIGI_Cap210l_10_20201214_112733	proteomic profiling by mass spectrometry	NT=Data-dependent acquisition;AC=PRIDE:0000627	NT=label free sample;AC=MS:1002038	NT=orbitrap fusion;AC=MS:1002416	NT=Phospho;AC=UNIMOD:21;TA=S,T,Y;MT=Variable	not applicable	not available	dithiothreitol (dtt)	1	1	Q517H_RIGI_Cap210l_10_20201214_112733.raw	ftp://ftp.pride.ebi.ac.uk/pride/data/archive/2022/08/PXD031831/Q517H_RIGI_Cap210l_10_20201214_112733.raw	v1.1.0	NT=ms-proteomics;VV=v1.1.0	manual curation	Fibroblast
WT_RIGI_Cap210l_300_20201223_064409	homo sapiens	Fibroblast	not applicable	syndrome	1	WT_RIGI_Cap210l_300_20201223_064409	proteomic profiling by mass spectrometry	NT=Data-dependent acquisition;AC=PRIDE:0000627	NT=label free sample;AC=MS:1002038	NT=orbitrap fusion;AC=MS:1002416	NT=Phospho;AC=UNIMOD:21;TA=S,T,Y;MT=Variable	not applicable	not available	dithiothreitol (dtt)	1	1	WT_RIGI_Cap210l_300_20201223_064409.raw	ftp://ftp.pride.ebi.ac.uk/pride/data/archive/2022/08/PXD031831/WT_RIGI_Cap210l_300_20201223_064409.raw	v1.1.0	NT=ms-proteomics;VV=v1.1.0	manual curation	Fibroblast
E510V_RIGI_300_20210517_181329	homo sapiens	Fibroblast	not applicable	syndrome	1	E510V_RIGI_300_20210517_181329	proteomic profiling by mass spectrometry	NT=Data-dependent acquisition;AC=PRIDE:0000627	NT=label free sample;AC=MS:1002038	NT=orbitrap fusion;AC=MS:1002416	NT=Phospho;AC=UNIMOD:21;TA=S,T,Y;MT=Variable	not applicable	not available	dithiothreitol (dtt)	1	1	E510V_RIGI_300_20210517_181329.raw	ftp://ftp.pride.ebi.ac.uk/pride/data/archive/2022/08/PXD031831/E510V_RIGI_300_20210517_181329.raw	v1.1.0	NT=ms-proteomics;VV=v1.1.0	manual curation	Fibroblast
Q517H_RIGI_Cap210l_Ub10_300_20201215_000331	homo sapiens	Fibroblast	not applicable	syndrome	1	Q517H_RIGI_Cap210l_Ub10_300_20201215_000331	proteomic profiling by mass spectrometry	NT=Data-dependent acquisition;AC=PRIDE:0000627	NT=label free sample;AC=MS:1002038	NT=orbitrap fusion;AC=MS:1002416	NT=Phospho;AC=UNIMOD:21;TA=S,T,Y;MT=Variable	not applicable	not available	dithiothreitol (dtt)	1	1	Q517H_RIGI_Cap210l_Ub10_300_20201215_000331.raw	ftp://ftp.pride.ebi.ac.uk/pride/data/archive/2022/08/PXD031831/Q517H_RIGI_Cap210l_Ub10_300_20201215_000331.raw	v1.1.0	NT=ms-proteomics;VV=v1.1.0	manual curation	Fibroblast
E510V_3p10l_300_20210410_025510	homo sapiens	Fibroblast	not applicable	syndrome	1	E510V_3p10l_300_20210410_025510	proteomic profiling by mass spectrometry	NT=Data-dependent acquisition;AC=PRIDE:0000627	NT=label free sample;AC=MS:1002038	NT=orbitrap fusion;AC=MS:1002416	NT=Phospho;AC=UNIMOD:21;TA=S,T,Y;MT=Variable	not applicable	not available	dithiothreitol (dtt)	1	1	E510V_3p10l_300_20210410_025510.raw	ftp://ftp.pride.ebi.ac.uk/pride/data/archive/2022/08/PXD031831/E510V_3p10l_300_20210410_025510.raw	v1.1.0	NT=ms-proteomics;VV=v1.1.0	manual curation	Fibroblast
Q517H_RIGI_3p10l_300_20201214_085420	homo sapiens	Fibroblast	not applicable	syndrome	1	Q517H_RIGI_3p10l_300_20201214_085420	proteomic profiling by mass spectrometry	NT=Data-dependent acquisition;AC=PRIDE:0000627	NT=label free sample;AC=MS:1002038	NT=orbitrap fusion;AC=MS:1002416	NT=Phospho;AC=UNIMOD:21;TA=S,T,Y;MT=Variable	not applicable	not available	dithiothreitol (dtt)	1	1	Q517H_RIGI_3p10l_300_20201214_085420.raw	ftp://ftp.pride.ebi.ac.uk/pride/data/archive/2022/08/PXD031831/Q517H_RIGI_3p10l_300_20201214_085420.raw	v1.1.0	NT=ms-proteomics;VV=v1.1.0	manual curation	Fibroblast
Q517H_RIGI_Cap210l_Ub10_10_20201214_215348	homo sapiens	Fibroblast	not applicable	syndrome	1	Q517H_RIGI_Cap210l_Ub10_10_20201214_215348	proteomic profiling by mass spectrometry	NT=Data-dependent acquisition;AC=PRIDE:0000627	NT=label free sample;AC=MS:1002038	NT=orbitrap fusion;AC=MS:1002416	NT=Phospho;AC=UNIMOD:21;TA=S,T,Y;MT=Variable	not applicable	not available	dithiothreitol (dtt)	1	1	Q517H_RIGI_Cap210l_Ub10_10_20201214_215348.raw	ftp://ftp.pride.ebi.ac.uk/pride/data/archive/2022/08/PXD031831/Q517H_RIGI_Cap210l_Ub10_10_20201214_215348.raw	v1.1.0	NT=ms-proteomics;VV=v1.1.0	manual curation	Fibroblast
E510V_Cap2_Ub9_300_20210410_171425	homo sapiens	Fibroblast	not applicable	syndrome	1	E510V_Cap2_Ub9_300_20210410_171425	proteomic profiling by mass spectrometry	NT=Data-dependent acquisition;AC=PRIDE:0000627	NT=label free sample;AC=MS:1002038	NT=orbitrap fusion;AC=MS:1002416	NT=Phospho;AC=UNIMOD:21;TA=S,T,Y;MT=Variable	not applicable	not available	dithiothreitol (dtt)	1	1	E510V_Cap2_Ub9_300_20210410_171425.raw	ftp://ftp.pride.ebi.ac.uk/pride/data/archive/2022/08/PXD031831/E510V_Cap2_Ub9_300_20210410_171425.raw	v1.1.0	NT=ms-proteomics;VV=v1.1.0	manual curation	Fibroblast
WT_RIGI_apo_10_20201222_183826	homo sapiens	Fibroblast	not applicable	syndrome	1	WT_RIGI_apo_10_20201222_183826	proteomic profiling by mass spectrometry	NT=Data-dependent acquisition;AC=PRIDE:0000627	NT=label free sample;AC=MS:1002038	NT=orbitrap fusion;AC=MS:1002416	NT=Phospho;AC=UNIMOD:21;TA=S,T,Y;MT=Variable	not applicable	not available	dithiothreitol (dtt)	1	1	WT_RIGI_apo_10_20201222_183826.raw	ftp://ftp.pride.ebi.ac.uk/pride/data/archive/2022/08/PXD031831/WT_RIGI_apo_10_20201222_183826.raw	v1.1.0	NT=ms-proteomics;VV=v1.1.0	manual curation	Fibroblast
Q517H_RIGI_Cap210l_Ub10_300_20201215_002722	homo sapiens	Fibroblast	not applicable	syndrome	1	Q517H_RIGI_Cap210l_Ub10_300_20201215_002722	proteomic profiling by mass spectrometry	NT=Data-dependent acquisition;AC=PRIDE:0000627	NT=label free sample;AC=MS:1002038	NT=orbitrap fusion;AC=MS:1002416	NT=Phospho;AC=UNIMOD:21;TA=S,T,Y;MT=Variable	not applicable	not available	dithiothreitol (dtt)	1	1	Q517H_RIGI_Cap210l_Ub10_300_20201215_002722.raw	ftp://ftp.pride.ebi.ac.uk/pride/data/archive/2022/08/PXD031831/Q517H_RIGI_Cap210l_Ub10_300_20201215_002722.raw	v1.1.0	NT=ms-proteomics;VV=v1.1.0	manual curation	Fibroblast
E510V_Cap2_Ub9_10_20210410_145953	homo sapiens	Fibroblast	not applicable	syndrome	1	E510V_Cap2_Ub9_10_20210410_145953	proteomic profiling by mass spectrometry	NT=Data-dependent acquisition;AC=PRIDE:0000627	NT=label free sample;AC=MS:1002038	NT=orbitrap fusion;AC=MS:1002416	NT=Phospho;AC=UNIMOD:21;TA=S,T,Y;MT=Variable	not applicable	not available	dithiothreitol (dtt)	1	1	E510V_Cap2_Ub9_10_20210410_145953.raw	ftp://ftp.pride.ebi.ac.uk/pride/data/archive/2022/08/PXD031831/E510V_Cap2_Ub9_10_20210410_145953.raw	v1.1.0	NT=ms-proteomics;VV=v1.1.0	manual curation	Fibroblast
E510V_RIGI_10_20210517_145612	homo sapiens	Fibroblast	not applicable	syndrome	1	E510V_RIGI_10_20210517_145612	proteomic profiling by mass spectrometry	NT=Data-dependent acquisition;AC=PRIDE:0000627	NT=label free sample;AC=MS:1002038	NT=orbitrap fusion;AC=MS:1002416	NT=Phospho;AC=UNIMOD:21;TA=S,T,Y;MT=Variable	not applicable	not available	dithiothreitol (dtt)	1	1	E510V_RIGI_10_20210517_145612.raw	ftp://ftp.pride.ebi.ac.uk/pride/data/archive/2022/08/PXD031831/E510V_RIGI_10_20210517_145612.raw	v1.1.0	NT=ms-proteomics;VV=v1.1.0	manual curation	Fibroblast
Q517H_RIGI_apo_10_20201214_015212	homo sapiens	Fibroblast	not applicable	syndrome	1	Q517H_RIGI_apo_10_20201214_015212	proteomic profiling by mass spectrometry	NT=Data-dependent acquisition;AC=PRIDE:0000627	NT=label free sample;AC=MS:1002038	NT=orbitrap fusion;AC=MS:1002416	NT=Phospho;AC=UNIMOD:21;TA=S,T,Y;MT=Variable	not applicable	not available	dithiothreitol (dtt)	1	1	Q517H_RIGI_apo_10_20201214_015212.raw	ftp://ftp.pride.ebi.ac.uk/pride/data/archive/2022/08/PXD031831/Q517H_RIGI_apo_10_20201214_015212.raw	v1.1.0	NT=ms-proteomics;VV=v1.1.0	manual curation	Fibroblast
E510V_RIGI_60_20210517_165347	homo sapiens	Fibroblast	not applicable	syndrome	1	E510V_RIGI_60_20210517_165347	proteomic profiling by mass spectrometry	NT=Data-dependent acquisition;AC=PRIDE:0000627	NT=label free sample;AC=MS:1002038	NT=orbitrap fusion;AC=MS:1002416	NT=Phospho;AC=UNIMOD:21;TA=S,T,Y;MT=Variable	not applicable	not available	dithiothreitol (dtt)	1	1	E510V_RIGI_60_20210517_165347.raw	ftp://ftp.pride.ebi.ac.uk/pride/data/archive/2022/08/PXD031831/E510V_RIGI_60_20210517_165347.raw	v1.1.0	NT=ms-proteomics;VV=v1.1.0	manual curation	Fibroblast
E510V_Cap2_Ub9_900_20210410_165315	homo sapiens	Fibroblast	not applicable	syndrome	1	E510V_Cap2_Ub9_900_20210410_165315	proteomic profiling by mass spectrometry	NT=Data-dependent acquisition;AC=PRIDE:0000627	NT=label free sample;AC=MS:1002038	NT=orbitrap fusion;AC=MS:1002416	NT=Phospho;AC=UNIMOD:21;TA=S,T,Y;MT=Variable	not applicable	not available	dithiothreitol (dtt)	1	1	E510V_Cap2_Ub9_900_20210410_165315.raw	ftp://ftp.pride.ebi.ac.uk/pride/data/archive/2022/08/PXD031831/E510V_Cap2_Ub9_900_20210410_165315.raw	v1.1.0	NT=ms-proteomics;VV=v1.1.0	manual curation	Fibroblast
E510V_3p_Ub9_900_20210410_124544	homo sapiens	Fibroblast	not applicable	syndrome	1	E510V_3p_Ub9_900_20210410_124544	proteomic profiling by mass spectrometry	NT=Data-dependent acquisition;AC=PRIDE:0000627	NT=label free sample;AC=MS:1002038	NT=orbitrap fusion;AC=MS:1002416	NT=Phospho;AC=UNIMOD:21;TA=S,T,Y;MT=Variable	not applicable	not available	dithiothreitol (dtt)	1	1	E510V_3p_Ub9_900_20210410_124544.raw	ftp://ftp.pride.ebi.ac.uk/pride/data/archive/2022/08/PXD031831/E510V_3p_Ub9_900_20210410_124544.raw	v1.1.0	NT=ms-proteomics;VV=v1.1.0	manual curation	Fibroblast
E510V_Cap2_900_20210410_080559	homo sapiens	Fibroblast	not applicable	syndrome	1	E510V_Cap2_900_20210410_080559	proteomic profiling by mass spectrometry	NT=Data-dependent acquisition;AC=PRIDE:0000627	NT=label free sample;AC=MS:1002038	NT=orbitrap fusion;AC=MS:1002416	NT=Phospho;AC=UNIMOD:21;TA=S,T,Y;MT=Variable	not applicable	not available	dithiothreitol (dtt)	1	1	E510V_Cap2_900_20210410_080559.raw	ftp://ftp.pride.ebi.ac.uk/pride/data/archive/2022/08/PXD031831/E510V_Cap2_900_20210410_080559.raw	v1.1.0	NT=ms-proteomics;VV=v1.1.0	manual curation	Fibroblast
Q517H_RIGI_Cap210l_900_20201214_152735	homo sapiens	Fibroblast	not applicable	syndrome	1	Q517H_RIGI_Cap210l_900_20201214_152735	proteomic profiling by mass spectrometry	NT=Data-dependent acquisition;AC=PRIDE:0000627	NT=label free sample;AC=MS:1002038	NT=orbitrap fusion;AC=MS:1002416	NT=Phospho;AC=UNIMOD:21;TA=S,T,Y;MT=Variable	not applicable	not available	dithiothreitol (dtt)	1	1	Q517H_RIGI_Cap210l_900_20201214_152735.raw	ftp://ftp.pride.ebi.ac.uk/pride/data/archive/2022/08/PXD031831/Q517H_RIGI_Cap210l_900_20201214_152735.raw	v1.1.0	NT=ms-proteomics;VV=v1.1.0	manual curation	Fibroblast
Q517H_RIGI_3p10l_300_20201214_091813	homo sapiens	Fibroblast	not applicable	syndrome	1	Q517H_RIGI_3p10l_300_20201214_091813	proteomic profiling by mass spectrometry	NT=Data-dependent acquisition;AC=PRIDE:0000627	NT=label free sample;AC=MS:1002038	NT=orbitrap fusion;AC=MS:1002416	NT=Phospho;AC=UNIMOD:21;TA=S,T,Y;MT=Variable	not applicable	not available	dithiothreitol (dtt)	1	1	Q517H_RIGI_3p10l_300_20201214_091813.raw	ftp://ftp.pride.ebi.ac.uk/pride/data/archive/2022/08/PXD031831/Q517H_RIGI_3p10l_300_20201214_091813.raw	v1.1.0	NT=ms-proteomics;VV=v1.1.0	manual curation	Fibroblast
E510V_60_20210409_043846	homo sapiens	Fibroblast	not applicable	syndrome	1	E510V_60_20210409_043846	proteomic profiling by mass spectrometry	NT=Data-dependent acquisition;AC=PRIDE:0000627	NT=label free sample;AC=MS:1002038	NT=orbitrap fusion;AC=MS:1002416	NT=Phospho;AC=UNIMOD:21;TA=S,T,Y;MT=Variable	not applicable	not available	dithiothreitol (dtt)	1	1	E510V_60_20210409_043846.raw	ftp://ftp.pride.ebi.ac.uk/pride/data/archive/2022/08/PXD031831/E510V_60_20210409_043846.raw	v1.1.0	NT=ms-proteomics;VV=v1.1.0	manual curation	Fibroblast
E510V_900_20210409_233415	homo sapiens	Fibroblast	not applicable	syndrome	1	E510V_900_20210409_233415	proteomic profiling by mass spectrometry	NT=Data-dependent acquisition;AC=PRIDE:0000627	NT=label free sample;AC=MS:1002038	NT=orbitrap fusion;AC=MS:1002416	NT=Phospho;AC=UNIMOD:21;TA=S,T,Y;MT=Variable	not applicable	not available	dithiothreitol (dtt)	1	1	E510V_900_20210409_233415.raw	ftp://ftp.pride.ebi.ac.uk/pride/data/archive/2022/08/PXD031831/E510V_900_20210409_233415.raw	v1.1.0	NT=ms-proteomics;VV=v1.1.0	manual curation	Fibroblast
E510V_Cap2_300_20210410_065231	homo sapiens	Fibroblast	not applicable	syndrome	1	E510V_Cap2_300_20210410_065231	proteomic profiling by mass spectrometry	NT=Data-dependent acquisition;AC=PRIDE:0000627	NT=label free sample;AC=MS:1002038	NT=orbitrap fusion;AC=MS:1002416	NT=Phospho;AC=UNIMOD:21;TA=S,T,Y;MT=Variable	not applicable	not available	dithiothreitol (dtt)	1	1	E510V_Cap2_300_20210410_065231.raw	ftp://ftp.pride.ebi.ac.uk/pride/data/archive/2022/08/PXD031831/E510V_Cap2_300_20210410_065231.raw	v1.1.0	NT=ms-proteomics;VV=v1.1.0	manual curation	Fibroblast
Q517H_RIGI_apo_900_20201214_050452	homo sapiens	Fibroblast	not applicable	syndrome	1	Q517H_RIGI_apo_900_20201214_050452	proteomic profiling by mass spectrometry	NT=Data-dependent acquisition;AC=PRIDE:0000627	NT=label free sample;AC=MS:1002038	NT=orbitrap fusion;AC=MS:1002416	NT=Phospho;AC=UNIMOD:21;TA=S,T,Y;MT=Variable	not applicable	not available	dithiothreitol (dtt)	1	1	Q517H_RIGI_apo_900_20201214_050452.raw	ftp://ftp.pride.ebi.ac.uk/pride/data/archive/2022/08/PXD031831/Q517H_RIGI_apo_900_20201214_050452.raw	v1.1.0	NT=ms-proteomics;VV=v1.1.0	manual curation	Fibroblast
WT_RIGI_apo_300_20201222_211318	homo sapiens	Fibroblast	not applicable	syndrome	1	WT_RIGI_apo_300_20201222_211318	proteomic profiling by mass spectrometry	NT=Data-dependent acquisition;AC=PRIDE:0000627	NT=label free sample;AC=MS:1002038	NT=orbitrap fusion;AC=MS:1002416	NT=Phospho;AC=UNIMOD:21;TA=S,T,Y;MT=Variable	not applicable	not available	dithiothreitol (dtt)	1	1	WT_RIGI_apo_300_20201222_211318.raw	ftp://ftp.pride.ebi.ac.uk/pride/data/archive/2022/08/PXD031831/WT_RIGI_apo_300_20201222_211318.raw	v1.1.0	NT=ms-proteomics;VV=v1.1.0	manual curation	Fibroblast
Q517H_RIGI_10_20210517_082737	homo sapiens	Fibroblast	not applicable	syndrome	1	Q517H_RIGI_10_20210517_082737	proteomic profiling by mass spectrometry	NT=Data-dependent acquisition;AC=PRIDE:0000627	NT=label free sample;AC=MS:1002038	NT=orbitrap fusion;AC=MS:1002416	NT=Phospho;AC=UNIMOD:21;TA=S,T,Y;MT=Variable	not applicable	not available	dithiothreitol (dtt)	1	1	Q517H_RIGI_10_20210517_082737.raw	ftp://ftp.pride.ebi.ac.uk/pride/data/archive/2022/08/PXD031831/Q517H_RIGI_10_20210517_082737.raw	v1.1.0	NT=ms-proteomics;VV=v1.1.0	manual curation	Fibroblast
E510V_900_20210410_001207	homo sapiens	Fibroblast	not applicable	syndrome	1	E510V_900_20210410_001207	proteomic profiling by mass spectrometry	NT=Data-dependent acquisition;AC=PRIDE:0000627	NT=label free sample;AC=MS:1002038	NT=orbitrap fusion;AC=MS:1002416	NT=Phospho;AC=UNIMOD:21;TA=S,T,Y;MT=Variable	not applicable	not available	dithiothreitol (dtt)	1	1	E510V_900_20210410_001207.raw	ftp://ftp.pride.ebi.ac.uk/pride/data/archive/2022/08/PXD031831/E510V_900_20210410_001207.raw	v1.1.0	NT=ms-proteomics;VV=v1.1.0	manual curation	Fibroblast
Q517H_RIGI_60_20210517_084440	homo sapiens	Fibroblast	not applicable	syndrome	1	Q517H_RIGI_60_20210517_084440	proteomic profiling by mass spectrometry	NT=Data-dependent acquisition;AC=PRIDE:0000627	NT=label free sample;AC=MS:1002038	NT=orbitrap fusion;AC=MS:1002416	NT=Phospho;AC=UNIMOD:21;TA=S,T,Y;MT=Variable	not applicable	not available	dithiothreitol (dtt)	1	1	Q517H_RIGI_60_20210517_084440.raw	ftp://ftp.pride.ebi.ac.uk/pride/data/archive/2022/08/PXD031831/Q517H_RIGI_60_20210517_084440.raw	v1.1.0	NT=ms-proteomics;VV=v1.1.0	manual curation	Fibroblast
Q517H_RIGI_Cap210l_10_20201214_121313	homo sapiens	Fibroblast	not applicable	syndrome	1	Q517H_RIGI_Cap210l_10_20201214_121313	proteomic profiling by mass spectrometry	NT=Data-dependent acquisition;AC=PRIDE:0000627	NT=label free sample;AC=MS:1002038	NT=orbitrap fusion;AC=MS:1002416	NT=Phospho;AC=UNIMOD:21;TA=S,T,Y;MT=Variable	not applicable	not available	dithiothreitol (dtt)	1	1	Q517H_RIGI_Cap210l_10_20201214_121313.raw	ftp://ftp.pride.ebi.ac.uk/pride/data/archive/2022/08/PXD031831/Q517H_RIGI_Cap210l_10_20201214_121313.raw	v1.1.0	NT=ms-proteomics;VV=v1.1.0	manual curation	Fibroblast
LCMSMS_Q517H_RIGI_20200430	homo sapiens	Fibroblast	not applicable	syndrome	1	LCMSMS_Q517H_RIGI_20200430	proteomic profiling by mass spectrometry	NT=Data-dependent acquisition;AC=PRIDE:0000627	NT=label free sample;AC=MS:1002038	NT=orbitrap fusion;AC=MS:1002416	NT=Phospho;AC=UNIMOD:21;TA=S,T,Y;MT=Variable	not applicable	not available	dithiothreitol (dtt)	1	1	LCMSMS_Q517H_RIGI_20200430.raw	ftp://ftp.pride.ebi.ac.uk/pride/data/archive/2022/08/PXD031831/LCMSMS_Q517H_RIGI_20200430.raw	v1.1.0	NT=ms-proteomics;VV=v1.1.0	manual curation	Fibroblast
WT_RIGI_3p10l_300_20201223_013711	homo sapiens	Fibroblast	not applicable	syndrome	1	WT_RIGI_3p10l_300_20201223_013711	proteomic profiling by mass spectrometry	NT=Data-dependent acquisition;AC=PRIDE:0000627	NT=label free sample;AC=MS:1002038	NT=orbitrap fusion;AC=MS:1002416	NT=Phospho;AC=UNIMOD:21;TA=S,T,Y;MT=Variable	not applicable	not available	dithiothreitol (dtt)	1	1	WT_RIGI_3p10l_300_20201223_013711.raw	ftp://ftp.pride.ebi.ac.uk/pride/data/archive/2022/08/PXD031831/WT_RIGI_3p10l_300_20201223_013711.raw	v1.1.0	NT=ms-proteomics;VV=v1.1.0	manual curation	Fibroblast
E510V_3p_Ub9_300_20210410_113215	homo sapiens	Fibroblast	not applicable	syndrome	1	E510V_3p_Ub9_300_20210410_113215	proteomic profiling by mass spectrometry	NT=Data-dependent acquisition;AC=PRIDE:0000627	NT=label free sample;AC=MS:1002038	NT=orbitrap fusion;AC=MS:1002416	NT=Phospho;AC=UNIMOD:21;TA=S,T,Y;MT=Variable	not applicable	not available	dithiothreitol (dtt)	1	1	E510V_3p_Ub9_300_20210410_113215.raw	ftp://ftp.pride.ebi.ac.uk/pride/data/archive/2022/08/PXD031831/E510V_3p_Ub9_300_20210410_113215.raw	v1.1.0	NT=ms-proteomics;VV=v1.1.0	manual curation	Fibroblast
WT_RIGI_apo_60_20201222_193734	homo sapiens	Fibroblast	not applicable	syndrome	1	WT_RIGI_apo_60_20201222_193734	proteomic profiling by mass spectrometry	NT=Data-dependent acquisition;AC=PRIDE:0000627	NT=label free sample;AC=MS:1002038	NT=orbitrap fusion;AC=MS:1002416	NT=Phospho;AC=UNIMOD:21;TA=S,T,Y;MT=Variable	not applicable	not available	dithiothreitol (dtt)	1	1	WT_RIGI_apo_60_20201222_193734.raw	ftp://ftp.pride.ebi.ac.uk/pride/data/archive/2022/08/PXD031831/WT_RIGI_apo_60_20201222_193734.raw	v1.1.0	NT=ms-proteomics;VV=v1.1.0	manual curation	Fibroblast
E510V_3p_Ub9_60_20210410_103704	homo sapiens	Fibroblast	not applicable	syndrome	1	E510V_3p_Ub9_60_20210410_103704	proteomic profiling by mass spectrometry	NT=Data-dependent acquisition;AC=PRIDE:0000627	NT=label free sample;AC=MS:1002038	NT=orbitrap fusion;AC=MS:1002416	NT=Phospho;AC=UNIMOD:21;TA=S,T,Y;MT=Variable	not applicable	not available	dithiothreitol (dtt)	1	1	E510V_3p_Ub9_60_20210410_103704.raw	ftp://ftp.pride.ebi.ac.uk/pride/data/archive/2022/08/PXD031831/E510V_3p_Ub9_60_20210410_103704.raw	v1.1.0	NT=ms-proteomics;VV=v1.1.0	manual curation	Fibroblast
Q517H_RIGI_3p10l_300_20201214_083029	homo sapiens	Fibroblast	not applicable	syndrome	1	Q517H_RIGI_3p10l_300_20201214_083029	proteomic profiling by mass spectrometry	NT=Data-dependent acquisition;AC=PRIDE:0000627	NT=label free sample;AC=MS:1002038	NT=orbitrap fusion;AC=MS:1002416	NT=Phospho;AC=UNIMOD:21;TA=S,T,Y;MT=Variable	not applicable	not available	dithiothreitol (dtt)	1	1	Q517H_RIGI_3p10l_300_20201214_083029.raw	ftp://ftp.pride.ebi.ac.uk/pride/data/archive/2022/08/PXD031831/Q517H_RIGI_3p10l_300_20201214_083029.raw	v1.1.0	NT=ms-proteomics;VV=v1.1.0	manual curation	Fibroblast
WT_RIGI_Cap210l_Ub10_10_20201223_151418	homo sapiens	Fibroblast	not applicable	syndrome	1	WT_RIGI_Cap210l_Ub10_10_20201223_151418	proteomic profiling by mass spectrometry	NT=Data-dependent acquisition;AC=PRIDE:0000627	NT=label free sample;AC=MS:1002038	NT=orbitrap fusion;AC=MS:1002416	NT=Phospho;AC=UNIMOD:21;TA=S,T,Y;MT=Variable	not applicable	not available	dithiothreitol (dtt)	1	1	WT_RIGI_Cap210l_Ub10_10_20201223_151418.raw	ftp://ftp.pride.ebi.ac.uk/pride/data/archive/2022/08/PXD031831/WT_RIGI_Cap210l_Ub10_10_20201223_151418.raw	v1.1.0	NT=ms-proteomics;VV=v1.1.0	manual curation	Fibroblast
E510V_RIGI_900_20210517_201853	homo sapiens	Fibroblast	not applicable	syndrome	1	E510V_RIGI_900_20210517_201853	proteomic profiling by mass spectrometry	NT=Data-dependent acquisition;AC=PRIDE:0000627	NT=label free sample;AC=MS:1002038	NT=orbitrap fusion;AC=MS:1002416	NT=Phospho;AC=UNIMOD:21;TA=S,T,Y;MT=Variable	not applicable	not available	dithiothreitol (dtt)	1	1	E510V_RIGI_900_20210517_201853.raw	ftp://ftp.pride.ebi.ac.uk/pride/data/archive/2022/08/PXD031831/E510V_RIGI_900_20210517_201853.raw	v1.1.0	NT=ms-proteomics;VV=v1.1.0	manual curation	Fibroblast
E510V_RIGI_0_20210517_144004	homo sapiens	Fibroblast	not applicable	syndrome	1	E510V_RIGI_0_20210517_144004	proteomic profiling by mass spectrometry	NT=Data-dependent acquisition;AC=PRIDE:0000627	NT=label free sample;AC=MS:1002038	NT=orbitrap fusion;AC=MS:1002416	NT=Phospho;AC=UNIMOD:21;TA=S,T,Y;MT=Variable	not applicable	not available	dithiothreitol (dtt)	1	1	E510V_RIGI_0_20210517_144004.raw	ftp://ftp.pride.ebi.ac.uk/pride/data/archive/2022/08/PXD031831/E510V_RIGI_0_20210517_144004.raw	v1.1.0	NT=ms-proteomics;VV=v1.1.0	manual curation	Fibroblast
WT_RIGI_Cap210l_60_20201223_062011	homo sapiens	Fibroblast	not applicable	syndrome	1	WT_RIGI_Cap210l_60_20201223_062011	proteomic profiling by mass spectrometry	NT=Data-dependent acquisition;AC=PRIDE:0000627	NT=label free sample;AC=MS:1002038	NT=orbitrap fusion;AC=MS:1002416	NT=Phospho;AC=UNIMOD:21;TA=S,T,Y;MT=Variable	not applicable	not available	dithiothreitol (dtt)	1	1	WT_RIGI_Cap210l_60_20201223_062011.raw	ftp://ftp.pride.ebi.ac.uk/pride/data/archive/2022/08/PXD031831/WT_RIGI_Cap210l_60_20201223_062011.raw	v1.1.0	NT=ms-proteomics;VV=v1.1.0	manual curation	Fibroblast
WT_RIGI_3p10l_900_20201223_025902	homo sapiens	Fibroblast	not applicable	syndrome	1	WT_RIGI_3p10l_900_20201223_025902	proteomic profiling by mass spectrometry	NT=Data-dependent acquisition;AC=PRIDE:0000627	NT=label free sample;AC=MS:1002038	NT=orbitrap fusion;AC=MS:1002416	NT=Phospho;AC=UNIMOD:21;TA=S,T,Y;MT=Variable	not applicable	not available	dithiothreitol (dtt)	1	1	WT_RIGI_3p10l_900_20201223_025902.raw	ftp://ftp.pride.ebi.ac.uk/pride/data/archive/2022/08/PXD031831/WT_RIGI_3p10l_900_20201223_025902.raw	v1.1.0	NT=ms-proteomics;VV=v1.1.0	manual curation	Fibroblast
WT_RIGI_Cap210l_Ub10_900_20201224_045624	homo sapiens	Fibroblast	not applicable	syndrome	1	WT_RIGI_Cap210l_Ub10_900_20201224_045624	proteomic profiling by mass spectrometry	NT=Data-dependent acquisition;AC=PRIDE:0000627	NT=label free sample;AC=MS:1002038	NT=orbitrap fusion;AC=MS:1002416	NT=Phospho;AC=UNIMOD:21;TA=S,T,Y;MT=Variable	not applicable	not available	dithiothreitol (dtt)	1	1	WT_RIGI_Cap210l_Ub10_900_20201224_045624.raw	ftp://ftp.pride.ebi.ac.uk/pride/data/archive/2022/08/PXD031831/WT_RIGI_Cap210l_Ub10_900_20201224_045624.raw	v1.1.0	NT=ms-proteomics;VV=v1.1.0	manual curation	Fibroblast
Q517H_RIGI_Cap210l_Ub10_900_20201215_012518	homo sapiens	Fibroblast	not applicable	syndrome	1	Q517H_RIGI_Cap210l_Ub10_900_20201215_012518	proteomic profiling by mass spectrometry	NT=Data-dependent acquisition;AC=PRIDE:0000627	NT=label free sample;AC=MS:1002038	NT=orbitrap fusion;AC=MS:1002416	NT=Phospho;AC=UNIMOD:21;TA=S,T,Y;MT=Variable	not applicable	not available	dithiothreitol (dtt)	1	1	Q517H_RIGI_Cap210l_Ub10_900_20201215_012518.raw	ftp://ftp.pride.ebi.ac.uk/pride/data/archive/2022/08/PXD031831/Q517H_RIGI_Cap210l_Ub10_900_20201215_012518.raw	v1.1.0	NT=ms-proteomics;VV=v1.1.0	manual curation	Fibroblast
WT_RIGI_3p10l_300_20201223_020104	homo sapiens	Fibroblast	not applicable	syndrome	1	WT_RIGI_3p10l_300_20201223_020104	proteomic profiling by mass spectrometry	NT=Data-dependent acquisition;AC=PRIDE:0000627	NT=label free sample;AC=MS:1002038	NT=orbitrap fusion;AC=MS:1002416	NT=Phospho;AC=UNIMOD:21;TA=S,T,Y;MT=Variable	not applicable	not available	dithiothreitol (dtt)	1	1	WT_RIGI_3p10l_300_20201223_020104.raw	ftp://ftp.pride.ebi.ac.uk/pride/data/archive/2022/08/PXD031831/WT_RIGI_3p10l_300_20201223_020104.raw	v1.1.0	NT=ms-proteomics;VV=v1.1.0	manual curation	Fibroblast
Q517H_RIGI_3p10l_Ub10_10_20201214_170628	homo sapiens	Fibroblast	not applicable	syndrome	1	Q517H_RIGI_3p10l_Ub10_10_20201214_170628	proteomic profiling by mass spectrometry	NT=Data-dependent acquisition;AC=PRIDE:0000627	NT=label free sample;AC=MS:1002038	NT=orbitrap fusion;AC=MS:1002416	NT=Phospho;AC=UNIMOD:21;TA=S,T,Y;MT=Variable	not applicable	not available	dithiothreitol (dtt)	1	1	Q517H_RIGI_3p10l_Ub10_10_20201214_170628.raw	ftp://ftp.pride.ebi.ac.uk/pride/data/archive/2022/08/PXD031831/Q517H_RIGI_3p10l_Ub10_10_20201214_170628.raw	v1.1.0	NT=ms-proteomics;VV=v1.1.0	manual curation	Fibroblast
E510V_10_20210409_033214	homo sapiens	Fibroblast	not applicable	syndrome	1	E510V_10_20210409_033214	proteomic profiling by mass spectrometry	NT=Data-dependent acquisition;AC=PRIDE:0000627	NT=label free sample;AC=MS:1002038	NT=orbitrap fusion;AC=MS:1002416	NT=Phospho;AC=UNIMOD:21;TA=S,T,Y;MT=Variable	not applicable	not available	dithiothreitol (dtt)	1	1	E510V_10_20210409_033214.raw	ftp://ftp.pride.ebi.ac.uk/pride/data/archive/2022/08/PXD031831/E510V_10_20210409_033214.raw	v1.1.0	NT=ms-proteomics;VV=v1.1.0	manual curation	Fibroblast
Q517H_RIGI_60_20210517_091904	homo sapiens	Fibroblast	not applicable	syndrome	1	Q517H_RIGI_60_20210517_091904	proteomic profiling by mass spectrometry	NT=Data-dependent acquisition;AC=PRIDE:0000627	NT=label free sample;AC=MS:1002038	NT=orbitrap fusion;AC=MS:1002416	NT=Phospho;AC=UNIMOD:21;TA=S,T,Y;MT=Variable	not applicable	not available	dithiothreitol (dtt)	1	1	Q517H_RIGI_60_20210517_091904.raw	ftp://ftp.pride.ebi.ac.uk/pride/data/archive/2022/08/PXD031831/Q517H_RIGI_60_20210517_091904.raw	v1.1.0	NT=ms-proteomics;VV=v1.1.0	manual curation	Fibroblast
WT_RIGI_300_20210517_035919	homo sapiens	Fibroblast	not applicable	syndrome	1	WT_RIGI_300_20210517_035919	proteomic profiling by mass spectrometry	NT=Data-dependent acquisition;AC=PRIDE:0000627	NT=label free sample;AC=MS:1002038	NT=orbitrap fusion;AC=MS:1002416	NT=Phospho;AC=UNIMOD:21;TA=S,T,Y;MT=Variable	not applicable	not available	dithiothreitol (dtt)	1	1	WT_RIGI_300_20210517_035919.raw	ftp://ftp.pride.ebi.ac.uk/pride/data/archive/2022/08/PXD031831/WT_RIGI_300_20210517_035919.raw	v1.1.0	NT=ms-proteomics;VV=v1.1.0	manual curation	Fibroblast
WT_RIGI_Cap210l_Ub10_900_20201224_052421	homo sapiens	Fibroblast	not applicable	syndrome	1	WT_RIGI_Cap210l_Ub10_900_20201224_052421	proteomic profiling by mass spectrometry	NT=Data-dependent acquisition;AC=PRIDE:0000627	NT=label free sample;AC=MS:1002038	NT=orbitrap fusion;AC=MS:1002416	NT=Phospho;AC=UNIMOD:21;TA=S,T,Y;MT=Variable	not applicable	not available	dithiothreitol (dtt)	1	1	WT_RIGI_Cap210l_Ub10_900_20201224_052421.raw	ftp://ftp.pride.ebi.ac.uk/pride/data/archive/2022/08/PXD031831/WT_RIGI_Cap210l_Ub10_900_20201224_052421.raw	v1.1.0	NT=ms-proteomics;VV=v1.1.0	manual curation	Fibroblast
