source name	characteristics[organism]	characteristics[organism part]	characteristics[cell type]	characteristics[disease]	characteristics[sex]	characteristics[biological replicate]	assay name	technology type	comment[proteomics data acquisition method]	comment[label]	comment[instrument]	comment[instrument]	comment[cleavage agent details]	comment[dissociation method]	comment[collision energy]	comment[fraction identifier]	comment[technical replicate]	comment[data file]	comment[file uri]	comment[sdrf version]	comment[sdrf template]	comment[sdrf template]	comment[sdrf template]	comment[sdrf annotation tool]	factor value[organism part]
20230325-1520_EXP1_001863_24032023_MT_Plasma_800ng_DIA_ID_43	homo sapiens	blood plasma	not applicable	metabolic dysfunction-associated steatotic liver disease	female	43	20230325-1520_EXP1_001863_24032023_MT_Plasma_800ng_DIA_ID_43	proteomic profiling by mass spectrometry	Data-independent acquisition	NT=label free sample;AC=MS:1002038	NT=q exactive hf-x;AC=MS:1002877	NT=orbitrap exploris 480;AC=MS:1003028	not applicable	not available	28% NCE	1	1	20230325-1520_EXP1_001863_24032023_MT_Plasma_800ng_DIA_ID_43.raw	ftp://ftp.pride.ebi.ac.uk/pride/data/archive/2025/03/PXD051911/20230325-1520_EXP1_001863_24032023_MT_Plasma_800ng_DIA_ID_43.raw	v1.1.0	NT=ms-proteomics;VV=v1.1.0	NT=clinical-metadata;VV=v1.0.0	NT=dia-acquisition;VV=v1.1.0	manual curation	blood plasma
11122020_FP_ATLASLiver_vis1_ID82	homo sapiens	liver	not applicable	metabolic dysfunction-associated steatotic liver disease	female	1	11122020_FP_ATLASLiver_vis1_ID82	proteomic profiling by mass spectrometry	Data-independent acquisition	NT=label free sample;AC=MS:1002038	NT=q exactive hf-x;AC=MS:1002877	NT=orbitrap exploris 480;AC=MS:1003028	not applicable	not available	28% NCE	1	1	11122020_FP_ATLASLiver_vis1_ID82.raw	ftp://ftp.pride.ebi.ac.uk/pride/data/archive/2025/03/PXD051911/11122020_FP_ATLASLiver_vis1_ID82.raw	v1.1.0	NT=ms-proteomics;VV=v1.1.0	NT=clinical-metadata;VV=v1.0.0	NT=dia-acquisition;VV=v1.1.0	manual curation	liver
20230325-1015_EXP1_001860_24032023_MT_Plasma_800ng_DIA_ID_34	homo sapiens	blood plasma	not applicable	metabolic dysfunction-associated steatotic liver disease	female	34	20230325-1015_EXP1_001860_24032023_MT_Plasma_800ng_DIA_ID_34	proteomic profiling by mass spectrometry	Data-independent acquisition	NT=label free sample;AC=MS:1002038	NT=q exactive hf-x;AC=MS:1002877	NT=orbitrap exploris 480;AC=MS:1003028	not applicable	not available	28% NCE	1	1	20230325-1015_EXP1_001860_24032023_MT_Plasma_800ng_DIA_ID_34.raw	ftp://ftp.pride.ebi.ac.uk/pride/data/archive/2025/03/PXD051911/20230325-1015_EXP1_001860_24032023_MT_Plasma_800ng_DIA_ID_34.raw	v1.1.0	NT=ms-proteomics;VV=v1.1.0	NT=clinical-metadata;VV=v1.0.0	NT=dia-acquisition;VV=v1.1.0	manual curation	blood plasma
20230311-1747_EXP2_001204_01032023_MT_Plasma_800ng_DIA_ID_110	homo sapiens	blood plasma	not applicable	metabolic dysfunction-associated steatotic liver disease	female	1	20230311-1747_EXP2_001204_01032023_MT_Plasma_800ng_DIA_ID_110	proteomic profiling by mass spectrometry	Data-independent acquisition	NT=label free sample;AC=MS:1002038	NT=q exactive hf-x;AC=MS:1002877	NT=orbitrap exploris 480;AC=MS:1003028	not applicable	not available	28% NCE	1	1	20230311-1747_EXP2_001204_01032023_MT_Plasma_800ng_DIA_ID_110.raw	ftp://ftp.pride.ebi.ac.uk/pride/data/archive/2025/03/PXD051911/20230311-1747_EXP2_001204_01032023_MT_Plasma_800ng_DIA_ID_110.raw	v1.1.0	NT=ms-proteomics;VV=v1.1.0	NT=clinical-metadata;VV=v1.0.0	NT=dia-acquisition;VV=v1.1.0	manual curation	blood plasma
07062023_FP_hPlasma_V2_ID5	homo sapiens	not available	not applicable	metabolic dysfunction-associated steatotic liver disease	female	1	07062023_FP_hPlasma_V2_ID5	proteomic profiling by mass spectrometry	Data-independent acquisition	NT=label free sample;AC=MS:1002038	NT=q exactive hf-x;AC=MS:1002877	NT=orbitrap exploris 480;AC=MS:1003028	not applicable	not available	28% NCE	1	1	07062023_FP_hPlasma_V2_ID5.raw	ftp://ftp.pride.ebi.ac.uk/pride/data/archive/2025/03/PXD051911/07062023_FP_hPlasma_V2_ID5.raw	v1.1.0	NT=ms-proteomics;VV=v1.1.0	NT=clinical-metadata;VV=v1.0.0	NT=dia-acquisition;VV=v1.1.0	manual curation	not available
20230318-1843_EXP1_001798_17032023_MT_Plasma_800ng_DIA_ID_131	homo sapiens	blood plasma	not applicable	metabolic dysfunction-associated steatotic liver disease	female	1	20230318-1843_EXP1_001798_17032023_MT_Plasma_800ng_DIA_ID_131	proteomic profiling by mass spectrometry	Data-independent acquisition	NT=label free sample;AC=MS:1002038	NT=q exactive hf-x;AC=MS:1002877	NT=orbitrap exploris 480;AC=MS:1003028	not applicable	not available	28% NCE	1	1	20230318-1843_EXP1_001798_17032023_MT_Plasma_800ng_DIA_ID_131.raw	ftp://ftp.pride.ebi.ac.uk/pride/data/archive/2025/03/PXD051911/20230318-1843_EXP1_001798_17032023_MT_Plasma_800ng_DIA_ID_131.raw	v1.1.0	NT=ms-proteomics;VV=v1.1.0	NT=clinical-metadata;VV=v1.0.0	NT=dia-acquisition;VV=v1.1.0	manual curation	blood plasma
20201201_SL_ATLAS_WAT_DIA_RT_4mcg_Oment_V2_02	homo sapiens	not available	not applicable	metabolic dysfunction-associated steatotic liver disease	female	2	20201201_SL_ATLAS_WAT_DIA_RT_4mcg_Oment_V2_02	proteomic profiling by mass spectrometry	Data-independent acquisition	NT=label free sample;AC=MS:1002038	NT=q exactive hf-x;AC=MS:1002877	NT=orbitrap exploris 480;AC=MS:1003028	not applicable	not available	28% NCE	1	1	20201201_SL_ATLAS_WAT_DIA_RT_4mcg_Oment_V2_02.raw	ftp://ftp.pride.ebi.ac.uk/pride/data/archive/2025/03/PXD051911/20201201_SL_ATLAS_WAT_DIA_RT_4mcg_Oment_V2_02.raw	v1.1.0	NT=ms-proteomics;VV=v1.1.0	NT=clinical-metadata;VV=v1.0.0	NT=dia-acquisition;VV=v1.1.0	manual curation	not available
20210217_SL_ATLAS_WAT_DIA_RT_4mcg_V2_OMENT_42	homo sapiens	not available	not applicable	metabolic dysfunction-associated steatotic liver disease	female	42	20210217_SL_ATLAS_WAT_DIA_RT_4mcg_V2_OMENT_42	proteomic profiling by mass spectrometry	Data-independent acquisition	NT=label free sample;AC=MS:1002038	NT=q exactive hf-x;AC=MS:1002877	NT=orbitrap exploris 480;AC=MS:1003028	not applicable	not available	28% NCE	1	1	20210217_SL_ATLAS_WAT_DIA_RT_4mcg_V2_OMENT_42.raw	ftp://ftp.pride.ebi.ac.uk/pride/data/archive/2025/03/PXD051911/20210217_SL_ATLAS_WAT_DIA_RT_4mcg_V2_OMENT_42.raw	v1.1.0	NT=ms-proteomics;VV=v1.1.0	NT=clinical-metadata;VV=v1.0.0	NT=dia-acquisition;VV=v1.1.0	manual curation	not available
20230321-1851_EXP1_001835_17032023_MT_Plasma_800ng_DIA_ID_206	homo sapiens	blood plasma	not applicable	metabolic dysfunction-associated steatotic liver disease	female	1	20230321-1851_EXP1_001835_17032023_MT_Plasma_800ng_DIA_ID_206	proteomic profiling by mass spectrometry	Data-independent acquisition	NT=label free sample;AC=MS:1002038	NT=q exactive hf-x;AC=MS:1002877	NT=orbitrap exploris 480;AC=MS:1003028	not applicable	not available	28% NCE	1	1	20230321-1851_EXP1_001835_17032023_MT_Plasma_800ng_DIA_ID_206.raw	ftp://ftp.pride.ebi.ac.uk/pride/data/archive/2025/03/PXD051911/20230321-1851_EXP1_001835_17032023_MT_Plasma_800ng_DIA_ID_206.raw	v1.1.0	NT=ms-proteomics;VV=v1.1.0	NT=clinical-metadata;VV=v1.0.0	NT=dia-acquisition;VV=v1.1.0	manual curation	blood plasma
20191017_FP_QexXn2_1015_22cmr2um_Human_male_23	homo sapiens	not available	not applicable	metabolic dysfunction-associated steatotic liver disease	female	23	20191017_FP_QexXn2_1015_22cmr2um_Human_male_23	proteomic profiling by mass spectrometry	Data-independent acquisition	NT=label free sample;AC=MS:1002038	NT=q exactive hf-x;AC=MS:1002877	NT=orbitrap exploris 480;AC=MS:1003028	not applicable	not available	28% NCE	1	1	20191017_FP_QexXn2_1015_22cmr2um_Human_male_23.raw	ftp://ftp.pride.ebi.ac.uk/pride/data/archive/2025/03/PXD051911/20191017_FP_QexXn2_1015_22cmr2um_Human_male_23.raw	v1.1.0	NT=ms-proteomics;VV=v1.1.0	NT=clinical-metadata;VV=v1.0.0	NT=dia-acquisition;VV=v1.1.0	manual curation	not available
20230310-1946_EXP2_001193_01032023_MT_Plasma_800ng_DIA_ID_85	homo sapiens	blood plasma	not applicable	metabolic dysfunction-associated steatotic liver disease	female	85	20230310-1946_EXP2_001193_01032023_MT_Plasma_800ng_DIA_ID_85	proteomic profiling by mass spectrometry	Data-independent acquisition	NT=label free sample;AC=MS:1002038	NT=q exactive hf-x;AC=MS:1002877	NT=orbitrap exploris 480;AC=MS:1003028	not applicable	not available	28% NCE	1	1	20230310-1946_EXP2_001193_01032023_MT_Plasma_800ng_DIA_ID_85.raw	ftp://ftp.pride.ebi.ac.uk/pride/data/archive/2025/03/PXD051911/20230310-1946_EXP2_001193_01032023_MT_Plasma_800ng_DIA_ID_85.raw	v1.1.0	NT=ms-proteomics;VV=v1.1.0	NT=clinical-metadata;VV=v1.0.0	NT=dia-acquisition;VV=v1.1.0	manual curation	blood plasma
07062023_FP_hPlasma_V3_ID74	homo sapiens	not available	not applicable	metabolic dysfunction-associated steatotic liver disease	female	1	07062023_FP_hPlasma_V3_ID74	proteomic profiling by mass spectrometry	Data-independent acquisition	NT=label free sample;AC=MS:1002038	NT=q exactive hf-x;AC=MS:1002877	NT=orbitrap exploris 480;AC=MS:1003028	not applicable	not available	28% NCE	1	1	07062023_FP_hPlasma_V3_ID74.raw	ftp://ftp.pride.ebi.ac.uk/pride/data/archive/2025/03/PXD051911/07062023_FP_hPlasma_V3_ID74.raw	v1.1.0	NT=ms-proteomics;VV=v1.1.0	NT=clinical-metadata;VV=v1.0.0	NT=dia-acquisition;VV=v1.1.0	manual curation	not available
20230320-1651_EXP1_001822_17032023_MT_Plasma_800ng_DIA_ID_178	homo sapiens	blood plasma	not applicable	metabolic dysfunction-associated steatotic liver disease	female	1	20230320-1651_EXP1_001822_17032023_MT_Plasma_800ng_DIA_ID_178	proteomic profiling by mass spectrometry	Data-independent acquisition	NT=label free sample;AC=MS:1002038	NT=q exactive hf-x;AC=MS:1002877	NT=orbitrap exploris 480;AC=MS:1003028	not applicable	not available	28% NCE	1	1	20230320-1651_EXP1_001822_17032023_MT_Plasma_800ng_DIA_ID_178.raw	ftp://ftp.pride.ebi.ac.uk/pride/data/archive/2025/03/PXD051911/20230320-1651_EXP1_001822_17032023_MT_Plasma_800ng_DIA_ID_178.raw	v1.1.0	NT=ms-proteomics;VV=v1.1.0	NT=clinical-metadata;VV=v1.0.0	NT=dia-acquisition;VV=v1.1.0	manual curation	blood plasma
20210127_SL_ATLAS_WAT_DIA_RT_4mcg_V1_SC_21	homo sapiens	not available	not applicable	metabolic dysfunction-associated steatotic liver disease	female	21	20210127_SL_ATLAS_WAT_DIA_RT_4mcg_V1_SC_21	proteomic profiling by mass spectrometry	Data-independent acquisition	NT=label free sample;AC=MS:1002038	NT=q exactive hf-x;AC=MS:1002877	NT=orbitrap exploris 480;AC=MS:1003028	not applicable	not available	28% NCE	1	1	20210127_SL_ATLAS_WAT_DIA_RT_4mcg_V1_SC_21.raw	ftp://ftp.pride.ebi.ac.uk/pride/data/archive/2025/03/PXD051911/20210127_SL_ATLAS_WAT_DIA_RT_4mcg_V1_SC_21.raw	v1.1.0	NT=ms-proteomics;VV=v1.1.0	NT=clinical-metadata;VV=v1.0.0	NT=dia-acquisition;VV=v1.1.0	manual curation	not available
20201201_SL_ATLAS_WAT_DIA_RT_4mcg_Oment_V2_06	homo sapiens	not available	not applicable	metabolic dysfunction-associated steatotic liver disease	female	6	20201201_SL_ATLAS_WAT_DIA_RT_4mcg_Oment_V2_06	proteomic profiling by mass spectrometry	Data-independent acquisition	NT=label free sample;AC=MS:1002038	NT=q exactive hf-x;AC=MS:1002877	NT=orbitrap exploris 480;AC=MS:1003028	not applicable	not available	28% NCE	1	1	20201201_SL_ATLAS_WAT_DIA_RT_4mcg_Oment_V2_06.raw	ftp://ftp.pride.ebi.ac.uk/pride/data/archive/2025/03/PXD051911/20201201_SL_ATLAS_WAT_DIA_RT_4mcg_Oment_V2_06.raw	v1.1.0	NT=ms-proteomics;VV=v1.1.0	NT=clinical-metadata;VV=v1.0.0	NT=dia-acquisition;VV=v1.1.0	manual curation	not available
20201208_SL_ATLAS_WAT_DIA_RT_4mcg_V2_31	homo sapiens	not available	not applicable	metabolic dysfunction-associated steatotic liver disease	female	31	20201208_SL_ATLAS_WAT_DIA_RT_4mcg_V2_31	proteomic profiling by mass spectrometry	Data-independent acquisition	NT=label free sample;AC=MS:1002038	NT=q exactive hf-x;AC=MS:1002877	NT=orbitrap exploris 480;AC=MS:1003028	not applicable	not available	28% NCE	1	1	20201208_SL_ATLAS_WAT_DIA_RT_4mcg_V2_31.raw	ftp://ftp.pride.ebi.ac.uk/pride/data/archive/2025/03/PXD051911/20201208_SL_ATLAS_WAT_DIA_RT_4mcg_V2_31.raw	v1.1.0	NT=ms-proteomics;VV=v1.1.0	NT=clinical-metadata;VV=v1.0.0	NT=dia-acquisition;VV=v1.1.0	manual curation	not available
20230311-1630_EXP2_001203_01032023_MT_Plasma_800ng_DIA_ID_109	homo sapiens	blood plasma	not applicable	metabolic dysfunction-associated steatotic liver disease	female	1	20230311-1630_EXP2_001203_01032023_MT_Plasma_800ng_DIA_ID_109	proteomic profiling by mass spectrometry	Data-independent acquisition	NT=label free sample;AC=MS:1002038	NT=q exactive hf-x;AC=MS:1002877	NT=orbitrap exploris 480;AC=MS:1003028	not applicable	not available	28% NCE	1	1	20230311-1630_EXP2_001203_01032023_MT_Plasma_800ng_DIA_ID_109.raw	ftp://ftp.pride.ebi.ac.uk/pride/data/archive/2025/03/PXD051911/20230311-1630_EXP2_001203_01032023_MT_Plasma_800ng_DIA_ID_109.raw	v1.1.0	NT=ms-proteomics;VV=v1.1.0	NT=clinical-metadata;VV=v1.0.0	NT=dia-acquisition;VV=v1.1.0	manual curation	blood plasma
20230326-1724_EXP1_001879_24032023_MT_Plasma_800ng_DIA_ID_91	homo sapiens	blood plasma	not applicable	metabolic dysfunction-associated steatotic liver disease	female	91	20230326-1724_EXP1_001879_24032023_MT_Plasma_800ng_DIA_ID_91	proteomic profiling by mass spectrometry	Data-independent acquisition	NT=label free sample;AC=MS:1002038	NT=q exactive hf-x;AC=MS:1002877	NT=orbitrap exploris 480;AC=MS:1003028	not applicable	not available	28% NCE	1	1	20230326-1724_EXP1_001879_24032023_MT_Plasma_800ng_DIA_ID_91.raw	ftp://ftp.pride.ebi.ac.uk/pride/data/archive/2025/03/PXD051911/20230326-1724_EXP1_001879_24032023_MT_Plasma_800ng_DIA_ID_91.raw	v1.1.0	NT=ms-proteomics;VV=v1.1.0	NT=clinical-metadata;VV=v1.0.0	NT=dia-acquisition;VV=v1.1.0	manual curation	blood plasma
20230302-0515_EXP2_001159_01032023_MT_Plasma_800ng_DIA_ID_09	homo sapiens	blood plasma	not applicable	metabolic dysfunction-associated steatotic liver disease	female	9	20230302-0515_EXP2_001159_01032023_MT_Plasma_800ng_DIA_ID_09	proteomic profiling by mass spectrometry	Data-independent acquisition	NT=label free sample;AC=MS:1002038	NT=q exactive hf-x;AC=MS:1002877	NT=orbitrap exploris 480;AC=MS:1003028	not applicable	not available	28% NCE	1	1	20230302-0515_EXP2_001159_01032023_MT_Plasma_800ng_DIA_ID_09.raw	ftp://ftp.pride.ebi.ac.uk/pride/data/archive/2025/03/PXD051911/20230302-0515_EXP2_001159_01032023_MT_Plasma_800ng_DIA_ID_09.raw	v1.1.0	NT=ms-proteomics;VV=v1.1.0	NT=clinical-metadata;VV=v1.0.0	NT=dia-acquisition;VV=v1.1.0	manual curation	blood plasma
20230302-0631_EXP2_001160_01032023_MT_Plasma_800ng_DIA_ID_11	homo sapiens	blood plasma	not applicable	metabolic dysfunction-associated steatotic liver disease	female	11	20230302-0631_EXP2_001160_01032023_MT_Plasma_800ng_DIA_ID_11	proteomic profiling by mass spectrometry	Data-independent acquisition	NT=label free sample;AC=MS:1002038	NT=q exactive hf-x;AC=MS:1002877	NT=orbitrap exploris 480;AC=MS:1003028	not applicable	not available	28% NCE	1	1	20230302-0631_EXP2_001160_01032023_MT_Plasma_800ng_DIA_ID_11.raw	ftp://ftp.pride.ebi.ac.uk/pride/data/archive/2025/03/PXD051911/20230302-0631_EXP2_001160_01032023_MT_Plasma_800ng_DIA_ID_11.raw	v1.1.0	NT=ms-proteomics;VV=v1.1.0	NT=clinical-metadata;VV=v1.0.0	NT=dia-acquisition;VV=v1.1.0	manual curation	blood plasma
20230321-1611_EXP1_001834_17032023_MT_Plasma_800ng_DIA_ID_203	homo sapiens	blood plasma	not applicable	metabolic dysfunction-associated steatotic liver disease	female	1	20230321-1611_EXP1_001834_17032023_MT_Plasma_800ng_DIA_ID_203	proteomic profiling by mass spectrometry	Data-independent acquisition	NT=label free sample;AC=MS:1002038	NT=q exactive hf-x;AC=MS:1002877	NT=orbitrap exploris 480;AC=MS:1003028	not applicable	not available	28% NCE	1	1	20230321-1611_EXP1_001834_17032023_MT_Plasma_800ng_DIA_ID_203.raw	ftp://ftp.pride.ebi.ac.uk/pride/data/archive/2025/03/PXD051911/20230321-1611_EXP1_001834_17032023_MT_Plasma_800ng_DIA_ID_203.raw	v1.1.0	NT=ms-proteomics;VV=v1.1.0	NT=clinical-metadata;VV=v1.0.0	NT=dia-acquisition;VV=v1.1.0	manual curation	blood plasma
20230326-1522_EXP1_001878_24032023_MT_Plasma_800ng_DIA_ID_88	homo sapiens	blood plasma	not applicable	metabolic dysfunction-associated steatotic liver disease	female	88	20230326-1522_EXP1_001878_24032023_MT_Plasma_800ng_DIA_ID_88	proteomic profiling by mass spectrometry	Data-independent acquisition	NT=label free sample;AC=MS:1002038	NT=q exactive hf-x;AC=MS:1002877	NT=orbitrap exploris 480;AC=MS:1003028	not applicable	not available	28% NCE	1	1	20230326-1522_EXP1_001878_24032023_MT_Plasma_800ng_DIA_ID_88.raw	ftp://ftp.pride.ebi.ac.uk/pride/data/archive/2025/03/PXD051911/20230326-1522_EXP1_001878_24032023_MT_Plasma_800ng_DIA_ID_88.raw	v1.1.0	NT=ms-proteomics;VV=v1.1.0	NT=clinical-metadata;VV=v1.0.0	NT=dia-acquisition;VV=v1.1.0	manual curation	blood plasma
07062023_FP_hPlasma_V3_ID09	homo sapiens	not available	not applicable	metabolic dysfunction-associated steatotic liver disease	female	1	07062023_FP_hPlasma_V3_ID09	proteomic profiling by mass spectrometry	Data-independent acquisition	NT=label free sample;AC=MS:1002038	NT=q exactive hf-x;AC=MS:1002877	NT=orbitrap exploris 480;AC=MS:1003028	not applicable	not available	28% NCE	1	1	07062023_FP_hPlasma_V3_ID09.raw	ftp://ftp.pride.ebi.ac.uk/pride/data/archive/2025/03/PXD051911/07062023_FP_hPlasma_V3_ID09.raw	v1.1.0	NT=ms-proteomics;VV=v1.1.0	NT=clinical-metadata;VV=v1.0.0	NT=dia-acquisition;VV=v1.1.0	manual curation	not available
11122020_FP_ATLASLiver_vis1_ID64	homo sapiens	liver	not applicable	metabolic dysfunction-associated steatotic liver disease	female	1	11122020_FP_ATLASLiver_vis1_ID64	proteomic profiling by mass spectrometry	Data-independent acquisition	NT=label free sample;AC=MS:1002038	NT=q exactive hf-x;AC=MS:1002877	NT=orbitrap exploris 480;AC=MS:1003028	not applicable	not available	28% NCE	1	1	11122020_FP_ATLASLiver_vis1_ID64.raw	ftp://ftp.pride.ebi.ac.uk/pride/data/archive/2025/03/PXD051911/11122020_FP_ATLASLiver_vis1_ID64.raw	v1.1.0	NT=ms-proteomics;VV=v1.1.0	NT=clinical-metadata;VV=v1.0.0	NT=dia-acquisition;VV=v1.1.0	manual curation	liver
20230319-0614_EXP1_001804_17032023_MT_Plasma_800ng_DIA_ID_137	homo sapiens	blood plasma	not applicable	metabolic dysfunction-associated steatotic liver disease	female	1	20230319-0614_EXP1_001804_17032023_MT_Plasma_800ng_DIA_ID_137	proteomic profiling by mass spectrometry	Data-independent acquisition	NT=label free sample;AC=MS:1002038	NT=q exactive hf-x;AC=MS:1002877	NT=orbitrap exploris 480;AC=MS:1003028	not applicable	not available	28% NCE	1	1	20230319-0614_EXP1_001804_17032023_MT_Plasma_800ng_DIA_ID_137.raw	ftp://ftp.pride.ebi.ac.uk/pride/data/archive/2025/03/PXD051911/20230319-0614_EXP1_001804_17032023_MT_Plasma_800ng_DIA_ID_137.raw	v1.1.0	NT=ms-proteomics;VV=v1.1.0	NT=clinical-metadata;VV=v1.0.0	NT=dia-acquisition;VV=v1.1.0	manual curation	blood plasma
20191017_FP_QexXn2_1015_22cmr2um_Human_female_25	homo sapiens	not available	not applicable	metabolic dysfunction-associated steatotic liver disease	female	25	20191017_FP_QexXn2_1015_22cmr2um_Human_female_25	proteomic profiling by mass spectrometry	Data-independent acquisition	NT=label free sample;AC=MS:1002038	NT=q exactive hf-x;AC=MS:1002877	NT=orbitrap exploris 480;AC=MS:1003028	not applicable	not available	28% NCE	1	1	20191017_FP_QexXn2_1015_22cmr2um_Human_female_25.raw	ftp://ftp.pride.ebi.ac.uk/pride/data/archive/2025/03/PXD051911/20191017_FP_QexXn2_1015_22cmr2um_Human_female_25.raw	v1.1.0	NT=ms-proteomics;VV=v1.1.0	NT=clinical-metadata;VV=v1.0.0	NT=dia-acquisition;VV=v1.1.0	manual curation	not available
20191017_FP_QexXn2_1015_22cmr2um_Human_male_13	homo sapiens	not available	not applicable	metabolic dysfunction-associated steatotic liver disease	female	13	20191017_FP_QexXn2_1015_22cmr2um_Human_male_13	proteomic profiling by mass spectrometry	Data-independent acquisition	NT=label free sample;AC=MS:1002038	NT=q exactive hf-x;AC=MS:1002877	NT=orbitrap exploris 480;AC=MS:1003028	not applicable	not available	28% NCE	1	1	20191017_FP_QexXn2_1015_22cmr2um_Human_male_13.raw	ftp://ftp.pride.ebi.ac.uk/pride/data/archive/2025/03/PXD051911/20191017_FP_QexXn2_1015_22cmr2um_Human_male_13.raw	v1.1.0	NT=ms-proteomics;VV=v1.1.0	NT=clinical-metadata;VV=v1.0.0	NT=dia-acquisition;VV=v1.1.0	manual curation	not available
20210407_SL_ATLAS_WAT_DIA_RT_4mcg_V2_SC_29	homo sapiens	not available	not applicable	metabolic dysfunction-associated steatotic liver disease	female	29	20210407_SL_ATLAS_WAT_DIA_RT_4mcg_V2_SC_29	proteomic profiling by mass spectrometry	Data-independent acquisition	NT=label free sample;AC=MS:1002038	NT=q exactive hf-x;AC=MS:1002877	NT=orbitrap exploris 480;AC=MS:1003028	not applicable	not available	28% NCE	1	1	20210407_SL_ATLAS_WAT_DIA_RT_4mcg_V2_SC_29.raw	ftp://ftp.pride.ebi.ac.uk/pride/data/archive/2025/03/PXD051911/20210407_SL_ATLAS_WAT_DIA_RT_4mcg_V2_SC_29.raw	v1.1.0	NT=ms-proteomics;VV=v1.1.0	NT=clinical-metadata;VV=v1.0.0	NT=dia-acquisition;VV=v1.1.0	manual curation	not available
20210217_SL_ATLAS_WAT_DIA_RT_4mcg_V2_SC_42	homo sapiens	not available	not applicable	metabolic dysfunction-associated steatotic liver disease	female	42	20210217_SL_ATLAS_WAT_DIA_RT_4mcg_V2_SC_42	proteomic profiling by mass spectrometry	Data-independent acquisition	NT=label free sample;AC=MS:1002038	NT=q exactive hf-x;AC=MS:1002877	NT=orbitrap exploris 480;AC=MS:1003028	not applicable	not available	28% NCE	1	1	20210217_SL_ATLAS_WAT_DIA_RT_4mcg_V2_SC_42.raw	ftp://ftp.pride.ebi.ac.uk/pride/data/archive/2025/03/PXD051911/20210217_SL_ATLAS_WAT_DIA_RT_4mcg_V2_SC_42.raw	v1.1.0	NT=ms-proteomics;VV=v1.1.0	NT=clinical-metadata;VV=v1.0.0	NT=dia-acquisition;VV=v1.1.0	manual curation	not available
20210127_SL_ATLAS_WAT_DIA_RT_4mcg_V1_SC_22	homo sapiens	not available	not applicable	metabolic dysfunction-associated steatotic liver disease	female	22	20210127_SL_ATLAS_WAT_DIA_RT_4mcg_V1_SC_22	proteomic profiling by mass spectrometry	Data-independent acquisition	NT=label free sample;AC=MS:1002038	NT=q exactive hf-x;AC=MS:1002877	NT=orbitrap exploris 480;AC=MS:1003028	not applicable	not available	28% NCE	1	1	20210127_SL_ATLAS_WAT_DIA_RT_4mcg_V1_SC_22.raw	ftp://ftp.pride.ebi.ac.uk/pride/data/archive/2025/03/PXD051911/20210127_SL_ATLAS_WAT_DIA_RT_4mcg_V1_SC_22.raw	v1.1.0	NT=ms-proteomics;VV=v1.1.0	NT=clinical-metadata;VV=v1.0.0	NT=dia-acquisition;VV=v1.1.0	manual curation	not available
20230319-0224_EXP1_001802_17032023_MT_Plasma_800ng_DIA_ID_135	homo sapiens	blood plasma	not applicable	metabolic dysfunction-associated steatotic liver disease	female	1	20230319-0224_EXP1_001802_17032023_MT_Plasma_800ng_DIA_ID_135	proteomic profiling by mass spectrometry	Data-independent acquisition	NT=label free sample;AC=MS:1002038	NT=q exactive hf-x;AC=MS:1002877	NT=orbitrap exploris 480;AC=MS:1003028	not applicable	not available	28% NCE	1	1	20230319-0224_EXP1_001802_17032023_MT_Plasma_800ng_DIA_ID_135.raw	ftp://ftp.pride.ebi.ac.uk/pride/data/archive/2025/03/PXD051911/20230319-0224_EXP1_001802_17032023_MT_Plasma_800ng_DIA_ID_135.raw	v1.1.0	NT=ms-proteomics;VV=v1.1.0	NT=clinical-metadata;VV=v1.0.0	NT=dia-acquisition;VV=v1.1.0	manual curation	blood plasma
20230319-0854_EXP1_001805_17032023_MT_Plasma_800ng_DIA_ID_138	homo sapiens	blood plasma	not applicable	metabolic dysfunction-associated steatotic liver disease	female	1	20230319-0854_EXP1_001805_17032023_MT_Plasma_800ng_DIA_ID_138	proteomic profiling by mass spectrometry	Data-independent acquisition	NT=label free sample;AC=MS:1002038	NT=q exactive hf-x;AC=MS:1002877	NT=orbitrap exploris 480;AC=MS:1003028	not applicable	not available	28% NCE	1	1	20230319-0854_EXP1_001805_17032023_MT_Plasma_800ng_DIA_ID_138.raw	ftp://ftp.pride.ebi.ac.uk/pride/data/archive/2025/03/PXD051911/20230319-0854_EXP1_001805_17032023_MT_Plasma_800ng_DIA_ID_138.raw	v1.1.0	NT=ms-proteomics;VV=v1.1.0	NT=clinical-metadata;VV=v1.0.0	NT=dia-acquisition;VV=v1.1.0	manual curation	blood plasma
20210217_SL_ATLAS_WAT_DIA_RT_4mcg_V1_SC_08	homo sapiens	not available	not applicable	metabolic dysfunction-associated steatotic liver disease	female	8	20210217_SL_ATLAS_WAT_DIA_RT_4mcg_V1_SC_08	proteomic profiling by mass spectrometry	Data-independent acquisition	NT=label free sample;AC=MS:1002038	NT=q exactive hf-x;AC=MS:1002877	NT=orbitrap exploris 480;AC=MS:1003028	not applicable	not available	28% NCE	1	1	20210217_SL_ATLAS_WAT_DIA_RT_4mcg_V1_SC_08.raw	ftp://ftp.pride.ebi.ac.uk/pride/data/archive/2025/03/PXD051911/20210217_SL_ATLAS_WAT_DIA_RT_4mcg_V1_SC_08.raw	v1.1.0	NT=ms-proteomics;VV=v1.1.0	NT=clinical-metadata;VV=v1.0.0	NT=dia-acquisition;VV=v1.1.0	manual curation	not available
20230319-1355_EXP1_001808_17032023_MT_Plasma_800ng_DIA_ID_143	homo sapiens	blood plasma	not applicable	metabolic dysfunction-associated steatotic liver disease	female	1	20230319-1355_EXP1_001808_17032023_MT_Plasma_800ng_DIA_ID_143	proteomic profiling by mass spectrometry	Data-independent acquisition	NT=label free sample;AC=MS:1002038	NT=q exactive hf-x;AC=MS:1002877	NT=orbitrap exploris 480;AC=MS:1003028	not applicable	not available	28% NCE	1	1	20230319-1355_EXP1_001808_17032023_MT_Plasma_800ng_DIA_ID_143.raw	ftp://ftp.pride.ebi.ac.uk/pride/data/archive/2025/03/PXD051911/20230319-1355_EXP1_001808_17032023_MT_Plasma_800ng_DIA_ID_143.raw	v1.1.0	NT=ms-proteomics;VV=v1.1.0	NT=clinical-metadata;VV=v1.0.0	NT=dia-acquisition;VV=v1.1.0	manual curation	blood plasma
07062023_FP_hPlasma_V2_ID72	homo sapiens	not available	not applicable	metabolic dysfunction-associated steatotic liver disease	female	1	07062023_FP_hPlasma_V2_ID72	proteomic profiling by mass spectrometry	Data-independent acquisition	NT=label free sample;AC=MS:1002038	NT=q exactive hf-x;AC=MS:1002877	NT=orbitrap exploris 480;AC=MS:1003028	not applicable	not available	28% NCE	1	1	07062023_FP_hPlasma_V2_ID72.raw	ftp://ftp.pride.ebi.ac.uk/pride/data/archive/2025/03/PXD051911/07062023_FP_hPlasma_V2_ID72.raw	v1.1.0	NT=ms-proteomics;VV=v1.1.0	NT=clinical-metadata;VV=v1.0.0	NT=dia-acquisition;VV=v1.1.0	manual curation	not available
07062023_FP_hPlasma_V3_ID10	homo sapiens	not available	not applicable	metabolic dysfunction-associated steatotic liver disease	female	1	07062023_FP_hPlasma_V3_ID10	proteomic profiling by mass spectrometry	Data-independent acquisition	NT=label free sample;AC=MS:1002038	NT=q exactive hf-x;AC=MS:1002877	NT=orbitrap exploris 480;AC=MS:1003028	not applicable	not available	28% NCE	1	1	07062023_FP_hPlasma_V3_ID10.raw	ftp://ftp.pride.ebi.ac.uk/pride/data/archive/2025/03/PXD051911/07062023_FP_hPlasma_V3_ID10.raw	v1.1.0	NT=ms-proteomics;VV=v1.1.0	NT=clinical-metadata;VV=v1.0.0	NT=dia-acquisition;VV=v1.1.0	manual curation	not available
11122020_FP_ATLASLiver_vis1_ID101	homo sapiens	liver	not applicable	metabolic dysfunction-associated steatotic liver disease	female	1	11122020_FP_ATLASLiver_vis1_ID101	proteomic profiling by mass spectrometry	Data-independent acquisition	NT=label free sample;AC=MS:1002038	NT=q exactive hf-x;AC=MS:1002877	NT=orbitrap exploris 480;AC=MS:1003028	not applicable	not available	28% NCE	1	1	11122020_FP_ATLASLiver_vis1_ID101.raw	ftp://ftp.pride.ebi.ac.uk/pride/data/archive/2025/03/PXD051911/11122020_FP_ATLASLiver_vis1_ID101.raw	v1.1.0	NT=ms-proteomics;VV=v1.1.0	NT=clinical-metadata;VV=v1.0.0	NT=dia-acquisition;VV=v1.1.0	manual curation	liver
20210127_SL_ATLAS_WAT_DIA_RT_4mcg_V1_SC_24	homo sapiens	not available	not applicable	metabolic dysfunction-associated steatotic liver disease	female	24	20210127_SL_ATLAS_WAT_DIA_RT_4mcg_V1_SC_24	proteomic profiling by mass spectrometry	Data-independent acquisition	NT=label free sample;AC=MS:1002038	NT=q exactive hf-x;AC=MS:1002877	NT=orbitrap exploris 480;AC=MS:1003028	not applicable	not available	28% NCE	1	1	20210127_SL_ATLAS_WAT_DIA_RT_4mcg_V1_SC_24.raw	ftp://ftp.pride.ebi.ac.uk/pride/data/archive/2025/03/PXD051911/20210127_SL_ATLAS_WAT_DIA_RT_4mcg_V1_SC_24.raw	v1.1.0	NT=ms-proteomics;VV=v1.1.0	NT=clinical-metadata;VV=v1.0.0	NT=dia-acquisition;VV=v1.1.0	manual curation	not available
20201209_SL_ATLAS_WAT_DIA_RT_4mcg_V2_14	homo sapiens	not available	not applicable	metabolic dysfunction-associated steatotic liver disease	female	14	20201209_SL_ATLAS_WAT_DIA_RT_4mcg_V2_14	proteomic profiling by mass spectrometry	Data-independent acquisition	NT=label free sample;AC=MS:1002038	NT=q exactive hf-x;AC=MS:1002877	NT=orbitrap exploris 480;AC=MS:1003028	not applicable	not available	28% NCE	1	1	20201209_SL_ATLAS_WAT_DIA_RT_4mcg_V2_14.raw	ftp://ftp.pride.ebi.ac.uk/pride/data/archive/2025/03/PXD051911/20201209_SL_ATLAS_WAT_DIA_RT_4mcg_V2_14.raw	v1.1.0	NT=ms-proteomics;VV=v1.1.0	NT=clinical-metadata;VV=v1.0.0	NT=dia-acquisition;VV=v1.1.0	manual curation	not available
20230319-1004_EXP1_001806_17032023_MT_Plasma_800ng_DIA_ID_139	homo sapiens	blood plasma	not applicable	metabolic dysfunction-associated steatotic liver disease	female	1	20230319-1004_EXP1_001806_17032023_MT_Plasma_800ng_DIA_ID_139	proteomic profiling by mass spectrometry	Data-independent acquisition	NT=label free sample;AC=MS:1002038	NT=q exactive hf-x;AC=MS:1002877	NT=orbitrap exploris 480;AC=MS:1003028	not applicable	not available	28% NCE	1	1	20230319-1004_EXP1_001806_17032023_MT_Plasma_800ng_DIA_ID_139.raw	ftp://ftp.pride.ebi.ac.uk/pride/data/archive/2025/03/PXD051911/20230319-1004_EXP1_001806_17032023_MT_Plasma_800ng_DIA_ID_139.raw	v1.1.0	NT=ms-proteomics;VV=v1.1.0	NT=clinical-metadata;VV=v1.0.0	NT=dia-acquisition;VV=v1.1.0	manual curation	blood plasma
20230322-1029_EXP1_001843_17032023_MT_Plasma_800ng_DIA_ID_216	homo sapiens	blood plasma	not applicable	metabolic dysfunction-associated steatotic liver disease	female	1	20230322-1029_EXP1_001843_17032023_MT_Plasma_800ng_DIA_ID_216	proteomic profiling by mass spectrometry	Data-independent acquisition	NT=label free sample;AC=MS:1002038	NT=q exactive hf-x;AC=MS:1002877	NT=orbitrap exploris 480;AC=MS:1003028	not applicable	not available	28% NCE	1	1	20230322-1029_EXP1_001843_17032023_MT_Plasma_800ng_DIA_ID_216.raw	ftp://ftp.pride.ebi.ac.uk/pride/data/archive/2025/03/PXD051911/20230322-1029_EXP1_001843_17032023_MT_Plasma_800ng_DIA_ID_216.raw	v1.1.0	NT=ms-proteomics;VV=v1.1.0	NT=clinical-metadata;VV=v1.0.0	NT=dia-acquisition;VV=v1.1.0	manual curation	blood plasma
20210119_SL_ATLAS_WAT_DIA_RT_4mcg_V1_SC_16	homo sapiens	not available	not applicable	metabolic dysfunction-associated steatotic liver disease	female	16	20210119_SL_ATLAS_WAT_DIA_RT_4mcg_V1_SC_16	proteomic profiling by mass spectrometry	Data-independent acquisition	NT=label free sample;AC=MS:1002038	NT=q exactive hf-x;AC=MS:1002877	NT=orbitrap exploris 480;AC=MS:1003028	not applicable	not available	28% NCE	1	1	20210119_SL_ATLAS_WAT_DIA_RT_4mcg_V1_SC_16.raw	ftp://ftp.pride.ebi.ac.uk/pride/data/archive/2025/03/PXD051911/20210119_SL_ATLAS_WAT_DIA_RT_4mcg_V1_SC_16.raw	v1.1.0	NT=ms-proteomics;VV=v1.1.0	NT=clinical-metadata;VV=v1.0.0	NT=dia-acquisition;VV=v1.1.0	manual curation	not available
20201201_SL_ATLAS_WAT_DIA_RT_4mcg_V2_02	homo sapiens	not available	not applicable	metabolic dysfunction-associated steatotic liver disease	female	2	20201201_SL_ATLAS_WAT_DIA_RT_4mcg_V2_02	proteomic profiling by mass spectrometry	Data-independent acquisition	NT=label free sample;AC=MS:1002038	NT=q exactive hf-x;AC=MS:1002877	NT=orbitrap exploris 480;AC=MS:1003028	not applicable	not available	28% NCE	1	1	20201201_SL_ATLAS_WAT_DIA_RT_4mcg_V2_02.raw	ftp://ftp.pride.ebi.ac.uk/pride/data/archive/2025/03/PXD051911/20201201_SL_ATLAS_WAT_DIA_RT_4mcg_V2_02.raw	v1.1.0	NT=ms-proteomics;VV=v1.1.0	NT=clinical-metadata;VV=v1.0.0	NT=dia-acquisition;VV=v1.1.0	manual curation	not available
20210222_SL_ATLAS_WAT_DIA_RT_4mcg_V1_SC_84	homo sapiens	not available	not applicable	metabolic dysfunction-associated steatotic liver disease	female	84	20210222_SL_ATLAS_WAT_DIA_RT_4mcg_V1_SC_84	proteomic profiling by mass spectrometry	Data-independent acquisition	NT=label free sample;AC=MS:1002038	NT=q exactive hf-x;AC=MS:1002877	NT=orbitrap exploris 480;AC=MS:1003028	not applicable	not available	28% NCE	1	1	20210222_SL_ATLAS_WAT_DIA_RT_4mcg_V1_SC_84.raw	ftp://ftp.pride.ebi.ac.uk/pride/data/archive/2025/03/PXD051911/20210222_SL_ATLAS_WAT_DIA_RT_4mcg_V1_SC_84.raw	v1.1.0	NT=ms-proteomics;VV=v1.1.0	NT=clinical-metadata;VV=v1.0.0	NT=dia-acquisition;VV=v1.1.0	manual curation	not available
20230310-2102_EXP2_001194_01032023_MT_Plasma_800ng_DIA_ID_89	homo sapiens	blood plasma	not applicable	metabolic dysfunction-associated steatotic liver disease	female	89	20230310-2102_EXP2_001194_01032023_MT_Plasma_800ng_DIA_ID_89	proteomic profiling by mass spectrometry	Data-independent acquisition	NT=label free sample;AC=MS:1002038	NT=q exactive hf-x;AC=MS:1002877	NT=orbitrap exploris 480;AC=MS:1003028	not applicable	not available	28% NCE	1	1	20230310-2102_EXP2_001194_01032023_MT_Plasma_800ng_DIA_ID_89.raw	ftp://ftp.pride.ebi.ac.uk/pride/data/archive/2025/03/PXD051911/20230310-2102_EXP2_001194_01032023_MT_Plasma_800ng_DIA_ID_89.raw	v1.1.0	NT=ms-proteomics;VV=v1.1.0	NT=clinical-metadata;VV=v1.0.0	NT=dia-acquisition;VV=v1.1.0	manual curation	blood plasma
07062023_FP_hPlasma_V3_ID111	homo sapiens	not available	not applicable	metabolic dysfunction-associated steatotic liver disease	female	1	07062023_FP_hPlasma_V3_ID111	proteomic profiling by mass spectrometry	Data-independent acquisition	NT=label free sample;AC=MS:1002038	NT=q exactive hf-x;AC=MS:1002877	NT=orbitrap exploris 480;AC=MS:1003028	not applicable	not available	28% NCE	1	1	07062023_FP_hPlasma_V3_ID111.raw	ftp://ftp.pride.ebi.ac.uk/pride/data/archive/2025/03/PXD051911/07062023_FP_hPlasma_V3_ID111.raw	v1.1.0	NT=ms-proteomics;VV=v1.1.0	NT=clinical-metadata;VV=v1.0.0	NT=dia-acquisition;VV=v1.1.0	manual curation	not available
20201208_SL_ATLAS_WAT_DIA_RT_4mcg_V1_40	homo sapiens	not available	not applicable	metabolic dysfunction-associated steatotic liver disease	female	40	20201208_SL_ATLAS_WAT_DIA_RT_4mcg_V1_40	proteomic profiling by mass spectrometry	Data-independent acquisition	NT=label free sample;AC=MS:1002038	NT=q exactive hf-x;AC=MS:1002877	NT=orbitrap exploris 480;AC=MS:1003028	not applicable	not available	28% NCE	1	1	20201208_SL_ATLAS_WAT_DIA_RT_4mcg_V1_40.raw	ftp://ftp.pride.ebi.ac.uk/pride/data/archive/2025/03/PXD051911/20201208_SL_ATLAS_WAT_DIA_RT_4mcg_V1_40.raw	v1.1.0	NT=ms-proteomics;VV=v1.1.0	NT=clinical-metadata;VV=v1.0.0	NT=dia-acquisition;VV=v1.1.0	manual curation	not available
20191017_FP_QexXn2_1015_22cmr2um_Human_male_27	homo sapiens	not available	not applicable	metabolic dysfunction-associated steatotic liver disease	female	27	20191017_FP_QexXn2_1015_22cmr2um_Human_male_27	proteomic profiling by mass spectrometry	Data-independent acquisition	NT=label free sample;AC=MS:1002038	NT=q exactive hf-x;AC=MS:1002877	NT=orbitrap exploris 480;AC=MS:1003028	not applicable	not available	28% NCE	1	1	20191017_FP_QexXn2_1015_22cmr2um_Human_male_27.raw	ftp://ftp.pride.ebi.ac.uk/pride/data/archive/2025/03/PXD051911/20191017_FP_QexXn2_1015_22cmr2um_Human_male_27.raw	v1.1.0	NT=ms-proteomics;VV=v1.1.0	NT=clinical-metadata;VV=v1.0.0	NT=dia-acquisition;VV=v1.1.0	manual curation	not available
07062023_FP_hPlasma_V1_ID182	homo sapiens	not available	not applicable	metabolic dysfunction-associated steatotic liver disease	female	1	07062023_FP_hPlasma_V1_ID182	proteomic profiling by mass spectrometry	Data-independent acquisition	NT=label free sample;AC=MS:1002038	NT=q exactive hf-x;AC=MS:1002877	NT=orbitrap exploris 480;AC=MS:1003028	not applicable	not available	28% NCE	1	1	07062023_FP_hPlasma_V1_ID182.raw	ftp://ftp.pride.ebi.ac.uk/pride/data/archive/2025/03/PXD051911/07062023_FP_hPlasma_V1_ID182.raw	v1.1.0	NT=ms-proteomics;VV=v1.1.0	NT=clinical-metadata;VV=v1.0.0	NT=dia-acquisition;VV=v1.1.0	manual curation	not available
07062023_FP_hPlasma_V3_ID55	homo sapiens	not available	not applicable	metabolic dysfunction-associated steatotic liver disease	female	1	07062023_FP_hPlasma_V3_ID55	proteomic profiling by mass spectrometry	Data-independent acquisition	NT=label free sample;AC=MS:1002038	NT=q exactive hf-x;AC=MS:1002877	NT=orbitrap exploris 480;AC=MS:1003028	not applicable	not available	28% NCE	1	1	07062023_FP_hPlasma_V3_ID55.raw	ftp://ftp.pride.ebi.ac.uk/pride/data/archive/2025/03/PXD051911/07062023_FP_hPlasma_V3_ID55.raw	v1.1.0	NT=ms-proteomics;VV=v1.1.0	NT=clinical-metadata;VV=v1.0.0	NT=dia-acquisition;VV=v1.1.0	manual curation	not available
20230324-2354_EXP1_001853_24032023_MT_Plasma_800ng_DIA_ID_19	homo sapiens	blood plasma	not applicable	metabolic dysfunction-associated steatotic liver disease	female	19	20230324-2354_EXP1_001853_24032023_MT_Plasma_800ng_DIA_ID_19	proteomic profiling by mass spectrometry	Data-independent acquisition	NT=label free sample;AC=MS:1002038	NT=q exactive hf-x;AC=MS:1002877	NT=orbitrap exploris 480;AC=MS:1003028	not applicable	not available	28% NCE	1	1	20230324-2354_EXP1_001853_24032023_MT_Plasma_800ng_DIA_ID_19.raw	ftp://ftp.pride.ebi.ac.uk/pride/data/archive/2025/03/PXD051911/20230324-2354_EXP1_001853_24032023_MT_Plasma_800ng_DIA_ID_19.raw	v1.1.0	NT=ms-proteomics;VV=v1.1.0	NT=clinical-metadata;VV=v1.0.0	NT=dia-acquisition;VV=v1.1.0	manual curation	blood plasma
20201208_SL_ATLAS_WAT_DIA_RT_4mcg_Oment_V2_20	homo sapiens	not available	not applicable	metabolic dysfunction-associated steatotic liver disease	female	20	20201208_SL_ATLAS_WAT_DIA_RT_4mcg_Oment_V2_20	proteomic profiling by mass spectrometry	Data-independent acquisition	NT=label free sample;AC=MS:1002038	NT=q exactive hf-x;AC=MS:1002877	NT=orbitrap exploris 480;AC=MS:1003028	not applicable	not available	28% NCE	1	1	20201208_SL_ATLAS_WAT_DIA_RT_4mcg_Oment_V2_20.raw	ftp://ftp.pride.ebi.ac.uk/pride/data/archive/2025/03/PXD051911/20201208_SL_ATLAS_WAT_DIA_RT_4mcg_Oment_V2_20.raw	v1.1.0	NT=ms-proteomics;VV=v1.1.0	NT=clinical-metadata;VV=v1.0.0	NT=dia-acquisition;VV=v1.1.0	manual curation	not available
20210119_SL_ATLAS_WAT_DIA_RT_4mcg_V1_SC_49	homo sapiens	not available	not applicable	metabolic dysfunction-associated steatotic liver disease	female	49	20210119_SL_ATLAS_WAT_DIA_RT_4mcg_V1_SC_49	proteomic profiling by mass spectrometry	Data-independent acquisition	NT=label free sample;AC=MS:1002038	NT=q exactive hf-x;AC=MS:1002877	NT=orbitrap exploris 480;AC=MS:1003028	not applicable	not available	28% NCE	1	1	20210119_SL_ATLAS_WAT_DIA_RT_4mcg_V1_SC_49.raw	ftp://ftp.pride.ebi.ac.uk/pride/data/archive/2025/03/PXD051911/20210119_SL_ATLAS_WAT_DIA_RT_4mcg_V1_SC_49.raw	v1.1.0	NT=ms-proteomics;VV=v1.1.0	NT=clinical-metadata;VV=v1.0.0	NT=dia-acquisition;VV=v1.1.0	manual curation	not available
07062023_FP_hPlasma_V3_ID24	homo sapiens	not available	not applicable	metabolic dysfunction-associated steatotic liver disease	female	1	07062023_FP_hPlasma_V3_ID24	proteomic profiling by mass spectrometry	Data-independent acquisition	NT=label free sample;AC=MS:1002038	NT=q exactive hf-x;AC=MS:1002877	NT=orbitrap exploris 480;AC=MS:1003028	not applicable	not available	28% NCE	1	1	07062023_FP_hPlasma_V3_ID24.raw	ftp://ftp.pride.ebi.ac.uk/pride/data/archive/2025/03/PXD051911/07062023_FP_hPlasma_V3_ID24.raw	v1.1.0	NT=ms-proteomics;VV=v1.1.0	NT=clinical-metadata;VV=v1.0.0	NT=dia-acquisition;VV=v1.1.0	manual curation	not available
20230310-1416_EXP2_001191_01032023_MT_Plasma_800ng_DIA_ID_81	homo sapiens	blood plasma	not applicable	metabolic dysfunction-associated steatotic liver disease	female	81	20230310-1416_EXP2_001191_01032023_MT_Plasma_800ng_DIA_ID_81	proteomic profiling by mass spectrometry	Data-independent acquisition	NT=label free sample;AC=MS:1002038	NT=q exactive hf-x;AC=MS:1002877	NT=orbitrap exploris 480;AC=MS:1003028	not applicable	not available	28% NCE	1	1	20230310-1416_EXP2_001191_01032023_MT_Plasma_800ng_DIA_ID_81.raw	ftp://ftp.pride.ebi.ac.uk/pride/data/archive/2025/03/PXD051911/20230310-1416_EXP2_001191_01032023_MT_Plasma_800ng_DIA_ID_81.raw	v1.1.0	NT=ms-proteomics;VV=v1.1.0	NT=clinical-metadata;VV=v1.0.0	NT=dia-acquisition;VV=v1.1.0	manual curation	blood plasma
20201208_SL_ATLAS_WAT_DIA_RT_4mcg_Oment_V2_15	homo sapiens	not available	not applicable	metabolic dysfunction-associated steatotic liver disease	female	15	20201208_SL_ATLAS_WAT_DIA_RT_4mcg_Oment_V2_15	proteomic profiling by mass spectrometry	Data-independent acquisition	NT=label free sample;AC=MS:1002038	NT=q exactive hf-x;AC=MS:1002877	NT=orbitrap exploris 480;AC=MS:1003028	not applicable	not available	28% NCE	1	1	20201208_SL_ATLAS_WAT_DIA_RT_4mcg_Oment_V2_15.raw	ftp://ftp.pride.ebi.ac.uk/pride/data/archive/2025/03/PXD051911/20201208_SL_ATLAS_WAT_DIA_RT_4mcg_Oment_V2_15.raw	v1.1.0	NT=ms-proteomics;VV=v1.1.0	NT=clinical-metadata;VV=v1.0.0	NT=dia-acquisition;VV=v1.1.0	manual curation	not available
20230321-0825_EXP1_001830_17032023_MT_Plasma_800ng_DIA_ID_198	homo sapiens	blood plasma	not applicable	metabolic dysfunction-associated steatotic liver disease	female	1	20230321-0825_EXP1_001830_17032023_MT_Plasma_800ng_DIA_ID_198	proteomic profiling by mass spectrometry	Data-independent acquisition	NT=label free sample;AC=MS:1002038	NT=q exactive hf-x;AC=MS:1002877	NT=orbitrap exploris 480;AC=MS:1003028	not applicable	not available	28% NCE	1	1	20230321-0825_EXP1_001830_17032023_MT_Plasma_800ng_DIA_ID_198.raw	ftp://ftp.pride.ebi.ac.uk/pride/data/archive/2025/03/PXD051911/20230321-0825_EXP1_001830_17032023_MT_Plasma_800ng_DIA_ID_198.raw	v1.1.0	NT=ms-proteomics;VV=v1.1.0	NT=clinical-metadata;VV=v1.0.0	NT=dia-acquisition;VV=v1.1.0	manual curation	blood plasma
07062023_FP_hPlasma_V3_ID25	homo sapiens	not available	not applicable	metabolic dysfunction-associated steatotic liver disease	female	1	07062023_FP_hPlasma_V3_ID25	proteomic profiling by mass spectrometry	Data-independent acquisition	NT=label free sample;AC=MS:1002038	NT=q exactive hf-x;AC=MS:1002877	NT=orbitrap exploris 480;AC=MS:1003028	not applicable	not available	28% NCE	1	1	07062023_FP_hPlasma_V3_ID25.raw	ftp://ftp.pride.ebi.ac.uk/pride/data/archive/2025/03/PXD051911/07062023_FP_hPlasma_V3_ID25.raw	v1.1.0	NT=ms-proteomics;VV=v1.1.0	NT=clinical-metadata;VV=v1.0.0	NT=dia-acquisition;VV=v1.1.0	manual curation	not available
20210222_SL_ATLAS_WAT_DIA_RT_4mcg_V1_SC_101	homo sapiens	not available	not applicable	metabolic dysfunction-associated steatotic liver disease	female	1	20210222_SL_ATLAS_WAT_DIA_RT_4mcg_V1_SC_101	proteomic profiling by mass spectrometry	Data-independent acquisition	NT=label free sample;AC=MS:1002038	NT=q exactive hf-x;AC=MS:1002877	NT=orbitrap exploris 480;AC=MS:1003028	not applicable	not available	28% NCE	1	1	20210222_SL_ATLAS_WAT_DIA_RT_4mcg_V1_SC_101.raw	ftp://ftp.pride.ebi.ac.uk/pride/data/archive/2025/03/PXD051911/20210222_SL_ATLAS_WAT_DIA_RT_4mcg_V1_SC_101.raw	v1.1.0	NT=ms-proteomics;VV=v1.1.0	NT=clinical-metadata;VV=v1.0.0	NT=dia-acquisition;VV=v1.1.0	manual curation	not available
07062023_FP_hPlasma_V2_ID68	homo sapiens	not available	not applicable	metabolic dysfunction-associated steatotic liver disease	female	1	07062023_FP_hPlasma_V2_ID68	proteomic profiling by mass spectrometry	Data-independent acquisition	NT=label free sample;AC=MS:1002038	NT=q exactive hf-x;AC=MS:1002877	NT=orbitrap exploris 480;AC=MS:1003028	not applicable	not available	28% NCE	1	1	07062023_FP_hPlasma_V2_ID68.raw	ftp://ftp.pride.ebi.ac.uk/pride/data/archive/2025/03/PXD051911/07062023_FP_hPlasma_V2_ID68.raw	v1.1.0	NT=ms-proteomics;VV=v1.1.0	NT=clinical-metadata;VV=v1.0.0	NT=dia-acquisition;VV=v1.1.0	manual curation	not available
11122020_FP_ATLASLiver_vis1_ID32	homo sapiens	liver	not applicable	metabolic dysfunction-associated steatotic liver disease	female	1	11122020_FP_ATLASLiver_vis1_ID32	proteomic profiling by mass spectrometry	Data-independent acquisition	NT=label free sample;AC=MS:1002038	NT=q exactive hf-x;AC=MS:1002877	NT=orbitrap exploris 480;AC=MS:1003028	not applicable	not available	28% NCE	1	1	11122020_FP_ATLASLiver_vis1_ID32.raw	ftp://ftp.pride.ebi.ac.uk/pride/data/archive/2025/03/PXD051911/11122020_FP_ATLASLiver_vis1_ID32.raw	v1.1.0	NT=ms-proteomics;VV=v1.1.0	NT=clinical-metadata;VV=v1.0.0	NT=dia-acquisition;VV=v1.1.0	manual curation	liver
20201201_SL_ATLAS_WAT_DIA_RT_4mcg_Oment_V2_05	homo sapiens	not available	not applicable	metabolic dysfunction-associated steatotic liver disease	female	5	20201201_SL_ATLAS_WAT_DIA_RT_4mcg_Oment_V2_05	proteomic profiling by mass spectrometry	Data-independent acquisition	NT=label free sample;AC=MS:1002038	NT=q exactive hf-x;AC=MS:1002877	NT=orbitrap exploris 480;AC=MS:1003028	not applicable	not available	28% NCE	1	1	20201201_SL_ATLAS_WAT_DIA_RT_4mcg_Oment_V2_05.raw	ftp://ftp.pride.ebi.ac.uk/pride/data/archive/2025/03/PXD051911/20201201_SL_ATLAS_WAT_DIA_RT_4mcg_Oment_V2_05.raw	v1.1.0	NT=ms-proteomics;VV=v1.1.0	NT=clinical-metadata;VV=v1.0.0	NT=dia-acquisition;VV=v1.1.0	manual curation	not available
20210127_SL_ATLAS_WAT_DIA_RT_4mcg_V1_SC_26	homo sapiens	not available	not applicable	metabolic dysfunction-associated steatotic liver disease	female	26	20210127_SL_ATLAS_WAT_DIA_RT_4mcg_V1_SC_26	proteomic profiling by mass spectrometry	Data-independent acquisition	NT=label free sample;AC=MS:1002038	NT=q exactive hf-x;AC=MS:1002877	NT=orbitrap exploris 480;AC=MS:1003028	not applicable	not available	28% NCE	1	1	20210127_SL_ATLAS_WAT_DIA_RT_4mcg_V1_SC_26.raw	ftp://ftp.pride.ebi.ac.uk/pride/data/archive/2025/03/PXD051911/20210127_SL_ATLAS_WAT_DIA_RT_4mcg_V1_SC_26.raw	v1.1.0	NT=ms-proteomics;VV=v1.1.0	NT=clinical-metadata;VV=v1.0.0	NT=dia-acquisition;VV=v1.1.0	manual curation	not available
20230325-0601_EXP1_001857_24032023_MT_Plasma_800ng_DIA_ID_26	homo sapiens	blood plasma	not applicable	metabolic dysfunction-associated steatotic liver disease	female	26	20230325-0601_EXP1_001857_24032023_MT_Plasma_800ng_DIA_ID_26	proteomic profiling by mass spectrometry	Data-independent acquisition	NT=label free sample;AC=MS:1002038	NT=q exactive hf-x;AC=MS:1002877	NT=orbitrap exploris 480;AC=MS:1003028	not applicable	not available	28% NCE	1	1	20230325-0601_EXP1_001857_24032023_MT_Plasma_800ng_DIA_ID_26.raw	ftp://ftp.pride.ebi.ac.uk/pride/data/archive/2025/03/PXD051911/20230325-0601_EXP1_001857_24032023_MT_Plasma_800ng_DIA_ID_26.raw	v1.1.0	NT=ms-proteomics;VV=v1.1.0	NT=clinical-metadata;VV=v1.0.0	NT=dia-acquisition;VV=v1.1.0	manual curation	blood plasma
20230326-0040_EXP1_001869_24032023_MT_Plasma_800ng_DIA_ID_62	homo sapiens	blood plasma	not applicable	metabolic dysfunction-associated steatotic liver disease	female	62	20230326-0040_EXP1_001869_24032023_MT_Plasma_800ng_DIA_ID_62	proteomic profiling by mass spectrometry	Data-independent acquisition	NT=label free sample;AC=MS:1002038	NT=q exactive hf-x;AC=MS:1002877	NT=orbitrap exploris 480;AC=MS:1003028	not applicable	not available	28% NCE	1	1	20230326-0040_EXP1_001869_24032023_MT_Plasma_800ng_DIA_ID_62.raw	ftp://ftp.pride.ebi.ac.uk/pride/data/archive/2025/03/PXD051911/20230326-0040_EXP1_001869_24032023_MT_Plasma_800ng_DIA_ID_62.raw	v1.1.0	NT=ms-proteomics;VV=v1.1.0	NT=clinical-metadata;VV=v1.0.0	NT=dia-acquisition;VV=v1.1.0	manual curation	blood plasma
20201201_SL_ATLAS_WAT_DIA_RT_4mcg_Oment_V2_11	homo sapiens	not available	not applicable	metabolic dysfunction-associated steatotic liver disease	female	11	20201201_SL_ATLAS_WAT_DIA_RT_4mcg_Oment_V2_11	proteomic profiling by mass spectrometry	Data-independent acquisition	NT=label free sample;AC=MS:1002038	NT=q exactive hf-x;AC=MS:1002877	NT=orbitrap exploris 480;AC=MS:1003028	not applicable	not available	28% NCE	1	1	20201201_SL_ATLAS_WAT_DIA_RT_4mcg_Oment_V2_11.raw	ftp://ftp.pride.ebi.ac.uk/pride/data/archive/2025/03/PXD051911/20201201_SL_ATLAS_WAT_DIA_RT_4mcg_Oment_V2_11.raw	v1.1.0	NT=ms-proteomics;VV=v1.1.0	NT=clinical-metadata;VV=v1.0.0	NT=dia-acquisition;VV=v1.1.0	manual curation	not available
20191017_FP_QexXn2_1015_22cmr2um_Human_male_11	homo sapiens	not available	not applicable	metabolic dysfunction-associated steatotic liver disease	female	11	20191017_FP_QexXn2_1015_22cmr2um_Human_male_11	proteomic profiling by mass spectrometry	Data-independent acquisition	NT=label free sample;AC=MS:1002038	NT=q exactive hf-x;AC=MS:1002877	NT=orbitrap exploris 480;AC=MS:1003028	not applicable	not available	28% NCE	1	1	20191017_FP_QexXn2_1015_22cmr2um_Human_male_11.raw	ftp://ftp.pride.ebi.ac.uk/pride/data/archive/2025/03/PXD051911/20191017_FP_QexXn2_1015_22cmr2um_Human_male_11.raw	v1.1.0	NT=ms-proteomics;VV=v1.1.0	NT=clinical-metadata;VV=v1.0.0	NT=dia-acquisition;VV=v1.1.0	manual curation	not available
20230321-2243_EXP1_001837_17032023_MT_Plasma_800ng_DIA_ID_208	homo sapiens	blood plasma	not applicable	metabolic dysfunction-associated steatotic liver disease	female	1	20230321-2243_EXP1_001837_17032023_MT_Plasma_800ng_DIA_ID_208	proteomic profiling by mass spectrometry	Data-independent acquisition	NT=label free sample;AC=MS:1002038	NT=q exactive hf-x;AC=MS:1002877	NT=orbitrap exploris 480;AC=MS:1003028	not applicable	not available	28% NCE	1	1	20230321-2243_EXP1_001837_17032023_MT_Plasma_800ng_DIA_ID_208.raw	ftp://ftp.pride.ebi.ac.uk/pride/data/archive/2025/03/PXD051911/20230321-2243_EXP1_001837_17032023_MT_Plasma_800ng_DIA_ID_208.raw	v1.1.0	NT=ms-proteomics;VV=v1.1.0	NT=clinical-metadata;VV=v1.0.0	NT=dia-acquisition;VV=v1.1.0	manual curation	blood plasma
20210217_SL_ATLAS_WAT_DIA_RT_4mcg_V2_SC_55	homo sapiens	not available	not applicable	metabolic dysfunction-associated steatotic liver disease	female	55	20210217_SL_ATLAS_WAT_DIA_RT_4mcg_V2_SC_55	proteomic profiling by mass spectrometry	Data-independent acquisition	NT=label free sample;AC=MS:1002038	NT=q exactive hf-x;AC=MS:1002877	NT=orbitrap exploris 480;AC=MS:1003028	not applicable	not available	28% NCE	1	1	20210217_SL_ATLAS_WAT_DIA_RT_4mcg_V2_SC_55.raw	ftp://ftp.pride.ebi.ac.uk/pride/data/archive/2025/03/PXD051911/20210217_SL_ATLAS_WAT_DIA_RT_4mcg_V2_SC_55.raw	v1.1.0	NT=ms-proteomics;VV=v1.1.0	NT=clinical-metadata;VV=v1.0.0	NT=dia-acquisition;VV=v1.1.0	manual curation	not available
20210217_SL_ATLAS_WAT_DIA_RT_4mcg_V1_SC_13	homo sapiens	not available	not applicable	metabolic dysfunction-associated steatotic liver disease	female	13	20210217_SL_ATLAS_WAT_DIA_RT_4mcg_V1_SC_13	proteomic profiling by mass spectrometry	Data-independent acquisition	NT=label free sample;AC=MS:1002038	NT=q exactive hf-x;AC=MS:1002877	NT=orbitrap exploris 480;AC=MS:1003028	not applicable	not available	28% NCE	1	1	20210217_SL_ATLAS_WAT_DIA_RT_4mcg_V1_SC_13.raw	ftp://ftp.pride.ebi.ac.uk/pride/data/archive/2025/03/PXD051911/20210217_SL_ATLAS_WAT_DIA_RT_4mcg_V1_SC_13.raw	v1.1.0	NT=ms-proteomics;VV=v1.1.0	NT=clinical-metadata;VV=v1.0.0	NT=dia-acquisition;VV=v1.1.0	manual curation	not available
20230325-2133_EXP1_001867_24032023_MT_Plasma_800ng_DIA_ID_50	homo sapiens	blood plasma	not applicable	metabolic dysfunction-associated steatotic liver disease	female	50	20230325-2133_EXP1_001867_24032023_MT_Plasma_800ng_DIA_ID_50	proteomic profiling by mass spectrometry	Data-independent acquisition	NT=label free sample;AC=MS:1002038	NT=q exactive hf-x;AC=MS:1002877	NT=orbitrap exploris 480;AC=MS:1003028	not applicable	not available	28% NCE	1	1	20230325-2133_EXP1_001867_24032023_MT_Plasma_800ng_DIA_ID_50.raw	ftp://ftp.pride.ebi.ac.uk/pride/data/archive/2025/03/PXD051911/20230325-2133_EXP1_001867_24032023_MT_Plasma_800ng_DIA_ID_50.raw	v1.1.0	NT=ms-proteomics;VV=v1.1.0	NT=clinical-metadata;VV=v1.0.0	NT=dia-acquisition;VV=v1.1.0	manual curation	blood plasma
07062023_FP_hPlasma_V3_ID90	homo sapiens	not available	not applicable	metabolic dysfunction-associated steatotic liver disease	female	1	07062023_FP_hPlasma_V3_ID90	proteomic profiling by mass spectrometry	Data-independent acquisition	NT=label free sample;AC=MS:1002038	NT=q exactive hf-x;AC=MS:1002877	NT=orbitrap exploris 480;AC=MS:1003028	not applicable	not available	28% NCE	1	1	07062023_FP_hPlasma_V3_ID90.raw	ftp://ftp.pride.ebi.ac.uk/pride/data/archive/2025/03/PXD051911/07062023_FP_hPlasma_V3_ID90.raw	v1.1.0	NT=ms-proteomics;VV=v1.1.0	NT=clinical-metadata;VV=v1.0.0	NT=dia-acquisition;VV=v1.1.0	manual curation	not available
20230326-0148_EXP1_001870_24032023_MT_Plasma_800ng_DIA_ID_70	homo sapiens	blood plasma	not applicable	metabolic dysfunction-associated steatotic liver disease	female	70	20230326-0148_EXP1_001870_24032023_MT_Plasma_800ng_DIA_ID_70	proteomic profiling by mass spectrometry	Data-independent acquisition	NT=label free sample;AC=MS:1002038	NT=q exactive hf-x;AC=MS:1002877	NT=orbitrap exploris 480;AC=MS:1003028	not applicable	not available	28% NCE	1	1	20230326-0148_EXP1_001870_24032023_MT_Plasma_800ng_DIA_ID_70.raw	ftp://ftp.pride.ebi.ac.uk/pride/data/archive/2025/03/PXD051911/20230326-0148_EXP1_001870_24032023_MT_Plasma_800ng_DIA_ID_70.raw	v1.1.0	NT=ms-proteomics;VV=v1.1.0	NT=clinical-metadata;VV=v1.0.0	NT=dia-acquisition;VV=v1.1.0	manual curation	blood plasma
20230321-2001_EXP1_001836_17032023_MT_Plasma_800ng_DIA_ID_207	homo sapiens	blood plasma	not applicable	metabolic dysfunction-associated steatotic liver disease	female	1	20230321-2001_EXP1_001836_17032023_MT_Plasma_800ng_DIA_ID_207	proteomic profiling by mass spectrometry	Data-independent acquisition	NT=label free sample;AC=MS:1002038	NT=q exactive hf-x;AC=MS:1002877	NT=orbitrap exploris 480;AC=MS:1003028	not applicable	not available	28% NCE	1	1	20230321-2001_EXP1_001836_17032023_MT_Plasma_800ng_DIA_ID_207.raw	ftp://ftp.pride.ebi.ac.uk/pride/data/archive/2025/03/PXD051911/20230321-2001_EXP1_001836_17032023_MT_Plasma_800ng_DIA_ID_207.raw	v1.1.0	NT=ms-proteomics;VV=v1.1.0	NT=clinical-metadata;VV=v1.0.0	NT=dia-acquisition;VV=v1.1.0	manual curation	blood plasma
20210127_SL_ATLAS_WAT_DIA_RT_4mcg_V2_OMENT_72	homo sapiens	not available	not applicable	metabolic dysfunction-associated steatotic liver disease	female	72	20210127_SL_ATLAS_WAT_DIA_RT_4mcg_V2_OMENT_72	proteomic profiling by mass spectrometry	Data-independent acquisition	NT=label free sample;AC=MS:1002038	NT=q exactive hf-x;AC=MS:1002877	NT=orbitrap exploris 480;AC=MS:1003028	not applicable	not available	28% NCE	1	1	20210127_SL_ATLAS_WAT_DIA_RT_4mcg_V2_OMENT_72.raw	ftp://ftp.pride.ebi.ac.uk/pride/data/archive/2025/03/PXD051911/20210127_SL_ATLAS_WAT_DIA_RT_4mcg_V2_OMENT_72.raw	v1.1.0	NT=ms-proteomics;VV=v1.1.0	NT=clinical-metadata;VV=v1.0.0	NT=dia-acquisition;VV=v1.1.0	manual curation	not available
20230303-0134_EXP2_001169_01032023_MT_Plasma_800ng_DIA_ID_52	homo sapiens	blood plasma	not applicable	metabolic dysfunction-associated steatotic liver disease	female	52	20230303-0134_EXP2_001169_01032023_MT_Plasma_800ng_DIA_ID_52	proteomic profiling by mass spectrometry	Data-independent acquisition	NT=label free sample;AC=MS:1002038	NT=q exactive hf-x;AC=MS:1002877	NT=orbitrap exploris 480;AC=MS:1003028	not applicable	not available	28% NCE	1	1	20230303-0134_EXP2_001169_01032023_MT_Plasma_800ng_DIA_ID_52.raw	ftp://ftp.pride.ebi.ac.uk/pride/data/archive/2025/03/PXD051911/20230303-0134_EXP2_001169_01032023_MT_Plasma_800ng_DIA_ID_52.raw	v1.1.0	NT=ms-proteomics;VV=v1.1.0	NT=clinical-metadata;VV=v1.0.0	NT=dia-acquisition;VV=v1.1.0	manual curation	blood plasma
20191017_FP_QexXn2_1015_22cmr2um_Human_female_8	homo sapiens	not available	not applicable	metabolic dysfunction-associated steatotic liver disease	female	8	20191017_FP_QexXn2_1015_22cmr2um_Human_female_8	proteomic profiling by mass spectrometry	Data-independent acquisition	NT=label free sample;AC=MS:1002038	NT=q exactive hf-x;AC=MS:1002877	NT=orbitrap exploris 480;AC=MS:1003028	not applicable	not available	28% NCE	1	1	20191017_FP_QexXn2_1015_22cmr2um_Human_female_8.raw	ftp://ftp.pride.ebi.ac.uk/pride/data/archive/2025/03/PXD051911/20191017_FP_QexXn2_1015_22cmr2um_Human_female_8.raw	v1.1.0	NT=ms-proteomics;VV=v1.1.0	NT=clinical-metadata;VV=v1.0.0	NT=dia-acquisition;VV=v1.1.0	manual curation	not available
20230326-0903_EXP1_001874_24032023_MT_Plasma_800ng_DIA_ID_79	homo sapiens	blood plasma	not applicable	metabolic dysfunction-associated steatotic liver disease	female	79	20230326-0903_EXP1_001874_24032023_MT_Plasma_800ng_DIA_ID_79	proteomic profiling by mass spectrometry	Data-independent acquisition	NT=label free sample;AC=MS:1002038	NT=q exactive hf-x;AC=MS:1002877	NT=orbitrap exploris 480;AC=MS:1003028	not applicable	not available	28% NCE	1	1	20230326-0903_EXP1_001874_24032023_MT_Plasma_800ng_DIA_ID_79.raw	ftp://ftp.pride.ebi.ac.uk/pride/data/archive/2025/03/PXD051911/20230326-0903_EXP1_001874_24032023_MT_Plasma_800ng_DIA_ID_79.raw	v1.1.0	NT=ms-proteomics;VV=v1.1.0	NT=clinical-metadata;VV=v1.0.0	NT=dia-acquisition;VV=v1.1.0	manual curation	blood plasma
20230311-0812_EXP2_001199_01032023_MT_Plasma_800ng_DIA_ID_100	homo sapiens	blood plasma	not applicable	metabolic dysfunction-associated steatotic liver disease	female	1	20230311-0812_EXP2_001199_01032023_MT_Plasma_800ng_DIA_ID_100	proteomic profiling by mass spectrometry	Data-independent acquisition	NT=label free sample;AC=MS:1002038	NT=q exactive hf-x;AC=MS:1002877	NT=orbitrap exploris 480;AC=MS:1003028	not applicable	not available	28% NCE	1	1	20230311-0812_EXP2_001199_01032023_MT_Plasma_800ng_DIA_ID_100.raw	ftp://ftp.pride.ebi.ac.uk/pride/data/archive/2025/03/PXD051911/20230311-0812_EXP2_001199_01032023_MT_Plasma_800ng_DIA_ID_100.raw	v1.1.0	NT=ms-proteomics;VV=v1.1.0	NT=clinical-metadata;VV=v1.0.0	NT=dia-acquisition;VV=v1.1.0	manual curation	blood plasma
20210407_SL_ATLAS_WAT_DIA_RT_4mcg_V1_SC_73	homo sapiens	not available	not applicable	metabolic dysfunction-associated steatotic liver disease	female	73	20210407_SL_ATLAS_WAT_DIA_RT_4mcg_V1_SC_73	proteomic profiling by mass spectrometry	Data-independent acquisition	NT=label free sample;AC=MS:1002038	NT=q exactive hf-x;AC=MS:1002877	NT=orbitrap exploris 480;AC=MS:1003028	not applicable	not available	28% NCE	1	1	20210407_SL_ATLAS_WAT_DIA_RT_4mcg_V1_SC_73.raw	ftp://ftp.pride.ebi.ac.uk/pride/data/archive/2025/03/PXD051911/20210407_SL_ATLAS_WAT_DIA_RT_4mcg_V1_SC_73.raw	v1.1.0	NT=ms-proteomics;VV=v1.1.0	NT=clinical-metadata;VV=v1.0.0	NT=dia-acquisition;VV=v1.1.0	manual curation	not available
20230321-0714_EXP1_001829_17032023_MT_Plasma_800ng_DIA_ID_197	homo sapiens	blood plasma	not applicable	metabolic dysfunction-associated steatotic liver disease	female	1	20230321-0714_EXP1_001829_17032023_MT_Plasma_800ng_DIA_ID_197	proteomic profiling by mass spectrometry	Data-independent acquisition	NT=label free sample;AC=MS:1002038	NT=q exactive hf-x;AC=MS:1002877	NT=orbitrap exploris 480;AC=MS:1003028	not applicable	not available	28% NCE	1	1	20230321-0714_EXP1_001829_17032023_MT_Plasma_800ng_DIA_ID_197.raw	ftp://ftp.pride.ebi.ac.uk/pride/data/archive/2025/03/PXD051911/20230321-0714_EXP1_001829_17032023_MT_Plasma_800ng_DIA_ID_197.raw	v1.1.0	NT=ms-proteomics;VV=v1.1.0	NT=clinical-metadata;VV=v1.0.0	NT=dia-acquisition;VV=v1.1.0	manual curation	blood plasma
20210407_SL_ATLAS_WAT_DIA_RT_4mcg_V2_SC_79	homo sapiens	not available	not applicable	metabolic dysfunction-associated steatotic liver disease	female	79	20210407_SL_ATLAS_WAT_DIA_RT_4mcg_V2_SC_79	proteomic profiling by mass spectrometry	Data-independent acquisition	NT=label free sample;AC=MS:1002038	NT=q exactive hf-x;AC=MS:1002877	NT=orbitrap exploris 480;AC=MS:1003028	not applicable	not available	28% NCE	1	1	20210407_SL_ATLAS_WAT_DIA_RT_4mcg_V2_SC_79.raw	ftp://ftp.pride.ebi.ac.uk/pride/data/archive/2025/03/PXD051911/20210407_SL_ATLAS_WAT_DIA_RT_4mcg_V2_SC_79.raw	v1.1.0	NT=ms-proteomics;VV=v1.1.0	NT=clinical-metadata;VV=v1.0.0	NT=dia-acquisition;VV=v1.1.0	manual curation	not available
20230322-0633_EXP1_001841_17032023_MT_Plasma_800ng_DIA_ID_213	homo sapiens	blood plasma	not applicable	metabolic dysfunction-associated steatotic liver disease	female	1	20230322-0633_EXP1_001841_17032023_MT_Plasma_800ng_DIA_ID_213	proteomic profiling by mass spectrometry	Data-independent acquisition	NT=label free sample;AC=MS:1002038	NT=q exactive hf-x;AC=MS:1002877	NT=orbitrap exploris 480;AC=MS:1003028	not applicable	not available	28% NCE	1	1	20230322-0633_EXP1_001841_17032023_MT_Plasma_800ng_DIA_ID_213.raw	ftp://ftp.pride.ebi.ac.uk/pride/data/archive/2025/03/PXD051911/20230322-0633_EXP1_001841_17032023_MT_Plasma_800ng_DIA_ID_213.raw	v1.1.0	NT=ms-proteomics;VV=v1.1.0	NT=clinical-metadata;VV=v1.0.0	NT=dia-acquisition;VV=v1.1.0	manual curation	blood plasma
20230324-1747_EXP1_001849_24032023_MT_Plasma_800ng_DIA_ID_12	homo sapiens	blood plasma	not applicable	metabolic dysfunction-associated steatotic liver disease	female	12	20230324-1747_EXP1_001849_24032023_MT_Plasma_800ng_DIA_ID_12	proteomic profiling by mass spectrometry	Data-independent acquisition	NT=label free sample;AC=MS:1002038	NT=q exactive hf-x;AC=MS:1002877	NT=orbitrap exploris 480;AC=MS:1003028	not applicable	not available	28% NCE	1	1	20230324-1747_EXP1_001849_24032023_MT_Plasma_800ng_DIA_ID_12.raw	ftp://ftp.pride.ebi.ac.uk/pride/data/archive/2025/03/PXD051911/20230324-1747_EXP1_001849_24032023_MT_Plasma_800ng_DIA_ID_12.raw	v1.1.0	NT=ms-proteomics;VV=v1.1.0	NT=clinical-metadata;VV=v1.0.0	NT=dia-acquisition;VV=v1.1.0	manual curation	blood plasma
20210222_SL_ATLAS_WAT_DIA_RT_4mcg_V1_SC_87	homo sapiens	not available	not applicable	metabolic dysfunction-associated steatotic liver disease	female	87	20210222_SL_ATLAS_WAT_DIA_RT_4mcg_V1_SC_87	proteomic profiling by mass spectrometry	Data-independent acquisition	NT=label free sample;AC=MS:1002038	NT=q exactive hf-x;AC=MS:1002877	NT=orbitrap exploris 480;AC=MS:1003028	not applicable	not available	28% NCE	1	1	20210222_SL_ATLAS_WAT_DIA_RT_4mcg_V1_SC_87.raw	ftp://ftp.pride.ebi.ac.uk/pride/data/archive/2025/03/PXD051911/20210222_SL_ATLAS_WAT_DIA_RT_4mcg_V1_SC_87.raw	v1.1.0	NT=ms-proteomics;VV=v1.1.0	NT=clinical-metadata;VV=v1.0.0	NT=dia-acquisition;VV=v1.1.0	manual curation	not available
20210222_SL_ATLAS_WAT_DIA_RT_4mcg_V1_SC_10	homo sapiens	not available	not applicable	metabolic dysfunction-associated steatotic liver disease	female	10	20210222_SL_ATLAS_WAT_DIA_RT_4mcg_V1_SC_10	proteomic profiling by mass spectrometry	Data-independent acquisition	NT=label free sample;AC=MS:1002038	NT=q exactive hf-x;AC=MS:1002877	NT=orbitrap exploris 480;AC=MS:1003028	not applicable	not available	28% NCE	1	1	20210222_SL_ATLAS_WAT_DIA_RT_4mcg_V1_SC_10.raw	ftp://ftp.pride.ebi.ac.uk/pride/data/archive/2025/03/PXD051911/20210222_SL_ATLAS_WAT_DIA_RT_4mcg_V1_SC_10.raw	v1.1.0	NT=ms-proteomics;VV=v1.1.0	NT=clinical-metadata;VV=v1.0.0	NT=dia-acquisition;VV=v1.1.0	manual curation	not available
20230321-2354_EXP1_001838_17032023_MT_Plasma_800ng_DIA_ID_209	homo sapiens	blood plasma	not applicable	metabolic dysfunction-associated steatotic liver disease	female	1	20230321-2354_EXP1_001838_17032023_MT_Plasma_800ng_DIA_ID_209	proteomic profiling by mass spectrometry	Data-independent acquisition	NT=label free sample;AC=MS:1002038	NT=q exactive hf-x;AC=MS:1002877	NT=orbitrap exploris 480;AC=MS:1003028	not applicable	not available	28% NCE	1	1	20230321-2354_EXP1_001838_17032023_MT_Plasma_800ng_DIA_ID_209.raw	ftp://ftp.pride.ebi.ac.uk/pride/data/archive/2025/03/PXD051911/20230321-2354_EXP1_001838_17032023_MT_Plasma_800ng_DIA_ID_209.raw	v1.1.0	NT=ms-proteomics;VV=v1.1.0	NT=clinical-metadata;VV=v1.0.0	NT=dia-acquisition;VV=v1.1.0	manual curation	blood plasma
20230319-0114_EXP1_001801_17032023_MT_Plasma_800ng_DIA_ID_134	homo sapiens	blood plasma	not applicable	metabolic dysfunction-associated steatotic liver disease	female	1	20230319-0114_EXP1_001801_17032023_MT_Plasma_800ng_DIA_ID_134	proteomic profiling by mass spectrometry	Data-independent acquisition	NT=label free sample;AC=MS:1002038	NT=q exactive hf-x;AC=MS:1002877	NT=orbitrap exploris 480;AC=MS:1003028	not applicable	not available	28% NCE	1	1	20230319-0114_EXP1_001801_17032023_MT_Plasma_800ng_DIA_ID_134.raw	ftp://ftp.pride.ebi.ac.uk/pride/data/archive/2025/03/PXD051911/20230319-0114_EXP1_001801_17032023_MT_Plasma_800ng_DIA_ID_134.raw	v1.1.0	NT=ms-proteomics;VV=v1.1.0	NT=clinical-metadata;VV=v1.0.0	NT=dia-acquisition;VV=v1.1.0	manual curation	blood plasma
07062023_FP_hPlasma_V3_ID80	homo sapiens	not available	not applicable	metabolic dysfunction-associated steatotic liver disease	female	1	07062023_FP_hPlasma_V3_ID80	proteomic profiling by mass spectrometry	Data-independent acquisition	NT=label free sample;AC=MS:1002038	NT=q exactive hf-x;AC=MS:1002877	NT=orbitrap exploris 480;AC=MS:1003028	not applicable	not available	28% NCE	1	1	07062023_FP_hPlasma_V3_ID80.raw	ftp://ftp.pride.ebi.ac.uk/pride/data/archive/2025/03/PXD051911/07062023_FP_hPlasma_V3_ID80.raw	v1.1.0	NT=ms-proteomics;VV=v1.1.0	NT=clinical-metadata;VV=v1.0.0	NT=dia-acquisition;VV=v1.1.0	manual curation	not available
20210407_SL_ATLAS_WAT_DIA_RT_4mcg_V2_Oment_79	homo sapiens	not available	not applicable	metabolic dysfunction-associated steatotic liver disease	female	79	20210407_SL_ATLAS_WAT_DIA_RT_4mcg_V2_Oment_79	proteomic profiling by mass spectrometry	Data-independent acquisition	NT=label free sample;AC=MS:1002038	NT=q exactive hf-x;AC=MS:1002877	NT=orbitrap exploris 480;AC=MS:1003028	not applicable	not available	28% NCE	1	1	20210407_SL_ATLAS_WAT_DIA_RT_4mcg_V2_Oment_79.raw	ftp://ftp.pride.ebi.ac.uk/pride/data/archive/2025/03/PXD051911/20210407_SL_ATLAS_WAT_DIA_RT_4mcg_V2_Oment_79.raw	v1.1.0	NT=ms-proteomics;VV=v1.1.0	NT=clinical-metadata;VV=v1.0.0	NT=dia-acquisition;VV=v1.1.0	manual curation	not available
20210127_SL_ATLAS_WAT_DIA_RT_4mcg_V2_SC_78	homo sapiens	not available	not applicable	metabolic dysfunction-associated steatotic liver disease	female	78	20210127_SL_ATLAS_WAT_DIA_RT_4mcg_V2_SC_78	proteomic profiling by mass spectrometry	Data-independent acquisition	NT=label free sample;AC=MS:1002038	NT=q exactive hf-x;AC=MS:1002877	NT=orbitrap exploris 480;AC=MS:1003028	not applicable	not available	28% NCE	1	1	20210127_SL_ATLAS_WAT_DIA_RT_4mcg_V2_SC_78.raw	ftp://ftp.pride.ebi.ac.uk/pride/data/archive/2025/03/PXD051911/20210127_SL_ATLAS_WAT_DIA_RT_4mcg_V2_SC_78.raw	v1.1.0	NT=ms-proteomics;VV=v1.1.0	NT=clinical-metadata;VV=v1.0.0	NT=dia-acquisition;VV=v1.1.0	manual curation	not available
07062023_FP_hPlasma_V3_ID52	homo sapiens	not available	not applicable	metabolic dysfunction-associated steatotic liver disease	female	1	07062023_FP_hPlasma_V3_ID52	proteomic profiling by mass spectrometry	Data-independent acquisition	NT=label free sample;AC=MS:1002038	NT=q exactive hf-x;AC=MS:1002877	NT=orbitrap exploris 480;AC=MS:1003028	not applicable	not available	28% NCE	1	1	07062023_FP_hPlasma_V3_ID52.raw	ftp://ftp.pride.ebi.ac.uk/pride/data/archive/2025/03/PXD051911/07062023_FP_hPlasma_V3_ID52.raw	v1.1.0	NT=ms-proteomics;VV=v1.1.0	NT=clinical-metadata;VV=v1.0.0	NT=dia-acquisition;VV=v1.1.0	manual curation	not available
20230311-0931_EXP2_001200_01032023_MT_Plasma_800ng_DIA_ID_104	homo sapiens	blood plasma	not applicable	metabolic dysfunction-associated steatotic liver disease	female	1	20230311-0931_EXP2_001200_01032023_MT_Plasma_800ng_DIA_ID_104	proteomic profiling by mass spectrometry	Data-independent acquisition	NT=label free sample;AC=MS:1002038	NT=q exactive hf-x;AC=MS:1002877	NT=orbitrap exploris 480;AC=MS:1003028	not applicable	not available	28% NCE	1	1	20230311-0931_EXP2_001200_01032023_MT_Plasma_800ng_DIA_ID_104.raw	ftp://ftp.pride.ebi.ac.uk/pride/data/archive/2025/03/PXD051911/20230311-0931_EXP2_001200_01032023_MT_Plasma_800ng_DIA_ID_104.raw	v1.1.0	NT=ms-proteomics;VV=v1.1.0	NT=clinical-metadata;VV=v1.0.0	NT=dia-acquisition;VV=v1.1.0	manual curation	blood plasma
07062023_FP_hPlasma_V3_ID78	homo sapiens	not available	not applicable	metabolic dysfunction-associated steatotic liver disease	female	1	07062023_FP_hPlasma_V3_ID78	proteomic profiling by mass spectrometry	Data-independent acquisition	NT=label free sample;AC=MS:1002038	NT=q exactive hf-x;AC=MS:1002877	NT=orbitrap exploris 480;AC=MS:1003028	not applicable	not available	28% NCE	1	1	07062023_FP_hPlasma_V3_ID78.raw	ftp://ftp.pride.ebi.ac.uk/pride/data/archive/2025/03/PXD051911/07062023_FP_hPlasma_V3_ID78.raw	v1.1.0	NT=ms-proteomics;VV=v1.1.0	NT=clinical-metadata;VV=v1.0.0	NT=dia-acquisition;VV=v1.1.0	manual curation	not available
07062023_FP_hPlasma_V3_ID20	homo sapiens	not available	not applicable	metabolic dysfunction-associated steatotic liver disease	female	1	07062023_FP_hPlasma_V3_ID20	proteomic profiling by mass spectrometry	Data-independent acquisition	NT=label free sample;AC=MS:1002038	NT=q exactive hf-x;AC=MS:1002877	NT=orbitrap exploris 480;AC=MS:1003028	not applicable	not available	28% NCE	1	1	07062023_FP_hPlasma_V3_ID20.raw	ftp://ftp.pride.ebi.ac.uk/pride/data/archive/2025/03/PXD051911/07062023_FP_hPlasma_V3_ID20.raw	v1.1.0	NT=ms-proteomics;VV=v1.1.0	NT=clinical-metadata;VV=v1.0.0	NT=dia-acquisition;VV=v1.1.0	manual curation	not available
20230321-1500_EXP1_001833_17032023_MT_Plasma_800ng_DIA_ID_202	homo sapiens	blood plasma	not applicable	metabolic dysfunction-associated steatotic liver disease	female	1	20230321-1500_EXP1_001833_17032023_MT_Plasma_800ng_DIA_ID_202	proteomic profiling by mass spectrometry	Data-independent acquisition	NT=label free sample;AC=MS:1002038	NT=q exactive hf-x;AC=MS:1002877	NT=orbitrap exploris 480;AC=MS:1003028	not applicable	not available	28% NCE	1	1	20230321-1500_EXP1_001833_17032023_MT_Plasma_800ng_DIA_ID_202.raw	ftp://ftp.pride.ebi.ac.uk/pride/data/archive/2025/03/PXD051911/20230321-1500_EXP1_001833_17032023_MT_Plasma_800ng_DIA_ID_202.raw	v1.1.0	NT=ms-proteomics;VV=v1.1.0	NT=clinical-metadata;VV=v1.0.0	NT=dia-acquisition;VV=v1.1.0	manual curation	blood plasma
20230318-0601_EXP1_001791_17032023_MT_Plasma_800ng_DIA_ID_116	homo sapiens	blood plasma	not applicable	metabolic dysfunction-associated steatotic liver disease	female	1	20230318-0601_EXP1_001791_17032023_MT_Plasma_800ng_DIA_ID_116	proteomic profiling by mass spectrometry	Data-independent acquisition	NT=label free sample;AC=MS:1002038	NT=q exactive hf-x;AC=MS:1002877	NT=orbitrap exploris 480;AC=MS:1003028	not applicable	not available	28% NCE	1	1	20230318-0601_EXP1_001791_17032023_MT_Plasma_800ng_DIA_ID_116.raw	ftp://ftp.pride.ebi.ac.uk/pride/data/archive/2025/03/PXD051911/20230318-0601_EXP1_001791_17032023_MT_Plasma_800ng_DIA_ID_116.raw	v1.1.0	NT=ms-proteomics;VV=v1.1.0	NT=clinical-metadata;VV=v1.0.0	NT=dia-acquisition;VV=v1.1.0	manual curation	blood plasma
20201208_SL_ATLAS_WAT_DIA_RT_4mcg_Oment_V2_14	homo sapiens	not available	not applicable	metabolic dysfunction-associated steatotic liver disease	female	14	20201208_SL_ATLAS_WAT_DIA_RT_4mcg_Oment_V2_14	proteomic profiling by mass spectrometry	Data-independent acquisition	NT=label free sample;AC=MS:1002038	NT=q exactive hf-x;AC=MS:1002877	NT=orbitrap exploris 480;AC=MS:1003028	not applicable	not available	28% NCE	1	1	20201208_SL_ATLAS_WAT_DIA_RT_4mcg_Oment_V2_14.raw	ftp://ftp.pride.ebi.ac.uk/pride/data/archive/2025/03/PXD051911/20201208_SL_ATLAS_WAT_DIA_RT_4mcg_Oment_V2_14.raw	v1.1.0	NT=ms-proteomics;VV=v1.1.0	NT=clinical-metadata;VV=v1.0.0	NT=dia-acquisition;VV=v1.1.0	manual curation	not available
20210217_SL_ATLAS_WAT_DIA_RT_4mcg_V1_SC_12	homo sapiens	not available	not applicable	metabolic dysfunction-associated steatotic liver disease	female	12	20210217_SL_ATLAS_WAT_DIA_RT_4mcg_V1_SC_12	proteomic profiling by mass spectrometry	Data-independent acquisition	NT=label free sample;AC=MS:1002038	NT=q exactive hf-x;AC=MS:1002877	NT=orbitrap exploris 480;AC=MS:1003028	not applicable	not available	28% NCE	1	1	20210217_SL_ATLAS_WAT_DIA_RT_4mcg_V1_SC_12.raw	ftp://ftp.pride.ebi.ac.uk/pride/data/archive/2025/03/PXD051911/20210217_SL_ATLAS_WAT_DIA_RT_4mcg_V1_SC_12.raw	v1.1.0	NT=ms-proteomics;VV=v1.1.0	NT=clinical-metadata;VV=v1.0.0	NT=dia-acquisition;VV=v1.1.0	manual curation	not available
20230310-0318_EXP2_001186_01032023_MT_Plasma_800ng_DIA_ID_64	homo sapiens	blood plasma	not applicable	metabolic dysfunction-associated steatotic liver disease	female	64	20230310-0318_EXP2_001186_01032023_MT_Plasma_800ng_DIA_ID_64	proteomic profiling by mass spectrometry	Data-independent acquisition	NT=label free sample;AC=MS:1002038	NT=q exactive hf-x;AC=MS:1002877	NT=orbitrap exploris 480;AC=MS:1003028	not applicable	not available	28% NCE	1	1	20230310-0318_EXP2_001186_01032023_MT_Plasma_800ng_DIA_ID_64.raw	ftp://ftp.pride.ebi.ac.uk/pride/data/archive/2025/03/PXD051911/20230310-0318_EXP2_001186_01032023_MT_Plasma_800ng_DIA_ID_64.raw	v1.1.0	NT=ms-proteomics;VV=v1.1.0	NT=clinical-metadata;VV=v1.0.0	NT=dia-acquisition;VV=v1.1.0	manual curation	blood plasma
20210119_SL_ATLAS_WAT_DIA_RT_4mcg_V1_SC_09	homo sapiens	not available	not applicable	metabolic dysfunction-associated steatotic liver disease	female	9	20210119_SL_ATLAS_WAT_DIA_RT_4mcg_V1_SC_09	proteomic profiling by mass spectrometry	Data-independent acquisition	NT=label free sample;AC=MS:1002038	NT=q exactive hf-x;AC=MS:1002877	NT=orbitrap exploris 480;AC=MS:1003028	not applicable	not available	28% NCE	1	1	20210119_SL_ATLAS_WAT_DIA_RT_4mcg_V1_SC_09.raw	ftp://ftp.pride.ebi.ac.uk/pride/data/archive/2025/03/PXD051911/20210119_SL_ATLAS_WAT_DIA_RT_4mcg_V1_SC_09.raw	v1.1.0	NT=ms-proteomics;VV=v1.1.0	NT=clinical-metadata;VV=v1.0.0	NT=dia-acquisition;VV=v1.1.0	manual curation	not available
20230324-2050_EXP1_001851_24032023_MT_Plasma_800ng_DIA_ID_17	homo sapiens	blood plasma	not applicable	metabolic dysfunction-associated steatotic liver disease	female	17	20230324-2050_EXP1_001851_24032023_MT_Plasma_800ng_DIA_ID_17	proteomic profiling by mass spectrometry	Data-independent acquisition	NT=label free sample;AC=MS:1002038	NT=q exactive hf-x;AC=MS:1002877	NT=orbitrap exploris 480;AC=MS:1003028	not applicable	not available	28% NCE	1	1	20230324-2050_EXP1_001851_24032023_MT_Plasma_800ng_DIA_ID_17.raw	ftp://ftp.pride.ebi.ac.uk/pride/data/archive/2025/03/PXD051911/20230324-2050_EXP1_001851_24032023_MT_Plasma_800ng_DIA_ID_17.raw	v1.1.0	NT=ms-proteomics;VV=v1.1.0	NT=clinical-metadata;VV=v1.0.0	NT=dia-acquisition;VV=v1.1.0	manual curation	blood plasma
20191017_FP_QexXn2_1015_22cmr2um_Human_male_4	homo sapiens	not available	not applicable	metabolic dysfunction-associated steatotic liver disease	female	4	20191017_FP_QexXn2_1015_22cmr2um_Human_male_4	proteomic profiling by mass spectrometry	Data-independent acquisition	NT=label free sample;AC=MS:1002038	NT=q exactive hf-x;AC=MS:1002877	NT=orbitrap exploris 480;AC=MS:1003028	not applicable	not available	28% NCE	1	1	20191017_FP_QexXn2_1015_22cmr2um_Human_male_4.raw	ftp://ftp.pride.ebi.ac.uk/pride/data/archive/2025/03/PXD051911/20191017_FP_QexXn2_1015_22cmr2um_Human_male_4.raw	v1.1.0	NT=ms-proteomics;VV=v1.1.0	NT=clinical-metadata;VV=v1.0.0	NT=dia-acquisition;VV=v1.1.0	manual curation	not available
20230310-1011_EXP2_001189_01032023_MT_Plasma_800ng_DIA_ID_76	homo sapiens	blood plasma	not applicable	metabolic dysfunction-associated steatotic liver disease	female	76	20230310-1011_EXP2_001189_01032023_MT_Plasma_800ng_DIA_ID_76	proteomic profiling by mass spectrometry	Data-independent acquisition	NT=label free sample;AC=MS:1002038	NT=q exactive hf-x;AC=MS:1002877	NT=orbitrap exploris 480;AC=MS:1003028	not applicable	not available	28% NCE	1	1	20230310-1011_EXP2_001189_01032023_MT_Plasma_800ng_DIA_ID_76.raw	ftp://ftp.pride.ebi.ac.uk/pride/data/archive/2025/03/PXD051911/20230310-1011_EXP2_001189_01032023_MT_Plasma_800ng_DIA_ID_76.raw	v1.1.0	NT=ms-proteomics;VV=v1.1.0	NT=clinical-metadata;VV=v1.0.0	NT=dia-acquisition;VV=v1.1.0	manual curation	blood plasma
20191017_FP_QexXn2_1015_22cmr2um_Human_female_21	homo sapiens	not available	not applicable	metabolic dysfunction-associated steatotic liver disease	female	21	20191017_FP_QexXn2_1015_22cmr2um_Human_female_21	proteomic profiling by mass spectrometry	Data-independent acquisition	NT=label free sample;AC=MS:1002038	NT=q exactive hf-x;AC=MS:1002877	NT=orbitrap exploris 480;AC=MS:1003028	not applicable	not available	28% NCE	1	1	20191017_FP_QexXn2_1015_22cmr2um_Human_female_21.raw	ftp://ftp.pride.ebi.ac.uk/pride/data/archive/2025/03/PXD051911/20191017_FP_QexXn2_1015_22cmr2um_Human_female_21.raw	v1.1.0	NT=ms-proteomics;VV=v1.1.0	NT=clinical-metadata;VV=v1.0.0	NT=dia-acquisition;VV=v1.1.0	manual curation	not available
20230318-0711_EXP1_001792_17032023_MT_Plasma_800ng_DIA_ID_119	homo sapiens	blood plasma	not applicable	metabolic dysfunction-associated steatotic liver disease	female	1	20230318-0711_EXP1_001792_17032023_MT_Plasma_800ng_DIA_ID_119	proteomic profiling by mass spectrometry	Data-independent acquisition	NT=label free sample;AC=MS:1002038	NT=q exactive hf-x;AC=MS:1002877	NT=orbitrap exploris 480;AC=MS:1003028	not applicable	not available	28% NCE	1	1	20230318-0711_EXP1_001792_17032023_MT_Plasma_800ng_DIA_ID_119.raw	ftp://ftp.pride.ebi.ac.uk/pride/data/archive/2025/03/PXD051911/20230318-0711_EXP1_001792_17032023_MT_Plasma_800ng_DIA_ID_119.raw	v1.1.0	NT=ms-proteomics;VV=v1.1.0	NT=clinical-metadata;VV=v1.0.0	NT=dia-acquisition;VV=v1.1.0	manual curation	blood plasma
11122020_FP_ATLASLiver_vis1_ID56	homo sapiens	liver	not applicable	metabolic dysfunction-associated steatotic liver disease	female	1	11122020_FP_ATLASLiver_vis1_ID56	proteomic profiling by mass spectrometry	Data-independent acquisition	NT=label free sample;AC=MS:1002038	NT=q exactive hf-x;AC=MS:1002877	NT=orbitrap exploris 480;AC=MS:1003028	not applicable	not available	28% NCE	1	1	11122020_FP_ATLASLiver_vis1_ID56.raw	ftp://ftp.pride.ebi.ac.uk/pride/data/archive/2025/03/PXD051911/11122020_FP_ATLASLiver_vis1_ID56.raw	v1.1.0	NT=ms-proteomics;VV=v1.1.0	NT=clinical-metadata;VV=v1.0.0	NT=dia-acquisition;VV=v1.1.0	manual curation	liver
20210119_SL_ATLAS_WAT_DIA_RT_4mcg_V1_SC_17	homo sapiens	not available	not applicable	metabolic dysfunction-associated steatotic liver disease	female	17	20210119_SL_ATLAS_WAT_DIA_RT_4mcg_V1_SC_17	proteomic profiling by mass spectrometry	Data-independent acquisition	NT=label free sample;AC=MS:1002038	NT=q exactive hf-x;AC=MS:1002877	NT=orbitrap exploris 480;AC=MS:1003028	not applicable	not available	28% NCE	1	1	20210119_SL_ATLAS_WAT_DIA_RT_4mcg_V1_SC_17.raw	ftp://ftp.pride.ebi.ac.uk/pride/data/archive/2025/03/PXD051911/20210119_SL_ATLAS_WAT_DIA_RT_4mcg_V1_SC_17.raw	v1.1.0	NT=ms-proteomics;VV=v1.1.0	NT=clinical-metadata;VV=v1.0.0	NT=dia-acquisition;VV=v1.1.0	manual curation	not available
20201208_SL_ATLAS_WAT_DIA_RT_4mcg_V2_68	homo sapiens	not available	not applicable	metabolic dysfunction-associated steatotic liver disease	female	68	20201208_SL_ATLAS_WAT_DIA_RT_4mcg_V2_68	proteomic profiling by mass spectrometry	Data-independent acquisition	NT=label free sample;AC=MS:1002038	NT=q exactive hf-x;AC=MS:1002877	NT=orbitrap exploris 480;AC=MS:1003028	not applicable	not available	28% NCE	1	1	20201208_SL_ATLAS_WAT_DIA_RT_4mcg_V2_68.raw	ftp://ftp.pride.ebi.ac.uk/pride/data/archive/2025/03/PXD051911/20201208_SL_ATLAS_WAT_DIA_RT_4mcg_V2_68.raw	v1.1.0	NT=ms-proteomics;VV=v1.1.0	NT=clinical-metadata;VV=v1.0.0	NT=dia-acquisition;VV=v1.1.0	manual curation	not available
20230326-1102_EXP1_001875_24032023_MT_Plasma_800ng_DIA_ID_82	homo sapiens	blood plasma	not applicable	metabolic dysfunction-associated steatotic liver disease	female	82	20230326-1102_EXP1_001875_24032023_MT_Plasma_800ng_DIA_ID_82	proteomic profiling by mass spectrometry	Data-independent acquisition	NT=label free sample;AC=MS:1002038	NT=q exactive hf-x;AC=MS:1002877	NT=orbitrap exploris 480;AC=MS:1003028	not applicable	not available	28% NCE	1	1	20230326-1102_EXP1_001875_24032023_MT_Plasma_800ng_DIA_ID_82.raw	ftp://ftp.pride.ebi.ac.uk/pride/data/archive/2025/03/PXD051911/20230326-1102_EXP1_001875_24032023_MT_Plasma_800ng_DIA_ID_82.raw	v1.1.0	NT=ms-proteomics;VV=v1.1.0	NT=clinical-metadata;VV=v1.0.0	NT=dia-acquisition;VV=v1.1.0	manual curation	blood plasma
20230320-1300_EXP1_001820_17032023_MT_Plasma_800ng_DIA_ID_172	homo sapiens	blood plasma	not applicable	metabolic dysfunction-associated steatotic liver disease	female	1	20230320-1300_EXP1_001820_17032023_MT_Plasma_800ng_DIA_ID_172	proteomic profiling by mass spectrometry	Data-independent acquisition	NT=label free sample;AC=MS:1002038	NT=q exactive hf-x;AC=MS:1002877	NT=orbitrap exploris 480;AC=MS:1003028	not applicable	not available	28% NCE	1	1	20230320-1300_EXP1_001820_17032023_MT_Plasma_800ng_DIA_ID_172.raw	ftp://ftp.pride.ebi.ac.uk/pride/data/archive/2025/03/PXD051911/20230320-1300_EXP1_001820_17032023_MT_Plasma_800ng_DIA_ID_172.raw	v1.1.0	NT=ms-proteomics;VV=v1.1.0	NT=clinical-metadata;VV=v1.0.0	NT=dia-acquisition;VV=v1.1.0	manual curation	blood plasma
20230320-0758_EXP1_001817_17032023_MT_Plasma_800ng_DIA_ID_166	homo sapiens	blood plasma	not applicable	metabolic dysfunction-associated steatotic liver disease	female	1	20230320-0758_EXP1_001817_17032023_MT_Plasma_800ng_DIA_ID_166	proteomic profiling by mass spectrometry	Data-independent acquisition	NT=label free sample;AC=MS:1002038	NT=q exactive hf-x;AC=MS:1002877	NT=orbitrap exploris 480;AC=MS:1003028	not applicable	not available	28% NCE	1	1	20230320-0758_EXP1_001817_17032023_MT_Plasma_800ng_DIA_ID_166.raw	ftp://ftp.pride.ebi.ac.uk/pride/data/archive/2025/03/PXD051911/20230320-0758_EXP1_001817_17032023_MT_Plasma_800ng_DIA_ID_166.raw	v1.1.0	NT=ms-proteomics;VV=v1.1.0	NT=clinical-metadata;VV=v1.0.0	NT=dia-acquisition;VV=v1.1.0	manual curation	blood plasma
20191017_FP_QexXn2_1015_22cmr2um_Human_female_14	homo sapiens	not available	not applicable	metabolic dysfunction-associated steatotic liver disease	female	14	20191017_FP_QexXn2_1015_22cmr2um_Human_female_14	proteomic profiling by mass spectrometry	Data-independent acquisition	NT=label free sample;AC=MS:1002038	NT=q exactive hf-x;AC=MS:1002877	NT=orbitrap exploris 480;AC=MS:1003028	not applicable	not available	28% NCE	1	1	20191017_FP_QexXn2_1015_22cmr2um_Human_female_14.raw	ftp://ftp.pride.ebi.ac.uk/pride/data/archive/2025/03/PXD051911/20191017_FP_QexXn2_1015_22cmr2um_Human_female_14.raw	v1.1.0	NT=ms-proteomics;VV=v1.1.0	NT=clinical-metadata;VV=v1.0.0	NT=dia-acquisition;VV=v1.1.0	manual curation	not available
20230325-0907_EXP1_001859_24032023_MT_Plasma_800ng_DIA_ID_33	homo sapiens	blood plasma	not applicable	metabolic dysfunction-associated steatotic liver disease	female	33	20230325-0907_EXP1_001859_24032023_MT_Plasma_800ng_DIA_ID_33	proteomic profiling by mass spectrometry	Data-independent acquisition	NT=label free sample;AC=MS:1002038	NT=q exactive hf-x;AC=MS:1002877	NT=orbitrap exploris 480;AC=MS:1003028	not applicable	not available	28% NCE	1	1	20230325-0907_EXP1_001859_24032023_MT_Plasma_800ng_DIA_ID_33.raw	ftp://ftp.pride.ebi.ac.uk/pride/data/archive/2025/03/PXD051911/20230325-0907_EXP1_001859_24032023_MT_Plasma_800ng_DIA_ID_33.raw	v1.1.0	NT=ms-proteomics;VV=v1.1.0	NT=clinical-metadata;VV=v1.0.0	NT=dia-acquisition;VV=v1.1.0	manual curation	blood plasma
20230318-2123_EXP1_001799_17032023_MT_Plasma_800ng_DIA_ID_132	homo sapiens	blood plasma	not applicable	metabolic dysfunction-associated steatotic liver disease	female	1	20230318-2123_EXP1_001799_17032023_MT_Plasma_800ng_DIA_ID_132	proteomic profiling by mass spectrometry	Data-independent acquisition	NT=label free sample;AC=MS:1002038	NT=q exactive hf-x;AC=MS:1002877	NT=orbitrap exploris 480;AC=MS:1003028	not applicable	not available	28% NCE	1	1	20230318-2123_EXP1_001799_17032023_MT_Plasma_800ng_DIA_ID_132.raw	ftp://ftp.pride.ebi.ac.uk/pride/data/archive/2025/03/PXD051911/20230318-2123_EXP1_001799_17032023_MT_Plasma_800ng_DIA_ID_132.raw	v1.1.0	NT=ms-proteomics;VV=v1.1.0	NT=clinical-metadata;VV=v1.0.0	NT=dia-acquisition;VV=v1.1.0	manual curation	blood plasma
20230302-1439_EXP2_001164_01032023_MT_Plasma_800ng_DIA_ID_36	homo sapiens	blood plasma	not applicable	metabolic dysfunction-associated steatotic liver disease	female	36	20230302-1439_EXP2_001164_01032023_MT_Plasma_800ng_DIA_ID_36	proteomic profiling by mass spectrometry	Data-independent acquisition	NT=label free sample;AC=MS:1002038	NT=q exactive hf-x;AC=MS:1002877	NT=orbitrap exploris 480;AC=MS:1003028	not applicable	not available	28% NCE	1	1	20230302-1439_EXP2_001164_01032023_MT_Plasma_800ng_DIA_ID_36.raw	ftp://ftp.pride.ebi.ac.uk/pride/data/archive/2025/03/PXD051911/20230302-1439_EXP2_001164_01032023_MT_Plasma_800ng_DIA_ID_36.raw	v1.1.0	NT=ms-proteomics;VV=v1.1.0	NT=clinical-metadata;VV=v1.0.0	NT=dia-acquisition;VV=v1.1.0	manual curation	blood plasma
07062023_FP_hPlasma_V2_ID15	homo sapiens	not available	not applicable	metabolic dysfunction-associated steatotic liver disease	female	1	07062023_FP_hPlasma_V2_ID15	proteomic profiling by mass spectrometry	Data-independent acquisition	NT=label free sample;AC=MS:1002038	NT=q exactive hf-x;AC=MS:1002877	NT=orbitrap exploris 480;AC=MS:1003028	not applicable	not available	28% NCE	1	1	07062023_FP_hPlasma_V2_ID15.raw	ftp://ftp.pride.ebi.ac.uk/pride/data/archive/2025/03/PXD051911/07062023_FP_hPlasma_V2_ID15.raw	v1.1.0	NT=ms-proteomics;VV=v1.1.0	NT=clinical-metadata;VV=v1.0.0	NT=dia-acquisition;VV=v1.1.0	manual curation	not available
20191017_FP_QexXn2_1015_22cmr2um_Human_male_24	homo sapiens	not available	not applicable	metabolic dysfunction-associated steatotic liver disease	female	24	20191017_FP_QexXn2_1015_22cmr2um_Human_male_24	proteomic profiling by mass spectrometry	Data-independent acquisition	NT=label free sample;AC=MS:1002038	NT=q exactive hf-x;AC=MS:1002877	NT=orbitrap exploris 480;AC=MS:1003028	not applicable	not available	28% NCE	1	1	20191017_FP_QexXn2_1015_22cmr2um_Human_male_24.raw	ftp://ftp.pride.ebi.ac.uk/pride/data/archive/2025/03/PXD051911/20191017_FP_QexXn2_1015_22cmr2um_Human_male_24.raw	v1.1.0	NT=ms-proteomics;VV=v1.1.0	NT=clinical-metadata;VV=v1.0.0	NT=dia-acquisition;VV=v1.1.0	manual curation	not available
11122020_FP_ATLASLiver_vis1_ID73	homo sapiens	liver	not applicable	metabolic dysfunction-associated steatotic liver disease	female	1	11122020_FP_ATLASLiver_vis1_ID73	proteomic profiling by mass spectrometry	Data-independent acquisition	NT=label free sample;AC=MS:1002038	NT=q exactive hf-x;AC=MS:1002877	NT=orbitrap exploris 480;AC=MS:1003028	not applicable	not available	28% NCE	1	1	11122020_FP_ATLASLiver_vis1_ID73.raw	ftp://ftp.pride.ebi.ac.uk/pride/data/archive/2025/03/PXD051911/11122020_FP_ATLASLiver_vis1_ID73.raw	v1.1.0	NT=ms-proteomics;VV=v1.1.0	NT=clinical-metadata;VV=v1.0.0	NT=dia-acquisition;VV=v1.1.0	manual curation	liver
07062023_FP_hPlasma_V3_ID84	homo sapiens	not available	not applicable	metabolic dysfunction-associated steatotic liver disease	female	1	07062023_FP_hPlasma_V3_ID84	proteomic profiling by mass spectrometry	Data-independent acquisition	NT=label free sample;AC=MS:1002038	NT=q exactive hf-x;AC=MS:1002877	NT=orbitrap exploris 480;AC=MS:1003028	not applicable	not available	28% NCE	1	1	07062023_FP_hPlasma_V3_ID84.raw	ftp://ftp.pride.ebi.ac.uk/pride/data/archive/2025/03/PXD051911/07062023_FP_hPlasma_V3_ID84.raw	v1.1.0	NT=ms-proteomics;VV=v1.1.0	NT=clinical-metadata;VV=v1.0.0	NT=dia-acquisition;VV=v1.1.0	manual curation	not available
20210407_SL_ATLAS_WAT_DIA_RT_4mcg_V2_Oment_29	homo sapiens	not available	not applicable	metabolic dysfunction-associated steatotic liver disease	female	29	20210407_SL_ATLAS_WAT_DIA_RT_4mcg_V2_Oment_29	proteomic profiling by mass spectrometry	Data-independent acquisition	NT=label free sample;AC=MS:1002038	NT=q exactive hf-x;AC=MS:1002877	NT=orbitrap exploris 480;AC=MS:1003028	not applicable	not available	28% NCE	1	1	20210407_SL_ATLAS_WAT_DIA_RT_4mcg_V2_Oment_29.raw	ftp://ftp.pride.ebi.ac.uk/pride/data/archive/2025/03/PXD051911/20210407_SL_ATLAS_WAT_DIA_RT_4mcg_V2_Oment_29.raw	v1.1.0	NT=ms-proteomics;VV=v1.1.0	NT=clinical-metadata;VV=v1.0.0	NT=dia-acquisition;VV=v1.1.0	manual curation	not available
20230325-0259_EXP1_001855_24032023_MT_Plasma_800ng_DIA_ID_24	homo sapiens	blood plasma	not applicable	metabolic dysfunction-associated steatotic liver disease	female	24	20230325-0259_EXP1_001855_24032023_MT_Plasma_800ng_DIA_ID_24	proteomic profiling by mass spectrometry	Data-independent acquisition	NT=label free sample;AC=MS:1002038	NT=q exactive hf-x;AC=MS:1002877	NT=orbitrap exploris 480;AC=MS:1003028	not applicable	not available	28% NCE	1	1	20230325-0259_EXP1_001855_24032023_MT_Plasma_800ng_DIA_ID_24.raw	ftp://ftp.pride.ebi.ac.uk/pride/data/archive/2025/03/PXD051911/20230325-0259_EXP1_001855_24032023_MT_Plasma_800ng_DIA_ID_24.raw	v1.1.0	NT=ms-proteomics;VV=v1.1.0	NT=clinical-metadata;VV=v1.0.0	NT=dia-acquisition;VV=v1.1.0	manual curation	blood plasma
20230302-1323_EXP2_001163_01032023_MT_Plasma_800ng_DIA_ID_35	homo sapiens	blood plasma	not applicable	metabolic dysfunction-associated steatotic liver disease	female	35	20230302-1323_EXP2_001163_01032023_MT_Plasma_800ng_DIA_ID_35	proteomic profiling by mass spectrometry	Data-independent acquisition	NT=label free sample;AC=MS:1002038	NT=q exactive hf-x;AC=MS:1002877	NT=orbitrap exploris 480;AC=MS:1003028	not applicable	not available	28% NCE	1	1	20230302-1323_EXP2_001163_01032023_MT_Plasma_800ng_DIA_ID_35.raw	ftp://ftp.pride.ebi.ac.uk/pride/data/archive/2025/03/PXD051911/20230302-1323_EXP2_001163_01032023_MT_Plasma_800ng_DIA_ID_35.raw	v1.1.0	NT=ms-proteomics;VV=v1.1.0	NT=clinical-metadata;VV=v1.0.0	NT=dia-acquisition;VV=v1.1.0	manual curation	blood plasma
20230320-0017_EXP1_001813_17032023_MT_Plasma_800ng_DIA_ID_156	homo sapiens	blood plasma	not applicable	metabolic dysfunction-associated steatotic liver disease	female	1	20230320-0017_EXP1_001813_17032023_MT_Plasma_800ng_DIA_ID_156	proteomic profiling by mass spectrometry	Data-independent acquisition	NT=label free sample;AC=MS:1002038	NT=q exactive hf-x;AC=MS:1002877	NT=orbitrap exploris 480;AC=MS:1003028	not applicable	not available	28% NCE	1	1	20230320-0017_EXP1_001813_17032023_MT_Plasma_800ng_DIA_ID_156.raw	ftp://ftp.pride.ebi.ac.uk/pride/data/archive/2025/03/PXD051911/20230320-0017_EXP1_001813_17032023_MT_Plasma_800ng_DIA_ID_156.raw	v1.1.0	NT=ms-proteomics;VV=v1.1.0	NT=clinical-metadata;VV=v1.0.0	NT=dia-acquisition;VV=v1.1.0	manual curation	blood plasma
20191017_FP_QexXn2_1015_22cmr2um_Human_female_41	homo sapiens	not available	not applicable	metabolic dysfunction-associated steatotic liver disease	female	41	20191017_FP_QexXn2_1015_22cmr2um_Human_female_41	proteomic profiling by mass spectrometry	Data-independent acquisition	NT=label free sample;AC=MS:1002038	NT=q exactive hf-x;AC=MS:1002877	NT=orbitrap exploris 480;AC=MS:1003028	not applicable	not available	28% NCE	1	1	20191017_FP_QexXn2_1015_22cmr2um_Human_female_41.raw	ftp://ftp.pride.ebi.ac.uk/pride/data/archive/2025/03/PXD051911/20191017_FP_QexXn2_1015_22cmr2um_Human_female_41.raw	v1.1.0	NT=ms-proteomics;VV=v1.1.0	NT=clinical-metadata;VV=v1.0.0	NT=dia-acquisition;VV=v1.1.0	manual curation	not available
07062023_FP_hPlasma_V3_ID157	homo sapiens	not available	not applicable	metabolic dysfunction-associated steatotic liver disease	female	1	07062023_FP_hPlasma_V3_ID157	proteomic profiling by mass spectrometry	Data-independent acquisition	NT=label free sample;AC=MS:1002038	NT=q exactive hf-x;AC=MS:1002877	NT=orbitrap exploris 480;AC=MS:1003028	not applicable	not available	28% NCE	1	1	07062023_FP_hPlasma_V3_ID157.raw	ftp://ftp.pride.ebi.ac.uk/pride/data/archive/2025/03/PXD051911/07062023_FP_hPlasma_V3_ID157.raw	v1.1.0	NT=ms-proteomics;VV=v1.1.0	NT=clinical-metadata;VV=v1.0.0	NT=dia-acquisition;VV=v1.1.0	manual curation	not available
20230325-1934_EXP1_001866_24032023_MT_Plasma_800ng_DIA_ID_49	homo sapiens	blood plasma	not applicable	metabolic dysfunction-associated steatotic liver disease	female	49	20230325-1934_EXP1_001866_24032023_MT_Plasma_800ng_DIA_ID_49	proteomic profiling by mass spectrometry	Data-independent acquisition	NT=label free sample;AC=MS:1002038	NT=q exactive hf-x;AC=MS:1002877	NT=orbitrap exploris 480;AC=MS:1003028	not applicable	not available	28% NCE	1	1	20230325-1934_EXP1_001866_24032023_MT_Plasma_800ng_DIA_ID_49.raw	ftp://ftp.pride.ebi.ac.uk/pride/data/archive/2025/03/PXD051911/20230325-1934_EXP1_001866_24032023_MT_Plasma_800ng_DIA_ID_49.raw	v1.1.0	NT=ms-proteomics;VV=v1.1.0	NT=clinical-metadata;VV=v1.0.0	NT=dia-acquisition;VV=v1.1.0	manual curation	blood plasma
20210119_SL_ATLAS_WAT_DIA_RT_4mcg_V1_SC_33	homo sapiens	not available	not applicable	metabolic dysfunction-associated steatotic liver disease	female	33	20210119_SL_ATLAS_WAT_DIA_RT_4mcg_V1_SC_33	proteomic profiling by mass spectrometry	Data-independent acquisition	NT=label free sample;AC=MS:1002038	NT=q exactive hf-x;AC=MS:1002877	NT=orbitrap exploris 480;AC=MS:1003028	not applicable	not available	28% NCE	1	1	20210119_SL_ATLAS_WAT_DIA_RT_4mcg_V1_SC_33.raw	ftp://ftp.pride.ebi.ac.uk/pride/data/archive/2025/03/PXD051911/20210119_SL_ATLAS_WAT_DIA_RT_4mcg_V1_SC_33.raw	v1.1.0	NT=ms-proteomics;VV=v1.1.0	NT=clinical-metadata;VV=v1.0.0	NT=dia-acquisition;VV=v1.1.0	manual curation	not available
20191017_FP_QexXn2_1015_22cmr2um_Human_male_28	homo sapiens	not available	not applicable	metabolic dysfunction-associated steatotic liver disease	female	28	20191017_FP_QexXn2_1015_22cmr2um_Human_male_28	proteomic profiling by mass spectrometry	Data-independent acquisition	NT=label free sample;AC=MS:1002038	NT=q exactive hf-x;AC=MS:1002877	NT=orbitrap exploris 480;AC=MS:1003028	not applicable	not available	28% NCE	1	1	20191017_FP_QexXn2_1015_22cmr2um_Human_male_28.raw	ftp://ftp.pride.ebi.ac.uk/pride/data/archive/2025/03/PXD051911/20191017_FP_QexXn2_1015_22cmr2um_Human_male_28.raw	v1.1.0	NT=ms-proteomics;VV=v1.1.0	NT=clinical-metadata;VV=v1.0.0	NT=dia-acquisition;VV=v1.1.0	manual curation	not available
20230311-0520_EXP2_001198_01032023_MT_Plasma_800ng_DIA_ID_98	homo sapiens	blood plasma	not applicable	metabolic dysfunction-associated steatotic liver disease	female	98	20230311-0520_EXP2_001198_01032023_MT_Plasma_800ng_DIA_ID_98	proteomic profiling by mass spectrometry	Data-independent acquisition	NT=label free sample;AC=MS:1002038	NT=q exactive hf-x;AC=MS:1002877	NT=orbitrap exploris 480;AC=MS:1003028	not applicable	not available	28% NCE	1	1	20230311-0520_EXP2_001198_01032023_MT_Plasma_800ng_DIA_ID_98.raw	ftp://ftp.pride.ebi.ac.uk/pride/data/archive/2025/03/PXD051911/20230311-0520_EXP2_001198_01032023_MT_Plasma_800ng_DIA_ID_98.raw	v1.1.0	NT=ms-proteomics;VV=v1.1.0	NT=clinical-metadata;VV=v1.0.0	NT=dia-acquisition;VV=v1.1.0	manual curation	blood plasma
20230302-2131_EXP2_001167_01032023_MT_Plasma_800ng_DIA_ID_44	homo sapiens	blood plasma	not applicable	metabolic dysfunction-associated steatotic liver disease	female	44	20230302-2131_EXP2_001167_01032023_MT_Plasma_800ng_DIA_ID_44	proteomic profiling by mass spectrometry	Data-independent acquisition	NT=label free sample;AC=MS:1002038	NT=q exactive hf-x;AC=MS:1002877	NT=orbitrap exploris 480;AC=MS:1003028	not applicable	not available	28% NCE	1	1	20230302-2131_EXP2_001167_01032023_MT_Plasma_800ng_DIA_ID_44.raw	ftp://ftp.pride.ebi.ac.uk/pride/data/archive/2025/03/PXD051911/20230302-2131_EXP2_001167_01032023_MT_Plasma_800ng_DIA_ID_44.raw	v1.1.0	NT=ms-proteomics;VV=v1.1.0	NT=clinical-metadata;VV=v1.0.0	NT=dia-acquisition;VV=v1.1.0	manual curation	blood plasma
20191017_FP_QexXn2_1015_22cmr2um_Human_female_9	homo sapiens	not available	not applicable	metabolic dysfunction-associated steatotic liver disease	female	9	20191017_FP_QexXn2_1015_22cmr2um_Human_female_9	proteomic profiling by mass spectrometry	Data-independent acquisition	NT=label free sample;AC=MS:1002038	NT=q exactive hf-x;AC=MS:1002877	NT=orbitrap exploris 480;AC=MS:1003028	not applicable	not available	28% NCE	1	1	20191017_FP_QexXn2_1015_22cmr2um_Human_female_9.raw	ftp://ftp.pride.ebi.ac.uk/pride/data/archive/2025/03/PXD051911/20191017_FP_QexXn2_1015_22cmr2um_Human_female_9.raw	v1.1.0	NT=ms-proteomics;VV=v1.1.0	NT=clinical-metadata;VV=v1.0.0	NT=dia-acquisition;VV=v1.1.0	manual curation	not available
07062023_FP_hPlasma_V2_ID41	homo sapiens	not available	not applicable	metabolic dysfunction-associated steatotic liver disease	female	1	07062023_FP_hPlasma_V2_ID41	proteomic profiling by mass spectrometry	Data-independent acquisition	NT=label free sample;AC=MS:1002038	NT=q exactive hf-x;AC=MS:1002877	NT=orbitrap exploris 480;AC=MS:1003028	not applicable	not available	28% NCE	1	1	07062023_FP_hPlasma_V2_ID41.raw	ftp://ftp.pride.ebi.ac.uk/pride/data/archive/2025/03/PXD051911/07062023_FP_hPlasma_V2_ID41.raw	v1.1.0	NT=ms-proteomics;VV=v1.1.0	NT=clinical-metadata;VV=v1.0.0	NT=dia-acquisition;VV=v1.1.0	manual curation	not available
20230326-2148_EXP1_001882_24032023_MT_Plasma_800ng_DIA_ID_101	homo sapiens	blood plasma	not applicable	metabolic dysfunction-associated steatotic liver disease	female	1	20230326-2148_EXP1_001882_24032023_MT_Plasma_800ng_DIA_ID_101	proteomic profiling by mass spectrometry	Data-independent acquisition	NT=label free sample;AC=MS:1002038	NT=q exactive hf-x;AC=MS:1002877	NT=orbitrap exploris 480;AC=MS:1003028	not applicable	not available	28% NCE	1	1	20230326-2148_EXP1_001882_24032023_MT_Plasma_800ng_DIA_ID_101.raw	ftp://ftp.pride.ebi.ac.uk/pride/data/archive/2025/03/PXD051911/20230326-2148_EXP1_001882_24032023_MT_Plasma_800ng_DIA_ID_101.raw	v1.1.0	NT=ms-proteomics;VV=v1.1.0	NT=clinical-metadata;VV=v1.0.0	NT=dia-acquisition;VV=v1.1.0	manual curation	blood plasma
20201208_SL_ATLAS_WAT_DIA_RT_4mcg_Oment_V2_32	homo sapiens	not available	not applicable	metabolic dysfunction-associated steatotic liver disease	female	32	20201208_SL_ATLAS_WAT_DIA_RT_4mcg_Oment_V2_32	proteomic profiling by mass spectrometry	Data-independent acquisition	NT=label free sample;AC=MS:1002038	NT=q exactive hf-x;AC=MS:1002877	NT=orbitrap exploris 480;AC=MS:1003028	not applicable	not available	28% NCE	1	1	20201208_SL_ATLAS_WAT_DIA_RT_4mcg_Oment_V2_32.raw	ftp://ftp.pride.ebi.ac.uk/pride/data/archive/2025/03/PXD051911/20201208_SL_ATLAS_WAT_DIA_RT_4mcg_Oment_V2_32.raw	v1.1.0	NT=ms-proteomics;VV=v1.1.0	NT=clinical-metadata;VV=v1.0.0	NT=dia-acquisition;VV=v1.1.0	manual curation	not available
11122020_FP_ATLASLiver_vis1_ID88	homo sapiens	liver	not applicable	metabolic dysfunction-associated steatotic liver disease	female	1	11122020_FP_ATLASLiver_vis1_ID88	proteomic profiling by mass spectrometry	Data-independent acquisition	NT=label free sample;AC=MS:1002038	NT=q exactive hf-x;AC=MS:1002877	NT=orbitrap exploris 480;AC=MS:1003028	not applicable	not available	28% NCE	1	1	11122020_FP_ATLASLiver_vis1_ID88.raw	ftp://ftp.pride.ebi.ac.uk/pride/data/archive/2025/03/PXD051911/11122020_FP_ATLASLiver_vis1_ID88.raw	v1.1.0	NT=ms-proteomics;VV=v1.1.0	NT=clinical-metadata;VV=v1.0.0	NT=dia-acquisition;VV=v1.1.0	manual curation	liver
07062023_FP_hPlasma_V3_ID50	homo sapiens	not available	not applicable	metabolic dysfunction-associated steatotic liver disease	female	1	07062023_FP_hPlasma_V3_ID50	proteomic profiling by mass spectrometry	Data-independent acquisition	NT=label free sample;AC=MS:1002038	NT=q exactive hf-x;AC=MS:1002877	NT=orbitrap exploris 480;AC=MS:1003028	not applicable	not available	28% NCE	1	1	07062023_FP_hPlasma_V3_ID50.raw	ftp://ftp.pride.ebi.ac.uk/pride/data/archive/2025/03/PXD051911/07062023_FP_hPlasma_V3_ID50.raw	v1.1.0	NT=ms-proteomics;VV=v1.1.0	NT=clinical-metadata;VV=v1.0.0	NT=dia-acquisition;VV=v1.1.0	manual curation	not available
20230326-0754_EXP1_001873_24032023_MT_Plasma_800ng_DIA_ID_78	homo sapiens	blood plasma	not applicable	metabolic dysfunction-associated steatotic liver disease	female	78	20230326-0754_EXP1_001873_24032023_MT_Plasma_800ng_DIA_ID_78	proteomic profiling by mass spectrometry	Data-independent acquisition	NT=label free sample;AC=MS:1002038	NT=q exactive hf-x;AC=MS:1002877	NT=orbitrap exploris 480;AC=MS:1003028	not applicable	not available	28% NCE	1	1	20230326-0754_EXP1_001873_24032023_MT_Plasma_800ng_DIA_ID_78.raw	ftp://ftp.pride.ebi.ac.uk/pride/data/archive/2025/03/PXD051911/20230326-0754_EXP1_001873_24032023_MT_Plasma_800ng_DIA_ID_78.raw	v1.1.0	NT=ms-proteomics;VV=v1.1.0	NT=clinical-metadata;VV=v1.0.0	NT=dia-acquisition;VV=v1.1.0	manual curation	blood plasma
07062023_FP_hPlasma_V3_ID91	homo sapiens	not available	not applicable	metabolic dysfunction-associated steatotic liver disease	female	1	07062023_FP_hPlasma_V3_ID91	proteomic profiling by mass spectrometry	Data-independent acquisition	NT=label free sample;AC=MS:1002038	NT=q exactive hf-x;AC=MS:1002877	NT=orbitrap exploris 480;AC=MS:1003028	not applicable	not available	28% NCE	1	1	07062023_FP_hPlasma_V3_ID91.raw	ftp://ftp.pride.ebi.ac.uk/pride/data/archive/2025/03/PXD051911/07062023_FP_hPlasma_V3_ID91.raw	v1.1.0	NT=ms-proteomics;VV=v1.1.0	NT=clinical-metadata;VV=v1.0.0	NT=dia-acquisition;VV=v1.1.0	manual curation	not available
20201208_SL_ATLAS_WAT_DIA_RT_4mcg_Oment_V2_68	homo sapiens	not available	not applicable	metabolic dysfunction-associated steatotic liver disease	female	68	20201208_SL_ATLAS_WAT_DIA_RT_4mcg_Oment_V2_68	proteomic profiling by mass spectrometry	Data-independent acquisition	NT=label free sample;AC=MS:1002038	NT=q exactive hf-x;AC=MS:1002877	NT=orbitrap exploris 480;AC=MS:1003028	not applicable	not available	28% NCE	1	1	20201208_SL_ATLAS_WAT_DIA_RT_4mcg_Oment_V2_68.raw	ftp://ftp.pride.ebi.ac.uk/pride/data/archive/2025/03/PXD051911/20201208_SL_ATLAS_WAT_DIA_RT_4mcg_Oment_V2_68.raw	v1.1.0	NT=ms-proteomics;VV=v1.1.0	NT=clinical-metadata;VV=v1.0.0	NT=dia-acquisition;VV=v1.1.0	manual curation	not available
20210217_SL_ATLAS_WAT_DIA_RT_4mcg_V1_SC_18	homo sapiens	not available	not applicable	metabolic dysfunction-associated steatotic liver disease	female	18	20210217_SL_ATLAS_WAT_DIA_RT_4mcg_V1_SC_18	proteomic profiling by mass spectrometry	Data-independent acquisition	NT=label free sample;AC=MS:1002038	NT=q exactive hf-x;AC=MS:1002877	NT=orbitrap exploris 480;AC=MS:1003028	not applicable	not available	28% NCE	1	1	20210217_SL_ATLAS_WAT_DIA_RT_4mcg_V1_SC_18.raw	ftp://ftp.pride.ebi.ac.uk/pride/data/archive/2025/03/PXD051911/20210217_SL_ATLAS_WAT_DIA_RT_4mcg_V1_SC_18.raw	v1.1.0	NT=ms-proteomics;VV=v1.1.0	NT=clinical-metadata;VV=v1.0.0	NT=dia-acquisition;VV=v1.1.0	manual curation	not available
20230326-0556_EXP1_001872_24032023_MT_Plasma_800ng_DIA_ID_75	homo sapiens	blood plasma	not applicable	metabolic dysfunction-associated steatotic liver disease	female	75	20230326-0556_EXP1_001872_24032023_MT_Plasma_800ng_DIA_ID_75	proteomic profiling by mass spectrometry	Data-independent acquisition	NT=label free sample;AC=MS:1002038	NT=q exactive hf-x;AC=MS:1002877	NT=orbitrap exploris 480;AC=MS:1003028	not applicable	not available	28% NCE	1	1	20230326-0556_EXP1_001872_24032023_MT_Plasma_800ng_DIA_ID_75.raw	ftp://ftp.pride.ebi.ac.uk/pride/data/archive/2025/03/PXD051911/20230326-0556_EXP1_001872_24032023_MT_Plasma_800ng_DIA_ID_75.raw	v1.1.0	NT=ms-proteomics;VV=v1.1.0	NT=clinical-metadata;VV=v1.0.0	NT=dia-acquisition;VV=v1.1.0	manual curation	blood plasma
20210119_SL_ATLAS_WAT_DIA_RT_4mcg_V1_SC_04	homo sapiens	not available	not applicable	metabolic dysfunction-associated steatotic liver disease	female	4	20210119_SL_ATLAS_WAT_DIA_RT_4mcg_V1_SC_04	proteomic profiling by mass spectrometry	Data-independent acquisition	NT=label free sample;AC=MS:1002038	NT=q exactive hf-x;AC=MS:1002877	NT=orbitrap exploris 480;AC=MS:1003028	not applicable	not available	28% NCE	1	1	20210119_SL_ATLAS_WAT_DIA_RT_4mcg_V1_SC_04.raw	ftp://ftp.pride.ebi.ac.uk/pride/data/archive/2025/03/PXD051911/20210119_SL_ATLAS_WAT_DIA_RT_4mcg_V1_SC_04.raw	v1.1.0	NT=ms-proteomics;VV=v1.1.0	NT=clinical-metadata;VV=v1.0.0	NT=dia-acquisition;VV=v1.1.0	manual curation	not available
20210217_SL_ATLAS_WAT_DIA_RT_4mcg_V1_SC_34	homo sapiens	not available	not applicable	metabolic dysfunction-associated steatotic liver disease	female	34	20210217_SL_ATLAS_WAT_DIA_RT_4mcg_V1_SC_34	proteomic profiling by mass spectrometry	Data-independent acquisition	NT=label free sample;AC=MS:1002038	NT=q exactive hf-x;AC=MS:1002877	NT=orbitrap exploris 480;AC=MS:1003028	not applicable	not available	28% NCE	1	1	20210217_SL_ATLAS_WAT_DIA_RT_4mcg_V1_SC_34.raw	ftp://ftp.pride.ebi.ac.uk/pride/data/archive/2025/03/PXD051911/20210217_SL_ATLAS_WAT_DIA_RT_4mcg_V1_SC_34.raw	v1.1.0	NT=ms-proteomics;VV=v1.1.0	NT=clinical-metadata;VV=v1.0.0	NT=dia-acquisition;VV=v1.1.0	manual curation	not available
20191017_FP_QexXn2_1015_22cmr2um_Human_male_29	homo sapiens	not available	not applicable	metabolic dysfunction-associated steatotic liver disease	female	29	20191017_FP_QexXn2_1015_22cmr2um_Human_male_29	proteomic profiling by mass spectrometry	Data-independent acquisition	NT=label free sample;AC=MS:1002038	NT=q exactive hf-x;AC=MS:1002877	NT=orbitrap exploris 480;AC=MS:1003028	not applicable	not available	28% NCE	1	1	20191017_FP_QexXn2_1015_22cmr2um_Human_male_29.raw	ftp://ftp.pride.ebi.ac.uk/pride/data/archive/2025/03/PXD051911/20191017_FP_QexXn2_1015_22cmr2um_Human_male_29.raw	v1.1.0	NT=ms-proteomics;VV=v1.1.0	NT=clinical-metadata;VV=v1.0.0	NT=dia-acquisition;VV=v1.1.0	manual curation	not available
11122020_FP_ATLASLiver_vis1_ID55	homo sapiens	liver	not applicable	metabolic dysfunction-associated steatotic liver disease	female	1	11122020_FP_ATLASLiver_vis1_ID55	proteomic profiling by mass spectrometry	Data-independent acquisition	NT=label free sample;AC=MS:1002038	NT=q exactive hf-x;AC=MS:1002877	NT=orbitrap exploris 480;AC=MS:1003028	not applicable	not available	28% NCE	1	1	11122020_FP_ATLASLiver_vis1_ID55.raw	ftp://ftp.pride.ebi.ac.uk/pride/data/archive/2025/03/PXD051911/11122020_FP_ATLASLiver_vis1_ID55.raw	v1.1.0	NT=ms-proteomics;VV=v1.1.0	NT=clinical-metadata;VV=v1.0.0	NT=dia-acquisition;VV=v1.1.0	manual curation	liver
20191017_FP_QexXn2_1015_22cmr2um_Human_male_18	homo sapiens	not available	not applicable	metabolic dysfunction-associated steatotic liver disease	female	18	20191017_FP_QexXn2_1015_22cmr2um_Human_male_18	proteomic profiling by mass spectrometry	Data-independent acquisition	NT=label free sample;AC=MS:1002038	NT=q exactive hf-x;AC=MS:1002877	NT=orbitrap exploris 480;AC=MS:1003028	not applicable	not available	28% NCE	1	1	20191017_FP_QexXn2_1015_22cmr2um_Human_male_18.raw	ftp://ftp.pride.ebi.ac.uk/pride/data/archive/2025/03/PXD051911/20191017_FP_QexXn2_1015_22cmr2um_Human_male_18.raw	v1.1.0	NT=ms-proteomics;VV=v1.1.0	NT=clinical-metadata;VV=v1.0.0	NT=dia-acquisition;VV=v1.1.0	manual curation	not available
20230325-0101_EXP1_001854_24032023_MT_Plasma_800ng_DIA_ID_22	homo sapiens	blood plasma	not applicable	metabolic dysfunction-associated steatotic liver disease	female	22	20230325-0101_EXP1_001854_24032023_MT_Plasma_800ng_DIA_ID_22	proteomic profiling by mass spectrometry	Data-independent acquisition	NT=label free sample;AC=MS:1002038	NT=q exactive hf-x;AC=MS:1002877	NT=orbitrap exploris 480;AC=MS:1003028	not applicable	not available	28% NCE	1	1	20230325-0101_EXP1_001854_24032023_MT_Plasma_800ng_DIA_ID_22.raw	ftp://ftp.pride.ebi.ac.uk/pride/data/archive/2025/03/PXD051911/20230325-0101_EXP1_001854_24032023_MT_Plasma_800ng_DIA_ID_22.raw	v1.1.0	NT=ms-proteomics;VV=v1.1.0	NT=clinical-metadata;VV=v1.0.0	NT=dia-acquisition;VV=v1.1.0	manual curation	blood plasma
20201209_SL_ATLAS_WAT_DIA_RT_4mcg_V2_32	homo sapiens	not available	not applicable	metabolic dysfunction-associated steatotic liver disease	female	32	20201209_SL_ATLAS_WAT_DIA_RT_4mcg_V2_32	proteomic profiling by mass spectrometry	Data-independent acquisition	NT=label free sample;AC=MS:1002038	NT=q exactive hf-x;AC=MS:1002877	NT=orbitrap exploris 480;AC=MS:1003028	not applicable	not available	28% NCE	1	1	20201209_SL_ATLAS_WAT_DIA_RT_4mcg_V2_32.raw	ftp://ftp.pride.ebi.ac.uk/pride/data/archive/2025/03/PXD051911/20201209_SL_ATLAS_WAT_DIA_RT_4mcg_V2_32.raw	v1.1.0	NT=ms-proteomics;VV=v1.1.0	NT=clinical-metadata;VV=v1.0.0	NT=dia-acquisition;VV=v1.1.0	manual curation	not available
20230302-1727_EXP2_001165_01032023_MT_Plasma_800ng_DIA_ID_37	homo sapiens	blood plasma	not applicable	metabolic dysfunction-associated steatotic liver disease	female	37	20230302-1727_EXP2_001165_01032023_MT_Plasma_800ng_DIA_ID_37	proteomic profiling by mass spectrometry	Data-independent acquisition	NT=label free sample;AC=MS:1002038	NT=q exactive hf-x;AC=MS:1002877	NT=orbitrap exploris 480;AC=MS:1003028	not applicable	not available	28% NCE	1	1	20230302-1727_EXP2_001165_01032023_MT_Plasma_800ng_DIA_ID_37.raw	ftp://ftp.pride.ebi.ac.uk/pride/data/archive/2025/03/PXD051911/20230302-1727_EXP2_001165_01032023_MT_Plasma_800ng_DIA_ID_37.raw	v1.1.0	NT=ms-proteomics;VV=v1.1.0	NT=clinical-metadata;VV=v1.0.0	NT=dia-acquisition;VV=v1.1.0	manual curation	blood plasma
20230321-0036_EXP1_001826_17032023_MT_Plasma_800ng_DIA_ID_190	homo sapiens	blood plasma	not applicable	metabolic dysfunction-associated steatotic liver disease	female	1	20230321-0036_EXP1_001826_17032023_MT_Plasma_800ng_DIA_ID_190	proteomic profiling by mass spectrometry	Data-independent acquisition	NT=label free sample;AC=MS:1002038	NT=q exactive hf-x;AC=MS:1002877	NT=orbitrap exploris 480;AC=MS:1003028	not applicable	not available	28% NCE	1	1	20230321-0036_EXP1_001826_17032023_MT_Plasma_800ng_DIA_ID_190.raw	ftp://ftp.pride.ebi.ac.uk/pride/data/archive/2025/03/PXD051911/20230321-0036_EXP1_001826_17032023_MT_Plasma_800ng_DIA_ID_190.raw	v1.1.0	NT=ms-proteomics;VV=v1.1.0	NT=clinical-metadata;VV=v1.0.0	NT=dia-acquisition;VV=v1.1.0	manual curation	blood plasma
20191017_FP_QexXn2_1015_22cmr2um_Human_female_43	homo sapiens	not available	not applicable	metabolic dysfunction-associated steatotic liver disease	female	43	20191017_FP_QexXn2_1015_22cmr2um_Human_female_43	proteomic profiling by mass spectrometry	Data-independent acquisition	NT=label free sample;AC=MS:1002038	NT=q exactive hf-x;AC=MS:1002877	NT=orbitrap exploris 480;AC=MS:1003028	not applicable	not available	28% NCE	1	1	20191017_FP_QexXn2_1015_22cmr2um_Human_female_43.raw	ftp://ftp.pride.ebi.ac.uk/pride/data/archive/2025/03/PXD051911/20191017_FP_QexXn2_1015_22cmr2um_Human_female_43.raw	v1.1.0	NT=ms-proteomics;VV=v1.1.0	NT=clinical-metadata;VV=v1.0.0	NT=dia-acquisition;VV=v1.1.0	manual curation	not available
20230325-1628_EXP1_001864_24032023_MT_Plasma_800ng_DIA_ID_47	homo sapiens	blood plasma	not applicable	metabolic dysfunction-associated steatotic liver disease	female	47	20230325-1628_EXP1_001864_24032023_MT_Plasma_800ng_DIA_ID_47	proteomic profiling by mass spectrometry	Data-independent acquisition	NT=label free sample;AC=MS:1002038	NT=q exactive hf-x;AC=MS:1002877	NT=orbitrap exploris 480;AC=MS:1003028	not applicable	not available	28% NCE	1	1	20230325-1628_EXP1_001864_24032023_MT_Plasma_800ng_DIA_ID_47.raw	ftp://ftp.pride.ebi.ac.uk/pride/data/archive/2025/03/PXD051911/20230325-1628_EXP1_001864_24032023_MT_Plasma_800ng_DIA_ID_47.raw	v1.1.0	NT=ms-proteomics;VV=v1.1.0	NT=clinical-metadata;VV=v1.0.0	NT=dia-acquisition;VV=v1.1.0	manual curation	blood plasma
20230319-0504_EXP1_001803_17032023_MT_Plasma_800ng_DIA_ID_136	homo sapiens	blood plasma	not applicable	metabolic dysfunction-associated steatotic liver disease	female	1	20230319-0504_EXP1_001803_17032023_MT_Plasma_800ng_DIA_ID_136	proteomic profiling by mass spectrometry	Data-independent acquisition	NT=label free sample;AC=MS:1002038	NT=q exactive hf-x;AC=MS:1002877	NT=orbitrap exploris 480;AC=MS:1003028	not applicable	not available	28% NCE	1	1	20230319-0504_EXP1_001803_17032023_MT_Plasma_800ng_DIA_ID_136.raw	ftp://ftp.pride.ebi.ac.uk/pride/data/archive/2025/03/PXD051911/20230319-0504_EXP1_001803_17032023_MT_Plasma_800ng_DIA_ID_136.raw	v1.1.0	NT=ms-proteomics;VV=v1.1.0	NT=clinical-metadata;VV=v1.0.0	NT=dia-acquisition;VV=v1.1.0	manual curation	blood plasma
20230326-0447_EXP1_001871_24032023_MT_Plasma_800ng_DIA_ID_73	homo sapiens	blood plasma	not applicable	metabolic dysfunction-associated steatotic liver disease	female	73	20230326-0447_EXP1_001871_24032023_MT_Plasma_800ng_DIA_ID_73	proteomic profiling by mass spectrometry	Data-independent acquisition	NT=label free sample;AC=MS:1002038	NT=q exactive hf-x;AC=MS:1002877	NT=orbitrap exploris 480;AC=MS:1003028	not applicable	not available	28% NCE	1	1	20230326-0447_EXP1_001871_24032023_MT_Plasma_800ng_DIA_ID_73.raw	ftp://ftp.pride.ebi.ac.uk/pride/data/archive/2025/03/PXD051911/20230326-0447_EXP1_001871_24032023_MT_Plasma_800ng_DIA_ID_73.raw	v1.1.0	NT=ms-proteomics;VV=v1.1.0	NT=clinical-metadata;VV=v1.0.0	NT=dia-acquisition;VV=v1.1.0	manual curation	blood plasma
20191017_FP_QexXn2_1015_22cmr2um_Human_female_31	homo sapiens	not available	not applicable	metabolic dysfunction-associated steatotic liver disease	female	31	20191017_FP_QexXn2_1015_22cmr2um_Human_female_31	proteomic profiling by mass spectrometry	Data-independent acquisition	NT=label free sample;AC=MS:1002038	NT=q exactive hf-x;AC=MS:1002877	NT=orbitrap exploris 480;AC=MS:1003028	not applicable	not available	28% NCE	1	1	20191017_FP_QexXn2_1015_22cmr2um_Human_female_31.raw	ftp://ftp.pride.ebi.ac.uk/pride/data/archive/2025/03/PXD051911/20191017_FP_QexXn2_1015_22cmr2um_Human_female_31.raw	v1.1.0	NT=ms-proteomics;VV=v1.1.0	NT=clinical-metadata;VV=v1.0.0	NT=dia-acquisition;VV=v1.1.0	manual curation	not available
07062023_FP_hPlasma_V3_ID33	homo sapiens	not available	not applicable	metabolic dysfunction-associated steatotic liver disease	female	1	07062023_FP_hPlasma_V3_ID33	proteomic profiling by mass spectrometry	Data-independent acquisition	NT=label free sample;AC=MS:1002038	NT=q exactive hf-x;AC=MS:1002877	NT=orbitrap exploris 480;AC=MS:1003028	not applicable	not available	28% NCE	1	1	07062023_FP_hPlasma_V3_ID33.raw	ftp://ftp.pride.ebi.ac.uk/pride/data/archive/2025/03/PXD051911/07062023_FP_hPlasma_V3_ID33.raw	v1.1.0	NT=ms-proteomics;VV=v1.1.0	NT=clinical-metadata;VV=v1.0.0	NT=dia-acquisition;VV=v1.1.0	manual curation	not available
20230302-2246_EXP2_001168_01032023_MT_Plasma_800ng_DIA_ID_46	homo sapiens	blood plasma	not applicable	metabolic dysfunction-associated steatotic liver disease	female	46	20230302-2246_EXP2_001168_01032023_MT_Plasma_800ng_DIA_ID_46	proteomic profiling by mass spectrometry	Data-independent acquisition	NT=label free sample;AC=MS:1002038	NT=q exactive hf-x;AC=MS:1002877	NT=orbitrap exploris 480;AC=MS:1003028	not applicable	not available	28% NCE	1	1	20230302-2246_EXP2_001168_01032023_MT_Plasma_800ng_DIA_ID_46.raw	ftp://ftp.pride.ebi.ac.uk/pride/data/archive/2025/03/PXD051911/20230302-2246_EXP2_001168_01032023_MT_Plasma_800ng_DIA_ID_46.raw	v1.1.0	NT=ms-proteomics;VV=v1.1.0	NT=clinical-metadata;VV=v1.0.0	NT=dia-acquisition;VV=v1.1.0	manual curation	blood plasma
20191017_FP_QexXn2_1015_22cmr2um_Human_female_47	homo sapiens	not available	not applicable	metabolic dysfunction-associated steatotic liver disease	female	47	20191017_FP_QexXn2_1015_22cmr2um_Human_female_47	proteomic profiling by mass spectrometry	Data-independent acquisition	NT=label free sample;AC=MS:1002038	NT=q exactive hf-x;AC=MS:1002877	NT=orbitrap exploris 480;AC=MS:1003028	not applicable	not available	28% NCE	1	1	20191017_FP_QexXn2_1015_22cmr2um_Human_female_47.raw	ftp://ftp.pride.ebi.ac.uk/pride/data/archive/2025/03/PXD051911/20191017_FP_QexXn2_1015_22cmr2um_Human_female_47.raw	v1.1.0	NT=ms-proteomics;VV=v1.1.0	NT=clinical-metadata;VV=v1.0.0	NT=dia-acquisition;VV=v1.1.0	manual curation	not available
20201208_SL_ATLAS_WAT_DIA_RT_4mcg_Oment_V2_31	homo sapiens	not available	not applicable	metabolic dysfunction-associated steatotic liver disease	female	31	20201208_SL_ATLAS_WAT_DIA_RT_4mcg_Oment_V2_31	proteomic profiling by mass spectrometry	Data-independent acquisition	NT=label free sample;AC=MS:1002038	NT=q exactive hf-x;AC=MS:1002877	NT=orbitrap exploris 480;AC=MS:1003028	not applicable	not available	28% NCE	1	1	20201208_SL_ATLAS_WAT_DIA_RT_4mcg_Oment_V2_31.raw	ftp://ftp.pride.ebi.ac.uk/pride/data/archive/2025/03/PXD051911/20201208_SL_ATLAS_WAT_DIA_RT_4mcg_Oment_V2_31.raw	v1.1.0	NT=ms-proteomics;VV=v1.1.0	NT=clinical-metadata;VV=v1.0.0	NT=dia-acquisition;VV=v1.1.0	manual curation	not available
20230320-1933_EXP1_001823_17032023_MT_Plasma_800ng_DIA_ID_181	homo sapiens	blood plasma	not applicable	metabolic dysfunction-associated steatotic liver disease	female	1	20230320-1933_EXP1_001823_17032023_MT_Plasma_800ng_DIA_ID_181	proteomic profiling by mass spectrometry	Data-independent acquisition	NT=label free sample;AC=MS:1002038	NT=q exactive hf-x;AC=MS:1002877	NT=orbitrap exploris 480;AC=MS:1003028	not applicable	not available	28% NCE	1	1	20230320-1933_EXP1_001823_17032023_MT_Plasma_800ng_DIA_ID_181.raw	ftp://ftp.pride.ebi.ac.uk/pride/data/archive/2025/03/PXD051911/20230320-1933_EXP1_001823_17032023_MT_Plasma_800ng_DIA_ID_181.raw	v1.1.0	NT=ms-proteomics;VV=v1.1.0	NT=clinical-metadata;VV=v1.0.0	NT=dia-acquisition;VV=v1.1.0	manual curation	blood plasma
07062023_FP_hPlasma_V3_ID44	homo sapiens	not available	not applicable	metabolic dysfunction-associated steatotic liver disease	female	1	07062023_FP_hPlasma_V3_ID44	proteomic profiling by mass spectrometry	Data-independent acquisition	NT=label free sample;AC=MS:1002038	NT=q exactive hf-x;AC=MS:1002877	NT=orbitrap exploris 480;AC=MS:1003028	not applicable	not available	28% NCE	1	1	07062023_FP_hPlasma_V3_ID44.raw	ftp://ftp.pride.ebi.ac.uk/pride/data/archive/2025/03/PXD051911/07062023_FP_hPlasma_V3_ID44.raw	v1.1.0	NT=ms-proteomics;VV=v1.1.0	NT=clinical-metadata;VV=v1.0.0	NT=dia-acquisition;VV=v1.1.0	manual curation	not available
20230303-0250_EXP2_001170_01032023_MT_Plasma_800ng_DIA_ID_55	homo sapiens	blood plasma	not applicable	metabolic dysfunction-associated steatotic liver disease	female	55	20230303-0250_EXP2_001170_01032023_MT_Plasma_800ng_DIA_ID_55	proteomic profiling by mass spectrometry	Data-independent acquisition	NT=label free sample;AC=MS:1002038	NT=q exactive hf-x;AC=MS:1002877	NT=orbitrap exploris 480;AC=MS:1003028	not applicable	not available	28% NCE	1	1	20230303-0250_EXP2_001170_01032023_MT_Plasma_800ng_DIA_ID_55.raw	ftp://ftp.pride.ebi.ac.uk/pride/data/archive/2025/03/PXD051911/20230303-0250_EXP2_001170_01032023_MT_Plasma_800ng_DIA_ID_55.raw	v1.1.0	NT=ms-proteomics;VV=v1.1.0	NT=clinical-metadata;VV=v1.0.0	NT=dia-acquisition;VV=v1.1.0	manual curation	blood plasma
07062023_FP_hPlasma_V1_ID191	homo sapiens	not available	not applicable	metabolic dysfunction-associated steatotic liver disease	female	1	07062023_FP_hPlasma_V1_ID191	proteomic profiling by mass spectrometry	Data-independent acquisition	NT=label free sample;AC=MS:1002038	NT=q exactive hf-x;AC=MS:1002877	NT=orbitrap exploris 480;AC=MS:1003028	not applicable	not available	28% NCE	1	1	07062023_FP_hPlasma_V1_ID191.raw	ftp://ftp.pride.ebi.ac.uk/pride/data/archive/2025/03/PXD051911/07062023_FP_hPlasma_V1_ID191.raw	v1.1.0	NT=ms-proteomics;VV=v1.1.0	NT=clinical-metadata;VV=v1.0.0	NT=dia-acquisition;VV=v1.1.0	manual curation	not available
07062023_FP_hPlasma_V3_ID18	homo sapiens	not available	not applicable	metabolic dysfunction-associated steatotic liver disease	female	1	07062023_FP_hPlasma_V3_ID18	proteomic profiling by mass spectrometry	Data-independent acquisition	NT=label free sample;AC=MS:1002038	NT=q exactive hf-x;AC=MS:1002877	NT=orbitrap exploris 480;AC=MS:1003028	not applicable	not available	28% NCE	1	1	07062023_FP_hPlasma_V3_ID18.raw	ftp://ftp.pride.ebi.ac.uk/pride/data/archive/2025/03/PXD051911/07062023_FP_hPlasma_V3_ID18.raw	v1.1.0	NT=ms-proteomics;VV=v1.1.0	NT=clinical-metadata;VV=v1.0.0	NT=dia-acquisition;VV=v1.1.0	manual curation	not available
20230310-2351_EXP2_001195_01032023_MT_Plasma_800ng_DIA_ID_90	homo sapiens	blood plasma	not applicable	metabolic dysfunction-associated steatotic liver disease	female	90	20230310-2351_EXP2_001195_01032023_MT_Plasma_800ng_DIA_ID_90	proteomic profiling by mass spectrometry	Data-independent acquisition	NT=label free sample;AC=MS:1002038	NT=q exactive hf-x;AC=MS:1002877	NT=orbitrap exploris 480;AC=MS:1003028	not applicable	not available	28% NCE	1	1	20230310-2351_EXP2_001195_01032023_MT_Plasma_800ng_DIA_ID_90.raw	ftp://ftp.pride.ebi.ac.uk/pride/data/archive/2025/03/PXD051911/20230310-2351_EXP2_001195_01032023_MT_Plasma_800ng_DIA_ID_90.raw	v1.1.0	NT=ms-proteomics;VV=v1.1.0	NT=clinical-metadata;VV=v1.0.0	NT=dia-acquisition;VV=v1.1.0	manual curation	blood plasma
20191017_FP_QexXn2_1015_22cmr2um_Human_male_38	homo sapiens	not available	not applicable	metabolic dysfunction-associated steatotic liver disease	female	38	20191017_FP_QexXn2_1015_22cmr2um_Human_male_38	proteomic profiling by mass spectrometry	Data-independent acquisition	NT=label free sample;AC=MS:1002038	NT=q exactive hf-x;AC=MS:1002877	NT=orbitrap exploris 480;AC=MS:1003028	not applicable	not available	28% NCE	1	1	20191017_FP_QexXn2_1015_22cmr2um_Human_male_38.raw	ftp://ftp.pride.ebi.ac.uk/pride/data/archive/2025/03/PXD051911/20191017_FP_QexXn2_1015_22cmr2um_Human_male_38.raw	v1.1.0	NT=ms-proteomics;VV=v1.1.0	NT=clinical-metadata;VV=v1.0.0	NT=dia-acquisition;VV=v1.1.0	manual curation	not available
20230318-0210_EXP1_001789_17032023_MT_Plasma_800ng_DIA_ID_114	homo sapiens	blood plasma	not applicable	metabolic dysfunction-associated steatotic liver disease	female	1	20230318-0210_EXP1_001789_17032023_MT_Plasma_800ng_DIA_ID_114	proteomic profiling by mass spectrometry	Data-independent acquisition	NT=label free sample;AC=MS:1002038	NT=q exactive hf-x;AC=MS:1002877	NT=orbitrap exploris 480;AC=MS:1003028	not applicable	not available	28% NCE	1	1	20230318-0210_EXP1_001789_17032023_MT_Plasma_800ng_DIA_ID_114.raw	ftp://ftp.pride.ebi.ac.uk/pride/data/archive/2025/03/PXD051911/20230318-0210_EXP1_001789_17032023_MT_Plasma_800ng_DIA_ID_114.raw	v1.1.0	NT=ms-proteomics;VV=v1.1.0	NT=clinical-metadata;VV=v1.0.0	NT=dia-acquisition;VV=v1.1.0	manual curation	blood plasma
11122020_FP_ATLASLiver_vis1_ID93rerun	homo sapiens	liver	not applicable	metabolic dysfunction-associated steatotic liver disease	female	1	11122020_FP_ATLASLiver_vis1_ID93rerun	proteomic profiling by mass spectrometry	Data-independent acquisition	NT=label free sample;AC=MS:1002038	NT=q exactive hf-x;AC=MS:1002877	NT=orbitrap exploris 480;AC=MS:1003028	not applicable	not available	28% NCE	1	1	11122020_FP_ATLASLiver_vis1_ID93rerun.raw	ftp://ftp.pride.ebi.ac.uk/pride/data/archive/2025/03/PXD051911/11122020_FP_ATLASLiver_vis1_ID93rerun.raw	v1.1.0	NT=ms-proteomics;VV=v1.1.0	NT=clinical-metadata;VV=v1.0.0	NT=dia-acquisition;VV=v1.1.0	manual curation	liver
07062023_FP_hPlasma_V3_ID49	homo sapiens	not available	not applicable	metabolic dysfunction-associated steatotic liver disease	female	1	07062023_FP_hPlasma_V3_ID49	proteomic profiling by mass spectrometry	Data-independent acquisition	NT=label free sample;AC=MS:1002038	NT=q exactive hf-x;AC=MS:1002877	NT=orbitrap exploris 480;AC=MS:1003028	not applicable	not available	28% NCE	1	1	07062023_FP_hPlasma_V3_ID49.raw	ftp://ftp.pride.ebi.ac.uk/pride/data/archive/2025/03/PXD051911/07062023_FP_hPlasma_V3_ID49.raw	v1.1.0	NT=ms-proteomics;VV=v1.1.0	NT=clinical-metadata;VV=v1.0.0	NT=dia-acquisition;VV=v1.1.0	manual curation	not available
20230326-1412_EXP1_001877_24032023_MT_Plasma_800ng_DIA_ID_87	homo sapiens	blood plasma	not applicable	metabolic dysfunction-associated steatotic liver disease	female	87	20230326-1412_EXP1_001877_24032023_MT_Plasma_800ng_DIA_ID_87	proteomic profiling by mass spectrometry	Data-independent acquisition	NT=label free sample;AC=MS:1002038	NT=q exactive hf-x;AC=MS:1002877	NT=orbitrap exploris 480;AC=MS:1003028	not applicable	not available	28% NCE	1	1	20230326-1412_EXP1_001877_24032023_MT_Plasma_800ng_DIA_ID_87.raw	ftp://ftp.pride.ebi.ac.uk/pride/data/archive/2025/03/PXD051911/20230326-1412_EXP1_001877_24032023_MT_Plasma_800ng_DIA_ID_87.raw	v1.1.0	NT=ms-proteomics;VV=v1.1.0	NT=clinical-metadata;VV=v1.0.0	NT=dia-acquisition;VV=v1.1.0	manual curation	blood plasma
20210119_SL_ATLAS_WAT_DIA_RT_4mcg_V1_SC_07	homo sapiens	not available	not applicable	metabolic dysfunction-associated steatotic liver disease	female	7	20210119_SL_ATLAS_WAT_DIA_RT_4mcg_V1_SC_07	proteomic profiling by mass spectrometry	Data-independent acquisition	NT=label free sample;AC=MS:1002038	NT=q exactive hf-x;AC=MS:1002877	NT=orbitrap exploris 480;AC=MS:1003028	not applicable	not available	28% NCE	1	1	20210119_SL_ATLAS_WAT_DIA_RT_4mcg_V1_SC_07.raw	ftp://ftp.pride.ebi.ac.uk/pride/data/archive/2025/03/PXD051911/20210119_SL_ATLAS_WAT_DIA_RT_4mcg_V1_SC_07.raw	v1.1.0	NT=ms-proteomics;VV=v1.1.0	NT=clinical-metadata;VV=v1.0.0	NT=dia-acquisition;VV=v1.1.0	manual curation	not available
07062023_FP_hPlasma_V3_ID65	homo sapiens	not available	not applicable	metabolic dysfunction-associated steatotic liver disease	female	1	07062023_FP_hPlasma_V3_ID65	proteomic profiling by mass spectrometry	Data-independent acquisition	NT=label free sample;AC=MS:1002038	NT=q exactive hf-x;AC=MS:1002877	NT=orbitrap exploris 480;AC=MS:1003028	not applicable	not available	28% NCE	1	1	07062023_FP_hPlasma_V3_ID65.raw	ftp://ftp.pride.ebi.ac.uk/pride/data/archive/2025/03/PXD051911/07062023_FP_hPlasma_V3_ID65.raw	v1.1.0	NT=ms-proteomics;VV=v1.1.0	NT=clinical-metadata;VV=v1.0.0	NT=dia-acquisition;VV=v1.1.0	manual curation	not available
20191017_FP_QexXn2_1015_22cmr2um_Human_male_30	homo sapiens	not available	not applicable	metabolic dysfunction-associated steatotic liver disease	female	30	20191017_FP_QexXn2_1015_22cmr2um_Human_male_30	proteomic profiling by mass spectrometry	Data-independent acquisition	NT=label free sample;AC=MS:1002038	NT=q exactive hf-x;AC=MS:1002877	NT=orbitrap exploris 480;AC=MS:1003028	not applicable	not available	28% NCE	1	1	20191017_FP_QexXn2_1015_22cmr2um_Human_male_30.raw	ftp://ftp.pride.ebi.ac.uk/pride/data/archive/2025/03/PXD051911/20191017_FP_QexXn2_1015_22cmr2um_Human_male_30.raw	v1.1.0	NT=ms-proteomics;VV=v1.1.0	NT=clinical-metadata;VV=v1.0.0	NT=dia-acquisition;VV=v1.1.0	manual curation	not available
20230324-1247_EXP1_001846_24032023_MT_Plasma_800ng_DIA_ID_07	homo sapiens	blood plasma	not applicable	metabolic dysfunction-associated steatotic liver disease	female	7	20230324-1247_EXP1_001846_24032023_MT_Plasma_800ng_DIA_ID_07	proteomic profiling by mass spectrometry	Data-independent acquisition	NT=label free sample;AC=MS:1002038	NT=q exactive hf-x;AC=MS:1002877	NT=orbitrap exploris 480;AC=MS:1003028	not applicable	not available	28% NCE	1	1	20230324-1247_EXP1_001846_24032023_MT_Plasma_800ng_DIA_ID_07.raw	ftp://ftp.pride.ebi.ac.uk/pride/data/archive/2025/03/PXD051911/20230324-1247_EXP1_001846_24032023_MT_Plasma_800ng_DIA_ID_07.raw	v1.1.0	NT=ms-proteomics;VV=v1.1.0	NT=clinical-metadata;VV=v1.0.0	NT=dia-acquisition;VV=v1.1.0	manual curation	blood plasma
11122020_FP_ATLASLiver_vis1_ID72	homo sapiens	liver	not applicable	metabolic dysfunction-associated steatotic liver disease	female	1	11122020_FP_ATLASLiver_vis1_ID72	proteomic profiling by mass spectrometry	Data-independent acquisition	NT=label free sample;AC=MS:1002038	NT=q exactive hf-x;AC=MS:1002877	NT=orbitrap exploris 480;AC=MS:1003028	not applicable	not available	28% NCE	1	1	11122020_FP_ATLASLiver_vis1_ID72.raw	ftp://ftp.pride.ebi.ac.uk/pride/data/archive/2025/03/PXD051911/11122020_FP_ATLASLiver_vis1_ID72.raw	v1.1.0	NT=ms-proteomics;VV=v1.1.0	NT=clinical-metadata;VV=v1.0.0	NT=dia-acquisition;VV=v1.1.0	manual curation	liver
20230319-1745_EXP1_001810_17032023_MT_Plasma_800ng_DIA_ID_152	homo sapiens	blood plasma	not applicable	metabolic dysfunction-associated steatotic liver disease	female	1	20230319-1745_EXP1_001810_17032023_MT_Plasma_800ng_DIA_ID_152	proteomic profiling by mass spectrometry	Data-independent acquisition	NT=label free sample;AC=MS:1002038	NT=q exactive hf-x;AC=MS:1002877	NT=orbitrap exploris 480;AC=MS:1003028	not applicable	not available	28% NCE	1	1	20230319-1745_EXP1_001810_17032023_MT_Plasma_800ng_DIA_ID_152.raw	ftp://ftp.pride.ebi.ac.uk/pride/data/archive/2025/03/PXD051911/20230319-1745_EXP1_001810_17032023_MT_Plasma_800ng_DIA_ID_152.raw	v1.1.0	NT=ms-proteomics;VV=v1.1.0	NT=clinical-metadata;VV=v1.0.0	NT=dia-acquisition;VV=v1.1.0	manual curation	blood plasma
20230318-2234_EXP1_001800_17032023_MT_Plasma_800ng_DIA_ID_133	homo sapiens	blood plasma	not applicable	metabolic dysfunction-associated steatotic liver disease	female	1	20230318-2234_EXP1_001800_17032023_MT_Plasma_800ng_DIA_ID_133	proteomic profiling by mass spectrometry	Data-independent acquisition	NT=label free sample;AC=MS:1002038	NT=q exactive hf-x;AC=MS:1002877	NT=orbitrap exploris 480;AC=MS:1003028	not applicable	not available	28% NCE	1	1	20230318-2234_EXP1_001800_17032023_MT_Plasma_800ng_DIA_ID_133.raw	ftp://ftp.pride.ebi.ac.uk/pride/data/archive/2025/03/PXD051911/20230318-2234_EXP1_001800_17032023_MT_Plasma_800ng_DIA_ID_133.raw	v1.1.0	NT=ms-proteomics;VV=v1.1.0	NT=clinical-metadata;VV=v1.0.0	NT=dia-acquisition;VV=v1.1.0	manual curation	blood plasma
11122020_FP_ATLASLiver_vis1_ID68	homo sapiens	liver	not applicable	metabolic dysfunction-associated steatotic liver disease	female	1	11122020_FP_ATLASLiver_vis1_ID68	proteomic profiling by mass spectrometry	Data-independent acquisition	NT=label free sample;AC=MS:1002038	NT=q exactive hf-x;AC=MS:1002877	NT=orbitrap exploris 480;AC=MS:1003028	not applicable	not available	28% NCE	1	1	11122020_FP_ATLASLiver_vis1_ID68.raw	ftp://ftp.pride.ebi.ac.uk/pride/data/archive/2025/03/PXD051911/11122020_FP_ATLASLiver_vis1_ID68.raw	v1.1.0	NT=ms-proteomics;VV=v1.1.0	NT=clinical-metadata;VV=v1.0.0	NT=dia-acquisition;VV=v1.1.0	manual curation	liver
20230311-2037_EXP2_001205_01032023_MT_Plasma_800ng_DIA_ID_69	homo sapiens	blood plasma	not applicable	metabolic dysfunction-associated steatotic liver disease	female	69	20230311-2037_EXP2_001205_01032023_MT_Plasma_800ng_DIA_ID_69	proteomic profiling by mass spectrometry	Data-independent acquisition	NT=label free sample;AC=MS:1002038	NT=q exactive hf-x;AC=MS:1002877	NT=orbitrap exploris 480;AC=MS:1003028	not applicable	not available	28% NCE	1	1	20230311-2037_EXP2_001205_01032023_MT_Plasma_800ng_DIA_ID_69.raw	ftp://ftp.pride.ebi.ac.uk/pride/data/archive/2025/03/PXD051911/20230311-2037_EXP2_001205_01032023_MT_Plasma_800ng_DIA_ID_69.raw	v1.1.0	NT=ms-proteomics;VV=v1.1.0	NT=clinical-metadata;VV=v1.0.0	NT=dia-acquisition;VV=v1.1.0	manual curation	blood plasma
20230318-1343_EXP1_001795_17032023_MT_Plasma_800ng_DIA_ID_127	homo sapiens	blood plasma	not applicable	metabolic dysfunction-associated steatotic liver disease	female	1	20230318-1343_EXP1_001795_17032023_MT_Plasma_800ng_DIA_ID_127	proteomic profiling by mass spectrometry	Data-independent acquisition	NT=label free sample;AC=MS:1002038	NT=q exactive hf-x;AC=MS:1002877	NT=orbitrap exploris 480;AC=MS:1003028	not applicable	not available	28% NCE	1	1	20230318-1343_EXP1_001795_17032023_MT_Plasma_800ng_DIA_ID_127.raw	ftp://ftp.pride.ebi.ac.uk/pride/data/archive/2025/03/PXD051911/20230318-1343_EXP1_001795_17032023_MT_Plasma_800ng_DIA_ID_127.raw	v1.1.0	NT=ms-proteomics;VV=v1.1.0	NT=clinical-metadata;VV=v1.0.0	NT=dia-acquisition;VV=v1.1.0	manual curation	blood plasma
20230311-0401_EXP2_001197_01032023_MT_Plasma_800ng_DIA_ID_97	homo sapiens	blood plasma	not applicable	metabolic dysfunction-associated steatotic liver disease	female	97	20230311-0401_EXP2_001197_01032023_MT_Plasma_800ng_DIA_ID_97	proteomic profiling by mass spectrometry	Data-independent acquisition	NT=label free sample;AC=MS:1002038	NT=q exactive hf-x;AC=MS:1002877	NT=orbitrap exploris 480;AC=MS:1003028	not applicable	not available	28% NCE	1	1	20230311-0401_EXP2_001197_01032023_MT_Plasma_800ng_DIA_ID_97.raw	ftp://ftp.pride.ebi.ac.uk/pride/data/archive/2025/03/PXD051911/20230311-0401_EXP2_001197_01032023_MT_Plasma_800ng_DIA_ID_97.raw	v1.1.0	NT=ms-proteomics;VV=v1.1.0	NT=clinical-metadata;VV=v1.0.0	NT=dia-acquisition;VV=v1.1.0	manual curation	blood plasma
20201209_SL_ATLAS_WAT_DIA_RT_4mcg_V2_47	homo sapiens	not available	not applicable	metabolic dysfunction-associated steatotic liver disease	female	47	20201209_SL_ATLAS_WAT_DIA_RT_4mcg_V2_47	proteomic profiling by mass spectrometry	Data-independent acquisition	NT=label free sample;AC=MS:1002038	NT=q exactive hf-x;AC=MS:1002877	NT=orbitrap exploris 480;AC=MS:1003028	not applicable	not available	28% NCE	1	1	20201209_SL_ATLAS_WAT_DIA_RT_4mcg_V2_47.raw	ftp://ftp.pride.ebi.ac.uk/pride/data/archive/2025/03/PXD051911/20201209_SL_ATLAS_WAT_DIA_RT_4mcg_V2_47.raw	v1.1.0	NT=ms-proteomics;VV=v1.1.0	NT=clinical-metadata;VV=v1.0.0	NT=dia-acquisition;VV=v1.1.0	manual curation	not available
07062023_FP_hPlasma_V3_ID70	homo sapiens	not available	not applicable	metabolic dysfunction-associated steatotic liver disease	female	1	07062023_FP_hPlasma_V3_ID70	proteomic profiling by mass spectrometry	Data-independent acquisition	NT=label free sample;AC=MS:1002038	NT=q exactive hf-x;AC=MS:1002877	NT=orbitrap exploris 480;AC=MS:1003028	not applicable	not available	28% NCE	1	1	07062023_FP_hPlasma_V3_ID70.raw	ftp://ftp.pride.ebi.ac.uk/pride/data/archive/2025/03/PXD051911/07062023_FP_hPlasma_V3_ID70.raw	v1.1.0	NT=ms-proteomics;VV=v1.1.0	NT=clinical-metadata;VV=v1.0.0	NT=dia-acquisition;VV=v1.1.0	manual curation	not available
11122020_FP_ATLASLiver_vis1_ID79	homo sapiens	liver	not applicable	metabolic dysfunction-associated steatotic liver disease	female	1	11122020_FP_ATLASLiver_vis1_ID79	proteomic profiling by mass spectrometry	Data-independent acquisition	NT=label free sample;AC=MS:1002038	NT=q exactive hf-x;AC=MS:1002877	NT=orbitrap exploris 480;AC=MS:1003028	not applicable	not available	28% NCE	1	1	11122020_FP_ATLASLiver_vis1_ID79.raw	ftp://ftp.pride.ebi.ac.uk/pride/data/archive/2025/03/PXD051911/11122020_FP_ATLASLiver_vis1_ID79.raw	v1.1.0	NT=ms-proteomics;VV=v1.1.0	NT=clinical-metadata;VV=v1.0.0	NT=dia-acquisition;VV=v1.1.0	manual curation	liver
20191017_FP_QexXn2_1015_22cmr2um_Human_female_12	homo sapiens	not available	not applicable	metabolic dysfunction-associated steatotic liver disease	female	12	20191017_FP_QexXn2_1015_22cmr2um_Human_female_12	proteomic profiling by mass spectrometry	Data-independent acquisition	NT=label free sample;AC=MS:1002038	NT=q exactive hf-x;AC=MS:1002877	NT=orbitrap exploris 480;AC=MS:1003028	not applicable	not available	28% NCE	1	1	20191017_FP_QexXn2_1015_22cmr2um_Human_female_12.raw	ftp://ftp.pride.ebi.ac.uk/pride/data/archive/2025/03/PXD051911/20191017_FP_QexXn2_1015_22cmr2um_Human_female_12.raw	v1.1.0	NT=ms-proteomics;VV=v1.1.0	NT=clinical-metadata;VV=v1.0.0	NT=dia-acquisition;VV=v1.1.0	manual curation	not available
20230325-1826_EXP1_001865_24032023_MT_Plasma_800ng_DIA_ID_48	homo sapiens	blood plasma	not applicable	metabolic dysfunction-associated steatotic liver disease	female	48	20230325-1826_EXP1_001865_24032023_MT_Plasma_800ng_DIA_ID_48	proteomic profiling by mass spectrometry	Data-independent acquisition	NT=label free sample;AC=MS:1002038	NT=q exactive hf-x;AC=MS:1002877	NT=orbitrap exploris 480;AC=MS:1003028	not applicable	not available	28% NCE	1	1	20230325-1826_EXP1_001865_24032023_MT_Plasma_800ng_DIA_ID_48.raw	ftp://ftp.pride.ebi.ac.uk/pride/data/archive/2025/03/PXD051911/20230325-1826_EXP1_001865_24032023_MT_Plasma_800ng_DIA_ID_48.raw	v1.1.0	NT=ms-proteomics;VV=v1.1.0	NT=clinical-metadata;VV=v1.0.0	NT=dia-acquisition;VV=v1.1.0	manual curation	blood plasma
20210407_SL_ATLAS_WAT_DIA_RT_4mcg_V2_SC_70	homo sapiens	not available	not applicable	metabolic dysfunction-associated steatotic liver disease	female	70	20210407_SL_ATLAS_WAT_DIA_RT_4mcg_V2_SC_70	proteomic profiling by mass spectrometry	Data-independent acquisition	NT=label free sample;AC=MS:1002038	NT=q exactive hf-x;AC=MS:1002877	NT=orbitrap exploris 480;AC=MS:1003028	not applicable	not available	28% NCE	1	1	20210407_SL_ATLAS_WAT_DIA_RT_4mcg_V2_SC_70.raw	ftp://ftp.pride.ebi.ac.uk/pride/data/archive/2025/03/PXD051911/20210407_SL_ATLAS_WAT_DIA_RT_4mcg_V2_SC_70.raw	v1.1.0	NT=ms-proteomics;VV=v1.1.0	NT=clinical-metadata;VV=v1.0.0	NT=dia-acquisition;VV=v1.1.0	manual curation	not available
20210127_SL_ATLAS_WAT_DIA_RT_4mcg_V2_OMENT_78	homo sapiens	not available	not applicable	metabolic dysfunction-associated steatotic liver disease	female	78	20210127_SL_ATLAS_WAT_DIA_RT_4mcg_V2_OMENT_78	proteomic profiling by mass spectrometry	Data-independent acquisition	NT=label free sample;AC=MS:1002038	NT=q exactive hf-x;AC=MS:1002877	NT=orbitrap exploris 480;AC=MS:1003028	not applicable	not available	28% NCE	1	1	20210127_SL_ATLAS_WAT_DIA_RT_4mcg_V2_OMENT_78.raw	ftp://ftp.pride.ebi.ac.uk/pride/data/archive/2025/03/PXD051911/20210127_SL_ATLAS_WAT_DIA_RT_4mcg_V2_OMENT_78.raw	v1.1.0	NT=ms-proteomics;VV=v1.1.0	NT=clinical-metadata;VV=v1.0.0	NT=dia-acquisition;VV=v1.1.0	manual curation	not available
11122020_FP_ATLASLiver_vis1_ID78	homo sapiens	liver	not applicable	metabolic dysfunction-associated steatotic liver disease	female	1	11122020_FP_ATLASLiver_vis1_ID78	proteomic profiling by mass spectrometry	Data-independent acquisition	NT=label free sample;AC=MS:1002038	NT=q exactive hf-x;AC=MS:1002877	NT=orbitrap exploris 480;AC=MS:1003028	not applicable	not available	28% NCE	1	1	11122020_FP_ATLASLiver_vis1_ID78.raw	ftp://ftp.pride.ebi.ac.uk/pride/data/archive/2025/03/PXD051911/11122020_FP_ATLASLiver_vis1_ID78.raw	v1.1.0	NT=ms-proteomics;VV=v1.1.0	NT=clinical-metadata;VV=v1.0.0	NT=dia-acquisition;VV=v1.1.0	manual curation	liver
20191017_FP_QexXn2_1015_22cmr2um_Human_female_7	homo sapiens	not available	not applicable	metabolic dysfunction-associated steatotic liver disease	female	7	20191017_FP_QexXn2_1015_22cmr2um_Human_female_7	proteomic profiling by mass spectrometry	Data-independent acquisition	NT=label free sample;AC=MS:1002038	NT=q exactive hf-x;AC=MS:1002877	NT=orbitrap exploris 480;AC=MS:1003028	not applicable	not available	28% NCE	1	1	20191017_FP_QexXn2_1015_22cmr2um_Human_female_7.raw	ftp://ftp.pride.ebi.ac.uk/pride/data/archive/2025/03/PXD051911/20191017_FP_QexXn2_1015_22cmr2um_Human_female_7.raw	v1.1.0	NT=ms-proteomics;VV=v1.1.0	NT=clinical-metadata;VV=v1.0.0	NT=dia-acquisition;VV=v1.1.0	manual curation	not available
07062023_FP_hPlasma_V3_ID37	homo sapiens	not available	not applicable	metabolic dysfunction-associated steatotic liver disease	female	1	07062023_FP_hPlasma_V3_ID37	proteomic profiling by mass spectrometry	Data-independent acquisition	NT=label free sample;AC=MS:1002038	NT=q exactive hf-x;AC=MS:1002877	NT=orbitrap exploris 480;AC=MS:1003028	not applicable	not available	28% NCE	1	1	07062023_FP_hPlasma_V3_ID37.raw	ftp://ftp.pride.ebi.ac.uk/pride/data/archive/2025/03/PXD051911/07062023_FP_hPlasma_V3_ID37.raw	v1.1.0	NT=ms-proteomics;VV=v1.1.0	NT=clinical-metadata;VV=v1.0.0	NT=dia-acquisition;VV=v1.1.0	manual curation	not available
20201208_SL_ATLAS_WAT_DIA_RT_4mcg_V2_38	homo sapiens	not available	not applicable	metabolic dysfunction-associated steatotic liver disease	female	38	20201208_SL_ATLAS_WAT_DIA_RT_4mcg_V2_38	proteomic profiling by mass spectrometry	Data-independent acquisition	NT=label free sample;AC=MS:1002038	NT=q exactive hf-x;AC=MS:1002877	NT=orbitrap exploris 480;AC=MS:1003028	not applicable	not available	28% NCE	1	1	20201208_SL_ATLAS_WAT_DIA_RT_4mcg_V2_38.raw	ftp://ftp.pride.ebi.ac.uk/pride/data/archive/2025/03/PXD051911/20201208_SL_ATLAS_WAT_DIA_RT_4mcg_V2_38.raw	v1.1.0	NT=ms-proteomics;VV=v1.1.0	NT=clinical-metadata;VV=v1.0.0	NT=dia-acquisition;VV=v1.1.0	manual curation	not available
11122020_FP_ATLASLiver_vis1_ID22rerun	homo sapiens	liver	not applicable	metabolic dysfunction-associated steatotic liver disease	female	1	11122020_FP_ATLASLiver_vis1_ID22rerun	proteomic profiling by mass spectrometry	Data-independent acquisition	NT=label free sample;AC=MS:1002038	NT=q exactive hf-x;AC=MS:1002877	NT=orbitrap exploris 480;AC=MS:1003028	not applicable	not available	28% NCE	1	1	11122020_FP_ATLASLiver_vis1_ID22rerun.raw	ftp://ftp.pride.ebi.ac.uk/pride/data/archive/2025/03/PXD051911/11122020_FP_ATLASLiver_vis1_ID22rerun.raw	v1.1.0	NT=ms-proteomics;VV=v1.1.0	NT=clinical-metadata;VV=v1.0.0	NT=dia-acquisition;VV=v1.1.0	manual curation	liver
07062023_FP_hPlasma_V3_ID76	homo sapiens	not available	not applicable	metabolic dysfunction-associated steatotic liver disease	female	1	07062023_FP_hPlasma_V3_ID76	proteomic profiling by mass spectrometry	Data-independent acquisition	NT=label free sample;AC=MS:1002038	NT=q exactive hf-x;AC=MS:1002877	NT=orbitrap exploris 480;AC=MS:1003028	not applicable	not available	28% NCE	1	1	07062023_FP_hPlasma_V3_ID76.raw	ftp://ftp.pride.ebi.ac.uk/pride/data/archive/2025/03/PXD051911/07062023_FP_hPlasma_V3_ID76.raw	v1.1.0	NT=ms-proteomics;VV=v1.1.0	NT=clinical-metadata;VV=v1.0.0	NT=dia-acquisition;VV=v1.1.0	manual curation	not available
07062023_FP_hPlasma_V1_ID71	homo sapiens	not available	not applicable	metabolic dysfunction-associated steatotic liver disease	female	1	07062023_FP_hPlasma_V1_ID71	proteomic profiling by mass spectrometry	Data-independent acquisition	NT=label free sample;AC=MS:1002038	NT=q exactive hf-x;AC=MS:1002877	NT=orbitrap exploris 480;AC=MS:1003028	not applicable	not available	28% NCE	1	1	07062023_FP_hPlasma_V1_ID71.raw	ftp://ftp.pride.ebi.ac.uk/pride/data/archive/2025/03/PXD051911/07062023_FP_hPlasma_V1_ID71.raw	v1.1.0	NT=ms-proteomics;VV=v1.1.0	NT=clinical-metadata;VV=v1.0.0	NT=dia-acquisition;VV=v1.1.0	manual curation	not available
20210127_SL_ATLAS_WAT_DIA_RT_4mcg_V2_SC_72	homo sapiens	not available	not applicable	metabolic dysfunction-associated steatotic liver disease	female	72	20210127_SL_ATLAS_WAT_DIA_RT_4mcg_V2_SC_72	proteomic profiling by mass spectrometry	Data-independent acquisition	NT=label free sample;AC=MS:1002038	NT=q exactive hf-x;AC=MS:1002877	NT=orbitrap exploris 480;AC=MS:1003028	not applicable	not available	28% NCE	1	1	20210127_SL_ATLAS_WAT_DIA_RT_4mcg_V2_SC_72.raw	ftp://ftp.pride.ebi.ac.uk/pride/data/archive/2025/03/PXD051911/20210127_SL_ATLAS_WAT_DIA_RT_4mcg_V2_SC_72.raw	v1.1.0	NT=ms-proteomics;VV=v1.1.0	NT=clinical-metadata;VV=v1.0.0	NT=dia-acquisition;VV=v1.1.0	manual curation	not available
20210127_SL_ATLAS_WAT_DIA_RT_4mcg_V1_SC_93	homo sapiens	not available	not applicable	metabolic dysfunction-associated steatotic liver disease	female	93	20210127_SL_ATLAS_WAT_DIA_RT_4mcg_V1_SC_93	proteomic profiling by mass spectrometry	Data-independent acquisition	NT=label free sample;AC=MS:1002038	NT=q exactive hf-x;AC=MS:1002877	NT=orbitrap exploris 480;AC=MS:1003028	not applicable	not available	28% NCE	1	1	20210127_SL_ATLAS_WAT_DIA_RT_4mcg_V1_SC_93.raw	ftp://ftp.pride.ebi.ac.uk/pride/data/archive/2025/03/PXD051911/20210127_SL_ATLAS_WAT_DIA_RT_4mcg_V1_SC_93.raw	v1.1.0	NT=ms-proteomics;VV=v1.1.0	NT=clinical-metadata;VV=v1.0.0	NT=dia-acquisition;VV=v1.1.0	manual curation	not available
20191017_FP_QexXn2_1015_22cmr2um_Human_female_10	homo sapiens	not available	not applicable	metabolic dysfunction-associated steatotic liver disease	female	10	20191017_FP_QexXn2_1015_22cmr2um_Human_female_10	proteomic profiling by mass spectrometry	Data-independent acquisition	NT=label free sample;AC=MS:1002038	NT=q exactive hf-x;AC=MS:1002877	NT=orbitrap exploris 480;AC=MS:1003028	not applicable	not available	28% NCE	1	1	20191017_FP_QexXn2_1015_22cmr2um_Human_female_10.raw	ftp://ftp.pride.ebi.ac.uk/pride/data/archive/2025/03/PXD051911/20191017_FP_QexXn2_1015_22cmr2um_Human_female_10.raw	v1.1.0	NT=ms-proteomics;VV=v1.1.0	NT=clinical-metadata;VV=v1.0.0	NT=dia-acquisition;VV=v1.1.0	manual curation	not available
20230325-0708_EXP1_001858_24032023_MT_Plasma_800ng_DIA_ID_31	homo sapiens	blood plasma	not applicable	metabolic dysfunction-associated steatotic liver disease	female	31	20230325-0708_EXP1_001858_24032023_MT_Plasma_800ng_DIA_ID_31	proteomic profiling by mass spectrometry	Data-independent acquisition	NT=label free sample;AC=MS:1002038	NT=q exactive hf-x;AC=MS:1002877	NT=orbitrap exploris 480;AC=MS:1003028	not applicable	not available	28% NCE	1	1	20230325-0708_EXP1_001858_24032023_MT_Plasma_800ng_DIA_ID_31.raw	ftp://ftp.pride.ebi.ac.uk/pride/data/archive/2025/03/PXD051911/20230325-0708_EXP1_001858_24032023_MT_Plasma_800ng_DIA_ID_31.raw	v1.1.0	NT=ms-proteomics;VV=v1.1.0	NT=clinical-metadata;VV=v1.0.0	NT=dia-acquisition;VV=v1.1.0	manual curation	blood plasma
20230317-2330_EXP1_001788_17032023_MT_Plasma_800ng_DIA_ID_113	homo sapiens	blood plasma	not applicable	metabolic dysfunction-associated steatotic liver disease	female	1	20230317-2330_EXP1_001788_17032023_MT_Plasma_800ng_DIA_ID_113	proteomic profiling by mass spectrometry	Data-independent acquisition	NT=label free sample;AC=MS:1002038	NT=q exactive hf-x;AC=MS:1002877	NT=orbitrap exploris 480;AC=MS:1003028	not applicable	not available	28% NCE	1	1	20230317-2330_EXP1_001788_17032023_MT_Plasma_800ng_DIA_ID_113.raw	ftp://ftp.pride.ebi.ac.uk/pride/data/archive/2025/03/PXD051911/20230317-2330_EXP1_001788_17032023_MT_Plasma_800ng_DIA_ID_113.raw	v1.1.0	NT=ms-proteomics;VV=v1.1.0	NT=clinical-metadata;VV=v1.0.0	NT=dia-acquisition;VV=v1.1.0	manual curation	blood plasma
20201208_SL_ATLAS_WAT_DIA_RT_4mcg_Oment_V2_43	homo sapiens	not available	not applicable	metabolic dysfunction-associated steatotic liver disease	female	43	20201208_SL_ATLAS_WAT_DIA_RT_4mcg_Oment_V2_43	proteomic profiling by mass spectrometry	Data-independent acquisition	NT=label free sample;AC=MS:1002038	NT=q exactive hf-x;AC=MS:1002877	NT=orbitrap exploris 480;AC=MS:1003028	not applicable	not available	28% NCE	1	1	20201208_SL_ATLAS_WAT_DIA_RT_4mcg_Oment_V2_43.raw	ftp://ftp.pride.ebi.ac.uk/pride/data/archive/2025/03/PXD051911/20201208_SL_ATLAS_WAT_DIA_RT_4mcg_Oment_V2_43.raw	v1.1.0	NT=ms-proteomics;VV=v1.1.0	NT=clinical-metadata;VV=v1.0.0	NT=dia-acquisition;VV=v1.1.0	manual curation	not available
07062023_FP_hPlasma_V2_ID29	homo sapiens	not available	not applicable	metabolic dysfunction-associated steatotic liver disease	female	1	07062023_FP_hPlasma_V2_ID29	proteomic profiling by mass spectrometry	Data-independent acquisition	NT=label free sample;AC=MS:1002038	NT=q exactive hf-x;AC=MS:1002877	NT=orbitrap exploris 480;AC=MS:1003028	not applicable	not available	28% NCE	1	1	07062023_FP_hPlasma_V2_ID29.raw	ftp://ftp.pride.ebi.ac.uk/pride/data/archive/2025/03/PXD051911/07062023_FP_hPlasma_V2_ID29.raw	v1.1.0	NT=ms-proteomics;VV=v1.1.0	NT=clinical-metadata;VV=v1.0.0	NT=dia-acquisition;VV=v1.1.0	manual curation	not available
11122020_FP_ATLASLiver_vis1_ID84	homo sapiens	liver	not applicable	metabolic dysfunction-associated steatotic liver disease	female	1	11122020_FP_ATLASLiver_vis1_ID84	proteomic profiling by mass spectrometry	Data-independent acquisition	NT=label free sample;AC=MS:1002038	NT=q exactive hf-x;AC=MS:1002877	NT=orbitrap exploris 480;AC=MS:1003028	not applicable	not available	28% NCE	1	1	11122020_FP_ATLASLiver_vis1_ID84.raw	ftp://ftp.pride.ebi.ac.uk/pride/data/archive/2025/03/PXD051911/11122020_FP_ATLASLiver_vis1_ID84.raw	v1.1.0	NT=ms-proteomics;VV=v1.1.0	NT=clinical-metadata;VV=v1.0.0	NT=dia-acquisition;VV=v1.1.0	manual curation	liver
07062023_FP_hPlasma_V3_ID47	homo sapiens	not available	not applicable	metabolic dysfunction-associated steatotic liver disease	female	1	07062023_FP_hPlasma_V3_ID47	proteomic profiling by mass spectrometry	Data-independent acquisition	NT=label free sample;AC=MS:1002038	NT=q exactive hf-x;AC=MS:1002877	NT=orbitrap exploris 480;AC=MS:1003028	not applicable	not available	28% NCE	1	1	07062023_FP_hPlasma_V3_ID47.raw	ftp://ftp.pride.ebi.ac.uk/pride/data/archive/2025/03/PXD051911/07062023_FP_hPlasma_V3_ID47.raw	v1.1.0	NT=ms-proteomics;VV=v1.1.0	NT=clinical-metadata;VV=v1.0.0	NT=dia-acquisition;VV=v1.1.0	manual curation	not available
20191017_FP_QexXn2_1015_22cmr2um_Human_female_48	homo sapiens	not available	not applicable	metabolic dysfunction-associated steatotic liver disease	female	48	20191017_FP_QexXn2_1015_22cmr2um_Human_female_48	proteomic profiling by mass spectrometry	Data-independent acquisition	NT=label free sample;AC=MS:1002038	NT=q exactive hf-x;AC=MS:1002877	NT=orbitrap exploris 480;AC=MS:1003028	not applicable	not available	28% NCE	1	1	20191017_FP_QexXn2_1015_22cmr2um_Human_female_48.raw	ftp://ftp.pride.ebi.ac.uk/pride/data/archive/2025/03/PXD051911/20191017_FP_QexXn2_1015_22cmr2um_Human_female_48.raw	v1.1.0	NT=ms-proteomics;VV=v1.1.0	NT=clinical-metadata;VV=v1.0.0	NT=dia-acquisition;VV=v1.1.0	manual curation	not available
20210222_SL_ATLAS_WAT_DIA_RT_4mcg_V1_SC_82	homo sapiens	not available	not applicable	metabolic dysfunction-associated steatotic liver disease	female	82	20210222_SL_ATLAS_WAT_DIA_RT_4mcg_V1_SC_82	proteomic profiling by mass spectrometry	Data-independent acquisition	NT=label free sample;AC=MS:1002038	NT=q exactive hf-x;AC=MS:1002877	NT=orbitrap exploris 480;AC=MS:1003028	not applicable	not available	28% NCE	1	1	20210222_SL_ATLAS_WAT_DIA_RT_4mcg_V1_SC_82.raw	ftp://ftp.pride.ebi.ac.uk/pride/data/archive/2025/03/PXD051911/20210222_SL_ATLAS_WAT_DIA_RT_4mcg_V1_SC_82.raw	v1.1.0	NT=ms-proteomics;VV=v1.1.0	NT=clinical-metadata;VV=v1.0.0	NT=dia-acquisition;VV=v1.1.0	manual curation	not available
20230310-1127_EXP2_001190_01032023_MT_Plasma_800ng_DIA_ID_80	homo sapiens	blood plasma	not applicable	metabolic dysfunction-associated steatotic liver disease	female	80	20230310-1127_EXP2_001190_01032023_MT_Plasma_800ng_DIA_ID_80	proteomic profiling by mass spectrometry	Data-independent acquisition	NT=label free sample;AC=MS:1002038	NT=q exactive hf-x;AC=MS:1002877	NT=orbitrap exploris 480;AC=MS:1003028	not applicable	not available	28% NCE	1	1	20230310-1127_EXP2_001190_01032023_MT_Plasma_800ng_DIA_ID_80.raw	ftp://ftp.pride.ebi.ac.uk/pride/data/archive/2025/03/PXD051911/20230310-1127_EXP2_001190_01032023_MT_Plasma_800ng_DIA_ID_80.raw	v1.1.0	NT=ms-proteomics;VV=v1.1.0	NT=clinical-metadata;VV=v1.0.0	NT=dia-acquisition;VV=v1.1.0	manual curation	blood plasma
20230309-2314_EXP2_001184_01032023_MT_Plasma_800ng_DIA_ID_59	homo sapiens	blood plasma	not applicable	metabolic dysfunction-associated steatotic liver disease	female	59	20230309-2314_EXP2_001184_01032023_MT_Plasma_800ng_DIA_ID_59	proteomic profiling by mass spectrometry	Data-independent acquisition	NT=label free sample;AC=MS:1002038	NT=q exactive hf-x;AC=MS:1002877	NT=orbitrap exploris 480;AC=MS:1003028	not applicable	not available	28% NCE	1	1	20230309-2314_EXP2_001184_01032023_MT_Plasma_800ng_DIA_ID_59.raw	ftp://ftp.pride.ebi.ac.uk/pride/data/archive/2025/03/PXD051911/20230309-2314_EXP2_001184_01032023_MT_Plasma_800ng_DIA_ID_59.raw	v1.1.0	NT=ms-proteomics;VV=v1.1.0	NT=clinical-metadata;VV=v1.0.0	NT=dia-acquisition;VV=v1.1.0	manual curation	blood plasma
20230322-0745_EXP1_001842_17032023_MT_Plasma_800ng_DIA_ID_215	homo sapiens	blood plasma	not applicable	metabolic dysfunction-associated steatotic liver disease	female	1	20230322-0745_EXP1_001842_17032023_MT_Plasma_800ng_DIA_ID_215	proteomic profiling by mass spectrometry	Data-independent acquisition	NT=label free sample;AC=MS:1002038	NT=q exactive hf-x;AC=MS:1002877	NT=orbitrap exploris 480;AC=MS:1003028	not applicable	not available	28% NCE	1	1	20230322-0745_EXP1_001842_17032023_MT_Plasma_800ng_DIA_ID_215.raw	ftp://ftp.pride.ebi.ac.uk/pride/data/archive/2025/03/PXD051911/20230322-0745_EXP1_001842_17032023_MT_Plasma_800ng_DIA_ID_215.raw	v1.1.0	NT=ms-proteomics;VV=v1.1.0	NT=clinical-metadata;VV=v1.0.0	NT=dia-acquisition;VV=v1.1.0	manual curation	blood plasma
20201208_SL_ATLAS_WAT_DIA_RT_4mcg_Oment_V2_64	homo sapiens	not available	not applicable	metabolic dysfunction-associated steatotic liver disease	female	64	20201208_SL_ATLAS_WAT_DIA_RT_4mcg_Oment_V2_64	proteomic profiling by mass spectrometry	Data-independent acquisition	NT=label free sample;AC=MS:1002038	NT=q exactive hf-x;AC=MS:1002877	NT=orbitrap exploris 480;AC=MS:1003028	not applicable	not available	28% NCE	1	1	20201208_SL_ATLAS_WAT_DIA_RT_4mcg_Oment_V2_64.raw	ftp://ftp.pride.ebi.ac.uk/pride/data/archive/2025/03/PXD051911/20201208_SL_ATLAS_WAT_DIA_RT_4mcg_Oment_V2_64.raw	v1.1.0	NT=ms-proteomics;VV=v1.1.0	NT=clinical-metadata;VV=v1.0.0	NT=dia-acquisition;VV=v1.1.0	manual curation	not available
07062023_FP_hPlasma_V3_ID36	homo sapiens	not available	not applicable	metabolic dysfunction-associated steatotic liver disease	female	1	07062023_FP_hPlasma_V3_ID36	proteomic profiling by mass spectrometry	Data-independent acquisition	NT=label free sample;AC=MS:1002038	NT=q exactive hf-x;AC=MS:1002877	NT=orbitrap exploris 480;AC=MS:1003028	not applicable	not available	28% NCE	1	1	07062023_FP_hPlasma_V3_ID36.raw	ftp://ftp.pride.ebi.ac.uk/pride/data/archive/2025/03/PXD051911/07062023_FP_hPlasma_V3_ID36.raw	v1.1.0	NT=ms-proteomics;VV=v1.1.0	NT=clinical-metadata;VV=v1.0.0	NT=dia-acquisition;VV=v1.1.0	manual curation	not available
20230322-0349_EXP1_001840_17032023_MT_Plasma_800ng_DIA_ID_212	homo sapiens	blood plasma	not applicable	metabolic dysfunction-associated steatotic liver disease	female	1	20230322-0349_EXP1_001840_17032023_MT_Plasma_800ng_DIA_ID_212	proteomic profiling by mass spectrometry	Data-independent acquisition	NT=label free sample;AC=MS:1002038	NT=q exactive hf-x;AC=MS:1002877	NT=orbitrap exploris 480;AC=MS:1003028	not applicable	not available	28% NCE	1	1	20230322-0349_EXP1_001840_17032023_MT_Plasma_800ng_DIA_ID_212.raw	ftp://ftp.pride.ebi.ac.uk/pride/data/archive/2025/03/PXD051911/20230322-0349_EXP1_001840_17032023_MT_Plasma_800ng_DIA_ID_212.raw	v1.1.0	NT=ms-proteomics;VV=v1.1.0	NT=clinical-metadata;VV=v1.0.0	NT=dia-acquisition;VV=v1.1.0	manual curation	blood plasma
07062023_FP_hPlasma_V3_ID13	homo sapiens	not available	not applicable	metabolic dysfunction-associated steatotic liver disease	female	1	07062023_FP_hPlasma_V3_ID13	proteomic profiling by mass spectrometry	Data-independent acquisition	NT=label free sample;AC=MS:1002038	NT=q exactive hf-x;AC=MS:1002877	NT=orbitrap exploris 480;AC=MS:1003028	not applicable	not available	28% NCE	1	1	07062023_FP_hPlasma_V3_ID13.raw	ftp://ftp.pride.ebi.ac.uk/pride/data/archive/2025/03/PXD051911/07062023_FP_hPlasma_V3_ID13.raw	v1.1.0	NT=ms-proteomics;VV=v1.1.0	NT=clinical-metadata;VV=v1.0.0	NT=dia-acquisition;VV=v1.1.0	manual curation	not available
07062023_FP_hPlasma_V3_ID59	homo sapiens	not available	not applicable	metabolic dysfunction-associated steatotic liver disease	female	1	07062023_FP_hPlasma_V3_ID59	proteomic profiling by mass spectrometry	Data-independent acquisition	NT=label free sample;AC=MS:1002038	NT=q exactive hf-x;AC=MS:1002877	NT=orbitrap exploris 480;AC=MS:1003028	not applicable	not available	28% NCE	1	1	07062023_FP_hPlasma_V3_ID59.raw	ftp://ftp.pride.ebi.ac.uk/pride/data/archive/2025/03/PXD051911/07062023_FP_hPlasma_V3_ID59.raw	v1.1.0	NT=ms-proteomics;VV=v1.1.0	NT=clinical-metadata;VV=v1.0.0	NT=dia-acquisition;VV=v1.1.0	manual curation	not available
07062023_FP_hPlasma_V3_ID119	homo sapiens	not available	not applicable	metabolic dysfunction-associated steatotic liver disease	female	1	07062023_FP_hPlasma_V3_ID119	proteomic profiling by mass spectrometry	Data-independent acquisition	NT=label free sample;AC=MS:1002038	NT=q exactive hf-x;AC=MS:1002877	NT=orbitrap exploris 480;AC=MS:1003028	not applicable	not available	28% NCE	1	1	07062023_FP_hPlasma_V3_ID119.raw	ftp://ftp.pride.ebi.ac.uk/pride/data/archive/2025/03/PXD051911/07062023_FP_hPlasma_V3_ID119.raw	v1.1.0	NT=ms-proteomics;VV=v1.1.0	NT=clinical-metadata;VV=v1.0.0	NT=dia-acquisition;VV=v1.1.0	manual curation	not available
20191017_FP_QexXn2_1015_22cmr2um_Human_female_19	homo sapiens	not available	not applicable	metabolic dysfunction-associated steatotic liver disease	female	19	20191017_FP_QexXn2_1015_22cmr2um_Human_female_19	proteomic profiling by mass spectrometry	Data-independent acquisition	NT=label free sample;AC=MS:1002038	NT=q exactive hf-x;AC=MS:1002877	NT=orbitrap exploris 480;AC=MS:1003028	not applicable	not available	28% NCE	1	1	20191017_FP_QexXn2_1015_22cmr2um_Human_female_19.raw	ftp://ftp.pride.ebi.ac.uk/pride/data/archive/2025/03/PXD051911/20191017_FP_QexXn2_1015_22cmr2um_Human_female_19.raw	v1.1.0	NT=ms-proteomics;VV=v1.1.0	NT=clinical-metadata;VV=v1.0.0	NT=dia-acquisition;VV=v1.1.0	manual curation	not available
20230318-1453_EXP1_001796_17032023_MT_Plasma_800ng_DIA_ID_129	homo sapiens	blood plasma	not applicable	metabolic dysfunction-associated steatotic liver disease	female	1	20230318-1453_EXP1_001796_17032023_MT_Plasma_800ng_DIA_ID_129	proteomic profiling by mass spectrometry	Data-independent acquisition	NT=label free sample;AC=MS:1002038	NT=q exactive hf-x;AC=MS:1002877	NT=orbitrap exploris 480;AC=MS:1003028	not applicable	not available	28% NCE	1	1	20230318-1453_EXP1_001796_17032023_MT_Plasma_800ng_DIA_ID_129.raw	ftp://ftp.pride.ebi.ac.uk/pride/data/archive/2025/03/PXD051911/20230318-1453_EXP1_001796_17032023_MT_Plasma_800ng_DIA_ID_129.raw	v1.1.0	NT=ms-proteomics;VV=v1.1.0	NT=clinical-metadata;VV=v1.0.0	NT=dia-acquisition;VV=v1.1.0	manual curation	blood plasma
20230302-0919_EXP2_001161_01032023_MT_Plasma_800ng_DIA_ID_16	homo sapiens	blood plasma	not applicable	metabolic dysfunction-associated steatotic liver disease	female	16	20230302-0919_EXP2_001161_01032023_MT_Plasma_800ng_DIA_ID_16	proteomic profiling by mass spectrometry	Data-independent acquisition	NT=label free sample;AC=MS:1002038	NT=q exactive hf-x;AC=MS:1002877	NT=orbitrap exploris 480;AC=MS:1003028	not applicable	not available	28% NCE	1	1	20230302-0919_EXP2_001161_01032023_MT_Plasma_800ng_DIA_ID_16.raw	ftp://ftp.pride.ebi.ac.uk/pride/data/archive/2025/03/PXD051911/20230302-0919_EXP2_001161_01032023_MT_Plasma_800ng_DIA_ID_16.raw	v1.1.0	NT=ms-proteomics;VV=v1.1.0	NT=clinical-metadata;VV=v1.0.0	NT=dia-acquisition;VV=v1.1.0	manual curation	blood plasma
20230324-1141_EXP1_001845_24032023_MT_Plasma_800ng_DIA_ID_03	homo sapiens	blood plasma	not applicable	metabolic dysfunction-associated steatotic liver disease	female	3	20230324-1141_EXP1_001845_24032023_MT_Plasma_800ng_DIA_ID_03	proteomic profiling by mass spectrometry	Data-independent acquisition	NT=label free sample;AC=MS:1002038	NT=q exactive hf-x;AC=MS:1002877	NT=orbitrap exploris 480;AC=MS:1003028	not applicable	not available	28% NCE	1	1	20230324-1141_EXP1_001845_24032023_MT_Plasma_800ng_DIA_ID_03.raw	ftp://ftp.pride.ebi.ac.uk/pride/data/archive/2025/03/PXD051911/20230324-1141_EXP1_001845_24032023_MT_Plasma_800ng_DIA_ID_03.raw	v1.1.0	NT=ms-proteomics;VV=v1.1.0	NT=clinical-metadata;VV=v1.0.0	NT=dia-acquisition;VV=v1.1.0	manual curation	blood plasma
07062023_FP_hPlasma_V3_ID152	homo sapiens	not available	not applicable	metabolic dysfunction-associated steatotic liver disease	female	1	07062023_FP_hPlasma_V3_ID152	proteomic profiling by mass spectrometry	Data-independent acquisition	NT=label free sample;AC=MS:1002038	NT=q exactive hf-x;AC=MS:1002877	NT=orbitrap exploris 480;AC=MS:1003028	not applicable	not available	28% NCE	1	1	07062023_FP_hPlasma_V3_ID152.raw	ftp://ftp.pride.ebi.ac.uk/pride/data/archive/2025/03/PXD051911/07062023_FP_hPlasma_V3_ID152.raw	v1.1.0	NT=ms-proteomics;VV=v1.1.0	NT=clinical-metadata;VV=v1.0.0	NT=dia-acquisition;VV=v1.1.0	manual curation	not available
20191017_FP_QexXn2_1015_22cmr2um_Human_female_15	homo sapiens	not available	not applicable	metabolic dysfunction-associated steatotic liver disease	female	15	20191017_FP_QexXn2_1015_22cmr2um_Human_female_15	proteomic profiling by mass spectrometry	Data-independent acquisition	NT=label free sample;AC=MS:1002038	NT=q exactive hf-x;AC=MS:1002877	NT=orbitrap exploris 480;AC=MS:1003028	not applicable	not available	28% NCE	1	1	20191017_FP_QexXn2_1015_22cmr2um_Human_female_15.raw	ftp://ftp.pride.ebi.ac.uk/pride/data/archive/2025/03/PXD051911/20191017_FP_QexXn2_1015_22cmr2um_Human_female_15.raw	v1.1.0	NT=ms-proteomics;VV=v1.1.0	NT=clinical-metadata;VV=v1.0.0	NT=dia-acquisition;VV=v1.1.0	manual curation	not available
20191017_FP_QexXn2_1015_22cmr2um_Human_female_3	homo sapiens	not available	not applicable	metabolic dysfunction-associated steatotic liver disease	female	3	20191017_FP_QexXn2_1015_22cmr2um_Human_female_3	proteomic profiling by mass spectrometry	Data-independent acquisition	NT=label free sample;AC=MS:1002038	NT=q exactive hf-x;AC=MS:1002877	NT=orbitrap exploris 480;AC=MS:1003028	not applicable	not available	28% NCE	1	1	20191017_FP_QexXn2_1015_22cmr2um_Human_female_3.raw	ftp://ftp.pride.ebi.ac.uk/pride/data/archive/2025/03/PXD051911/20191017_FP_QexXn2_1015_22cmr2um_Human_female_3.raw	v1.1.0	NT=ms-proteomics;VV=v1.1.0	NT=clinical-metadata;VV=v1.0.0	NT=dia-acquisition;VV=v1.1.0	manual curation	not available
20230324-1549_EXP1_001848_24032023_MT_Plasma_800ng_DIA_ID_10	homo sapiens	blood plasma	not applicable	metabolic dysfunction-associated steatotic liver disease	female	10	20230324-1549_EXP1_001848_24032023_MT_Plasma_800ng_DIA_ID_10	proteomic profiling by mass spectrometry	Data-independent acquisition	NT=label free sample;AC=MS:1002038	NT=q exactive hf-x;AC=MS:1002877	NT=orbitrap exploris 480;AC=MS:1003028	not applicable	not available	28% NCE	1	1	20230324-1549_EXP1_001848_24032023_MT_Plasma_800ng_DIA_ID_10.raw	ftp://ftp.pride.ebi.ac.uk/pride/data/archive/2025/03/PXD051911/20230324-1549_EXP1_001848_24032023_MT_Plasma_800ng_DIA_ID_10.raw	v1.1.0	NT=ms-proteomics;VV=v1.1.0	NT=clinical-metadata;VV=v1.0.0	NT=dia-acquisition;VV=v1.1.0	manual curation	blood plasma
11122020_FP_ATLASLiver_vis1_ID87rerun	homo sapiens	liver	not applicable	metabolic dysfunction-associated steatotic liver disease	female	1	11122020_FP_ATLASLiver_vis1_ID87rerun	proteomic profiling by mass spectrometry	Data-independent acquisition	NT=label free sample;AC=MS:1002038	NT=q exactive hf-x;AC=MS:1002877	NT=orbitrap exploris 480;AC=MS:1003028	not applicable	not available	28% NCE	1	1	11122020_FP_ATLASLiver_vis1_ID87rerun.raw	ftp://ftp.pride.ebi.ac.uk/pride/data/archive/2025/03/PXD051911/11122020_FP_ATLASLiver_vis1_ID87rerun.raw	v1.1.0	NT=ms-proteomics;VV=v1.1.0	NT=clinical-metadata;VV=v1.0.0	NT=dia-acquisition;VV=v1.1.0	manual curation	liver
20230311-1340_EXP2_001202_01032023_MT_Plasma_800ng_DIA_ID_108	homo sapiens	blood plasma	not applicable	metabolic dysfunction-associated steatotic liver disease	female	1	20230311-1340_EXP2_001202_01032023_MT_Plasma_800ng_DIA_ID_108	proteomic profiling by mass spectrometry	Data-independent acquisition	NT=label free sample;AC=MS:1002038	NT=q exactive hf-x;AC=MS:1002877	NT=orbitrap exploris 480;AC=MS:1003028	not applicable	not available	28% NCE	1	1	20230311-1340_EXP2_001202_01032023_MT_Plasma_800ng_DIA_ID_108.raw	ftp://ftp.pride.ebi.ac.uk/pride/data/archive/2025/03/PXD051911/20230311-1340_EXP2_001202_01032023_MT_Plasma_800ng_DIA_ID_108.raw	v1.1.0	NT=ms-proteomics;VV=v1.1.0	NT=clinical-metadata;VV=v1.0.0	NT=dia-acquisition;VV=v1.1.0	manual curation	blood plasma
11122020_FP_ATLASLiver_vis1_ID5	homo sapiens	liver	not applicable	metabolic dysfunction-associated steatotic liver disease	female	1	11122020_FP_ATLASLiver_vis1_ID5	proteomic profiling by mass spectrometry	Data-independent acquisition	NT=label free sample;AC=MS:1002038	NT=q exactive hf-x;AC=MS:1002877	NT=orbitrap exploris 480;AC=MS:1003028	not applicable	not available	28% NCE	1	1	11122020_FP_ATLASLiver_vis1_ID5.raw	ftp://ftp.pride.ebi.ac.uk/pride/data/archive/2025/03/PXD051911/11122020_FP_ATLASLiver_vis1_ID5.raw	v1.1.0	NT=ms-proteomics;VV=v1.1.0	NT=clinical-metadata;VV=v1.0.0	NT=dia-acquisition;VV=v1.1.0	manual curation	liver
20230320-0125_EXP1_001814_17032023_MT_Plasma_800ng_DIA_ID_157	homo sapiens	blood plasma	not applicable	metabolic dysfunction-associated steatotic liver disease	female	1	20230320-0125_EXP1_001814_17032023_MT_Plasma_800ng_DIA_ID_157	proteomic profiling by mass spectrometry	Data-independent acquisition	NT=label free sample;AC=MS:1002038	NT=q exactive hf-x;AC=MS:1002877	NT=orbitrap exploris 480;AC=MS:1003028	not applicable	not available	28% NCE	1	1	20230320-0125_EXP1_001814_17032023_MT_Plasma_800ng_DIA_ID_157.raw	ftp://ftp.pride.ebi.ac.uk/pride/data/archive/2025/03/PXD051911/20230320-0125_EXP1_001814_17032023_MT_Plasma_800ng_DIA_ID_157.raw	v1.1.0	NT=ms-proteomics;VV=v1.1.0	NT=clinical-metadata;VV=v1.0.0	NT=dia-acquisition;VV=v1.1.0	manual curation	blood plasma
20210222_SL_ATLAS_WAT_DIA_RT_4mcg_V2_SC_41	homo sapiens	not available	not applicable	metabolic dysfunction-associated steatotic liver disease	female	41	20210222_SL_ATLAS_WAT_DIA_RT_4mcg_V2_SC_41	proteomic profiling by mass spectrometry	Data-independent acquisition	NT=label free sample;AC=MS:1002038	NT=q exactive hf-x;AC=MS:1002877	NT=orbitrap exploris 480;AC=MS:1003028	not applicable	not available	28% NCE	1	1	20210222_SL_ATLAS_WAT_DIA_RT_4mcg_V2_SC_41.raw	ftp://ftp.pride.ebi.ac.uk/pride/data/archive/2025/03/PXD051911/20210222_SL_ATLAS_WAT_DIA_RT_4mcg_V2_SC_41.raw	v1.1.0	NT=ms-proteomics;VV=v1.1.0	NT=clinical-metadata;VV=v1.0.0	NT=dia-acquisition;VV=v1.1.0	manual curation	not available
20230318-0951_EXP1_001793_17032023_MT_Plasma_800ng_DIA_ID_124	homo sapiens	blood plasma	not applicable	metabolic dysfunction-associated steatotic liver disease	female	1	20230318-0951_EXP1_001793_17032023_MT_Plasma_800ng_DIA_ID_124	proteomic profiling by mass spectrometry	Data-independent acquisition	NT=label free sample;AC=MS:1002038	NT=q exactive hf-x;AC=MS:1002877	NT=orbitrap exploris 480;AC=MS:1003028	not applicable	not available	28% NCE	1	1	20230318-0951_EXP1_001793_17032023_MT_Plasma_800ng_DIA_ID_124.raw	ftp://ftp.pride.ebi.ac.uk/pride/data/archive/2025/03/PXD051911/20230318-0951_EXP1_001793_17032023_MT_Plasma_800ng_DIA_ID_124.raw	v1.1.0	NT=ms-proteomics;VV=v1.1.0	NT=clinical-metadata;VV=v1.0.0	NT=dia-acquisition;VV=v1.1.0	manual curation	blood plasma
07062023_FP_hPlasma_V3_ID31	homo sapiens	not available	not applicable	metabolic dysfunction-associated steatotic liver disease	female	1	07062023_FP_hPlasma_V3_ID31	proteomic profiling by mass spectrometry	Data-independent acquisition	NT=label free sample;AC=MS:1002038	NT=q exactive hf-x;AC=MS:1002877	NT=orbitrap exploris 480;AC=MS:1003028	not applicable	not available	28% NCE	1	1	07062023_FP_hPlasma_V3_ID31.raw	ftp://ftp.pride.ebi.ac.uk/pride/data/archive/2025/03/PXD051911/07062023_FP_hPlasma_V3_ID31.raw	v1.1.0	NT=ms-proteomics;VV=v1.1.0	NT=clinical-metadata;VV=v1.0.0	NT=dia-acquisition;VV=v1.1.0	manual curation	not available
20210119_SL_ATLAS_WAT_DIA_RT_4mcg_V1_SC_48	homo sapiens	not available	not applicable	metabolic dysfunction-associated steatotic liver disease	female	48	20210119_SL_ATLAS_WAT_DIA_RT_4mcg_V1_SC_48	proteomic profiling by mass spectrometry	Data-independent acquisition	NT=label free sample;AC=MS:1002038	NT=q exactive hf-x;AC=MS:1002877	NT=orbitrap exploris 480;AC=MS:1003028	not applicable	not available	28% NCE	1	1	20210119_SL_ATLAS_WAT_DIA_RT_4mcg_V1_SC_48.raw	ftp://ftp.pride.ebi.ac.uk/pride/data/archive/2025/03/PXD051911/20210119_SL_ATLAS_WAT_DIA_RT_4mcg_V1_SC_48.raw	v1.1.0	NT=ms-proteomics;VV=v1.1.0	NT=clinical-metadata;VV=v1.0.0	NT=dia-acquisition;VV=v1.1.0	manual curation	not available
20210222_SL_ATLAS_WAT_DIA_RT_4mcg_V1_SC_56	homo sapiens	not available	not applicable	metabolic dysfunction-associated steatotic liver disease	female	56	20210222_SL_ATLAS_WAT_DIA_RT_4mcg_V1_SC_56	proteomic profiling by mass spectrometry	Data-independent acquisition	NT=label free sample;AC=MS:1002038	NT=q exactive hf-x;AC=MS:1002877	NT=orbitrap exploris 480;AC=MS:1003028	not applicable	not available	28% NCE	1	1	20210222_SL_ATLAS_WAT_DIA_RT_4mcg_V1_SC_56.raw	ftp://ftp.pride.ebi.ac.uk/pride/data/archive/2025/03/PXD051911/20210222_SL_ATLAS_WAT_DIA_RT_4mcg_V1_SC_56.raw	v1.1.0	NT=ms-proteomics;VV=v1.1.0	NT=clinical-metadata;VV=v1.0.0	NT=dia-acquisition;VV=v1.1.0	manual curation	not available
20191017_FP_QexXn2_1015_22cmr2um_Human_female_17	homo sapiens	not available	not applicable	metabolic dysfunction-associated steatotic liver disease	female	17	20191017_FP_QexXn2_1015_22cmr2um_Human_female_17	proteomic profiling by mass spectrometry	Data-independent acquisition	NT=label free sample;AC=MS:1002038	NT=q exactive hf-x;AC=MS:1002877	NT=orbitrap exploris 480;AC=MS:1003028	not applicable	not available	28% NCE	1	1	20191017_FP_QexXn2_1015_22cmr2um_Human_female_17.raw	ftp://ftp.pride.ebi.ac.uk/pride/data/archive/2025/03/PXD051911/20191017_FP_QexXn2_1015_22cmr2um_Human_female_17.raw	v1.1.0	NT=ms-proteomics;VV=v1.1.0	NT=clinical-metadata;VV=v1.0.0	NT=dia-acquisition;VV=v1.1.0	manual curation	not available
20230320-1151_EXP1_001819_17032023_MT_Plasma_800ng_DIA_ID_169	homo sapiens	blood plasma	not applicable	metabolic dysfunction-associated steatotic liver disease	female	1	20230320-1151_EXP1_001819_17032023_MT_Plasma_800ng_DIA_ID_169	proteomic profiling by mass spectrometry	Data-independent acquisition	NT=label free sample;AC=MS:1002038	NT=q exactive hf-x;AC=MS:1002877	NT=orbitrap exploris 480;AC=MS:1003028	not applicable	not available	28% NCE	1	1	20230320-1151_EXP1_001819_17032023_MT_Plasma_800ng_DIA_ID_169.raw	ftp://ftp.pride.ebi.ac.uk/pride/data/archive/2025/03/PXD051911/20230320-1151_EXP1_001819_17032023_MT_Plasma_800ng_DIA_ID_169.raw	v1.1.0	NT=ms-proteomics;VV=v1.1.0	NT=clinical-metadata;VV=v1.0.0	NT=dia-acquisition;VV=v1.1.0	manual curation	blood plasma
20201208_SL_ATLAS_WAT_DIA_RT_4mcg_Oment_V2_47	homo sapiens	not available	not applicable	metabolic dysfunction-associated steatotic liver disease	female	47	20201208_SL_ATLAS_WAT_DIA_RT_4mcg_Oment_V2_47	proteomic profiling by mass spectrometry	Data-independent acquisition	NT=label free sample;AC=MS:1002038	NT=q exactive hf-x;AC=MS:1002877	NT=orbitrap exploris 480;AC=MS:1003028	not applicable	not available	28% NCE	1	1	20201208_SL_ATLAS_WAT_DIA_RT_4mcg_Oment_V2_47.raw	ftp://ftp.pride.ebi.ac.uk/pride/data/archive/2025/03/PXD051911/20201208_SL_ATLAS_WAT_DIA_RT_4mcg_Oment_V2_47.raw	v1.1.0	NT=ms-proteomics;VV=v1.1.0	NT=clinical-metadata;VV=v1.0.0	NT=dia-acquisition;VV=v1.1.0	manual curation	not available
11122020_FP_ATLASLiver_vis1_ID70	homo sapiens	liver	not applicable	metabolic dysfunction-associated steatotic liver disease	female	1	11122020_FP_ATLASLiver_vis1_ID70	proteomic profiling by mass spectrometry	Data-independent acquisition	NT=label free sample;AC=MS:1002038	NT=q exactive hf-x;AC=MS:1002877	NT=orbitrap exploris 480;AC=MS:1003028	not applicable	not available	28% NCE	1	1	11122020_FP_ATLASLiver_vis1_ID70.raw	ftp://ftp.pride.ebi.ac.uk/pride/data/archive/2025/03/PXD051911/11122020_FP_ATLASLiver_vis1_ID70.raw	v1.1.0	NT=ms-proteomics;VV=v1.1.0	NT=clinical-metadata;VV=v1.0.0	NT=dia-acquisition;VV=v1.1.0	manual curation	liver
07062023_FP_hPlasma_V3_ID17	homo sapiens	not available	not applicable	metabolic dysfunction-associated steatotic liver disease	female	1	07062023_FP_hPlasma_V3_ID17	proteomic profiling by mass spectrometry	Data-independent acquisition	NT=label free sample;AC=MS:1002038	NT=q exactive hf-x;AC=MS:1002877	NT=orbitrap exploris 480;AC=MS:1003028	not applicable	not available	28% NCE	1	1	07062023_FP_hPlasma_V3_ID17.raw	ftp://ftp.pride.ebi.ac.uk/pride/data/archive/2025/03/PXD051911/07062023_FP_hPlasma_V3_ID17.raw	v1.1.0	NT=ms-proteomics;VV=v1.1.0	NT=clinical-metadata;VV=v1.0.0	NT=dia-acquisition;VV=v1.1.0	manual curation	not available
07062023_FP_hPlasma_V3_ID57	homo sapiens	not available	not applicable	metabolic dysfunction-associated steatotic liver disease	female	1	07062023_FP_hPlasma_V3_ID57	proteomic profiling by mass spectrometry	Data-independent acquisition	NT=label free sample;AC=MS:1002038	NT=q exactive hf-x;AC=MS:1002877	NT=orbitrap exploris 480;AC=MS:1003028	not applicable	not available	28% NCE	1	1	07062023_FP_hPlasma_V3_ID57.raw	ftp://ftp.pride.ebi.ac.uk/pride/data/archive/2025/03/PXD051911/07062023_FP_hPlasma_V3_ID57.raw	v1.1.0	NT=ms-proteomics;VV=v1.1.0	NT=clinical-metadata;VV=v1.0.0	NT=dia-acquisition;VV=v1.1.0	manual curation	not available
20230321-1107_EXP1_001831_17032023_MT_Plasma_800ng_DIA_ID_199	homo sapiens	blood plasma	not applicable	metabolic dysfunction-associated steatotic liver disease	female	1	20230321-1107_EXP1_001831_17032023_MT_Plasma_800ng_DIA_ID_199	proteomic profiling by mass spectrometry	Data-independent acquisition	NT=label free sample;AC=MS:1002038	NT=q exactive hf-x;AC=MS:1002877	NT=orbitrap exploris 480;AC=MS:1003028	not applicable	not available	28% NCE	1	1	20230321-1107_EXP1_001831_17032023_MT_Plasma_800ng_DIA_ID_199.raw	ftp://ftp.pride.ebi.ac.uk/pride/data/archive/2025/03/PXD051911/20230321-1107_EXP1_001831_17032023_MT_Plasma_800ng_DIA_ID_199.raw	v1.1.0	NT=ms-proteomics;VV=v1.1.0	NT=clinical-metadata;VV=v1.0.0	NT=dia-acquisition;VV=v1.1.0	manual curation	blood plasma
20230325-2241_EXP1_001868_24032023_MT_Plasma_800ng_DIA_ID_51	homo sapiens	blood plasma	not applicable	metabolic dysfunction-associated steatotic liver disease	female	51	20230325-2241_EXP1_001868_24032023_MT_Plasma_800ng_DIA_ID_51	proteomic profiling by mass spectrometry	Data-independent acquisition	NT=label free sample;AC=MS:1002038	NT=q exactive hf-x;AC=MS:1002877	NT=orbitrap exploris 480;AC=MS:1003028	not applicable	not available	28% NCE	1	1	20230325-2241_EXP1_001868_24032023_MT_Plasma_800ng_DIA_ID_51.raw	ftp://ftp.pride.ebi.ac.uk/pride/data/archive/2025/03/PXD051911/20230325-2241_EXP1_001868_24032023_MT_Plasma_800ng_DIA_ID_51.raw	v1.1.0	NT=ms-proteomics;VV=v1.1.0	NT=clinical-metadata;VV=v1.0.0	NT=dia-acquisition;VV=v1.1.0	manual curation	blood plasma
20230318-1102_EXP1_001794_17032023_MT_Plasma_800ng_DIA_ID_125	homo sapiens	blood plasma	not applicable	metabolic dysfunction-associated steatotic liver disease	female	1	20230318-1102_EXP1_001794_17032023_MT_Plasma_800ng_DIA_ID_125	proteomic profiling by mass spectrometry	Data-independent acquisition	NT=label free sample;AC=MS:1002038	NT=q exactive hf-x;AC=MS:1002877	NT=orbitrap exploris 480;AC=MS:1003028	not applicable	not available	28% NCE	1	1	20230318-1102_EXP1_001794_17032023_MT_Plasma_800ng_DIA_ID_125.raw	ftp://ftp.pride.ebi.ac.uk/pride/data/archive/2025/03/PXD051911/20230318-1102_EXP1_001794_17032023_MT_Plasma_800ng_DIA_ID_125.raw	v1.1.0	NT=ms-proteomics;VV=v1.1.0	NT=clinical-metadata;VV=v1.0.0	NT=dia-acquisition;VV=v1.1.0	manual curation	blood plasma
07062023_FP_hPlasma_V1_ID99	homo sapiens	not available	not applicable	metabolic dysfunction-associated steatotic liver disease	female	1	07062023_FP_hPlasma_V1_ID99	proteomic profiling by mass spectrometry	Data-independent acquisition	NT=label free sample;AC=MS:1002038	NT=q exactive hf-x;AC=MS:1002877	NT=orbitrap exploris 480;AC=MS:1003028	not applicable	not available	28% NCE	1	1	07062023_FP_hPlasma_V1_ID99.raw	ftp://ftp.pride.ebi.ac.uk/pride/data/archive/2025/03/PXD051911/07062023_FP_hPlasma_V1_ID99.raw	v1.1.0	NT=ms-proteomics;VV=v1.1.0	NT=clinical-metadata;VV=v1.0.0	NT=dia-acquisition;VV=v1.1.0	manual curation	not available
20210407_SL_ATLAS_WAT_DIA_RT_4mcg_V2_Oment_88	homo sapiens	not available	not applicable	metabolic dysfunction-associated steatotic liver disease	female	88	20210407_SL_ATLAS_WAT_DIA_RT_4mcg_V2_Oment_88	proteomic profiling by mass spectrometry	Data-independent acquisition	NT=label free sample;AC=MS:1002038	NT=q exactive hf-x;AC=MS:1002877	NT=orbitrap exploris 480;AC=MS:1003028	not applicable	not available	28% NCE	1	1	20210407_SL_ATLAS_WAT_DIA_RT_4mcg_V2_Oment_88.raw	ftp://ftp.pride.ebi.ac.uk/pride/data/archive/2025/03/PXD051911/20210407_SL_ATLAS_WAT_DIA_RT_4mcg_V2_Oment_88.raw	v1.1.0	NT=ms-proteomics;VV=v1.1.0	NT=clinical-metadata;VV=v1.0.0	NT=dia-acquisition;VV=v1.1.0	manual curation	not available
07062023_FP_hPlasma_V1_ID95	homo sapiens	not available	not applicable	metabolic dysfunction-associated steatotic liver disease	female	1	07062023_FP_hPlasma_V1_ID95	proteomic profiling by mass spectrometry	Data-independent acquisition	NT=label free sample;AC=MS:1002038	NT=q exactive hf-x;AC=MS:1002877	NT=orbitrap exploris 480;AC=MS:1003028	not applicable	not available	28% NCE	1	1	07062023_FP_hPlasma_V1_ID95.raw	ftp://ftp.pride.ebi.ac.uk/pride/data/archive/2025/03/PXD051911/07062023_FP_hPlasma_V1_ID95.raw	v1.1.0	NT=ms-proteomics;VV=v1.1.0	NT=clinical-metadata;VV=v1.0.0	NT=dia-acquisition;VV=v1.1.0	manual curation	not available
20210127_SL_ATLAS_WAT_DIA_RT_4mcg_V2_SC_19	homo sapiens	not available	not applicable	metabolic dysfunction-associated steatotic liver disease	female	19	20210127_SL_ATLAS_WAT_DIA_RT_4mcg_V2_SC_19	proteomic profiling by mass spectrometry	Data-independent acquisition	NT=label free sample;AC=MS:1002038	NT=q exactive hf-x;AC=MS:1002877	NT=orbitrap exploris 480;AC=MS:1003028	not applicable	not available	28% NCE	1	1	20210127_SL_ATLAS_WAT_DIA_RT_4mcg_V2_SC_19.raw	ftp://ftp.pride.ebi.ac.uk/pride/data/archive/2025/03/PXD051911/20210127_SL_ATLAS_WAT_DIA_RT_4mcg_V2_SC_19.raw	v1.1.0	NT=ms-proteomics;VV=v1.1.0	NT=clinical-metadata;VV=v1.0.0	NT=dia-acquisition;VV=v1.1.0	manual curation	not available
20191017_FP_QexXn2_1015_22cmr2um_Human_female_34	homo sapiens	not available	not applicable	metabolic dysfunction-associated steatotic liver disease	female	34	20191017_FP_QexXn2_1015_22cmr2um_Human_female_34	proteomic profiling by mass spectrometry	Data-independent acquisition	NT=label free sample;AC=MS:1002038	NT=q exactive hf-x;AC=MS:1002877	NT=orbitrap exploris 480;AC=MS:1003028	not applicable	not available	28% NCE	1	1	20191017_FP_QexXn2_1015_22cmr2um_Human_female_34.raw	ftp://ftp.pride.ebi.ac.uk/pride/data/archive/2025/03/PXD051911/20191017_FP_QexXn2_1015_22cmr2um_Human_female_34.raw	v1.1.0	NT=ms-proteomics;VV=v1.1.0	NT=clinical-metadata;VV=v1.0.0	NT=dia-acquisition;VV=v1.1.0	manual curation	not available
20201208_SL_ATLAS_WAT_DIA_RT_4mcg_V1_43	homo sapiens	not available	not applicable	metabolic dysfunction-associated steatotic liver disease	female	43	20201208_SL_ATLAS_WAT_DIA_RT_4mcg_V1_43	proteomic profiling by mass spectrometry	Data-independent acquisition	NT=label free sample;AC=MS:1002038	NT=q exactive hf-x;AC=MS:1002877	NT=orbitrap exploris 480;AC=MS:1003028	not applicable	not available	28% NCE	1	1	20201208_SL_ATLAS_WAT_DIA_RT_4mcg_V1_43.raw	ftp://ftp.pride.ebi.ac.uk/pride/data/archive/2025/03/PXD051911/20201208_SL_ATLAS_WAT_DIA_RT_4mcg_V1_43.raw	v1.1.0	NT=ms-proteomics;VV=v1.1.0	NT=clinical-metadata;VV=v1.0.0	NT=dia-acquisition;VV=v1.1.0	manual curation	not available
20230319-1636_EXP1_001809_17032023_MT_Plasma_800ng_DIA_ID_150	homo sapiens	blood plasma	not applicable	metabolic dysfunction-associated steatotic liver disease	female	1	20230319-1636_EXP1_001809_17032023_MT_Plasma_800ng_DIA_ID_150	proteomic profiling by mass spectrometry	Data-independent acquisition	NT=label free sample;AC=MS:1002038	NT=q exactive hf-x;AC=MS:1002877	NT=orbitrap exploris 480;AC=MS:1003028	not applicable	not available	28% NCE	1	1	20230319-1636_EXP1_001809_17032023_MT_Plasma_800ng_DIA_ID_150.raw	ftp://ftp.pride.ebi.ac.uk/pride/data/archive/2025/03/PXD051911/20230319-1636_EXP1_001809_17032023_MT_Plasma_800ng_DIA_ID_150.raw	v1.1.0	NT=ms-proteomics;VV=v1.1.0	NT=clinical-metadata;VV=v1.0.0	NT=dia-acquisition;VV=v1.1.0	manual curation	blood plasma
20210127_SL_ATLAS_WAT_DIA_RT_4mcg_V1_SC_28	homo sapiens	not available	not applicable	metabolic dysfunction-associated steatotic liver disease	female	28	20210127_SL_ATLAS_WAT_DIA_RT_4mcg_V1_SC_28	proteomic profiling by mass spectrometry	Data-independent acquisition	NT=label free sample;AC=MS:1002038	NT=q exactive hf-x;AC=MS:1002877	NT=orbitrap exploris 480;AC=MS:1003028	not applicable	not available	28% NCE	1	1	20210127_SL_ATLAS_WAT_DIA_RT_4mcg_V1_SC_28.raw	ftp://ftp.pride.ebi.ac.uk/pride/data/archive/2025/03/PXD051911/20210127_SL_ATLAS_WAT_DIA_RT_4mcg_V1_SC_28.raw	v1.1.0	NT=ms-proteomics;VV=v1.1.0	NT=clinical-metadata;VV=v1.0.0	NT=dia-acquisition;VV=v1.1.0	manual curation	not available
20210127_SL_ATLAS_WAT_DIA_RT_4mcg_V2_SC_25	homo sapiens	not available	not applicable	metabolic dysfunction-associated steatotic liver disease	female	25	20210127_SL_ATLAS_WAT_DIA_RT_4mcg_V2_SC_25	proteomic profiling by mass spectrometry	Data-independent acquisition	NT=label free sample;AC=MS:1002038	NT=q exactive hf-x;AC=MS:1002877	NT=orbitrap exploris 480;AC=MS:1003028	not applicable	not available	28% NCE	1	1	20210127_SL_ATLAS_WAT_DIA_RT_4mcg_V2_SC_25.raw	ftp://ftp.pride.ebi.ac.uk/pride/data/archive/2025/03/PXD051911/20210127_SL_ATLAS_WAT_DIA_RT_4mcg_V2_SC_25.raw	v1.1.0	NT=ms-proteomics;VV=v1.1.0	NT=clinical-metadata;VV=v1.0.0	NT=dia-acquisition;VV=v1.1.0	manual curation	not available
20230309-2159_EXP2_001183_01032023_MT_Plasma_800ng_DIA_ID_57	homo sapiens	blood plasma	not applicable	metabolic dysfunction-associated steatotic liver disease	female	57	20230309-2159_EXP2_001183_01032023_MT_Plasma_800ng_DIA_ID_57	proteomic profiling by mass spectrometry	Data-independent acquisition	NT=label free sample;AC=MS:1002038	NT=q exactive hf-x;AC=MS:1002877	NT=orbitrap exploris 480;AC=MS:1003028	not applicable	not available	28% NCE	1	1	20230309-2159_EXP2_001183_01032023_MT_Plasma_800ng_DIA_ID_57.raw	ftp://ftp.pride.ebi.ac.uk/pride/data/archive/2025/03/PXD051911/20230309-2159_EXP2_001183_01032023_MT_Plasma_800ng_DIA_ID_57.raw	v1.1.0	NT=ms-proteomics;VV=v1.1.0	NT=clinical-metadata;VV=v1.0.0	NT=dia-acquisition;VV=v1.1.0	manual curation	blood plasma
20210407_SL_ATLAS_WAT_DIA_RT_4mcg_V2_Oment_70	homo sapiens	not available	not applicable	metabolic dysfunction-associated steatotic liver disease	female	70	20210407_SL_ATLAS_WAT_DIA_RT_4mcg_V2_Oment_70	proteomic profiling by mass spectrometry	Data-independent acquisition	NT=label free sample;AC=MS:1002038	NT=q exactive hf-x;AC=MS:1002877	NT=orbitrap exploris 480;AC=MS:1003028	not applicable	not available	28% NCE	1	1	20210407_SL_ATLAS_WAT_DIA_RT_4mcg_V2_Oment_70.raw	ftp://ftp.pride.ebi.ac.uk/pride/data/archive/2025/03/PXD051911/20210407_SL_ATLAS_WAT_DIA_RT_4mcg_V2_Oment_70.raw	v1.1.0	NT=ms-proteomics;VV=v1.1.0	NT=clinical-metadata;VV=v1.0.0	NT=dia-acquisition;VV=v1.1.0	manual curation	not available
20201201_SL_ATLAS_WAT_DIA_RT_4mcg_V2_06	homo sapiens	not available	not applicable	metabolic dysfunction-associated steatotic liver disease	female	6	20201201_SL_ATLAS_WAT_DIA_RT_4mcg_V2_06	proteomic profiling by mass spectrometry	Data-independent acquisition	NT=label free sample;AC=MS:1002038	NT=q exactive hf-x;AC=MS:1002877	NT=orbitrap exploris 480;AC=MS:1003028	not applicable	not available	28% NCE	1	1	20201201_SL_ATLAS_WAT_DIA_RT_4mcg_V2_06.raw	ftp://ftp.pride.ebi.ac.uk/pride/data/archive/2025/03/PXD051911/20201201_SL_ATLAS_WAT_DIA_RT_4mcg_V2_06.raw	v1.1.0	NT=ms-proteomics;VV=v1.1.0	NT=clinical-metadata;VV=v1.0.0	NT=dia-acquisition;VV=v1.1.0	manual curation	not available
20230320-0517_EXP1_001816_17032023_MT_Plasma_800ng_DIA_ID_164	homo sapiens	blood plasma	not applicable	metabolic dysfunction-associated steatotic liver disease	female	1	20230320-0517_EXP1_001816_17032023_MT_Plasma_800ng_DIA_ID_164	proteomic profiling by mass spectrometry	Data-independent acquisition	NT=label free sample;AC=MS:1002038	NT=q exactive hf-x;AC=MS:1002877	NT=orbitrap exploris 480;AC=MS:1003028	not applicable	not available	28% NCE	1	1	20230320-0517_EXP1_001816_17032023_MT_Plasma_800ng_DIA_ID_164.raw	ftp://ftp.pride.ebi.ac.uk/pride/data/archive/2025/03/PXD051911/20230320-0517_EXP1_001816_17032023_MT_Plasma_800ng_DIA_ID_164.raw	v1.1.0	NT=ms-proteomics;VV=v1.1.0	NT=clinical-metadata;VV=v1.0.0	NT=dia-acquisition;VV=v1.1.0	manual curation	blood plasma
20191017_FP_QexXn2_1015_22cmr2um_Human_female_2	homo sapiens	not available	not applicable	metabolic dysfunction-associated steatotic liver disease	female	2	20191017_FP_QexXn2_1015_22cmr2um_Human_female_2	proteomic profiling by mass spectrometry	Data-independent acquisition	NT=label free sample;AC=MS:1002038	NT=q exactive hf-x;AC=MS:1002877	NT=orbitrap exploris 480;AC=MS:1003028	not applicable	not available	28% NCE	1	1	20191017_FP_QexXn2_1015_22cmr2um_Human_female_2.raw	ftp://ftp.pride.ebi.ac.uk/pride/data/archive/2025/03/PXD051911/20191017_FP_QexXn2_1015_22cmr2um_Human_female_2.raw	v1.1.0	NT=ms-proteomics;VV=v1.1.0	NT=clinical-metadata;VV=v1.0.0	NT=dia-acquisition;VV=v1.1.0	manual curation	not available
20230320-0406_EXP1_001815_17032023_MT_Plasma_800ng_DIA_ID_159	homo sapiens	blood plasma	not applicable	metabolic dysfunction-associated steatotic liver disease	female	1	20230320-0406_EXP1_001815_17032023_MT_Plasma_800ng_DIA_ID_159	proteomic profiling by mass spectrometry	Data-independent acquisition	NT=label free sample;AC=MS:1002038	NT=q exactive hf-x;AC=MS:1002877	NT=orbitrap exploris 480;AC=MS:1003028	not applicable	not available	28% NCE	1	1	20230320-0406_EXP1_001815_17032023_MT_Plasma_800ng_DIA_ID_159.raw	ftp://ftp.pride.ebi.ac.uk/pride/data/archive/2025/03/PXD051911/20230320-0406_EXP1_001815_17032023_MT_Plasma_800ng_DIA_ID_159.raw	v1.1.0	NT=ms-proteomics;VV=v1.1.0	NT=clinical-metadata;VV=v1.0.0	NT=dia-acquisition;VV=v1.1.0	manual curation	blood plasma
20210127_SL_ATLAS_WAT_DIA_RT_4mcg_V1_SC_27	homo sapiens	not available	not applicable	metabolic dysfunction-associated steatotic liver disease	female	27	20210127_SL_ATLAS_WAT_DIA_RT_4mcg_V1_SC_27	proteomic profiling by mass spectrometry	Data-independent acquisition	NT=label free sample;AC=MS:1002038	NT=q exactive hf-x;AC=MS:1002877	NT=orbitrap exploris 480;AC=MS:1003028	not applicable	not available	28% NCE	1	1	20210127_SL_ATLAS_WAT_DIA_RT_4mcg_V1_SC_27.raw	ftp://ftp.pride.ebi.ac.uk/pride/data/archive/2025/03/PXD051911/20210127_SL_ATLAS_WAT_DIA_RT_4mcg_V1_SC_27.raw	v1.1.0	NT=ms-proteomics;VV=v1.1.0	NT=clinical-metadata;VV=v1.0.0	NT=dia-acquisition;VV=v1.1.0	manual curation	not available
07062023_FP_hPlasma_V1_ID102	homo sapiens	not available	not applicable	metabolic dysfunction-associated steatotic liver disease	female	1	07062023_FP_hPlasma_V1_ID102	proteomic profiling by mass spectrometry	Data-independent acquisition	NT=label free sample;AC=MS:1002038	NT=q exactive hf-x;AC=MS:1002877	NT=orbitrap exploris 480;AC=MS:1003028	not applicable	not available	28% NCE	1	1	07062023_FP_hPlasma_V1_ID102.raw	ftp://ftp.pride.ebi.ac.uk/pride/data/archive/2025/03/PXD051911/07062023_FP_hPlasma_V1_ID102.raw	v1.1.0	NT=ms-proteomics;VV=v1.1.0	NT=clinical-metadata;VV=v1.0.0	NT=dia-acquisition;VV=v1.1.0	manual curation	not available
20210217_SL_ATLAS_WAT_DIA_RT_4mcg_V2_OMENT_41	homo sapiens	not available	not applicable	metabolic dysfunction-associated steatotic liver disease	female	41	20210217_SL_ATLAS_WAT_DIA_RT_4mcg_V2_OMENT_41	proteomic profiling by mass spectrometry	Data-independent acquisition	NT=label free sample;AC=MS:1002038	NT=q exactive hf-x;AC=MS:1002877	NT=orbitrap exploris 480;AC=MS:1003028	not applicable	not available	28% NCE	1	1	20210217_SL_ATLAS_WAT_DIA_RT_4mcg_V2_OMENT_41.raw	ftp://ftp.pride.ebi.ac.uk/pride/data/archive/2025/03/PXD051911/20210217_SL_ATLAS_WAT_DIA_RT_4mcg_V2_OMENT_41.raw	v1.1.0	NT=ms-proteomics;VV=v1.1.0	NT=clinical-metadata;VV=v1.0.0	NT=dia-acquisition;VV=v1.1.0	manual curation	not available
20230318-1733_EXP1_001797_17032023_MT_Plasma_800ng_DIA_ID_130	homo sapiens	blood plasma	not applicable	metabolic dysfunction-associated steatotic liver disease	female	1	20230318-1733_EXP1_001797_17032023_MT_Plasma_800ng_DIA_ID_130	proteomic profiling by mass spectrometry	Data-independent acquisition	NT=label free sample;AC=MS:1002038	NT=q exactive hf-x;AC=MS:1002877	NT=orbitrap exploris 480;AC=MS:1003028	not applicable	not available	28% NCE	1	1	20230318-1733_EXP1_001797_17032023_MT_Plasma_800ng_DIA_ID_130.raw	ftp://ftp.pride.ebi.ac.uk/pride/data/archive/2025/03/PXD051911/20230318-1733_EXP1_001797_17032023_MT_Plasma_800ng_DIA_ID_130.raw	v1.1.0	NT=ms-proteomics;VV=v1.1.0	NT=clinical-metadata;VV=v1.0.0	NT=dia-acquisition;VV=v1.1.0	manual curation	blood plasma
20230326-1836_EXP1_001880_24032023_MT_Plasma_800ng_DIA_ID_92	homo sapiens	blood plasma	not applicable	metabolic dysfunction-associated steatotic liver disease	female	92	20230326-1836_EXP1_001880_24032023_MT_Plasma_800ng_DIA_ID_92	proteomic profiling by mass spectrometry	Data-independent acquisition	NT=label free sample;AC=MS:1002038	NT=q exactive hf-x;AC=MS:1002877	NT=orbitrap exploris 480;AC=MS:1003028	not applicable	not available	28% NCE	1	1	20230326-1836_EXP1_001880_24032023_MT_Plasma_800ng_DIA_ID_92.raw	ftp://ftp.pride.ebi.ac.uk/pride/data/archive/2025/03/PXD051911/20230326-1836_EXP1_001880_24032023_MT_Plasma_800ng_DIA_ID_92.raw	v1.1.0	NT=ms-proteomics;VV=v1.1.0	NT=clinical-metadata;VV=v1.0.0	NT=dia-acquisition;VV=v1.1.0	manual curation	blood plasma
20201208_SL_ATLAS_WAT_DIA_RT_4mcg_V2_50	homo sapiens	not available	not applicable	metabolic dysfunction-associated steatotic liver disease	female	50	20201208_SL_ATLAS_WAT_DIA_RT_4mcg_V2_50	proteomic profiling by mass spectrometry	Data-independent acquisition	NT=label free sample;AC=MS:1002038	NT=q exactive hf-x;AC=MS:1002877	NT=orbitrap exploris 480;AC=MS:1003028	not applicable	not available	28% NCE	1	1	20201208_SL_ATLAS_WAT_DIA_RT_4mcg_V2_50.raw	ftp://ftp.pride.ebi.ac.uk/pride/data/archive/2025/03/PXD051911/20201208_SL_ATLAS_WAT_DIA_RT_4mcg_V2_50.raw	v1.1.0	NT=ms-proteomics;VV=v1.1.0	NT=clinical-metadata;VV=v1.0.0	NT=dia-acquisition;VV=v1.1.0	manual curation	not available
07062023_FP_hPlasma_V3_ID38	homo sapiens	not available	not applicable	metabolic dysfunction-associated steatotic liver disease	female	1	07062023_FP_hPlasma_V3_ID38	proteomic profiling by mass spectrometry	Data-independent acquisition	NT=label free sample;AC=MS:1002038	NT=q exactive hf-x;AC=MS:1002877	NT=orbitrap exploris 480;AC=MS:1003028	not applicable	not available	28% NCE	1	1	07062023_FP_hPlasma_V3_ID38.raw	ftp://ftp.pride.ebi.ac.uk/pride/data/archive/2025/03/PXD051911/07062023_FP_hPlasma_V3_ID38.raw	v1.1.0	NT=ms-proteomics;VV=v1.1.0	NT=clinical-metadata;VV=v1.0.0	NT=dia-acquisition;VV=v1.1.0	manual curation	not available
20201208_SL_ATLAS_WAT_DIA_RT_4mcg_Oment_V2_50	homo sapiens	not available	not applicable	metabolic dysfunction-associated steatotic liver disease	female	50	20201208_SL_ATLAS_WAT_DIA_RT_4mcg_Oment_V2_50	proteomic profiling by mass spectrometry	Data-independent acquisition	NT=label free sample;AC=MS:1002038	NT=q exactive hf-x;AC=MS:1002877	NT=orbitrap exploris 480;AC=MS:1003028	not applicable	not available	28% NCE	1	1	20201208_SL_ATLAS_WAT_DIA_RT_4mcg_Oment_V2_50.raw	ftp://ftp.pride.ebi.ac.uk/pride/data/archive/2025/03/PXD051911/20201208_SL_ATLAS_WAT_DIA_RT_4mcg_Oment_V2_50.raw	v1.1.0	NT=ms-proteomics;VV=v1.1.0	NT=clinical-metadata;VV=v1.0.0	NT=dia-acquisition;VV=v1.1.0	manual curation	not available
20230310-0202_EXP2_001185_01032023_MT_Plasma_800ng_DIA_ID_61	homo sapiens	blood plasma	not applicable	metabolic dysfunction-associated steatotic liver disease	female	61	20230310-0202_EXP2_001185_01032023_MT_Plasma_800ng_DIA_ID_61	proteomic profiling by mass spectrometry	Data-independent acquisition	NT=label free sample;AC=MS:1002038	NT=q exactive hf-x;AC=MS:1002877	NT=orbitrap exploris 480;AC=MS:1003028	not applicable	not available	28% NCE	1	1	20230310-0202_EXP2_001185_01032023_MT_Plasma_800ng_DIA_ID_61.raw	ftp://ftp.pride.ebi.ac.uk/pride/data/archive/2025/03/PXD051911/20230310-0202_EXP2_001185_01032023_MT_Plasma_800ng_DIA_ID_61.raw	v1.1.0	NT=ms-proteomics;VV=v1.1.0	NT=clinical-metadata;VV=v1.0.0	NT=dia-acquisition;VV=v1.1.0	manual curation	blood plasma
07062023_FP_hPlasma_V2_ID32	homo sapiens	not available	not applicable	metabolic dysfunction-associated steatotic liver disease	female	1	07062023_FP_hPlasma_V2_ID32	proteomic profiling by mass spectrometry	Data-independent acquisition	NT=label free sample;AC=MS:1002038	NT=q exactive hf-x;AC=MS:1002877	NT=orbitrap exploris 480;AC=MS:1003028	not applicable	not available	28% NCE	1	1	07062023_FP_hPlasma_V2_ID32.raw	ftp://ftp.pride.ebi.ac.uk/pride/data/archive/2025/03/PXD051911/07062023_FP_hPlasma_V2_ID32.raw	v1.1.0	NT=ms-proteomics;VV=v1.1.0	NT=clinical-metadata;VV=v1.0.0	NT=dia-acquisition;VV=v1.1.0	manual curation	not available
20210127_SL_ATLAS_WAT_DIA_RT_4mcg_V1_SC_23	homo sapiens	not available	not applicable	metabolic dysfunction-associated steatotic liver disease	female	23	20210127_SL_ATLAS_WAT_DIA_RT_4mcg_V1_SC_23	proteomic profiling by mass spectrometry	Data-independent acquisition	NT=label free sample;AC=MS:1002038	NT=q exactive hf-x;AC=MS:1002877	NT=orbitrap exploris 480;AC=MS:1003028	not applicable	not available	28% NCE	1	1	20210127_SL_ATLAS_WAT_DIA_RT_4mcg_V1_SC_23.raw	ftp://ftp.pride.ebi.ac.uk/pride/data/archive/2025/03/PXD051911/20210127_SL_ATLAS_WAT_DIA_RT_4mcg_V1_SC_23.raw	v1.1.0	NT=ms-proteomics;VV=v1.1.0	NT=clinical-metadata;VV=v1.0.0	NT=dia-acquisition;VV=v1.1.0	manual curation	not available
20230319-2026_EXP1_001811_17032023_MT_Plasma_800ng_DIA_ID_153	homo sapiens	blood plasma	not applicable	metabolic dysfunction-associated steatotic liver disease	female	1	20230319-2026_EXP1_001811_17032023_MT_Plasma_800ng_DIA_ID_153	proteomic profiling by mass spectrometry	Data-independent acquisition	NT=label free sample;AC=MS:1002038	NT=q exactive hf-x;AC=MS:1002877	NT=orbitrap exploris 480;AC=MS:1003028	not applicable	not available	28% NCE	1	1	20230319-2026_EXP1_001811_17032023_MT_Plasma_800ng_DIA_ID_153.raw	ftp://ftp.pride.ebi.ac.uk/pride/data/archive/2025/03/PXD051911/20230319-2026_EXP1_001811_17032023_MT_Plasma_800ng_DIA_ID_153.raw	v1.1.0	NT=ms-proteomics;VV=v1.1.0	NT=clinical-metadata;VV=v1.0.0	NT=dia-acquisition;VV=v1.1.0	manual curation	blood plasma
11122020_FP_ATLASLiver_vis1_ID75rerun	homo sapiens	liver	not applicable	metabolic dysfunction-associated steatotic liver disease	female	1	11122020_FP_ATLASLiver_vis1_ID75rerun	proteomic profiling by mass spectrometry	Data-independent acquisition	NT=label free sample;AC=MS:1002038	NT=q exactive hf-x;AC=MS:1002877	NT=orbitrap exploris 480;AC=MS:1003028	not applicable	not available	28% NCE	1	1	11122020_FP_ATLASLiver_vis1_ID75rerun.raw	ftp://ftp.pride.ebi.ac.uk/pride/data/archive/2025/03/PXD051911/11122020_FP_ATLASLiver_vis1_ID75rerun.raw	v1.1.0	NT=ms-proteomics;VV=v1.1.0	NT=clinical-metadata;VV=v1.0.0	NT=dia-acquisition;VV=v1.1.0	manual curation	liver
20201208_SL_ATLAS_WAT_DIA_RT_4mcg_V2_15	homo sapiens	not available	not applicable	metabolic dysfunction-associated steatotic liver disease	female	15	20201208_SL_ATLAS_WAT_DIA_RT_4mcg_V2_15	proteomic profiling by mass spectrometry	Data-independent acquisition	NT=label free sample;AC=MS:1002038	NT=q exactive hf-x;AC=MS:1002877	NT=orbitrap exploris 480;AC=MS:1003028	not applicable	not available	28% NCE	1	1	20201208_SL_ATLAS_WAT_DIA_RT_4mcg_V2_15.raw	ftp://ftp.pride.ebi.ac.uk/pride/data/archive/2025/03/PXD051911/20201208_SL_ATLAS_WAT_DIA_RT_4mcg_V2_15.raw	v1.1.0	NT=ms-proteomics;VV=v1.1.0	NT=clinical-metadata;VV=v1.0.0	NT=dia-acquisition;VV=v1.1.0	manual curation	not available
07062023_FP_hPlasma_V3_ID19	homo sapiens	not available	not applicable	metabolic dysfunction-associated steatotic liver disease	female	1	07062023_FP_hPlasma_V3_ID19	proteomic profiling by mass spectrometry	Data-independent acquisition	NT=label free sample;AC=MS:1002038	NT=q exactive hf-x;AC=MS:1002877	NT=orbitrap exploris 480;AC=MS:1003028	not applicable	not available	28% NCE	1	1	07062023_FP_hPlasma_V3_ID19.raw	ftp://ftp.pride.ebi.ac.uk/pride/data/archive/2025/03/PXD051911/07062023_FP_hPlasma_V3_ID19.raw	v1.1.0	NT=ms-proteomics;VV=v1.1.0	NT=clinical-metadata;VV=v1.0.0	NT=dia-acquisition;VV=v1.1.0	manual curation	not available
20201201_SL_ATLAS_WAT_DIA_RT_4mcg_V2_11	homo sapiens	not available	not applicable	metabolic dysfunction-associated steatotic liver disease	female	11	20201201_SL_ATLAS_WAT_DIA_RT_4mcg_V2_11	proteomic profiling by mass spectrometry	Data-independent acquisition	NT=label free sample;AC=MS:1002038	NT=q exactive hf-x;AC=MS:1002877	NT=orbitrap exploris 480;AC=MS:1003028	not applicable	not available	28% NCE	1	1	20201201_SL_ATLAS_WAT_DIA_RT_4mcg_V2_11.raw	ftp://ftp.pride.ebi.ac.uk/pride/data/archive/2025/03/PXD051911/20201201_SL_ATLAS_WAT_DIA_RT_4mcg_V2_11.raw	v1.1.0	NT=ms-proteomics;VV=v1.1.0	NT=clinical-metadata;VV=v1.0.0	NT=dia-acquisition;VV=v1.1.0	manual curation	not available
11122020_FP_ATLASLiver_vis1_ID92	homo sapiens	liver	not applicable	metabolic dysfunction-associated steatotic liver disease	female	1	11122020_FP_ATLASLiver_vis1_ID92	proteomic profiling by mass spectrometry	Data-independent acquisition	NT=label free sample;AC=MS:1002038	NT=q exactive hf-x;AC=MS:1002877	NT=orbitrap exploris 480;AC=MS:1003028	not applicable	not available	28% NCE	1	1	11122020_FP_ATLASLiver_vis1_ID92.raw	ftp://ftp.pride.ebi.ac.uk/pride/data/archive/2025/03/PXD051911/11122020_FP_ATLASLiver_vis1_ID92.raw	v1.1.0	NT=ms-proteomics;VV=v1.1.0	NT=clinical-metadata;VV=v1.0.0	NT=dia-acquisition;VV=v1.1.0	manual curation	liver
11122020_FP_ATLASLiver_vis1_ID50rerun	homo sapiens	liver	not applicable	metabolic dysfunction-associated steatotic liver disease	female	1	11122020_FP_ATLASLiver_vis1_ID50rerun	proteomic profiling by mass spectrometry	Data-independent acquisition	NT=label free sample;AC=MS:1002038	NT=q exactive hf-x;AC=MS:1002877	NT=orbitrap exploris 480;AC=MS:1003028	not applicable	not available	28% NCE	1	1	11122020_FP_ATLASLiver_vis1_ID50rerun.raw	ftp://ftp.pride.ebi.ac.uk/pride/data/archive/2025/03/PXD051911/11122020_FP_ATLASLiver_vis1_ID50rerun.raw	v1.1.0	NT=ms-proteomics;VV=v1.1.0	NT=clinical-metadata;VV=v1.0.0	NT=dia-acquisition;VV=v1.1.0	manual curation	liver
20230324-2156_EXP1_001852_24032023_MT_Plasma_800ng_DIA_ID_18	homo sapiens	blood plasma	not applicable	metabolic dysfunction-associated steatotic liver disease	female	18	20230324-2156_EXP1_001852_24032023_MT_Plasma_800ng_DIA_ID_18	proteomic profiling by mass spectrometry	Data-independent acquisition	NT=label free sample;AC=MS:1002038	NT=q exactive hf-x;AC=MS:1002877	NT=orbitrap exploris 480;AC=MS:1003028	not applicable	not available	28% NCE	1	1	20230324-2156_EXP1_001852_24032023_MT_Plasma_800ng_DIA_ID_18.raw	ftp://ftp.pride.ebi.ac.uk/pride/data/archive/2025/03/PXD051911/20230324-2156_EXP1_001852_24032023_MT_Plasma_800ng_DIA_ID_18.raw	v1.1.0	NT=ms-proteomics;VV=v1.1.0	NT=clinical-metadata;VV=v1.0.0	NT=dia-acquisition;VV=v1.1.0	manual curation	blood plasma
20230320-0909_EXP1_001818_17032023_MT_Plasma_800ng_DIA_ID_167	homo sapiens	blood plasma	not applicable	metabolic dysfunction-associated steatotic liver disease	female	1	20230320-0909_EXP1_001818_17032023_MT_Plasma_800ng_DIA_ID_167	proteomic profiling by mass spectrometry	Data-independent acquisition	NT=label free sample;AC=MS:1002038	NT=q exactive hf-x;AC=MS:1002877	NT=orbitrap exploris 480;AC=MS:1003028	not applicable	not available	28% NCE	1	1	20230320-0909_EXP1_001818_17032023_MT_Plasma_800ng_DIA_ID_167.raw	ftp://ftp.pride.ebi.ac.uk/pride/data/archive/2025/03/PXD051911/20230320-0909_EXP1_001818_17032023_MT_Plasma_800ng_DIA_ID_167.raw	v1.1.0	NT=ms-proteomics;VV=v1.1.0	NT=clinical-metadata;VV=v1.0.0	NT=dia-acquisition;VV=v1.1.0	manual curation	blood plasma
20230326-2038_EXP1_001881_24032023_MT_Plasma_800ng_DIA_ID_93	homo sapiens	blood plasma	not applicable	metabolic dysfunction-associated steatotic liver disease	female	93	20230326-2038_EXP1_001881_24032023_MT_Plasma_800ng_DIA_ID_93	proteomic profiling by mass spectrometry	Data-independent acquisition	NT=label free sample;AC=MS:1002038	NT=q exactive hf-x;AC=MS:1002877	NT=orbitrap exploris 480;AC=MS:1003028	not applicable	not available	28% NCE	1	1	20230326-2038_EXP1_001881_24032023_MT_Plasma_800ng_DIA_ID_93.raw	ftp://ftp.pride.ebi.ac.uk/pride/data/archive/2025/03/PXD051911/20230326-2038_EXP1_001881_24032023_MT_Plasma_800ng_DIA_ID_93.raw	v1.1.0	NT=ms-proteomics;VV=v1.1.0	NT=clinical-metadata;VV=v1.0.0	NT=dia-acquisition;VV=v1.1.0	manual curation	blood plasma
11122020_FP_ATLASLiver_vis1_ID20	homo sapiens	liver	not applicable	metabolic dysfunction-associated steatotic liver disease	female	1	11122020_FP_ATLASLiver_vis1_ID20	proteomic profiling by mass spectrometry	Data-independent acquisition	NT=label free sample;AC=MS:1002038	NT=q exactive hf-x;AC=MS:1002877	NT=orbitrap exploris 480;AC=MS:1003028	not applicable	not available	28% NCE	1	1	11122020_FP_ATLASLiver_vis1_ID20.raw	ftp://ftp.pride.ebi.ac.uk/pride/data/archive/2025/03/PXD051911/11122020_FP_ATLASLiver_vis1_ID20.raw	v1.1.0	NT=ms-proteomics;VV=v1.1.0	NT=clinical-metadata;VV=v1.0.0	NT=dia-acquisition;VV=v1.1.0	manual curation	liver
11122020_FP_ATLASLiver_vis1_ID49	homo sapiens	liver	not applicable	metabolic dysfunction-associated steatotic liver disease	female	1	11122020_FP_ATLASLiver_vis1_ID49	proteomic profiling by mass spectrometry	Data-independent acquisition	NT=label free sample;AC=MS:1002038	NT=q exactive hf-x;AC=MS:1002877	NT=orbitrap exploris 480;AC=MS:1003028	not applicable	not available	28% NCE	1	1	11122020_FP_ATLASLiver_vis1_ID49.raw	ftp://ftp.pride.ebi.ac.uk/pride/data/archive/2025/03/PXD051911/11122020_FP_ATLASLiver_vis1_ID49.raw	v1.1.0	NT=ms-proteomics;VV=v1.1.0	NT=clinical-metadata;VV=v1.0.0	NT=dia-acquisition;VV=v1.1.0	manual curation	liver
20230325-1321_EXP1_001862_24032023_MT_Plasma_800ng_DIA_ID_42	homo sapiens	blood plasma	not applicable	metabolic dysfunction-associated steatotic liver disease	female	42	20230325-1321_EXP1_001862_24032023_MT_Plasma_800ng_DIA_ID_42	proteomic profiling by mass spectrometry	Data-independent acquisition	NT=label free sample;AC=MS:1002038	NT=q exactive hf-x;AC=MS:1002877	NT=orbitrap exploris 480;AC=MS:1003028	not applicable	not available	28% NCE	1	1	20230325-1321_EXP1_001862_24032023_MT_Plasma_800ng_DIA_ID_42.raw	ftp://ftp.pride.ebi.ac.uk/pride/data/archive/2025/03/PXD051911/20230325-1321_EXP1_001862_24032023_MT_Plasma_800ng_DIA_ID_42.raw	v1.1.0	NT=ms-proteomics;VV=v1.1.0	NT=clinical-metadata;VV=v1.0.0	NT=dia-acquisition;VV=v1.1.0	manual curation	blood plasma
20230320-1541_EXP1_001821_17032023_MT_Plasma_800ng_DIA_ID_175	homo sapiens	blood plasma	not applicable	metabolic dysfunction-associated steatotic liver disease	female	1	20230320-1541_EXP1_001821_17032023_MT_Plasma_800ng_DIA_ID_175	proteomic profiling by mass spectrometry	Data-independent acquisition	NT=label free sample;AC=MS:1002038	NT=q exactive hf-x;AC=MS:1002877	NT=orbitrap exploris 480;AC=MS:1003028	not applicable	not available	28% NCE	1	1	20230320-1541_EXP1_001821_17032023_MT_Plasma_800ng_DIA_ID_175.raw	ftp://ftp.pride.ebi.ac.uk/pride/data/archive/2025/03/PXD051911/20230320-1541_EXP1_001821_17032023_MT_Plasma_800ng_DIA_ID_175.raw	v1.1.0	NT=ms-proteomics;VV=v1.1.0	NT=clinical-metadata;VV=v1.0.0	NT=dia-acquisition;VV=v1.1.0	manual curation	blood plasma
20201201_SL_ATLAS_WAT_DIA_RT_4mcg_V2_05	homo sapiens	not available	not applicable	metabolic dysfunction-associated steatotic liver disease	female	5	20201201_SL_ATLAS_WAT_DIA_RT_4mcg_V2_05	proteomic profiling by mass spectrometry	Data-independent acquisition	NT=label free sample;AC=MS:1002038	NT=q exactive hf-x;AC=MS:1002877	NT=orbitrap exploris 480;AC=MS:1003028	not applicable	not available	28% NCE	1	1	20201201_SL_ATLAS_WAT_DIA_RT_4mcg_V2_05.raw	ftp://ftp.pride.ebi.ac.uk/pride/data/archive/2025/03/PXD051911/20201201_SL_ATLAS_WAT_DIA_RT_4mcg_V2_05.raw	v1.1.0	NT=ms-proteomics;VV=v1.1.0	NT=clinical-metadata;VV=v1.0.0	NT=dia-acquisition;VV=v1.1.0	manual curation	not available
07062023_FP_hPlasma_V3_ID35	homo sapiens	not available	not applicable	metabolic dysfunction-associated steatotic liver disease	female	1	07062023_FP_hPlasma_V3_ID35	proteomic profiling by mass spectrometry	Data-independent acquisition	NT=label free sample;AC=MS:1002038	NT=q exactive hf-x;AC=MS:1002877	NT=orbitrap exploris 480;AC=MS:1003028	not applicable	not available	28% NCE	1	1	07062023_FP_hPlasma_V3_ID35.raw	ftp://ftp.pride.ebi.ac.uk/pride/data/archive/2025/03/PXD051911/07062023_FP_hPlasma_V3_ID35.raw	v1.1.0	NT=ms-proteomics;VV=v1.1.0	NT=clinical-metadata;VV=v1.0.0	NT=dia-acquisition;VV=v1.1.0	manual curation	not available
07062023_FP_hPlasma_V3_ID46	homo sapiens	not available	not applicable	metabolic dysfunction-associated steatotic liver disease	female	1	07062023_FP_hPlasma_V3_ID46	proteomic profiling by mass spectrometry	Data-independent acquisition	NT=label free sample;AC=MS:1002038	NT=q exactive hf-x;AC=MS:1002877	NT=orbitrap exploris 480;AC=MS:1003028	not applicable	not available	28% NCE	1	1	07062023_FP_hPlasma_V3_ID46.raw	ftp://ftp.pride.ebi.ac.uk/pride/data/archive/2025/03/PXD051911/07062023_FP_hPlasma_V3_ID46.raw	v1.1.0	NT=ms-proteomics;VV=v1.1.0	NT=clinical-metadata;VV=v1.0.0	NT=dia-acquisition;VV=v1.1.0	manual curation	not available
20230324-1853_EXP1_001850_24032023_MT_Plasma_800ng_DIA_ID_13	homo sapiens	blood plasma	not applicable	metabolic dysfunction-associated steatotic liver disease	female	13	20230324-1853_EXP1_001850_24032023_MT_Plasma_800ng_DIA_ID_13	proteomic profiling by mass spectrometry	Data-independent acquisition	NT=label free sample;AC=MS:1002038	NT=q exactive hf-x;AC=MS:1002877	NT=orbitrap exploris 480;AC=MS:1003028	not applicable	not available	28% NCE	1	1	20230324-1853_EXP1_001850_24032023_MT_Plasma_800ng_DIA_ID_13.raw	ftp://ftp.pride.ebi.ac.uk/pride/data/archive/2025/03/PXD051911/20230324-1853_EXP1_001850_24032023_MT_Plasma_800ng_DIA_ID_13.raw	v1.1.0	NT=ms-proteomics;VV=v1.1.0	NT=clinical-metadata;VV=v1.0.0	NT=dia-acquisition;VV=v1.1.0	manual curation	blood plasma
20230302-1842_EXP2_001166_01032023_MT_Plasma_800ng_DIA_ID_40	homo sapiens	blood plasma	not applicable	metabolic dysfunction-associated steatotic liver disease	female	40	20230302-1842_EXP2_001166_01032023_MT_Plasma_800ng_DIA_ID_40	proteomic profiling by mass spectrometry	Data-independent acquisition	NT=label free sample;AC=MS:1002038	NT=q exactive hf-x;AC=MS:1002877	NT=orbitrap exploris 480;AC=MS:1003028	not applicable	not available	28% NCE	1	1	20230302-1842_EXP2_001166_01032023_MT_Plasma_800ng_DIA_ID_40.raw	ftp://ftp.pride.ebi.ac.uk/pride/data/archive/2025/03/PXD051911/20230302-1842_EXP2_001166_01032023_MT_Plasma_800ng_DIA_ID_40.raw	v1.1.0	NT=ms-proteomics;VV=v1.1.0	NT=clinical-metadata;VV=v1.0.0	NT=dia-acquisition;VV=v1.1.0	manual curation	blood plasma
20230310-0606_EXP2_001187_01032023_MT_Plasma_800ng_DIA_ID_65	homo sapiens	blood plasma	not applicable	metabolic dysfunction-associated steatotic liver disease	female	65	20230310-0606_EXP2_001187_01032023_MT_Plasma_800ng_DIA_ID_65	proteomic profiling by mass spectrometry	Data-independent acquisition	NT=label free sample;AC=MS:1002038	NT=q exactive hf-x;AC=MS:1002877	NT=orbitrap exploris 480;AC=MS:1003028	not applicable	not available	28% NCE	1	1	20230310-0606_EXP2_001187_01032023_MT_Plasma_800ng_DIA_ID_65.raw	ftp://ftp.pride.ebi.ac.uk/pride/data/archive/2025/03/PXD051911/20230310-0606_EXP2_001187_01032023_MT_Plasma_800ng_DIA_ID_65.raw	v1.1.0	NT=ms-proteomics;VV=v1.1.0	NT=clinical-metadata;VV=v1.0.0	NT=dia-acquisition;VV=v1.1.0	manual curation	blood plasma
20191017_FP_QexXn2_1015_22cmr2um_Human_female_33	homo sapiens	not available	not applicable	metabolic dysfunction-associated steatotic liver disease	female	33	20191017_FP_QexXn2_1015_22cmr2um_Human_female_33	proteomic profiling by mass spectrometry	Data-independent acquisition	NT=label free sample;AC=MS:1002038	NT=q exactive hf-x;AC=MS:1002877	NT=orbitrap exploris 480;AC=MS:1003028	not applicable	not available	28% NCE	1	1	20191017_FP_QexXn2_1015_22cmr2um_Human_female_33.raw	ftp://ftp.pride.ebi.ac.uk/pride/data/archive/2025/03/PXD051911/20191017_FP_QexXn2_1015_22cmr2um_Human_female_33.raw	v1.1.0	NT=ms-proteomics;VV=v1.1.0	NT=clinical-metadata;VV=v1.0.0	NT=dia-acquisition;VV=v1.1.0	manual curation	not available
20210127_SL_ATLAS_WAT_DIA_RT_4mcg_V2_OMENT_19	homo sapiens	not available	not applicable	metabolic dysfunction-associated steatotic liver disease	female	19	20210127_SL_ATLAS_WAT_DIA_RT_4mcg_V2_OMENT_19	proteomic profiling by mass spectrometry	Data-independent acquisition	NT=label free sample;AC=MS:1002038	NT=q exactive hf-x;AC=MS:1002877	NT=orbitrap exploris 480;AC=MS:1003028	not applicable	not available	28% NCE	1	1	20210127_SL_ATLAS_WAT_DIA_RT_4mcg_V2_OMENT_19.raw	ftp://ftp.pride.ebi.ac.uk/pride/data/archive/2025/03/PXD051911/20210127_SL_ATLAS_WAT_DIA_RT_4mcg_V2_OMENT_19.raw	v1.1.0	NT=ms-proteomics;VV=v1.1.0	NT=clinical-metadata;VV=v1.0.0	NT=dia-acquisition;VV=v1.1.0	manual curation	not available
20201208_SL_ATLAS_WAT_DIA_RT_4mcg_Oment_V2_38	homo sapiens	not available	not applicable	metabolic dysfunction-associated steatotic liver disease	female	38	20201208_SL_ATLAS_WAT_DIA_RT_4mcg_Oment_V2_38	proteomic profiling by mass spectrometry	Data-independent acquisition	NT=label free sample;AC=MS:1002038	NT=q exactive hf-x;AC=MS:1002877	NT=orbitrap exploris 480;AC=MS:1003028	not applicable	not available	28% NCE	1	1	20201208_SL_ATLAS_WAT_DIA_RT_4mcg_Oment_V2_38.raw	ftp://ftp.pride.ebi.ac.uk/pride/data/archive/2025/03/PXD051911/20201208_SL_ATLAS_WAT_DIA_RT_4mcg_Oment_V2_38.raw	v1.1.0	NT=ms-proteomics;VV=v1.1.0	NT=clinical-metadata;VV=v1.0.0	NT=dia-acquisition;VV=v1.1.0	manual curation	not available
20230318-0320_EXP1_001790_17032023_MT_Plasma_800ng_DIA_ID_115	homo sapiens	blood plasma	not applicable	metabolic dysfunction-associated steatotic liver disease	female	1	20230318-0320_EXP1_001790_17032023_MT_Plasma_800ng_DIA_ID_115	proteomic profiling by mass spectrometry	Data-independent acquisition	NT=label free sample;AC=MS:1002038	NT=q exactive hf-x;AC=MS:1002877	NT=orbitrap exploris 480;AC=MS:1003028	not applicable	not available	28% NCE	1	1	20230318-0320_EXP1_001790_17032023_MT_Plasma_800ng_DIA_ID_115.raw	ftp://ftp.pride.ebi.ac.uk/pride/data/archive/2025/03/PXD051911/20230318-0320_EXP1_001790_17032023_MT_Plasma_800ng_DIA_ID_115.raw	v1.1.0	NT=ms-proteomics;VV=v1.1.0	NT=clinical-metadata;VV=v1.0.0	NT=dia-acquisition;VV=v1.1.0	manual curation	blood plasma
20230310-0722_EXP2_001188_01032023_MT_Plasma_800ng_DIA_ID_67	homo sapiens	blood plasma	not applicable	metabolic dysfunction-associated steatotic liver disease	female	67	20230310-0722_EXP2_001188_01032023_MT_Plasma_800ng_DIA_ID_67	proteomic profiling by mass spectrometry	Data-independent acquisition	NT=label free sample;AC=MS:1002038	NT=q exactive hf-x;AC=MS:1002877	NT=orbitrap exploris 480;AC=MS:1003028	not applicable	not available	28% NCE	1	1	20230310-0722_EXP2_001188_01032023_MT_Plasma_800ng_DIA_ID_67.raw	ftp://ftp.pride.ebi.ac.uk/pride/data/archive/2025/03/PXD051911/20230310-0722_EXP2_001188_01032023_MT_Plasma_800ng_DIA_ID_67.raw	v1.1.0	NT=ms-proteomics;VV=v1.1.0	NT=clinical-metadata;VV=v1.0.0	NT=dia-acquisition;VV=v1.1.0	manual curation	blood plasma
20230320-2325_EXP1_001825_17032023_MT_Plasma_800ng_DIA_ID_187	homo sapiens	blood plasma	not applicable	metabolic dysfunction-associated steatotic liver disease	female	1	20230320-2325_EXP1_001825_17032023_MT_Plasma_800ng_DIA_ID_187	proteomic profiling by mass spectrometry	Data-independent acquisition	NT=label free sample;AC=MS:1002038	NT=q exactive hf-x;AC=MS:1002877	NT=orbitrap exploris 480;AC=MS:1003028	not applicable	not available	28% NCE	1	1	20230320-2325_EXP1_001825_17032023_MT_Plasma_800ng_DIA_ID_187.raw	ftp://ftp.pride.ebi.ac.uk/pride/data/archive/2025/03/PXD051911/20230320-2325_EXP1_001825_17032023_MT_Plasma_800ng_DIA_ID_187.raw	v1.1.0	NT=ms-proteomics;VV=v1.1.0	NT=clinical-metadata;VV=v1.0.0	NT=dia-acquisition;VV=v1.1.0	manual curation	blood plasma
07062023_FP_hPlasma_V1_ID128	homo sapiens	not available	not applicable	metabolic dysfunction-associated steatotic liver disease	female	1	07062023_FP_hPlasma_V1_ID128	proteomic profiling by mass spectrometry	Data-independent acquisition	NT=label free sample;AC=MS:1002038	NT=q exactive hf-x;AC=MS:1002877	NT=orbitrap exploris 480;AC=MS:1003028	not applicable	not available	28% NCE	1	1	07062023_FP_hPlasma_V1_ID128.raw	ftp://ftp.pride.ebi.ac.uk/pride/data/archive/2025/03/PXD051911/07062023_FP_hPlasma_V1_ID128.raw	v1.1.0	NT=ms-proteomics;VV=v1.1.0	NT=clinical-metadata;VV=v1.0.0	NT=dia-acquisition;VV=v1.1.0	manual curation	not available
20230310-1533_EXP2_001192_01032023_MT_Plasma_800ng_DIA_ID_83	homo sapiens	blood plasma	not applicable	metabolic dysfunction-associated steatotic liver disease	female	83	20230310-1533_EXP2_001192_01032023_MT_Plasma_800ng_DIA_ID_83	proteomic profiling by mass spectrometry	Data-independent acquisition	NT=label free sample;AC=MS:1002038	NT=q exactive hf-x;AC=MS:1002877	NT=orbitrap exploris 480;AC=MS:1003028	not applicable	not available	28% NCE	1	1	20230310-1533_EXP2_001192_01032023_MT_Plasma_800ng_DIA_ID_83.raw	ftp://ftp.pride.ebi.ac.uk/pride/data/archive/2025/03/PXD051911/20230310-1533_EXP2_001192_01032023_MT_Plasma_800ng_DIA_ID_83.raw	v1.1.0	NT=ms-proteomics;VV=v1.1.0	NT=clinical-metadata;VV=v1.0.0	NT=dia-acquisition;VV=v1.1.0	manual curation	blood plasma
20230321-1219_EXP1_001832_17032023_MT_Plasma_800ng_DIA_ID_201	homo sapiens	blood plasma	not applicable	metabolic dysfunction-associated steatotic liver disease	female	1	20230321-1219_EXP1_001832_17032023_MT_Plasma_800ng_DIA_ID_201	proteomic profiling by mass spectrometry	Data-independent acquisition	NT=label free sample;AC=MS:1002038	NT=q exactive hf-x;AC=MS:1002877	NT=orbitrap exploris 480;AC=MS:1003028	not applicable	not available	28% NCE	1	1	20230321-1219_EXP1_001832_17032023_MT_Plasma_800ng_DIA_ID_201.raw	ftp://ftp.pride.ebi.ac.uk/pride/data/archive/2025/03/PXD051911/20230321-1219_EXP1_001832_17032023_MT_Plasma_800ng_DIA_ID_201.raw	v1.1.0	NT=ms-proteomics;VV=v1.1.0	NT=clinical-metadata;VV=v1.0.0	NT=dia-acquisition;VV=v1.1.0	manual curation	blood plasma
20230325-0405_EXP1_001856_24032023_MT_Plasma_800ng_DIA_ID_25	homo sapiens	blood plasma	not applicable	metabolic dysfunction-associated steatotic liver disease	female	25	20230325-0405_EXP1_001856_24032023_MT_Plasma_800ng_DIA_ID_25	proteomic profiling by mass spectrometry	Data-independent acquisition	NT=label free sample;AC=MS:1002038	NT=q exactive hf-x;AC=MS:1002877	NT=orbitrap exploris 480;AC=MS:1003028	not applicable	not available	28% NCE	1	1	20230325-0405_EXP1_001856_24032023_MT_Plasma_800ng_DIA_ID_25.raw	ftp://ftp.pride.ebi.ac.uk/pride/data/archive/2025/03/PXD051911/20230325-0405_EXP1_001856_24032023_MT_Plasma_800ng_DIA_ID_25.raw	v1.1.0	NT=ms-proteomics;VV=v1.1.0	NT=clinical-metadata;VV=v1.0.0	NT=dia-acquisition;VV=v1.1.0	manual curation	blood plasma
20230311-2155_EXP2_001206_01032023_MT_Plasma_800ng_DIA_ID_74	homo sapiens	blood plasma	not applicable	metabolic dysfunction-associated steatotic liver disease	female	74	20230311-2155_EXP2_001206_01032023_MT_Plasma_800ng_DIA_ID_74	proteomic profiling by mass spectrometry	Data-independent acquisition	NT=label free sample;AC=MS:1002038	NT=q exactive hf-x;AC=MS:1002877	NT=orbitrap exploris 480;AC=MS:1003028	not applicable	not available	28% NCE	1	1	20230311-2155_EXP2_001206_01032023_MT_Plasma_800ng_DIA_ID_74.raw	ftp://ftp.pride.ebi.ac.uk/pride/data/archive/2025/03/PXD051911/20230311-2155_EXP2_001206_01032023_MT_Plasma_800ng_DIA_ID_74.raw	v1.1.0	NT=ms-proteomics;VV=v1.1.0	NT=clinical-metadata;VV=v1.0.0	NT=dia-acquisition;VV=v1.1.0	manual curation	blood plasma
20230319-2136_EXP1_001812_17032023_MT_Plasma_800ng_DIA_ID_155	homo sapiens	blood plasma	not applicable	metabolic dysfunction-associated steatotic liver disease	female	1	20230319-2136_EXP1_001812_17032023_MT_Plasma_800ng_DIA_ID_155	proteomic profiling by mass spectrometry	Data-independent acquisition	NT=label free sample;AC=MS:1002038	NT=q exactive hf-x;AC=MS:1002877	NT=orbitrap exploris 480;AC=MS:1003028	not applicable	not available	28% NCE	1	1	20230319-2136_EXP1_001812_17032023_MT_Plasma_800ng_DIA_ID_155.raw	ftp://ftp.pride.ebi.ac.uk/pride/data/archive/2025/03/PXD051911/20230319-2136_EXP1_001812_17032023_MT_Plasma_800ng_DIA_ID_155.raw	v1.1.0	NT=ms-proteomics;VV=v1.1.0	NT=clinical-metadata;VV=v1.0.0	NT=dia-acquisition;VV=v1.1.0	manual curation	blood plasma
20230322-0237_EXP1_001839_17032023_MT_Plasma_800ng_DIA_ID_211	homo sapiens	blood plasma	not applicable	metabolic dysfunction-associated steatotic liver disease	female	1	20230322-0237_EXP1_001839_17032023_MT_Plasma_800ng_DIA_ID_211	proteomic profiling by mass spectrometry	Data-independent acquisition	NT=label free sample;AC=MS:1002038	NT=q exactive hf-x;AC=MS:1002877	NT=orbitrap exploris 480;AC=MS:1003028	not applicable	not available	28% NCE	1	1	20230322-0237_EXP1_001839_17032023_MT_Plasma_800ng_DIA_ID_211.raw	ftp://ftp.pride.ebi.ac.uk/pride/data/archive/2025/03/PXD051911/20230322-0237_EXP1_001839_17032023_MT_Plasma_800ng_DIA_ID_211.raw	v1.1.0	NT=ms-proteomics;VV=v1.1.0	NT=clinical-metadata;VV=v1.0.0	NT=dia-acquisition;VV=v1.1.0	manual curation	blood plasma
07062023_FP_hPlasma_V3_ID73	homo sapiens	not available	not applicable	metabolic dysfunction-associated steatotic liver disease	female	1	07062023_FP_hPlasma_V3_ID73	proteomic profiling by mass spectrometry	Data-independent acquisition	NT=label free sample;AC=MS:1002038	NT=q exactive hf-x;AC=MS:1002877	NT=orbitrap exploris 480;AC=MS:1003028	not applicable	not available	28% NCE	1	1	07062023_FP_hPlasma_V3_ID73.raw	ftp://ftp.pride.ebi.ac.uk/pride/data/archive/2025/03/PXD051911/07062023_FP_hPlasma_V3_ID73.raw	v1.1.0	NT=ms-proteomics;VV=v1.1.0	NT=clinical-metadata;VV=v1.0.0	NT=dia-acquisition;VV=v1.1.0	manual curation	not available
11122020_FP_ATLASLiver_vis1_ID42	homo sapiens	liver	not applicable	metabolic dysfunction-associated steatotic liver disease	female	1	11122020_FP_ATLASLiver_vis1_ID42	proteomic profiling by mass spectrometry	Data-independent acquisition	NT=label free sample;AC=MS:1002038	NT=q exactive hf-x;AC=MS:1002877	NT=orbitrap exploris 480;AC=MS:1003028	not applicable	not available	28% NCE	1	1	11122020_FP_ATLASLiver_vis1_ID42.raw	ftp://ftp.pride.ebi.ac.uk/pride/data/archive/2025/03/PXD051911/11122020_FP_ATLASLiver_vis1_ID42.raw	v1.1.0	NT=ms-proteomics;VV=v1.1.0	NT=clinical-metadata;VV=v1.0.0	NT=dia-acquisition;VV=v1.1.0	manual curation	liver
20210127_SL_ATLAS_WAT_DIA_RT_4mcg_V2_OMENT_25	homo sapiens	not available	not applicable	metabolic dysfunction-associated steatotic liver disease	female	25	20210127_SL_ATLAS_WAT_DIA_RT_4mcg_V2_OMENT_25	proteomic profiling by mass spectrometry	Data-independent acquisition	NT=label free sample;AC=MS:1002038	NT=q exactive hf-x;AC=MS:1002877	NT=orbitrap exploris 480;AC=MS:1003028	not applicable	not available	28% NCE	1	1	20210127_SL_ATLAS_WAT_DIA_RT_4mcg_V2_OMENT_25.raw	ftp://ftp.pride.ebi.ac.uk/pride/data/archive/2025/03/PXD051911/20210127_SL_ATLAS_WAT_DIA_RT_4mcg_V2_OMENT_25.raw	v1.1.0	NT=ms-proteomics;VV=v1.1.0	NT=clinical-metadata;VV=v1.0.0	NT=dia-acquisition;VV=v1.1.0	manual curation	not available
20210407_SL_ATLAS_WAT_DIA_RT_4mcg_V2_SC_88	homo sapiens	not available	not applicable	metabolic dysfunction-associated steatotic liver disease	female	88	20210407_SL_ATLAS_WAT_DIA_RT_4mcg_V2_SC_88	proteomic profiling by mass spectrometry	Data-independent acquisition	NT=label free sample;AC=MS:1002038	NT=q exactive hf-x;AC=MS:1002877	NT=orbitrap exploris 480;AC=MS:1003028	not applicable	not available	28% NCE	1	1	20210407_SL_ATLAS_WAT_DIA_RT_4mcg_V2_SC_88.raw	ftp://ftp.pride.ebi.ac.uk/pride/data/archive/2025/03/PXD051911/20210407_SL_ATLAS_WAT_DIA_RT_4mcg_V2_SC_88.raw	v1.1.0	NT=ms-proteomics;VV=v1.1.0	NT=clinical-metadata;VV=v1.0.0	NT=dia-acquisition;VV=v1.1.0	manual curation	not available
20230324-1444_EXP1_001847_24032023_MT_Plasma_800ng_DIA_ID_08	homo sapiens	blood plasma	not applicable	metabolic dysfunction-associated steatotic liver disease	female	8	20230324-1444_EXP1_001847_24032023_MT_Plasma_800ng_DIA_ID_08	proteomic profiling by mass spectrometry	Data-independent acquisition	NT=label free sample;AC=MS:1002038	NT=q exactive hf-x;AC=MS:1002877	NT=orbitrap exploris 480;AC=MS:1003028	not applicable	not available	28% NCE	1	1	20230324-1444_EXP1_001847_24032023_MT_Plasma_800ng_DIA_ID_08.raw	ftp://ftp.pride.ebi.ac.uk/pride/data/archive/2025/03/PXD051911/20230324-1444_EXP1_001847_24032023_MT_Plasma_800ng_DIA_ID_08.raw	v1.1.0	NT=ms-proteomics;VV=v1.1.0	NT=clinical-metadata;VV=v1.0.0	NT=dia-acquisition;VV=v1.1.0	manual curation	blood plasma
20230311-1222_EXP2_001201_01032023_MT_Plasma_800ng_DIA_ID_105	homo sapiens	blood plasma	not applicable	metabolic dysfunction-associated steatotic liver disease	female	1	20230311-1222_EXP2_001201_01032023_MT_Plasma_800ng_DIA_ID_105	proteomic profiling by mass spectrometry	Data-independent acquisition	NT=label free sample;AC=MS:1002038	NT=q exactive hf-x;AC=MS:1002877	NT=orbitrap exploris 480;AC=MS:1003028	not applicable	not available	28% NCE	1	1	20230311-1222_EXP2_001201_01032023_MT_Plasma_800ng_DIA_ID_105.raw	ftp://ftp.pride.ebi.ac.uk/pride/data/archive/2025/03/PXD051911/20230311-1222_EXP2_001201_01032023_MT_Plasma_800ng_DIA_ID_105.raw	v1.1.0	NT=ms-proteomics;VV=v1.1.0	NT=clinical-metadata;VV=v1.0.0	NT=dia-acquisition;VV=v1.1.0	manual curation	blood plasma
07062023_FP_hPlasma_V3_ID61	homo sapiens	not available	not applicable	metabolic dysfunction-associated steatotic liver disease	female	1	07062023_FP_hPlasma_V3_ID61	proteomic profiling by mass spectrometry	Data-independent acquisition	NT=label free sample;AC=MS:1002038	NT=q exactive hf-x;AC=MS:1002877	NT=orbitrap exploris 480;AC=MS:1003028	not applicable	not available	28% NCE	1	1	07062023_FP_hPlasma_V3_ID61.raw	ftp://ftp.pride.ebi.ac.uk/pride/data/archive/2025/03/PXD051911/07062023_FP_hPlasma_V3_ID61.raw	v1.1.0	NT=ms-proteomics;VV=v1.1.0	NT=clinical-metadata;VV=v1.0.0	NT=dia-acquisition;VV=v1.1.0	manual curation	not available
11122020_FP_ATLASLiver_vis1_ID1	homo sapiens	liver	not applicable	metabolic dysfunction-associated steatotic liver disease	female	1	11122020_FP_ATLASLiver_vis1_ID1	proteomic profiling by mass spectrometry	Data-independent acquisition	NT=label free sample;AC=MS:1002038	NT=q exactive hf-x;AC=MS:1002877	NT=orbitrap exploris 480;AC=MS:1003028	not applicable	not available	28% NCE	1	1	11122020_FP_ATLASLiver_vis1_ID1.raw	ftp://ftp.pride.ebi.ac.uk/pride/data/archive/2025/03/PXD051911/11122020_FP_ATLASLiver_vis1_ID1.raw	v1.1.0	NT=ms-proteomics;VV=v1.1.0	NT=clinical-metadata;VV=v1.0.0	NT=dia-acquisition;VV=v1.1.0	manual curation	liver
20230325-1213_EXP1_001861_24032023_MT_Plasma_800ng_DIA_ID_38	homo sapiens	blood plasma	not applicable	metabolic dysfunction-associated steatotic liver disease	female	38	20230325-1213_EXP1_001861_24032023_MT_Plasma_800ng_DIA_ID_38	proteomic profiling by mass spectrometry	Data-independent acquisition	NT=label free sample;AC=MS:1002038	NT=q exactive hf-x;AC=MS:1002877	NT=orbitrap exploris 480;AC=MS:1003028	not applicable	not available	28% NCE	1	1	20230325-1213_EXP1_001861_24032023_MT_Plasma_800ng_DIA_ID_38.raw	ftp://ftp.pride.ebi.ac.uk/pride/data/archive/2025/03/PXD051911/20230325-1213_EXP1_001861_24032023_MT_Plasma_800ng_DIA_ID_38.raw	v1.1.0	NT=ms-proteomics;VV=v1.1.0	NT=clinical-metadata;VV=v1.0.0	NT=dia-acquisition;VV=v1.1.0	manual curation	blood plasma
07062023_FP_hPlasma_V3_ID85	homo sapiens	not available	not applicable	metabolic dysfunction-associated steatotic liver disease	female	1	07062023_FP_hPlasma_V3_ID85	proteomic profiling by mass spectrometry	Data-independent acquisition	NT=label free sample;AC=MS:1002038	NT=q exactive hf-x;AC=MS:1002877	NT=orbitrap exploris 480;AC=MS:1003028	not applicable	not available	28% NCE	1	1	07062023_FP_hPlasma_V3_ID85.raw	ftp://ftp.pride.ebi.ac.uk/pride/data/archive/2025/03/PXD051911/07062023_FP_hPlasma_V3_ID85.raw	v1.1.0	NT=ms-proteomics;VV=v1.1.0	NT=clinical-metadata;VV=v1.0.0	NT=dia-acquisition;VV=v1.1.0	manual curation	not available
20191017_FP_QexXn2_1015_22cmr2um_Human_female_26	homo sapiens	not available	not applicable	metabolic dysfunction-associated steatotic liver disease	female	26	20191017_FP_QexXn2_1015_22cmr2um_Human_female_26	proteomic profiling by mass spectrometry	Data-independent acquisition	NT=label free sample;AC=MS:1002038	NT=q exactive hf-x;AC=MS:1002877	NT=orbitrap exploris 480;AC=MS:1003028	not applicable	not available	28% NCE	1	1	20191017_FP_QexXn2_1015_22cmr2um_Human_female_26.raw	ftp://ftp.pride.ebi.ac.uk/pride/data/archive/2025/03/PXD051911/20191017_FP_QexXn2_1015_22cmr2um_Human_female_26.raw	v1.1.0	NT=ms-proteomics;VV=v1.1.0	NT=clinical-metadata;VV=v1.0.0	NT=dia-acquisition;VV=v1.1.0	manual curation	not available
20191017_FP_QexXn2_1015_22cmr2um_Human_male_16	homo sapiens	not available	not applicable	metabolic dysfunction-associated steatotic liver disease	female	16	20191017_FP_QexXn2_1015_22cmr2um_Human_male_16	proteomic profiling by mass spectrometry	Data-independent acquisition	NT=label free sample;AC=MS:1002038	NT=q exactive hf-x;AC=MS:1002877	NT=orbitrap exploris 480;AC=MS:1003028	not applicable	not available	28% NCE	1	1	20191017_FP_QexXn2_1015_22cmr2um_Human_male_16.raw	ftp://ftp.pride.ebi.ac.uk/pride/data/archive/2025/03/PXD051911/20191017_FP_QexXn2_1015_22cmr2um_Human_male_16.raw	v1.1.0	NT=ms-proteomics;VV=v1.1.0	NT=clinical-metadata;VV=v1.0.0	NT=dia-acquisition;VV=v1.1.0	manual curation	not available
20230321-0319_EXP1_001827_17032023_MT_Plasma_800ng_DIA_ID_194	homo sapiens	blood plasma	not applicable	metabolic dysfunction-associated steatotic liver disease	female	1	20230321-0319_EXP1_001827_17032023_MT_Plasma_800ng_DIA_ID_194	proteomic profiling by mass spectrometry	Data-independent acquisition	NT=label free sample;AC=MS:1002038	NT=q exactive hf-x;AC=MS:1002877	NT=orbitrap exploris 480;AC=MS:1003028	not applicable	not available	28% NCE	1	1	20230321-0319_EXP1_001827_17032023_MT_Plasma_800ng_DIA_ID_194.raw	ftp://ftp.pride.ebi.ac.uk/pride/data/archive/2025/03/PXD051911/20230321-0319_EXP1_001827_17032023_MT_Plasma_800ng_DIA_ID_194.raw	v1.1.0	NT=ms-proteomics;VV=v1.1.0	NT=clinical-metadata;VV=v1.0.0	NT=dia-acquisition;VV=v1.1.0	manual curation	blood plasma
20210127_SL_ATLAS_WAT_DIA_RT_4mcg_V2_SC_92	homo sapiens	not available	not applicable	metabolic dysfunction-associated steatotic liver disease	female	92	20210127_SL_ATLAS_WAT_DIA_RT_4mcg_V2_SC_92	proteomic profiling by mass spectrometry	Data-independent acquisition	NT=label free sample;AC=MS:1002038	NT=q exactive hf-x;AC=MS:1002877	NT=orbitrap exploris 480;AC=MS:1003028	not applicable	not available	28% NCE	1	1	20210127_SL_ATLAS_WAT_DIA_RT_4mcg_V2_SC_92.raw	ftp://ftp.pride.ebi.ac.uk/pride/data/archive/2025/03/PXD051911/20210127_SL_ATLAS_WAT_DIA_RT_4mcg_V2_SC_92.raw	v1.1.0	NT=ms-proteomics;VV=v1.1.0	NT=clinical-metadata;VV=v1.0.0	NT=dia-acquisition;VV=v1.1.0	manual curation	not available
20230311-0109_EXP2_001196_01032023_MT_Plasma_800ng_DIA_ID_96	homo sapiens	blood plasma	not applicable	metabolic dysfunction-associated steatotic liver disease	female	96	20230311-0109_EXP2_001196_01032023_MT_Plasma_800ng_DIA_ID_96	proteomic profiling by mass spectrometry	Data-independent acquisition	NT=label free sample;AC=MS:1002038	NT=q exactive hf-x;AC=MS:1002877	NT=orbitrap exploris 480;AC=MS:1003028	not applicable	not available	28% NCE	1	1	20230311-0109_EXP2_001196_01032023_MT_Plasma_800ng_DIA_ID_96.raw	ftp://ftp.pride.ebi.ac.uk/pride/data/archive/2025/03/PXD051911/20230311-0109_EXP2_001196_01032023_MT_Plasma_800ng_DIA_ID_96.raw	v1.1.0	NT=ms-proteomics;VV=v1.1.0	NT=clinical-metadata;VV=v1.0.0	NT=dia-acquisition;VV=v1.1.0	manual curation	blood plasma
20201208_SL_ATLAS_WAT_DIA_RT_4mcg_V2_20	homo sapiens	not available	not applicable	metabolic dysfunction-associated steatotic liver disease	female	20	20201208_SL_ATLAS_WAT_DIA_RT_4mcg_V2_20	proteomic profiling by mass spectrometry	Data-independent acquisition	NT=label free sample;AC=MS:1002038	NT=q exactive hf-x;AC=MS:1002877	NT=orbitrap exploris 480;AC=MS:1003028	not applicable	not available	28% NCE	1	1	20201208_SL_ATLAS_WAT_DIA_RT_4mcg_V2_20.raw	ftp://ftp.pride.ebi.ac.uk/pride/data/archive/2025/03/PXD051911/20201208_SL_ATLAS_WAT_DIA_RT_4mcg_V2_20.raw	v1.1.0	NT=ms-proteomics;VV=v1.1.0	NT=clinical-metadata;VV=v1.0.0	NT=dia-acquisition;VV=v1.1.0	manual curation	not available
20201208_SL_ATLAS_WAT_DIA_RT_4mcg_Oment_V2_40	homo sapiens	not available	not applicable	metabolic dysfunction-associated steatotic liver disease	female	40	20201208_SL_ATLAS_WAT_DIA_RT_4mcg_Oment_V2_40	proteomic profiling by mass spectrometry	Data-independent acquisition	NT=label free sample;AC=MS:1002038	NT=q exactive hf-x;AC=MS:1002877	NT=orbitrap exploris 480;AC=MS:1003028	not applicable	not available	28% NCE	1	1	20201208_SL_ATLAS_WAT_DIA_RT_4mcg_Oment_V2_40.raw	ftp://ftp.pride.ebi.ac.uk/pride/data/archive/2025/03/PXD051911/20201208_SL_ATLAS_WAT_DIA_RT_4mcg_Oment_V2_40.raw	v1.1.0	NT=ms-proteomics;VV=v1.1.0	NT=clinical-metadata;VV=v1.0.0	NT=dia-acquisition;VV=v1.1.0	manual curation	not available
07062023_FP_hPlasma_V3_ID42	homo sapiens	not available	not applicable	metabolic dysfunction-associated steatotic liver disease	female	1	07062023_FP_hPlasma_V3_ID42	proteomic profiling by mass spectrometry	Data-independent acquisition	NT=label free sample;AC=MS:1002038	NT=q exactive hf-x;AC=MS:1002877	NT=orbitrap exploris 480;AC=MS:1003028	not applicable	not available	28% NCE	1	1	07062023_FP_hPlasma_V3_ID42.raw	ftp://ftp.pride.ebi.ac.uk/pride/data/archive/2025/03/PXD051911/07062023_FP_hPlasma_V3_ID42.raw	v1.1.0	NT=ms-proteomics;VV=v1.1.0	NT=clinical-metadata;VV=v1.0.0	NT=dia-acquisition;VV=v1.1.0	manual curation	not available
20230302-1035_EXP2_001162_01032023_MT_Plasma_800ng_DIA_ID_20	homo sapiens	blood plasma	not applicable	metabolic dysfunction-associated steatotic liver disease	female	20	20230302-1035_EXP2_001162_01032023_MT_Plasma_800ng_DIA_ID_20	proteomic profiling by mass spectrometry	Data-independent acquisition	NT=label free sample;AC=MS:1002038	NT=q exactive hf-x;AC=MS:1002877	NT=orbitrap exploris 480;AC=MS:1003028	not applicable	not available	28% NCE	1	1	20230302-1035_EXP2_001162_01032023_MT_Plasma_800ng_DIA_ID_20.raw	ftp://ftp.pride.ebi.ac.uk/pride/data/archive/2025/03/PXD051911/20230302-1035_EXP2_001162_01032023_MT_Plasma_800ng_DIA_ID_20.raw	v1.1.0	NT=ms-proteomics;VV=v1.1.0	NT=clinical-metadata;VV=v1.0.0	NT=dia-acquisition;VV=v1.1.0	manual curation	blood plasma
20230326-1212_EXP1_001876_24032023_MT_Plasma_800ng_DIA_ID_84	homo sapiens	blood plasma	not applicable	metabolic dysfunction-associated steatotic liver disease	female	84	20230326-1212_EXP1_001876_24032023_MT_Plasma_800ng_DIA_ID_84	proteomic profiling by mass spectrometry	Data-independent acquisition	NT=label free sample;AC=MS:1002038	NT=q exactive hf-x;AC=MS:1002877	NT=orbitrap exploris 480;AC=MS:1003028	not applicable	not available	28% NCE	1	1	20230326-1212_EXP1_001876_24032023_MT_Plasma_800ng_DIA_ID_84.raw	ftp://ftp.pride.ebi.ac.uk/pride/data/archive/2025/03/PXD051911/20230326-1212_EXP1_001876_24032023_MT_Plasma_800ng_DIA_ID_84.raw	v1.1.0	NT=ms-proteomics;VV=v1.1.0	NT=clinical-metadata;VV=v1.0.0	NT=dia-acquisition;VV=v1.1.0	manual curation	blood plasma
20210119_SL_ATLAS_WAT_DIA_RT_4mcg_V1_SC_30	homo sapiens	not available	not applicable	metabolic dysfunction-associated steatotic liver disease	female	30	20210119_SL_ATLAS_WAT_DIA_RT_4mcg_V1_SC_30	proteomic profiling by mass spectrometry	Data-independent acquisition	NT=label free sample;AC=MS:1002038	NT=q exactive hf-x;AC=MS:1002877	NT=orbitrap exploris 480;AC=MS:1003028	not applicable	not available	28% NCE	1	1	20210119_SL_ATLAS_WAT_DIA_RT_4mcg_V1_SC_30.raw	ftp://ftp.pride.ebi.ac.uk/pride/data/archive/2025/03/PXD051911/20210119_SL_ATLAS_WAT_DIA_RT_4mcg_V1_SC_30.raw	v1.1.0	NT=ms-proteomics;VV=v1.1.0	NT=clinical-metadata;VV=v1.0.0	NT=dia-acquisition;VV=v1.1.0	manual curation	not available
20210217_SL_ATLAS_WAT_DIA_RT_4mcg_V1_SC_03	homo sapiens	not available	not applicable	metabolic dysfunction-associated steatotic liver disease	female	3	20210217_SL_ATLAS_WAT_DIA_RT_4mcg_V1_SC_03	proteomic profiling by mass spectrometry	Data-independent acquisition	NT=label free sample;AC=MS:1002038	NT=q exactive hf-x;AC=MS:1002877	NT=orbitrap exploris 480;AC=MS:1003028	not applicable	not available	28% NCE	1	1	20210217_SL_ATLAS_WAT_DIA_RT_4mcg_V1_SC_03.raw	ftp://ftp.pride.ebi.ac.uk/pride/data/archive/2025/03/PXD051911/20210217_SL_ATLAS_WAT_DIA_RT_4mcg_V1_SC_03.raw	v1.1.0	NT=ms-proteomics;VV=v1.1.0	NT=clinical-metadata;VV=v1.0.0	NT=dia-acquisition;VV=v1.1.0	manual curation	not available
20201208_SL_ATLAS_WAT_DIA_RT_4mcg_V2_64	homo sapiens	not available	not applicable	metabolic dysfunction-associated steatotic liver disease	female	64	20201208_SL_ATLAS_WAT_DIA_RT_4mcg_V2_64	proteomic profiling by mass spectrometry	Data-independent acquisition	NT=label free sample;AC=MS:1002038	NT=q exactive hf-x;AC=MS:1002877	NT=orbitrap exploris 480;AC=MS:1003028	not applicable	not available	28% NCE	1	1	20201208_SL_ATLAS_WAT_DIA_RT_4mcg_V2_64.raw	ftp://ftp.pride.ebi.ac.uk/pride/data/archive/2025/03/PXD051911/20201208_SL_ATLAS_WAT_DIA_RT_4mcg_V2_64.raw	v1.1.0	NT=ms-proteomics;VV=v1.1.0	NT=clinical-metadata;VV=v1.0.0	NT=dia-acquisition;VV=v1.1.0	manual curation	not available
20230317-2221_EXP1_001787_17032023_MT_Plasma_800ng_DIA_ID_111	homo sapiens	blood plasma	not applicable	metabolic dysfunction-associated steatotic liver disease	female	1	20230317-2221_EXP1_001787_17032023_MT_Plasma_800ng_DIA_ID_111	proteomic profiling by mass spectrometry	Data-independent acquisition	NT=label free sample;AC=MS:1002038	NT=q exactive hf-x;AC=MS:1002877	NT=orbitrap exploris 480;AC=MS:1003028	not applicable	not available	28% NCE	1	1	20230317-2221_EXP1_001787_17032023_MT_Plasma_800ng_DIA_ID_111.raw	ftp://ftp.pride.ebi.ac.uk/pride/data/archive/2025/03/PXD051911/20230317-2221_EXP1_001787_17032023_MT_Plasma_800ng_DIA_ID_111.raw	v1.1.0	NT=ms-proteomics;VV=v1.1.0	NT=clinical-metadata;VV=v1.0.0	NT=dia-acquisition;VV=v1.1.0	manual curation	blood plasma
20210217_SL_ATLAS_WAT_DIA_RT_4mcg_V2_OMENT_55	homo sapiens	not available	not applicable	metabolic dysfunction-associated steatotic liver disease	female	55	20210217_SL_ATLAS_WAT_DIA_RT_4mcg_V2_OMENT_55	proteomic profiling by mass spectrometry	Data-independent acquisition	NT=label free sample;AC=MS:1002038	NT=q exactive hf-x;AC=MS:1002877	NT=orbitrap exploris 480;AC=MS:1003028	not applicable	not available	28% NCE	1	1	20210217_SL_ATLAS_WAT_DIA_RT_4mcg_V2_OMENT_55.raw	ftp://ftp.pride.ebi.ac.uk/pride/data/archive/2025/03/PXD051911/20210217_SL_ATLAS_WAT_DIA_RT_4mcg_V2_OMENT_55.raw	v1.1.0	NT=ms-proteomics;VV=v1.1.0	NT=clinical-metadata;VV=v1.0.0	NT=dia-acquisition;VV=v1.1.0	manual curation	not available
20230319-1245_EXP1_001807_17032023_MT_Plasma_800ng_DIA_ID_141	homo sapiens	blood plasma	not applicable	metabolic dysfunction-associated steatotic liver disease	female	1	20230319-1245_EXP1_001807_17032023_MT_Plasma_800ng_DIA_ID_141	proteomic profiling by mass spectrometry	Data-independent acquisition	NT=label free sample;AC=MS:1002038	NT=q exactive hf-x;AC=MS:1002877	NT=orbitrap exploris 480;AC=MS:1003028	not applicable	not available	28% NCE	1	1	20230319-1245_EXP1_001807_17032023_MT_Plasma_800ng_DIA_ID_141.raw	ftp://ftp.pride.ebi.ac.uk/pride/data/archive/2025/03/PXD051911/20230319-1245_EXP1_001807_17032023_MT_Plasma_800ng_DIA_ID_141.raw	v1.1.0	NT=ms-proteomics;VV=v1.1.0	NT=clinical-metadata;VV=v1.0.0	NT=dia-acquisition;VV=v1.1.0	manual curation	blood plasma
