source name	characteristics[organism]	characteristics[organism part]	characteristics[cell type]	characteristics[disease]	characteristics[biological replicate]	assay name	technology type	comment[proteomics data acquisition method]	comment[label]	comment[instrument]	comment[modification parameters]	comment[modification parameters]	comment[modification parameters]	comment[modification parameters]	comment[cleavage agent details]	comment[dissociation method]	comment[fragment mass tolerance]	comment[fractionation method]	comment[reduction reagent]	comment[fraction identifier]	comment[technical replicate]	comment[data file]	comment[file uri]	comment[sdrf version]	comment[sdrf template]	comment[sdrf template]	comment[sdrf annotation tool]	factor value[organism part]
MG61-02	homo sapiens	blood	not applicable	rheumatoid arthritis	2	MG61-02	proteomic profiling by mass spectrometry	NT=Data-dependent acquisition;AC=PRIDE:0000627	NT=label free sample;AC=MS:1002038	NT=q exactive;AC=MS:1001911	NT=Carbamidomethyl;AC=UNIMOD:4;TA=C;MT=Fixed	NT=Oxidation;AC=UNIMOD:35;TA=M;MT=Variable	NT=Deamidated;AC=UNIMOD:7;TA=NQ;MT=Variable	NT=Dimethyl;AC=UNIMOD:36;TA=K;MT=Variable	NT=Trypsin;AC=MS:1001251	NT=collision-induced dissociation;AC=MS:1000133	0.01 Da	sds page	beta-mercaptoethanol (bme)	1	1	MG61-02.raw	ftp://ftp.pride.ebi.ac.uk/pride/data/archive/2024/01/PXD019633/MG61-02.raw	v1.1.0	NT=ms-proteomics;VV=v1.1.0	NT=clinical-metadata;VV=v1.0.0	manual curation	blood
MGRA05-10	homo sapiens	blood	not applicable	rheumatoid arthritis	10	MGRA05-10	proteomic profiling by mass spectrometry	NT=Data-dependent acquisition;AC=PRIDE:0000627	NT=label free sample;AC=MS:1002038	NT=q exactive;AC=MS:1001911	NT=Carbamidomethyl;AC=UNIMOD:4;TA=C;MT=Fixed	NT=Oxidation;AC=UNIMOD:35;TA=M;MT=Variable	NT=Deamidated;AC=UNIMOD:7;TA=NQ;MT=Variable	NT=Dimethyl;AC=UNIMOD:36;TA=K;MT=Variable	NT=Trypsin;AC=MS:1001251	NT=collision-induced dissociation;AC=MS:1000133	0.01 Da	sds page	beta-mercaptoethanol (bme)	1	1	MGRA05-10.raw	ftp://ftp.pride.ebi.ac.uk/pride/data/archive/2024/01/PXD019633/MGRA05-10.raw	v1.1.0	NT=ms-proteomics;VV=v1.1.0	NT=clinical-metadata;VV=v1.0.0	manual curation	blood
MG52-04	homo sapiens	blood	not applicable	rheumatoid arthritis	4	MG52-04	proteomic profiling by mass spectrometry	NT=Data-dependent acquisition;AC=PRIDE:0000627	NT=label free sample;AC=MS:1002038	NT=q exactive;AC=MS:1001911	NT=Carbamidomethyl;AC=UNIMOD:4;TA=C;MT=Fixed	NT=Oxidation;AC=UNIMOD:35;TA=M;MT=Variable	NT=Deamidated;AC=UNIMOD:7;TA=NQ;MT=Variable	NT=Dimethyl;AC=UNIMOD:36;TA=K;MT=Variable	NT=Trypsin;AC=MS:1001251	NT=collision-induced dissociation;AC=MS:1000133	0.01 Da	sds page	beta-mercaptoethanol (bme)	1	1	MG52-04.raw	ftp://ftp.pride.ebi.ac.uk/pride/data/archive/2024/01/PXD019633/MG52-04.raw	v1.1.0	NT=ms-proteomics;VV=v1.1.0	NT=clinical-metadata;VV=v1.0.0	manual curation	blood
MG60-04	homo sapiens	blood	not applicable	rheumatoid arthritis	4	MG60-04	proteomic profiling by mass spectrometry	NT=Data-dependent acquisition;AC=PRIDE:0000627	NT=label free sample;AC=MS:1002038	NT=q exactive;AC=MS:1001911	NT=Carbamidomethyl;AC=UNIMOD:4;TA=C;MT=Fixed	NT=Oxidation;AC=UNIMOD:35;TA=M;MT=Variable	NT=Deamidated;AC=UNIMOD:7;TA=NQ;MT=Variable	NT=Dimethyl;AC=UNIMOD:36;TA=K;MT=Variable	NT=Trypsin;AC=MS:1001251	NT=collision-induced dissociation;AC=MS:1000133	0.01 Da	sds page	beta-mercaptoethanol (bme)	1	1	MG60-04.raw	ftp://ftp.pride.ebi.ac.uk/pride/data/archive/2024/01/PXD019633/MG60-04.raw	v1.1.0	NT=ms-proteomics;VV=v1.1.0	NT=clinical-metadata;VV=v1.0.0	manual curation	blood
MGRA05-02	homo sapiens	blood	not applicable	rheumatoid arthritis	2	MGRA05-02	proteomic profiling by mass spectrometry	NT=Data-dependent acquisition;AC=PRIDE:0000627	NT=label free sample;AC=MS:1002038	NT=q exactive;AC=MS:1001911	NT=Carbamidomethyl;AC=UNIMOD:4;TA=C;MT=Fixed	NT=Oxidation;AC=UNIMOD:35;TA=M;MT=Variable	NT=Deamidated;AC=UNIMOD:7;TA=NQ;MT=Variable	NT=Dimethyl;AC=UNIMOD:36;TA=K;MT=Variable	NT=Trypsin;AC=MS:1001251	NT=collision-induced dissociation;AC=MS:1000133	0.01 Da	sds page	beta-mercaptoethanol (bme)	1	1	MGRA05-02.raw	ftp://ftp.pride.ebi.ac.uk/pride/data/archive/2024/01/PXD019633/MGRA05-02.raw	v1.1.0	NT=ms-proteomics;VV=v1.1.0	NT=clinical-metadata;VV=v1.0.0	manual curation	blood
MGRA06-13	homo sapiens	blood	not applicable	rheumatoid arthritis	13	MGRA06-13	proteomic profiling by mass spectrometry	NT=Data-dependent acquisition;AC=PRIDE:0000627	NT=label free sample;AC=MS:1002038	NT=q exactive;AC=MS:1001911	NT=Carbamidomethyl;AC=UNIMOD:4;TA=C;MT=Fixed	NT=Oxidation;AC=UNIMOD:35;TA=M;MT=Variable	NT=Deamidated;AC=UNIMOD:7;TA=NQ;MT=Variable	NT=Dimethyl;AC=UNIMOD:36;TA=K;MT=Variable	NT=Trypsin;AC=MS:1001251	NT=collision-induced dissociation;AC=MS:1000133	0.01 Da	sds page	beta-mercaptoethanol (bme)	1	1	MGRA06-13.raw	ftp://ftp.pride.ebi.ac.uk/pride/data/archive/2024/01/PXD019633/MGRA06-13.raw	v1.1.0	NT=ms-proteomics;VV=v1.1.0	NT=clinical-metadata;VV=v1.0.0	manual curation	blood
MGN42-08	homo sapiens	blood	not applicable	rheumatoid arthritis	8	MGN42-08	proteomic profiling by mass spectrometry	NT=Data-dependent acquisition;AC=PRIDE:0000627	NT=label free sample;AC=MS:1002038	NT=q exactive;AC=MS:1001911	NT=Carbamidomethyl;AC=UNIMOD:4;TA=C;MT=Fixed	NT=Oxidation;AC=UNIMOD:35;TA=M;MT=Variable	NT=Deamidated;AC=UNIMOD:7;TA=NQ;MT=Variable	NT=Dimethyl;AC=UNIMOD:36;TA=K;MT=Variable	NT=Trypsin;AC=MS:1001251	NT=collision-induced dissociation;AC=MS:1000133	0.01 Da	sds page	beta-mercaptoethanol (bme)	1	1	MGN42-08.raw	ftp://ftp.pride.ebi.ac.uk/pride/data/archive/2024/01/PXD019633/MGN42-08.raw	v1.1.0	NT=ms-proteomics;VV=v1.1.0	NT=clinical-metadata;VV=v1.0.0	manual curation	blood
MGRA01-10	homo sapiens	blood	not applicable	rheumatoid arthritis	10	MGRA01-10	proteomic profiling by mass spectrometry	NT=Data-dependent acquisition;AC=PRIDE:0000627	NT=label free sample;AC=MS:1002038	NT=q exactive;AC=MS:1001911	NT=Carbamidomethyl;AC=UNIMOD:4;TA=C;MT=Fixed	NT=Oxidation;AC=UNIMOD:35;TA=M;MT=Variable	NT=Deamidated;AC=UNIMOD:7;TA=NQ;MT=Variable	NT=Dimethyl;AC=UNIMOD:36;TA=K;MT=Variable	NT=Trypsin;AC=MS:1001251	NT=collision-induced dissociation;AC=MS:1000133	0.01 Da	sds page	beta-mercaptoethanol (bme)	1	1	MGRA01-10.raw	ftp://ftp.pride.ebi.ac.uk/pride/data/archive/2024/01/PXD019633/MGRA01-10.raw	v1.1.0	NT=ms-proteomics;VV=v1.1.0	NT=clinical-metadata;VV=v1.0.0	manual curation	blood
MGRA03-10	homo sapiens	blood	not applicable	rheumatoid arthritis	10	MGRA03-10	proteomic profiling by mass spectrometry	NT=Data-dependent acquisition;AC=PRIDE:0000627	NT=label free sample;AC=MS:1002038	NT=q exactive;AC=MS:1001911	NT=Carbamidomethyl;AC=UNIMOD:4;TA=C;MT=Fixed	NT=Oxidation;AC=UNIMOD:35;TA=M;MT=Variable	NT=Deamidated;AC=UNIMOD:7;TA=NQ;MT=Variable	NT=Dimethyl;AC=UNIMOD:36;TA=K;MT=Variable	NT=Trypsin;AC=MS:1001251	NT=collision-induced dissociation;AC=MS:1000133	0.01 Da	sds page	beta-mercaptoethanol (bme)	1	1	MGRA03-10.raw	ftp://ftp.pride.ebi.ac.uk/pride/data/archive/2024/01/PXD019633/MGRA03-10.raw	v1.1.0	NT=ms-proteomics;VV=v1.1.0	NT=clinical-metadata;VV=v1.0.0	manual curation	blood
MG03-11	homo sapiens	blood	not applicable	rheumatoid arthritis	11	MG03-11	proteomic profiling by mass spectrometry	NT=Data-dependent acquisition;AC=PRIDE:0000627	NT=label free sample;AC=MS:1002038	NT=q exactive;AC=MS:1001911	NT=Carbamidomethyl;AC=UNIMOD:4;TA=C;MT=Fixed	NT=Oxidation;AC=UNIMOD:35;TA=M;MT=Variable	NT=Deamidated;AC=UNIMOD:7;TA=NQ;MT=Variable	NT=Dimethyl;AC=UNIMOD:36;TA=K;MT=Variable	NT=Trypsin;AC=MS:1001251	NT=collision-induced dissociation;AC=MS:1000133	0.01 Da	sds page	beta-mercaptoethanol (bme)	1	1	MG03-11.raw	ftp://ftp.pride.ebi.ac.uk/pride/data/archive/2024/01/PXD019633/MG03-11.raw	v1.1.0	NT=ms-proteomics;VV=v1.1.0	NT=clinical-metadata;VV=v1.0.0	manual curation	blood
MGN35-03	homo sapiens	blood	not applicable	rheumatoid arthritis	3	MGN35-03	proteomic profiling by mass spectrometry	NT=Data-dependent acquisition;AC=PRIDE:0000627	NT=label free sample;AC=MS:1002038	NT=q exactive;AC=MS:1001911	NT=Carbamidomethyl;AC=UNIMOD:4;TA=C;MT=Fixed	NT=Oxidation;AC=UNIMOD:35;TA=M;MT=Variable	NT=Deamidated;AC=UNIMOD:7;TA=NQ;MT=Variable	NT=Dimethyl;AC=UNIMOD:36;TA=K;MT=Variable	NT=Trypsin;AC=MS:1001251	NT=collision-induced dissociation;AC=MS:1000133	0.01 Da	sds page	beta-mercaptoethanol (bme)	1	1	MGN35-03.raw	ftp://ftp.pride.ebi.ac.uk/pride/data/archive/2024/01/PXD019633/MGN35-03.raw	v1.1.0	NT=ms-proteomics;VV=v1.1.0	NT=clinical-metadata;VV=v1.0.0	manual curation	blood
MGN42-01	homo sapiens	blood	not applicable	rheumatoid arthritis	1	MGN42-01	proteomic profiling by mass spectrometry	NT=Data-dependent acquisition;AC=PRIDE:0000627	NT=label free sample;AC=MS:1002038	NT=q exactive;AC=MS:1001911	NT=Carbamidomethyl;AC=UNIMOD:4;TA=C;MT=Fixed	NT=Oxidation;AC=UNIMOD:35;TA=M;MT=Variable	NT=Deamidated;AC=UNIMOD:7;TA=NQ;MT=Variable	NT=Dimethyl;AC=UNIMOD:36;TA=K;MT=Variable	NT=Trypsin;AC=MS:1001251	NT=collision-induced dissociation;AC=MS:1000133	0.01 Da	sds page	beta-mercaptoethanol (bme)	1	1	MGN42-01.raw	ftp://ftp.pride.ebi.ac.uk/pride/data/archive/2024/01/PXD019633/MGN42-01.raw	v1.1.0	NT=ms-proteomics;VV=v1.1.0	NT=clinical-metadata;VV=v1.0.0	manual curation	blood
MGN17-7	homo sapiens	blood	not applicable	rheumatoid arthritis	7	MGN17-7	proteomic profiling by mass spectrometry	NT=Data-dependent acquisition;AC=PRIDE:0000627	NT=label free sample;AC=MS:1002038	NT=q exactive;AC=MS:1001911	NT=Carbamidomethyl;AC=UNIMOD:4;TA=C;MT=Fixed	NT=Oxidation;AC=UNIMOD:35;TA=M;MT=Variable	NT=Deamidated;AC=UNIMOD:7;TA=NQ;MT=Variable	NT=Dimethyl;AC=UNIMOD:36;TA=K;MT=Variable	NT=Trypsin;AC=MS:1001251	NT=collision-induced dissociation;AC=MS:1000133	0.01 Da	sds page	beta-mercaptoethanol (bme)	1	1	MGN17-7.raw	ftp://ftp.pride.ebi.ac.uk/pride/data/archive/2024/01/PXD019633/MGN17-7.raw	v1.1.0	NT=ms-proteomics;VV=v1.1.0	NT=clinical-metadata;VV=v1.0.0	manual curation	blood
MGRA02-02	homo sapiens	blood	not applicable	rheumatoid arthritis	2	MGRA02-02	proteomic profiling by mass spectrometry	NT=Data-dependent acquisition;AC=PRIDE:0000627	NT=label free sample;AC=MS:1002038	NT=q exactive;AC=MS:1001911	NT=Carbamidomethyl;AC=UNIMOD:4;TA=C;MT=Fixed	NT=Oxidation;AC=UNIMOD:35;TA=M;MT=Variable	NT=Deamidated;AC=UNIMOD:7;TA=NQ;MT=Variable	NT=Dimethyl;AC=UNIMOD:36;TA=K;MT=Variable	NT=Trypsin;AC=MS:1001251	NT=collision-induced dissociation;AC=MS:1000133	0.01 Da	sds page	beta-mercaptoethanol (bme)	1	1	MGRA02-02.raw	ftp://ftp.pride.ebi.ac.uk/pride/data/archive/2024/01/PXD019633/MGRA02-02.raw	v1.1.0	NT=ms-proteomics;VV=v1.1.0	NT=clinical-metadata;VV=v1.0.0	manual curation	blood
MGRA04-05	homo sapiens	blood	not applicable	rheumatoid arthritis	5	MGRA04-05	proteomic profiling by mass spectrometry	NT=Data-dependent acquisition;AC=PRIDE:0000627	NT=label free sample;AC=MS:1002038	NT=q exactive;AC=MS:1001911	NT=Carbamidomethyl;AC=UNIMOD:4;TA=C;MT=Fixed	NT=Oxidation;AC=UNIMOD:35;TA=M;MT=Variable	NT=Deamidated;AC=UNIMOD:7;TA=NQ;MT=Variable	NT=Dimethyl;AC=UNIMOD:36;TA=K;MT=Variable	NT=Trypsin;AC=MS:1001251	NT=collision-induced dissociation;AC=MS:1000133	0.01 Da	sds page	beta-mercaptoethanol (bme)	1	1	MGRA04-05.raw	ftp://ftp.pride.ebi.ac.uk/pride/data/archive/2024/01/PXD019633/MGRA04-05.raw	v1.1.0	NT=ms-proteomics;VV=v1.1.0	NT=clinical-metadata;VV=v1.0.0	manual curation	blood
MG52-08	homo sapiens	blood	not applicable	rheumatoid arthritis	8	MG52-08	proteomic profiling by mass spectrometry	NT=Data-dependent acquisition;AC=PRIDE:0000627	NT=label free sample;AC=MS:1002038	NT=q exactive;AC=MS:1001911	NT=Carbamidomethyl;AC=UNIMOD:4;TA=C;MT=Fixed	NT=Oxidation;AC=UNIMOD:35;TA=M;MT=Variable	NT=Deamidated;AC=UNIMOD:7;TA=NQ;MT=Variable	NT=Dimethyl;AC=UNIMOD:36;TA=K;MT=Variable	NT=Trypsin;AC=MS:1001251	NT=collision-induced dissociation;AC=MS:1000133	0.01 Da	sds page	beta-mercaptoethanol (bme)	1	1	MG52-08.raw	ftp://ftp.pride.ebi.ac.uk/pride/data/archive/2024/01/PXD019633/MG52-08.raw	v1.1.0	NT=ms-proteomics;VV=v1.1.0	NT=clinical-metadata;VV=v1.0.0	manual curation	blood
MG51-14	homo sapiens	blood	not applicable	rheumatoid arthritis	14	MG51-14	proteomic profiling by mass spectrometry	NT=Data-dependent acquisition;AC=PRIDE:0000627	NT=label free sample;AC=MS:1002038	NT=q exactive;AC=MS:1001911	NT=Carbamidomethyl;AC=UNIMOD:4;TA=C;MT=Fixed	NT=Oxidation;AC=UNIMOD:35;TA=M;MT=Variable	NT=Deamidated;AC=UNIMOD:7;TA=NQ;MT=Variable	NT=Dimethyl;AC=UNIMOD:36;TA=K;MT=Variable	NT=Trypsin;AC=MS:1001251	NT=collision-induced dissociation;AC=MS:1000133	0.01 Da	sds page	beta-mercaptoethanol (bme)	1	1	MG51-14.raw	ftp://ftp.pride.ebi.ac.uk/pride/data/archive/2024/01/PXD019633/MG51-14.raw	v1.1.0	NT=ms-proteomics;VV=v1.1.0	NT=clinical-metadata;VV=v1.0.0	manual curation	blood
MG59-07	homo sapiens	blood	not applicable	rheumatoid arthritis	7	MG59-07	proteomic profiling by mass spectrometry	NT=Data-dependent acquisition;AC=PRIDE:0000627	NT=label free sample;AC=MS:1002038	NT=q exactive;AC=MS:1001911	NT=Carbamidomethyl;AC=UNIMOD:4;TA=C;MT=Fixed	NT=Oxidation;AC=UNIMOD:35;TA=M;MT=Variable	NT=Deamidated;AC=UNIMOD:7;TA=NQ;MT=Variable	NT=Dimethyl;AC=UNIMOD:36;TA=K;MT=Variable	NT=Trypsin;AC=MS:1001251	NT=collision-induced dissociation;AC=MS:1000133	0.01 Da	sds page	beta-mercaptoethanol (bme)	1	1	MG59-07.raw	ftp://ftp.pride.ebi.ac.uk/pride/data/archive/2024/01/PXD019633/MG59-07.raw	v1.1.0	NT=ms-proteomics;VV=v1.1.0	NT=clinical-metadata;VV=v1.0.0	manual curation	blood
MGRA02-10	homo sapiens	blood	not applicable	rheumatoid arthritis	10	MGRA02-10	proteomic profiling by mass spectrometry	NT=Data-dependent acquisition;AC=PRIDE:0000627	NT=label free sample;AC=MS:1002038	NT=q exactive;AC=MS:1001911	NT=Carbamidomethyl;AC=UNIMOD:4;TA=C;MT=Fixed	NT=Oxidation;AC=UNIMOD:35;TA=M;MT=Variable	NT=Deamidated;AC=UNIMOD:7;TA=NQ;MT=Variable	NT=Dimethyl;AC=UNIMOD:36;TA=K;MT=Variable	NT=Trypsin;AC=MS:1001251	NT=collision-induced dissociation;AC=MS:1000133	0.01 Da	sds page	beta-mercaptoethanol (bme)	1	1	MGRA02-10.raw	ftp://ftp.pride.ebi.ac.uk/pride/data/archive/2024/01/PXD019633/MGRA02-10.raw	v1.1.0	NT=ms-proteomics;VV=v1.1.0	NT=clinical-metadata;VV=v1.0.0	manual curation	blood
MGRA05-09	homo sapiens	blood	not applicable	rheumatoid arthritis	9	MGRA05-09	proteomic profiling by mass spectrometry	NT=Data-dependent acquisition;AC=PRIDE:0000627	NT=label free sample;AC=MS:1002038	NT=q exactive;AC=MS:1001911	NT=Carbamidomethyl;AC=UNIMOD:4;TA=C;MT=Fixed	NT=Oxidation;AC=UNIMOD:35;TA=M;MT=Variable	NT=Deamidated;AC=UNIMOD:7;TA=NQ;MT=Variable	NT=Dimethyl;AC=UNIMOD:36;TA=K;MT=Variable	NT=Trypsin;AC=MS:1001251	NT=collision-induced dissociation;AC=MS:1000133	0.01 Da	sds page	beta-mercaptoethanol (bme)	1	1	MGRA05-09.raw	ftp://ftp.pride.ebi.ac.uk/pride/data/archive/2024/01/PXD019633/MGRA05-09.raw	v1.1.0	NT=ms-proteomics;VV=v1.1.0	NT=clinical-metadata;VV=v1.0.0	manual curation	blood
MGN17-4	homo sapiens	blood	not applicable	rheumatoid arthritis	4	MGN17-4	proteomic profiling by mass spectrometry	NT=Data-dependent acquisition;AC=PRIDE:0000627	NT=label free sample;AC=MS:1002038	NT=q exactive;AC=MS:1001911	NT=Carbamidomethyl;AC=UNIMOD:4;TA=C;MT=Fixed	NT=Oxidation;AC=UNIMOD:35;TA=M;MT=Variable	NT=Deamidated;AC=UNIMOD:7;TA=NQ;MT=Variable	NT=Dimethyl;AC=UNIMOD:36;TA=K;MT=Variable	NT=Trypsin;AC=MS:1001251	NT=collision-induced dissociation;AC=MS:1000133	0.01 Da	sds page	beta-mercaptoethanol (bme)	1	1	MGN17-4.raw	ftp://ftp.pride.ebi.ac.uk/pride/data/archive/2024/01/PXD019633/MGN17-4.raw	v1.1.0	NT=ms-proteomics;VV=v1.1.0	NT=clinical-metadata;VV=v1.0.0	manual curation	blood
MG61-07	homo sapiens	blood	not applicable	rheumatoid arthritis	7	MG61-07	proteomic profiling by mass spectrometry	NT=Data-dependent acquisition;AC=PRIDE:0000627	NT=label free sample;AC=MS:1002038	NT=q exactive;AC=MS:1001911	NT=Carbamidomethyl;AC=UNIMOD:4;TA=C;MT=Fixed	NT=Oxidation;AC=UNIMOD:35;TA=M;MT=Variable	NT=Deamidated;AC=UNIMOD:7;TA=NQ;MT=Variable	NT=Dimethyl;AC=UNIMOD:36;TA=K;MT=Variable	NT=Trypsin;AC=MS:1001251	NT=collision-induced dissociation;AC=MS:1000133	0.01 Da	sds page	beta-mercaptoethanol (bme)	1	1	MG61-07.raw	ftp://ftp.pride.ebi.ac.uk/pride/data/archive/2024/01/PXD019633/MG61-07.raw	v1.1.0	NT=ms-proteomics;VV=v1.1.0	NT=clinical-metadata;VV=v1.0.0	manual curation	blood
MGN42-13	homo sapiens	blood	not applicable	rheumatoid arthritis	13	MGN42-13	proteomic profiling by mass spectrometry	NT=Data-dependent acquisition;AC=PRIDE:0000627	NT=label free sample;AC=MS:1002038	NT=q exactive;AC=MS:1001911	NT=Carbamidomethyl;AC=UNIMOD:4;TA=C;MT=Fixed	NT=Oxidation;AC=UNIMOD:35;TA=M;MT=Variable	NT=Deamidated;AC=UNIMOD:7;TA=NQ;MT=Variable	NT=Dimethyl;AC=UNIMOD:36;TA=K;MT=Variable	NT=Trypsin;AC=MS:1001251	NT=collision-induced dissociation;AC=MS:1000133	0.01 Da	sds page	beta-mercaptoethanol (bme)	1	1	MGN42-13.raw	ftp://ftp.pride.ebi.ac.uk/pride/data/archive/2024/01/PXD019633/MGN42-13.raw	v1.1.0	NT=ms-proteomics;VV=v1.1.0	NT=clinical-metadata;VV=v1.0.0	manual curation	blood
MG59-02	homo sapiens	blood	not applicable	rheumatoid arthritis	2	MG59-02	proteomic profiling by mass spectrometry	NT=Data-dependent acquisition;AC=PRIDE:0000627	NT=label free sample;AC=MS:1002038	NT=q exactive;AC=MS:1001911	NT=Carbamidomethyl;AC=UNIMOD:4;TA=C;MT=Fixed	NT=Oxidation;AC=UNIMOD:35;TA=M;MT=Variable	NT=Deamidated;AC=UNIMOD:7;TA=NQ;MT=Variable	NT=Dimethyl;AC=UNIMOD:36;TA=K;MT=Variable	NT=Trypsin;AC=MS:1001251	NT=collision-induced dissociation;AC=MS:1000133	0.01 Da	sds page	beta-mercaptoethanol (bme)	1	1	MG59-02.raw	ftp://ftp.pride.ebi.ac.uk/pride/data/archive/2024/01/PXD019633/MG59-02.raw	v1.1.0	NT=ms-proteomics;VV=v1.1.0	NT=clinical-metadata;VV=v1.0.0	manual curation	blood
MG61-03	homo sapiens	blood	not applicable	rheumatoid arthritis	3	MG61-03	proteomic profiling by mass spectrometry	NT=Data-dependent acquisition;AC=PRIDE:0000627	NT=label free sample;AC=MS:1002038	NT=q exactive;AC=MS:1001911	NT=Carbamidomethyl;AC=UNIMOD:4;TA=C;MT=Fixed	NT=Oxidation;AC=UNIMOD:35;TA=M;MT=Variable	NT=Deamidated;AC=UNIMOD:7;TA=NQ;MT=Variable	NT=Dimethyl;AC=UNIMOD:36;TA=K;MT=Variable	NT=Trypsin;AC=MS:1001251	NT=collision-induced dissociation;AC=MS:1000133	0.01 Da	sds page	beta-mercaptoethanol (bme)	1	1	MG61-03.raw	ftp://ftp.pride.ebi.ac.uk/pride/data/archive/2024/01/PXD019633/MG61-03.raw	v1.1.0	NT=ms-proteomics;VV=v1.1.0	NT=clinical-metadata;VV=v1.0.0	manual curation	blood
MGRA01-02	homo sapiens	blood	not applicable	rheumatoid arthritis	2	MGRA01-02	proteomic profiling by mass spectrometry	NT=Data-dependent acquisition;AC=PRIDE:0000627	NT=label free sample;AC=MS:1002038	NT=q exactive;AC=MS:1001911	NT=Carbamidomethyl;AC=UNIMOD:4;TA=C;MT=Fixed	NT=Oxidation;AC=UNIMOD:35;TA=M;MT=Variable	NT=Deamidated;AC=UNIMOD:7;TA=NQ;MT=Variable	NT=Dimethyl;AC=UNIMOD:36;TA=K;MT=Variable	NT=Trypsin;AC=MS:1001251	NT=collision-induced dissociation;AC=MS:1000133	0.01 Da	sds page	beta-mercaptoethanol (bme)	1	1	MGRA01-02.raw	ftp://ftp.pride.ebi.ac.uk/pride/data/archive/2024/01/PXD019633/MGRA01-02.raw	v1.1.0	NT=ms-proteomics;VV=v1.1.0	NT=clinical-metadata;VV=v1.0.0	manual curation	blood
MGRA03-07	homo sapiens	blood	not applicable	rheumatoid arthritis	7	MGRA03-07	proteomic profiling by mass spectrometry	NT=Data-dependent acquisition;AC=PRIDE:0000627	NT=label free sample;AC=MS:1002038	NT=q exactive;AC=MS:1001911	NT=Carbamidomethyl;AC=UNIMOD:4;TA=C;MT=Fixed	NT=Oxidation;AC=UNIMOD:35;TA=M;MT=Variable	NT=Deamidated;AC=UNIMOD:7;TA=NQ;MT=Variable	NT=Dimethyl;AC=UNIMOD:36;TA=K;MT=Variable	NT=Trypsin;AC=MS:1001251	NT=collision-induced dissociation;AC=MS:1000133	0.01 Da	sds page	beta-mercaptoethanol (bme)	1	1	MGRA03-07.raw	ftp://ftp.pride.ebi.ac.uk/pride/data/archive/2024/01/PXD019633/MGRA03-07.raw	v1.1.0	NT=ms-proteomics;VV=v1.1.0	NT=clinical-metadata;VV=v1.0.0	manual curation	blood
MGRA01-11	homo sapiens	blood	not applicable	rheumatoid arthritis	11	MGRA01-11	proteomic profiling by mass spectrometry	NT=Data-dependent acquisition;AC=PRIDE:0000627	NT=label free sample;AC=MS:1002038	NT=q exactive;AC=MS:1001911	NT=Carbamidomethyl;AC=UNIMOD:4;TA=C;MT=Fixed	NT=Oxidation;AC=UNIMOD:35;TA=M;MT=Variable	NT=Deamidated;AC=UNIMOD:7;TA=NQ;MT=Variable	NT=Dimethyl;AC=UNIMOD:36;TA=K;MT=Variable	NT=Trypsin;AC=MS:1001251	NT=collision-induced dissociation;AC=MS:1000133	0.01 Da	sds page	beta-mercaptoethanol (bme)	1	1	MGRA01-11.raw	ftp://ftp.pride.ebi.ac.uk/pride/data/archive/2024/01/PXD019633/MGRA01-11.raw	v1.1.0	NT=ms-proteomics;VV=v1.1.0	NT=clinical-metadata;VV=v1.0.0	manual curation	blood
MG60-08	homo sapiens	blood	not applicable	rheumatoid arthritis	8	MG60-08	proteomic profiling by mass spectrometry	NT=Data-dependent acquisition;AC=PRIDE:0000627	NT=label free sample;AC=MS:1002038	NT=q exactive;AC=MS:1001911	NT=Carbamidomethyl;AC=UNIMOD:4;TA=C;MT=Fixed	NT=Oxidation;AC=UNIMOD:35;TA=M;MT=Variable	NT=Deamidated;AC=UNIMOD:7;TA=NQ;MT=Variable	NT=Dimethyl;AC=UNIMOD:36;TA=K;MT=Variable	NT=Trypsin;AC=MS:1001251	NT=collision-induced dissociation;AC=MS:1000133	0.01 Da	sds page	beta-mercaptoethanol (bme)	1	1	MG60-08.raw	ftp://ftp.pride.ebi.ac.uk/pride/data/archive/2024/01/PXD019633/MG60-08.raw	v1.1.0	NT=ms-proteomics;VV=v1.1.0	NT=clinical-metadata;VV=v1.0.0	manual curation	blood
MG59-09	homo sapiens	blood	not applicable	rheumatoid arthritis	9	MG59-09	proteomic profiling by mass spectrometry	NT=Data-dependent acquisition;AC=PRIDE:0000627	NT=label free sample;AC=MS:1002038	NT=q exactive;AC=MS:1001911	NT=Carbamidomethyl;AC=UNIMOD:4;TA=C;MT=Fixed	NT=Oxidation;AC=UNIMOD:35;TA=M;MT=Variable	NT=Deamidated;AC=UNIMOD:7;TA=NQ;MT=Variable	NT=Dimethyl;AC=UNIMOD:36;TA=K;MT=Variable	NT=Trypsin;AC=MS:1001251	NT=collision-induced dissociation;AC=MS:1000133	0.01 Da	sds page	beta-mercaptoethanol (bme)	1	1	MG59-09.raw	ftp://ftp.pride.ebi.ac.uk/pride/data/archive/2024/01/PXD019633/MG59-09.raw	v1.1.0	NT=ms-proteomics;VV=v1.1.0	NT=clinical-metadata;VV=v1.0.0	manual curation	blood
MG52-02	homo sapiens	blood	not applicable	rheumatoid arthritis	2	MG52-02	proteomic profiling by mass spectrometry	NT=Data-dependent acquisition;AC=PRIDE:0000627	NT=label free sample;AC=MS:1002038	NT=q exactive;AC=MS:1001911	NT=Carbamidomethyl;AC=UNIMOD:4;TA=C;MT=Fixed	NT=Oxidation;AC=UNIMOD:35;TA=M;MT=Variable	NT=Deamidated;AC=UNIMOD:7;TA=NQ;MT=Variable	NT=Dimethyl;AC=UNIMOD:36;TA=K;MT=Variable	NT=Trypsin;AC=MS:1001251	NT=collision-induced dissociation;AC=MS:1000133	0.01 Da	sds page	beta-mercaptoethanol (bme)	1	1	MG52-02.raw	ftp://ftp.pride.ebi.ac.uk/pride/data/archive/2024/01/PXD019633/MG52-02.raw	v1.1.0	NT=ms-proteomics;VV=v1.1.0	NT=clinical-metadata;VV=v1.0.0	manual curation	blood
MGRA02-09	homo sapiens	blood	not applicable	rheumatoid arthritis	9	MGRA02-09	proteomic profiling by mass spectrometry	NT=Data-dependent acquisition;AC=PRIDE:0000627	NT=label free sample;AC=MS:1002038	NT=q exactive;AC=MS:1001911	NT=Carbamidomethyl;AC=UNIMOD:4;TA=C;MT=Fixed	NT=Oxidation;AC=UNIMOD:35;TA=M;MT=Variable	NT=Deamidated;AC=UNIMOD:7;TA=NQ;MT=Variable	NT=Dimethyl;AC=UNIMOD:36;TA=K;MT=Variable	NT=Trypsin;AC=MS:1001251	NT=collision-induced dissociation;AC=MS:1000133	0.01 Da	sds page	beta-mercaptoethanol (bme)	1	1	MGRA02-09.raw	ftp://ftp.pride.ebi.ac.uk/pride/data/archive/2024/01/PXD019633/MGRA02-09.raw	v1.1.0	NT=ms-proteomics;VV=v1.1.0	NT=clinical-metadata;VV=v1.0.0	manual curation	blood
MG60-07	homo sapiens	blood	not applicable	rheumatoid arthritis	7	MG60-07	proteomic profiling by mass spectrometry	NT=Data-dependent acquisition;AC=PRIDE:0000627	NT=label free sample;AC=MS:1002038	NT=q exactive;AC=MS:1001911	NT=Carbamidomethyl;AC=UNIMOD:4;TA=C;MT=Fixed	NT=Oxidation;AC=UNIMOD:35;TA=M;MT=Variable	NT=Deamidated;AC=UNIMOD:7;TA=NQ;MT=Variable	NT=Dimethyl;AC=UNIMOD:36;TA=K;MT=Variable	NT=Trypsin;AC=MS:1001251	NT=collision-induced dissociation;AC=MS:1000133	0.01 Da	sds page	beta-mercaptoethanol (bme)	1	1	MG60-07.raw	ftp://ftp.pride.ebi.ac.uk/pride/data/archive/2024/01/PXD019633/MG60-07.raw	v1.1.0	NT=ms-proteomics;VV=v1.1.0	NT=clinical-metadata;VV=v1.0.0	manual curation	blood
MGRA04-03	homo sapiens	blood	not applicable	rheumatoid arthritis	3	MGRA04-03	proteomic profiling by mass spectrometry	NT=Data-dependent acquisition;AC=PRIDE:0000627	NT=label free sample;AC=MS:1002038	NT=q exactive;AC=MS:1001911	NT=Carbamidomethyl;AC=UNIMOD:4;TA=C;MT=Fixed	NT=Oxidation;AC=UNIMOD:35;TA=M;MT=Variable	NT=Deamidated;AC=UNIMOD:7;TA=NQ;MT=Variable	NT=Dimethyl;AC=UNIMOD:36;TA=K;MT=Variable	NT=Trypsin;AC=MS:1001251	NT=collision-induced dissociation;AC=MS:1000133	0.01 Da	sds page	beta-mercaptoethanol (bme)	1	1	MGRA04-03.raw	ftp://ftp.pride.ebi.ac.uk/pride/data/archive/2024/01/PXD019633/MGRA04-03.raw	v1.1.0	NT=ms-proteomics;VV=v1.1.0	NT=clinical-metadata;VV=v1.0.0	manual curation	blood
MGN07-9	homo sapiens	blood	not applicable	rheumatoid arthritis	9	MGN07-9	proteomic profiling by mass spectrometry	NT=Data-dependent acquisition;AC=PRIDE:0000627	NT=label free sample;AC=MS:1002038	NT=q exactive;AC=MS:1001911	NT=Carbamidomethyl;AC=UNIMOD:4;TA=C;MT=Fixed	NT=Oxidation;AC=UNIMOD:35;TA=M;MT=Variable	NT=Deamidated;AC=UNIMOD:7;TA=NQ;MT=Variable	NT=Dimethyl;AC=UNIMOD:36;TA=K;MT=Variable	NT=Trypsin;AC=MS:1001251	NT=collision-induced dissociation;AC=MS:1000133	0.01 Da	sds page	beta-mercaptoethanol (bme)	1	1	MGN07-9.raw	ftp://ftp.pride.ebi.ac.uk/pride/data/archive/2024/01/PXD019633/MGN07-9.raw	v1.1.0	NT=ms-proteomics;VV=v1.1.0	NT=clinical-metadata;VV=v1.0.0	manual curation	blood
MGN42-10	homo sapiens	blood	not applicable	rheumatoid arthritis	10	MGN42-10	proteomic profiling by mass spectrometry	NT=Data-dependent acquisition;AC=PRIDE:0000627	NT=label free sample;AC=MS:1002038	NT=q exactive;AC=MS:1001911	NT=Carbamidomethyl;AC=UNIMOD:4;TA=C;MT=Fixed	NT=Oxidation;AC=UNIMOD:35;TA=M;MT=Variable	NT=Deamidated;AC=UNIMOD:7;TA=NQ;MT=Variable	NT=Dimethyl;AC=UNIMOD:36;TA=K;MT=Variable	NT=Trypsin;AC=MS:1001251	NT=collision-induced dissociation;AC=MS:1000133	0.01 Da	sds page	beta-mercaptoethanol (bme)	1	1	MGN42-10.raw	ftp://ftp.pride.ebi.ac.uk/pride/data/archive/2024/01/PXD019633/MGN42-10.raw	v1.1.0	NT=ms-proteomics;VV=v1.1.0	NT=clinical-metadata;VV=v1.0.0	manual curation	blood
MGRA02-03	homo sapiens	blood	not applicable	rheumatoid arthritis	3	MGRA02-03	proteomic profiling by mass spectrometry	NT=Data-dependent acquisition;AC=PRIDE:0000627	NT=label free sample;AC=MS:1002038	NT=q exactive;AC=MS:1001911	NT=Carbamidomethyl;AC=UNIMOD:4;TA=C;MT=Fixed	NT=Oxidation;AC=UNIMOD:35;TA=M;MT=Variable	NT=Deamidated;AC=UNIMOD:7;TA=NQ;MT=Variable	NT=Dimethyl;AC=UNIMOD:36;TA=K;MT=Variable	NT=Trypsin;AC=MS:1001251	NT=collision-induced dissociation;AC=MS:1000133	0.01 Da	sds page	beta-mercaptoethanol (bme)	1	1	MGRA02-03.raw	ftp://ftp.pride.ebi.ac.uk/pride/data/archive/2024/01/PXD019633/MGRA02-03.raw	v1.1.0	NT=ms-proteomics;VV=v1.1.0	NT=clinical-metadata;VV=v1.0.0	manual curation	blood
MGN41-07	homo sapiens	blood	not applicable	rheumatoid arthritis	7	MGN41-07	proteomic profiling by mass spectrometry	NT=Data-dependent acquisition;AC=PRIDE:0000627	NT=label free sample;AC=MS:1002038	NT=q exactive;AC=MS:1001911	NT=Carbamidomethyl;AC=UNIMOD:4;TA=C;MT=Fixed	NT=Oxidation;AC=UNIMOD:35;TA=M;MT=Variable	NT=Deamidated;AC=UNIMOD:7;TA=NQ;MT=Variable	NT=Dimethyl;AC=UNIMOD:36;TA=K;MT=Variable	NT=Trypsin;AC=MS:1001251	NT=collision-induced dissociation;AC=MS:1000133	0.01 Da	sds page	beta-mercaptoethanol (bme)	1	1	MGN41-07.raw	ftp://ftp.pride.ebi.ac.uk/pride/data/archive/2024/01/PXD019633/MGN41-07.raw	v1.1.0	NT=ms-proteomics;VV=v1.1.0	NT=clinical-metadata;VV=v1.0.0	manual curation	blood
MGRA02-04	homo sapiens	blood	not applicable	rheumatoid arthritis	4	MGRA02-04	proteomic profiling by mass spectrometry	NT=Data-dependent acquisition;AC=PRIDE:0000627	NT=label free sample;AC=MS:1002038	NT=q exactive;AC=MS:1001911	NT=Carbamidomethyl;AC=UNIMOD:4;TA=C;MT=Fixed	NT=Oxidation;AC=UNIMOD:35;TA=M;MT=Variable	NT=Deamidated;AC=UNIMOD:7;TA=NQ;MT=Variable	NT=Dimethyl;AC=UNIMOD:36;TA=K;MT=Variable	NT=Trypsin;AC=MS:1001251	NT=collision-induced dissociation;AC=MS:1000133	0.01 Da	sds page	beta-mercaptoethanol (bme)	1	1	MGRA02-04.raw	ftp://ftp.pride.ebi.ac.uk/pride/data/archive/2024/01/PXD019633/MGRA02-04.raw	v1.1.0	NT=ms-proteomics;VV=v1.1.0	NT=clinical-metadata;VV=v1.0.0	manual curation	blood
MGRA03-03	homo sapiens	blood	not applicable	rheumatoid arthritis	3	MGRA03-03	proteomic profiling by mass spectrometry	NT=Data-dependent acquisition;AC=PRIDE:0000627	NT=label free sample;AC=MS:1002038	NT=q exactive;AC=MS:1001911	NT=Carbamidomethyl;AC=UNIMOD:4;TA=C;MT=Fixed	NT=Oxidation;AC=UNIMOD:35;TA=M;MT=Variable	NT=Deamidated;AC=UNIMOD:7;TA=NQ;MT=Variable	NT=Dimethyl;AC=UNIMOD:36;TA=K;MT=Variable	NT=Trypsin;AC=MS:1001251	NT=collision-induced dissociation;AC=MS:1000133	0.01 Da	sds page	beta-mercaptoethanol (bme)	1	1	MGRA03-03.raw	ftp://ftp.pride.ebi.ac.uk/pride/data/archive/2024/01/PXD019633/MGRA03-03.raw	v1.1.0	NT=ms-proteomics;VV=v1.1.0	NT=clinical-metadata;VV=v1.0.0	manual curation	blood
MG03-10	homo sapiens	blood	not applicable	rheumatoid arthritis	10	MG03-10	proteomic profiling by mass spectrometry	NT=Data-dependent acquisition;AC=PRIDE:0000627	NT=label free sample;AC=MS:1002038	NT=q exactive;AC=MS:1001911	NT=Carbamidomethyl;AC=UNIMOD:4;TA=C;MT=Fixed	NT=Oxidation;AC=UNIMOD:35;TA=M;MT=Variable	NT=Deamidated;AC=UNIMOD:7;TA=NQ;MT=Variable	NT=Dimethyl;AC=UNIMOD:36;TA=K;MT=Variable	NT=Trypsin;AC=MS:1001251	NT=collision-induced dissociation;AC=MS:1000133	0.01 Da	sds page	beta-mercaptoethanol (bme)	1	1	MG03-10.raw	ftp://ftp.pride.ebi.ac.uk/pride/data/archive/2024/01/PXD019633/MG03-10.raw	v1.1.0	NT=ms-proteomics;VV=v1.1.0	NT=clinical-metadata;VV=v1.0.0	manual curation	blood
MGN17-1	homo sapiens	blood	not applicable	rheumatoid arthritis	1	MGN17-1	proteomic profiling by mass spectrometry	NT=Data-dependent acquisition;AC=PRIDE:0000627	NT=label free sample;AC=MS:1002038	NT=q exactive;AC=MS:1001911	NT=Carbamidomethyl;AC=UNIMOD:4;TA=C;MT=Fixed	NT=Oxidation;AC=UNIMOD:35;TA=M;MT=Variable	NT=Deamidated;AC=UNIMOD:7;TA=NQ;MT=Variable	NT=Dimethyl;AC=UNIMOD:36;TA=K;MT=Variable	NT=Trypsin;AC=MS:1001251	NT=collision-induced dissociation;AC=MS:1000133	0.01 Da	sds page	beta-mercaptoethanol (bme)	1	1	MGN17-1.raw	ftp://ftp.pride.ebi.ac.uk/pride/data/archive/2024/01/PXD019633/MGN17-1.raw	v1.1.0	NT=ms-proteomics;VV=v1.1.0	NT=clinical-metadata;VV=v1.0.0	manual curation	blood
MGRA01-12	homo sapiens	blood	not applicable	rheumatoid arthritis	12	MGRA01-12	proteomic profiling by mass spectrometry	NT=Data-dependent acquisition;AC=PRIDE:0000627	NT=label free sample;AC=MS:1002038	NT=q exactive;AC=MS:1001911	NT=Carbamidomethyl;AC=UNIMOD:4;TA=C;MT=Fixed	NT=Oxidation;AC=UNIMOD:35;TA=M;MT=Variable	NT=Deamidated;AC=UNIMOD:7;TA=NQ;MT=Variable	NT=Dimethyl;AC=UNIMOD:36;TA=K;MT=Variable	NT=Trypsin;AC=MS:1001251	NT=collision-induced dissociation;AC=MS:1000133	0.01 Da	sds page	beta-mercaptoethanol (bme)	1	1	MGRA01-12.raw	ftp://ftp.pride.ebi.ac.uk/pride/data/archive/2024/01/PXD019633/MGRA01-12.raw	v1.1.0	NT=ms-proteomics;VV=v1.1.0	NT=clinical-metadata;VV=v1.0.0	manual curation	blood
MGN43-09	homo sapiens	blood	not applicable	rheumatoid arthritis	9	MGN43-09	proteomic profiling by mass spectrometry	NT=Data-dependent acquisition;AC=PRIDE:0000627	NT=label free sample;AC=MS:1002038	NT=q exactive;AC=MS:1001911	NT=Carbamidomethyl;AC=UNIMOD:4;TA=C;MT=Fixed	NT=Oxidation;AC=UNIMOD:35;TA=M;MT=Variable	NT=Deamidated;AC=UNIMOD:7;TA=NQ;MT=Variable	NT=Dimethyl;AC=UNIMOD:36;TA=K;MT=Variable	NT=Trypsin;AC=MS:1001251	NT=collision-induced dissociation;AC=MS:1000133	0.01 Da	sds page	beta-mercaptoethanol (bme)	1	1	MGN43-09.raw	ftp://ftp.pride.ebi.ac.uk/pride/data/archive/2024/01/PXD019633/MGN43-09.raw	v1.1.0	NT=ms-proteomics;VV=v1.1.0	NT=clinical-metadata;VV=v1.0.0	manual curation	blood
MG03-07	homo sapiens	blood	not applicable	rheumatoid arthritis	7	MG03-07	proteomic profiling by mass spectrometry	NT=Data-dependent acquisition;AC=PRIDE:0000627	NT=label free sample;AC=MS:1002038	NT=q exactive;AC=MS:1001911	NT=Carbamidomethyl;AC=UNIMOD:4;TA=C;MT=Fixed	NT=Oxidation;AC=UNIMOD:35;TA=M;MT=Variable	NT=Deamidated;AC=UNIMOD:7;TA=NQ;MT=Variable	NT=Dimethyl;AC=UNIMOD:36;TA=K;MT=Variable	NT=Trypsin;AC=MS:1001251	NT=collision-induced dissociation;AC=MS:1000133	0.01 Da	sds page	beta-mercaptoethanol (bme)	1	1	MG03-07.raw	ftp://ftp.pride.ebi.ac.uk/pride/data/archive/2024/01/PXD019633/MG03-07.raw	v1.1.0	NT=ms-proteomics;VV=v1.1.0	NT=clinical-metadata;VV=v1.0.0	manual curation	blood
MG52-10	homo sapiens	blood	not applicable	rheumatoid arthritis	10	MG52-10	proteomic profiling by mass spectrometry	NT=Data-dependent acquisition;AC=PRIDE:0000627	NT=label free sample;AC=MS:1002038	NT=q exactive;AC=MS:1001911	NT=Carbamidomethyl;AC=UNIMOD:4;TA=C;MT=Fixed	NT=Oxidation;AC=UNIMOD:35;TA=M;MT=Variable	NT=Deamidated;AC=UNIMOD:7;TA=NQ;MT=Variable	NT=Dimethyl;AC=UNIMOD:36;TA=K;MT=Variable	NT=Trypsin;AC=MS:1001251	NT=collision-induced dissociation;AC=MS:1000133	0.01 Da	sds page	beta-mercaptoethanol (bme)	1	1	MG52-10.raw	ftp://ftp.pride.ebi.ac.uk/pride/data/archive/2024/01/PXD019633/MG52-10.raw	v1.1.0	NT=ms-proteomics;VV=v1.1.0	NT=clinical-metadata;VV=v1.0.0	manual curation	blood
MGRA04-12	homo sapiens	blood	not applicable	rheumatoid arthritis	12	MGRA04-12	proteomic profiling by mass spectrometry	NT=Data-dependent acquisition;AC=PRIDE:0000627	NT=label free sample;AC=MS:1002038	NT=q exactive;AC=MS:1001911	NT=Carbamidomethyl;AC=UNIMOD:4;TA=C;MT=Fixed	NT=Oxidation;AC=UNIMOD:35;TA=M;MT=Variable	NT=Deamidated;AC=UNIMOD:7;TA=NQ;MT=Variable	NT=Dimethyl;AC=UNIMOD:36;TA=K;MT=Variable	NT=Trypsin;AC=MS:1001251	NT=collision-induced dissociation;AC=MS:1000133	0.01 Da	sds page	beta-mercaptoethanol (bme)	1	1	MGRA04-12.raw	ftp://ftp.pride.ebi.ac.uk/pride/data/archive/2024/01/PXD019633/MGRA04-12.raw	v1.1.0	NT=ms-proteomics;VV=v1.1.0	NT=clinical-metadata;VV=v1.0.0	manual curation	blood
MGN41-05	homo sapiens	blood	not applicable	rheumatoid arthritis	5	MGN41-05	proteomic profiling by mass spectrometry	NT=Data-dependent acquisition;AC=PRIDE:0000627	NT=label free sample;AC=MS:1002038	NT=q exactive;AC=MS:1001911	NT=Carbamidomethyl;AC=UNIMOD:4;TA=C;MT=Fixed	NT=Oxidation;AC=UNIMOD:35;TA=M;MT=Variable	NT=Deamidated;AC=UNIMOD:7;TA=NQ;MT=Variable	NT=Dimethyl;AC=UNIMOD:36;TA=K;MT=Variable	NT=Trypsin;AC=MS:1001251	NT=collision-induced dissociation;AC=MS:1000133	0.01 Da	sds page	beta-mercaptoethanol (bme)	1	1	MGN41-05.raw	ftp://ftp.pride.ebi.ac.uk/pride/data/archive/2024/01/PXD019633/MGN41-05.raw	v1.1.0	NT=ms-proteomics;VV=v1.1.0	NT=clinical-metadata;VV=v1.0.0	manual curation	blood
MG51-13	homo sapiens	blood	not applicable	rheumatoid arthritis	13	MG51-13	proteomic profiling by mass spectrometry	NT=Data-dependent acquisition;AC=PRIDE:0000627	NT=label free sample;AC=MS:1002038	NT=q exactive;AC=MS:1001911	NT=Carbamidomethyl;AC=UNIMOD:4;TA=C;MT=Fixed	NT=Oxidation;AC=UNIMOD:35;TA=M;MT=Variable	NT=Deamidated;AC=UNIMOD:7;TA=NQ;MT=Variable	NT=Dimethyl;AC=UNIMOD:36;TA=K;MT=Variable	NT=Trypsin;AC=MS:1001251	NT=collision-induced dissociation;AC=MS:1000133	0.01 Da	sds page	beta-mercaptoethanol (bme)	1	1	MG51-13.raw	ftp://ftp.pride.ebi.ac.uk/pride/data/archive/2024/01/PXD019633/MG51-13.raw	v1.1.0	NT=ms-proteomics;VV=v1.1.0	NT=clinical-metadata;VV=v1.0.0	manual curation	blood
MG61-13	homo sapiens	blood	not applicable	rheumatoid arthritis	13	MG61-13	proteomic profiling by mass spectrometry	NT=Data-dependent acquisition;AC=PRIDE:0000627	NT=label free sample;AC=MS:1002038	NT=q exactive;AC=MS:1001911	NT=Carbamidomethyl;AC=UNIMOD:4;TA=C;MT=Fixed	NT=Oxidation;AC=UNIMOD:35;TA=M;MT=Variable	NT=Deamidated;AC=UNIMOD:7;TA=NQ;MT=Variable	NT=Dimethyl;AC=UNIMOD:36;TA=K;MT=Variable	NT=Trypsin;AC=MS:1001251	NT=collision-induced dissociation;AC=MS:1000133	0.01 Da	sds page	beta-mercaptoethanol (bme)	1	1	MG61-13.raw	ftp://ftp.pride.ebi.ac.uk/pride/data/archive/2024/01/PXD019633/MG61-13.raw	v1.1.0	NT=ms-proteomics;VV=v1.1.0	NT=clinical-metadata;VV=v1.0.0	manual curation	blood
MGN17-11	homo sapiens	blood	not applicable	rheumatoid arthritis	11	MGN17-11	proteomic profiling by mass spectrometry	NT=Data-dependent acquisition;AC=PRIDE:0000627	NT=label free sample;AC=MS:1002038	NT=q exactive;AC=MS:1001911	NT=Carbamidomethyl;AC=UNIMOD:4;TA=C;MT=Fixed	NT=Oxidation;AC=UNIMOD:35;TA=M;MT=Variable	NT=Deamidated;AC=UNIMOD:7;TA=NQ;MT=Variable	NT=Dimethyl;AC=UNIMOD:36;TA=K;MT=Variable	NT=Trypsin;AC=MS:1001251	NT=collision-induced dissociation;AC=MS:1000133	0.01 Da	sds page	beta-mercaptoethanol (bme)	1	1	MGN17-11.raw	ftp://ftp.pride.ebi.ac.uk/pride/data/archive/2024/01/PXD019633/MGN17-11.raw	v1.1.0	NT=ms-proteomics;VV=v1.1.0	NT=clinical-metadata;VV=v1.0.0	manual curation	blood
MGRA02-07	homo sapiens	blood	not applicable	rheumatoid arthritis	7	MGRA02-07	proteomic profiling by mass spectrometry	NT=Data-dependent acquisition;AC=PRIDE:0000627	NT=label free sample;AC=MS:1002038	NT=q exactive;AC=MS:1001911	NT=Carbamidomethyl;AC=UNIMOD:4;TA=C;MT=Fixed	NT=Oxidation;AC=UNIMOD:35;TA=M;MT=Variable	NT=Deamidated;AC=UNIMOD:7;TA=NQ;MT=Variable	NT=Dimethyl;AC=UNIMOD:36;TA=K;MT=Variable	NT=Trypsin;AC=MS:1001251	NT=collision-induced dissociation;AC=MS:1000133	0.01 Da	sds page	beta-mercaptoethanol (bme)	1	1	MGRA02-07.raw	ftp://ftp.pride.ebi.ac.uk/pride/data/archive/2024/01/PXD019633/MGRA02-07.raw	v1.1.0	NT=ms-proteomics;VV=v1.1.0	NT=clinical-metadata;VV=v1.0.0	manual curation	blood
MGN41-08	homo sapiens	blood	not applicable	rheumatoid arthritis	8	MGN41-08	proteomic profiling by mass spectrometry	NT=Data-dependent acquisition;AC=PRIDE:0000627	NT=label free sample;AC=MS:1002038	NT=q exactive;AC=MS:1001911	NT=Carbamidomethyl;AC=UNIMOD:4;TA=C;MT=Fixed	NT=Oxidation;AC=UNIMOD:35;TA=M;MT=Variable	NT=Deamidated;AC=UNIMOD:7;TA=NQ;MT=Variable	NT=Dimethyl;AC=UNIMOD:36;TA=K;MT=Variable	NT=Trypsin;AC=MS:1001251	NT=collision-induced dissociation;AC=MS:1000133	0.01 Da	sds page	beta-mercaptoethanol (bme)	1	1	MGN41-08.raw	ftp://ftp.pride.ebi.ac.uk/pride/data/archive/2024/01/PXD019633/MGN41-08.raw	v1.1.0	NT=ms-proteomics;VV=v1.1.0	NT=clinical-metadata;VV=v1.0.0	manual curation	blood
MGRA05-05	homo sapiens	blood	not applicable	rheumatoid arthritis	5	MGRA05-05	proteomic profiling by mass spectrometry	NT=Data-dependent acquisition;AC=PRIDE:0000627	NT=label free sample;AC=MS:1002038	NT=q exactive;AC=MS:1001911	NT=Carbamidomethyl;AC=UNIMOD:4;TA=C;MT=Fixed	NT=Oxidation;AC=UNIMOD:35;TA=M;MT=Variable	NT=Deamidated;AC=UNIMOD:7;TA=NQ;MT=Variable	NT=Dimethyl;AC=UNIMOD:36;TA=K;MT=Variable	NT=Trypsin;AC=MS:1001251	NT=collision-induced dissociation;AC=MS:1000133	0.01 Da	sds page	beta-mercaptoethanol (bme)	1	1	MGRA05-05.raw	ftp://ftp.pride.ebi.ac.uk/pride/data/archive/2024/01/PXD019633/MGRA05-05.raw	v1.1.0	NT=ms-proteomics;VV=v1.1.0	NT=clinical-metadata;VV=v1.0.0	manual curation	blood
MGN07-3	homo sapiens	blood	not applicable	rheumatoid arthritis	3	MGN07-3	proteomic profiling by mass spectrometry	NT=Data-dependent acquisition;AC=PRIDE:0000627	NT=label free sample;AC=MS:1002038	NT=q exactive;AC=MS:1001911	NT=Carbamidomethyl;AC=UNIMOD:4;TA=C;MT=Fixed	NT=Oxidation;AC=UNIMOD:35;TA=M;MT=Variable	NT=Deamidated;AC=UNIMOD:7;TA=NQ;MT=Variable	NT=Dimethyl;AC=UNIMOD:36;TA=K;MT=Variable	NT=Trypsin;AC=MS:1001251	NT=collision-induced dissociation;AC=MS:1000133	0.01 Da	sds page	beta-mercaptoethanol (bme)	1	1	MGN07-3.raw	ftp://ftp.pride.ebi.ac.uk/pride/data/archive/2024/01/PXD019633/MGN07-3.raw	v1.1.0	NT=ms-proteomics;VV=v1.1.0	NT=clinical-metadata;VV=v1.0.0	manual curation	blood
MGRA02-13	homo sapiens	blood	not applicable	rheumatoid arthritis	13	MGRA02-13	proteomic profiling by mass spectrometry	NT=Data-dependent acquisition;AC=PRIDE:0000627	NT=label free sample;AC=MS:1002038	NT=q exactive;AC=MS:1001911	NT=Carbamidomethyl;AC=UNIMOD:4;TA=C;MT=Fixed	NT=Oxidation;AC=UNIMOD:35;TA=M;MT=Variable	NT=Deamidated;AC=UNIMOD:7;TA=NQ;MT=Variable	NT=Dimethyl;AC=UNIMOD:36;TA=K;MT=Variable	NT=Trypsin;AC=MS:1001251	NT=collision-induced dissociation;AC=MS:1000133	0.01 Da	sds page	beta-mercaptoethanol (bme)	1	1	MGRA02-13.raw	ftp://ftp.pride.ebi.ac.uk/pride/data/archive/2024/01/PXD019633/MGRA02-13.raw	v1.1.0	NT=ms-proteomics;VV=v1.1.0	NT=clinical-metadata;VV=v1.0.0	manual curation	blood
MGN41-01	homo sapiens	blood	not applicable	rheumatoid arthritis	1	MGN41-01	proteomic profiling by mass spectrometry	NT=Data-dependent acquisition;AC=PRIDE:0000627	NT=label free sample;AC=MS:1002038	NT=q exactive;AC=MS:1001911	NT=Carbamidomethyl;AC=UNIMOD:4;TA=C;MT=Fixed	NT=Oxidation;AC=UNIMOD:35;TA=M;MT=Variable	NT=Deamidated;AC=UNIMOD:7;TA=NQ;MT=Variable	NT=Dimethyl;AC=UNIMOD:36;TA=K;MT=Variable	NT=Trypsin;AC=MS:1001251	NT=collision-induced dissociation;AC=MS:1000133	0.01 Da	sds page	beta-mercaptoethanol (bme)	1	1	MGN41-01.raw	ftp://ftp.pride.ebi.ac.uk/pride/data/archive/2024/01/PXD019633/MGN41-01.raw	v1.1.0	NT=ms-proteomics;VV=v1.1.0	NT=clinical-metadata;VV=v1.0.0	manual curation	blood
MGRA05-03	homo sapiens	blood	not applicable	rheumatoid arthritis	3	MGRA05-03	proteomic profiling by mass spectrometry	NT=Data-dependent acquisition;AC=PRIDE:0000627	NT=label free sample;AC=MS:1002038	NT=q exactive;AC=MS:1001911	NT=Carbamidomethyl;AC=UNIMOD:4;TA=C;MT=Fixed	NT=Oxidation;AC=UNIMOD:35;TA=M;MT=Variable	NT=Deamidated;AC=UNIMOD:7;TA=NQ;MT=Variable	NT=Dimethyl;AC=UNIMOD:36;TA=K;MT=Variable	NT=Trypsin;AC=MS:1001251	NT=collision-induced dissociation;AC=MS:1000133	0.01 Da	sds page	beta-mercaptoethanol (bme)	1	1	MGRA05-03.raw	ftp://ftp.pride.ebi.ac.uk/pride/data/archive/2024/01/PXD019633/MGRA05-03.raw	v1.1.0	NT=ms-proteomics;VV=v1.1.0	NT=clinical-metadata;VV=v1.0.0	manual curation	blood
MGRA06-04	homo sapiens	blood	not applicable	rheumatoid arthritis	4	MGRA06-04	proteomic profiling by mass spectrometry	NT=Data-dependent acquisition;AC=PRIDE:0000627	NT=label free sample;AC=MS:1002038	NT=q exactive;AC=MS:1001911	NT=Carbamidomethyl;AC=UNIMOD:4;TA=C;MT=Fixed	NT=Oxidation;AC=UNIMOD:35;TA=M;MT=Variable	NT=Deamidated;AC=UNIMOD:7;TA=NQ;MT=Variable	NT=Dimethyl;AC=UNIMOD:36;TA=K;MT=Variable	NT=Trypsin;AC=MS:1001251	NT=collision-induced dissociation;AC=MS:1000133	0.01 Da	sds page	beta-mercaptoethanol (bme)	1	1	MGRA06-04.raw	ftp://ftp.pride.ebi.ac.uk/pride/data/archive/2024/01/PXD019633/MGRA06-04.raw	v1.1.0	NT=ms-proteomics;VV=v1.1.0	NT=clinical-metadata;VV=v1.0.0	manual curation	blood
MG60-09	homo sapiens	blood	not applicable	rheumatoid arthritis	9	MG60-09	proteomic profiling by mass spectrometry	NT=Data-dependent acquisition;AC=PRIDE:0000627	NT=label free sample;AC=MS:1002038	NT=q exactive;AC=MS:1001911	NT=Carbamidomethyl;AC=UNIMOD:4;TA=C;MT=Fixed	NT=Oxidation;AC=UNIMOD:35;TA=M;MT=Variable	NT=Deamidated;AC=UNIMOD:7;TA=NQ;MT=Variable	NT=Dimethyl;AC=UNIMOD:36;TA=K;MT=Variable	NT=Trypsin;AC=MS:1001251	NT=collision-induced dissociation;AC=MS:1000133	0.01 Da	sds page	beta-mercaptoethanol (bme)	1	1	MG60-09.raw	ftp://ftp.pride.ebi.ac.uk/pride/data/archive/2024/01/PXD019633/MG60-09.raw	v1.1.0	NT=ms-proteomics;VV=v1.1.0	NT=clinical-metadata;VV=v1.0.0	manual curation	blood
MGN41-13	homo sapiens	blood	not applicable	rheumatoid arthritis	13	MGN41-13	proteomic profiling by mass spectrometry	NT=Data-dependent acquisition;AC=PRIDE:0000627	NT=label free sample;AC=MS:1002038	NT=q exactive;AC=MS:1001911	NT=Carbamidomethyl;AC=UNIMOD:4;TA=C;MT=Fixed	NT=Oxidation;AC=UNIMOD:35;TA=M;MT=Variable	NT=Deamidated;AC=UNIMOD:7;TA=NQ;MT=Variable	NT=Dimethyl;AC=UNIMOD:36;TA=K;MT=Variable	NT=Trypsin;AC=MS:1001251	NT=collision-induced dissociation;AC=MS:1000133	0.01 Da	sds page	beta-mercaptoethanol (bme)	1	1	MGN41-13.raw	ftp://ftp.pride.ebi.ac.uk/pride/data/archive/2024/01/PXD019633/MGN41-13.raw	v1.1.0	NT=ms-proteomics;VV=v1.1.0	NT=clinical-metadata;VV=v1.0.0	manual curation	blood
MGRA01-13	homo sapiens	blood	not applicable	rheumatoid arthritis	13	MGRA01-13	proteomic profiling by mass spectrometry	NT=Data-dependent acquisition;AC=PRIDE:0000627	NT=label free sample;AC=MS:1002038	NT=q exactive;AC=MS:1001911	NT=Carbamidomethyl;AC=UNIMOD:4;TA=C;MT=Fixed	NT=Oxidation;AC=UNIMOD:35;TA=M;MT=Variable	NT=Deamidated;AC=UNIMOD:7;TA=NQ;MT=Variable	NT=Dimethyl;AC=UNIMOD:36;TA=K;MT=Variable	NT=Trypsin;AC=MS:1001251	NT=collision-induced dissociation;AC=MS:1000133	0.01 Da	sds page	beta-mercaptoethanol (bme)	1	1	MGRA01-13.raw	ftp://ftp.pride.ebi.ac.uk/pride/data/archive/2024/01/PXD019633/MGRA01-13.raw	v1.1.0	NT=ms-proteomics;VV=v1.1.0	NT=clinical-metadata;VV=v1.0.0	manual curation	blood
MGN43-01	homo sapiens	blood	not applicable	rheumatoid arthritis	1	MGN43-01	proteomic profiling by mass spectrometry	NT=Data-dependent acquisition;AC=PRIDE:0000627	NT=label free sample;AC=MS:1002038	NT=q exactive;AC=MS:1001911	NT=Carbamidomethyl;AC=UNIMOD:4;TA=C;MT=Fixed	NT=Oxidation;AC=UNIMOD:35;TA=M;MT=Variable	NT=Deamidated;AC=UNIMOD:7;TA=NQ;MT=Variable	NT=Dimethyl;AC=UNIMOD:36;TA=K;MT=Variable	NT=Trypsin;AC=MS:1001251	NT=collision-induced dissociation;AC=MS:1000133	0.01 Da	sds page	beta-mercaptoethanol (bme)	1	1	MGN43-01.raw	ftp://ftp.pride.ebi.ac.uk/pride/data/archive/2024/01/PXD019633/MGN43-01.raw	v1.1.0	NT=ms-proteomics;VV=v1.1.0	NT=clinical-metadata;VV=v1.0.0	manual curation	blood
MGN17-8	homo sapiens	blood	not applicable	rheumatoid arthritis	8	MGN17-8	proteomic profiling by mass spectrometry	NT=Data-dependent acquisition;AC=PRIDE:0000627	NT=label free sample;AC=MS:1002038	NT=q exactive;AC=MS:1001911	NT=Carbamidomethyl;AC=UNIMOD:4;TA=C;MT=Fixed	NT=Oxidation;AC=UNIMOD:35;TA=M;MT=Variable	NT=Deamidated;AC=UNIMOD:7;TA=NQ;MT=Variable	NT=Dimethyl;AC=UNIMOD:36;TA=K;MT=Variable	NT=Trypsin;AC=MS:1001251	NT=collision-induced dissociation;AC=MS:1000133	0.01 Da	sds page	beta-mercaptoethanol (bme)	1	1	MGN17-8.raw	ftp://ftp.pride.ebi.ac.uk/pride/data/archive/2024/01/PXD019633/MGN17-8.raw	v1.1.0	NT=ms-proteomics;VV=v1.1.0	NT=clinical-metadata;VV=v1.0.0	manual curation	blood
MG52-01	homo sapiens	blood	not applicable	rheumatoid arthritis	1	MG52-01	proteomic profiling by mass spectrometry	NT=Data-dependent acquisition;AC=PRIDE:0000627	NT=label free sample;AC=MS:1002038	NT=q exactive;AC=MS:1001911	NT=Carbamidomethyl;AC=UNIMOD:4;TA=C;MT=Fixed	NT=Oxidation;AC=UNIMOD:35;TA=M;MT=Variable	NT=Deamidated;AC=UNIMOD:7;TA=NQ;MT=Variable	NT=Dimethyl;AC=UNIMOD:36;TA=K;MT=Variable	NT=Trypsin;AC=MS:1001251	NT=collision-induced dissociation;AC=MS:1000133	0.01 Da	sds page	beta-mercaptoethanol (bme)	1	1	MG52-01.raw	ftp://ftp.pride.ebi.ac.uk/pride/data/archive/2024/01/PXD019633/MG52-01.raw	v1.1.0	NT=ms-proteomics;VV=v1.1.0	NT=clinical-metadata;VV=v1.0.0	manual curation	blood
MG61-11	homo sapiens	blood	not applicable	rheumatoid arthritis	11	MG61-11	proteomic profiling by mass spectrometry	NT=Data-dependent acquisition;AC=PRIDE:0000627	NT=label free sample;AC=MS:1002038	NT=q exactive;AC=MS:1001911	NT=Carbamidomethyl;AC=UNIMOD:4;TA=C;MT=Fixed	NT=Oxidation;AC=UNIMOD:35;TA=M;MT=Variable	NT=Deamidated;AC=UNIMOD:7;TA=NQ;MT=Variable	NT=Dimethyl;AC=UNIMOD:36;TA=K;MT=Variable	NT=Trypsin;AC=MS:1001251	NT=collision-induced dissociation;AC=MS:1000133	0.01 Da	sds page	beta-mercaptoethanol (bme)	1	1	MG61-11.raw	ftp://ftp.pride.ebi.ac.uk/pride/data/archive/2024/01/PXD019633/MG61-11.raw	v1.1.0	NT=ms-proteomics;VV=v1.1.0	NT=clinical-metadata;VV=v1.0.0	manual curation	blood
MGRA04-08	homo sapiens	blood	not applicable	rheumatoid arthritis	8	MGRA04-08	proteomic profiling by mass spectrometry	NT=Data-dependent acquisition;AC=PRIDE:0000627	NT=label free sample;AC=MS:1002038	NT=q exactive;AC=MS:1001911	NT=Carbamidomethyl;AC=UNIMOD:4;TA=C;MT=Fixed	NT=Oxidation;AC=UNIMOD:35;TA=M;MT=Variable	NT=Deamidated;AC=UNIMOD:7;TA=NQ;MT=Variable	NT=Dimethyl;AC=UNIMOD:36;TA=K;MT=Variable	NT=Trypsin;AC=MS:1001251	NT=collision-induced dissociation;AC=MS:1000133	0.01 Da	sds page	beta-mercaptoethanol (bme)	1	1	MGRA04-08.raw	ftp://ftp.pride.ebi.ac.uk/pride/data/archive/2024/01/PXD019633/MGRA04-08.raw	v1.1.0	NT=ms-proteomics;VV=v1.1.0	NT=clinical-metadata;VV=v1.0.0	manual curation	blood
MGN17-2	homo sapiens	blood	not applicable	rheumatoid arthritis	2	MGN17-2	proteomic profiling by mass spectrometry	NT=Data-dependent acquisition;AC=PRIDE:0000627	NT=label free sample;AC=MS:1002038	NT=q exactive;AC=MS:1001911	NT=Carbamidomethyl;AC=UNIMOD:4;TA=C;MT=Fixed	NT=Oxidation;AC=UNIMOD:35;TA=M;MT=Variable	NT=Deamidated;AC=UNIMOD:7;TA=NQ;MT=Variable	NT=Dimethyl;AC=UNIMOD:36;TA=K;MT=Variable	NT=Trypsin;AC=MS:1001251	NT=collision-induced dissociation;AC=MS:1000133	0.01 Da	sds page	beta-mercaptoethanol (bme)	1	1	MGN17-2.raw	ftp://ftp.pride.ebi.ac.uk/pride/data/archive/2024/01/PXD019633/MGN17-2.raw	v1.1.0	NT=ms-proteomics;VV=v1.1.0	NT=clinical-metadata;VV=v1.0.0	manual curation	blood
MGN43-10	homo sapiens	blood	not applicable	rheumatoid arthritis	10	MGN43-10	proteomic profiling by mass spectrometry	NT=Data-dependent acquisition;AC=PRIDE:0000627	NT=label free sample;AC=MS:1002038	NT=q exactive;AC=MS:1001911	NT=Carbamidomethyl;AC=UNIMOD:4;TA=C;MT=Fixed	NT=Oxidation;AC=UNIMOD:35;TA=M;MT=Variable	NT=Deamidated;AC=UNIMOD:7;TA=NQ;MT=Variable	NT=Dimethyl;AC=UNIMOD:36;TA=K;MT=Variable	NT=Trypsin;AC=MS:1001251	NT=collision-induced dissociation;AC=MS:1000133	0.01 Da	sds page	beta-mercaptoethanol (bme)	1	1	MGN43-10.raw	ftp://ftp.pride.ebi.ac.uk/pride/data/archive/2024/01/PXD019633/MGN43-10.raw	v1.1.0	NT=ms-proteomics;VV=v1.1.0	NT=clinical-metadata;VV=v1.0.0	manual curation	blood
MGN07-2	homo sapiens	blood	not applicable	rheumatoid arthritis	2	MGN07-2	proteomic profiling by mass spectrometry	NT=Data-dependent acquisition;AC=PRIDE:0000627	NT=label free sample;AC=MS:1002038	NT=q exactive;AC=MS:1001911	NT=Carbamidomethyl;AC=UNIMOD:4;TA=C;MT=Fixed	NT=Oxidation;AC=UNIMOD:35;TA=M;MT=Variable	NT=Deamidated;AC=UNIMOD:7;TA=NQ;MT=Variable	NT=Dimethyl;AC=UNIMOD:36;TA=K;MT=Variable	NT=Trypsin;AC=MS:1001251	NT=collision-induced dissociation;AC=MS:1000133	0.01 Da	sds page	beta-mercaptoethanol (bme)	1	1	MGN07-2.raw	ftp://ftp.pride.ebi.ac.uk/pride/data/archive/2024/01/PXD019633/MGN07-2.raw	v1.1.0	NT=ms-proteomics;VV=v1.1.0	NT=clinical-metadata;VV=v1.0.0	manual curation	blood
MGN42-07	homo sapiens	blood	not applicable	rheumatoid arthritis	7	MGN42-07	proteomic profiling by mass spectrometry	NT=Data-dependent acquisition;AC=PRIDE:0000627	NT=label free sample;AC=MS:1002038	NT=q exactive;AC=MS:1001911	NT=Carbamidomethyl;AC=UNIMOD:4;TA=C;MT=Fixed	NT=Oxidation;AC=UNIMOD:35;TA=M;MT=Variable	NT=Deamidated;AC=UNIMOD:7;TA=NQ;MT=Variable	NT=Dimethyl;AC=UNIMOD:36;TA=K;MT=Variable	NT=Trypsin;AC=MS:1001251	NT=collision-induced dissociation;AC=MS:1000133	0.01 Da	sds page	beta-mercaptoethanol (bme)	1	1	MGN42-07.raw	ftp://ftp.pride.ebi.ac.uk/pride/data/archive/2024/01/PXD019633/MGN42-07.raw	v1.1.0	NT=ms-proteomics;VV=v1.1.0	NT=clinical-metadata;VV=v1.0.0	manual curation	blood
MGN07-12	homo sapiens	blood	not applicable	rheumatoid arthritis	12	MGN07-12	proteomic profiling by mass spectrometry	NT=Data-dependent acquisition;AC=PRIDE:0000627	NT=label free sample;AC=MS:1002038	NT=q exactive;AC=MS:1001911	NT=Carbamidomethyl;AC=UNIMOD:4;TA=C;MT=Fixed	NT=Oxidation;AC=UNIMOD:35;TA=M;MT=Variable	NT=Deamidated;AC=UNIMOD:7;TA=NQ;MT=Variable	NT=Dimethyl;AC=UNIMOD:36;TA=K;MT=Variable	NT=Trypsin;AC=MS:1001251	NT=collision-induced dissociation;AC=MS:1000133	0.01 Da	sds page	beta-mercaptoethanol (bme)	1	1	MGN07-12.raw	ftp://ftp.pride.ebi.ac.uk/pride/data/archive/2024/01/PXD019633/MGN07-12.raw	v1.1.0	NT=ms-proteomics;VV=v1.1.0	NT=clinical-metadata;VV=v1.0.0	manual curation	blood
MG59-10	homo sapiens	blood	not applicable	rheumatoid arthritis	10	MG59-10	proteomic profiling by mass spectrometry	NT=Data-dependent acquisition;AC=PRIDE:0000627	NT=label free sample;AC=MS:1002038	NT=q exactive;AC=MS:1001911	NT=Carbamidomethyl;AC=UNIMOD:4;TA=C;MT=Fixed	NT=Oxidation;AC=UNIMOD:35;TA=M;MT=Variable	NT=Deamidated;AC=UNIMOD:7;TA=NQ;MT=Variable	NT=Dimethyl;AC=UNIMOD:36;TA=K;MT=Variable	NT=Trypsin;AC=MS:1001251	NT=collision-induced dissociation;AC=MS:1000133	0.01 Da	sds page	beta-mercaptoethanol (bme)	1	1	MG59-10.raw	ftp://ftp.pride.ebi.ac.uk/pride/data/archive/2024/01/PXD019633/MG59-10.raw	v1.1.0	NT=ms-proteomics;VV=v1.1.0	NT=clinical-metadata;VV=v1.0.0	manual curation	blood
MGN43-07	homo sapiens	blood	not applicable	rheumatoid arthritis	7	MGN43-07	proteomic profiling by mass spectrometry	NT=Data-dependent acquisition;AC=PRIDE:0000627	NT=label free sample;AC=MS:1002038	NT=q exactive;AC=MS:1001911	NT=Carbamidomethyl;AC=UNIMOD:4;TA=C;MT=Fixed	NT=Oxidation;AC=UNIMOD:35;TA=M;MT=Variable	NT=Deamidated;AC=UNIMOD:7;TA=NQ;MT=Variable	NT=Dimethyl;AC=UNIMOD:36;TA=K;MT=Variable	NT=Trypsin;AC=MS:1001251	NT=collision-induced dissociation;AC=MS:1000133	0.01 Da	sds page	beta-mercaptoethanol (bme)	1	1	MGN43-07.raw	ftp://ftp.pride.ebi.ac.uk/pride/data/archive/2024/01/PXD019633/MGN43-07.raw	v1.1.0	NT=ms-proteomics;VV=v1.1.0	NT=clinical-metadata;VV=v1.0.0	manual curation	blood
MGRA05-07	homo sapiens	blood	not applicable	rheumatoid arthritis	7	MGRA05-07	proteomic profiling by mass spectrometry	NT=Data-dependent acquisition;AC=PRIDE:0000627	NT=label free sample;AC=MS:1002038	NT=q exactive;AC=MS:1001911	NT=Carbamidomethyl;AC=UNIMOD:4;TA=C;MT=Fixed	NT=Oxidation;AC=UNIMOD:35;TA=M;MT=Variable	NT=Deamidated;AC=UNIMOD:7;TA=NQ;MT=Variable	NT=Dimethyl;AC=UNIMOD:36;TA=K;MT=Variable	NT=Trypsin;AC=MS:1001251	NT=collision-induced dissociation;AC=MS:1000133	0.01 Da	sds page	beta-mercaptoethanol (bme)	1	1	MGRA05-07.raw	ftp://ftp.pride.ebi.ac.uk/pride/data/archive/2024/01/PXD019633/MGRA05-07.raw	v1.1.0	NT=ms-proteomics;VV=v1.1.0	NT=clinical-metadata;VV=v1.0.0	manual curation	blood
MG52-06	homo sapiens	blood	not applicable	rheumatoid arthritis	6	MG52-06	proteomic profiling by mass spectrometry	NT=Data-dependent acquisition;AC=PRIDE:0000627	NT=label free sample;AC=MS:1002038	NT=q exactive;AC=MS:1001911	NT=Carbamidomethyl;AC=UNIMOD:4;TA=C;MT=Fixed	NT=Oxidation;AC=UNIMOD:35;TA=M;MT=Variable	NT=Deamidated;AC=UNIMOD:7;TA=NQ;MT=Variable	NT=Dimethyl;AC=UNIMOD:36;TA=K;MT=Variable	NT=Trypsin;AC=MS:1001251	NT=collision-induced dissociation;AC=MS:1000133	0.01 Da	sds page	beta-mercaptoethanol (bme)	1	1	MG52-06.raw	ftp://ftp.pride.ebi.ac.uk/pride/data/archive/2024/01/PXD019633/MG52-06.raw	v1.1.0	NT=ms-proteomics;VV=v1.1.0	NT=clinical-metadata;VV=v1.0.0	manual curation	blood
MG59-08	homo sapiens	blood	not applicable	rheumatoid arthritis	8	MG59-08	proteomic profiling by mass spectrometry	NT=Data-dependent acquisition;AC=PRIDE:0000627	NT=label free sample;AC=MS:1002038	NT=q exactive;AC=MS:1001911	NT=Carbamidomethyl;AC=UNIMOD:4;TA=C;MT=Fixed	NT=Oxidation;AC=UNIMOD:35;TA=M;MT=Variable	NT=Deamidated;AC=UNIMOD:7;TA=NQ;MT=Variable	NT=Dimethyl;AC=UNIMOD:36;TA=K;MT=Variable	NT=Trypsin;AC=MS:1001251	NT=collision-induced dissociation;AC=MS:1000133	0.01 Da	sds page	beta-mercaptoethanol (bme)	1	1	MG59-08.raw	ftp://ftp.pride.ebi.ac.uk/pride/data/archive/2024/01/PXD019633/MG59-08.raw	v1.1.0	NT=ms-proteomics;VV=v1.1.0	NT=clinical-metadata;VV=v1.0.0	manual curation	blood
MG60-05	homo sapiens	blood	not applicable	rheumatoid arthritis	5	MG60-05	proteomic profiling by mass spectrometry	NT=Data-dependent acquisition;AC=PRIDE:0000627	NT=label free sample;AC=MS:1002038	NT=q exactive;AC=MS:1001911	NT=Carbamidomethyl;AC=UNIMOD:4;TA=C;MT=Fixed	NT=Oxidation;AC=UNIMOD:35;TA=M;MT=Variable	NT=Deamidated;AC=UNIMOD:7;TA=NQ;MT=Variable	NT=Dimethyl;AC=UNIMOD:36;TA=K;MT=Variable	NT=Trypsin;AC=MS:1001251	NT=collision-induced dissociation;AC=MS:1000133	0.01 Da	sds page	beta-mercaptoethanol (bme)	1	1	MG60-05.raw	ftp://ftp.pride.ebi.ac.uk/pride/data/archive/2024/01/PXD019633/MG60-05.raw	v1.1.0	NT=ms-proteomics;VV=v1.1.0	NT=clinical-metadata;VV=v1.0.0	manual curation	blood
MGN43-11	homo sapiens	blood	not applicable	rheumatoid arthritis	11	MGN43-11	proteomic profiling by mass spectrometry	NT=Data-dependent acquisition;AC=PRIDE:0000627	NT=label free sample;AC=MS:1002038	NT=q exactive;AC=MS:1001911	NT=Carbamidomethyl;AC=UNIMOD:4;TA=C;MT=Fixed	NT=Oxidation;AC=UNIMOD:35;TA=M;MT=Variable	NT=Deamidated;AC=UNIMOD:7;TA=NQ;MT=Variable	NT=Dimethyl;AC=UNIMOD:36;TA=K;MT=Variable	NT=Trypsin;AC=MS:1001251	NT=collision-induced dissociation;AC=MS:1000133	0.01 Da	sds page	beta-mercaptoethanol (bme)	1	1	MGN43-11.raw	ftp://ftp.pride.ebi.ac.uk/pride/data/archive/2024/01/PXD019633/MGN43-11.raw	v1.1.0	NT=ms-proteomics;VV=v1.1.0	NT=clinical-metadata;VV=v1.0.0	manual curation	blood
MGN42-02	homo sapiens	blood	not applicable	rheumatoid arthritis	2	MGN42-02	proteomic profiling by mass spectrometry	NT=Data-dependent acquisition;AC=PRIDE:0000627	NT=label free sample;AC=MS:1002038	NT=q exactive;AC=MS:1001911	NT=Carbamidomethyl;AC=UNIMOD:4;TA=C;MT=Fixed	NT=Oxidation;AC=UNIMOD:35;TA=M;MT=Variable	NT=Deamidated;AC=UNIMOD:7;TA=NQ;MT=Variable	NT=Dimethyl;AC=UNIMOD:36;TA=K;MT=Variable	NT=Trypsin;AC=MS:1001251	NT=collision-induced dissociation;AC=MS:1000133	0.01 Da	sds page	beta-mercaptoethanol (bme)	1	1	MGN42-02.raw	ftp://ftp.pride.ebi.ac.uk/pride/data/archive/2024/01/PXD019633/MGN42-02.raw	v1.1.0	NT=ms-proteomics;VV=v1.1.0	NT=clinical-metadata;VV=v1.0.0	manual curation	blood
MG52-12	homo sapiens	blood	not applicable	rheumatoid arthritis	12	MG52-12	proteomic profiling by mass spectrometry	NT=Data-dependent acquisition;AC=PRIDE:0000627	NT=label free sample;AC=MS:1002038	NT=q exactive;AC=MS:1001911	NT=Carbamidomethyl;AC=UNIMOD:4;TA=C;MT=Fixed	NT=Oxidation;AC=UNIMOD:35;TA=M;MT=Variable	NT=Deamidated;AC=UNIMOD:7;TA=NQ;MT=Variable	NT=Dimethyl;AC=UNIMOD:36;TA=K;MT=Variable	NT=Trypsin;AC=MS:1001251	NT=collision-induced dissociation;AC=MS:1000133	0.01 Da	sds page	beta-mercaptoethanol (bme)	1	1	MG52-12.raw	ftp://ftp.pride.ebi.ac.uk/pride/data/archive/2024/01/PXD019633/MG52-12.raw	v1.1.0	NT=ms-proteomics;VV=v1.1.0	NT=clinical-metadata;VV=v1.0.0	manual curation	blood
MGRA04-06	homo sapiens	blood	not applicable	rheumatoid arthritis	6	MGRA04-06	proteomic profiling by mass spectrometry	NT=Data-dependent acquisition;AC=PRIDE:0000627	NT=label free sample;AC=MS:1002038	NT=q exactive;AC=MS:1001911	NT=Carbamidomethyl;AC=UNIMOD:4;TA=C;MT=Fixed	NT=Oxidation;AC=UNIMOD:35;TA=M;MT=Variable	NT=Deamidated;AC=UNIMOD:7;TA=NQ;MT=Variable	NT=Dimethyl;AC=UNIMOD:36;TA=K;MT=Variable	NT=Trypsin;AC=MS:1001251	NT=collision-induced dissociation;AC=MS:1000133	0.01 Da	sds page	beta-mercaptoethanol (bme)	1	1	MGRA04-06.raw	ftp://ftp.pride.ebi.ac.uk/pride/data/archive/2024/01/PXD019633/MGRA04-06.raw	v1.1.0	NT=ms-proteomics;VV=v1.1.0	NT=clinical-metadata;VV=v1.0.0	manual curation	blood
MGRA01-06	homo sapiens	blood	not applicable	rheumatoid arthritis	6	MGRA01-06	proteomic profiling by mass spectrometry	NT=Data-dependent acquisition;AC=PRIDE:0000627	NT=label free sample;AC=MS:1002038	NT=q exactive;AC=MS:1001911	NT=Carbamidomethyl;AC=UNIMOD:4;TA=C;MT=Fixed	NT=Oxidation;AC=UNIMOD:35;TA=M;MT=Variable	NT=Deamidated;AC=UNIMOD:7;TA=NQ;MT=Variable	NT=Dimethyl;AC=UNIMOD:36;TA=K;MT=Variable	NT=Trypsin;AC=MS:1001251	NT=collision-induced dissociation;AC=MS:1000133	0.01 Da	sds page	beta-mercaptoethanol (bme)	1	1	MGRA01-06.raw	ftp://ftp.pride.ebi.ac.uk/pride/data/archive/2024/01/PXD019633/MGRA01-06.raw	v1.1.0	NT=ms-proteomics;VV=v1.1.0	NT=clinical-metadata;VV=v1.0.0	manual curation	blood
MGRA04-04	homo sapiens	blood	not applicable	rheumatoid arthritis	4	MGRA04-04	proteomic profiling by mass spectrometry	NT=Data-dependent acquisition;AC=PRIDE:0000627	NT=label free sample;AC=MS:1002038	NT=q exactive;AC=MS:1001911	NT=Carbamidomethyl;AC=UNIMOD:4;TA=C;MT=Fixed	NT=Oxidation;AC=UNIMOD:35;TA=M;MT=Variable	NT=Deamidated;AC=UNIMOD:7;TA=NQ;MT=Variable	NT=Dimethyl;AC=UNIMOD:36;TA=K;MT=Variable	NT=Trypsin;AC=MS:1001251	NT=collision-induced dissociation;AC=MS:1000133	0.01 Da	sds page	beta-mercaptoethanol (bme)	1	1	MGRA04-04.raw	ftp://ftp.pride.ebi.ac.uk/pride/data/archive/2024/01/PXD019633/MGRA04-04.raw	v1.1.0	NT=ms-proteomics;VV=v1.1.0	NT=clinical-metadata;VV=v1.0.0	manual curation	blood
MG60-03	homo sapiens	blood	not applicable	rheumatoid arthritis	3	MG60-03	proteomic profiling by mass spectrometry	NT=Data-dependent acquisition;AC=PRIDE:0000627	NT=label free sample;AC=MS:1002038	NT=q exactive;AC=MS:1001911	NT=Carbamidomethyl;AC=UNIMOD:4;TA=C;MT=Fixed	NT=Oxidation;AC=UNIMOD:35;TA=M;MT=Variable	NT=Deamidated;AC=UNIMOD:7;TA=NQ;MT=Variable	NT=Dimethyl;AC=UNIMOD:36;TA=K;MT=Variable	NT=Trypsin;AC=MS:1001251	NT=collision-induced dissociation;AC=MS:1000133	0.01 Da	sds page	beta-mercaptoethanol (bme)	1	1	MG60-03.raw	ftp://ftp.pride.ebi.ac.uk/pride/data/archive/2024/01/PXD019633/MG60-03.raw	v1.1.0	NT=ms-proteomics;VV=v1.1.0	NT=clinical-metadata;VV=v1.0.0	manual curation	blood
MGN07-1	homo sapiens	blood	not applicable	rheumatoid arthritis	1	MGN07-1	proteomic profiling by mass spectrometry	NT=Data-dependent acquisition;AC=PRIDE:0000627	NT=label free sample;AC=MS:1002038	NT=q exactive;AC=MS:1001911	NT=Carbamidomethyl;AC=UNIMOD:4;TA=C;MT=Fixed	NT=Oxidation;AC=UNIMOD:35;TA=M;MT=Variable	NT=Deamidated;AC=UNIMOD:7;TA=NQ;MT=Variable	NT=Dimethyl;AC=UNIMOD:36;TA=K;MT=Variable	NT=Trypsin;AC=MS:1001251	NT=collision-induced dissociation;AC=MS:1000133	0.01 Da	sds page	beta-mercaptoethanol (bme)	1	1	MGN07-1.raw	ftp://ftp.pride.ebi.ac.uk/pride/data/archive/2024/01/PXD019633/MGN07-1.raw	v1.1.0	NT=ms-proteomics;VV=v1.1.0	NT=clinical-metadata;VV=v1.0.0	manual curation	blood
MG03-01	homo sapiens	blood	not applicable	rheumatoid arthritis	1	MG03-01	proteomic profiling by mass spectrometry	NT=Data-dependent acquisition;AC=PRIDE:0000627	NT=label free sample;AC=MS:1002038	NT=q exactive;AC=MS:1001911	NT=Carbamidomethyl;AC=UNIMOD:4;TA=C;MT=Fixed	NT=Oxidation;AC=UNIMOD:35;TA=M;MT=Variable	NT=Deamidated;AC=UNIMOD:7;TA=NQ;MT=Variable	NT=Dimethyl;AC=UNIMOD:36;TA=K;MT=Variable	NT=Trypsin;AC=MS:1001251	NT=collision-induced dissociation;AC=MS:1000133	0.01 Da	sds page	beta-mercaptoethanol (bme)	1	1	MG03-01.raw	ftp://ftp.pride.ebi.ac.uk/pride/data/archive/2024/01/PXD019633/MG03-01.raw	v1.1.0	NT=ms-proteomics;VV=v1.1.0	NT=clinical-metadata;VV=v1.0.0	manual curation	blood
MGN41-11	homo sapiens	blood	not applicable	rheumatoid arthritis	11	MGN41-11	proteomic profiling by mass spectrometry	NT=Data-dependent acquisition;AC=PRIDE:0000627	NT=label free sample;AC=MS:1002038	NT=q exactive;AC=MS:1001911	NT=Carbamidomethyl;AC=UNIMOD:4;TA=C;MT=Fixed	NT=Oxidation;AC=UNIMOD:35;TA=M;MT=Variable	NT=Deamidated;AC=UNIMOD:7;TA=NQ;MT=Variable	NT=Dimethyl;AC=UNIMOD:36;TA=K;MT=Variable	NT=Trypsin;AC=MS:1001251	NT=collision-induced dissociation;AC=MS:1000133	0.01 Da	sds page	beta-mercaptoethanol (bme)	1	1	MGN41-11.raw	ftp://ftp.pride.ebi.ac.uk/pride/data/archive/2024/01/PXD019633/MGN41-11.raw	v1.1.0	NT=ms-proteomics;VV=v1.1.0	NT=clinical-metadata;VV=v1.0.0	manual curation	blood
MGRA01-08	homo sapiens	blood	not applicable	rheumatoid arthritis	8	MGRA01-08	proteomic profiling by mass spectrometry	NT=Data-dependent acquisition;AC=PRIDE:0000627	NT=label free sample;AC=MS:1002038	NT=q exactive;AC=MS:1001911	NT=Carbamidomethyl;AC=UNIMOD:4;TA=C;MT=Fixed	NT=Oxidation;AC=UNIMOD:35;TA=M;MT=Variable	NT=Deamidated;AC=UNIMOD:7;TA=NQ;MT=Variable	NT=Dimethyl;AC=UNIMOD:36;TA=K;MT=Variable	NT=Trypsin;AC=MS:1001251	NT=collision-induced dissociation;AC=MS:1000133	0.01 Da	sds page	beta-mercaptoethanol (bme)	1	1	MGRA01-08.raw	ftp://ftp.pride.ebi.ac.uk/pride/data/archive/2024/01/PXD019633/MGRA01-08.raw	v1.1.0	NT=ms-proteomics;VV=v1.1.0	NT=clinical-metadata;VV=v1.0.0	manual curation	blood
MGRA06-12	homo sapiens	blood	not applicable	rheumatoid arthritis	12	MGRA06-12	proteomic profiling by mass spectrometry	NT=Data-dependent acquisition;AC=PRIDE:0000627	NT=label free sample;AC=MS:1002038	NT=q exactive;AC=MS:1001911	NT=Carbamidomethyl;AC=UNIMOD:4;TA=C;MT=Fixed	NT=Oxidation;AC=UNIMOD:35;TA=M;MT=Variable	NT=Deamidated;AC=UNIMOD:7;TA=NQ;MT=Variable	NT=Dimethyl;AC=UNIMOD:36;TA=K;MT=Variable	NT=Trypsin;AC=MS:1001251	NT=collision-induced dissociation;AC=MS:1000133	0.01 Da	sds page	beta-mercaptoethanol (bme)	1	1	MGRA06-12.raw	ftp://ftp.pride.ebi.ac.uk/pride/data/archive/2024/01/PXD019633/MGRA06-12.raw	v1.1.0	NT=ms-proteomics;VV=v1.1.0	NT=clinical-metadata;VV=v1.0.0	manual curation	blood
MGN43-12	homo sapiens	blood	not applicable	rheumatoid arthritis	12	MGN43-12	proteomic profiling by mass spectrometry	NT=Data-dependent acquisition;AC=PRIDE:0000627	NT=label free sample;AC=MS:1002038	NT=q exactive;AC=MS:1001911	NT=Carbamidomethyl;AC=UNIMOD:4;TA=C;MT=Fixed	NT=Oxidation;AC=UNIMOD:35;TA=M;MT=Variable	NT=Deamidated;AC=UNIMOD:7;TA=NQ;MT=Variable	NT=Dimethyl;AC=UNIMOD:36;TA=K;MT=Variable	NT=Trypsin;AC=MS:1001251	NT=collision-induced dissociation;AC=MS:1000133	0.01 Da	sds page	beta-mercaptoethanol (bme)	1	1	MGN43-12.raw	ftp://ftp.pride.ebi.ac.uk/pride/data/archive/2024/01/PXD019633/MGN43-12.raw	v1.1.0	NT=ms-proteomics;VV=v1.1.0	NT=clinical-metadata;VV=v1.0.0	manual curation	blood
MG61-09	homo sapiens	blood	not applicable	rheumatoid arthritis	9	MG61-09	proteomic profiling by mass spectrometry	NT=Data-dependent acquisition;AC=PRIDE:0000627	NT=label free sample;AC=MS:1002038	NT=q exactive;AC=MS:1001911	NT=Carbamidomethyl;AC=UNIMOD:4;TA=C;MT=Fixed	NT=Oxidation;AC=UNIMOD:35;TA=M;MT=Variable	NT=Deamidated;AC=UNIMOD:7;TA=NQ;MT=Variable	NT=Dimethyl;AC=UNIMOD:36;TA=K;MT=Variable	NT=Trypsin;AC=MS:1001251	NT=collision-induced dissociation;AC=MS:1000133	0.01 Da	sds page	beta-mercaptoethanol (bme)	1	1	MG61-09.raw	ftp://ftp.pride.ebi.ac.uk/pride/data/archive/2024/01/PXD019633/MG61-09.raw	v1.1.0	NT=ms-proteomics;VV=v1.1.0	NT=clinical-metadata;VV=v1.0.0	manual curation	blood
MGN43-04	homo sapiens	blood	not applicable	rheumatoid arthritis	4	MGN43-04	proteomic profiling by mass spectrometry	NT=Data-dependent acquisition;AC=PRIDE:0000627	NT=label free sample;AC=MS:1002038	NT=q exactive;AC=MS:1001911	NT=Carbamidomethyl;AC=UNIMOD:4;TA=C;MT=Fixed	NT=Oxidation;AC=UNIMOD:35;TA=M;MT=Variable	NT=Deamidated;AC=UNIMOD:7;TA=NQ;MT=Variable	NT=Dimethyl;AC=UNIMOD:36;TA=K;MT=Variable	NT=Trypsin;AC=MS:1001251	NT=collision-induced dissociation;AC=MS:1000133	0.01 Da	sds page	beta-mercaptoethanol (bme)	1	1	MGN43-04.raw	ftp://ftp.pride.ebi.ac.uk/pride/data/archive/2024/01/PXD019633/MGN43-04.raw	v1.1.0	NT=ms-proteomics;VV=v1.1.0	NT=clinical-metadata;VV=v1.0.0	manual curation	blood
MG59-11	homo sapiens	blood	not applicable	rheumatoid arthritis	11	MG59-11	proteomic profiling by mass spectrometry	NT=Data-dependent acquisition;AC=PRIDE:0000627	NT=label free sample;AC=MS:1002038	NT=q exactive;AC=MS:1001911	NT=Carbamidomethyl;AC=UNIMOD:4;TA=C;MT=Fixed	NT=Oxidation;AC=UNIMOD:35;TA=M;MT=Variable	NT=Deamidated;AC=UNIMOD:7;TA=NQ;MT=Variable	NT=Dimethyl;AC=UNIMOD:36;TA=K;MT=Variable	NT=Trypsin;AC=MS:1001251	NT=collision-induced dissociation;AC=MS:1000133	0.01 Da	sds page	beta-mercaptoethanol (bme)	1	1	MG59-11.raw	ftp://ftp.pride.ebi.ac.uk/pride/data/archive/2024/01/PXD019633/MG59-11.raw	v1.1.0	NT=ms-proteomics;VV=v1.1.0	NT=clinical-metadata;VV=v1.0.0	manual curation	blood
MGRA04-07	homo sapiens	blood	not applicable	rheumatoid arthritis	7	MGRA04-07	proteomic profiling by mass spectrometry	NT=Data-dependent acquisition;AC=PRIDE:0000627	NT=label free sample;AC=MS:1002038	NT=q exactive;AC=MS:1001911	NT=Carbamidomethyl;AC=UNIMOD:4;TA=C;MT=Fixed	NT=Oxidation;AC=UNIMOD:35;TA=M;MT=Variable	NT=Deamidated;AC=UNIMOD:7;TA=NQ;MT=Variable	NT=Dimethyl;AC=UNIMOD:36;TA=K;MT=Variable	NT=Trypsin;AC=MS:1001251	NT=collision-induced dissociation;AC=MS:1000133	0.01 Da	sds page	beta-mercaptoethanol (bme)	1	1	MGRA04-07.raw	ftp://ftp.pride.ebi.ac.uk/pride/data/archive/2024/01/PXD019633/MGRA04-07.raw	v1.1.0	NT=ms-proteomics;VV=v1.1.0	NT=clinical-metadata;VV=v1.0.0	manual curation	blood
MGRA01-09	homo sapiens	blood	not applicable	rheumatoid arthritis	9	MGRA01-09	proteomic profiling by mass spectrometry	NT=Data-dependent acquisition;AC=PRIDE:0000627	NT=label free sample;AC=MS:1002038	NT=q exactive;AC=MS:1001911	NT=Carbamidomethyl;AC=UNIMOD:4;TA=C;MT=Fixed	NT=Oxidation;AC=UNIMOD:35;TA=M;MT=Variable	NT=Deamidated;AC=UNIMOD:7;TA=NQ;MT=Variable	NT=Dimethyl;AC=UNIMOD:36;TA=K;MT=Variable	NT=Trypsin;AC=MS:1001251	NT=collision-induced dissociation;AC=MS:1000133	0.01 Da	sds page	beta-mercaptoethanol (bme)	1	1	MGRA01-09.raw	ftp://ftp.pride.ebi.ac.uk/pride/data/archive/2024/01/PXD019633/MGRA01-09.raw	v1.1.0	NT=ms-proteomics;VV=v1.1.0	NT=clinical-metadata;VV=v1.0.0	manual curation	blood
MGRA04-11	homo sapiens	blood	not applicable	rheumatoid arthritis	11	MGRA04-11	proteomic profiling by mass spectrometry	NT=Data-dependent acquisition;AC=PRIDE:0000627	NT=label free sample;AC=MS:1002038	NT=q exactive;AC=MS:1001911	NT=Carbamidomethyl;AC=UNIMOD:4;TA=C;MT=Fixed	NT=Oxidation;AC=UNIMOD:35;TA=M;MT=Variable	NT=Deamidated;AC=UNIMOD:7;TA=NQ;MT=Variable	NT=Dimethyl;AC=UNIMOD:36;TA=K;MT=Variable	NT=Trypsin;AC=MS:1001251	NT=collision-induced dissociation;AC=MS:1000133	0.01 Da	sds page	beta-mercaptoethanol (bme)	1	1	MGRA04-11.raw	ftp://ftp.pride.ebi.ac.uk/pride/data/archive/2024/01/PXD019633/MGRA04-11.raw	v1.1.0	NT=ms-proteomics;VV=v1.1.0	NT=clinical-metadata;VV=v1.0.0	manual curation	blood
MGRA04-02	homo sapiens	blood	not applicable	rheumatoid arthritis	2	MGRA04-02	proteomic profiling by mass spectrometry	NT=Data-dependent acquisition;AC=PRIDE:0000627	NT=label free sample;AC=MS:1002038	NT=q exactive;AC=MS:1001911	NT=Carbamidomethyl;AC=UNIMOD:4;TA=C;MT=Fixed	NT=Oxidation;AC=UNIMOD:35;TA=M;MT=Variable	NT=Deamidated;AC=UNIMOD:7;TA=NQ;MT=Variable	NT=Dimethyl;AC=UNIMOD:36;TA=K;MT=Variable	NT=Trypsin;AC=MS:1001251	NT=collision-induced dissociation;AC=MS:1000133	0.01 Da	sds page	beta-mercaptoethanol (bme)	1	1	MGRA04-02.raw	ftp://ftp.pride.ebi.ac.uk/pride/data/archive/2024/01/PXD019633/MGRA04-02.raw	v1.1.0	NT=ms-proteomics;VV=v1.1.0	NT=clinical-metadata;VV=v1.0.0	manual curation	blood
MGN43-03	homo sapiens	blood	not applicable	rheumatoid arthritis	3	MGN43-03	proteomic profiling by mass spectrometry	NT=Data-dependent acquisition;AC=PRIDE:0000627	NT=label free sample;AC=MS:1002038	NT=q exactive;AC=MS:1001911	NT=Carbamidomethyl;AC=UNIMOD:4;TA=C;MT=Fixed	NT=Oxidation;AC=UNIMOD:35;TA=M;MT=Variable	NT=Deamidated;AC=UNIMOD:7;TA=NQ;MT=Variable	NT=Dimethyl;AC=UNIMOD:36;TA=K;MT=Variable	NT=Trypsin;AC=MS:1001251	NT=collision-induced dissociation;AC=MS:1000133	0.01 Da	sds page	beta-mercaptoethanol (bme)	1	1	MGN43-03.raw	ftp://ftp.pride.ebi.ac.uk/pride/data/archive/2024/01/PXD019633/MGN43-03.raw	v1.1.0	NT=ms-proteomics;VV=v1.1.0	NT=clinical-metadata;VV=v1.0.0	manual curation	blood
MGN07-5	homo sapiens	blood	not applicable	rheumatoid arthritis	5	MGN07-5	proteomic profiling by mass spectrometry	NT=Data-dependent acquisition;AC=PRIDE:0000627	NT=label free sample;AC=MS:1002038	NT=q exactive;AC=MS:1001911	NT=Carbamidomethyl;AC=UNIMOD:4;TA=C;MT=Fixed	NT=Oxidation;AC=UNIMOD:35;TA=M;MT=Variable	NT=Deamidated;AC=UNIMOD:7;TA=NQ;MT=Variable	NT=Dimethyl;AC=UNIMOD:36;TA=K;MT=Variable	NT=Trypsin;AC=MS:1001251	NT=collision-induced dissociation;AC=MS:1000133	0.01 Da	sds page	beta-mercaptoethanol (bme)	1	1	MGN07-5.raw	ftp://ftp.pride.ebi.ac.uk/pride/data/archive/2024/01/PXD019633/MGN07-5.raw	v1.1.0	NT=ms-proteomics;VV=v1.1.0	NT=clinical-metadata;VV=v1.0.0	manual curation	blood
MG59-01	homo sapiens	blood	not applicable	rheumatoid arthritis	1	MG59-01	proteomic profiling by mass spectrometry	NT=Data-dependent acquisition;AC=PRIDE:0000627	NT=label free sample;AC=MS:1002038	NT=q exactive;AC=MS:1001911	NT=Carbamidomethyl;AC=UNIMOD:4;TA=C;MT=Fixed	NT=Oxidation;AC=UNIMOD:35;TA=M;MT=Variable	NT=Deamidated;AC=UNIMOD:7;TA=NQ;MT=Variable	NT=Dimethyl;AC=UNIMOD:36;TA=K;MT=Variable	NT=Trypsin;AC=MS:1001251	NT=collision-induced dissociation;AC=MS:1000133	0.01 Da	sds page	beta-mercaptoethanol (bme)	1	1	MG59-01.raw	ftp://ftp.pride.ebi.ac.uk/pride/data/archive/2024/01/PXD019633/MG59-01.raw	v1.1.0	NT=ms-proteomics;VV=v1.1.0	NT=clinical-metadata;VV=v1.0.0	manual curation	blood
MG61-05	homo sapiens	blood	not applicable	rheumatoid arthritis	5	MG61-05	proteomic profiling by mass spectrometry	NT=Data-dependent acquisition;AC=PRIDE:0000627	NT=label free sample;AC=MS:1002038	NT=q exactive;AC=MS:1001911	NT=Carbamidomethyl;AC=UNIMOD:4;TA=C;MT=Fixed	NT=Oxidation;AC=UNIMOD:35;TA=M;MT=Variable	NT=Deamidated;AC=UNIMOD:7;TA=NQ;MT=Variable	NT=Dimethyl;AC=UNIMOD:36;TA=K;MT=Variable	NT=Trypsin;AC=MS:1001251	NT=collision-induced dissociation;AC=MS:1000133	0.01 Da	sds page	beta-mercaptoethanol (bme)	1	1	MG61-05.raw	ftp://ftp.pride.ebi.ac.uk/pride/data/archive/2024/01/PXD019633/MG61-05.raw	v1.1.0	NT=ms-proteomics;VV=v1.1.0	NT=clinical-metadata;VV=v1.0.0	manual curation	blood
MG60-01	homo sapiens	blood	not applicable	rheumatoid arthritis	1	MG60-01	proteomic profiling by mass spectrometry	NT=Data-dependent acquisition;AC=PRIDE:0000627	NT=label free sample;AC=MS:1002038	NT=q exactive;AC=MS:1001911	NT=Carbamidomethyl;AC=UNIMOD:4;TA=C;MT=Fixed	NT=Oxidation;AC=UNIMOD:35;TA=M;MT=Variable	NT=Deamidated;AC=UNIMOD:7;TA=NQ;MT=Variable	NT=Dimethyl;AC=UNIMOD:36;TA=K;MT=Variable	NT=Trypsin;AC=MS:1001251	NT=collision-induced dissociation;AC=MS:1000133	0.01 Da	sds page	beta-mercaptoethanol (bme)	1	1	MG60-01.raw	ftp://ftp.pride.ebi.ac.uk/pride/data/archive/2024/01/PXD019633/MG60-01.raw	v1.1.0	NT=ms-proteomics;VV=v1.1.0	NT=clinical-metadata;VV=v1.0.0	manual curation	blood
MGRA05-11	homo sapiens	blood	not applicable	rheumatoid arthritis	11	MGRA05-11	proteomic profiling by mass spectrometry	NT=Data-dependent acquisition;AC=PRIDE:0000627	NT=label free sample;AC=MS:1002038	NT=q exactive;AC=MS:1001911	NT=Carbamidomethyl;AC=UNIMOD:4;TA=C;MT=Fixed	NT=Oxidation;AC=UNIMOD:35;TA=M;MT=Variable	NT=Deamidated;AC=UNIMOD:7;TA=NQ;MT=Variable	NT=Dimethyl;AC=UNIMOD:36;TA=K;MT=Variable	NT=Trypsin;AC=MS:1001251	NT=collision-induced dissociation;AC=MS:1000133	0.01 Da	sds page	beta-mercaptoethanol (bme)	1	1	MGRA05-11.raw	ftp://ftp.pride.ebi.ac.uk/pride/data/archive/2024/01/PXD019633/MGRA05-11.raw	v1.1.0	NT=ms-proteomics;VV=v1.1.0	NT=clinical-metadata;VV=v1.0.0	manual curation	blood
MG61-04	homo sapiens	blood	not applicable	rheumatoid arthritis	4	MG61-04	proteomic profiling by mass spectrometry	NT=Data-dependent acquisition;AC=PRIDE:0000627	NT=label free sample;AC=MS:1002038	NT=q exactive;AC=MS:1001911	NT=Carbamidomethyl;AC=UNIMOD:4;TA=C;MT=Fixed	NT=Oxidation;AC=UNIMOD:35;TA=M;MT=Variable	NT=Deamidated;AC=UNIMOD:7;TA=NQ;MT=Variable	NT=Dimethyl;AC=UNIMOD:36;TA=K;MT=Variable	NT=Trypsin;AC=MS:1001251	NT=collision-induced dissociation;AC=MS:1000133	0.01 Da	sds page	beta-mercaptoethanol (bme)	1	1	MG61-04.raw	ftp://ftp.pride.ebi.ac.uk/pride/data/archive/2024/01/PXD019633/MG61-04.raw	v1.1.0	NT=ms-proteomics;VV=v1.1.0	NT=clinical-metadata;VV=v1.0.0	manual curation	blood
MGRA06-08	homo sapiens	blood	not applicable	rheumatoid arthritis	8	MGRA06-08	proteomic profiling by mass spectrometry	NT=Data-dependent acquisition;AC=PRIDE:0000627	NT=label free sample;AC=MS:1002038	NT=q exactive;AC=MS:1001911	NT=Carbamidomethyl;AC=UNIMOD:4;TA=C;MT=Fixed	NT=Oxidation;AC=UNIMOD:35;TA=M;MT=Variable	NT=Deamidated;AC=UNIMOD:7;TA=NQ;MT=Variable	NT=Dimethyl;AC=UNIMOD:36;TA=K;MT=Variable	NT=Trypsin;AC=MS:1001251	NT=collision-induced dissociation;AC=MS:1000133	0.01 Da	sds page	beta-mercaptoethanol (bme)	1	1	MGRA06-08.raw	ftp://ftp.pride.ebi.ac.uk/pride/data/archive/2024/01/PXD019633/MGRA06-08.raw	v1.1.0	NT=ms-proteomics;VV=v1.1.0	NT=clinical-metadata;VV=v1.0.0	manual curation	blood
MGRA01-05	homo sapiens	blood	not applicable	rheumatoid arthritis	5	MGRA01-05	proteomic profiling by mass spectrometry	NT=Data-dependent acquisition;AC=PRIDE:0000627	NT=label free sample;AC=MS:1002038	NT=q exactive;AC=MS:1001911	NT=Carbamidomethyl;AC=UNIMOD:4;TA=C;MT=Fixed	NT=Oxidation;AC=UNIMOD:35;TA=M;MT=Variable	NT=Deamidated;AC=UNIMOD:7;TA=NQ;MT=Variable	NT=Dimethyl;AC=UNIMOD:36;TA=K;MT=Variable	NT=Trypsin;AC=MS:1001251	NT=collision-induced dissociation;AC=MS:1000133	0.01 Da	sds page	beta-mercaptoethanol (bme)	1	1	MGRA01-05.raw	ftp://ftp.pride.ebi.ac.uk/pride/data/archive/2024/01/PXD019633/MGRA01-05.raw	v1.1.0	NT=ms-proteomics;VV=v1.1.0	NT=clinical-metadata;VV=v1.0.0	manual curation	blood
MGN41-09	homo sapiens	blood	not applicable	rheumatoid arthritis	9	MGN41-09	proteomic profiling by mass spectrometry	NT=Data-dependent acquisition;AC=PRIDE:0000627	NT=label free sample;AC=MS:1002038	NT=q exactive;AC=MS:1001911	NT=Carbamidomethyl;AC=UNIMOD:4;TA=C;MT=Fixed	NT=Oxidation;AC=UNIMOD:35;TA=M;MT=Variable	NT=Deamidated;AC=UNIMOD:7;TA=NQ;MT=Variable	NT=Dimethyl;AC=UNIMOD:36;TA=K;MT=Variable	NT=Trypsin;AC=MS:1001251	NT=collision-induced dissociation;AC=MS:1000133	0.01 Da	sds page	beta-mercaptoethanol (bme)	1	1	MGN41-09.raw	ftp://ftp.pride.ebi.ac.uk/pride/data/archive/2024/01/PXD019633/MGN41-09.raw	v1.1.0	NT=ms-proteomics;VV=v1.1.0	NT=clinical-metadata;VV=v1.0.0	manual curation	blood
MG51-7	homo sapiens	blood	not applicable	rheumatoid arthritis	7	MG51-7	proteomic profiling by mass spectrometry	NT=Data-dependent acquisition;AC=PRIDE:0000627	NT=label free sample;AC=MS:1002038	NT=q exactive;AC=MS:1001911	NT=Carbamidomethyl;AC=UNIMOD:4;TA=C;MT=Fixed	NT=Oxidation;AC=UNIMOD:35;TA=M;MT=Variable	NT=Deamidated;AC=UNIMOD:7;TA=NQ;MT=Variable	NT=Dimethyl;AC=UNIMOD:36;TA=K;MT=Variable	NT=Trypsin;AC=MS:1001251	NT=collision-induced dissociation;AC=MS:1000133	0.01 Da	sds page	beta-mercaptoethanol (bme)	1	1	MG51-7.raw	ftp://ftp.pride.ebi.ac.uk/pride/data/archive/2024/01/PXD019633/MG51-7.raw	v1.1.0	NT=ms-proteomics;VV=v1.1.0	NT=clinical-metadata;VV=v1.0.0	manual curation	blood
MGRA06-05	homo sapiens	blood	not applicable	rheumatoid arthritis	5	MGRA06-05	proteomic profiling by mass spectrometry	NT=Data-dependent acquisition;AC=PRIDE:0000627	NT=label free sample;AC=MS:1002038	NT=q exactive;AC=MS:1001911	NT=Carbamidomethyl;AC=UNIMOD:4;TA=C;MT=Fixed	NT=Oxidation;AC=UNIMOD:35;TA=M;MT=Variable	NT=Deamidated;AC=UNIMOD:7;TA=NQ;MT=Variable	NT=Dimethyl;AC=UNIMOD:36;TA=K;MT=Variable	NT=Trypsin;AC=MS:1001251	NT=collision-induced dissociation;AC=MS:1000133	0.01 Da	sds page	beta-mercaptoethanol (bme)	1	1	MGRA06-05.raw	ftp://ftp.pride.ebi.ac.uk/pride/data/archive/2024/01/PXD019633/MGRA06-05.raw	v1.1.0	NT=ms-proteomics;VV=v1.1.0	NT=clinical-metadata;VV=v1.0.0	manual curation	blood
MGN17-10	homo sapiens	blood	not applicable	rheumatoid arthritis	10	MGN17-10	proteomic profiling by mass spectrometry	NT=Data-dependent acquisition;AC=PRIDE:0000627	NT=label free sample;AC=MS:1002038	NT=q exactive;AC=MS:1001911	NT=Carbamidomethyl;AC=UNIMOD:4;TA=C;MT=Fixed	NT=Oxidation;AC=UNIMOD:35;TA=M;MT=Variable	NT=Deamidated;AC=UNIMOD:7;TA=NQ;MT=Variable	NT=Dimethyl;AC=UNIMOD:36;TA=K;MT=Variable	NT=Trypsin;AC=MS:1001251	NT=collision-induced dissociation;AC=MS:1000133	0.01 Da	sds page	beta-mercaptoethanol (bme)	1	1	MGN17-10.raw	ftp://ftp.pride.ebi.ac.uk/pride/data/archive/2024/01/PXD019633/MGN17-10.raw	v1.1.0	NT=ms-proteomics;VV=v1.1.0	NT=clinical-metadata;VV=v1.0.0	manual curation	blood
MGN41-04	homo sapiens	blood	not applicable	rheumatoid arthritis	4	MGN41-04	proteomic profiling by mass spectrometry	NT=Data-dependent acquisition;AC=PRIDE:0000627	NT=label free sample;AC=MS:1002038	NT=q exactive;AC=MS:1001911	NT=Carbamidomethyl;AC=UNIMOD:4;TA=C;MT=Fixed	NT=Oxidation;AC=UNIMOD:35;TA=M;MT=Variable	NT=Deamidated;AC=UNIMOD:7;TA=NQ;MT=Variable	NT=Dimethyl;AC=UNIMOD:36;TA=K;MT=Variable	NT=Trypsin;AC=MS:1001251	NT=collision-induced dissociation;AC=MS:1000133	0.01 Da	sds page	beta-mercaptoethanol (bme)	1	1	MGN41-04.raw	ftp://ftp.pride.ebi.ac.uk/pride/data/archive/2024/01/PXD019633/MGN41-04.raw	v1.1.0	NT=ms-proteomics;VV=v1.1.0	NT=clinical-metadata;VV=v1.0.0	manual curation	blood
MG51-9	homo sapiens	blood	not applicable	rheumatoid arthritis	9	MG51-9	proteomic profiling by mass spectrometry	NT=Data-dependent acquisition;AC=PRIDE:0000627	NT=label free sample;AC=MS:1002038	NT=q exactive;AC=MS:1001911	NT=Carbamidomethyl;AC=UNIMOD:4;TA=C;MT=Fixed	NT=Oxidation;AC=UNIMOD:35;TA=M;MT=Variable	NT=Deamidated;AC=UNIMOD:7;TA=NQ;MT=Variable	NT=Dimethyl;AC=UNIMOD:36;TA=K;MT=Variable	NT=Trypsin;AC=MS:1001251	NT=collision-induced dissociation;AC=MS:1000133	0.01 Da	sds page	beta-mercaptoethanol (bme)	1	1	MG51-9.raw	ftp://ftp.pride.ebi.ac.uk/pride/data/archive/2024/01/PXD019633/MG51-9.raw	v1.1.0	NT=ms-proteomics;VV=v1.1.0	NT=clinical-metadata;VV=v1.0.0	manual curation	blood
MGRA04-01	homo sapiens	blood	not applicable	rheumatoid arthritis	1	MGRA04-01	proteomic profiling by mass spectrometry	NT=Data-dependent acquisition;AC=PRIDE:0000627	NT=label free sample;AC=MS:1002038	NT=q exactive;AC=MS:1001911	NT=Carbamidomethyl;AC=UNIMOD:4;TA=C;MT=Fixed	NT=Oxidation;AC=UNIMOD:35;TA=M;MT=Variable	NT=Deamidated;AC=UNIMOD:7;TA=NQ;MT=Variable	NT=Dimethyl;AC=UNIMOD:36;TA=K;MT=Variable	NT=Trypsin;AC=MS:1001251	NT=collision-induced dissociation;AC=MS:1000133	0.01 Da	sds page	beta-mercaptoethanol (bme)	1	1	MGRA04-01.raw	ftp://ftp.pride.ebi.ac.uk/pride/data/archive/2024/01/PXD019633/MGRA04-01.raw	v1.1.0	NT=ms-proteomics;VV=v1.1.0	NT=clinical-metadata;VV=v1.0.0	manual curation	blood
MG03-05	homo sapiens	blood	not applicable	rheumatoid arthritis	5	MG03-05	proteomic profiling by mass spectrometry	NT=Data-dependent acquisition;AC=PRIDE:0000627	NT=label free sample;AC=MS:1002038	NT=q exactive;AC=MS:1001911	NT=Carbamidomethyl;AC=UNIMOD:4;TA=C;MT=Fixed	NT=Oxidation;AC=UNIMOD:35;TA=M;MT=Variable	NT=Deamidated;AC=UNIMOD:7;TA=NQ;MT=Variable	NT=Dimethyl;AC=UNIMOD:36;TA=K;MT=Variable	NT=Trypsin;AC=MS:1001251	NT=collision-induced dissociation;AC=MS:1000133	0.01 Da	sds page	beta-mercaptoethanol (bme)	1	1	MG03-05.raw	ftp://ftp.pride.ebi.ac.uk/pride/data/archive/2024/01/PXD019633/MG03-05.raw	v1.1.0	NT=ms-proteomics;VV=v1.1.0	NT=clinical-metadata;VV=v1.0.0	manual curation	blood
MGRA02-08	homo sapiens	blood	not applicable	rheumatoid arthritis	8	MGRA02-08	proteomic profiling by mass spectrometry	NT=Data-dependent acquisition;AC=PRIDE:0000627	NT=label free sample;AC=MS:1002038	NT=q exactive;AC=MS:1001911	NT=Carbamidomethyl;AC=UNIMOD:4;TA=C;MT=Fixed	NT=Oxidation;AC=UNIMOD:35;TA=M;MT=Variable	NT=Deamidated;AC=UNIMOD:7;TA=NQ;MT=Variable	NT=Dimethyl;AC=UNIMOD:36;TA=K;MT=Variable	NT=Trypsin;AC=MS:1001251	NT=collision-induced dissociation;AC=MS:1000133	0.01 Da	sds page	beta-mercaptoethanol (bme)	1	1	MGRA02-08.raw	ftp://ftp.pride.ebi.ac.uk/pride/data/archive/2024/01/PXD019633/MGRA02-08.raw	v1.1.0	NT=ms-proteomics;VV=v1.1.0	NT=clinical-metadata;VV=v1.0.0	manual curation	blood
MGN35-11	homo sapiens	blood	not applicable	rheumatoid arthritis	11	MGN35-11	proteomic profiling by mass spectrometry	NT=Data-dependent acquisition;AC=PRIDE:0000627	NT=label free sample;AC=MS:1002038	NT=q exactive;AC=MS:1001911	NT=Carbamidomethyl;AC=UNIMOD:4;TA=C;MT=Fixed	NT=Oxidation;AC=UNIMOD:35;TA=M;MT=Variable	NT=Deamidated;AC=UNIMOD:7;TA=NQ;MT=Variable	NT=Dimethyl;AC=UNIMOD:36;TA=K;MT=Variable	NT=Trypsin;AC=MS:1001251	NT=collision-induced dissociation;AC=MS:1000133	0.01 Da	sds page	beta-mercaptoethanol (bme)	1	1	MGN35-11.raw	ftp://ftp.pride.ebi.ac.uk/pride/data/archive/2024/01/PXD019633/MGN35-11.raw	v1.1.0	NT=ms-proteomics;VV=v1.1.0	NT=clinical-metadata;VV=v1.0.0	manual curation	blood
MGN42-03	homo sapiens	blood	not applicable	rheumatoid arthritis	3	MGN42-03	proteomic profiling by mass spectrometry	NT=Data-dependent acquisition;AC=PRIDE:0000627	NT=label free sample;AC=MS:1002038	NT=q exactive;AC=MS:1001911	NT=Carbamidomethyl;AC=UNIMOD:4;TA=C;MT=Fixed	NT=Oxidation;AC=UNIMOD:35;TA=M;MT=Variable	NT=Deamidated;AC=UNIMOD:7;TA=NQ;MT=Variable	NT=Dimethyl;AC=UNIMOD:36;TA=K;MT=Variable	NT=Trypsin;AC=MS:1001251	NT=collision-induced dissociation;AC=MS:1000133	0.01 Da	sds page	beta-mercaptoethanol (bme)	1	1	MGN42-03.raw	ftp://ftp.pride.ebi.ac.uk/pride/data/archive/2024/01/PXD019633/MGN42-03.raw	v1.1.0	NT=ms-proteomics;VV=v1.1.0	NT=clinical-metadata;VV=v1.0.0	manual curation	blood
MGN35-04	homo sapiens	blood	not applicable	rheumatoid arthritis	4	MGN35-04	proteomic profiling by mass spectrometry	NT=Data-dependent acquisition;AC=PRIDE:0000627	NT=label free sample;AC=MS:1002038	NT=q exactive;AC=MS:1001911	NT=Carbamidomethyl;AC=UNIMOD:4;TA=C;MT=Fixed	NT=Oxidation;AC=UNIMOD:35;TA=M;MT=Variable	NT=Deamidated;AC=UNIMOD:7;TA=NQ;MT=Variable	NT=Dimethyl;AC=UNIMOD:36;TA=K;MT=Variable	NT=Trypsin;AC=MS:1001251	NT=collision-induced dissociation;AC=MS:1000133	0.01 Da	sds page	beta-mercaptoethanol (bme)	1	1	MGN35-04.raw	ftp://ftp.pride.ebi.ac.uk/pride/data/archive/2024/01/PXD019633/MGN35-04.raw	v1.1.0	NT=ms-proteomics;VV=v1.1.0	NT=clinical-metadata;VV=v1.0.0	manual curation	blood
MGRA03-05	homo sapiens	blood	not applicable	rheumatoid arthritis	5	MGRA03-05	proteomic profiling by mass spectrometry	NT=Data-dependent acquisition;AC=PRIDE:0000627	NT=label free sample;AC=MS:1002038	NT=q exactive;AC=MS:1001911	NT=Carbamidomethyl;AC=UNIMOD:4;TA=C;MT=Fixed	NT=Oxidation;AC=UNIMOD:35;TA=M;MT=Variable	NT=Deamidated;AC=UNIMOD:7;TA=NQ;MT=Variable	NT=Dimethyl;AC=UNIMOD:36;TA=K;MT=Variable	NT=Trypsin;AC=MS:1001251	NT=collision-induced dissociation;AC=MS:1000133	0.01 Da	sds page	beta-mercaptoethanol (bme)	1	1	MGRA03-05.raw	ftp://ftp.pride.ebi.ac.uk/pride/data/archive/2024/01/PXD019633/MGRA03-05.raw	v1.1.0	NT=ms-proteomics;VV=v1.1.0	NT=clinical-metadata;VV=v1.0.0	manual curation	blood
MG51-11	homo sapiens	blood	not applicable	rheumatoid arthritis	11	MG51-11	proteomic profiling by mass spectrometry	NT=Data-dependent acquisition;AC=PRIDE:0000627	NT=label free sample;AC=MS:1002038	NT=q exactive;AC=MS:1001911	NT=Carbamidomethyl;AC=UNIMOD:4;TA=C;MT=Fixed	NT=Oxidation;AC=UNIMOD:35;TA=M;MT=Variable	NT=Deamidated;AC=UNIMOD:7;TA=NQ;MT=Variable	NT=Dimethyl;AC=UNIMOD:36;TA=K;MT=Variable	NT=Trypsin;AC=MS:1001251	NT=collision-induced dissociation;AC=MS:1000133	0.01 Da	sds page	beta-mercaptoethanol (bme)	1	1	MG51-11.raw	ftp://ftp.pride.ebi.ac.uk/pride/data/archive/2024/01/PXD019633/MG51-11.raw	v1.1.0	NT=ms-proteomics;VV=v1.1.0	NT=clinical-metadata;VV=v1.0.0	manual curation	blood
MGN43-08	homo sapiens	blood	not applicable	rheumatoid arthritis	8	MGN43-08	proteomic profiling by mass spectrometry	NT=Data-dependent acquisition;AC=PRIDE:0000627	NT=label free sample;AC=MS:1002038	NT=q exactive;AC=MS:1001911	NT=Carbamidomethyl;AC=UNIMOD:4;TA=C;MT=Fixed	NT=Oxidation;AC=UNIMOD:35;TA=M;MT=Variable	NT=Deamidated;AC=UNIMOD:7;TA=NQ;MT=Variable	NT=Dimethyl;AC=UNIMOD:36;TA=K;MT=Variable	NT=Trypsin;AC=MS:1001251	NT=collision-induced dissociation;AC=MS:1000133	0.01 Da	sds page	beta-mercaptoethanol (bme)	1	1	MGN43-08.raw	ftp://ftp.pride.ebi.ac.uk/pride/data/archive/2024/01/PXD019633/MGN43-08.raw	v1.1.0	NT=ms-proteomics;VV=v1.1.0	NT=clinical-metadata;VV=v1.0.0	manual curation	blood
MGN41-03	homo sapiens	blood	not applicable	rheumatoid arthritis	3	MGN41-03	proteomic profiling by mass spectrometry	NT=Data-dependent acquisition;AC=PRIDE:0000627	NT=label free sample;AC=MS:1002038	NT=q exactive;AC=MS:1001911	NT=Carbamidomethyl;AC=UNIMOD:4;TA=C;MT=Fixed	NT=Oxidation;AC=UNIMOD:35;TA=M;MT=Variable	NT=Deamidated;AC=UNIMOD:7;TA=NQ;MT=Variable	NT=Dimethyl;AC=UNIMOD:36;TA=K;MT=Variable	NT=Trypsin;AC=MS:1001251	NT=collision-induced dissociation;AC=MS:1000133	0.01 Da	sds page	beta-mercaptoethanol (bme)	1	1	MGN41-03.raw	ftp://ftp.pride.ebi.ac.uk/pride/data/archive/2024/01/PXD019633/MGN41-03.raw	v1.1.0	NT=ms-proteomics;VV=v1.1.0	NT=clinical-metadata;VV=v1.0.0	manual curation	blood
MGRA02-05	homo sapiens	blood	not applicable	rheumatoid arthritis	5	MGRA02-05	proteomic profiling by mass spectrometry	NT=Data-dependent acquisition;AC=PRIDE:0000627	NT=label free sample;AC=MS:1002038	NT=q exactive;AC=MS:1001911	NT=Carbamidomethyl;AC=UNIMOD:4;TA=C;MT=Fixed	NT=Oxidation;AC=UNIMOD:35;TA=M;MT=Variable	NT=Deamidated;AC=UNIMOD:7;TA=NQ;MT=Variable	NT=Dimethyl;AC=UNIMOD:36;TA=K;MT=Variable	NT=Trypsin;AC=MS:1001251	NT=collision-induced dissociation;AC=MS:1000133	0.01 Da	sds page	beta-mercaptoethanol (bme)	1	1	MGRA02-05.raw	ftp://ftp.pride.ebi.ac.uk/pride/data/archive/2024/01/PXD019633/MGRA02-05.raw	v1.1.0	NT=ms-proteomics;VV=v1.1.0	NT=clinical-metadata;VV=v1.0.0	manual curation	blood
MG51-5	homo sapiens	blood	not applicable	rheumatoid arthritis	5	MG51-5	proteomic profiling by mass spectrometry	NT=Data-dependent acquisition;AC=PRIDE:0000627	NT=label free sample;AC=MS:1002038	NT=q exactive;AC=MS:1001911	NT=Carbamidomethyl;AC=UNIMOD:4;TA=C;MT=Fixed	NT=Oxidation;AC=UNIMOD:35;TA=M;MT=Variable	NT=Deamidated;AC=UNIMOD:7;TA=NQ;MT=Variable	NT=Dimethyl;AC=UNIMOD:36;TA=K;MT=Variable	NT=Trypsin;AC=MS:1001251	NT=collision-induced dissociation;AC=MS:1000133	0.01 Da	sds page	beta-mercaptoethanol (bme)	1	1	MG51-5.raw	ftp://ftp.pride.ebi.ac.uk/pride/data/archive/2024/01/PXD019633/MG51-5.raw	v1.1.0	NT=ms-proteomics;VV=v1.1.0	NT=clinical-metadata;VV=v1.0.0	manual curation	blood
MGN42-11	homo sapiens	blood	not applicable	rheumatoid arthritis	11	MGN42-11	proteomic profiling by mass spectrometry	NT=Data-dependent acquisition;AC=PRIDE:0000627	NT=label free sample;AC=MS:1002038	NT=q exactive;AC=MS:1001911	NT=Carbamidomethyl;AC=UNIMOD:4;TA=C;MT=Fixed	NT=Oxidation;AC=UNIMOD:35;TA=M;MT=Variable	NT=Deamidated;AC=UNIMOD:7;TA=NQ;MT=Variable	NT=Dimethyl;AC=UNIMOD:36;TA=K;MT=Variable	NT=Trypsin;AC=MS:1001251	NT=collision-induced dissociation;AC=MS:1000133	0.01 Da	sds page	beta-mercaptoethanol (bme)	1	1	MGN42-11.raw	ftp://ftp.pride.ebi.ac.uk/pride/data/archive/2024/01/PXD019633/MGN42-11.raw	v1.1.0	NT=ms-proteomics;VV=v1.1.0	NT=clinical-metadata;VV=v1.0.0	manual curation	blood
MG51-4	homo sapiens	blood	not applicable	rheumatoid arthritis	4	MG51-4	proteomic profiling by mass spectrometry	NT=Data-dependent acquisition;AC=PRIDE:0000627	NT=label free sample;AC=MS:1002038	NT=q exactive;AC=MS:1001911	NT=Carbamidomethyl;AC=UNIMOD:4;TA=C;MT=Fixed	NT=Oxidation;AC=UNIMOD:35;TA=M;MT=Variable	NT=Deamidated;AC=UNIMOD:7;TA=NQ;MT=Variable	NT=Dimethyl;AC=UNIMOD:36;TA=K;MT=Variable	NT=Trypsin;AC=MS:1001251	NT=collision-induced dissociation;AC=MS:1000133	0.01 Da	sds page	beta-mercaptoethanol (bme)	1	1	MG51-4.raw	ftp://ftp.pride.ebi.ac.uk/pride/data/archive/2024/01/PXD019633/MG51-4.raw	v1.1.0	NT=ms-proteomics;VV=v1.1.0	NT=clinical-metadata;VV=v1.0.0	manual curation	blood
MGN35-06	homo sapiens	blood	not applicable	rheumatoid arthritis	6	MGN35-06	proteomic profiling by mass spectrometry	NT=Data-dependent acquisition;AC=PRIDE:0000627	NT=label free sample;AC=MS:1002038	NT=q exactive;AC=MS:1001911	NT=Carbamidomethyl;AC=UNIMOD:4;TA=C;MT=Fixed	NT=Oxidation;AC=UNIMOD:35;TA=M;MT=Variable	NT=Deamidated;AC=UNIMOD:7;TA=NQ;MT=Variable	NT=Dimethyl;AC=UNIMOD:36;TA=K;MT=Variable	NT=Trypsin;AC=MS:1001251	NT=collision-induced dissociation;AC=MS:1000133	0.01 Da	sds page	beta-mercaptoethanol (bme)	1	1	MGN35-06.raw	ftp://ftp.pride.ebi.ac.uk/pride/data/archive/2024/01/PXD019633/MGN35-06.raw	v1.1.0	NT=ms-proteomics;VV=v1.1.0	NT=clinical-metadata;VV=v1.0.0	manual curation	blood
MGN35-07	homo sapiens	blood	not applicable	rheumatoid arthritis	7	MGN35-07	proteomic profiling by mass spectrometry	NT=Data-dependent acquisition;AC=PRIDE:0000627	NT=label free sample;AC=MS:1002038	NT=q exactive;AC=MS:1001911	NT=Carbamidomethyl;AC=UNIMOD:4;TA=C;MT=Fixed	NT=Oxidation;AC=UNIMOD:35;TA=M;MT=Variable	NT=Deamidated;AC=UNIMOD:7;TA=NQ;MT=Variable	NT=Dimethyl;AC=UNIMOD:36;TA=K;MT=Variable	NT=Trypsin;AC=MS:1001251	NT=collision-induced dissociation;AC=MS:1000133	0.01 Da	sds page	beta-mercaptoethanol (bme)	1	1	MGN35-07.raw	ftp://ftp.pride.ebi.ac.uk/pride/data/archive/2024/01/PXD019633/MGN35-07.raw	v1.1.0	NT=ms-proteomics;VV=v1.1.0	NT=clinical-metadata;VV=v1.0.0	manual curation	blood
MGN07-4	homo sapiens	blood	not applicable	rheumatoid arthritis	4	MGN07-4	proteomic profiling by mass spectrometry	NT=Data-dependent acquisition;AC=PRIDE:0000627	NT=label free sample;AC=MS:1002038	NT=q exactive;AC=MS:1001911	NT=Carbamidomethyl;AC=UNIMOD:4;TA=C;MT=Fixed	NT=Oxidation;AC=UNIMOD:35;TA=M;MT=Variable	NT=Deamidated;AC=UNIMOD:7;TA=NQ;MT=Variable	NT=Dimethyl;AC=UNIMOD:36;TA=K;MT=Variable	NT=Trypsin;AC=MS:1001251	NT=collision-induced dissociation;AC=MS:1000133	0.01 Da	sds page	beta-mercaptoethanol (bme)	1	1	MGN07-4.raw	ftp://ftp.pride.ebi.ac.uk/pride/data/archive/2024/01/PXD019633/MGN07-4.raw	v1.1.0	NT=ms-proteomics;VV=v1.1.0	NT=clinical-metadata;VV=v1.0.0	manual curation	blood
MGN42-12	homo sapiens	blood	not applicable	rheumatoid arthritis	12	MGN42-12	proteomic profiling by mass spectrometry	NT=Data-dependent acquisition;AC=PRIDE:0000627	NT=label free sample;AC=MS:1002038	NT=q exactive;AC=MS:1001911	NT=Carbamidomethyl;AC=UNIMOD:4;TA=C;MT=Fixed	NT=Oxidation;AC=UNIMOD:35;TA=M;MT=Variable	NT=Deamidated;AC=UNIMOD:7;TA=NQ;MT=Variable	NT=Dimethyl;AC=UNIMOD:36;TA=K;MT=Variable	NT=Trypsin;AC=MS:1001251	NT=collision-induced dissociation;AC=MS:1000133	0.01 Da	sds page	beta-mercaptoethanol (bme)	1	1	MGN42-12.raw	ftp://ftp.pride.ebi.ac.uk/pride/data/archive/2024/01/PXD019633/MGN42-12.raw	v1.1.0	NT=ms-proteomics;VV=v1.1.0	NT=clinical-metadata;VV=v1.0.0	manual curation	blood
MG03-13	homo sapiens	blood	not applicable	rheumatoid arthritis	13	MG03-13	proteomic profiling by mass spectrometry	NT=Data-dependent acquisition;AC=PRIDE:0000627	NT=label free sample;AC=MS:1002038	NT=q exactive;AC=MS:1001911	NT=Carbamidomethyl;AC=UNIMOD:4;TA=C;MT=Fixed	NT=Oxidation;AC=UNIMOD:35;TA=M;MT=Variable	NT=Deamidated;AC=UNIMOD:7;TA=NQ;MT=Variable	NT=Dimethyl;AC=UNIMOD:36;TA=K;MT=Variable	NT=Trypsin;AC=MS:1001251	NT=collision-induced dissociation;AC=MS:1000133	0.01 Da	sds page	beta-mercaptoethanol (bme)	1	1	MG03-13.raw	ftp://ftp.pride.ebi.ac.uk/pride/data/archive/2024/01/PXD019633/MG03-13.raw	v1.1.0	NT=ms-proteomics;VV=v1.1.0	NT=clinical-metadata;VV=v1.0.0	manual curation	blood
MG61-08	homo sapiens	blood	not applicable	rheumatoid arthritis	8	MG61-08	proteomic profiling by mass spectrometry	NT=Data-dependent acquisition;AC=PRIDE:0000627	NT=label free sample;AC=MS:1002038	NT=q exactive;AC=MS:1001911	NT=Carbamidomethyl;AC=UNIMOD:4;TA=C;MT=Fixed	NT=Oxidation;AC=UNIMOD:35;TA=M;MT=Variable	NT=Deamidated;AC=UNIMOD:7;TA=NQ;MT=Variable	NT=Dimethyl;AC=UNIMOD:36;TA=K;MT=Variable	NT=Trypsin;AC=MS:1001251	NT=collision-induced dissociation;AC=MS:1000133	0.01 Da	sds page	beta-mercaptoethanol (bme)	1	1	MG61-08.raw	ftp://ftp.pride.ebi.ac.uk/pride/data/archive/2024/01/PXD019633/MG61-08.raw	v1.1.0	NT=ms-proteomics;VV=v1.1.0	NT=clinical-metadata;VV=v1.0.0	manual curation	blood
MGRA03-12	homo sapiens	blood	not applicable	rheumatoid arthritis	12	MGRA03-12	proteomic profiling by mass spectrometry	NT=Data-dependent acquisition;AC=PRIDE:0000627	NT=label free sample;AC=MS:1002038	NT=q exactive;AC=MS:1001911	NT=Carbamidomethyl;AC=UNIMOD:4;TA=C;MT=Fixed	NT=Oxidation;AC=UNIMOD:35;TA=M;MT=Variable	NT=Deamidated;AC=UNIMOD:7;TA=NQ;MT=Variable	NT=Dimethyl;AC=UNIMOD:36;TA=K;MT=Variable	NT=Trypsin;AC=MS:1001251	NT=collision-induced dissociation;AC=MS:1000133	0.01 Da	sds page	beta-mercaptoethanol (bme)	1	1	MGRA03-12.raw	ftp://ftp.pride.ebi.ac.uk/pride/data/archive/2024/01/PXD019633/MGRA03-12.raw	v1.1.0	NT=ms-proteomics;VV=v1.1.0	NT=clinical-metadata;VV=v1.0.0	manual curation	blood
MGN35-05	homo sapiens	blood	not applicable	rheumatoid arthritis	5	MGN35-05	proteomic profiling by mass spectrometry	NT=Data-dependent acquisition;AC=PRIDE:0000627	NT=label free sample;AC=MS:1002038	NT=q exactive;AC=MS:1001911	NT=Carbamidomethyl;AC=UNIMOD:4;TA=C;MT=Fixed	NT=Oxidation;AC=UNIMOD:35;TA=M;MT=Variable	NT=Deamidated;AC=UNIMOD:7;TA=NQ;MT=Variable	NT=Dimethyl;AC=UNIMOD:36;TA=K;MT=Variable	NT=Trypsin;AC=MS:1001251	NT=collision-induced dissociation;AC=MS:1000133	0.01 Da	sds page	beta-mercaptoethanol (bme)	1	1	MGN35-05.raw	ftp://ftp.pride.ebi.ac.uk/pride/data/archive/2024/01/PXD019633/MGN35-05.raw	v1.1.0	NT=ms-proteomics;VV=v1.1.0	NT=clinical-metadata;VV=v1.0.0	manual curation	blood
MG03-12	homo sapiens	blood	not applicable	rheumatoid arthritis	12	MG03-12	proteomic profiling by mass spectrometry	NT=Data-dependent acquisition;AC=PRIDE:0000627	NT=label free sample;AC=MS:1002038	NT=q exactive;AC=MS:1001911	NT=Carbamidomethyl;AC=UNIMOD:4;TA=C;MT=Fixed	NT=Oxidation;AC=UNIMOD:35;TA=M;MT=Variable	NT=Deamidated;AC=UNIMOD:7;TA=NQ;MT=Variable	NT=Dimethyl;AC=UNIMOD:36;TA=K;MT=Variable	NT=Trypsin;AC=MS:1001251	NT=collision-induced dissociation;AC=MS:1000133	0.01 Da	sds page	beta-mercaptoethanol (bme)	1	1	MG03-12.raw	ftp://ftp.pride.ebi.ac.uk/pride/data/archive/2024/01/PXD019633/MG03-12.raw	v1.1.0	NT=ms-proteomics;VV=v1.1.0	NT=clinical-metadata;VV=v1.0.0	manual curation	blood
MGRA02-01	homo sapiens	blood	not applicable	rheumatoid arthritis	1	MGRA02-01	proteomic profiling by mass spectrometry	NT=Data-dependent acquisition;AC=PRIDE:0000627	NT=label free sample;AC=MS:1002038	NT=q exactive;AC=MS:1001911	NT=Carbamidomethyl;AC=UNIMOD:4;TA=C;MT=Fixed	NT=Oxidation;AC=UNIMOD:35;TA=M;MT=Variable	NT=Deamidated;AC=UNIMOD:7;TA=NQ;MT=Variable	NT=Dimethyl;AC=UNIMOD:36;TA=K;MT=Variable	NT=Trypsin;AC=MS:1001251	NT=collision-induced dissociation;AC=MS:1000133	0.01 Da	sds page	beta-mercaptoethanol (bme)	1	1	MGRA02-01.raw	ftp://ftp.pride.ebi.ac.uk/pride/data/archive/2024/01/PXD019633/MGRA02-01.raw	v1.1.0	NT=ms-proteomics;VV=v1.1.0	NT=clinical-metadata;VV=v1.0.0	manual curation	blood
MG51-2	homo sapiens	blood	not applicable	rheumatoid arthritis	2	MG51-2	proteomic profiling by mass spectrometry	NT=Data-dependent acquisition;AC=PRIDE:0000627	NT=label free sample;AC=MS:1002038	NT=q exactive;AC=MS:1001911	NT=Carbamidomethyl;AC=UNIMOD:4;TA=C;MT=Fixed	NT=Oxidation;AC=UNIMOD:35;TA=M;MT=Variable	NT=Deamidated;AC=UNIMOD:7;TA=NQ;MT=Variable	NT=Dimethyl;AC=UNIMOD:36;TA=K;MT=Variable	NT=Trypsin;AC=MS:1001251	NT=collision-induced dissociation;AC=MS:1000133	0.01 Da	sds page	beta-mercaptoethanol (bme)	1	1	MG51-2.raw	ftp://ftp.pride.ebi.ac.uk/pride/data/archive/2024/01/PXD019633/MG51-2.raw	v1.1.0	NT=ms-proteomics;VV=v1.1.0	NT=clinical-metadata;VV=v1.0.0	manual curation	blood
MGN42-09	homo sapiens	blood	not applicable	rheumatoid arthritis	9	MGN42-09	proteomic profiling by mass spectrometry	NT=Data-dependent acquisition;AC=PRIDE:0000627	NT=label free sample;AC=MS:1002038	NT=q exactive;AC=MS:1001911	NT=Carbamidomethyl;AC=UNIMOD:4;TA=C;MT=Fixed	NT=Oxidation;AC=UNIMOD:35;TA=M;MT=Variable	NT=Deamidated;AC=UNIMOD:7;TA=NQ;MT=Variable	NT=Dimethyl;AC=UNIMOD:36;TA=K;MT=Variable	NT=Trypsin;AC=MS:1001251	NT=collision-induced dissociation;AC=MS:1000133	0.01 Da	sds page	beta-mercaptoethanol (bme)	1	1	MGN42-09.raw	ftp://ftp.pride.ebi.ac.uk/pride/data/archive/2024/01/PXD019633/MGN42-09.raw	v1.1.0	NT=ms-proteomics;VV=v1.1.0	NT=clinical-metadata;VV=v1.0.0	manual curation	blood
MGN41-02	homo sapiens	blood	not applicable	rheumatoid arthritis	2	MGN41-02	proteomic profiling by mass spectrometry	NT=Data-dependent acquisition;AC=PRIDE:0000627	NT=label free sample;AC=MS:1002038	NT=q exactive;AC=MS:1001911	NT=Carbamidomethyl;AC=UNIMOD:4;TA=C;MT=Fixed	NT=Oxidation;AC=UNIMOD:35;TA=M;MT=Variable	NT=Deamidated;AC=UNIMOD:7;TA=NQ;MT=Variable	NT=Dimethyl;AC=UNIMOD:36;TA=K;MT=Variable	NT=Trypsin;AC=MS:1001251	NT=collision-induced dissociation;AC=MS:1000133	0.01 Da	sds page	beta-mercaptoethanol (bme)	1	1	MGN41-02.raw	ftp://ftp.pride.ebi.ac.uk/pride/data/archive/2024/01/PXD019633/MGN41-02.raw	v1.1.0	NT=ms-proteomics;VV=v1.1.0	NT=clinical-metadata;VV=v1.0.0	manual curation	blood
MGN35-12	homo sapiens	blood	not applicable	rheumatoid arthritis	12	MGN35-12	proteomic profiling by mass spectrometry	NT=Data-dependent acquisition;AC=PRIDE:0000627	NT=label free sample;AC=MS:1002038	NT=q exactive;AC=MS:1001911	NT=Carbamidomethyl;AC=UNIMOD:4;TA=C;MT=Fixed	NT=Oxidation;AC=UNIMOD:35;TA=M;MT=Variable	NT=Deamidated;AC=UNIMOD:7;TA=NQ;MT=Variable	NT=Dimethyl;AC=UNIMOD:36;TA=K;MT=Variable	NT=Trypsin;AC=MS:1001251	NT=collision-induced dissociation;AC=MS:1000133	0.01 Da	sds page	beta-mercaptoethanol (bme)	1	1	MGN35-12.raw	ftp://ftp.pride.ebi.ac.uk/pride/data/archive/2024/01/PXD019633/MGN35-12.raw	v1.1.0	NT=ms-proteomics;VV=v1.1.0	NT=clinical-metadata;VV=v1.0.0	manual curation	blood
MGRA01-04	homo sapiens	blood	not applicable	rheumatoid arthritis	4	MGRA01-04	proteomic profiling by mass spectrometry	NT=Data-dependent acquisition;AC=PRIDE:0000627	NT=label free sample;AC=MS:1002038	NT=q exactive;AC=MS:1001911	NT=Carbamidomethyl;AC=UNIMOD:4;TA=C;MT=Fixed	NT=Oxidation;AC=UNIMOD:35;TA=M;MT=Variable	NT=Deamidated;AC=UNIMOD:7;TA=NQ;MT=Variable	NT=Dimethyl;AC=UNIMOD:36;TA=K;MT=Variable	NT=Trypsin;AC=MS:1001251	NT=collision-induced dissociation;AC=MS:1000133	0.01 Da	sds page	beta-mercaptoethanol (bme)	1	1	MGRA01-04.raw	ftp://ftp.pride.ebi.ac.uk/pride/data/archive/2024/01/PXD019633/MGRA01-04.raw	v1.1.0	NT=ms-proteomics;VV=v1.1.0	NT=clinical-metadata;VV=v1.0.0	manual curation	blood
MGN43-02	homo sapiens	blood	not applicable	rheumatoid arthritis	2	MGN43-02	proteomic profiling by mass spectrometry	NT=Data-dependent acquisition;AC=PRIDE:0000627	NT=label free sample;AC=MS:1002038	NT=q exactive;AC=MS:1001911	NT=Carbamidomethyl;AC=UNIMOD:4;TA=C;MT=Fixed	NT=Oxidation;AC=UNIMOD:35;TA=M;MT=Variable	NT=Deamidated;AC=UNIMOD:7;TA=NQ;MT=Variable	NT=Dimethyl;AC=UNIMOD:36;TA=K;MT=Variable	NT=Trypsin;AC=MS:1001251	NT=collision-induced dissociation;AC=MS:1000133	0.01 Da	sds page	beta-mercaptoethanol (bme)	1	1	MGN43-02.raw	ftp://ftp.pride.ebi.ac.uk/pride/data/archive/2024/01/PXD019633/MGN43-02.raw	v1.1.0	NT=ms-proteomics;VV=v1.1.0	NT=clinical-metadata;VV=v1.0.0	manual curation	blood
MGRA03-06	homo sapiens	blood	not applicable	rheumatoid arthritis	6	MGRA03-06	proteomic profiling by mass spectrometry	NT=Data-dependent acquisition;AC=PRIDE:0000627	NT=label free sample;AC=MS:1002038	NT=q exactive;AC=MS:1001911	NT=Carbamidomethyl;AC=UNIMOD:4;TA=C;MT=Fixed	NT=Oxidation;AC=UNIMOD:35;TA=M;MT=Variable	NT=Deamidated;AC=UNIMOD:7;TA=NQ;MT=Variable	NT=Dimethyl;AC=UNIMOD:36;TA=K;MT=Variable	NT=Trypsin;AC=MS:1001251	NT=collision-induced dissociation;AC=MS:1000133	0.01 Da	sds page	beta-mercaptoethanol (bme)	1	1	MGRA03-06.raw	ftp://ftp.pride.ebi.ac.uk/pride/data/archive/2024/01/PXD019633/MGRA03-06.raw	v1.1.0	NT=ms-proteomics;VV=v1.1.0	NT=clinical-metadata;VV=v1.0.0	manual curation	blood
MG52-07	homo sapiens	blood	not applicable	rheumatoid arthritis	7	MG52-07	proteomic profiling by mass spectrometry	NT=Data-dependent acquisition;AC=PRIDE:0000627	NT=label free sample;AC=MS:1002038	NT=q exactive;AC=MS:1001911	NT=Carbamidomethyl;AC=UNIMOD:4;TA=C;MT=Fixed	NT=Oxidation;AC=UNIMOD:35;TA=M;MT=Variable	NT=Deamidated;AC=UNIMOD:7;TA=NQ;MT=Variable	NT=Dimethyl;AC=UNIMOD:36;TA=K;MT=Variable	NT=Trypsin;AC=MS:1001251	NT=collision-induced dissociation;AC=MS:1000133	0.01 Da	sds page	beta-mercaptoethanol (bme)	1	1	MG52-07.raw	ftp://ftp.pride.ebi.ac.uk/pride/data/archive/2024/01/PXD019633/MG52-07.raw	v1.1.0	NT=ms-proteomics;VV=v1.1.0	NT=clinical-metadata;VV=v1.0.0	manual curation	blood
MGRA01-03	homo sapiens	blood	not applicable	rheumatoid arthritis	3	MGRA01-03	proteomic profiling by mass spectrometry	NT=Data-dependent acquisition;AC=PRIDE:0000627	NT=label free sample;AC=MS:1002038	NT=q exactive;AC=MS:1001911	NT=Carbamidomethyl;AC=UNIMOD:4;TA=C;MT=Fixed	NT=Oxidation;AC=UNIMOD:35;TA=M;MT=Variable	NT=Deamidated;AC=UNIMOD:7;TA=NQ;MT=Variable	NT=Dimethyl;AC=UNIMOD:36;TA=K;MT=Variable	NT=Trypsin;AC=MS:1001251	NT=collision-induced dissociation;AC=MS:1000133	0.01 Da	sds page	beta-mercaptoethanol (bme)	1	1	MGRA01-03.raw	ftp://ftp.pride.ebi.ac.uk/pride/data/archive/2024/01/PXD019633/MGRA01-03.raw	v1.1.0	NT=ms-proteomics;VV=v1.1.0	NT=clinical-metadata;VV=v1.0.0	manual curation	blood
MG03-02	homo sapiens	blood	not applicable	rheumatoid arthritis	2	MG03-02	proteomic profiling by mass spectrometry	NT=Data-dependent acquisition;AC=PRIDE:0000627	NT=label free sample;AC=MS:1002038	NT=q exactive;AC=MS:1001911	NT=Carbamidomethyl;AC=UNIMOD:4;TA=C;MT=Fixed	NT=Oxidation;AC=UNIMOD:35;TA=M;MT=Variable	NT=Deamidated;AC=UNIMOD:7;TA=NQ;MT=Variable	NT=Dimethyl;AC=UNIMOD:36;TA=K;MT=Variable	NT=Trypsin;AC=MS:1001251	NT=collision-induced dissociation;AC=MS:1000133	0.01 Da	sds page	beta-mercaptoethanol (bme)	1	1	MG03-02.raw	ftp://ftp.pride.ebi.ac.uk/pride/data/archive/2024/01/PXD019633/MG03-02.raw	v1.1.0	NT=ms-proteomics;VV=v1.1.0	NT=clinical-metadata;VV=v1.0.0	manual curation	blood
MGRA06-06	homo sapiens	blood	not applicable	rheumatoid arthritis	6	MGRA06-06	proteomic profiling by mass spectrometry	NT=Data-dependent acquisition;AC=PRIDE:0000627	NT=label free sample;AC=MS:1002038	NT=q exactive;AC=MS:1001911	NT=Carbamidomethyl;AC=UNIMOD:4;TA=C;MT=Fixed	NT=Oxidation;AC=UNIMOD:35;TA=M;MT=Variable	NT=Deamidated;AC=UNIMOD:7;TA=NQ;MT=Variable	NT=Dimethyl;AC=UNIMOD:36;TA=K;MT=Variable	NT=Trypsin;AC=MS:1001251	NT=collision-induced dissociation;AC=MS:1000133	0.01 Da	sds page	beta-mercaptoethanol (bme)	1	1	MGRA06-06.raw	ftp://ftp.pride.ebi.ac.uk/pride/data/archive/2024/01/PXD019633/MGRA06-06.raw	v1.1.0	NT=ms-proteomics;VV=v1.1.0	NT=clinical-metadata;VV=v1.0.0	manual curation	blood
MG59-06	homo sapiens	blood	not applicable	rheumatoid arthritis	6	MG59-06	proteomic profiling by mass spectrometry	NT=Data-dependent acquisition;AC=PRIDE:0000627	NT=label free sample;AC=MS:1002038	NT=q exactive;AC=MS:1001911	NT=Carbamidomethyl;AC=UNIMOD:4;TA=C;MT=Fixed	NT=Oxidation;AC=UNIMOD:35;TA=M;MT=Variable	NT=Deamidated;AC=UNIMOD:7;TA=NQ;MT=Variable	NT=Dimethyl;AC=UNIMOD:36;TA=K;MT=Variable	NT=Trypsin;AC=MS:1001251	NT=collision-induced dissociation;AC=MS:1000133	0.01 Da	sds page	beta-mercaptoethanol (bme)	1	1	MG59-06.raw	ftp://ftp.pride.ebi.ac.uk/pride/data/archive/2024/01/PXD019633/MG59-06.raw	v1.1.0	NT=ms-proteomics;VV=v1.1.0	NT=clinical-metadata;VV=v1.0.0	manual curation	blood
MG61-01	homo sapiens	blood	not applicable	rheumatoid arthritis	1	MG61-01	proteomic profiling by mass spectrometry	NT=Data-dependent acquisition;AC=PRIDE:0000627	NT=label free sample;AC=MS:1002038	NT=q exactive;AC=MS:1001911	NT=Carbamidomethyl;AC=UNIMOD:4;TA=C;MT=Fixed	NT=Oxidation;AC=UNIMOD:35;TA=M;MT=Variable	NT=Deamidated;AC=UNIMOD:7;TA=NQ;MT=Variable	NT=Dimethyl;AC=UNIMOD:36;TA=K;MT=Variable	NT=Trypsin;AC=MS:1001251	NT=collision-induced dissociation;AC=MS:1000133	0.01 Da	sds page	beta-mercaptoethanol (bme)	1	1	MG61-01.raw	ftp://ftp.pride.ebi.ac.uk/pride/data/archive/2024/01/PXD019633/MG61-01.raw	v1.1.0	NT=ms-proteomics;VV=v1.1.0	NT=clinical-metadata;VV=v1.0.0	manual curation	blood
MG60-11	homo sapiens	blood	not applicable	rheumatoid arthritis	11	MG60-11	proteomic profiling by mass spectrometry	NT=Data-dependent acquisition;AC=PRIDE:0000627	NT=label free sample;AC=MS:1002038	NT=q exactive;AC=MS:1001911	NT=Carbamidomethyl;AC=UNIMOD:4;TA=C;MT=Fixed	NT=Oxidation;AC=UNIMOD:35;TA=M;MT=Variable	NT=Deamidated;AC=UNIMOD:7;TA=NQ;MT=Variable	NT=Dimethyl;AC=UNIMOD:36;TA=K;MT=Variable	NT=Trypsin;AC=MS:1001251	NT=collision-induced dissociation;AC=MS:1000133	0.01 Da	sds page	beta-mercaptoethanol (bme)	1	1	MG60-11.raw	ftp://ftp.pride.ebi.ac.uk/pride/data/archive/2024/01/PXD019633/MG60-11.raw	v1.1.0	NT=ms-proteomics;VV=v1.1.0	NT=clinical-metadata;VV=v1.0.0	manual curation	blood
MG61-10	homo sapiens	blood	not applicable	rheumatoid arthritis	10	MG61-10	proteomic profiling by mass spectrometry	NT=Data-dependent acquisition;AC=PRIDE:0000627	NT=label free sample;AC=MS:1002038	NT=q exactive;AC=MS:1001911	NT=Carbamidomethyl;AC=UNIMOD:4;TA=C;MT=Fixed	NT=Oxidation;AC=UNIMOD:35;TA=M;MT=Variable	NT=Deamidated;AC=UNIMOD:7;TA=NQ;MT=Variable	NT=Dimethyl;AC=UNIMOD:36;TA=K;MT=Variable	NT=Trypsin;AC=MS:1001251	NT=collision-induced dissociation;AC=MS:1000133	0.01 Da	sds page	beta-mercaptoethanol (bme)	1	1	MG61-10.raw	ftp://ftp.pride.ebi.ac.uk/pride/data/archive/2024/01/PXD019633/MG61-10.raw	v1.1.0	NT=ms-proteomics;VV=v1.1.0	NT=clinical-metadata;VV=v1.0.0	manual curation	blood
MGN07-8	homo sapiens	blood	not applicable	rheumatoid arthritis	8	MGN07-8	proteomic profiling by mass spectrometry	NT=Data-dependent acquisition;AC=PRIDE:0000627	NT=label free sample;AC=MS:1002038	NT=q exactive;AC=MS:1001911	NT=Carbamidomethyl;AC=UNIMOD:4;TA=C;MT=Fixed	NT=Oxidation;AC=UNIMOD:35;TA=M;MT=Variable	NT=Deamidated;AC=UNIMOD:7;TA=NQ;MT=Variable	NT=Dimethyl;AC=UNIMOD:36;TA=K;MT=Variable	NT=Trypsin;AC=MS:1001251	NT=collision-induced dissociation;AC=MS:1000133	0.01 Da	sds page	beta-mercaptoethanol (bme)	1	1	MGN07-8.raw	ftp://ftp.pride.ebi.ac.uk/pride/data/archive/2024/01/PXD019633/MGN07-8.raw	v1.1.0	NT=ms-proteomics;VV=v1.1.0	NT=clinical-metadata;VV=v1.0.0	manual curation	blood
MGRA06-11	homo sapiens	blood	not applicable	rheumatoid arthritis	11	MGRA06-11	proteomic profiling by mass spectrometry	NT=Data-dependent acquisition;AC=PRIDE:0000627	NT=label free sample;AC=MS:1002038	NT=q exactive;AC=MS:1001911	NT=Carbamidomethyl;AC=UNIMOD:4;TA=C;MT=Fixed	NT=Oxidation;AC=UNIMOD:35;TA=M;MT=Variable	NT=Deamidated;AC=UNIMOD:7;TA=NQ;MT=Variable	NT=Dimethyl;AC=UNIMOD:36;TA=K;MT=Variable	NT=Trypsin;AC=MS:1001251	NT=collision-induced dissociation;AC=MS:1000133	0.01 Da	sds page	beta-mercaptoethanol (bme)	1	1	MGRA06-11.raw	ftp://ftp.pride.ebi.ac.uk/pride/data/archive/2024/01/PXD019633/MGRA06-11.raw	v1.1.0	NT=ms-proteomics;VV=v1.1.0	NT=clinical-metadata;VV=v1.0.0	manual curation	blood
MG52-03	homo sapiens	blood	not applicable	rheumatoid arthritis	3	MG52-03	proteomic profiling by mass spectrometry	NT=Data-dependent acquisition;AC=PRIDE:0000627	NT=label free sample;AC=MS:1002038	NT=q exactive;AC=MS:1001911	NT=Carbamidomethyl;AC=UNIMOD:4;TA=C;MT=Fixed	NT=Oxidation;AC=UNIMOD:35;TA=M;MT=Variable	NT=Deamidated;AC=UNIMOD:7;TA=NQ;MT=Variable	NT=Dimethyl;AC=UNIMOD:36;TA=K;MT=Variable	NT=Trypsin;AC=MS:1001251	NT=collision-induced dissociation;AC=MS:1000133	0.01 Da	sds page	beta-mercaptoethanol (bme)	1	1	MG52-03.raw	ftp://ftp.pride.ebi.ac.uk/pride/data/archive/2024/01/PXD019633/MG52-03.raw	v1.1.0	NT=ms-proteomics;VV=v1.1.0	NT=clinical-metadata;VV=v1.0.0	manual curation	blood
MG59-03	homo sapiens	blood	not applicable	rheumatoid arthritis	3	MG59-03	proteomic profiling by mass spectrometry	NT=Data-dependent acquisition;AC=PRIDE:0000627	NT=label free sample;AC=MS:1002038	NT=q exactive;AC=MS:1001911	NT=Carbamidomethyl;AC=UNIMOD:4;TA=C;MT=Fixed	NT=Oxidation;AC=UNIMOD:35;TA=M;MT=Variable	NT=Deamidated;AC=UNIMOD:7;TA=NQ;MT=Variable	NT=Dimethyl;AC=UNIMOD:36;TA=K;MT=Variable	NT=Trypsin;AC=MS:1001251	NT=collision-induced dissociation;AC=MS:1000133	0.01 Da	sds page	beta-mercaptoethanol (bme)	1	1	MG59-03.raw	ftp://ftp.pride.ebi.ac.uk/pride/data/archive/2024/01/PXD019633/MG59-03.raw	v1.1.0	NT=ms-proteomics;VV=v1.1.0	NT=clinical-metadata;VV=v1.0.0	manual curation	blood
MGN07-7	homo sapiens	blood	not applicable	rheumatoid arthritis	7	MGN07-7	proteomic profiling by mass spectrometry	NT=Data-dependent acquisition;AC=PRIDE:0000627	NT=label free sample;AC=MS:1002038	NT=q exactive;AC=MS:1001911	NT=Carbamidomethyl;AC=UNIMOD:4;TA=C;MT=Fixed	NT=Oxidation;AC=UNIMOD:35;TA=M;MT=Variable	NT=Deamidated;AC=UNIMOD:7;TA=NQ;MT=Variable	NT=Dimethyl;AC=UNIMOD:36;TA=K;MT=Variable	NT=Trypsin;AC=MS:1001251	NT=collision-induced dissociation;AC=MS:1000133	0.01 Da	sds page	beta-mercaptoethanol (bme)	1	1	MGN07-7.raw	ftp://ftp.pride.ebi.ac.uk/pride/data/archive/2024/01/PXD019633/MGN07-7.raw	v1.1.0	NT=ms-proteomics;VV=v1.1.0	NT=clinical-metadata;VV=v1.0.0	manual curation	blood
MGN17-12	homo sapiens	blood	not applicable	rheumatoid arthritis	12	MGN17-12	proteomic profiling by mass spectrometry	NT=Data-dependent acquisition;AC=PRIDE:0000627	NT=label free sample;AC=MS:1002038	NT=q exactive;AC=MS:1001911	NT=Carbamidomethyl;AC=UNIMOD:4;TA=C;MT=Fixed	NT=Oxidation;AC=UNIMOD:35;TA=M;MT=Variable	NT=Deamidated;AC=UNIMOD:7;TA=NQ;MT=Variable	NT=Dimethyl;AC=UNIMOD:36;TA=K;MT=Variable	NT=Trypsin;AC=MS:1001251	NT=collision-induced dissociation;AC=MS:1000133	0.01 Da	sds page	beta-mercaptoethanol (bme)	1	1	MGN17-12.raw	ftp://ftp.pride.ebi.ac.uk/pride/data/archive/2024/01/PXD019633/MGN17-12.raw	v1.1.0	NT=ms-proteomics;VV=v1.1.0	NT=clinical-metadata;VV=v1.0.0	manual curation	blood
MG61-06	homo sapiens	blood	not applicable	rheumatoid arthritis	6	MG61-06	proteomic profiling by mass spectrometry	NT=Data-dependent acquisition;AC=PRIDE:0000627	NT=label free sample;AC=MS:1002038	NT=q exactive;AC=MS:1001911	NT=Carbamidomethyl;AC=UNIMOD:4;TA=C;MT=Fixed	NT=Oxidation;AC=UNIMOD:35;TA=M;MT=Variable	NT=Deamidated;AC=UNIMOD:7;TA=NQ;MT=Variable	NT=Dimethyl;AC=UNIMOD:36;TA=K;MT=Variable	NT=Trypsin;AC=MS:1001251	NT=collision-induced dissociation;AC=MS:1000133	0.01 Da	sds page	beta-mercaptoethanol (bme)	1	1	MG61-06.raw	ftp://ftp.pride.ebi.ac.uk/pride/data/archive/2024/01/PXD019633/MG61-06.raw	v1.1.0	NT=ms-proteomics;VV=v1.1.0	NT=clinical-metadata;VV=v1.0.0	manual curation	blood
MGN07-6	homo sapiens	blood	not applicable	rheumatoid arthritis	6	MGN07-6	proteomic profiling by mass spectrometry	NT=Data-dependent acquisition;AC=PRIDE:0000627	NT=label free sample;AC=MS:1002038	NT=q exactive;AC=MS:1001911	NT=Carbamidomethyl;AC=UNIMOD:4;TA=C;MT=Fixed	NT=Oxidation;AC=UNIMOD:35;TA=M;MT=Variable	NT=Deamidated;AC=UNIMOD:7;TA=NQ;MT=Variable	NT=Dimethyl;AC=UNIMOD:36;TA=K;MT=Variable	NT=Trypsin;AC=MS:1001251	NT=collision-induced dissociation;AC=MS:1000133	0.01 Da	sds page	beta-mercaptoethanol (bme)	1	1	MGN07-6.raw	ftp://ftp.pride.ebi.ac.uk/pride/data/archive/2024/01/PXD019633/MGN07-6.raw	v1.1.0	NT=ms-proteomics;VV=v1.1.0	NT=clinical-metadata;VV=v1.0.0	manual curation	blood
MGRA01-01	homo sapiens	blood	not applicable	rheumatoid arthritis	1	MGRA01-01	proteomic profiling by mass spectrometry	NT=Data-dependent acquisition;AC=PRIDE:0000627	NT=label free sample;AC=MS:1002038	NT=q exactive;AC=MS:1001911	NT=Carbamidomethyl;AC=UNIMOD:4;TA=C;MT=Fixed	NT=Oxidation;AC=UNIMOD:35;TA=M;MT=Variable	NT=Deamidated;AC=UNIMOD:7;TA=NQ;MT=Variable	NT=Dimethyl;AC=UNIMOD:36;TA=K;MT=Variable	NT=Trypsin;AC=MS:1001251	NT=collision-induced dissociation;AC=MS:1000133	0.01 Da	sds page	beta-mercaptoethanol (bme)	1	1	MGRA01-01.raw	ftp://ftp.pride.ebi.ac.uk/pride/data/archive/2024/01/PXD019633/MGRA01-01.raw	v1.1.0	NT=ms-proteomics;VV=v1.1.0	NT=clinical-metadata;VV=v1.0.0	manual curation	blood
MG60-13	homo sapiens	blood	not applicable	rheumatoid arthritis	13	MG60-13	proteomic profiling by mass spectrometry	NT=Data-dependent acquisition;AC=PRIDE:0000627	NT=label free sample;AC=MS:1002038	NT=q exactive;AC=MS:1001911	NT=Carbamidomethyl;AC=UNIMOD:4;TA=C;MT=Fixed	NT=Oxidation;AC=UNIMOD:35;TA=M;MT=Variable	NT=Deamidated;AC=UNIMOD:7;TA=NQ;MT=Variable	NT=Dimethyl;AC=UNIMOD:36;TA=K;MT=Variable	NT=Trypsin;AC=MS:1001251	NT=collision-induced dissociation;AC=MS:1000133	0.01 Da	sds page	beta-mercaptoethanol (bme)	1	1	MG60-13.raw	ftp://ftp.pride.ebi.ac.uk/pride/data/archive/2024/01/PXD019633/MG60-13.raw	v1.1.0	NT=ms-proteomics;VV=v1.1.0	NT=clinical-metadata;VV=v1.0.0	manual curation	blood
MG52-05	homo sapiens	blood	not applicable	rheumatoid arthritis	5	MG52-05	proteomic profiling by mass spectrometry	NT=Data-dependent acquisition;AC=PRIDE:0000627	NT=label free sample;AC=MS:1002038	NT=q exactive;AC=MS:1001911	NT=Carbamidomethyl;AC=UNIMOD:4;TA=C;MT=Fixed	NT=Oxidation;AC=UNIMOD:35;TA=M;MT=Variable	NT=Deamidated;AC=UNIMOD:7;TA=NQ;MT=Variable	NT=Dimethyl;AC=UNIMOD:36;TA=K;MT=Variable	NT=Trypsin;AC=MS:1001251	NT=collision-induced dissociation;AC=MS:1000133	0.01 Da	sds page	beta-mercaptoethanol (bme)	1	1	MG52-05.raw	ftp://ftp.pride.ebi.ac.uk/pride/data/archive/2024/01/PXD019633/MG52-05.raw	v1.1.0	NT=ms-proteomics;VV=v1.1.0	NT=clinical-metadata;VV=v1.0.0	manual curation	blood
MGN35-02	homo sapiens	blood	not applicable	rheumatoid arthritis	2	MGN35-02	proteomic profiling by mass spectrometry	NT=Data-dependent acquisition;AC=PRIDE:0000627	NT=label free sample;AC=MS:1002038	NT=q exactive;AC=MS:1001911	NT=Carbamidomethyl;AC=UNIMOD:4;TA=C;MT=Fixed	NT=Oxidation;AC=UNIMOD:35;TA=M;MT=Variable	NT=Deamidated;AC=UNIMOD:7;TA=NQ;MT=Variable	NT=Dimethyl;AC=UNIMOD:36;TA=K;MT=Variable	NT=Trypsin;AC=MS:1001251	NT=collision-induced dissociation;AC=MS:1000133	0.01 Da	sds page	beta-mercaptoethanol (bme)	1	1	MGN35-02.raw	ftp://ftp.pride.ebi.ac.uk/pride/data/archive/2024/01/PXD019633/MGN35-02.raw	v1.1.0	NT=ms-proteomics;VV=v1.1.0	NT=clinical-metadata;VV=v1.0.0	manual curation	blood
MGN41-10	homo sapiens	blood	not applicable	rheumatoid arthritis	10	MGN41-10	proteomic profiling by mass spectrometry	NT=Data-dependent acquisition;AC=PRIDE:0000627	NT=label free sample;AC=MS:1002038	NT=q exactive;AC=MS:1001911	NT=Carbamidomethyl;AC=UNIMOD:4;TA=C;MT=Fixed	NT=Oxidation;AC=UNIMOD:35;TA=M;MT=Variable	NT=Deamidated;AC=UNIMOD:7;TA=NQ;MT=Variable	NT=Dimethyl;AC=UNIMOD:36;TA=K;MT=Variable	NT=Trypsin;AC=MS:1001251	NT=collision-induced dissociation;AC=MS:1000133	0.01 Da	sds page	beta-mercaptoethanol (bme)	1	1	MGN41-10.raw	ftp://ftp.pride.ebi.ac.uk/pride/data/archive/2024/01/PXD019633/MGN41-10.raw	v1.1.0	NT=ms-proteomics;VV=v1.1.0	NT=clinical-metadata;VV=v1.0.0	manual curation	blood
MGRA04-13	homo sapiens	blood	not applicable	rheumatoid arthritis	13	MGRA04-13	proteomic profiling by mass spectrometry	NT=Data-dependent acquisition;AC=PRIDE:0000627	NT=label free sample;AC=MS:1002038	NT=q exactive;AC=MS:1001911	NT=Carbamidomethyl;AC=UNIMOD:4;TA=C;MT=Fixed	NT=Oxidation;AC=UNIMOD:35;TA=M;MT=Variable	NT=Deamidated;AC=UNIMOD:7;TA=NQ;MT=Variable	NT=Dimethyl;AC=UNIMOD:36;TA=K;MT=Variable	NT=Trypsin;AC=MS:1001251	NT=collision-induced dissociation;AC=MS:1000133	0.01 Da	sds page	beta-mercaptoethanol (bme)	1	1	MGRA04-13.raw	ftp://ftp.pride.ebi.ac.uk/pride/data/archive/2024/01/PXD019633/MGRA04-13.raw	v1.1.0	NT=ms-proteomics;VV=v1.1.0	NT=clinical-metadata;VV=v1.0.0	manual curation	blood
MG51-10	homo sapiens	blood	not applicable	rheumatoid arthritis	10	MG51-10	proteomic profiling by mass spectrometry	NT=Data-dependent acquisition;AC=PRIDE:0000627	NT=label free sample;AC=MS:1002038	NT=q exactive;AC=MS:1001911	NT=Carbamidomethyl;AC=UNIMOD:4;TA=C;MT=Fixed	NT=Oxidation;AC=UNIMOD:35;TA=M;MT=Variable	NT=Deamidated;AC=UNIMOD:7;TA=NQ;MT=Variable	NT=Dimethyl;AC=UNIMOD:36;TA=K;MT=Variable	NT=Trypsin;AC=MS:1001251	NT=collision-induced dissociation;AC=MS:1000133	0.01 Da	sds page	beta-mercaptoethanol (bme)	1	1	MG51-10.raw	ftp://ftp.pride.ebi.ac.uk/pride/data/archive/2024/01/PXD019633/MG51-10.raw	v1.1.0	NT=ms-proteomics;VV=v1.1.0	NT=clinical-metadata;VV=v1.0.0	manual curation	blood
MGRA04-10	homo sapiens	blood	not applicable	rheumatoid arthritis	10	MGRA04-10	proteomic profiling by mass spectrometry	NT=Data-dependent acquisition;AC=PRIDE:0000627	NT=label free sample;AC=MS:1002038	NT=q exactive;AC=MS:1001911	NT=Carbamidomethyl;AC=UNIMOD:4;TA=C;MT=Fixed	NT=Oxidation;AC=UNIMOD:35;TA=M;MT=Variable	NT=Deamidated;AC=UNIMOD:7;TA=NQ;MT=Variable	NT=Dimethyl;AC=UNIMOD:36;TA=K;MT=Variable	NT=Trypsin;AC=MS:1001251	NT=collision-induced dissociation;AC=MS:1000133	0.01 Da	sds page	beta-mercaptoethanol (bme)	1	1	MGRA04-10.raw	ftp://ftp.pride.ebi.ac.uk/pride/data/archive/2024/01/PXD019633/MGRA04-10.raw	v1.1.0	NT=ms-proteomics;VV=v1.1.0	NT=clinical-metadata;VV=v1.0.0	manual curation	blood
MG03-04	homo sapiens	blood	not applicable	rheumatoid arthritis	4	MG03-04	proteomic profiling by mass spectrometry	NT=Data-dependent acquisition;AC=PRIDE:0000627	NT=label free sample;AC=MS:1002038	NT=q exactive;AC=MS:1001911	NT=Carbamidomethyl;AC=UNIMOD:4;TA=C;MT=Fixed	NT=Oxidation;AC=UNIMOD:35;TA=M;MT=Variable	NT=Deamidated;AC=UNIMOD:7;TA=NQ;MT=Variable	NT=Dimethyl;AC=UNIMOD:36;TA=K;MT=Variable	NT=Trypsin;AC=MS:1001251	NT=collision-induced dissociation;AC=MS:1000133	0.01 Da	sds page	beta-mercaptoethanol (bme)	1	1	MG03-04.raw	ftp://ftp.pride.ebi.ac.uk/pride/data/archive/2024/01/PXD019633/MG03-04.raw	v1.1.0	NT=ms-proteomics;VV=v1.1.0	NT=clinical-metadata;VV=v1.0.0	manual curation	blood
MGN17-6	homo sapiens	blood	not applicable	rheumatoid arthritis	6	MGN17-6	proteomic profiling by mass spectrometry	NT=Data-dependent acquisition;AC=PRIDE:0000627	NT=label free sample;AC=MS:1002038	NT=q exactive;AC=MS:1001911	NT=Carbamidomethyl;AC=UNIMOD:4;TA=C;MT=Fixed	NT=Oxidation;AC=UNIMOD:35;TA=M;MT=Variable	NT=Deamidated;AC=UNIMOD:7;TA=NQ;MT=Variable	NT=Dimethyl;AC=UNIMOD:36;TA=K;MT=Variable	NT=Trypsin;AC=MS:1001251	NT=collision-induced dissociation;AC=MS:1000133	0.01 Da	sds page	beta-mercaptoethanol (bme)	1	1	MGN17-6.raw	ftp://ftp.pride.ebi.ac.uk/pride/data/archive/2024/01/PXD019633/MGN17-6.raw	v1.1.0	NT=ms-proteomics;VV=v1.1.0	NT=clinical-metadata;VV=v1.0.0	manual curation	blood
MG60-10	homo sapiens	blood	not applicable	rheumatoid arthritis	10	MG60-10	proteomic profiling by mass spectrometry	NT=Data-dependent acquisition;AC=PRIDE:0000627	NT=label free sample;AC=MS:1002038	NT=q exactive;AC=MS:1001911	NT=Carbamidomethyl;AC=UNIMOD:4;TA=C;MT=Fixed	NT=Oxidation;AC=UNIMOD:35;TA=M;MT=Variable	NT=Deamidated;AC=UNIMOD:7;TA=NQ;MT=Variable	NT=Dimethyl;AC=UNIMOD:36;TA=K;MT=Variable	NT=Trypsin;AC=MS:1001251	NT=collision-induced dissociation;AC=MS:1000133	0.01 Da	sds page	beta-mercaptoethanol (bme)	1	1	MG60-10.raw	ftp://ftp.pride.ebi.ac.uk/pride/data/archive/2024/01/PXD019633/MG60-10.raw	v1.1.0	NT=ms-proteomics;VV=v1.1.0	NT=clinical-metadata;VV=v1.0.0	manual curation	blood
MGN35-10	homo sapiens	blood	not applicable	rheumatoid arthritis	10	MGN35-10	proteomic profiling by mass spectrometry	NT=Data-dependent acquisition;AC=PRIDE:0000627	NT=label free sample;AC=MS:1002038	NT=q exactive;AC=MS:1001911	NT=Carbamidomethyl;AC=UNIMOD:4;TA=C;MT=Fixed	NT=Oxidation;AC=UNIMOD:35;TA=M;MT=Variable	NT=Deamidated;AC=UNIMOD:7;TA=NQ;MT=Variable	NT=Dimethyl;AC=UNIMOD:36;TA=K;MT=Variable	NT=Trypsin;AC=MS:1001251	NT=collision-induced dissociation;AC=MS:1000133	0.01 Da	sds page	beta-mercaptoethanol (bme)	1	1	MGN35-10.raw	ftp://ftp.pride.ebi.ac.uk/pride/data/archive/2024/01/PXD019633/MGN35-10.raw	v1.1.0	NT=ms-proteomics;VV=v1.1.0	NT=clinical-metadata;VV=v1.0.0	manual curation	blood
MGRA03-02	homo sapiens	blood	not applicable	rheumatoid arthritis	2	MGRA03-02	proteomic profiling by mass spectrometry	NT=Data-dependent acquisition;AC=PRIDE:0000627	NT=label free sample;AC=MS:1002038	NT=q exactive;AC=MS:1001911	NT=Carbamidomethyl;AC=UNIMOD:4;TA=C;MT=Fixed	NT=Oxidation;AC=UNIMOD:35;TA=M;MT=Variable	NT=Deamidated;AC=UNIMOD:7;TA=NQ;MT=Variable	NT=Dimethyl;AC=UNIMOD:36;TA=K;MT=Variable	NT=Trypsin;AC=MS:1001251	NT=collision-induced dissociation;AC=MS:1000133	0.01 Da	sds page	beta-mercaptoethanol (bme)	1	1	MGRA03-02.raw	ftp://ftp.pride.ebi.ac.uk/pride/data/archive/2024/01/PXD019633/MGRA03-02.raw	v1.1.0	NT=ms-proteomics;VV=v1.1.0	NT=clinical-metadata;VV=v1.0.0	manual curation	blood
MGRA05-04	homo sapiens	blood	not applicable	rheumatoid arthritis	4	MGRA05-04	proteomic profiling by mass spectrometry	NT=Data-dependent acquisition;AC=PRIDE:0000627	NT=label free sample;AC=MS:1002038	NT=q exactive;AC=MS:1001911	NT=Carbamidomethyl;AC=UNIMOD:4;TA=C;MT=Fixed	NT=Oxidation;AC=UNIMOD:35;TA=M;MT=Variable	NT=Deamidated;AC=UNIMOD:7;TA=NQ;MT=Variable	NT=Dimethyl;AC=UNIMOD:36;TA=K;MT=Variable	NT=Trypsin;AC=MS:1001251	NT=collision-induced dissociation;AC=MS:1000133	0.01 Da	sds page	beta-mercaptoethanol (bme)	1	1	MGRA05-04.raw	ftp://ftp.pride.ebi.ac.uk/pride/data/archive/2024/01/PXD019633/MGRA05-04.raw	v1.1.0	NT=ms-proteomics;VV=v1.1.0	NT=clinical-metadata;VV=v1.0.0	manual curation	blood
MGN07-11	homo sapiens	blood	not applicable	rheumatoid arthritis	11	MGN07-11	proteomic profiling by mass spectrometry	NT=Data-dependent acquisition;AC=PRIDE:0000627	NT=label free sample;AC=MS:1002038	NT=q exactive;AC=MS:1001911	NT=Carbamidomethyl;AC=UNIMOD:4;TA=C;MT=Fixed	NT=Oxidation;AC=UNIMOD:35;TA=M;MT=Variable	NT=Deamidated;AC=UNIMOD:7;TA=NQ;MT=Variable	NT=Dimethyl;AC=UNIMOD:36;TA=K;MT=Variable	NT=Trypsin;AC=MS:1001251	NT=collision-induced dissociation;AC=MS:1000133	0.01 Da	sds page	beta-mercaptoethanol (bme)	1	1	MGN07-11.raw	ftp://ftp.pride.ebi.ac.uk/pride/data/archive/2024/01/PXD019633/MGN07-11.raw	v1.1.0	NT=ms-proteomics;VV=v1.1.0	NT=clinical-metadata;VV=v1.0.0	manual curation	blood
MGRA06-01	homo sapiens	blood	not applicable	rheumatoid arthritis	1	MGRA06-01	proteomic profiling by mass spectrometry	NT=Data-dependent acquisition;AC=PRIDE:0000627	NT=label free sample;AC=MS:1002038	NT=q exactive;AC=MS:1001911	NT=Carbamidomethyl;AC=UNIMOD:4;TA=C;MT=Fixed	NT=Oxidation;AC=UNIMOD:35;TA=M;MT=Variable	NT=Deamidated;AC=UNIMOD:7;TA=NQ;MT=Variable	NT=Dimethyl;AC=UNIMOD:36;TA=K;MT=Variable	NT=Trypsin;AC=MS:1001251	NT=collision-induced dissociation;AC=MS:1000133	0.01 Da	sds page	beta-mercaptoethanol (bme)	1	1	MGRA06-01.raw	ftp://ftp.pride.ebi.ac.uk/pride/data/archive/2024/01/PXD019633/MGRA06-01.raw	v1.1.0	NT=ms-proteomics;VV=v1.1.0	NT=clinical-metadata;VV=v1.0.0	manual curation	blood
MGRA02-11	homo sapiens	blood	not applicable	rheumatoid arthritis	11	MGRA02-11	proteomic profiling by mass spectrometry	NT=Data-dependent acquisition;AC=PRIDE:0000627	NT=label free sample;AC=MS:1002038	NT=q exactive;AC=MS:1001911	NT=Carbamidomethyl;AC=UNIMOD:4;TA=C;MT=Fixed	NT=Oxidation;AC=UNIMOD:35;TA=M;MT=Variable	NT=Deamidated;AC=UNIMOD:7;TA=NQ;MT=Variable	NT=Dimethyl;AC=UNIMOD:36;TA=K;MT=Variable	NT=Trypsin;AC=MS:1001251	NT=collision-induced dissociation;AC=MS:1000133	0.01 Da	sds page	beta-mercaptoethanol (bme)	1	1	MGRA02-11.raw	ftp://ftp.pride.ebi.ac.uk/pride/data/archive/2024/01/PXD019633/MGRA02-11.raw	v1.1.0	NT=ms-proteomics;VV=v1.1.0	NT=clinical-metadata;VV=v1.0.0	manual curation	blood
MG51-1	homo sapiens	blood	not applicable	rheumatoid arthritis	1	MG51-1	proteomic profiling by mass spectrometry	NT=Data-dependent acquisition;AC=PRIDE:0000627	NT=label free sample;AC=MS:1002038	NT=q exactive;AC=MS:1001911	NT=Carbamidomethyl;AC=UNIMOD:4;TA=C;MT=Fixed	NT=Oxidation;AC=UNIMOD:35;TA=M;MT=Variable	NT=Deamidated;AC=UNIMOD:7;TA=NQ;MT=Variable	NT=Dimethyl;AC=UNIMOD:36;TA=K;MT=Variable	NT=Trypsin;AC=MS:1001251	NT=collision-induced dissociation;AC=MS:1000133	0.01 Da	sds page	beta-mercaptoethanol (bme)	1	1	MG51-1.raw	ftp://ftp.pride.ebi.ac.uk/pride/data/archive/2024/01/PXD019633/MG51-1.raw	v1.1.0	NT=ms-proteomics;VV=v1.1.0	NT=clinical-metadata;VV=v1.0.0	manual curation	blood
MG61-12	homo sapiens	blood	not applicable	rheumatoid arthritis	12	MG61-12	proteomic profiling by mass spectrometry	NT=Data-dependent acquisition;AC=PRIDE:0000627	NT=label free sample;AC=MS:1002038	NT=q exactive;AC=MS:1001911	NT=Carbamidomethyl;AC=UNIMOD:4;TA=C;MT=Fixed	NT=Oxidation;AC=UNIMOD:35;TA=M;MT=Variable	NT=Deamidated;AC=UNIMOD:7;TA=NQ;MT=Variable	NT=Dimethyl;AC=UNIMOD:36;TA=K;MT=Variable	NT=Trypsin;AC=MS:1001251	NT=collision-induced dissociation;AC=MS:1000133	0.01 Da	sds page	beta-mercaptoethanol (bme)	1	1	MG61-12.raw	ftp://ftp.pride.ebi.ac.uk/pride/data/archive/2024/01/PXD019633/MG61-12.raw	v1.1.0	NT=ms-proteomics;VV=v1.1.0	NT=clinical-metadata;VV=v1.0.0	manual curation	blood
MGRA06-09	homo sapiens	blood	not applicable	rheumatoid arthritis	9	MGRA06-09	proteomic profiling by mass spectrometry	NT=Data-dependent acquisition;AC=PRIDE:0000627	NT=label free sample;AC=MS:1002038	NT=q exactive;AC=MS:1001911	NT=Carbamidomethyl;AC=UNIMOD:4;TA=C;MT=Fixed	NT=Oxidation;AC=UNIMOD:35;TA=M;MT=Variable	NT=Deamidated;AC=UNIMOD:7;TA=NQ;MT=Variable	NT=Dimethyl;AC=UNIMOD:36;TA=K;MT=Variable	NT=Trypsin;AC=MS:1001251	NT=collision-induced dissociation;AC=MS:1000133	0.01 Da	sds page	beta-mercaptoethanol (bme)	1	1	MGRA06-09.raw	ftp://ftp.pride.ebi.ac.uk/pride/data/archive/2024/01/PXD019633/MGRA06-09.raw	v1.1.0	NT=ms-proteomics;VV=v1.1.0	NT=clinical-metadata;VV=v1.0.0	manual curation	blood
MGN07-10	homo sapiens	blood	not applicable	rheumatoid arthritis	10	MGN07-10	proteomic profiling by mass spectrometry	NT=Data-dependent acquisition;AC=PRIDE:0000627	NT=label free sample;AC=MS:1002038	NT=q exactive;AC=MS:1001911	NT=Carbamidomethyl;AC=UNIMOD:4;TA=C;MT=Fixed	NT=Oxidation;AC=UNIMOD:35;TA=M;MT=Variable	NT=Deamidated;AC=UNIMOD:7;TA=NQ;MT=Variable	NT=Dimethyl;AC=UNIMOD:36;TA=K;MT=Variable	NT=Trypsin;AC=MS:1001251	NT=collision-induced dissociation;AC=MS:1000133	0.01 Da	sds page	beta-mercaptoethanol (bme)	1	1	MGN07-10.raw	ftp://ftp.pride.ebi.ac.uk/pride/data/archive/2024/01/PXD019633/MGN07-10.raw	v1.1.0	NT=ms-proteomics;VV=v1.1.0	NT=clinical-metadata;VV=v1.0.0	manual curation	blood
MGN17-9	homo sapiens	blood	not applicable	rheumatoid arthritis	9	MGN17-9	proteomic profiling by mass spectrometry	NT=Data-dependent acquisition;AC=PRIDE:0000627	NT=label free sample;AC=MS:1002038	NT=q exactive;AC=MS:1001911	NT=Carbamidomethyl;AC=UNIMOD:4;TA=C;MT=Fixed	NT=Oxidation;AC=UNIMOD:35;TA=M;MT=Variable	NT=Deamidated;AC=UNIMOD:7;TA=NQ;MT=Variable	NT=Dimethyl;AC=UNIMOD:36;TA=K;MT=Variable	NT=Trypsin;AC=MS:1001251	NT=collision-induced dissociation;AC=MS:1000133	0.01 Da	sds page	beta-mercaptoethanol (bme)	1	1	MGN17-9.raw	ftp://ftp.pride.ebi.ac.uk/pride/data/archive/2024/01/PXD019633/MGN17-9.raw	v1.1.0	NT=ms-proteomics;VV=v1.1.0	NT=clinical-metadata;VV=v1.0.0	manual curation	blood
MGRA05-06	homo sapiens	blood	not applicable	rheumatoid arthritis	6	MGRA05-06	proteomic profiling by mass spectrometry	NT=Data-dependent acquisition;AC=PRIDE:0000627	NT=label free sample;AC=MS:1002038	NT=q exactive;AC=MS:1001911	NT=Carbamidomethyl;AC=UNIMOD:4;TA=C;MT=Fixed	NT=Oxidation;AC=UNIMOD:35;TA=M;MT=Variable	NT=Deamidated;AC=UNIMOD:7;TA=NQ;MT=Variable	NT=Dimethyl;AC=UNIMOD:36;TA=K;MT=Variable	NT=Trypsin;AC=MS:1001251	NT=collision-induced dissociation;AC=MS:1000133	0.01 Da	sds page	beta-mercaptoethanol (bme)	1	1	MGRA05-06.raw	ftp://ftp.pride.ebi.ac.uk/pride/data/archive/2024/01/PXD019633/MGRA05-06.raw	v1.1.0	NT=ms-proteomics;VV=v1.1.0	NT=clinical-metadata;VV=v1.0.0	manual curation	blood
MGRA06-02	homo sapiens	blood	not applicable	rheumatoid arthritis	2	MGRA06-02	proteomic profiling by mass spectrometry	NT=Data-dependent acquisition;AC=PRIDE:0000627	NT=label free sample;AC=MS:1002038	NT=q exactive;AC=MS:1001911	NT=Carbamidomethyl;AC=UNIMOD:4;TA=C;MT=Fixed	NT=Oxidation;AC=UNIMOD:35;TA=M;MT=Variable	NT=Deamidated;AC=UNIMOD:7;TA=NQ;MT=Variable	NT=Dimethyl;AC=UNIMOD:36;TA=K;MT=Variable	NT=Trypsin;AC=MS:1001251	NT=collision-induced dissociation;AC=MS:1000133	0.01 Da	sds page	beta-mercaptoethanol (bme)	1	1	MGRA06-02.raw	ftp://ftp.pride.ebi.ac.uk/pride/data/archive/2024/01/PXD019633/MGRA06-02.raw	v1.1.0	NT=ms-proteomics;VV=v1.1.0	NT=clinical-metadata;VV=v1.0.0	manual curation	blood
MGN41-06	homo sapiens	blood	not applicable	rheumatoid arthritis	6	MGN41-06	proteomic profiling by mass spectrometry	NT=Data-dependent acquisition;AC=PRIDE:0000627	NT=label free sample;AC=MS:1002038	NT=q exactive;AC=MS:1001911	NT=Carbamidomethyl;AC=UNIMOD:4;TA=C;MT=Fixed	NT=Oxidation;AC=UNIMOD:35;TA=M;MT=Variable	NT=Deamidated;AC=UNIMOD:7;TA=NQ;MT=Variable	NT=Dimethyl;AC=UNIMOD:36;TA=K;MT=Variable	NT=Trypsin;AC=MS:1001251	NT=collision-induced dissociation;AC=MS:1000133	0.01 Da	sds page	beta-mercaptoethanol (bme)	1	1	MGN41-06.raw	ftp://ftp.pride.ebi.ac.uk/pride/data/archive/2024/01/PXD019633/MGN41-06.raw	v1.1.0	NT=ms-proteomics;VV=v1.1.0	NT=clinical-metadata;VV=v1.0.0	manual curation	blood
MGRA02-12	homo sapiens	blood	not applicable	rheumatoid arthritis	12	MGRA02-12	proteomic profiling by mass spectrometry	NT=Data-dependent acquisition;AC=PRIDE:0000627	NT=label free sample;AC=MS:1002038	NT=q exactive;AC=MS:1001911	NT=Carbamidomethyl;AC=UNIMOD:4;TA=C;MT=Fixed	NT=Oxidation;AC=UNIMOD:35;TA=M;MT=Variable	NT=Deamidated;AC=UNIMOD:7;TA=NQ;MT=Variable	NT=Dimethyl;AC=UNIMOD:36;TA=K;MT=Variable	NT=Trypsin;AC=MS:1001251	NT=collision-induced dissociation;AC=MS:1000133	0.01 Da	sds page	beta-mercaptoethanol (bme)	1	1	MGRA02-12.raw	ftp://ftp.pride.ebi.ac.uk/pride/data/archive/2024/01/PXD019633/MGRA02-12.raw	v1.1.0	NT=ms-proteomics;VV=v1.1.0	NT=clinical-metadata;VV=v1.0.0	manual curation	blood
MG03-09	homo sapiens	blood	not applicable	rheumatoid arthritis	9	MG03-09	proteomic profiling by mass spectrometry	NT=Data-dependent acquisition;AC=PRIDE:0000627	NT=label free sample;AC=MS:1002038	NT=q exactive;AC=MS:1001911	NT=Carbamidomethyl;AC=UNIMOD:4;TA=C;MT=Fixed	NT=Oxidation;AC=UNIMOD:35;TA=M;MT=Variable	NT=Deamidated;AC=UNIMOD:7;TA=NQ;MT=Variable	NT=Dimethyl;AC=UNIMOD:36;TA=K;MT=Variable	NT=Trypsin;AC=MS:1001251	NT=collision-induced dissociation;AC=MS:1000133	0.01 Da	sds page	beta-mercaptoethanol (bme)	1	1	MG03-09.raw	ftp://ftp.pride.ebi.ac.uk/pride/data/archive/2024/01/PXD019633/MG03-09.raw	v1.1.0	NT=ms-proteomics;VV=v1.1.0	NT=clinical-metadata;VV=v1.0.0	manual curation	blood
MGN35-09	homo sapiens	blood	not applicable	rheumatoid arthritis	9	MGN35-09	proteomic profiling by mass spectrometry	NT=Data-dependent acquisition;AC=PRIDE:0000627	NT=label free sample;AC=MS:1002038	NT=q exactive;AC=MS:1001911	NT=Carbamidomethyl;AC=UNIMOD:4;TA=C;MT=Fixed	NT=Oxidation;AC=UNIMOD:35;TA=M;MT=Variable	NT=Deamidated;AC=UNIMOD:7;TA=NQ;MT=Variable	NT=Dimethyl;AC=UNIMOD:36;TA=K;MT=Variable	NT=Trypsin;AC=MS:1001251	NT=collision-induced dissociation;AC=MS:1000133	0.01 Da	sds page	beta-mercaptoethanol (bme)	1	1	MGN35-09.raw	ftp://ftp.pride.ebi.ac.uk/pride/data/archive/2024/01/PXD019633/MGN35-09.raw	v1.1.0	NT=ms-proteomics;VV=v1.1.0	NT=clinical-metadata;VV=v1.0.0	manual curation	blood
MG03-06	homo sapiens	blood	not applicable	rheumatoid arthritis	6	MG03-06	proteomic profiling by mass spectrometry	NT=Data-dependent acquisition;AC=PRIDE:0000627	NT=label free sample;AC=MS:1002038	NT=q exactive;AC=MS:1001911	NT=Carbamidomethyl;AC=UNIMOD:4;TA=C;MT=Fixed	NT=Oxidation;AC=UNIMOD:35;TA=M;MT=Variable	NT=Deamidated;AC=UNIMOD:7;TA=NQ;MT=Variable	NT=Dimethyl;AC=UNIMOD:36;TA=K;MT=Variable	NT=Trypsin;AC=MS:1001251	NT=collision-induced dissociation;AC=MS:1000133	0.01 Da	sds page	beta-mercaptoethanol (bme)	1	1	MG03-06.raw	ftp://ftp.pride.ebi.ac.uk/pride/data/archive/2024/01/PXD019633/MG03-06.raw	v1.1.0	NT=ms-proteomics;VV=v1.1.0	NT=clinical-metadata;VV=v1.0.0	manual curation	blood
MG60-06	homo sapiens	blood	not applicable	rheumatoid arthritis	6	MG60-06	proteomic profiling by mass spectrometry	NT=Data-dependent acquisition;AC=PRIDE:0000627	NT=label free sample;AC=MS:1002038	NT=q exactive;AC=MS:1001911	NT=Carbamidomethyl;AC=UNIMOD:4;TA=C;MT=Fixed	NT=Oxidation;AC=UNIMOD:35;TA=M;MT=Variable	NT=Deamidated;AC=UNIMOD:7;TA=NQ;MT=Variable	NT=Dimethyl;AC=UNIMOD:36;TA=K;MT=Variable	NT=Trypsin;AC=MS:1001251	NT=collision-induced dissociation;AC=MS:1000133	0.01 Da	sds page	beta-mercaptoethanol (bme)	1	1	MG60-06.raw	ftp://ftp.pride.ebi.ac.uk/pride/data/archive/2024/01/PXD019633/MG60-06.raw	v1.1.0	NT=ms-proteomics;VV=v1.1.0	NT=clinical-metadata;VV=v1.0.0	manual curation	blood
MG51-12	homo sapiens	blood	not applicable	rheumatoid arthritis	12	MG51-12	proteomic profiling by mass spectrometry	NT=Data-dependent acquisition;AC=PRIDE:0000627	NT=label free sample;AC=MS:1002038	NT=q exactive;AC=MS:1001911	NT=Carbamidomethyl;AC=UNIMOD:4;TA=C;MT=Fixed	NT=Oxidation;AC=UNIMOD:35;TA=M;MT=Variable	NT=Deamidated;AC=UNIMOD:7;TA=NQ;MT=Variable	NT=Dimethyl;AC=UNIMOD:36;TA=K;MT=Variable	NT=Trypsin;AC=MS:1001251	NT=collision-induced dissociation;AC=MS:1000133	0.01 Da	sds page	beta-mercaptoethanol (bme)	1	1	MG51-12.raw	ftp://ftp.pride.ebi.ac.uk/pride/data/archive/2024/01/PXD019633/MG51-12.raw	v1.1.0	NT=ms-proteomics;VV=v1.1.0	NT=clinical-metadata;VV=v1.0.0	manual curation	blood
MGRA05-08	homo sapiens	blood	not applicable	rheumatoid arthritis	8	MGRA05-08	proteomic profiling by mass spectrometry	NT=Data-dependent acquisition;AC=PRIDE:0000627	NT=label free sample;AC=MS:1002038	NT=q exactive;AC=MS:1001911	NT=Carbamidomethyl;AC=UNIMOD:4;TA=C;MT=Fixed	NT=Oxidation;AC=UNIMOD:35;TA=M;MT=Variable	NT=Deamidated;AC=UNIMOD:7;TA=NQ;MT=Variable	NT=Dimethyl;AC=UNIMOD:36;TA=K;MT=Variable	NT=Trypsin;AC=MS:1001251	NT=collision-induced dissociation;AC=MS:1000133	0.01 Da	sds page	beta-mercaptoethanol (bme)	1	1	MGRA05-08.raw	ftp://ftp.pride.ebi.ac.uk/pride/data/archive/2024/01/PXD019633/MGRA05-08.raw	v1.1.0	NT=ms-proteomics;VV=v1.1.0	NT=clinical-metadata;VV=v1.0.0	manual curation	blood
MG03-03	homo sapiens	blood	not applicable	rheumatoid arthritis	3	MG03-03	proteomic profiling by mass spectrometry	NT=Data-dependent acquisition;AC=PRIDE:0000627	NT=label free sample;AC=MS:1002038	NT=q exactive;AC=MS:1001911	NT=Carbamidomethyl;AC=UNIMOD:4;TA=C;MT=Fixed	NT=Oxidation;AC=UNIMOD:35;TA=M;MT=Variable	NT=Deamidated;AC=UNIMOD:7;TA=NQ;MT=Variable	NT=Dimethyl;AC=UNIMOD:36;TA=K;MT=Variable	NT=Trypsin;AC=MS:1001251	NT=collision-induced dissociation;AC=MS:1000133	0.01 Da	sds page	beta-mercaptoethanol (bme)	1	1	MG03-03.raw	ftp://ftp.pride.ebi.ac.uk/pride/data/archive/2024/01/PXD019633/MG03-03.raw	v1.1.0	NT=ms-proteomics;VV=v1.1.0	NT=clinical-metadata;VV=v1.0.0	manual curation	blood
MG03-08	homo sapiens	blood	not applicable	rheumatoid arthritis	8	MG03-08	proteomic profiling by mass spectrometry	NT=Data-dependent acquisition;AC=PRIDE:0000627	NT=label free sample;AC=MS:1002038	NT=q exactive;AC=MS:1001911	NT=Carbamidomethyl;AC=UNIMOD:4;TA=C;MT=Fixed	NT=Oxidation;AC=UNIMOD:35;TA=M;MT=Variable	NT=Deamidated;AC=UNIMOD:7;TA=NQ;MT=Variable	NT=Dimethyl;AC=UNIMOD:36;TA=K;MT=Variable	NT=Trypsin;AC=MS:1001251	NT=collision-induced dissociation;AC=MS:1000133	0.01 Da	sds page	beta-mercaptoethanol (bme)	1	1	MG03-08.raw	ftp://ftp.pride.ebi.ac.uk/pride/data/archive/2024/01/PXD019633/MG03-08.raw	v1.1.0	NT=ms-proteomics;VV=v1.1.0	NT=clinical-metadata;VV=v1.0.0	manual curation	blood
MGN17-5	homo sapiens	blood	not applicable	rheumatoid arthritis	5	MGN17-5	proteomic profiling by mass spectrometry	NT=Data-dependent acquisition;AC=PRIDE:0000627	NT=label free sample;AC=MS:1002038	NT=q exactive;AC=MS:1001911	NT=Carbamidomethyl;AC=UNIMOD:4;TA=C;MT=Fixed	NT=Oxidation;AC=UNIMOD:35;TA=M;MT=Variable	NT=Deamidated;AC=UNIMOD:7;TA=NQ;MT=Variable	NT=Dimethyl;AC=UNIMOD:36;TA=K;MT=Variable	NT=Trypsin;AC=MS:1001251	NT=collision-induced dissociation;AC=MS:1000133	0.01 Da	sds page	beta-mercaptoethanol (bme)	1	1	MGN17-5.raw	ftp://ftp.pride.ebi.ac.uk/pride/data/archive/2024/01/PXD019633/MGN17-5.raw	v1.1.0	NT=ms-proteomics;VV=v1.1.0	NT=clinical-metadata;VV=v1.0.0	manual curation	blood
MGRA03-11	homo sapiens	blood	not applicable	rheumatoid arthritis	11	MGRA03-11	proteomic profiling by mass spectrometry	NT=Data-dependent acquisition;AC=PRIDE:0000627	NT=label free sample;AC=MS:1002038	NT=q exactive;AC=MS:1001911	NT=Carbamidomethyl;AC=UNIMOD:4;TA=C;MT=Fixed	NT=Oxidation;AC=UNIMOD:35;TA=M;MT=Variable	NT=Deamidated;AC=UNIMOD:7;TA=NQ;MT=Variable	NT=Dimethyl;AC=UNIMOD:36;TA=K;MT=Variable	NT=Trypsin;AC=MS:1001251	NT=collision-induced dissociation;AC=MS:1000133	0.01 Da	sds page	beta-mercaptoethanol (bme)	1	1	MGRA03-11.raw	ftp://ftp.pride.ebi.ac.uk/pride/data/archive/2024/01/PXD019633/MGRA03-11.raw	v1.1.0	NT=ms-proteomics;VV=v1.1.0	NT=clinical-metadata;VV=v1.0.0	manual curation	blood
MGN42-04	homo sapiens	blood	not applicable	rheumatoid arthritis	4	MGN42-04	proteomic profiling by mass spectrometry	NT=Data-dependent acquisition;AC=PRIDE:0000627	NT=label free sample;AC=MS:1002038	NT=q exactive;AC=MS:1001911	NT=Carbamidomethyl;AC=UNIMOD:4;TA=C;MT=Fixed	NT=Oxidation;AC=UNIMOD:35;TA=M;MT=Variable	NT=Deamidated;AC=UNIMOD:7;TA=NQ;MT=Variable	NT=Dimethyl;AC=UNIMOD:36;TA=K;MT=Variable	NT=Trypsin;AC=MS:1001251	NT=collision-induced dissociation;AC=MS:1000133	0.01 Da	sds page	beta-mercaptoethanol (bme)	1	1	MGN42-04.raw	ftp://ftp.pride.ebi.ac.uk/pride/data/archive/2024/01/PXD019633/MGN42-04.raw	v1.1.0	NT=ms-proteomics;VV=v1.1.0	NT=clinical-metadata;VV=v1.0.0	manual curation	blood
MGN43-05	homo sapiens	blood	not applicable	rheumatoid arthritis	5	MGN43-05	proteomic profiling by mass spectrometry	NT=Data-dependent acquisition;AC=PRIDE:0000627	NT=label free sample;AC=MS:1002038	NT=q exactive;AC=MS:1001911	NT=Carbamidomethyl;AC=UNIMOD:4;TA=C;MT=Fixed	NT=Oxidation;AC=UNIMOD:35;TA=M;MT=Variable	NT=Deamidated;AC=UNIMOD:7;TA=NQ;MT=Variable	NT=Dimethyl;AC=UNIMOD:36;TA=K;MT=Variable	NT=Trypsin;AC=MS:1001251	NT=collision-induced dissociation;AC=MS:1000133	0.01 Da	sds page	beta-mercaptoethanol (bme)	1	1	MGN43-05.raw	ftp://ftp.pride.ebi.ac.uk/pride/data/archive/2024/01/PXD019633/MGN43-05.raw	v1.1.0	NT=ms-proteomics;VV=v1.1.0	NT=clinical-metadata;VV=v1.0.0	manual curation	blood
MGRA06-03	homo sapiens	blood	not applicable	rheumatoid arthritis	3	MGRA06-03	proteomic profiling by mass spectrometry	NT=Data-dependent acquisition;AC=PRIDE:0000627	NT=label free sample;AC=MS:1002038	NT=q exactive;AC=MS:1001911	NT=Carbamidomethyl;AC=UNIMOD:4;TA=C;MT=Fixed	NT=Oxidation;AC=UNIMOD:35;TA=M;MT=Variable	NT=Deamidated;AC=UNIMOD:7;TA=NQ;MT=Variable	NT=Dimethyl;AC=UNIMOD:36;TA=K;MT=Variable	NT=Trypsin;AC=MS:1001251	NT=collision-induced dissociation;AC=MS:1000133	0.01 Da	sds page	beta-mercaptoethanol (bme)	1	1	MGRA06-03.raw	ftp://ftp.pride.ebi.ac.uk/pride/data/archive/2024/01/PXD019633/MGRA06-03.raw	v1.1.0	NT=ms-proteomics;VV=v1.1.0	NT=clinical-metadata;VV=v1.0.0	manual curation	blood
MG52-11	homo sapiens	blood	not applicable	rheumatoid arthritis	11	MG52-11	proteomic profiling by mass spectrometry	NT=Data-dependent acquisition;AC=PRIDE:0000627	NT=label free sample;AC=MS:1002038	NT=q exactive;AC=MS:1001911	NT=Carbamidomethyl;AC=UNIMOD:4;TA=C;MT=Fixed	NT=Oxidation;AC=UNIMOD:35;TA=M;MT=Variable	NT=Deamidated;AC=UNIMOD:7;TA=NQ;MT=Variable	NT=Dimethyl;AC=UNIMOD:36;TA=K;MT=Variable	NT=Trypsin;AC=MS:1001251	NT=collision-induced dissociation;AC=MS:1000133	0.01 Da	sds page	beta-mercaptoethanol (bme)	1	1	MG52-11.raw	ftp://ftp.pride.ebi.ac.uk/pride/data/archive/2024/01/PXD019633/MG52-11.raw	v1.1.0	NT=ms-proteomics;VV=v1.1.0	NT=clinical-metadata;VV=v1.0.0	manual curation	blood
MGN42-05	homo sapiens	blood	not applicable	rheumatoid arthritis	5	MGN42-05	proteomic profiling by mass spectrometry	NT=Data-dependent acquisition;AC=PRIDE:0000627	NT=label free sample;AC=MS:1002038	NT=q exactive;AC=MS:1001911	NT=Carbamidomethyl;AC=UNIMOD:4;TA=C;MT=Fixed	NT=Oxidation;AC=UNIMOD:35;TA=M;MT=Variable	NT=Deamidated;AC=UNIMOD:7;TA=NQ;MT=Variable	NT=Dimethyl;AC=UNIMOD:36;TA=K;MT=Variable	NT=Trypsin;AC=MS:1001251	NT=collision-induced dissociation;AC=MS:1000133	0.01 Da	sds page	beta-mercaptoethanol (bme)	1	1	MGN42-05.raw	ftp://ftp.pride.ebi.ac.uk/pride/data/archive/2024/01/PXD019633/MGN42-05.raw	v1.1.0	NT=ms-proteomics;VV=v1.1.0	NT=clinical-metadata;VV=v1.0.0	manual curation	blood
MG61-14	homo sapiens	blood	not applicable	rheumatoid arthritis	14	MG61-14	proteomic profiling by mass spectrometry	NT=Data-dependent acquisition;AC=PRIDE:0000627	NT=label free sample;AC=MS:1002038	NT=q exactive;AC=MS:1001911	NT=Carbamidomethyl;AC=UNIMOD:4;TA=C;MT=Fixed	NT=Oxidation;AC=UNIMOD:35;TA=M;MT=Variable	NT=Deamidated;AC=UNIMOD:7;TA=NQ;MT=Variable	NT=Dimethyl;AC=UNIMOD:36;TA=K;MT=Variable	NT=Trypsin;AC=MS:1001251	NT=collision-induced dissociation;AC=MS:1000133	0.01 Da	sds page	beta-mercaptoethanol (bme)	1	1	MG61-14.raw	ftp://ftp.pride.ebi.ac.uk/pride/data/archive/2024/01/PXD019633/MG61-14.raw	v1.1.0	NT=ms-proteomics;VV=v1.1.0	NT=clinical-metadata;VV=v1.0.0	manual curation	blood
MGN41-12	homo sapiens	blood	not applicable	rheumatoid arthritis	12	MGN41-12	proteomic profiling by mass spectrometry	NT=Data-dependent acquisition;AC=PRIDE:0000627	NT=label free sample;AC=MS:1002038	NT=q exactive;AC=MS:1001911	NT=Carbamidomethyl;AC=UNIMOD:4;TA=C;MT=Fixed	NT=Oxidation;AC=UNIMOD:35;TA=M;MT=Variable	NT=Deamidated;AC=UNIMOD:7;TA=NQ;MT=Variable	NT=Dimethyl;AC=UNIMOD:36;TA=K;MT=Variable	NT=Trypsin;AC=MS:1001251	NT=collision-induced dissociation;AC=MS:1000133	0.01 Da	sds page	beta-mercaptoethanol (bme)	1	1	MGN41-12.raw	ftp://ftp.pride.ebi.ac.uk/pride/data/archive/2024/01/PXD019633/MGN41-12.raw	v1.1.0	NT=ms-proteomics;VV=v1.1.0	NT=clinical-metadata;VV=v1.0.0	manual curation	blood
MGRA03-09	homo sapiens	blood	not applicable	rheumatoid arthritis	9	MGRA03-09	proteomic profiling by mass spectrometry	NT=Data-dependent acquisition;AC=PRIDE:0000627	NT=label free sample;AC=MS:1002038	NT=q exactive;AC=MS:1001911	NT=Carbamidomethyl;AC=UNIMOD:4;TA=C;MT=Fixed	NT=Oxidation;AC=UNIMOD:35;TA=M;MT=Variable	NT=Deamidated;AC=UNIMOD:7;TA=NQ;MT=Variable	NT=Dimethyl;AC=UNIMOD:36;TA=K;MT=Variable	NT=Trypsin;AC=MS:1001251	NT=collision-induced dissociation;AC=MS:1000133	0.01 Da	sds page	beta-mercaptoethanol (bme)	1	1	MGRA03-09.raw	ftp://ftp.pride.ebi.ac.uk/pride/data/archive/2024/01/PXD019633/MGRA03-09.raw	v1.1.0	NT=ms-proteomics;VV=v1.1.0	NT=clinical-metadata;VV=v1.0.0	manual curation	blood
MG51-6	homo sapiens	blood	not applicable	rheumatoid arthritis	6	MG51-6	proteomic profiling by mass spectrometry	NT=Data-dependent acquisition;AC=PRIDE:0000627	NT=label free sample;AC=MS:1002038	NT=q exactive;AC=MS:1001911	NT=Carbamidomethyl;AC=UNIMOD:4;TA=C;MT=Fixed	NT=Oxidation;AC=UNIMOD:35;TA=M;MT=Variable	NT=Deamidated;AC=UNIMOD:7;TA=NQ;MT=Variable	NT=Dimethyl;AC=UNIMOD:36;TA=K;MT=Variable	NT=Trypsin;AC=MS:1001251	NT=collision-induced dissociation;AC=MS:1000133	0.01 Da	sds page	beta-mercaptoethanol (bme)	1	1	MG51-6.raw	ftp://ftp.pride.ebi.ac.uk/pride/data/archive/2024/01/PXD019633/MG51-6.raw	v1.1.0	NT=ms-proteomics;VV=v1.1.0	NT=clinical-metadata;VV=v1.0.0	manual curation	blood
MG59-12	homo sapiens	blood	not applicable	rheumatoid arthritis	12	MG59-12	proteomic profiling by mass spectrometry	NT=Data-dependent acquisition;AC=PRIDE:0000627	NT=label free sample;AC=MS:1002038	NT=q exactive;AC=MS:1001911	NT=Carbamidomethyl;AC=UNIMOD:4;TA=C;MT=Fixed	NT=Oxidation;AC=UNIMOD:35;TA=M;MT=Variable	NT=Deamidated;AC=UNIMOD:7;TA=NQ;MT=Variable	NT=Dimethyl;AC=UNIMOD:36;TA=K;MT=Variable	NT=Trypsin;AC=MS:1001251	NT=collision-induced dissociation;AC=MS:1000133	0.01 Da	sds page	beta-mercaptoethanol (bme)	1	1	MG59-12.raw	ftp://ftp.pride.ebi.ac.uk/pride/data/archive/2024/01/PXD019633/MG59-12.raw	v1.1.0	NT=ms-proteomics;VV=v1.1.0	NT=clinical-metadata;VV=v1.0.0	manual curation	blood
MGRA04-09	homo sapiens	blood	not applicable	rheumatoid arthritis	9	MGRA04-09	proteomic profiling by mass spectrometry	NT=Data-dependent acquisition;AC=PRIDE:0000627	NT=label free sample;AC=MS:1002038	NT=q exactive;AC=MS:1001911	NT=Carbamidomethyl;AC=UNIMOD:4;TA=C;MT=Fixed	NT=Oxidation;AC=UNIMOD:35;TA=M;MT=Variable	NT=Deamidated;AC=UNIMOD:7;TA=NQ;MT=Variable	NT=Dimethyl;AC=UNIMOD:36;TA=K;MT=Variable	NT=Trypsin;AC=MS:1001251	NT=collision-induced dissociation;AC=MS:1000133	0.01 Da	sds page	beta-mercaptoethanol (bme)	1	1	MGRA04-09.raw	ftp://ftp.pride.ebi.ac.uk/pride/data/archive/2024/01/PXD019633/MGRA04-09.raw	v1.1.0	NT=ms-proteomics;VV=v1.1.0	NT=clinical-metadata;VV=v1.0.0	manual curation	blood
MG59-05	homo sapiens	blood	not applicable	rheumatoid arthritis	5	MG59-05	proteomic profiling by mass spectrometry	NT=Data-dependent acquisition;AC=PRIDE:0000627	NT=label free sample;AC=MS:1002038	NT=q exactive;AC=MS:1001911	NT=Carbamidomethyl;AC=UNIMOD:4;TA=C;MT=Fixed	NT=Oxidation;AC=UNIMOD:35;TA=M;MT=Variable	NT=Deamidated;AC=UNIMOD:7;TA=NQ;MT=Variable	NT=Dimethyl;AC=UNIMOD:36;TA=K;MT=Variable	NT=Trypsin;AC=MS:1001251	NT=collision-induced dissociation;AC=MS:1000133	0.01 Da	sds page	beta-mercaptoethanol (bme)	1	1	MG59-05.raw	ftp://ftp.pride.ebi.ac.uk/pride/data/archive/2024/01/PXD019633/MG59-05.raw	v1.1.0	NT=ms-proteomics;VV=v1.1.0	NT=clinical-metadata;VV=v1.0.0	manual curation	blood
MGN43-06	homo sapiens	blood	not applicable	rheumatoid arthritis	6	MGN43-06	proteomic profiling by mass spectrometry	NT=Data-dependent acquisition;AC=PRIDE:0000627	NT=label free sample;AC=MS:1002038	NT=q exactive;AC=MS:1001911	NT=Carbamidomethyl;AC=UNIMOD:4;TA=C;MT=Fixed	NT=Oxidation;AC=UNIMOD:35;TA=M;MT=Variable	NT=Deamidated;AC=UNIMOD:7;TA=NQ;MT=Variable	NT=Dimethyl;AC=UNIMOD:36;TA=K;MT=Variable	NT=Trypsin;AC=MS:1001251	NT=collision-induced dissociation;AC=MS:1000133	0.01 Da	sds page	beta-mercaptoethanol (bme)	1	1	MGN43-06.raw	ftp://ftp.pride.ebi.ac.uk/pride/data/archive/2024/01/PXD019633/MGN43-06.raw	v1.1.0	NT=ms-proteomics;VV=v1.1.0	NT=clinical-metadata;VV=v1.0.0	manual curation	blood
MGRA05-01	homo sapiens	blood	not applicable	rheumatoid arthritis	1	MGRA05-01	proteomic profiling by mass spectrometry	NT=Data-dependent acquisition;AC=PRIDE:0000627	NT=label free sample;AC=MS:1002038	NT=q exactive;AC=MS:1001911	NT=Carbamidomethyl;AC=UNIMOD:4;TA=C;MT=Fixed	NT=Oxidation;AC=UNIMOD:35;TA=M;MT=Variable	NT=Deamidated;AC=UNIMOD:7;TA=NQ;MT=Variable	NT=Dimethyl;AC=UNIMOD:36;TA=K;MT=Variable	NT=Trypsin;AC=MS:1001251	NT=collision-induced dissociation;AC=MS:1000133	0.01 Da	sds page	beta-mercaptoethanol (bme)	1	1	MGRA05-01.raw	ftp://ftp.pride.ebi.ac.uk/pride/data/archive/2024/01/PXD019633/MGRA05-01.raw	v1.1.0	NT=ms-proteomics;VV=v1.1.0	NT=clinical-metadata;VV=v1.0.0	manual curation	blood
MGN35-08	homo sapiens	blood	not applicable	rheumatoid arthritis	8	MGN35-08	proteomic profiling by mass spectrometry	NT=Data-dependent acquisition;AC=PRIDE:0000627	NT=label free sample;AC=MS:1002038	NT=q exactive;AC=MS:1001911	NT=Carbamidomethyl;AC=UNIMOD:4;TA=C;MT=Fixed	NT=Oxidation;AC=UNIMOD:35;TA=M;MT=Variable	NT=Deamidated;AC=UNIMOD:7;TA=NQ;MT=Variable	NT=Dimethyl;AC=UNIMOD:36;TA=K;MT=Variable	NT=Trypsin;AC=MS:1001251	NT=collision-induced dissociation;AC=MS:1000133	0.01 Da	sds page	beta-mercaptoethanol (bme)	1	1	MGN35-08.raw	ftp://ftp.pride.ebi.ac.uk/pride/data/archive/2024/01/PXD019633/MGN35-08.raw	v1.1.0	NT=ms-proteomics;VV=v1.1.0	NT=clinical-metadata;VV=v1.0.0	manual curation	blood
MG51-3	homo sapiens	blood	not applicable	rheumatoid arthritis	3	MG51-3	proteomic profiling by mass spectrometry	NT=Data-dependent acquisition;AC=PRIDE:0000627	NT=label free sample;AC=MS:1002038	NT=q exactive;AC=MS:1001911	NT=Carbamidomethyl;AC=UNIMOD:4;TA=C;MT=Fixed	NT=Oxidation;AC=UNIMOD:35;TA=M;MT=Variable	NT=Deamidated;AC=UNIMOD:7;TA=NQ;MT=Variable	NT=Dimethyl;AC=UNIMOD:36;TA=K;MT=Variable	NT=Trypsin;AC=MS:1001251	NT=collision-induced dissociation;AC=MS:1000133	0.01 Da	sds page	beta-mercaptoethanol (bme)	1	1	MG51-3.raw	ftp://ftp.pride.ebi.ac.uk/pride/data/archive/2024/01/PXD019633/MG51-3.raw	v1.1.0	NT=ms-proteomics;VV=v1.1.0	NT=clinical-metadata;VV=v1.0.0	manual curation	blood
MG60-02	homo sapiens	blood	not applicable	rheumatoid arthritis	2	MG60-02	proteomic profiling by mass spectrometry	NT=Data-dependent acquisition;AC=PRIDE:0000627	NT=label free sample;AC=MS:1002038	NT=q exactive;AC=MS:1001911	NT=Carbamidomethyl;AC=UNIMOD:4;TA=C;MT=Fixed	NT=Oxidation;AC=UNIMOD:35;TA=M;MT=Variable	NT=Deamidated;AC=UNIMOD:7;TA=NQ;MT=Variable	NT=Dimethyl;AC=UNIMOD:36;TA=K;MT=Variable	NT=Trypsin;AC=MS:1001251	NT=collision-induced dissociation;AC=MS:1000133	0.01 Da	sds page	beta-mercaptoethanol (bme)	1	1	MG60-02.raw	ftp://ftp.pride.ebi.ac.uk/pride/data/archive/2024/01/PXD019633/MG60-02.raw	v1.1.0	NT=ms-proteomics;VV=v1.1.0	NT=clinical-metadata;VV=v1.0.0	manual curation	blood
MGN17-3	homo sapiens	blood	not applicable	rheumatoid arthritis	3	MGN17-3	proteomic profiling by mass spectrometry	NT=Data-dependent acquisition;AC=PRIDE:0000627	NT=label free sample;AC=MS:1002038	NT=q exactive;AC=MS:1001911	NT=Carbamidomethyl;AC=UNIMOD:4;TA=C;MT=Fixed	NT=Oxidation;AC=UNIMOD:35;TA=M;MT=Variable	NT=Deamidated;AC=UNIMOD:7;TA=NQ;MT=Variable	NT=Dimethyl;AC=UNIMOD:36;TA=K;MT=Variable	NT=Trypsin;AC=MS:1001251	NT=collision-induced dissociation;AC=MS:1000133	0.01 Da	sds page	beta-mercaptoethanol (bme)	1	1	MGN17-3.raw	ftp://ftp.pride.ebi.ac.uk/pride/data/archive/2024/01/PXD019633/MGN17-3.raw	v1.1.0	NT=ms-proteomics;VV=v1.1.0	NT=clinical-metadata;VV=v1.0.0	manual curation	blood
MGRA06-07	homo sapiens	blood	not applicable	rheumatoid arthritis	7	MGRA06-07	proteomic profiling by mass spectrometry	NT=Data-dependent acquisition;AC=PRIDE:0000627	NT=label free sample;AC=MS:1002038	NT=q exactive;AC=MS:1001911	NT=Carbamidomethyl;AC=UNIMOD:4;TA=C;MT=Fixed	NT=Oxidation;AC=UNIMOD:35;TA=M;MT=Variable	NT=Deamidated;AC=UNIMOD:7;TA=NQ;MT=Variable	NT=Dimethyl;AC=UNIMOD:36;TA=K;MT=Variable	NT=Trypsin;AC=MS:1001251	NT=collision-induced dissociation;AC=MS:1000133	0.01 Da	sds page	beta-mercaptoethanol (bme)	1	1	MGRA06-07.raw	ftp://ftp.pride.ebi.ac.uk/pride/data/archive/2024/01/PXD019633/MGRA06-07.raw	v1.1.0	NT=ms-proteomics;VV=v1.1.0	NT=clinical-metadata;VV=v1.0.0	manual curation	blood
MGRA03-08	homo sapiens	blood	not applicable	rheumatoid arthritis	8	MGRA03-08	proteomic profiling by mass spectrometry	NT=Data-dependent acquisition;AC=PRIDE:0000627	NT=label free sample;AC=MS:1002038	NT=q exactive;AC=MS:1001911	NT=Carbamidomethyl;AC=UNIMOD:4;TA=C;MT=Fixed	NT=Oxidation;AC=UNIMOD:35;TA=M;MT=Variable	NT=Deamidated;AC=UNIMOD:7;TA=NQ;MT=Variable	NT=Dimethyl;AC=UNIMOD:36;TA=K;MT=Variable	NT=Trypsin;AC=MS:1001251	NT=collision-induced dissociation;AC=MS:1000133	0.01 Da	sds page	beta-mercaptoethanol (bme)	1	1	MGRA03-08.raw	ftp://ftp.pride.ebi.ac.uk/pride/data/archive/2024/01/PXD019633/MGRA03-08.raw	v1.1.0	NT=ms-proteomics;VV=v1.1.0	NT=clinical-metadata;VV=v1.0.0	manual curation	blood
MGRA03-01	homo sapiens	blood	not applicable	rheumatoid arthritis	1	MGRA03-01	proteomic profiling by mass spectrometry	NT=Data-dependent acquisition;AC=PRIDE:0000627	NT=label free sample;AC=MS:1002038	NT=q exactive;AC=MS:1001911	NT=Carbamidomethyl;AC=UNIMOD:4;TA=C;MT=Fixed	NT=Oxidation;AC=UNIMOD:35;TA=M;MT=Variable	NT=Deamidated;AC=UNIMOD:7;TA=NQ;MT=Variable	NT=Dimethyl;AC=UNIMOD:36;TA=K;MT=Variable	NT=Trypsin;AC=MS:1001251	NT=collision-induced dissociation;AC=MS:1000133	0.01 Da	sds page	beta-mercaptoethanol (bme)	1	1	MGRA03-01.raw	ftp://ftp.pride.ebi.ac.uk/pride/data/archive/2024/01/PXD019633/MGRA03-01.raw	v1.1.0	NT=ms-proteomics;VV=v1.1.0	NT=clinical-metadata;VV=v1.0.0	manual curation	blood
MGN43-13	homo sapiens	blood	not applicable	rheumatoid arthritis	13	MGN43-13	proteomic profiling by mass spectrometry	NT=Data-dependent acquisition;AC=PRIDE:0000627	NT=label free sample;AC=MS:1002038	NT=q exactive;AC=MS:1001911	NT=Carbamidomethyl;AC=UNIMOD:4;TA=C;MT=Fixed	NT=Oxidation;AC=UNIMOD:35;TA=M;MT=Variable	NT=Deamidated;AC=UNIMOD:7;TA=NQ;MT=Variable	NT=Dimethyl;AC=UNIMOD:36;TA=K;MT=Variable	NT=Trypsin;AC=MS:1001251	NT=collision-induced dissociation;AC=MS:1000133	0.01 Da	sds page	beta-mercaptoethanol (bme)	1	1	MGN43-13.raw	ftp://ftp.pride.ebi.ac.uk/pride/data/archive/2024/01/PXD019633/MGN43-13.raw	v1.1.0	NT=ms-proteomics;VV=v1.1.0	NT=clinical-metadata;VV=v1.0.0	manual curation	blood
MGRA02-06	homo sapiens	blood	not applicable	rheumatoid arthritis	6	MGRA02-06	proteomic profiling by mass spectrometry	NT=Data-dependent acquisition;AC=PRIDE:0000627	NT=label free sample;AC=MS:1002038	NT=q exactive;AC=MS:1001911	NT=Carbamidomethyl;AC=UNIMOD:4;TA=C;MT=Fixed	NT=Oxidation;AC=UNIMOD:35;TA=M;MT=Variable	NT=Deamidated;AC=UNIMOD:7;TA=NQ;MT=Variable	NT=Dimethyl;AC=UNIMOD:36;TA=K;MT=Variable	NT=Trypsin;AC=MS:1001251	NT=collision-induced dissociation;AC=MS:1000133	0.01 Da	sds page	beta-mercaptoethanol (bme)	1	1	MGRA02-06.raw	ftp://ftp.pride.ebi.ac.uk/pride/data/archive/2024/01/PXD019633/MGRA02-06.raw	v1.1.0	NT=ms-proteomics;VV=v1.1.0	NT=clinical-metadata;VV=v1.0.0	manual curation	blood
MGRA03-04	homo sapiens	blood	not applicable	rheumatoid arthritis	4	MGRA03-04	proteomic profiling by mass spectrometry	NT=Data-dependent acquisition;AC=PRIDE:0000627	NT=label free sample;AC=MS:1002038	NT=q exactive;AC=MS:1001911	NT=Carbamidomethyl;AC=UNIMOD:4;TA=C;MT=Fixed	NT=Oxidation;AC=UNIMOD:35;TA=M;MT=Variable	NT=Deamidated;AC=UNIMOD:7;TA=NQ;MT=Variable	NT=Dimethyl;AC=UNIMOD:36;TA=K;MT=Variable	NT=Trypsin;AC=MS:1001251	NT=collision-induced dissociation;AC=MS:1000133	0.01 Da	sds page	beta-mercaptoethanol (bme)	1	1	MGRA03-04.raw	ftp://ftp.pride.ebi.ac.uk/pride/data/archive/2024/01/PXD019633/MGRA03-04.raw	v1.1.0	NT=ms-proteomics;VV=v1.1.0	NT=clinical-metadata;VV=v1.0.0	manual curation	blood
MG52-09	homo sapiens	blood	not applicable	rheumatoid arthritis	9	MG52-09	proteomic profiling by mass spectrometry	NT=Data-dependent acquisition;AC=PRIDE:0000627	NT=label free sample;AC=MS:1002038	NT=q exactive;AC=MS:1001911	NT=Carbamidomethyl;AC=UNIMOD:4;TA=C;MT=Fixed	NT=Oxidation;AC=UNIMOD:35;TA=M;MT=Variable	NT=Deamidated;AC=UNIMOD:7;TA=NQ;MT=Variable	NT=Dimethyl;AC=UNIMOD:36;TA=K;MT=Variable	NT=Trypsin;AC=MS:1001251	NT=collision-induced dissociation;AC=MS:1000133	0.01 Da	sds page	beta-mercaptoethanol (bme)	1	1	MG52-09.raw	ftp://ftp.pride.ebi.ac.uk/pride/data/archive/2024/01/PXD019633/MG52-09.raw	v1.1.0	NT=ms-proteomics;VV=v1.1.0	NT=clinical-metadata;VV=v1.0.0	manual curation	blood
MG60-12	homo sapiens	blood	not applicable	rheumatoid arthritis	12	MG60-12	proteomic profiling by mass spectrometry	NT=Data-dependent acquisition;AC=PRIDE:0000627	NT=label free sample;AC=MS:1002038	NT=q exactive;AC=MS:1001911	NT=Carbamidomethyl;AC=UNIMOD:4;TA=C;MT=Fixed	NT=Oxidation;AC=UNIMOD:35;TA=M;MT=Variable	NT=Deamidated;AC=UNIMOD:7;TA=NQ;MT=Variable	NT=Dimethyl;AC=UNIMOD:36;TA=K;MT=Variable	NT=Trypsin;AC=MS:1001251	NT=collision-induced dissociation;AC=MS:1000133	0.01 Da	sds page	beta-mercaptoethanol (bme)	1	1	MG60-12.raw	ftp://ftp.pride.ebi.ac.uk/pride/data/archive/2024/01/PXD019633/MG60-12.raw	v1.1.0	NT=ms-proteomics;VV=v1.1.0	NT=clinical-metadata;VV=v1.0.0	manual curation	blood
MGN35-01	homo sapiens	blood	not applicable	rheumatoid arthritis	1	MGN35-01	proteomic profiling by mass spectrometry	NT=Data-dependent acquisition;AC=PRIDE:0000627	NT=label free sample;AC=MS:1002038	NT=q exactive;AC=MS:1001911	NT=Carbamidomethyl;AC=UNIMOD:4;TA=C;MT=Fixed	NT=Oxidation;AC=UNIMOD:35;TA=M;MT=Variable	NT=Deamidated;AC=UNIMOD:7;TA=NQ;MT=Variable	NT=Dimethyl;AC=UNIMOD:36;TA=K;MT=Variable	NT=Trypsin;AC=MS:1001251	NT=collision-induced dissociation;AC=MS:1000133	0.01 Da	sds page	beta-mercaptoethanol (bme)	1	1	MGN35-01.raw	ftp://ftp.pride.ebi.ac.uk/pride/data/archive/2024/01/PXD019633/MGN35-01.raw	v1.1.0	NT=ms-proteomics;VV=v1.1.0	NT=clinical-metadata;VV=v1.0.0	manual curation	blood
MGRA06-10	homo sapiens	blood	not applicable	rheumatoid arthritis	10	MGRA06-10	proteomic profiling by mass spectrometry	NT=Data-dependent acquisition;AC=PRIDE:0000627	NT=label free sample;AC=MS:1002038	NT=q exactive;AC=MS:1001911	NT=Carbamidomethyl;AC=UNIMOD:4;TA=C;MT=Fixed	NT=Oxidation;AC=UNIMOD:35;TA=M;MT=Variable	NT=Deamidated;AC=UNIMOD:7;TA=NQ;MT=Variable	NT=Dimethyl;AC=UNIMOD:36;TA=K;MT=Variable	NT=Trypsin;AC=MS:1001251	NT=collision-induced dissociation;AC=MS:1000133	0.01 Da	sds page	beta-mercaptoethanol (bme)	1	1	MGRA06-10.raw	ftp://ftp.pride.ebi.ac.uk/pride/data/archive/2024/01/PXD019633/MGRA06-10.raw	v1.1.0	NT=ms-proteomics;VV=v1.1.0	NT=clinical-metadata;VV=v1.0.0	manual curation	blood
MGRA03-13	homo sapiens	blood	not applicable	rheumatoid arthritis	13	MGRA03-13	proteomic profiling by mass spectrometry	NT=Data-dependent acquisition;AC=PRIDE:0000627	NT=label free sample;AC=MS:1002038	NT=q exactive;AC=MS:1001911	NT=Carbamidomethyl;AC=UNIMOD:4;TA=C;MT=Fixed	NT=Oxidation;AC=UNIMOD:35;TA=M;MT=Variable	NT=Deamidated;AC=UNIMOD:7;TA=NQ;MT=Variable	NT=Dimethyl;AC=UNIMOD:36;TA=K;MT=Variable	NT=Trypsin;AC=MS:1001251	NT=collision-induced dissociation;AC=MS:1000133	0.01 Da	sds page	beta-mercaptoethanol (bme)	1	1	MGRA03-13.raw	ftp://ftp.pride.ebi.ac.uk/pride/data/archive/2024/01/PXD019633/MGRA03-13.raw	v1.1.0	NT=ms-proteomics;VV=v1.1.0	NT=clinical-metadata;VV=v1.0.0	manual curation	blood
MG59-04	homo sapiens	blood	not applicable	rheumatoid arthritis	4	MG59-04	proteomic profiling by mass spectrometry	NT=Data-dependent acquisition;AC=PRIDE:0000627	NT=label free sample;AC=MS:1002038	NT=q exactive;AC=MS:1001911	NT=Carbamidomethyl;AC=UNIMOD:4;TA=C;MT=Fixed	NT=Oxidation;AC=UNIMOD:35;TA=M;MT=Variable	NT=Deamidated;AC=UNIMOD:7;TA=NQ;MT=Variable	NT=Dimethyl;AC=UNIMOD:36;TA=K;MT=Variable	NT=Trypsin;AC=MS:1001251	NT=collision-induced dissociation;AC=MS:1000133	0.01 Da	sds page	beta-mercaptoethanol (bme)	1	1	MG59-04.raw	ftp://ftp.pride.ebi.ac.uk/pride/data/archive/2024/01/PXD019633/MG59-04.raw	v1.1.0	NT=ms-proteomics;VV=v1.1.0	NT=clinical-metadata;VV=v1.0.0	manual curation	blood
MGRA01-07	homo sapiens	blood	not applicable	rheumatoid arthritis	7	MGRA01-07	proteomic profiling by mass spectrometry	NT=Data-dependent acquisition;AC=PRIDE:0000627	NT=label free sample;AC=MS:1002038	NT=q exactive;AC=MS:1001911	NT=Carbamidomethyl;AC=UNIMOD:4;TA=C;MT=Fixed	NT=Oxidation;AC=UNIMOD:35;TA=M;MT=Variable	NT=Deamidated;AC=UNIMOD:7;TA=NQ;MT=Variable	NT=Dimethyl;AC=UNIMOD:36;TA=K;MT=Variable	NT=Trypsin;AC=MS:1001251	NT=collision-induced dissociation;AC=MS:1000133	0.01 Da	sds page	beta-mercaptoethanol (bme)	1	1	MGRA01-07.raw	ftp://ftp.pride.ebi.ac.uk/pride/data/archive/2024/01/PXD019633/MGRA01-07.raw	v1.1.0	NT=ms-proteomics;VV=v1.1.0	NT=clinical-metadata;VV=v1.0.0	manual curation	blood
MGN42-06	homo sapiens	blood	not applicable	rheumatoid arthritis	6	MGN42-06	proteomic profiling by mass spectrometry	NT=Data-dependent acquisition;AC=PRIDE:0000627	NT=label free sample;AC=MS:1002038	NT=q exactive;AC=MS:1001911	NT=Carbamidomethyl;AC=UNIMOD:4;TA=C;MT=Fixed	NT=Oxidation;AC=UNIMOD:35;TA=M;MT=Variable	NT=Deamidated;AC=UNIMOD:7;TA=NQ;MT=Variable	NT=Dimethyl;AC=UNIMOD:36;TA=K;MT=Variable	NT=Trypsin;AC=MS:1001251	NT=collision-induced dissociation;AC=MS:1000133	0.01 Da	sds page	beta-mercaptoethanol (bme)	1	1	MGN42-06.raw	ftp://ftp.pride.ebi.ac.uk/pride/data/archive/2024/01/PXD019633/MGN42-06.raw	v1.1.0	NT=ms-proteomics;VV=v1.1.0	NT=clinical-metadata;VV=v1.0.0	manual curation	blood
MG51-8	homo sapiens	blood	not applicable	rheumatoid arthritis	8	MG51-8	proteomic profiling by mass spectrometry	NT=Data-dependent acquisition;AC=PRIDE:0000627	NT=label free sample;AC=MS:1002038	NT=q exactive;AC=MS:1001911	NT=Carbamidomethyl;AC=UNIMOD:4;TA=C;MT=Fixed	NT=Oxidation;AC=UNIMOD:35;TA=M;MT=Variable	NT=Deamidated;AC=UNIMOD:7;TA=NQ;MT=Variable	NT=Dimethyl;AC=UNIMOD:36;TA=K;MT=Variable	NT=Trypsin;AC=MS:1001251	NT=collision-induced dissociation;AC=MS:1000133	0.01 Da	sds page	beta-mercaptoethanol (bme)	1	1	MG51-8.raw	ftp://ftp.pride.ebi.ac.uk/pride/data/archive/2024/01/PXD019633/MG51-8.raw	v1.1.0	NT=ms-proteomics;VV=v1.1.0	NT=clinical-metadata;VV=v1.0.0	manual curation	blood
